Accuracy,Balanced Accuracy,AUROC,AUPRC,MCC,Precision,Sensitivity,Specificity,F1,Model,Run,Seed
0.80351538,0.803505612,0.877104165,0.877852227,0.607091613,0.80791321,0.795725959,0.811285266,0.801773274,RF_ECFP,1,42
0.81136221,0.81134812,0.877540988,0.879618161,0.622863782,0.818123393,0.800125707,0.822570533,0.809024468,RF_ECFP,2,43
0.807595731,0.807581636,0.879134788,0.879245952,0.615328786,0.814267352,0.796354494,0.818808777,0.805211312,RF_ECFP,3,44
0.787507847,0.787483474,0.862856901,0.868148377,0.57541666,0.79869281,0.768070396,0.806896552,0.783082345,RF_ESTATE,1,42
0.784369115,0.784347889,0.862740651,0.868026433,0.56903459,0.793888166,0.76744186,0.801253918,0.780441035,RF_ESTATE,2,43
0.785624608,0.785599444,0.863001523,0.868680313,0.571674533,0.797120419,0.765556254,0.805642633,0.781019558,RF_ESTATE,3,44
0.785624608,0.785578164,0.863195601,0.866034998,0.572756207,0.808005427,0.748585795,0.822570533,0.777161501,RF_MACCS,1,42
0.784682988,0.784643242,0.862923301,0.866484999,0.570456632,0.803487592,0.752985544,0.81630094,0.777417262,RF_MACCS,2,43
0.787507847,0.787461406,0.862864191,0.864878081,0.576533242,0.810040706,0.750471402,0.824451411,0.779119086,RF_MACCS,3,44
0.710295041,0.710290249,0.77868378,0.778340626,0.420594173,0.711392405,0.706473916,0.714106583,0.708924629,RF_PHYCHEM,1,42
0.714689266,0.714679752,0.779076664,0.779595985,0.42941205,0.71747449,0.707102451,0.722257053,0.712250712,RF_PHYCHEM,2,43
0.7131199,0.713112354,0.781165411,0.78104691,0.426257968,0.715193897,0.707102451,0.719122257,0.711125158,RF_PHYCHEM,3,44
0.803829253,0.803800177,0.876448439,0.874673623,0.608274405,0.818181818,0.780641106,0.826959248,0.79897073,RF_RDKIT,1,42
0.800690521,0.800673262,0.875156691,0.873639927,0.601586126,0.80878553,0.786926461,0.814420063,0.797706276,RF_RDKIT,2,43
0.801004394,0.80098753,0.875115708,0.873769461,0.602204343,0.808908974,0.787554997,0.814420063,0.798089172,RF_RDKIT,3,44
