,canonical_smiles
10785,NC(=O)c1ccsc1NC(=O)COC(=O)c1ccccc1NCc1ccco1
14280,Cc1ccc(S(=O)(=O)N2CCC(C(=O)NCC3CCCCC3)CC2)c(C)c1
13821,CNC(=O)c1cc(C(=O)NC2CC2)cn(Cc2cccc3[nH]c(C)nc23)c1=O
4027,O=C1Nc2ccccc2/C1=C/c1ccnc2ccccc12
9636,CN1CCN(C(=O)c2ccccc2-c2ccccc2C(=O)O)CC1
6229,COc1cccc(N(C(=O)c2ccco2)C(C(=O)NC2CCCC2)c2cccnc2)c1
7917,COc1ccccc1N(C(=O)c1ccco1)C(C(=O)NC1CCCC1)c1cccnc1
6646,COc1ccc2cc(CN(CCc3ccccc3)Cc3nnnn3Cc3ccco3)c(=O)[nH]c2c1
2370,COc1ccc(/C=C2/SC(=O)N(CCC(=O)Nc3ccc(S(=O)(=O)Nc4nccs4)cc3)C2=O)cc1
9568,Cc1cnc(NC(=O)CSc2nnc(-c3ccncc3)n2C2CCCCC2)s1
5758,COC(=O)c1c(-c2ccc(OC)cc2)sc2ccc(N3CCOCC3)cc12
3031,O=C(Nc1cccc2[nH]ncc12)c1ccc(F)cc1
13008,O=C(Nc1cccc(Nc2ccc3c(c2)CCc2ccccc2C3=O)c1)c1cccc(C(F)(F)F)c1
13300,Cc1cccc(C(=O)Nc2cccc(Nc3ccc4c(c3)CCc3ccccc3C4=O)c2)c1
13349,O=C(Nc1cccc(Nc2ccc3c(c2)CCc2ccccc2C3=O)c1)c1cccc(F)c1
13877,O=C(Nc1cccc(Nc2ccc3c(c2)CCc2ccccc2C3=O)c1)c1ccc(F)cc1
13903,O=C(Nc1cccc(Nc2ccc3c(c2)CCc2ccccc2C3=O)c1)c1ccccc1
13913,Cc1ccc(NC(=O)c2ccccc2)cc1Nc1ccc2c(c1)CCc1ccccc1C2=O
14113,O=C(Nc1ccc(F)c(Nc2ccc3c(c2)CCc2ccccc2C3=O)c1)c1ccccc1
14126,COc1cccc(C(=O)Nc2cccc(Nc3ccc4c(c3)CCc3ccccc3C4=O)c2)c1
14180,Cc1ccc(Nc2ccc3c(c2)CCc2ccccc2C3=O)cc1NC(=O)c1ccccc1
14312,O=C(Nc1cc(Nc2ccc3c(c2)CCc2ccccc2C3=O)ccc1F)c1ccccc1
6024,COCC(=O)N(Cc1nc2ccccc2c(=O)[nH]1)Cc1cccs1
4437,O=C(NC(=S)NNC(=O)c1cccs1)c1ccc(Br)o1
4474,O=C(NC(=S)NNC(=O)c1cccs1)c1ccco1
2746,COc1ccc(Nc2nc(Nc3ccc(OC)cc3)nc(-n3[nH]c(=O)c(C)c3C)n2)cc1
13841,CCNNC(=O)c1ccc(CN2c3ccccc3C=Cc3nc(C)nc(C)c32)cc1
1814,CC1CC1c1ccc(/C=C(\C#N)C(=O)Nc2ccc(Cl)cc2)o1
12947,COc1ccccc1-c1cc(C(F)(F)F)nc(N2CCCC2)n1
12910,OC(COc1ccccc1)Cn1cc(Br)cn1
4539,COc1ccc(-c2cc(C(F)(F)F)c3c(n2)sc2c(O)cc(=O)[nH]c23)c(OC)c1
2635,COc1cc2c(cc1OC)-c1cc(Nc3ccc(C(=O)O)cc3)nc(=O)n1CC2
831,N#C[C@@H]1[C@@H](c2ccccc2-c2ccccc2)[C@@H](CO)N1C(=O)NC1CCCC1
2073,N#C[C@H]1[C@@H](c2ccccc2-c2ccccc2)[C@@H](CO)N1C(=O)NC1CCCC1
12124,COc1ccccc1-n1nc(C(=O)NCc2ccco2)c2ccccc2c1=O
12685,Cc1cc(C)nc(N(C#N)CC(=O)N2CCC(C(N)=O)CC2)n1
2280,O=C(OC1CCCCC1)c1ccc2c(c1)C1C=CCC1C(C(=O)O)N2
7582,CCC(C)(C)n1nnnc1C(c1cccs1)N1CCN(c2nc3ccccc3s2)CC1
5939,CCCCCn1c(N2CCC(C(N)=O)CC2)nc2c1c(=O)[nH]c(=O)n2C
7109,CCCCCCn1c(N2CCC(C(N)=O)CC2)nc2c1c(=O)[nH]c(=O)n2C
476,COC(=O)c1ccc(CSc2nnc3c(Cl)cc(Cl)cn23)o1
11292,O=C(O)CC(NCc1ccco1)C(=O)OCCc1ccccc1
3376,CCOC(=O)c1ccc(N=Nc2c(C)c(C#N)c(O)[nH]c2=O)cc1
9619,Cc1sc(NC(=O)CSc2nnc(COc3ccccc3)n2C)c(C#N)c1C
352,CN(N)c1nc(-c2ccccc2)nnc1C(F)(F)F
7962,CCc1nccn1S(=O)(=O)c1ccc2ccc(C)cc2c1
2337,Cc1cc(C)c2c(=O)c(/C=C3\NC(=S)NC3=O)coc2c1
7489,O=C1c2ccccc2CC1Sc1nnc(-c2ccncc2)o1
14968,COc1c(Cc2ccc(O)cc2)c(O)c(Cc2ccc(O)cc2)c(CCc2cc(O)ccc2Cc2ccc(O)cc2)c1Cc1ccc(O)cc1
303,CCOC(=O)c1c(C)nn(S(=O)(=O)c2ccc(C)cc2)c1NCc1ccccc1
1452,COC(=O)c1ccc(S(=O)(=O)NCc2cccc(OC)c2)n1C
3372,COc1ccc(C(=O)c2cc([N+](=O)[O-])ccc2N2CCOCC2)cc1
6433,CCC(C)N(CC(=O)NCc1ccc(OC)cc1)C(=O)c1csnn1
14236,CNC(=O)c1sc(-c2ccnc(NC(=O)C3CC3)c2)nc1OC1CCN(Cc2ccccc2)CC1
7522,CC(C)CCNC(=O)C(c1ccco1)N(C(=O)Cn1nnc2ccccc21)c1ccc2c(c1)OCO2
556,O=C(N/N=C/c1cccc(O)c1)c1ccc2c(c1)OCCO2
681,CC=Cc1cc2c(c(=O)o1)C(=O)C(O)C(C)O2
7015,CCOC(=O)c1ccccc1NC(=O)CSc1nnnn1C1CCCCC1
11069,CCOC(=O)C1=CSC2=NS(=O)(=O)CCN12
3324,O=C(Nc1nc2ccc(F)cc2s1)C1CCN(S(=O)(=O)c2cc([N+](=O)[O-])ccc2Cl)CC1
6592,COc1ccc(C2(O)CC3CCC(C2)N3c2nc(C)cc(C)c2C#N)cc1
5982,CCOc1ccccc1NC(=O)N1CCC(NC(=O)c2ccccc2C)CC1
9575,Cc1cccc(NC(=O)N2CCC(NC(=O)c3ccccc3C)CC2)c1
4554,O=C1C(=Cc2cccs2)C(=O)c2ccccc21
1376,COc1ccccc1NC(=O)CSc1nnc(-c2ccc(NC(C)=O)cc2)n1C
6788,CCOc1ccc(NC(=O)CSc2nnc(-c3ccccc3)n2N)cc1
7663,COc1ccc(NC(=O)CSc2nnc(-c3ccccc3)n2N)cc1
8632,COc1ccc(-c2nnc(SCC(=O)Nc3ccc(Cl)cc3)n2C)cc1
12129,Cc1ccc(C)c(NC(=O)CSc2nnc(-c3ccccc3)n2N)c1
12489,COc1ccccc1-c1nnc(SCC(=O)Nc2ccc(S(N)(=O)=O)cc2)n1C
11523,c1cc(Nc2ncnc3[nH]ccc23)c2c(c1)OCO2
1343,CCCNc1ncnc2sc(C)c(C)c12
8313,CCc1cc2c(NCCC(=O)O)ncnc2s1
9004,CCc1cc2c(NCCO)ncnc2s1
6188,O=C(NCc1ccccn1)c1cc2ccccc2oc1=O
4655,COc1ccc(-c2[nH]c(-c3ccccc3)nc2SCC(=O)NC2CCCC2)cc1
9337,O=C1CC(C(=O)N(CC2CCCO2)C(C(=O)NC2CCCCC2)c2ccncc2)CS1
9184,O=C(CC(C(=O)O)C1CCCO1)NCCc1ccc2c(c1)OCO2
9338,Cc1nn(C)c(C)c1NC(=O)CN1CCC(O)(c2ccc3c(c2)OCO3)CC1
2548,COc1ccc2nc3cccc(OC)c3nc2c1
2600,Nc1cc2nc3ccccc3nc2cc1N
5005,Cc1cc2nc3ccc(N(C)C)cc3nc2cc1N
2740,Cc1nc2sc3c(NCc4ccco4)ncnc3c2c2c1COC(C)(C)C2
2765,CC(C)c1nc2sc3c(NCc4ccco4)ncnc3c2c2c1COC(C)(C)C2
1462,O=C(c1ccc(COCC(F)(F)F)o1)N1CCCCCC1
15052,COc1cc2c(cc1OC)[C@@H]1C(=O)c3ccc4c(c3O[C@@H]1CO2)C=CC(C)(C)O4
9591,Cc1cccc2[nH]c(-c3ccc(NC(=O)c4ccco4)cc3)nc12
7323,COC(=O)c1sc2nc3c(cc2c1N)C(=O)CC(C)(C)C3
2925,COc1ccc(-c2cc(C(F)(F)F)nc(S(C)(=O)=O)n2)cc1
3505,Cc1ccc(-c2cc(C(F)F)nc(S(C)(=O)=O)n2)cc1
4230,COc1ccccc1-c1cc(C(F)(F)F)nc(S(=O)(=O)CCCC(=O)NC(C)C)n1
12956,CCOc1cc(-c2ccccc2)nc(N)n1
593,CCc1ccc(C(=O)COC(=O)CNC(=O)C2CCCCC2)cc1
5358,COc1ccc(OC)c(C(=O)COC(=O)CNC(=O)C2CCCCC2)c1
4768,O=C(NN1C(=O)C2C(c3ccccc3)C=CC(c3ccccc3)C2C1=O)c1ccncc1
11329,CCC[C@@H](CN1CCC[C@H]1CN1C(N)=NC[C@H]1CC(C)C)N1C[C@@H](Cc2ccccc2)N(CCc2ccc(Cl)c(Cl)c2)C1=N
6490,COc1cc(NC(=O)c2ccco2)c(OC)cc1NC(=O)Nc1ccc(Cl)cc1
9064,COc1cc(NC(=O)c2ccco2)c(OC)cc1NC(=O)Nc1cccc(Cl)c1
11957,O=C(Nc1ccc(C2=NCCN2)cc1)c1ccc(C(=O)Nc2ccc(C3=NCCN3)cc2)c([N+](=O)[O-])c1
12215,O=C(Nc1ccc(C2=NCCN2)cc1)c1ccc(C(=O)Nc2ccc(C3=NCCN3)cc2)c(Cl)c1
3561,CCOC(=O)C(=Cc1ccc(-n2cncn2)cc1)C(=O)OCC
2823,Cc1ccc(C(=O)c2cncc(Br)c2)cc1
12705,O=S(=O)(c1cc(Cl)cc(Cl)c1)N1CCCC1c1nc2ccccc2s1
15110,COc1cccc(CCc2cc(O)c(Cc3ccc(O)cc3)c(OC)c2)c1
3150,Cc1cccc(C2(c3cccc(C)c3)CC2C(=O)Nc2ccc([N+](=O)[O-])cc2O)c1
2549,O=C(/C=C/c1ccco1)Nc1nc(-c2ccccn2)cs1
2309,O=C1c2ccccc2C(=O)N1c1ccc(-c2nc3ccccc3o2)cc1
11450,COC1CCCc2sc(Nc3cccc(CN4CCN(C(=O)C5CCCC5)CC4)c3C)nc21
13151,Cc1c(CN2CCN(C(=O)C3CCCC3)CC2)cccc1Nc1nc2c(s1)CCCC2O
7418,CCOC(=O)C1CCCCC12C(C#N)=C(N)Oc1n[nH]c(C)c12
4430,Cc1[nH]n(-c2ccccc2)c(=O)c1N=Nc1nccs1
11508,O=C(CNc1nc(-c2ccccc2)c(-c2ccccc2)s1)N1CCCCC1
11597,COc1ccc(-c2nc(NCC(=O)N3CCCCC3)sc2-c2ccc(OC)cc2)cc1
4620,CCOC(=O)C(=O)C1=C(N2CCOCC2)/C(=C\c2ccc(F)cc2)CC1
12550,Cc1cc(C)cc(OCC(=O)OCCN2C(=O)c3ccccc3C2=O)c1
9091,CCCCCc1c(O)nc(SCC(=O)NCC2CCCO2)[nH]c1=O
14702,CC(=O)C(=O)/C=C1/C(C)(C)C[C@@H](O)C[C@@]1(C)O
14794,CC(C)=CCc1cc2c(c3c1OC(C)(C)C=C3)O[C@H](c1ccccc1)CC2=O
14818,CC1(C)C=Cc2c(ccc3c2O[C@H](c2ccccc2)CC3=O)O1
15044,COc1cc2c(c3c1C(=O)CC(c1ccc(O)cc1)O3)C=CC(C)(CC(C)/C=C(\C)CCC=C(C)C)O2
15045,COc1cc2c(c3c1C(=O)CC(c1ccc(O)cc1)O3)C=CC(C)(CC(C)C=C(C)C)O2
15046,COc1cc2c(c3c1C(=O)CC(c1ccccc1)O3)C=CC(C)(CC(C)/C=C(\C)CCC=C(C)C)O2
15047,COc1cc2c(c3c1C(=O)CC(c1ccccc1)O3)C=CC(C)(CC(C)C=C(C)C)O2
15049,COc1cc2c(c3c1C(=O)C[C@@H](c1ccccc1)O3)C=CC(C)(C)O2
15088,COc1ccc([C@@H]2CC(=O)c3cc(CC=C(C)C)c4c(c3O2)C=CC(C)(C)O4)cc1OC
15089,COc1ccc([C@@H]2CC(=O)c3ccc4c(c3O2)C=CC(C)(C)O4)cc1OC
13609,Cc1cnc(Nc2ccc(N3CCOCC3)cc2)nc1N1CCC2(CCNC2=O)CC1
13635,Cc1cnc(Nc2ccc(N3CCOC(C)C3)cc2)nc1N1CCC2(CCNC2=O)CC1
13854,Cc1cnc(Nc2ccc(N3CCOCC3)c(F)c2)nc1N1CCC2(CCNC2=O)CC1
7024,COc1ccc(OC)c(-c2csc(N(Cc3ccco3)C(=O)c3cccs3)n2)c1
6880,CCc1ccc(CCC(=O)Nc2nc(CC(C)=O)ns2)o1
14784,CC(C)=CCc1c(O)ccc(C(=O)/C=C/c2ccc3c(c2)OCO3)c1O
14836,CC1(C)[C@@H](O)CC[C@]2(C)C3C(=O)C=C4[C@@H]5C[C@@](C)(C(=O)O)CC[C@]5(C)CC[C@@]4(C)[C@]3(C)C(=O)C[C@@H]12
14839,CC1(C)[C@@H](O)CC[C@]2(C)C3C(=O)C=C4[C@@H]5C[C@@](C)(C(=O)O)CC[C@]5(C)C[C@H](O)[C@@]4(C)[C@]3(C)C(=O)C[C@@H]12
12653,N#Cc1ccsc1NC(=O)CN1CCCCCC1
5562,CCOc1ccc(S(=O)(=O)N(CC)CC)cc1NC(=O)c1ccc(N2CCCC2=O)cc1
2571,O=C(NCc1ccco1)c1ccc(Cl)nc1
127,CCCC(=O)Nc1c2c(nn1-c1ccc(C)cc1C)CSC2
6450,COC(=O)C1=C(C(C)=O)C(c2ccc(C)cc2)n2nnnc2N1
7655,COC(=O)C1=C(C)Nc2nnnn2C1c1ccc(Cl)cc1Cl
12263,C=CCOC(=O)C1=C(C)Nc2nnnn2C1c1cccc(OC)c1OC
13634,O=C(Nc1ccc(-c2nccs2)cc1)C1CCN(S(=O)(=O)c2ccccc2Cl)CC1
4106,COc1ccc(NC(=O)CSc2nc(C3CC3)nc3ccccc23)cc1
4109,O=C(CSc1nc(C2CC2)nc2ccccc12)Nc1cccc(O)c1
4111,O=C(CSc1nc(C2CC2)nc2ccccc12)Nc1ccccc1Cl
12535,CCC1CCCN1Cn1cnc2c([nH]c3ccccc32)c1=O
15104,COc1ccc2cc3[n+](cc2c1OC)CCc1cc2c(cc1-3)OCO2
4659,CCC(CC)c1nc(C#N)c(NCc2ccccc2)o1
10610,COc1cccc(-n2c(SCC(=O)Nc3cc(C)on3)nc3ccccc3c2=O)c1
5947,COCCCn1c(SCC(=O)OC2CCCCC2)nnc1-c1cccs1
8534,O=S(=O)(c1ccc(S(=O)(=O)N(Cc2cccs2)CC2CCCO2)cc1)N1CCCCC1
7168,CCOC(=O)c1c(NC(C)=O)sc2c1CCCNC2=O
3925,Cc1nc(N)c(C#N)c(-c2cccnc2)c1-c1ccccc1
2893,Cc1cccc(Cn2nnc3c2C(=O)c2ccccc2C3=O)c1
8068,CCOc1ccc2[nH]c(=O)c(C(c3nnnn3C3CCCCC3)N3CCN(CC)CC3)cc2c1
8241,CCCN1CCN(C(c2cc3cc(OC)ccc3[nH]c2=O)c2nnnn2C2CCCCC2)CC1
8671,CCCN1CCN(C(c2cc3cc(OCC)ccc3[nH]c2=O)c2nnnn2C2CCCCC2)CC1
13351,O=C(N[C@H]1CNC1=O)OCCCCCc1ccccc1
10530,COc1cc2c(cc1OC)-c1cc(NC3CCCC3)nc(=O)n1CC2
12998,Cc1c(C(C)C)c(=O)on1C(=O)N1CCC(C#N)(c2ccccc2)CC1
13212,Cc1c(C(C)C)c(=O)on1C(=O)N1CCC(c2ccc(C(C)(C)C)cc2)CC1
13532,Cc1c(C(C)C)c(=O)on1C(=O)N1CCC(c2ccc(C(F)(F)F)cc2)CC1
13898,Cc1ccc(C2CCN(C(=O)n3oc(=O)c(C(C)C)c3C)CC2)cc1
13999,COCCc1c(C)n(C(=O)N2CCC(c3cccc(C)c3)CC2)oc1=O
14023,COCCc1c(C)n(C(=O)N2CCC(c3cccc(F)c3)CC2)oc1=O
14142,Cc1c(C(C)C)c(=O)on1C(=O)N1CCC(c2ccccc2)CC1
14143,Cc1c(C(C)C)c(=O)on1C(=O)N1CCC(c2cccc(F)c2)CC1
14157,COCCc1c(C)n(C(=O)N2CCC(c3ccccc3)CC2)oc1=O
14175,Cc1c(CC(C)C)c(=O)on1C(=O)N1CCC(c2ccccc2)CC1
4987,CN(c1ccccc1)c1ccc(/C=c2\s/c(=C(/C#N)C(=O)C(C)(C)C)n(Cc3ccco3)c2=O)cc1
8077,COc1ccc(CCNC2CCN(C)CC2)cc1OC
13910,O=C(NCc1ccc(Cl)cc1Cl)N1CCC(Nc2ncccn2)CC1
9860,CCCC(=O)Nc1ccc(NC(=O)C2CC2)cn1
15041,COc1cc2c(c(O)c1C(=O)/C=C/c1ccc(O)cc1)CC(O)C(C)(C)O2
658,C(=NN1CCCCCC1)c1ccc2ccccc2n1
12055,Cc1cccc(C)c1OCc1n[nH]c(=S)o1
678,CCOC(=O)c1c(SCCN2CCCC2)n(-c2ccccc2)c(=S)n(-c2ccccc2)c1=O
461,CCOc1ccc(NCc2cc3c(C)nn(-c4ccccc4)c3[nH]c2=O)cc1
2978,CCOc1ccc(NCc2cc3c(C(C)(C)C)nn(-c4ccccc4)c3[nH]c2=O)cc1
10520,CCOCCCNc1ncc2c(n1)CC(c1ccc(C)cc1)CC2=O
5944,CCOC(=O)c1ccccc1NC(=O)c1c(O)c2ccccc2n(CC)c1=O
7030,C=CCn1c(=O)c(C(=O)Nc2ccccc2C(=O)OCC)c(O)c2ccccc21
7140,CCn1c(=O)c(C(=O)Nc2ccccc2S(N)(=O)=O)c(O)c2ccccc21
9874,CCC(C)NC(=O)CSc1nnc(-c2ccncc2)n1-c1ccc(OC)cc1
3200,CCc1nc(Cl)c(C#N)c2c1CSC(C)(C)C2
5903,COc1cccc(NC(=O)CSc2nncn2-c2ccccn2)c1
4896,Cn1c2ccccc2c2cc(/C=C(\NC(=O)c3ccccc3)C(=O)NCC(=O)O)ccc21
11919,NS(=O)(=O)c1ccc(-n2nc(C(=O)NC3CCCCC3)cc2-c2ccccc2)cc1
11418,CS(=O)(=O)Nc1cc2c(cc1Sc1cncs1)C(=O)CC2
4325,COc1ccc2ccc(O)c(CN3CCN(S(=O)(=O)c4cccc(C(F)(F)F)c4)CC3)c2c1
10160,COc1ccc(C2C3=C(CCCC3=O)Nc3nc(SCc4ccccc4)nn32)cc1OC
8472,CCn1c(COc2ccccc2C)nnc1SCC(=O)N1CCCCC1
4869,O=C1COc2ccc(C(=O)CSc3nnc(Cc4cccs4)n3-c3ccccc3)cc2N1
7735,Cc1ccc(-c2noc(C3CCN(S(=O)(=O)c4ccc5c(c4)OCCO5)CC3)n2)o1
7105,CCOc1ccc(C(=O)C2CCN(C(=O)c3ccccc3C(=O)O)CC2)cc1
8463,Cc1ccc(C)c(Cn2nnc3c(=O)[nH]c(C4CCCN(C(=O)C5CCC5)C4)nc32)c1
5725,O=C(COC(=O)c1ccc(F)cc1Cl)NC1CCS(=O)(=O)C1
10397,Cc1ccc(-n2c(Cc3cccs3)nnc2SCC(=O)OC(C)C)cc1
2388,O=C(CSc1nnc(SCc2ccccc2)s1)N/N=C/C=C/c1ccco1
1800,Cc1ccc(N2C(=O)C3C4C=CC(CNC(=S)Nc5ccc(F)cc5)(O4)C3C2=O)cc1
633,C[C@H](CO)N1C[C@H](C)[C@@H](CN(C)Cc2ccc(C(F)(F)F)cc2)Oc2ccc(NS(=O)(=O)c3ccc(Cl)cc3)cc2CC1=O
636,C[C@@H]1CN([C@@H](C)CO)C(=O)Cc2cc(NS(=O)(=O)c3ccc(F)cc3)ccc2O[C@@H]1CN(C)Cc1ccc(C(F)(F)F)cc1
637,C[C@@H]1CN([C@H](C)CO)C(=O)Cc2cc(NS(=O)(=O)c3ccc(F)cc3)ccc2O[C@H]1CN(C)Cc1ccc(C(F)(F)F)cc1
641,C[C@@H]1CN([C@@H](C)CO)C(=O)Cc2cc(NS(=O)(=O)c3ccccc3)ccc2O[C@H]1CN(C)Cc1ccc(Cl)c(Cl)c1
642,C[C@@H]1CN([C@@H](C)CO)C(=O)Cc2cc(NS(=O)(=O)c3ccc(Cl)cc3)ccc2O[C@H]1CN(C)Cc1ccc(Cl)c(Cl)c1
702,C[C@@H]1CN([C@@H](C)CO)C(=O)Cc2cc(NS(=O)(=O)c3ccc(F)cc3)ccc2O[C@H]1CN(C)Cc1ccc(C(F)(F)F)cc1
3253,O=C(Nc1cc(Cl)cc(Cl)c1)c1ccc(Cn2c(=O)[nH]c3ccsc3c2=O)cc1
6536,CC(=O)N(Cc1cc2c(C)cc(C)cc2[nH]c1=O)C1CCCCC1
7366,CCC(=O)N(Cc1cc2c(C)ccc(C)c2[nH]c1=O)C1CCCCC1
10485,CS(=O)(=O)N(Cc1cc2ccccc2[nH]c1=O)C1CCCCC1
2410,Oc1ccc(/C=N/N=C(c2ccccc2)c2ccccc2)c(O)c1O
11780,Cc1cc(Oc2cccc(-c3c(C)nnn3C3CCNCC3)n2)cc(C2CCCC2)c1
11801,O=C(Cc1ccccc1)Nc1cc(Nc2ccc3c(c2)CCCCC3=O)ccc1F
7206,Cc1cc(C)c2cc(C(O)c3nnnn3Cc3ccccc3)c(=O)[nH]c2c1
5423,C=CCn1c(SCC(=O)Nc2nc(C)cs2)nnc1C(C)NC(=O)c1ccccc1Cl
5448,CC(C)C(NC(=O)c1ccccc1)c1nnc(SCC(=O)Nc2nccs2)n1C
14105,Cc1cnc(Nc2ccc([N+](=O)[O-])cc2)nc1-c1cc2c(o1)CCN(C(=O)CC#N)C2
14128,Cc1cnc(Nc2ccc(F)cc2)nc1-c1cc2c(o1)CCN(S(C)(=O)=O)C2
14195,Cc1cnc(Nc2ccc(F)cc2)nc1-c1cc2c(o1)CCN(C(=O)CC#N)C2
14367,Cc1cnc(Nc2ccccc2)nc1-c1cc2c(o1)CCN(C(=O)CC#N)C2
14374,Cc1cnc(Nc2ccccc2)nc1-c1cc2c(o1)CCN(S(C)(=O)=O)C2
14412,COc1cc(Nc2ncc(C)c(-c3cc4c(o3)CCN(C(=O)CC#N)C4)n2)cc(OC)c1OC
9154,Cc1ccc(S(=O)(=O)NCC(=O)N(CC(=O)NCC2CCCO2)Cc2ccccc2)cc1
3614,CS(=O)(=O)c1ccc(C(=O)OCc2nnc(-c3ccccc3)o2)cc1[N+](=O)[O-]
5711,CN(C(=O)COC(=O)CN1C(=O)c2cccc([N+](=O)[O-])c2C1=O)c1ccccc1
2405,Nc1c(C(=O)NCC2CCCO2)sc2nc3c(c(-c4ccco4)c12)CC/C3=C\c1ccco1
14946,CO[C@@H]1O[C@@](C)([C@H]2CC(C)=C(C)C(=O)O2)[C@H]2C[C@H](O)[C@@H]3C4C[C@H]5OC(=O)CC=CC5=C(C)[C@H]4CC[C@]123
14949,CO[C@H]1O[C@@](C)([C@H]2CC(C)=C(C)C(=O)O2)[C@H]2C[C@H](O)[C@@H]3C4C[C@H]5OC(=O)CC=CC5=C(C)[C@H]4CC[C@]123
9186,CCn1c(-c2ccc(C(C)(C)C)cc2)n[nH]c1=S
5864,O=C(CSc1nc2ccccc2o1)NCc1n[nH]c(=O)c2ccccc12
2457,O=C1NC(=O)N(CCc2ccc(F)cc2)C(=O)/C1=C/c1ccco1
2056,CC[C@@]1(O)C(=O)OCc2c1cc1n(c2=O)Cc2cc3cc(O)ccc3nc2-1
3760,CC[C@@]1(O)C(=O)OCc2c1cc1n(c2=O)Cc2cc3c(N)cccc3nc2-1
5898,O=C(OCc1nc(-c2ccccc2)oc1COC(=O)c1ccco1)c1ccco1
182,Cc1cc(C)c(S(=O)(=O)N(CC(=O)N2CCOCC2)C2CCCCC2)c(C)c1
8181,Cc1cc(C)nc(N2CCCC(C(=O)NC(C)CCc3ccco3)C2)n1
5987,Cc1cc(NC(=O)CCC(=O)N(c2ccc(F)cc2)C2(C(=O)NC3CCCCC3)CCCC2)no1
9263,Cc1cc(NC(=O)CCC(=O)N(c2ccccc2)C2(C(=O)NC3CCCCC3)CCCC2)no1
10756,CCOc1ccccc1C(=O)NCC(=O)OCC(=O)c1ccc2c(c1)OCCO2
3909,COC1(OC)C=CC(=O)C=C1NC(=O)c1ccccc1OC(C)=O
10590,CCn1ncc2c(OCc3ccc(C#N)cc3)cc(C)nc21
11584,O=C1c2cccc3cccc(c23)N1Cc1cccc(F)c1
11638,O=C1c2cccc3cccc(c23)N1Cc1ccc(F)cc1
11782,NNC(=O)c1ccc(CN2C(=O)c3cccc4cccc2c34)cc1
12568,Clc1cccc(CSc2nccn2-c2ccccc2)c1
14488,COc1nn(-c2ccc(NC(=O)c3ccc(C(C)(C)C)cc3)cc2)c(=O)o1
5984,COC(=O)c1ccc(-n2nnnc2SCC(=O)Nc2cc(OC)ccc2OC)cc1
6418,COc1ccc(OC)c(NC(=O)CSc2nnnn2-c2ccccc2F)c1
8028,CCN(CC)C(=O)c1ccc(NC(=O)CSc2nnnn2-c2cc(OC)ccc2OC)cc1
9027,COC(=O)c1ccc(-n2nnnc2SCC(=O)Nc2ccccc2OC)cc1
9751,COc1cccc(-n2nnnc2SCC(=O)Nc2cccc(NC(C)=O)c2)c1
11291,O=C(CSc1nnnn1-c1ccc(Cl)c(C(=O)O)c1)Nc1ccc(F)cc1
2172,O=C(Nc1nnc(SCC(=O)N2CCCc3ccccc32)s1)c1ccc2ccccc2c1
11750,Cc1oc(/C=N/NC(=O)CN(c2ccccc2Br)S(C)(=O)=O)cc1Br
584,Cc1ccc(NC(=O)c2ccc3c(c2)OCCO3)nc1
7808,O=C(CSc1nnc(Cc2ccccc2)n1Cc1ccco1)NC1CCCC1
12725,O=C(c1ccco1)N1N=C(c2cccs2)CC1c1ccc(F)cc1
6821,O=C(NCC(=O)N(c1ccccc1)C(C(=O)NCC1CCCO1)c1ccccc1)c1ccco1
7723,O=C(NCC(=O)N(c1ccccc1F)C(C(=O)NCC1CCCO1)c1ccccc1)c1ccco1
1637,Cc1ccc(CNC(=O)C2CCN(S(=O)(=O)c3c(C)noc3/C=C/c3ccco3)CC2)cc1
11682,O=C(NC1CC1)c1cccc(Nc2ccc3c(c2)CCCCC3=O)c1
7649,COCCn1nnnc1C(c1ccccn1)N(CCc1ccccc1)Cc1cccs1
1033,NS(=O)(=O)c1ccc(-c2cc(F)c(F)cc2-c2ccc3c(c2)OCCO3)cc1
1034,CS(=O)(=O)c1ccc(-c2cc(F)c(F)cc2-c2ccc3c(c2)OCCO3)cc1
10405,Cc1cc(NCCN2CCOCC2)n2ncc(-c3ccc(Cl)cc3)c2n1
4191,Cc1cc(N2C(=O)C(O)=C(C(=O)c3ccc(C)o3)C2c2cccc(Oc3ccccc3)c2)no1
12638,COc1ccccc1NC(=S)NNC(=O)c1c(Cl)c(C)nn1C
13655,CNC(=O)c1cc(C(=O)NC2CCC2)cn(Cc2ccccc2)c1=O
13765,CNC(=O)c1cc(C(=O)NC2CCC2)cn(Cc2cccc(NC)c2)c1=O
10702,Cc1cc(C)nc(-n2nc(C)cc2NC(=O)CN2CCc3ccccc3C2)n1
13548,Fc1cccc(Cl)c1-c1ncc(-c2ccc(CCc3ccccc3)cc2)[nH]1
12433,CC1=C(C)CC(C(=O)Nc2cccc(Cl)c2)C(C(=O)O)C1
9651,CCSC1=NC(=O)/C(=C2/C=Cc3ccccc3N2CC)S1
10977,CCOC(=O)c1cc(=O)n2nc(-c3ccc(C)cc3)nc2s1
3408,O=C(Nc1ccc(F)cc1)Nc1nnc(COc2ccccc2F)s1
296,Cc1cc(C)c(C#N)c(SCc2ccccc2)n1
12959,CCOc1ncccc1C(=O)OCC(=O)c1ccc[nH]1
11404,O=C(CC1=CCCN(CCCCc2ccccc2)C1=O)NO
11554,O=C(CCCC1=CCCN(CCCCc2ccccc2)C1=O)NO
12021,O=C(CCC1=CCCN(CCCCc2ccccc2)C1=O)NO
10425,COc1ccccc1-c1c(NC(=O)c2ccco2)n(-c2ccccc2)nc(C)c1=O
10518,COc1cccc(-c2c(NC(=O)c3ccco3)n(-c3ccc(C)cc3)nc(C)c2=O)c1
3350,O=C(Nc1ccc(Cl)cc1)/C(=C/c1cccc(O)c1)c1nc2ccccc2s1
10006,COc1cccc(N2CCCn3c2nc2c3c(=O)n(CCN3CCOCC3)c(=O)n2C)c1
10206,COc1cccc(N2CC(C)Cn3c2nc2c3c(=O)n(CCN3CCOCC3)c(=O)n2C)c1
5604,O=C(CSc1nnc(CNC(=O)c2ccc(F)cc2)o1)Nc1nccs1
11914,CCCCC#Cc1ccc(NCC2CCN(C(=O)C3CC3)CC2)c(C(N)=O)c1
6404,COc1cccc(NC(=O)NC2CCN(Cc3nnnn3Cc3ccc(F)cc3)CC2)c1
14392,COc1ccc(C2=NN(Cc3ccc(CN4CCN(C)CC4)cc3)C(=O)[C@@H]3CC=CC[C@H]23)cc1OC
9058,Cc1cc(=O)n2c3c(cccc13)CCC2
12536,CCCCCCNC(=O)c1c(O)c2cccc3c2n(c1=O)CCC3
10310,COC(=O)C1=C(N)Oc2cc(C)n(CCCn3ccnc3)c(=O)c2C1c1ccc(Cl)cc1
5856,O=C(CS(=O)CC(=O)N(CC(=O)NC1CCCC1)C1CCCC1)Nc1ccc(F)cc1
3264,CN1CCN(S(=O)(=O)c2ccc(Sc3nnnn3-c3ccccc3)c([N+](=O)[O-])c2)CC1
13471,Cc1c(C(C)C)c(=O)on1C(=O)N1CCC(=O)CC1
11624,Cn1ncc(Cl)c1C(=O)N/N=C/c1ccccc1OC(=O)c1ccc([N+](=O)[O-])cc1
1918,CC1=Nc2ccccc2/C1=C/c1c(N)n2c(S(=O)(=O)CC(C)C)nsc2nc1=O
8687,COC(=O)c1cc(=O)nc2sccn12
13178,O=C(N[C@H]1CNC1=O)OCc1ccc(-c2ccccc2)cc1
2241,CCC(C)(C)n1nnnc1C(c1cc2ccc(OC)cc2[nH]c1=O)N1CCc2ccccc2C1
7516,COc1cc2cc(C(c3nnnn3C(C)(C)C)N3CCc4ccccc4C3)c(=O)[nH]c2cc1OC
9604,COc1ccc2cc(C(c3nnnn3C(C)(C)C)N3CCc4ccccc4C3)c(=O)[nH]c2c1
1480,Cc1ccc(C(=O)NCC2CCCO2)cc1N1CCCC1=O
10957,O=S(=O)(NC1=NCCCCC1)c1cccs1
7952,Cc1cc(N2C(=O)C3C4C=CC(C4)C3C2=O)ccc1Br
13897,OC1CCCCCCCNc2ncc3c(-c4ccncc4)cn(c3n2)CCCC1
7293,Cc1cc(NC(=O)CCC(=O)N(CC2CCCO2)C(C(=O)NC2CCCC2)c2ccccc2C)no1
6548,c1ccc(-c2nc3ccccc3c3nncn23)cc1
7039,CCc1nnc(NC(=O)CSc2nnc(Cc3ccccc3)n2-c2ccc(OC)cc2)s1
5373,Cc1nn(CC(=O)Nc2ccc(C(=O)N(C)C)cc2)c(=O)c2ccccc12
8901,Cc1ccc(NC(=O)Cn2nc(C)c3ccccc3c2=O)c(C)c1
12700,COc1ccc(N2C(=O)CCC(C(=O)Nc3cccc(C)n3)C2c2ccc(OC)c(OC)c2)cc1
12871,CCOc1cc(/C=C2/SC(=O)N(CC(=O)N3CCc4ccccc4C3)C2=O)ccc1OCC(=O)O
9432,O=C(Nc1nccs1)c1ccc(S(=O)(=O)NCc2cccs2)cc1
7586,CCCC1CCC(c2nc(-c3cccnc3)no2)CC1
6717,CC(OC(=O)c1cc2sccc2n1C)C(=O)NCc1ccc2c(c1)OCO2
3423,COc1ccc(-n2ncc3c(N4CCN(Cc5ccccc5)CC4)ncnc32)cc1
11692,CCOC(=O)c1[nH]c(C)c(/C(O)=C2\C(=O)C(=O)N(CCN(C)C)C2c2ccncc2)c1C
5619,COc1ccc(NC(=O)CN(C)C(=O)c2cn(-c3ccccc3)nc2-c2cccs2)cc1
4618,O=C(OCc1cc2ccccc2[nH]c1=O)c1cccs1
11698,CCCCOc1ccc(-n2c(=O)c3cnc(Nc4ccc(N5CCN(C)CC5)cc4)nc3n3c4ccccc4nc23)cc1
13299,Cc1ccc(-n2c(=O)c3cnc(Nc4ccc(N5CCN(C)CC5)cc4)nc3n3c4ccccc4nc23)cc1
13487,COc1cccc(-n2c(=O)c3cnc(Nc4ccc(N5CCN(C)CC5)cc4)nc3n3c4ccccc4nc23)c1
13670,Cc1cccc(-n2c(=O)c3cnc(Nc4ccc(N5CCN(C)CC5)cc4)nc3n3c4ccccc4nc23)c1
13998,COc1ccc(Cl)cc1-n1c(=O)c2cnc(Nc3ccc(N4CCN(C)CC4)cc3)nc2n2c3ccccc3nc12
14173,CN1CCN(c2ccc(Nc3ncc4c(=O)n(-c5c(Cl)cccc5Cl)c5nc6ccccc6n5c4n3)cc2)CC1
14220,CN1CCN(c2ccc(Nc3ncc4c(=O)n(-c5c(Cl)cc(Cl)cc5Cl)c5nc6ccccc6n5c4n3)cc2)CC1
14238,Cc1cccc(C)c1-n1c(=O)c2cnc(Nc3ccc(N4CCN(C)CC4)cc3)nc2n2c3ccccc3nc12
14305,COc1cc(Nc2ncc3c(=O)n(-c4c(C)cccc4C)c4nc5ccccc5n4c3n2)ccc1N1CCN(C)CC1
8619,O=C(CSc1nnc(C2CCCCC2)n1Cc1ccccc1)NCc1ccco1
1232,CC(C(=O)O)c1ccc(-c2cccc(OC(=O)NCCCc3ccccc3)c2)c(F)c1
6321,Cc1cc(C)n(C(=O)c2ccncc2)n1
4294,CC1(C)O[C@@H]2C[C@H]3[C@@H]4C[C@H](F)C5=CC(=O)CC[C@]5(C)[C@H]4[C@@H](O)C[C@]3(C)[C@]2(C(=O)CO)O1
4304,CC1(C)O[C@@H]2C[C@H]3[C@@H]4CCC5=CC(=O)CC[C@]5(C)[C@@]4(F)[C@@H](O)C[C@]3(C)[C@]2(C(=O)CCl)O1
6297,Cc1cc(C)cc(CC2CC(=O)N(c3nc(C)cc(C)n3)C2=O)c1
229,Cc1ccc(C(=O)N2CCN(c3ccc(Cl)cc3)CC2)cc1
1501,O=C(c1ccccc1)N1CCN(c2ccccc2F)CC1
1503,O=C(c1ccccc1F)N1CCN(c2ccccc2F)CC1
7701,COc1ccccc1C(=O)N1CCN(c2cccc(Cl)c2)CC1
8748,Cc1ccc(C)c(N2CCN(C(=O)c3ccccc3Br)CC2)c1
11041,CC(C)N(C(=O)COC(=O)c1ccccc1C(=O)N1CCN(c2ccc(F)cc2)CC1)C(C)C
12094,COc1ccc(N2CCN(C(=O)c3ccc(C(C)(C)C)cc3)CC2)cc1
12358,COc1cc(OC)cc(C(=O)N2CCN(c3ccccc3F)CC2)c1
1586,COc1cc(S(=O)(=O)N(Cc2ccccn2)Cc2ccco2)ccc1-n1cnnn1
4045,Cc1[nH]nc2nc(SCC(=O)NCCC3=CCCCC3)n(-c3ccc(Br)cc3)c(=N)c12
2284,O=C(Nc1ccc2nc(-c3ccco3)c(-c3ccco3)nc2c1)N1CCCCCC1
10852,O=C1COc2ccc(C(=O)CSc3nnnn3-c3ccccc3)cc2N1
12688,Cc1ccc(C)c(-n2nnnc2SCC(=O)c2ccc3c(c2)NC(=O)CO3)c1
4971,O=C(O)c1ccccc1C(=O)c1ccc(Sc2ccc(Cl)cc2)c([N+](=O)[O-])c1
995,COc1ccc2c(c1)c(CC(=O)O)c(C)n2C(=O)c1ccc(Cl)cc1
2785,Oc1ccc(Br)cc1-c1nc2cnccn2c1NC1CCCC1
7286,Cc1csc(NC(=O)CSc2nnc(-c3ccccn3)n2-c2ccc(C)c(C)c2)n1
10470,N#CC1=C(N)Oc2n[nH]c(-c3ccncc3)c2C1c1ccsc1
12134,CC(C)CNC(=O)[C@H](Cc1ccccc1)NC(=O)c1ccco1
1559,CCn1c(SCC(=O)NCC2CCCO2)nc2c(c1=O)SC(C)C2
9158,O=C(Nc1ccccc1)c1cccc(N2CCCC2=O)c1
2861,c1nnc2c3c4c(sc3ncn12)CCC4
11002,Cc1cc(C(=O)Cn2nnc3ccccc3c2=O)c(C)n1-c1c(C)n(C)n(-c2ccccc2)c1=O
8575,COc1ccccc1N1CCN(C(=O)CSc2nnc(NC(=O)C3CC3)s2)CC1
7943,CC1=CC(C)(C)N2C(=O)C3(C(C#N)=C(N)OC4=C3C(=O)CCC4)c3c(C)c(C)cc1c32
397,COc1ccc(C2CC(c3ccncc3)=NN2c2ccc(S(N)(=O)=O)cc2)cc1
5849,CCOc1ccc(-c2nnn(CC(=O)c3cc(OC)ccc3OC)n2)cc1
6546,Cc1csc(SCC(=O)O)n1
10240,Cc1nc(Cl)sc1C(=O)O
9753,Cc1cc(NC(=O)CSc2nc3ccccc3n2CC(=O)N2CCCCC2)no1
3287,CC/C(=N/Nc1cccc(C)c1)c1cnnc(SC)n1
6341,COC(=O)C1(C)NC(c2cccs2)C2C(=O)N(c3ccccc3F)C(=O)C21
6342,CC(=O)c1c(C)n(-c2ccccc2)c2ccc(OCC(O)CN3CCOCC3)cc12
13955,Cc1cnc(Nc2ccc(N3C4CCC3COC4)cc2)nc1N1CCC2(CCNC2=O)CC1
375,O=C(NC1(C(F)(F)F)NC(=O)N(c2ccc(F)c(Cl)c2)C1=O)c1ccncc1
13302,COc1ccc(C2(Cn3cc[nH]c3=O)CC2)cc1OC1CCCC1
13886,O=c1[nH]ccn1CC1(c2ccc(OC(F)F)c(OC3CCCC3)c2)CC1
6451,O=C(Nc1ccc2nc[nH]c2c1)c1ccco1
1816,Cc1ccc(/C=N/n2c(=O)c(C(C)(C)C)nn3cnnc23)cc1
12692,CCOC(=O)C(C(=O)Nc1nc2ccccc2s1)C1CCCCC1
7843,CN(C(=O)c1cccc(C#N)c1)c1nnc(C2CCOC2)s1
8398,c1cc2nncn2nc1N1CCCC1
1018,CS(=O)(=O)c1ccc(-c2cc3c(cc2-c2ccc(F)cc2)OCO3)cc1
5819,COc1ccc(C(=O)Nc2ccc3c(c2)OCO3)cc1S(=O)(=O)N1CCOCC1
5615,Cc1noc(C)c1CSCC(=O)Nc1cc(S(=O)(=O)N2CCOCC2)ccc1OCC(F)(F)F
10462,Clc1ccc(Cc2nn3c(Cn4nnc5ccccc54)nnc3s2)cc1
3548,CC(C)(C)c1ccc(C(=O)CC(Sc2ccc(Cl)cc2)C(=O)O)cc1
6749,Cc1cccc2cc(C#N)c(NCCCn3ccnc3)nc12
12612,CC1=CC(C)(C)Nc2ccc(OC(=O)C(Cc3ccccc3)N3C(=O)C4CCCCC4C3=O)cc21
615,COc1ccc(OC)c2c(=S)c3ccccc3[nH]c12
3138,CCOc1cc(Br)c(Br)c(C=Nc2ccc(NC(C)=O)cc2)c1O
4569,O=[N+]([O-])c1ccc(N=Cc2ccc(Br)c([N+](=O)[O-])c2)cc1
4839,NC(=Nc1ccc(Cl)cc1)c1ccccc1
5072,NC(=Nc1ccc(Br)cc1)c1ccccc1
14997,COc1cc(/C=C/C(=O)CC(=O)/C=C/c2ccc(O)c(OC)c2)ccc1O
14998,COc1cc(/C=C/C(=O)CC(=O)/C=C/c2ccc(O)cc2)ccc1O
15154,O=C(/C=C/c1ccc(O)cc1)CC(=O)/C=C/c1ccc(O)cc1
1522,O=C1N(c2ccccc2)C2CS(=O)(=O)CC2N1c1ccc(Br)cc1
2412,CCC(=O)Nc1ccc(C(=O)CSc2nc3ccccc3[nH]2)cc1
7669,CC(C)n1c(CN2CCN(C)CC2)nc2c1c(=O)n(C)c(=O)n2C
10327,CN1CCN(Cc2nc3c([nH]2)c(=O)[nH]c(=O)n3C)CC1
10534,CCCCCn1c(CN2CCN(C(=O)OCC)CC2)nc2c1c(=O)n(C)c(=O)n2C
12738,CCCCn1c(CN2CCN(C(=O)OCC)CC2)nc2c1c(=O)n(C)c(=O)n2C
13887,Cc1cnc(Nc2cnn(C)c2)nc1N1CCC2(CCNC2=O)CC1
13894,Cc1cnc(Nc2cnn(C(F)F)c2)nc1N1CCC2(CCNC2=O)CC1
14091,Cc1cnc(Nc2cnn(C(C)C)c2)nc1N1CCC2(CCNC2=O)CC1
14130,[2H]C([2H])([2H])n1cc(Nc2ncc(C)c(N3CCC4(CCNC4=O)CC3)n2)cn1
8567,CCOc1ccc2[nH]c(=O)c(C(c3nnnn3Cc3ccco3)N3CCCC(C)C3)cc2c1
12111,CCOc1ccc2[nH]c(=O)c(C(c3nnnn3Cc3ccco3)N3CCC(C)CC3)cc2c1
12247,CC(NC(=O)CSc1nnc(-c2cccc(S(=O)(=O)N3CCCCC3)c2)o1)C12CC3CC(CC(C3)C1)C2
1949,Fc1ccc(CNc2nc(-c3ccccc3)nc3ccccc23)cc1
5886,O=C(O)c1ccc(-c2ccccc2)[nH]1
7303,Cc1ccc(-c2ccc(C(=O)O)[nH]2)cc1
12960,CCOC(=O)c1cc(-c2ccc(C)cc2)n(CCC(=O)NC(C)CC)c1C
1456,CCOC(=O)c1sc(=N)n(-c2ccc(OC)cc2)c1C
10671,Cc1csc(=N)n1-c1ccc(Cl)cc1
6995,COCCn1c(SCC(=O)Nc2cccc(C(=O)OC)c2)nc2ccccc2c1=O
9922,CCOC(=O)c1cccc(NC(=O)CSc2nc3ccccc3c(=O)n2CC)c1
6337,O=C(NC12CC3CC(CC(C3)C1)C2)C1CCCN1C(=O)NC1CCCCC1
12872,Cc1ccc(SCCNC(=O)c2cccc([N+](=O)[O-])c2C)cc1
12272,CCOc1ccc(NC(=O)CN2CCN(CC(=O)Nc3ccc4c(c3)OCO4)CC2)cc1
4755,CCN(CC)c1ccc(C=C2C(=O)OC3(CCCCC3)OC2=O)cc1
9629,COc1cccc(OCc2nnc(SCC(=O)NCc3ccco3)n2CCc2ccccc2)c1
6799,CCOC(=O)c1cc2sccc2n1CC(=O)N1CCCc2ccccc21
11273,COc1ccc2c(c1)C(C1C(=O)CCCC1=O)c1ccccc1O2
501,COc1ccccc1NC(c1cccnc1)c1ccc2cccnc2c1O
6648,COc1cc(OC)cc(C(=O)NC2CCSC2=O)c1
4444,O=C(CCc1ccccc1)NNC(=S)NC(=O)c1ccc(Cl)cc1
4479,COc1ccc(C(=O)NC(=S)NNC(=O)CCc2ccccc2)cc1
4607,CC(C)(C)c1cc(CCC(=O)NNC(=S)NC(=O)c2ccccc2)cc(C(C)(C)C)c1O
690,NC(c1csc(NC(=O)Nc2cccc(C(F)(F)F)c2)n1)C1CCCCC1
8634,CCN1/C(=C/C(=O)c2ccco2)Sc2ccccc21
11989,COc1ccc(/C=C2\SC(c3ccc4ccccc4c3)=NC2=O)c2ccccc12
827,N#C[C@H]1[C@H](c2ccccc2C2=CCCCC2)[C@@H](CO)N1S(=O)(=O)c1ccccc1
2816,COc1ccc(Cc2nn3c(-c4ccccc4Br)nnc3s2)cc1
1896,O=C(Cn1cc(C(=O)C(F)(F)F)c2cc(Br)ccc21)N1CCOCC1
11017,CC12/C(=N/O)C3C4CC5C3/C(=N/O)C1C5C42
5692,Cc1ccc(C(=O)OCC(=O)Nc2ccc3c(c2)OCCO3)cc1C
13381,COc1ccc(/C=C2\SC(c3ccc(NC(=O)CCc4ccccc4)cc3)=NC2=O)cc1
14970,COc1c(O)c(=O)n2c3ccccc3c3ccnc1c32
15099,COc1ccc2c(c1)c1ccnc3ccc(=O)n2c31
9558,NC(=O)c1ccccc1N=Cc1ccccn1
8518,Cc1ccc(NC(=O)c2ccco2)cc1NC(=O)CSc1nnc(-c2cccs2)n1C
9611,CCn1c(SCC(=O)Nc2cccc(NC(=O)c3ccco3)c2)nnc1-c1cccs1
11164,Cc1nnn(C2CCNCC2)c1-c1cccc(OC(C)C)n1
4795,N#C/C(=C(/O)c1ccc(F)cc1)c1nc2ccccc2s1
11194,N#C/C(=C(/O)c1ccc(Cl)c([N+](=O)[O-])c1)c1nc2ccccc2s1
14932,COC1=C2[C@]3(C)CC[C@H]4C(C)(C)C(=O)C=C[C@]4(C)[C@H]3CC[C@@]2(C)[C@@](O)(c2ccoc2)C1=O
12592,CCOC(=O)CC1C(=O)NC2CCCCC2N1C(=O)Nc1ccc(Cl)cc1
2262,Cc1ccc(C2CC(=O)N3CN(c4ccc(Br)cc4)CSC3=C2C#N)o1
2264,Cc1cccc(N2CSC3=C(C#N)C(c4ccc(C)o4)CC(=O)N3C2)c1
2336,CCOc1ccc(N2CSC3=C(C#N)C(c4ccco4)CC(=O)N3C2)cc1
9566,CN(c1ccccc1)C(c1ccc(F)cc1)c1nnnn1C1CCCC1
8490,c1ccc(CCNc2ncnc3c2nnn3Cc2ccccc2)cc1
13378,CC(C)C[C@@H]1NC(=O)[C@H](Cc2ccc(O)cc2)NC(=O)CSC[C@@H](C(N)=O)NC(=O)CNC(=O)CNC(=O)[C@H](CCCN=C(N)N)NC(=O)[C@H](CC(=O)O)NC(=O)[C@H](CCCCN)NC(=O)[C@H](C)NC(=O)[C@H](CCCN=C(N)N)NC(=O)[C@H](Cc2ccccc2)NC(=O)[C@H](CCCN=C(N)N)NC1=O
13495,CC[C@H](C)[C@@H]1NC(=O)[C@H](C)NC(=O)[C@H](CCCCN)NC(=O)[C@H](Cc2ccccc2)NC(=O)[C@H](CCCN=C(N)N)NC(=O)[C@H](CC(C)C)NC(=O)[C@H](Cc2ccc(O)cc2)NC(=O)CSC[C@@H](C(N)=O)NC(=O)CNC(=O)CNC(=O)[C@H](CC(C)C)NC(=O)[C@H](CO)NC1=O
255,CCCC(=O)C1=C(N(C)c2ccccc2)CC(C)(C)C(C(=O)OC)C1=O
12052,CC1(C)CC(=O)C=C(Nc2ccccc2O)C1
11530,Cc1cc(C)cc(OCC(=O)NNC(=S)NC(=O)C2CC2)c1
11544,CC(C)c1ccc(OCC(=O)NNC(=S)NC(=O)C2CC2)cc1
11560,COc1ccc(OCC(=O)NNC(=S)NC(=O)C2CC2)cc1
11567,N#Cc1ccc(OCC(=O)NNC(=S)NC(=O)C2CC2)cc1
12770,Cc1ccc(OCC(=O)NNC(=S)NC(=O)C2CC2)c(C)c1
4507,Cc1ccc(S(=O)(=O)N[C@H](C(=O)Oc2ccc3c(C(F)(F)F)cc(=O)oc3c2)c2ccccc2)cc1
2771,Cc1sc2ncnc(Sc3nnnn3-c3ccccc3)c2c1C
2772,Cc1sc2ncnc(Sc3nnnn3-c3ccc(Cl)cc3)c2c1C
5463,Cc1ccc(C(=O)CC2(O)C(=O)Nc3ccccc32)s1
2990,Cc1nnc(NC(=O)Nc2ccc(Cl)c(Cl)c2)s1
3190,CCSCCc1nnc(NC(=O)Nc2cccc(C(F)(F)F)c2)s1
9132,Cc1nnc(NC(=O)Nc2cccc(Cl)c2)s1
1734,COc1ccc(C(=O)/C=C/c2ccc(F)cc2)c(OC(=O)c2ccc([N+](=O)[O-])cc2)c1
3219,COc1ccc(/C=C/C(=O)c2cc(F)ccc2OC(=O)c2ccccc2C)cc1OC
3440,COc1ccc(/C=C/C(=O)c2cc(F)ccc2OC(=O)c2ccccc2OC)cc1OC
13617,Fc1cccc(Cl)c1-c1ncc(-c2ccc(-c3ccccc3)cc2)[nH]1
8686,CCOC(=O)c1cnc(SCC(=O)Nc2nc(C)c(C)s2)nc1N
4879,CC(=O)Oc1ccc(N2C(=O)C3C(C2=O)C(C(=O)c2ccc(Cl)cc2)N2CCCC32)cc1
4881,COc1ccc(N2C(=O)C3C(C2=O)C(C(=O)c2ccc(Cl)cc2)N2CCCC32)cc1
12116,Cc1ccc(N2C(=O)C3C(C2=O)C(C(=O)c2ccc(Cl)cc2)N2CCCC32)cc1
13497,OCCc1[nH]c(-c2c(F)cccc2Cl)nc1-c1ccc(C#Cc2ccccc2)nc1
14018,Cc1[nH]c(-c2c(F)cccc2Cl)nc1-c1ccc(C#Cc2ccccc2)nc1
14297,Fc1cccc(Cl)c1-c1nc(-c2ccc(C#Cc3ccccc3)nc2)c(Cl)[nH]1
14444,Fc1cccc(Cl)c1-c1nc(-c2ccc(C#Cc3ccccc3)nc2)c(Br)[nH]1
6146,c1cncc(C(c2nnnn2C2CCCC2)N2CCCC2)c1
6384,COc1cc(C)nc(N2CCC(C(=O)NC3CCCCC3)CC2)n1
325,COC(=O)c1ccc2c(=O)n(CCCCCC(=O)NCc3ccc4c(c3)OCO4)c(=O)[nH]c2c1
7158,O=C(CSc1nc2cccnc2n1Cc1ccccc1)NCc1ccco1
1871,CCCOc1ccc(C(=O)NCC(c2cccs2)N(C)C)cc1
2668,O=C(CCN1C(=O)/C(=C/c2ccccc2Cl)SC1=S)NC1CCS(=O)(=O)C1
563,Cc1ccccc1C(=O)N1CCC(C(=O)Nc2nc3ccc(F)cc3s2)CC1
1337,CCOC(=O)c1cc2c(ccn2C)n1CC(=O)N1CCC(Cc2ccccc2)CC1
10820,O=C(c1cc2ccccc2oc1=O)N1CCSC1c1ccco1
1767,CCCOc1ccc(NC(=O)C(=O)NCCCn2ccnc2)cc1
2581,O=C(COC(=O)c1ccc(NS(=O)(=O)c2cccs2)cc1)NCc1ccco1
9221,c1ccc(-n2c(-c3ccncc3)nnc2-c2ccco2)cc1
5442,CO/N=C/C(=N\Nc1ccc(OC)cc1)C(=O)c1ccc(OC)cc1
3389,O=C(NC1=C(NC2CCS(=O)(=O)C2)C(=O)c2ccccc2C1=O)c1ccccc1
5765,O=C(COc1ncnc2ccccc12)NC1CCCC1
783,O=C(c1ccc(F)cc1)N1C[C@@H]2N[C@H](C1)C2c1ccc(/C=C/c2ccccc2)cc1
14471,CN(C)CCOc1cccc(-n2nc(C(C)(C)C)cc2NC(=O)N[C@H]2CC[C@@H](Oc3ccc4nnc(N5CCCCC5)n4c3)c3ccccc32)c1
14472,CC(C)(C)c1cc(NC(=O)N[C@H]2CC[C@@H](Oc3ccc4nnc(N5CCCCC5)n4c3)c3ccccc32)n(-c2cccc(CO)c2)n1
14481,Cc1ccc(-n2nc(C(C)(C)C)cc2NC(=O)N[C@H]2CC[C@@H](Oc3ccc4nnc(N5CCC(O)CC5)n4c3)c3ccccc32)cc1
14484,CC(C)(C)c1cc(NC(=O)N[C@H]2CC[C@@H](Oc3ccc4nnc(N5CCCCC5)n4c3)c3ccccc32)n(-c2ccc(Cl)c(O)c2)n1
14493,CC(C)(C)c1cc(NC(=O)N[C@H]2CC[C@@H](Oc3ccc4nnc(N5CCC(O)CC5)n4c3)c3ccccc32)n(-c2ccc(CO)cc2)n1
14503,Cc1ccc(-n2nc(C(C)(C)C)cc2NC(=O)N[C@H]2CC[C@@H](Oc3ccc4nnc(N5CCCCC5)n4c3)c3ccccc32)cc1
14504,C[C@@H]1CCC[C@H](C)N1c1nnc2ccc(O[C@@H]3CC[C@H](NC(=O)Nc4cc(C(C)(C)C)nn4-c4cccc(OCCN(C)C)c4)c4ccccc43)cn12
14505,Cc1ccc(-n2nc(C(C)(C)C)cc2NC(=O)N[C@H]2CC[C@@H](Oc3ccc4nnc(N5CCC(CO)CC5)n4c3)c3ccccc32)cc1
14517,C[C@@H]1CCCCN1c1nnc2ccc(O[C@@H]3CC[C@H](NC(=O)Nc4cc(C(C)(C)C)nn4-c4cccc(OCCN(C)C)c4)c4ccccc43)cn12
14518,C[C@H]1CCCCN1c1nnc2ccc(O[C@@H]3CC[C@H](NC(=O)Nc4cc(C(C)(C)C)nn4-c4cccc(OCCN(C)C)c4)c4ccccc43)cn12
14520,CN(C)CCOc1cc(-n2nc(C(C)(C)C)cc2NC(=O)N[C@H]2CC[C@@H](Oc3ccc4nnc(N5CCCCC5)n4c3)c3ccccc32)ccc1Cl
6583,CCCCSc1nn[nH]n1
5626,O=C(c1cccc(-n2cccc2)c1)N1CCN(S(=O)(=O)c2ccccc2)CC1
3087,O=C(/C=C/c1cccs1)Nc1cccc(NC(=O)/C=C/c2cccs2)n1
2355,CCCCn1c(=O)[nH]c2nc3cc(N)ccc3nc2c1=O
2302,Cc1cc(C)c2c(=O)n(CC(=O)N3CCC(N4CCCCC4)CC3)sc2n1
188,Cc1ccc(OCC(=O)N2CCCCC2)c(Br)c1
12392,Cc1cc(Cl)ccc1OCC(=O)N1CC(C)CC(C)C1
4008,O=Nc1c(-c2c(O)[nH]c3cc(Br)ccc23)[nH]c2ccccc12
206,S=c1[nH]nc(-c2ccccc2Cl)n1CC1CCCO1
279,CCC(C)(C)NC(=O)C(c1ccncc1)N(Cc1ccc(C)cc1)C(=O)c1csnn1
4379,c1nc(NCc2ccc3c(c2)OCO3)c2cc(-c3ccoc3)ccc2n1
13827,CS(=O)(=O)Nc1cc2c(cc1OC1CCCCC1)C(=O)CC2
5174,O=C(N/N=C/c1ccccn1)c1cc(Br)ccc1O
377,C=CCc1cc(C=O)cc(OC)c1OCc1ccc(Cl)cc1
3038,CCOC(=O)C(=Cc1ccc(OCc2ccc([N+](=O)[O-])cc2)c(OC)c1)C(=O)OCC
9499,COc1ccc(OCc2ccc(C(=O)O)cc2)cc1
11322,COc1cc(/C=N/N=C(N)N)ccc1OCc1ccc(Cl)cc1
11334,NC(N)=N/N=C/c1ccc(OCc2ccc(Cl)cc2)cc1
11599,NC(N)=N/N=C/c1ccc(OCc2ccc(Cl)cc2Cl)cc1
5274,CN1CCc2c(sc(NC(=O)c3ccc(S(=O)(=O)N4CCCCCC4)cc3)c2C(N)=O)C1
13530,CN1CCN(Cc2ccc(-c3cn4c5nc(ncc35)NCCCCNC(=O)CCC4)cc2)CC1
10196,CCn1c(O)c(/C=N/n2cnnc2)sc1=S
3153,N#CC1(C#N)CC(C=O)=C(N)C1(C#N)CC(=O)C12CC3CC(CC(C3)C1)C2
200,O=C(NCc1ccccc1)c1cnsn1
6281,O=C1c2ccccc2C(=O)N1CCCc1nc2ccccc2c(=O)n1CCCn1ccnc1
10737,CC1CCCCN1CC(=O)Nc1sc2c(c1C#N)CCC2
12560,COC(=O)C1CCN(CC(=O)Nc2sc3c(c2C#N)CCC3)CC1
14568,C/C=C/c1ccc(O[C@@H]2O[C@H](CO)[C@H]3OC(=O)c4cc(O)c(O)c(O)c4-c4c(cc(O)c(O)c4O)C(=O)O[C@@H]3[C@H]2O)c(O)c1.OCC1O[C@H](O)C(O)[C@@H](O)[C@H]1O
14569,C/C=C/c1ccc(O[C@@H]2O[C@H](CO)[C@H]3OC(=O)c4cc(O)c(O)c(O)c4-c4c(cc(O)c(O)c4O)C(=O)O[C@@H]3[C@H]2O)cc1.OCC1O[C@H](O)C(O)[C@@H](O)[C@H]1O
14687,C=CCc1ccc(O[C@@H]2O[C@H](CO)[C@H]3OC(=O)c4cc(O)c(O)c(O)c4-c4c(cc(O)c(O)c4O)C(=O)O[C@@H]3[C@H]2O)c(O)c1.OCC1O[C@H](O)C(O)[C@@H](O)[C@H]1O
14688,C=CCc1ccc(O[C@@H]2O[C@H](CO)[C@H]3OC(=O)c4cc(O)c(O)c(O)c4-c4c(cc(O)c(O)c4O)C(=O)O[C@@H]3[C@H]2O)cc1.OCC1O[C@H](O)C(O)[C@@H](O)[C@H]1O
10251,O=C1N(CN2CCOCC2)c2ccccc2C1(O)c1c[nH]c2ccccc12
6255,CC(=O)Nc1ccc(Nc2nc(C)nc3c2oc2ccccc23)cc1
2523,O=C(NCc1ccco1)c1ccc([N+](=O)[O-])o1
9866,Cc1cc(N2CCN(Cc3ccc4c(c3)OCO4)CC2)n2ncnc2n1
5077,Cc1ccc(C(=O)Sc2cccccc2=O)cc1
10373,CC1CC(C)CN(c2nc3c(c(=O)[nH]c(=O)n3C)n2CCCSc2nc3ccccc3s2)C1
12104,CC(C)N(C(=O)Nc1ccc2nccnc2c1)C(C)C
12845,C=CCN(CC=C)c1nc2ccccc2nc1C(C#N)C(=O)OC(C)C
3808,C[C@@]12CCC=C[C@H]1[C@H](c1ccc3ccccc3c1Br)N(Cc1ccccc1)C2=O
3812,C[C@@H]1CC=C[C@H]2[C@H]1C(=O)N(Cc1ccccc1)[C@H]2c1ccc2ccccc2c1Br
12811,COc1cccc(NC(=O)C(NC2CCCC2)c2ccccc2)c1
8746,COc1ccc(N(CC(O)CN2CCCCC2)S(=O)(=O)c2ccc(C)cc2)cc1
7192,CC(CN1CCCCC1)OC(=O)Cc1ccc(Cl)cc1
9212,Cc1ccc(-c2nnc(CSc3nnc(C)s3)o2)cc1
191,COc1ccc(S(=O)(=O)Nc2ccc3c(c2)OCO3)cc1Cl
7040,CCC(C)NS(=O)(=O)c1ccc(S(=O)(=O)Nc2cc3c(cc2C(C)=O)OCO3)cc1
10379,CCOC(=O)CSc1nnc([C@H](Cc2ccccc2)NC(=O)OC(C)(C)C)o1
3472,CC(=O)c1c(C)n(C2CCCCC2)c2ccc(O)cc12
7071,O=S(=O)(c1ccc(S(=O)(=O)N2CCCC2)cc1)N1CCCCCC1
11903,CNC(=O)c1cc(C(=O)NC2CC2)cn(CC2CCCOC2)c1=O
3027,Cc1ccc(Sc2c(C=O)c3ccccc3n2C)cc1
3028,Cn1c(Sc2ccc(Br)cc2)c(C=O)c2ccccc21
3029,Cn1c(Sc2ccc(Cl)cc2)c(C=O)c2ccccc21
8960,Cn1c2c(c(=O)n(C)c1=O)CN(CC1CCCO1)CN2
10601,COc1ccccc1-n1cnnc1SCC(=O)Nc1ncc(Cl)cc1Cl
5685,Cc1ccc(NC(=O)CN(C)C(=O)Cc2coc3cc(C)c(C)cc23)cc1
4110,O=c1[nH]c(C2CCN(S(=O)(=O)c3ccc4c(c3)OCCO4)CC2)nc2c1nnn2Cc1c(F)cccc1Cl
3887,CC1(O)CC(c2ccc(Cl)cc2)=NN1C(=O)c1ccc(Cl)cc1
9012,Cc1csc(NC(=O)CSc2nc3ccccc3c(=O)[nH]2)n1
5347,CN(C(=O)COC(=O)c1ccc2c(c1)OCO2)C1CCS(=O)(=O)C1
5591,CC(=O)Nc1ccc(NC(=O)CSc2nnc(NC(=O)c3ccc(Br)o3)s2)cc1
3538,Nc1nccc(-c2ccc(-n3cnc4ccccc43)cc2)n1
11443,Cc1nn(-c2ccccc2)c(N2CCCC2)c1/C=N/O
2054,CC1CNCCN1S(=O)(=O)c1cccc2cnccc12
5655,Cn1c(N)c(C(=O)CSc2nc3ccccc3n2-c2ccccc2)c(=O)n(C)c1=O
9503,CCOc1cc(S(=O)(=O)N2CCN(c3ccc(F)cc3)CC2)c(OCC)cc1-n1cnnn1
10605,O=C(c1ccc2ccccc2c1)N1CCN(c2ccc(O)cc2)CC1
7865,Cc1ccc(S(=O)(=O)NC(=O)Nc2ccc(Cl)cn2)cc1
10263,O=C(CC1C(=O)NCCN1C(=O)Nc1ccccc1)Nc1ccc2c(c1)OCCO2
6003,CC1Cc2ccccc2N1C(=O)CSc1ncccc1C(=O)O
5908,CCOC(=O)c1cccc(NC(=O)CSc2nnc(CNc3ccc(C)cc3)n2CC)c1
5953,COC(=O)c1ccc(NC(=O)CSc2nnc(CNc3ccc(OC)cc3)n2C)cc1
6573,CCOC(=O)CN(C(=O)CSc1nnc(CNc2ccc(C)cc2C)n1CC)c1ccccc1
9940,COC(=O)c1ccc(NC(=O)CSc2nnc(CNc3ccc(F)cc3)n2C)cc1
14612,C=C1C(=O)O[C@@H]2C[C@@H](C)C(CCC(C)O)=CC[C@H]12
14615,C=C1C(=O)O[C@@H]2C[C@H](C)C(CCC(C)=O)=CC[C@H]12
14616,C=C1C(=O)O[C@@H]2C[C@H](C)C(CCC(C)O)=CC[C@H]12
14617,C=C1C(=O)O[C@@H]2C[C@H](C)C(CCC(C)OC(C)=O)=CC[C@H]12
1422,COC(=O)c1c(-c2ccccc2)csc1NC(=O)c1ccco1
8038,O=C(Nc1scc(-c2ccccc2)c1C(=O)O)c1ccco1
8282,CCCc1[nH]n(-c2nc3ccccc3s2)c(=O)c1C=NCC1CCCO1
9100,CC1(C)CC(=O)C(/C=N/n2cnc3ccccc3c2=O)=C(O)C1
2343,COc1ccccc1OCCOc1ccc(/C=C2/C(=N)N3OC(C)=CC3=NC2=O)cc1OC
9773,CC(C)(C)NC(=O)C(c1ccccc1)N(C(=O)c1ccco1)C1CC1
9054,CCn1c(SCC(=O)Nc2nccs2)nnc1-c1ccc(S(=O)(=O)N2CCCCC2)cc1
3202,COc1ccc(C(CCN(Cc2ccc(OC)c(OC)c2)C(=O)CCl)c2ccccc2)cc1
4182,Cc1ccc(COc2cccc(/C=N/NC(=O)c3nnn(-c4nonc4N)c3C)c2)cc1
8708,CC1(C)CC(=O)C=C(N2CCNCC2)C1
7626,Cc1cc(C)cc(OCc2nnc(SCC(=O)OC3CCCCC3)o2)c1
9897,Cc1cc(OCc2nnc(SCC(=O)OC3CCCCC3)o2)ccc1Cl
4223,O=C(Nc1nc2cc3c(cc2s1)OCCO3)c1ccc([N+](=O)[O-])o1
10549,O=C1[C@@H]2CSCN2C(=O)CN1CCc1cccc(F)c1
1697,O=C(OCn1ncc(Cl)c(Cl)c1=O)c1ccc(F)cc1
10653,COC(=O)c1ccc2c(=O)[nH]c(CN3c4ccccc4CC3C)nc2c1
12842,CC1Cc2ccccc2N1Cc1nc2cc(Cl)ccc2c(=O)[nH]1
1038,COc1ccc(-c2cc(C(=O)Nc3cnn(Cc4ccccc4C)c3)no2)cc1OC
7578,O=C(CSc1nnnn1Cc1ccccc1)Nc1ccc2c(c1)OCCO2
3980,O=C1C(Cl)=C(NC(=O)c2ccccc2)C(=O)C(Cl)=C1NC(=O)c1ccccc1
7239,Cc1cc(C)c2c(c1)c(C)cc1nnc(SCC(=O)NCc3ccco3)n12
7290,Cc1ccc2cc(C)c3nnc(SCC(=O)NCc4ccco4)n3c2c1
8543,Cc1ccc2c(c1)cc(C)c1nnc(SCC(=O)NCc3ccco3)n12
257,C/C(=N\O)c1ccc(N2C(=O)C3CC=C(Cl)CC3C2=O)cc1
312,CC(=O)Oc1cccc(N2C(=O)C3CC=CCC3C2=O)c1
1567,CC(=O)Oc1cccc(N2C(=O)C3CC=C(Cl)CC3C2=O)c1
11146,NS(=O)(=O)c1ccc(N2C(=O)[C@H]3CC=CC[C@H]3C2=O)cc1
11150,O=C(O)c1ccc(N2C(=O)[C@H]3CC=CC[C@H]3C2=O)cc1
12832,CCOC(=O)c1ccc(N2C(=O)C3CC=C(C)CC3C2=O)cc1
3862,COc1cccc(N2CCN(c3nc(-c4ccccc4C)cc(=O)[nH]3)CC2)c1
11927,CC(C)C[C@@H]1NC(=O)[C@H](Cc2ccc(O)cc2)NC(=O)CSC[C@@H](C(N)=O)NC(=O)CNC(=O)CNC(=O)[C@H](CCC(N)=O)NC(=O)[C@H](CC(N)=O)NC(=O)[C@H]([C@@H](C)O)NC(=O)[C@H](C)NC(=O)[C@H](CCCCN)NC(=O)[C@H](CC(C)C)NC(=O)[C@H](CCCN=C(N)N)NC1=O
1235,CC(C(=O)O)c1ccc(-c2cccc(OC(=O)NCc3ccccc3)c2)c(F)c1
15160,O=C(CCc1ccc(O)c(O)c1)C[C@H](CCc1ccc(O)c(O)c1)O[C@@H]1O[C@H](CO)[C@@H](O)[C@H](O)[C@H]1O
15161,O=C(CCc1ccc(O)c(O)c1)C[C@H](CCc1ccc(O)cc1)O[C@@H]1OC[C@@H](O)[C@H](O)[C@H]1O
11180,O=C1OC(c2ccc3ccccc3c2)=N/C1=C\c1ccc(Cl)cc1
7083,Cc1cc(N2CCN(S(=O)(=O)Cc3ccccc3)CC2)n2ncnc2n1
7979,Cc1cc(C(F)(F)F)c2c(N)c(C(=O)Nc3cc(C)on3)sc2n1
5033,CCOC(=O)c1c(NC(=O)c2ccccc2C(=O)O)sc2c1CCCC2
14746,CC(C)(O)C1Cc2cc3cc(-c4cc(O)cc(O)c4)oc3cc2O1
6974,O=C(Nc1ccc2nc(-c3ccco3)[nH]c2c1)c1ccco1
4938,CCN1C(=O)/C(=C/C=C2\N(CC)c3cc(S(=O)(=O)N(C)C)ccc3N2c2ccccc2)SC1=S
6256,Cc1ccccc1C(C(=O)NCc1ccco1)N(CC1CCCO1)C(=O)Cn1nnc2ccccc21
8853,Cc1ccc(C(C(=O)NCc2ccco2)N(CC2CCCO2)C(=O)Cn2nnc3ccccc32)cc1
9590,O=C(NCc1ccco1)C(c1ccc(F)cc1)N(CC1CCCO1)C(=O)Cn1nnc2ccccc21
8773,CN(C(=O)C1CCCO1)c1nnc(-c2ccncc2)s1
6881,COc1ccc(NC(=O)c2cc(Cl)ccc2NC(=O)c2ccco2)c(OC)c1
8596,O=C(C1CC1)N(Cc1ccco1)c1nc(-c2ccccc2)cs1
8600,CCOC(=O)C1C(=O)C=C(c2cccc(NS(C)(=O)=O)c2)CC1c1ccco1
13963,O=C(Nc1cccc(Nc2ccc3c(c2)CCc2ccccc2C3=O)c1)c1ccco1
1805,Cc1c(NC(=O)c2c(N)n(-c3ccccc3)c3nc4ccccc4nc23)c(=O)n(-c2ccccc2)n1C
6394,Cn1c(-c2ccc(F)cc2)cnc1NCc1ccccc1
6594,Cc1cc2nc(-c3ccc(SCC(=O)N4CCOCC4)nc3)[nH]c2cc1C
10309,CCCn1c(Nc2nc3ccccc3n2C)nc2ccccc21
7579,O=C(NCc1ccccc1)NC1(C(=O)Nc2ccc3c(c2)OCCO3)CCCCC1
6458,O=C(CSc1nnnn1C1CCCC1)N1CCCc2ccccc21
12709,Cc1cccnc1-n1c(-c2ccccc2)nc2ccccc2c1=O
9959,Cc1cc(C)n(-c2nc3c(c(=O)[nH]c(=O)n3C)n2CCc2ccccc2)n1
2341,O=C(Nc1ccc2oc(-c3cccc4ccccc34)nc2c1)c1ncn[nH]1
949,Cc1ccc(C(=O)Nc2cccc(C(F)(F)F)c2)cc1-c1ccc2nc(NCCN3CCOCC3)ncc2c1
950,Cc1ccc(C(=O)Nc2cccc(C(F)(F)F)c2C)cc1-c1ccc2nc(NCCN3CCOCC3)ncc2c1
9975,CC1CCN(C(=O)Cn2nc(C(F)(F)F)c3c2CCCC3)CC1
469,O=C(CCC(=O)CCN1CCCCC1)CCN1CCCCC1
5875,O=C(CN1C(=O)CC(c2ccccc2)=Nc2ccccc21)NCc1ccco1
1895,COCCN(CC(=O)NC1CCCCC1)C(=O)/C=C/C(=O)c1ccc(OC)cc1O
5814,O=C(Nc1oc2ccccc2c(=O)c1-c1ccc2c(c1)OCO2)c1ccco1
12920,Cn1c(SCC(=O)N2CCCc3ccccc32)nc2cccnc21
6620,COc1cc(C2C(C(=O)N3CCCCC3)=C(C)NC3=C2C(=O)CC(C)(C)C3)ccc1O
13937,COc1ccc(C(C)Cn2ccnc2NC#N)cc1OC1CCCC1
7535,O=C(CSc1nnc(CNc2ccc(Cl)cc2)o1)Nc1nc2ccccc2s1
12044,O=C1CC(c2ccc3c(c2)OCO3)CN1
2266,COc1cc(OC)c(C2CC(=O)N3CN(c4ccccc4C)CSC3=C2C#N)cc1OC
2290,COc1ccc(N2CSC3=C(C#N)C(c4ccc(OC)c(OC)c4)CC(=O)N3C2)c(OC)c1
2291,COc1cccc(C2CC(=O)N3CN(c4cccc(Cl)c4C)CSC3=C2C#N)c1OC
2293,COc1ccccc1N1CSC2=C(C#N)C(c3ccc(SC)cc3)CC(=O)N2C1
2295,COc1ccc(OC)c(C2CC(=O)N3CN(c4ccccc4)CSC3=C2C#N)c1
2296,COc1ccc(N2CSC3=C(C#N)C(c4cc(OC)ccc4OC)CC(=O)N3C2)c(OC)c1
2298,N#CC1=C2SCN(c3ccc(F)cc3)CN2C(=O)CC1c1cccc(F)c1
2300,COc1ccc(N2CSC3=C(C#N)C(c4cc(OC)c(OC)cc4OC)CC(=O)N3C2)c(OC)c1
2305,COc1ccc(N2CSC3=C(C#N)C(c4cccc(OC)c4OC)CC(=O)N3C2)cc1
2307,CCc1ccccc1N1CSC2=C(C#N)C(c3ccccc3F)CC(=O)N2C1
10071,COc1cc(OC)c(C2CC(=O)N3CN(c4ccc(C)cc4)CSC3=C2C#N)cc1OC
10098,CCc1ccccc1N1CSC2=C(C#N)C(c3cc(OC)c(OC)cc3OC)CC(=O)N2C1
1175,CC(C(=O)NCCCCOc1ccc(S(N)(=O)=O)cc1)c1ccc(-c2ccccc2)c(F)c1
8815,Nc1nsnc1C(=O)NCCO
12274,O=C(c1cc(-c2cccnc2)nc2ccc(Br)cc12)N1CCN(c2ncccn2)CC1
8857,O=C(CSc1n[nH]c(-c2ccncc2)n1)c1ccccc1
1696,O=C(/C=C/Nc1cccc(C(F)(F)F)c1)c1ccc(Oc2ncccn2)cc1
9246,CCc1ccccc1N(CC(=O)NCc1ccco1)C(=O)c1snc(C(N)=O)c1N
1052,Oc1ccc(N2CCN(c3ncnc4sc(-c5ccccc5)cc34)CC2)cc1
12924,O=C(Nc1nc2ccccc2s1)C1CC(=O)N(c2ccc(F)cc2)C1
5083,COc1ccc2c(c1OC)C(=O)N(c1cccc(NC(C)=O)c1)C2
4459,CN1C(=O)/C(=C\c2ccc(N3CCCCC3)o2)C(=O)NC1=S
4666,COC(=O)c1ccc(N)c(N=CC2=C(O)CC(C)(C)CC2=O)c1
12583,COC(=O)c1cc(OC)c(OC)cc1N=CC1=C(O)CC(C)(C)CC1=O
14059,CN1CCN(c2ccc(NC(=O)c3ccc(C#N)o3)c(C3=CCCCC3)c2)CC1
10113,O=c1oc2c(CN3CCOCC3)c(O)ccc2c2c1CCC2
13483,CCN1CCC[C@@H]1CNC(=O)c1ccc2c(c1)NC(=O)c1cccc(C)c1S2
7900,O=C(Nc1cnc2ccccc2c1)N1CCOCC1
6305,O=c1cc(CSc2ccccn2)[nH]c(=O)[nH]1
6058,Cc1[nH]nc2c1C(c1ccc3c(c1)OCO3)C(C#N)=C(N)O2
6233,Oc1ccc(CNc2ccccc2)c2cccnc12
9041,Oc1ccc(CNc2ccc(F)cc2)c2cccnc12
10901,Cc1ccc(S(=O)(=O)N2CCOCC2)cc1C(=O)Nc1nc(-c2cccnc2)cs1
5193,C/C(=N\NC(=O)c1cc2ccccc2cc1O)c1ccccn1
4577,N#Cc1c(NC(=S)NC(=O)c2ccccc2)sc2c1CCN(CCc1ccccc1)C2
1095,COc1ccc(-c2ccc3c(c2)CN(C2CN(C#N)C2)C3)cc1F
10639,C=CCn1c(SCC(=O)N2CC(=O)Nc3ccccc32)nc2scc(-c3cccs3)c2c1=O
4279,C[C@@H]1O[C@@H](O[C@H]2C[C@@H](O)[C@]3(CO)[C@@H]4C(CC[C@]3(O)C2)[C@@]2(O)CC[C@H](C3COC(=O)C3)[C@@]2(C)C[C@H]4O)[C@H](O)[C@H](O)[C@H]1O
2424,Cc1ccc(/C=C/C(=O)N2CCN(c3ncccn3)CC2)o1
11501,O=C(N[C@H]1CNC1=O)OCc1ccc(-c2cccnc2)cc1
14199,Cc1c(C(C)C)c(=O)on1C(=O)N(C)C1CCCCC1
2088,Cc1cc(NC(=O)c2ccc(S(=O)(=O)N3CCCC3)cc2)nc2c1c(=O)oc1ccccc12
2132,CCCCn1c(N)c(-c2nc3ccccc3s2)c2c([N+](=O)[O-])nn(CC)c(=O)c21
2979,CCCCCn1c(N)c(-c2nc3ccccc3s2)c2c([N+](=O)[O-])nn(CC)c(=O)c21
7724,O=C(CCn1nnc2ccccc21)Nc1nnc(-c2ccccc2F)s1
550,Cc1ccc(OCc2cc(C(=O)N3CCc4sccc4C3)no2)cc1C
5605,CN(C)S(=O)(=O)c1ccc(C(=O)NCc2nnc(SCC(=O)N3CCCCCC3)o2)cc1
12390,Cc1cc(=O)n2nc(N3CCCC(C(=O)NC(C)c4ccccc4)C3)sc2n1
11419,CS(=O)(=O)Nc1cc2c(cc1S(=O)(=O)c1ccc(F)cc1F)C(=O)CC2
10939,CCSc1nnc(NC(=O)c2nc(-c3ccccc3)n(-c3ccccc3)n2)s1
4747,CCOC(=O)C1(CC2CCCCO2)CCN(Cc2cc3ccccc3[nH]2)CC1
5516,FC(F)(F)c1nnc(-c2ccccc2)nc1Sc1ccc(Cl)cc1
1283,c1ccc2oc(Oc3ccc(OCCN4CCCCC4)cc3)nc2c1
1294,OC1CCN(CCOc2ccc(Oc3nc4ccccc4o3)cc2)CC1
1296,OCC1CCN(CCOc2ccc(Oc3nc4ccccc4o3)cc2)CC1
4041,CCOC(=O)C1CCN(c2cc3c(cc2NC(=O)c2ccc(OC)c(OC)c2)n(C)c(=O)n3C)CC1
13331,Cc1c(C(C)C)c(=O)on1C(=O)N1CCN(C)CC1
12467,Cc1ccc(OCC(=O)NCc2cccs2)cc1
8812,COc1ccc(C(OC(=O)c2ccco2)C(=O)NCc2ccco2)cc1
5990,CCCn1c(O)c(CN2CCCCC2)c(C)c(C#N)c1=O
9969,COc1ccc(CCNC(=O)C2CCCN2C(=O)NC2CCCCC2)cc1OC
12882,Cc1ccc(CNc2nc3ccccc3s2)s1
1302,N#Cc1c(C2CCCNC2)cc(-c2c(O)cccc2OCC2CCCCC2)nc1N
10314,Cn1c(NC(=O)c2cccs2)c(-c2cccs2)c(=O)c2ccccc21
10573,CCn1c(NC(=O)c2cccs2)c(-c2cccs2)c(=O)c2ccccc21
230,Cc1cc(C)nc(SCC(=O)NC2=NC(=O)C(C)S2)n1
12476,O=C(CN1C(=O)COc2ccccc21)NCCN1CCC(Cc2ccccc2)CC1
11047,Cc1noc(C)c1C(=O)OCC(=O)NCCc1ccc(Cl)cc1
12053,C/C(=C\C(=O)c1ccc(F)cc1)NCc1ccc2c(c1)OCO2
6723,CS(=O)(=O)NCc1nnc(SCC(=O)NC2CCCCC2)n1-c1ccc(F)cc1
7471,COc1cccc(N(CC(=O)NC(C)(C)C)C(=O)C2CSC(=O)C2)c1
6130,CN(CC(=O)NCC1CCCO1)S(=O)(=O)c1cc(Cl)ccc1Cl
2168,CCOC(=O)c1c(CSc2nc(C)cc(C)c2C#N)n(C)c2cc(Br)c(OC(C)=O)cc12
7371,Cc1cc(C)nc(NC(=O)Cc2cccs2)n1
4845,COc1ccccc1NC(=S)NNC(=O)c1ccncc1
4328,CCn1c(SC)nc2cc(S(=O)(=O)N3CCCCC3)ccc21
5195,O=C(CSc1ccccn1)Nc1nonc1[N+](=O)[O-]
12141,CC#CCCC(=O)N1C=Cc2ccccc2C1C#N
10540,COc1cccc(CNn2cnnc2)c1OCc1ccccc1F
5553,O=C(Nc1ncc2c(n1)CC(c1cccc(Cl)c1)CC2=O)c1ccco1
14106,Cn1ccc(-c2cc(Cl)c(Cl)c3[nH]c4c(c23)CN(C(=O)CO)CC4)n1
6842,Cn1c(SCC(=O)Nc2ccc3c(c2)OCCO3)nnc1-c1ccco1
8194,CCOc1ccc2[nH]c(=O)c(CN(Cc3ccc(F)cc3)C(=O)c3ccco3)cc2c1
4812,Cc1cc(N2CCOCC2)nc(N)n1
8769,Cc1ccc(-n2nnnc2SCC(=O)Nc2ccccc2N2CCCCC2)cc1C
5686,Cc1ccccc1-n1c(SC(C)C(=O)NCC2CCCO2)nnc1-c1ccncc1
1405,COc1cccc(-n2c(SC3CCOC3=O)nc3ccccc3c2=O)c1
8814,Cc1nn(-c2ccccc2)c(Cl)c1C1C(C#N)=C(N)OC2=C1C(=O)CC(C)(C)C2
4448,O=C1Cc2ccccc2Sc2ccc(Cl)cc21
4449,Cc1cccc2c1Sc1ccccc1CC2=O
4663,Nc1ccc2c(c1)CC(=O)c1ccccc1S2
8269,O=C(Nc1cccc(O)c1)c1cc(S(=O)(=O)N2CCCC2)ccc1Cl
8791,O=C(Nc1cccc(O)c1)c1cccc(S(=O)(=O)N2CCCC2)c1
12718,Cc1cc(C)nc(NC(=O)CSc2nnnn2-c2ccccc2)n1
10669,CC1=Nc2ncnn2C(c2ccccc2)/C1=N\O
2344,N#C/C(=C/c1ccc(N2CCOCC2)o1)c1ccc(Cl)cc1
4521,N#C/C(=C/c1ccc(N2CCOCC2)o1)c1ccc(Br)cc1
10299,COc1ccc(OCc2nn3c(Cn4cnc5ccccc54)nnc3s2)cc1
464,COc1cc(NC(=O)c2csc(-c3ccncc3)n2)cc(C(=O)Nc2cccc(C(F)(F)F)c2)c1
468,CN1CCc2c(C#N)c(N3CCCCC3)nc(NCc3ccccc3)c2C1
7138,C1=C(C(c2nnnn2C2CCCCC2)N2CCCCC2)COc2ccccc21
10925,CCOC(=O)c1cnn(-c2nc(CC)nc3sc4c(c23)CCC4)c1N
12202,O=c1c(C=Nc2ccc(Oc3ccccc3)cc2)c[nH]n1-c1cccc(Cl)n1
11663,N#CC(=C1Nc2ccccc2N1)c1nc(Cl)ncc1Br
10917,c1ccc(CSc2nnc(NC3=NCCCCC3)s2)cc1
2757,CCCNC(=O)c1c(N)n(Cc2ccc3c(c2)OCO3)c2nc3ccccc3nc12
4167,Cn1cc([N+](=O)[O-])c(C(=O)Nc2sc3c(c2C#N)CCC3)n1
5528,COC(=O)c1c(NC(=O)c2ccn(C)n2)sc2c1CCC2
5557,CCn1ccc(C(=O)Nc2sc3c(c2C(=O)OC)CCC3)n1
8100,Cn1c(CSc2nc3ccccc3s2)nc2ccccc21
3388,COc1ccccc1N=C(C)C1=C(O)CC(c2ccccc2)CC1=O
546,CN1CCN(c2ccc(NC(=O)N3CCc4ccccc43)cc2)CC1
7895,CCN=C1SC(C(=O)Nc2cccc(OCC)c2)CC(=O)N1CC
9830,CCN=C1SC(C(=O)Nc2cccc(C(=O)O)c2)CC(=O)N1CC
11012,Cc1csc(SCc2c(C(=O)O)oc3ccccc23)n1
7794,Cc1ccc(S(=O)(=O)N2CCCC2)cc1S(=O)(=O)N1CCCC1
11160,CS(=O)(=O)c1ccc(-c2nccnc2-c2ccc(F)cc2)cc1
3352,COc1ccccc1N1CCN(C(=O)c2ccc3c(Cl)c4c(nc3c2)CCCC4)CC1
7284,N#Cc1c2c(c(NCCN3CCOCC3)n3c1nc1ccccc13)CCCC2
2276,Cc1c(C(=O)OCC2CCCO2)[nH]c2c1C(=O)CC(c1ccco1)C2
12336,COc1ccc(OCC(=O)NNC(=O)c2cccs2)cc1
3531,CC(C)(C)C(=O)Cn1ncc(Br)c(Br)c1=O
3537,CC(=O)Cn1ncc(Br)c(Br)c1=O
6370,COC(=O)C(C)Oc1ccc(=O)[nH]n1
8663,Cn1nc(OCC(N)=O)ccc1=O
11785,CCN(CC)CCOC(=O)c1ccc(N/C=C(/C#N)c2nc(-c3cc4ccccc4oc3=O)cs2)cc1
2022,CN(N)CC(O)c1ccc2c(c1)OCCO2
7609,O=C(O)CNC(=O)c1ccc2c(c1)OCCO2
9098,CCC(=O)c1cc2c(cc1NC(=O)C(C)C)OCCO2
13416,CCS(=O)(=O)c1ccccc1C(=O)N1CCN(c2nc3ccc(F)cc3s2)C[C@@H]1C
6079,CCc1c(C)nc(N)n2c(SCC(=O)Nc3ccccc3OC)nnc12
9303,CCOc1ccccc1NC(=O)CSc1nnc2c(CC)c(C)nc(N)n12
12856,CCOC(=O)c1cc2c3ccccc3n(CC)c2nc1N
12469,CC(=NCc1cccnc1)c1c(O)n(-c2ccc(C)cc2)c(=O)[nH]c1=O
5331,Cc1cc(C)n(-c2nc3c(c(=O)[nH]c(=O)n3C)n2Cc2cccc(Br)c2)n1
6827,Cc1cc(C)n(-c2nc3c(c(=O)[nH]c(=O)n3C)n2Cc2ccccc2)n1
2123,c1ccc(CSc2ncnc3c2sc2nc(N4CCOCC4)c4c(c23)CCCC4)cc1
7550,O=C(Nc1ccccc1)N(CCCN1CCOCC1)Cc1cc2cc3c(cc2[nH]c1=O)OCCO3
12363,COc1ccc(N2CC(C(=O)OCC(=O)c3ccccc3)CC2=O)cc1
716,CC(C)(C)[S@](=O)N1Cc2cc(C(=O)NCC(F)(F)F)nc(-c3cccc(-c4cccc(F)c4)c3)c2[C@@H]1CCO
180,Cc1ncsc1CCSc1nc2ccccc2c(=O)n1C
8604,Cn1c(C(=O)N2CCN(c3nc4ccccc4s3)CC2)cc2sccc21
12990,CS(=O)(=O)Nc1cc2c(cc1Sc1ccncc1)C(=O)CC2
4958,CN(C)c1ccc(/C=C2\C(=N)N3C(=NC2=O)Sc2cc(S(C)(=O)=O)ccc23)cc1
3672,Clc1cccc(Nc2nc(-c3ccncc3)nc3ccccc23)c1
6910,Cc1ccc(NC(=O)N(Cc2cc3cc(C)cc(C)c3[nH]c2=O)CC2COCCO2)cc1
8466,Cc1nnc(N(Cc2ccccc2)C(=O)c2cnccn2)s1
5959,COCCN(C(=O)COc1ccccc1)c1nnc(-c2cccnc2)s1
1569,CCN1CCN(Cc2ccccc2C)CC1
1576,CCN1CCN(Cc2ccc(C)cc2)CC1
1725,CCN1CCN(Cc2cc(OC)c(OC)cc2[N+](=O)[O-])CC1
6175,CC(C)(C)c1cc(CN2CCN(CCC#N)CC2)cc(C(C)(C)C)c1O
4787,CCCCOc1ccc2c(c1)/C(=C(\C(Cl)=C(Cl)Cl)[N+](=O)[O-])N2
12704,COc1cc2[nH]c(=O)n(Cc3ccc(C(=O)NCC4CCCO4)cc3)c(=O)c2cc1OC
4598,Cc1onc(-c2ccccc2)c1C(=O)NNC(=S)NC(=O)/C=C/c1ccccc1
4615,COc1ccc(/C=C/C(=O)NC(=S)NNC(=O)c2c(-c3ccccc3)noc2C)cc1
3333,O=C(Nc1ccccc1Cc1ccccc1)c1ccccc1NS(=O)(=O)c1ccc(Cl)s1
5876,CCCn1c(SCC(=O)Nc2ccccc2C(=O)OCC)nc2c1c(=O)n(C)c(=O)n2C
7790,CCOc1ccc(OCC)c(NC(=O)CSc2nc3c(c(=O)n(C)c(=O)n3C)n2C(C)C)c1
340,Cc1ccc(C2Oc3ccccc3C3=C2C(c2cccs2)n2ncnc2N3)cc1
3830,C=CC[C@]12CC=CC(=O)[C@@]1(O)O[C@H](c1ccc(OC)c(OC)c1)[C@H]2C
1375,CCn1c(SCC(=O)NCc2ccco2)nnc1-c1ccc(N)cc1
1861,CCc1cccc(CC)c1NC(=O)COC(=O)c1cccc(-c2ccc(OC(C)=O)cc2)c1
9589,COc1ccccc1NC1SC(=O)N(c2ccccc2)C1=O
8138,Cc1[nH]c2ccc(CNS(=O)(=O)c3ccc(S(=O)(=O)N4CCOCC4)cc3)cc2c1C
10209,CSCCC1NC2(C(=O)Nc3c(Cl)cccc32)[C@@H]2C(=O)N(C3CCCC3)C(=O)[C@H]12
10221,CSCCC1NC2(C(=O)Nc3c(C)cc(Cl)cc32)[C@@H]2C(=O)N(C3CCCC3)C(=O)[C@H]12
10437,CSCCC1NC2(C(=O)Nc3c2ccc(Cl)c3C)[C@@H]2C(=O)N(C3CCCC3)C(=O)[C@H]12
6796,COc1ccc2c(=O)c(C(=O)NCCc3ccc(OC)c(OC)c3)c[nH]c2c1
6518,Cc1cc2c(c(=O)o1)C(C(C)C)C(C#N)=C(N)O2
11051,O=C(Nc1nc(-c2ccccc2)cs1)C1CCCCN1S(=O)(=O)c1ccccc1
14624,C=C1C(=O)O[C@H](CC(C)=O)[C@@H]1CC1=C(C)CCC1=O
4347,COc1ccc(-c2oc3ccc(-c4cc(OC)c(OC)c(OC)c4)cc3c2C#Cc2ccccn2)cc1
1459,Cc1cccc(NC(=O)c2ccc(NS(=O)(=O)c3c(C)noc3C)cc2)c1
3223,C=C(C(=O)c1ccccc1)C(CC(=O)c1ccccc1)c1ccccc1
6909,O=C(NCCc1ccccc1)c1ccc(-n2cnnn2)cc1
14272,Cc1c(C2CCCC2)c(=O)on1C(=O)N1CCCCC1
5790,COc1ccc(NC(=O)c2ccc(NC(=O)CN3CCN(c4ccccc4)CC3)cc2)cc1
1738,Cc1ccc(N2CCN(/N=C/c3cccs3)CC2)cc1
9535,COC(=O)c1ccccc1NC(=O)CSc1nnc(CNS(=O)(=O)c2ccc(C)cc2)n1C
5928,Cc1cc(-c2ccccc2)nc(=O)[nH]1
4803,Cc1ccc(N/C(N)=N/c2nc(C)cc(N3CCCCC3)n2)c(C)c1
8294,Cn1c(SCC(=O)NCc2cccs2)nnc1-c1ccc(S(=O)(=O)N2CCCC2)cc1
5859,CN1C=CC2=C(C#N)C(N)C(C#N)(C#N)C(c3ccccc3)C2C1
6603,Cc1cc(NCCCn2ccnc2)n2c(nc3ccccc32)c1C#N
10797,Cc1noc(C)c1CSc1nnc(-c2ccccc2)n1Cc1ccco1
8778,NC(=O)CSc1nnc(-c2ccc(S(=O)(=O)N3CCCC3)cc2)n1CC1CCCO1
9256,CC(C)NC(=O)CSc1nnc(-c2ccc(S(=O)(=O)N3CCCC3)cc2)n1CC1CCCO1
7894,Cc1cccc(C(=O)NC2CC3CCCC(C2)N3C(=O)NC2CCCCC2)c1
8908,Cc1ccc(C(=O)NC2CC3CCCC(C2)N3C(=O)NC2CCCCC2)cc1
8240,CCOC(=O)C1CCN(C(=O)Nc2ccc3nc(C)c(C)nc3c2)CC1
9726,O=C(O)CCCC(=O)Nc1ccc(N2CCCC2)cc1
12351,COc1ccccc1-n1c(SCC(=O)Nc2ccc(C)cc2)nc(O)cc1=O
13057,O=[N+]([O-])c1ccc(CSc2cc3ccccc3[nH]2)c([N+](=O)[O-])c1
2576,O=[N+]([O-])C(=c1ccc2c(c1)N1C3=C(CCCC3)CC3CCCCC31N=2)[N+](=O)[O-]
12228,CC1CCCC/C1=N/Nc1ccc([N+](=O)[O-])cc1[N+](=O)[O-]
12724,Cc1ccc(Oc2ncc(CN3CC(C)OC(C)C3)s2)cc1
12731,Clc1cccc(Oc2ncc(CN3CCOCC3)s2)c1
10366,O=C(NCCCN1CCN(Cc2ccccc2)CC1)c1nnc(Cc2c(F)cccc2Cl)o1
7498,Cn1c(Cn2nnc3ccccc32)nnc1SCC(=O)Nc1ccc2c(c1)OCO2
14442,Cc1ccc(-n2nc(C(C)(C)C)cc2NC(=O)N[C@H]2CC[C@@H](Oc3ccc4nnc(N5CCN(C)CC5)n4c3)c3ccccc32)cc1
379,CC[C@@H]1OC(=O)[C@H](C)[C@@H](O[C@@H]2C[C@](C)(OC)[C@@](O)(CN(C)Cc3ccc(-c4cn(CCCC(=O)NO)nn4)cc3)[C@@H](C)O2)[C@@H](C)[C@@H](O[C@@H]2O[C@H](C)C[C@H](N(C)C)[C@H]2O)[C@](C)(O)C[C@@H](C)CN(C)[C@H](C)[C@@H](O)[C@]1(C)O
387,CC[C@@H]1OC(=O)[C@H](C)[C@@H](O[C@@H]2C[C@](C)(OC)[C@@](O)(CN(C)Cc3ccc(-c4cn(CCCCCC(=O)NO)nn4)cc3)[C@@H](C)O2)[C@@H](C)[C@@H](O[C@@H]2O[C@H](C)C[C@H](N(C)C)[C@H]2O)[C@](C)(O)C[C@@H](C)CN(C)[C@H](C)[C@@H](O)[C@]1(C)O
389,CC[C@H]1OC(=O)[C@@H](C)[C@H](O[C@H]2C[C@@](C)(OC)[C@](O)(CN(C)Cc3ccc(-c4cn(CCCCC(=O)NO)nn4)cc3)[C@H](C)O2)[C@H](C)[C@H](O[C@H]2O[C@@H](C)C[C@@H](N(C)C)[C@@H]2O)[C@@](C)(O)C[C@H](C)CN(C)[C@@H](C)[C@H](O)[C@@]1(C)O
394,CC[C@H]1OC(=O)[C@@H](C)[C@H](O[C@H]2C[C@@](C)(OC)[C@](O)(CN(C)Cc3ccc(-c4cn(CCCCCCC(=O)NO)nn4)cc3)[C@H](C)O2)[C@H](C)[C@H](O[C@H]2O[C@@H](C)C[C@@H](N(C)C)[C@@H]2O)[C@@](C)(O)C[C@H](C)CN(C)[C@@H](C)[C@H](O)[C@@]1(C)O
12151,COC(=O)C(C)N1C(=O)S/C(=C/c2cc(C)n(-c3ccccn3)c2C)C1=O
626,COc1ccc(S(=O)(=O)N(C)C[C@H]2Oc3ccc(NC(=O)Nc4ccc(C(F)(F)F)cc4)cc3C(=O)N([C@@H](C)CO)C[C@@H]2C)cc1
627,COc1ccc(S(=O)(=O)N(C)C[C@@H]2Oc3ccc(NC(=O)Nc4ccc(C(F)(F)F)cc4)cc3C(=O)N([C@H](C)CO)C[C@H]2C)cc1
628,COc1ccc(S(=O)(=O)N(C)C[C@H]2Oc3ccc(NC(=O)Nc4ccc(C(F)(F)F)cc4)cc3C(=O)N([C@@H](C)CO)C[C@H]2C)cc1
631,COc1ccc(S(=O)(=O)N(C)C[C@@H]2Oc3ccc(NC(=O)Nc4ccc(C(F)(F)F)cc4)cc3C(=O)N([C@@H](C)CO)C[C@@H]2C)cc1
4420,O=C(Nc1ccc(Cl)cc1)c1nc[nH]c1C(=O)NCCN(CCNC(=O)c1[nH]cnc1C(=O)Nc1ccc(Cl)cc1)CCNC(=O)c1[nH]cnc1C(=O)Nc1ccc(Cl)cc1
6926,Cc1cc(C)n(CC(O)COc2ccccc2C(=O)Nc2ccccc2)n1
7852,O=C(O)CSc1nnc(Cn2cnc3ccccc32)n1CCc1ccccc1
1888,O=C(CCc1ccccc1)NCCC1=CCCCC1
1545,CCOC(=O)Cc1csc(NC(=O)COc2ccc(OC)cc2)n1
3488,CCC(Oc1ccccc1)C(=O)Nc1ncc([N+](=O)[O-])s1
8549,COC(=O)c1sc(NC(=O)COc2ccccc2)nc1C
8986,COc1ccc(Cn2nnnc2C(c2ccc(F)cc2)N2CCN(C3CCCC3)CC2)cc1
5244,COc1ccc(/C=C2\C(=N)N3N=C(CC(=O)N4CCCCC4)SC3=NC2=O)cc1
5265,CSc1ccc(/C=C2\C(=N)N3N=C(CC(=O)N4CCCCC4)SC3=NC2=O)cc1
5269,CN(C)c1ccc(/C=C2\C(=N)N3N=C(CC(=O)N4CCCCC4)SC3=NC2=O)cc1
8354,CC(C)C(c1nnnn1C1CCCCC1)N1CCc2ccccc2C1
13842,CC(C)(O)c1cc2nn(C[C@@H]3CCC(=O)N3)cc2cc1NC(=O)c1cccc(C(F)(F)F)n1
6916,Cc1ccn2cc(-c3nonc3C)cc2c1
1636,COc1ccc(NC(=O)c2ccc(CNc3c(NC4CCCCC4)c(=O)c3=O)cc2)cc1OC
106,CC(C(=O)Nc1ccccc1-c1ccccc1)N1CCOCC1
6808,CCN(CC)S(=O)(=O)c1ccc(S(=O)(=O)Nc2ccc(C(=O)N3CCCC3)cc2)cc1
8429,Cc1onc(-c2ccccc2Cl)c1C(=O)Nc1ccc(CN2CCCC2)cc1
13931,O=C(NC1CCN(CC(F)(F)F)CC1)c1ccc(Oc2ccccc2)nc1
15201,O=c1cc(-c2ccc(O)cc2)oc2c([C@@H]3O[C@H](CO)[C@@H](O)[C@@H](O)[C@H]3O)c(O)c([C@@H]3O[C@H](CO)[C@@H](O)[C@H](O)[C@H]3O)c(O)c12
5110,Oc1ccccc1-c1nnc2n1CCCCC2
12529,O=Cc1cn(-c2ccccc2)nc1-c1cc2ccccc2oc1=O
14835,CC1(C)Oc2cc3oc(-c4cc(O)cc(O)c4)cc3cc2CC1O
3872,O=C(Cc1ccc(Br)cc1)Nc1ccc2[nH]ncc2c1
14587,C=C(C)[C@@H]1CCC2[C@@H](CC=C3[C@@]2(C)CC[C@@]3(C)[C@H](C)C[C@@H]2C[C@@H](C)C(=O)O2)[C@@]1(C)CCC(=O)OC
3346,CC(C)CCCCCCNC(=S)Nc1ccc(S(=O)(=O)N2CCOCC2)cc1
7297,CC#CCN(CC#CC)S(=O)(=O)c1ccc(S(=O)(=O)N2CCOCC2)cc1
12715,COc1ccc(C(=O)NCCC(C)C)cc1S(=O)(=O)N1CCOCC1
12800,O=S(=O)(c1ccccc1C(F)(F)F)N1CCOCC1
10743,CC1(c2ccccc2)NC(=O)N(CCN2C(=O)c3ccccc3C2=O)C1=O
1919,COc1ccccc1NC(=O)CSc1nnc2ccc(-c3cccnc3)nn12
6261,COc1ccc(N2CCN(C(=O)CSc3nnc4nc(C)cc(C)n34)CC2)cc1
7497,Cc1cccc(NC(=O)c2c(O)c3cccc4c3n(c2=O)CCC4)n1
13101,O=C(O)Cn1cnc(-c2ccccc2)c1-c1ccccc1
13169,COc1ccc(-c2ncn(CC(=O)O)c2-c2ccc(OC)cc2)cc1
4628,CC(C)CC(NC(=O)c1ccccc1)C(=O)N/N=C/c1ccco1
3749,Nc1nc(Nc2ccccc2)sc1C(=O)c1ccccc1
3982,COc1ccc(Nc2nc(N)c(C(=O)c3ccc(OC)cc3)s2)cc1
11132,Nc1ccc(Nc2ncc(C(=O)c3ccccc3Cl)s2)cc1
11135,Cc1ccccc1C(=O)c1cnc(Nc2ccccc2)s1
11282,Nc1cccc(Nc2ncc(C(=O)c3ccccc3Cl)s2)c1
11325,O=C(c1cnc(Nc2cccc([N+](=O)[O-])c2F)s1)c1ccccc1Cl
11974,O=C(c1cnc(Nc2ccc(O)cc2)s1)c1ccccc1Cl
12499,O=C(c1cnc(Nc2cccc([N+](=O)[O-])c2)s1)c1ccccc1Cl
13014,O=C(c1cnc(Nc2ccc(Br)cc2)s1)c1ccccc1Cl
13021,O=C(c1cnc(Nc2ccc(Cl)cc2)s1)c1ccccc1Cl
13072,O=C(c1cnc(Nc2ccccc2F)s1)c1ccccc1Cl
13130,O=C(c1cnc(Nc2ccccc2)s1)c1ccccc1Cl
13232,Nc1cccc(Nc2ncc(C(=O)c3ccccc3Cl)s2)c1F
13313,O=C(c1cnc(Nc2ccc(F)cc2)s1)c1ccccc1Cl
13390,O=C(c1cnc(Nc2ccc(O)cc2F)s1)c1ccccc1Cl
13494,O=C(c1cnc(Nc2ccc(F)cc2F)s1)c1ccccc1Cl
775,COc1ccc2c3c(n(C)c2c1)[C@H](CO)N(C(=O)Nc1ccc(F)cc1)CC31CCN(C(=O)c2ccc3c(c2)OCO3)CC1
1755,CCCOc1ccc([N+](=O)[O-])cc1C1NC(=S)NC(c2ccccc2)=C1C(=O)OCC
10623,O=C(CSc1nnc(Cc2ccccc2)o1)NCc1ccco1
12315,COC(=O)c1c(NC(=O)CCc2ccc(C)o2)sc(C)c1C
8474,O=C(NCC1CCCO1)c1c(O)c2cccc3c2n(c1=O)CC3
3075,CCCCc1ccc(NC(=S)Nc2ccc(Nc3ccc(OC)cc3)cc2)cc1
8833,O=C1N(CN2C(=O)C3(OCCO3)c3ccccc32)c2ccccc2C12OCCO2
3890,O=C1C=C(N2CCOCC2)c2ccccc2C1=O
10017,N#CC1=C2SCN(Cc3ccco3)CN2C(=O)CC1c1cccc2ccccc12
6678,Cc1ccc2c(c1)-c1ccccc1S(=O)(=O)N2
11998,COC(=O)c1ccc(=O)n(Cc2ccc3c(c2)OCO3)c1
10827,CC(=O)c1ccc(S(=O)(=O)NCCCC(=O)NCCc2ccccn2)cc1
5919,CN(C1CCCCC1)S(=O)(=O)c1ccc(-n2cnnn2)cc1
9785,O=C(NCC(=O)N(c1cccnc1)C(C(=O)NC1CCCC1)c1ccco1)c1cccs1
9822,CCOc1ccc2[nH]c(=O)c(CN(Cc3cccnc3)C(=O)Nc3ccccc3OC)cc2c1
5669,C#C[C@]1(O)CC[C@H]2[C@@H]3CCC4=Cc5nc6nc7ccccc7n6cc5C[C@]4(C)[C@H]3CC[C@@]21C
10200,COCCN1C(=O)c2oc3cc(C)c(C)cc3c(=O)c2C1c1cccc(O)c1
5419,Cc1c(NC(=O)Nc2ccc(Cl)c(Cl)c2)c(=O)n(-c2ccccc2)n1C
910,O=S(=O)(Nc1ccncc1Nc1ccccc1)C(F)(F)F
911,O=S(=O)(Nc1ccncc1Nc1ccccc1Cl)C(F)(F)F
912,O=S(=O)(Nc1ccncc1Nc1cccc(Cl)c1)C(F)(F)F
913,O=S(=O)(Nc1ccncc1Nc1ccc(Cl)cc1)C(F)(F)F
914,O=S(=O)(Nc1ccncc1Nc1cccc(Br)c1)C(F)(F)F
915,Cc1ccccc1Nc1cnccc1NS(=O)(=O)C(F)(F)F
916,Cc1cccc(Nc2cnccc2NS(=O)(=O)C(F)(F)F)c1
917,Cc1ccc(Nc2cnccc2NS(=O)(=O)C(F)(F)F)cc1
918,CCc1cccc(Nc2cnccc2NS(=O)(=O)C(F)(F)F)c1
919,CCc1ccc(Nc2cnccc2NS(=O)(=O)C(F)(F)F)cc1
920,COc1ccccc1Nc1cnccc1NS(=O)(=O)C(F)(F)F
921,COc1cccc(Nc2cnccc2NS(=O)(=O)C(F)(F)F)c1
922,COc1ccc(Nc2cnccc2NS(=O)(=O)C(F)(F)F)cc1
923,CS(=O)(=O)Nc1ccncc1Nc1ccccc1Cl
924,CS(=O)(=O)Nc1ccncc1Nc1ccc(Cl)cc1
925,Cc1ccccc1Nc1cnccc1NS(C)(=O)=O
926,Cc1ccc(Nc2cnccc2NS(C)(=O)=O)cc1
927,COc1ccc(Nc2cnccc2NS(C)(=O)=O)cc1
11694,CN(c1ccccc1)c1cnccc1NS(=O)(=O)C(F)(F)F
13606,Cc1cc(C(C)(O)C#Cc2cc(-n3ccc4cnc(N)nc43)ccn2)no1
11847,Cc1noc(C)c1-c1cccc(S(=O)(=O)NC2CC2)c1
12982,Cc1ccc(-c2c(C)noc2C)cc1S(=O)(=O)NC1CC1
4059,CCS(=O)(=O)c1ncc(Cl)c(C(=O)Nc2ccc(S(=O)(=O)N3CCCC(C)C3)cc2)n1
7631,O=C(c1ccccc1/S(=N/S(=O)(=O)c1ccccc1)N1CCOCC1)N1CCOCC1
662,CN(C)C(=S)N=c1ssc(=S)n1Cc1ccccc1
62,COc1ccc(Cl)cc1NC(=O)CN1CCC(n2nnc3cc(F)ccc32)CC1
8864,COC(=O)c1ccccc1NC(=O)CN1CCC(n2nnc3cc(F)ccc32)CC1
11271,COc1ccccc1NC(=O)CN1CCC(n2nnc3cc(F)ccc32)CC1
685,COc1ccc(C=Cc2ccc3ccccc3n2)c(OC)c1
1666,O=C(O)C(=O)/C(=C\c1ccccc1)c1ccc2ccccc2n1
8511,CCCNS(=O)(=O)c1ccc(CCC(=O)Nc2ccc3c(c2)OCO3)cc1
12973,O=C(OCn1nnc2ccccc2c1=O)C1CCN(S(=O)(=O)c2cccs2)CC1
6391,Cc1cccc(C)c1NC(=O)CSc1nnc(-c2ccoc2C)n1C
7932,CCOC(=O)c1cccc(NC(=O)CSc2nnc(-c3ccoc3C)n2CC)c1
8917,CCCn1c(SCC(=O)Nc2cccc(C(=O)OCC)c2)nnc1-c1ccoc1C
11185,CN1C/C(=C\c2ccc(N3CCCC3)cc2)C(=O)/C(=C/c2ccc(N3CCCC3)cc2)C1
511,COc1ccccc1C(=O)Nc1nc(-c2ccc3c(c2)OCCO3)cs1
11252,CC(=O)N1N=C(c2c(O)n(C)c(=O)n(C)c2=O)CC1c1ccccc1
10946,Cc1ccnc2nc(C(=O)NC3=NCCS3)nn12
10715,Cc1cc(=O)oc2cc(NC(=O)C3COc4ccccc4O3)ccc12
5956,COc1ccc2cc(C(c3nnnn3C3CCCC3)N3CCc4ccccc4C3)c(=O)[nH]c2c1
5592,C=CCn1c(SCC(=O)N2CCN(c3ccccc3)CC2)nc2c([nH]c3ccccc32)c1=O
3134,Cc1nc([N+](=O)[O-])c(Sc2nc3ccc([N+](=O)[O-])cc3[nH]2)n1Cc1ccccc1
3135,Cc1nc([N+](=O)[O-])c(Sc2nc3ccccc3n2C)n1Cc1ccccc1
7590,COc1ccccc1Nc1nc(C2(C)CCC(=O)O2)cs1
4372,COc1cccc(-c2ccc3ncnc(NCc4cccs4)c3c2)c1
4380,COc1cccc(-c2ccc3ncnc(NCc4cc(C)cs4)c3c2)c1
8227,Cc1nc(N)nc(C)c1Cc1ccccc1
4955,NC1=NC[C@@H](Cc2ccc(O)cc2)N1CCc1cccc(F)c1
12516,CSc1ccccc1NC(=O)CSCc1ccc(C)cc1
12590,CC(C)CNC(=O)c1ccccc1NC(=O)CSCc1ccccc1
7342,CC(C)C(=O)Nc1ccc(C(=O)N2CCN(C(=O)c3ccco3)CC2)cc1
15094,COc1ccc2c(c1)O[C@@H](c1ccc(OC)cc1OC)[C@H](Cc1ccc(O)cc1)[C@H]2/C=C/c1ccc(O)cc1
3526,CC1CCCCN1c1ncnc(N)c1[N+](=O)[O-]
4664,Cc1cc(N2CCCCC2)nc(N)n1
9495,O=C(CCSc1nc(-c2ccco2)cc(C(F)(F)F)n1)NCCc1ccccc1
3990,COc1cc2c(c(OC)c1OC)-c1ccc(O)c(=O)cc1C(NC(C)=O)CC2
5007,ClCC1=Nc2ccccc2Cc2ccccc21
5663,CC(=O)N=c1sc(S(N)(=O)=O)nn1C
717,CC(C)NC(=O)N1Cc2cc(C(=O)NC3Cc4ccccc4C3)nc(-c3cccc(-c4cccnc4)c3)c2[C@@H]1CCO
14988,COc1c2ccoc2cc2oc(-c3ccccc3)cc(=O)c12
15209,O=c1cc(-c2ccccc2)oc2cc3occc3c(O)c12
2209,O=C(CCl)Nc1cn(-c2ccccc2)nc1-c1ccccc1
2361,COc1ccc(-c2nn(-c3ccccc3)cc2/C=C(/C#N)C(N)=O)cc1[N+](=O)[O-]
3198,C=CCNC(=S)N/N=C/c1cn(-c2ccccc2)nc1-c1ccc(OC)cc1
7517,Nc1ccc(-c2cc(N)n(-c3ccccc3)n2)cc1
11013,N#Cc1cn(-c2ccccc2)nc1-c1ccccc1
12602,Cc1ccc(-c2cc(N)n(-c3ccc(C)cc3)n2)cc1
13361,CCOc1ccc(-c2nn(-c3ccc(Cl)cc3)cc2/C=C(\C#N)C(=O)O)cc1
13696,CCCCCCOc1ccc(-c2nn(-c3ccc(Cl)cc3)cc2/C=C(\C#N)C(=O)O)cc1
5943,COCc1cc(=O)n2c([nH]c3ccccc32)c1C#N
9953,Cc1onc(-c2ccccc2Cl)c1C(=O)Nc1sc2c(c1C#N)CCC2
7090,Cc1ccc(NCc2nnc(SCC(=O)Nc3ccccc3)n2CC2CCCO2)c(C)c1
1614,Cn1c(=O)c2c(nc(SCC(=O)NC34CC5CC(CC(C5)C3)C4)n2C)n(C)c1=O
1497,CCC(=O)N1CCc2cc(Br)cc(S(=O)(=O)NCc3ccco3)c21
3265,Cc1sc(NC(=S)NC(=O)CCc2ccccc2)c(C(N)=O)c1C
12553,Cc1csc(SCC(=O)NC2CCCCC2)n1
15165,O=C(O)[C@H]1O[C@@H](Oc2cc3oc(-c4ccccc4)cc(=O)c3c(O)c2O)[C@H](O)[C@@H](O)[C@@H]1O
12220,O=C(c1ccco1)N1CCN(/C(=N/S(=O)(=O)c2cccs2)c2ccccc2Cl)CC1
14209,COc1ccc(C2=NN(Cc3ccc(CN4CCCCC4)cc3)C(=O)[C@@H]3CC=CC[C@H]23)cc1OC
2251,Cc1cc(C)cc(-n2c3nc4ccccc4nc3c3c(=O)n(Cc4ccco4)cnc32)c1
13643,NC(=O)c1cc(C#CC2CCCC2)ccc1NC1CCC(O)CC1
1673,C=CCN(CC=C)S(=O)(=O)c1ccc(NC(=S)NC(=O)/C=C/c2cccc3ccccc23)cc1
2838,Cc1c(C(=O)OC2CCCC2)[nH]c2c1C(=O)CC(c1ccco1)C2
11120,O=c1nc(-c2ccccc2)n(-c2ccccc2)c2ncccc12
6608,CC1CCN(c2nc3c(c(=O)n(C)c(=O)n3C)n2Cc2ccccc2)CC1
4060,COc1ccc(-c2cc3c(=O)n(CC(=O)NCc4ccc(C)cc4)ncn3n2)cc1
11085,NC1=NC2(CCC(c3ccccc3)CC2)n2c(nc3ccccc32)N1
2868,C=C(C)[C@@]12OC3(c4ccccc4)O[C@@H]1C1[C@@H]4O[C@]4(CO)[C@@H](O)[C@]4(O)C(=O)C(C)=C[C@H]4[C@@]1(O3)[C@H](C)[C@H]2OC(=O)/C=C/C=C/c1ccccc1
3338,Cc1ccc(NC(=O)c2ccccc2NS(=O)(=O)c2ccc(Cl)s2)cc1S(=O)(=O)N1CCOCC1
3944,CCCCN=C[C@]12CCC(O)CC1(O)CCC1[C@@H]2CC[C@]2(C)[C@H](C3C=CC(=O)O3)CCC12O
8265,O=C(C1Cc2ccccc2CN1S(=O)(=O)c1cccs1)N1CCCCCC1
12268,CCCSC1=N/C(=C\c2ccsc2)C(=O)S1
10624,COc1cccc(Nc2nnc(SCC(=O)N3CCOCC3)s2)c1
492,COc1ccc(/C=N/NC(=O)c2nonc2C)cc1
6505,O=C(C1CC1)N1CCC(c2nc(-c3ccc(S(=O)(=O)NCC4CCCO4)cc3)no2)CC1
7408,Cc1nnc(SCC(=O)NC2CC2)n1CCc1ccccc1
5320,Cc1cc(C)n(-c2nc(NC(C)C)nc(NC(C)C)n2)n1
12608,Cc1cc(C)n(-c2nc(C)nc(N)n2)n1
3166,Cc1ccc(-c2cc(C(=O)N/N=C/c3c(C)nn(-c4ccccc4)c3C)n[nH]2)s1
8915,Cc1ccc(NC(=O)N(CCCN2CCOCC2)Cc2cc3cc4c(cc3[nH]c2=O)OCO4)cc1
6984,Cn1c(=O)c2c(nc(SCC(=O)Nc3ccccc3N3CCCCC3)n2C)n(C)c1=O
8564,CCn1c(SCC(=O)Nc2ccccc2N2CCCCC2)nc2c1c(=O)n(C)c(=O)n2C
14977,COc1c(O)cc2oc3cc4c(c(O)c3c(=O)c2c1CC=C(C)C)C=CC(C)(C)O4
6185,CCCN1C2CCCC1CC(NC(=O)c1ccccc1F)C2
9101,CCCN1C2CCCC1CC(NC(=O)c1cc(OC)c(OC)c(OC)c1)C2
11656,CC(C)(O)c1ccc(C#Cc2ccc(-c3cnc(-c4c(F)cccc4Cl)[nH]3)cc2)cc1
11657,CS(=O)(=O)c1ccc(C#Cc2ccc(-c3cnc(-c4c(F)cccc4Cl)[nH]3)cc2)cc1
11658,NS(=O)(=O)c1ccc(C#Cc2ccc(-c3cnc(-c4c(F)cccc4Cl)[nH]3)cc2)cc1
11659,NC(=O)c1ccc(C#Cc2ccc(-c3cnc(-c4c(F)cccc4Cl)[nH]3)cc2)cc1
14213,Fc1cccc(Cl)c1-c1ncc(-c2ccc(C#Cc3ccccc3)cc2)[nH]1
12441,Cc1ccc(CN=C2Nc3ccccc3CS2)cc1
6690,Cc1cc(C)c(C#N)c(SCC(=O)N(C)C2CCCCC2)n1
833,C[C@H]1CN([C@@H](C)CO)C(=O)c2c(c3ccccc3n2C)-c2ccccc2CO[C@H]1CN(C)C(=O)Nc1ccccc1C(F)(F)F
2074,C[C@H]1CN([C@@H](C)CO)C(=O)c2c(c3ccccc3n2C)-c2ccccc2CO[C@@H]1CN(C)C(=O)Nc1ccccc1C(F)(F)F
1161,CC(C)Cc1ccc(C(C)c2nc3cc(-c4noc(=O)[nH]4)ccc3n2Cc2ccccc2Cl)cc1
3105,Cc1cc2nc(-c3ccc(SCC(=O)Nc4nccs4)nc3)[nH]c2cc1C
6444,C=CCN1C(=O)/C(=C2/Sc3ccccc3N2C)SC1=Nc1c(C)n[nH]c1C
294,CC(C(=O)Nc1ncn[nH]1)N1C(=O)c2ccccc2C1=O
2998,FC(F)(F)c1nc2ccccc2n2c(-c3ccc(Cl)cc3)nnc12
10414,Clc1cccc(-c2nnc(SCc3nc4ccccc4[nH]3)n2Cc2ccco2)c1
10941,Cn1ccnc1SCC(=O)Nc1sccc1C#N
12868,Cc1ccc2nc(SCc3cccc([N+](=O)[O-])c3)nc(C)c2c1
1364,NC(=O)c1ccc(-c2ccc(Br)cc2)o1
1672,O=C(O)c1ccc(-c2ccc(Cl)cc2Cl)o1
2465,COc1ccc(-c2ccc(C(=O)O)o2)c([N+](=O)[O-])c1
4973,CC(C)(C)NC(=S)N/N=C\c1ccc(-c2ccc([N+](=O)[O-])cc2)o1
7660,CC(=O)Nc1ccccc1-c1ccc(C)o1
8231,O=C(O)c1ccc(-c2ccccc2C(F)(F)F)o1
10615,O=C(O)c1ccc(-c2ccccc2Cl)o1
10029,COc1ccccc1CN1C(=O)[C@@H]2C(CCC(N)=O)NC3(C(=O)Nc4c3ccc(Cl)c4C)[C@@H]2C1=O
10096,COc1ccccc1CN1C(=O)[C@@H]2C(CC(N)=O)NC3(C(=O)Nc4c3ccc(Cl)c4C)[C@@H]2C1=O
13513,CC(C)(O)CCn1cc2cc(NC(=O)c3cccc(C(F)(F)F)n3)cc(C3CC3)c2n1
1210,CC(C)Cc1ccc(C(C)C(=O)NCCCCOc2ccc(S(N)(=O)=O)cc2)cc1
8704,CC(=O)c1cc2c(cc1NS(=O)(=O)c1ccc3c(c1)OCCO3)OCO2
9814,COCCn1nnnc1C(c1ccc2ncccc2c1)N1CCN(c2ccccc2F)CC1
6411,Cc1sc2nc(C3CC3)nc(N3CCN(S(=O)(=O)c4ccc(F)cc4)CC3)c2c1C
2082,CCOC(=O)c1cnc(SCC(=O)Nc2sc(C)c(C)c2C#N)nc1N
4524,O=C1N/C(=C\c2ccc(O)cc2)C(=O)c2ccccc21
15147,O=C(/C=C/CCc1ccc(O)c(O)c1)/C=C/c1ccc(O)c(O)c1
4147,CCOC(=O)N1CCN(C2=C(NS(=O)(=O)c3ccc(C)cc3)C(=O)c3ccccc3C2=O)CC1
10277,FC(F)(F)c1nnc2sc(-c3ccco3)nn12
131,Cc1ccc(CCNC(=O)Cn2cccc2)cc1
10037,Cc1ccnc(SCCn2c(N3CCOCC3)nc3c2c(=O)n(C)c(=O)n3C)n1
10107,Cc1ccnc(SCCn2c(N3CCOCC3)nc3c2c(=O)[nH]c(=O)n3C)n1
7715,CC(C)(C)n1nnnc1C(c1cccs1)N1CCCC2(CCCCC2)C1
453,CCc1cc2c(C3=NN(CCCCOc4ccc(C5=NNC(=O)CC5C)cc4)C(=O)C3(C)C)ccc(OC)n2n1
2354,CC(=O)Nc1ccc(OC(=O)c2cc3cc(Br)ccc3oc2=O)cc1
7527,CCOC(=O)c1ccc(COC(=O)CCc2nc3ccccc3[nH]c2=O)o1
3721,CC1=NN(c2nc3ccccc3[nH]2)C(=O)C1Cc1ccccc1
4536,O=c1c2ccccc2nc(SCc2cccc(F)c2)n1C1CCCC1
9296,O=C(NC1CCCCC1)N(CCN1CCCC1)Cc1cc2cc3c(cc2[nH]c1=O)OCCO3
4052,COc1ccc([C@@H]2[C@@H]3C(=O)N(C(C)(C)C)C(=O)[C@@H]3[C@]3(Cc4ccccc4)C(=O)N(c4ccc(Br)cc4)C(=O)N23)cc1
7709,COc1ccc(C2(C(=O)N3CCOCC3)CCOCC2)cc1OC
6992,COCCn1nnnc1C(c1ccc2ncccc2c1)N1CCc2ccccc21
5210,CCOC(=O)C1CCN(S(=O)(=O)c2ccc3c(c2)CC(=O)N3C)CC1
7828,CCOC(=O)CSc1nc2c(c(=O)n(Cc3ccccc3Cl)c(=O)n2C)n1C
1862,COc1ccc(-c2csc3ncnc(Oc4cccc5ccc(C)nc45)c23)cc1
7893,O=C1c2ccccc2C(=O)N1c1ccc(S(=O)(=O)N2CCN(c3ccccc3)CC2)cc1
8327,O=C(Nc1ccc(N2CCOCC2)c(Cl)c1)c1cccnc1
493,c1ccc(CCSc2nccn2-c2ccccc2)cc1
12905,O=c1c2cnn(-c3ccccc3)c2nnn1Cc1ccccn1
14640,C=C1CC[C@@H](CCC)C(C)(C)[C@H]1C/C=C1/C(=O)OC[C@@H]1O
6940,COc1ccc(Cn2nnnc2C(c2cc3ccc(OC)cc3[nH]c2=O)N2CCCCCC2)cc1
7181,COc1ccc2cc(C(c3nnnn3Cc3ccc(F)cc3)N3CCCCCC3)c(=O)[nH]c2c1
8266,COc1ccc2cc(C(c3nnnn3Cc3ccccc3)N3CCCCCC3)c(=O)[nH]c2c1
2766,O=C1NCCc2c1[nH]c1c(Cl)ccc(Cl)c21
3904,COc1ccc2[nH]c3c(c2c1)CC(C)NC3=O
3907,COc1ccc2[nH]c3c(c2c1)CCNC3=O
15185,O=C1NCCc2c1[nH]c1ccc(O)cc21
339,COc1ccc2c(c1)c1ncn(CCN3CCNCC3)c(=O)c1n2C
11472,COCCNS(=O)(=O)c1cc(-c2c(C)noc2C)ccc1C
11473,Cc1ccc(-c2c(C)noc2C)cc1S(N)(=O)=O
11726,Cc1ccc(-c2c(C)noc2C)cc1S(=O)(=O)NCCCO
12023,Cc1ccc(-c2c(C)noc2C)cc1S(=O)(=O)NC(C)(C)C
12781,CCNS(=O)(=O)c1cc(-c2c(C)noc2C)ccc1C
10174,COC(=O)c1ccc(C2C(C(=O)Nc3ccccc3C)=C(C)Nc3ncnn32)cc1
11579,CC(=O)N1c2ccc(-c3ccc(CN4CCCCC4)cc3)cc2[C@H](NC=O)C[C@@H]1C
4814,C(=Nc1cccc2c(N=Cc3ccco3)cccc12)c1ccco1
8160,COc1cccc(N2CC(O)=C(c3nc4ccccc4c(=O)[nH]3)C2=N)c1
148,O=C(CC1C(=O)NCCN1C(=O)c1ccc(F)cc1)OCc1ccccc1
4421,CCCCOc1cc(NCc2ccccc2)c2ncn(C(C)C)c2c1
4422,CCC(CO)Oc1cc(NCc2ccc(Cl)cc2Cl)c2ncn(C(C)C)c2c1
4423,CCC(COC)Oc1cc(NCc2ccccc2)c2ncn(C(C)C)c2c1
4424,CCC(CO)Oc1cc(NCc2ccc(C)c(C)c2)c2ncn(C(C)C)c2c1
4425,CCC(CO)Oc1cc(NCc2cc(C)cc(C)c2)c2ncn(C(C)C)c2c1
4426,CCC(CO)Oc1cc(NCc2ccc(C(C)(C)C)cc2)c2ncn(C(C)C)c2c1
9146,Cc1cccc(-n2c(SCC(=O)NCc3ccco3)nnc2-c2ccco2)c1
5369,N#Cc1c(-c2ccc(Cl)cc2Cl)nc2n(c1=O)CCS2
8365,Cc1csc(NC(=O)CSc2ncnc3c2cnn3-c2ccccc2Cl)n1
9947,CCOC(=O)Cc1csc(NC(=O)CSc2ncnc3c2cnn3-c2ccccc2Cl)n1
1271,c1ccc2sc(Oc3ccc(CN4CCCCC4)cc3)nc2c1
1272,OC1CCN(Cc2ccc(Oc3nc4ccccc4s3)cc2)CC1
1273,NC(=O)C1CCN(Cc2ccc(Oc3nc4ccccc4s3)cc2)CC1
1276,CC(=O)NC1CCN(Cc2ccc(Oc3nc4ccccc4s3)cc2)CC1
1277,CC(=O)OCC(=O)NC1CCN(Cc2ccc(Oc3nc4ccccc4s3)cc2)CC1
1278,O=C(CO)NC1CCN(Cc2ccc(Oc3nc4ccccc4s3)cc2)CC1
1279,O=C(O)C1CCN(Cc2ccc(Oc3nc4ccccc4s3)cc2)CC1
2883,COc1ccc2c(c1)-c1c(ssc1=S)C(C)(C)N2
8609,CCOC(=O)C1=C(C)OC(N)=C(C#N)C1c1cc(OC)c2c(c1)OCO2
9978,CCOC(=O)C1=C(C)OC(N)=C(C#N)C1c1cc2c(cc1Br)OCO2
6752,CCOC(=O)c1ccc2ncc(C(=O)OCC)c(NCc3ccco3)c2c1
536,O=C(Nc1ccccc1)c1cn2ccccc2n1
9314,COc1ccc(OC)c(NC(=O)C(CC(=O)O)NCc2ccco2)c1
10973,O=C(CSc1cccc2cccnc12)NCc1ccco1
5656,CCOC(=O)c1c(NC(=O)CN2C(=O)NC3(CCCC3)C2=O)sc(C)c1CC
1267,O=C1CCCN1C1CCN(CCc2ccc(Oc3nc4ccccc4s3)cc2)CC1
8844,O=C(O)c1c(Cl)c(Cl)c(Cl)c(Cl)c1C(=O)N1CCOCC1
9082,O=C(NCC(=O)N(CCN1CCOCC1)C(C(=O)NC1CCCC1)c1cccs1)c1ccco1
6917,COc1cc(NC(=O)C2COc3ccccc3O2)c(OC)cc1Cl
12303,CCOC(=O)c1ccccc1NC(=O)C1COc2ccccc2O1
5409,C=CCNc1ncnc2c1cnn2-c1cccc(C)c1
6526,CCOC(=O)CNC(=O)CSc1ncnc2c1cnn2-c1ccccc1
6731,CCOC(=O)CNC(=O)CSc1ncnc2c1cnn2-c1ccc(OC)cc1
6775,CCOC(=O)CSc1ncnc2c1cnn2-c1ccc(Cl)cc1
7002,CC(C)OC(=O)CSc1ncnc2c1cnn2-c1ccccc1
9300,CCOC(=O)CC(=O)CSc1ncnc2c1cnn2-c1ccccc1
21,CC(=O)c1c(C)n(-c2ccc(Cl)cc2)c2ccc(O)cc12
2736,COc1ccc(-n2c(C)c(C(C)=O)c3cc(O)ccc32)cc1
2810,COC(=O)c1c(C)n(-c2ccc(OC)cc2)c2ccc(O)cc12
2830,CC(=O)c1c(C)n(-c2ccccc2)c2ccc(O)cc12
2889,CCN(CC)Cc1c(O)ccc2c([N+](=O)[O-])c(C)n(-c3ccc(OC)cc3)c12
2929,Cc1ccc(-n2c(C)c([N+](=O)[O-])c3ccc(O)c(CN(C)C)c32)cc1
2957,COc1ccc(-n2c(C)c([N+](=O)[O-])c3ccc(O)c(CN(C)C)c32)cc1
3736,CN(C)/C=C/c1c([N+](=O)[O-])c2ccc(O)cc2n1-c1ccccc1
3743,Cc1c([N+](=O)[O-])c2ccc(O)cc2n1-c1ccccc1
3858,COc1ccc(-n2c(C)cc3cc(OC(C)=O)ccc32)cc1
3877,CCOc1ccc(-n2c(C)c(C(C)=O)c3cc(OC(C)=O)ccc32)cc1
3895,COc1ccc(-n2c(C)c(C(C)=O)c3cc(OC(C)=O)ccc32)cc1
3948,COc1ccc2c(c1)c(C(C)=O)c(C)n2-c1ccc(C(C)=O)cc1
3950,CC(=O)c1c(C)n(-c2ccc(C)cc2C)c2ccc(O)cc12
3959,CC(=O)c1ccc(-n2c(C)c(C(C)=O)c3cc(O)ccc32)cc1
3968,CCOc1ccc(-n2c(C)c(C(C)=O)c3cc(O)ccc32)cc1
8223,COc1cccc(OC)c1-c1nnc(-c2cn(C)c3ccccc23)o1
5142,O=C(O)C/C(=C\c1cc(Cl)c2c(c1)OCO2)c1nc2ccccc2s1
11580,CSc1nc(-c2ccc(F)cc2)c(-c2ccnc(NC(C)=O)c2)n1CCCN1CCOCC1
4872,C/C=C(\C)C(=O)OC1C(C)=C2C(C1OC(=O)CCCCC)C(C)(OC(C)=O)CC(OC(=O)CCC)C1(O)C2OC(=O)C1(C)O
4884,Cc1cc(C)nc(/N=C(\N)Nc2cccc(OCc3ccccc3)c2)n1
2860,CC(=O)Oc1ccccc1C(=O)Oc1ccc(/C=N/n2cnnc2)cc1
10042,CCOCCn1c(CN2CCC(Cc3ccccc3)CC2)nc2c1c(=O)n(C)c(=O)n2C
10367,COCCn1c(CN2CCC(Cc3ccccc3)CC2)nc2c1c(=O)n(C)c(=O)n2C
9454,Cc1cnc(C(=O)Nc2ccccc2-n2cccc2)cn1
5246,COc1ccc(/C=C2/C(=N)N3N=C(CC(=O)N4CCCC4)SC3=NC2=O)cc1
5253,CSc1ccc(/C=C2/C(=N)N3N=C(CC(=O)N4CCCC4)SC3=NC2=O)cc1
7288,Cc1ccc(C)c(N2CCN(C(=O)C3CCN(c4nc(C)cc(C)n4)CC3)CC2)c1
6087,O=C1CC(c2ccco2)=Nc2ccccc2N1
10866,O=C(c1n[nH]c2ccccc12)N1CCN(S(=O)(=O)c2ccc3ccccc3c2)CC1
8827,O=C(O)C1C2C=CC(C2)C1C(=O)NCCCN1CCOCC1
4538,Cc1cc(C)cc(N=Cc2[nH]c3ccc(Br)c(Cl)c3c2O)c1
4874,COc1ccc(N=Cc2c(O)c3ccccc3n2C(C)=O)cc1
11255,C#CCOCCOCCOCCNc1nc(N2CCN(C(=O)[C@H](CCCN=C(N)N)n3cc(C(N)[C@H](C)CC)nn3)CC2)nc(N2CCN(C(=O)[C@H](CCCN=C(N)N)n3cc(C(N)[C@@H](C)CC)nn3)CC2)n1
11261,C#CCOCCOCCOCCNc1nc(N2CCN(C(=O)[C@H](CCCN=C(N)N)n3cc(C(N)[C@@H](C)CC)nn3)CC2)nc(N2CCN(C(=O)[C@H](CCCCN)n3cc([C@@H](N)[C@H](C)CC)nn3)CC2)n1
11281,C#CCOCCOCCOCCNc1nc(N2CCN(C(=O)[C@H](CCCCN)n3cc([C@@H](N)[C@H](C)CC)nn3)CC2)nc(N2CCN(C(=O)[C@H](CCCCN)n3cc([C@@H](N)CC(N)=O)nn3)CC2)n1
11330,C#CCOCCOCCOCCNc1nc(N2CCN(C(=O)[C@H](CCCCN)n3cc([C@@H](N)CC(N)=O)nn3)CC2)nc(N2CCN(C(=O)[C@H](CCCCN)n3cc([C@@H](N)CC(N)=O)nn3)CC2)n1
11509,C#CCOCCOCCOCCNc1nc(N2CCN(C(=O)C([C@@H](C)O)n3cc([C@@H](N)CCCCN)nn3)CC2)nc(N2CCN(C(=O)[C@H](CCCN=C(N)N)n3cc(C(N)[C@@H](C)CC)nn3)CC2)n1
11511,C#CCOCCOCCOCCNc1nc(N2CCN(C(=O)[C@H](CCCCN)n3cc(CN)nn3)CC2)nc(N2CCN(C(=O)[C@H](CCCN=C(N)N)n3cc(C(N)[C@H](C)CC)nn3)CC2)n1
11515,C#CCOCCOCCOCCNc1nc(N2CCN(C(=O)C([C@@H](C)O)n3cc([C@@H](N)CCCCN)nn3)CC2)nc(N2CCN(C(=O)[C@H](CO)n3cc([C@@H](N)C(C)C)nn3)CC2)n1
11639,C#CCOCCOCCOCCNc1nc(N2CCN(C(=O)[C@H](CCCCN)n3cc(CN)nn3)CC2)nc(N2CCN(C(=O)[C@H](CCCCN)n3cc(CN)nn3)CC2)n1
11763,C#CCOCCOCCOCCNc1nc(N2CCN(C(=O)C([C@@H](C)O)n3cc([C@@H](N)CCCCN)nn3)CC2)nc(N2CCN(C(=O)[C@H](CCCCN)n3cc(CN)nn3)CC2)n1
11813,C#CCOCCOCCOCCNc1nc(N2CCN(C(=O)[C@H](CCCCN)n3cc(CN)nn3)CC2)nc(N2CCN(C(=O)[C@H](CCCCN)n3cc([C@@H](N)[C@H](C)CC)nn3)CC2)n1
11871,C#CCOCCOCCOCCNc1nc(N2CCN(C(=O)[C@H](CCCCN)n3cc(CN)nn3)CC2)nc(N2CCN(C(=O)[C@H](CCC(=O)O)n3cc([C@@H](N)CCCCN)nn3)CC2)n1
7341,COc1ccc(C(=O)COC(=O)CCn2nnc(-c3cccc(O)c3OC)n2)cc1
12886,COCCNc1cc(-c2ccccc2)nc2cc(-c3ccc(F)cc3)nn12
4648,Cn1c(=O)c(C(=O)CN2CCN(S(=O)(=O)c3ccccc3)CC2)c(N)n(Cc2ccccc2)c1=O
4719,CCn1c(=O)c(C(=O)CN2CCN(S(=O)(=O)c3ccccc3)CC2)c(N)n(Cc2ccccc2)c1=O
753,CN1c2ccc(-c3cccc(F)c3)cc2[C@H]2[C@H](CCN2C(=O)C2CCCC2)[C@H]1CO
1917,Cc1cccc(C(=O)NNC(=O)Nc2ccccc2)c1
5494,CC(C)(C)N(NC(=O)Nc1ccccc1)C(=O)c1ccccc1Cl
11212,CC(C)(C)N(NC(=O)Nc1ccc(Cl)c(Cl)c1)C(=O)c1ccccc1
10840,CCOC(=O)C1=C(C)NC(C)=C(C(=O)OCC)C1C(=O)OCC(=O)N1CCC(C)CC1
12533,O=C(c1ccccc1)N1CCN(C(=O)c2ccccc2)CC1
13167,CC1Cc2ccc(C(=O)Nc3cc(CN4CCN(C)CC4)cc(C(F)(F)F)c3)cc2CN1c1cncnc1
13424,CN1CCN(Cc2cc(NC(=O)c3ccc4c(c3)CN(c3cncnc3)CC4(C)C)cc(C(F)(F)F)c2)CC1
13732,CCN1CCN(Cc2cc(NC(=O)c3ccc4c(c3)CN(c3cncnc3)CC4C)cc(C(F)(F)F)c2)CC1
13756,CC1CN(c2cncnc2)Cc2cc(C(=O)Nc3cc(CN4CCN(C)CC4)cc(C(C)(C)C)c3)ccc21
13819,CCc1cc(CN2CCN(C)CC2)cc(NC(=O)c2ccc3c(c2)CN(c2cncnc2)CC3C)c1
13832,CC(C)c1cc(CN2CCN(C)CC2)cc(NC(=O)c2ccc3c(c2)CN(c2cncnc2)CC3C)c1
13892,CC1CN(c2cncnc2)Cc2cc(C(=O)Nc3cc(CN4CCN(C)CC4)cc(C(F)(F)F)c3)ccc21
4282,C=CCn1cnc2c(c1=O)c1nc3ccccc3nc1n2/N=C/c1cc(OC)c(OC)c(OC)c1
9329,C=CCc1cccc2cc(C(=O)N3CCN(C(=O)OCC)CC3)c(=O)oc12
13581,CC(C)c1ccc(-c2ccc(N[C@H]3CCOC3)c(C(N)=O)c2)cc1
5446,Cc1ccc(C(=C2C3C=CC2C2C(=O)NC(=O)C32)c2ccc(C)cc2)cc1
3139,O=C(Cc1cccs1)Nc1cccc(-c2nc3cc4ccccc4cc3[nH]2)c1
13698,O=C1c2ccccc2CCc2cc(Nc3cccc(NC(=O)C4CC4)c3)ccc21
7435,O=C(O)C1CSC(c2ccncc2)N1
6085,Cc1nn(C)c(C)c1CN(C)C(=O)c1cnn2c1NC(c1ccccc1)CC2C(F)(F)F
9130,Cc1nn(C)c(C)c1CNC(=O)c1cnn2c1NC(c1ccccc1)CC2C(F)(F)F
6552,COc1ccc(OC)c(-c2csc3nnc(SCC(=O)Nc4ccc(NC(C)=O)cc4)n23)c1
3527,O=C(c1nnsc1S(=O)(=O)c1ccc(Cl)cc1)N1CCOCC1
14804,CC(C)[C@@H](C)/C=C/[C@@H](C)[C@H]1CCC2C3C(=O)C=C4C[C@@H](O)CC[C@]4(C)[C@H]3CC[C@@]21C
4673,Cc1cc(C)c2nc3sc(C(=O)N4CCOCC4)c(N)c3cc2c1
4680,Cc1ccc(C)c2nc3sc(C(=O)N4CCOCC4)c(N)c3cc12
7101,Cc1ccc2nc3sc(C(=O)N4CCOCC4)c(N)c3cc2c1
8776,Cc1cccc2cc3c(N)c(C(=O)N4CCOCC4)sc3nc12
12382,Cc1ccc2cc3c(N)c(C(=O)N4CCOCC4)sc3nc2c1
289,N#Cc1c(SCC(N)=O)nc2c(c1-c1ccc(OCc3ccccc3)cc1)CCCC2
5930,CC(C)C(=O)Nc1ccc(NC(=O)c2cccc(F)c2)cn1
6218,CCC(=O)Nc1cc(C)c(NC(=O)c2ccccc2OC)cn1
6792,CCCC(=O)Nc1ccc(NC(=O)c2ccccc2OC)cn1
7251,CCCCC(=O)Nc1ccc(NC(=O)c2cc(OC)c(OC)c(OC)c2)cn1
8880,COc1cc(C(=O)Nc2cnc(NC(=O)C(C)C)cc2C)cc(OC)c1OC
11744,O=C1C(Cc2cnc[nH]2)NC(=S)N1c1ccccc1
6067,O=C(COC(=O)c1ccccn1)Nc1cccc(Cl)c1Cl
7245,CC1(C)Oc2ccc3ccc(=O)oc3c2-c2cn[nH]c21
4020,Cc1ncc(CO)c2c1Oc1nc(-c3ccccc3)nc(SCC(=O)N3CCCCC3)c1C2
11183,CC(=NCc1ccc(Cl)c(Cl)c1)c1c(C(F)(F)F)[nH]n(-c2nc3ccccc3s2)c1=O
12510,Cc1cnc(C(=O)OCC(=O)NC2CCCC(C)C2C)cn1
3705,O=[N+]([O-])c1ccc(N=Nc2c(Cl)cc(O)cc2Cl)cc1
10806,COC(=O)c1ccc(Cn2c(CN3CCOCC3)nc3ccccc3c2=O)o1
4070,COC(=O)c1ccccc1NC(=O)c1nc(S(=O)(=O)Cc2ccccc2)ncc1Cl
4074,COc1ccc(NC(=O)c2nc(S(=O)(=O)Cc3cccc(C)c3)ncc2Cl)c(OC)c1
4077,CCOc1ccccc1NC(=O)c1nc(S(=O)(=O)Cc2cccc(C)c2)ncc1Cl
4078,Cc1cccc(CS(=O)(=O)c2ncc(Cl)c(C(=O)Nc3c(C)cccc3C)n2)c1
4079,Cc1cccc(C)c1NC(=O)c1nc(S(=O)(=O)Cc2ccccc2)ncc1Cl
4120,COc1ccccc1NC(=O)c1nc(S(=O)(=O)Cc2ccccc2)ncc1Cl
4121,CCOc1ccccc1NC(=O)c1nc(S(=O)(=O)Cc2ccccc2)ncc1Cl
7092,O=C1NC(c2cccnc2)C(C(=O)c2cccs2)C(O)(C(F)(F)F)N1
4139,CCOC(=O)N1CCC(NC(=O)c2ccc3c(c2)N=C(C)c2c(C)ccc(C)c2S3)CC1
3420,Cc1ccc(NC(=S)NNC(=S)Nc2ccc(C)cc2C)cc1
11809,CC(C)c1ccc2c(c1)c(SC(C)(C)C)c(CC(C)(C)C(=O)O)n2CCCc1ccccc1
11865,O=C(CCC1CCC(Oc2ccccc2)CC1)N1CCCC1
1728,COc1ccc(N/C=C/C(=O)c2ccc(C)cc2)c([N+](=O)[O-])c1
1735,COc1ccc(C(=O)/C=C/Nc2ccc([N+](=O)[O-])cc2C)c(OC)c1
2236,COc1ccc(OC)c(N/C=C/C(=O)c2ccccc2)c1
10627,Cc1cc(C)n2c(SCC(=O)N3CCN(S(=O)(=O)c4ccc(Cl)cc4)CC3)nnc2n1
14428,CC(C)(C)c1cc(NC(=O)N[C@H]2CC[C@@H](Oc3ccc4nnc(N5CCCCC5)n4c3)c3ccccc32)n(-c2cccc(CN3CCCCC3)c2)n1
7005,COc1cccc(C(c2nnnn2C(C)(C)C)N2CCN(C3CCCCC3)CC2)c1OC
7094,CCC(C)(C)n1nnnc1C(c1ccc(N(C)C)cc1)N1CCN(C2CCCCC2)CC1
5704,Cc1ccc(S(=O)(=O)NCCNC(C)c2ccc(Br)cc2)cc1
4785,CCCN(CCC)CCCNC(=S)Nc1ccc2nc(N3CCN(C)CC3)cc(C)c2c1
6282,Cc1cc(C)c2nc(N3CCN(C)CC3)c(C#N)cc2c1
10130,Cc1cccc(Nc2nc(N)nc(CN3CCN(Cc4ccc5c(c4)OCO5)CC3)n2)c1
10346,Nc1nc(CN2CCN(Cc3ccc4c(c3)OCO4)CC2)nc(Nc2ccccc2)n1
6726,CCC(C)(C)n1nnnc1C(c1ccc2ncccc2c1)N1CCN(Cc2ccc3c(c2)OCO3)CC1
3545,O=S(=O)(c1ccccc1)c1ncc(C(F)(F)F)cc1Cl
3844,Cc1cc(S(=O)(=O)c2ccc([N+](=O)[O-])cn2)ccc1Br
3847,O=[N+]([O-])c1ccc(S(=O)(=O)c2cccc(C(F)(F)F)c2)nc1
3961,O=[N+]([O-])c1cccnc1S(=O)(=O)c1ccccc1
3962,Cc1ccc(S(=O)(=O)c2ccc([N+](=O)[O-])cn2)cc1
3963,Cc1ccc(S(=O)(=O)c2ncccc2[N+](=O)[O-])cc1
3964,O=[N+]([O-])c1ccc(S(=O)(=O)c2ccccc2)nc1
14671,C=C1[C@@H]2CCC3=C(C(=O)C=C(C(C)C)C3=O)[C@@]2(C)CC[C@]1(C)O
8786,O=C(Cn1c(CC(=O)N2CCCC2)nc2ccccc21)NCc1ccccc1
6970,O=C(CCN1CCN(c2ccccc2)CC1)Nc1nccs1
7053,CC1CCCCC1NS(=O)(=O)c1ccc(S(=O)(=O)NCc2ccncc2)cc1
3763,C=C1C(=O)O[C@@H]2C[C@@H](C)[C@@H]3C=CC(=O)[C@@]3(C)[C@@H](O)[C@H]12
4953,C=C1C(=O)O[C@@H]2C[C@@H](C)[C@@H]3C=CC(=O)[C@@]3(C)[C@@H](OC(C)=O)[C@H]12
7186,CCOC(=O)c1ccccc1NC(=O)CSc1nc2ccccc2n1CC(=O)N1CCCC1
12284,CCc1ccccc1NC(=O)CSc1nc2ccccc2n1CC(=O)N1CCCC1
6198,CCNC(=O)c1c(O)c2cccc3c2n(c1=O)CC3
5593,CC1C(=O)N2CCCc3cc(S(=O)(=O)NCc4ccc(F)cc4)cc1c32
6758,Cc1ccc(N=C(c2cccs2)N2CCOCC2)cc1
11125,CCc1nnc(NC(=O)c2cc3c(s2)CCCCC3)s1
12814,S=C(c1ccc2c(c1)OCO2)N1CCCCC1
14969,COc1c(Cc2ccc(O)cc2)c(O)cc(CCc2cc(O)ccc2Cc2ccc(O)cc2)c1Cc1ccc(O)cc1
3586,O=C(NC(=S)Nc1cccc2[nH]ncc12)c1ccccc1
10809,CCn1c2ccccc2c2cc(C3C(C#N)=C(C)NC(C)=C3C#N)ccc21
1766,Cc1cc(SCC(=O)c2cccs2)nc2ccccc12
9294,COc1cccc(CC(NC(C)=O)C(=O)NC2CCN(c3nc(C)cc(C)c3C#N)CC2)c1
11339,Cc1ccc(N(C(=O)c2snc(C(N)=O)c2N)C(C(=O)NCC2CCCO2)c2c[nH]c3ccccc23)cc1
11609,CCOc1ccc(N(C(=O)c2snc(C(N)=O)c2N)C(C(=O)NCC2CCCO2)c2c[nH]c3ccccc23)cc1
7950,O=C(O)CC(CC(=O)Nc1nncs1)c1ccccc1
838,COc1ccc2c3c(n(C)c2c1)[C@H](CO)N(C(C)=O)CC31CN(Cc2ccc(Cl)cc2)C1
2966,Cc1cnc(NC(=O)CCCc2nc3ccccc3s2)s1
6210,Cc1nc(-c2ccccc2)cc(=O)[nH]1
8571,O=C(NC1CCSC1=O)c1cccc(C(=O)NC2CCSC2=O)c1
4689,Cc1ccc(O)c(C(=O)c2cc(C#N)c(=O)n(-c3nccs3)c2)c1
3270,O=[N+]([O-])c1cc(S(=O)(=O)NCCN2CCOCC2)ccc1Sc1nnnn1-c1ccccc1
4171,COc1cc(/C=N\NC(=O)c2ccc(-c3ccccc3)cc2)cc(Br)c1O
2154,O=C(Nc1ccc([N+](=O)[O-])cc1)c1nc[nH]c1C(=O)NC1CCCCC1
3460,COc1ccc(Cc2nnc(SCc3ccc([N+](=O)[O-])cc3)o2)cc1
1053,CSc1nc(SCCO)c2sc3nc(-c4ccco4)c4c(c3c2n1)CC(C)(C)OC4
14716,CC(=O)O[C@@H]1CC2C(C)(C)C(=O)C=C[C@]2(C)C2CC[C@@]3(C)[C@H](c4ccoc4)OC(=O)C4OC43[C@@]21C
14810,CC1(C)C(=O)C=C[C@]2(C)[C@H]3CC[C@@]4(C)[C@H](c5ccoc5)OC(=O)[C@H]5O[C@]54[C@]3(C)[C@H](O)C[C@@H]12
9900,Cc1ccc2c(c1)cc(CN(Cc1ccc3c(c1)OCO3)S(=O)(=O)c1ccccc1)c1nnnn12
8334,O=C(NCCc1ccccc1)c1nc2c(nnn2Cc2ccccc2Cl)c(=O)[nH]1
7013,COc1cccc(NC(=O)N2CCCC(C(=O)Nc3ccccc3OC)C2)c1
13701,CC1CN(c2cncnc2)Cc2cc(C(=O)Nc3cc(CCN4CCN(C)CC4)cc(C(F)(F)F)c3)ccc21
2334,CCC1=NNc2cccc3c(OC)ccc1c23
6294,COc1ccc2c3c(cccc13)NN=C2C
11240,CSc1ccc(S(=O)(=O)N2CCCC2)cc1
6327,O=C(Oc1ccccc1)c1ccc2nccnc2c1
12655,O=C(Oc1ccc(Cl)cc1)c1ccc2nccnc2c1
9992,Cc1c2c(nc3nc4ccccc4n13)CC(C)(C)CC2=O
10027,O=C1CCCc2nc3nc4ccccc4n3cc21
9332,Cc1[nH]nc2c1C1(CCN(C(=O)c3ccccc3)CC1)C(C#N)=C(N)O2
5584,Nn1c(SCC(=O)Nc2cc(C(F)(F)F)ccc2Cl)nncc1=O
5595,Cc1nnc(SCC(=O)Nc2ccc(Br)cc2)n(N)c1=O
9648,Cc1nn(CC(=O)Nc2ccc3c(c2)oc2ccccc23)c(=O)c2ccccc12
2761,COc1cccc(-c2nnc3n2N=C(C(C)(C)C)CS3)c1
11728,CN1CCN(C(=O)Cn2cnc(-c3ccccc3)c2-c2ccccc2)CC1
11825,COc1ccc(-c2ncn(CC(=O)N3CCN(C)CC3)c2-c2ccc(OC)cc2)cc1
11224,CNCCCN=c1ccn(Cc2cccc(Cl)c2)c2cc(Cl)ccc12
11420,O=C(O)CCN=c1ccn(Cc2ccccc2Cl)c2cc(Cl)ccc12
11507,N=c1ccn(Cc2ccccc2)c2cc(Cl)ccc12
11522,CCN(CC)CCN=c1ccn(Cc2ccccc2Cl)c2cc(Cl)ccc12
11665,CN=c1ccn(Cc2ccccc2)c2cc(Cl)ccc12
13051,CC(C)CCCC(C)N=c1ccn(Cc2ccccc2)c2cc(Cl)ccc12
13168,CCCN=c1ccn(Cc2ccccc2)c2cc(Cl)ccc12
13215,CCCCCCN=c1ccn(Cc2ccccc2)c2c(OC)cccc12
13304,CCCCCN=c1ccn(Cc2ccc(Cl)cc2)c2ccc(C(F)(F)F)cc12
13335,CCCCCCN=c1ccn(Cc2ccc(Cl)c(Cl)c2)c2cc(Cl)ccc12
13362,CCCCCCCCN=c1ccn(Cc2ccccc2)c2cc(Cl)ccc12
13369,CCCCCN=c1ccn(Cc2ccc(Cl)cc2)c2ccc(OC)cc12
13410,CCCCCN=c1ccn(Cc2ccc(Cl)cc2)c2cc(C(F)(F)F)ccc12
13423,CCCCCN=c1ccn(Cc2ccc(Cl)cc2)c2c(F)cccc12
13456,CC(C)CN=c1ccn(Cc2ccccc2)c2cc(Cl)ccc12
13478,CCCCN=c1ccn(Cc2ccccc2)c2cc(Cl)ccc12
13484,CCCCCCN=c1ccn(Cc2ccccc2Cl)c2cc(Cl)ccc12
13524,CCCCCCN=c1ccn(Cc2ccccc2)c2ccccc12
13608,CCCCCCCN=c1ccn(Cc2ccccc2)c2cc(Cl)ccc12
13652,CCCCCCN=c1ccn(Cc2ccc(Cl)cc2)c2cc(Cl)ccc12
13686,CCCCCCN=c1ccn(Cc2ccc(OC)cc2)c2cc(Cl)ccc12
13761,CCCCCN=c1ccn(Cc2ccccc2)c2cc(Cl)ccc12
13840,CCCCCCN=c1ccn(Cc2ccccc2)c2ccc(OC)cc12
13924,CCCCCCN=c1ccn(Cc2ccccc2)c2cc(Cl)ccc12
2582,CCOc1ccc(NC(=O)c2ccc(NC(=O)c3ccc(CN4CCOCC4)cc3)cc2)cc1
13428,Cc1nnc2n1-c1ccccc1C(c1ccccc1)=N[C@H]2NC(=O)OCc1ccccc1
9331,CCCCOc1ccc(-c2nnn(CC(=O)Nc3ncc(CC(=O)OCC)s3)n2)cc1
10179,O=C(CCCc1nc(-c2ccc(Cl)cc2)no1)N1CCOCC1
9709,Cc1cc(C)nc(N2CCCC(C(=O)NCCC3=CCCCC3)C2)n1
14897,CCOC(=O)[C@H]1C(C(=O)O)=Cc2cc(O)c(O)cc2[C@@H]1c1ccc(O)c(O)c1
9878,CC(C)(C)NC(=O)C(c1ccccn1)N(C(=O)c1ccc2c(c1)OCCO2)C1CCCC1
6633,CC(C)COC(=O)c1ccc(NC(=O)C2C3C=CC(C3)C2C(=O)O)cc1
10776,O=C(CSc1ccc(Cl)cc1)c1ccco1
4130,CN(C)c1ccc(C(C(=O)NC2CCCCC2)N(Cc2ccco2)C(=O)c2snc(C(N)=O)c2N)cc1
1299,COc1cccc(O)c1-c1cc(C2CCCNC2)c(C#N)c(N)n1
1300,CCOc1cccc(O)c1-c1cc(C2CCCNC2)c(C#N)c(N)n1
1307,N#Cc1c(C2CCCNC2)cc(-c2ccccc2O)nc1N
1309,N#Cc1c(C2CCCNC2)cc(-c2c(O)cccc2O)nc1N
1313,CC(C)COc1cccc(O)c1-c1cc(C2CCCNC2)c(C#N)c(N)n1
1315,CCCOc1cccc(O)c1-c1cc(C2CCCNC2)c(C#N)c(N)n1
1317,CC(C)Oc1cccc(O)c1-c1cc(C2CCCNC2)c(C#N)c(N)n1
1319,CCCCCOc1cccc(O)c1-c1cc(C2CCCNC2)c(C#N)c(N)n1
1336,COc1ccc(CCNC(=O)CSc2nc(-c3ccco3)cc(C(F)(F)F)n2)cc1OC
187,O=C(Nc1nnc(C2CCCO2)s1)c1cccs1
5298,CCOc1ccc(NC(=O)CN(C)C(=O)CC(NC(=O)c2ccccc2)c2ccccc2)cc1OCC
10416,CC1=C(C(=O)NCc2ccccc2)C(c2ccc(C)o2)n2ncnc2N1
7162,O=C(NCCc1ccccc1)C1CCCN(C(=O)NC2CCCCC2)C1
1495,Cc1ccc(NC(=O)Nc2ccc3c(c2)N(C)C(=O)CS3)nc1
1116,NS(=O)(=O)c1cc(NC(=O)Cc2ccccc2Cl)ccc1OCC1CCO1
9916,CCC(=O)Nc1ccc(NC(=O)c2c(C)nc3ccccn23)cc1
11833,COc1ccc(-n2c(-c3cccnc3)nc3ccccc3c2=O)cc1
7244,Cc1nnc(SCCc2ccccc2)[nH]c1=O
13867,COc1cc(NC(=O)c2cccc(C(F)(F)F)n2)cc2cn(C3CCNCC3)nc12
14282,COc1cc(NC(=O)c2cccc(C(F)(F)F)n2)cc2cn(C3CCN(C)CC3)nc12
489,Cc1cc(C(=O)NCCC(c2ccccc2)c2ccccc2)c(C)o1
10172,CC1CCCN(Cc2nc3c(c(=O)n(C)c(=O)n3C)n2CCc2ccccc2)C1
10326,CC1CCCCN1Cc1nc2c(c(=O)n(C)c(=O)n2C)n1CCc1ccccc1
10467,Cn1c(=O)c2c(nc(CN3CCC(C(N)=O)CC3)n2CCc2ccccc2)n(C)c1=O
10766,CN(C)C1NC(=O)c2cc(-c3ccccc3)sc2N1
9311,COc1cccc(C(=O)OCC(=O)Nc2ccccc2N2CCOCC2)c1
11297,O=C(COC(=O)c1ccccc1)Nc1ccccc1N1CCOCC1
13148,COc1ccc2cc(C(=O)N[C@H]3CCOC3)cnc2c1
1753,O=C(/C=C/c1ccccc1)Nc1ncn[nH]1
6161,O=C(NC1CCCC1)C(c1cccs1)N(C(=O)c1ccco1)c1ccc2c(c1)OCCO2
8816,COc1ccc(CC(=O)NC2CCN(CC(=O)Nc3ccc4c(c3)OCCO4)CC2)cc1OC
7923,COCc1nnc(NS(=O)(=O)c2ccccc2)s1
2455,COC(=O)c1c(NC(=O)COC(=O)c2ccc(NC(=O)CC#N)cc2)sc2c1CCCCC2
13454,CC1CN(c2cncnc2)Cc2cc(C(=O)Nc3cc(CN4CCSCC4)cc(C(F)(F)F)c3)ccc21
12753,O=C(NCc1ccco1)c1nc2ccccc2s1
9224,CC1CCN(C(=O)CSc2nncn2-c2ccccn2)CC1
1965,CCn1nc(-c2cccc(-c3cc(OCC4CC4)cc(C(=O)NCCN4CCCCC4)c3)c2)cc(NC(=O)Nc2c(Cl)cncc2Cl)c1=O
8377,O=C(NCC(=O)N(Cc1ccccc1)C(C(=O)NC1CCCC1)c1ccco1)c1ccco1
2450,COc1cc2c(cc1NC(=O)C(C)OC(=O)c1ccc(S(=O)(=O)Nc3ccccc3Cl)cc1)oc1ccccc12
6864,O=C(CN(Cc1ccc(F)cc1)C(=O)Cn1nnc2ccccc21)NCC1CCCO1
5971,COc1ccc(NC(=O)C2CC(=O)N(C)C(=Nc3ccc4c(c3)OCO4)S2)cc1
5450,O=C(C1CCC(CNS(=O)(=O)c2cccc3cccnc23)CC1)N1CCc2ccccc21
14546,C/C(=C\CC/C(C)=C/CC/C(C)=C/CC[C@@H]1[C@@]2(C)CC[C@H](O)C(C)(C)[C@H]2CC[C@@]1(C)O)CO
14549,C/C(=C\CO)[C@@H](O)C[C@@H]1[C@@]2(C)CCCC(C)(C)[C@@H]2CC[C@@]1(C)O
14604,C=C/C(C)=C\CC1C(C)(O)C(O)C(OC(C)=O)C2C(C)(C)CCCC21C
14605,C=C/C(C)=C\C[C@@H]1[C@@](C)(O)[C@H](O)[C@@H](O)[C@@H]2C(C)(C)CCC[C@]21C
14695,C=C[C@](C)(O)CC[C@@H]1[C@@]2(C)CCCC(C)(C)[C@@H]2CC[C@@]1(C)O
14749,CC(C)(O)[C@@H]1CC[C@@]2(C)CCC[C@@](C)(O)[C@@H]2C1
14750,CC(C)(O)[C@@H]1CC[C@@]2(C)CCC[C@](C)(O)[C@@H]2C1
5975,O=C(C1CCC1)N1CCC(c2nc3c(nnn3Cc3c(F)cccc3Cl)c(=O)[nH]2)CC1
10204,CCc1ccc2c(c1)[C@]1(C(=O)N2)[C@@H]2C(=O)N(Cc3ccccc3)C(=O)[C@@H]2[C@@H]2CCCN21
227,COc1ccc(OC)c(N(CC(=O)Nc2cccnc2)S(=O)(=O)c2ccc(OC)c(OC)c2)c1
5470,COc1ccc(OC)c(N(CC(=O)Nc2cccnc2)S(=O)(=O)c2ccccc2)c1
14879,CCCCCCC1CC(=O)CCSS1
1481,Clc1ccc(-c2nnc(-c3ccco3)o2)cc1
5992,COc1ccc(OC)c(-c2nnc(-c3ccc(C)o3)o2)c1
8412,Cc1ccc(-c2nnc(-c3ccc(Br)cc3)o2)o1
8830,CCOc1ccc(-c2nnc(-c3ccco3)o2)cc1OCC
9441,CCCOc1ccc(-c2nnc(-c3ccco3)o2)cc1
6962,COC(=O)CCCCC1SCC(NC(=O)OC)C1NC(=O)OC
12815,CC(=O)NC1CSCC1OC(C)=O
7398,Nc1nc(N)c2sc3nc4c(cc3c2n1)CCC4
7369,CC(=O)c1cccc(NC(=O)N2CCCC2C(=O)NCCC(C)C)c1
7531,COc1cccc(NC(=O)N2CCCC2C(=O)NCC(C)C)c1
1958,O=C(Nc1c(Cl)cncc1Cl)c1ccc(OC(F)F)c(OCC2CC2)c1
2081,CCCOc1ccc(-c2nnc(-c3ccncc3)o2)cc1
7966,CCOc1ccc(-c2nnc(-c3ccncc3)o2)cc1
8587,CC(C)COc1ccc(-c2nnc(-c3ccncc3)o2)cc1
5258,COc1ccc(C(=O)/C=C/c2cccc(OCc3ccccc3)c2)cc1CSCC(=O)O
5337,N=c1c(C(=O)NCc2ccc(F)cc2)cc2c(=O)n3ccccc3nc2n1CC1CCCO1
105,O=C(c1cc2ccccc2o1)N1CCN(c2ccccc2Cl)CC1
11116,C=C(C)c1cccc(C(C)(C)NC(=O)Nn2cnnc2)c1
10652,O=C(COC(=O)c1ccc(S(=O)(=O)N2CCCC2)cc1)NCc1ccccc1
11115,COc1ccccc1CNC(=O)COC(=O)c1ccc(S(=O)(=O)N2CCCC2)cc1
3569,O=C(Cn1cc(/C=C\[N+](=O)[O-])c2ccccc21)Nc1ccccc1
12244,CC(=O)c1cn(CC(=O)Nc2ccccc2C)c2ccccc12
6743,COc1ccc2nc(NC(=O)CSc3nc4cccnc4n3C)sc2c1
4791,O=[N+]([O-])c1ccc(-c2ccc(/C=N/Nc3nc(N4CCCC4)nc(N4CCCC4)n3)o2)cc1
11118,Cc1ccc2c(CC(=O)Nc3sccc3C(N)=O)coc2c1
10515,Cc1ccc(NC2=NC(c3ccc(O)cc3)n3c(nc(C)cc3=O)N2)cc1
10554,Cc1ccc(NC2=NC(c3ccc(C)cc3)n3c(nc(C)cc3=O)N2)cc1
10205,CCCc1cc(=O)n2[nH]c(NCc3ccccc3Cl)nc2n1
10456,COc1ccccc1CNc1nc2nc(C)c(Cl)c(=O)n2[nH]1
1610,CC[C@H](C)[C@@H]1NC(=O)c2cc([N+](=O)[O-])cc(I)c2NCC[C@@H](C(N)=O)NC(=O)[C@H](CCCN=C(N)N)NC1=O
1264,c1ccc2sc(Oc3ccc(CCN4CCCCC4)cc3)nc2c1
1265,OC1CCN(CCc2ccc(Oc3nc4ccccc4s3)cc2)CC1
1266,NC(=O)C1CCN(CCc2ccc(Oc3nc4ccccc4s3)cc2)CC1
1269,CC(=O)NC1CCN(CCc2ccc(Oc3nc4ccccc4s3)cc2)CC1
1270,CC(=O)OCC(=O)NC1CCN(CCc2ccc(Oc3nc4ccccc4s3)cc2)CC1
12423,Cc1ccc(NC(=O)CN2CCc3ccccc3C2)cc1
3209,Cc1[nH]n(-c2ccccc2)c(=O)c1C(c1ccc([N+](=O)[O-])cc1)c1c(C)[nH]n(-c2ccccc2)c1=O
9345,CCCCn1c(SCC(=O)NCc2ccco2)nnc1-c1ccco1
13002,CCCCC#Cc1ccc(NC2CCN(C(=O)CCN3CCOCC3)CC2)c(C(N)=O)c1
2649,CC(=O)Oc1ccc(-c2ccc(C(=O)NCCc3ccc(S(N)(=O)=O)cc3)cc2)cc1
13229,Cc1cc(=O)oc2cc(OCCCN(C)Cc3cccc(OC(=O)NCCCCCc4ccccc4)c3)ccc12
2102,COc1ccc(-n2ncc3c(N(C)C4CCCCC4)ncnc32)cc1
2103,Cc1cccc(-n2ncc3c(N(C)C4CCCCC4)ncnc32)c1
12031,CCOc1nc(-c2ccccc2)ccc1-c1noc(COc2ccccc2)n1
13265,Cc1cc(Oc2ccc(Cl)cc2NC(=O)Nc2cccc(C(F)(F)F)c2)cc(S(=O)(=O)O)c1Cl
5754,Cn1cnc(C(=O)NCc2ccccc2)c1C(=O)NCc1ccccc1
5004,OCc1ccccc1SSc1ccccc1CO
5095,CCOc1ccc(N)c(SSc2cc(OCC)ccc2N)c1
9344,CC(C)Cn1c2c(c(O)c(C(=O)Nc3ncccc3O)c1=O)CCCC2
3240,O=C(NCCc1c[nH]c2ccccc12)C(=O)NCC(c1ccco1)N1CCN(c2ccc(F)cc2)CC1
1059,COc1ccc(-c2ccc(COC3(C4CC4)CN(C#N)C3)c(F)c2)cc1F
10364,Cn1c2ccccc2c2nnc(SC3CCOC3=O)nc21
10014,Cn1c(CCNC(=O)c2ccccc2)nc2cc(NC(=O)c3ccco3)ccc21
13636,Cc1c(C(C)C)c(=O)on1C(=O)N1CCC(Cc2ccccc2)CC1
6117,O=c1[nH]c2cc3c(cc2cc1CN(Cc1nnnn1CC1CCCO1)C1CCCCC1)OCO3
11101,O=C(NCc1cccs1)c1cc2ccccc2o1
5679,CSCCC(NC(=O)c1ccccc1Cl)C(=O)N1CC(C)OC(C)C1
10478,Cc1nnc(SCCn2c(N3CC(C)CC(C)C3)nc3c2c(=O)n(C)c(=O)n3C)s1
8502,c1ccc(Cn2nnnc2C(c2ccccn2)N2CCOCC2)cc1
1045,N#Cc1ccc(-c2cccnc2)nc1SCc1ccc(Cl)c(Cl)c1
181,CCOCC(=O)Nc1sc2c(c1C(=O)OCC)CCCC2
1536,CCOC(=O)c1c(NC(=O)COC)sc2c1CCCC2
7748,N#Cc1c(NC(=O)CSCC(=O)O)sc2c1CCCC2
7767,COC(=O)c1c(NC(C)=O)sc2c1CCCC2
8256,COC(=O)CCC(=O)Nc1sc2c(c1C#N)CCCC2
12332,CCOC(=O)c1c(NC(=O)CNCCOC)sc2c1CCCC2
10848,N#Cc1c2n(c(=O)[nH]c1=O)CCCCC2
8721,O=C(CCC(=O)N(c1cccc(F)c1)C(C(=O)NC1CCCC1)c1ccncc1)Nc1cccnc1
5307,Nc1ncnc2c1ncn2C1OC(C(=O)NC2CC2)C(O)C1O
6409,CCNc1nc(N2CCOCC2)nc(N(c2ccccc2)c2ccccc2)n1
7344,CN(C)c1nc(N2CCOCC2)nc(N(c2ccccc2)c2ccccc2)n1
10116,COc1ccc(-n2c(COc3ccccc3)nnc2SCc2ccc(C#N)cc2)cc1
10431,COC(=O)CSc1nnc([C@H](CC(C)C)NC(=O)OC(C)(C)C)o1
10582,CSCC[C@H](NC(=O)OC(C)(C)C)c1nnc(SCC=C(C)C)o1
4508,COc1cc(C2C(C#N)=C(N)OC3=C2C(=O)CC(C)(C)C3)c([N+](=O)[O-])cc1OC
9366,COc1ccc(C2C(C#N)=C(N)OC3=C2C(=O)CCC3)c(OC)c1OC
13506,CN1CC(n2cc3cc(NC(=O)c4cccc(C(F)(F)F)n4)c(C(C)(C)O)cc3n2)C1
13794,CCS(=O)(=O)N1CC(n2cc3cc(NC(=O)c4cccc(C(F)(F)F)n4)c(C(C)(C)O)cc3n2)C1
13900,CC(C)(O)c1cc2nn(C3CN(C(=O)CC#N)C3)cc2cc1NC(=O)c1cccc(C(F)(F)F)n1
14161,CC(C)(O)c1cc2nn(C3CNC3)cc2cc1NC(=O)c1cccc(C(F)(F)F)n1
6817,c1ccc2nc(N3CCCC3)c(N3CCCC3)nc2c1
601,O=C(CN1C(=O)c2ccccc2S1(=O)=O)Nc1ncc(Cl)cc1Cl
6773,CCS(=O)(=O)N1CCC(NC(=O)c2ccco2)CC1
9748,O=C(CN1C(=O)c2ccccc2S1(=O)=O)N1CCN(Cc2ccc3c(c2)OCO3)CC1
292,C=CCc1cccc2cc(C(=O)OCC(=O)c3ccccc3)c(=O)oc12
8514,CC1CCCN(c2ccc(C(=O)NCCc3ccccc3)cn2)C1
8286,O=C(CN(CCc1ccccc1)C(=O)CNS(=O)(=O)c1ccc(F)cc1)NCC1CCCO1
12643,COc1nc(C)nc2c1ccc1ccccc12
8427,CCCCC(c1nnnn1Cc1ccco1)N1CCN(c2nc3ccccc3s2)CC1
9092,Cn1cnnc1Sc1nc2c(c(=O)n(C)c(=O)n2C)n1Cc1ccccc1Cl
820,O=C(Nc1ccccc1)N1CC(=O)N2[C@H](CO)[C@@H](c3ccc(C#CC4CCCCC4)cc3)[C@H]2C1
8084,O=C(c1ccc(N2CCOCC2)cc1)c1cccs1
5483,CCN(C(=O)CSc1nc(-c2ccccc2)c(-c2ccccc2)[nH]1)C1CCS(=O)(=O)C1
7170,CCCCn1c(SCC(=O)c2ccc3c(c2)OCCO3)nnc1-c1ccco1
9576,CCCn1c(SCC(=O)c2ccc3c(c2)OCCO3)nnc1-c1ccco1
7740,CCc1ccc2oc(-c3cc(N=Cc4cccc(OC)c4O)ccc3O)nc2c1
14290,COc1ccc(C2=NN(CCOCCn3ccnc3)C(=O)[C@@H]3CC=CC[C@H]23)cc1OC
13258,NS(=O)(=O)c1ccc(-n2nc(NC(=O)Nc3ccc(C(F)(F)F)cc3)cc2-c2ccccc2)cc1
9713,O=c1[nH]c2cc(Cl)ccc2n1-c1ccccc1
5351,O=C(COc1ccccc1)Nc1ccccc1C(=O)NCc1ccco1
10235,O=C(CSc1nnc([C@@H]2CCCN2)o1)c1ccc(Cl)cc1
677,CC(=NNc1nc2ccccc2s1)c1ccncn1
6524,CCc1cccc2c(=O)c(C(=O)NCCN3CCOCC3)c[nH]c12
5289,COc1ccc(-c2csc(NC(=O)CCN3C(=O)C4CC=CCC4C3=O)n2)cc1OC
7905,CCN1CCN(C(=O)CN(c2ccccc2C)S(C)(=O)=O)CC1
8669,CCN1CCN(C(=O)CN(c2ccc(C)cc2)S(C)(=O)=O)CC1
1598,CCC(=O)c1ccc(N2CCOCC2)c(F)c1
4614,Cc1cc(N2CCOCC2)ccc1/C=C\[N+](=O)[O-]
4781,O=[N+]([O-])/C=C\c1ccc(N2CCOCC2)cc1
6345,O=C(O)CCC(=O)Nc1ccccc1N1CCOCC1
6431,N#Cc1cc(Cl)c(N2CCOCC2)cc1C#N
7939,CCCC(=O)c1cc(F)c(N2CCOCC2)cc1C
11040,CC(C)CC(=O)Nc1ccccc1N1CCOCC1
12182,Nc1cc(Cl)ccc1N1CCOCC1
7051,CC1CN(C(=O)CN2C(=O)c3ccccc3C2=O)CC(C)O1
10803,CC(C)C(C(=O)N1CCOCC1)N1C(=O)c2ccccc2C1=O
1946,CC(=O)c1c(C)[nH]c(C(=O)Nc2ccccc2N2CCOCC2)c1C
6440,C=CCN(CC(=O)NCC1CCCO1)C(=O)CCC(=O)Nc1cc(C)on1
5647,CN(Cc1ccc(F)cc1)C(=O)c1ccc(NC(=O)CC2SC(N3CCCC3)=NC2=O)cc1
13198,O=C(CCc1ccc(C2CCCCC2)cc1)N1CCCC1
11934,CCC(O)(C#Cc1cc(-n2ccc3cnc(N)nc32)ccn1)c1nccs1
13687,CC(O)(C#Cc1cc(-n2ccc3cnc(N)nc32)c(F)cn1)c1nccs1
14005,CC(O)(C#Cc1cc(-n2ccc3cnc(N)nc32)ccn1)c1nccs1
1847,O=S1(=O)CCC(NC(=S)N2CCCCCC2)C1
12339,CCn1c(CSc2nnc3ccccn23)nc2cc(C(=O)O)ccc21
3645,CN(c1ncnc(N)c1[N+](=O)[O-])C1CCS(=O)(=O)C1
3660,Nc1ncnc(NC2CCS(=O)(=O)C2)c1[N+](=O)[O-]
8243,O=C1NC(c2ccccc2)C(C(=O)c2cccs2)=C1O
8467,O=C(CCNc1n[nH]c(=O)[nH]c1=O)N1CCCCC1
2137,O=C1/C(=C/c2ccc(N3CCOCC3)o2)SC(=Nc2ccccc2)N1CCc1c[nH]c2ccccc12
7680,Cc1ccc(NC(=O)CS(=O)CC(=O)N(C2CCCC2)C(C)C(=O)NC2CCCCC2)cc1
11136,CCn1c(Cn2nc(Cc3ccc([N+](=O)[O-])cc3)c3onc(C)c3c2=O)n[nH]c1=S
11205,Cc1noc2c(Cc3ccc([N+](=O)[O-])cc3)nn(Cc3n[nH]c(=S)n3C)c(=O)c12
11230,COc1ccc(Cc2nn(Cc3n[nH]c(=S)n3C)c(=O)c3c(C)noc23)cc1
11244,CCn1c(Cn2nc(Cc3ccc(OC)cc3)c3onc(C)c3c2=O)n[nH]c1=S
11568,Cc1noc2c(Cc3ccccc3)nn(Cc3n[nH]c(=S)n3C)c(=O)c12
13022,CCn1c(Cn2nc(Cc3ccccc3)c3onc(C)c3c2=O)n[nH]c1=S
9125,COCCn1nnnc1C(c1ccc(N(C)C)cc1)N1CCN(Cc2ccccc2)CC1
6980,O=C(O)c1cccc(N2CCCCS2(=O)=O)c1
6559,COc1ccc(Nc2nc(N)nc(CSc3n[nH]c(-c4ccccc4)n3)n2)cc1
7829,Cc1ccccc1-c1nc(-c2cccnc2)no1
9076,CCOc1ccccc1-c1nc(-c2ccc(C)nc2OC)no1
10048,CCC(=O)Oc1ccc(-c2nc(-c3cccnc3)no2)cc1
5295,CC1(c2ccc(OC(F)F)cc2)NC(=O)N(CC(=O)c2ccc3c(c2)OCO3)C1=O
3019,O=C1/C(=C\c2cccnc2)SC(=S)N1C1CCS(=O)(=O)C1
3187,O=C1/C(=C/c2cccnc2)SC(=S)N1C1CCS(=O)(=O)C1
12078,COc1ccc(S(=O)(=O)N2CCCC(C(=O)N3CCOCC3)C2)cc1C
12558,Cc1ccnc(NC(=O)c2cccc(NS(=O)(=O)c3ccccc3C)c2)c1
5980,COCCNC(=O)C(OC(=O)c1ccco1)c1ccccc1OC
7528,CCC(C)(C)NC(=O)C(OC(=O)c1ccco1)c1ccccc1OC
7682,COc1ccccc1C(OC(=O)c1ccco1)C(=O)NC(C)(C)C
54,O=C(Nc1c(-c2ccccc2)nc2ccccn12)c1ccco1
11123,COc1ccc(C)cc1NC(=O)c1[nH]c(C)c(C(C)=O)c1C
10656,CCCNC(=O)Nc1cc(C)on1
12491,CCN(CC)C(=O)C1=C(C)NC(=S)NC1c1cn(-c2ccccc2)nc1-c1ccc(Cl)cc1
6251,N#CC1=C(N)Oc2n[nH]c(-c3ccccc3)c2C1c1ccncc1
7060,COc1ccc(-c2[nH]nc3c2C(c2ccncc2)C(C#N)=C(N)O3)cc1
5214,O=C(NC(=S)NNC(=O)c1ccccc1O)c1cccs1
5225,COc1ccc(C(=O)NNC(=S)NC(=O)c2cccs2)cc1
5233,COc1ccccc1C(=O)NNC(=S)NC(=O)c1cccs1
5238,Cc1ccccc1C(=O)NNC(=S)NC(=O)c1cccs1
5257,Cc1cccc(C(=O)NNC(=S)NC(=O)c2cccs2)c1
5261,CCCOc1ccc(C(=O)NNC(=S)NC(=O)c2cccs2)cc1
14181,O=C(Nc1cccc(Nc2ccc3c(c2)CCc2ccccc2C3=O)c1)c1ccsc1
5041,COc1cc2c(cc1OC)C(c1ccccc1C(F)(F)F)CC(=O)N2
6942,CCOc1cc(C2CC(=O)Nc3cc(C)c(C)cc32)ccc1O
9548,O=C(CN1C(=O)COc2ccccc21)N(Cc1ccc2c(c1)OCO2)CC1CCCO1
7674,CC(=O)Nc1cc2c(nc1C)nc(C)n2Cc1ccc(Br)cc1
1682,CCOC(=O)c1cc(-c2ccccc2)sc1NC(=S)Nc1cccc(C)n1
2171,Nc1nc(SCc2ccc(Cl)cc2)nc2nc3c(cc12)CCCC3
9002,CCCc1nnc(SCC(=O)N2CCCC(C)C2)n1CCCOC
9416,Cc1cccnc1NC(=O)CCCN1C(=O)c2ccccc2C1=O
4633,Cc1cccc(C(=O)NC(=S)NNC(=O)Cc2ccccc2)c1
7044,O=C(NC1CCCCC1)N1CCC(c2nc3ccccc3[nH]2)CC1
7150,O=C(NC1CCCCC1)N1CCC(c2nc3ccc(Cl)cc3[nH]2)CC1
12830,Cc1cccc(OCCOCCSc2ncccn2)c1
7197,O=C(O)CCC(=O)N(Cc1cccs1)Cc1cccs1
14689,C=CCc1ccc(O[C@@H]2O[C@H](COC(=O)c3cc(O)c(O)c(O)c3)[C@H]3OC(=O)c4cc(O)c(O)c(O)c4-c4c(cc(O)c(O)c4O)C(=O)O[C@@H]3[C@H]2O)c(O)c1.OCC1O[C@H](O)C(O)[C@@H](O)[C@H]1O
8820,O=C1CCCC2C3CCCN4CCCC(CN12)C34
11073,c1cc(-c2nnc3n2CCCCC3)ccn1
6250,COCCOC(=O)C1=C(C)NC2=C(C(=O)CC(c3cccs3)C2)C1c1ccsc1
9925,CCOC(=O)CN(C(=O)CSc1nnc2c(n1)[nH]c1ccccc12)c1ccccc1
14547,C/C(=C\CC[C@@H](C)[C@H]1CC[C@@]2(C)[C@@H]3CC[C@H]4C(C)(C)C(=O)CC[C@@]45C[C@@]35CC[C@]12C)C(=O)O
15132,C[C@H](C[C@@H](O)[C@H](O)C(C)(C)O)[C@H]1CC[C@@]2(C)[C@@H]3CC[C@H]4C(C)(C)C(=O)CC[C@@]45C[C@@]35CC[C@]12C
3363,Cc1ccccc1Cn1ccc(NC(=O)c2nn(C)cc2[N+](=O)[O-])n1
9661,CCC(C)N1CC23C=CC(O2)C(C(=O)OCc2ccccc2)C3C1=O
12174,Cn1c(=O)c2c(n(C)c1=O)=NC1(CCCCC1)N=2
14664,C=C1C[C@@H]2OC(=O)[C@@H](C)[C@H]2C[C@@H]2[C@@H]1CC[C@@]2(C)O
14665,C=C1C[C@@H]2OC(=O)[C@H](C)[C@H]2C[C@@H]2[C@@H]1CC[C@@]2(C)O
11307,NCCc1nc2ccc(Cc3ccc4nc(CCN)[nH]c4c3)cc2[nH]1
8049,CCOC(=O)c1ccc(NC(=O)CC2SC(=NC)N(C)C2=O)cc1
10831,CN=C1SC(CC(=O)Nc2cccc(Cl)c2Cl)C(=O)N1C
111,C=CCn1c2ccccc2c2nnc(SCC(=O)NC(C(=O)OC)C(C)C)nc21
4590,CCn1c2ccc(C)cc2c2nnc(NN)nc21
9911,COc1ccc2c(c1)c1nnc(SC)nc1n2C
10648,CCn1c2ccccc2c2nnc(SCC(=O)NCCOC)nc21
10539,Cc1ccc2cc(CN(CC3CCCO3)C(=O)C(C)C)c(=O)[nH]c2c1
220,COc1c(C)cc(Br)cc1C(=O)Nc1cccc(NC(=O)c2ccco2)c1
4034,O=C(Nc1cccc(NC(=O)c2ccccc2Cl)c1)c1ccc([N+](=O)[O-])o1
12223,Cc1cc(C(=O)CSc2nnc(-c3ccccc3)o2)c(C)n1CC1COc2ccccc2O1
564,Cc1ccnc(NC(=O)c2cc3ccccc3o2)c1
1447,CCOC(=O)c1c(C)c(C(=O)Nc2ccc3c(c2)OCCO3)c(C)n1C
11590,N#Cc1cnc(C(=O)Nc2ccc(C3CCN(C(=O)c4cccnc4)CC3)cc2C2=CCCCC2)[nH]1
13464,CCCCCCC(Sc1nc(Cl)cc(Nc2nc3c(s2)CCc2cc(OC)ccc2-3)n1)C(=O)O
5127,O=c1c2c([N+](=O)[O-])cc([N+](=O)[O-])cc2sn1Cc1ccccc1
5996,CC(=O)Nc1ccc(S(=O)(=O)N2C3CCCC2CC(NC(=O)C2CCCCC2)C3)cc1
14548,C/C(=C\CC[C@@H](C)[C@H]1CC[C@@]2(C)[C@@H]3CC[C@H]4C(C)(C)[C@@H](O)CC[C@@]45C[C@@]35CC[C@]12C)C(=O)O
8795,O=C(COC(=O)C1CC(=O)N(Cc2ccco2)C1)c1ccc(OC(=O)c2ccco2)cc1
7310,CCOC(=O)C1CCN(C(=O)c2ccco2)CC1
3993,C=CCOc1ccccc1CN(C(=O)CCl)c1ccc2c(c1)OCO2
2515,Cc1ncoc1C(=O)Nc1ncc([N+](=O)[O-])s1
12665,CC1CCCN(C(=O)c2ccc3nc[nH]c3c2)C1
12479,COc1ccccc1C(=O)N1CCN(CCc2ccccc2)CC1
7442,C=CCOc1cccc(C2C(C(=O)c3ccco3)=C(O)C(=O)N2Cc2ccncc2)c1
8654,CCOc1cccc(C2C(C(=O)c3ccc(C)o3)=C(O)C(=O)N2Cc2ccncc2)c1
11359,COCCN(C(=O)CN1CCCc2ccccc21)c1c(N)n(Cc2ccccc2)c(=O)[nH]c1=O
3188,O=C1C(Cl)=C(Nc2ccccc2)C(=O)c2ccccc21
3280,CCCNC1=C(N(C(C)=O)c2cccc(F)c2)C(=O)c2ccccc2C1=O
3583,O=C1C=C(Nc2ccccc2)C(=O)c2ccccc21
3669,O=C1C(Cl)=C(Nc2ccc(O)cc2)C(=O)c2ccccc21
4727,O=C1NC(=O)C2C1C(c1ccc([N+](=O)[O-])cc1)=NN2Cc1ccccc1
240,O=C(c1cccs1)N1CCN(S(=O)(=O)N2CCCCC2)CC1
12131,CC1(C)C(c2ccc(Cl)cc2)=[N+]([O-])C2(CCCC/C2=N\O)N1O
621,COC(=O)C1=C(C)NC(C)=C(C(=O)OCCCN2CCC(c3ccccc3)(c3ccccc3)CC2)[C@H]1c1cccc([N+](=O)[O-])c1
2353,O=C1C2C(C(=O)N1/N=C/c1ccc(N3CCCCC3)o1)C1C=CC2C12CC2
8159,O=C1CC(C(=O)NCc2ccccc2)C2(CCCC2)O1
1461,N#Cc1cc2sc3nnc(-c4ccncc4)n3c2cc1C#N
8841,O=C1C(Cl)=C(NCC2CCCO2)C(=O)N1c1ccccc1
11621,O=C(CCCCc1ccc2c(c1)OCO2)N1CCCC1
3484,C/C(=N\Nc1cc(N2CCOCC2)ncn1)c1cccc([N+](=O)[O-])c1
3896,CCCOc1ccc(/C=N/Nc2cc(N3CCOCC3)ncn2)c(O)c1
3958,O=[N+]([O-])c1cccc(/C=N/Nc2cc(N3CCOCC3)ncn2)c1
7193,Cn1c(C(=O)OCC(=O)NCCc2ccccc2)cc2sccc21
9579,CC(OC(=O)c1cc2sccc2n1C)C(=O)NCCc1ccccc1
9163,COc1ccc(NC(=O)N2CCC(O)(c3cccnc3)CC2)c(OC)c1
12248,COC(=O)c1ccc(NC(=O)N2CCC(O)(c3cccnc3)CC2)cc1
5340,COc1cccc(C(=O)Nc2ncc3c(n2)CC(C)CC3=O)c1
7356,O=C(Cn1nnc(-c2ccc(N3CCOCC3)cc2)n1)OC1CCCCC1
12008,O=C(N[C@H]1CNC1=O)OCc1ccc(-c2cocn2)cc1
2972,CCc1ccc(C(=O)Cn2ncc(Cl)c(Cl)c2=O)cc1
5871,O=C(CSc1n[nH]c(-c2ccc(S(=O)(=O)NC3CCCCC3)cc2)n1)N1CCCC1
5642,CCc1noc(C)c1C(=O)N(C)CC(=O)Nc1ccccc1C(F)(F)F
5627,Cc1cccc(OCC(=O)OC(C)C(=O)Nc2ccc(Cl)cn2)c1
10887,COc1ccccc1OCC(=O)OCC(=O)Nc1ncc(Cl)cc1Cl
12847,CC(Oc1ccc(Cl)cc1)C(=O)OCC(=O)Nc1ncc(Cl)cc1Cl
9297,O=C(Nc1cccc(Cl)c1)N(Cc1nc2ccccc2c(=O)[nH]1)C1CCCC1
5308,Cc1ccc(S(=O)(=O)N2[C@@H](c3ccc(Cl)cc3)C(C(=O)O)=CC[C@H]2c2cccc(Cl)c2)cc1
6041,Cc1ccc(S(=O)(=O)Cn2nnnc2CN(Cc2ccco2)Cc2cccs2)cc1
10655,Cc1nn(-c2ccccc2)c2c1CC1(C(=O)N(C)C(=O)N(C)C1=O)C1CCCCN21
2603,CN1CCN(c2c(F)cc3c(=O)c(C(=O)O)cn4c3c2SCC4)CC1
583,Cc1ccc(-c2cc(C(=O)N(C)CC(=O)Nc3ccccc3Br)c3ccccc3n2)o1
4242,COc1cccc(CN(C)C(=O)C(CCSC)NS(=O)(=O)c2ccc3c(c2)OCCO3)c1OC
4886,O=C(Cc1ccc(Cl)cc1)NNC(=S)NC(=O)c1cccs1
4942,O=C(Cc1ccccc1)NNC(=S)NC(=O)c1cccs1
10268,Cc1cc2oc(=O)cc(Cn3ccnc3)c2cc1C
8677,CCc1nnc(NC(=O)C2CCCN2C(=O)NC2CCCCC2)s1
4985,CCN(c1nc(N)c(C(=O)N=C(N)N)nc1Cl)C(C)C
120,O=C(NCc1ccco1)C1CCN(C(=O)c2cc3sccc3n2Cc2ccc(F)cc2)CC1
5472,CSc1nc2nc(-c3ccccc3)cc(=O)n2[nH]1
6414,CCc1nnc(NC2=NS(=O)(=O)c3ccccc32)s1
14641,C=C1CC[C@@H](O)C(C)(C)[C@H]1CC/C(C)=C/COc1ccc2ccc(=O)oc2c1
2789,Cc1onc(-c2ccccc2Cl)c1C(=O)Oc1cc(N)n(S(=O)(=O)c2ccc(F)cc2)n1
12613,CC(C)(C)Cc1nnc(NC(=O)c2cc(-c3ccccc3)nc3ccccc23)s1
8858,COCCOC(=O)c1c(C)oc2ccc(OCc3cc(C(=O)OC)oc3C)cc12
1068,COc1cccc(-c2ccc(S(=O)(=O)N3CCC34CN(C#N)C4)cc2)c1
3357,Cc1ccc(S(=O)(=O)Oc2ccc(/C=N/NC(=O)c3nn(C)cc3[N+](=O)[O-])cc2)cc1
5644,O=C(CSc1ncccn1)Nc1ccc2[nH]c(=O)[nH]c2c1
4523,Cc1cc(C=C2C(=O)N(C)C(=S)N(C)C2=O)c(C)n1C1CCCCC1
5541,O=C(c1cccc(C(F)(F)F)c1)C1CCCN(C(=O)C2CCOCC2)C1
3351,Cc1ccc2oc(=O)c3cnn(CC(=O)Nc4cc(-c5cccc(F)c5)no4)c3c2c1
9881,Cc1nnc(N(C(=O)c2cnccn2)c2ccccc2)s1
11166,O=C(CCc1ccc(Oc2ccccc2)cc1)N1CCCC1
13217,CCCCN=c1ccn(CCCc2ccccc2)c2cc(Cl)ccc12
7387,Cc1ccccc1NC(=O)c1cc(S(=O)(=O)N2CCOCC2)cs1
12179,CC(=O)c1cccc(NC(=O)COc2nsnc2N2CCOCC2)c1
4952,CCn1c(Cl)c(C=O)s/c1=N\S(=O)(=O)c1ccccc1
12829,COc1ccc(C)cc1NC(=O)c1ccoc1C
9489,COc1ccc(C2CCN(Cc3cccnc3)CC2O)cc1
13987,Cc1c(C2CCCC2)c(=O)on1C(=O)N1CCC(c2ccccc2)CC1
1119,NS(=O)(=O)c1cc(NC(=O)Cc2ccccc2Cl)ccc1Oc1ccc(-c2nccs2)cc1
5566,CCc1ccc(C(=O)N2CCN(S(=O)(=O)c3ccc(Cl)s3)CC2)s1
2416,COc1cccc(/C=C(/CC(=O)Nc2ccc(N3CCOCC3)cc2)c2nc3ccccc3s2)c1
12444,CON/C=C(\C=Nc1ccc(F)cc1)c1ncc(C(F)(F)F)cc1Cl
10464,CC(C)Cc1nc2oc3c(N4CCN(C)CC4)ncnc3c2c2c1CCCC2
14707,CC(=O)OC[C@@]12C[C@H]3C(=O)C(C)(C)C[C@H]3[C@]1(C)[C@@H](OC(C)=O)[C@@]1(O)C[C@H](C)[C@H](OCc3ccccc3)[C@@H]1[C@H]2OC(C)=O
14708,CC(=O)OC[C@@]12C[C@H]3C(=O)C(C)(C)C[C@H]3[C@]1(C)[C@@H](OC(C)=O)[C@]1(O)[C@H]([C@@H](OCc3ccccc3)[C@@H](C)[C@H]1OC(C)=O)[C@H]2OC(C)=O
2211,Cc1ccc(NC(=O)C(=Cc2ccc(C(=O)O)cc2)C(=O)Nc2ccc(C)cc2C)c(C)c1
2533,COc1ccc2cc(N=Cc3nc(-c4ccc(C)cc4)oc3O)cnc2c1
13535,Cc1c(Nc2nc3c(s2)CCCC3=O)cc(Cl)cc1OC1CCN(C(=O)CC(C(F)(F)F)C(F)(F)F)CC1
269,CC1(C)Cc2c(cnn2-c2ccccc2)-c2c1c1ccccc1n2CC(O)CCl
7745,O=C(CSc1nnc(-c2cccnc2)n1Cc1ccccc1)N1CCOCC1
8976,CCOC(=O)c1ccccc1NC(=O)c1cc2sccc2n1C
9640,COc1cc(NC(=O)c2cc3sccc3n2C)cc(OC)c1
9592,Cc1nc(SCC(=O)NCCc2ccccc2)n[nH]1
4149,O=C(CCN1C(=O)/C(=C/c2ccccc2Cl)SC1=S)N1CCCC1
9679,Fc1ccc(N2CCN(C(c3cccs3)c3nnnn3CCc3ccccc3)CC2)cc1
4686,CC(C)CSC1=NSC2=NC(=O)/C(=C\c3ccccc3)C(=N)N12
8690,CC(Sc1nc(-c2ccccc2)cc(C(F)(F)F)n1)C(=O)NCCN1CCOCC1
3447,COc1cc(/C=C2\SC(=O)N(CCNC(=O)c3sc4cc(F)ccc4c3Cl)C2=O)cc(OC)c1OC
56,O=C(Nc1ccc2c(c1)oc1ccccc12)N1CCOCC1
2494,CC(C)N(C(=O)Nc1ccc2nsnc2c1)C(C)C
8115,CCOC(=O)CCCNS(=O)(=O)c1c(C)ccc2nsnc12
12293,O=C(O)COc1ccc2nsnc2c1Cl
4929,COc1cc(/C=C2\SC(=S)N(N(C)c3ccccc3)C2=O)ccc1O
12344,CN(C(=O)CSc1nnc(NC2CCCCC2)s1)C1CCS(=O)(=O)C1
5205,CCN(C(=O)CN1C(=O)COc2ccc(S(=O)(=O)N3CCCCCC3)cc21)c1cccc(C)c1
5206,Cc1cccc(N(C)C(=O)CN2C(=O)COc3ccc(S(=O)(=O)N4CCCCCC4)cc32)c1
3102,N#C/C(=C/c1ccc(CNC(=O)C(=O)Nc2cc(Cl)cc(Cl)c2)o1)C(=O)NCc1cccnc1
5748,COc1ccc(OC[C@@H](O)CNC(=O)c2cccc3c2C(=O)c2ccc(-c4ccc(F)cc4OCc4ccccc4)cc2S3(=O)=O)cc1
7737,O=C(c1ccco1)N1CCN(c2nc(C(F)(F)F)nc3c2nnn3Cc2ccccc2)CC1
6689,CC(C)c1nnc(NC(=O)Cn2nc(-c3ccc4c(c3)OCCO4)ccc2=O)s1
2802,COc1ccc(CCn2c(SCC(=O)Nc3cc(C)on3)nc3ccccc3c2=O)cc1OC
14869,CCCC(=O)c1c(O)cc2c(c1O)[C@@H]1C3=C(O[C@]1(C(C)C)O2)C(C)(C)C(=O)C(C)(C)C3=O
11421,CCCCCCCCc1ccc(OCC(=O)Cn2cc(C(=O)O)c3ccccc32)cc1
11422,CCCCCCCCc1ccc(OCC(=O)Cn2ccc3c(C(=O)O)cccc32)cc1
11423,CCCCCCCCc1ccc(OCC(=O)Cn2ccc3cc(C#N)ccc32)cc1
11424,CCCCCCCCc1ccc(OCC(=O)Cn2ccc3cc(C(=O)OC)ccc32)cc1
11717,CCCCCCCCc1ccc(OCC(=O)Cn2ccc3cc(C=O)ccc32)cc1
13033,CCCCCCCCc1ccc(OCC(=O)Cn2cc(C(=O)O)c3cc(C(=O)O)ccc32)cc1
13306,CCCCCCCCc1ccc(OCC(=O)Cn2cc(C(C)(C)C)c3cc(C(=O)O)ccc32)cc1
13602,CCCCCCCCc1ccc(OCC(=O)Cn2ccc3cc(C(N)=O)ccc32)cc1
13621,CCCCCCCCc1ccc(OCC(=O)Cn2cc(Cl)c3cc(C(=O)O)ccc32)cc1
13909,CCCCCCCCc1ccc(OCC(=O)Cn2ccc3cc(C(=O)O)ccc32)cc1
14082,CCCCCCCCc1ccc(OCC(=O)Cn2cc(C=O)c3cc(C(=O)O)ccc32)cc1
14097,CCCCCCCCc1ccc(OCC(=O)Cn2cc(C#N)c3cc(C(=O)O)ccc32)cc1
14135,CCCCCCCCc1ccc(OCC(=O)Cn2cc(C(C)=O)c3cc(C(=O)O)ccc32)cc1
14302,CCCCCCCCc1ccc(OCC(=O)Cn2cc(C(=O)OC)c3cc(C(=O)O)ccc32)cc1
1591,Cc1cc(SCc2cc(=O)[nH]c3ccccc23)nc2ccccc12
118,CC(=O)N1CCc2cc(S(=O)(=O)CCC(=O)N3CCN(C(=O)c4ccco4)CC3)ccc21
1041,CCOc1cc(C(=O)NCc2ccc(-c3nc4ccccc4o3)cc2)cc(OCC)c1OCC
10742,C=CCn1c(=O)c2ccccc2n2c(SCC(=O)Nc3cc(C)on3)nnc12
5714,CN(CC(=O)Nc1ccccc1Cl)CC(=O)c1c(N)n(Cc2ccccc2)c(=O)n(C)c1=O
14790,CC(C)=CCc1cc(CC(=O)Cc2ccc(O)cc2)ccc1O
10434,COC(=O)C(C)Oc1cc(C)cc2oc(=O)c3c(c12)CCC3
12036,CCOc1ccc(N2C(=O)CC(n3nc(C)cc3C)C2=O)cc1
10436,COc1ccc(-c2cc(=O)oc3cc(OCc4nn[nH]n4)ccc23)cc1
10533,COc1ccc(-c2cc(=O)oc3c(C)c(OCc4nn[nH]n4)ccc23)cc1
10843,Cc1noc(C)c1CSc1nnnn1-c1ccc(Cl)cc1
10458,COCCCn1c(C2CCCCC2)nc2oc3cc(OC)ccc3c(=O)c2c1=O
275,CCOc1ccc(NC(=O)CSc2nnc(C(C)C)n2CC)cc1
7012,CCc1cccc(CC)c1NC(=O)CSc1nnc(C(C)C)n1CC
7233,CCOc1ccc(NC(=O)CSc2nnc(C)n2CCCOC)cc1
7982,COCCn1c(SCC(=O)Nc2cccc(C)c2)nnc1C(C)C
8849,CCCn1c(SCC(=O)Nc2c(C)cccc2CC)nnc1C(C)C
8996,CCCn1c(SCC(=O)Nc2cccc(NC(C)=O)c2)nnc1C(C)C
9208,CCC(=O)Nc1ccc(NC(=O)CSc2nnc(C(C)C)n2C)cc1
7006,Cc1nnc(SCCCN2C(=O)c3ccccc3C2=O)o1
329,CNC(=O)c1sc(-c2ccc(Cl)cc2)nc1C
12767,Cn1cnnc1SCC(=O)c1c[nH]c2ccccc12
8517,CN(C(=O)c1cccnc1)c1nnc(-c2cnccn2)s1
9684,Cc1cnc(-c2nnc(N(C)C(=O)c3cccnc3)s2)cn1
10086,C[C@H](NC(=O)OC(C)(C)C)c1nnc(SCC(=O)c2ccc(Cl)cc2)o1
13510,CC(C)C[C@@H]1NC(=O)[C@H](Cc2ccc(O)cc2)NC(=O)CSC[C@@H](C(N)=O)NC(=O)CNC(=O)CNC(=O)[C@H](CCCN=C(N)N)NC(=O)[C@H](CC(=O)O)NC(=O)[C@H](CCCCN)NC(=O)[C@@H]2CCCN2C(=O)[C@H](CCCN=C(N)N)NC(=O)[C@H](Cc2cccnc2)NC(=O)[C@H](CCCN=C(N)N)NC1=O
12277,O=C(c1cccs1)N1CCN(C(=O)c2ccco2)c2ccccc2C1
4478,O=C1Nc2ccccc2C(=O)C1(Cl)Cc1ccccc1
6829,O=C(Cn1nnc(-c2ccncc2)n1)NCCc1ccccc1
12865,COc1ccc2cc(CN(CC3COCCO3)S(=O)(=O)c3ccc(Cl)cc3)c(=O)[nH]c2c1
9936,Cn1c(Cc2ccccc2)nnc1SCC(=O)Nc1ccc2c(c1)OCCO2
607,Cn1cccc1C(=O)OCC(=O)Nc1ccc2c(c1)OCCO2
7825,CCN(CC)S(=O)(=O)c1ccc(-c2nnc(SCC(=O)Nc3ccc4c(c3)OCO4)o2)cc1
2867,O=C1CCC(N2C(=O)c3ccccc3C2=O)C(=O)N1
2203,O=C(Nc1nc2cc3c(cc2s1)OCCO3)C1=COCCO1
9211,COc1ccc(C2NCCC3(O)CCCCC23)c(OC)c1OC
10847,OC12CCCCC1C(c1ccccc1)NCC2
195,COc1ccc(S(=O)(=O)N(C)CC(=O)Nc2ccc3c(c2)OCO3)cc1OC
2962,Cc1cc(NCCCn2ccnc2)n2ncc(-c3ccc(Cl)cc3)c2n1
1609,C[C@@H]1CC[C@@]2(O[C@H](CCO)C[C@@H](O)[C@@H]2O)O1
5789,NS(=O)(=O)c1ccc(CCNC(=O)C2CCN(C(=O)Nc3ccccc3)CC2)cc1
7906,O=C(Nc1cccc(F)c1)c1ccc(S(=O)(=O)NCC2CCCO2)cc1
8489,Cc1ccc(NC(=O)c2ccc(S(=O)(=O)NCC3CCCO3)cc2)cc1
12543,NS(=O)(=O)c1ccc(N2N=C(c3ccc(Br)cc3)CC2c2ccc(F)cc2)cc1
6713,CCN1C(=O)CC(N2CCC(Cc3ccccc3)CC2)C1=O
13468,O=C(NC1CCN(CC(F)(F)F)CC1)c1ccc(-c2cccc(F)c2)nc1
13780,COc1cccc(-c2ccc(C(=O)NC3CCN(CC(F)(F)F)CC3)cn2)c1
5502,CCOC(=O)C1(S(=O)(=O)c2ccc(Cl)cc2)CCN(Cc2ccc(Cl)cc2)CC1
5506,CCOC(=O)C1(S(=O)(=O)c2ccccc2)CCN(Cc2ccc(Cl)cc2)CC1
12454,CCOC(=O)C1(S(=O)(=O)c2ccc(Cl)cc2)CCN(Cc2ccc(C)cc2)CC1
3623,Cc1nc(N2CCC(C(N)=O)CC2)c2c(-c3cccs3)csc2n1
5759,O=S(=O)(NCCOc1ccccc1F)c1ccc(Cl)cc1F
79,O=C1c2ccccc2CN1CCNS(=O)(=O)c1ccc(Cl)cc1
2738,CCCCNC1C(CC)C(CCC)C(C#N)(C#N)C1(C#N)C#N
7096,C=CCN1C(=O)C(CC(=O)NCC)SC1=Nc1ccc(S(N)(=O)=O)cc1
8509,CCNC(=O)CC1SC(=Nc2cccc(Cl)c2C)N(C)C1=O
4556,Cc1ccc(C)c(-n2c3nc(=O)[nH]c(=O)c-3cc3cc([N+](=O)[O-])ccc32)c1
4625,Cc1ccc(-n2c3nc(=O)[nH]c(=O)c-3cc3cc([N+](=O)[O-])ccc32)cc1
3074,CCOC(=O)c1c(NC(=S)NCCc2ccccc2)sc2c1CC(C(C)C)OC2
4608,COCC(C)NC(=O)CSc1nc2ccccc2n1CCc1ccccc1
7854,CCCC(c1nnnn1CCc1ccccc1)N1CCN(C2CCCC2)CC1
13773,CCNNC(=O)c1ccc(CN2c3ccccc3Sc3cccnc32)cc1
2181,O=C(Nc1nc(-c2ccccc2)cs1)c1ccc2c(c1)S(=O)(=O)c1ccccc1C2=O
2878,O=S(=O)(CCSc1nc2ccccc2s1)c1nc2ccccc2s1
6762,CCOc1cc(NC(=O)C2CCCCC2)c(OCC)cc1NC(=O)c1ccco1
3162,O=C(NC1CCCCC1)C(c1cccnc1)N(C(=O)CCl)c1cccc(Cl)c1
959,Cc1ccc(C(=O)Nc2cccc(C(F)(F)F)c2C)cc1-c1ccc2nc(NCCN3CCCCC3)ncc2c1
6105,O=C(CCCCCN1C(=O)c2ccccc2C1=O)NC1CCCC1
11437,COC(=O)c1c(Nc2ccccc2Cl)[nH]c2ccccc12
11512,COC(=O)c1c(Nc2cccc(F)c2)[nH]c2ccccc12
11959,COc1ccc(/C=C2\SC(c3ccc(Oc4ccccc4)cc3)=NC2=O)c2ccccc12
10481,COC(=O)c1sc2nc(-c3ccco3)ccc2c1N
2939,COC(=O)c1cc(=O)n(Cc2ccc(OC)c(OC)c2)c(=Nc2ccc(F)cc2)s1
5874,CCn1c(=O)c(C(=O)Nc2cccnc2)c(O)c2ccccc21
9479,Cn1c(=O)c(C(=O)Nc2cccnc2)c(O)c2ccccc21
12555,C=CCn1c(=O)c(C(=O)Nc2cccnc2)c(O)c2ccccc21
8802,CCC(C)(C)n1nnnc1C(C(C)C)N(CCCO)Cc1cc2cc(C)ccc2[nH]c1=O
15081,COc1ccc(CCc2cc(=O)c3c(o2)[C@@H](O)[C@@H]2Oc4cc5c(=O)cc(CCc6ccccc6)oc5cc4O[C@H]3[C@@H]2O)cc1
15210,O=c1cc(CCc2ccccc2)oc2c1[C@@H]1Oc3cc4oc(CCc5ccccc5)cc(=O)c4cc3O[C@@H]([C@@H]1O)[C@H]2O
14454,COc1ccc(C2=NN(Cc3ccc(CN4CCC(=O)CC4)cc3)C(=O)[C@@H]3CC=CC[C@H]23)cc1OC
2556,O=C(/C=C/c1ccc([N+](=O)[O-])cc1)N(c1ccccn1)C1CCCCC1
4650,N#C/C(=C\c1ccccc1)C(=O)N(c1ccccn1)C1CCCCC1
4578,COc1ccc(C(=O)N/N=C/c2sc3ccccc3c2O)cc1
9217,CCOc1ccc2cc(C#N)c(SCC(=O)N3CCOCC3)nc2c1
762,COc1ccc(C#Cc2ccc([C@@H]3[C@H](CO)N4CCCCN(C(=O)Nc5cccc(F)c5)C[C@@H]34)cc2)cc1
763,O=C(Nc1ccc(F)cc1)N1CCCCN2[C@@H](CO)[C@@H](c3ccc(C#Cc4ccccc4)cc3)[C@@H]2C1
1573,CCN(CC)c1ccc(NC(=O)C2CC3CCC2C3)cc1
10078,Cc1cc(N2CC(=O)N(CCc3ccccc3)C(=O)C2)n2ncnc2n1
9789,O=S1(=O)CCC(S(=O)(=O)N2CCCCCC2)C1
6565,O=S(=O)(c1cccc(C(F)(F)F)c1)N1CCC(O)(c2cccnc2)CC1
14925,COC(=O)[C@]1(C)CC[C@]2(C)CC[C@]3(C)C4=CC=C5C(=CC(=O)C(O)=C5C)[C@]4(C)CC[C@@]3(C)[C@@H]2C1
7780,O=C(Nc1ccc2oc(-c3cccnc3)nc2c1)c1cccnc1
7899,COc1cc(-c2nnc(SCc3cccnc3)n2C)cc(OC)c1O
10890,CC(C)Sc1nnc(Nc2ccccc2)s1
10933,CCSc1nnc(Nc2ccccc2)s1
12751,CCSc1nnc(Nc2ccc(C)cc2)s1
4473,COc1ccc(C(=O)NNC(=S)NC(=O)c2ccco2)cc1
4529,COc1ccccc1C(=O)NNC(=S)NC(=O)c1ccco1
4543,O=C(NC(=S)NNC(=O)c1ccccc1O)c1ccco1
4707,COc1ccc(C(=O)NNC(=S)NC(=O)c2ccc(Br)o2)cc1OC
4767,Cc1ccc(C(=O)NNC(=S)NC(=O)c2ccco2)cc1
4888,CCCOc1ccc(C(=O)NNC(=S)NC(=O)c2ccco2)cc1
4909,O=C(NNC(=S)NC(=O)c1ccco1)c1ccc(F)cc1
2428,N#Cc1ccsc1NC(=O)CSc1nnnn1-c1ccc(O)cc1
6455,O=C(NCC(=O)N(CC1CCCO1)C(C(=O)NC1CCCC1)c1cccnc1)c1ccco1
5561,Cc1ccccc1NC(=O)Cc1nc(COC(=O)c2cccc([N+](=O)[O-])c2)cs1
10154,O=C(NCCCN1CCCC1=O)c1nnc(Cc2c(F)cccc2Cl)o1
12742,O=C(OCc1nc2ccccc2s1)C1CCN(C2=NS(=O)(=O)c3ccccc32)CC1
8437,O=C(Nc1cc(Cl)ccc1N1CCOCC1)c1cnccn1
12626,O=C(Nc1ccccc1N1CCOCC1)c1cnccn1
5560,CC1(C)Cc2cccc(OCC(=O)Nc3ccccc3C(F)(F)F)c2O1
8384,c1cncc(-c2nnc(C3CCCCC3)o2)c1
2671,Cn1c2ccccc2c2cc(/C=N/NC(=O)c3cc(O)ccc3O)ccc21
1651,Brc1ccc(C2=CC(c3cccs3)n3ncnc3N2)cc1
3059,CCn1c(O)c(C=Nc2ccc(N3CCOCC3)cc2)c(=O)n(CC)c1=S
11926,Cn1cnc(CC(=O)N2CCC(c3ccc(NC(=O)c4ncc(C#N)[nH]4)c(C4=CCCCC4)c3)CC2)c1
1553,O=C(Nc1ccc(-c2nc3cccnc3s2)cc1)c1ccc(Br)o1
12059,COc1ccc2[nH]c3c(N4CCN(Cc5ccc6c(c5)OCO6)CC4)ncnc3c2c1
9712,CC(C)n1nnnc1SCC(=O)NCc1cccs1
13418,O=C(NC1CCN(CC(F)(F)F)CC1)c1ccc(N2CCCC2)nc1
10241,C=CCN1CC(c2nc3ccccc3n2CCOc2ccccc2)CC1=O
12287,CN1CCN(CC(=O)N2c3ccccc3C(C)(c3ccccc3)CC2(C)C)CC1
7139,CCOC(=O)c1ccc(S(=O)(=O)n2c(CN3CCCCC3)nc3ccccc32)cc1
10953,O=C(Cn1[nH]c(=O)c2ccccc2c1=O)OCC(=O)N1CCCc2ccccc21
1369,N#Cc1cccc(-n2c(-c3ccccc3)nnc2-c2ccccc2)c1C#N
1642,COc1ccc(S(=O)(=O)NCc2csc(-c3cccnc3)n2)cc1
6720,O=C1CCN(Cc2nnnn2CC2CCCO2)c2ccccc2N1
9716,CCn1c(=O)c2ccccc2n2c(SCC(=O)N3CCCc4ccccc43)nnc12
2289,CN1CSC2=C(C#N)C(c3cccc(OCc4ccccc4)c3)CC(=O)N2C1
1099,COc1cccc(-c2ccc(C(=O)N3CCC34CN(C#N)C4)cc2)c1
7902,CC(C)CC(c1nnnn1Cc1ccco1)N1CCN(c2cccc(Cl)c2)CC1
6010,O=C(CCN1C(=O)C2(OCCO2)c2ccccc21)c1ccccc1
2845,CC1Cc2ccccc2N1c1ncnc2nc[nH]c12
13578,CN1CCN(Cc2ccc(-c3cn4c5nc(ncc35)NCCCCNC(=O)[C@@H](N)CCCC4)cc2)CC1
3702,ClC1=C(Cl)C(Cl)=C(Cl)C1=C/C=C/c1ccccc1
268,CC(NC(=O)c1ccco1)c1cccc2ccccc12
50,O=C(Cn1nnc2c(cnn2-c2ccc(F)cc2)c1=O)c1ccccc1F
6669,Cc1ccc(C)c(-n2c(SCC(=O)Nc3nnc(C)s3)nnc2-c2ccoc2C)c1
6951,CCc1nnc(NC(=O)CSc2nnc(-c3ccoc3C)n2-c2ccc(C)cc2)s1
8219,O=C(NCc1ccco1)c1csc(Nc2ccccc2Cl)n1
9736,Cc1ccc(Nc2nc(C(=O)NCc3ccco3)cs2)cc1
6674,CCc1cccc(CC)c1N(COC)C(=O)Cn1c(CO)nc2ccccc21
6012,CCc1nc(C)cn1S(=O)(=O)c1cc(OC)c(C)cc1C
6699,CCc1nccn1S(=O)(=O)c1ccc(C)c(C)c1
2597,N#C/C(=C\c1ccc(C(=O)O)cc1)c1nc2sc3c(c2c(=O)[nH]1)CCCC3
6751,O=C(NC1CCCCC1)NC1CCN(S(=O)(=O)Cc2ccccc2)CC1
10813,O=C(c1cc(=O)c2ccccc2o1)N1CCCc2ccccc21
3734,Nc1cc2nc3ccccc3oc-2cc1=O
2265,CCc1ccc(N2CSC3=C(C#N)C(c4cccs4)CC(=O)N3C2)cc1
2332,Cc1ccc(N2CSC3=C(C#N)C(c4cccs4)CC(=O)N3C2)cc1
10361,N#CC1=C2SCN(c3ccccc3)CN2C(=O)CC1c1cccs1
126,CC1CN(C(=O)c2scc3c2OCCO3)CC(C)O1
13436,COc1ccc2cc(C(=O)NC3CCCNC3=O)cnc2c1
7931,O=C(Nc1nccs1)c1c(O)c2cccc3c2n(c1=O)CCC3
9974,Cc1cnc(NC(=O)c2c(O)c3cccc4c3n(c2=O)CCC4)s1
13056,NS(=O)(=O)c1ccc(CN2C(=O)c3nccnc3C2=O)cc1
5510,O=C(COc1ccc(/C=N/NC(=O)c2cc3ccccc3o2)cc1Cl)Nc1ccccc1
7921,Cc1ccc(S(=O)(=O)N2CCCN(S(=O)(=O)c3ccc4c(c3)OCCO4)CC2)cc1
1843,CN(C(=S)Nc1ccc(Oc2ccccc2)cc1)c1ccc(O)cc1
11111,Cc1cc(C(=O)OCC(=O)c2c(N)n(C)c(=O)n(C)c2=O)c(C)o1
8837,COCCN1C(=O)C(=O)/C(=C(/O)c2cccc(OC)c2)C1c1ccncc1
12191,O=C(COc1ccc(Cl)cc1Cl)N/N=C1\CCCc2ccccc21
14542,C/C(=C1\C[C@H](C2=CC(O)OC2=O)OC1=O)[C@]1(C)O[C@@]2(O)CCC=C3C(=O)O[C@H]1[C@@]32C
9459,COc1ccc(NC(=O)CN2C3CCC2CC(O)(c2cccnc2)C3)cc1OC
7391,COc1ccc(C(=O)Nc2ccc(-c3ccc(C)o3)cc2)cc1S(=O)(=O)N1CCOCC1
11105,O=C(NCc1ccco1)C1Cc2ccccc2CN1S(=O)(=O)c1ccccc1F
1089,N#CN1CC(OC(c2ccccc2)c2cc(-c3ccon3)cc(-c3ccon3)c2)C1
460,CCc1cc2c(-c3ccc(=O)n(CCCCOc4ccc(C5=NNC(=O)CC5C)cc4)n3)ccc(OC)n2n1
8262,COCCNC(=O)CN(C(=O)CCC(=O)Nc1cc(C)on1)c1ccc(C)cc1C
8732,COCCNC(=O)CN(C(=O)CCC(=O)Nc1cc(C)on1)c1cccc(C)c1C
7638,COc1cc(C(=O)Nc2ccc(NC(=O)c3ccco3)nc2)cc(OC)c1OC
1203,CC(C(=O)NCCc1ccc(S(N)(=O)=O)cc1)c1ccc(-c2ccccc2)c(F)c1
5259,CCN(CC)c1ccc2cc(C(=O)NCc3ccc(F)cc3)c(=N)oc2c1
10673,CCOC(=O)CCCn1c(C)nc(=O)c(-c2ccccc2)c1C
8140,CC(Sc1ncc(C#N)c(N)n1)C(=O)Nc1ccccc1
9530,COc1cc(NC(=O)CSc2nccc(C)n2)c(C(=O)O)cc1OC
9559,CCOC(=O)c1cnc(SCC(=O)Nc2ccc(NC(C)=O)c(OC)c2)nc1N
14137,O=C(NCc1ccc(Cl)cc1Cl)N1CCC(Cc2ccccn2)CC1
6154,COCCN(CC(=O)Nc1ccccc1)S(=O)(=O)c1ccc(S(=O)(=O)N2CCCC2)cc1
9779,COCCN(CC(=O)Nc1cccc(C)c1)S(=O)(=O)c1ccc(S(=O)(=O)N2CCCC2)cc1
7789,Cc1nnc(SC(C)C(=O)Nc2ccc(S(=O)(=O)N3CCCCC3)cc2)s1
1370,Oc1ccccc1C1=Nc2ncnn2C(c2ccccc2)C1
5084,CCCCC[C@H](O)/C=C/[C@H]1CCC(=O)[C@@H]1CCCCCCC(=O)N1CCCCC1CO
1751,COc1cc2c(cc1NC(=O)Nc1ccccc1)oc1ccccc12
10316,Cc1cccc(-n2c(O)c(C=NCCCN3CCOCC3)c3ccccc3c2=O)c1
6668,COc1ccccc1OCCCn1c(=O)sc2ccccc21
6739,O=C(O)Cn1nc2ccccc2n1
8789,CC(C(=O)O)n1nc2ccccc2n1
8193,COc1ccc(C(=O)Nc2ccccc2C(=O)NC(C(=O)NCc2ccco2)C(C)C)cc1
3284,CCOC(=O)c1c(C)[nH]c(C)c1C(=O)CSc1nc2ccccc2c(=O)n1-c1ccc(CC)cc1
3251,CN(c1cccc(Cl)c1)S(=O)(=O)c1cccc(C(=O)Nc2nc3ccccc3[nH]2)c1
7484,O=C(CN1CCC(O)(c2ccc(F)cc2)CC1)NCc1ccc(F)cc1
3197,O=C(NNC(=S)Nc1cccc(C(F)(F)F)c1)c1cccc(Cl)c1
869,Cc1[nH]c2ccccc2c1CCNC(=O)c1ccc(-c2ccccc2)nc1
873,Cc1[nH]c2ccccc2c1CCNC(=O)c1ccc(-c2ccccc2F)nc1
874,CC(=O)Nc1ccc(-c2ccc(C(=O)NCCc3c(C)[nH]c4ccccc34)cn2)cc1
876,COc1cc(OC)cc(-c2ccc(C(=O)NCCc3c(C)[nH]c4ccccc34)cn2)c1
880,Cc1[nH]c2ccccc2c1CCNC(=O)c1ccc(-c2ccccc2O)nc1
895,COc1cccc(-c2ccc(C(=O)NCCc3c(C)[nH]c4ccccc34)cn2)c1
900,COc1ccccc1-c1ccc(C(=O)NCCc2c(C)[nH]c3ccccc23)cn1
13029,COc1ccc(C2=NC(=O)/C(=C/c3ccc(OC)c4ccccc34)S2)cc1
13113,COc1ccc(/C=C2\SC(c3ccc(Cl)cc3)=NC2=O)c2ccccc12
9980,CCCCn1c(SCC(=O)N2CCCC2)nc2c1c(=O)n(C)c(=O)n2C
5132,O=[N+]([O-])/C=C/c1ccc2c(ccn2Cc2ccccc2)c1
7240,O=C(O)CC(C(=O)O)c1cn(Cc2ccccc2)c2ccccc12
11387,CC(C)(C)CNC(=S)Nc1ccc2c(ccn2Cc2ccc(F)cc2)c1
11915,CC(C)c1ccc2c(c1)c(SC(C)(C)C)c(CC(C)(C)C(=O)O)n2Cc1ccc(Cl)cc1
13382,CC(C)c1ccc2c(c1)c(C(=O)CC(C)(C)C)c(CC(C)(C)C(=O)O)n2Cc1ccc(Cl)cc1
4400,Cn1nnnc1Sc1ncnc2scc(-c3cc4ccccc4o3)c12
8520,Cc1nc2ccccn2c1C(=O)NCCCN1CCOCC1
9181,O=C(Nc1ccc(F)cc1)NC1CCN(Cc2nnnn2Cc2ccco2)CC1
7199,COc1ccc(OCC(=O)N2CCN(CC3CC4C=CC3C4)CC2)cc1
4472,COc1ccc(CN2C(=O)c3ccccc3C(/C=N/OCc3ccc(Cl)cc3)C2=O)cc1
3903,c1cnc2ccc(-c3ccc4ncccc4c3)cc2c1
2143,O=C(NC1CCCCC1)C(c1ccncc1)N(Cc1ccccc1)C(=O)c1ccc(-c2ccccc2)[nH]1
7407,O=C(CN1CCC(c2nc3ccccc3s2)CC1)NCc1cccs1
2695,COc1ccc([C@H](Cc2ccncc2)c2ccsc2)cc1OC1CCCC1
5014,CC1(C)CC(=O)C(C(c2ccc(Br)cc2)C2C(=O)CC(C)(C)CC2=O)C(=O)C1
5160,Cc1cc(C(C2C(=O)CC(C)(C)CC2=O)C2C(=O)CC(C)(C)CC2=O)cc(C)c1OC(F)F
3397,O=C1N(c2ccccc2)C[C@@H]2C[C@@H](c3cc4ccccc4o3)N3CCC[C@@]123
14899,CCOC(=O)c1c(C(=O)O)cc2cc(O)c(O)cc2c1-c1ccc(O)c(O)c1
14900,CCOC(=O)c1cc(-c2ccc(O)c(O)c2)c2cc(O)c(O)cc2c1
14901,CCOC(=O)c1cc2cc(O)c(O)cc2c(-c2ccc(O)c(O)c2)c1C(=O)O
15166,O=C(O)c1cc(-c2ccc(O)c(O)c2)c2cc(O)c(O)cc2c1
14448,CC1CCN(c2cc(N3CCN(C)CC3)ccc2NC(=O)c2ccc(C#N)o2)CC1
14460,CN1CCN(c2ccc(NC(=O)c3ccc(C#N)o3)c(N3CCCCC3)c2)CC1
3664,CCN(CC)S(=O)(=O)c1cc(NC(=O)Cn2ncc(Cl)c(Cl)c2=O)ccc1C
13592,CC1CN(c2cncnc2)Cc2cc(C(=O)Nc3cc(CN4CCN(C)CC4)cc(C4CCCCC4)c3)ccc21
9638,CCOc1ccc(OCC)c(NC(=O)CSc2nnc(-c3cccnc3)o2)c1
13514,COCCCNC(=O)c1nc(-c2cccc3[nH]ccc23)no1
4959,Cc1cc(C)cc(NC(=O)Nc2ccc(N3CCCCC3)cc2)c1
8991,Cc1ccc(S(=O)(=O)N2CCC(C(=O)Nc3ccc4c(c3)COC4=O)CC2)cc1
1155,Cc1nc(-c2ccc3c(c2)nc(C(C)c2ccc(CC(C)C)cc2)n3Cc2ccccc2Cl)no1
8578,CCOC(=O)c1ccccc1NC(=O)Cn1cnc2c(cnn2-c2ccc(OC)cc2)c1=O
7563,CC1Cc2ccccc2N1C(=O)Cn1nnc(-c2ccccc2NC(=O)C2CCC2)n1
354,CN(C)Cc1cnc2ccc(Cl)cn12
11719,CCOC(=O)c1c(C)nc2ccc(C)cn12
5389,O=C(CN1C(=O)c2ccccc2S1(=O)=O)NC1CC2CCC1C2
12490,O=C(CSc1nc(O)c(Cc2ccccc2)c(=O)[nH]1)Nc1ccccc1
7333,CC(c1ccccc1)C1C(C#N)=C(N)SC(N)=C1C#N
12671,Cc1cc(C)c2c(n1)sc1c(=O)[nH]c(SCc3ccccc3)nc12
6481,Cc1cc(NC(=O)CCCC(=O)Nc2ccc(F)cc2)no1
11298,COc1ccc(Cn2c(SCC(=O)NCc3ccco3)nc3ccsc3c2=O)cc1
163,NC(=O)CSc1oc(-c2cccs2)nc1S(=O)(=O)c1ccccc1
1466,CCOC(=O)N(c1ccccc1)P1(=S)OCCO1
4069,Cc1cccc(CS(=O)(=O)c2ncc(Cl)c(C(=O)NCc3ccccc3)n2)c1
4072,O=C(NCc1ccccc1)c1nc(S(=O)(=O)Cc2ccccc2)ncc1Cl
4122,COc1ccc(CNC(=O)c2nc(S(=O)(=O)Cc3ccccc3)ncc2Cl)cc1
5768,C[C@@H]1COC(=O)[C@@H](Cc2ccc(F)cc2)C/C=C\C[C@@H](CC(=O)N[C@H](CO)Cc2ccccc2)C(=O)N1
9357,CCOC(=O)Cn1c(CN(C)Cc2ccccc2)nc2c1c(=O)n(C)c(=O)n2C
10420,Cn1c(=O)c2[nH]c(CNCc3ccccc3Cl)nc2n(C)c1=O
10438,CCCCn1c(CN(C)Cc2ccccc2)nc2c1c(=O)n(C)c(=O)n2C
1565,N#CCc1ccc(NS(=O)(=O)c2cccs2)cc1
7736,CCCOC(=O)c1ccc(NS(=O)(=O)c2cccs2)cc1
6400,N#CCSc1nnc(-c2cccnc2)n1-c1ccccc1
7154,CCc1ccccc1-n1c(SCC(=O)NC)nnc1-c1cccnc1
8360,COc1cccc(-n2c(SCC(=O)OC(C)C)nnc2-c2cccnc2)c1
9218,COc1ccc(-n2c(SCC#N)nnc2-c2cccnc2)cc1
12333,Cc1nc2sc(C(c3cccc(F)c3)N3CCC(O)CC3)c(O)n2n1
6476,COCc1cc(C)nc2sc3c(=O)oc(C)nc3c12
14760,CC(C)=C1CC[C@H](C)[C@](C)(COc2ccc3ccc(=O)oc3c2)[C@H]1CCC(=O)O
14918,COC(=O)CC[C@H]1C(=C(C)C)CC[C@H](C)[C@]1(C)COc1ccc2ccc(=O)oc2c1
3374,COC(=O)[C@@H]1C[C@]2(OC(=O)c3ccccc3)C=CC(=O)C[C@@H]2N1C(=O)OCc1ccccc1
9472,CC1CCCN(S(=O)(=O)c2ccc(NC(=O)c3cccc(-n4cnnn4)c3)cc2)C1
6371,CSc1nnc(-c2ccccc2)c(=O)[nH]1
3483,CC(C)(C)C(=O)/C(=C/c1ccncc1)n1cncn1
4572,C=CCN1C(=O)/C(=C\C=C2\N(C)c3ccccc3C2(C)C)SC1=S
4765,CN1/C(=C\C=C2/SC(=S)NC2=O)C(C)(C)c2ccccc21
11983,CC(C)(C)c1cccc(NC(=O)c2cccc(Nc3ccc4c(c3)CCc3ccccc3C4=O)c2)c1
12788,Cc1ccc(C(=O)Nc2cccc(C(C)(C)C)c2)cc1Nc1ccc2c(c1)CCc1ccccc1C2=O
3104,C=C1C(=O)[C@@]23[C@H](O)C[C@@H]4C(C)(C)CC[C@H](O)[C@]4(C)[C@@H]2C[C@H](O)[C@@H]1[C@H]3O
3108,C=C1C(=O)[C@@]23[C@H](O)C[C@@H]4C(C)(C)CC[C@H](O)[C@@]4(C)[C@@H]2CC[C@@H]1[C@H]3O
11092,O=C(COc1ccc(-n2cnnn2)cc1)N1CCN(c2ccc(F)cc2)CC1
4168,CCCOc1cccc(C2C(C(=O)c3cc4ccccc4o3)=C(O)C(=O)N2c2cc(C)on2)c1
1689,CCn1c2ccc(/C(C)=N\O)cc2c2cc(/C(C)=N\O)ccc21
3414,CCn1c2ccccc2c2cc(/C=N/O)ccc21
1208,COc1ccc2c(c1)c(CC(=O)NCCCOc1ccc(S(N)(=O)=O)cc1)c(C)n2C(=O)c1ccc(Cl)cc1
3201,Cc1cc(C)cc(N2C(=O)NC(=O)/C(=C/c3cccn3-c3ccc(Cl)cc3)C2=O)c1
12355,O=C(COC(=O)C1=COCCO1)Nc1ncc(C(F)(F)F)cc1Cl
7763,O=S(=O)(NC1CCCCC1)c1ccc(S(=O)(=O)N2CCN3CCCC3C2)cc1
13511,Fc1cccc(Cl)c1-c1ncc(-c2ccc(C#CC3CC3)nc2)[nH]1
4940,CCOc1ccccc1N(CC(=O)N1CCOCC1)S(=O)(=O)c1ccccc1
6220,Cc1ccc(C)c(C(=O)CSc2nnnn2-c2cccnc2)c1
7452,CCn1c(N2CCN(C(=O)C34CC5CC(CC(C5)C3)C4)CC2)nc2ccccc21
3136,Cc1cc(-c2ccccc2)n(-c2cc(N/N=C/c3ccccc3O)ncn2)n1
3758,C=C1C(=O)O[C@@H]2[C@H]1[C@@H](OC(=O)/C(C)=C/C)C/C(C)=C\C(=O)/C=C(\C)[C@@H]2O
3761,C=C(C)C(=O)O[C@H]1C/C(C)=C\C(=O)/C=C(\C)[C@H](O)[C@@H]2OC(=O)C(=C)[C@@H]21
2202,CN(C)c1ccc(N=Nc2nc3ccccc3n2C)cc1
4497,CCCCCCN1N=C(C)C(C(=O)c2ccc(Cl)cc2)C1=O
2430,NS(=O)(=O)c1ccc(N=Nc2c(O)ccc3ccccc23)cc1
12834,O=C(Nc1ccc(N2CCN(C(=O)c3ccco3)CC2)c(Cl)c1)c1cc2ccccc2o1
1788,Cn1cccc1/C=C1/C(=O)NC(=O)N(Cc2ccccc2)C1=O
13039,COc1cc2nc(N3CCNCC3)nc(N)c2cc1OC
3174,CC(=O)OCCCNc1cc(Sc2ccc(Cl)cc2)c2nonc2c1[N+](=O)[O-]
2882,Cc1cc(C)n(-c2nc(N(c3ccccc3)c3ccccc3)nc(-n3nc(C)cc3C)n2)n1
6449,COc1ccc(-c2nnc(SCC#N)o2)cc1
8593,CCS(=O)(=O)Nc1ccc(-c2nnc(SCC(=O)OC)o2)cc1
8838,CCNc1nnc(-c2ccc(C)cc2)o1
9009,CCCCOC(=O)CSc1nnc(-c2ccc(Cl)cc2Cl)o1
9333,CCN(CC)C(=O)CSc1nnc(-c2cc(OC)cc(OC)c2)o1
9400,CCCCOC(=O)CSc1nnc(-c2cc(OC)c(OC)c(OC)c2)o1
9935,CCOC(=O)CSc1nnc(-c2ccc(OC)cc2OC)o1
7713,Cc1noc(C)c1C(=O)OC(C(=O)NC1CCCC1)c1ccc(F)cc1
1664,COc1ccc(CNC(=O)c2ccc(NC(=O)CC3SC(N4CCCCC4)=NC3=O)cc2)cc1
8834,CCc1ccc(C(=O)CSc2ncn[nH]2)cc1
4693,COc1cc(/C=C2\C(=N)N3N=CSC3=NC2=O)cc(Br)c1OC(=O)c1ccco1
5188,CCS(=O)(=O)C1=NN2C(=N)/C(=C\c3ccc(OC(=O)c4ccco4)c(Br)c3)C(=O)N=C2S1
5243,CCOc1cc(/C=C2/C(=N)N3N=C(CC)SC3=NC2=O)ccc1OC(=O)c1ccco1
5260,CC(C)CS(=O)(=O)C1=NN2C(=N)/C(=C\c3ccc(OC(=O)c4ccco4)cc3)C(=O)N=C2S1
5386,CCSc1nnc2c(n1)OC1(CCCC1)Nc1ccccc1-2
1626,O=c1cc(O)n(-c2ccc(F)cc2)c(=S)[nH]1
2773,COc1cccc(C(=O)N2CCCc3ccccc32)c1
6769,CC(=O)OC1CC(C)N(C(=O)c2ccccc2)c2ccc(C)cc21
7506,COc1cc(OC)cc(C(=O)N2c3ccc(F)cc3CCC2C)c1
9643,CCC1(C)Cc2c(sc3nc(SCC(=O)O)[nH]c(=O)c23)CO1
1409,Cc1ccc(S(=O)(=O)N2CCN(C(=O)C3COc4ccccc4O3)CC2)cc1C
5696,O=C(C1COc2ccccc2O1)N1CCN(S(=O)(=O)c2cc(F)ccc2F)CC1
6124,FC(F)(F)C(F)(F)C(F)(F)c1nnc2ccc(N3CCOCC3)nn12
7129,C=CCNC(=O)C1CCN(c2nc(C)cc(-c3ccccc3)n2)CC1
7147,Cc1cc(-c2ccccc2)nc(N2CCC(C(=O)NC(C)C)CC2)n1
10124,CCc1c(C)nc(N2CCOCC2)[nH]c1=O
10168,CCOC(=O)c1cnc(N2CCOCC2)[nH]c1=O
3937,C=C1CCC[C@]2(C)C[C@H]3OC(=O)C(CN4CCCCC4CO)[C@H]3CC12
6897,CC1CCCCC1NS(=O)(=O)c1ccc(S(=O)(=O)N2CCCC2)cc1
9467,CN(C1CCCCC1)S(=O)(=O)c1ccc(S(=O)(=O)N2CCCC2)cc1
8341,O=c1[nH]c2ccccc2cc1-c1noc(-c2cccnc2)n1
9555,O=c1c2cnn(-c3ccccc3Cl)c2ncn1Cc1cccnc1
14635,C=C1C(=O)O[C@H]2C[C@H](C)[C@@H]3CC(=O)C(C)=C3C[C@H]12
11681,O=C(Nc1cccc(Nc2ccc3c(c2)CCCCC3=O)c1)c1cccc(C(F)(F)F)c1
11882,Cc1ccc(NC(=O)c2ccc(C(C)(C)C)cc2)cc1Nc1ccc2c(c1)CCCCC2=O
12506,CC(C)(C)c1ccc(C(=O)Nc2cc(Nc3ccc4c(c3)CCCCC4=O)ccc2F)cc1
13046,Cc1cccc(C(=O)Nc2cccc(Nc3ccc4c(c3)CCCCC4=O)c2)c1
13434,COc1ccccc1C(=O)Nc1cccc(Nc2ccc3c(c2)CCCCC3=O)c1
13453,O=C(Nc1cccc(Nc2ccc3c(c2)CCCCC3=O)c1)c1cccc(F)c1
13533,COc1cccc(C(=O)Nc2cccc(Nc3ccc4c(c3)CCCCC4=O)c2)c1
13582,O=C(Nc1cccc(Nc2ccc3c(c2)CCCCC3=O)c1)c1ccc(F)cc1
13603,Cc1ccc(Nc2ccc3c(c2)CCCCC3=O)cc1NC(=O)c1ccccc1
13695,COc1ccc(C(=O)Nc2cccc(Nc3ccc4c(c3)CCCCC4=O)c2)cc1
13876,O=C(Nc1cc(Nc2ccc3c(c2)CCCCC3=O)ccc1F)c1cccc(F)c1
13899,O=C(Nc1cccc(Nc2ccc3c(c2)CCCCC3=O)c1)c1ccccc1
13914,O=C(Nc1cc(Nc2ccc3c(c2)CCCCC3=O)ccc1F)c1ccccc1
14112,Cc1ccc(NC(=O)c2ccccc2)cc1Nc1ccc2c(c1)CCCCC2=O
14147,O=C(Nc1ccc(F)c(Nc2ccc3c(c2)CCCCC3=O)c1)c1ccccc1
1410,c1ccc(-n2c(Sc3cnccn3)nnc2-c2cccs2)cc1
14526,CS(=O)(=O)Nc1cc(C(=O)O[C@@H](Cc2c(Cl)c[n+]([O-])cc2Cl)c2ccc(OC(F)F)c(OCC3CC3)c2)ccc1OCC1CC1
7054,CCN(CC)C(=O)C1CCN(CC2CC=CCC2)CC1
13838,C[C@H]1[C@H](NC(=O)OCCCCC2CCCCC2)C(=O)N1Oc1ccc(Oc2ccccc2)cc1
12677,O=C(Nc1ccc2oc(=O)ccc2c1)c1ccco1
9369,COc1ccccc1N(CC(=O)NC1CCCC1)C(=O)c1csnn1
8435,Cc1ccc(-c2noc(C3CCCN(C(=O)c4ccccc4)C3)n2)o1
2207,COc1ccc(C(=O)Nc2nc3cc4c(cc3s2)OCO4)c(OC)c1
1493,O=C(CSc1nc2c(cnn2-c2ccc(Cl)cc2)c(=O)[nH]1)N1CCCc2ccccc21
11024,Nc1c(Sc2ccccc2)c(=O)[nH]c(=O)n1Cc1ccccc1
10143,Cc1[nH]c2ccccc2c1C1(O)C(=O)N(Cc2ccc3c(c2)OCO3)c2ccccc21
10320,O=C1N(Cc2ccc3c(c2)OCO3)c2ccccc2C1(O)c1c[nH]c2ccccc12
7406,O=C(NCC(=O)N(Cc1ccco1)C(C(=O)NC1CCCCC1)c1cccnc1)c1ccco1
3297,O=C(Nc1cccc(Cl)c1)Nc1cc(S(=O)(=O)N2CCCCC2)ccc1Cl
3335,O=C(Nc1cccc(S(=O)(=O)N2CCCCC2)c1)Nc1ccc(Cl)cc1Cl
6941,CCCCCCN(Cc1ccco1)c1nc(N2CCOCC2)nc(N2CCOCC2)n1
8239,CCCCCn1c(SCCc2ccccc2)nc2c1c(=O)[nH]c(=O)n2C
8906,CC(C)CCn1c(SCCc2ccccc2)nc2c1c(=O)[nH]c(=O)n2C
14865,CC1=CC(O)(C[C@@H](C)[C@]2(C)CC=C3C4=CC[C@H]5C(C)(C)[C@H](O)CC[C@]5(C)[C@@H]4CC[C@]32C)OC1=O
8168,Cc1ccccc1NC(=O)N1C2CCCC1CC(NC(=O)C1CC1)C2
12393,O=C(NC1CC2CCCC(C1)N2C(=O)Nc1ccc(Cl)c(C(F)(F)F)c1)C1CC1
15076,COc1ccc(/C=C/[C@H](c2ccc(O)cc2)c2cc(-c3coc4cc(OC)cc(O)c4c3=O)c(O)cc2O)c(OC)c1
15090,COc1ccc([C@H](/C=C/c2ccc(O)cc2)c2cc(-c3coc4cc(OC)cc(O)c4c3=O)c(O)cc2O)c(OC)c1
5049,O=C(NN1C(=O)/C(=C/c2ccc(O)c(O)c2)SC1=S)c1ccccc1
5094,COc1cc(/C=C2\SC(=S)N(NC(=O)c3ccccc3O)C2=O)ccc1O
14733,CC(=O)O[C@H]1C[C@@](O)([C@H](C)[C@H]2CC(C)=C(C)C(=O)O2)[C@@]2(C)CC[C@H]3[C@@H](C[C@@H](O)[C@@]4(O)CC=CC(=O)[C@]34C)[C@@]12O
14734,CC(=O)O[C@H]1C[C@H]([C@H](C)[C@H]2CC(C)=C(C)C(=O)O2)[C@@]2(C)CC[C@H]3[C@@H](C[C@@H](O)[C@@]4(O)CC=CC(=O)[C@]34C)[C@@]12O
14852,CC1=C(C)C(=O)O[C@@H]([C@@H](C)[C@H]2C[C@H](O)[C@]3(O)[C@@H]4C[C@@H](O)[C@@]5(O)CC=CC(=O)[C@]5(C)[C@H]4CC[C@]23C)C1
5162,Cn1c(N)c(-c2ccccc2)c2ccc([N+](=O)[O-])cc2c1=O
5372,Cc1ccc(NC(=O)C2C3CC4OC(=O)C2C4C3)cc1Cl
8,Cc1cc(C)n(-c2nc(Nc3ccccc3C(F)(F)F)nc(-n3nc(C)cc3C)n2)n1
8811,Cc1cc(C)n(-c2nc(Nc3ccccc3)nc(-n3nc(C)cc3C)n2)n1
10996,COc1ccc(CC(=O)NCc2ccccc2Cl)cc1S(=O)(=O)N1CCOCC1
11363,COc1ccc(CN(C)C(=O)Cc2ccc(OC)c(S(=O)(=O)N3CCOCC3)c2)cc1OC
562,COc1ccc2oc(C(=O)NCCc3ccccc3)c(C)c2c1
11357,COc1ccc(-c2c(C)noc2C)cc1S(=O)(=O)N1CCNCC1
11495,Cc1ccc(-c2c(C)noc2C)cc1S(=O)(=O)N1CCNCC1
4906,Cc1cc2c(c(=O)o1)C(CCC1CCCCC1)C(C#N)=C(N)O2
9050,O=C(NCC(=O)N(c1cnc2ccccc2c1)C(C(=O)NC1CCCC1)c1ccncc1)c1ccco1
8782,Cc1cc2ncn(CC(O)COc3cccc(C(=O)O)c3)c2cc1C
6317,Cc1cc(NC(=O)c2ccco2)ncc1NC(=O)CCc1ccccc1
9801,O=C(CCc1ccccc1)Nc1ccc(NC(=O)c2ccco2)nc1
1799,CCOc1ccc(NCc2nc3ccccc3n2CCOc2ccccc2)cc1
1600,COc1ccc(C2=NNC(c3cccs3)=Nc3ccc(OC)cc32)cc1
6182,CCOc1cc(S(=O)(=O)N2CC=C(c3ccc(F)cc3)CC2)c(OCC)cc1-n1cnnn1
9504,COc1ccc(-c2nc(NC(=O)c3cc(C(C)(C)C)nn3C)sc2C)cc1
4804,CC1(C)CC(=O)C2=C(C1)Nc1ccccc1NC2
6889,Cc1ccc(CN(Cc2cccnc2)C(=O)CN2C(=O)COc3ccccc32)o1
10097,Cc1nnc2n1N=CC=C(C(C)(C)C)S2
6570,CCn1c(=O)c(C(=O)NCCc2ccccc2)c(O)c2ccccc21
2839,Cc1c(C(=O)OCc2ccccc2)[nH]c2c1C(=O)CC(c1ccco1)C2
11089,Cc1ccc(C(C)C)c(OCC(=O)OCc2c(C)noc2C)c1
5621,CC(=O)Nc1ccc(NC(=O)C(C)OC(=O)CNC(=O)c2ccc(-c3ccccc3)cc2)cc1
3233,COCCn1c(=NC(=O)c2ccc(S(=O)(=O)N3CCc4ccccc4C3)cc2)sc2cc(OC)ccc21
3256,C#CCn1c(=NC(=O)c2ccc(S(=O)(=O)N3CCc4ccccc4C3)cc2)sc2cc(S(N)(=O)=O)ccc21
9378,CS(=O)(=O)N1CCc2cc(-c3csc(NC(=O)Cc4cccs4)n3)ccc21
14730,CC(=O)O[C@H]1CC[C@]2(C)C3=CC[C@]4(C)[C@@H]([C@@H](CCC=C(C)C)C(=O)O)[C@H](O)C[C@@]4(C)C3=CC[C@H]2C1(C)C
8142,O=C(NCC(=O)N(c1ccc2c(c1)OCO2)C(C(=O)NC1CCCC1)c1ccncc1)c1ccco1
3985,COc1cc(-c2noc(C)c2C#Cc2ccc(N)cc2)cc(OC)c1OC
9202,O=C1C2C3C=CC(C3)C2C(=O)N1CN(Cc1ccccc1)CN1C(=O)C2C3C=CC(C3)C2C1=O
10697,O=C(Oc1ccc2c(c1)OCO2)c1ccncc1
6956,Cn1c(CNc2nc3ccccc3n2CCN2CCCCC2)nc2ccccc21
3066,COc1cccc2c(SCC(=O)N/N=C/c3ccccc3)cc(C)nc12
8158,c1cnc(NCCNc2ncccn2)nc1
8972,O=C(Cn1nnc(-c2cc(Cl)ccc2-n2cnnn2)n1)N1CCCc2ccccc21
6287,c1ccc(Cn2nnc3c(N4CCc5ccccc54)ncnc32)cc1
10084,Cc1cc(O)c(-c2n[nH]c3c2C(c2cccc(O)c2)N(Cc2cccnc2)C3=O)cc1Cl
10091,COc1ccc(C2c3c(-c4cc(Cl)c(C)cc4O)n[nH]c3C(=O)N2Cc2cccnc2)cc1OC
7164,Cc1ccc2[nH]c(=O)c(-c3noc(-c4ccncc4)n3)cc2c1
8968,CCOC(=O)CSc1nnc(Cc2ccccc2)n1Cc1ccco1
5130,COP(=O)(OC)c1nc(-c2ccc([N+](=O)[O-])cc2)oc1N1CCCCC1
5966,O=C(Nc1ccccc1C(=O)NCc1cccnc1)c1ccco1
15102,COc1ccc2cc1Oc1ccc(cc1)C[C@H]1c3cc(c(OC)cc3CCN1C)Oc1c(OC)c(OC)cc3c1[C@@H](C2)N(C=O)CC3
15103,COc1ccc2cc1Oc1ccc(cc1)C[C@H]1c3cc(c(OC)cc3CCN1C)Oc1c(OC)c(OC)cc3c1[C@H](C2)N(C)CC3
6439,Cc1ccc(C(C)n2cc(C(=O)NCc3ccncc3)nn2)cc1
2907,COc1cc2c(cc1OC)C1Cc3c(cnn3-c3ccc(C(F)(F)F)cc3)C(=O)N1CC2
51,CCC(C)NS(=O)(=O)c1ccc(OCC(=O)NCc2cccnc2)cc1
190,COc1ccc(OC(C)C(=O)NCc2cccnc2)cc1
13922,Fc1cccc(Cl)c1-c1ncc(-c2ccc(C#CC3CCCCC3)nc2)[nH]1
10607,Cc1cc(C)n(-c2nc(C)nc3c2cnn3-c2ccccc2)n1
12578,Cc1c(Cl)cccc1NC(=O)CCCCCN1C(=O)CCC1=O
11310,CN(C)c1nc(SCc2ccccc2Cl)nc2c1CCCC2
8440,CN(C)c1nc(SCCOC(=O)c2ccccc2)nc(N(C)C)n1
10688,O=C(Cn1nnc(-c2ccccc2)n1)OC1CCOC1=O
6636,O=C(CN1C(=O)CSC1=O)NCc1ccccc1
6167,O=C(COc1cccc(NC(=O)c2ccco2)c1)c1ccccc1
8966,CN1CCN(C(=O)C2(NC(=O)Nc3cccc(F)c3)CCCCC2)CC1
13734,O=C(N[C@H]1CNC1=O)OCc1ccc(C2CCCC2)cc1
6871,CC(=O)Nc1nonc1-c1nc2ccccc2n1CCC#N
3412,N#C/C(=N\Nc1ccc(S(=O)(=O)N2CCc3ccccc32)cc1)C(N)=S
10998,CCC(CO)NC(=O)c1cccc(S(=O)(=O)N2c3ccccc3CC2C)c1
6073,O=C(CN1CCN(c2nc(-c3ccc(Cl)cc3)cs2)CC1)NCc1ccco1
12673,CCOC(=O)c1c(C)[nH]c(C(=O)OCC(=O)N2CC(C)OC(C)C2)c1C
2546,Cc1ccc(/C=C/C(=O)NCC2COc3ccccc3O2)o1
14255,Cc1cnc(Nc2ccc(N3CCOCC3)cc2)nc1-c1cc2c(o1)CCN(C(=O)C(C)C)C2
14279,CCC(=O)N1CCc2oc(-c3nc(Nc4ccc(N5CCOCC5)cc4)ncc3C)cc2C1
14325,Cc1cnc(Nc2cc(F)c(N3CCOCC3)c(F)c2)nc1-c1cc2c(o1)CCN(C(=O)CC#N)C2
14348,Cc1cnc(Nc2cc(F)c(N3CCOCC3)c(F)c2)nc1-c1cc2c(o1)CCN(S(C)(=O)=O)C2
14480,Cc1cnc(Nc2ccc(N3CCOCC3)cc2)nc1-c1cc2c(o1)CCN(C(=O)CC#N)C2
8796,O=S(=O)(Nc1ccc(-c2nc3ccccc3o2)cc1)c1ccccc1
6581,CCN1CCN(S(=O)(=O)c2ccc(S(=O)(=O)NCC3CCCO3)cc2)CC1
14411,N#Cc1cnc(C(=O)Nc2ccc(C3CCN(C(=O)Cc4cccnc4)CC3)cc2C2=CCCCC2)[nH]1
14571,C/C=C/c1ccc(O[C@@H]2O[C@H](O)[C@@H](O)[C@H](O)[C@H]2O)c(O)c1.OCC1O[C@H](O)C(O)[C@@H](O)[C@H]1O
3445,NS(=O)(=O)c1ccc(N/N=C/c2cn(-c3ccccc3)nc2-c2cccs2)c([N+](=O)[O-])c1
7440,COc1ccc(Cn2nnnc2C(c2cccnc2)N2CCN(c3ccc(O)cc3)CC2)cc1
8753,Oc1ccc(N2CCN(C(c3cccnc3)c3nnnn3Cc3ccccc3)CC2)cc1
8706,Cc1ccc2nc(-c3ccc4c(c3)OCCO4)cc(C(=O)O)c2c1
12545,CC(C)c1ccc(NS(=O)(=O)c2ccc3[nH]cc(C(=O)N4CCC(C(N)=O)CC4)c(=O)c3c2)cc1
10202,CCOc1ccc(Nc2nc3c(c(=O)[nH]2)CCC3)cc1
168,COc1cc(CNC2CCC(C)C2)cc(OC)c1
7069,COc1cc(-n2cnnn2)ccc1S(=O)(=O)N1CCOCC1
10634,CCN(CC(=O)NC1CCS(=O)(=O)C1)C(=O)COc1ccccc1-c1ccccc1
10057,CCOC(=O)C1C(=O)Nc2nc(C)nn2C1c1ccccc1
14491,C[C@H]1CCCCN1c1nnc2ccc(O[C@@H]3CC[C@H](NC(=O)Nc4cc(C(C)(C)C)nn4-c4cnn(CCN5CCC(O)CC5)c4)c4ccccc43)cn12
6390,COc1ccc(C2=NCC(=O)N(CC(=O)NCc3ccco3)c3sc4c(c32)CCCC4)cc1OC
8343,Cc1ccccc1C1=NCC(=O)N(CC(=O)NCc2ccco2)c2sc3c(c21)CCCC3
2826,COc1cc(-c2nc(-c3ccc(NC(=O)c4ccc5c(c4)OCO5)cc3)no2)cc(OC)c1OC
694,CCSc1ccc(-c2cc(NC=O)c3ncc(-c4cccc(C(=O)N(C)C)c4)n3c2)cc1
695,CN(C)C(=O)c1cccc(-c2cnc3c(NC=O)cc(-c4cccc(C(F)(F)F)c4)cn23)c1
6707,Cc1ccc(C(=O)N2CCN(S(C)(=O)=O)C2)cc1
3443,O=[N+]([O-])c1cc(S(=O)(=O)Nc2cccc(Cl)c2)ccc1N=Nc1c(O)[nH]c2ccccc12
4051,CCOC(=O)[C@@H]1[C@H]2COc3ccc(Br)cc3[C@H]2N2C(=O)N(c3ccc(C)cc3)C(=O)[C@]12C
8876,CCOc1ccccc1NC(=O)N1CCC(c2nc3ccccc3[nH]2)CC1
14099,O=C(NCc1ccc(Cl)cc1Cl)N1CCC(Oc2ncccn2)CC1
3492,CC1(C)Cc2ccccc2C2=NNC(=O)C2=N1
6219,Cc1ccc(-c2nnn(CC(=O)Nc3ccccc3N3CCOCC3)n2)cc1
7302,O=C(Cn1nnc(-c2ccccc2)n1)Nc1ccccc1N1CCOCC1
9805,Cc1occc1-c1nnc(SCC(=O)Nc2ccc(F)cc2)n1Cc1ccccc1
9183,CC(C)CNC(=O)C1CCN(c2ccc(S(=O)(=O)N3CCOCC3)cc2)CC1
12361,C=CCNC(=O)COC(=O)c1cc(S(=O)(=O)N2CCOCC2)ccc1N1CCCCC1
13731,Cc1c(C(C)C)c(=O)on1C(=O)N1CC=CC1
3723,CCN(CC)CCNC(=O)c1ccc2c(c1NCCO)C(=O)c1ccccc1C2=O
15167,O=C(O)c1cc(O)c2c(c1)C(=O)c1cccc(O)c1C2=O
15187,O=C1c2cccc(O)c2C(=O)c2c(O)cc(CO)cc21
3444,O=C1COc2ccc(C(=O)CSc3nc4ccccc4c(=O)n3-c3ccc(Cl)c(Cl)c3)cc2N1
2749,CC1CCc2sc3ncnc(N4CCOCC4)c3c2C1
2824,c1nc(N2CCOCC2)c2c3c(sc2n1)CCCC3
2858,CC1CCc2c(sc3ncnc(N4CCOCC4)c23)C1
5473,N#Cc1c(SCC(=O)O)nc(-c2ccccc2)c2c1CCCC2
9820,O=C(Cc1cccs1)Nc1ccc(S(=O)(=O)Nc2ncccn2)cc1
4889,Cc1cc(/C=C2\SC(=S)NC2=O)c(C)n1-c1ccc(O)cc1
7805,O=C(NCC(=O)N(Cc1cccs1)C(C(=O)NC1CCCC1)c1ccncc1)c1ccco1
15084,COc1ccc(CCc2cc(=O)c3c(o2)[C@H](O)[C@H]2Oc4cc(CCc5cc(=O)c6cc(OC)ccc6o5)ccc4[C@@H]3[C@H]2O)cc1
14770,CC(C)=CCC[C@@]1(C)C=Cc2c(ccc(C(=O)/C=C/c3ccc(O)c(O)c3)c2O)O1
15040,COc1cc2c(c(O)c1C(=O)/C=C/c1ccc(O)cc1)C=CC(C)(CC/C=C(\C)CCC=C(C)C)O2
15043,COc1cc2c(c(O)c1C(=O)/C=C/c1ccccc1)C=CC(C)(CC/C=C(\C)CCC=C(C)C)O2
15074,COc1ccc(/C=C/C(=O)c2ccc3c(c2O)C=CC(C)(C)O3)cc1OC
8215,O=C(NCCNC(=O)C(c1ccccc1)c1ccccc1)c1ccco1
10767,O=S(=O)(c1cc(F)cc(F)c1)N1CCN(c2ncccn2)CC1
44,COCc1[nH]nc2c1C(c1ccccc1Cl)C(C#N)=C(N)O2
6236,CCCc1[nH]nc2c1C(c1ccccc1OCC)C(C#N)=C(N)O2
6810,CCCc1[nH]nc2c1C(c1ccccc1OC)C(C#N)=C(N)O2
3011,COc1c(/C=N/Nc2ccc([N+](=O)[O-])cc2[N+](=O)[O-])c(C)nn1-c1ccccc1
5848,COc1ccc(C(=O)Nc2nnc(C(F)(F)F)s2)cc1
6959,CCc1nnc(NC(=O)c2ccc(S(=O)(=O)NCC(C)C)cc2)s1
7526,CCOc1ccccc1C(=O)Nc1nncs1
8004,COCc1nnc(NC(=O)c2ccc(NC(=O)C(C)C)cc2)s1
8803,COc1cccc(C(=O)Nc2nnc(C(C)C)s2)c1
9522,CCN(CC)S(=O)(=O)c1ccc(Cl)c(C(=O)Nc2nncs2)c1
12932,CCC(C)(C)c1nnc(NC(=O)c2ccc([N+](=O)[O-])cc2)s1
2653,COc1ccc(-c2nc3c(c(SCC(=O)Nc4cccc(O)c4)n2)Cc2c(CO)cnc(C)c2O3)cc1
4138,Cc1ncc(CO)c2c1Oc1nc(-c3ccccc3F)nc(SCC(=O)N(C)c3ccccc3)c1C2
11481,c1coc(-c2nc(-c3ccco3)c(-c3ccco3)nc2-c2ccco2)c1
12143,Cc1nnc(SCC(=O)Nc2cccc(C(F)(F)F)c2)n1Cc1ccco1
10266,CCn1nnc(NC(=O)c2cccnc2)n1
1927,COC(=O)c1cnc(SCc2ccc(C)cc2)n1C
7247,COc1ccc(NC(=O)CSc2nnc(Cc3ccccc3)o2)c(OC)c1
6064,COC(=O)C1=CN(CC2CCCO2)C=C(C(=O)OC)C1c1cc(OC)c(OC)c(OC)c1
13435,O=C(Nc1cccc(Nc2ccc3c(c2)CCCCC3=O)c1)c1ccco1
725,CCc1cnc(N2[C@H](C#N)[C@H](c3ccc(C#CCC4CCCC4)cc3)[C@@H]2CO)s1
10167,O=C(CN1CCN(c2ccccn2)CC1)N1c2ccccc2Sc2ccc(C(F)(F)F)cc21
10252,COc1cccc(C2=NO[C@@H]3C(=O)N(c4ccc5c(c4)OCCO5)C(=O)[C@H]23)c1OC
10559,COc1ccc(C2=NO[C@@H]3C(=O)N(c4ccc5c(c4)OCCO5)C(=O)[C@H]23)cc1OC
1875,CN(C)S(=O)(=O)c1cc(NC(=O)CN2C(=O)NC3(CCCc4ccccc43)C2=O)ccc1Cl
828,N#C[C@@H]1[C@@H](c2ccccc2-c2ccc(F)cc2)[C@H](CO)N1C(=O)NC1CCCCC1
13439,COc1cc(NC(=O)c2ccc(C)c(C#Cc3cccnc3)c2)cc(OC)c1
13953,COc1cc(NC(=O)c2ccc(C)c(C#Cc3cccnc3N)c2)cc(OC)c1
14073,COc1cc(NC(=O)c2ccc(C)c(C#Cc3cc(Cl)cnc3N)c2)cc(OC)c1
14211,CNC(=O)c1cnc(N)c(C#Cc2cc(C(=O)Nc3cc(OC)cc(OC)c3)ccc2C)c1
14285,COC(=O)c1cnc(N)c(C#Cc2cc(C(=O)Nc3cc(OC)cc(OC)c3)ccc2C)c1
14350,COc1cc(NC(=O)c2ccc(C)c(C#Cc3cc(C(N)=O)cnc3N)c2)cc(OC)c1
2584,CN(C(=O)COC(=O)c1cc(-c2ccco2)nc2ccccc12)C1CCS(=O)(=O)C1
9037,COc1ccc(CNC(=O)CN(C(=O)CCC(=O)Nc2ccccn2)c2ccccc2OC)cc1
1786,Cn1c(=O)[nH]c(=O)c2c1nc(N1CCCCC1)n2CCCSc1nnnn1-c1ccccc1
994,N#C/C(=C1/Nc2ccccc2S1)c1ccnc(NCCCN2CCOCC2)n1
5435,COC(=O)[C@@H]1[C@@H](C#N)C2(c3ccccc3-c3ccccc32)N(c2ccc(Cl)cc2)N1C#N
5436,COC(=O)[C@@H]1[C@@H](C(=O)OC)C2(c3ccccc3-c3ccccc32)N(c2ccc(Cl)cc2)N1C#N
5437,COC(=O)C1CN(C#N)N(c2ccc(Cl)cc2)C12c1ccccc1-c1ccccc12
5658,COc1ccc(S(=O)(=O)NCc2ccncc2)cc1NC(=O)c1ccccc1
5665,COc1ccc(S(=O)(=O)NCc2ccncc2)cc1NC(=O)c1ccccc1F
7082,O=C(CSc1nnnn1-c1ccc2c(c1)OCCO2)c1cccc2c1OCCO2
11751,NS(=O)(=O)c1ccc(N2N=C(c3ccco3)CC2c2ccccc2)cc1
11994,COc1ccc(C2CC(c3ccco3)=NN2c2ccc(S(N)(=O)=O)cc2)cc1
11995,COc1cc(C2CC(c3ccco3)=NN2c2ccc(S(N)(=O)=O)cc2)cc(OC)c1OC
12777,NS(=O)(=O)c1ccc(N2N=C(c3ccco3)CC2c2ccc(Cl)cc2)cc1
13159,NS(=O)(=O)c1ccc(N2N=C(c3ccco3)CC2c2ccc(C(F)(F)F)cc2)cc1
5300,O=C(CCCN1CCC2(CC1)C(=O)NCN2c1ccccc1)c1ccc(F)cc1
774,CCCNC(=O)c1cc2c(c(-c3cccc(-c4cc5ccccc5o4)c3)n1)[C@H](CCO)N(C(=O)NC(C)C)C2
1688,O=C1/C(=C/c2cccs2)SC(=S)N1c1ccccc1
8195,Clc1ccc(C(c2nnnn2C2CCCCC2)N(Cc2cccnc2)Cc2ccco2)cc1
2257,N#Cc1nc(-c2ccc(OCc3ccc(Cl)cc3)cc2)oc1N1CCC(C(N)=O)CC1
276,CCc1cc2cc(C)cc(C)c2nc1SCC(=O)N1CCCC1
7201,COc1ccc2cc(C#N)c(SCC(=O)N3CCCC3)nc2c1
5777,Cc1c(NC(=O)c2cc(-c3ccc(F)cc3)nc3ccccc23)c(=O)n(-c2ccccc2)n1C
1418,O=C(CSc1ncccn1)NCc1ccccc1Cl
13375,NC(=O)c1sc(-c2ccnc(NC(=O)C3CC3)c2)nc1OCCC1CCN(Cc2ccccc2F)CC1
13893,NC(=O)c1sc(-c2ccnc(NC(=O)C3CC3)c2)nc1OCCC1CCN(Cc2ccc(F)cc2)CC1
13960,NC(=O)c1sc(-c2ccnc(NC(=O)C3CC3)c2)nc1OCCC1CCN(Cc2ccccc2Cl)CC1
13968,NC(=O)c1sc(-c2ccnc(NC(=O)C3CC3)c2)nc1OCCC1CCN(Cc2cccc(F)c2)CC1
14049,NC(=O)c1sc(-c2ccnc(NC(=O)C3CC3)c2)nc1OCCC1CCN(Cc2ccccc2)CC1
14172,NC(=O)c1sc(-c2ccnc(NC(=O)C3CC3)c2)nc1OCCC1CCN(Cc2ccc(F)c(F)c2)CC1
14298,NC(=O)c1sc(-c2ccnc(NC(=O)C3CC3)c2)nc1OCCC1CCN(Cc2c(F)cccc2F)CC1
2433,Cc1cc(C)c(NC(=O)CSc2nc3ccc(N4C(=O)c5ccccc5C4=O)cc3s2)c(C)c1
13181,COc1cccc(CSC(C(=O)O)c2ccccc2)c1
1061,COc1cccc(-c2ccc(C(OC3CN(C#N)C3)c3ccccc3)cc2)c1
7176,CCC(=O)Nc1ccc(NC(=O)Cc2ccccc2)cn1
4910,Oc1cccc(Nc2nc(O)c(/C=C3\C=Nc4ccccc43)s2)c1
6692,O=C(OCn1cncn1)c1ccc(Cl)cc1Cl
14550,C/C(=C\COc1c2occc2cc2ccc(=O)oc12)CCC(=O)C(C)(C)O
14755,CC(C)(O)c1cc2cc3ccc(=O)oc3c(O)c2o1
7347,CC(=O)OC(C(=O)NC1CCCCC1)c1ccncc1
2297,CCOC(=O)C1CCCN(C(=O)Cn2sc3nc(C)cc(C)c3c2=O)C1
5317,COC(=O)C(Cc1cnc[nH]1)NC(=O)C1CCC(=O)N1
504,COc1ccc(C(=O)/C=C/C(=O)N(CC(=O)NCCC(C)C)Cc2cccs2)c(O)c1
14019,Cn1cc(C2=C(c3ccc(Cl)cc3Cl)C(=O)NC2=O)c2ccccc21
3146,Cc1nn(-c2ccccc2)c(Cl)c1CN(C(=O)CCl)c1ccc(Cl)cc1
6498,COC(=O)c1ccc(NC(=O)Cn2nnc3ccccc32)cc1
6513,COCCNC(=O)CN(C(=O)Cn1nnc2ccccc21)c1ccccc1
6892,COC(=O)c1cccc(NC(=O)Cn2nnc3ccccc32)c1
8851,COCCNC(=O)CN(C(=O)Cn1nnc2ccccc21)c1ccc(F)c(Cl)c1
12985,N#Cc1cnc(C(=O)Nc2ccc(C3CCN(C(=O)Cc4ccncc4)CC3)cc2C2=CCCCC2)[nH]1
3541,COC(=O)c1cc(=O)n(Cc2cccs2)c(=Nc2ccc(F)cc2)s1
7036,Cc1ccc2c(c1)nnn2C1CCN(CC(=O)N2c3ccccc3CC2C)CC1
10990,CN(C)S(=O)(=O)c1cccc(C(=O)N2CCN(Cc3ccccc3)CC2)c1
2752,CCNc1nc(N)c(C(=O)c2ccc(Cl)s2)s1
7042,CCC(C)N(C(=O)c1csnn1)C(C(=O)NCc1ccc(F)cc1)c1ccco1
13386,Cc1noc(C)c1-c1cc2ncc3c(c2cc1OC1CC(N)C1)n(C(C)c1ccccn1)c(=O)n3C
3071,CC(C)c1ccc(N2C(=O)NC(=O)/C(=C/C=C/c3ccco3)C2=O)cc1
3078,Cc1ccc(N2C(=O)NC(=O)/C(=C/C=C/c3ccco3)C2=O)cc1
3373,Cc1ccc(N2C(=O)NC(=O)/C(=C\C=C\c3ccco3)C2=O)cc1C
3772,Cc1ccc(N2C(=O)NC(=O)/C(=C\C=C\c3ccco3)C2=O)cc1
4880,Cc1cccc(N2C(=O)NC(=O)/C(=C\C=C\c3ccco3)C2=O)c1
12633,CCn1c(SCC(=O)NC(=O)NCc2ccco2)nnc1-c1cccs1
1263,O=C1OCCN1C1CCN(CCOc2ccc(Oc3nc4ccccc4s3)cc2)CC1
8470,c1ccc2oc(N3CCNCC3)nc2c1
7127,CCCC(=O)Nc1nnc(-c2ccco2)s1
1745,N#C/C(=C\c1cc(Cl)cc(Cl)c1O)C(=O)NC1CCCCC1
3290,CSc1ccc(/C=C(\C#N)C(=O)NC2CCCCC2C)cc1
3295,N#C/C(=C\c1ccc(F)c(F)c1)C(=O)NC1CCCCC1
4843,N#C/C(=C\c1ccccc1[N+](=O)[O-])C(=O)NC1CCCCC1
1957,O=C(N/N=C/c1ccc(C(F)(F)F)cc1)c1ccc(O)cc1
3125,O=C(N/N=C/c1cc(Cl)ccc1O)c1ccc(Br)cc1
2844,Cc1cccc(NC(=O)Nc2ccc(C#N)cc2)n1
4340,CCCOc1c(Br)cc(C(=O)OCc2cc(=O)n3ccsc3n2)cc1OC
5666,O=[N+]([O-])c1ccc2cn[nH]c2c1
1643,CCOC(=O)C(C)Oc1cccc2c(=O)n(CC(=O)Nc3cccc(OC)c3)ccc12
7639,O=C(Cn1c(C(=O)NCc2ccco2)cc2sccc21)c1ccccc1
9797,CCc1ccc2nc3c(c(C(=O)O)c2c1)CCC3
2926,CC(=O)N(Cc1ccc(F)cc1)C1=C(NCCc2ccccc2)C(=O)c2ccccc2C1=O
9580,O=C(COC(=O)c1ccco1)Nc1nc2ccccc2s1
2096,COc1ccc(-c2cc(C(=O)N3CCN(c4ccccn4)CC3)c3ccccc3n2)cc1
2212,CCOc1ccc(-c2cc(C(=O)N3CCN(c4ccccn4)CC3)c3ccccc3n2)cc1
15152,O=C(/C=C/c1ccc(O)c(O)c1)O/C=C\c1ccc(O)c(O)c1
11059,CCc1nc2ccc(C(=O)NCc3ccco3)cc2nc1CC
1546,c1ccc(Nc2nc3ccccc3n3cnnc23)cc1
2109,Cc1ccc(NC(=O)CC2Nc3ccccc3NC2=O)cc1Cl
2544,COc1ccc(N2C(=O)N(Cc3cccc(F)c3)c3ccccc3S2(=O)=O)cc1
5977,O=C(NCCC1=CCCCC1)c1ccc(CN2CCOCC2)cc1
7000,O=C(c1ccccc1Cl)N1CCCC(c2nc3c(nnn3Cc3ccccc3)c(=O)[nH]2)C1
8860,Cc1ccc(C(=O)N2CCCC(c3nc4c(nnn4Cc4ccccc4)c(=O)[nH]3)C2)cc1
8925,O=C(c1ccccc1)N1CCCC(c2nc3c(nnn3Cc3ccccc3)c(=O)[nH]2)C1
13564,O=C(N[C@H]1CNC1=O)OCc1ccc2c(c1)CCCC2
10888,COCCOc1ccc(C(F)(F)F)cc1NC(=O)COC(=O)c1c(C)noc1C
7319,CC1(C)NC(=O)N(CNc2cc(Cl)ccc2Cl)C1=O
9767,O=C(CSc1nnc(-c2ccco2)n1CC1CCCO1)NC1CCCC1
1721,c1ccc(Oc2ccc(-c3ccnc4nc(N5CCN(c6ccccc6)CC5)nn34)cc2)cc1
3049,Cc1ccc(OCC(=O)Nc2ccc(Cl)cc2)c(-n2nc3ccccc3n2)c1
7964,Cn1c(=O)c2c(nc(SCC(=O)N3c4ccccc4CCc4ccccc43)n2C)n(C)c1=O
12092,O=C1C=C(c2ccccc2)CC(c2cccs2)C1n1cnc([N+](=O)[O-])c1
6475,CCN(c1c(C)n(C)n(-c2ccccc2)c1=O)S(C)(=O)=O
12790,CCCC(=O)NC(NC(=S)Nc1c(C)n(C)n(-c2ccccc2)c1=O)C(Cl)(Cl)Cl
9253,CCOc1ccc2cc(C#N)c(SCC(=O)N3CCC(C)CC3)nc2c1
2268,CCN1C(=O)c2cccc3cccc1c23
13260,O=C(O)C(Sc1nc(Cl)cc(Nc2nc(-c3ccc(Cl)cc3)cs2)n1)c1cccc2ccccc12
4345,O=[N+]([O-])c1cc(S(=O)(=O)N2CCCC2)ccc1OCCOc1ccccc1
12200,CC1CCCCC1NC(=O)CSc1nncs1
649,C[C@@H]1CN([C@H](C)CO)C(=O)c2cc(NC(=O)Nc3cccc4ccccc34)ccc2O[C@@H](C)CCCCO[C@H]1CN(C)Cc1ccc(C(F)(F)F)cc1
704,C[C@H]1CCCCO[C@H](CN(C)Cc2ccc(C(F)(F)F)cc2)[C@@H](C)CN([C@@H](C)CO)C(=O)c2cc(NC(=O)Nc3cccc4ccccc34)ccc2O1
9915,Cc1nc2nc(C)n(-c3ccccc3)c2s1
1252,CCOC(=O)c1c(CCCc2ccccc2)[nH]c2c1cc(O)c1ccccc12
3455,Cc1[nH]c2ccccc2c(=O)c1C(=O)/C=C/c1ccccc1
1542,CCOC(=O)N1CCC(NC(=O)CN2C(=O)CSc3nc(C)cc(C)c32)CC1
4805,O=C1OC(c2ccc([N+](=O)[O-])cc2)=N/C1=C/N1CC2CC(C1)c1cccc(=O)n1C2
1618,Cc1ccccc1Cn1ccc(NC(=O)c2cnn3c2NC(c2ccccc2)CC3C(F)(F)F)n1
6030,CCCc1[nH]nc2c1C(Cc1ccccc1)C(C#N)=C(N)O2
2516,O=C(O)c1ccc(Nc2nc(-c3cc4ccccc4oc3=O)cs2)cc1O
81,CCCn1c(SCC#N)nc2c(c1=O)C1(CCCC1)Cc1ccccc1-2
8212,CCn1c(SCC#N)nc2c(c1=O)C1(CCCC1)Cc1ccccc1-2
6718,COC(=O)Cn1c(CCS(=O)(=O)c2ccc(C)cc2)nc2ccccc21
6972,Cc1occc1-c1nnc(SCC(=O)Nc2nccs2)n1Cc1ccco1
8397,Cc1csc(NC(=O)CSc2nnc(-c3ccoc3C)n2Cc2ccco2)n1
1500,COc1ccccc1C(=O)NCCN1CCN(C(=O)c2ccccc2OC)CC1
14084,Cc1c(CC(C)(C)C(=O)O)n(Cc2ccc(Cl)cc2)c2ccc(-c3ccc(-c4ccccc4)cc3)cc12
14239,Cc1c(CC(C)(C)C(=O)O)n(Cc2ccc(Cl)cc2)c2ccc(-c3ccc(-c4ccccc4)c(F)c3)cc12
14337,Cc1c(CC(C)(C)C(=O)O)n(Cc2ccc(Cl)cc2)c2ccc(-c3ccc(-c4ccccc4Cl)c(F)c3)cc12
14358,Cc1ccccc1-c1ccc(-c2ccc3c(c2)c(C)c(CC(C)(C)C(=O)O)n3Cc2ccc(Cl)cc2)cc1F
14662,C=C1CC[C@]2(C(=O)O)CC[C@]3(C)C(=CC[C@@H]4[C@@]5(C)C[C@@H](O)[C@@H](O)C(C)(C)[C@@H]5CC[C@]43C)[C@@H]2[C@H]1C
841,C[C@@H]1CN(C)C(=O)c2cccnc2O[C@H]1CN(C)S(C)(=O)=O
482,CCC(=O)NC(c1ccccc1OC)c1ccc2cccnc2c1O
7832,O=C(CN(Cc1ccccc1F)C(=O)c1ccco1)NCc1ccc(F)cc1
3385,O=C1/C(=C/c2ccncc2)CCC/C1=C\c1ccncc1
5649,CCn1c2ccccc2c2cc(NC(=O)COC(=O)c3ccc(NC(=O)CC#N)cc3)ccc21
5695,CCN(Cc1nc2ccccc2c(=O)[nH]1)C(=O)c1cccc(OCc2c(C)noc2C)c1
5687,COc1cc(C(=O)Nc2cccc(C)n2)ccc1OCC(=O)N1CCOCC1
7759,Cc1ccc(-c2nnn(CC(=O)N(CC(=O)NCC3CCCO3)c3ccccc3)n2)o1
8288,N#CCSc1nnc(COc2cccc3ccccc23)n1-c1cccc(Cl)c1
9710,N#CCSc1nnc(COc2cccc3ccccc23)n1-c1ccccc1
2078,CC1CC(C)C(=O)C(C(O)CC2CC(=O)NC(=O)C2)C1
4321,C[C@@H]1C[C@@H]([C@H](O)CC2CC(=O)NC(=O)C2)C(=O)[C@@H](C)C1
2188,COc1cc(C(=O)Nc2nc(-c3ccc(Cl)cc3)c(C)s2)ccc1OCC(=O)Nc1ccc(F)cc1
3303,COc1ccc(-c2nc(NC(=O)c3ccc(OCC(=O)Nc4ccc(F)cc4)c(OC)c3)sc2C)cc1
11054,COc1cccc(C(=O)OCc2ccccc2C#N)c1O
11200,O=C(O)c1cccc(C(=O)OCc2ccccc2)c1
8637,O=C(CSc1nnc(COc2cccc3cccnc23)o1)c1ccc(F)cc1
10823,C=CCn1c(=O)c2ccccc2n2c(SCC(=O)/C(C#N)=C(\C)N)nnc12
6339,COc1ccc(N2CCN(CC(=O)Nc3nnc(-c4ccccc4)s3)CC2)cc1
6625,COc1cccc(N2CCN(CC(=O)Nc3nnc(-c4ccccc4)s3)CC2)c1
4919,CCOC(=O)c1ccc2c(c1)NCc1cccc(OC)c1O2
9302,c1ccc2c(c1)CNc1ccccc1O2
9964,Cc1ccc2c(c1)CNc1ccccc1O2
13163,Clc1ccc(CN=c2ccn(Cc3ccccc3Cl)c3cc(Cl)ccc23)c(Cl)c1
4249,CCCCN(C(=O)c1ccc(N2CCCC2=O)cc1)c1c(N)n(Cc2ccccc2)c(=O)[nH]c1=O
7721,N#CCCCCN1c2cccc3cccc(c23)S1(=O)=O
10074,COc1ccccc1NC(=O)CSc1nnc(COc2ccc(Cl)cc2)n1Cc1ccco1
12849,COc1ccc(C)cc1NC(=O)CSc1nnc(COc2ccc(C)cc2)n1Cc1ccco1
9810,Cc1nnc(SCC(=O)N(C(C)C)C(C)C)nc1C
12139,CCNC(=O)N(C)c1nncnc1C(=O)NC
7766,O=C(Cc1cccs1)Nc1ccc2c(c1)C(=O)OC2
596,COc1ccc(C(=O)Nc2ccc(N3CCOCC3)cc2)cc1S(=O)(=O)N1CCOCC1
10719,O=c1c2ccccc2nnn1CSc1nnc(COc2ccc(Cl)cc2)n1Cc1ccco1
9359,CC1(C)CC(C(CC(=O)O)c2ccccc2)CCO1
9741,Cc1cccc(OCCCC(=O)Nc2ccc(S(=O)(=O)Nc3onc(C)c3C)cc2)c1
4679,O=c1oc2ccccc2cc1-c1cn2ccccc2n1
9108,O=C(c1ccc(C#Cc2ccccc2)o1)N1CCN(c2ccccn2)CC1
609,COc1ccc(C(=O)/C=C/C(=O)N(CC(=O)NC2CCCCC2)Cc2ccc(F)cc2)c(O)c1
3430,COc1ccc(C(=O)/C=C/C(=O)N(CC(=O)NC2CCCCC2)Cc2ccccc2OC)c(O)c1
3431,COc1ccc(C(=O)/C=C/C(=O)N(CC(=O)NC2CCCCC2)Cc2ccccc2)c(O)c1
5457,CCc1ccccc1NC(=O)C1NC(=O)CC1c1ccccc1
8112,COc1ccccc1-n1c(SCC(N)=O)nnc1-c1ccc(S(=O)(=O)N2CCCCC2)cc1
706,C[C@H](CO)N1C[C@H](C)[C@H](CN(C)CC2CCCCC2)OCCCC[C@H](C)Oc2ccc(NC(=O)Nc3ccc(C(F)(F)F)cc3)cc2C1=O
835,C[C@@H]1CCCCO[C@@H](CN(C)CC2CCCCC2)[C@@H](C)CN([C@@H](C)CO)C(=O)c2cc(NC(=O)Nc3ccc(C(F)(F)F)cc3)ccc2O1
3851,Cc1c([N+](=O)[O-])cnc(Sc2ccccc2)c1[N+](=O)[O-]
3054,O=c1cc(-c2ccccc2)[nH]n1-c1ccc([N+](=O)[O-])cc1
11677,CC(C)(C)CNC(=S)Nc1ccc2c(c1)CCN2CCc1ccc(F)cc1
14098,O=C(NCc1ccc(Cl)cc1Cl)N1CCC(O)(Cc2ccccc2)CC1
4779,CCN1C(=O)/C(=C/C=C2/CCCN2C)OC1=S
11011,Cc1onc(-c2ccccc2)c1C(=O)OCC(=O)Nc1ccc2c(c1)OCO2
8174,CCN1CCCC1CN(Cc1cc2ccc(C)c(C)c2[nH]c1=O)C(=O)Nc1ccccc1OC
13156,O=C1NC(=S)NC(=O)C1=Cc1cn(-c2ccc(Cl)cc2)nc1-c1ccccc1
13671,CCOc1ccc(-c2nn(-c3ccc(Cl)cc3)cc2C=C2C(=O)NC(=S)NC2=O)cc1
13674,CCCCCCCCCCOc1ccc(-c2nn(-c3ccc(Cl)cc3)cc2C=C2C(=O)NC(=S)NC2=O)cc1
13678,CCCCCCCCOc1ccc(-c2nn(-c3ccc(Cl)cc3)cc2C=C2C(=O)NC(=S)NC2=O)cc1
13679,CCCCOc1ccc(-c2nn(-c3ccccc3)cc2C=C2C(=O)NC(=S)NC2=O)cc1
13802,CCCCOc1ccc(-c2nn(-c3ccc(Cl)cc3)cc2C=C2C(=O)NC(=S)NC2=O)cc1
13814,CCCCCCOc1ccc(-c2nn(-c3ccc(Cl)cc3)cc2C=C2C(=O)NC(=S)NC2=O)cc1
13896,CCNNC(=O)c1ccc(Cn2c3ccccc3c3cccnc32)cc1
634,C[C@@H]1CN([C@H](C)CO)C(=O)Cc2cc(NC(=O)Cc3cn(C)c4ccccc34)ccc2O[C@H]1CN(C)Cc1ccc(C(F)(F)F)cc1
651,C[C@@H]1CN([C@@H](C)CO)C(=O)Cc2cc(NC(=O)Cc3cn(C)c4ccccc34)ccc2O[C@H]1CN(C)Cc1ccc(C(F)(F)F)cc1
15,CS(=O)(=O)N1CCc2cc(S(=O)(=O)NCCNS(=O)(=O)c3ccc4c(c3)CCN4S(C)(=O)=O)ccc21
630,C[C@H](CO)N1C[C@H](C)[C@H](CN(C)CC2CCCCC2)Oc2ccc(NC(=O)Nc3ccc(C(F)(F)F)cc3)cc2C1=O
15227,Oc1ccc([C@H]2O[C@@H](c3ccc(O)cc3)[C@@H]3c4cc(O)cc5oc6cc(O)cc(c6c45)[C@@H]32)cc1
10371,Cc1ccc2cc(CN(CC(C)C)C(=O)C3CCCO3)c(=O)[nH]c2c1
9420,O=C(c1cn(CC(=O)N2CCCCC2)c2ccccc12)C1CC1
10619,Cc1cc(C)c2c(=O)[nH]c(=O)n(Cc3ccccc3)c2n1
6734,COc1ccc(C2CC(C(F)(F)F)n3nc(C(=O)O)cc3N2)cc1OC
7507,COc1ccc(C2CC(C(F)(F)F)n3nc(CO)c(Cl)c3N2)cc1OC
7641,CC(C)(C)NC(=O)C(c1ccco1)N(C(=O)c1ccc(CN2CCOCC2)o1)c1ccccc1
8302,COc1ccccc1CNC(=O)c1c(O)c2cc(OC)c(OC)cc2[nH]c1=O
5807,O=C(CSc1nc(=O)n(CCN2CCOCC2)c2c1CCCC2)Nc1ccccc1Cl
12307,Cc1ccc2nc(Nc3ccccc3)c(/C=N/O)c(=O)n2c1
700,CC(C)C1CC(N(C)C)=CC(=S)N1
7104,CCC(C)(C)NC(=O)C(c1cccn1C)N(C(=O)Cn1nnc2ccccc21)c1ccc(OC)cc1
7797,CCC(C)(C)NC(=O)C(c1cccn1C)N(C(=O)Cn1nnc2ccccc21)c1ccccc1OC
8040,CCC(C)(C)NC(=O)C(c1cccn1C)N(C(=O)Cn1nnc2ccccc21)c1ccc(F)cc1
12482,O=C(NC(=S)NCCc1ccccc1)c1ccccc1
12903,N#Cc1cc2c(nc1SCC(=O)Nc1sc3c(c1C#N)CCC3)CCC2
9322,CC(C)(C)c1ccc(S(=O)(=O)n2c(CN3CCOCC3)nc3ccccc32)cc1
14724,CC(=O)O[C@@H]1[C@H](C)[C@H](C=C(C)C)C(=O)C[C@@H](OC(C)=O)/C(C)=C/[C@H]2[C@@H](OC(=O)c3ccccc3)[C@H](C)C[C@]12OC(C)=O
4194,CN(CC(=O)Nc1ccccc1Cl)C(=O)COC(=O)c1nc(Cl)c(Cl)c(Cl)c1Cl
6060,Cc1nnc(C)c2c(C)n(C(C)c3ccccc3)c(C)c12
10111,Cc1nc2oc3ccccc3c(=O)c2c(=O)n1Cc1ccccc1
10497,CCc1nc2oc3ccccc3c(=O)c2c(=O)n1Cc1ccc(OC)cc1
4579,N#C/C(=C\c1ccc(N2CCCCC2)o1)C(=O)Nc1cccc(Br)c1
14249,O=C(NC1CCC(Oc2ccc(C(=O)O)cc2)CC1)NC12CC3CC(CC(C3)C1)C2
10041,COc1ccc(OC)c(C(=O)CC2OC(=O)c3ccccc32)c1
15058,COc1cc2occc2c2c1C(=O)C[C@](OC)(c1ccccc1)O2
2748,O=C(NCCN1CCN(c2ccccc2)CC1)c1cccc(Br)c1
2862,Cc1cc(N2CCOCC2)c2c(N)c(Br)cc(C)c2n1
10620,CCOC(=O)c1c(C)[nH]c(C(=O)CSc2nnnn2-c2ccc(C)cc2)c1C
12701,O=C(Nc1ccccc1)C1Cc2ccccc2CN1C(=O)c1ccco1
4409,O=C(Nc1ccccc1)c1nc[nH]c1C(=O)NCCNC(=O)c1[nH]cnc1C(=O)Nc1ccccc1
4416,CCOC(=O)c1ccc(NC(=O)c2nc[nH]c2C(=O)NCCNC(=O)c2[nH]cnc2C(=O)Nc2ccc(C(=O)OCC)cc2)cc1
4417,CC(C)(C)OC(=O)NCc1ccc(NC(=O)c2nc[nH]c2C(=O)NCCNC(=O)c2[nH]cnc2C(=O)Nc2ccc(CNC(=O)OC(C)(C)C)cc2)cc1
7070,COc1ccc(NC(=O)c2cnc(C)cn2)c2ncccc12
8260,Cc1cnc(C(=O)Nc2cccc3cccnc23)cn1
5625,COc1ccc2oc(C(=O)OCC(=O)NCc3ccco3)c(C)c2c1
7224,CCC(O)(CCN1CCCCC1)c1ccccc1
522,COCCn1c(C)cc(C(=O)COC(=O)c2ccc(Br)o2)c1C
6540,COc1ccc(S(=O)(=O)N(CC(=O)N2CCN(C)CC2)C2CCCCC2)cc1OC
4208,COC(=O)N1C(=O)[C@@](c2ccccc2)(C2CCCC2)N1C(=O)OC
4213,O=C(CCN1C(=O)/C(=C\c2ccccc2F)SC1=S)N1CCCCC1
9166,COc1ccc(Cl)cc1NC(=O)C1CCCN(c2cc(C)nc3ncnn23)C1
10208,CN1CCN(Cc2nc3c(c(=O)n(C)c(=O)n3C)n2Cc2cccc3ccccc23)CC1
9584,COc1ccc(Cn2nnnc2C(C(C)C)N(Cc2ccco2)Cc2cccs2)cc1
11598,CS(=O)(=O)c1ccc(C(CCNC(=O)c2ccc(C#N)nc2)c2ccc(F)cc2)cc1
11668,O=C(NCCC(c1ccc(F)cc1)c1ccc(F)cc1)c1ccc(OCC(F)(F)F)nc1
12073,Cc1ccccc1C(=O)NC(=S)Nc1ccc(Oc2ccc(Cl)cc2)cc1
11827,CN1CCN(C(=O)CNc2nc(-c3ccccc3)c(-c3ccccc3)s2)CC1
11878,COc1ccc(-c2nc(NCC(=O)N3CCN(C)CC3)sc2-c2ccc(OC)cc2)cc1
6544,CCOc1cc(C2C(C#N)=C(N)Oc3n[nH]c(C)c32)ccc1OCCN1CCOCC1
7055,O=C(CSc1nc2c(c(C(F)(F)F)n1)CCc1ccccc1-2)NCc1ccco1
7234,N=c1c(C(=O)NC2CCCC2)cc2c(=O)n3ccccc3nc2n1CCN1CCOCC1
2153,c1ccc(-c2ncc3c(ccc4ccccc43)n2)cc1
6272,Cn1c(CNC(=O)Nc2cccc(Cl)c2)nnc1SCc1ccccc1
6401,Cn1c(CNC(=O)Nc2ccccc2Cl)nnc1SCc1ccccc1
6898,CCN(CC)C(=O)CSc1nnc(-c2ccc(S(=O)(=O)NCc3ccccc3Cl)cc2)o1
4021,O=C1CC2(CCN(C(=O)C(=O)c3c[nH]c4ccccc34)CC2)Oc2ccccc21
1195,COc1ccc2c(c1)c(CC(=O)NCCCCOc1ccc(S(N)(=O)=O)cc1)c(C)n2C(=O)c1ccc(Cl)cc1
8217,O=C(CN1CCCC1)Nc1ccc(Oc2ccc(NC(=O)CN3CCCC3)cc2)cc1
1259,NC(=O)C1CCN(CCOc2ccc(Oc3nc4ccccc4s3)cc2)CC1
1260,NC1CCN(CCOc2ccc(Oc3nc4ccccc4s3)cc2)CC1
1284,c1ccc2sc(Oc3ccc(OCCN4CCCCC4)cc3)nc2c1
1295,OC1CCN(CCOc2ccc(Oc3nc4ccccc4s3)cc2)CC1
1297,OCC1CCN(CCOc2ccc(Oc3nc4ccccc4s3)cc2)CC1
3441,O=C(Nc1ccc(Cl)cc1)Nc1nnc(/C=C/c2ccccc2)s1
10873,O=C(COC(=O)C1COc2ccccc2O1)NC1CCS(=O)(=O)C1
6838,CC(C)n1c(Sc2nccn2C)nc2c1c(=O)n(C)c(=O)n2C
13132,COc1cc(/C=C2\C(=O)N(c3nc(-c4ccc(Cl)cc4)cs3)N=C2C)cc(OC)c1OC
1326,CC(OC(=O)c1ccco1)C(=O)NC1CCCCC1
8498,CC(C)CC(OC(=O)c1ccco1)C(=O)NC1CCCCC1
9880,O=C(CN(CCc1ccccc1)C(=O)Cn1nnc(-c2cccs2)n1)NCc1ccco1
8643,Nc1nc2c(s1)CC(c1ccccc1)CC2
12465,CCOC(=O)C1=C(CSc2n[nH]c(N)n2)NC(=O)NC1C
3919,COc1ccccc1C(=O)Nc1ccccc1SC(=O)c1ccccc1OC
5508,CCOC(=O)c1c(C)nc2sc3c(=O)n(-c4ccc(C)cc4)cnc3c2c1-c1ccc(OC)cc1
10099,CCCc1nc2oc3cc(OC)ccc3c(=O)c2c(=O)n1Cc1ccco1
7595,N#Cc1c(N)c(C#N)c(-c2ccc(O)cc2)c2c1CCCC2
9136,COc1cc(NC(=O)C2CCCCC2)c(OC)cc1NC(=O)CCC(=O)NCc1ccco1
3594,Cc1cccc(C(=O)N[C@H](C(=O)Nc2nc3ccccc3[nH]2)C(C)C)c1
3609,COc1cc(OC)cc(C(=O)N[C@H](C(=O)Nc2nc3ccccc3[nH]2)C(C)C)c1
3649,COc1ccc(C(=O)N[C@H](C(=O)Nc2nc3ccccc3[nH]2)C(C)C)cc1
1122,NS(=O)(=O)c1cc(NC(=O)Cc2ccccc2Cl)ccc1OCc1ccccc1
8000,COc1ccc(NC(=O)Cn2nnc(-c3ccc(CN4CCOCC4)cc3)n2)c(OC)c1
3706,C[C@]12CCC(O)CC1CCC1C2CC[C@]2(C)C(c3cc(C(F)(F)F)n[nH]3)CCC12
2411,Cc1cc(-c2csc(NC(=O)c3ccc(C#N)cc3)n2)c(C)n1Cc1ccco1
6732,O=C(Nc1nnc(CC(=O)N2CCOCC2)s1)C1COc2ccccc2O1
10947,COc1ccc(-c2nnn(CC(=O)NC3CCCc4ccccc43)n2)cc1OC
8339,CCCCCCC(=O)N1CCC(c2nc3c(nnn3Cc3ccccc3Cl)c(=O)[nH]2)CC1
9854,CCOc1cc(NC(=O)C2CCCO2)c(OCC)cc1NC(=O)C1CC1
11604,COc1ccc(N/N=C(/C#N)S(=O)(=O)c2nsc(C)c2C#N)cc1
6599,Cc1ccc2c(c1)nnn2C1CCN(CC(=O)Nc2ccc3c(c2)OCCO3)CC1
13774,COc1ccc(C(=O)Cc2c(Cl)cncc2Cl)c(OCC(=O)N(C)c2ccccc2)c1OC
14445,COc1ccc(C(=O)Cc2c(Cl)cncc2Cl)c(OCC(=O)Nc2ccccc2)c1OC
8133,COc1ccc(NC(=O)C2CCCN(C(=O)NC3CCCCC3)C2)cc1OC
575,CC(OC(=O)c1cc(Br)ccc1O)C(=O)Nc1ccc(S(=O)(=O)N2CCCC2)cc1
11730,NS(=O)(=O)c1ccc(N2N=C(c3ccco3)CC2c2ccco2)cc1
6998,O=C(COC(=O)c1ccco1)NCc1ccco1
14613,C=C1C(=O)O[C@@H]2C[C@@H](C)[C@@H]3CCC(=O)[C@@]3(C)C[C@H]12
14629,C=C1C(=O)O[C@H]2C[C@@H](C)[C@@H]3CCC(=O)[C@@]3(C)[C@@H](O)[C@H]12
14630,C=C1C(=O)O[C@H]2C[C@@H](C)[C@@H]3CCC(=O)[C@@]3(C)[C@@H](OC(C)=O)[C@H]12
4315,CCOC(=O)Oc1c(OC)cc(C(=O)O[C@@H]2C[C@@H]3CN4CCc5c([nH]c6cc(OC)ccc56)[C@H]4C[C@@H]3[C@H](C(=O)OC)[C@H]2OC)cc1OC
541,COc1ccc(C(=O)Nc2ccc3ccccc3n2)c(OC)c1OC
1255,CCOC(=O)c1c(Cc2ccc(Cl)cc2)[nH]c2ccc(O)cc12
1934,COc1ccc(OC)c(CCNC(=O)CSc2ccsc2[N+](=O)[O-])c1
5025,O=[N+]([O-])c1ccc(NC(=S)NCc2ccc(F)cc2)cc1
12172,CC(=O)C(CC(=O)N1CCCc2ccccc21)C(=O)Nc1ccc(F)cc1
1183,CC(C(=O)NCCOc1ccc(S(N)(=O)=O)cc1)c1ccc(-c2ccccc2)c(F)c1
2780,Cc1nc(Sc2nnnn2C)c2c3c(sc2n1)CCC3
8941,Cn1c(=O)c2c(nc(CN3CCCCC3)n2CCCc2ccccc2)n(C)c1=O
10461,CC1CCCN(Cc2nc3c(c(=O)n(C)c(=O)n3C)n2CCCc2ccccc2)C1
4429,COc1ccc(C(C[N+](=O)[O-])c2c(-c3ccccc3)cc3ccccn23)c(OC)c1
6873,COc1ccc(Cl)cc1NC(=O)CN(C(=O)c1ccco1)C1CCCCC1
7443,Cc1cccc(-n2c(SCC(=O)N3CCCC3)nnc2-c2ccccn2)c1C
1812,CCN(/N=C/c1ccc(Cl)cc1)c1cc(=O)n(C)c(=O)[nH]1
9807,Cc1ccc(OCc2nc(C#N)c(NCc3ccco3)o2)cc1
12933,COc1ccccc1OCc1nc(C#N)c(NCc2ccco2)o1
2805,COc1ccc(S(=O)(=O)Nc2ccc(O)c3ccccc23)cc1
3079,COc1ccc(S(=O)(=O)N(C(C)=O)c2ccc(OC(C)=O)c3ccccc23)cc1[N+](=O)[O-]
3467,CCc1ccc(S(=O)(=O)Nc2cc(SCC(=O)O)c(O)c3ccccc23)cc1
3828,COc1ccc(OC)c(S(=O)(=O)Nc2ccc(O)c3ccccc23)c1
3829,O=S(=O)(Nc1ccc(O)c2ccccc12)c1ccc(OC(F)(F)F)cc1
3842,CC(=O)Oc1c(Cl)cc(N(C(C)=O)S(=O)(=O)c2ccccc2)c2ccccc12
3845,CCOc1ccc(S(=O)(=O)Nc2cc(SCC(=O)O)c(O)c3ccccc23)cc1
3888,CC(=O)Oc1ccc(N(C(C)=O)S(=O)(=O)c2ccc(Cl)cc2)c2ccccc12
3892,CC(=O)Oc1c(Br)cc(N(C(C)=O)S(=O)(=O)c2ccccc2)c2ccccc12
3991,CCc1ccc(S(=O)(=O)Nc2ccc(O)c3ccccc23)cc1
4087,O=C(O)CSc1cc(NS(=O)(=O)c2ccc(Cl)cc2)c2ccccc2c1O
4088,COc1ccc(S(=O)(=O)Nc2cc(SCC(=O)O)c(O)c3ccccc23)cc1
4129,O=C(O)CSc1cc(NS(=O)(=O)c2ccc(Br)cc2)c2ccccc2c1O
4988,O=S(=O)(Nc1c(O)ccc2ccccc12)c1ccc(F)cc1
4989,COc1ccc(S(=O)(=O)Nc2c(O)ccc3ccccc23)cc1OC
4990,O=S(=O)(Nc1c(O)ccc2ccccc12)c1ccccc1
4992,Cc1ccc(S(=O)(=O)Nc2c(O)ccc3ccccc23)cc1
4980,O=S(=O)(c1ccc(-c2ccon2)s1)N1CCN(c2ccncc2)CC1
2814,O=S(=O)(CCSc1nc2ccccc2o1)c1nc2ccccc2s1
484,Cc1ccc(OCCn2cnc3c(N)ncnc32)cc1
5530,COC(=O)[C@H](Cc1ccccc1)NC(=O)C1CCN(C(=O)[C@H](C)NS(=O)(=O)c2ccc(C)cc2)CC1
10125,Cn1c(=O)c2c(nc(CN3CCOCC3)n2CC(=O)c2ccccc2)n(C)c1=O
7454,Cc1ccc(-c2nnc(N(C)C(=O)c3ccncc3)s2)cn1
2059,CC1=CC(=O)c2c(O)cccc2C1=O
2061,CC1=C(SCCO)C(=O)c2ccccc2C1=O
2934,CC(C)NC1=C(Cl)C(=O)c2ccccc2C1=O
3535,CCN(CC)CCCNC1=C(Cl)C(=O)c2ccccc2C1=O
4274,CC1=CC(=O)c2ccccc2C1=O
14863,CC1=CC(=O)c2c(O)cccc2C1=O
4292,CC(=O)OCC(=O)[C@@]12OC3(CCCC3)O[C@@H]1C[C@H]1[C@@H]3CCC4=CC(=O)C=C[C@]4(C)[C@@]3(F)[C@@H](O)C[C@@]12C
12873,O=C(NCCNc1ccc([N+](=O)[O-])cc1C(F)(F)F)c1ccccc1F
1211,COc1ccc2cc(C(C)C(=O)NCCCOc3ccc(S(N)(=O)=O)cc3)ccc2c1
10736,O=C(COC(=O)c1cn(-c2ccccc2)nc1-c1cccs1)NC1CC1
8794,COc1ccccc1Nc1ccc(C(=O)NC2CCCCC2)cn1
140,Cc1c(C)c2c(C)[nH]nc2oc1=O
4196,Cc1oc2c(F)c(F)c(F)c(F)c2c1S(=O)(=O)Nc1cccc(C(F)(F)F)c1
4565,CC(C)/C=C1\CC/C(=C\c2ccc(N(C)C)cc2)C1=O
2366,O=c1cc(O)c2sc(Nc3cccc(C(F)(F)F)c3)nc2[nH]1
2375,O=c1cc(O)c2sc(Nc3ccc(F)cc3)nc2[nH]1
2538,O=c1cc(O)c2sc(Nc3ccc(F)c(Cl)c3)nc2[nH]1
4293,O=C1C(C2=NC(c3ccccn3)C3C(=O)N(c4ccc(Cl)cc4Cl)C(=O)C23)=C(O)c2ccccc21
7912,O=C(CC1Nc2ccccc2NC1=O)NC1CCCCC1
9000,CCC(=O)Nc1cc2nn(-c3ccccc3)nc2cc1Cl
8186,Cn1c(=O)[nH]c(=O)c2c1nc(Br)n2CCOc1ccccc1
4544,COc1ccc(/C(O)=C/c2nc3ccc(C(=O)NCCc4cccc(C)c4)cc3[nH]c2=O)cc1OC
13865,CCNNC(=O)c1ccc(CNc2cccc3cccnc23)cc1
8124,Cc1cc(NS(=O)(=O)c2ccc(NC(=O)Nc3cccc(Cl)c3)cc2)no1
9104,CN(C)c1nc(SCCOC(=O)Nc2ccccc2)nc(N(C)C)n1
11776,CCC(Sc1nc(Cl)cc(Nc2nc(-c3ccc(Cl)cc3)cs2)n1)C(=O)O
12785,CCCCCCC(Sc1nc(Cl)cc(Nc2nc(-c3ccc(F)cc3F)cs2)n1)C(=O)O
12786,CCCCCCC(Sc1nc(Cl)cc(Nc2nc(-c3ccc(F)c(F)c3)cs2)n1)C(=O)O
13027,CCCCC(Sc1nc(Cl)cc(Nc2nc(-c3ccc(Cl)cc3)cs2)n1)C(=O)O
13028,CCCCCCC(Sc1nc(Cl)cc(Nc2nc(-c3ccc(Cl)cc3)cs2)n1)C(=O)O
13059,CCCCCCC(Sc1nc(Cl)cc(Nc2nc(-c3ccc(Cl)cc3Cl)cs2)n1)C(=O)O
13060,CCCCCCC(Sc1nc(Cl)cc(Nc2nc(-c3ccc(OC)cc3)cs2)n1)C(=O)O
13098,CCCCCCC(Sc1nc(Cl)cc(Nc2nc(-c3ccccc3)c(CC)s2)n1)C(=O)O
13137,CCCCCCC(Sc1nc(Cl)cc(Nc2nc(-c3ccccc3)cs2)n1)C(=O)O
13138,CCCCCCC(Sc1nc(Cl)cc(Nc2nc(-c3ccccc3)c(C)s2)n1)C(=O)O
13139,CCCCCCC(Sc1nc(Cl)cc(Nc2nc(-c3ccc(C(F)(F)F)cc3)cs2)n1)C(=O)O
13264,CCCCCCC(Sc1nc(Cl)cc(Nc2nc(-c3ccc(Cl)c(Cl)c3)cs2)n1)C(=O)O
13346,CCCCCCC(Sc1nc(Cl)cc(Nc2nc(-c3ccc(Br)cc3)cs2)n1)C(=O)O
13465,CCCCCCC(Sc1nc(Cl)cc(Nc2nc(-c3ccc(Br)cc3)c(C)s2)n1)C(=O)O
13466,CCCCCCC(Sc1nc(Cl)cc(Nc2nc(-c3ccc(C)cc3)cs2)n1)C(=O)O
15142,Cc1cccc2c3c(ccc12)C1=C(C(=O)C3=O)[C@@H](C)CO1
12246,S=C1NC2=C(C(c3ccc(Br)cc3)N1)N1CCC2CC1
4849,Oc1c(C(c2ccccn2)N2CCCCC2)cc(Cl)c2cccnc12
13940,O=C(Nc1cccc(Nc2ccc3c(c2)OCc2ccccc2C3=O)c1)c1cccc(N2CCOCC2)c1
3998,CCCCn1c(=O)[nH]c(=O)c2c1nc(Cn1ncc(Cl)c(Cl)c1=O)n2CCC
2459,O=C(N/N=C/c1ccc([N+](=O)[O-])o1)c1cc(-c2ccc(-c3ccccc3)cc2)nc2ccccc12
9653,COCCCN1CC23C=CC(O2)C(C(=O)OC)C3C1=O
13303,CCCCCCCCC(=O)N[C@H]1CNC1=O
13594,CCCCCCCOC(=O)N[C@H]1CNC1=O
13920,CCCCCCCCOC(=O)N[C@H]1CNC1=O
1854,COc1ccc(CCNC(=O)COc2ncnc3cc([N+](=O)[O-])ccc23)cc1
450,COc1ccc(C2=NN(CCCCCOc3ccc(C4=NNC(=O)CC4C)cc3)C(=O)CC2C)c2cc(C(F)(F)F)nn12
6132,CC1(C)CC2(CCO1)NCCN1C(=O)CSC12
6624,O=C(NCCN1CCOCC1)c1cn(CCc2ccccc2)nn1
5133,COc1ccc(C2=NN(C(=O)C(O)c3ccccc3)C(O)(C(F)(F)F)C2)cc1
8270,CC(C)OC(=O)CSc1n[nH]c(-c2cccnc2)n1
12946,CCOC(=O)CSc1n[nH]c(-c2cccnc2)n1
1191,COc1ccc2cc(C(C)C(=O)NCCCCOc3ccc(S(N)(=O)=O)cc3)ccc2c1
808,N#Cc1cccc(-c2ccc(C3[C@H]4CNC[C@@H]3N4Cc3ccc4c(c3)OCO4)cc2)c1
13512,COC1=CC(=O)C=C(Br)C1OC(C)=O
1815,O=C(Nc1ccc(Cl)cc1)Nc1nnc(CSc2ccc(Cl)cc2)s1
3093,O=C(Nc1ccc(Cl)c(Cl)c1)Nc1nnc(CSc2ccccc2)s1
2448,CC(=O)Sc1nc(-c2ccccc2)[nH]c1S(=O)(=O)c1ccc(C)cc1
5586,CCc1nnc(NC(=O)CSc2ccc(-c3ccc(-n4cccn4)cc3)nn2)s1
198,CCCc1cc(=O)[nH]c(NCc2ccc(Cl)cc2)n1
2560,O=C(O)c1cc(-c2ccco2)nn1-c1ccc(Cl)cc1
2562,Cc1ccc(-c2nn(-c3ccccc3)cc2/C=C/C(=O)O)o1
12674,O=C(NCc1ccc(F)cc1)C(c1ccccc1)N(CC1CCCO1)C(=O)Cn1nnc2ccccc21
14614,C=C1C(=O)O[C@@H]2C[C@@]3(C)CCC[C@H](C)C3=C[C@H]12
14855,CC1=C2C(=O)O[C@@H](c3ccoc3)[C@]2(C)CCC1
2299,Cc1cc(C)c2c(=O)n(CC(=O)NCCCN3CCN(c4ccccc4F)CC3)sc2n1
3827,C=C1C(=O)[C@@]23C[C@H]4[C@@H]5[C@@]6(C)CCC[C@@]57[C@@H]2[C@@H](O)[C@@H]1C[C@H]3[C@H]7N4C6
2315,N#Cc1c(-c2ccccc2)cc(-c2ccco2)c(C#N)c1N
10070,Cn1c2ccccc2c2ncn(CCN3CCOCC3)c(=O)c21
1808,O=C(CCn1c2c(c3ccccc31)CCCC2)NNC(=O)c1ccccc1[N+](=O)[O-]
5401,FC(F)(F)c1cccnc1N1CCN(c2ncnc3nc[nH]c23)CC1
1298,CCCCCOc1cccc(O)c1-c1cc(C2CCNCC2)c(C#N)c(N)n1
1301,CC(C)COc1cccc(O)c1-c1cc(C2CCNCC2)c(C#N)c(N)n1
1303,CCCOc1cccc(O)c1-c1cc(C2CCNCC2)c(C#N)c(N)n1
1304,CCCCCCOc1cccc(O)c1-c1cc(C2CCNCC2)c(C#N)c(N)n1
1306,N#Cc1c(C2CCNCC2)cc(-c2ccccc2O)nc1N
1308,CCCCOc1cccc(O)c1-c1cc(C2CCNCC2)c(C#N)c(N)n1
1310,CCCCCCCOc1cccc(O)c1-c1cc(C2CCNCC2)c(C#N)c(N)n1
1311,N#Cc1c(C2CCNCC2)cc(-c2c(O)cccc2O)nc1N
1312,CCOc1cccc(O)c1-c1cc(C2CCNCC2)c(C#N)c(N)n1
4320,COc1cc([C@@H]2c3cc4c(cc3[C@H](O)[C@H]3COC(=O)[C@H]23)OCO4)cc(OC)c1OC
1852,COc1ccc(-n2c(C)cc(C(=O)COc3ccc(C)nc3[N+](=O)[O-])c2C)cc1
12508,Cc1nn(C)c(C)c1/C=C/C(=O)c1ccccc1
1357,O=C(CCn1nnc2ccccc21)Nc1nnc(Cc2ccc(F)cc2)s1
7992,COc1ccc(NC(=O)c2cnc(C)cn2)cc1-n1cnnn1
11548,Cc1ccc(S(=O)(=O)N2CCC(C(=O)N[C@H]3C[C@@H]3c3ccccc3)CC2)c(C)c1
12030,COc1ccccc1OCC(=O)NNC(=O)c1cnccn1
839,CN1[C@@H]2CN(S(C)(=O)=O)C[C@H]1C2c1ccc(Br)cc1
12827,CS(=O)(=O)N1CCN(C(=O)CCC2CCCC2)CC1
12838,CC(C)CC(=O)N1CCN(C(=O)CCC2CCCC2)CC1
5684,CN(C)C(CNC(=O)c1cccc(S(=O)(=O)N2CCN(c3ccc(F)cc3)CC2)c1)c1ccccc1
9093,CC(c1ccccc1)n1cc(C(=O)NCc2ccccn2)nn1
13612,Cc1cnc(Nc2cccc(N3CCN(C)CC3)c2)nc1-c1cc2c(o1)CCN(S(C)(=O)=O)C2
10198,CC1=C(C(=O)NCc2ccccc2)C(c2cccnc2)n2ncnc2N1
14944,CO[C@@H]1OC(=O)C(c2ccc(O)cc2)C1Cc1ccc2c(c1)CC(C(C)(C)O)O2
2359,CCOc1ccc(NC(=O)Cn2cncc2-c2ccc([N+](=O)[O-])cc2)cc1
3755,CC1CCC/C=C/C(=O)c2c(O)cc(O)cc2CC(=O)O1
4338,COc1cc(CN(C)c2ccc(S(=O)(=O)N3CCCC3)cn2)ccc1OC(F)F
4584,CCCCC(=O)N/N=C/c1c(O)n(CC)c(=S)n(CC)c1=O
4873,CC(C)=CCc1c(O)c(CC=C(C)C)c2occ(-c3ccc(O)cc3)c(=O)c2c1O
14779,CC(C)=CCc1c(O)c(CC=C(C)C)c2occ(-c3ccc(O)c(O)c3)c(=O)c2c1O
14782,CC(C)=CCc1c(O)cc2occ(-c3ccc(O)cc3)c(=O)c2c1O
14978,COc1c(O)cc2occ(-c3ccc(O)cc3)c(=O)c2c1O
14991,COc1cc(-c2coc3cc(O)c(CC=C(C)C)c(O)c3c2=O)c(O)cc1O
14992,COc1cc(-c2coc3cc(O)c(CC=C(C)C)c(O)c3c2=O)c(OC)cc1O
14993,COc1cc(-c2coc3cc(O)cc(O)c3c2=O)ccc1O
15066,COc1ccc(-c2coc3cc(O)c(CC=C(C)C)c(O)c3c2=O)c(O)c1
15067,COc1ccc(-c2coc3cc(O)cc(O)c3c2=O)cc1
15068,COc1ccc(-c2coc3cc(O)ccc3c2=O)cc1O
15190,O=c1c(-c2ccc(O)c(O)c2)coc2cc(O)cc(O)c12
15191,O=c1c(-c2ccc(O)cc2)coc2cc(O)cc(O)c12
15192,O=c1c(-c2ccc(O)cc2)coc2cc(O)ccc12
2490,COc1cc(C2c3c([nH]c(=O)[nH]c3=O)Nc3ccc4ccccc4c32)cc(OC)c1OC
6078,O=C(Nc1ccccc1)NC1(C(=O)NCc2ccc3c(c2)OCO3)CCCCC1
8395,Cn1cc(C(=O)c2ccc(F)cc2)cc1-c1nc2ccccc2n1C
12311,Cc1ccc(-n2cc(-c3ccccc3)[nH]c2=O)cc1F
1842,Fc1ccc(-c2n[nH]c(=S)n2/N=C/c2c[nH]c3ccccc23)cc1
11933,COc1ccc2cc(C(=O)NC(C)c3cnccn3)cnc2c1
7057,CN(C)c1ccc(-c2ccccc2)nn1
9323,CCOCCCNc1ccc(-c2ccccc2)nn1
10613,O=C(CSc1nnc2c(Cl)cc(C(F)(F)F)cn12)Nc1ccc2c(c1)OCO2
7412,CC1CCCN(c2ccc(C(=O)NCc3cccs3)cn2)C1
13174,COc1ccc(CCCCOC(=O)N[C@H]2CNC2=O)cc1
13417,CCc1ccc(CCCCOC(=O)N[C@H]2CNC2=O)cc1
13727,O=C(N[C@H]1CNC1=O)OCCCCc1ccc(C(F)(F)F)cc1
855,CCOC(=O)c1c(-c2ccccc2Br)oc2ccc(O)cc12
865,CCOC(=O)c1c(-c2ccccc2Cl)oc2ccc(O)cc12
3918,CCOC(=O)c1c(-c2ccccc2)oc2cc(Br)c(O)c(C=O)c12
3976,O=[N+]([O-])c1cc([N+](=O)[O-])c2oc(-c3ccccc3)c(Br)c2c1O
10449,CCOC(=O)c1c(-c2ccccc2)oc2ccc(OC(=O)N(C)C)cc12
14745,CC(C)(O)C(O)Cc1cc2cc(-c3cc(O)cc(O)c3)oc2cc1O
14764,CC(C)=CCC/C(C)=C/Cc1c(O)cc(O)cc1-c1cc2ccc(O)cc2o1
14766,CC(C)=CCC/C(C)=C/Cc1c(O)ccc2cc(-c3cc(O)cc(O)c3)oc12
14780,CC(C)=CCc1c(O)cc(-c2cc3ccc(O)cc3o2)cc1O
14972,COc1c(O)cc2oc(-c3cc(O)cc(O)c3)cc2c1C/C=C(\C)CCC=C(C)C
14990,COc1cc(-c2cc3ccc(O)cc3o2)cc(O)c1CC=C(C)C
15022,COc1cc(O)cc(-c2cc3cc(O)c(OC)c(CC=C(C)C)c3o2)c1
15055,COc1cc2oc(-c3cc(O)cc(O)c3)cc2cc1CC(O)C(C)(C)O
15056,COc1cc2oc(-c3ccccc3)c(C)c2cc1O
3834,O=C(Nc1ccc(N2CCOCC2)cc1)Nc1ccc2nc(-c3ccco3)c(-c3ccco3)nc2c1
1442,COC(=O)c1cc2oc(C)cc2n1CC(=O)N1CCCc2ccccc21
3411,C=CCN1C(=O)/C(=C\c2cc(Br)c(OCc3ccccn3)c(OC)c2)SC1=S
2632,CC1=C(C(=O)O)N2C(=O)C(NC(=O)c3ccccc3Cl)C2SC1
5717,COc1ccc(S(=O)(=O)N2CCCCC2)cc1NC(=O)Cc1cccs1
9045,O=C(NC(C(=O)c1ccccc1)n1ccc(=O)[nH]c1=O)c1ccccc1
10882,CCOC(=O)c1cc(-c2ccncc2)nc2c1c(C)nn2C
12353,O=C(/C=C/c1cccc([N+](=O)[O-])c1)NCc1cccnc1
5799,COCC(C)n1c(C)cc(C(=O)COC(=O)c2nn(C)c(=O)c3ccccc23)c1C
6413,O=C(Nc1ccc(Cn2nnc3ccccc32)cc1)c1ccco1
2362,Nn1cnnc1N/N=C\c1ccc(-c2ccccc2[N+](=O)[O-])o1
8345,CC1(C)CC(=O)CC(=Nc2ccc(C(=O)O)cc2)C1
3130,Oc1ccc(N=Nc2cccc(C(F)(F)F)c2)cc1C=Nc1ccc(N2CCOCC2)cc1
116,Cc1cccc(N(C)S(=O)(=O)c2ccc3[nH]c(=O)c(=O)[nH]c3c2)c1
5793,COc1ccc(CC(=O)OCC(=O)NCc2ccc3c(c2)OCO3)cc1OC
5794,O=C(COC(=O)Cc1c(F)cccc1Cl)NCc1ccc2c(c1)OCO2
1329,Cc1ccc(NC(=O)N2CCC(C(=O)NCCC3=CCCCC3)CC2)cc1
6138,O=C(NCCC1=CCCCC1)C1CCN(C(=O)Nc2ccccc2)CC1
5482,Cc1ccc(NC(=O)Nc2cc(Cl)ccc2C2COC(=O)C2=N)cc1
2402,O=c1cc(/N=C/c2coc3c(ccc4ccccc43)c2=O)[nH]c(=S)[nH]1
47,O=C(CSc1ncccc1-c1nc2ccccc2[nH]1)N1CCN(c2ccccc2F)CC1
7361,COc1ccc(N2CCN(C(=O)CSc3ncccc3-c3nc4ccccc4[nH]3)CC2)cc1
9894,COc1ccccc1N1CCN(C(=O)CSc2ncccc2-c2nc3ccccc3[nH]2)CC1
14762,CC(C)=CC1C[C@H](C)[C@]2(CC[C@]3(C)C[C@@H]4C(C)=CC(=O)[C@H]4/C(C(=O)O)=C\C[C@H]32)O1
14798,CC(C)=C[C@H]1C[C@H](C)[C@]2(CC[C@]3(C)C[C@@H]4C(C)=CC(=O)C4/C(C)=C(/C=O)C[C@H]32)O1
4950,O=C1NC(=O)N(Cc2ccco2)C(=O)/C1=C\c1ccc(-c2ccc(F)cc2)o1
2793,CC1(C)CC(=O)C2=C(C1)N(CCN1CCOCC1)C1=C(C(=O)CC(C)(C)C1)C2c1ccc(Cl)cc1
2811,NC(=O)c1sc2nccc(Nc3ccccc3)c2c1N
3850,N#Cc1sc2nccc(Nc3ccccc3)c2c1N
12015,NS(=O)(=O)c1ccc(N2N=C(C(=O)O)CC2c2cccs2)cc1
384,CC[C@H]1OC(=O)[C@@H](C)[C@H](O[C@H]2C[C@@](C)(OC)[C@@H](O)[C@H](C)O2)[C@H](C)[C@H](O[C@H]2O[C@@H](C)C[C@@H](N(C)Cc3ccc(-c4cn(CCCCCCC(=O)NO)nn4)cc3)[C@@H]2O)[C@@](C)(O)C[C@H](C)CN(C)[C@@H](C)[C@H](O)[C@@]1(C)O
390,CC[C@H]1OC(=O)[C@@H](C)[C@H](O[C@H]2C[C@@](C)(OC)[C@](O)(CN(C)C)[C@H](C)O2)[C@H](C)[C@H](O[C@H]2O[C@@H](C)C[C@@H](N(C)Cc3ccc(-c4cn(CCCCCCC(=O)NO)nn4)cc3)[C@@H]2O)[C@@](C)(O)C[C@H](C)CN(C)[C@@H](C)[C@H](O)[C@@]1(C)O
391,CC[C@@H]1OC(=O)[C@H](C)[C@@H](O[C@H]2C[C@@](C)(OC)[C@](O)(CN(C)C)[C@H](C)O2)[C@@H](C)[C@@H](O[C@@H]2O[C@H](C)C[C@H](N(C)Cc3ccc(-c4cn(CCCCCC(=O)NO)nn4)cc3)[C@H]2O)[C@](C)(O)C[C@@H](C)CN(C)[C@H](C)[C@@H](O)[C@]1(C)O
392,CC[C@H]1OC(=O)[C@@H](C)[C@H](O[C@H]2C[C@@](C)(OC)[C@@H](O)[C@H](C)O2)[C@H](C)[C@H](O[C@H]2O[C@@H](C)C[C@@H](N(C)Cc3ccc(-c4cn(CCCCCC(=O)NO)nn4)cc3)[C@@H]2O)[C@@](C)(O)C[C@H](C)CN(C)[C@@H](C)[C@H](O)[C@@]1(C)O
10954,CCOc1ccccc1C(=O)NC(C(=O)OCC(=O)Nc1nnc(-c2ccccc2)o1)C(C)C
6527,CNc1cccccc1=S
6437,CCn1c(SCC(=O)N2CCN(c3ccccc3)CC2)nnc1-c1ccoc1C
8131,Cc1occc1-c1nnc(SCC(=O)N2CCN(c3ccccc3)CC2)n1C
8380,Cc1occc1-c1nnc(SCC(=O)N2CCN(c3ccc(F)cc3)CC2)n1C
314,COc1cc(S(=O)(=O)Nc2cccc(C(=O)O)c2)c(OC)cc1Cl
1513,COCCNC(=O)c1ccc(N(C)S(=O)(=O)c2ccc(OC)c(OC)c2)cc1
2947,CCOC(=O)c1cccc(NS(=O)(=O)c2ccc(NC(C)=O)cc2)c1
4858,COc1ccccc1NS(=O)(=O)c1cc(C(=O)NCCC(C)C)ccc1F
8116,Cc1cccc(C)c1NS(=O)(=O)c1ccc(F)cc1
8942,CC(=O)Nc1ccccc1NS(=O)(=O)c1ccc(C)cc1
9096,COCCNC(=O)CN(c1ccc(C)cc1)S(=O)(=O)c1ccccc1
9955,Nc1ccc(S(=O)(=O)Nc2ccc(S(N)(=O)=O)cc2)cc1
11031,COc1ccc(NS(=O)(=O)c2ccc(C)c(C(=O)O)c2)cc1
11769,CCCCCCCCN(c1ccc(C(=O)O)cc1)S(=O)(=O)c1ccc(C)cc1
11943,O=C(/C=C/c1cccc(S(=O)(=O)Nc2ccccc2)c1)NO
12727,C=C(C)CN(CC)C(=O)COc1ccc(S(=O)(=O)Nc2ccc(OC)cc2)cc1
12744,COc1ccc(S(=O)(=O)Nc2ccc(C)cc2)cc1OC
12971,CSc1ccccc1NS(=O)(=O)c1ccccc1
13054,O=S(=O)(c1ccccc1)N(CC(F)(F)F)c1ccc(C(O)(C(F)(F)F)C(F)(F)F)cc1
14189,COc1ccc(C2=NN(Cc3ccc(CN(C)C)cc3)C(=O)[C@@H]3CC=CC[C@H]23)cc1OC
4676,COc1ccc2cc(-c3[nH]ncc3CN3CCCCO3)ccc2c1
4510,CC1CC2(CCCCC2)N2C(=O)C(=O)c3cccc1c32
2801,COc1ccc(-c2nc(N3CCOCC3)nc3n[nH]c(N)c23)cc1
1371,C=CCN(C(=O)CCC(=O)O)C1CC(=O)N(c2ccc(OCCC)cc2)C1=O
2254,CCCCCCC(=O)N(O)C1CC(=O)N(c2ccccc2)C1=O
6090,CCC1(C)CC(=O)N(c2ccc(C(=O)O)c(O)c2)C1=O
10480,CCN(CCO)C1CC(=O)N(c2ccccc2C)C1=O
11145,O=C(O)c1ccc(N2C(=O)CCC2=O)cc1
11158,NS(=O)(=O)c1ccc(N2C(=O)CCC2=O)cc1
11191,CC(=O)CC1CC(=O)N(c2ccccc2)C1=O
11193,CC(=O)C(C)(C)C1CC(=O)N(c2ccccc2)C1=O
10195,O=C(CC1SCCNC1=O)Nc1cccc(C(F)(F)F)c1
7237,Cc1ccc(NC(=O)CSc2nnc(-c3ccncc3)n2C)cc1C
7375,COC(=O)c1ccc(NC(=O)CSc2nnc(-c3ccncc3)n2C)cc1
7891,CCOC(=O)c1cccc(NC(=O)CSc2nnc(-c3ccncc3)n2CCCOC)c1
8371,C=CCn1c(SCC(=O)Nc2ccccc2C)nnc1-c1ccncc1
8515,CCOC(=O)CN(C(=O)CSc1nnc(-c2ccncc2)n1CCCN(C)C)c1ccccc1
9070,Cc1cccc(NC(=O)CSc2nnc(-c3ccncc3)n2C)c1
10051,CC(C)[C@@H]1N[C@]2(C(=O)Nc3ccccc32)[C@@H]2C(=O)N(c3cccc(C(F)(F)F)c3)C(=O)[C@@H]21
10180,NC(=O)C[C@@H]1N[C@]2(C(=O)Nc3ccccc32)[C@@H]2C(=O)N(c3cc(C(F)(F)F)ccc3Cl)C(=O)[C@H]12
14117,Fc1cccc(Cl)c1-c1ncc(-c2ccc(C#CC3=CCCCC3)nc2)[nH]1
12934,CCCCOc1ccc(N2C(=O)CC(N(Cc3cn(C)nc3C)C(=S)Nc3ccccc3OC)C2=O)cc1
8770,O=C(CSc1nnc(-c2ccco2)n1Cc1ccco1)NCc1cccs1
14563,C/C=C(\C)C(=O)O[C@H]1C[C@@H](C)[C@@]2(O)CC[C@@](C)(/C=C3/OC(=O)C(COC(C)=O)=C31)O2
14580,C=C(C)C(=O)O[C@H]1C[C@@H](C)[C@@]2(O)CC[C@@](C)(/C=C3/OC(=O)C(COC(C)=O)=C31)O2
6095,CCCn1c(SCC(=O)NC2CCCCC2)nnc1-c1ccncc1
7694,O=C(O)c1oc2ccccc2c1CSc1ccccn1
6381,Cc1cnc(C(=O)Nc2ccccc2-c2ccc(C)o2)cn1
3605,C/C(=N\NC(=O)c1ccc(CSc2nc(C)cc(C)n2)cc1)c1ccco1
11648,Nc1ccc(-c2cnc(Nc3ccc(-c4ccsc4)cn3)nc2Nc2cccc(C(F)(F)F)c2)cc1
11651,FC(F)(F)c1cccc(Nc2nc(Nc3ccc(-c4ccsc4)cn3)ncc2-c2cccc(Cl)c2)c1
11652,FC(F)(F)c1cccc(Nc2nc(Nc3ccc(-c4ccsc4)cn3)ncc2-c2ccccc2)c1
13444,FC(F)(F)c1cccc(Nc2nc(Nc3ccc(-c4ccsc4)cn3)ncc2-c2ccc(Cl)cc2)c1
13543,CC(=O)c1cccc(-c2cnc(Nc3ccc(-c4ccsc4)cn3)nc2Nc2cccc(C(F)(F)F)c2)c1
13572,NC(=O)c1ccc(-c2cnc(Nc3ccc(-c4ccsc4)cn3)nc2Nc2cccc(C(F)(F)F)c2)cc1
13772,CC(=O)Nc1ccc(-c2cnc(Nc3ccc(-c4ccsc4)cn3)nc2Nc2cccc(C(F)(F)F)c2)cc1
2812,CCOc1cccc(C(=O)Nc2cccc(-c3nnc(-c4ccc(C)cc4)o3)c2)c1
10104,CCCc1cc(=O)n2[nH]c(SCc3ccccc3)nc2n1
2891,Cc1ccc(NC2=C/C(=N\S(=O)(=O)c3cccs3)c3ccccc3C2=O)c(C)c1
3181,Cc1ccc(NC2=C/C(=N/S(=O)(=O)c3cccs3)c3ccccc3C2=O)cc1
3182,Cc1cccc(NC2=C/C(=N/S(=O)(=O)c3cccs3)c3ccccc3C2=O)c1
3250,O=C1C(Nc2ccccc2)=C/C(=N/S(=O)(=O)c2cccs2)c2ccccc21
4740,COc1cccc(CN2CCN(Cc3cc4ccccc4[nH]3)CC2CCO)c1
9513,COc1ccc(C(c2nnnn2Cc2cccs2)N2CCN(c3ccccc3F)CC2)cc1
9114,CCc1c(C)nc2ncnn2c1N1CCCC(C(=O)NCCc2ccc(OC)cc2)C1
6574,CCCCN(C(=O)CNC(=O)c1ccco1)C(C(=O)NC1CCCCC1)c1ccc(OC)cc1OC
7047,C=CCN(C(=O)CNC(=O)c1ccco1)C(C(=O)NC1CCCCC1)c1ccccc1F
12630,C=CCN(C(=O)CNC(=O)c1ccco1)C(C(=O)NC1CCCCC1)c1ccc(OC)cc1OC
8045,O=C(CCC1CCCCC1)Nc1c[nH]c(=O)[nH]c1=O
1411,COc1ccc(C(=O)CN2C(=O)NC3(CCCc4ccccc43)C2=O)cc1OC
9914,c1cc(C(c2nnnn2C2CCCCC2)N2CCN3CCCC3C2)ccn1
3015,COc1ccc2sc3c(=O)[nH]c4ccccc4c3c2c1
5787,O=C(CN1C(=O)c2ccc([N+](=O)[O-])cc2C1=O)Nc1nnc(C2CC2)s1
10906,CCn1c(SCc2nc3ccccc3nc2C)nnc1-c1cccs1
2711,COc1ccc([C@H](Cc2ccncc2)c2ccc(NS(=O)(=O)Cc3ccccc3)cc2)cc1OC1CCCC1
2909,CSc1cc(-c2ccc(Cl)cc2)n(Cc2ccccc2)c(=O)c1C#N
1425,O=C(Nc1nnc(C2CC2)s1)c1cc(-c2ccccc2)nn1-c1ccccc1
2057,COc1c(-c2coc3cc4c(cc3c2=O)CC(O)C(C)(C)O4)ccc2c1C=CC(C)(C)O2
5103,Fc1cccc(NCCc2c[nH]c3ccccc23)n1
3695,CC(C)n1c(O)c(/C=C2\C=NN=C2c2ccccc2)sc1=S
267,Cc1csc(NC(=O)CSc2nnc(CCNC(=O)c3cccs3)n2C)n1
6096,Cc1cc(NC(=O)CCC(=O)N(CCC(C)C)C(C(=O)NC2CCCC2)c2cccnc2)no1
1718,O=C(Nc1cccn2ncnc12)c1ccc(Cl)cc1
10934,COCCNc1nnc(SCC(=O)c2ccc3c(c2)OCO3)s1
3390,CC(=C/c1ccccc1)/C=N/n1c(-c2ccncc2)n[nH]c1=S
3476,S=c1[nH]nc(-c2ccncc2)n1/N=C/C(Cl)=C\c1ccccc1
471,O=C(c1ccccc1)c1cc(-c2ccccc2)on1
13387,CNC(=O)c1cc(C(=O)NC2CC2)cn(Cc2ccc3nc[nH]c3c2)c1=O
13728,CC(C)c1ccc(-c2ccc(NC3CCOCC3)c(C(N)=O)c2)cc1
10911,COc1cc2c(cc1OC)C(c1cccs1)NCC2
2675,Cc1cc(C)n(Cc2ccc(C(=O)N/N=C/c3ccc(-c4ccc([N+](=O)[O-])cc4)o3)o2)n1
6993,O=c1cccc(-c2ccccc2)[nH]1
8742,c1ccc2c(c1)CCN(Cc1nnnn1Cc1ccc3c(c1)OCO3)C2
6818,O=C(CN1CCCC1)Nc1ccc(NC(=O)Nc2ccccc2)cc1
3606,FC(F)Sc1ccc(NC(=S)NC(c2ccccc2)c2ccccc2)cc1
1880,O=C(COc1ccc(/C=N/NC(=O)C(=O)N2CCCCCC2)cc1)Nc1ccccc1Cl
6857,CCn1c(SCC(=O)c2ccc(F)cc2)nnc1-c1ccoc1C
9139,Cc1occc1-c1nnc(SCC(=O)c2ccc(Cl)cc2)n1C
102,CCc1ccc(N2CC(C(=O)OCC(=O)NC3CCS(=O)(=O)C3)CC2=O)cc1
7990,COc1ccc(CN(C2CCCC2)S(=O)(=O)c2ccc(-n3cnnn3)cc2)cc1
9164,COc1ccc(CN(C2CCCC2)S(=O)(=O)c2ccc(-n3cnnn3)c(OC)c2)cc1OC
10895,COc1cccc(C(=O)NCC(=O)N2CCC(C)CC2)c1
12914,O=C(NCC(=O)N1CCCCC1)c1ccc(Cl)cc1Cl
13,COc1ccccc1C(=O)Nc1ccc(Oc2ncnc3sc(-c4ccccc4)cc23)cc1
2187,COc1ccc(C(=O)Nc2ccc(Oc3nc(C)nc4sc(-c5ccccc5)cc34)cc2)cc1OC
3799,Cc1ccc(C(=O)Nc2cccc(C(F)(F)F)c2)cc1NC(=O)c1cnnc2ccccc12
12288,COc1cccc(-n2nc(-c3ccnn3-c3ccc(F)cc3)c(=O)n(C)c2=O)c1
13908,O=C1CC[C@@H](C(=O)Nc2cncc(-c3cccc4[nH]ccc34)c2)N1
7437,CCc1ccc(NC(=O)c2cccnc2)cc1
8649,CC(C)c1ccccc1NC(=O)c1cccnc1
8920,O=C(Nc1ccc(F)c(F)c1)c1cccnc1
7,C=CCSc1nnc2nc3c(nn12)c1cc(C)ccc1n3CC=C
5817,Cc1ccccc1NC(=O)c1cc(S(=O)(=O)N2CCCCC2)ccc1N1CCOCC1
5833,Cc1ccc(NC(=O)c2cc(S(=O)(=O)N3CCCCC3)ccc2N2CCOCC2)c(C)c1
10603,O=S(=O)(c1ccc(Sc2nnc3ccccn23)nc1)N1CCOCC1
11037,N#CC(=C1SC=CS1)c1nc(-c2ccccc2)cs1
11189,Cc1nn(Cc2ccc(F)cc2)c(C)c1NC(=O)C1CC(c2cccc(Br)c2)=NO1
5932,COc1ccc(CNC(=O)C(c2cccs2)N(C(=O)c2csnn2)C2CC2)cc1
8591,O=C(NCc1ccc(F)cc1)C(c1cccs1)N(C(=O)c1csnn1)C1CC1
8332,NC(=O)c1c(NC(=O)CSc2nnc(-c3ccccc3)n2CC2CCCO2)sc2c1CCC2
6264,O=C(NC1CCCCC1)NC1CC2CCC(C1)N2C(=O)NCc1ccccc1
11009,Cc1noc(C)c1COC(=O)CCOc1ccccc1
12600,COc1ccc(OCCC(=O)OCc2c(C)noc2C)cc1
13414,CC[C@H](C)[C@@H]1NC(=O)[C@H](Cc2cnc[nH]2)NC(=O)[C@H](CCCCN)NC(=O)[C@H](Cc2ccccc2)NC(=O)[C@H](CCCN=C(N)N)NC(=O)[C@H](CC(C)C)NC(=O)[C@H](Cc2ccc(O)cc2)NC(=O)CSC[C@@H](C(N)=O)NC(=O)CNC(=O)CNC(=O)[C@H](CC(C)C)NC(=O)[C@H](CO)NC1=O
10003,CC(C)Cn1nc(NS(=O)(=O)c2ccccc2)c2cc3ccccc3nc21
2469,Cc1ccc(/C=C/C(=O)NCc2ccc(S(N)(=O)=O)cc2)o1
2557,COc1ccccc1CNC(=O)/C=C/c1ccc(Br)o1
3299,Cc1nn(-c2ccccc2)c(N2CCCC2)c1/C=N/NC(=O)c1cc(-c2ccccc2)nc2ccccc12
10982,O=C(COC(=O)c1ccco1)Nc1ccc2c(c1)OCCO2
13593,CC(C)Oc1ccc(NC(=O)N(CCN2CCOCC2)c2ccc3nc(N)sc3c2)cc1
13638,Cc1cccc(NC(=O)N(CCN2CCOCC2)c2ccc3nc(N)sc3c2)c1
14075,Nc1nc2ccc(N(CCN3CCOCC3)C(=O)Nc3ccc(Br)cc3)cc2s1
14148,CC(C)c1ccc(NC(=O)N(CCN2CCOCC2)c2ccc3nc(N)sc3c2)cc1
14206,Cc1ccc(NC(=O)N(CCN2CCOCC2)c2ccc3nc(N)sc3c2)cc1
14371,Nc1nc2ccc(N(CCN3CCOCC3)C(=O)Nc3ccc(Cl)cc3)cc2s1
14400,CCc1ccc(NC(=O)N(CCN2CCOCC2)c2ccc3nc(N)sc3c2)cc1
14511,Nc1nc2ccc(N(CCN3CCOCC3)C(=O)Nc3ccc(F)c(Br)c3)cc2s1
1902,N/C(Cc1cccc2ccccc12)=N\OC(=O)c1ccc2c(c1)OCO2
7038,COC(=O)c1c(NC(=O)Cc2cccs2)sc2c1CCCC2
1828,O=C(Nc1nnc(SCc2ccccc2)s1)c1cccc([N+](=O)[O-])c1
687,Cc1ccc(S(=O)c2ccc([N+](=O)[O-])c3nonc23)cc1
8565,Cc1cc(NC(=O)CSc2nnc(CNc3ccc(F)cc3)n2C2CCCCC2)no1
3724,Cc1ccc2cc(/C=C/C(=O)c3ccco3)c(Cl)nc2c1
12965,CCOc1ccc2cc(/C=C/C(=O)c3ccco3)c(Cl)nc2c1
14394,Cc1c(C(C)C)c(=O)on1C(=O)N(C)Cc1cccs1
9075,c1cncc(-c2nnc(-c3ccco3)o2)c1
5383,CC(C)(C)NC(=O)Cn1c(=O)oc2ccc(Cl)cc21
8639,COC(=O)n1c(=O)oc2ccccc21
7348,CCn1cc(C(=O)Nc2cc3c(cc2NC(C)=O)OCCO3)c(=O)c2ccc(C)nc21
7562,Cc1ccc2nc(SCC(=O)NCC3CCCO3)c(C#N)cc2c1
9306,Cc1cc(C)c2cc(C#N)c(SCC(=O)NCC3CCCO3)nc2c1
13076,COc1ccc(/C=C2\SC(c3ccc4ccccc4c3)=NC2=O)cc1O
13599,COc1ccc(/C=C2\SC(c3ccc4ccccc4c3)=NC2=O)cc1
3321,COc1ccc(NC(=O)Cn2ncc(Cl)c(Cl)c2=O)cc1S(=O)(=O)N1CCOCC1
5724,CCCCN1C(=O)c2ccc(C(=O)NC3(C)CCS(=O)(=O)C3)cc2C1=O
2227,Cc1nn(C(C)(C)C)c(C)c1/C=N/OC(=O)Nc1ccc(Cl)cc1
7142,CCn1c(CNc2ccc(F)cc2)nnc1SCC(=O)N1CCCc2ccccc21
7897,CCn1c(CNc2ccc(OC)cc2)nnc1SCC(=O)N1CCCc2ccccc21
2358,CCOc1ccc(C(=O)Nc2ccc(-c3nc4ccccc4[nH]3)cc2)cc1[N+](=O)[O-]
3893,COC(=O)C(Cc1ccc(N(CCCl)CCCl)cc1)N=Cc1ccccc1O
5314,Cc1cccc(C)c1OCC(=O)Nc1ncn[nH]1
2139,Cc1cccc(/C=C2\CCC(=C3SCCCS3)C2=O)c1
6336,Cc1nn(-c2ccccc2)c2nc(=O)n(-c3ccccc3)cc12
10765,CC(=O)N1CCN(S(=O)(=O)c2cccc(C(=O)Nc3nc4ccccc4[nH]3)c2)CC1
11375,COc1ccccc1NC(=O)c1c(N=Cc2ccccc2O)cnn1C
10293,Cc1cc(OCc2nn[nH]n2)c2c(-c3ccccc3)cc(=O)oc2c1
2755,CCOc1cccc(-c2nnc3sc(C4CCCCC4)nn23)c1
2759,COc1cccc(-c2nnc3sc(C4CCCCC4)nn23)c1
10135,Cc1cc(O)c(-c2cc(C(=O)NCc3ccc4c(c3)OCO4)[nH]n2)cc1C
10288,Cc1ccc(-c2cc(C(=O)NCc3ccc4c(c3)OCO4)[nH]n2)c(O)c1C
6558,CCOC(=O)N1CCN(C(=O)Nc2ccccc2Cl)CC1
6349,COCCNC(=O)C(c1ccco1)N(C(=O)Cn1nnc2ccccc21)c1ccc(C)cc1C
7486,COc1ccc(S(=O)(=O)NCCSCc2ccco2)cc1
3148,CCCCCCCCCc1nc2sc3c(c2c(=O)n1NC(=O)c1ccc([N+](=O)[O-])cc1)CC(C)(C)OC3
9258,Cc1ccc2c(SCC(=O)NCc3ccco3)nc(-c3ccc(F)cc3)nc2c1
6932,CN1C(=O)Cn2c1nc1ccccc12
3970,O=C1c2ccccc2C(=O)c2[nH]c(=O)[nH]c21
7258,c1ccc(-c2noc(C3CCCCC3)n2)nc1
5682,CCN(CC(=O)Nc1ccc(NC(C)=O)cc1)C(=O)CN1C(=O)C2CCCCC2C1=O
13694,O=C(Nc1ccc(-c2cn3c4nc(ncc24)NCCCCCCCC(O)CCCC3)cc1)N1CCOCC1
7384,CCOc1ccc(N2C(=O)C3CCCN3C2=O)cc1
13388,CNC(=O)c1cc(C(=O)NC2CCOCC2)cn(Cc2ccccc2)c1=O
11815,CC(C)c1ccc(-c2ccc(NC3CCCC3)c(C(N)=O)c2)cc1
265,COC(=O)c1sccc1NC(=O)c1sccc1C
12306,Cc1ccc2[nH]c(=O)c(COC(=O)c3ccccn3)cc2c1
8129,CC(=O)Nc1ccccc1C(=O)N1CCc2ccccc21
11384,CC(C)(C)CNC(=S)Nc1ccc2c(c1)CCN2C(=O)c1ccc(F)cc1
3639,COc1ccc(NC(=O)c2oc3ccccc3c2NC(=O)COc2ccccc2OC)c(OC)c1
9461,CCN1CCCC1CN(Cc1cc2c(C)cc(C)cc2[nH]c1=O)C(=O)NC1CCCCC1
5371,CCc1nnc(NC(=O)OCc2ccccc2)s1
12328,Cc1cc(C(=O)OCC(=O)Nc2cccc(S(=O)(=O)N3CCOCC3)c2)c(C)o1
8299,CC(C)c1ccc(Nc2nc(NCc3ccco3)nc(N3CCOCC3)n2)cc1
3220,C=C(C(=O)c1ccccc1)C(C)C(=C)C(=O)c1ccccc1
7822,Cc1ccc(Cn2nnc3c(=O)[nH]c(C4CCN(S(=O)(=O)c5ccccc5)CC4)nc32)cc1
9268,Cc1ccc(Cn2nnc3c(=O)[nH]c(C4CCN(S(=O)(=O)c5ccc(C)cc5)CC4)nc32)cc1
8959,O=C1CC(NCc2ccccc2F)C(=O)N1c1ccccc1
11112,O=C(COC(=O)C1COc2ccccc2O1)NC(=O)NC1CCCC1
10219,COc1ccc(-c2noc(CN3C(=O)c4ccccc4C3=O)n2)cc1
12237,CCc1nc(N[C@@H](Cc2c[nH]c3ccccc23)C(=O)O)c2oc3ccccc3c2n1
670,CC(=O)N(C)c1ccc(C=C2C=Cc3ccccc32)cc1
7703,CCOc1ccc2[nH]c(=O)c(CN(Cc3ccc(C)cc3)C(=O)N3CCCC3)cc2c1
234,O=C1CC(C(=O)Nc2ccc(Br)cc2)C2(CCCC2)O1
9159,O=C1CC(C(=O)Nc2ccccc2)C2(CCCC2)O1
5983,Cc1cccc2cc(C#N)c(N3CCCC3)nc12
9267,Cc1cc(C)c2cc(C#N)c(N3CCCC3)nc2c1
12642,Nc1nc(NC(=O)Cc2ccccc2)nn1-c1ccccc1
9381,O=C(NC1CCN(Cc2ccccc2)CC1)C1COc2ccccc2O1
6761,Cc1cc(C)nc(N2CCCC(C(=O)NCc3cccs3)C2)n1
7762,O=C(NCc1cccs1)C1CCCN(c2ncccn2)C1
5955,CCOC(=O)Cn1c(N2CCCCCC2)nc2c1c(=O)[nH]c(=O)n2C
6228,CCCCCOC(=O)Cn1c(N2CCCCCC2)nc2c1c(=O)[nH]c(=O)n2C
7317,C/C(Cl)=C\Cn1c(N2CCCCCC2)nc2c1c(=O)n(C)c(=O)n2C
6579,COc1ccc(C(=O)Cn2nnc(-c3ccccc3-n3cnnn3)n2)cc1
3001,N#Cc1c(Oc2ccc3ccccc3c2)sc(C(=O)c2ccccc2)c1N
13175,O=C1N=C(c2ccc(Oc3ccccc3)cc2)S/C1=C\c1ccc2ccccc2c1
3167,COc1ccc(/C=C/C(=O)Oc2ccc(/C=N/NC(=O)c3ccccc3)cc2)cc1OC
6093,O=C(Cn1c(CN2CCCCC2)nc2ccccc2c1=O)NCc1ccco1
9795,CCCS(=O)(=O)N1CCCC(c2nc(-c3cccc(OC)c3)no2)C1
13256,CC(=O)O[C@@H]1CC[C@]2(C)C3=C(CC[C@H]2C1(C)C)[C@@]1(C)CC[C@@H]([C@H](CCC=C(C)C)C(=O)O)[C@]1(C)CC3
10336,O=c1[nH]c(NCc2ccccc2)nc2c1CCCC2
13363,CCCCCN=c1ccn(-c2cccc3ccccc23)c2cc(Cl)ccc12
7267,CCCn1c(SCC(=O)NCC2CCCO2)nc2c1c(=O)n(C)c(=O)n2C
7679,Cn1c(=O)c2c(nc(SCC(=O)NCC3CCCO3)n2C)n(C)c1=O
10128,COc1cc(NC(=O)C2CC(=O)NC3=C2C(=O)CC(C)(C)C3)c(OC)cc1Cl
7304,COCCNC(=O)c1cnn2c(C(F)(F)F)cc(-c3ccc4c(c3)OCO4)nc12
3109,O=C(/C=C1\NC2(CCCC2)Cc2ccccc21)C(=O)N/N=C/c1ccccc1O
4028,COc1ccc(C2C(O)C(c3c[nH]c4ccccc34)=NN2C(=O)CCl)cc1
7307,COc1ccccc1NC(=O)Cc1csc(N)n1
8712,Cc1ccc(C)c(NC(=O)C2CCCN2C(=O)OC(C)(C)C)c1
11122,NC(=O)N1CC(O)CC1C(=O)Nc1ccc(Cl)c(Cl)c1
2382,Oc1ccc(N=C/C=C/c2ccc(Br)cc2)cc1-c1nc2ccccc2s1
10657,Cc1ccc(C)c(S(=O)(=O)N2CCN(CC(=O)NC(=O)NCc3ccccc3)CC2)c1
5580,Cc1ccc(CNC(=O)CSc2nnc(CNC(=O)c3ccccc3)o2)cc1
4876,COc1cc(/C=C2\SC(=S)N(NS(=O)(=O)c3ccccc3)C2=O)ccc1O
4908,COc1cc(/C=C2\SC(=S)N(NS(=O)(=O)c3ccc(C)cc3)C2=O)ccc1O
4998,CCOc1cc(/C=C2\SC(=S)N(NS(=O)(=O)c3ccc(C)cc3)C2=O)ccc1O
5075,CCOc1cc(/C=C2\SC(=S)N(NS(=O)(=O)c3ccccc3)C2=O)ccc1O
5081,O=C1/C(=C/c2ccc(F)cc2)SC(=S)N1NS(=O)(=O)c1ccccc1
5184,COc1ccc(/C=C2/SC(=S)N(NS(=O)(=O)c3ccccc3)C2=O)cc1
7997,CCC(C(=O)NC1CCCCC1)N(CC1CCCO1)C(=O)CNS(=O)(=O)c1ccc(OC)cc1
9939,CCCC(C(=O)NC1CCCCC1)N(CC1CCCO1)C(=O)CNS(=O)(=O)c1ccc(F)cc1
11733,O=C(O)c1noc(-c2ccc(OCc3ccccn3)cc2)c1-c1ccc(Cl)cc1
6356,CC(=O)Nc1cccc(NC(=O)C2CCCN2C(=O)Nc2ccccc2C)c1
6531,COc1cccc(NC(=O)C2CCCN2C(=O)Nc2cccc(F)c2)c1
7475,CC(=O)Nc1cccc(NC(=O)C2CCCN2C(=O)Nc2cccc(F)c2)c1
7770,COc1ccc(NC(=O)N2CCCC2C(=O)Nc2ccc(C)c(Cl)c2)cc1
7970,COc1cccc(NC(=O)C2CCCN2C(=O)Nc2ccccc2F)c1
9013,CC(=O)Nc1cccc(NC(=O)C2CCCN2C(=O)Nc2cccc(C)c2)c1
14557,C/C=C(/C)C(=O)O[C@@H]1C[C@H](C)[C@H]2CC(=O)C(C)=C2C[C@@H]1C(C)(C)OC(C)=O
14857,CC1=C2C[C@H](C(C)(C)O)CC[C@H](C)[C@@H]2CC1=O
199,O=C(Nc1ccon1)c1cc(-c2ccccc2)nc2ccccc12
1413,Cc1cc(=O)oc2cc(OCC(=O)OCC(=O)NCc3ccc4c(c3)OCO4)ccc12
5022,O=C1C(=O)N(Cc2cccs2)c2ccccc21
1885,O=C(O)C1C2C=CC(C2)C1C(=O)NCCCc1ccccc1
11551,CCOC(=O)c1cc(-c2ccc(OC)cc2)nc2c1c(C)nn2CCC#N
10306,CCCCCn1c(CN2CCN(c3cccc(Cl)c3)CC2)nc2c1c(=O)n(C)c(=O)n2C
10550,COCCn1c(CN2CCN(c3ccc(OC)cc3)CC2)nc2c1c(=O)n(C)c(=O)n2C
14159,Cc1cnc(Nc2ccc(-n3ccnc3)cc2)nc1-c1cc2c(o1)CCN(S(C)(=O)=O)C2
15171,O=C(O[C@H]1[C@H](Oc2c(-c3cc(O)c(O)c(O)c3)oc3cc(O)cc(O)c3c2=O)O[C@H](CO)[C@H](O)[C@@H]1O)c1cc(O)c(O)c(O)c1
15172,O=C(O[C@H]1[C@H](Oc2c(-c3ccc(O)c(O)c3)oc3cc(O)cc(O)c3c2=O)O[C@H](CO)[C@H](O)[C@@H]1O)c1cc(O)c(O)c(O)c1
7415,CCN(CC)CCCN(Cc1cc2cc3c(cc2[nH]c1=O)OCCO3)C(=O)Nc1ccc(F)cc1
1772,Cc1ccc(/C=C2\SC(N)=NC2=O)s1
12065,Cc1ccc(-n2ncc3c(=O)n(CC(=O)NC4CCCC4)cnc32)cc1C
46,CCN(CC)Cc1nc2c(c(=O)[nH]1)C1(CCCCC1)Cc1ccccc1-2
6836,Fc1ccc(NCc2cccnc2)cc1
15116,C[C@@H]1CC[C@@]2(NC1)O[C@@H]1[C@@H](C[C@@]3(C)C[C@H]4[C@H](C[C@H]13)C(C=O)=C1C=CCC[C@@]14C)[C@@H]2C
4135,COC(=O)c1cc(S(=O)(=O)NCCc2ccc(Cl)cc2)c[nH]1
12258,c1ccc(SCc2nc(-c3ccccn3)no2)cc1
10278,COCCOC(=O)c1c(C)n(C)c2ccc(OC(=O)c3cccs3)cc12
2436,O=C(OCc1cc(=O)n2c(n1)sc1ccccc12)c1ccc(O)cc1O
5925,Cc1cc(C)nc(SCc2nnc(SCC(=O)Nc3ccc(Cl)c(C(F)(F)F)c3)o2)n1
8229,Cc1cc(C)nc(SCc2nnc(SCC(=O)Nc3cc(C(F)(F)F)ccc3Cl)o2)n1
110,Cc1ccc(-c2ccc(=O)[nH]n2)cc1
9010,COCCNC(=O)Cn1nc(-c2ccccc2OC)ccc1=O
13063,O=C1NC(=S)NC(=O)C1=Cc1cn(-c2ccc(Cl)cc2)nc1-c1ccc(OCc2ccccc2)cc1
8369,Cc1c(C(=O)Nc2ccc(N3CCOCC3)cc2)oc2ccccc12
383,CC[C@@H]1OC(=O)[C@H](C)[C@@H](O[C@@H]2C[C@](C)(OC)[C@H](O)[C@@H](C)O2)[C@@H](C)[C@@H](O[C@@H]2O[C@H](C)C[C@H](N(C)Cc3cccc(-c4cn(CCCCCC(=O)NO)nn4)c3)[C@H]2O)[C@](C)(O)C[C@@H](C)CN(C)[C@H](C)[C@@H](O)[C@]1(C)O
385,CC[C@@H]1OC(=O)[C@H](C)[C@@H](O[C@@H]2C[C@](C)(OC)[C@H](O)[C@@H](C)O2)[C@@H](C)[C@@H](O[C@@H]2O[C@H](C)C[C@H](N(C)Cc3cccc(-c4cn(CCCCCCC(=O)NO)nn4)c3)[C@H]2O)[C@](C)(O)C[C@@H](C)CN(C)[C@H](C)[C@@H](O)[C@]1(C)O
1526,Nn1c(CN2CCCCC2)nc2ccccc2c1=O
3005,COc1ccc(-n2nc3cc(C)c(NC(=S)NC(=O)c4ccccc4C)cc3n2)cc1
10182,CCCCc1c(O)nc(N2CCN(Cc3ccccc3)CC2)[nH]c1=O
10289,Cc1nc(N2CCN(Cc3ccccc3)CC2)[nH]c(=O)c1C
5661,NC(=O)c1ccsc1NC(=O)COC(=O)c1cnccn1
5873,CN(C)c1nc(NCc2ccccc2)nc(Oc2ccc(=O)[nH]n2)n1
6895,CCOc1nc(-c2ccccc2)ccc1-c1noc(-c2ccco2)n1
7793,COc1nc(-c2ccc(C)cc2)ccc1-c1noc(-c2ccco2)n1
9704,COc1nc(-c2ccc(Cl)cc2)ccc1-c1noc(-c2ccco2)n1
9197,Cc1ccc(S(=O)(=O)NC(=O)NCc2ccccn2)cc1
10234,c1ccc2c(c1)ncn2Cc1nnc2sc(-c3ccncc3)nn12
1743,CN(C)c1ccc(NC(=S)NC(=O)/C=C/c2ccc(Cl)cc2)cc1
2151,CCOc1ccc(NC(=S)NC(=O)/C=C/c2ccc(OC)cc2)c([N+](=O)[O-])c1
2641,COc1ccc(/C=C/C(=O)NC(=S)Nc2ccc(S(=O)(=O)N=C(N)N)cc2)cc1OC
4014,COc1ccc(CCNc2nc(-c3cccnc3)nc3ccccc23)cc1OC
6978,COc1ccc(N2CCN(CC(=O)Nc3ccc(-n4cnnn4)cc3)CC2)cc1
8754,O=C(CN1CCN(c2ccc(F)cc2)CC1)Nc1ccc(-n2cnnn2)cc1
10176,CCN1CCN(c2ncnc3c2oc2nc(C)c4c(c23)CC(C)(C)OC4)CC1
10883,Cc1ccc(C2(C)NC(=O)N(CC(=O)NC(=O)NC3CCCC3)C2=O)cc1
5499,Nc1cc(-c2ccc(Br)cc2)nn1S(=O)(=O)c1cccc2nsnc12
5228,FC(F)(F)C1CCCN(c2nsc3ccccc23)C1
6232,Cc1cc(NC(=O)Cn2nnc3sc4c(c3c2=O)CCC(C(C)(C)C)C4)no1
1639,Cc1ccc(NC(=O)CSc2nc3ccccc3c3nc(CCc4c(C)n[nH]c4C)nn23)cc1F
9910,CCN(C(=O)c1ccc(C(C)(C)C)cc1)c1nnc(Cn2nnc3ccccc32)s1
9060,CCN1CCN(Cc2nnnn2C(C)(C)C)CC1
4468,O=C(/C=C/c1ccccc1)c1ccccn1
6265,CCN=C1SC(CC(=O)Nc2sc3c(c2C#N)CCCC3)C(=O)N1CC
153,COC(=O)C1=C(C)N(CCc2ccccc2)C(=O)C1
12048,COC(=O)C1=C(C)N(CCc2ccc(OC)c(OC)c2)C(=O)C1
4885,CCN(CC)c1ccc(/C=C2\C(=O)N(c3nnc(C)c(=O)[nH]3)N=C2C)cc1
10077,Cc1cc(C(F)(F)F)nc(SCc2ccc(C(=O)O)o2)n1
12366,Cc1cc(C)nc(SCc2ccc(C(=O)O)o2)n1
8307,CCn1c(Cc2ccccc2)nnc1SCC(=O)Nc1nc(C)c(C)s1
5412,c1ccc(C(Cc2nc(-c3cccnc3)no2)c2ccccc2)cc1
13739,N#Cc1cc(Nc2ncc3c(n2)CCCCC3=O)cs1
6549,CC(=O)Nc1sc2c(c1C#N)CCCCC2
2198,COc1ccc(-n2c(O)c(C=Nc3ccccc3)c3ccccc3c2=O)cc1
3741,CCN(CC)S(=O)(=O)c1cccc(-n2c(O)c(C=Nc3ccccc3C(=O)O)c3ccccc3c2=O)c1
4709,CCc1sc(C(C2C(=O)CC(C)(C)CC2=O)C2C(=O)CC(C)(C)CC2=O)cc1[N+](=O)[O-]
14555,C/C1=C\CC/C(C)=C/[C@@H](O)[C@H](C(C)C)CC/C(C)=C/CC1
517,S=C(N/N=C1\CCc2ccccc21)NC1CCCCC1
12570,Cc1cccc(C)c1NC(=O)CN1C(=O)S/C(=C\c2cccn2-c2cccc(C(=O)O)c2)C1=O
578,COC(=O)c1ccc2c(=O)[nH]c(COC(=O)c3c(-c4ccccc4)noc3C)nc2c1
7095,N#Cc1c(NC(=O)CSc2nnc(-c3ccncc3)n2CC2CCCO2)sc2c1CCCC2
11630,O=C1CC(c2ccccc2)n2nc(NC(=O)c3ccccn3)nc2N1
8950,Cc1cc2cc(C(c3nnnn3Cc3ccco3)N3CCc4ccccc4C3)c(=O)[nH]c2cc1C
5957,CC1=C(C(=O)OCc2ccccc2)C(c2ccoc2)C(C#N)=C(N)O1
5418,Cc1cc(C)nc(NC(=O)c2cccc(Cl)c2)n1
11496,N#Cc1cnc(C(=O)Nc2ccc(C3CCN(C(=O)[C@H](O)CO)CC3)cc2C2=CCCCC2)[nH]1
11555,CN(CCO)CC(=O)N1CCC(c2ccc(NC(=O)c3ncc(C#N)[nH]3)c(C3=CCCCC3)c2)CC1
11569,N#Cc1cnc(C(=O)Nc2ccc(C3CCN(C(=O)NCCO)CC3)cc2C2=CCCCC2)[nH]1
11640,N#Cc1cnc(C(=O)Nc2ccc(C3CCN(C(=O)CNCCO)CC3)cc2C2=CCCCC2)[nH]1
11680,CN(C)CC(=O)N1CCC(c2ccc(NC(=O)c3ncc(C#N)[nH]3)c(C3=CCCCC3)c2)CC1
14378,CS(=O)(=O)CC(=O)N1CCC(c2ccc(NC(=O)c3ncc(C#N)[nH]3)c(C3=CCCCC3)c2)CC1
14383,CC(=O)N1CCC(c2ccc(NC(=O)c3ncc(C#N)[nH]3)c(C3=CCCCC3)c2)CC1
14404,N#CCCN1CCC(c2ccc(NC(=O)c3ncc(C#N)[nH]3)c(C3=CCCCC3)c2)CC1
14421,CS(=O)(=O)CCN1CCC(c2ccc(NC(=O)c3ncc(C#N)[nH]3)c(C3=CCCCC3)c2)CC1
14425,N#Cc1cnc(C(=O)Nc2ccc(C3CCN(CC(N)=O)CC3)cc2C2=CCCCC2)[nH]1
14432,CC(C)(N)C(=O)N1CCC(c2ccc(NC(=O)c3ncc(C#N)[nH]3)c(C3=CCCCC3)c2)CC1
11250,O=C(NNC(=O)c1nn(-c2ccc(F)cc2)ccc1=O)c1ccc(Cl)cc1
11378,O=C(NNC(=O)c1nn(-c2ccc(F)cc2)ccc1=O)c1ccc(C(F)(F)F)cc1
11498,Cc1ccc(C(=O)NNC(=O)c2nn(-c3ccc(F)cc3)ccc2=O)cc1
11722,O=C(NNC(=O)c1nn(-c2ccc(F)cc2)ccc1=O)c1ccccc1Cl
68,Nc1nc(C(=O)N2CCOCC2)nn1S(=O)(=O)c1ccc(Cl)cc1
9782,Nc1nc(C(=O)N2CCOCC2)nn1S(=O)(=O)c1ccccc1
552,O=C(Nc1ccc(N2CCOCC2)cc1)c1cnccn1
7269,Cc1cnc(C(=O)Nc2ccc(N3CCOCC3)cc2)cn1
13412,CCNNC(=O)c1ccc(CN2c3ccccc3Cc3ccccc32)cc1
8859,O=C(NCC1CCCO1)c1c(O)c2cccc3c2n(c1=O)CCC3
3406,CC1=NN(c2cccc(C(=O)O)c2)C(=O)/C1=C\C=C/c1ccccc1
8007,COc1ccc(N(C(=O)CNC(=O)c2ccco2)C(C(=O)NC2CCCCC2)c2ccco2)cc1
2763,CC(C)[C@H](NC(=O)OC(C)(C)C)c1nnc(S(=O)(=O)Cc2c(F)cccc2Cl)o1
6033,O=c1cc(CSc2nnc(-c3ccco3)o2)c2ccccc2[nH]1
970,N#C/C(=C1/Nc2ccccc2S1)c1ccnc(NCCc2ccc([N+](=O)[O-])cc2)n1
973,N#C/C(=C1/Nc2ccccc2S1)c1ccnc(NCCc2ccccc2F)n1
985,N#C/C(=C1/Nc2ccccc2S1)c1ccnc(NCCc2ccc(S(N)(=O)=O)cc2)n1
992,N#C/C(=C1/Nc2ccccc2S1)c1ccnc(NCCc2ccc(N)cc2)n1
11664,N#C/C(=C1/Nc2ccccc2S1)c1ccnc(NCCc2cccc(Cl)c2)n1
13209,O=C(CCC1CCC(c2ccccc2)CC1)N1CCCC1
7947,O=C(CSc1nnnn1C1CCCCC1)NCc1ccc2c(c1)OCO2
1181,CC1=C(CC(=O)NCCCOc2ccc(S(N)(=O)=O)cc2)c2cc(F)ccc2/C1=C/c1ccc(S(C)=O)cc1
8082,Cc1cc(NCCCN2CCOCC2)n2nc(C)c(-c3ccc(F)cc3)c2n1
10402,Cc1cc(NCCCN2CCOCC2)n2ncc(-c3ccc(Cl)cc3)c2n1
3975,Cn1c(Cl)cnc1/C=C/C(=O)c1ccc(O)cc1
12573,Cc1ccc(S(=O)(=O)NCCC(=O)Nc2nnc(C)s2)cc1
15117,C[C@@H]1CC[C@@]2(OC1)O[C@H]1C[C@H]3[C@@H]4CC=C5C[C@@H](O[C@@H]6O[C@H](CO)[C@@H](O[C@@H]7O[C@@H](C)[C@H](O)[C@@H](O)[C@H]7O)[C@H](O)[C@H]6O[C@@H]6O[C@@H](C)[C@H](O)[C@@H](O)[C@H]6O)CC[C@]5(C)[C@H]4CC[C@]3(C)[C@H]1[C@@H]2C
5634,COc1cc(C(=O)NCC2CCCO2)ccc1OCc1ccc(Cl)cc1Cl
6307,O=C(NC1CCN(C(=O)N2CCOCC2)CC1)c1ccccc1
9696,Cc1ccc(N(CC(=O)NCC2CCCO2)S(C)(=O)=O)cc1Cl
13770,Cc1c(C(C)C)c(=O)on1C(=O)N1CCCCCC1
12851,CCCCOC(=O)Nc1sc2nc(C)cc(C)c2c1-n1cccc1
3041,O=C1/C(=C/c2ccncc2)SC(=S)N1C1CCS(=O)(=O)C1
12300,Cc1ccc(C(=O)COC(=O)CNC(=O)Cc2ccccc2)cc1[N+](=O)[O-]
7532,CC(=O)NC1(c2cccc(F)c2)CCN(C(=O)Nc2ccc(C#N)cc2)CC1
10995,Cc1cc2occ(CC(=O)NC3=NCCS3)c2cc1C(C)C
8745,CC(c1ccccc1)n1cc(C(=O)NCCN2CCOCC2)nn1
1256,CC(=O)N(O)C(=O)/C=C/c1cccc(Oc2ccccc2)c1
3356,Cc1ccc(Oc2c(C(N)=O)cc([N+](=O)[O-])cc2[N+](=O)[O-])cc1
4296,CCCCNc1cc(C(=O)O)cc(S(N)(=O)=O)c1Oc1ccccc1
4815,N#Cc1ccccc1Oc1ccccc1C=O
6379,N#Cc1ccc(Oc2ccc(C(N)=O)cc2)cc1C#N
12394,COCCNC(=O)COc1ccc(Oc2ccccc2)cc1
13242,COC(=O)c1cc(Oc2ccc(Cl)cc2Cl)ccc1[N+](=O)[O-]
13451,CCCCOc1ccc(Oc2ccc(C(F)(F)F)cc2[N+](=O)[O-])cc1
13565,CC(=O)N(O)C/C=C/c1cccc(Oc2ccccc2)c1
14691,C=CCc1ccc(Oc2cc(CC=C)cc(O)c2O)cc1
13521,CC1CN(c2cncnc2)Cc2cc(C(=O)Nc3cc(CN4CCCCC4)cc(C(F)(F)F)c3)ccc21
10132,C=CCSc1nc2c(c(=N)n1CC=C)C1CCCC1S2
13251,CN1CCC(O)(C#Cc2cccc(-c3c[nH]c4cnc(N)nc34)c2)C1=O
14278,CN1CCC(O)(C#Cc2ccc(F)c(-c3c[nH]c4cnc(N)nc34)c2)C1=O
6802,COc1ccc(C(=O)CSc2nnc(-c3ccoc3C)n2CC2CCCO2)cc1
9577,Cc1occc1-c1nnc(SCC(=O)c2ccccc2)n1CC1CCCO1
7953,CCCCCCC(c1c(C)n(C)n(-c2ccccc2)c1=O)c1c(C)n(C)n(-c2ccccc2)c1=O
10245,CC1(C)OC(=O)C2(Cc3ccccc3N3CCCCC32)C(=O)O1
7209,Cc1csc(NC(=O)CSc2nnc(C)n2Cc2ccco2)n1
13863,Cc1ccc(NC(=O)c2cccc(N3CCOCC3)c2)cc1Nc1ccc2c(c1)CCc1ccccc1C2=O
4112,NC(=O)c1c(NC(=O)c2ccc([N+](=O)[O-])o2)sc2c1CCCC2
2676,COC(=O)c1ccc(/C=C2/SC(=S)N(CCCC(=O)Nc3ccc(O)cc3)C2=O)cc1
8892,Clc1ccc2c(c1)C1OCCC1C(c1ccco1)N2
5645,COc1ccc(-c2csc3ncnc(N4CCN(S(=O)(=O)c5ccc(C)cc5)CC4)c23)cc1
14218,NC(=O)c1cn(-c2ccc3c(c2)CCC3)c2nc(Nc3ccc(C4CCNCC4)cc3)ncc2c1=O
4477,COc1cnn(-c2ccc(C)cc2)c(=O)c1SCc1ccccc1
11540,O=C(NCCCN1CCN(c2ccccc2)CC1)C1CCCN(c2ncnc3c2nc2n3CCCCC2)C1
11772,O=C(NCCCN1CCN(c2ccc(F)cc2)CC1)C1CCCN(c2ncnc3c2nc2n3CCCCC2)C1
14500,C[C@H]1CCCCN1c1nnc2ccc(O[C@@H]3CC[C@H](NC(=O)Nc4cc(C(C)(C)C)nn4-c4cnn(CCN5CCN(C)CC5)c4)c4ccccc43)cn12
8689,COc1ccc(CN(C(=O)CN2C(=O)C(C)Oc3ccccc32)C2CCCC2)c(OC)c1
8867,COc1ccc(CN(C(=O)CN2C(=O)COc3ccccc32)C2CCCC2)c(OC)c1
14623,C=C1C(=O)O[C@@H]2[C@H]3C(C)=CC[C@@H](O)[C@]3(C)CC[C@@H]12
14935,COC1=CC(=O)C(CC=C(C)C)(CC=C(C)C)C2=C1[C@@H](O)C[C@@H](c1ccc3c(c1)OCO3)O2
14937,COC1=CC(=O)C(CC=C(C)C)(CC=C(C)C)C2=C1[C@H](OC)C[C@@H](c1ccc3c(c1)OCO3)O2
3502,O=C1C=C(N(CCO)Cc2ccccc2)c2ccccc2C1=O
9858,CC(C)C(c1nnnn1Cc1ccccc1)N1CCN(Cc2ccc3c(c2)OCO3)CC1
11108,Cc1cccc(OCc2nnc3n2CCCCC3)c1
12739,COc1ccc(Cn2nnnc2C(c2cc3ccc(OC)cc3[nH]c2=O)N2CCC(C)CC2)cc1
7969,CC(C)COC(=O)CCn1[nH]c(=O)c2ccccc2c1=O
10609,CC(=O)c1ccc(OCCCC(=O)OCC(=O)N2CCN(c3ccccc3)CC2)cc1
4058,O=C(Nc1ccc2nc3n(c(=O)c2c1)CCCCC3)c1cc([N+](=O)[O-])ccc1F
5217,O=C(Nc1ccc2nc3n(c(=O)c2c1)CCCCC3)c1c(F)ccc([N+](=O)[O-])c1F
247,COc1ccc(CCNC(=O)C2CC(=O)N(c3ccccc3)C2)cc1OC
216,O=C(CCCOc1ccc(Cl)cc1Cl)N1CCC2(CC1)OCCO2
2157,COc1ccc(/C(C)=N/OCC(=O)N=Nc2c(O)[nH]c3ccc(Br)cc23)cc1
7188,Cc1cc(C)c(S(=O)(=O)N(CC(=O)NCc2cccnc2)C2CCCCC2)c(C)c1
9406,Cc1cccc(OCc2nnc(SCC(=O)N3CCN(C(=O)c4ccco4)CC3)n2C)c1C
9725,O=C(O)C1CC(=O)N(c2ccc(OCc3ccccc3Cl)cc2)C1
617,O=C1NC(=O)c2c1c1c3ccccc3[nH]c1c1[nH]c3ccccc3c21
4080,CCN(C(=O)c1cc(S(=O)(=O)N2CCCCC2)c[nH]1)c1ccc(OC)cc1
4128,Cc1ccc(N(C)C(=O)c2cc(S(=O)(=O)N3CCCCC3)c[nH]2)cc1
3848,O=C1C=C(N2CCCCC2)c2ccccc2C1=O
5918,CC1CCCN(c2ccc(C(=O)NCC3CCCO3)cn2)C1
8139,O=c1c2c(nc3n1CCCCC3)sc1c(O)cccc12
7987,CN(C)c1ccc(NC(=O)Nc2ccc3snnc3c2)cc1
8075,COc1ccc(CCCc2nnc(SCC(=O)Nc3nc(C)cs3)n2C)cc1C
7219,CCOC(=O)c1[nH]c2ccc(C)cc2c1NC(=O)CN1CCCCC1
2924,CC(=O)c1ccc(NC(=O)Nc2ccc3c(c2)N(C)C(=O)CS3)cc1
8228,CC(=O)NC(Cc1ccccc1)C(=O)N1CCN(C(=O)c2ccco2)CC1
2913,CC(C)(C)C(=O)/C(=C/c1cccc([N+](=O)[O-])c1)n1cncn1
3229,CC(C)CC(=O)/C(=C\c1ccc(Cl)cc1Cl)n1cncn1
7914,Cc1sc(NC(=O)COc2cccc(-n3cnnn3)c2)c(C#N)c1C
8840,CCOc1ccc2[nH]c(=O)c(C(c3nnnn3CCOC)N3CCOCC3)cc2c1
8984,O=C(Cn1nnc2ccccc21)NC1CCCCC1
8719,CC1CCc2c(nc3ncnn3c2N2CC(C)OC(C)C2)C1
10880,Cc1ccc(-n2c(SCc3nnc4n3CCC4)nnc2-c2ccccc2)cc1
8711,COc1ccccc1OCc1nnc(SCC(=O)N2CCCCC2)n1-c1ccccc1
3285,Cc1c(NC(=O)c2cc(-c3cccs3)nc3ccccc23)c(=O)n(-c2ccccc2)n1C
1088,N#CN1CC(COCc2ccc(-c3ccccc3)cc2)C1
4324,Cc1onc(-c2c(F)cccc2Cl)c1C(=O)Nc1cc(S(=O)(=O)N2CCCCC2)ccc1O
12286,O=C(CSc1nc2ccccc2o1)NCC(=O)c1ccccc1
8921,O=C(Nc1ccc2c(c1)Cc1ccccc1-2)c1ccco1
5896,COc1ccc(NC(=O)c2cccc(-n3cnnn3)c2)cc1
8923,CCOc1ccc(NC(=O)c2cccc(-n3cnnn3)c2)cc1
6741,N#Cc1nc(COc2ccc(Cl)cc2)oc1N1CCCC1
7876,N#Cc1nc(COc2ccc(F)cc2)oc1N1CCCC1
7431,N#CC1=C2SCCN2C(=O)C(C#N)C12CCCCC2
14948,CO[C@H]1C[C@H]2[C@](C)(C3=C(C)[C@H](c4ccoc4)C[C@@H]3O1)[C@H](OC(=O)c1ccccc1)[C@@H]1OC[C@]3(C)[C@H](OC(C)=O)C[C@H](O)[C@@]2(C)[C@@H]13
8283,CCOC(=O)Cn1c(N2CCOCC2)nc2c1c(=O)[nH]c(=O)n2C
12596,CC(C)CCn1c(N2CCOCC2)nc2c1c(=O)n(CC(N)=O)c(=O)n2C
11683,CC1=CC(C)(C)n2c(O)c(N=NC(N)=S)c3cccc1c32
11714,COc1cc2c3c(c1)c(N=NC(N)=S)c(O)n3C(C)(C)C=C2C
8200,COc1ccccc1N(CC(=O)NC1CCCC1)C(=O)CCC(=O)Nc1cc(C)on1
8457,CCOc1ccccc1N(CC(=O)NC1CCCC1)C(=O)CCC(=O)Nc1cc(C)on1
9507,COc1ccc(C)cc1N(CC(=O)NC1CCCC1)C(=O)CCC(=O)Nc1cc(C)on1
10233,COc1ccc(CCN2C(=O)c3[nH]nc(-c4ccccc4O)c3C2c2ccc(C)cc2)cc1OC
5361,COc1ccc(C(=O)N2CCC(C(=O)Nc3ccccc3OC)CC2)cc1
5415,COc1cc(C(=O)N2CCC(C(=O)Nc3cccc(C(C)=O)c3)CC2)cc(OC)c1OC
12795,CCOC(=O)c1ccc(NC(=O)C2CCN(C(=O)c3ccc(OC)c(OC)c3)CC2)cc1
10944,O=C(CCCc1nc2ccccc2s1)N1CCN(S(=O)(=O)c2cccs2)CC1
3009,CCOc1cc(/C=N\NC(=O)c2ccc(NC(=O)CC)cc2)ccc1OC(=O)c1ccccc1
11441,COc1ccc(OC)c(-n2c(-c3cc(-c4ccc(F)cc4)n[nH]3)n[nH]c2=S)c1
3955,C=CCOc1cccc(C(=O)/C=C2/C(=O)Nc3ccccc32)c1
3956,C=CCOc1ccccc1C(=O)/C=C1/C(=O)Nc2ccccc21
3957,COc1ccc(C(=O)/C=C2/C(=O)Nc3ccccc32)c(OC)c1
7151,O=C(CSc1nnc2c(n1)[nH]c1ccc(F)cc12)OCc1ccccc1
12317,O=C(CSc1nnc2c(n1)[nH]c1ccccc12)OCc1ccccc1
11395,Cc1ccc2c(c1)C1(SCC(=O)N1CCCNC(=O)c1c(F)c(F)c(F)c(F)c1F)C(=O)N2C(=O)C1CCCCC1
6997,CCc1nnc(SCc2ccc(OC(C)C)cc2)n1N
7218,COc1ccc(CSc2nnc(C)n2N)cc1
7417,Cn1cnnc1SCc1ccc(C(=O)O)cc1
10894,Cn1cnnc1SCc1ccc(C#N)cc1
4040,Cc1cc(C)c(S(=O)(=O)/N=C2\C=C(NS(=O)(=O)c3ccccc3)C(=O)c3ccccc32)c(C)c1
4199,CCc1ccc(S(=O)(=O)/N=C2\C=C(NS(=O)(=O)c3ccccc3)C(=O)c3ccccc32)cc1
4357,Cc1ccc(S(=O)(=O)/N=C2\C=C(NS(=O)(=O)c3ccccc3)C(=O)c3ccccc32)cc1
4361,Cc1ccc(S(=O)(=O)/N=C2\C=C(NS(=O)(=O)c3ccccc3)C(=O)c3ccccc32)c(C)c1
5189,CC(C)(C)c1ccc(S(=O)(=O)/N=C2\C=C(NS(=O)(=O)c3ccccc3)C(=O)c3ccccc32)cc1
5190,CC(C)c1ccc(S(=O)(=O)/N=C2\C=C(NS(=O)(=O)c3ccccc3)C(=O)c3ccccc32)cc1
378,O=C(COc1ccc(/C=N/NS(=O)(=O)c2ccccc2)cc1)Nc1ccc(F)cc1
4552,O=C(/C=C/c1cccc([N+](=O)[O-])c1)c1cccs1
8779,Cc1cc(C)n2ncc(C(=O)NCc3cccnc3)c2n1
2709,COc1ccc([C@H](Cc2ccncc2)c2ccc(NS(=O)(=O)c3c(F)c(F)c(F)c(F)c3F)cc2)cc1OC1CCCC1
2712,COc1ccc([C@H](Cc2ccncc2)c2ccc(NS(=O)(=O)c3ccccc3)cc2)cc1OC1CCCC1
8682,COc1ccc2cc3c(N)c(C(=O)NCc4ccco4)sc3nc2c1
8905,COc1cc2cc3c(N)c(C(=O)NCc4ccco4)sc3nc2cc1OC
7752,CCNCCNC(=O)c1c(O)c2c([nH]c1=O)CCCC2
8372,CCN(CC)CCNC(=O)c1c(O)c2c([nH]c1=O)CCCC2
4801,Cc1cccc(C)c1NC(=O)C(=O)NCCc1c[nH]c2ccccc12
10134,c1coc(-c2nn3c(Cn4nnc5ccccc54)nnc3s2)c1
3384,O=[N+]([O-])c1cccc(-c2ccc(/C=N/Nc3nc(N4CCCCC4)nc(N4CCCCC4)n3)o2)c1
3667,Brc1ccc2ncnc(NCc3cccnc3)c2c1
6975,Cc1cc(C)c2cc(CN(Cc3nnnn3C3CCCCC3)CC3CCCO3)c(=O)[nH]c2c1
11968,O=C(N[C@H]1CNC1=O)OCc1ccc(OC2CCCCC2)cc1
5390,CC(C)C(NS(=O)(=O)c1ccc2c(c1)oc(=O)n2C)C(=O)N1CCN(c2ccccc2F)CC1
10005,Cc1ccc(S(=O)(=O)NC2=NCN(CCc3ccccc3)CN2)cc1
9335,CCc1c(C)n2nc(C)cc2[nH]c1=O
2386,Cc1ccc(OCC(=O)N/N=C/C=C/c2ccco2)cc1C
2407,COc1ccccc1OCC(=O)N/N=C/C=C/c1ccc([N+](=O)[O-])o1
9595,Cc1cc(C)nc(N2CCCC(C(=O)Nc3ccc4c(c3)OCO4)C2)n1
5927,CCc1ccccc1NC(=O)Cn1nnc(-c2cccnc2)n1
444,COc1ccc(C2=NN(CCCCOc3cccc(C4=NNC(=O)CC4C)c3)C(=O)CC2C)c2cc(C(F)(F)F)nn12
9121,CCC(=O)Nc1ccc(-c2nc(-c3ccccc3)n(CC(=O)N3CCCCC3)n2)cc1
2522,CNc1nc(Cl)nc(Sc2nc(C)cc(C)n2)n1
15220,OC/C=C/c1ccc(O)c(/C=C/[C@]23CCC(CO)=C[C@H]2c2cc(/C=C/CO)ccc2O[C@H]3O)c1
2383,CC(/C=N/NC(=O)c1cc(-c2ccc3ccccc3c2)n[nH]1)=C\c1ccco1
12096,O=C(N/N=C/c1c[nH]c2ccc(Br)cc12)c1ccn(Cc2ccc(Cl)cc2)n1
8280,Cc1ncsc1C(=O)NCc1ccc(N2CCCC2=O)cc1
5895,CCOC(=O)CSc1nc(C2CC2)nc2ccccc12
4949,O=C1/C(=C\c2ccc(O)cc2)SC(=S)N1/N=C/c1ccc(O)cc1
5839,C[C@H]1CN([C@@H](C)CO)C(=O)CCCn2nncc2CO[C@@H]1CN(C)Cc1cccc(C(=O)O)c1
5840,C[C@@H]1CN([C@@H](C)CO)C(=O)CCCn2nncc2CO[C@H]1CN(C)Cc1ccc(O)cc1
1865,CCOc1ccc(NC(=O)COC(=O)C23CC4CC(CC(C4)C2)C3)c([N+](=O)[O-])c1
11048,O=C(Nc1cc(N2CCOCC2)ncn1)c1ccccc1
4748,COc1cccc(CNC(=O)CCC2CCCN(c3cc(C)nc(N)n3)C2)c1
7025,Cc1nc(SCC(=O)N2CCC(C(N)=O)CC2)n[nH]1
4653,Cc1cc(NS(=O)(=O)c2ccc(NC(=O)c3cc(-c4ccccc4Cl)nc4ccccc34)cc2)no1
4470,COc1cc(N/C=C(\C(C)=O)c2ccccc2)cc(OC)c1
12735,CC(C)[C@H](NC(=O)c1ccccc1)C(=O)OCC(=O)c1ccc2c(c1)NC(=O)CO2
13502,O=C(NC1CCOCC1)C1CCN(C(=O)NCc2ccc(Cl)cc2Cl)CC1
4148,Cc1nn(-c2ccccc2)c(Cl)c1/C=N/NC(=O)c1nn(C)cc1[N+](=O)[O-]
6178,CC(=O)c1cccc(-n2nnnc2SCC(=O)N2CCCC2)c1
7278,COc1ccc(-n2nnnc2SCC(=O)N2CCCC2)cc1OC
10215,COc1cc2c(cc1OC)CN(S(=O)(=O)c1ccc3c(c1)OCCO3)CC2
12650,O=C(Nc1nc(N2C(=O)c3ccccc3C2=O)n(-c2ccccc2)n1)c1ccc(Cl)cc1
600,O=C(NC(=S)/C(=C1\CCCCCN1)[N+](=O)[O-])c1ccccc1
5847,[O-][n+]1ccc(C2CC2)cc1
15007,COc1cc(C(C)C)c(O)c2c1[C@@]1(C)CC=C[C@](C)(CO)[C@@H]1CC2
11829,O=C1c2cccc3cccc(c23)C(=O)N1CCN1CCN(CC(O)COc2ccc3ccccc3c2)CC1
3746,Nc1c(Cl)c(Cl)nc(C(=O)N/N=C/c2cccnc2)c1Cl
10141,COC(=O)Cn1c2ccc(F)cc2c2nc(C)sc21
14066,Cc1c(C(C)C)c(=O)on1C(=O)N(C)c1ccc(Cl)cc1
14241,Cc1c(C(C)C)c(=O)on1C(=O)N(C)c1ccccc1
9233,COc1ccc(CN(Cc2ccccn2)S(=O)(=O)c2ccc(-n3cnnn3)cc2)cc1
5330,Cc1cc(=O)[nH]c(-n2nc(C)cc2C)n1
3951,COc1ccccc1N1CCN(C(=O)c2cc(=O)c3cc(C)cc(C)c3o2)CC1
6947,CCOC(=O)CSc1nnc(C2CCCCC2)n1C
10668,C=CCn1c(SCC(=O)/C(C#N)=C(\C)N)nnc1C1CCCCC1
10772,C=CCn1c(SCC(=O)NC(=O)NCC(C)C)nnc1C1CCCCC1
1385,CCN1c2ccccc2-c2nc3ccccc3n2C1c1cccnc1
8821,Cc1ccc(NC(=O)C2CC=CCC2C(=O)N2CCCCC2)cc1
1650,COc1ccc(C2C(C#N)=C(SCC(=O)Nc3ccc(C)cc3)NC3=C2C(=O)CC(C)(C)C3)cc1
14193,COc1ccc(C(=O)Cc2ccncc2)c2cc(C(F)(F)F)nn12
14368,COc1ccc(C(=O)Cc2c(Cl)cncc2Cl)c2cc(C(F)(F)F)nn12
13964,Cc1ccc(NC(=O)c2ccsc2)cc1Nc1ccc2c(c1)CCCCC2=O
14070,O=C(Nc1cc(Nc2ccc3c(c2)CCCCC3=O)ccc1F)c1ccsc1
14146,O=C(Nc1cccc(Nc2ccc3c(c2)CCCCC3=O)c1)c1ccsc1
14366,Cc1cc(F)c(NC(=O)c2ccsc2)cc1Nc1ccc2c(c1)CCCCC2=O
9340,O=C(O)c1cccc(N2C(=O)c3cccnc3C2=O)c1
5276,COc1cccc(-n2c(SCC(=O)NCC3CCCO3)nc3c([nH]c4ccccc43)c2=O)c1
7781,CC(C)N1C(=O)C2C(C(=O)NCc3ccccc3)C3C=CC2(O3)C1C(=O)NC(C)(C)C
8974,C=CCN1C(=O)C2C(C(=O)NCc3ccccc3)C3(C)C=CC2(O3)C1C(=O)NC(C)(C)C
9766,CC(C(=O)O)N1C(=O)CSC1=S
10734,O=C(O)CCCCCN1C(=O)CSC1=S
11103,CC(C)OC(=O)CCCCCN1C(=O)CSC1=S
1350,O=C(c1cccc(F)c1)N1CCN(S(=O)(=O)c2ccc(C(F)(F)F)cc2)CC1
11055,O=C(c1ccccc1C(F)(F)F)N1CCN(S(=O)(=O)c2ccccc2)CC1
9364,O=C1CC(c2cccs2)c2cc3c(cc2N1)OCO3
274,Cc1ccc(S(=O)(=O)N2CCSC2C(=O)O)cc1
12919,COc1ccc(C(=O)NCC(=O)OCC(=O)NC(=O)NC2CCCCC2)cc1OC
1809,CC(Sc1nnc2c(n1)C1CCC2(C)C1(C)C)C(=O)Nc1ccccc1
10794,CCOC(=O)C1CCN(C(=O)c2cn(-c3ccccc3)nc2-c2cccnc2)CC1
14923,COC(=O)C[C@H]1[C@]2(C)C3=C(C)[C@H](c4ccoc4)C[C@H]3O[C@@H]2[C@@H]2OC[C@]3(C)[C@H](O)C[C@H](OC(=O)/C=C/c4ccccc4)[C@@]1(C)[C@@H]23
558,O=C(c1ccc([N+](=O)[O-])o1)N1CCN(c2nc3ccc(F)cc3s2)CC1
559,COc1cccc2sc(N3CCN(C(=O)c4ccc([N+](=O)[O-])o4)CC3)nc12
7509,CN(C)S(=O)(=O)c1ccc(/C(O)=C2/C(=O)C(=O)N(Cc3cccnc3)C2c2ccco2)cc1
1390,CC(C)(C)OC(=O)NCC(=O)N1CCC(C(=O)O)CC1
1471,CCCS(=O)(=O)N1CCC(C(=O)NCCCOC)CC1
8705,COC(=O)C1CCN(C(=O)NC(C)(C)C)CC1
10891,NC(=O)CCS(=O)(=O)CCN1CCCCC1
6245,Cc1ccc(C(=O)C2CCN(CC(=O)Nc3ccc4c(c3)OCCO4)CC2)cc1
7739,COc1cc(NC(=O)c2ccco2)c(OC)cc1NC(=O)CSc1nnc(-c2cccs2)n1C
3861,O=C(NC12CC3CC(CC(C3)C1)C2)c1ccc([N+](=O)[O-])o1
8453,CCSc1nc2c(c(=O)[nH]c(=O)n2C)n1CC(O)COc1ccccc1C
1400,Cc1cc(C(=O)N2CCc3ccccc32)c2ccccc2n1
7453,CCc1c(C)nc2ncnn2c1N1CCCC(C(=O)NCc2ccco2)C1
6688,O=C(NCc1ccco1)c1ccc(S(=O)(=O)NCC2CCCO2)cc1
7309,COc1ccc(-n2nnnc2SCC(=O)Nc2nnc(C)s2)cc1OC
14644,C=C1CC[C@@H]2C(C)(C)[C@@H](O)CC[C@@]2(C)[C@H]1COc1ccc2ccc(=O)oc2c1
14663,C=C1CC[C@]2(C)C(C)(C)[C@@H](OC(C)=O)CC[C@]2(C)[C@H]1COc1ccc2ccc(=O)oc2c1
2643,NS(=O)(=O)c1ccc(CCNC(=O)CCS(=O)(=O)c2ccc(Br)cc2)cc1
3034,Cc1cc(C)c(C)c(S(=O)(=O)ON2C(=O)c3ccccc3C2=O)c1C
9044,CCOc1ccc2[nH]c(=O)c(CN(CCN3CCOCC3)Cc3nnnn3C(C)(C)CC)cc2c1
10625,Cc1occc1-c1nnc(SCC(=O)Nc2ccccc2-c2ccccc2)n1C
14904,CC[C@H](C)/C=C(C)/C=C/C1=CC2=C(Cl)C(=O)[C@@](C)(OC(C)=O)C(=O)C2=CN1
14905,CC[C@H](C)/C=C(C)/C=C/C1=CC2=C(Cl)C(=O)[C@@](C)(OC(C)=O)C(=O)C2=CN1C(CC(C)C)C(=O)O
14906,CC[C@H](C)/C=C(C)/C=C/C1=CC2=C(Cl)C(=O)[C@@](C)(OC(C)=O)C(=O)C2=CN1CCCC(=O)OC
14907,CC[C@H](C)/C=C(C)/C=C/C1=CC2=C(Cl)C(=O)[C@@](C)(OC(C)=O)C(=O)C2=CN1CCO
14564,C/C=C(\C)C(=O)O[C@H]1C[C@@H](O)[C@@](C)(C=O)[C@@H]2[C@@H](OC(C)=O)[C@H]3O[C@@H]4C[C@@H](c5ccoc5)C(C)=C4[C@@]3(C)[C@@H](CC(=O)OC)[C@@]12C
11445,O=C(N[C@H]1CNC1=O)OCCCCC1CCOCC1
13659,CN1CCN(Cc2ccc(-c3cn4c5nc(ncc35)NCCCCCCNC(=O)[C@@H](N)CCC4)cc2)CC1
4467,NC1=Nc2ccccc2Oc2ccccc21
4817,O=[N+]([O-])c1ccc2c(c1)C=Nc1ccccc1O2
4984,CCCCN1C(N)=NC[C@@H]1CC1CCCCC1
8285,Cc1ccc2cc(C(c3nnnn3C3CCCC3)N(Cc3ccccc3)Cc3ccco3)c(=O)[nH]c2c1
10315,CN1C(=O)C2(NCCc3c2[nH]c2ccccc32)c2ccccc21
4961,CCCc1ccc(C(=O)NC(=O)c2ccccc2O)cc1
14861,CC1=CC(=O)[C@H](c2c(O)cc(/C=C/c3ccc(O)c(O)c3)oc2=O)[C@@H](c2ccc(O)c(O)c2)O1
8580,O=C(Nc1ccccc1-c1ccccc1)NC1CCN(CC(=O)N2CCOCC2)CC1
1632,O=C(CN1CCN(Cc2ccccc2Cl)C1=O)NCc1ccco1
5728,Cc1cnc(C(=O)N2CCN(S(=O)(=O)c3cc(C(F)(F)F)cc(C(F)(F)F)c3)CC2)cn1
1820,CCS(=O)(=O)Nc1ccc(-c2cc(-c3ccccc3)c3cc(C)ccc3n2)cc1
6121,CCOC(=O)CC1=C(C(=O)OCC)C2(C(=O)Nc3ccccc32)C(C#N)=C(N)O1
7215,CCCC1=C(C(=O)OCC)C2(C(=O)Nc3ccc(C)cc32)C(C#N)=C(N)O1
9804,CCCCS(=O)(=O)C(=C1Nc2ccccc2N1)S(=O)(=O)CCCC
6525,O=C(CSc1ncnc2c1cnn2-c1ccccc1Cl)N1CCN(C(=O)c2ccco2)CC1
9769,Cc1cc(NC(=O)CCC(=O)N(CC(=O)NC2CCCC2)Cc2ccc(F)cc2)no1
5703,Cc1cc(C(=O)NCC(=O)OCC(=O)NCC2CCCO2)ccc1[N+](=O)[O-]
5462,CC(=O)Nc1nc(COc2ccc3ccccc3c2)cs1
7583,CC(C)C(C(=O)NCc1ccco1)N(C(=O)CNS(=O)(=O)c1ccc(Cl)cc1)C1CCCC1
7771,CCCC(C(=O)NCc1ccco1)N(C(=O)CNS(=O)(=O)c1ccccc1)C1CCCC1
8207,CCC(=O)Nc1cc(C)c(NC(=O)CCc2ccccc2)cn1
5468,COc1cc(/C=C2/S/C(=N/S(=O)(=O)c3ccccc3)NC2=O)c([N+](=O)[O-])cc1OC
297,O=C(NC1CCCC1)C(c1ccccc1)N(C(=O)c1ccno1)c1ccccc1
5165,CN(c1ncnc(N)c1[N+](=O)[O-])C1CCCCC1
4827,N=C1S/C(=C\c2ccco2)C(=O)N1c1nccs1
6912,CC12C=CC3(O1)C(C(=O)N(c1cccnc1)C3C(=O)NC1CCCCC1)C2C(=O)Nc1ccccc1
5668,CCOC(=O)C1=C[C@]2(CC)CCCN3CCc4c(n1c1ccccc41)[C@@H]32
12712,CCN(CC)CCNC(=O)CCn1c(=S)[nH]c2cc3c(cc2c1=O)OCO3
3544,COc1ccc(N=N/C(=C\O)C(=O)c2cccs2)cc1
5281,CCOc1ccccc1NC(=O)CSc1ccc(-c2sc(C)nc2C)nn1
5583,Cc1nc(C)c(-c2ccc(SCC(=O)Nc3ccc(C)c(Cl)c3)nn2)s1
2542,O=C(Nc1nc2cc3c(cc2s1)OCCO3)c1ccc(N2C(=O)CCC2=O)cc1
1803,CCOC(=O)C1C(c2cc(OC)c(O)c(OC)c2)NC(=S)NC1(O)C(F)(F)F
1338,COc1ccc(/C(O)=C2/C(=O)C(=O)N(Cc3cccnc3)C2c2ccncc2)cc1F
1794,Cc1ccc(-n2c(=O)c3c4c(sc3n(Cc3cc(=O)n5ccccc5n3)c2=O)CCC4)cc1C
2285,COc1ccc(CC(=O)Nc2ccc(-c3nnc(-c4ccc(C)cc4)o3)cc2)cc1
2311,COc1ccc(CC(=O)Nc2ccc(-c3nnc(-c4ccccc4)o3)cc2)cc1
5978,CC(C)(C)NC(=O)CN(Cc1cccs1)C(=O)c1csnn1
13055,O=C(CCc1ccc(OCc2ccncc2)cc1)NCCc1ccc(F)cc1
11236,COC(=O)/C(=C\Nc1ccc(Cl)cc1Cl)NC(=O)c1ccc(Cl)cc1Cl
6694,CCC(C)(C)n1nnnc1C(c1cc2cc(OC)c(OC)cc2[nH]c1=O)N1CCc2ccccc21
7873,COc1cc2cc(C(c3nnnn3C(C)(C)C)N3CCc4ccccc43)c(=O)[nH]c2cc1OC
7996,CCC(C)(C)n1nnnc1C(c1cc2ccc(OC)cc2[nH]c1=O)N1CCc2ccccc21
9628,CCC(C)(C)n1nnnc1C(c1cc2cc(OC)ccc2[nH]c1=O)N1CCc2ccccc21
7792,CCN1CC=C2C(C#N)=C(N)C(C#N)(C#N)C(CCc3ccccc3)C2C1
13733,COc1ccc(C2(C#N)CCC(C(=O)O)CC2)cc1OC1CCCC1
10499,Cn1c(=O)[nH]c(=O)c2c1nc(N1CCc3ccccc3C1)n2CCSc1nc2ccccc2s1
8340,NC(=O)c1c(NC(=O)CN2CCCC2)sc2c1CCCC2
866,COc1cc(/C=C/C(=O)NCCn2c(C)cc3ccccc32)cc(OC)c1OC
12301,O=C(CCc1nc(-c2ccccc2F)no1)NCCN1CCc2ccccc2C1
3718,Cc1ccc(NC(=S)NC(=O)c2ccccc2)cc1NC(=S)NC(=O)c1ccccc1
10798,C=CCn1c(SCC(=O)NCCOC)nc2scc(-c3ccco3)c2c1=O
10805,C=CCn1c(SCC(=O)NCCCC)nc2scc(-c3ccco3)c2c1=O
3869,O=C(Nc1cccc2ccccc12)c1ccc([N+](=O)[O-])o1
1197,CC(C(=O)NCCCOc1ccc(S(N)(=O)=O)cc1)c1cccc(C(=O)c2ccccc2)c1
14957,COc1c(-c2cccc(O)c2)oc2c(ccc3occc32)c1=O
14979,COc1c(OC)c2c(=O)cc(-c3ccccc3)oc2c2ccoc12
15059,COc1cc2occc2c2oc(-c3ccccc3)cc(=O)c12
15065,COc1ccc(-c2cc(=O)c3ccc4occc4c3o2)cc1OC
15069,COc1ccc(-c2oc3c(ccc4occc43)c(=O)c2OC)cc1OC
15085,COc1ccc(OC)c(-c2cc(=O)c3ccc4occc4c3o2)c1
15109,COc1cccc(-c2oc3c(ccc4occc43)c(=O)c2OC)c1
15204,O=c1cc(-c2cccc(O)c2)oc2c1ccc1occc12
15205,O=c1cc(-c2ccccc2)oc2c1ccc1occc12
5641,COc1cc(C(=O)NCCc2ccc(F)cc2)ccc1OCC(=O)N1CCOCC1
8361,CCC(OC(=O)c1nsc(Cl)c1Cl)C(=O)NCc1ccco1
8439,CC(OC(=O)c1nsc(Cl)c1Cl)C(=O)NCc1ccco1
12005,Cc1nc(N)sc1C(=O)N/N=C/c1cccnc1
1100,NS(=O)(=O)c1cc(NC(=O)Cc2ccccc2C(F)(F)F)ccc1Oc1cccc(Cl)c1
1104,Cc1cccc(CC(=O)Nc2ccc(Oc3cccc(Cl)c3)c(S(N)(=O)=O)c2)c1
1106,NS(=O)(=O)c1cc(NC(=O)Cc2ccc(Cl)cc2)ccc1Oc1cccc(Cl)c1
1107,NS(=O)(=O)c1cc(NC(=O)Cc2c(F)cccc2Cl)ccc1Oc1cccc(Cl)c1
1108,NS(=O)(=O)c1cc(NC(=O)Cc2ccccc2Cl)ccc1Oc1cccc(Cl)c1
1112,Cc1ccc(CC(=O)Nc2ccc(Oc3cccc(Cl)c3)c(S(N)(=O)=O)c2)cc1
1113,NS(=O)(=O)c1cc(NC(=O)Cc2ccc(F)cc2)ccc1Oc1cccc(Cl)c1
1114,COc1ccccc1CC(=O)Nc1ccc(Oc2cccc(Cl)c2)c(S(N)(=O)=O)c1
1115,CC(C)(O)c1cccc(Oc2ccc(NC(=O)Cc3ccccc3Cl)cc2S(N)(=O)=O)c1
1121,NS(=O)(=O)c1cc(NC(=O)Cc2ccccc2)ccc1Oc1ccccc1Cl
1123,CC(C(=O)Nc1ccc(Oc2cccc(Cl)c2)c(S(N)(=O)=O)c1)c1ccccc1
1125,NS(=O)(=O)c1cc(NC(=O)Cc2ccccc2Cl)ccc1Oc1ccccc1Cl
1126,NS(=O)(=O)c1cc(NC(=O)Cc2ccccc2F)ccc1Oc1cccc(Cl)c1
1129,NS(=O)(=O)c1cc(NC(=O)Cc2c(Cl)cccc2Cl)ccc1Oc1cccc(Cl)c1
1130,NS(=O)(=O)c1cc(NC(=O)Cc2ccccc2)ccc1Oc1cccc(Cl)c1
1131,Cc1ccccc1CC(=O)Nc1ccc(Oc2cccc(Cl)c2)c(S(N)(=O)=O)c1
1135,CC(C)(O)c1ccc(Oc2ccc(NC(=O)Cc3ccccc3Cl)cc2S(N)(=O)=O)cc1
1137,CC(C)(O)c1ccccc1Oc1ccc(NC(=O)Cc2ccccc2Cl)cc1S(N)(=O)=O
1138,NS(=O)(=O)c1cc(NC(=O)Cc2ccccc2Cl)ccc1Oc1ccccc1
1142,CC(=O)Nc1cccc(Oc2ccc(NC(=O)Cc3ccccc3Cl)cc2S(N)(=O)=O)c1
1143,COc1cccc(Oc2ccc(NC(=O)Cc3ccccc3Cl)cc2S(N)(=O)=O)c1
1145,CC(C(=O)Nc1ccc(Oc2cccc(Cl)c2)c(S(N)(=O)=O)c1)c1ccccc1Cl
624,Nc1ccc(-c2cccc3c(=O)cc(N4CCOCC4)oc23)cc1
5245,CCN(CC)c1ccc(/C=C2\C(=N)N3N=C(CC(=O)N4CCOCC4)SC3=NC2=O)cc1
7933,O=C1COc2ccc3ccccc3c2CN1
5935,O=c1[nH]c2cc3c(cc2cc1CN(CCCO)Cc1nnnn1Cc1ccc(F)cc1)OCO3
7883,COC(=O)C1=C(N)n2c(s/c(=C\c3cccnc3)c2=O)=C(C(=O)OC)C1c1cccnc1
7214,CCc1ccc(OCc2nnc(SCC(=O)NCc3ccco3)o2)cc1
8258,COc1ccc(OCc2nnc(SCC(=O)NCc3ccco3)o2)cc1
6619,COc1cccc(N(C(=O)CNC(=O)c2ccco2)C(C(=O)NC2CCCC2)c2ccncc2)c1
470,C[C@@H]1C[C@H](Nc2ccccc2)c2ccccc2N1C(=O)c1cccnc1
13588,CNC(=O)c1cc(C(=O)NC2CC2)cn(CC2CCCCC2)c1=O
5349,CCOC(=O)c1[nH]c(C)c(C(=O)OCC(=O)N2CCCCC2C)c1C
10100,Cc1ccc(S(=O)(=O)C(C#N)c2nc3ccccc3nc2N2CC(C)OC(C)C2)cc1C
10308,Cc1ccc(C)c(S(=O)(=O)C(C#N)c2nc3ccccc3nc2N2CCOCC2)c1
10474,Cc1ccc(C)c(S(=O)(=O)C(C#N)c2nc3ccccc3nc2N2CC(C)OC(C)C2)c1
5285,COc1ccc(-c2csc(NC(=O)CS(=O)(=O)c3ccc(F)cc3)n2)cc1OC
2665,COc1ccc(NS(=O)(=O)c2cccc(C(=O)NNC(=O)c3cccn3C)c2)cc1
14498,O=C(O[C@@H](Cc1c(Cl)c[n+]([O-])cc1Cl)c1ccc(OC(F)F)c(OCC2CC2)c1)c1ccc(NS(=O)(=O)C2CC2)c(OCC2CC2)c1
6902,COc1cccc(-n2c(SC)nnc2-c2cnccn2)c1
8886,COc1cccc(-n2c(SCC#N)nnc2-c2cnccn2)c1
10044,Cc1ccc(-n2c(SCC(=O)OC(C)C)nnc2-c2cnccn2)cc1
10151,CCN(CC)C(=O)CSc1nnc(-c2cnccn2)n1-c1ccc(C)cc1
3494,Cc1cccc(OCCN2C(=O)C(=O)c3cc(C)ccc32)c1
4654,Cc1ccc(S(=O)(=O)NNC(=O)NC23CC4CC(CC(C4)C2)C3)cc1
2808,CCSc1ccccc1C(=O)n1nnc2ccccc21
2937,CN(C)c1ccc(C(=O)n2nnc3ccccc32)cc1
12290,NC(=O)c1ccsc1NC(=O)CSc1nnc(C2CC2)n1Cc1ccccc1
7537,COCCn1nnnc1CN1CCN(c2cccc(C(F)(F)F)c2)CC1
7560,CC(C)C(c1nnnn1C(C)(C)C)N1CCN(c2cccc(Cl)c2)CC1
9047,CCOC(=O)c1ccc(N(CC(=O)NC2CCCC2)C(=O)CNC(=O)c2ccco2)cc1
6070,COc1ccc(S(=O)(=O)NCC(=O)N(CC(=O)NCC2CCCO2)c2cc(C)ccc2C)cc1
9077,COc1ccc(S(=O)(=O)NCC(=O)N(CC(=O)NCC2CCCO2)c2ccccc2C)cc1
9733,COc1ccc(S(=O)(=O)NCC(=O)N(CC(=O)NCC2CCCO2)c2ccccc2)cc1
10250,Cc1ccc2[nH]c(=O)c(CN(CC3CCCO3)C(=O)c3ccncc3)cc2c1
4154,COc1ccc(N(Cc2cc3cc(OC)ccc3[nH]c2=O)S(=O)(=O)c2ccc(NC(C)=O)cc2)cc1
11559,C[C@@H]1O[C@@H](O[C@H]2[C@H](Oc3cc(O)c4c(c3)O[C@H](c3ccc(O)cc3)CC4=O)O[C@H](CO)[C@@H](O)[C@@H]2O)[C@H](O)[C@H](O)[C@H]1O
11607,C[C@@H]1O[C@@H](O[C@H]2[C@H](Oc3cc(O)c4c(c3)OC(c3ccc(O)cc3)CC4=O)O[C@H](CO)[C@@H](O)[C@@H]2O)[C@H](O)[C@H](O)[C@H]1O
4800,Cc1ccc(-n2c(=O)[nH]c3c(oc4ccccc43)c2=O)cc1
11304,CCCCSc1nnc2n(CCc3ccccc3)c(=O)c3c4c(sc3n12)COC(C)(C)C4
8204,O=C(/C=N/O)CCCCCN1CCCCCC1
1441,COc1ccc(-c2ccc(C(=S)N3CCN(C(C)=O)CC3)o2)cc1
8246,N#CCCN1CCN(C(=S)c2ccc(-c3cc(Cl)ccc3Cl)o2)CC1
8568,N#CCCN1CCN(C(=S)c2ccc(-c3ccc(Cl)c(Cl)c3)o2)CC1
7295,CCOC(=O)CSc1nc2ccccc2c(=O)n1CC1CCCO1
9469,Cc1cc(C)n(CC(=O)N(C2CCCCC2)C2CCCCC2)n1
5878,O=C(N1CCC(O)(c2cccnc2)CC1)C12CC3CC(CC(C3)C1)C2
11545,Cc1cccc(-n2cnc(C(=O)NNC(=S)Nc3ccccc3)c2)n1
12680,CCOC(=O)C1(C)/C(=N/Nc2ccc(Cl)cc2)C(=O)C(=O)N1c1ccccc1
5104,COc1cccc2c1OCC(C(=O)Nc1nccs1)=C2
12159,O=C(Nc1ccc2c(c1)OCO2)C(c1ccc(Cl)cc1)N1CCC2(CC1)OCCO2
14898,CCOC(=O)[C@H]1CC(=O)c2oc(=O)c3cc(O)c(O)c(O)c3c21
15181,O=C1CCc2c1oc(=O)c1cc(O)c(O)c(O)c21
514,Cc1ncn(-c2ccc(C(=O)Oc3ccccc3)cn2)n1
813,COc1ccc(-c2ccc3c(c2)[C@@H]2[C@@H](CCN2C(=O)C2CCC2)[C@H](CO)N3C)cc1
6627,CCOC(=O)c1c(NC(=O)Cn2nnc3ccccc32)sc2c1CCC(C)C2
282,Cc1ccc(NC(=O)c2cc(NC(=O)CCC(=O)O)ccc2N2CCCCC2)cc1
8037,CC1Cc2cc(C(=O)O)ccc2O1
1730,CC(C)OC(=O)C(=O)/C=C(\Nc1ccccc1O)c1ccccc1
12784,O=C(/C=C/c1ccc(-c2ccccc2)cc1)N1CCCC1
147,O=S(=O)(NCCc1ccncc1)c1cc(Br)ccc1F
9852,CCOC(=O)c1ccc2c(c1)N(CC(=O)N1CCCC1)C(=O)C(C)(C)O2
1054,CCc1nc2sc3c(O)cc(=O)[nH]c3c2cc1C
8887,Cc1cc(C)c2c(n1)sc1c(O)cc(=O)[nH]c12
12854,O=S(=O)(Nc1nc2c(s1)CCCC2)c1ccc(Br)cc1
1488,O=c1c2cccnc2[nH]c(=S)n1CCCN1CCN(c2ccc(F)cc2)CC1
3157,O=C(NCCc1ccccc1)C(c1cccs1)N(C(=O)CCl)c1ccc(Cl)cc1
5476,CCc1cc(C(=O)O)c(NC(=O)C(c2ccccc2)c2ccccc2)s1
9395,COc1cc2c(cc1NC(=O)c1cccnc1)CCCC2
1067,N#CN1CC(OCc2ccc(-c3cccnc3)cc2)C1
1072,COc1ncccc1-c1ccc(COC2CN(C#N)C2)cc1
1080,COc1ccncc1-c1ccc(COC2CN(C#N)C2)cc1
1850,CCOC(=O)N1CCN(C(=S)NC(=O)c2cncc(Br)c2)CC1
2487,Cc1ccc(/C=C2\SC(=S)N(/N=C/c3cc([N+](=O)[O-])ccc3O)C2=O)o1
2916,COc1ccc(NC(=O)c2cc3c(-c4ccc(OC)c(OC)c4)nn(C)c3s2)cc1OC
10087,Cc1ccc(-c2nn3c(C)nnc3c3ccccc23)cc1S(=O)(=O)N1CCN(CCO)CC1
1763,Nc1c(C(=O)NCc2ccc(Cl)cc2)sc2nc3c(c(C(F)(F)F)c12)CCC3
11849,COc1ccc(Sc2cccc(CN(C)c3cc(C(=O)O)nc4cc(Cl)cc(Cl)c34)c2)cc1
6406,CCCC(=O)Nc1ccc(NC(=O)c2ccccn2)cn1
9745,CC(C)C(=O)Nc1ccc(NC(=O)c2ccccn2)cn1
5994,CN1/C(=C/C(=O)C2CCC2)Sc2ccccc21
4241,COc1ccc(COC(=O)c2cc([N+](=O)[O-])ccc2N2CCOCC2)cc1F
12918,O=C(COC(=O)c1ccc2c(c1)OCO2)NCc1ccc(Cl)cc1
6590,CC(=O)Nc1ccc(C(=O)CSc2nnc(-c3ccc(O)cc3)n2CC2CCCO2)cc1
2403,O=C(CCl)Nc1nc(-c2ccco2)c(-c2ccco2)s1
177,COc1cccc(N2CCN(C3CC(=O)N(c4ccc(F)c(Cl)c4)C3=O)CC2)c1
5414,COc1cccc(N2CCN(C3CC(=O)N(c4ccc(Cl)cc4)C3=O)CC2)c1
13579,O=C(N[C@H]1CNC1=O)OCc1ccc2c(c1)CCC2
8245,CC(C)n1c(SC2C(=O)CC(C)(C)CC2=O)nc2c1c(=O)n(C)c(=O)n2C
4772,CCOC(=O)c1ccc2c(c1)N(CC#N)C(=O)C(C)(C)O2
6661,CCC(C)(C)NC(=O)c1ccc2c(c1)N(CC(=O)OC)C(=O)C(C)(C)O2
12430,COCCCNC(=O)CCN1C(=O)COc2ccc(C)cc21
5091,Cc1cc2oc3ccc(NCCC4CCCN4C)cc3c(=O)c2cc1C
6891,COc1ccc(-c2nnc(SCC(=O)c3cccs3)o2)c(OC)c1
635,Cc1noc(C)c1S(=O)(=O)Nc1ccc2c(c1)CC(=O)N([C@@H](C)CO)C[C@@H](C)[C@@H](CN(C)Cc1ccc(Oc3ccccc3)cc1)O2
9933,O=C(NCCOC(=O)c1cccs1)c1cccnc1
193,COC(=O)c1cn(C(=O)c2cccs2)c2ccccc12
2149,O=C(Cn1nnc(-c2ccccc2NC(=O)c2ccccc2)n1)Nc1ccc2c(c1)OCCO2
4638,O=C(O)c1cc([N+](=O)[O-])ccc1N1CCC(Cc2ccccc2)CC1
11303,O=C(CCCCCCc1cccs1)N1CCCC1
945,Cc1ccc(C(=O)Nc2cccc(C(F)(F)F)c2C)cc1-c1ccc2nc(NCCCN3CCOCC3)ncc2c1
956,Cc1ccc(C(=O)Nc2cccc(C(F)(F)F)c2C)cc1-c1ccc2nc(N(C)CCCN3CCOCC3)ncc2c1
5404,Cn1c(NC(=O)c2ccc(C(C)(C)C)cc2)cc(=O)n(C)c1=O
14748,CC(C)(O)CCc1c(O)ccc2c1oc(=O)c1c3ccc(O)cc3oc21
14788,CC(C)=CCc1c(O)ccc2c1oc(=O)c1c3ccc(O)cc3oc21
8403,O=C(Nc1ccc(S(=O)(=O)N2CCCC2)cc1)c1ccc(CN2CCOCC2)cc1
165,Fc1ccccc1CSc1nnc(-c2ccccc2)o1
5355,COc1ccc(-c2nnc(SCc3ccccc3F)o2)cc1OC
9956,COc1cccc(CSc2nnc(-c3ccccc3F)o2)c1
1395,C#CCN1C(=O)C(O)(CC(=O)c2cccc(OC)c2)c2ccccc21
6429,CCN1C(=O)C(O)(CC(=O)c2cc(C)ccc2C)c2ccccc21
7098,CS(=O)(=O)Nc1cccc(C(=O)CC2(O)C(=O)Nc3ccccc32)c1
7841,CCS(=O)(=O)Nc1ccc(C(=O)CC2(O)C(=O)Nc3ccccc32)cc1
7889,Cc1ccc(C)c(C(=O)CC2(O)C(=O)Nc3ccccc32)c1
10223,Cc1ccc(C(C)C)cc1C(=O)CC1(O)C(=O)N(C)c2ccccc21
10370,CCOC(=O)CN1C(=O)C(O)(CC(=O)c2cccc(OC)c2)c2ccccc21
13262,CCCCCCC(Sc1nc(Cl)cc(Nc2nc(-c3cccc4ccccc34)cs2)n1)C(=O)O
7856,c1coc(C2Nc3cccc4cccc(c34)N2)c1
5585,CCc1nnc(NC(=O)CSc2nncc(=O)n2N)s1
7156,Cn1nc(CC(=O)Nc2cccc3ncccc23)c2ccccc2c1=O
5397,Cc1nn(Cc2ccc(Cl)c(Cl)c2)c(C)c1NC(=O)c1cc(C2CC2)on1
3572,COc1ccc2cc3c(N)nn(C(=O)Cc4c[nH]c5ccccc45)c3nc2c1
11788,C[C@H]1[C@H](NC(=O)OCCCCC2CCCCC2)C(=O)N1OCCCCC1CCCCC1
14859,CC1=CC(=O)C2=C3[C@@]1(O)CC[C@@H](C)[C@]3(C)C=C2c1ccoc1
8804,CC12CC(c3ccccc3O1)C(C(=O)OCc1ccccc1)C(=O)N2
1365,CCn1nnnc1-c1ccc(OC)c(S(=O)(=O)NCc2ccccc2)c1
2363,CNC(=S)N(CCc1ccccc1)Cc1cc2cc(OC)c(OC)cc2[nH]c1=O
2480,C(=C/c1ccco1)\c1nc2ccccc2[nH]1
3380,N#C/C(=C(/O)c1ccc([N+](=O)[O-])o1)c1nc2ccccc2[nH]1
6309,CCC(C)(C)NC(=O)C(OC(=O)c1cc2sccc2n1C)c1ccc(OC)cc1
14387,O=C(Nc1cccnc1)N1CCC(Cc2cccc(Oc3ccc(C(F)(F)F)cn3)c2)CC1
10273,Cc1cc(OCc2nn[nH]n2)c2c3c(c(=O)oc2c1)CCC3
693,CCCn1c(C)cc(C(=O)CN2C(=O)c3ccccc3S2(=O)=O)c1C
11144,O=C(O)c1ccc(N2C(=O)c3nccnc3C2=O)cc1
15146,O=C(/C=C/C=C/c1ccc(O)c(O)c1)CCc1ccc(O)c(O)c1
5969,CCOC(=O)C1CCN(C(c2cc3ccc(C)cc3[nH]c2=O)c2nnnn2C2CCCCC2)CC1
6112,CCOC(=O)C1CCN(C(c2cc3cc(C)cc(C)c3[nH]c2=O)c2nnnn2C2CCCCC2)CC1
6687,CCOC(=O)C1CCN(C(c2cc3c(C)ccc(C)c3[nH]c2=O)c2nnnn2C2CCCCC2)CC1
8089,O=C(CN(C(=O)CSc1nnc(COc2ccccc2)o1)c1ccc(F)cc1)NC1CCCCC1
527,Cc1cc(C(=O)COC(=O)C2CC2)c(C)n1-c1ccc(F)cc1
8014,Cc1cc(C)c2[nH]c(=O)c(C(c3nnnn3Cc3ccc4c(c3)OCO4)N3CCCC3)cc2c1
5503,Cc1cc(OC(=O)c2cc(F)c(F)cc2Cl)nc(C)n1
14458,CC(C)c1nnc2ccc(O[C@@H]3CC[C@H](NC(=O)Nc4cc(C(C)(C)C)nn4-c4cccc(OCCN(C)C)c4)c4ccccc43)cn12
14492,CC(C)c1nnc2ccc(O[C@@H]3CC[C@H](NC(=O)Nc4cc(C(C)(C)C)nn4-c4cccc(OCCO)c4)c4ccccc43)cn12
14519,Cc1ccc(-n2nc(C(C)(C)C)cc2NC(=O)N[C@H]2CC[C@@H](Oc3ccc4nnc(C(C)C)n4c3)c3ccccc32)cc1
14531,Cc1ccc(-n2nc(C(C)(C)C)cc2NC(=O)N[C@H]2CC[C@H](Oc3ccc4nnc(C(C)C)n4c3)c3ccccc32)cc1
14534,CC(C)c1nnc2ccc(O[C@@H]3CC[C@H](NC(=O)Nc4cc(C(C)(C)C)nn4-c4ccc(O)c(Cl)c4)c4ccccc43)cn12
14535,CC(C)c1nnc2ccc(O[C@@H]3CC[C@H](NC(=O)Nc4cc(C(C)(C)C)nn4-c4ccccc4)c4ccccc43)cn12
14539,CC(C)c1nnc2ccc(O[C@@H]3CC[C@H](NC(=O)Nc4cc(C(C)(C)C)nn4-c4ccc(Cl)c(O)c4)c4ccccc43)cn12
7574,CN(C(=O)c1ccccc1)c1nc2ccccc2s1
9516,COc1ccc2nc(N3CCCCC3)c(C#N)cc2c1
7204,CCc1nc(-c2ccc(-c3ccc(OC)cc3)nc2OC)no1
3564,O=C1C(Cl)=C(NCCN2CCCCC2)C(=O)c2ccccc21
1973,CCn1nc(-c2cccc(-c3cccc(C(=O)NCCN4CCNCC4)c3)c2)cc(NC(=O)Nc2c(Cl)cncc2Cl)c1=O
14653,C=C1CC[C@H]2C(C)(C)CCC[C@]2(C)[C@H]1C/C=C1\CC(=O)OC1=O
11654,CN1CC=C(c2cnc(Nc3ccc(-c4ccsc4)cn3)nc2Nc2cccc(C(F)(F)F)c2)CC1
1801,COc1cccc(NC(=S)N/N=C\c2cn(C)c3ccc(S(=O)(=O)N4CCOCC4)cc23)c1
12396,CC(=O)/C(=N\Nc1ccccc1)Oc1ccc([N+](=O)[O-])cc1
1178,CC(C(=O)NCCCCOc1ccc(S(N)(=O)=O)cc1)c1cccc(C(=O)c2ccccc2)c1
3060,O=C(Oc1cc2oc(=O)cc(-c3ccccc3)c2cc1Cl)C1CCCCC1
3121,COc1ccc(-c2cc(=O)oc3cc(OC(=O)C4CCCCC4)ccc23)cc1
3122,COc1ccc(-c2cc(=O)oc3cc(OC(=O)C4CCCCC4)c(Cl)cc23)cc1
739,Cc1ccccc1S(=O)(=O)N1[C@H](C#N)[C@H](c2ccc(C#CC3CCCCC3)cc2)[C@H]1CO
4570,COc1ccc(/C=c2\s/c(=C/C(=O)c3ccc(C)cc3)[nH]c2=O)cc1OC
9763,COC(=O)c1ccccc1S(=O)(=O)N(Cc1cc2cc3c(cc2[nH]c1=O)OCO3)C1CCCCC1
1464,CCOc1cc(C(=O)NCc2nnc(SCC(=O)OC)n2C)cc(OCC)c1OCC
88,CCCN(Cc1cc2cccc(C)c2[nH]c1=O)C(=O)c1cccc(OC)c1
1341,COc1ccc2cc(CN(CCO)C(=O)c3ccccc3F)c(=O)[nH]c2c1
6285,COc1ccc(C(=O)N(CCCO)Cc2cc3c(C)ccc(C)c3[nH]c2=O)cc1OC
7608,CCOc1ccc2[nH]c(=O)c(CN(CCO)C(=O)c3ccc(F)cc3)cc2c1
7817,COc1ccc2cc(CN(CCO)C(=O)c3ccc(Br)cc3)c(=O)[nH]c2c1
12970,CC(C)(Oc1ccc(Cl)cc1)C(=O)Nc1ncccn1
11650,FC(F)(F)c1cccc(Nc2nc(Nc3ccc(-c4ccsc4)cn3)ncc2-c2ccncc2)c1
3289,O=C1C=CC(O)(c2cc(=O)c3c(O)cc(O)cc3o2)C=C1
10428,Cc1c(C)c2ccc(OCc3ccc(C(=O)O)o3)c(C)c2oc1=O
4086,O=C1NC(=S)N/C1=C/c1ccc2c(c1)OCO2
9521,O=C(CCn1nnc(-c2cccs2)n1)NC1CCCCC1
29,COc1ccccc1CNC(=O)COC(=O)c1ccc(S(=O)(=O)N2CCCCC2)cc1
2513,CNC(=S)/N=C(/Nc1ccccc1)c1ccccc1
2591,CNC(=S)/N=C(\Nc1ccc(C)cc1)c1ccccc1
3056,CC(=O)Nc1cccc(NC(=O)c2cc(-c3cccnc3)nc3ccc(Br)cc23)c1
2106,c1ccc(-c2cn3nc(-c4ccccc4)sc3n2)cc1
6530,O=C(NC1CC2CCCC(C1)N2Cc1cccs1)N1CCOCC1
7285,COCCN(C(=O)Cc1cccs1)c1nnc(-c2ccncc2)s1
1616,CCc1ccccc1NC(=O)CSc1nc2n[nH]c(C)c2c(=N)n1-c1cccc(OC)c1
12598,COc1cccc(NC(=O)CSc2nc3n[nH]c(C)c3c(=N)n2-c2cccc(OC)c2)c1
6471,CCC1Oc2ccccc2N(CC(=O)Nc2ccc(OC)cc2OC)C1=O
7633,COc1ccc(NC(=O)CN2C(=O)C(C)Oc3ccccc32)cc1
8522,COc1ccc(NC(=O)CN2C(=O)C(C)Oc3ccccc32)c(OC)c1
9740,COc1ccccc1NC(=O)CN1C(=O)C(C)Oc2ccccc21
1492,COC(=O)c1ccccc1NS(=O)(=O)c1ccc2c3c(cccc13)C(=O)N2
14457,CC(C)(C)c1cc(NC(=O)N[C@H]2CC[C@@H](Oc3ccc4nnc(N5CCCCC5)n4c3)c3ccccc32)n(-c2cccc(CN3CCNCC3)c2)n1
20,CSc1ccc(C(=O)NC2CCSc3ccccc32)cc1
5180,NS(=O)(=O)c1cc(C(=O)NC2CCSc3ccccc32)ccc1Cl
12574,CCCCOCCCn1cnc2c([nH]c3cc(OC)ccc32)c1=O
15170,O=C(OC[C@H]1O[C@@H](OC(=O)c2cc(O)c(O)c(O)c2)[C@H](O)[C@@H](OC(=O)c2cc(O)c(O)c(O)c2)[C@@H]1OC(=O)c1cc(O)c(O)c(O)c1)c1cc(O)c(O)c(O)c1
3378,Nc1ncnc(N2CCc3ccccc32)c1[N+](=O)[O-]
14125,Cc1ccc(S(=O)(=O)N2CCC(C(=O)Nc3ccc4ncccc4c3)CC2)c(C)c1
6213,COC(=O)/C=c1\sc2ncnn2c1=O
13123,COc1ccc2cc(C(=O)N[C@H]3CONC3=O)cnc2c1
6981,O=C1CCCN1Cc1ncnn1-c1ccccc1
12081,COc1cc2c(cc1OC)C1=NC(=O)CN1C(SCc1ccccc1)=N2
12163,Cc1cccc(OCCCC(=O)Nc2ccc(S(=O)(=O)N3CCCC3)cc2)c1
1674,CC1CC(Nc2ccccc2)=CC(=O)O1
6048,Cc1ccc(Cn2c(SCc3cccnc3)nc3c2c(=O)n(C)c(=O)n3C)cc1
5567,COc1ccc(S(=O)(=O)N2CCCCC2)cc1NC(=O)Cn1c(=O)cnc2ccccc21
5734,Cc1ccc(NC(=O)Cn2c(=O)cnc3ccccc32)cc1S(=O)(=O)N1CCCCC1
6886,COC(=O)CCN(C1CCCCC1)S(=O)(=O)c1ccc(S(=O)(=O)N2CCCCC2)cc1
8918,Cn1c(SCC(=O)NCc2ccco2)nc2ccccc2c1=O
9086,CCc1nnc(NC(=O)CSc2nnc3ncccn23)s1
9981,O=C(C1CCCCC1)N1CCCC(c2nc(-c3ccc(F)cc3)no2)C1
5454,CCCCOP(=O)(CN1CCOCC1)OCCCC
1827,O=S(=O)(NCC(c1ccco1)N1CCN(c2ccccc2)CC1)c1ccc(F)cc1
8167,Cc1cc(C)n(-c2nc3c(c(=O)[nH]c(=O)n3C)n2C(C)C)n1
9073,Cc1cc(C)n(-c2nc3c(c(=O)[nH]c(=O)n3C)n2CC(C)C)n1
2351,CC(/C=C/c1ccco1)=N\NC(=O)c1cc(C)[nH]n1
5599,CCOC(=O)N1CCC(NC(=O)c2cc3c(-c4cccc(OC)c4)nn(C)c3s2)CC1
12634,c1ccc(C2N3CCCN23)cc1
9930,O=c1/c(=C\c2ccc3c(c2)OCO3)sc2n1CCCN=2
12835,COc1ccc(C(C#N)N2CCOCC2)cc1
12629,CC1=C(C(=O)Nc2ccccc2C)C(c2ccc(C)o2)n2c(s/c(=C/c3ccccc3)c2=O)=N1
10519,CCOc1cc(C2c3c(oc4cc(C)c(Cl)cc4c3=O)C(=O)N2Cc2ccco2)ccc1O
10824,CC(C)(C)C(=O)/C=c1\[nH]c(=O)/c(=C\c2ccc(C#N)cc2)s1
8701,O=C(c1ccc(Cl)cc1)C1CCN(C(=O)N2CCOCC2)CC1
381,CC[C@@H]1OC(=O)[C@@H](C)[C@H](O[C@H]2C[C@@](C)(OC)[C@@H](O)[C@H](C)O2)[C@H](C)[C@H](O[C@@H]2O[C@H](C)C[C@H](N(C)Cc3ccc(-c4cn(CCCCC(=O)NO)nn4)cc3)[C@H]2O)[C@@](C)(OC)C[C@H](C)C(=O)[C@@H](C)[C@@H](O)[C@@]1(C)O
382,CC[C@H]1OC(=O)[C@H](C)[C@@H](O[C@@H]2C[C@](C)(OC)[C@H](O)[C@@H](C)O2)[C@@H](C)[C@@H](O[C@H]2O[C@@H](C)C[C@@H](N(C)Cc3ccc(-c4cn(CCCC(=O)NO)nn4)cc3)[C@@H]2O)[C@](C)(OC)C[C@@H](C)C(=O)[C@H](C)[C@H](O)[C@]1(C)O
388,CC[C@H]1OC(=O)[C@H](C)[C@@H](O[C@@H]2C[C@](C)(OC)[C@H](O)[C@@H](C)O2)[C@@H](C)[C@@H](O[C@H]2O[C@@H](C)C[C@@H](N(C)Cc3ccc(-c4cn(CCCCCC(=O)NO)nn4)cc3)[C@@H]2O)[C@](C)(OC)C[C@@H](C)C(=O)[C@H](C)[C@H](O)[C@]1(C)O
395,CC[C@@H]1OC(=O)[C@@H](C)[C@H](O[C@H]2C[C@@](C)(OC)[C@@H](O)[C@H](C)O2)[C@H](C)[C@H](O[C@@H]2O[C@H](C)C[C@H](N(C)Cc3ccc(-c4cn(CCCCCCC(=O)NO)nn4)cc3)[C@H]2O)[C@@](C)(OC)C[C@H](C)C(=O)[C@@H](C)[C@@H](O)[C@@]1(C)O
11399,CC[C@@H]1OC(=O)[C@@H](C)[C@H](O[C@H]2C[C@@](C)(OC)[C@@H](O)[C@H](C)O2)[C@H](C)[C@H](O[C@@H]2O[C@H](C)C[C@H](N(C)Cc3ccc(-c4cn(CC(=O)NO)nn4)cc3)[C@H]2O)[C@@](C)(OC)C[C@H](C)C(=O)[C@@H](C)[C@@H](O)[C@@]1(C)O
4172,COc1ccc(/C=C/C(=O)NCC(=O)N=Nc2c(O)[nH]c3ccc([N+](=O)[O-])cc23)cc1
3080,Cc1ccc(C(=O)c2cc([N+](=O)[O-])ccc2N2CCCCC2)c(C)c1
372,CCCCCC(=O)N/N=C/c1ccc([N+](=O)[O-])o1
2248,O=C(O)C(O)c1ccco1
2413,CC(C)NC(=O)COC(=O)/C=C/c1ccco1
2478,O=C(O)CCCNC(=O)/C=C/c1ccco1
5907,CCc1oc(C(=O)O)cc1COC
6614,Cc1oc(C(C)(C)C)cc1C(=O)NCC(=O)NCC(=O)O
10587,Cc1cc(C(=O)OCC(=O)NC(=O)NC(C)(C)C)c(C)o1
12137,O=C(O)CC(SCc1ccc(C(=O)O)o1)C(=O)O
14747,CC(C)(O)CC(=O)c1ccoc1
14756,CC(C)/C=C/C(=O)c1ccoc1
12748,Cc1ccc(NCCC(=O)c2ccc(Br)cc2)cc1
2223,Cc1ccc2oc(/N=C(\N)NC(=O)C(C)(C)C)nc2c1
5500,CCCc1nc2cc(CC(=O)OC)ccc2o1
9744,CCCOC(=O)Nc1nc2ccccc2o1
10950,CN(C)S(=O)(=O)c1ccc2oc(SCC(=O)NCC(F)(F)F)nc2c1
7529,CS(=O)(=O)N(CC(=O)N1CCCCCC1)c1ccc(Br)cc1
6318,O=C(O)Cn1cc(C(=O)c2ccco2)c2ccccc21
7141,CCOC(=O)Cn1cc(C(=O)c2ccco2)c2ccccc21
11219,O=C(N[C@H]1CNC1=O)OCCCCc1ccccn1
13725,CCNNC(=O)c1ccc(Cn2c3ccccc3c3ccncc32)cc1
113,Cc1ccc(CS(=O)(=O)CCC(=O)N2CCC3(CC2)OCCO3)cc1
9917,CC1CCCC(C)N1C(=O)Cn1c(SCC(=O)NCc2ccc3c(c2)OCO3)nc2ccccc21
12283,Cc1cc(C)cc(OCc2nnc(SCC(=O)N3CCN(c4ccccc4)CC3)o2)c1
1377,Cc1cc(C)n(C(=O)CNC(=O)CCc2ccccc2)n1
13520,C[C@@H]1CN(c2cncnc2)Cc2cc(C(=O)Nc3cc(CN4CCCN(C)CC4)cc(C(F)(F)F)c3)ccc21
13975,CC1CN(c2cncnc2)Cc2cc(C(=O)Nc3cc(CN4CCCN(C)CC4)cc(C(F)(F)F)c3)ccc21
14251,C[C@H]1CN(c2cncnc2)Cc2cc(C(=O)Nc3cc(CN4CCCN(C)CC4)cc(C(F)(F)F)c3)ccc21
2368,Fc1ccccc1Nc1nc2c(s1)CCc1ccccc1-2
4505,CCOC(=O)c1c(-n2c(C)cc(C=C3C(=O)NC(=S)NC3=O)c2C)sc2c1CCCC2
11552,Cc1ccc(C(=O)Nc2cccc(Nc3ccc4c(c3)OCc3ccccc3C4=O)c2)s1
1606,c1ccc(NC2=NCCCCS2)cc1
7926,COc1ccc(N(CC(=O)NCc2ccco2)S(C)(=O)=O)cc1
2561,CCN(CC)C(=O)COC(=O)c1cc(-c2ccco2)nc2ccccc12
2572,CNC(=O)COC(=O)c1cc(-c2ccco2)nc2ccccc12
2596,CCNC(=O)COC(=O)c1cc(-c2ccco2)nc2ccccc12
2666,Cc1cc(C(=O)O)ccc1-c1ccc(/C=C2\SC(=O)N(CC(=O)Nc3ccc4c(c3)OCO4)C2=O)o1
8756,Cc1ccc(C)c(NS(=O)(=O)c2c(C)ccc3nsnc23)c1
9885,COc1cc(NS(=O)(=O)c2cccc3nsnc23)c(C(=O)O)cc1OC
5587,O=C(CSc1ccc(-c2ccc(-n3cccn3)cc2)nn1)Nc1ccc([N+](=O)[O-])cc1
12974,Cc1ccc(S(=O)(=O)N2CCN(S(=O)(=O)N3CCCCC3)CC2)cc1
13095,Cc1ccc(-c2c(C)noc2C)cc1S(=O)(=O)NC1CCCCC1
2880,Nc1ccc(N(c2ccccc2)c2ccc(N)cc2)cc1
7611,CC(=O)Nc1ccc(OC(=O)N2CCCCC2)cc1
12425,O=C(Oc1ccc(Cl)cc1)N1CCCCC1
7919,CCOc1ccccc1NC(=O)C1CCCN(C(=O)NCc2ccccc2)C1
14922,COC(=O)C[C@H]1[C@]2(C)C3=C(C)[C@H](c4ccoc4)CC3O[C@@H]2[C@H](O)C2C(C)=CCC(=O)[C@@]21C
5469,CCCCSc1nc2c(c(C(F)(F)F)c1C#N)CCC2
8894,CC(C)OC(=O)CC(=O)CSc1nc2c(cc1C#N)CCC2
7998,O=C(O)CCN1CCc2ccccc21
11391,CC(C)(C)CNC(=S)Nc1ccc2c(c1)CCN2CCCCN
11457,CC(C)(C)CNC(=S)Nc1ccc2c(c1)CCN2CCCCO
12168,CCCN(CCC)CCCNS(=O)(=O)c1cc(Br)cc2c1N(C(C)=O)CC2
13031,Cc1c(C(C)C)c(=O)on1C(=O)N1CCCCCCC1
14419,CC(C)c1ncc(C(=O)N2CCOC3(CCN(Cc4ccc(F)c(CCNC[C@H](O)c5ccc(O)c6[nH]c(=O)sc56)c4)CC3)C2)s1
561,Cc1nc(-c2ccc(F)cc2)c(CC(=O)N(C)CC(=O)Nc2ccccc2Cl)s1
573,Cc1nc(-c2ccc(F)cc2)c(CC(=O)N(C)CC(=O)Nc2ccc(Br)cc2C)s1
691,Cc1nc(-c2ccc(F)cc2)c(CC(=O)N(C)CC(=O)Nc2cccc(F)c2)s1
11168,O=C(CCc1ccc(-c2ccc3c(c2)OCO3)cc1)N1CCCC1
9497,CN(C)C(=O)Cn1c(SCC(=O)N2CCCc3ccccc32)nc2ccccc21
9772,CC(C)NC(=O)Cn1c(SCC(=O)N2CCCc3ccccc32)nc2ccccc21
14499,Cc1ccc(-n2nc(C(C)(C)C)cc2NC(=O)N[C@H]2CC[C@@H](Oc3ccc4nnc(C5CCCCC5)n4c3)c3ccccc32)cc1
10553,CN(c1nc2ccccc2n2c(-c3ccco3)nnc12)S(=O)(=O)c1ccccc1
5384,COc1ccccc1NC(=O)N1CCN(c2ccccn2)CC1
263,C1=Nc2c(ncnc2N2CCOCC2)Oc2ccccc21
12271,CCN1C(=O)CC(N2CCC(Nc3ccc(OC)cc3)CC2)C1=O
10749,Cc1nnc(SCC(=O)N2CCN(S(=O)(=O)c3ccccc3)CC2)[nH]c1=O
9561,CCOC(=O)C1(Cc2ccccc2)NC(c2ccccc2F)C2C(=O)N(CC)C(=O)C21
2650,NC(=O)c1ccc2c(=O)c(O)c(-c3cc(Cl)c(N)c(Cl)c3)[nH]c2c1
2895,COc1ccc2[nH]c(-c3cccc(F)c3)cc(=O)c2c1
3305,CCc1nc(Sc2nnnn2-c2ccccc2)c2c3c(sc2n1)CCCC3
3323,c1ccc(-n2nnnc2Sc2ncnc3sc4c(c23)CCCC4)cc1
6946,CCNC(=O)N1c2ccc(OC)cc2C(C)=CC1(C)C
8458,CC1=CC(C)(C)Nc2cc(C)c(C)cc21
3413,O=C(/C=C/c1ccnc2ccccc12)c1cccs1
12035,c1ccc(CNn2c(N3CCOCC3)nc3ccccc32)cc1
5791,COC(=O)c1cc(NC(=O)COC(=O)CCc2nc3ccccc3c(=O)[nH]2)cc(C(=O)OC)c1
11043,CCCc1cc(=O)oc2cc(OCC(=O)Nc3cc(C)on3)ccc12
6133,COC(=O)c1c(NC(=O)c2ccco2)sc(C(=O)N2CCCC2)c1C
5227,Cc1ccc(-c2n[nH]c(=O)c3ccccc23)cc1S(=O)(=O)NCC1CCCO1
7707,CCOC(=O)CSc1nnc(CNc2nc(-c3ccccc3)cs2)n1C
12706,NC(=O)C1(N2CCCCC2)CCN(C(=O)NC23CC4CC(CC(C4)C2)C3)CC1
5751,COc1ccc(-c2ccc3c(c2)S(=O)(=O)c2cccc(C(=O)NC4CCCCC4)c2C3=O)cc1OC
5375,CCOC(=O)c1ccc(N2C(=O)CC(N3CC(C)OC(C)C3)C2=O)cc1
1184,NS(=O)(=O)c1ccc(OCCCNC(=O)Cc2ccccc2Nc2c(Cl)cccc2Cl)cc1
2794,Cc1nc2ccccc2n1-c1nc(-c2ccco2)cc(C(F)(F)F)n1
13292,CCCCCCCCOc1ccc(-c2nn(-c3ccc(Cl)cc3)cc2C=C2C(=O)NC(=O)NC2=O)cc1
13309,O=C1NC(=O)C(=Cc2cn(-c3ccc(Cl)cc3)nc2-c2ccccc2)C(=O)N1
13353,CCCCCCCCCCOc1ccc(-c2nn(-c3ccc(Cl)cc3)cc2C=C2C(=O)NC(=O)NC2=O)cc1
13360,CCCCCCOc1ccc(-c2nn(-c3ccc(Cl)cc3)cc2C=C2C(=O)NC(=O)NC2=O)cc1
13372,CCOc1ccc(-c2nn(-c3ccc(Cl)cc3)cc2C=C2C(=O)NC(=O)NC2=O)cc1
13446,CCCCOc1ccc(-c2nn(-c3ccccc3)cc2C=C2C(=O)NC(=O)NC2=O)cc1
13518,CCCCOc1ccc(-c2nn(-c3ccc(Cl)cc3)cc2C=C2C(=O)NC(=O)NC2=O)cc1
1399,Cc1ccc(CNC(=O)CCc2nc3ccccc3c(=O)[nH]2)cc1
2897,Cc1ccc(-c2cccc(C(=O)NCc3ccccc3)n2)c2ccccc12
9899,CCOc1ccc2nc(NC(=O)CN3CCN(c4ccccn4)CC3)sc2c1
3020,CN(C)/C=C(\C=N\OCc1ccc(Cl)cc1Cl)C(=O)Nc1ccc(Cl)c(Cl)c1
9387,CCC(C)(C)n1nnnc1C(c1cc2cc3c(cc2[nH]c1=O)OCO3)N1CCN(C)CC1
9551,CCCN1CCN(C(c2cc3cc4c(cc3[nH]c2=O)OCO4)c2nnnn2C(C)(C)C)CC1
10981,O=C(COC(=O)c1cccnc1Nc1ccccc1F)NCc1ccc2c(c1)OCO2
2547,O=C(COC(=O)CNC(=O)c1ccc(-c2ccccc2)cc1)NCc1ccco1
104,CC(C)Cn1cnc2c1c(=O)n(CC(=O)Nc1ccc3c(c1)OCO3)c(=O)n2Cc1ccccc1
13413,CCCCC#Cc1ccc(NC2CCOCC2)c(C(N)=O)c1
2369,COc1cc(OC)c(-c2c3cc(O)c(=O)cc-3oc3cc(O)c(O)cc23)cc1OC
2587,O=c1cc2oc3cc(O)c(O)cc3c(-c3ccccc3O)c-2cc1O
3211,CCc1cc[n+](C2=C([O-])c3ccccc3C(=O)/C2=N\S(=O)(=O)c2cccs2)cc1
3392,O=C1/C(=N\S(=O)(=O)c2cccs2)C([n+]2ccccc2)=C([O-])c2ccccc21
3683,CC(C)(C)c1cc[n+](C2=C([O-])c3ccccc3C(=O)/C2=N\S(=O)(=O)c2cccs2)cc1
13974,CN1CCCC(O)(C#Cc2cc(-n3ccc4cnc(N)nc43)ccn2)C1=O
8120,O=C(CN1C(=O)CSC1=O)N1CCc2ccccc2C1
1212,CC(C(=O)O)c1ccc(-c2ccccc2)c(F)c1
1215,CCCCCCNC(=O)Nc1cccc(-c2ccc(C(C)C(=O)O)cc2F)c1
1216,CCCCCCOC(=O)Nc1cccc(-c2ccc(C(C)C(=O)O)cc2F)c1
1218,CCCCCCNC(=O)Oc1cccc(-c2ccc(C(=O)O)cc2F)c1
1219,CCCCCCNC(=O)Oc1cccc(-c2ccc(C(C)C(=O)O)cc2Cl)c1
1220,CCCCCCNC(=O)Oc1cccc(-c2ccc(C(C)C(=O)O)cc2C)c1
1221,CCCCCCNC(=O)Oc1cccc(-c2ccc(C(C)C(=O)O)cc2C(F)(F)F)c1
1222,CCCCCCNC(=O)Oc1cccc(-c2ccc(C(C)CO)cc2F)c1
1225,CCCCCCNC(=O)Oc1cccc(-c2ccc(C(C)C(=O)O)cc2F)c1
1226,CCCCCCCNC(=O)Oc1cccc(-c2ccc(C(C)C(=O)O)cc2F)c1
1227,CCCCCCNC(=O)Oc1ccccc1-c1ccc(C(C)C(=O)O)cc1F
1228,CCCCCCNC(=O)Oc1ccc(-c2ccc(C(C)C(=O)O)cc2F)cc1
1229,CCCCCCNC(=O)Oc1cccc(-c2ccc(C(C)C(=O)OC)cc2F)c1
1230,CCCCCCNC(=O)Oc1cccc(-c2ccc(C(C)C(=O)O)cc2O)c1
1231,CCCCCCCCNC(=O)Oc1cccc(-c2ccc(C(C)C(=O)O)cc2F)c1
1233,CCCCNC(=O)Oc1cccc(-c2ccc(C(C)C(=O)O)cc2F)c1
1234,CCCCCNC(=O)Oc1cccc(-c2ccc(C(C)C(=O)O)cc2F)c1
1236,CCCCCCNC(=O)Oc1cccc(-c2ccc(C)cc2F)c1
1237,CCCCCCNC(=O)Oc1cccc(-c2ccc(C(C)C(=O)O)cc2)c1
1238,CCCCCCNC(=O)Oc1cccc(-c2ccc(C(C)C(=O)O)cc2[N+](=O)[O-])c1
1239,CCCCCCNC(=O)Oc1cccc(-c2ccc(C(C)C(=O)O)cc2N)c1
1240,CCCCCCNC(=O)Oc1cccc(-c2ccc([C@H](C)C(=O)O)cc2F)c1
3081,CCOC(=O)/C=C/C(=O)Nc1ccccc1-c1ccccc1NC(=O)/C=C/C(=O)OCC
4726,CC(C)(C)C(=O)NC(=S)NNC(=O)c1ccc(-c2ccccc2)cc1
6017,O=C(O)CCC(NS(=O)(=O)c1ccc(-c2ccccc2)cc1)C(=O)O
9582,Nc1ccc(-c2ccc(N)cc2C(F)(F)F)c(C(F)(F)F)c1
11924,CC(C)CNc1ccc(-c2ccc(C(C)C)cc2)cc1C(N)=O
12837,COCCNC(=O)c1ccccc1-c1ccccc1C(=O)O
13019,COCCNc1ccc(-c2ccc(C(C)C)cc2)cc1C(N)=O
14684,C=CCc1ccc(O)c(-c2cc(CC=C)ccc2O)c1
14685,C=CCc1ccc(O)c(-c2ccc(O)c(CC=C)c2)c1
14686,C=CCc1ccc(O)c(-c2ccc(OC)c(CC=C)c2)c1
14742,CC(=O)c1ccc(O)c(-c2c(O)ccc(O)c2C(C)=O)c1O
5357,O=C(OCC(=O)N1CCOCC1)c1ccc[nH]c1=O
7137,CCOC(=O)c1ccc(Oc2nc(NC)nc(OC)n2)cc1
7300,CCNc1nc(Oc2ccc(C(=O)OC)cc2)nc(SC)n1
8300,COC(=O)c1ccc(Oc2nc(NC(C)C)nc(N(C)C)n2)cc1
13736,Cc1c(C2CCOCC2)c(=O)on1C(=O)N1CCCCC1
11537,COc1ccc(OC)c(S(=O)(=O)N2CCC(C(=O)NCC3CCCO3)CC2)c1
6598,Cc1ccccc1OCC1CN(CN2CCOCC2)C(=O)O1
10915,Cc1nc2sc3c(c2c(=O)n1/N=C/c1ccco1)CCCC3
6035,COc1cccc(-c2nnn(CC(=O)NC3CCCC3)n2)c1OC
6036,CC1Oc2ccccc2N(Cc2ccccc2F)C1=O
8271,Cc1ccc(C)c(CN2C(=O)C(C)Oc3ccc(C)cc32)c1
543,O=C(Nc1ccccn1)c1ccc(-c2ccccc2)cc1
13575,CCCCN(Cc1ccc(C(=O)NNCC)cc1)C(=O)Nc1ccccc1
10686,O=C(CN1C(=O)NC(Cc2ccccc2)C1=O)Nc1ccccc1
6839,CCn1nnc(-c2ccccc2NC(=O)c2cc(OC)cc(OC)c2)n1
7650,CCn1nnc(-c2ccccc2NC(=O)c2cc(OC)c(OC)c(OC)c2)n1
9229,Cc1cccc(N(CC(=O)N2CCCC2)S(=O)(=O)c2ccccc2)c1
3039,COc1ccc2c(c1OC)C(=O)OC2Nc1nc(-c2ccccc2)cs1
3740,COc1ccc(-c2csc(NC3OC(=O)c4c3ccc(OC)c4OC)n2)cc1OC
3941,O=C1OC(Nc2nc(-c3ccc(F)cc3)cs2)c2ccccc21
4019,Cc1ccc(-c2csc(NC3OC(=O)c4ccccc43)n2)cc1
6486,O=C(NCc1ccco1)c1cnn2c(C(F)(F)F)cc(-c3cccs3)nc12
365,COC(=O)c1cc(OC)c(OC)cc1NC(=S)N1CCN(C)CC1
12614,CCN1CCN(C(=S)Nc2ccc([N+](=O)[O-])cc2)CC1
13104,COc1ccc(-c2nc(O)c(/C=C3/C=c4ccccc4=N3)s2)cc1
18,O=C(Nc1ccc2c(c1)OCO2)C1CCN(c2ccc(S(=O)(=O)N3CCOCC3)cc2)CC1
6929,O=C1c2ccccc2C(=O)N1CCOCCN1C(=O)c2ccccc2C1=O
9669,Cc1oc(C2CC2)cc1C(=O)O
12323,O=C(c1ccc2c(c1)OCO2)N(CC1CCCO1)C1(C(=O)NC2CCCC2)CCCCC1
1634,COC(=O)c1cc2ccsc2n1Cc1nc(-c2cccc(Cl)c2)oc1C
5967,Cc1nn(-c2ccccc2)c2[nH]c(=O)c(CNCCN3CCOCC3)cc12
8108,Cc1cc(-c2nnc(SCC(=O)NC3CCCC3)o2)no1
7910,CCC(C)(C)n1nnnc1C(c1ccc2ncccc2c1)N1CCN(c2nc3ccccc3s2)CC1
11326,CN(c1cc(=O)n2ccccc2n1)C1CCCCC1
8707,c1ccc(-n2c(-c3ccncc3)nnc2-c2cccs2)cc1
5742,Cc1ccc(S(=O)(=O)NCCC(=O)NCCCSc2ccccc2)cc1
1760,O=C(/C=C/c1ccccc1)N1CCC(Cc2ccccc2)CC1
4163,O=C(Nc1ccc(Cl)c(Cl)c1)Nc1ccon1
5427,O=C(CSc1nnc(-c2ccccc2Cl)o1)Oc1ccc(Br)cc1
8848,COc1cccc(OC(=O)CSc2nnc(-c3ccccc3Br)o2)c1
542,O=C(NCCNc1ccnc2cc(Cl)ccc12)c1ccccc1F
6665,O=C(Nc1ccc2nc(-c3ccccc3)oc2c1)c1ccco1
259,COc1cc(NC(=O)c2cc3ccccc3o2)c(OC)cc1Cl
2473,Cc1cc2oc(C(=O)Nc3ccc(S(N)(=O)=O)cc3)c(C)c2cc1Cl
10851,CC(=O)Nc1cccc(NC(=O)c2cc3ccccc3o2)c1
12261,CCOC(=O)c1ccc(NC(=O)c2cc3ccccc3o2)cc1
6126,COCCN(C(=O)CCC(=O)Nc1cccnc1)C(C(=O)NC1CCCCC1)c1ccccc1
9905,O=C(CN(C(=O)CCC(=O)Nc1nccs1)c1ccc(F)cc1)NCc1ccco1
6833,Brc1cccc(-c2nnc(SCc3nc4ccccc4[nH]3)o2)c1
9456,OC1(c2cccc(C(F)(F)F)c2)CCN(c2ccc(-c3ccccc3)nn2)CC1
8359,CCOc1ccccc1N(CC(=O)NC(C)(C)C)C(=O)Cn1nnc(-c2ccc(C)o2)n1
3971,COc1ccc(Nc2nccc(-c3cccc(N)c3)n2)cc1
3170,Nc1ccc(C2(c3ccc(N)cc3)c3ccccc3-c3ccccc32)cc1
12917,COc1ccc(S(=O)(=O)Nc2cc3c4c(oc3c3ccccc23)CCCC4=O)cc1
2730,CC(C)N=c1cc2n(-c3ccc(Cl)cc3)c3ccccc3nc-2cc1Nc1ccc(Cl)cc1
7130,CCOC(=O)c1c(-n2cnnn2)sc(C)c1C
6110,Cc1ccc(Cn2c(=N)c(C(=O)NCc3ccco3)cc3c(=O)n4ccccc4nc32)cc1
12799,Cc1cccc(C)c1NC(=O)CSc1nc(C)c(CC(=O)c2ccc(Br)cc2)c(C)c1C#N
7483,O=C(CN(CCc1ccccc1)C(=O)CN1C(=O)COc2ccccc21)NCc1ccco1
7652,O=C(CCn1nnc(-c2cccs2)n1)N1CCc2ccccc2C1
13611,O=C(NCCCCCc1ccccc1)Oc1ccc(Cn2cc(COc3ccc4ccc(=O)oc4c3)nn2)cc1
10073,O=C(CC1OC(=O)c2ccccc21)c1ccco1
11091,NS(=O)(=O)c1ccc(CCNc2ncnc3sccc23)cc1
11455,Cc1sc2nc(C(C)Nc3ccccc3N3CCOCC3)[nH]c(=O)c2c1C
13301,COc1ccc2cc(C(=O)NC3C(=O)Nc4ccccc43)cnc2c1
3133,COc1ccc(C(CC(=O)c2ccc(C)cc2)C(C#N)C#N)cc1OC
3663,COc1cc(O)c(CC=C(C)C)c(O)c1C(=O)CCc1ccc(O)cc1
15162,O=C(CCc1ccc(O)cc1)c1c(O)cc(O)cc1O
6670,CCC/C(O)=C1\C(=O)CC(C)(C)CC1=Nc1ccc(OC)cc1OC
4842,CC1(C)CSC(=NCc2ccccc2)N1
5027,O=C1C(=O)N(CCCc2ccccc2)c2ccccc21
12109,Cc1cccc(-c2cc(C(=O)Nc3ccc4c(c3)OCCO4)c3ccccc3n2)c1
10663,COc1ccccc1N1CCN(C(=O)c2ccncc2)CC1
13359,Cc1cc(C(C)(O)C#Cc2cccc(-c3c[nH]c4cnc(N)nc34)c2)no1
10638,COC(=O)CCc1c(C)c(C(=O)c2ccco2)c2ccccn12
6052,Cc1cc2nc(-c3ccc(SCC(=O)N4CCN(C(=O)c5ccco5)CC4)nc3)[nH]c2cc1C
6055,O=C(CSc1ccc(-c2nc3ccccc3[nH]2)cn1)N1CCN(C(=O)c2ccco2)CC1
1473,Cc1ccc(NC(=O)C2CCCN(S(=O)(=O)c3c(C)noc3C)C2)nc1
10323,Cc1ccc(CN2C(=O)NC(=O)C3(Cc4c(nc5ccccn5c4=O)N4CCCCCC43)C2=O)cc1
4007,COc1ccc2c(c1)/C(=C/c1cnc[nH]1)C(=O)N2
10388,Cn1c(=O)c2c(nc(CN3CCN(c4ccccc4)CC3)n2CCc2ccccc2)n(C)c1=O
10528,Cn1c(=O)c2c(nc(CN3CCN(c4cccc(Cl)c4)CC3)n2CCc2ccccc2)n(C)c1=O
13389,NC(=O)c1cc(C#CC2CC2)ccc1NC1CCC(O)CC1
13766,OC1CCCCCCCNc2ncc3c(-c4ccccn4)cn(c3n2)CCCC1
10121,CC(=O)N(CCC1(C(C)C)CCOC(C)(C)C1)Cc1ccco1
7561,Cc1c(NC(=O)c2cc3nc(-c4ccccc4)cc(C)n3n2)c(=O)n(-c2ccccc2)n1C
6676,C=CCn1c(Sc2nnc(C)s2)nc2c1c(=O)[nH]c(=O)n2C
8104,O=C(CN(Cc1cccs1)C(=O)CNC(=O)c1ccco1)NC1CCCCC1
11647,FC(F)(F)c1cccc(Nc2nc(Nc3ncc(-c4ccsc4)cn3)ncc2Cl)c1
7033,COc1cc(C(=O)Nc2ccc(S(=O)(=O)Nc3cc(C)on3)cc2)cc(OC)c1OC
10665,COc1ccccc1C(=O)Nc1ccc(S(=O)(=O)Nc2cc(C)on2)cc1
12594,Cc1noc(C)c1CN1C(=O)NC(Cc2ccccc2)(Cc2ccccc2)C1=O
5169,CSc1ncccc1C(=O)NCCc1ccc(S(N)(=O)=O)cc1
1630,CCCCN(CCCC)S(=O)(=O)c1ccc(NC(=O)c2cccs2)cc1
6102,COc1cc(NC(=O)c2cccs2)cc(OC)c1
8987,CSc1ccccc1NC(=O)c1cccs1
9534,CCOC(=O)c1cccc(NC(=O)c2cccs2)c1
6578,CC1CCCCN1C(=O)Nc1cccc(Cl)c1
7732,CC(=O)Nc1ccc(NC(=O)N2CCCCC2)cc1
9938,Cc1ccc(NC(=O)N2CCC(C(=O)NCC(C)C)CC2)cc1
11848,O=C(O)C1CCN(C(=O)Nc2ccc(OC(F)(F)F)cc2)CC1
13622,O=C(Nc1ccc(OC(F)(F)F)cc1)N1CCCCC1CO
13847,O=C(Nc1ccc(OC(F)(F)F)cc1)N1CCC(CO)CC1
13949,CC1CCCCN1C(=O)Nc1ccc(OC(F)(F)F)cc1
13986,O=C(Nc1ccc(OC(F)(F)F)cc1)N1CCCCC1
14051,O=C(Nc1ccc(OC(F)(F)F)cc1)N1CCCC(CO)C1
14056,CC1CCN(C(=O)Nc2ccc(OC(F)(F)F)cc2)CC1
14136,CC1CCCN(C(=O)Nc2ccc(OC(F)(F)F)cc2)C1
3047,Nc1ccc(NC(=O)c2ccccc2)c2c1C(=O)c1ccccc1C2=O
10442,CC(C)(C)C(=O)N=C1SC2CS(=O)(=O)CC2N1c1ccc2c(c1)OCO2
9309,CN1/C(=C\C(=O)c2cccs2)Sc2ccccc21
108,CCC1CCCCN1C(=O)CSc1nnc(-c2cccs2)o1
136,CCC1CCCCN1C(=O)CSc1nnc(-c2ccc(Cl)s2)o1
3578,O=C(NCc1cccnc1)c1ccc(Cn2c(=S)[nH]c3ccc(Br)cc3c2=O)cc1
938,CNc1ncc2cc(-c3cc(C(=O)Nc4cccc5c4CCC5)ccc3C)ccc2n1
13321,O=C(NC1CCN(CC(F)(F)F)CC1)c1ccc(N2CCOCC2)nc1
4195,Cc1ccc(S(=O)(=O)CCC(=O)c2ccc(F)cc2)cc1
5271,Cc1ccc(S(=O)(=O)CCC(=O)c2cccc([N+](=O)[O-])c2)cc1
5273,COc1ccc(C(=O)CCS(=O)(=O)c2ccc(F)cc2)cc1OC
7989,Cc1ccc(S(=O)(=O)CCC(=O)c2ccc(O)cc2O)cc1
6882,Cc1nnc(NC(=O)C2CCCN(S(=O)(=O)c3ccccc3C(F)(F)F)C2)s1
12617,O=C(Nc1ccc2oc(-c3ccccc3F)nc2c1)c1ncn[nH]1
4337,Cc1ccc(NC(=O)Cn2ncc(Cl)c(Cl)c2=O)cc1S(=O)(=O)N1CCCCC1
14647,C=C1CC[C@H]2C(=C)CC[C@@H]3[C@H](OC(=O)C3(CC(C)=O)C[C@H]3C(=O)O[C@H]4C3CC[C@@]3(C)CC=C(C)C[C@H]43)[C@@H]12
1287,c1ccc2sc(Oc3ccc(OCCN4CCCCCC4)cc3)nc2c1
1597,CCn1c(SCC(=O)Nc2ccccc2)nnc1C1CCCCC1
6323,CCOC(=O)c1cccc(NC(=O)CSc2nnc(C3CCCCC3)n2CC)c1
9876,CCn1c(SCC(=O)Nc2cc(OC)ccc2OC)nnc1C1CCCCC1
12517,COc1ccccc1NC(=O)CSc1nnc(C2CCCCC2)n1C
12678,Nn1c(SCC(=O)Nc2ccc(F)c(F)c2)nnc1C1CCCCC1
2177,N#CC1=C(N)N2C(=C(C#N)C1c1cccc(Br)c1)Nc1ccccc12
5278,COc1ccc(Cl)cc1NC(=O)CSc1nnc(Cc2ccc(C)cc2)c(=O)[nH]1
5608,COc1ccc(NC(=O)CSc2nnc(Cc3ccc(C)cc3)c(=O)n2N)cc1
10972,O=C(CSc1nc2ccccc2c(=O)n1Cc1ccco1)c1ccccc1
8230,CC1(CCC#N)N=C(SCCC#N)N(c2ccccc2)C1=O
2507,CCCNC(=O)Cn1sc2nc(C)cc(C)c2c1=O
10578,CCOC(=O)C1=C(NC(=O)c2ccc(Br)o2)Nc2ccccc2N=C1
814,O=C(C1CCC1)N1CC(=O)N2[C@H](CO)[C@H](c3ccc(C#CCc4ccccc4)cc3)[C@H]2C1
13803,OC1CCCCCCCNc2ncc3c(-c4cccnc4)cn(c3n2)CCCC1
1001,Cc1ccc(-c2cc(F)c(F)cc2-c2ccc(S(N)(=O)=O)cc2)nc1
11195,Cc1ccc(-c2cc(F)c(F)cc2-c2ccc(S(C)(=O)=O)cc2)nc1
9923,Cc1nn(-c2cccc(Cl)c2)c2c1C(c1cccnc1)C(C#N)=C(N)O2
6489,O=C(c1ccccc1F)N1CCC(O)(c2cccnc2)CC1
8868,O=C(c1ccc(F)cc1)N1CCC(O)(c2cccnc2)CC1
14631,C=C1C(=O)O[C@H]2C[C@@H](C)[C@@H]3CCC(O)[C@@]3(C)[C@@H](OC(C)=O)[C@H]12
14632,C=C1C(=O)O[C@H]2C[C@@H](C)[C@@H]3CCC(OC(C)=O)[C@@]3(C)[C@@H](O)[C@H]12
14633,C=C1C(=O)O[C@H]2C[C@@H](C)[C@@H]3CC[C@H](O)[C@@]3(C)C[C@H]12
14738,CC(=O)O[C@H]1[C@H]2[C@@H](OC(=O)Cc3ccccc3)[C@@H](C)C[C@]2(OC(C)=O)C(=O)/C(C)=C/[C@@H]2[C@H](CC[C@@]13CO3)C2(C)C
9581,Clc1ccc(C(c2nnnn2C2CCCC2)N2CCSCC2)cc1
1455,O=C(C1CC1)N1CCc2cc(Br)cc(S(=O)(=O)NCCCN3CCCC3)c21
10875,O=C(O)c1ccccc1C(=O)c1cccs1
12978,Nc1nnnn1/N=C\c1ccc(Cl)c([N+](=O)[O-])c1
7575,COc1ccc(NC(=O)C2CCN(C(=O)NCc3ccccc3)CC2)cc1
7155,CCc1c(C)nc2ncnn2c1NCCc1ccc(OC)cc1
5146,COc1cc(/C=C2/C(=O)N(c3cccc(Br)c3)N=C2C)cc(OC)c1O
7802,CCc1c(C)nc(SCC(=O)c2ccc(C)c(C)c2)[nH]c1=O
8434,O=C(NC1CCCC1)C(c1cccs1)N(CC1CCCO1)C(=O)Cc1cccs1
14982,COc1c2c(cc(O)c1C(=O)C(=O)c1ccc(OCC=C(C)C)cc1)OC(C)(C)C=C2
15078,COc1ccc(C(=O)C(=O)c2cc(OC)c3c(c2O)C=CC(C)(C)O3)cc1
3062,O=[N+]([O-])c1ccc(O)c(-c2nc(-c3ccccc3)c(-c3cccs3)[nH]2)c1
12840,COc1ccc(C2=C(c3ccc(OC)cc3)N3CCS(=O)(=O)N=C3S2)cc1
4229,O=Nc1c(O)c2ccccc2c2ccccc12
14227,O=C1c2ccc(Nc3ccc(F)cc3F)cc2CCc2ccc(OCCCN3CCOCC3)cc21
5224,CCOc1ccc(Br)cc1S(=O)(=O)Nc1ncn[nH]1
8492,O=C(NC1CCCCC1)C1CN(S(=O)(=O)c2ccccc2)CCN1S(=O)(=O)c1ccccc1
10255,COc1ccc(-c2noc(CCN3C(=O)c4ccccc4C3=O)n2)cc1OC
5545,Cn1nccc1C(=O)Nc1sc2c(c1C#N)CCCC2
3600,CCn1c(-c2ccccc2)c(C(=O)CCl)c2ccccc21
10265,COc1ccccc1NC(=O)C1=C(C)Nc2ncnn2C1c1cccs1
4102,O=C(Nc1ccc(N2CCCCC2)cc1)c1ccc([N+](=O)[O-])o1
6151,Cc1ccccc1NC(=O)C(C#N)Cc1cccnc1
7589,CCc1ccccc1NC(=O)C(C#N)Cc1cccnc1
8862,O=C(Cn1c(C(=O)NCC2CCCO2)cc2sccc21)c1ccccc1
12993,OC1CCCCCCCNc2ncc3c(C4CCOCC4)cn(c3n2)CCCC1
10746,Cc1ccc2nc(CSc3nnc(-c4ccco4)n3-c3ccccc3)cc(=O)n2c1
14722,CC(=O)O[C@@H]1[C@@H](O)[C@H](O[C@H]2CC[C@]34C[C@]35CC[C@]3(C)[C@@H]([C@@]6(C)CC[C@@H](C(C)(C)O)O6)[C@@H](O)C[C@@]3(C)[C@@H]5C[C@H](O[C@@H]3O[C@H](CO)[C@@H](O)[C@H](O)[C@H]3O)[C@H]4C2(C)C)OC[C@H]1O
14751,CC(C)(O)[C@@H]1CC[C@](C)([C@H]2[C@@H](O)C[C@@]3(C)[C@@H]4C[C@H](O[C@@H]5O[C@H](CO)[C@@H](O)[C@H](O)[C@H]5O)[C@H]5C(C)(C)[C@@H](O[C@@H]6OC[C@@H](O)[C@H](O)[C@H]6O)CC[C@@]56C[C@@]46CC[C@]23C)O1
9926,Cc1cc(C(F)(F)F)nn1CC(=O)N1CCCCC1C
5520,O=C(COc1cc2oc(=O)c3c(c2cc1Cl)CCC3)Nc1cccnc1
2431,O=C(c1ccccc1)c1ccc2nc(-c3ccco3)c(-c3ccco3)nc2c1
14872,CCCCCC(=O)O[C@H]1[C@@H](C)C[C@]2(OC(C)=O)C(=O)/C(C)=C/[C@@H]3[C@H](CC/C(CO)=C\[C@@H]12)C3(C)C
9531,Cc1c(NC(=O)N2CCCCCC2)c(=O)n(-c2ccccc2)n1C
1870,CC(=O)c1ccc(NC(=S)N2CC(C)CC(C)C2)cc1
6651,c1ccc2c3c([nH]c2c1)-c1[nH]ncc1CC3
11403,O=C(CC1=CCCN(CCCc2ccccc2)C1=O)NO
11565,O=C(CCCC1=CCCN(CCCc2ccccc2)C1=O)NO
11880,O=C(CCC1=CCCN(CCCc2ccccc2)C1=O)NO
6209,Cc1sc2nc(N)sc2c1C
9908,O=C(CSc1nc2ccccc2n1CC(=O)NCc1ccccc1)NCc1ccco1
13848,COc1ccc(C2=NN(Cc3ccc(CN4CCOCC4)cc3)C(=O)CC2)cc1OC
324,CCOC(=O)c1ccc(Nc2nc(C(=O)OCC)nc3ccccc23)cc1
3061,Clc1ccc(Nc2ncnc3ccc(Br)cc23)cc1
3063,Clc1cccc(Nc2ncnc3ccc(Br)cc23)c1
3432,Cc1cccc(Nc2ncnc3ccc(Br)cc23)c1
3540,CCOc1ccc(Nc2ncnc3ccc([N+](=O)[O-])cc23)cc1
3878,COc1ccc(OC)c(Nc2ncnc3ccc(Br)cc23)c1
3879,CN(C)c1ccc(Nc2ncnc3ccc(Br)cc23)cc1
12500,CCOC(=O)C1CCN(C(=O)c2cc(-c3ccccc3)n(-c3ccc(S(N)(=O)=O)cc3)n2)CC1
11222,CCOC(=O)c1c(Cc2cccc(Cl)c2)[nH]c2c1cc(-c1ccccc1)c1ccccc12
1603,N#CC1=C(N)Oc2cc(Nc3ccccc3)ccc2C1c1ccncc1
7584,CN(C(=O)c1ccccn1)c1nnc(-c2ccncc2)s1
1063,COc1cccc(-c2ccc(COC3CN(C#N)C3)cc2)c1
1070,COc1cccc(OC)c1-c1ccc(COC2CN(C#N)C2)cc1
1074,COc1cccc(-c2ccc(COC3CN(C#N)C3)c(OC)c2)c1
1077,N#CN1CC(OCc2ccc(-c3ccc(F)cc3)cc2)C1
1078,COc1cccc(-c2ccc(COC3CN(C#N)C3)c(C(F)(F)F)c2)c1
1079,Cc1ccc(-c2ccc(COC3CN(C#N)C3)cc2)cc1
1081,COc1cccc(-c2ccc(COC3CN(C#N)C3)c(F)c2)c1
1084,COc1cccc(-c2ccc(COC3(C)CN(C#N)C3)cc2)c1
1085,N#CN1CC(OCc2ccc(-c3ccccc3)cc2)C1
1086,COc1cccc(-c2ccc(COC3CN(C#N)C3)cc2)c1OC
1094,N#CN1CC(OCc2ccc(-c3ccc(C(F)(F)F)cc3)cc2)C1
1098,COc1ccc(-c2ccc(COC3CN(C#N)C3)cc2)cc1
237,Cc1[nH]nc2c1C1(CCC(c3ccccc3)CC1)C(C#N)=C(N)O2
2898,COc1ccc(C(=O)Nc2ccc3[nH]c(-c4cccc(OC)c4)cc(=O)c3c2)cc1
5441,COc1cccc(-c2cc(=O)c3cc(NC(=O)c4ccc(Cl)cc4)ccc3[nH]2)c1
3258,CC(=O)OC(C)(C)/C=C/C(=O)[C@](C)(O)[C@H]1[C@H](O)C[C@@]2(C)[C@@H]3CC=C4[C@H](C[C@H](O)C(=O)C4(C)C)[C@]3(C)C(=O)C[C@]12C
14704,CC(=O)OC(C)(C)/C=C/C(=O)[C@](C)(O)[C@H]1[C@H](O)C[C@@]2(C)[C@@H]3CC=C4[C@@H](C[C@H](O)C(=O)C4(C)C)[C@]3(C)C(=O)C[C@]12C
7627,CC(=O)N1CCN(c2ccc(NC(=O)COc3ccc(Cl)cc3Cl)cc2)CC1
7665,CCN1CCN(c2ccc(NC(=O)COc3ccccc3Cl)cc2)CC1
8424,Cc1ccccc1OCC(=O)Nc1ccc(N2CCN(C(=O)C(C)C)CC2)c(Cl)c1
10960,NS(=O)(=O)c1ccc(CCNC(=O)C2CCCCN2S(=O)(=O)c2ccccc2)cc1
1848,CC(=O)C1=C(C)NC(SCc2cccc3ccccc23)=C(C#N)C1c1ccco1
3546,Oc1cc2c(cc1C(c1ccc(Br)cc1)N1CCCC1)OCO2
3550,Oc1cc2c(cc1C(c1ccc(Cl)c(Cl)c1)N1CCCC1)OCO2
8450,CC(C)(C)C(=O)CNS(=O)(=O)c1ccc(S(=O)(=O)NC2CCCC2)cc1
3520,CC(C)OC(=O)c1cccc(C(=O)Nc2cccc(NC(=O)c3cccc(C(=O)OC(C)C)n3)n2)n1
308,O=c1[nH][nH]c(C(F)(F)F)c1C=NCc1ccccc1Cl
8191,O=c1ccsn1Cc1ccccc1
1746,Cc1ccccc1NC(=O)c1ccc(CSc2ncccn2)cc1
4466,Cc1nnc(NC(=O)c2sc3nc(-c4cccs4)cc(C(F)(F)F)c3c2N)s1
4759,CC1(C)CC(=O)C(C2C3=C(CC(C)(C)CC3=O)Oc3ccc4ccccc4c32)C(=O)C1
4838,O=C(CSc1ncnc2ccccc12)c1cccs1
14891,CCCCO[C@@H](CCc1ccc(O)c(O)c1)CC(=O)CCc1ccc(O)c(O)c1
15158,O=C(CCc1ccc(O)c(O)c1)C[C@@H](O)CCc1ccc(O)c(O)c1
7904,CCCC(=O)Nc1ccc(N2CCN(C(=O)c3cccs3)CC2)cc1
11175,O=C1CCCC1C1CC(=O)N(c2ccccc2)C1=O
9402,Cc1cc2ncn(S(=O)(=O)c3ccc(S(=O)(=O)N4CCOCC4)cc3)c2cc1C
14642,C=C1CC[C@@H]2C(C)(C)C(=O)CC[C@@]2(C)[C@H]1COc1ccc2ccc(=O)oc2c1
5632,CCCCn1c(N)c(N(CC(C)C)C(=O)c2cccc(-n3cnnn3)c2)c(=O)[nH]c1=O
5823,CCCCN(C(=O)c1cccc(-n2cnnn2)c1)c1c(N)n(CCCC)c(=O)[nH]c1=O
6647,O=C(Nc1cccc(F)c1)NC1CC2CCCC(C1)N2C1CC1
13129,C[C@@H]1CN(c2cncnc2)Cc2cc(NC(=O)c3cc(CN4CCN(C)CC4)cc(C(F)(F)F)c3)ccc21
13719,C[C@H]1CN(c2cncnc2)Cc2cc(NC(=O)c3cc(CN4CCN(C)CC4)cc(C(F)(F)F)c3)ccc21
4155,O=C(N/N=C/c1sc(=O)n(Cc2ccc(Br)cc2)c1Cl)c1ccco1
5097,Cc1ccc2nc(/C(C#N)=C/c3ccc(-c4ccccc4C(=O)O)o3)[nH]c2c1
5098,N#C/C(=C\c1ccc(-c2ccccc2C(=O)O)o1)c1nc2ccccc2[nH]1
12730,O=C(Nc1nncs1)c1cccc(S(=O)(=O)N2CCCCC2)c1
11465,CCN(CC)CCNC(=O)c1ccc(NC(=O)c2cn(-c3ccc(F)cc3)nc2-c2cccc(OC)c2)cc1
7500,CC(C)CC(OC(=O)c1cccs1)C(=O)NCc1cccs1
9298,CC(OC(=O)c1cccs1)C(=O)NCc1cccs1
9596,CSc1nnc(-c2cnccn2)n1Cc1ccccc1
12526,C=CCSC1=N/C(=C\c2cc(OC)c3c(c2)OCO3)C(=O)S1
8433,COc1cccc(Nc2cc(C)nc3ccccc23)c1
1479,Cc1nc2ncnn2c(C)c1CCC(=O)NCc1ccccc1
290,NC(=O)N1CCN(C(=O)c2ccco2)CC1
4248,Cc1ccc(-c2nc3cccnc3o2)cc1NC(=O)COc1ccc(Cl)cc1C
8956,Cc1cc(C)nc(N2CCC(C(=O)Nc3ccc4c(c3)CCC4)CC2)n1
11593,Cc1c(CN2CCN(C(=O)C3CCCC3)CC2)cccc1Nc1nc2c(s1)CCC2
3836,C[C@@H]1[C@@H](Sc2ccccc2)CC(=O)O[C@@H]1c1ccc(-c2ccccc2)cc1
10439,COc1ccc(-c2oc3ncn(CCN4CCOCC4)c(=N)c3c2-c2ccc(OC)cc2)cc1
5403,CCOC(=O)CSc1ccc2nnc(-c3cccs3)n2n1
264,CC12CCC(C(=O)N(CSC(=S)N/N=C\c3ccccc3Cl)C1=O)C2(C)C
5356,CCOC(=O)c1c(NC(=O)COc2ncnc3sccc23)sc2c1CCC2
1491,CCOC(=O)N1CCC(NC(=O)c2ccc3c(=O)n4c(nc3c2)CCCC4)CC1
1776,Cc1ccc(S(=O)(=O)Nc2ccc(NC(=O)Nc3ccc(F)cc3F)cc2)cc1
1274,O=C1CCCN1C1CCN(Cc2ccc(Oc3nc4ccccc4s3)cc2)CC1
4991,COc1ccc(OC)c(NC(=O)Nc2c(O)ccc3ccccc23)c1
14413,Cc1cnc(Nc2ccc(N3CCN(C)CC3)cc2)nc1-c1cc2c(o1)CCN(C(=O)CC#N)C2
4367,CCN1CCN(Cc2ccc(NC(=O)c3ccc(C)c(NC(=O)c4cncc(-c5cccs5)c4)c3)cc2C(F)(F)F)CC1
1708,COc1cccc(/C=N/NC(=O)c2c(-c3ccccc3)noc2C)c1
12056,CC1CN/C(=C\C(=O)c2ccccc2)C(=O)N1
3442,O=C(CSc1nc2ccccc2c(=O)n1-c1ccc(SC(F)F)cc1)Nc1ccc(N2CCOCC2)cc1
2935,Cc1c(C=O)c(C=O)c(C)n1Cc1ccccc1
12631,CN(c1ccccc1)S(=O)(=O)c1ccc(C(=O)NCC2CCCO2)cc1
10874,COC(=O)c1c(NC(=O)CSc2nnnn2-c2ccccc2)sc2c1CCCC2
219,Cc1noc(NS(=O)(=O)c2ccc(NC(=O)CSc3nc4ccccc4s3)cc2)c1C
13853,Cc1cnc(Nc2cnn(C)c2)nc1N1CCC2(CC1)NC(=O)NC2=O
4541,COc1cc(/C=C2/C(=O)c3cccc([N+](=O)[O-])c3C2=O)c(Br)cc1O
4899,O=C(NC(C(=O)N/N=C/c1cccnc1)c1n[nH]c(=O)c2ccccc12)c1ccccc1
10501,CCN1CCN(c2ncc3c(n2)CC(c2ccc(OC)c(OC)c2)CC3=O)CC1
13224,CS(=O)c1ccc(-c2nc(-c3ccc(F)cc3)c(-c3ccncc3)[nH]2)cc1
7512,COc1cc(C(=O)N2CCC(NC(=O)C(Cc3ccccc3C)NC(C)=O)CC2)cc(OC)c1OC
9326,COc1cc(C(=O)N2CCC(NC(=O)C(Cc3ccc(C)cc3)NC(C)=O)CC2)cc(OC)c1OC
10699,O=C(COC(=O)CN1C(=O)C2CC=CCC2C1=O)Nc1cc(C(F)(F)F)ccc1N1CCOCC1
1179,NS(=O)(=O)c1ccc(NC(=O)Cc2ccccc2Nc2c(Cl)cccc2Cl)cc1
6428,CC(C)(C)OC(=O)N1CCOCCOCCN(C(=O)OC(C)(C)C)CCOCC1
3234,CCOc1ccc(-n2nnnc2-c2nc3ccccc3s2)cc1
10123,NC(=O)c1ccc(NC(=O)CCCc2nc(-c3ccccc3Cl)no2)cc1
9707,CCN(C(=O)Cc1cccs1)c1nnc(-c2cc(OC)c(OC)c(OC)c2)s1
3534,Cc1cc(NC(=O)c2ccc([N+](=O)[O-])o2)ccc1NC(=O)c1ccco1
1605,COc1ccc(C2C(C(=O)Nc3cccnc3)=C(C)Nc3nc(-c4cccs4)nn32)cc1
2444,N=C1S/C(=C\c2ccco2)C(=O)N1c1ccc2c(c1)OCO2
9141,COc1ccccc1NC(=O)CSC1=NC(=O)C(NC(C)=O)C(=O)N1
85,CC1CCN(c2nc3ccccc3nc2C(C#N)C(=O)OC2CCCCC2)CC1
14417,COc1cc(NC(=O)OCCN(C)C2CCC(OC(=O)C(O)(c3cccs3)c3cccs3)CC2)c(Cl)cc1CNC[C@H](O)c1ccc(O)c2[nH]c(=O)ccc12
12162,COc1cc(/C(C#N)=C/c2ccccc2)c([N+](=O)[O-])cc1OC
15023,COc1cc(O)cc(/C=C/c2ccccc2)c1
15223,Oc1cc(O)cc(/C=C/c2ccc(O)c(O)c2)c1
15224,Oc1cc(O)cc(/C=C/c2ccccc2)c1
12911,CN1CCN(c2ccc([N+](=O)[O-])cc2S(=O)(=O)N2CCOCC2)CC1
2575,O=C(Nc1ccc(S(=O)(=O)N2CCOCC2)cc1)c1ccc(=O)[nH]c1
772,C[C@@H]1CN([C@H](C)CO)C(=O)c2c(c3ccccc3n2C)-c2ccccc2CO[C@H]1CN(C)Cc1cccc(C(F)(F)F)c1
787,C[C@@H]1CN([C@@H](C)CO)C(=O)c2c(c3ccccc3n2C)-c2ccccc2CO[C@@H]1CN(C)Cc1cccc(C(F)(F)F)c1
7693,O=C(Nc1cnn(Cc2ccc(Cl)c(Cl)c2)c1)c1nc2ncccn2n1
9540,O=C(Nc1cnn(Cc2ccccc2)c1)c1nc2ncccn2n1
3068,CS(=O)(=O)c1ccc(Sc2nc3ccccc3s2)c([N+](=O)[O-])c1
3794,NS(=O)(=O)c1ccc(Sc2nc3ccccc3s2)c([N+](=O)[O-])c1
9019,O=C(Nc1ccc2nn(-c3ccccc3)nc2c1)c1cccs1
4258,C=C1C[C@H]2[C@@H]3C=C(C)C4=CC(=O)CC[C@]4(C)[C@H]3CC[C@]2(C)[C@@]1(OC(C)=O)C(C)=O
9950,Nc1ncc(-c2ccccc2)n1CC1CCCO1
13036,CCCCCCSc1nc(-c2ccc(Cl)cc2)nn1C(=O)N1CCOCC1
13536,O=C(N1CCOCC1)n1nc(-c2ccc(Cl)cc2)nc1SCC(F)(F)F
13537,CCSc1nc(-c2ccc(OC)cc2)nn1C(=O)N1CCOCC1
13738,CSc1nc(-c2ccc(C)cc2)nn1C(=O)N1CCOCC1
13905,CSc1nc(-c2ccc(Cl)cc2)nn1C(=O)N1CCOCC1
3328,CCOC(=O)/C(=C\c1ccc(Cl)cc1)c1nc2sc(C)c(C)c2c(=O)[nH]1
5,CC(=O)Nc1c(C(=O)N2CCOCC2)sc2nc3c(cc12)COC(C)(C)C3
254,Cn1c(/C=N/n2cnnc2)nc2ccccc21
11060,CCOC(=O)c1[nH]c(COC(=O)C2CC(=O)N(Cc3ccccc3)C2)c(C(=O)OCC)c1C
132,Cc1ccc(C)c(N2CCN(C(=O)CC3Sc4ccccc4NC3=O)CC2)c1
7819,Cc1ccc2[nH]c(=O)c(CN(Cc3ccco3)S(=O)(=O)c3c(C)ccc4nsnc34)cc2c1
8684,COc1cc(NS(=O)(=O)c2ccc(C)cc2)ccc1-n1cnnn1
6514,CCN1C(=O)C2(C(C#N)=C(N)Oc3n[nH]c(C(C)C)c32)c2ccccc21
10622,COc1ccccc1CNC(=O)COC(=O)C1=COCCO1
6189,CCOC(=O)Nc1sc(=S)n(C)c1C
8951,Cc1ccc(C(C(=O)NC2CCCCC2)N(C(=O)c2csnn2)C2CCCC2)o1
6014,O=C(CCC1CCCC1)N1CCN(C(=O)c2cccnc2)CC1
6610,COc1ccc(S(=O)(=O)N(CC(=O)N2CCN(C)CC2)c2ccc(C)cc2)cc1OC
1198,CC1=C(CC(=O)NCCc2ccc(S(N)(=O)=O)cc2)c2cc(F)ccc2/C1=C/c1ccc(S(C)=O)cc1
14134,CN1CCN(Cc2ccc(-c3cn4c5nc(ncc35)NCCCCCC(O)CCC4)cc2)CC1
2312,CC(=O)Oc1ccc(N2C(=O)C3C(C2=O)C2(C)C=CC3(C)O2)cc1
8584,CCn1nc(CC(=O)Nc2nnc(CC(=O)N3CCCC3)s2)c2ccccc2c1=O
12666,COC(=O)c1ccc(NC(=O)CN2CCCC2)cc1
9116,Cc1ccc(S(=O)(=O)NCC(=O)N(CC(=O)NCC2CCCO2)C2CCCC2)cc1
6315,CCOc1ccc(NC(=O)c2cc3n(n2)C(C(F)(F)F)CC(c2ccco2)N3)cc1
12657,Cc1nnc(NC2=NCCC2)o1
1556,COc1ccc2cc(CCNC(=O)C(C)C)c(=O)[nH]c2c1
1593,CCCc1c(O)c2ccccc2[nH]c1=O
2567,O=c1[nH]c2ccccc2c(O)c1O
6483,Cc1cc(=O)n(CC=C(Cl)Cl)c2ccccc12
6564,CCCOC(=O)Cc1c(O)c2ccccc2[nH]c1=O
7143,CCn1c(=O)c(C(=O)NCCCO)c(O)c2ccccc21
7458,CC(=O)CCc1c(C)c2cc(C)ccc2[nH]c1=O
7782,CC(=O)N(CCO)Cc1cc2cc(C)cc(C)c2[nH]c1=O
8364,CCCC(=O)Nc1c(O)c2ccccc2[nH]c1=O
8872,CCCCCCc1c(O)c2ccccc2[nH]c1=O
8998,CCOCCCN(Cc1cc2cc(C)cc(C)c2[nH]c1=O)C(=O)N(CC)CC
9055,Cc1ccc2c(c1)c(C)cc(=O)n2CCC(=O)O
9061,CCOc1ccc2[nH]c(=O)c(CN(CCO)C(=O)CC)cc2c1
9821,CC(C)OC(=O)c1cc(=O)[nH]c2ccccc12
10469,CCCCCOC(=O)Cc1c(O)c2ccccc2n(C)c1=O
10511,CN(Cc1cc2ccccc2[nH]c1=O)S(C)(=O)=O
12360,CCCc1c(C)c2ccccc2[nH]c1=O
1659,Cc1nnc(SCC(=O)N2CC(=O)Nc3ccccc32)n1C
5594,COc1ccc(CNS(=O)(=O)c2cn(C)c(=O)n(C)c2=O)cc1
9252,O=C(CSc1nnc(C2CCCCC2)n1-c1ccccc1)NCc1ccco1
1635,Cc1cc(S(=O)(=O)N2CCN(c3ccccc3O)CC2)c(C)s1
10932,c1ccc2c(SCc3cn4cccnc4n3)ncnc2c1
14598,C=C(C)c1cc2c(OC)c3c(O)c(-c4ccc5c(c4)OCO5)c(=O)oc3c(OC)c2o1
14989,COc1c2oc(C(C)(C)O)cc2c(OC)c2c(OC)c(-c3ccc4c(c3)OCO4)c(=O)oc12
5413,O=C1C2C3C=CC(CO)(O3)C2C(=O)N1c1ccccc1-c1ccccc1
13580,O=C(CCN1CCCCC1)Nc1cncc(-c2cccc3[nH]ccc23)c1
9756,O=C(CSc1nnc(-c2ccc(S(=O)(=O)N3CCCC3)cc2)o1)NCc1ccco1
1914,CCC(C(=O)OC)n1c(-c2ccccc2)nc2ccccc2c1=O
4491,O=c1c2cc(Br)ccc2nc(-c2cccc(C(F)(F)F)c2)n1O
4500,O=c1c2ccc(Cl)cc2nc(-c2cccc(C(F)(F)F)c2)n1O
4674,O=c1c2cc(Cl)ccc2nc(-c2ccc(Cl)c(Cl)c2)n1O
4830,O=c1c2cc(Cl)ccc2nc(-c2ccc([N+](=O)[O-])cc2)n1O
4831,O=c1c2cc(Br)ccc2nc(-c2ccc([N+](=O)[O-])cc2)n1O
4832,O=c1c2ccc(Cl)cc2nc(-c2ccc([N+](=O)[O-])cc2)n1O
5108,Cc1ccc(-c2nc3ccc(Cl)cc3c(=O)n2O)cc1
5113,O=c1c2cc(Br)ccc2nc(-c2cccc(Cl)c2)n1O
5172,Cc1ccc(-c2nc3c(Cl)cc(Cl)cc3c(=O)n2O)cc1
5176,O=c1c2cc(Br)ccc2nc(-c2ccc(Cl)cc2)n1O
3994,CCOC(=O)c1c(C)c2c(=O)[nH]cnc2n1-c1ccccc1
3764,COc1ccc2[nH]c3c4c(ccc3c2c1)C(=O)C=CC4=O
1856,CN1CCC(N(C)C(=S)NC(=O)C23CC4CC(CC(C4)C2)C3)CC1
2124,Cc1cc(C)c2c(c1)/C(=C/C(=O)c1ccc(Br)s1)C(=O)N2
2908,Cc1cccc2c1NC(=O)/C2=C\C(=O)c1cccs1
6830,CCc1nnc(NC(=O)C2CCN(c3nccc(C)n3)CC2)s1
8149,CC(C)(C)c1nnc(NC(=O)C2CCN(c3ncccn3)CC2)s1
9407,CCc1nnc(NC(=O)C2CCN(c3nc(C)cc(C)n3)CC2)s1
9444,Cc1ccnc(N2CCC(C(=O)Nc3nnc(C)s3)CC2)n1
12440,Cc1cc(C)nc(N2CCC(C(=O)Nc3nnc(C)s3)CC2)n1
7628,COCCn1nnnc1CN(CCc1ccc(OC)c(OC)c1)Cc1cc2ccc(C)cc2[nH]c1=O
13081,COc1ccc(C(O)Cc2ccncc2)c2cc(C(F)(F)F)nn12
13891,COc1ccc(C(O)Cc2c(Cl)cncc2Cl)c2cc(C(F)(F)F)nn12
14318,COc1ccc(CCc2ccncc2)c2cc(C(F)(F)F)nn12
10706,CCOC(=O)c1sc(NC(=O)c2ccc(S(=O)(=O)N3CCOCC3)cc2)cc1C
10969,O=C(Cn1nnc(-c2ccccc2Cl)n1)N1CCN(S(=O)(=O)c2ccc(Cl)cc2)CC1
11383,CC(C)(C)CNC(=S)Nc1ccc2c(c1)c1ccccc1n2Cc1ccc(F)cc1
13291,CCNNC(=O)c1ccc(Cn2c3ccccc3c3ccccc32)cc1
3040,O=C(Nc1ccc(F)cc1)Nc1nnc(-c2ccncc2)s1
3115,O=C(Nc1ccc(Cl)cc1)Nc1nnc(-c2ccncc2)s1
3381,Cc1ccc(NC(=O)Nc2nnc(-c3ccncc3)s2)cc1
3533,COc1ccc(NC(=O)Nc2nnc(-c3ccncc3)s2)cc1
8839,Cc1ccsc1C(C(=O)NC1CCCCC1)N(C(=O)c1csnn1)C1CC1
2795,Cc1ccccc1S(=O)(=O)Cc1ccc(C(=O)N2CCN(c3cccc(C)c3C)CC2)o1
4231,Cc1cccc(N2CCN(C(=O)c3ccc(CS(=O)(=O)c4ccccc4C)o3)CC2C)c1
5107,Cc1ccc(-c2cc3ccccc3nc2N)cc1
7936,Cc1cccc(NC(=O)c2sc(NC(=O)c3ccco3)c(C#N)c2C)c1C
1286,c1ccc2oc(Oc3ccc(OCCN4CCCCCC4)cc3)nc2c1
3318,O=C(CCl)N1N=C(c2ccco2)CC1c1cccs1
5012,O=[N+]([O-])c1cncc([N+](=O)[O-])c1Nc1cccc(O)c1
5015,COc1cccc(Nc2c([N+](=O)[O-])cncc2[N+](=O)[O-])c1
5029,NS(=O)(=O)c1ccc(Nc2c([N+](=O)[O-])cncc2[N+](=O)[O-])cc1
6199,Cn1cnnc1Sc1nc2c(c(=O)n(C)c(=O)n2C)n1C
5368,COc1cccc(CNC(=O)Nc2cccs2)c1
10503,CSc1nsc(SCC(=O)Nc2cccc(C(C)=O)c2)n1
12267,O=C(Nc1ccc2c(c1)OCO2)c1ccc(Cl)nc1
11869,C=CCc1c(C)nc(-c2csc(C)n2)nc1Nc1ccc(C(=O)O)cc1
9840,O=C(Cn1nnc(-c2ccccc2-n2cnnn2)n1)NCc1ccccc1
12229,O=C(O)c1oc2ccccc2c1CN1CCN(c2ccccc2)CC1
754,O=C(Cc1ccccc1)N1CC[C@@H]2[C@H]1c1cc(-c3cccc(F)c3)ccc1N[C@@H]2CO
7257,O=C(NC1CCCC1)C(c1cccs1)N(Cc1ccco1)C(=O)c1csnn1
3154,O=c1oc2ccc(Br)cc2cc1S(=O)(=O)c1ccc(F)cc1
3235,CCCCCCc1cc2cc(S(=O)(=O)c3ccc(F)c(Cl)c3)c(=O)oc2cc1O
3239,CCCCCCc1cc2cc(S(=O)(=O)c3ccc(F)cc3)c(=O)oc2cc1O
1830,CCOC(=O)N1CCN(C(=O)COc2cccc3c2CCN(Cc2cccc(C)c2)C3=O)CC1
7570,COc1cc(S(=O)(=O)NCCc2ccc3c(c2)OCO3)ccc1-n1cnnn1
4826,Cc1ccc(C(=O)O)cc1-c1ccc(C=C2C(=O)c3ccccc3C2=O)o1
12424,Cc1ccc(S(=O)(=O)N(CC(=O)NCCSC2CCCCC2)c2ccccc2F)cc1
10694,Cc1cc(-c2nnco2)c(C)n1-c1ccc(F)cc1
2574,O=C(Nc1cccc(S(=O)(=O)NC2=NCCC2)c1)c1cc(-c2ccco2)nc2ccccc12
4932,COc1ccc2c(n1)Sc1nc3ccccc3nc1N2
11779,NS(=O)(=O)c1ccc(N2N=C(C(=O)O)CC2c2ccco2)cc1
11963,CS(=O)(=O)c1ccc(N2N=C(C(=O)O)CC2c2ccco2)cc1
12435,CCOC(=O)C1=C(O)C(Nc2nc3ccccc3s2)(C(F)(F)F)N=C1C
7352,CC(=O)Nc1ccc(NC(=O)CSc2nnc(C3CC3)n2C)cc1
9645,CCOc1ccc2[nH]c(=O)c(CN(Cc3ccco3)C(=O)c3cccc(F)c3)cc2c1
10417,COc1cccc(C(=O)N(Cc2ccco2)Cc2cc3cccc(C)c3[nH]c2=O)c1
10489,COc1cc(C(=O)N(Cc2ccco2)Cc2cc3ccccc3[nH]c2=O)cc(OC)c1OC
10560,COc1ccc(C(=O)N(Cc2ccco2)Cc2cc3cc(C)ccc3[nH]c2=O)cc1OC
6435,CCC(c1nnnn1CC1CCCO1)N(CCN1CCOCC1)Cc1cc2cc(C)ccc2[nH]c1=O
14311,C[C@@H]1C(=O)NN=C2COc3cc(-c4ccc5c(c4)OCCO5)c([C@@H]4CCN(C)C[C@@H]4C)cc3N21
12597,CCN(C(=O)Cn1c(=O)oc2ccccc21)C1CCS(=O)(=O)C1
9175,COc1ccc(N2CCN(C(=O)CSc3nc4c(c(=O)n(C)c(=O)n4C)n3C(C)C)CC2)cc1
1702,Cc1c(Br)c([N+](=O)[O-])nn1CC(=O)Nc1sc2c(c1C(=O)OC(C)C)CCCC2
1935,Cc1cc([N+](=O)[O-])nn1CC(=O)Nc1sc2c(c1C(N)=O)CCCC2
13846,Cc1ccc(C(=O)Nc2ccc(CN3CCN(C)CC3)c(C(F)(F)F)c2)cc1C#Cc1cncc2ccccc12
12652,CCc1ccc(OCCCN=C(C)c2c(O)n(C)c(=O)n(C)c2=O)cc1
6654,Cc1ccc2c(c1)nnn2C1CCN(CC(=O)NCCc2nc3ccccc3[nH]2)CC1
6326,O=C(NC12CCC(O)C(SC1)/C2=N/O)c1ccccc1
11895,O=c1c2ccccc2nc(-c2cccnc2)n1-c1ccc(Br)cn1
223,Cc1cc(Cl)c(S(=O)(=O)N2CCSCC2)cc1OCC(N)=O
6509,Cc1cccc(N2CCN(C(c3cccs3)c3nnnn3C(C)(C)C)CC2)c1C
2397,COc1cc2c(cc1NC(=S)NC(=O)/C=C/c1ccco1)oc1ccccc12
1261,O=C1CCCN1C1CCN(CCOc2ccc(Oc3nc4ccccc4s3)cc2)CC1
8481,Cc1n[nH]c(=O)nc1NCc1ccco1
5775,O=C(OCC(=O)C12CC3CC(CC(C3)C1)C2)c1ccccc1O
4373,c1csc(CNc2ncnc3ccc(-c4ccoc4)cc23)c1
4381,Cc1csc(CNc2ncnc3ccc(-c4ccoc4)cc23)c1
2894,COc1ccc(COc2cc(-c3cccc(OC)c3)nc3ccc(NC(=O)c4cccnc4)cc23)cc1
8608,Cc1cccc(Nc2nc3c(c(=O)n(C)c(=O)n3C)n2CC(O)CO)c1
9358,C/C(Cl)=C\Cn1c(Nc2ccccc2)nc2c1c(=O)n(C)c(=O)n2C
4945,O=C(O)c1ccc(N/N=C/C2=C(N3CCOCC3)/C(=C\c3ccccc3)CC2)cc1
4946,O=C(O)c1ccccc1N/N=C/C1=C(N2CCOCC2)/C(=C\c2ccccc2)CC1
5574,O=C(Cn1cnc2c(nnn2Cc2ccccc2)c1=O)Nc1ccc2c(c1)OCCO2
5053,Nc1nc2ccccc2n1CCOc1ccc(F)cc1
5059,COc1ccc(OCCn2c(N)nc3ccccc32)cc1
6834,COc1ccccc1OCCn1c(C(C)O)nc2ccccc21
8832,Cc1ccc(OCCn2c(CCCO)nc3ccccc32)cc1
9446,COCc1nc2ccccc2n1CCOc1ccccc1OC
9803,CC(=O)Nc1nc2ccccc2n1CCOc1ccccc1Cl
10321,COc1ccccc1OCCn1c(CO)nc2ccccc21
12429,CCOC(=O)c1ccc(N2C(=O)c3n[nH]c(C)c3C2c2ccccc2)cc1
6618,Cc1ccc(O)c(NC(=O)c2cccc(NC(=O)c3ccco3)c2)c1
10698,O=C(OCc1nc2ccc(Cl)cc2n1CCO)c1ccc2c(c1)OCO2
11025,CC1CCCCC1NC(=O)CSc1nnc(COc2ccccc2Cl)o1
14984,COc1c2c(cc3ccc(=O)oc13)O[C@@H](c1ccc(O)c(O)c1)[C@H](CO)O2
14985,COc1c2c(cc3ccc(=O)oc13)O[C@H](c1ccc(O)c(O)c1)[C@@H](CO)O2
15216,O=c1ccc2cc3c(cc2o1)O[C@H](CO)[C@@H](c1ccc(O)c(O)c1)O3
9759,COc1cccc(CN(Cc2cccnc2)S(=O)(=O)c2ccc(-n3cnnn3)c(C)c2)c1
2342,COc1cccc(/C=N/Nc2nn3cnnc3c3ccccc23)c1O
10131,CCN1CCN(Cc2nc(N)nc(Nc3ccc(C)c(C)c3)n2)CC1
10372,Cc1cccc(Nc2nc(N)nc(CN3CCN(C)CC3)n2)c1
4993,C=CCn1c(=O)/c(=C/c2ccc(O)cc2)s/c1=C(/C#N)c1nnc2n1CCCCC2
2155,O=[N+]([O-])c1ccc(O)c(/C=N\N=C2c3ccccc3-c3ccccc32)c1
15150,O=C(/C=C/c1ccc(O)c(O)c1)C[C@H](CCc1ccc(O)c(O)c1)OC1OC[C@H](O)[C@H](O)[C@H]1OC(=O)/C=C/c1ccc(O)cc1
15151,O=C(/C=C/c1ccc(O)c(O)c1)C[C@H](CCc1ccc(O)c(O)c1)O[C@@H]1OC[C@@H](O)[C@H](O)[C@H]1OC(=O)/C=C/c1ccccc1
10886,O=C(Cc1cn2ccsc2n1)NCc1ccccc1
13315,COc1ccc(C(C)(F)Cn2cc[nH]c2=O)cc1OC1CCOC1
13400,COc1ccc(C(C)Cn2cc[nH]c2=O)cc1OC1CCOC1
6072,c1ccc2c(c1)CCCN2Cc1nnnn1C1CCCC1
2817,CC(=O)Nc1nonc1-c1nc2ccccc2n1CC1CC1
6896,O=C(c1cccs1)N(Cc1nc2sc3c(c2c(=O)[nH]1)CCCC3)C1CCCC1
3577,CC(=O)NC1=NC(=O)/C(=C/c2cn(C(C)=O)nc2-c2ccccc2)S1
3674,COc1ccccc1N(C(=O)CCl)c1cn(C(C)=O)c2ccccc12
3676,CC(=O)n1cc(N(C(=O)CCl)c2ccc(C)cc2)c2ccccc21
3677,CC(=O)n1cc(N(C(=O)CCl)c2ccc([N+](=O)[O-])cc2)c2ccccc21
3687,CC(=O)n1cc(N(C(=O)CCl)c2ccc(Cl)cc2)c2ccccc21
3688,CC(=O)n1cc(N(C(=O)CCl)c2ccccc2)c2ccccc21
3727,Nc1nc(CCl)nc(Nc2cccc3ccccc23)n1
8723,CCOc1ccccc1NC(=O)N1CCCC1C(=O)Nc1nnc(CC)s1
9198,CCc1nnc(NC(=O)C2CCCN2C(=O)Nc2ccccc2OC)s1
8047,Cc1ccc(N2C(=O)CSC23C(=O)Nc2ccccc23)cc1
5378,Cc1cc(C)n(CC(O)CN2C(=O)NC(C)(C)C2=O)n1
455,COc1ccc(C2=NN(CCCCOc3ccc(C4=NNC(=O)CC4)c(F)c3F)C(=O)C2(C)C)n2cc(C(F)(F)F)nc12
12149,CSc1nc(-c2ccccc2)nn1C(=O)c1ccc(C)cc1
8772,CCCn1c(SCC(=O)NCCc2ccccc2)nnc1-c1ccccn1
11388,CC(C)(C)CNC(=S)Nc1ccc2c(c1)CCN2C(=O)Cc1ccc(F)cc1
4766,CC1(C)CC(=O)C(C(C2=C(O)CC(C)(C)CC2=O)c2ccc(Cl)c([N+](=O)[O-])c2)C(=O)C1
9771,CCOC(=O)c1c(NC(=O)CSc2nnc(CNc3ccc(OC)cc3)n2C)sc(C)c1C
14071,COc1ccc2cc(C(=O)Nc3cc(-c4ccccc4)[nH]n3)cnc2c1
11305,COc1ccc(CCNC(=O)C(C)Sc2ccccc2)cc1OC
9853,CCN1CCN(CCNC(=O)c2cn(Cc3ccccc3F)nn2)CC1
12373,Cc1nc2sc(C(c3ccc(F)cc3)N3CCOCC3)c(O)n2n1
3701,CC(=O)C1CCC2C3CCC4=CC(=O)CC[C@]4(C)[C@@]3(F)C(O)C[C@]12C
4193,CC12CCC(=O)C=C1CCC1C2C(O)CC2(C)C1CCC2(O)C(=O)CO
4263,CC(=O)[C@@]1(O)CC[C@H]2[C@@H]3C[C@H](C)C4=CC(=O)CC[C@]4(C)[C@H]3CC[C@@]21C
4264,CCCCC(=O)O[C@]1(C(=O)CO)CC[C@H]2[C@@H]3CCC4=CC(=O)CC[C@]4(C)[C@H]3[C@@H](O)C[C@@]21C
4268,CCCCCCCC(=O)OCC(=O)[C@@]1(O)CC[C@H]2[C@@H]3CCC4=CC(=O)CC[C@]4(C)[C@H]3[C@@H](O)C[C@@]21C
4271,CC(=O)OCC(=O)[C@@]1(O)CC[C@H]2[C@@H]3CCC4=CC(=O)CC[C@]4(C)[C@H]3[C@@H](O)C[C@@]21C
4280,CC(=O)O[C@]1(C(C)=O)CC[C@H]2[C@@H]3C[C@H](C)C4=CC(=O)CC[C@]4(C)[C@H]3CC[C@@]21C
4284,CCCC(=O)O[C@]1(C(=O)CO)CC[C@H]2[C@@H]3CCC4=CC(=O)CC[C@]4(C)[C@H]3[C@@H](O)C[C@@]21C
4288,CC(=O)[C@H]1CC[C@H]2[C@@H]3C[C@H](C)C4=CC(=O)CC[C@]4(C)[C@H]3[C@@H](O)C[C@]12C
5324,C[C@]12CCC(=O)C=C1CC[C@@H]1[C@@H]2[C@@H](O)C[C@@]2(C)[C@H]1CC[C@]2(O)C(=O)COC(=O)CCC(=O)O
5329,CC(=O)[C@@]1(O)CC[C@H]2[C@@H]3CCC4=CC(=O)CC[C@]4(C)[C@H]3[C@@H](O)C[C@@]21C
14741,CC(=O)[C@H]1CC[C@H]2[C@@H]3CCC4=CC(=O)CC[C@]4(C)[C@H]3CC[C@]12C
14802,CC(C)CC[C@@H](O)[C@](C)(O)[C@H]1CC[C@H]2[C@@H]3CCC4=CC(=O)CC[C@]4(C)[C@H]3CC[C@]12C
9219,Cc1cc(NC(=O)CSc2nnnn2Cc2ccccc2)no1
5248,COc1ccc(OC)c(/C=C2\Oc3cc(OCC(=O)N4CCC(C(=O)O)CC4)ccc3C2=O)c1
4624,CCOC(=O)c1ccc(/C=C2/C=C(c3ccccc3)N(c3ccc(Cl)c(C(=O)O)c3)C2=O)cc1
4506,O=C1/C(=C/c2cccnc2)Sc2ccccc21
13969,O=C(c1ccc(-c2cn3c4nc(ncc24)NCCCCCCCC(O)CCCC3)cc1)N1CCOCC1
13822,CC(=O)Nc1c(F)cc(C(=O)NC2CCC(O)CC2)cc1O[C@@H](C)c1ccccc1
7534,O=C(Cn1nnc(-c2ccc(CN3CCOCC3)cc2)n1)NC1CCCCC1
7123,Cc1nnc(Sc2nc3c(c(=O)n(C)c(=O)n3C)n2Cc2ccccc2Cl)s1
3149,CCC1=NN(C(=O)c2cccc(Br)c2)C(O)(c2ccc(Br)cc2)C1
4443,CCOC(=O)C1=NN(C(=O)c2ccc(C)cc2)C(O)(c2ccc(Cl)cc2)C1
4501,COC(=O)C1=NN(C(=O)c2ccc(Cl)cc2)C(O)(c2ccccc2)C1
4520,COC(=O)C1=NN(C(=O)c2ccc(C)cc2)C(O)(c2ccc(Cl)cc2)C1
4564,CCC1=NN(C(=O)c2ccc(Br)cc2)C(O)(c2ccccc2)C1
4623,CCOC(=O)C1=NN(C(=O)c2ccc(OC)cc2)C(O)(c2ccc(Cl)cc2)C1
4713,COC(=O)C1=NN(C(=O)c2cccc(Br)c2)C(O)(c2ccc(Cl)cc2)C1
5031,CCC1=NN(C(=O)c2ccc(Cl)cc2)C(O)(c2ccccc2)C1
5046,COC(=O)C1=NN(C(=O)c2ccccc2)C(O)(c2ccc([N+](=O)[O-])cc2)C1
7683,Clc1cccc(NCc2nnc(SCc3ccccc3)o2)c1
12371,COC(=O)c1sc(NC(=O)CSc2nc3cccnc3n2C2CCCCC2)nc1C
14602,C=C(CC[C@@H](C(=O)O)[C@H]1[C@H](O)C[C@@]2(C)C3=CC[C@H]4C(C)(C)C(=O)CC[C@]4(C)C3=CC[C@]12C)C(C)C
11734,O=C(/C=C/C=C/c1ccc2c(c1)OCO2)N1CCCC1
13407,Cc1c(C(C)C)c(=O)on1C(=O)N(C)c1ccccn1
3627,COc1ccc(Nc2nc(-c3cccs3)nc3ccccc23)cc1S(=O)(=O)N1CCOCC1
9006,Cc1ccc(NCc2nnc(SCC(=O)NCc3ccco3)n2CC2CCCO2)cc1Cl
12912,CC(Sc1nc2ccccc2[nH]1)C(=O)Nc1ccc2c(c1)OCCO2
8962,O=C(NCC1CCCCC1)C1CCCN(C(=O)NC2CCCCC2)C1
9133,COc1ccccc1CNS(=O)(=O)c1cccc(S(=O)(=O)N2CCOCC2)c1
14732,CC(=O)O[C@H]1CC[C@]2(C)[C@H](CC[C@@](C)(O)[C@@H]2COc2ccc3ccc(=O)oc3c2)C1(C)C
14848,CC1(C)[C@H](O)CC[C@]2(C)[C@@H]1CC[C@@](C)(O)[C@@H]2COc1ccc2ccc(=O)oc2c1
14849,CC1(C)[C@H]2CC[C@@](C)(O)[C@H](COc3ccc4ccc(=O)oc4c3)[C@]2(C)CC[C@@H]1O
14221,Cc1c(C(C)C)c(=O)on1C(=O)N1CCSCC1
3260,COc1ccc(/C=C2/SC(=O)N(CCC(=O)Nc3ccccc3)C2=O)cc1OC
5968,COCCCn1c(SCC(=O)NC(C)C)nnc1-c1ccccc1
6269,COCCSc1nnc(-c2cccc(C#N)c2)n1C
6380,COc1ccccc1-c1nnc(SCC(=O)O)n1C
6563,COc1cccc(-c2nnc(SCCC(=O)O)n2C)c1
7963,CCOC(=O)CSc1nnc(-c2ccc(OC)cc2)n1CC
8272,CCn1c(SCC(N)=O)nnc1-c1ccc(OC)c(OC)c1
8326,COc1ccc(-c2nnc(SC)n2C)cc1
8774,COCCn1c(SCC(=O)OC(C)C)nnc1-c1ccccc1
10846,Cc1ccc(-c2nnc(SCC#N)n2N)cc1
10856,CCOC(=O)CSc1nnc(-c2cccc(Cl)c2)n1CC
10956,CCn1c(SCC(=O)O)nnc1-c1ccccc1
12103,CCOC(=O)CNC(=O)CSc1nnc(-c2ccccc2OC)n1CC
6757,COc1ccc(N=c2oc3cc(O)ccc3cc2C(=O)NCC2CCCO2)cc1
6843,Cc1ccc2cc(CN(CCCN(C)C)C(=O)NCc3ccccc3)c(=O)[nH]c2c1C
9895,COc1ccc2[nH]c(=O)c(CN(CCN(C)C)C(=O)NCc3ccccc3)cc2c1
2422,CCN1C(=O)N/C(=C/c2ccc(C)o2)C1=O
9954,CC(=O)Nc1cc(OC(C)=O)c2nonc2c1OC(C)=O
1146,CC(Cc1ccc(-c2cnc(N)nc2)cc1)c1nc2cc(C#N)ccc2n1Cc1ccccc1Cl
1159,N#Cc1ccc2c(c1)nc(CCc1ccc(-c3cnc(N)nc3)cc1)n2Cc1ccccc1Cl
5885,O=C(NCCSc1ccccc1)c1ccco1
2798,Cc1ccnc(NC(=O)CSc2cc(=O)n(C)c3ccccc23)c1
13062,CCCCC#Cc1ccc(NC2CCN(C(=O)CC3CC3)CC2)c(C(N)=O)c1
4651,COC(=O)c1c(NC(=O)CN2C(=O)NC3(CCc4ccccc4C3)C2=O)sc2c1CCCCC2
5764,CN(c1ccccc1)S(=O)(=O)c1cccc(C(=O)NCC(=O)Nc2ccc(F)c(F)c2F)c1
1613,Cc1ccc(NC(=O)Cn2cnc3sc(C(=O)NCCN(C)C)c(C)c3c2=O)cc1Cl
8510,Cc1ccc(C(=O)CSc2nnc(-c3ccco3)n2CC2CCCO2)cc1
6171,Cc1cc(C(=O)c2cccs2)c(N)s1
606,CC(C)N(Cc1ccccc1)C(=O)COC(=O)c1cnc(Cl)c(Cl)c1
9671,CCC(=O)N1CCN(C(C)=O)C1c1ccccc1
438,COc1ccc(C2=NN(CCCCOc3ccc(C4=NNC(=O)CC4C)cc3)C(=O)CC2C)c2cc(C(F)(F)F)nn12
440,CCc1cc2c(C3=NN(CCCCOc4ccc(C5=NNC(=O)CC5C)cc4)C(=O)CC3)ccc(OC)n2n1
441,CCc1cc2c(C3=NN(CCCCOc4ccc(C5=NNC(=O)CC5C)cc4)C(=O)CC3C)ccc(OC)n2n1
442,COc1ccc(C2=NN(CCCCOc3ccc(C4=NNC(=O)CC4)cc3)C(=O)CC2C)c2cc(C(F)(F)F)nn12
449,COc1ccc(C2=NN(CCCCOc3ccc(C4=NNC(=O)CC4)c(F)c3F)C(=O)CC2C)c2cc(C(F)(F)F)nn12
11311,COc1cccc(C2C(C(=O)Nc3nc4ccccc4s3)=C(C)NC3=C2C(=O)CC(C)(C)C3)c1OC
7508,CC(c1ccccc1F)n1cc(C(=O)NCCc2ccco2)nn1
3171,Fc1cccc(Cl)c1/C=N/Nc1c(Cl)cncc1Cl
1327,COc1ccccc1OCCn1cc(C(=O)c2ccco2)c2ccccc21
11356,Cc1ccc(S(=O)(=O)n2cc(C=O)c3ccccc32)cc1
3821,COC(=O)C1=C(C(=O)OC)[C@@H]2N(Cc3ccccc3)c3ccccc3[C@@]23C[C@@H](C(=O)OC)N(C(=O)c2ccc(Br)cc2)C3=N1
10597,Cc1nc2ccc(Cl)cc2nc(C)/c1=N\O
8113,c1ccc(CCn2nnnc2CN2CCc3ccccc32)cc1
2512,COc1cc(Cl)c(C)cc1NC(=O)c1ccc2c(SCC(=O)O)c3c(nc2c1)CCCC3
8173,Cc1ccc(S(=O)(=O)NCCCCCC(=O)Nc2nccs2)cc1
519,Clc1nc(CN2CCCCC2)nc2sc3c(c12)CCCC3
10633,Cc1cc(C)c(NC(=O)CCCOC(=O)C2=COCCO2)c(C)c1
12156,CCOc1cc(C(=O)N2CCN=C2SC)cc(OCC)c1OCC
4370,CN(Cc1ccco1)c1ncnc2ccc(-c3ccoc3)cc12
12050,Cc1ccc(-n2nc(C(=O)c3ccccc3)n3c(=O)cc(-c4ccccc4)nc23)cc1
10032,CCOc1ccc(CN2CCN(c3cc(C)nc4c5c(C)cc(C)nc5nn34)CC2)cc1
11503,CN1CCN(CCCCCOc2cccc(N3C(=O)S/C(=C\c4ccc(Oc5ccc(N)cc5)cc4)C3=O)c2)CC1
11595,CN1CCN(CCCCCOc2cccc(N3C(=O)S/C(=C\c4ccc(Oc5ccc(F)cc5)cc4)C3=O)c2)CC1
11876,Cc1ccc(Oc2ccc(/C=C3\SC(=O)N(c4cccc(OCCCCCN5CCN(C)CC5)c4)C3=O)cc2)cc1
11888,CN1CCN(CCCCCOc2cccc(N3C(=O)S/C(=C\c4ccc(Oc5ccc(Br)cc5)cc4)C3=O)c2)CC1
11892,CN1CCN(CCCCCOc2cccc(N3C(=O)S/C(=C\c4ccc(Oc5ccc(Cl)cc5)cc4)C3=O)c2)CC1
11912,COc1ccc(Oc2ccc(/C=C3\SC(=O)N(c4cccc(OCCCCCN5CCN(C)CC5)c4)C3=O)cc2)cc1
13049,CN1CCN(CCCCCOc2cccc(N3C(=O)S/C(=C\c4ccc(Oc5ccc(C#N)cc5)cc4)C3=O)c2)CC1
13440,CN1CCN(CCCCCOc2cccc(N3C(=O)S/C(=C\c4ccc(Oc5ccc([N+](=O)[O-])cc5)cc4)C3=O)c2)CC1
12848,COc1cc(CC(=O)NCCc2ccc(OCc3ccccc3)cc2)c([N+](=O)[O-])cc1OC
2519,COc1cc(NC(=O)c2cccs2)ccc1NC(=O)c1cc2ccccc2o1
10672,O=C(Nc1ccccn1)c1cccnc1
2644,COc1ccc(/C=C2\SC(=S)N(CCC(=O)Nc3ccc(C(=O)O)cc3)C2=O)cc1OC
9494,COc1ccccc1NC(=O)CSc1nnc(-c2ccncc2)n1CC1CCCO1
6727,Cc1ccc(S(=O)(=O)N(CC(O)CN2CCCC2)c2ccccc2)cc1
13938,Cc1c(C(C)C)c(=O)on1C(=O)N1CCN(c2ccccc2Cl)CC1
14274,Cc1c(C(C)C)c(=O)on1C(=O)N1CCN(c2ccccc2)CC1
2502,COc1ccc(NC(=O)c2cc3c(=O)n(C)c4ccccc4c3s2)cc1OC
3045,COC(=O)c1ccc(C(=O)OC)c(NC(=O)N2c3ccccc3Sc3ccccc32)c1
4081,O=C(Nc1nnc(S(=O)(=O)N2CCCCCC2)s1)c1cccc(Br)c1
5832,COc1cc(C)ccc1OCc1cc(C(=O)NC(c2ccccn2)C(F)(F)F)no1
10429,COc1ccc(N2CCN(CCNC(=O)c3nnc(Cc4c(F)cccc4Cl)o3)CC2)cc1
14811,CC1(C)C(=O)C=C[C@]2(C)[C@H]3CC[C@]4(C)C(=CC[C@@]5(C(=O)O)CC[C@@](C)(COC(=O)/C=C/c6ccc(O)cc6)C[C@H]54)[C@]3(C)CC[C@@H]12
14812,CC1(C)C(=O)C=C[C@]2(C)[C@H]3CC[C@]4(C)C(=CC[C@@]5(C(=O)O)CC[C@@](C)(COC(=O)/C=C\c6ccc(O)cc6)C[C@H]54)[C@]3(C)CC[C@@H]12
1910,CN1C(=O)S/C(=C\c2ccccc2OCc2ccc(C(=O)O)cc2)C1=O
3738,COc1ccc(-c2nc3cc(C(C)C)ccc3o2)cc1NC(=O)c1cccnc1
6330,CCc1ccc2oc(-c3cccc(NC(=O)c4cccnc4)c3)nc2c1
8301,CC(C)(C)NC(=O)C(c1ccncc1)N(C(=O)c1csnn1)C1CC1
6066,CCc1nnc(NC(=O)CSc2nnc(CNc3ccc(Cl)cc3)o2)s1
10951,CC(=O)c1c(C)[nH]c(C(=O)COC(=O)CNS(=O)(=O)c2ccccc2)c1C
12462,CCN1CCN(C(=S)c2ccc(OCC(=O)N3CCOCC3)cc2)CC1
3714,O=C(Nc1ccc(Br)c2ccccc12)c1ccc2ccccc2c1O
10068,Cc1ccc(Nc2nc(N)nc(CN3CCN(C(=O)c4ccco4)CC3)n2)cc1Cl
6485,COc1ccc(-n2nnnc2SCC(=O)Nc2ccc3c(c2)OCCO3)cc1OC
7901,COc1ccc(OC)c(-n2nnnc2SCC(=O)Nc2ccc3c(c2)OCCO3)c1
8110,COc1ccc(-n2nnnc2SCC(=O)Nc2ccc3c(c2)OCCO3)c(OC)c1
7664,CC(C)c1nc(SCC(=O)N2CCCC2)c2ccccc2n1
8928,CCCc1nc(SCC(=O)N2CCCC2)c2ccccc2n1
14042,CC1CN(c2cncnc2)Cc2cc(C(=O)Nc3ccc(CN4CCN(C)CC4)c(C(F)(F)F)c3)ccc21
11316,Cc1cc(=O)oc(C)c1C(=O)NC12CC3CC(CC(C3)C1)C2
356,CC(C)C(OC(=O)c1nsc(Cl)c1Cl)C(=O)NCc1ccc2c(c1)OCO2
6378,CCOC(=O)C1C2C=CC3(CN(c4ccccc4CC)C(=O)C13)O2
6712,O=S(=O)(NCc1ccco1)c1cccc(S(=O)(=O)N2CCOCC2)c1
10942,NC(=O)C1CC(O)CN1c1nc(CN2CCOCC2)nc2scc(-c3ccccc3)c12
11960,CC1(C)Cc2c(sc(NC(=O)C(=O)NCCCN3CCOCC3)c2C(N)=O)CO1
1362,N#CC1=C(N)C(C#N)(C#N)[C@H](c2ccncc2)[C@H]2CN(C(=O)OCc3ccccc3)CC=C12
8569,COC(=O)c1oc2ccc(Br)cc2c1NC(=O)CCN1CCOCC1
7481,O=C(CN1CCC(c2nc3ccccc3[nH]2)CC1)NCc1ccc2c(c1)OCO2
14743,CC(=O)c1ccc2c(c1O)CC[C@H]1C3=C(CC[C@]21C)C(=O)OC3
3751,COc1ccccc1NS(=O)(=O)c1cccc(-n2c(O)c(C=Nc3ccccc3C(=O)O)c3ccccc3c2=O)c1
1588,Oc1ccc(-c2csc(-c3ccccc3)n2)cc1O
12746,C=CCNC(=O)c1ccc(-c2nc(-c3ccc(Cl)cc3Cl)cs2)cc1
5581,O=C(Nc1ccc(-c2ccc(N3CCCCC3)nn2)cc1)c1ccc(Br)o1
2086,CCOC(=O)c1cc2c(N)c(C(=O)c3cc(C#N)c(SC)nc3C)sc2nc1C
1739,O=C(Nc1cccc(-c2cn3ccccc3n2)c1)c1cccc(Cl)c1
1538,O=C(Nc1ccccc1)N(CCc1ccncc1)C1CCCCC1
2152,CCOc1ccc(C(=O)Nc2cc(-c3nc4ccccc4[nH]3)ccc2Cl)cc1[N+](=O)[O-]
14714,CC(=O)OC[C@H]1O[C@@H](O[C@H]2CC[C@]3(C)C4C(=O)C=C5[C@@H]6C[C@@](C)(C(=O)O)CC[C@]6(C)CC[C@@]5(C)[C@]4(C)[C@@H](O)C[C@H]3C2(C)C)[C@H](O)[C@@H](O)[C@@H]1O
14715,CC(=O)OC[C@H]1O[C@@H](O[C@H]2CC[C@]3(C)C4C(=O)C=C5[C@@H]6C[C@@](C)(C(=O)O)CC[C@]6(C)C[C@H](O)[C@@]5(C)[C@]4(C)CC[C@H]3C2(C)C)[C@H](O)[C@@H](O)[C@@H]1O
14845,CC1(C)[C@@H](O[C@@H]2O[C@H](CO)[C@@H](O)[C@H](O)[C@H]2O)CC[C@]2(C)C3C(=O)C=C4[C@@H]5C[C@@](C)(C(=O)O)CC[C@]5(C)CC[C@@]4(C)[C@]3(C)[C@@H](O)C[C@@H]12
14846,CC1(C)[C@@H](O[C@@H]2O[C@H](CO)[C@@H](O)[C@H](O)[C@H]2O)CC[C@]2(C)C3C(=O)C=C4[C@@H]5C[C@@](C)(C(=O)O)CC[C@]5(C)C[C@H](O)[C@@]4(C)[C@]3(C)CC[C@@H]12
13556,COc1ccc(CNc2c(Cl)cncc2Cl)c2cc(C(F)(F)F)nn12
4699,CCCOc1ccc(-c2csc3ncn(Cc4ccc(C(=O)O)cc4)c(=O)c23)cc1
4723,CCc1ccc(-c2csc3ncn(Cc4ccc(C(=O)O)cc4)c(=O)c23)cc1
8184,O=C(CN1CCOCC1)Nc1ccc(S(=O)(=O)NC2CCCCC2)cc1
2364,Cc1ccc(NC(=O)CN2C(=O)N/C(=C/c3cccn3-c3ccc(C(=O)O)cc3)C2=O)cc1
2384,Cc1ccc(NC(=O)c2cc(N3C(=O)C=CC3=O)ccc2Cl)cc1C
1043,CN1C(=O)/C(=C/c2cccn2-c2ccc3ccccc3c2)C(=O)NC1=S
14275,Cc1ccc(S(=O)(=O)N2CCC(C(=O)Nc3cccc4cccnc34)CC2)c(C)c1
10189,Cc1nc2nc3c(cn2n1)C(=O)CC(c1ccccc1)C3
4352,COc1ccccc1[C@]1(C)ON(c2ccccc2C(F)(F)F)C1=O
4364,COc1ccc([C@@]2(C(C)C)ON(c3ccccc3C(F)(F)F)C2=O)cc1
4365,CC[C@@]1(c2ccccc2OC)ON(c2ccccc2C(F)(F)F)C1=O
4366,COc1ccc([C@]2(C(C)C)ON(c3ccccc3C(F)(F)F)C2=O)cc1
14832,CC1(C)OC(=O)C=C[C@]2(C)[C@H]3CC[C@@]4(C)[C@H](C5=CC(=O)NC5=O)C[C@H]5O[C@]54[C@]3(C)C(=O)C[C@@H]12
3030,CS(=O)(=O)c1ccc2nc(NC(=O)Nc3cccc(Cl)c3)sc2c1
5556,CCOc1ccc(NC(=O)Nc2nc3ccc(S(C)(=O)=O)cc3s2)cc1
13961,O=C(NCc1ccc(Cl)cc1Cl)N1CCC(O)(c2ccccc2)CC1
14283,O=C(NCc1ccc(Cl)cc1Cl)N1CCC(c2ccc(OC(F)(F)F)cc2)CC1
3456,Nc1ncnc(Sc2ncccn2)c1[N+](=O)[O-]
3461,Cc1cc(C)nc(Sc2ncnc(N)c2[N+](=O)[O-])n1
7776,COc1ccc(OC)c(S(=O)(=O)n2cccn2)c1
8012,COc1cc(C)c(S(=O)(=O)n2ccc(C)n2)cc1C
9418,COc1cc(Cl)ccc1S(=O)(=O)n1nc(C)cc1C
80,CCOC(=O)c1[nH]c2cc3c(cc2c1NC(=O)CN1CCC(C)CC1)OCO3
7848,CC(C)OC(=O)C1C(=O)NC2(C)CC1c1ccccc1O2
11984,COc1ccc2cc(C(=O)NC(C)c3ccncn3)cnc2c1
196,CSc1ccccc1NS(=O)(=O)c1ccc2c(c1)OCCO2
8526,CCCNC(=O)c1ccccc1NS(=O)(=O)c1ccc2c(c1)OCCO2
2775,COc1cc2nc(CN3CC=C(c4ccccc4)CC3)[nH]c(=O)c2cc1OC
14650,C=C1CC[C@H]2C(C)(C)CCC[C@]2(C)[C@H]1/C=C/C(=O)O
14652,C=C1CC[C@H]2C(C)(C)CCC[C@]2(C)[C@H]1C/C=C(/C=O)CO
4180,COc1cccc(-c2c(C(=O)N/N=C/c3sccc3C)nnn2-c2nonc2N)c1
15175,O=C1/C(=C/c2ccc(O)c(O)c2)Oc2cc(O)ccc21
14478,CS(=O)(=O)Nc1cc(C(=O)O[C@@H](Cc2c(Cl)c[n+]([O-])cc2Cl)c2ccc(OC(F)F)c(OCC3CC3)c2)ccc1OCc1ccccc1
10879,O=C(CNC(=O)c1ccc(Cl)cc1)NCCCn1ccnc1
5159,COc1ccc(C(C[N+](=O)[O-])c2c(C)cc3ccccn23)c(OC)c1
4291,Cc1ccc(S(=O)(=O)N[C@@H](Cc2ccccc2)C(=O)CCl)cc1
7463,COc1ccc(CCNS(=O)(=O)c2ccc(F)cc2)cc1OC
8938,COc1ccc(OC)c(S(=O)(=O)NCCc2ccccc2)c1
9861,O=C(Nc1ccc(Cl)cc1)N1CCC(c2nc(-c3ccc(F)cc3)no2)CC1
58,Cc1cc(=O)n(CC(C)O)c(O)c1C#N
9849,Cc1cc(=O)n(CCO)c(O)c1C#N
11064,CCOC(=O)c1cc(C(C)=O)c(=O)n(C)c1N
3805,C[C@@]12CCC=C[C@H]1[C@H](c1ccc(C(F)(F)F)cc1)N(Cc1ccccc1)C2=O
3807,C[C@@H]1CC=C[C@H]2[C@H]1C(=O)N(Cc1ccccc1)[C@H]2c1cccc([N+](=O)[O-])c1
5763,CC(C(=O)Nc1ccc(S(=O)(=O)N2CCCC2)cc1)N1CCN(c2ccccc2O)CC1
5778,O=C(CN1CCN(c2ccc(O)cc2)CC1)Nc1ccc(S(=O)(=O)N2CCCC2)cc1
2725,O=C(CN1CC(=O)Oc2ccccc21)OCC(=O)c1ccccc1
1156,N#Cc1ccc2c(c1)nc(CCc1ccc(-c3cnc(N)cn3)cc1)n2Cc1ccccc1Cl
2859,Brc1ccc2ncnc(Nc3ccc(N4CCOCC4)cc3)c2c1
8983,O=S(=O)(c1ccc(S(=O)(=O)N2CCN3CCCC3C2)cc1)N1CCCC1
14089,C[C@@](O)(C#Cc1ccc2c(c1)N(c1nc(N)ncc1Cl)CC2)c1nccs1
1465,CC(C(=O)O)C1SC(=O)NC1=O
6325,O=C(O)CC1SC(=O)NC1=O
5635,CCCCn1c(N)c(N(CC(C)C)C(=O)c2cc(=O)[nH]c3ccccc23)c(=O)[nH]c1=O
4547,O=S(=O)(Nc1cc2nc3ccccc3nc2n1Cc1ccccc1)c1ccc(Cl)cc1
6244,CC(C)Oc1ccc(C2NC(=O)NC2=O)cc1
8755,CC(C)COc1ccc(C2NC(=O)NC2=O)cc1
9536,c1cnc2ccc(C(c3nnnn3C3CCCC3)N3CCN(c4nc5ccccc5s4)CC3)cc2c1
1509,Cc1ccc(-c2nnc(N3CCN(C(=O)CN4C(=O)c5ccccc5C4=O)CC3)c3ccccc23)cc1
3012,Cn1cc(/C=C2/SC(=O)N(CC(=O)Nc3ccc4c(c3)OCO4)C2=O)c2ccccc21
532,Cc1cc(O)c(C(C)C)cc1C1(c2cc(C(C)C)c(O)cc2C)OC(=O)c2ccccc21
6050,O=S(=O)(NCc1ccncc1)c1ccc(S(=O)(=O)NCC2CCCO2)cc1
14931,COC1=C2[C@@H]3Cc4ccc(OC)c(O)c4[C@]2(CCN3C=O)C[C@H](O)[C@@H]1O
3116,O=c1cc(C(F)(F)F)[nH]c2c(C(F)(F)F)cccc12
7296,COCCNC(=O)c1c[nH]c2cc(OC)c(OC)cc2c1=O
8875,CCOc1ccc2[nH]cc(C(=O)O)c(=O)c2c1
9942,CCN(CC)Cc1c(C)[nH]c2ccc(OC)cc2c1=O
12728,C=CCn1cc(C(=O)NCCCOC)c(=O)c2cc(S(=O)(=O)N(CC)CC)ccc21
14888,CCCCCCCc1cc(=O)c2ccccc2[nH]1
7862,CCOC(=O)c1snc(-c2ccc(F)cc2)c1N
5393,COCCNC(=O)Cn1cc2c(n1)CCCCC2
12347,Cc1cccc(OCC(O)CNC(=O)c2ccccc2C(=O)O)c1
660,C(=Cc1c[nH]c2ccccc12)c1nccc2ccccc12
13252,Cc1ccc(CN(C)C(=O)n2oc(=O)c(C(C)C)c2C)cc1
13613,Cc1c(C(C)C)c(=O)on1C(=O)N(C)Cc1ccc(F)cc1
14308,Cc1c(C(C)C)c(=O)on1C(=O)N(C)Cc1cccc(F)c1
14309,Cc1c(C(C)C)c(=O)on1C(=O)N(C)Cc1ccccc1
14339,Cc1c(C(C)C)c(=O)on1C(=O)N(C)Cc1ccccc1F
3245,COc1ccc2c(C)cc(SCC(=O)Nc3ccc(Cl)cn3)nc2c1
5359,Cc1cc(C(=O)OCC(=O)NCc2ccco2)c(C)n1-c1ccccc1
3123,CCOC(=O)N1CCN(CC(=O)Nc2ccc([N+](=O)[O-])cc2C(=O)Nc2ccccc2F)CC1
11023,Cc1ccnc2ccc(-c3nc4ccccc4o3)cc12
14002,Cc1ccc(S(=O)(=O)N2CCC(C(=O)Nc3cccc4cnccc34)CC2)c(C)c1
3094,Cc1ccc(N(NC(=O)C(O)(c2ccccc2)c2ccccc2)C(=O)CCl)cc1
5501,COc1ccc(-c2cc(C3CCN(c4ccc(C(C)=O)cc4[N+](=O)[O-])CC3)[nH]n2)cc1
13312,Cn1c(-c2ccc(NC(=O)C3CCN(S(=O)(=O)c4ccccc4Cl)CC3)cc2)nc2ccccc21
13735,O=C(NC1CCN(CC(F)(F)F)CC1)c1ccc(-c2cccc(=O)[nH]2)nc1
9663,O=C(CN(CC1CCCO1)S(=O)(=O)c1ccc(S(=O)(=O)NC2CC2)cc1)Nc1ccccc1
7403,CCc1c(C)nc(N)n2c(SCC(=O)N3CCCc4ccccc43)nnc12
5466,N#Cc1c2c(c(-n3cnc4ccccc43)n3c1nc1ccccc13)CCC2
10557,Cn1cccc1C1NC(=O)c2c(sc3c2CCC(C(C)(C)C)C3)N1
7225,COc1ccc(-n2c(SCC(=O)N3CCCC(C)C3)nnc2-c2cccnc2)cc1
8899,COc1ccc(-n2c(SCC(=O)N3CCCCC3)nnc2-c2cccnc2)cc1
8910,COc1ccc(-n2c(SCC(=O)N3CCCCC3C)nnc2-c2cccnc2)cc1
8666,COc1ccc2cc(C)c(SCC(=O)Nc3cc(C)on3)nc2c1
9034,CCc1cc2ccccc2nc1SCC(=O)Nc1cc(C)on1
952,CNc1ncc2cc(-c3cc(NC(=O)Nc4cccc(C(F)(F)F)c4)ccc3C)ccc2n1
9475,COc1ccc(OC)c(C(C(=O)NCc2ccco2)N(C(=O)Cn2nnc3ccccc32)C(C)C)c1
319,Cc1cc(Cl)c(OCCCSc2nc(C)cc(=O)[nH]2)c(Br)c1
1042,COC(=O)c1ccccc1NC(=O)c1ccc(-c2cccc(Cl)c2)o1
2825,COC(=O)c1ccccc1NC(=O)c1ccc(-c2ccccc2F)o1
2418,COc1ccc(NC(=S)Nc2cccc3cnccc23)cc1
1756,O=C(c1cnccn1)N1CCN(c2ccccc2)CC1
12672,Cc1cccc(C(=O)NC(NCCc2ccccc2)C(Cl)(Cl)Cl)c1
3519,O=C(O)c1ccc(NC2=C/C(=N/S(=O)(=O)c3ccccc3)c3ccccc3C2=O)cc1
4036,CCc1ccc(S(=O)(=O)/N=C2\C=C(Nc3ccc(O)cc3)C(=O)c3ccccc32)cc1
4037,COc1ccc(S(=O)(=O)/N=C2\C=C(Nc3ccc(O)cc3)C(=O)c3ccccc32)cc1
4038,Cc1cc(C)c(S(=O)(=O)/N=C2\C=C(Nc3ccc(C(=O)O)cc3)C(=O)c3ccccc32)c(C)c1
4039,Cc1ccc(S(=O)(=O)/N=C2\C=C(Nc3cccc(C(=O)O)c3)C(=O)c3ccccc32)cc1
4043,COC(=O)c1ccccc1NC1=C/C(=N\S(=O)(=O)c2ccc(C(=O)O)cc2)c2ccccc2C1=O
4044,O=C(O)c1ccc(S(=O)(=O)/N=C2\C=C(Nc3ccccc3F)C(=O)c3ccccc32)cc1
4125,CCc1ccc(S(=O)(=O)/N=C2\C=C(Nc3cccc(C(=O)O)c3)C(=O)c3ccccc32)cc1
4140,Cc1ccccc1NC1=C/C(=N\S(=O)(=O)c2ccc(C(=O)O)cc2)c2ccccc2C1=O
4141,Cc1ccc(S(=O)(=O)/N=C2\C=C(Nc3cccc(C(=O)O)c3)C(=O)c3ccccc32)c(C)c1
748,Cn1cnc(CCNC(=O)C[C@@H]2CC[C@@H]3[C@H](COC[C@@H](O)CN3C(=O)Nc3ccc(C(F)(F)F)cc3)O2)c1
5230,COc1ccccc1N1CCN(C2CCCCC2NS(=O)(=O)c2ccc(Cl)cc2)CC1
8738,O=C(Cn1c(=O)oc2ccccc21)N1CCCCC1
10783,CC1CCCN(C(=O)Cn2c(=O)oc3ccccc32)C1
10870,CCC1CCCCN1C(=O)Cn1c(=O)oc2ccccc21
10052,O=c1cc(CN2CCN(CCO)CC2)c2cc3c(cc2o1)CCC3
12488,CS(=O)(=O)N(Cc1ccccc1)c1ccc(C(=O)NCc2ccccc2)cc1
14264,O=C(NCc1ccc(Cl)cc1Cl)N1CCN(c2ccccn2)CC1
7869,O=C(NC1CCCCC1)c1cc2nc(-c3ccco3)cc(C(F)(F)F)n2n1
5207,CSc1sccc1/C=C(/C#N)C(=O)c1ccco1
11270,CC(C)c1ccc(NC(=O)C[n+]2ccn(C3=C([O-])c4ccccc4C3=O)c2)cc1
11299,Cc1ccc(NC(=O)C[n+]2ccn(C3=C([O-])c4ccccc4C3=O)c2)cc1
8314,COc1ccc(CC(NC(C)=O)C(=O)NC2CCN(C(=O)NCc3ccccc3)CC2)cc1OC
4796,Cc1cc(C)c2c(=O)n(CC(=O)NC3CCCC3)sc2n1
5646,CCOc1ccc(S(=O)(=O)N2CCN(C(=O)c3ccccc3Cc3ccccc3)CC2)cc1
8501,CC1CCN(C(=O)CN2C(=O)c3ccccc3S2(=O)=O)CC1
1468,Cn1c(=O)cc(OCCCC(=O)N2CCN(Cc3ccc4c(c3)OCO4)CC2)c2ccccc21
4311,Nc1ncnc2c1c(-c1ccc(Oc3ccccc3)cc1)cn2C1CCCC1
11113,O=C1c2ccccc2C(=O)N1CCSc1nnc(-c2ccco2)n1Cc1ccccc1
10784,CC1(c2ccccc2Cl)NC(=O)N(CC(=O)NC(=O)NCc2ccco2)C1=O
7353,COc1ccc(N2CCN(C(=O)Cn3nnc(-c4cccs4)n3)CC2)cc1
9523,CCOc1cccc(NC(=O)C2CCCN(S(=O)(=O)c3ccc(-n4cnnn4)cc3)C2)c1
14873,CCCCCCC/C=C/C=C/C(=O)OCC1=C[C@@H]2C[C@]3(C=C(C)[C@H](O)[C@@]3(O)[C@@H]1O)[C@H](C)C[C@@H]1[C@H]2C1(C)C
14874,CCCCCCC/C=C/C=C/C(=O)O[C@H]1C(C)=C[C@]23C[C@@H](C=C(CO)[C@@H](O)[C@]12O)[C@H]1[C@@H](C[C@H]3C)C1(C)C
14875,CCCCCCC/C=C\C=C\C(=O)OCC1=C[C@@H]2C[C@]3(C=C(C)[C@H](O)[C@@]3(O)[C@@H]1O)[C@H](C)C[C@@H]1[C@H]2C1(C)C
14876,CCCCCCC/C=C\C=C\C(=O)O[C@@H]1C(COC(C)=O)=C[C@@H]2C[C@]3(C=C(C)[C@H](O)[C@@]13O)[C@H](C)C[C@@H]1[C@H]2C1(C)C
14877,CCCCCCC/C=C\C=C\C(=O)O[C@H]1C(C)=C[C@]23C[C@@H](C=C(CO)[C@@H](O)[C@]12O)[C@H]1[C@@H](C[C@H]3C)C1(C)C
14878,CCCCCCC/C=C\C=C\C(=O)O[C@H]1C(C)=C[C@]23C[C@@H](C=C(COC(C)=O)[C@@H](O)[C@]12O)[C@H]1[C@@H](C[C@H]3C)C1(C)C
14881,CCCCCCCCCCCC(=O)O[C@@]12C[C@@H](C)[C@]34C=C(C)[C@H](O)[C@@]3(O)[C@H](O)C(CO)=C[C@H](C4)[C@@H]1C2(C)C
14882,CCCCCCCCCCCC(=O)O[C@@]12C[C@@H](C)[C@]34C=C(C)[C@H](OC(=O)C(C)C(C)C)[C@@]3(O)[C@H](O)C(CO)=C[C@H](C4)[C@@H]1C2(C)C
14883,CCCCCCCCCCCC(=O)O[C@@]12C[C@@H](C)[C@]34C=C(C)[C@H](OC(=O)C(C)C(C)C)[C@@]3(O)[C@H](OC(C)=O)C(COC(C)=O)=C[C@H](C4)[C@@H]1C2(C)C
14884,CCCCCCCCCCCC(=O)O[C@@]12C[C@@H](C)[C@]34C=C(C)[C@H](OC(C)=O)[C@@]3(O)[C@H](O)C(COC(C)=O)=C[C@H](C4)[C@@H]1C2(C)C
14885,CCCCCCCCCCCC(=O)O[C@@]12C[C@@H](C)[C@]34C=C(C)[C@H](OC(C)=O)[C@@]3(O)[C@H](OC(C)=O)C(COC(=O)C(C)C(C)C)=C[C@H](C4)[C@@H]1C2(C)C
8242,O=C(CN1CCOCC1)N1CCN(C(=O)CN2CCOCC2)CC1
6001,Cc1cc2cc(CN(Cc3cccs3)Cc3nnnn3CC3CCCO3)c(=O)[nH]c2cc1C
6247,Cc1ccc2cc(CN(Cc3cccs3)Cc3nnnn3CC3CCCO3)c(=O)[nH]c2c1
7860,Cc1cc(C)c2cc(CN(Cc3cccs3)Cc3nnnn3CC3CCCO3)c(=O)[nH]c2c1
9790,Cc1ccc2[nH]c(=O)c(CN(Cc3cccs3)Cc3nnnn3CC3CCCO3)cc2c1
10065,CCCS(=O)(=O)N1CCc2cc(OC)c(OC)cc2C1
14894,CCOC(=O)CC[C@@H]1NCCc2cc(O)c(O)cc21
1518,Cc1nn(-c2ccccc2)c2sc(C(=O)O)cc12
2261,O=C1CC(c2ccco2)Cc2nc(Nc3nc(-c4ccccc4)c4ccccc4n3)ncc21
1873,Cc1ccc(CNc2ccc(S(=O)(=O)N3CCOCC3)cc2[N+](=O)[O-])cc1
6423,c1ccc(CNc2c3c(nc4ncnn24)CCCC3)nc1
8625,Cc1cc(NC(=O)Cn2nc(-c3ccccc3F)ccc2=O)ccc1-n1cnnn1
10443,CN1CCN(c2nc3c(c(=O)[nH]c(=O)n3C)n2CCCSc2ncccn2)CC1
5333,O=C(N1CCN(c2ccccn2)CC1)N1c2ccccc2Sc2ccccc21
984,N#C/C(=C1/Nc2ccccc2S1)c1ccnc(NCc2cccnc2)n1
7073,Cc1[nH]c(=O)[nH]c(=O)c1NC(=O)CSc1ncccc1-c1nc2ccccc2[nH]1
1380,CCn1c(SCC(=O)Nc2ccccc2OC)nnc1-c1cnccn1
10903,C=CCn1c(SCc2c(C)noc2C)nnc1C1COc2ccccc2O1
12766,CCn1c(SCC(=O)NCc2ccccc2)nnc1-c1c[nH]c2ccccc12
12400,CCN(CCCNC(=O)CN(C)S(=O)(=O)c1cccc2nsnc12)c1cccc(C)c1
1649,COc1ccc(N2C(=O)CCC2(C#N)c2ccc(Br)cc2)cc1
9877,CC(C)OC(=O)C1C2C=CC3(CN(Cc4cccs4)C(=O)C13)O2
4776,COc1ccccc1OCCCN1C(=O)C(=O)c2cccc(C)c21
496,CC(C)(C)OC(=O)COc1cc(OCC(=O)OC(C)(C)C)c2c(=O)cc(-c3ccccc3)oc2c1
1595,O=c1cc(-c2ccc(F)cc2)oc2ccccc12
2896,O=c1cc(-c2ccccc2Cl)oc2cc(O)cc(O)c12
2899,O=c1cc(-c2ccccc2Cl)oc2c([N+](=O)[O-])c(O)cc(O)c12
4302,COc1ccc(-c2cc(=O)c3c(O)cc(O)cc3o2)cc1
14584,C=C(C)[C@@H](O)Cc1c(O)cc(O)c2c(=O)c(O)c(-c3ccc(OC)cc3)oc12
14776,CC(C)=CCc1c(-c2ccc(O)cc2O)oc2c(CC=C(C)C)c(O)cc(O)c2c1=O
14783,CC(C)=CCc1c(O)ccc(-c2oc3cc(O)cc(O)c3c(=O)c2CC=C(C)C)c1O
14953,COc1c(-c2ccc(O)c(O)c2)oc2cc(O)cc(O)c2c1=O
14973,COc1c(O)cc2oc(-c3ccccc3)cc(=O)c2c1O
14995,COc1cc(-c2oc3cc(O)cc(O)c3c(=O)c2O)ccc1O
15014,COc1cc(O)c2c(=O)c(O)c(-c3cc(O)c(OC)c(O)c3)oc2c1
15015,COc1cc(O)c2c(=O)c(O)c(-c3ccc(O)c(O)c3)oc2c1
15016,COc1cc(O)c2c(=O)c(OC)c(-c3cc(O)c(O)c(O)c3)oc2c1
15017,COc1cc(O)c2c(=O)c(OC)c(-c3ccc(OC)c(O)c3)oc2c1
15019,COc1cc(O)c2c(=O)cc(-c3ccc(OC)c(O)c3)oc2c1
15020,COc1cc(O)c2c(=O)cc(-c3ccc(OC)c(OC)c3)oc2c1
15021,COc1cc(O)c2c(=O)cc(-c3ccccc3)oc2c1
15027,COc1cc(OC)c2c(=O)c(OC)c(-c3cc(OC)c(OC)c(OC)c3)oc2c1
15028,COc1cc(OC)c2c(=O)c(OC)c(-c3ccc(OC)c(OC)c3)oc2c1
15029,COc1cc(OC)c2c(=O)cc(-c3ccc(OC)c(OC)c3)oc2c1
15063,COc1ccc(-c2cc(=O)c3c(O)cc(O)cc3o2)cc1O
15064,COc1ccc(-c2cc(=O)c3c(OC)c(OC)c(OC)cc3o2)cc1
15070,COc1ccc(-c2oc3cc(O)cc(O)c3c(=O)c2O)cc1O
15071,COc1ccc(-c2oc3cc(OC)c(OC)c(O)c3c(=O)c2OC)cc1O
15193,O=c1c(O)c(-c2ccc(O)c(O)c2)oc2cc(O)ccc12
15194,O=c1c(O)c(-c2ccc(O)cc2)oc2cc(O)cc(O)c12
15197,O=c1cc(-c2cc(O)ccc2O)oc2cc(O)cc(O)c12
15198,O=c1cc(-c2ccc(O)c(O)c2)oc2cc(O)cc(O)c12
15199,O=c1cc(-c2ccc(O)c(O)c2)oc2cc(O)ccc12
15200,O=c1cc(-c2ccc(O)c(O)c2)oc2ccccc12
15202,O=c1cc(-c2ccc(O)cc2)oc2cc(O)cc(O)c12
15203,O=c1cc(-c2ccc(O)cc2)oc2cc(O)ccc12
15206,O=c1cc(-c2ccccc2)oc2cc(O)c(O)c(O)c12
15207,O=c1cc(-c2ccccc2)oc2cc(O)cc(O)c12
15208,O=c1cc(-c2ccccc2)oc2cc(O)ccc12
10163,COc1ccc(-c2c(NC(C)=O)n(C)c3ccccc3c2=O)cc1
5350,Cc1nc(NC(=O)COC(=O)C(NC(=O)c2ccco2)C(C)C)c(Cl)cc1Cl
11121,Cc1c(Cl)cnc(NC(=O)COC(=O)C(NC(=O)c2ccco2)C(C)C)c1Cl
8626,COc1ccc(C(=O)N2CCSC2=S)cc1OC
12136,COc1ccccc1CN(C)C(=O)c1ccc2c(c1)NC(=O)CS2
13763,CNC(=O)c1cc(C(=O)NC2CC2)cn(Cc2cccc3c2CCN3)c1=O
3983,COc1ccc(-c2oc3ccc(-c4ccc(OC)nc4)cc3c2C#CC2(O)CCCCC2)cc1
6957,COc1ccc(N2CCN(C(=O)Cn3nnc(-c4ccc(OC)c(OC)c4)n3)CC2)cc1
5897,Cc1cccc(OCc2nnc(SCC(=O)c3ccccc3)o2)c1
6443,COc1ccccc1OCc1nnc(SCC(=O)c2cc(Cl)ccc2OC)o1
8488,Cc1cc(C)cc(OCc2nnc(SCC(=O)c3ccccc3)o2)c1
9072,Cc1ccc(C(=O)CSc2nnc(COc3cccc(C)c3)o2)cc1
11853,CN(CCNC(=O)C1CCN(c2ncnc3c2nc2n3CCCCC2)CC1)Cc1ccccc1
9859,COC(=O)c1cccc(S(=O)(=O)N(Cc2ccco2)Cc2cc3ccc(OC)cc3[nH]c2=O)c1
8141,C1=CC2c3ccccc3NC(c3ccncc3)C2C1
12010,CC(O)(C#Cc1cncc(-n2ccc3cnc(N)nc32)c1)c1nccs1
10238,Cc1[nH]nc2c1C(C(C)C)C(C#N)=C(N)O2
11119,CCOC(=O)c1c(-c2ccc(C)o2)csc1NC(=O)CSc1nncs1
12729,CC(C)(C)OC(=O)NCCc1nnc(SCc2ccc(Cl)cc2Cl)o1
10641,O=C(NCc1csc(-c2ccccc2)n1)c1ccco1
14706,CC(=O)OC[C@@]12CC[C@H]3C(C)(C)CCC[C@]3(C)[C@H]1C[C@@H](C1=CC(=O)O[C@H]1O)O2
2434,COc1ccc(OC)c(Nc2nc(=O)c3cccnc3s2)c1
5150,O=C(CCl)c1cc2c3c(c1)CC(=O)N3CCC2
8125,Cc1cc(C)cc(N(CC(=O)NCc2cccnc2)S(C)(=O)=O)c1
1683,Clc1ccc(Nc2ccc(-n3ccnc3)nn2)cc1Cl
6641,COc1ccc(Cc2noc(-c3ccc(OC)c(OC)c3)n2)cc1OC
10826,CC1(C)Cc2cccc(OCC(=O)Nc3cccnc3)c2O1
2985,CCc1cc2c(Sc3nc4ccccc4s3)ncnc2s1
3275,c1ccc2sc(Sc3ncnc4sccc34)nc2c1
11596,c1cncc(Oc2ccc(Nc3ncnc4[nH]ccc34)cc2)c1
8891,O=C(CN(C(=O)Cn1nnc(-c2cccs2)n1)c1ccc2c(c1)OCCO2)NC1CCCCC1
11214,O=C1CCCCC1C1CC(=O)N(Cc2ccccc2)C1=O
12147,Cc1onc(-c2c(F)cccc2Cl)c1C(=O)OCC(=O)Nc1c(C)n(C)n(-c2ccccc2)c1=O
7632,CCOC(=O)c1c(NC(=O)CSc2nnc(-c3cccnc3)o2)sc(C(C)=O)c1C
14819,CC1(C)CCC2=C(O1)c1ccccc1C(=O)C2=O
3765,COC(=O)C1=C(C(=O)OC)[C@@H]2N(C)c3ccc(OC)cc3[C@@]23C[C@@H](C(=O)OC)N(C(=O)c2ccc(Br)cc2)C3=N1
5542,O=C(CCC(=O)n1ncc2ccccc21)N1CCCCC1
1907,CCc1ccc(CN(C)C(=O)c2cc(COc3c(F)cccc3F)on2)cc1
6284,N#Cc1c2c(c(NCCCN3CCOCC3)n3c1nc1ccccc13)CCC2
2782,Cc1ncc(CC(=O)n2cc(C(=O)c3cc(Cl)ccc3O)cn2)s1
11588,NS(=O)(=O)c1ccc(N2N=C(c3cccs3)CC2c2ccco2)cc1
6876,OC1(c2cccc(F)c2)CCN(Cc2ccncc2)CC1
8829,O=S(=O)(c1ccccc1)N(C1=NCCS1)S(=O)(=O)c1ccccc1
3513,BrC(=C\c1ccccc1)/C=N/n1cnnc1
9443,Cc1nnc(C)n1/N=C/C=C/c1ccccc1
5589,O=C(CSc1nc(=O)[nH]c2c1CCCC2)Nc1ccc(F)cc1F
5607,CCN(CC)CCn1c2c(c(SCC(=O)Nc3ccc(C(C)C)cc3)nc1=O)CCCC2
9207,O=C(O)C1C(c2ccccc2)C(C(=O)OCCCO)C1c1ccccc1
1330,COc1cccc(C(C(=O)NC(C)(C)C)N(C(=O)CCC(=O)Nc2cc(C)on2)C2CC2)c1OC
2526,O=C1N=C(N2CCCC2C(=O)O)S/C1=C\c1ccco1
5813,CCOc1ccc(NC(=O)c2ccc3c(c2)S(=O)(=O)N=C2CCCCCN23)cc1
6243,N#CC(C(N)=O)=C1CCC2(CC1)OCCCCO2
8016,O=S(=O)(NCC1CCCO1)c1cccc(S(=O)(=O)N2CCCC2)c1
12388,CCOC(=O)C1=C(C)NC(C)=C(C(=O)OCC)C1C(=O)OCC(=O)N1CCc2ccccc2C1
1924,C/C(=N\Nc1cccc2cccnc12)c1ccccc1O
7063,CC(C)CCn1c(N2CCN(Cc3ccccc3)CC2)nc2c1c(=O)[nH]c(=O)n2C
10140,CCCCCCn1c(N2CCN(Cc3ccccc3Cl)CC2)nc2c1c(=O)[nH]c(=O)n2C
14759,CC(C)=C/C=C\[C@H](C)[C@H]1CC[C@]2(C)C[C@H]3[C@@H](/C(C=O)=C\C[C@@H]12)[C@H](C)C[C@@]3(C)O
7059,Cc1cnn(C2CCN(C)CC2)c1N
7743,Cc1cc(N)n(C2CCN(C)CC2)n1
10791,Cc1ccc2nc(SCC(=O)Nc3cc(C)on3)[nH]c2c1
5576,CCN1CCN(C(CNS(=O)(=O)c2ccc(OC)c(C)c2)c2cccnc2)CC1
1722,Cc1ccc(NC2OC(C(O)CO)C(O)C2O)cc1[N+](=O)[O-]
8599,Cc1ccc(Cl)cc1N1CCN(S(=O)(=O)c2ccc3c(c2)OCCO3)CC1
9317,Cc1ccc(C)c(N2CCN(S(=O)(=O)c3ccc4c(c3)OCCO4)CC2)c1
3849,CS(=O)(=O)c1nc([N+](=O)[O-])nn1CCCc1ccccc1
14821,CC1(C)CCC[C@]2(C)[C@H]3CC(=O)O[C@]3(C)CC[C@@H]12
7697,N#Cc1cccc(-n2nnnc2-c2ccccn2)c1
5480,CCn1c(-c2ccc(-c3ccccc3)cc2)c[nH]c1=S
2900,Cn1cc(C(=O)c2ccc(Cl)cc2Cl)cc1-c1nnc(COc2ccc(Cl)cc2Cl)o1
930,CNc1ncc2cc(-c3cc(C(=O)Nc4ccc(Cl)c(C(F)(F)F)c4)ccc3C)ccc2n1
932,CNc1ncc2cc(-c3cccc(C(=O)Nc4cccc(C(F)(F)F)c4)c3)ccc2n1
934,Nc1ncc2cc(-c3cccc(C(=O)Nc4cccc(C(F)(F)F)c4)c3)ccc2n1
937,CCN(CC)CC(=O)Nc1ccc(C(F)(F)F)cc1NC(=O)c1ccc(C)c(-c2ccc3nc(NC)ncc3c2)c1
941,Nc1ncc2cc(-c3ccc(F)c(C(=O)Nc4cccc(C(F)(F)F)c4)c3)ccc2n1
942,CNc1ncc2cc(-c3cc(C(=O)Nc4ccc(Cl)c(C(F)(F)F)c4C)ccc3C)ccc2n1
943,Nc1ncc2cc(-c3cc(C(=O)Nc4cccc(C(F)(F)F)c4)ccc3Cl)ccc2n1
944,CNc1ncc2cc(-c3cc(C(=O)Nc4cccc(C(F)(F)F)c4)c(F)cc3C)ccc2n1
946,Cc1ccc(C(=O)Nc2cccc(C(F)(F)F)c2C)cc1-c1ccc2nc(N)ncc2c1
947,CNc1ncc2cc(-c3cc(C(=O)Nc4cccc(C(F)(F)F)c4)ccc3C)ccc2n1
948,CNc1ncc2cc(-c3cc(C(=O)Nc4cccc(C(F)(F)F)c4C)ccc3C)ccc2n1
953,Cc1cc(F)c(C(=O)Nc2cccc(C(F)(F)F)c2)cc1-c1ccc2nc(N)ncc2c1
957,Cc1c(C(=O)Nc2cccc(C(F)(F)F)c2)cccc1-c1ccc2nc(N)ncc2c1
958,Cc1ccc(C(=O)Nc2cccc(C(F)(F)F)c2)cc1-c1ccc2nc(N)ncc2c1
14438,CN(C(=O)n1nc(-c2ccc(Cl)cc2)nc1SCC1CC1)c1ccccc1
5694,O=C1c2c(O)cccc2Cc2cccc(O)c21
8290,COc1ccc(Cl)cc1NC(=O)CSc1nncn1-c1cccnc1
13472,O=C(NC1CC1)c1cccc(Nc2ccc3c(c2)CCc2ccccc2C3=O)c1
7558,O=C(CN1CCC(C(=O)c2ccc(F)cc2)CC1)Nc1ccccc1
12901,O=C(Nc1ccccc1Cl)O/N=C(/c1ccccc1)c1ccccn1
14661,C=C1CC[C@H]2[C@@H](C(=O)C(C)C)C3=C(O[C@]2(C)CC[C@@H]2[C@@H]1CC2(C)C)C(C)(C)C(=O)C(C)(C)C3=O
8615,Cc1cc(NS(=O)(=O)c2cccs2)no1
10045,Cc1cccc(Cn2c(Sc3nc(C)cs3)nc3c2c(=O)[nH]c(=O)n3C)c1
10269,Cc1csc(Sc2nc3c(c(=O)[nH]c(=O)n3C)n2Cc2ccccc2Cl)n1
396,CC[C@H]1OC(=O)[C@H](C)C(=O)[C@H](C)[C@@H](O[C@@H]2O[C@H](C)C[C@H](N(C)Cc3cccc(-c4cn(CCCCCCC(=O)NO)nn4)c3)[C@H]2O)[C@@](C)(OC)C[C@@H](C)C2=NCCN3C(=O)O[C@@]1(C)[C@H]3[C@H]2C
6357,Cc1cccc(Nc2nc3c(c(=O)n(C)c(=O)n3C)n2Cc2ccccc2)c1
7657,COc1ccccc1CN(Cc1nc2ccccc2c(=O)[nH]1)C(=O)Nc1ccccc1
12699,O=C(CCNS(=O)(=O)c1cccc2nonc12)NCCc1ccc(Cl)cc1
1562,Cc1ccccc1OCCCC(=O)Nc1ccc(N2CCOCC2)cc1
5564,Cc1c(OCC(=O)NCc2ccccn2)ccc2c(-c3ccccc3)cc(=O)oc12
13604,Cn1nnnc1N1CCC(NC(=O)c2cnc3cc(OC(F)(F)F)ccc3c2)CC1
13806,COc1ccc2cc(C(=O)NC3CCN(c4nnnn4C)CC3)cnc2c1
14040,Cn1nnnc1N1CCC(NC(=O)c2cnc3cc(OC(F)F)ccc3c2)CC1
11090,CC(C)(C)P(=O)(c1ccncc1)N1CCCC1
10914,CCCc1cc(=O)[nH]c(SCC(=O)N(C)C2CCS(=O)(=O)C2)n1
348,COc1cc(Br)cc(/C=N/NC(=O)C(C)n2cc([N+](=O)[O-])c(OC)n2)c1O
14133,CN1CCN(Cc2ccc(-c3cn4c5nc(ncc35)NCCCCCCC(O)CCCC4)cc2)CC1
14229,CN1CCN(Cc2ccc(-c3cn4c5nc(ncc35)NCCCCCCCC(O)CCC4)cc2)CC1
14257,CN1CCN(Cc2ccc(-c3cn4c5nc(ncc35)NCCCCCC(O)CCCCC4)cc2)CC1
9140,CC(C)N(C(=O)CSc1nnc(-c2cc3ccccc3cc2O)n1Cc1ccco1)C(C)C
11033,CCc1cc2c(=O)n(Cc3ccco3)c(SCc3c(C)noc3C)nc2s1
6299,COc1ccc(N2CCN(CC(=O)Nc3c(C)cc(C)cc3C)CC2)cc1
12118,COc1cc(NC(=O)CN2CCN(c3ccccc3F)CC2)cc(OC)c1
6869,c1ccc(-c2nnc(-c3ccco3)n2-c2ccccc2)cc1
3151,CC(=O)C1=C(c2ccc(Br)cc2)C(=O)c2ccccc2C1=O
14341,Cc1c(C(C)C)c(=O)on1C(=O)N(C)Cc1ccco1
9816,N#Cc1c(N)oc(-c2ccc3c(c2)OCO3)c1-c1ccc2c(c1)OCO2
761,COc1ccc(C#Cc2ccc([C@H]3[C@H]4CN(C(=O)c5ccncc5)CCCCN4[C@H]3CO)cc2)cc1
371,COc1ccc(NC(=O)c2ccc(C)cc2Cl)c([N+](=O)[O-])c1
1537,CCOC(=O)c1ccccc1NC(=O)c1ccc(N(C)S(C)(=O)=O)cc1
1629,Cc1ccc(C(=O)Nc2ccc(O)cc2C(=O)O)cc1
1905,COCCNC(=O)c1ccccc1NC(=O)c1cccc([N+](=O)[O-])c1C
1913,COc1c(Cl)cc(Cl)cc1C(=O)Nc1ccc(NC(C)=O)cc1
4200,CC(=O)Oc1c(I)cc(I)cc1C(=O)Nc1ccc(Cl)cc1
4309,O=C(Nc1ccc([N+](=O)[O-])cc1Cl)c1cc(Cl)ccc1O
4516,CCOc1c(Cl)cc(C(=O)Nc2ccccc2C(=O)O)cc1Cl
5445,COC(=O)Cc1ccc(NC(=O)c2ccc(C)c(C)c2)cc1
6120,COc1cc(NS(C)(=O)=O)c(OC)cc1NC(=O)c1cccc(F)c1
10967,CCNc1ccc(C(=O)OCC)cc1NC(=O)c1cccc(N(C)C)c1
11203,O=C(O)c1cccc(C(=O)Nc2ccccc2)c1
11754,CCC(=O)NC(=S)NNC(=O)c1ccc(NC(=O)c2ccccc2)cc1
12022,O=C(Nc1ccccc1)c1cc([N+](=O)[O-])cc([N+](=O)[O-])c1
12280,COc1ccccc1NC(=O)c1ccccc1NS(C)(=O)=O
12552,CN(C)S(=O)(=O)c1cccc(C(=O)Nc2cc(Cl)ccc2O)c1
12752,COc1ccc(C(=O)Nc2cc(C(F)(F)F)ccc2Cl)cc1OC
12858,Cc1cc(C)cc(NC(=O)c2ccccc2CC[N+](=O)[O-])c1
12906,CCc1cccc(CC)c1NC(=O)c1cccc(N)c1
13916,COc1ccc(NC(=O)c2cc([N+](=O)[O-])cc([N+](=O)[O-])c2)cc1
13921,O=C(Nc1cccc(Cl)c1)c1cc([N+](=O)[O-])cc([N+](=O)[O-])c1
14166,Cc1cccc(NC(=O)c2cc([N+](=O)[O-])cc([N+](=O)[O-])c2)c1
1257,OC1(c2ccccc2)CCN(CCOc2ccc(Oc3nc4ccccc4o3)cc2)CC1
7312,Cn1c(=O)c2c(ncn2CCN(CCO)Cc2ccccc2)n(C)c1=O
7839,CC(=O)c1cccc(-n2nnnc2SCC(=O)Nc2cccc(NC(=O)c3ccco3)c2)c1
4901,O=c1[nH]c(=O)n(CC2CCCO2)c(O)c1/C=C1\C=Nc2ccccc21
6100,Nc1sccc1C(=O)c1ccccc1
6663,CN1CCN(c2ccc(N)c(N3CCN(C)CC3)c2)CC1
9398,Cc1cc(NC(=O)CSc2nc(C3CCCCC3)nc3ccccc23)no1
3711,CN1CCN(c2ccc([N+](=O)[O-])c3no[n+]([O-])c23)CC1
6186,CCCC(=O)Nc1cc(OC)c(NC(=O)NC2CCCCC2)cc1OC
9276,CC(C)N1C(=O)C2C(C(=O)NC3CCCCC3)C3C=CC2(O3)C1C(=O)NC1CCCCC1
13283,CC(C)C[C@H](NC(=O)[C@H](C)NC(=O)[C@H](CO)NC(=O)[C@H](CCC(=O)O)NC(=O)[C@H](Cc1ccc(O)cc1)NC(=O)[C@H](CCCNC(=N)N)NC(=O)[C@@H]1CSCC(=O)N[C@@H](Cc2ccc(O)cc2)C(=O)N[C@@H](CC(C)C)C(=O)N[C@@H](CCCNC(=N)N)C(=O)N[C@@H](Cc2ccccc2)C(=O)N[C@@H]([C@@H](C)O)C(=O)N[C@@H](CC(C)C)C(=O)N1)C(=O)N[C@@H](CO)C(N)=O
8422,Cc1nnc(SCc2ccc(Cl)cc2)n1CC1CCCO1
10527,CCCCn1nnnc1NCc1cccc(OC)c1OC
14768,CC(C)=CCC/C(C)=C/[C@@H]1CC(C)=C[C@]2(C=C(CO)[C@H]3CC(=O)C(C)=C[C@H]3O2)O1
2378,Cn1c(=O)c(C(=O)COC(=O)c2cc(-c3ccco3)nc3ccccc23)c(N)n(Cc2ccccc2)c1=O
6787,CCOC(=O)Cc1csc(NC(=O)CSc2nnc(C3CC3)n2C)n1
9764,CCOC(=O)c1csc(NC(=O)CSc2nnc(C3CC3)n2C)n1
1190,COc1ccc2c(c1)c(CC(=O)NCCc1ccc(S(N)(=O)=O)cc1)c(C)n2C(=O)c1ccc(Cl)cc1
11295,COC(=O)c1ccccc1N/C=C1\CCc2c(c(C)nn2-c2ccccn2)C1=O
12186,S=C(c1nc2ccccc2[nH]1)N1CCOCC1
6283,COc1ccccc1CNC(=O)Cn1nnc(-c2ccncc2)n1
4690,Cc1ccc(CNc2ccc3c(c2)ncn3C(C)C)cc1
5115,CCc1ccc(CNc2ccc3c(c2)ncn3CC)cc1
5116,CCn1cnc2cc(NCc3ccc(Br)cc3)ccc21
10120,CCCn1cnc2cc(NCc3cccc(OC)c3O)ccc21
10311,CCCCn1cnc2cc(NCc3cccc(OC)c3O)ccc21
5838,C[C@H](CO)N1C[C@H](C)[C@@H](CN(C)C(=O)c2ccc(N3CCN(C)CC3)cc2)OCc2cnnn2CCCC1=O
1661,Cc1ccc(C2(C)NC(=O)N(CCOc3ccccc3)C2=O)cc1
11049,CCn1c2ccccc2c2cc(/C=N/n3cnnc3)ccc21
8370,CC1=C(C(=O)N2CCOCC2)C(c2ccccc2F)C2=C(CC(C)(C)CC2=O)N1
669,CC(=NNc1ccc2ccccc2n1)c1ccccc1O
12070,CC1=C(C(=O)OCc2ccccc2)C(c2ccc(N3CCOCC3)cc2)NC(=O)N1
445,COc1ccc(C2=NN(CCCCOc3ccc(-c4ccc(=O)[nH]n4)cc3)C(=O)CC2C)c2cc(C(F)(F)F)nn12
459,COc1ccc(C2=NN(CCCCOc3ccc(-c4n[nH]c(=O)cc4C)cc3)C(=O)CC2C)c2cc(C(F)(F)F)nn12
733,COc1ccc(-c2ccc([C@H]3[C@@H](C#N)N(C(=O)c4cccc(F)c4)[C@H]3CO)cc2)cc1
7455,CC(=O)NC1C(=O)N=C(SCC(=O)NC(C)c2ccccc2)NC1=O
14552,C/C(=C\COc1ccc2ccc(=O)oc2c1)CC[C@@H]1C(C)(C)[C@H]2CC[C@]1(C)O2
4641,COc1cc(OC)cc(C(=O)N[C@H](C(=O)OCC(=O)NC(C)c2ccccc2)C(C)C)c1
12867,COc1ccccc1-c1cn(S(=O)(=O)c2ccc(C)cc2)nc1N
12484,C=CCN1C(=O)CSc2ccc(C(=O)NCc3ccco3)cc21
5909,CC1=C(C(=O)OCCOC(C)C)C(c2cc3c(cc2Br)OCO3)C2=C(CCCC2=O)N1
7100,Cc1cccc(NC(=O)Cn2nnc(-c3ccc(CN4CCCC4)cc3)n2)c1C
10660,O=C(c1ccccc1)N1CCCCC(S(=O)(=O)c2ccccc2)C1=O
2064,OCC1OC(n2cnc3cc(Cl)c(Cl)cc32)C(O)C1O
3192,COc1ccc2nc(Nc3nc(CSc4nc5ccccc5[nH]4)cc(=O)[nH]3)nc(C)c2c1
5291,Cc1ccc(NS(=O)(=O)c2ccc(C(=O)N3CC(C)CC(C)C3)cc2)cc1
14541,C[C@H]1CCCCN1c1nnc2ccc(O[C@@H]3CC[C@H](NC(=O)Nc4cc(C(C)(C)C)nn4-c4cncc(OCCN(C)C)c4)c4ccccc43)cn12
11239,CC(C)C[C@@H]1NC(=O)[C@H](Cc2ccc(O)cc2)NC(=O)CSC[C@@H](C(N)=O)NC(=O)CNC(=O)CNC(=O)[C@H](CCCN=C(N)N)NC(=O)[C@H](CC(=O)O)NC(=O)[C@H](CCCCN)NC(=O)[C@@H]2CCCN2C(=O)[C@H](CCCN=C(N)N)NC(=O)[C@@H]2Cc3ccccc3CN2C(=O)[C@H](CCCN=C(N)N)NC1=O
4646,CC1(C)CSC(=NCc2ccccc2)N1C(=O)c1cccc([N+](=O)[O-])c1
3091,CC1C/C(=C\c2cccnc2)C(=O)/C(=C/c2cccnc2)C1
3131,CCC1C/C(=C\c2cccnc2)C(=O)/C(=C/c2cccnc2)C1
10952,CS(=O)(=O)c1ccc(Cl)c(NC(=O)C2CC(=O)N(Cc3ccccc3)C2)c1
11781,COc1ccc(C2=NC(=O)/C(=C/c3ccc4ccccc4c3)S2)cc1
5981,COc1ccc(CCNC(=O)Cn2cnc3c(cnn3-c3ccccc3Cl)c2=O)cc1OC
11646,NC(N)=N/N=C/c1ccc(OCc2ccccc2)c(OCc2ccccc2)c1
4042,Cc1ccc(S(=O)(=O)Nc2ccc(O)c3cccnc23)cc1
4084,Cc1ccc(S(=O)(=O)Nc2cccc3cccnc23)c([N+](=O)[O-])c1
638,C[C@H]1CN([C@@H](C)CO)C(=O)Cc2cc(NS(=O)(=O)c3cccs3)ccc2O[C@@H]1CN(C)Cc1ccc(Cl)c(Cl)c1
5399,CCOC(=O)N1CCC(N2Cc3cccc(C(=O)NCc4ccc(C)cc4)c3C2=O)CC1
266,CCCn1c(NCc2ccccn2)nc2ccccc21
10181,CCCCn1c(NCc2ccccn2)nc2ccccc21
6776,Cn1c(=O)c2c(nc(N3CCCCCC3)n2CC(=O)c2ccccc2)n(C)c1=O
9458,CC1(C)Oc2ccc(C(=O)NC3CCCC3)cc2N(CC(=O)NC2CCCCC2)C1=O
10812,CC(C#N)Sc1ncnc2sc3c(c12)CCC3
10423,COc1ccc(C2=NOC3(CC(=O)N(c4ccc(C)cc4)C3=O)C2)c(OC)c1
730,N#C[C@H]1[C@H](c2ccc(C#Cc3ccccc3F)cc2)[C@@H](CO)N1C(=O)C1CCCCC1
14388,C[C@H]1CCCCN1c1nnc2ccc(O[C@@H]3CC[C@H](NC(=O)Nc4cc(C(C)(C)C)nn4-c4cccc(OCCN(C)C)n4)c4ccccc43)cn12
13666,CC(C)C[C@@H]1NC(=O)[C@H](Cc2ccc(O)cc2)NC(=O)CSC[C@@H](C(=O)N[C@@H](CCCN=C(N)N)C(=O)N[C@@H](CCCN=C(N)N)C(=O)N[C@@H](C)C(=O)N2CCC[C@H]2C(=O)N[C@@H](CC(N)=O)C(=O)N[C@@H](CO)C(N)=O)NC(=O)[C@H](CC(C)C)NC(=O)[C@H]([C@@H](C)O)NC(=O)[C@H](Cc2ccccc2)NC(=O)[C@H](CCCN=C(N)N)NC1=O
331,CCCCC[n+]1ccn(-c2nc3ccccc3nc2[N-]S(=O)(=O)c2ccc(C)cc2)c1
759,COc1ccc(C#Cc2ccc([C@H]3[C@@H](CO)N4CCCCN(C)C[C@@H]34)cc2)cc1
5690,CC(Sc1nnc(N)s1)C(=O)Nc1ccc2c(c1)OCO2
4185,CC1CCN(Cc2c(C(=O)N/N=C/c3ccc(C(C)(C)C)cc3)nnn2-c2nonc2N)CC1
8620,CC1=CCC2C(=O)N(c3nc(C)cc(C)n3)C(=O)C2C1
15134,C[C@H]1O[C@@H]2OC(=O)[C@]3(C)C[C@@H]4[C@](C)(C(=O)C=C5C(=CC(=O)OC5(C)C)[C@@]45CO5)[C@H](C1=O)[C@H]23
13230,CCNNC(=O)c1ccc(Cn2c3c(c4ccccc42)CCCC3)cc1
2518,CCC(=O)Nc1ccc(Nc2nc(Cl)nc(Nc3ccc(NC(=O)CC)cc3)n2)cc1
3521,CCN(c1ccccc1)c1nc(C#N)nc(N(CC)c2ccccc2)n1
781,COc1cccc(-c2ccc(C3[C@@H]4CN(Cc5cccc(F)c5)C[C@H]3N4)cc2)c1
801,Cc1ccc(-c2ccc(C3[C@@H]4CN(Cc5cccc(F)c5)C[C@H]3N4)cc2)cc1
225,Cn1nc(-c2ccc(C(=O)N3CCN(c4ccccc4)CC3)cc2)c2ccccc2c1=O
8035,CCCCCCSc1nsc(NC(C)=O)n1
8402,CCCCSc1nsc(NC(C)=O)n1
11749,O=C(CCNS(=O)(=O)c1ccc(Br)s1)NC1CCCC1
14896,CCOC(=O)Cc1c2c3c(cc(O)c(O)c3oc1=O)C(=O)[C@@]2(O)C(=O)OCC
15135,C[C@H]1[C@@H]2c3cc4c(cc3O[C@]35OCOC3=CC(=O)[C@@H](C[C@@H]1C)[C@H]25)OCO4
15136,C[C@H]1[C@@H]2c3cc4c(cc3O[C@]35OCOC3=CC(=O)[C@H](C[C@@H]1C)[C@H]25)OCO4
1658,CCS(=O)(=O)c1ccc2oc(Nc3ccc(C(C)C)cc3)nc2c1
6101,Nc1nonc1C(=O)OCC(=O)N1CCCCC1
7330,Cc1ccc(-n2c(SCC(=O)N3CCOCC3)nnc2-c2cccnc2)cc1
8264,Cc1ccc(-n2c(SCC(=O)N3CCOCC3)nnc2-c2cccnc2)cc1C
10695,CC1(C)C(=O)Nc2ccccc2N1C(=O)COC(=O)C12CC3CC(CC(O)(C3)C1)C2
11669,FC(F)(F)c1cccc(Nc2nc(Nc3ccc(-c4ccsc4)cn3)ncc2-c2ccoc2)c1
7571,CC(C)(C)NC(=O)C(c1ccco1)N(Cc1ccc(F)cc1)C(=O)c1snc(C(N)=O)c1N
446,COc1ccc(C2=NN(CCCCOc3cccc(C4=NNC(=O)C4(C)C)c3)C(=O)CC2C)c2cc(C(F)(F)F)nn12
8699,CCN(CC)c1ccc2c(C)c(CN3CCOCC3)c(=O)oc2c1
5629,COc1ccc(N2CCN(C(=O)CCNC(=O)c3ccc(Br)cc3)CC2)cc1
7765,O=C(c1ccccc1)N(c1ccccc1)C1C=CS(=O)(=O)C1
11949,COc1ccc2cc(C(=O)NC3CCNCC3)cnc2c1
13398,COc1ccc2cc(C(=O)NC3CCN(C(C)=O)CC3)cnc2c1
13626,COc1ccc2cc(C(=O)NC3CCN(S(C)(=O)=O)CC3)cnc2c1
1378,COc1cc(C2C(C#N)=C(N)Oc3cc(C)n(CCc4ccccc4)c(=O)c32)cc2c1OCO2
10000,COc1ncnc2c1oc1nc(CC(C)C)c3c(c12)CCCC3
10465,CCCc1nc2oc3c(NCCN(C)C)ncnc3c2c2c1CCCC2
10440,Nc1c(N2CCCC2)cc(Cl)c2nonc12
5712,COc1ccc(C)cc1NC(=O)c1ccc2c(c1)C(=O)N(Cc1ccncc1)C2=O
5781,O=C(Nc1ccc(Cl)cc1F)c1ccc2c(c1)C(=O)N(Cc1ccncc1)C2=O
5798,COc1ccc(NC(=O)c2ccc3c(c2)C(=O)N(Cc2ccncc2)C3=O)cc1S(N)(=O)=O
6081,CCOc1ccc(-c2nnn(CC(=O)Nc3cc(OC)cc(OC)c3)n2)cc1OCC
6420,COc1ccc(NC(=O)Cn2nnc(-c3ccccc3F)n2)cc1Cl
6493,CCCC(=O)Nc1ccccc1-c1nnn(CC(=O)Nc2ccc(OCC)cc2)n1
7146,CCOc1ccc(NC(=O)Cn2nnc(-c3ccccc3NC(=O)CC)n2)cc1
7786,CCCC(=O)Nc1ccccc1-c1nnn(CC(=O)Nc2ccc(OC)cc2)n1
8448,CCOc1ccc(NC(=O)Cn2nnc(-c3ccccc3F)n2)cc1
9227,CCN(CC)c1ccc(NC(=O)Cn2nnc(-c3cccc(OC)c3OC)n2)c(C)c1
9862,CCOc1ccccc1NC(=O)Cn1nnc(-c2ccc(OCC)c(OCC)c2)n1
12370,CNC(=O)n1ccc(C(=O)N2CCCCC2)n1
9168,CC(C)OC12Oc3ccccc3C=C1N1CCC2CC1
9225,COc1ccc2c3c(cccc13)OCC2=O
7499,c1n[nH]c(NCc2ccc3c(c2)OCO3)n1
1419,CCOC(=O)c1c(NC(=O)CSc2nnc(-c3ccccc3)n2CC)sc(C(C)=O)c1C
9007,COc1ccc(-c2c(C)n([O-])c(C)c(C)[n+]2=O)cc1OC
9960,Cc1ccc(C(=O)CN2CCC(NC(=O)C3CCCCC3)CC2)cc1
10102,NC(=O)C[C@@H]1N[C@]2(C(=O)Nc3ccccc32)[C@@H]2C(=O)N(C3CCCCC3)C(=O)[C@H]12
3468,CC(C)(O)C#Cc1ccc([C@@H]2C[C@H]3CN(c4ccccc4)C(=O)[C@]34CCCN24)s1
9081,O=C(NC1CCCCC1)N1CCCC(c2nc(-c3ccc(S(=O)(=O)N4CCCC4)cc3)no2)C1
11218,O=C1/C(=C/c2ccc(N3CCCC3)cc2)CCC/C1=C\c1ccc(N2CCCC2)cc1
11093,O=C1c2ccccc2S(=O)(=O)N1Cc1cc(=O)n2ccsc2n1
11277,CN1CCN(C(=O)CN(Cc2ccccc2)S(C)(=O)=O)CC1
14910,CC[C@H]1C(=O)C[C@H]2[C@@H]3CCC4=CC(=O)CC[C@]4(C)[C@H]3CC[C@]12C
6522,CCOC(=O)c1cc2c(ccn2C)n1CC(=O)N1CCN(c2ccccc2OC)CC1
7908,CCOC(=O)c1cc2c(ccn2C)n1CC(=O)N1CCN(c2ccc(F)cc2)CC1
8695,CCOC(=O)c1cc2c(ccn2C)n1CC(=O)N1CCN(c2ccccc2)CC1
806,O=C(C1CC1)N1C[C@@H]2N[C@H](C1)C2c1ccc(-c2ccncc2)cc1
14805,CC(C)[C@@H](C)/C=C/[C@@H](C)[C@H]1CCC2C3C(=O)[C@@H]4O[C@@]45C[C@@H](O)CC[C@]5(C)[C@H]3CC[C@@]21C
6733,COc1cc(C(=O)N(C)c2nnc(-c3cccnc3)s2)cc(OC)c1OC
7114,COc1cccc(C(=O)CSc2nnc(CNS(=O)(=O)c3ccc(C)cc3)n2C)c1
3482,O=C(Nc1ccc2oc(-c3cccnc3)nc2c1)c1ccc([N+](=O)[O-])o1
23,COc1ccc(Cl)cc1NC(=O)CSc1nc(NS(=O)(=O)c2ccc(C)cc2)cc(=O)[nH]1
6301,COc1ccc(NC(=O)CSc2nc(NS(=O)(=O)c3ccccc3)cc(=O)[nH]2)cc1
6979,CCOc1ccc(N2C(=O)CC(Sc3nc(C)cc(C)c3C#N)C2=O)cc1
10457,CCOc1ccc(C2C(C#N)=C(N)Oc3cc(C)n(Cc4ccco4)c(=O)c32)cc1OC
12256,c1ccc(-n2ncc3c2ncn2cnnc32)cc1
2091,Cc1ccccc1Cn1cc(NC(=O)c2cc(-c3cccs3)on2)cn1
11649,FC(F)(F)c1cccc(Nc2nc(Nc3cnc(-c4ccsc4)cn3)ncc2Cl)c1
12177,CCN1CCN(C(=O)C2c3cc(OC)c(OC)cc3C(=O)N3CCc4ccccc4C23)CC1
7706,Cc1ccc(C(=O)c2cc(C)sc2NC(=O)CN2CCN(C(=O)c3ccco3)CC2)cc1
8533,Cc1nc(SCC(=O)O)c2oc3ccccc3c2n1
10276,CCN(CC)CCOc1ncnc2c1oc1ccccc12
10498,CCc1nc(OCCN(C)C)c2oc3ccccc3c2n1
10036,COc1ccccc1-c1nnc2sc(-c3cc4ccccc4o3)nn12
1392,COc1cc(-c2noc(CCC(=O)Nc3cccnc3)n2)cc(OC)c1OC
2079,CC1(C)C(=O)C=C[C@@]2(C)C1C=C[C@]1(C)C2CC[C@@]2(C)[C@H](c3ccoc3)OC(=O)[C@H]3O[C@]321
2764,CCOC(=O)c1c(N)n(CCOC(=O)c2cccs2)c2nc3ccccc3nc12
10170,O=C1[C@@H]2Cc3ccccc3CN2C(=O)N1c1cccc(F)c1
10274,Cc1ccc(N2C(=O)[C@@H]3Cc4ccccc4CN3C2=O)cc1
10421,Cc1ccccc1N1C(=O)[C@@H]2Cc3ccccc3CN2C1=O
5894,COc1ccccc1Nc1nc(N)nc(CSc2nncn2C)n1
13207,COc1ccc(C(=O)Cn2cc[nH]c2=O)cc1OC1CCCC1
8020,C=CCOc1ccc(NC(=O)C2CC(=O)N(C(C)C)C2)cc1
8210,CCc1ccc(NC(=O)C2CC(=O)N(C(C)C)C2)cc1
8805,CCCOc1ccc(NC(=O)C2CC(=O)N(C(C)C)C2)cc1
12794,N#Cc1c(NC(=O)c2ccccc2)sc2c1CCCCC2
2628,COc1ccc(-n2c(O)c(/C=C3\C=Nc4ccccc43)c(=O)[nH]c2=O)cc1
5134,O=c1[nH]c(=O)n(-c2ccccc2F)c(O)c1/C=C1\C=Nc2ccccc21
4649,COc1ccc(-n2c(O)c(/C=N/NS(=O)(=O)c3cc(C)ccc3C)c3ccccc3c2=O)cc1OC
4652,COc1ccc(-n2c(O)c(/C=N/NS(=O)(=O)c3ccc(C)cc3)c3ccccc3c2=O)cc1OC
10589,Cc1c(NC(=O)c2ccccc2NS(=O)(=O)c2ccc(F)cc2)c(=O)n(-c2ccccc2)n1C
6086,CCOc1ccc(-c2nnn(CC(=O)NCc3ccco3)n2)cc1
6147,CCCCOc1ccc(-c2nnn(CC(=O)NCc3ccco3)n2)cc1
1656,CCc1ccc(N2CC(C(=O)Nc3cccnc3)CC2=O)cc1
6837,Cc1ccc(N2CC(C(=O)Nc3cccnc3)CC2=O)cc1
12894,CN(C=C1C(=O)CC(C)(C)CC1=O)CCN1CCNCC1
11207,COC(=O)c1ccc(NC(=S)NC(=O)c2cc(-c3ccccc3)nc3ccccc23)cc1
14287,CCc1ccc(NC(=O)N(CCN2CCOCC2)c2ccc3nc(NC(=O)Cc4ccccc4F)sc3c2)cc1
14331,O=C(Cc1ccccc1F)Nc1nc2ccc(N(CCN3CCOCC3)C(=O)Nc3ccc(Cl)cc3)cc2s1
9142,Cc1nn(-c2cc(C)c3ccccc3n2)c2c1CCC2
8546,Cc1cc(NC(=O)c2oc3ccccc3c2C)ccc1-n1cnnn1
9242,Cc1c(C(=O)Nc2ccc(-n3cnnn3)cc2)oc2ccccc12
11932,Cc1ccc(NS(=O)(=O)c2cc(C(=O)Nc3ccccc3C(=O)O)ccc2Br)cc1
175,O=C1CC(C(=O)Nc2ccc(C(=O)N3CCOCC3)cc2)C2(CCCCC2)O1
1293,c1ccc2[nH]c(Oc3ccc(OCCCN4CCCCC4)cc3)nc2c1
3816,COc1ccc(C(=O)Nc2ccc(O)c3c(=O)cc(-c4cccc(Cl)c4)oc23)cc1
524,CC1(C)CC(=O)C/C(=N/Nc2nc3ccccc3s2)C1
5527,O=C(NCCCCc1ccccc1)Nc1ccc(F)cc1F
6954,CCOC(=O)CSc1nnc(NCC(=O)OC(C)C)c(=O)[nH]1
9872,CCCCOC(=O)CNc1nnc(SCC(=O)OCC)[nH]c1=O
5455,CSc1nc(-c2ccco2)nn1C(=O)CCc1ccccc1
5086,Fc1ccc2[nH]c3c(NCc4ccccc4)ncnc3c2c1
14373,Cc1ccc(S(=O)(=O)N2CCC(C(=O)NC3CCCCCCC3)CC2)c(C)c1
13704,O=C1c2ccc(Oc3ccc(F)cc3F)cc2CCc2ccc(OCCN3CCOCC3)cc21
10062,CCn1c(CN2CCN(C(=O)c3ccco3)CC2)nc2c1c(=O)n(C)c(=O)n2C
10304,Cn1c(=O)[nH]c(=O)c2[nH]c(CN3CCN(C(=O)c4ccco4)CC3)nc21
9514,COc1cc(-c2cc(OC)c3c(C)oc(C)c3c(=O)c2)ccc1O
11096,Nc1nc(NC(=O)c2cccc(S(=O)(=O)N3CCCCCC3)c2)nc(-c2ccccc2)n1
5366,CCOC(=O)N1CCC2(CC1)CC(=O)c1cc(O)ccc1O2
1339,CCCCOc1ccc(-c2nnn(C(C)C(=O)OCC)n2)cc1
6152,COC(=O)CCn1nnc(-c2ccc(C(C)C)cc2)n1
6216,CCOC(=O)Cn1nnc(-c2ccc(SC)cc2)n1
6537,CCOC(=O)Cn1nnc(-c2ccc(OCC(C)C)cc2)n1
7702,COc1ccccc1-c1nnn(CC#N)n1
8006,CCc1ccc(-c2nn[nH]n2)cc1
8044,CCOc1ccc(-c2nn[nH]n2)cc1
8164,CCc1ccc(-c2nnn(CCC(=O)OC)n2)cc1
9078,N/C(Cn1nnc(-c2ccccc2)n1)=N\O
9841,CCCOc1ccc(-c2nnn(CC(=O)OCC)n2)cc1
10779,Cc1ccc(-c2nn[nH]n2)cc1
6750,CCOC(=O)C1CCN(Cc2cn[nH]c2-c2ccc(C)cc2)CC1
13546,Nc1nc2ccc(N(CCN3CCOCC3)C(=O)Nc3cccc4ccccc34)cc2s1
7230,Cn1c(Cn2nnc3ccccc32)nnc1SCC(=O)NCc1ccc2c(c1)OCO2
10030,CCOC(=O)C1C(=O)Nc2nc3ccccc3n2C1C(C)C
5492,Oc1ccccc1N=Nc1nc(-c2ccccc2)c(-c2ccccc2)[nH]1
2246,CC(C)[C@@]1(NC(=O)[C@@H]2C=C3c4cccc5[nH]cc(c45)C[C@H]3N(C)C2)O[C@@]2(O)[C@@H]3CCCN3C(=O)[C@H](Cc3ccccc3)N2C1=O
6013,O=C(CSc1n[nH]c(-c2ccc(S(=O)(=O)N3CCCCC3)cc2)n1)Nc1nccs1
7373,CCC(c1nnnn1CCc1ccccc1)N1CCN(c2ccc(OC)cc2)CC1
8097,COc1ccc(N2CCN(C(c3nnnn3CCc3ccccc3)C(C)C)CC2)cc1
9157,COc1ccc2cc(CN(CCCN3CCOCC3)Cc3nnnn3C3CCCC3)c(=O)[nH]c2c1
1864,COc1ccc(NC(=O)CN(C)CC(=O)Nc2ccccc2SC)cc1
4006,COc1cccc(NC(=O)CN(C)CC(=O)Nc2ccc(C)c([N+](=O)[O-])c2)c1
5993,Cc1nc(SCC(=O)N2CCN(C(=O)c3ccco3)CC2)c2c(C)c(C)sc2n1
5236,COc1ccc(-c2csc(NC(=O)CN3C(=O)C4CC=CCC4C3=O)n2)cc1OC
7741,CNC(=O)CSc1nnc(-c2ccc(S(=O)(=O)N3CCCC3)cc2)n1-c1cccc(C)c1C
2815,Cc1nnc(Sc2nc3ccccc3o2)c2ccccc12
6936,CC(=O)Nc1c(C(=O)c2ccccc2)oc2ccccc12
7831,COc1ccc(OC)c(C(=O)c2oc3ccccc3c2NC(C)=O)c1
11314,COc1ccc(C(=O)c2cc3cc(OC)c(O)cc3o2)cc1
11343,COc1ccc(C(=O)c2cc3cc(OC)c(OC)cc3o2)cc1
11367,COc1ccc(C(=O)c2cc3cc(O)c(OC)cc3o2)cc1
11374,COc1cc2cc(C(=O)c3ccc(O)cc3)oc2cc1OC
11729,COc1cc2oc(C(=O)c3ccc(O)cc3)cc2cc1O
11999,COc1ccc(C(=O)c2cc3cc(O)c(O)cc3o2)cc1
12310,O=C(c1ccccc1)c1cc2ccccc2o1
12999,O=C(c1ccc(O)cc1)c1cc2cc(O)c(O)cc2o1
13152,COc1cc2cc(C(=O)c3ccc(O)cc3)oc2cc1O
11338,COc1ccc2cc1Oc1ccc(cc1)C[C@H]1c3c(cc(OC)c4c3Oc3c(ccc5c3[C@H](C2)N(C)CC5)O4)CCN1C
2901,Cc1noc2ncnc(Sc3ccccc3Cl)c12
13211,O=C1N=C(c2ccc3ccccc3c2)S/C1=C\c1ccc(Oc2ccccc2)cc1
2853,CC(=O)N(C(C)=O)c1ncc2c([nH]c3ccccc32)c1C#N
14521,COc1ccc(C(=O)Nc2c(Cl)cncc2Cl)cc1OC1CCCC1
158,Cc1cc(C)nc(SCNC(=O)c2ccccc2)n1
5850,COc1ccc2[nH]c3nc(SCc4nnc(-c5ccc(C)cc5)o4)nnc3c2c1
6737,COc1ccc2[nH]c3nc(SCc4nnc(-c5ccccc5)o4)nnc3c2c1
10760,O=c1cc(CN2CCc3ccccc32)nc2sccn12
3625,O=C(CCl)N(C/C=C/c1ccccc1)c1ccc2c(c1)OCCO2
991,N#C/C(=C1/Nc2ccccc2S1)c1ccnc(NCc2ccccn2)n1
2975,O=C(Nc1ccc2oc(-c3ccc4ccccc4c3)nc2c1)c1cccs1
2674,COC(=O)c1ccc(NC(=O)c2ccc(NC(=O)c3ccco3)cc2)cc1
4017,CCOC(=O)c1sc(N(Cc2ccccc2)C(=O)CCl)nc1C
6094,Fc1ccccc1CCNc1nnnn1-c1ccccc1
2408,CCCCc1ccc(-c2csc(/C(C#N)=C\c3ccco3)n2)cc1
594,O=c1cc(-c2ccc(O)cc2)oc2ccc3ccccc3c12
3332,O=C(/C=C/c1ccc(Br)cc1)c1ccc(NC2=NCCCS2)cc1
4862,COc1cccc(/C=C/C(=O)c2ccc(NC3=NCCCS3)cc2)c1
1829,Cc1cc(C)cc(C(=O)Oc2coc(CSc3nnc(NC(=O)C4CC4)s3)cc2=O)c1
322,CCCN1Cc2cccc(C(=O)N3CCN(c4ccccc4)CC3)c2C1=O
2589,CNC(=S)N(C)CCc1cc2c(c(OC)c1C=C1C(=O)NC(=O)NC1=O)OCO2
8570,c1ccc(Cn2nnnc2C(c2cccs2)N2CCSCC2)cc1
11015,COC(=O)C1CCN(C(=O)COC(=O)Cn2cnnn2)CC1
4841,CSCCC(NC(=O)c1ccco1)C(=O)OCc1cc([N+](=O)[O-])cc2c1OCOC2
10524,Cc1ccc(-c2nc3ccccc3c(=O)n2CCN2CCOCC2)cc1
5601,CC1C(=O)N2CCCc3cc(S(=O)(=O)Nc4ccccc4F)cc1c32
5603,CC1C(=O)N2CCCc3cc(S(=O)(=O)Nc4ccccc4C(N)=O)cc1c32
9828,O=C(NCCN=C1NS(=O)(=O)c2ccccc21)c1ccc2nccnc2c1
5624,Cc1ccc(OCCC(=O)OCC(=O)NCc2ccccc2)cc1
1582,Cc1cc(NC(=O)CCC(=O)N(CC(=O)NCC2CCCO2)c2ccccc2C)no1
9134,CC(=O)c1cccc(N(CC(=O)NCC2CCCO2)C(=O)CCC(=O)Nc2cc(C)on2)c1
8379,O=C(CSc1nnc(Cn2nnc3ccccc32)o1)N(Cc1ccc(F)cc1)c1ccccc1
10244,Cc1ccc(-c2nn(CC(=O)Nc3ccc4c(c3)nc3n4CCOC3)c(=O)c3ccccc23)cc1
967,N#C/C(=C1/Nc2ccccc2S1)c1ccnc(NCCn2cncn2)n1
1653,CCOC(=O)Cc1nnc(NC(=O)CSc2ccc(Cl)cc2)s1
9868,COCc1nnc(NC(=O)CSc2ccc(C)cc2)s1
10093,Cc1nc2oc3c(NCC4CCCO4)ncnc3c2c2c1COC(C)(C)C2
10562,CC(C)c1nc2oc3c(NCC4CCCO4)ncnc3c2c2c1COC(C)(C)C2
7338,COc1ccc(N2CCCCn3c2nc2c3c(=O)n(C)c(=O)n2C)cc1
10488,Cc1ccc(N2CCCCn3c2nc2c3c(=O)n(CC(=O)O)c(=O)n2C)cc1
9247,Cc1ccc(CNc2ccc(N3CCOCC3)cc2)s1
4509,CN1/C(=C\C=Nc2ccc3ccccc3c2)C(C)(C)c2ccccc21
13633,Clc1cnc(Nc2ccc(-c3ccsc3)cn2)nc1Nc1ccccn1
10526,Cc1ccc(S(=O)(=O)CC2CSc3nc(N)cc(=O)n32)cc1
11644,CCN(CC)CCOC(=O)c1ccc(N/C=C(/C#N)c2nc(-c3ccc4c(c3)OCO4)cs2)cc1
3616,COc1ccc(N(CCCN2C(=O)c3cccc4cccc(c34)C2=O)C(=O)c2ccncc2)cc1
1482,O=C(c1cccs1)N1CCN=C1SCc1ccccc1
5636,CCCC(C(=O)Nc1cccc(S(=O)(=O)N2CCCC2)c1)c1ccccc1
14009,COc1ccc(C(C)Cn2cc[nH]c2=O)cc1OC1CC2CCC1C2
3452,O=C(Nc1ccc(N2CCN(C(=O)c3ccc(Cl)cc3)CC2)cc1)c1ccc([N+](=O)[O-])o1
3463,O=C(Nc1ccc(N2CCN(C(=O)c3ccccc3)CC2)cc1)c1ccc([N+](=O)[O-])o1
4131,Cc1ccccc1C(=O)N1CCN(c2ccc(NC(=O)c3ccc([N+](=O)[O-])o3)cc2)CC1
2213,CCCCCn1c(=O)c(C(=O)Nc2nc3ccccc3[nH]2)c(O)c2ccccc21
3913,CC(=O)Nc1ccc2nc(NC(=O)c3ccc([N+](=O)[O-])o3)sc2c1
7266,CCOC(=O)c1ccc2nc(NC(=O)c3ccco3)sc2c1
7961,COc1ccc(NC(=O)C2CCN(C(=O)NC3CCCCC3)CC2)c(OC)c1
8542,Cc1ccc(NC(=O)C2CCN(C(=O)NC3CCCCC3)CC2)cc1Cl
6410,O=C(Nc1ccccc1N1CCN(c2ccccc2)CC1)c1cccc(F)c1
8059,O=C(Nc1ccccc1N1CCN(c2ccc(F)cc2)CC1)c1ccccc1
2648,C/C(=N\Nc1ccc(S(N)(=O)=O)cc1[N+](=O)[O-])c1cccs1
14153,CCCCCCCCCCOc1ccc(OCC(=O)COc2ccc(C(=O)O)cc2)cc1
10811,O=c1c2ccccc2nnn1CSc1nnc(-c2cccc(S(=O)(=O)N3CCCCC3)c2)o1
11165,O=C(CCCCCCc1ccccc1Cl)N1CCCC1
11167,COC(=O)c1cccc(CCCCCCC(=O)N2CCCC2)c1
11169,CCCc1cccc(CCCCCCC(=O)N2CCCC2)c1
11216,O=C(CCCCCCc1ccc(Cl)cc1)N1CCCC1
11323,O=C(CCCCCCc1ccccc1)N1CCCC1
11442,Cc1ccc(CCCCCCC(=O)N2CCCC2)cc1
11490,Cc1cccc(CCCCCCC(=O)N2CCCC2)c1
11506,O=C(CCCCCCc1ccc(F)cc1)N1CCCC1
11532,O=C(CCCCCCc1cccc(F)c1)N1CCCC1
11619,O=C(CCCCCCc1ccc(O)cc1)N1CCCC1
11766,O=C(CCCCCCc1cccc(Cl)c1)N1CCCC1
14514,COCCN(C)CCn1cc(-n2nc(C(C)(C)C)cc2NC(=O)N[C@H]2CC[C@@H](Oc3ccc4nnc(N5CCCC[C@@H]5C)n4c3)c3ccccc32)cn1
14516,CCN(C)CCn1cc(-n2nc(C(C)(C)C)cc2NC(=O)N[C@H]2CC[C@@H](Oc3ccc4nnc(N5CCCC[C@@H]5C)n4c3)c3ccccc32)cn1
14533,C[C@H]1CCCCN1c1nnc2ccc(O[C@@H]3CC[C@H](NC(=O)Nc4cc(C(C)(C)C)nn4-c4cnn(CCN(C)C)c4)c4ccccc43)cn12
14538,C[C@@H]1CCC[C@H](C)N1c1nnc2ccc(O[C@@H]3CC[C@H](NC(=O)Nc4cc(C(C)(C)C)nn4-c4cnn(CCN(C)C)c4)c4ccccc43)cn12
7927,CC(C)C(=O)Nc1nnc(SCC(=O)NC2CC2)s1
2938,COc1ccc(-n2nc(C(=O)Nc3ccc(OC)c(OC)c3)c3c4ccccc4n(C)c3c2=O)cc1
10490,CC1CCN(Cc2nc3c(c(=O)n(C)c(=O)n3C)n2Cc2c(F)cccc2Cl)CC1
179,Cn1c(C(O)c2ccc3c(c2)OCO3)nc2ccccc21
4257,CCN(CC(=O)Nc1ccc(OC)cc1)C(=O)c1cc(-c2cccs2)nn1-c1ccccc1
14063,COc1ccc(C(=O)Cc2c(Cl)cncc2Cl)c(OCCc2ccc(C(=O)O)cc2)c1OC
14094,COc1ccc(C(=O)Cc2c(Cl)cncc2Cl)c(OCCc2ccccc2)c1OC
14152,CNC(=O)c1ccc(CCOc2c(C(=O)Cc3c(Cl)cncc3Cl)ccc(OC)c2OC)cc1
14215,COc1ccc(C(=O)Cc2c(Cl)cncc2Cl)c(OCCc2ccc(O)cc2)c1OC
9685,Cc1ccc2c(c1)NCCO2
12187,CS(=O)(=O)N1CC(C(=O)NN)Oc2ccc(Cl)cc21
11710,O=C(CCNC(=O)Cn1ccc2ccccc2c1=O)NCCN1CCN(c2cccc(Cl)c2)CC1
13923,O=C(N[C@H]1CNC1=O)OCCCCC1CCCC1
12684,COc1ccc(C(OC(=O)c2ccco2)C(=O)NCc2ccc(C)cc2)cc1
8405,N#CCSc1nnc(C2CCCCC2)n1-c1ccccc1
545,COc1cc(C(=O)O[C@H]2CC(C)=CC[C@@]3(C)CC[C@@](O)(C(C)C)[C@H]23)ccc1O
5352,O=C(NC1CCCCC1)c1ccc(S(=O)(=O)NCc2ccco2)cc1
6397,CC1CCCCC1NC(=O)c1ccc(S(=O)(=O)NCc2ccco2)cc1
5262,COC1=C/C(=C/c2c(N)n3nc(CC(=O)N4CCCCC4)sc3nc2=O)C=CC1=O
10854,Cc1cccc2nc(CSCc3ccco3)cn12
5855,CCOc1ccccc1C1CC(=O)Nc2cc3c(cc21)OCCO3
2146,COc1ccc(-c2cc(C(F)(F)F)nc(SCC(=O)Nc3sc4c(c3C#N)CCC4)n2)cc1
11449,CC(NC(=O)Cc1ccc(-c2ccccc2)cc1)c1ccccc1
3978,COC(=O)Nc1nc2ccc(C(=O)c3cccs3)cc2[nH]1
8471,CCc1nc2ccccc2c(=O)n1-c1cccc(OC)c1
11614,CCCCCc1nc2ccccc2c(=O)n1-c1ccc(Cl)cc1[N+](=O)[O-]
12218,CCCCc1nc2ccccc2c(=O)n1-c1ccccc1O
10762,O=C(O)C1CCCN1C(=O)c1cccs1
6673,O=S(=O)(NC1CCN(Cc2ccccc2)CC1)c1cccc(S(=O)(=O)N2CCOCC2)c1
2788,O=S1(=O)C=C(Sc2nc3cc(Cl)ccc3o2)c2ccccc21
3634,O=C(O)CCCCCN1C(=O)/C(=C\c2cn(-c3ccccc3)nc2-c2cccs2)SC1=S
6141,COc1cc(C(=O)Nc2ccc3c(c2)OCCO3)ccc1-n1cnnn1
2348,NS(=O)(=O)c1ccc(NS(=O)(=O)c2ccc(NC(=O)c3ccc(-c4ccccc4)cc3)cc2)cc1
4150,O=C(Nc1ccc(N2CCN(Cc3ccccc3F)CC2)cc1)c1ccc([N+](=O)[O-])o1
11331,CC(C)CC(C(=O)NC(C)(C)C)N(Cc1ccccc1Cl)C(=O)c1snc(C(N)=O)c1N
2721,COc1ccc([C@H](Cc2ccncc2)c2ccc(N3CCCS3(=O)=O)cc2)cc1OC1CCCC1
2517,O=C(NNc1nc(-c2ccc(F)cc2)cs1)c1ccccc1
3656,NC(=O)N/N=C/c1c(Sc2nnnn2-c2ccccc2)nc2ccccn2c1=O
13425,CC1CN(c2cncnc2)Cc2cc(C(=O)Nc3cc(CN4CCCC4)cc(C(F)(F)F)c3)ccc21
9891,Cc1ccc(Cn2c(-c3nonc3N)nc3ccccc32)cc1
11816,Cc1ccc(S(=O)(=O)c2c(COC(=O)c3ccccc3Cl)c(-c3ccccc3)nn2C)cc1
1877,CN(C)S(=O)(=O)c1cc(NC(=O)CSc2nn(-c3ccc(Cl)cc3)c(=S)s2)ccc1Cl
6934,O=C(CSc1nnc(-c2ccccc2O)o1)N1CCc2ccccc2C1
1182,NS(=O)(=O)c1ccc(NC(=O)C2CCn3c(C(=O)c4ccccc4)ccc32)cc1
67,CC1(C)CC(=O)C=C(NCCCN2CCCC2=O)C1
10537,Cc1nnc(SCc2cc(=O)[nH]c(N3CCCCC3)n2)s1
10210,COc1ccc(N2CCn3c2nc2c3c(=O)n(CCCc3ccccc3)c(=O)n2C)c(OC)c1
7846,Cc1ccc(Cl)cc1N(CC(=O)NC1CCCCC1)S(C)(=O)=O
7212,O=C1C2C3c4ccccc4C(c4ccccc43)C2C(=O)N1CN1CCOCC1
8647,Cc1ccc(N(C(=O)Cn2nnc(-c3ccc(C)o3)n2)C(C(=O)NC2CCCC2)c2ccco2)cc1
8247,Cc1cc(Nc2ccc(N3CCC(C)CC3)cc2)n2ncnc2n1
7971,COCC(=O)N(C)c1nnc(-c2ccccn2)s1
9813,COCCN(C(C)=O)c1nnc(-c2ccccn2)s1
12477,O=C(Nc1nnc(C2CC2)s1)c1cc(S(=O)(=O)N2CCN(c3ccccc3)CC2)ccc1Cl
14494,COc1ccc(C2=NN(C/C=C/Cn3ccnc3)C(=O)[C@@H]3CC=CC[C@H]23)cc1OC
10865,O=C(OCc1cccc2ccccc12)c1ccc2c(=O)[nH]c(CN3CCOCC3)nc2c1
8652,O=C(CSc1nnc(-c2cccnc2)n1Cc1ccccc1)NCc1ccco1
8611,O=C(CN(C(=O)CCNC(=O)c1ccco1)c1ccccc1)NC1CCCC1
11899,CC1(C)CC(=O)C2=C(C1)N(CCC(=O)O)C1=C(C(=O)CC(C)(C)C1)C2c1ccc(OCc2ccc(Cl)cc2)c(Br)c1
1804,CC1CN(C(=O)/C(C#N)=C2\N=C(NC(=O)c3ccccc3Cl)c3ccccc32)CC(C)O1
15010,COc1cc(CCCO)ccc1O[C@H](C)[C@H](O)c1cc(OC)c(OC)c(OC)c1
15036,COc1cc([C@@H](O)[C@H](CO)Oc2c(OC)cc(CCCO)cc2OC)cc(O)c1OC
15037,COc1cc([C@H](O)[C@@H](CO)Oc2c(OC)cc(CCCO)cc2OC)ccc1O
2493,COc1ccc(N=C2NC(=O)/C(=C\c3ccco3)S2)cc1
7404,Cc1ccc2nc(-c3ccccn3)oc2c1
1401,O=C(c1c(Cl)nc2sccn12)N1CCCc2ccccc21
3394,CC(c1cccs1)N(C)C(=O)CCc1nnc(CCC2CCCCC2)o1
12309,CCc1ccccc1NC(=O)/C(=C/c1ccco1)c1ccccc1
5118,CCN(CC)C(=O)Cn1cc(/C=C2\C(=O)NC(=O)N(c3ccccc3F)C2=O)c2ccccc21
13737,COc1ccc2cc(C(=O)NCc3ccccc3)cnc2c1
7540,Cc1ccccc1CCNC(=O)C1CCN(S(=O)(=O)c2ccc(-n3cnnn3)cc2)CC1
10701,O=C1CCCC/C1=C\Nc1ccc(Cl)cn1
14938,COC1=CC(=O)c2ccc3cc(OC)cc(O)c3c2C1=O
848,CCOC(=O)c1c(-c2ccccc2Br)oc2c1cc(O)c1ccccc12
851,CCOC(=O)c1c(-c2ccccc2F)oc2c1cc(O)c1ccccc12
859,CCOC(=O)c1c(-c2ccc(Cl)c(Cl)c2)oc2c1cc(O)c1ccccc12
9673,O=C(NCCCN1CCOCC1)c1cc2ccccc2oc1=O
12896,O=C(NCCCN1CCOCC1)c1cc2cc(Br)ccc2oc1=O
8337,O=C(CN1CCOCC1)Nc1nc(-c2ccc3c(c2)CCN3S(=O)(=O)c2ccccc2)cs1
8715,c1ccn(-c2ncnc3sc4c(c23)CCCC4)c1
151,O=C1c2ccccc2C(O)(Cc2ccccc2)N1C1CCCCC1
7547,O=S(=O)(c1ccc(S(=O)(=O)N2CCCC3(CCCCC3)C2)cc1)N1CCCCC1
6499,O=C(CSc1nnc(-c2c[nH]c3ccccc23)o1)N1c2ccccc2CCc2ccccc21
9373,Cc1cc2n(n1)C(c1sccc1C)Nc1ccccc1-2
6907,Cc1ccc(N(CC(=O)NCc2ccco2)C(=O)CCC(=O)Nc2ccccn2)cc1C
10988,CCCn1c(=O)[nH]c(=O)c2c1nc(-c1ccccc1OC(F)F)n2CCOC
12546,CCCn1c(=O)[nH]c(=O)c2c1nc(-c1ccc(OC(F)(F)C(F)C(F)(F)F)cc1)n2CCOC
11581,COc1cc2nc(NCCCN3CCN(C)CC3)n3nc(-c4ccccc4)nc3c2cc1OC
5637,COc1ccc(C(=O)NCc2nnc(SCC(=O)c3ccccc3)n2C)cc1OC
12808,CCCC(=O)Nc1cccc(-c2cn3ccsc3n2)c1
13231,Cc1cnc(Nc2ccc(OCCN3CCCC3)cc2)nc1N1CCC2(CCNC2=O)CC1
1704,Cc1ccc(-n2c(C)cc(C=C(C#N)C#N)c2C)cc1
4561,COc1ccc(-n2cccc2/C=C/[N+](=O)[O-])cc1
8964,Cc1ccc(C)n1-c1cccc(N)c1
6173,CCn1c(SCC(=O)Nc2cc(C)on2)nnc1-c1ccc(S(=O)(=O)N2CCCC2)cc1
12884,Cc1ccc(Cn2nnnc2CN2CCC(NC(=O)c3ccc(Br)cc3)CC2)cc1
7757,CC(C)C(=O)Nc1ccc(C(=O)NCc2cccnc2)cc1
8870,CCCOc1ccc(C(=O)NCc2cccnc2)cc1
879,Cc1[nH]c2ccccc2c1CCNC(=O)c1cnc(Nc2cccc(=O)[nH]2)nc1
2734,CCn1c(=O)c2c(cnn2C)c2ccccc21
12876,CC12CCC(C(=O)N3CCc4ccccc43)(CC1=O)C2(C)C
10357,Nc1c(C(=O)Nc2ccccc2)sc2nc(-c3ccco3)ccc12
13367,NC(=O)c1cn(-c2ccc3c(c2)CCC3)c2nc(Nc3ccccc3)ncc2c1=O
14012,CN(C)Cc1ccc(Nc2ncc3c(=O)c(C(N)=O)cn(-c4ccc5c(c4)CCC5)c3n2)cc1
14357,CN(C)CCc1ccc(Nc2ncc3c(=O)c(C(N)=O)cn(-c4ccc5c(c4)CCC5)c3n2)cc1
12659,OCCNc1c2c(nc3ccccc13)CCCC2
10792,COc1ccc(N(C)S(=O)(=O)c2cccc(C(=O)Nc3ccc(-n4cnnn4)cc3)c2)cc1
1881,CC(C)c1c(O)cc(-c2ccncc2)n(-c2ccc(Cl)cc2)c1=O
9152,O=C(c1ccco1)N1CCN(c2ccc(S(=O)(=O)N3CCCC3)cc2)CC1
2167,O=C(N/N=C/c1c(O)ccc2ccccc12)c1cccc(C(F)(F)F)c1
2240,N#Cc1c(N)sc(=S)c2c1CCN(Cc1ccccc1)C2
7551,COc1ccc(C(=O)CSc2nnc(CNc3ccc(C)cc3C)n2Cc2ccco2)cc1
9119,Cc1ccc(NCc2nnc(SCC(=O)c3ccccc3)n2Cc2ccco2)c(C)c1
14323,COc1ccc(C2=NN(Cc3ccc(CN4CCOCC4)cc3)C(=O)[C@@H]3CC[C@H]23)cc1OC
10667,COc1ccccc1CNC(=O)COC(=O)c1cnccn1
1727,O=C(CCN1C(=O)/C(=C\c2ccccc2Cl)SC1=S)N1CCN(c2ccccc2)CC1
53,CC1Cc2ccccc2N1C(=O)CSc1nnc2n1C(C)(C)Cc1ccccc1-2
6131,CC1(C)Cc2ccccc2-c2nnc(SCC(=O)N3CCc4ccccc43)n21
1132,NS(=O)(=O)c1cc(NC(=O)Cc2ccccc2Cl)ccc1Oc1ccccn1
10640,O=C(c1ccc(OCC2CCCO2)cc1)N1CCN(c2ccccc2)CC1
10385,O=C(COc1ccccc1)Nc1ccc2c(c1)nc1n2CCOC1
10570,Cc1ccc(OCC(=O)Nc2ccc3c(c2)nc2n3CCOC2)cc1
5486,COc1ccccc1-n1cnnc1SCc1csc(-c2ccccc2)n1
7691,COc1ccc(N2CCN(C(=O)CN(c3ccccc3)S(C)(=O)=O)CC2)cc1
8777,COc1ccccc1N1CCN(C(=O)CN(c2cc(C)cc(C)c2)S(C)(=O)=O)CC1
12304,COc1ccccc1N1CCN(C(=O)C(C)N(c2ccc(C)c(C)c2)S(C)(=O)=O)CC1
5395,O=C(O)c1ccc2c(c1)N(Cc1cccc(F)c1)C(=O)CS2
13035,CSc1nc(/C=C/c2ccccc2)nn1C(=O)N(C)C
3756,CC(=O)OC[C@]12CCC(C)=C[C@H]1O[C@@H]1[C@H](O)[C@@H](OC(C)=O)[C@@]2(C)[C@]12CO2
2319,CC1=C(C)CS(=O)N(S(=O)(=O)c2ccccc2)C1
13936,O=C(Nc1cccc(-c2ccccc2)c1)c1cc([N+](=O)[O-])cc([N+](=O)[O-])c1
4261,CC(=O)Nc1sc(C)c(C)c1C(=O)OCC(=O)N(CC(C)C)c1c(N)n(Cc2ccccc2)c(=O)[nH]c1=O
5105,Fc1cccc(Cl)c1CN1CCN(c2nc3ccccc3s2)CC1
14566,C/C=C(\C)C(=O)O[C@H]1C[C@@H](OC(C)=O)[C@@]2(C)CO[C@H]3[C@H]4O[C@@H]5C[C@@H](c6ccoc6)C(C)=C5[C@@]4(C)[C@H](CC(=O)OC)[C@]1(C)[C@@H]32
4717,O=C1NN(c2ccccc2)C(=O)/C1=C\c1coc2ccc(O)cc2c1=O
4868,COC(=O)Cn1c(=O)c2c(n(Cc3ccccc3)c1=O)N/C(=C/c1ccc(Br)cc1)C2=O
14986,COc1c2c(cc3oc(=O)c(-c4ccc(O)cc4)c(O)c13)OC(C)(C)C=C2
12080,COC(=O)C(C(=O)Nc1cc(C)on1)C1CCCCCC1
5062,O=[N+]([O-])c1cc(Br)c2nsnc2c1N1CCOCC1
11381,COc1ccc(/C=N/NC(=O)Cc2csc(Nc3cccc(C(F)(F)F)c3)n2)c(OC)c1
8221,CC(C)(C)NC(=O)CN(C(=O)CS(=O)CC(=O)Nc1ccc(F)cc1)c1ccc(F)c(Cl)c1
9103,CNC(=O)CSc1nnc(-c2cc3c(C)nn(-c4ccccc4)c3s2)n1C
11029,Cc1cc2ncn(-c3ncnc4sc(C)c(C)c34)c2cc1C
13948,CN1CCN(Cc2ccc(-c3cn4c5nc(ncc35)NCCCCCC(O)CCCC4)cc2)CC1
14118,CN1CCN(Cc2ccc(-c3cn4c5nc(ncc35)NCCCCCCC(O)CCC4)cc2)CC1
8556,CCNC(=O)C1CC(=O)N(Cc2ccc3c(c2)OCO3)C(=Nc2ccc(F)cc2)S1
9020,CNC(=O)C1CC(=O)N(Cc2ccc3c(c2)OCO3)C(=Nc2ccc(F)cc2)S1
1478,COc1ccc(NC(=O)c2cc(-c3ccc(OC)c(OC)c3)on2)cc1OC
2288,CC(=O)c1cccc(NC(=O)c2cc(-c3ccc(C)cc3)on2)c1
3684,CC(C)CC[n+]1ccn(C2=C([O-])c3ccccc3C(=O)/C2=N\S(=O)(=O)c2ccc(Br)cc2)c1
9190,Cc1ccc(-c2noc(C3CCN(S(C)(=O)=O)CC3)n2)o1
14753,CC(C)(O)[C@H]1OC[C@@H]([C@H]2CC[C@@]3(C)[C@@H]4CC[C@H]5C(C)(C)C(=O)CC[C@@]56C[C@@]46CC[C@]23C)C[C@@H]1O
9737,O=C(NCN1CCCCC1)c1cccnc1
1486,CC1CC(=O)Nc2ccccc2S1(=O)=O
8583,Cn1c(SCC2CCCO2)nnc1-c1ccncc1
11910,CN1CCC(O)(C#Cc2cc(-n3ccc4ccc(N)nc43)ccn2)C1=O
9569,Cc1cccc(CCN(Cc2cc3cccc(C)c3[nH]c2=O)C(=O)N2CCOCC2)c1
5623,C=CCN1C(=O)c2ccc(C(=O)N(CC(C)C)c3c(N)n(CCCC)c(=O)[nH]c3=O)cc2C1=O
11905,O=C(CCc1ccc(-c2ccsc2)cc1)N1CCCC1
14065,O=C(NCc1ccc(Cl)cc1Cl)N1CCC(NS(=O)(=O)c2ccc(F)cc2)CC1
11792,COc1ccc(/C(C)=C2\SC(c3ccc(N)cc3)=NC2=O)cc1
11997,COc1ccc(/C=C2\SC(c3ccc(N)cc3)=NC2=O)cc1
12016,CCC(=O)Nc1ccc(C2=NC(=O)/C(=C/c3ccc(OC)cc3)S2)cc1
13180,COc1ccc(/C=C2\SC(c3ccccc3Cl)=NC2=O)cc1
13199,CCCOc1ccc(C2=NC(=O)/C(=C/c3ccc(OC)cc3)S2)cc1
13322,COc1ccc(/C=C2\SC(c3ccc(OC)cc3)=NC2=O)cc1
13366,COc1ccc(C2=NC(=O)/C(=C/c3ccc(C)cc3)S2)cc1
13406,COc1ccc(C2=NC(=O)/C(=C/c3ccc(Cl)cc3)S2)cc1
13469,COc1ccc(/C=C2\SC(c3ccc(F)cc3)=NC2=O)cc1
13499,COc1ccc(/C=C2\SC(c3cccc(Cl)c3)=NC2=O)cc1
13500,CCCOc1ccc(/C=C2\SC(c3ccc(Cl)cc3)=NC2=O)cc1
13501,COc1ccc(/C=C2\SC(c3ccc(Br)cc3)=NC2=O)cc1
3999,CN1CCN(c2ncnc3scc(-c4ccccc4Cl)c23)CC1
2954,Clc1ccc2c(c1)C1=C(C(c3ccncc3)O2)C(c2ccc(Br)cc2)n2ncnc2N1
3735,O=C1NC(=S)NC(=O)C1=Cc1cccc2cc3ccccc3cc12
13826,CS(=O)(=O)Nc1cc2c(cc1SC1CCCCC1)C(=O)CC2
13247,Cc1c(CN2CCN(C(=O)C3CCCC3)CC2)cccc1Nc1nc2c(s1)CCC/C2=N\O
2304,Cc1cc(C)c2c(=O)n(CC(=O)N3CCC(Cc4ccccc4)CC3)sc2n1
5891,Cc1nc2sc3c(c2c2nnc(SCC(=O)NCc4ccco4)n12)CCCC3
155,O=C(Nc1ccc(F)cc1F)c1ccc(COc2c(F)c(F)cc(F)c2F)o1
12221,COC(=O)c1ccccc1NC(=O)c1ccc(COc2ccc(C)c(C)c2)o1
8999,Cc1cc(C)cc(N(CC(=O)NCC2CCCO2)C(=O)CN2C(=O)COc3ccccc32)c1
12185,O=C(Nc1ccc2c(c1)OCO2)C1COc2ccccc2O1
10833,Nn1c(SCc2nc3ccccn3c2Br)nnc1-c1cccnc1
12619,CC(C(=O)N1c2ccccc2CCc2ccccc21)n1nnc(-c2ccc(N(C)C)cc2)n1
2698,COc1ccc(C(Cc2ccc(C(=O)O)cc2)c2ccccc2)cc1OC1CCCC1
1900,COc1ccc(-c2nc3cnccn3c2NC(C)(C)CC(C)(C)C)cc1O
6626,CC1=CCC2C(=O)N(c3ccc4ccccc4n3)C(=O)C2C1
311,O=C(Nc1ccc2snnc2c1)Nc1cccc2ccccc12
3997,COc1ccccc1CN(C)C(=O)c1cc(-c2cc(OC)c(OC)c(OC)c2)nc2ccccc12
4018,COc1ccc(CN(C)C(=O)c2cc(-c3ccc(C)cc3C)nc3ccccc23)c(OC)c1OC
5548,COc1ccc(-c2cc(C(=O)N(C)Cc3ccccc3F)c3ccccc3n2)cc1OC
1768,S=C(NCc1cccs1)Nc1cccc(Cl)c1Cl
13271,CNC(=O)c1cc(C(=O)NC2CC2)cn(CC2CCCCO2)c1=O
6644,CCOC(=O)CNC(=O)CSc1nc2cccnc2n1C1CCCCC1
2294,COc1ccc(Br)cc1C1CC(=O)N2CN(Cc3ccccc3)CSC2=C1C#N
971,N#C/C(=C1/Nc2ccccc2S1)c1ccnc(NCCCn2cccn2)n1
11955,CC1(C)Cc2c(sc(NC(=O)C(=O)NCC3CCCO3)c2C(N)=O)CO1
14067,Cc1c(Cc2cc3ccccc3n2C)c(=O)on1C(=O)N1CCCCC1
12585,CC1=C(C(=O)OC(C)C)C(c2coc3ccccc3c2=O)C2=C(CCCC2=O)N1
393,CC[C@@H]1OC(=O)[C@H](C)[C@@H](O[C@@H]2C[C@](C)(OC)[C@H](O)[C@@H](C)O2)[C@@H](C)[C@@H](O[C@@H]2O[C@H](C)C[C@H](N(C)Cc3ccccc3-c3cn(CCCCCCC(=O)NO)nn3)[C@H]2O)[C@](C)(O)C[C@@H](C)CN(C)[C@H](C)[C@@H](O)[C@]1(C)O
4513,Cc1ccc(N2C=Nc3ccc(C)c4nc(C)cc2c34)cc1
4514,CC1=Nc2ccc(C)c3nc(C)cc(c23)N1c1ccc(C)cc1
7045,CS(=O)(=O)N1CCN(C(=O)c2ccncc2)CC1
10512,Cc1c(-c2nc(N)nc(Nc3ccccc3F)n2)oc2ccccc12
244,Cn1nc(-c2ccc(C(=O)NCC3CCCO3)cc2)c2ccccc2c1=O
1628,CC(C)CCNC(=O)c1nnc(Cc2ccc(Cl)cc2)o1
10218,Cc1ccc(OCC(=O)Nc2ccc3c(c2)nc(CCN2CCOCC2)n3C)cc1
10377,Cn1c(CCN2CCOCC2)nc2cc(NC(=O)COc3ccccc3)ccc21
10430,COc1ccc(OCC(=O)Nc2ccc3c(c2)nc(CCN2CCOCC2)n3C)cc1
6973,COC(=O)c1c(NC(=O)c2cccs2)sc2c1CCCC2
12098,COc1ccc2c(CC(=O)OCC(=O)c3ccccc3OC)coc2c1
2415,O=C(COC(=O)c1c2c(nc3ccccc13)/C(=C/c1ccco1)CC2)NC1CCCC1
1363,Nc1ccc2c(c1)N1CCN=C1S2
11721,CCN(CC)CCOC(=O)c1ccc(N/C=C(/C#N)c2nc(-c3ccc(OC)cc3)cs2)cc1
11831,CCN(CC)CCOC(=O)c1ccc(N/C=C(/C#N)c2nc(-c3ccc(OC)c(OC)c3)cs2)cc1
13750,CC(=O)N1CCN(c2ccc(Nc3ncc(C)c(N4CCC5(CCNC5=O)CC4)n3)cc2)CC1
1180,CC(C)Cc1ccc(C(C)C(=O)NCCCOc2ccc(S(N)(=O)=O)cc2)cc1
7374,N=c1c(S(=O)(=O)c2ccccc2)cc2c(=O)n3ccccc3nc2n1CC1CCCO1
2259,CSc1nc(N2CCN(CCO)CC2)c2sc3nc(-c4ccco4)c4c(c3c2n1)CCC4
3416,Cn1nc(-c2ccccn2)nc2c(=O)n(C)c(=O)nc1-2
4802,CC1=CC(=O)C=C(C)C1=NOc1ccc([N+](=O)[O-])cc1
9057,OCc1nc2ccccc2n1C/C=C/c1ccccc1
11211,N#Cc1ccc(/C=N/NC(=O)c2cn(Cc3ccc(Cl)cc3)c3ccccc23)cc1
4460,Nc1c(C(=O)Nc2nc3ccccc3s2)sc2nc(-c3cccs3)ccc12
1789,CC(CCc1ccccc1)NC(=O)/C=C/c1ccc(Cl)cc1
14567,C/C=C/C(=O)O[C@@H](C[C@@]1(C)[C@H](C)C[C@H](OC(C)=O)[C@]2(COC(C)=O)[C@@H]1[C@H](O)CC[C@]21CO1)C1=CC(=O)OC1
14711,CC(=O)OC[C@@]12[C@@H](OC(C)=O)C[C@@H](C)[C@](C)(CCC3=CC(=O)OC3)[C@H]1[C@H](OC(C)=O)CC[C@]21CO1
14712,CC(=O)OC[C@@]12[C@@H](OC(C)=O)C[C@@H](C)[C@](C)(C[C@H](OC(=O)C(C)C)C3=CC(=O)OC3)[C@H]1CCC[C@]21CO1
15159,O=C(CCc1ccc(O)c(O)c1)C[C@H](CCc1ccc(O)c(O)c1)O[C@@H]1OC[C@@H](O)[C@H](O)[C@H]1OC(=O)c1ccccc1
11016,CCOC(=O)c1c(N)n(CCN2CCCCC2)c2nc3ccccc3nc12
3143,O=C(COc1ccccc1-c1ccccc1)N/N=C/c1ccc2ccccc2c1
5126,O=Cc1cc(Br)c(OC(=O)N2CCOCC2)c(Br)c1
355,CCOC(=O)/C(=C/c1c2ccccc2cc2ccccc12)NC(=O)c1ccccc1
8404,CC1(C)NC(=O)N(CC(O)CN2CCOCC2)C1=O
2758,CN(C)c1ccc(-c2nn3c(-c4ccccc4Cl)nnc3s2)cc1
3648,COc1ccccc1-c1nnc2sc(-c3ccc(N(C)C)cc3)nn12
12426,CC(=O)NCCn1c(SCc2ccccc2F)nc2ccccc2c1=O
11000,O=C(CSc1nnc(NCc2ccccc2)s1)c1ccco1
164,Cc1onc(-c2ccccc2Cl)c1C(=O)Nc1cc(=O)n(C)c(=O)n1C
14758,CC(C)=C/C=C\[C@H](C)[C@H]1CC[C@]2(C)C[C@@H]3C(C)=CC(=O)[C@H]3/C(CO)=C\C[C@@H]12
15112,C[C@@H](/C=C\[C@@H](O)C(C)(C)C)[C@H]1CC[C@]2(C)C[C@@H]3C=CC(=O)[C@@H]3/C(C=O)=C\C[C@@H]12
15113,C[C@@H](/C=C\[C@@H](O)C(C)(C)C)[C@H]1CC[C@]2(C)C[C@@H]3C=CC(=O)[C@H]3/C(C=O)=C\C[C@@H]12
9500,O=C(CSc1nnnn1C1CCCC1)N1CCN(C(=O)c2ccco2)CC1
12789,COc1ccc(NC(=O)NCc2cccn2C)c(OC)c1
9201,CC1Cc2ccccc2N1C(=O)CSc1nnc(-c2ccc(S(=O)(=O)N3CCCC3)cc2)o1
7801,Cc1ccc(-n2ncc3c(=O)n(CC(=O)NCc4ccco4)cnc32)cc1
14705,CC(=O)OC1[C@@H]2CC[C@@H]3C1(C[C@@H](OC(C)=O)[C@@]1(O)[C@@H]([C@@H]4O[C@@H]4C1(C)C)[C@]3(C)O)C[C@@]2(C)O
14719,CC(=O)O[C@@H]1C[C@]23C[C@@](C)(O)[C@H](CC[C@H]2[C@@](C)(O)[C@@H]2[C@@H]4O[C@@H]4C(C)(C)[C@@]12O)[C@H]3O
14850,CC1(C)[C@H]2O[C@H]2[C@H]2[C@](C)(O)[C@@H]3CC[C@@H]4[C@@H](O)[C@@]3(C[C@@H](O)[C@@]21O)C[C@@]4(C)O
11817,O=C1N=c2ccc(Br)cc2=C1c1sc(=S)n(C(Cc2ccccc2)C(=O)O)c1O
6459,Cc1cc(C)c2c(N)c(S(=O)(=O)Cc3ccccc3)sc2n1
7870,O=S(=O)(Nn1cnnc1)c1ccccc1Cl
2879,CCN(CC)c1ncnc2ccc(Br)cc12
2910,CC(C)Nc1ncnc2ccc(Br)cc12
8387,OCCNc1ncnc2ccc(Br)cc12
10764,C/C(N)=C(/C#N)C(=O)COc1ncnc2ccc(Br)cc12
3433,Cc1ccc(C2=NOC(=O)/C2=C\C=C\c2ccccc2)cc1
15075,COc1ccc(/C=C/C(=O)c2ccc3occc3c2O)cc1OC
4485,CN1/C(=C/C=C(/C#N)C(N)=O)C(C)(C)c2ccccc21
6348,COC(=O)C1=C(C)NC(C)=C(C(=O)OC)C1c1cc2cc(C)ccc2[nH]c1=O
7568,CCOC(=O)C1=C(C)NC(C)=C(C(=O)OCC)C1c1cc2ccc(C)cc2[nH]c1=O
1705,O=C(CSc1ncnc2nc[nH]c12)Nc1ccccc1C(F)(F)F
11254,O=C(C(Cc1ccccc1)N1C(=O)c2ccccc2C1=O)N1CCc2ccccc21
12135,O=C1CN(C(=O)CSc2nnc(C3CC3)n2-c2ccccc2)c2ccccc2N1
11524,Cc1c(CN2CCN(C(=O)C3CCCC3)CC2)cccc1Nc1nc2cccnc2s1
10186,CC(=O)Nc1ccccc1OP1(=O)COc2ccccc2OC1
10338,COC(=O)c1ccccc1OP1(=O)COc2ccccc2OC1
161,CC(C)NC(=O)c1nc2ccccc2s1
2083,Nc1nc2ccc(OC(F)(F)F)cc2s1
2933,C=CCS(=O)(=O)c1nc2ccccc2s1
4734,CC(=O)Nc1ccc2nc(NC(=O)C(Cl)(Cl)Cl)sc2c1
5901,COC(=O)CSc1nc2ccc(NC(C)=O)cc2s1
6553,CNC(=O)c1ccc2nc(NC(C)=O)sc2c1
6616,CCS(=O)(=O)CCSc1nc2ccccc2s1
6875,CSc1nc2cc(Cl)ccc2s1
7217,CCC(=O)Nc1nc2ccc(NC(C)=O)cc2s1
7546,CCC(=O)Nc1nc2cc(OC)ccc2s1
9508,COc1ccc2sc(C)nc2c1NC(C)=O
12577,CC(C)(C)NC(=O)c1nc2ccccc2s1
14430,COc1ccc(C2=NN(Cc3ccc(CN4CCC5(CC4)OCCO5)cc3)C(=O)[C@@H]3CC=CC[C@H]23)cc1OC
6705,CNC(=O)CSc1nnc(-c2cccnc2)n1CCc1ccccc1
6816,COc1ccc(CN2CCC(CNC(=O)NC3CCCCC3)CC2)cc1
1431,O=c1cc(-c2ccccc2)c2ccccc2[nH]1
8226,COc1cccc(Cn2c(-c3cccs3)noc2=O)c1
10819,CCC1(CC)NC(=O)NC1=O
6691,CC1CCCC(C)N1C(=O)CSc1nc2ncnc(N)c2[nH]1
1617,CN(CC(=O)NCc1ccc(F)cc1)S(=O)(=O)c1cccc2cccnc12
2807,CC(=O)c1cccc(NC(=O)Nc2cccnc2)c1
8128,COC(=O)c1ccccc1NC(=O)Nc1cccnc1
9127,N#Cc1c(NC(=O)CSc2ncnc3c2cnn3-c2ccccc2Cl)sc2c1CCCC2
5490,N#CC1=C(S)N=C(N)C(c2nc(-c3ccccc3)cs2)C12CCCC2
5155,Cc1sc2ncnc(N(C)C3CCCCC3)c2c1C
7128,Cc1nnc(NC(=O)CSc2nnc3scc(-c4ccc(C)c(C)c4)n23)s1
10588,CN(C)C1=C(C#N)C(c2ccccc2)=NP(N(C)C)(N(C)C)=N1
4833,Cc1c(Br)c(O)c(Br)c2sc(=O)oc12
11872,Cc1cc(Oc2cccc(-c3c(C)nnn3C3CCNCC3)n2)cc(-c2ccccc2)c1
488,Cc1cc(C)c2c(c1)SC1=NC(c3ccccc3)(C(F)(F)F)NC(=O)N12
7243,CCc1ccc2[nH]c(=O)c(C(c3nnnn3Cc3ccccc3)N3CCOCC3)cc2c1
8445,CCc1ccc2[nH]c(=O)c(C(c3nnnn3Cc3ccc(OC)cc3)N3CCOCC3)cc2c1
9683,COc1ccc(Cn2nnnc2C(c2cc3cccc(C)c3[nH]c2=O)N2CCOCC2)cc1
9687,COc1ccc(Cn2nnnc2C(c2cc3cc(C)ccc3[nH]c2=O)N2CCOCC2)cc1
14892,CCC[C@H]1C2=C[C@@H](OC)[C@@H]3[C@@]4(C)C=CC(=O)C(C)(C)C4CC[C@@]3(C)[C@]2(C)CC(=O)[C@@H]1O
143,CCOC(=O)C1CCCN(Cc2cc(Br)c(OC)cc2OC)C1
334,COC(=O)[C@H](C)NC(=O)NC1CCN(Cc2ccccc2)CC1
3334,Clc1ccc(-c2csc3ncnc(N4CCc5ccccc5C4)c23)cc1
10359,COc1ccc2ccccc2c1C1CC(=O)N2CN(C)CSC2=C1C#N
2760,c1cc(-c2nnc3sc(C4CCCCC4)nn23)ccn1
1638,CCCNC(=O)C1CCN(S(=O)(=O)c2c(C)noc2/C=C\c2ccc(OC)cc2)CC1
10732,O=C1CN(C(=O)COC(=O)Cc2ccsc2)c2ccccc2N1
11042,O=C(NCCOc1ccccc1)C1CCCN1C(=O)c1cccs1
5078,C=CCn1c(C)c(C=C2C(=O)NC(=O)NC2=O)c2ccccc21
11718,O=C(CCc1ccccc1)Nc1cccc(Nc2ccc3c(c2)CCc2ccccc2C3=O)c1
1622,COc1ccc(-c2nc(CNS(=O)(=O)c3ccc(OC)c(OC)c3)cs2)cc1
7972,O=C(NCc1ccccc1)NC1(C(=O)N2CCCC2)CCCCC1
6140,O=C(Nc1nnc(Cc2ccccc2)s1)c1cccs1
13320,Fc1cccc(Cl)c1-c1ncc(-c2ccc(Oc3ccccc3)cc2)[nH]1
7955,CN(C(=O)c1cccc(C#N)c1)c1nnc(-c2ccncc2)s1
5202,CCOc1cc(/C=C2\C(=N)N3N=CSC3=NC2=O)ccc1OS(=O)(=O)c1ccccc1
5235,COc1cc(/C=C2\C(=N)N3N=CSC3=NC2=O)ccc1OS(=O)(=O)c1ccccc1[N+](=O)[O-]
5241,CCC1=NN2C(=N)/C(=C/c3ccc(OS(=O)(=O)c4ccccc4)cc3)C(=O)N=C2S1
5263,COc1cc(/C=C2\C(=N)N3N=CSC3=NC2=O)ccc1OS(=O)(=O)c1ccccc1
10347,Cc1ccc(SCc2cc(=O)[nH]c(N3CCCCC3)n2)cc1
14228,Cc1cc(-c2nc(C(=O)Nc3cc4cn(CCN(C)C)nc4cc3C(C)(C)O)co2)ccn1
8927,O=C(CSc1ncccc1-c1nc2ccccc2[nH]1)NC1CC1
12165,c1ccc(-n2nnnc2Oc2ccc(-n3ccnc3)cc2)cc1
10796,CCCN(CC(=O)c1cc(C)n(C)c1C)S(=O)(=O)c1cccc(C(F)(F)F)c1
13012,CCCCC#Cc1ccc(NCC2CCOC2)c(C(N)=O)c1
3832,CCOc1cc(N2CCOCC2)c(OCC)cc1NC(=O)c1cc(-c2ccco2)nc2ccccc12
11098,CCOC(=O)C1=C(C)Nc2ccccc2N=C1NC(=O)CCCN1C(=O)c2ccccc2C1=O
8589,Cc1ccc(C(=O)CSc2nc3cccnc3n2C)cc1
4586,Cc1onc(-c2ccccc2)c1C(=O)NNC(=S)NC(=O)c1ccc(Br)cc1
4587,COc1ccc(C(=O)NC(=S)NNC(=O)c2c(-c3ccccc3)noc2C)cc1
4588,Cc1onc(-c2ccccc2)c1C(=O)NNC(=S)NC(=O)c1ccc(F)cc1
4589,Cc1onc(-c2ccccc2)c1C(=O)NNC(=S)NC(=O)c1ccc(Cl)cc1Cl
4933,COc1ccc(C(=O)NC(=S)NNC(=O)c2c(-c3ccccc3)noc2C)cc1OC
4939,CCCOc1ccc(C(=O)NC(=S)NNC(=O)c2c(-c3ccccc3)noc2C)cc1
5232,CC(Oc1ccccc1)C(=O)Nc1nnc(S(=O)(=O)N(C)c2ccccc2)s1
1280,c1ccc2oc(Oc3ccc(OCCN4CCCC4)cc3)nc2c1
12442,CC(=O)N1N=C(c2cccc(Cl)c2)OC1c1ccc(C(C)C)cc1
4090,COC(=O)c1c(NC(=O)CCl)sc(C(=O)N2CCOCC2)c1C
7642,CN(Cc1ccccc1)c1nc2c(c(=O)[nH]c(=O)n2C)n1Cc1ccccc1
7807,COc1ccc(OCC(=O)Nc2ccc(S(=O)(=O)N3CCOCC3)cc2)cc1
1443,O=C(NCc1ccccc1)N1CCN(c2ccc(Cl)c(Cl)c2)CC1
13476,CNC(=O)c1cc(C(=O)NC2CC2)cn(Cc2nccc3[nH]ccc23)c1=O
4329,COc1cc([C@@H]2Oc3cc(C4Oc5cc(O)cc(O)c5C(=O)[C@H]4O)ccc3O[C@H]2CO)ccc1O
10400,CCN1c2nc3ccccn3c(=O)c2CC2(C(=O)N(C)C(=O)N(C)C2=O)C1C
10148,c1ccc(-n2cnc3cc(NCc4ccncc4)ccc32)cc1
5519,CSc1nc2c(c(OC(=O)c3cccc(C)c3)n1)CCCC2
4537,COc1cc(/C=C2/C(=O)ON=C2c2ccccc2)ccc1O
4702,COc1cc(/C=C2\C(=O)ON=C2c2ccccc2)cc(Cl)c1O
4793,O=C1ON=C(c2ccc(Cl)cc2)/C1=C/c1ccc(O)cc1
5000,COc1cc(/C=C2\C(=O)ON=C2c2ccc(Cl)cc2)ccc1O
5028,CCOc1cc(/C=C2\C(=O)ON=C2c2ccccc2)ccc1O
5119,COc1cc(/C=C2\C(=O)ON=C2c2ccccc2)cc(Br)c1O
5123,CCOc1cc(/C=C2\C(=O)ON=C2c2ccccc2)cc(Br)c1O
4276,COc1ccc(C2CNC(=O)C2)cc1OC1CCCC1
9295,Cc1ccccc1C(=O)NC1CCN(CC(=O)Nc2nccs2)CC1
10261,CCOC(=O)N1CCN(c2nc3c(c(=O)[nH]c(=O)n3C)n2Cc2ccccc2Cl)CC1
462,O=C(Nc1ccc(N2CCN(C(=O)c3ccccc3Cl)CC2)cc1)c1ccccc1
4082,Cc1ccccc1C(=O)N1CCN(c2ccc(NC(=O)c3cccc(OC(C)C)c3)cc2)CC1
8513,O=C(Nc1ccc2nn(-c3ccccc3)nc2c1)c1cccnc1
8954,COc1ccc(-n2nc3cc(C)c(NC(=O)c4cccnc4)cc3n2)cc1
3696,O=C1C(=O)c2ccccc2C(O)=C1CCCCl
1869,CS(=O)(=O)c1ccc(Cl)c(NC(=O)c2ccc3ccccc3c2)c1
3712,COc1cc(NC(=O)c2cc3ccccc3cc2O)c(OC)cc1Cl
3722,Cc1ccc(Cl)cc1NC(=O)c1cc2ccccc2cc1O
6532,Cc1ccc2c(c1)nnn2C1CCN(CC(=O)NCCc2ccccc2)CC1
3768,CCN1CCN(Cc2ccc(NC(=O)c3ccc(C)c(NC(=O)c4ccno4)c3)cc2C(F)(F)F)CC1
2323,Cc1c(Cc2ccccc2)sc(NC(=O)c2ccco2)c1C(N)=O
6358,Cc1cccc(N(CC(=O)NCc2ccc3c(c2)OCO3)C(=O)CCC(=O)Nc2ccccn2)c1
6675,Cc1ccccc1N(CC(=O)NCc1ccc2c(c1)OCO2)C(=O)CCC(=O)Nc1ccccn1
6794,Cc1ccc(C)c(N(CC(=O)NCc2ccc3c(c2)OCO3)C(=O)CCC(=O)Nc2ccccn2)c1
13740,CN1CCN(Cc2ccc(-c3cn4c5nc(ncc35)NCCCCCCCCNC(=O)[C@@H](N)CCC4)cc2)CC1
13785,O=C1c2ccc(Nc3ccc(F)cc3F)cc2CCc2ccc(OC3CCOCC3)cc21
6293,c1ccc(CCn2nnnc2C(c2cccnc2)N2CCN(c3ccccc3)CC2)cc1
10229,CCOC(=O)N1CCC2(CC1)C(C(=O)C13CC4CC(CC(C4)C1)C3)C2(C#N)C#N
1288,c1ccc2[nH]c(Oc3ccc(OCCN4CCCCCC4)cc3)nc2c1
1717,O=C(c1ccc(Cl)cc1)N1CCCC(c2ccccc2)=N1
9783,CC(C)(C)NC(=O)CN(C(=O)C1(C)CC(=O)N=C2C=CC=CN21)C1CCCC1
4011,O=C(Nc1ccc2ccccc2c1)c1ccccc1O
1939,Cc1nnc(SCC(=O)N(C)c2ccccc2)n1Cc1ccccc1
8810,COc1ccccc1NC(=O)CSc1nnc(C)n1Cc1ccccc1
8122,Cc1ccc2c(c1)N(Cc1ccc3c(c1)OCO3)C(=O)C(C)O2
2339,Cc1ccc2c(Cl)cc(Cl)c(OCC(=O)NCc3ccco3)c2n1
11953,O=C(N[C@H]1CNC1=O)OCc1ccc2c(c1)OCO2
13692,O=C(N[C@H]1CNC1=O)OCc1ccc2c(c1)OC(F)(F)O2
8145,Cc1ccc2c(c1)nnn2C1CCN(C(=O)c2cccs2)CC1
7343,CCOC(=O)C1CCN(c2cc(C)nc3cc(-c4cccc(F)c4)nn23)CC1
5691,COc1ccc(CCNC(=O)COc2cccc(-n3cnnn3)c2)cc1
12943,O=C(Nc1ccc(Oc2ncccn2)cc1)c1ccco1
6200,CCN1CCCC1CN(Cc1cc2cc(OC)ccc2[nH]c1=O)C(=O)NCc1ccccc1
2107,Cc1cccc(NC(=O)CN2CCN(CC(=O)Nc3cccc(C)c3)CC2)c1
12273,COc1ccc(NC(=O)CN2CCN(CC(=O)Nc3ccccc3F)CC2)cc1OC
12279,CCOc1ccc(NC(=O)CN2CCN(CC(=O)Nc3ccc(F)c(F)c3)CC2)cc1
2681,COc1ccc([C@@H]2CC(=O)c3c(O)cc(O[C@@H]4O[C@H](CO[C@@H]5O[C@@H](C)[C@H](O)[C@@H](O)[C@H]5O)[C@@H](O)[C@H](O)[C@H]4O)cc3O2)cc1O
11706,CC(C)C1Oc2ccccc2N(CC(=O)NCCCN2C(C)CCCC2C)C1=O
7554,COc1cc(C(Nc2ccc3c(c2)OCO3)C(=O)NC2CCCCC2)cc(OC)c1OC
1407,Cc1nc2ccc(NC(=O)C3CCN(S(=O)(=O)c4cccs4)CC3)cc2s1
1444,CCS(=O)(=O)N1CCCC(C(=O)NCc2cccc(OC)c2)C1
1332,COc1ccc(OCC2CNC(=O)O2)cc1
4359,Cc1csc(NC(=O)CSc2nc3[nH]c(=O)cc(O)c3s2)n1
4956,CCN(CCO)c1ccc(N=Cc2c(O)n(C)c(=S)[nH]c2=O)cc1
8700,N#Cc1c(C(F)(F)F)cc(-c2ccco2)nc1SCc1ccncc1
3084,COc1ccc(-c2cc(=O)oc3c(C)c(OC(=O)c4cccs4)ccc23)cc1
14093,NC(=O)c1sc(-c2ccnc(NC(=O)C3CC3)c2)nc1OCCCC1CCN(Cc2ccccc2F)CC1
14198,NC(=O)c1sc(-c2ccnc(NC(=O)C3CC3)c2)nc1OCCCC1CCN(Cc2cccc(F)c2)CC1
14214,NC(=O)c1sc(-c2ccnc(NC(=O)C3CC3)c2)nc1OCCCC1CCN(Cc2ccccc2)CC1
14355,NC(=O)c1sc(-c2ccnc(NC(=O)C3CC3)c2)nc1OCCCC1CCN(Cc2ccc(F)cc2)CC1
11148,NS(=O)(=O)c1ccc(CN2C(=O)c3c(Cl)c(Cl)c(Cl)c(Cl)c3C2=O)cc1
11197,CC(C)(C)c1ccc2c(c1)C(=O)N(Cc1ccc(S(N)(=O)=O)cc1)C2=O
11198,Cc1ccc2c(c1)C(=O)N(Cc1ccc(S(N)(=O)=O)cc1)C2=O
11245,NS(=O)(=O)c1ccc(CN2C(=O)c3ccccc3C2=O)cc1
13255,NS(=O)(=O)c1ccc(CN2C(=O)c3cc(Cl)c(Cl)cc3C2=O)cc1
13641,NS(=O)(=O)c1ccc(CN2C(=O)c3ccc([N+](=O)[O-])cc3C2=O)cc1
9099,Nc1n[nH]c(-c2ccc(Br)cc2)c1Cl
9145,CCN(CCO)Cc1cn[nH]c1-c1ccc(C)c(C)c1
10023,CC(C)C(CCN1C(=O)CCC1=O)C1CCOC(C)(C)C1
3870,CCS(=O)(=O)c1ncc(Cl)c(C(=O)Nc2ccccc2OC)n1
14233,O=C(Nc1ccc(-c2nc3ccccc3s2)cc1)C1CCN(S(=O)(=O)c2ccccc2Cl)CC1
14403,Cc1ccc2sc(-c3ccc(NC(=O)C4CCN(S(=O)(=O)c5ccccc5Cl)CC4)cc3)nc2c1
6921,O=C(O)c1cn[nH]c1-n1cnnn1
11504,O=C(CCNC(=O)c1ccccc1Cl)Nc1nc2ccccc2s1
8257,CCOC(=O)CC12CN3CN(C1)CC(CC(=O)OCC)(C3)C2=O
12138,CC(C)OC(=O)CC12CN3CN(C1)CC(CC(=O)OC(C)C)(C3)C2=O
10312,O=C1CCCC2=C1C(c1cccs1)n1nc(SCc3ccccc3)nc1N2
5800,CN(c1ccccc1)S(=O)(=O)c1cccc(NC(=O)C2=NNC(=O)CC2)c1
3825,C=CC(C)(C)c1c(O)c(CC=C(C)C)c(O)c2c(=O)c3ccc(O)c(O)c3oc12
14575,C/C=C\CC/C(C)=C/CC/C(C)=C/CCC(C)(O)CCc1c(O)c(O)cc2oc3cc(O)c(O)cc3c(=O)c12
14763,CC(C)=CCC/C(C)=C/CCC(C)(O)CCc1c(O)c(O)cc2oc3cc(O)cc(O)c3c(=O)c12
14781,CC(C)=CCc1c(O)cc2oc3cc(O)c(O)c(CC=C(C)C)c3c(=O)c2c1O
14974,COc1c(O)cc2oc3cc(O)c(C/C=C(\C)CO)c(O)c3c(=O)c2c1C/C=C(\C)CCC=C(C)C
14975,COc1c(O)cc2oc3cc(O)c(CC=C(C)C)c(O)c3c(=O)c2c1CC=C(C)C
14976,COc1c(O)cc2oc3cc(O)c(CCC(C)(C)O)c(O)c3c(=O)c2c1CC=C(C)C
15195,O=c1c2cc(O)c(O)cc2oc2cc(O)cc(O)c12
15196,O=c1c2ccc(O)c(O)c2oc2cc(O)cc(O)c12
13005,COc1ccc(C(=O)c2ccncc2)c2cc(C(F)(F)F)nn12
4675,O=C1NC(=O)N(Cc2ccco2)C(=O)/C1=C/C=C/c1ccco1
3803,CCN1CCN(Cc2ccc(NC(=O)c3ccc(C)c(NC(=O)c4nccnc4N)c3)cc2C(F)(F)F)CC1
14154,O=C(Nc1ccc(OC(F)(F)F)cc1)N1CCC(n2cccc2)CC1
9690,O=c1[nH]c2ccccc2n1CCCOc1ccccc1
3638,CN(C(=O)COC(=O)c1nc(Cl)c(Cl)c(Cl)c1Cl)C1CCS(=O)(=O)C1
6145,COc1ccc(C(=O)Nc2ccccc2-c2nnn(CC(=O)NCc3ccco3)n2)cc1
8896,O=C(Cn1nnc(-c2ccccc2NC(=O)c2ccccc2F)n1)NCc1ccco1
12195,Cc1cc(C)n(C(=O)CCC(=O)Nc2ccc(C)c(C)c2)n1
7049,COc1ccc(CC(NC(C)=O)C(=O)N2CCN(C(=O)N(C(C)C)C(C)C)CC2)cc1
9386,COc1cccc(NC(=O)N2CCCC2C(=O)NC2CC2)c1
11860,O=C(N[C@H]1CNC1=O)OCC/C=C/c1ccccc1
12779,O=C(N[C@H]1CNC1=O)OCC/C=C\c1ccccc1
11488,O=C(c1cccc(S(=O)(=O)N2CCCC2)c1)N1CCCC(C(F)(F)F)C1
2986,Cc1ccccc1C(=O)N1CCN(c2ccc(NC(=O)CSc3ccc(Cl)cc3)cc2)CC1
5830,CC(=O)c1cccc(NC(=O)C2CCCN2S(=O)(=O)c2ccccc2C(F)(F)F)c1
8494,Cc1cccc(NC(=O)C2CCCN2S(=O)(=O)c2ccc(F)cc2)c1C
9946,O=C1CCCC/C1=C/Nc1ccc2c(c1)OCO2
12926,Cc1cccc(NC2=NCC(=O)N2CCc2ccccc2)c1
123,COc1ccc(NC2c3ncccc3C(=O)N2Cc2ccccc2)c(OC)c1
7704,O=C(Cc1c(O)c2ccccc2[nH]c1=O)NCc1ccc(F)cc1
1460,Cc1ccccc1C(=O)c1cccn1CC(=O)NCc1ccco1
326,Cc1ccc2c(C)ccc(O)c2n1
689,Cc1cnc2c(N)cc(C)c(C)c2c1
1048,CN(C)C(=O)Oc1c(Cl)cc(Cl)c2cccnc12
1335,CCOC(=O)CSc1nc2cc(OC)ccc2cc1C#N
1589,O=C(O)/C=C/c1ccc2ccccc2n1
2745,Cc1ccc2nc(C(F)(F)F)c(C#N)c(N)c2c1
2905,Cc1cc(C)c2nc(C(F)(F)F)c(C#N)c(N)c2c1
3111,CCc1c(C)nc2ccc(Br)cc2c1SCCC#N
3665,O=Nc1ccc(O)c2ncccc12
4637,Cc1cc2cc(C=C(C#N)C#N)c(Cl)nc2cc1C
6640,CCCCC(=O)Nc1cc(N(C)C)nc2ccccc12
6994,CCCCc1nc2ccccc2c(C(=O)O)c1C
7654,NS(=O)(=O)c1cccc2cccnc12
8102,COCC(=O)NCCNc1nc2ccc(C)cc2cc1C
8331,CCOC(=O)c1cc2ccccc2nc1C
8541,Cc1cc2ccc(C)c(C)c2nc1SCC#N
8766,Cc1ccc2cc(C)c(NCCO)nc2c1
9288,COC(=O)CSc1nc2cc(C)cc(C)c2cc1C#N
9659,Cc1ccc2cc(C)c(SCC#N)nc2c1
9662,CCOC(=O)CSc1nc2cc(C)ccc2cc1C#N
9723,COc1ccc2nc(C)cc(SCC(=O)O)c2c1
9963,CCOc1ccc2nc(SCC#N)c(C#N)cc2c1
10919,COCCNC(=O)c1ccc2ccccc2n1
11463,COc1ccc2cc(C(N)=O)cnc2c1
11487,COc1cccc2cc(C#N)cnc12
11516,COc1ccc2cc(C(=O)N[C@H](C)C(N)=O)cnc2c1
11520,CNC(=O)c1cnc2c(OC)cccc2c1
11549,COc1ccc2cc(C(=O)NCC(N)=O)cnc2c1
11823,CNC(=O)c1cnc2cc(OC)ccc2c1
11918,COc1ccc2cc(C(=O)NC(C)(C)C)cnc2c1
12029,COc1ccc2cc(C(=O)N[C@@H](C)C(N)=O)cnc2c1
12507,CCNC(=O)c1cnc2cc(OC)ccc2c1
12813,CC(C)CC(=O)NC(NC(=S)Nc1cccc2cccnc12)C(Cl)(Cl)Cl
13042,COc1ccc2cc(C(=O)NC(C)C)cnc2c1
4756,Cc1ccccc1OCCNc1cc(N2CCNCC2)ccc1[N+](=O)[O-]
2592,CSc1nc(N)c(N=Nc2ccc([As](=O)(O)O)cc2)c(=O)[nH]1
2636,Nc1nc(O)c(N=Nc2ccc(S(N)(=O)=O)cc2)c(=O)[nH]1
2101,COc1cccc(-n2c(SCC(=O)N3CCOCC3)nc3c([nH]c4ccccc43)c2=O)c1
6436,COc1ccc(NC(=O)c2coc3ccccc23)cc1OC
6174,CS(=O)(=O)N(CC(=O)N1CCCCC1)c1sc2c(c1C#N)CCCC2
6123,CC(C)(C)n1nnnc1C(c1cccnc1)N1CCN(C2CCCCC2)CC1
7806,Cc1ccc(S(=O)(=O)N2CCN(C(=O)CN3CCOCC3)C2c2ccccc2)cc1
3101,CCCCNC(=O)c1ccc(Cn2c(=S)[nH]c3c([nH]c4ccc(OC)cc43)c2=O)cc1
5405,COC(=O)c1ccsc1NC(=O)CN1C(=O)CCC1=O
1372,COc1ccccc1C1/C(=C(/O)c2ccc(C)cc2)C(=O)C(=O)N1CCN1CCOCC1
10447,Cc1cc2c(c(=O)n1CCCn1ccnc1)C(c1ccco1)C(C#N)=C(N)O2
6914,O=C(CN(C(=O)CCC(=O)Nc1nccs1)c1ccc2c(c1)OCO2)NCC1CCCO1
13437,COc1ccc2cc(C(=O)Nc3ccnn3C)cnc2c1
13798,COc1ccc2cc(C(=O)Nc3ccn[nH]3)cnc2c1
6682,CN1CCN(C2=C(Cl)C(=O)N(C3CCCCC3)C2=O)CC1
8081,CCn1c(CNc2ccc(OC)cc2)nnc1SCC(=O)c1ccc(OC)cc1
6706,Cc1sc2nc3n(c(=O)c2c1C)NC(=O)CC3
11447,O=C(NS(=O)(=O)c1ccccc1)c1cccnc1
11466,Cc1ccc(S(=O)(=O)NC(=O)c2cccnc2)cc1
11474,O=C(NS(=O)(=O)c1ccc(F)cc1)c1cccnc1
11808,O=C(NS(=O)(=O)c1ccc(Cl)cc1)c1cccnc1
11868,O=C(NS(=O)(=O)c1ccc(Br)cc1)c1cccnc1
6308,Cc1ccccc1Cn1cc(NC(=O)c2cc3nc(-c4ccco4)cc(C(F)(F)F)n3n2)cn1
7544,Cc1nn(Cc2ccccc2)c(C)c1NC(=O)c1cc2nc(-c3ccco3)cc(C(F)(F)F)n2n1
1686,CCN(CC)CCOC(=O)c1ccc(N=Cc2c(O)[nH]c(=O)[nH]c2=O)cc1
8126,O=C(CSc1nnc2ncccn12)N1CCCCCC1
7916,CCCC(c1nnnn1Cc1cccs1)N1CCN(c2ccc(OC)cc2)CC1
5863,CCOc1ccc(NC(=O)CSc2nc3cccnc3n2CCOC)cc1
6456,COC(=O)c1cccc(NC(=O)CSc2nc3cccnc3n2C)c1
588,CCCN(CC(=O)Nc1ccccc1C)C(=O)c1ccc(OCC(=O)N2CCOCC2)c(OCC)c1
11394,Cc1ccc2c(c1)C1(SCC(=O)N1Cc1ccc(C(=O)O)cc1)C(=O)N2C(=O)C1CCCCC1
6561,Cc1cc(NC(=O)CN2CCC(O)(c3cccc(F)c3)CC2)no1
7804,COc1cc(C)nc(OCCNC(=O)COc2ccc(Cl)cc2C)n1
15229,Oc1cccc2c1[C@@H](O)[C@H]1O[C@H]1C21Oc2cccc3cccc(c23)O1
15230,Oc1cccc2c1[C@H](O)[C@@H]1O[C@@H]1C21Oc2cccc3cccc(c23)O1
699,C[C@@H]1CN([C@H](C)CO)C(=O)c2cc(NS(=O)(=O)c3cccs3)ccc2O[C@@H](C)CCCCO[C@H]1CN(C)Cc1ccc(Cl)c(Cl)c1
705,C[C@H](CO)N1C[C@H](C)[C@@H](CN(C)Cc2ccc(Cl)c(Cl)c2)OCCCC[C@H](C)Oc2ccc(NS(=O)(=O)c3cccs3)cc2C1=O
7203,Cc1ccc2c(c1)C(c1ccccc1)NCC(=O)N2
1834,Cn1c(N)c(C(=O)COC(=O)CN2C(=O)c3ccccc3C2=O)c(=O)n(C)c1=O
4599,Cc1ccccc1N1C(=O)NC(=O)/C(=C\c2ccc3c(c2)CCCN3Cc2ccccc2)C1=O
10156,COc1cc(-c2c(C#N)c(=O)[nH]c3c2c(C)nn3-c2ccccc2)ccc1O
3286,O=C(Nc1nc2ccc(Cl)cc2s1)[C@@H]1CCCN1C(=O)c1cccs1
964,N#C/C(=C1/Nc2ccccc2S1)c1ccnc(Cl)n1
965,N#C/C(=C1/Nc2ccccc2S1)c1ccnc(NCCO)n1
968,CNCCCN(C)c1nccc(/C(C#N)=C2\Nc3ccccc3S2)n1
972,CN(C)CCNc1nccc(/C(C#N)=C2\Nc3ccccc3S2)n1
975,CCCN(CCCNc1nccc(/C(C#N)=C2\Nc3ccccc3S2)n1)C(=O)CC
976,N#C/C(=C1/Nc2ccccc2S1)c1ccnc(NN)n1
977,N#C/C(=C1/Nc2cc(C(F)(F)F)ccc2S1)c1ccnc(Cl)n1
978,CNc1nccc(/C(C#N)=C2\Nc3ccccc3S2)n1
979,N#C/C(=C1/Nc2ccccc2S1)c1ccnc(NCCCO)n1
980,N#C/C(=C1/Nc2ccccc2S1)c1cc(Br)nc(Cl)n1
981,COCCNc1nccc(/C(C#N)=C2\Nc3ccccc3S2)n1
988,N#C/C(=C1/Nc2ccccc2S1)c1ccnc(NCCN)n1
993,N#C/C(=C1/Nc2ccccc2S1)c1ccnc(NCCCN)n1
11660,Cc1cc(/C(C#N)=C2\Nc3ccccc3S2)nc(Cl)n1
11661,CCCNc1nccc(/C(C#N)=C2\Nc3ccccc3S2)n1
11662,N#C/C(=C1/Nc2ccccc2S1)c1ccncn1
4630,CC1(C(=O)NC(=S)NNC(=O)c2ccncc2)CCCCC1
232,COc1ccc(OC(=O)CCCN2C(=O)c3ccccc3C2=O)cc1
11280,CCCCC#Cc1ccc(NCC2CCNCC2)c(C(N)=O)c1
11684,CCCCC#Cc1ccc(NCC2CCN(C(C)=O)CC2)c(C(N)=O)c1
1892,COc1ccc(-c2cc(C)nc(SCc3cccc(C(=O)O)c3)n2)cc1
13053,NS(=O)(=O)c1ccc(N2C(=O)CC(CC(=O)c3ccccn3)C2=O)cc1
11790,Cn1cncc1C#Cc1c(-c2ccc(S(C)(=O)=O)cc2)sc2ccccc12
9541,O=C(CCN1CCCCC1)NCNC(=O)CCN1CCCCC1
1676,Cn1cc([N+](=O)[O-])c(C(=O)Nc2ccc(Br)cn2)n1
8940,Cc1ccc2cc(C#N)c(NCCNC(=O)C3CC3)nc2c1C
7490,CC1CCN(C(=O)CSc2nc(N)cc(N)n2)CC1
13153,Fc1cccc(Cl)c1-c1ncc(-c2ccc(Cc3ccccc3)cc2)[nH]1
8461,O=S(=O)(NCCc1ccccc1F)c1cccc(S(=O)(=O)N2CCOCC2)c1
8651,O=S(=O)(NCCc1ccccc1)c1cccc(S(=O)(=O)N2CCOCC2)c1
11617,O=C(Cc1ccc(Oc2nc3ccccc3s2)cc1F)NCc1c[nH]c2cc(F)ccc12
4808,COc1ccc(Cl)cc1C(=O)NNC(=S)NC(=O)/C=C/c1ccco1
2440,Cc1ccc(Nc2c(-c3ccccn3)nc3cc(C)ccn23)cc1
6277,COC(=O)c1cc2c(ccn2-c2ccc(F)cc2)n1CC(=O)N1CCN(C(=O)c2ccco2)CC1
8002,CCOC(=O)c1cc2c(ccn2-c2ccc(F)cc2)n1CC(=O)N1CCN(C(=O)c2ccco2)CC1
10236,COc1ccc(N2CC(C)Cn3c2nc2c3c(=O)n(Cc3ccccc3F)c(=O)n2C)c(OC)c1
1959,CCn1nc(-c2cccc(-c3ccc(O)cc3)c2)cc(NC(=O)Nc2c(Cl)cncc2Cl)c1=O
1960,CCn1nc(-c2cccc(-c3ccc(F)c(C(=O)O)c3)c2)cc(NC(=O)Nc2c(Cl)cncc2Cl)c1=O
1961,CCn1nc(-c2cccc(-c3cccc(CC(=O)NCCCCCCCN(C)CCO)c3)c2)cc(NC(=O)Nc2c(Cl)cncc2Cl)c1=O
1966,CCn1nc(-c2cccc(-c3ccc(CC(=O)O)cc3)c2)cc(NC(=O)Nc2c(Cl)cncc2Cl)c1=O
1967,CCn1nc(-c2cccc(-c3cc(C(=O)O)ccc3F)c2)cc(NC(=O)Nc2c(Cl)cncc2Cl)c1=O
1971,CCn1nc(-c2cccc(-c3ccc(O)c(F)c3)c2)cc(NC(=O)Nc2c(Cl)cncc2Cl)c1=O
1972,CCn1nc(-c2cccc(-c3ccc(C(N)=O)cc3)c2)cc(NC(=O)Nc2c(Cl)cncc2Cl)c1=O
1974,CCn1nc(-c2cccc(-c3ccccc3C(=O)O)c2)cc(NC(=O)Nc2c(Cl)cncc2Cl)c1=O
1975,CCn1nc(-c2cccc(-c3cc(C(=O)NCCCN(C)C)cc(C(=O)OC)c3)c2)cc(NC(=O)Nc2c(Cl)cncc2Cl)c1=O
1979,CCNC(=O)c1cc(C(=O)NCCCN(C)C)cc(-c2cccc(-c3cc(NC(=O)Nc4c(Cl)cncc4Cl)c(=O)n(CC)n3)c2)c1
1980,CCn1nc(-c2cccc(-c3cccc(CC(=O)O)c3)c2)cc(NC(=O)Nc2c(Cl)cncc2Cl)c1=O
1983,CCn1nc(-c2cccc(-c3cc(F)ccc3O)c2)cc(NC(=O)Nc2c(Cl)cncc2Cl)c1=O
1985,CCn1nc(-c2cccc(-c3cccc(O)c3F)c2)cc(NC(=O)Nc2c(Cl)cncc2Cl)c1=O
1986,CCn1nc(-c2cccc(-c3cccc(C(=O)O)c3)c2)cc(NC(=O)Nc2c(Cl)cncc2Cl)c1=O
1987,CCn1nc(-c2cccc(-c3cccc(C(=O)NCCCCCCCN(C)CCO)c3)c2)cc(NC(=O)Nc2c(Cl)cncc2Cl)c1=O
1988,CCn1nc(-c2cccc(-c3ccc(F)cc3O)c2)cc(NC(=O)Nc2c(Cl)cncc2Cl)c1=O
1989,CCn1nc(-c2cccc(-c3cccc(C(=O)NCCN(C)C)c3)c2)cc(NC(=O)Nc2c(Cl)cncc2Cl)c1=O
1992,CCn1nc(-c2cccc(-c3cccc(O)c3)c2)cc(NC(=O)Nc2c(Cl)cncc2Cl)c1=O
1993,CCn1nc(-c2cccc(-c3ccc(O)cc3F)c2)cc(NC(=O)Nc2c(Cl)cncc2Cl)c1=O
1994,CCn1nc(-c2cccc(-c3cccc(C(N)=O)c3)c2)cc(NC(=O)Nc2c(Cl)cncc2Cl)c1=O
1996,CCn1nc(-c2cccc(-c3ccc(CC(=O)NCCCCCCCN(C)CCO)cc3)c2)cc(NC(=O)Nc2c(Cl)cncc2Cl)c1=O
1997,CCn1nc(-c2cccc(-c3ccccc3O)c2)cc(NC(=O)Nc2c(Cl)cncc2Cl)c1=O
1999,CCn1nc(-c2cccc(-c3ccc(C(=O)O)cc3)c2)cc(NC(=O)Nc2c(Cl)cncc2Cl)c1=O
287,Cc1ccc(C(=O)CSc2nnc(-c3ccccc3)o2)cc1
6319,CCN(CC)S(=O)(=O)c1ccc(-c2nnc(SCC(=O)c3ccc(OC)cc3)o2)cc1
8003,CCS(=O)(=O)Nc1ccc(-c2nnc(SCC(=O)c3cccc(OC)c3)o2)cc1
8744,COc1ccc(C(=O)CSc2nnc(-c3ccc(C)cc3)o2)cc1
9129,COc1ccc(C(=O)CSc2nnc(-c3cc(C)cc(C)c3)o2)cc1
9431,COc1ccc(OC)c(C(=O)CSc2nnc(-c3ccc(OC)c(OC)c3)o2)c1
10857,Cc1ccc(Nc2cc(C)nn2-c2nc(C)cc(C)n2)cc1
11438,Cc1ccc(S(=O)(=O)NC(=O)c2ccncc2)cc1
11454,O=C(NS(=O)(=O)c1ccc(F)cc1)c1ccncc1
11462,O=C(NS(=O)(=O)c1ccc(Cl)cc1)c1ccncc1
11622,O=C(NS(=O)(=O)c1ccc(Br)cc1)c1ccncc1
7259,CC(C)c1nc(C#N)c(NCCCn2ccnc2)o1
3342,O=C(Nc1ccc(Cl)c(Cl)c1)Nc1ccc(N2CCCC2)c(S(=O)(=O)Nc2ccccc2Cl)c1
3343,O=C(Nc1ccc(F)cc1)Nc1ccc(N2CCCC2)c(S(=O)(=O)Nc2ccccc2Cl)c1
3344,O=C(Nc1cccc(C(F)(F)F)c1)Nc1ccc(N2CCCC2)c(S(=O)(=O)Nc2ccccc2Cl)c1
2753,CC(C)OCCCNC(=O)c1c(N)n(/N=C/c2ccccn2)c2nc3ccccc3nc12
12900,CC(C)CNC(=O)c1c(N)n(/N=C/c2ccccn2)c2nc3ccccc3nc12
9944,Cc1ccc(-c2nnn(CC(=O)NCC3COCCO3)n2)o1
6928,CC(C)C(c1nnnn1C1CCCC1)N1CCN(C(=O)c2ccco2)CC1
11328,NS(=O)(=O)c1ccc(N2C(=O)CC(CC(=O)c3ccc(Cl)cc3)C2=O)cc1
11631,NS(=O)(=O)c1ccc(N2C(=O)CC(CC(=O)c3ccccc3)C2=O)cc1
11688,COc1ccc(C(=O)CC2CC(=O)N(c3ccc(S(N)(=O)=O)cc3)C2=O)cc1
13043,Cc1ccc(C(=O)CC2CC(=O)N(c3ccc(S(N)(=O)=O)cc3)C2=O)cc1
7864,CN(C)S(=O)(=O)c1ccc2c(c1)C(CC(=O)O)OC2=O
9586,COc1ccc2c(c1)C(=O)OC2CC(=O)O
333,O=C(Nn1c(O)c(C=C2N=c3ccccc3=N2)sc1=S)c1ccccc1
12670,CCOC(=O)C1CN(S(=O)(=O)c2ccc(C)cc2)C1
2678,CC(OC(=O)c1ccc(NC(=O)CC#N)cc1)C(=O)Nc1ccc(Oc2ccccc2)cc1
5200,O=C1Nc2cc(C(=O)N3CCC4(CC3)OCCO4)ccc2NC1CSCc1cccc(F)c1
12133,CCOc1nc(SCCOc2ccccc2)nc(N(C)C)n1
9886,CCOc1ccc2[nH]c(=O)c(CN(CCc3ccccc3)C(=O)c3cnccn3)cc2c1
8284,CC1(C)NC(=O)N(CN2C(=O)NC(C)(C)C2=O)C1=O
6080,O=C(O)CCCC(=O)N1CC(=O)Nc2ccccc21
9135,C=CCN1C(=O)C(C)(C)Nc2ccccc21
8155,c1ccc(-n2c(SCc3ccncc3)nnc2-c2ccco2)cc1
2110,COC(=O)C(C#N)C(=C1C(=O)CC(C)(C)CC1=O)c1ccc(O)cc1
8888,Cc1ccc2cc(C(c3nnnn3Cc3ccccc3)N3CCN(c4ccccc4)CC3)c(=O)[nH]c2c1
6935,COc1ccc(-n2nnnc2SCC(=O)NCc2ccco2)cc1OC
9059,CCC(=O)Nc1cccc(-n2nnnc2SCC(=O)NCc2ccco2)c1
14234,CC(C#Cc1cccc(C(=O)NCCC(c2ccccc2)c2ccc(OC(F)(F)F)cc2)c1)N(O)C(N)=O
14351,C[C@H](C#Cc1cccc(C(=O)NCC[C@@H](c2ccc(F)cc2)c2ccc(C(F)(F)F)cc2)c1)N(O)C(N)=O
14352,C[C@H](C#Cc1cccc(C(=O)NCCC(c2ccccc2)c2ccc(NS(C)(=O)=O)cc2)c1)N(O)C(N)=O
14353,C[C@H](C#Cc1cccc(C(=O)NCC[C@H](c2ccc(F)cc2)c2ccc(C(F)(F)F)cc2)c1)N(O)C(N)=O
14375,CC(C#Cc1cccc(C(=O)NCCC(c2ccccc2)c2ccc(C(F)(F)F)cc2)c1)N(O)C(N)=O
14380,C[C@H](C#Cc1cccc(C(=O)NCCC(c2ccccc2)c2ccc(S(N)(=O)=O)cc2)c1)N(O)C(N)=O
14381,C[C@H](C#Cc1cccc(C(=O)NCCC(c2ccc(F)cc2)c2ccc(OC(F)(F)F)cc2)c1)N(O)C(N)=O
14385,C[C@H](C#Cc1cccc(C(=O)NCCC(c2ccccc2)c2ccc(Cl)c(Cl)c2)c1)N(O)C(N)=O
14389,CC(C#Cc1cccc(C(=O)NCCC(c2ccccc2)c2ccc(Cl)cc2)c1)N(O)C(N)=O
14390,CC(C#Cc1cccc(C(=O)NCCC(c2ccccc2)c2ccccc2)c1)N(O)C(N)=O
14391,CC(C#Cc1cccc(C(=O)NCCC(c2ccccc2)c2ccc(F)cc2)c1)N(O)C(N)=O
14414,C[C@H](C#Cc1cccc(C(=O)NCCC(c2ccc(F)cc2)c2ccc(C(F)(F)F)cc2)c1)N(O)C(N)=O
14433,C[C@H](C#Cc1cccc(C(=O)NCCC(c2ccc(F)cc2)c2ccc(F)cc2)c1)N(O)C(N)=O
10324,N=c1c2c3c(sc2ncn1CCCN1CCOCC1)CCCCC3
4682,Cc1cc(/C=C2\SC(=S)NC2=O)c(C)[nH]1
1884,O=C(Nc1ccccc1C(=O)N/N=C/c1ccco1)c1ccc(F)cc1
1968,CCn1nc(-c2cccc(-c3cc(C(=O)NCCO)cc(C(=O)NCCN4CCCCC4)c3)c2)cc(NC(=O)Nc2c(Cl)cncc2Cl)c1=O
1978,CCn1nc(-c2cccc(-c3cccc(C(=O)NCCN4CCCCC4)c3)c2)cc(NC(=O)Nc2c(Cl)cncc2Cl)c1=O
10043,COCCN1CCn2c(nc3cc(NC(=O)NC4CCCCC4)ccc32)C1
1694,Clc1cccc(CSc2nnc(-c3sccc3-n3cccc3)o2)c1
2270,O=C(Nc1nc(-c2ccco2)c(-c2ccco2)s1)C1CC(=O)N(c2ccc3c(c2)OCCO3)C1
11484,Cc1c(CN2CCN(C(=O)C3CCCC3)CC2)cccc1NC(=O)c1nc2ccccc2s1
8824,O=C(Nc1ccc(S(=O)(=O)NC2CCCC2)cc1)c1cnccn1
10108,Cc1ccc2c(CN3CCN(CCO)CC3)cc(=O)oc2c1
10164,Cc1cc(C)c2c(CN3CCN(CCO)CC3)cc(=O)oc2c1
10192,CN1CCN(Cc2cc(=O)oc3ccc(Cl)cc23)CC1
10362,Cc1cc(C)c2c(CN3CCN(C)CC3)cc(=O)oc2c1
10375,CCc1cc2c(CN3CCN(CC)CC3)cc(=O)oc2cc1O
10452,CCN1CCN(Cc2cc(=O)oc3cc(C)cc(C)c23)CC1
10484,CCOC(=O)N1CCN(Cc2cc(=O)oc3ccc(Cl)cc23)CC1
8806,CCc1nnc(NC(=O)CSc2nnc(Cc3ccc(OC)cc3)o2)s1
1346,Cc1cc(NC(=O)CSc2nnc3c4c(C)c(C)sc4ncn23)no1
4692,O=C(COC(=O)c1ccccc1NS(=O)(=O)c1cc([N+](=O)[O-])ccc1Cl)c1ccccc1
14165,COCc1nc2cnc3cc(-c4c(C)noc4C)c(OC)cc3c2n1[C@H](C)c1ccccc1
2796,Cc1nn(-c2ccccn2)c2c1-c1nc(N)ncc1CC2
357,COc1ccc(N2CCN(C(=O)CSc3nnc4c(C)cc5cc(C)ccc5n34)CC2)cc1
1937,CCn1cc(C(=O)O)c(=O)c2cc(F)c(N3CCN(C(=S)NC(=O)c4ccc(Br)cc4)CC3)cc21
11822,O=C(Cc1ccccc1)Nc1cccc(Nc2ccc3c(c2)CCc2ccccc2C3=O)c1
2346,Cc1ccc(-n2nnnc2C(Cl)(Cl)c2nnnn2-c2ccc(C)cc2)cc1
2381,ClC(Cl)(c1nnnn1-c1ccccc1)c1nnnn1-c1ccccc1
5831,Cc1c(CC(=O)NCC(=O)NCC(=O)N[C@@H](Cc2ccccc2)C(=O)O)c(=O)oc2c(C)c(O)ccc12
2472,Cc1cccc(NC(=S)NC2CCCCC2)n1
12721,COc1ccc(CN(C(=O)c2ccccc2OC)C2CCS(=O)(=O)C2)cc1
3294,CN(C)S(=O)(=O)c1cccc(NC(=O)CSc2nc3c(cc2C#N)C(=O)CC(C)(C)C3)c1
6555,CCN(CC)C(=O)N1CCC(NC(=O)c2ccccc2)CC1
7018,CCOc1ccc(C(=O)NC2CCN(S(C)(=O)=O)CC2)cc1
7213,COc1cc(NC(=O)C2CCN(S(=O)(=O)c3ccc(Cl)cc3)CC2)ccc1-n1cnnn1
13024,CC(C)=CCC[C@H](C(=O)O)[C@H]1CC[C@]2(C)C3=C(CC[C@@]12C)[C@@]1(C)CCC(=O)C(C)(C)[C@H]1CC3
2696,COc1ccc(C(Cc2ccncn2)c2ccccc2)cc1OC1CCCC1
12399,O=S1(=O)N=C2CCCN2C(c2ccc(F)cc2)N1
2630,O=C1NC(=S)N(c2ccc(F)cc2)C(=O)/C1=C/c1ccco1
7799,Cn1c(C2CCCN2C(=O)OC(C)(C)C)n[nH]c1=S
8645,CCC(c1nnnn1Cc1ccc2c(c1)OCO2)N1CCN(c2ccc(F)cc2)CC1
9819,CCC(c1nnnn1Cc1ccc2c(c1)OCO2)N1CCN(c2ccc(OC)cc2)CC1
7179,Cc1ccc(S(=O)(=O)Nc2nonc2C)cc1
5194,COc1ccc(CCNC(=O)c2ccc3c(c2)NC(=O)C(CSCc2cc(C)ccc2C)N3)cc1OC
14600,C=C(CCCOC(=O)CCCCCCC/C=C\C/C=C\CCCCC)[C@H]1CC(C)(C)[C@@H]1CCC(C)=O
11543,Cc1nnsc1C(=O)Nc1ccccc1Cl
6778,CCc1nnc(NC(=O)C2CCCN2S(=O)(=O)c2ccc(F)cc2)s1
8111,Cc1ccc(NC(=O)CS(=O)CC(=O)N(CC(=O)NC2CCCC2)c2cc(C)ccc2C)cc1
60,CC(C)CCNC(=O)C(c1cccs1)N(CC1CCCO1)C(=O)Cn1nnc2ccccc21
11138,CCNc1nnc(Cn2nc(Cc3ccc(OC)cc3)c3onc(C)c3c2=O)s1
11139,CCNc1nnc(Cn2nc(Cc3ccccc3)c3onc(C)c3c2=O)s1
11174,CNc1nnc(Cn2nc(Cc3ccccc3)c3onc(C)c3c2=O)s1
11187,CNc1nnc(Cn2nc(Cc3ccc([N+](=O)[O-])cc3)c3onc(C)c3c2=O)s1
11206,CCNc1nnc(Cn2nc(Cc3ccc([N+](=O)[O-])cc3)c3onc(C)c3c2=O)s1
11257,CNc1nnc(Cn2nc(Cc3ccc(OC)cc3)c3onc(C)c3c2=O)s1
10341,CC(C)CC(=O)N=C1SC2CS(=O)(=O)CC2N1CCc1ccccc1
1859,Cc1c(Cl)cnc(NC(=O)COC(=O)c2nn(C)c(=O)c3ccccc23)c1Cl
4503,Cn1cccc1/C=N/n1c(-c2ccc(Cl)cc2Cl)n[nH]c1=S
2281,C=CCOc1ccc(CC2C(=O)N(C)C(=O)N(C)C2=O)cc1
10207,COc1ccccc1-n1cnc2cc(NCc3ccco3)ccc21
11902,CNC(=O)c1cc(C(=O)NC2CCC2)cn(Cc2ccncc2)c1=O
5394,COc1ccc(-n2c(Cc3cc(=O)[nH]c(=O)[nH]3)nnc2SCc2ccccc2)cc1
13844,O=C(Nc1ccccc1N1CCCCC1)c1ccc([N+](=O)[O-])o1
13990,CC1CCN(c2ccc(CO)cc2NC(=O)c2ccc(C#N)o2)CC1
4951,Cc1nn(-c2cc(C(F)(F)F)ccc2Cl)c2nc(C(Cl)(Cl)Cl)[nH]c(=O)c12
8008,CCCCNC(=O)Cn1cnc2c(cnn2-c2ccc(C)c(C)c2)c1=O
8900,CN(C)C(=O)Cn1cnc2c(cnn2-c2ccccc2Cl)c1=O
12810,CC(C)CCn1cnc2c(cnn2-c2ccc(F)cc2)c1=O
2058,CC1(C)C(=O)C=C[C@@]2(C)C1C(=O)C(=O)[C@]1(C)C2CC[C@@]2(C)[C@H](c3ccoc3)C[C@H]3O[C@]321
2076,CC(=O)O[C@@H]1C[C@@]2(C)[C@H](c3ccoc3)C[C@H]3O[C@]32[C@]2(C)C(=O)C(=O)C3C(C)(C)C(=O)C=C[C@]3(C)C12
3462,COc1cc(C(=O)c2nccc3cc(OC)c(OC)cc23)c([N+](=O)[O-])cc1OC
3863,COc1cc(Br)c(C(=O)c2nccc3cc(OC)c(OC)cc23)cc1OC
3885,COc1ccc(N(Cc2cc(=O)[nH]c3ccccc23)C(=O)CCl)cc1
3927,O=C(CCl)N(Cc1cc(=O)[nH]c2ccccc12)c1ccccc1
3931,Cc1ccc(N(Cc2cc(=O)[nH]c3ccccc23)C(=O)CCl)cc1
3974,Cc1cccc(N(Cc2cc(=O)[nH]c3ccccc23)C(=O)CCl)c1
10381,O=c1cc(Cn2ccnc2)c2cc3c(cc2o1)CCC3
4495,COc1ccc(N=Cc2sc(O)c3ccccc23)cc1
8347,Cn1ncc2c(Nc3ccc4ccccc4c3)ncnc21
2365,Oc1ccc(Br)cc1C=Nc1ccc2c3c(cccc13)CC2
7661,Cc1ccc(-c2ccc(CCC(=O)O)n2Cc2ccco2)cc1
5913,O=C(CSc1nnc(-c2ccccc2F)o1)OCc1ccccc1
2080,Cc1c2oc3c(C)ccc(C(=O)OC(C)C4NC(=O)C(C(C)C)N(C)C(=O)CN(C)C(=O)C5CCCN5C(=O)C(C(C)C)NC4=O)c3nc-2c(C(=O)OC(C)C2NC(=O)C(C(C)C)N(C)C(=O)CN(C)C(=O)C3CCCN3C(=O)C(C(C)C)NC2=O)c(N)c1=O
6246,NC(=O)CSc1nnc(COc2ccccc2)n1C1CCCCC1
14190,COc1ccc2cc(C(=O)NC3CCN(c4nccs4)CC3)cnc2c1
6223,O=C(CSc1nnc(CNc2ccccc2)o1)N1CCc2ccccc21
8098,O=C(C1Cc2ccccc2CN1S(=O)(=O)c1ccc(F)cc1)N1CCCCCC1
8970,CCc1c(C)nc(Nc2nc(C)c3cc(OC)ccc3n2)[nH]c1=O
10358,CCCc1nc2oc(C(=O)OCC)c(N)c2c2c1COC(C)(C)C2
13972,CCCCCCCCc1ccc(OCC(=O)Cn2ncc3ccc(C(=O)O)cc32)cc1
14303,CCCCCCCCc1ccc(OCC(=O)Cn2ncc3cc(C(=O)O)ccc32)cc1
8400,CCCNS(=O)(=O)c1ccc(OCC(=O)NCc2ccc3c(c2)OCO3)cc1
6478,Cc1ccc(N2CCN(c3ccc(C)cc3)C2c2ccncc2)cc1
8367,Nn1c(SCC(=O)NC2CCCCC2)nnc1-c1ccccc1
10726,Nn1c(SCC(=O)NC2CCCCC2)nnc1-c1ccc(Cl)cc1
6295,COCCNS(=O)(=O)c1cc(-c2nn(C)c(=O)c3ccccc23)ccc1C
8385,COC(=O)c1ccc(-c2n[nH]c(=O)c3ccccc23)cc1
12647,NC(=O)CCn1nc(-c2ccccc2)c2ccccc2c1=O
1540,O=C(Cn1ncc2c(=O)oc3ccccc3c21)N1CCc2ccccc2C1
9310,Cc1c(C(=O)N2CCOCC2)sc(NC(=O)c2ccc3c(c2)OCO3)c1C#N
7461,O=C(CN1CCC(O)(c2ccc3c(c2)OCO3)CC1)N1CCOCC1
38,O=C1CCC(/C=C/c2cccnc2)=NN1
2406,Nc1c(C(=O)NC2CC2)sc2nc3c(c(-c4ccco4)c12)CC/C3=C/c1ccco1
4883,CC(C)Nc1nc2nonc2nc1Nc1ccccc1
233,COc1ccc(-c2cc(C(F)(F)F)n3nc(C(=O)N4CCC5(CC4)OCCO5)cc3n2)cc1OC
7228,O=C(CCCOc1ccc(Cl)cc1)Nc1nncs1
9553,Cc1ccc(OCCCC(=O)Nc2nncs2)cc1
13759,FC(F)(F)c1cccc(Nc2nc(Nc3cccc(-c4ccsc4)c3)ncc2Cl)c1
11213,Clc1ccc(-c2nn3c(Cc4ccccc4)nnc3s2)cc1Cl
6703,COc1cccc(Cn2c(C3CC3)nc3ccc(NC(=O)c4ccco4)cc3c2=O)c1
7907,COc1ccc(Cn2c(C3CC3)nc3ccc(NC(=O)c4ccco4)cc3c2=O)cc1
8061,CCN(CC)C(=O)c1sc(NC(=O)c2ccco2)c(C#N)c1C
150,Cc1c(NC(=O)c2cccc(F)c2)c(=O)n(-c2ccccc2)n1C
10863,Cc1c(N(C)C(=O)c2ccccc2F)c(=O)n(-c2ccccc2)n1C
7738,CC1(C)CC(NCc2cccnc2)CC(C)(C)N1
13481,NC(=O)c1sc(-c2ccnc(NC(=O)C3CC3)c2)nc1OCCC1CCN(Cc2ccccn2)CC1
4745,CCN(CCn1cccn1)C(=O)CC1C(=O)NCCN1Cc1ccc(F)cc1
12097,CCCc1cc(=O)[nH]c(SCC(=O)c2cc(C)n(C3CC3)c2C)n1
6389,O=C(NCCc1ccccc1)c1c(O)c2cccc3c2n(c1=O)CC3
9023,COc1ccc(CCNC(=O)c2c(O)c3cccc4c3n(c2=O)CC4)cc1
592,CCc1cc2c(COC(=O)c3cc(S(=O)(=O)N4CCOCC4)ccc3F)cc(=O)oc2cc1O
3607,CS(=O)(=O)c1ccc(C(=O)NCCN2C(=O)S/C(=C\c3cccnc3)C2=O)cc1[N+](=O)[O-]
12376,O=C(COC(=O)c1ccc(=O)n(Cc2ccccc2)n1)Nc1ccc2c(c1)OCCO2
10774,Cc1ccc(S(=O)(=O)N2CCOCC2)cc1C(=O)OCC(=O)N1CCc2ccccc2C1
7115,CCCn1c(SCC(=O)NCc2ccco2)nnc1C(C)C
7477,CC(C)c1nnc(SCC(=O)NCc2ccco2)n1C
9526,CCn1c(SCC(=O)NCc2ccco2)nnc1C(C)C
6111,O=C(C1CCCO1)N1CCC(O)(c2ccccc2)CC1
14799,CC(C)C1=CC(=O)[C@@]2(O)[C@@H](CC[C@H]3C4=C(CC(=O)[C@@]32C)C(=O)OC4)C1=O
10376,CC(C)N=C1SCC(C)(/C=N/O)S1
6259,CCCn1c(=O)c(-c2ccccc2)c(O)c2ccccc21
156,CCn1cc(C(=O)OCc2ccc(F)cc2)c(=O)c2ccc(C)nc21
5376,CCn1cc(C(=O)OCc2cccc(Br)c2)c(=O)c2ccc(C)nc21
2394,CN(CCC#N)C(=O)COC(=O)c1c2c(nc3ccccc13)/C(=C/c1ccco1)CC2
362,CC(C)(C)C(=O)Nc1cccn2c(C(F)(F)F)nnc12
14115,CCc1ccc(C(=O)Nc2cc(CN3CCN(C)CC3)cc(C(F)(F)F)c2)cc1C#Cc1ccc2ccnn2c1
12171,CC1CCCCN1C(=O)Cc1ccc(Cl)cc1
2527,CCn1c(C)c(CS(=O)(=O)c2ccccc2)[nH]c1=O
6426,CC(=O)N1CSCC1C(=O)O
7270,O=C(CN1CCCCC1)Nc1ccc(S(=O)(=O)N2CCCCCC2)cc1
1930,COC(=O)c1nnn(-c2ccc(Cl)c(Cl)c2)c1C(=O)OC
6800,CC1(C)Cc2c(c(-c3ccccc3)[nH]c(=O)c2C#N)CO1
8091,COc1ccccc1NC(=O)c1ccc(S(=O)(=O)N2CCOCC2)cc1
9189,COc1ccc(C)cc1NC(=O)c1ccc(S(=O)(=O)N2CCOCC2)cc1
4169,Nc1nonc1-n1nnc(C(=O)N/N=C/c2ccc(Cl)cc2)c1-c1ccc2c(c1)OCO2
8507,Cc1ccc(S(=O)(=O)Cn2nnnc2C(C(C)C)N2CCSCC2)cc1
2559,O=C(N/N=C/c1sc(N2CCOCC2)nc1-c1ccccc1)c1cccc(S(=O)(=O)N2CCCC2)c1
6642,CC(C)(C)n1nnnc1C(c1cccc(C#N)c1)N1CCC(Cc2ccccc2)CC1
13383,CC1CN(c2cncnc2)Cc2cc(C(=O)Nc3cc(CN(C)C)cc(C(F)(F)F)c3)ccc21
13482,CC1CN(c2cncnc2)Cc2cc(C(=O)Nc3cccc(C(F)(F)F)c3)ccc21
11018,CCOC(=O)Cc1csc(Nc2c(C)n(C)n(-c3ccccc3)c2=O)n1
6601,CCC(C(=O)NC1CCCC1)N(Cc1ccco1)C(=O)Cn1nnc(-c2ccc(C)cc2)n1
3853,Cc1ccc2c(c1)c(C1=c3ccccc3=NC1=O)c(O)n2C
14601,C=C(CC[C@@H](C(=O)O)[C@H]1[C@H](O)C[C@@]2(C)C3=CC[C@@H](C(=C)C)[C@](C)(CCC(=O)O)C3=CC[C@]12C)C(C)C
5106,O=C1c2ccccc2C(=O)C2OC12
316,COc1ccc(Cl)cc1NC(=O)CC(C)c1ccccc1
8048,Cc1ccc(CC(C(=O)Nc2ccc(F)cc2)/C(N)=N/O)cc1
11097,COCC(C)NS(=O)(=O)c1ccc(NC(=O)C(Cc2ccccc2)NC(N)=O)cc1
12253,O=C(CCc1ccccc1)Nc1c(F)c(F)c(F)c(F)c1F
12975,COc1ccc(CC(CC(=O)O)C(=O)Nc2ccccc2)cc1
5923,CCOc1ccc(-c2nnn(CC(=O)NCc3ccc(OC)cc3)n2)cc1OCC
7427,N#Cc1ccc(-c2nnnn2-c2ccc3c(c2)OCO3)cc1
9286,CCn1c(C)nc2c(=O)oc3ccccc3c21
2993,Cc1ccc(-c2cc(C(F)F)n3ncc(C(=O)Nc4c(C)nn(Cc5c(Cl)cccc5Cl)c4C)c3n2)cc1
494,Fc1ccccc1/C=C1\CCCC2=C1Nc1nnnn1C2c1ccccc1F
13817,CC1C(=O)NN=C2COc3cc(-c4ccccc4)c(NC4(C)CN(C)C4)cc3N21
14342,C[C@@H]1C(=O)NN=C2COc3cc(-c4ccccc4)c(N(C)C4(C)CN(C)C4)cc3N21
14343,C[C@@H]1C(=O)NN=C2COc3cc(-c4ccccc4F)c(N(C)C4(C)CN(C)C4)cc3N21
7451,O=C(NCc1nc2ncc(Br)cc2[nH]1)c1ccccc1
1723,CCC(CC)C(=O)c1c[nH]c(C(=O)NCCCN2CCOCC2)c1
15111,COc1cnc(CCC(=O)c2nccc3c2[nH]c2ccccc23)c2[nH]c3ccccc3c12
6225,CCOC(=O)C1CCCN(CCC(=O)Nc2ccc3c(c2)CCC3)C1
12343,O=C(Cc1cccs1)Nc1ccc(-c2nc3ccccc3[nH]2)cc1
12537,Cc1nn(CC(=O)NCc2ccccc2)c(C)c1[N+](=O)[O-]
722,N#C[C@@H]1[C@H](c2ccc(C#CC3CCCC3)cc2)[C@@H](CO)N1C(=O)Nc1ccc(F)cc1
1575,COc1cc(-c2nnc(COc3ccc4ccccc4c3)o2)cc(OC)c1OC
5797,O=C(Cn1nc(C(=O)O)c2ccccc2c1=O)Nc1ccc(Cl)c(S(=O)(=O)N2CCOCC2)c1
7530,CCOC(=O)c1c(C)c2c(n1C)CCC/C2=N\O
2145,Cc1cc2nc(-c3ccc(SCC(=O)N4CCc5ccccc54)nc3)[nH]c2cc1C
6303,CC(=O)c1cccc(S(=O)(=O)N(CCCO)Cc2cc3ccc(C)cc3[nH]c2=O)c1
6824,CCOC(=O)c1cccc(S(=O)(=O)N(CCO)Cc2cc3cc(OC)c(OC)cc3[nH]c2=O)c1
8817,COc1cc2cc(CN(CCCO)S(=O)(=O)c3ccccc3Cl)c(=O)[nH]c2cc1OC
10237,Cc1ccc(S(=O)(=O)N(C)Cc2cc3ccccc3[nH]c2=O)cc1
4609,CCC1(C)NC(=O)N(CC(=O)Nc2sc3c(c2C(=O)OC)CCCCC3)C1=O
6338,CCCn1c(SCC(=O)c2cc(OC)ccc2OC)nnc1-c1ccco1
13653,CNC(=O)c1cc(C(=O)NC2CC2)cn(Cc2cccc3cc[nH]c23)c1=O
14155,Cc1c(C2CCSCC2)c(=O)on1C(=O)N1CCCCC1
14269,Cc1c(C2CCSCC2)c(=O)on1C(=O)N1CCC(C)CC1
2679,Cc1c(C)c2c(OCC(=O)Nc3cccnc3)cc3c(c2oc1=O)CCC(C)(C)O3
10389,Cc1ccc(N2C(=O)NC(=O)C3(Cc4ccccc4N4CCCC43)C2=O)cc1
4232,CCSC1(SCC)N=C(N)C2(C#N)C(c3ccc(OC)c(OC)c3OC)C12C#N
12409,CCC(C)(C(=O)NC1CCCCC1)N(Cc1cccs1)C(=O)Cc1cccs1
12620,C=CCN1C(=O)C2C(C(=O)NC)C3C=CC2(O3)C1C(=O)NCc1ccc(OC)cc1
12414,O=C(CN1CCN(S(=O)(=O)c2ccccc2)CC1)NC(=O)NC1CCCCC1
7935,COc1ccc(Cl)cc1C(=O)Nc1ccccc1N1CCN(C(=O)C(C)C)CC1
8295,CCOc1cccc(C(=O)Nc2ccccc2N2CCN(C(=O)C(C)C)CC2)c1
8919,Cc1ccc(C(=O)Nc2ccccc2N2CCN(C(=O)C(C)C)CC2)cc1
3051,COc1ccc([N+](=O)[O-])cc1COc1ccc2c(-c3ccccc3)cc(=O)oc2c1
11616,CCCc1nnc(NC(=O)CC(=O)Nc2ccccc2C(=O)O)s1
2877,CC(C)(C)c1nn(-c2ccccc2)c2[nH]c(=O)c(CNc3ccc4c(c3)OCCO4)cc12
7884,Cc1nn(-c2ccccc2)c2[nH]c(=O)c(CNc3ccc4c(c3)OCCO4)cc12
6415,COCCn1c(SCC(=O)Nc2ncc(C)s2)nc2sc3c(c2c1=O)CCC3
6985,O=C(Cn1c(-c2ccccc2)noc1=O)Nc1ccc(N2CCCCCC2)cc1
10270,O=P1(Nc2ccc(Br)cn2)COc2ccccc2OC1
0,O=C(N(c1ccccc1)c1ccccc1)n1ccnn1
6224,CCn1c(CNc2ccccc2Cl)nnc1SCCN1CCCCC1
6949,CCn1c(CNc2ccc(F)cc2)nnc1SCCN1CCCCC1
2579,Oc1c(/C=C/C=C/C=Nc2ccccc2)sc(=S)n1Cc1ccccc1
4216,O=C(COc1coc(CN2CCc3ccccc32)cc1=O)Nc1cccc(F)c1
6919,N#Cc1c(NC(=O)CSC2=NCCS2)sc2c1CCCC2
4769,CC1(c2ccccc2)CC(C)(C)N2C(=O)C(=O)c3cccc1c32
6462,N#CC1=C(N)Oc2c(oc(CO)cc2=O)C1c1cccs1
6724,CCCCn1nnnc1SCC(=O)Nc1ccc2c(c1)OCCO2
10710,COc1ccc(C(CNC(=O)c2cccc(N(C)C)c2)N2CCCC2)cc1
2982,CC(/C=C(\NC(=O)c1ccccc1)C(=O)N=Nc1c(O)[nH]c2ccc(C)cc12)=C\c1ccccc1
4156,O=C1C(=O)N(CCS(=O)(=O)c2ccccc2)c2ccc(F)cc21
8948,Cc1ccc(C)c(N(C(=O)CCC(=O)Nc2cc(C)on2)C(C(=O)NC2CCCC2)c2ccco2)c1
11430,CC(=O)Nc1cc(-c2c(-c3ccc(F)cc3)nc(SCc3ccc(S(C)=O)cc3)n2CCCN2CCOCC2)ccn1
14831,CC1(C)CC[C@]2(O)C(=O)C[C@]3(C)C(=CC(O)[C@@H]4[C@@]5(C)C(O)CC(=O)C(C)(C)[C@@H]5CC[C@]43C)[C@@H]2C1
14851,CC1(CO)CC[C@]2(O)C(=O)C[C@]3(C)C(=CC[C@@H]4[C@@]5(C)CCC(=O)C(C)(C)[C@@H]5CC[C@]43C)[C@@H]2C1
14939,COC1C=C2[C@@H]3CC(C)(C)CC[C@]3(O)C(=O)C[C@@]2(C)[C@]2(C)CC[C@H]3C(C)(C)C(=O)CC(O)[C@]3(C)[C@@H]12
10193,COc1ccc(CCNC(=O)c2cc(-c3ccccc3O)n[nH]2)cc1OC
10280,COc1ccc(CCNC(=O)c2cc(-c3cc(C)c(C)cc3O)n[nH]2)cc1OC
1846,O=C(NNc1nc2ccccc2s1)Nc1ccccc1
2614,NNC(=O)c1oc2nc(-c3ccco3)cc(-c3ccco3)c2c1N
6016,COCCN(CC(=O)NCc1ccc(OC)cc1)C(=O)CCC(=O)Nc1nccs1
7321,COCCN(CC(=O)NCc1ccc(F)cc1)C(=O)CCC(=O)Nc1nccs1
8767,COCCN(CC(=O)NCc1ccccc1)C(=O)CCC(=O)Nc1nccs1
1969,CCn1nc(-c2cccc(-c3cc(C(=O)NCCN4CCCCC4)cc(C(=O)NC4CC4)c3)c2)cc(NC(=O)Nc2c(Cl)cncc2Cl)c1=O
7823,Cc1occc1-c1nnc(SCC(=O)NCc2cccs2)n1CC1CCCO1
5652,Cc1ccc(NC(=O)CN(C)C(=O)c2ccc(-n3cncn3)c([N+](=O)[O-])c2)cc1
9465,CC1(C)CC2(CC(C)(C)NC(=O)N2)NC(=O)N1
4098,Cc1cccc(NC(=O)C(=O)NNC(=O)c2ccc(C(C)(C)C)cc2)c1
9838,COc1ccccc1NC(=O)C1=C(C)NC2=C(C(=O)CCC2)C1c1ccc2c(c1)OCO2
3720,O=C(C=C=Nc1ccccc1)C(=O)N=C=Cc1ccccc1
10799,CCCn1c(NC(=O)C2COc3ccccc3O2)nc2ccccc21
14545,C/C(=C\CC/C(C)=C/CC/C(C)=C/CC[C@@H]1[C@@]2(C)CCC(=O)C(C)(C)[C@H]2CC[C@@]1(C)O)CO
8281,CCOC(=O)CSc1nnc(CSc2nc(C)cc(C)n2)n1Cc1ccco1
1322,COc1ccc(Cc2nnc(NC(=O)Cc3cccs3)s2)cc1
3641,COc1ccc(-c2cc(C(F)(F)F)nc(N3CCN(c4ccc(F)cc4)CC3)n2)cc1OC
4061,COc1ccc(NC(=O)Cn2nnc(C(=O)Nc3ccc(F)c(Cl)c3)c2N)cc1
4068,COc1ccc(Cl)cc1NC(=O)c1nnn(CC(=O)Nc2ccc(OC)c(OC)c2)c1N
4117,COc1cccc(NC(=O)Cn2nnc(C(=O)Nc3cc(Cl)ccc3OC)c2N)c1
4119,CCOc1ccc(OCC)c(NC(=O)c2nnn(CC(=O)Nc3cc(C)cc(C)c3)c2N)c1
9488,CN1CCN(S(=O)(=O)c2ccc(NC(=O)c3ccc(Br)o3)cc2)CC1
1550,O=C1c2ccccc2C(Nc2ccc(S(=O)(=O)N3CCCCCC3)cc2)N1Cc1ccco1
3837,Nc1nc(F)nc2c1ncn2[C@@H]1O[C@H](CO)[C@@H](O)[C@H]1O
9585,C=CCNc1ncnc2c1ncn2C1OC(CO)C(O)C1O
6156,CC(=O)Nc1ccc(S(=O)(=O)N2CCC(NC(=O)C(Cc3cccn3C)NC(C)=O)CC2)cc1
12294,Cc1ccc(S(=O)(=O)N2CCN(C(=O)CSc3nnnn3C)C2)cc1
2884,COc1ccc(-c2nnc(SCC(=O)Nc3sc4c(c3C#N)CCCC4)n2-c2ccccc2)cc1
2178,Cc1cccc(-c2nnn3c2nc(NCCc2ccc(S(N)(=O)=O)cc2)c2ccccc23)c1
6901,CC1CCN(C(c2ccc(N(C)C)cc2)c2nnnn2Cc2ccccc2)CC1
7625,COc1ccc(Cn2nnnc2C(c2cc(OC)ccc2OC)N2CCC(C(N)=O)CC2)cc1
8019,CC1CCN(C(c2ccc(N(C)C)cc2)c2nnnn2Cc2ccc(F)cc2)CC1
12083,O=c1cc(-c2ccccc2)nc2nc(CCc3ccccc3)[nH]n12
1677,Nc1ncnc2nc(-c3ccccc3)cc(-c3ccc(F)cc3)c12
13799,COc1ccc(C(C)Cn2ccnc2NC#N)cc1OCC1CC1
14004,CC(Cn1ccnc1NC#N)c1ccc(OC(F)F)c(OCC2CC2)c1
4749,O=[N+]([O-])c1cccc(/C=N/Nc2nc(NCc3ccccc3)nc(N3CCOCC3)n2)c1O
15051,COc1cc2c(cc1OC)C1COc3cc(O)ccc3C1O2
15096,COc1ccc2c(c1)O[C@H]1c3ccc(O)cc3OC[C@@H]21
12591,CCCN(CCC)C(=O)CSc1nc2n[nH]c(C)c2c(=N)n1-c1ccc(OC)cc1
664,CC(=NNC(=S)N1CCN(C2CCCCCC2)CC1)c1ccccn1
8536,CCC(OC(=O)c1cccs1)C(=O)NCc1ccc2c(c1)OCO2
1817,O=C(Nc1nc(-c2ccccc2)c(-c2ccccc2)s1)c1ccc(S(=O)(=O)N(CCCl)CCCl)cc1
12298,CCOC(=O)c1cc(-c2ccco2)nc2c1c(C)nn2CCC#N
1366,Cc1cc(NCCN2CCCCC2)n2c(nc3ccccc32)c1C#N
14379,CN1CCN(Cc2ccc(-c3cn4c5nc(ncc35)NCCCCCCCCNC(=O)[C@@H](N)CCCC4)cc2)CC1
6704,Cc1cc(NC(=O)CCC(=O)N(c2ccccc2)C(C(=O)NC2CCCC2)c2cccs2)no1
13347,CN(C)CCC(=O)Nc1cncc(-c2cccc3[nH]ccc23)c1
13498,CN(C)CCCC(=O)Nc1cncc(-c2cccc3[nH]ccc23)c1
13926,CCC(=O)Nc1cncc(-c2cccc3[nH]ccc23)c1
13475,CNC(=O)c1cc(C(=O)NCCC2CCOCC2)cn(Cc2ccccc2)c1=O
6015,N#CCOc1nc(N2CCOCC2)nc(N2CCOCC2)n1
2471,Cc1cccc(NC(=S)NC2CCCC2)n1
5249,Cc1ccc(OCC(=O)NNC(=S)NC(=O)c2cccs2)c(C)c1
7241,CC1(C)C=Cc2c(c3ccccc3[nH]c2=O)O1
8023,Nc1nc2sc3c(c2c(=O)s1)CCCC3
12627,COC(=O)CN1C(=O)C2(C(C#N)=C(N)Oc3cc(C)oc(=O)c32)c2ccccc21
12434,COc1ccc(NC(=O)CSc2nnc(-c3ccccn3)n2N)c(OC)c1
5017,OCCn1nc(-c2ccccc2)cc1-c1ccccc1
6046,Oc1ccccc1-c1cc(-c2cccc(F)c2)n[nH]1
13956,Cc1cccc(C)c1-n1c(=O)c2cnc(Nc3ccc(OCCN(C)C)cc3)nc2n2c3ccccc3nc12
13962,COc1cc(Nc2ncc3c(=O)n(-c4c(C)cccc4C)c4nc5ccccc5n4c3n2)cc(OC)c1OC
14022,Cc1cccc(C)c1-n1c(=O)c2cnc(Nc3ccc(OCCCN(C)C)cc3)nc2n2c3ccccc3nc12
12128,O=C(Cn1cnc2cc([N+](=O)[O-])ccc2c1=O)Nc1ccc2c(c1)CCC2
7360,COc1cccc2cc(-c3nnc(SCC(=O)Nc4nc(C)cs4)n3C)oc12
7377,Cc1nnc(N(C)C(=O)c2cccnc2)s1
5341,CCOC(=O)N1CCN(c2nc(C)c3c(n2)CC(C)CC3=O)CC1
10466,CCOC(=O)N1CCN(c2nc(C)c3c(n2)CCCC3=O)CC1
5612,COCCn1c(=NC(=O)CCS(=O)(=O)c2ccccc2)sc2cc(C(=O)OC)ccc21
10834,Cc1ccccc1-n1c(C)nnc1SCc1nc2ccccc2s1
1866,O=C(CO/N=C/c1ccccc1OC(F)F)NCc1cccs1
2577,C=C(C)C(=O)Nc1cccc(C2=NOC3(C2)C[C@@H](C(N)=O)N(C(=O)/C(C)=C/C)C3)c1
2578,C/C=C\C=C/C(=O)Nc1cccc(C2=NOC3(C2)C[C@@H](C(N)=O)N(C(=O)/C=C/C=C\C)C3)c1
2580,C=C(C)C(=O)Nc1cccc(C2=NOC3(C2)C[C@@H](C(N)=O)N(C(=O)/C=C/C=C/C)C3)c1
2604,C/C=C/C=C\C(=O)Nc1cccc(C2=NOC3(C2)C[C@H](C(N)=O)N(C(=O)/C=C/C)C3)c1
2605,C=C(C)C(=O)Nc1cccc(C2=NOC3(C2)C[C@@H](C(N)=O)N(C(=O)CCCCC)C3)c1
1623,O=C(CN1CCN(CC(=O)Nc2ccc(OCc3ccccc3)cc2)CC1)Nc1ccc(F)cc1
1176,CC(C)Cc1ccc(C(C)C(=O)NCCOc2ccc(S(N)(=O)=O)cc2)cc1
11469,O=C(Oc1cccc(-c2ccccc2)c1)c1cc([N+](=O)[O-])cc([N+](=O)[O-])c1
4996,c1ccc(SSc2ccccn2)nc1
750,O=C(C[C@@H]1CC[C@H]2[C@@H](COC[C@@H](O)CN2Cc2cc(F)ccc2F)O1)NCc1ccc(Oc2ccccc2)cc1
2068,O=C(C[C@H]1CC[C@@H]2[C@H](COC[C@H](O)CN2Cc2cc(F)ccc2F)O1)NCc1ccc(Oc2ccccc2)cc1
3790,COCc1cc(=O)[nH]c(SCCS(=O)(=O)c2ccc(Cl)cc2Cl)n1
14570,C/C=C/c1ccc(O[C@@H]2O[C@H](CO[C@@H]3O[C@@H](C)[C@@H]4OC(=O)c5cc(O)c(O)c(O)c5-c5c(cc(O)c(O)c5O)C(=O)O[C@H]4[C@H]3O)[C@H]3OC(=O)c4cc(O)c(O)c(O)c4-c4c(cc(O)c(O)c4O)C(=O)O[C@@H]3[C@H]2O)cc1.C[C@@H]1O[C@H](O)[C@H](O)[C@@H](O)[C@@H]1O.OCC1O[C@H](O)C(O)[C@@H](O)[C@H]1O
14690,C=CCc1ccc(O[C@@H]2O[C@H](CO[C@@H]3O[C@@H](C)[C@@H]4OC(=O)c5cc(O)c(O)c(O)c5-c5c(cc(O)c(O)c5O)C(=O)O[C@H]4[C@H]3O)[C@H]3OC(=O)c4cc(O)c(O)c(O)c4-c4c(cc(O)c(O)c4O)C(=O)O[C@@H]3[C@H]2O)cc1.C[C@H]1O[C@H](O)[C@H](O)[C@@H](O)[C@@H]1O.OCC1O[C@H](O)C(O)[C@@H](O)[C@H]1O
11711,CC(=O)Nc1cc(-c2c(-c3ccc(F)cc3)nc(SCc3ccc(S(C)=O)cc3)n2CCN2CCCCC2)ccn1
590,CCN(CC(=O)Nc1ccc(NC(C)=O)cc1)C(=O)C1CCCN(C(=O)c2ccc(Cl)cc2)C1
1457,CCOC(=O)C1=C(c2ccccc2)N(C)C(=O)NC1c1ccc(O)c(OC)c1
8292,CCOC(=O)C1=C(c2ccccc2)NC(=O)NC1c1ccc(OCC#N)c(OC)c1
13011,Fc1ccc(CN2CCc3cc(NC(=S)NCc4ccccc4)ccc32)cc1
10117,CCCN1CN(Cc2ccco2)c2nc3ccccc3n2C1
8312,O=C(Nc1ccccc1N1CCCCC1)c1ccc2nccnc2c1
11800,NC(=O)c1cn(-c2ccc3c(c2)CCC3)c2nc(NCCN3CCOCC3)ncc2c1=O
15097,COc1ccc2c(c1)O[C@]1(/C=C/c3ccc(O)cc3)c3ccc(OC)cc3OC2[C@H]1Cc1ccc(O)cc1
701,C[C@@H]1CN([C@H](C)CO)C(=O)Cc2cc(NS(=O)(=O)c3ccc(F)cc3)ccc2O[C@H]1CN(C)CC1CCCCC1
5941,Fc1ccc(CSc2nnc(-c3cccs3)o2)cc1
7220,c1ccc(CSc2nnc(-c3cccs3)o2)cc1
7874,Fc1ccccc1CSc1nnc(-c2cccs2)o1
6918,CCc1nnc(NC(=O)CSc2nnc(-c3ccco3)n2C)s1
8438,CCCn1c(SCC(=O)Nc2nnc(CC)s2)nnc1-c1ccco1
12921,C=CCn1c(SCC(=O)Nc2nnc(CC)s2)nnc1-c1ccco1
8955,O=C1OCc2cc(NC(=O)C3CCCCC3)ccc21
13805,CN1CCN(c2ccc(Nc3cc4c(cn3)c(=O)c(C(N)=O)cn4-c3ccc4c(c3)CCC4)cc2)CC1
7254,Cn1c(SCc2cccnc2)nc2cccnc21
7976,O=C(Nc1ccccc1-c1ccccc1)c1cnccn1
1437,CCCSc1nc(C)c(-c2csc(C(C#N)=C3CCCC3)n2)cc1C#N
304,CC(Nc1ccccc1)c1cc(Cl)ccc1O
3555,O=C(CCl)N(Cc1ccccc1)c1ccccc1
4972,COC(=O)c1ccc(Cl)cc1N(Cc1c(F)cccc1Cl)S(C)(=O)=O
5509,Fc1ccc(NCc2ccccc2F)cc1Cl
10523,COc1ccc(CNc2ccc(S(N)(=O)=O)cc2)c(OC)c1OC
12559,C=CCOc1c(CNc2cccc(C(=O)O)c2)cccc1OC
7166,CCOc1ccc2[nH]c(=O)c(CN(Cc3ccco3)C(CC)c3nnnn3Cc3ccccc3)cc2c1
3511,Cc1nc([N+](=O)[O-])c(Br)n1Cc1ccc(Cl)c(Cl)c1
1929,FC(F)(F)c1cnc2c(-c3ccccc3)n[nH]c2c1
7169,CCNc1nc(NC(C)C)nc(NS(=O)(=O)c2ccc(Cl)cc2)n1
12595,Cc1cc(Oc2ccccc2)nc(N2CCOCC2)n1
3686,COc1ccc(-c2nc(N/N=C(\C)c3ccc(O)cc3)c3ccccc3n2)cc1
1209,CC(C(=O)NCCc1ccc(S(N)(=O)=O)cc1)c1cccc(C(=O)c2ccccc2)c1
8083,CC1(C)CC(=O)C=C(NCCN2CCN(C(=O)Nc3ccccc3)CC2)C1
12861,O=C(COc1cccc2ccccc12)NNC(=O)c1cccs1
1837,COc1cc(NC(=O)CN2CCC(C)CC2)c(C)cc1[N+](=O)[O-]
9347,COc1ccc(NC(=O)CN2CCC(C(N)=O)CC2)cc1
9951,CCC(=O)Nc1ccc(NC(=O)CN2CCCC(C)C2)c(Cl)c1
12367,O=C(CN1CCCCC1)Nc1ccc(F)c(Cl)c1
11309,CS(=O)(=O)N(CC(=O)Nc1ccccc1Sc1ccccc1)c1ccc(F)cc1
10787,O=C(Cc1n[nH]c(=O)c2ccccc12)Nc1cccc(-c2nnc3n2CCCCC3)c1
4644,COCCOC(=O)/C(=C/c1ccc(OC(=O)c2ccccc2)cc1)C(C)=O
11528,CCCc1cccc(OC(=O)c2cc([N+](=O)[O-])cc([N+](=O)[O-])c2)c1
12242,O=C(Oc1ccccc1)c1c(Cl)cccc1P(=O)(O)O
12503,O=C(Oc1ccccc1)c1cc([N+](=O)[O-])cc([N+](=O)[O-])c1
14262,Cc1cccc(OC(=O)c2cc([N+](=O)[O-])cc([N+](=O)[O-])c2)c1
10139,COc1cc(-c2noc(-c3cccs3)n2)cc(OC)c1OC
13561,O=C(Nc1ccc(-c2ncco2)cc1)C1CCN(S(=O)(=O)c2ccccc2Cl)CC1
14965,COc1c(C(=O)CCc2ccccc2)c(O)c(O)c2c1/C(=C/c1ccccc1)C(=O)O2
12438,COc1ccc(OC)c(-c2cc(C3CCN(c4cc(Cl)nc(N)n4)CC3)[nH]n2)c1
1124,NS(=O)(=O)c1cc(NC(=O)Cc2ccccc2Cl)ccc1Oc1cccc(C(=O)N2CCOCC2)c1
122,O=C(CSc1nnc(Cc2cc(=O)[nH]c(=O)[nH]2)n1-c1ccccc1)NCC1CCCO1
10411,N#CC(c1nc2ccccc2nc1N1CCCC1)S(=O)(=O)c1cccs1
6744,CCc1nnc(NC(=O)c2ccc(COc3ccc(C)cc3)o2)s1
10997,C=CCn1c(SCC(=O)NC2CCCC2)nc2scc(-c3ccco3)c2c1=O
7068,O=C(CSc1nnc(-c2ccccc2O)o1)Oc1ccc(OCc2ccccc2)cc1
6655,N#Cc1ccc2ccn(CC(=O)NC3CCCCC3)c2c1
6772,COC(=O)c1cn(CC(=O)NC2CCCCC2)c2ccccc12
13508,CCNNC(=O)c1ccc(CN2c3ccccc3C=Cc3ccc(C(F)(F)F)cc32)cc1
13718,CCNNC(=O)c1ccc(CN2c3ccccc3C=Cc3ccc(C)cc32)cc1
13861,CCNNC(=O)c1ccc(CN2c3ccccc3C=Cc3ccccc32)cc1
13895,CCNNC(=O)c1ccc(CN2c3ccccc3C=Cc3ccc(F)cc32)cc1
9637,O=S(=O)(CCn1cccc1)CCn1cccc1
3175,O=C(c1cccnc1)N(c1cc2sc(=O)oc2c2ccccc12)S(=O)(=O)c1ccccc1
10301,Cn1c2c(c(=O)n(C)c1=O)CN(CCCN1CCOCC1)CN2
4822,O=Cc1ccnc(-c2ccc(OC(=O)c3ccco3)cc2)n1
1761,CCOC(=O)c1ccc(NC(=S)NCC(O)c2ccccc2)cc1
4535,O=[N+]([O-])c1ccc(NC(=S)NCCc2ccc(F)cc2)cc1
4735,Fc1ccc(CCNC(=S)Nc2ccc(F)c(Cl)c2)cc1
4927,CCOC(=O)c1ccc(NC(=S)NCCc2ccc(OC)c(OC)c2)cc1
12436,COC(=O)c1ccc(NC(=S)NCCc2cccc(C)c2)cc1
3846,c1ccc2c(-c3cncc4ccccc34)cncc2c1
5766,O=C(C1COc2ccccc2O1)N1CCN(c2ccc(C(F)(F)F)cn2)CC1
13754,COc1ccc(C(C)Cn2ccnc2NC#N)cc1OCCC1Cc2ccccc2C1
5016,CC1(C(=O)O)CCC(C(=O)Nc2ccc(Cl)c(Cl)c2)C1(C)C
13213,CC(C)C[C@H](N)C(=O)N1CCC(Nc2ccc(-c3ccc(C(C)C)cc3)cc2C(N)=O)CC1
13221,CC(C)c1ccc(-c2ccc(NC3CCNCC3)c(C(N)=O)c2)cc1
13222,CC[C@H](C)[C@H](N)C(=O)N1CCC(Nc2ccc(-c3ccc(C(C)C)cc3)cc2C(N)=O)CC1
13234,CC(C)c1ccc(-c2ccc(NC3CCN(C(=O)C(N)C(C)C)CC3)c(C(N)=O)c2)cc1
13287,CC(N)C(=O)N1CCC(Nc2ccc(-c3ccc(C(C)C)cc3)cc2C(N)=O)CC1
13433,CC(C)c1ccc(-c2ccc(NC3CCN(C(=O)CCN)CC3)c(C(N)=O)c2)cc1
13452,CC(C)c1ccc(-c2ccc(NC3CCN(C(=O)CN)CC3)c(C(N)=O)c2)cc1
13555,CC(C)c1ccc(-c2ccc(NC3CCN(C(=O)CCCCCN)CC3)c(C(N)=O)c2)cc1
13808,CC(=O)N1CCC(Nc2ccc(-c3ccc(C(C)C)cc3)cc2C(N)=O)CC1
4219,COc1ccc(NC(=O)C(=O)NCC2CCCN2S(=O)(=O)c2ccc(C)cc2)cc1
12757,CC1(C)CC(=O)c2cnn(-c3nc4ccccc4[nH]3)c2C1
1631,COc1ccc(-n2nnnc2SCc2nc(N)nc(N3CCOCC3)n2)cc1
12407,CCOC(=O)C1=C(C)N=c2s/c(=C3/C(=O)Nc4ccccc43)c(=O)n2C1c1ccc(C)cc1
6823,Cc1cccc(-c2cc3nc4c(c(N5CCOCC5)n3n2)CCCC4)c1
9112,Fc1ccc(-c2cc3nc4c(c(N5CCOCC5)n3n2)CCCC4)cc1
1515,CCc1cc(C(=O)Nc2ccccc2)cs1
13013,COc1cccc(/C=N\NC(=O)c2sc(N)nc2C)c1OC
13166,COc1ccc(/C=N\NC(=O)c2sc(N)nc2C)cc1OC
13281,COc1cc(/C=N\NC(=O)c2sc(N)nc2C)cc(OC)c1OC
5088,O=C1C(=O)N(CC2COc3ccccc3O2)c2ccccc21
1133,NS(=O)(=O)c1cc(NC(=O)Cc2ccccc2Cl)ccc1Oc1cncc(Cl)c1
1136,NS(=O)(=O)c1cc(NC(=O)Cc2ccccc2Cl)ccc1Oc1cccnc1
3662,COc1cc(O)cc2cc3c(c(O)c12)C(=O)CC(C)(O)O3
6208,O=C(CSc1nnc(NC(=O)C2CC2)s1)Nc1ccc(F)cc1
6009,O=c1[nH]c(=O)n(CCO)c2nnn(Cc3ccccc3)c12
3055,C=CCSc1nc2ccccc2n1C(=O)/C=C/c1ccc(OC)c(OC)c1
3083,CCSc1nc2ccccc2n1C(=O)/C=C/c1ccc(OC)c(OC)c1
3514,O=C(/C=C/c1cccc([N+](=O)[O-])c1)n1cnc2ccccc21
12067,COc1ccc(NC(=O)C23CCC(C)(C(=O)C2)C3(C)C)cc1
11248,Cc1cc(C)c(NC(=O)COc2ccc(C(=S)N3CCCCC3)cc2)c(C)c1
3348,Cc1cc(F)ccc1S(=O)(=O)Nc1ccccc1C(=O)Nc1ccccc1-c1nc2ccccc2[nH]1
9434,O=C(CSc1ncc(-c2ccc(F)cc2)[nH]1)NCc1ccco1
2564,CC(C)(C)c1ccc(OCc2ccc(C(=O)N/N=C/c3ccc(O)c(O)c3)cc2)cc1
10040,O=C(CCn1nnc2ccccc2c1=O)N[C@H](C(=O)O)c1ccccc1
8276,CC(C)c1ccc(-c2nnn(Cc3nc4ccccc4s3)n2)cc1
8544,Fc1ccc(-c2nnn(Cc3nc4ccccc4s3)n2)cc1
4461,N=C1/C(=C\c2ccc(SCc3ccco3)o2)C(=O)N=C2SC=NN12
5671,CN(C)S(=O)(=O)c1ccc(C(=O)N2CCN(S(=O)(=O)c3ccc4c(c3)OCCO4)CC2)cc1
4190,Cc1c(Cl)cccc1NC(=O)CSc1nc2ncc(Cl)cc2[nH]1
1477,Cn1c(=O)c(=O)n(C)c2cc(S(=O)(=O)N3CCc4ccccc43)ccc21
5877,CC12COC3(C(=O)Nc4cccnc4)CC1CCC32C
5628,CC(=O)Nc1ccc(C(=O)OCC(=O)c2ccc(S(=O)(=O)N3CCCCC3)cc2)cc1
3708,O=C(/C=C/c1cccnc1)/C=C/c1cccnc1
107,COc1cccc(-c2nc(CS(=O)(=O)CC(=O)NCCCOC(C)C)c(C)o2)c1
1448,CCN(CC)CCNC(=O)CS(=O)Cc1nc(-c2ccccc2Cl)oc1C
10927,COC(=O)c1nc(-c2ccc(C)cc2)oc1N(C)C
12607,CCc1ccc(NC(=O)CCN2C(=O)c3cccnc3C2=O)cc1
4387,O=C(c1ccccc1)N(C(=O)c1ccccc1)c1ncnc2c1C(c1ccccc1)c1c(ccc3ccccc13)O2
13415,Nc1ncc2ccn(-c3ccnc(C#CC4(O)CCCC4)c3)c2n1
2818,COc1ccc(-c2cn[nH]c2N)c(OC)c1
3780,COc1ccc(-c2cn[nH]c2C)cc1
7089,CCOC(=O)Cn1nc(C)c(-c2ccccc2)c1N
8249,CCOC(=O)Cn1ncc(-c2ccccc2)c1N
3733,Nc1nc(CCl)nc(Nc2ccc3ccccc3c2)n1
9174,CC(=O)Nc1nc(C)c(Oc2ccccc2)c(=O)[nH]1
5302,C#CCOCCOCCOCCNc1nc(N2CCN(C(=O)CCCCCCCCCCNC(=O)[C@H](CCCCN)n3cc(C[C@@H](C)CC)nn3)CC2)nc(N2CCN(C(=O)CCCCCCCCCCNC(=O)[C@H](CCCCN)n3cc(C[C@@H](C)CC)nn3)CC2)n1
11286,C#CCOCCOCCOCCNc1nc(N2CCN(C(=O)CCCCCCCCCCNC(=O)[C@@H](CCSC)n3cc(CCO)nn3)CC2)nc(N2CCN(C(=O)CCCCCCCCCCNC(=O)[C@H](CCC(=O)O)n3cc(CCCCCN)nn3)CC2)n1
11372,C#CCOCCOCCOCCNc1nc(N2CCN(C(=O)CCCCCCCCCCNC(=O)[C@H](CCCCN)n3cc(CCO)nn3)CC2)nc(N2CCN(C(=O)CCCCCCCCCCNC(=O)[C@H](CCCCN)n3cc(CCCC(=O)O)nn3)CC2)n1
11527,C#CCOCCOCCOCCNc1nc(N2CCN(C(=O)CCCCCCCCCCNC(=O)Cn3cc(CCCCCN)nn3)CC2)nc(N2CCN(C(=O)CCCCCCCCCCNC(=O)Cn3cc(C[C@@H](C)O)nn3)CC2)n1
11534,C#CCOCCOCCOCCNc1nc(N2CCN(C(=O)CCCCCCCCCCNC(=O)[C@H](CCCCN)n3cc(CCO)nn3)CC2)nc(N2CCN(C(=O)CCCCCCCCCCNC(=O)[C@@H]([C@H](C)O)n3cc(C)nn3)CC2)n1
11561,C#CCOCCOCCOCCNc1nc(N2CCN(C(=O)CCCCCCCCCCNC(=O)Cn3cc(CCCCCN)nn3)CC2)nc(N2CCN(C(=O)CCCCCCCCCCNC(=O)[C@@H]([C@H](C)O)n3cc(C)nn3)CC2)n1
11562,C#CCOCCOCCOCCNc1nc(N2CCN(C(=O)CCCCCCCCCCNC(=O)[C@H](CCCCN)n3cc(C)nn3)CC2)nc(N2CCN(C(=O)CCCCCCCCCCNC(=O)[C@@H]([C@H](C)O)n3cc(C)nn3)CC2)n1
11563,C#CCOCCOCCOCCNc1nc(N2CCN(C(=O)CCCCCCCCCCNC(=O)[C@@H](CCC(=O)O)n3cc(CCCCCN)nn3)CC2)nc(N2CCN(C(=O)CCCCCCCCCCNC(=O)[C@H]([C@@H](C)CC)n3cc(CCCCCN)nn3)CC2)n1
11594,C#CCOCCOCCOCCNc1nc(N2CCN(C(=O)CCCCCCCCCCNC(=O)[C@H]([C@@H](C)CC)n3cc(CCCCCN)nn3)CC2)nc(N2CCN(C(=O)CCCCCCCCCCNC(=O)[C@H](CCCCN)n3cc(CCCC(=O)O)nn3)CC2)n1
11612,C#CCOCCOCCOCCNc1nc(N2CCN(C(=O)CCCCCCCCCCNC(=O)[C@H](CO)n3cc(CCCSC)nn3)CC2)nc(N2CCN(C(=O)CCCCCCCCCCNC(=O)[C@H](CCCCN)n3cc(CCO)nn3)CC2)n1
11678,C#CCOCCOCCOCCNc1nc(N2CCN(C(=O)CCCCCCCCCCNC(=O)Cn3cc(C[C@@H](C)O)nn3)CC2)nc(N2CCN(C(=O)CCCCCCCCCCNC(=O)[C@H](CCCN=C(N)N)n3cc(C[C@@H](C)CC)nn3)CC2)n1
11685,C#CCOCCOCCOCCNc1nc(N2CCN(C(=O)CCCCCCCCCCNC(=O)Cn3cc(C[C@@H](C)O)nn3)CC2)nc(N2CCN(C(=O)CCCCCCCCCCNC(=O)[C@@H]([C@H](C)CC)n3cc(CCCCCN)nn3)CC2)n1
11689,C#CCOCCOCCOCCNc1nc(N2CCN(C(=O)CCCCCCCCCCNC(=O)[C@H](CCCCN)n3cc(CCO)nn3)CC2)nc(N2CCN(C(=O)CCCCCCCCCCNC(=O)[C@H](CCCCN)n3cc(CCO)nn3)CC2)n1
11695,C#CCOCCOCCOCCNc1nc(N2CCN(C(=O)CCCCCCCCCCNC(=O)[C@H]([C@@H](C)CC)n3cc(CCCCN=C(N)N)nn3)CC2)nc(N2CCN(C(=O)CCCCCCCCCCNC(=O)[C@@H]([C@H](C)O)n3cc(C)nn3)CC2)n1
11696,C#CCOCCOCCOCCNc1nc(N2CCN(C(=O)CCCCCCCCCCNC(=O)Cn3cc(CCCCCN)nn3)CC2)nc(N2CCN(C(=O)CCCCCCCCCCNC(=O)[C@@H](CCSC)n3cc(CCO)nn3)CC2)n1
11704,C#CCOCCOCCOCCNc1nc(N2CCN(C(=O)CCCCCCCCCCNC(=O)[C@@H](CCC(=O)O)n3cc(CCCCCN)nn3)CC2)nc(N2CCN(C(=O)CCCCCCCCCCNC(=O)[C@H](CCCCN)n3cc(C[C@@H](C)CC)nn3)CC2)n1
11724,C#CCOCCOCCOCCNc1nc(N2CCN(C(=O)CCCCCCCCCCNC(=O)[C@@H](CCSC)n3cc(CCO)nn3)CC2)nc(N2CCN(C(=O)CCCCCCCCCCNC(=O)[C@H](CO)n3cc(CCCCCN)nn3)CC2)n1
11737,C#CCOCCOCCOCCNc1nc(N2CCN(C(=O)CCCCCCCCCCNC(=O)Cn3cc(CCCCCN)nn3)CC2)nc(N2CCN(C(=O)CCCCCCCCCCNC(=O)[C@H](CO)n3cc(CCCSC)nn3)CC2)n1
11739,C#CCOCCOCCOCCNc1nc(N2CCN(C(=O)CCCCCCCCCCNC(=O)[C@H](CCCCN)n3cc(C)nn3)CC2)nc(N2CCN(C(=O)CCCCCCCCCCNC(=O)[C@H](CO)n3cc(CCCSC)nn3)CC2)n1
11753,C#CCOCCOCCOCCNc1nc(N2CCN(C(=O)CCCCCCCCCCNC(=O)[C@@H](CCSC)n3cc(CCO)nn3)CC2)nc(N2CCN(C(=O)CCCCCCCCCCNC(=O)[C@H]([C@@H](C)CC)n3cc(CCCCN=C(N)N)nn3)CC2)n1
11770,C#CCOCCOCCOCCNc1nc(N2CCN(C(=O)CCCCCCCCCCNC(=O)[C@H]([C@@H](C)CC)n3cc(CCCCN=C(N)N)nn3)CC2)nc(N2CCN(C(=O)CCCCCCCCCCNC(=O)[C@H](CO)n3cc(CCCSC)nn3)CC2)n1
11774,C#CCOCCOCCOCCNc1nc(N2CCN(C(=O)CCCCCCCCCCNC(=O)[C@H](CCCCN)n3cc(CCCC(=O)O)nn3)CC2)nc(N2CCN(C(=O)CCCCCCCCCCNC(=O)[C@H](CCCN=C(N)N)n3cc(C[C@@H](C)CC)nn3)CC2)n1
11791,C#CCOCCOCCOCCNc1nc(N2CCN(C(=O)CCCCCCCCCCNC(=O)Cn3cc(CCCCCN)nn3)CC2)nc(N2CCN(C(=O)CCCCCCCCCCNC(=O)Cn3cc(CCCCCN)nn3)CC2)n1
11828,C#CCOCCOCCOCCNc1nc(N2CCN(C(=O)CCCCCCCCCCNC(=O)[C@@H](CCSC)n3cc(CCO)nn3)CC2)nc(N2CCN(C(=O)CCCCCCCCCCNC(=O)[C@H](CCCN=C(N)N)n3cc(C[C@@H](C)CC)nn3)CC2)n1
11854,C#CCOCCOCCOCCNc1nc(N2CCN(C(=O)CCCCCCCCCCNC(=O)[C@H](CCCN=C(N)N)n3cc(C[C@@H](C)CC)nn3)CC2)nc(N2CCN(C(=O)CCCCCCCCCCNC(=O)[C@@H]([C@H](C)O)n3cc(C)nn3)CC2)n1
11886,C#CCOCCOCCOCCNc1nc(N2CCN(C(=O)CCCCCCCCCCNC(=O)[C@H](CO)n3cc(CCCSC)nn3)CC2)nc(N2CCN(C(=O)CCCCCCCCCCNC(=O)[C@H](CCCN=C(N)N)n3cc(C[C@@H](C)CC)nn3)CC2)n1
11890,C#CCOCCOCCOCCNc1nc(N2CCN(C(=O)CCCCCCCCCCNC(=O)[C@H]([C@@H](C)CC)n3cc(CCCCCN)nn3)CC2)nc(N2CCN(C(=O)CCCCCCCCCCNC(=O)[C@H](CO)n3cc(CCCCCN)nn3)CC2)n1
11935,C#CCOCCOCCOCCNc1nc(N2CCN(C(=O)CCCCCCCCCCNC(=O)Cn3cc(CCCCCN)nn3)CC2)nc(N2CCN(C(=O)CCCCCCCCCCNC(=O)[C@H]([C@@H](C)CC)n3cc(CCCCCN)nn3)CC2)n1
11938,C#CCOCCOCCOCCNc1nc(N2CCN(C(=O)CCCCCCCCCCNC(=O)[C@H](CCCCN)n3cc(C)nn3)CC2)nc(N2CCN(C(=O)CCCCCCCCCCNC(=O)[C@@H]([C@H](C)CC)n3cc(CCCCCN)nn3)CC2)n1
11952,C#CCOCCOCCOCCNc1nc(N2CCN(C(=O)CCCCCCCCCCNC(=O)[C@H]([C@@H](C)CC)n3cc(CCCCCN)nn3)CC2)nc(N2CCN(C(=O)CCCCCCCCCCNC(=O)[C@H]([C@@H](C)CC)n3cc(CCCCN=C(N)N)nn3)CC2)n1
11954,C#CCOCCOCCOCCNc1nc(N2CCN(C(=O)CCCCCCCCCCNC(=O)[C@H](CCCCN)n3cc(C)nn3)CC2)nc(N2CCN(C(=O)CCCCCCCCCCNC(=O)[C@H](CCCN=C(N)N)n3cc(C[C@@H](C)CC)nn3)CC2)n1
11962,C#CCOCCOCCOCCNc1nc(N2CCN(C(=O)CCCCCCCCCCNC(=O)Cn3cc(CCCCCN)nn3)CC2)nc(N2CCN(C(=O)CCCCCCCCCCNC(=O)[C@H]([C@@H](C)CC)n3cc(CCCCN=C(N)N)nn3)CC2)n1
12496,C#CCOCCOCCOCCNc1nc(N2CCN(C(=O)CCCCCCCCCCNC(=O)[C@H]([C@@H](C)CC)n3cc(CCCCN=C(N)N)nn3)CC2)nc(N2CCN(C(=O)CCCCCCCCCCNC(=O)[C@H](CCCCN)n3cc(C)nn3)CC2)n1
10220,Cc1cc(N2CCCCC2)n2ncc(-c3ccc(Cl)cc3)c2n1
8763,O=C(c1ccco1)N1CCC(c2nc(-c3ccc(F)cc3)no2)CC1
8792,O=C(c1ccco1)N1CCC(c2nc(-c3ccccc3Cl)no2)CC1
11020,COc1ccc(NC(=O)CN2c3cccc4cccc(c34)S2(=O)=O)cc1
10393,COc1cc(C(=O)Nc2cccc(-c3nc4ncccc4o3)c2C)cc(OC)c1OC
363,CCOC(=O)CSc1cc(CS(=O)(=O)c2ccccc2)nc(-c2ccccc2)n1
12945,O=C(Nc1cc(Cl)cc(Cl)c1)c1cnn2cccnc12
1318,N#Cc1c(C2CCCNC2)cc(-c2c(O)cccc2OCC2CCC2)nc1N
11369,CCOC(=O)c1nn(-c2ccc(Cl)cc2)c2nc(Nc3ccccc3)cc(=O)n12
2931,Brc1ccc2ncnc(NCc3ccccc3)c2c1
4000,COc1ccc(CNc2ncnc3ccccc23)cc1
4206,c1ccc(CNc2ncnc3ccccc23)cc1
4807,COc1cc2ncnc(NCc3ccc(Cl)cc3)c2cc1OC
4283,Oc1ccc(Cl)cc1Cc1cc(Cl)ccc1O
4729,CC(C)(C)C(=O)NC(=S)NNC(=O)C(c1ccccc1)c1ccccc1
4778,CC(=O)NNC(=S)NC(=O)C(c1ccccc1)c1ccccc1
4786,CCCCC(=O)NNC(=S)NC(=O)C(c1ccccc1)c1ccccc1
14694,C=C[C@H](c1ccccc1)c1cc(OC)c(OC)cc1O
6038,Cn1c(-c2cccc(Br)c2)cnc1NCc1cccnc1
3604,COc1cccc(OC)c1C(=O)Nc1cc(C)nn1-c1nc2ccccc2[nH]1
10829,Cc1ccc(S(=O)(=O)N2CCN(C(=O)CCC(=O)OCC(=O)Nc3cccc(C#N)c3)CC2)cc1
6645,CC(c1ccc(F)cc1)n1cc(C(=O)NCc2ccc3c(c2)OCO3)nn1
5363,COC(=O)c1ccc(NC(=O)c2sc3nc(-c4ccccc4)cn3c2C)cc1
11317,Cc1ccc(C(C(=O)NCC2CCCO2)N(C(=O)c2snc(C(N)=O)c2N)c2ccc3c(c2)OCCO3)cc1
7467,Cc1ccc(S(=O)(=O)n2nc(OC(=O)c3cccs3)cc2N)cc1
11589,NS(=O)(=O)c1ccc(N2N=C(c3cccs3)CC2c2cccs2)cc1
8560,CC(=O)NC1(c2cccc(F)c2)CCN(CC(=O)NC2CCCCC2)CC1
11080,O=C(O)C1OC(C(=O)O)C2C1C(F)(F)C2(F)F
10046,Cc1nn2c3c(cnc2c1-c1ccccc1)C(=O)CCC3
7731,COc1ccc(CN(Cc2nc3ccccc3c(=O)[nH]2)C(=O)NC2CCCCC2)cc1
2503,Cc1cccc(NC(=S)NCc2ccco2)n1
10790,O=S(=O)(CCN1CCN(C(c2ccccc2)c2ccccc2)CC1)C(F)(F)F
12250,CC(=O)/C(C(=N)N1CCN(C(c2ccccc2)c2ccccc2)CC1)=C(\C)O
13560,CC(C)C[C@@H]1NC(=O)[C@H](CCC(N)=O)NC(=O)[C@H](CCCNC(=N)N)NC(=O)[C@@H]2CSCCC(=O)N3CN(CN(C3)C(=O)CCSC[C@H](NC(=O)[C@@H](N)CCCNC(=N)N)C(=O)N[C@@H](Cc3ccccc3)C(=O)N[C@@H](CCCNC(=N)N)C(=O)N[C@@H](CC(C)C)C(=O)N3CCC[C@H]3C(=O)N2)C(=O)CCSC[C@@H](C(=O)N[C@@H](CCCNC(=N)N)C(=O)O)NC(=O)[C@H](CCCNC(=N)N)NC1=O
6807,O=C(CSc1nnc2scc(-c3ccccc3)n12)N1CCN(Cc2ccccc2)CC1
4064,CCc1nnc(NC(=O)c2nc(S(=O)(=O)Cc3cccc(C)c3)ncc2Cl)s1
4065,CSc1nnc(NC(=O)c2nc(S(=O)(=O)Cc3ccc(C)cc3)ncc2Cl)s1
4066,Cc1nnc(NC(=O)c2nc(S(=O)(=O)Cc3ccccc3C)ncc2Cl)s1
4073,CC(C)c1nnc(NC(=O)c2nc(S(=O)(=O)Cc3ccc(F)cc3)ncc2Cl)s1
4075,CCSc1nnc(NC(=O)c2nc(S(=O)(=O)Cc3ccc(F)cc3)ncc2Cl)s1
4076,CCc1nnc(NC(=O)c2nc(S(=O)(=O)Cc3ccccc3)ncc2Cl)s1
4123,CSc1nnc(NC(=O)c2nc(S(=O)(=O)Cc3ccccc3F)ncc2Cl)s1
4124,CSc1nnc(NC(=O)c2nc(S(=O)(=O)Cc3cccc(C)c3)ncc2Cl)s1
4136,Cc1cccc(CS(=O)(=O)c2ncc(Cl)c(C(=O)Nc3nnc(C(C)C)s3)n2)c1
4137,Cc1nnc(NC(=O)c2nc(S(=O)(=O)Cc3ccccc3)ncc2Cl)s1
11293,CCCc1nnc(NC(=O)c2nc(S(=O)(=O)Cc3ccc(C)cc3)ncc2Cl)s1
10713,CN1C(=O)C(O)(c2sc(N)nc2-c2ccccc2)c2ccccc21
10445,COc1cc2c(=O)nc3n(c2cc1OC)C(c1ccccc1)N=C(N)N3
6479,C=CCN(C(=O)CNS(=O)(=O)c1ccccc1)C(C(=O)NCCOC)c1ccncc1
2537,O=c1[nH]c(-c2ccc3c(c2)OCO3)nc2c1sc(=S)n2-c1ccccc1
6502,Cc1cc(NC(=O)c2ccccc2)ncc1NC(=O)c1ccco1
9616,Cc1cc(NC(=O)c2cccc(F)c2)ncc1NC(=O)c1ccco1
82,CCN(CC)CCN=Cc1c(O)n(CCC2=CCCCC2)c(=O)[nH]c1=O
5152,CN(C)C1(CNC(=O)c2ccc(Cl)c(S(N)(=O)=O)c2)CCCCC1
4331,Cc1cc(Br)c(OCc2ccc(C(=O)N/N=C/c3ccc[nH]3)cc2)c(Br)c1
6063,COc1ccccc1NC(=O)N1CCCC1C(=O)NCc1ccccc1
8588,COc1ccccc1NC(=O)N1CCCC1C(=O)NCc1ccccc1F
3345,CC1CN(S(=O)(=O)c2ccc(C(=O)Nc3nc(-c4cc5ccccc5o4)cs3)cc2)CC(C)O1
2243,COC(=O)CCC(NC(=O)c1cc(-c2ccc3c(c2)OCCO3)oc1C)C(=O)OC
8592,CCOC(=O)CNC(=O)c1cc(-c2ccc3c(c2)OCCO3)oc1C
8785,Cc1oc(-c2ccc3c(c2)OCCO3)cc1C(=O)NC(CCC(=O)O)C(=O)O
14292,Cc1ccc(S(=O)(=O)N2CCC(C(=O)Nc3ccc4c(c3)OCO4)CC2)c(C)c1
8421,O=C(NC1CC2CCCC(C1)N2Cc1ccco1)NC12CC3CC(CC(C3)C1)C2
2573,COc1ccc(NC(=O)c2cc(-c3ccco3)nc3ccccc23)cc1S(=O)(=O)N1CCOCC1
14462,CNc1nc(C)nc(N[C@H]2CCC[C@@H](C(=O)NCc3ccc(C#N)cc3C(F)(F)F)C2)n1
1561,COc1ccc(-n2nc3c(c2NC(=O)c2cc(Br)ccc2Cl)CS(=O)C3)cc1
7821,Cc1cccc(OCC(=O)Nc2ccccc2N2CCN(C(=O)C(C)C)CC2)c1C
1060,N#CN1CC(OCc2ccc(-c3cccc(OCc4ccccc4)c3)cc2)C1
9063,c1ccc2ncc(-n3cnnn3)cc2c1
2977,O=C(Nc1cccc(-c2cnc3ccccc3n2)c1)c1cccc(NC(=O)c2ccco2)c1
4049,O=C(Nc1ccc(C(=O)N2CCOCC2)cc1)Nc1cccc(C(F)(F)F)c1
5434,COC(=O)c1cc2c(ccn2-c2ccc(F)cc2)n1C(C)C
6474,CCN=c1sc(C(=O)NCCc2ccccc2)cc(=O)n1CC
149,O=C(Oc1ccccc1)c1cccc(COC(=O)c2cnccn2)c1
11308,CCn1c(C)nc2cc(C(=O)NNS(=O)(=O)c3ccc(C)c(C)c3)ccc21
12922,Cc1onc(-c2ccccc2)c1C(=O)NCc1ccccn1
9382,CC1(C)CC(=O)C2=C(C1)OC(N)=C(C#N)C2CCc1ccccc1
1446,CC(C)C(=O)N(c1ccc(F)cc1)C1C=CS(=O)(=O)C1
4116,COc1ccc(-n2nc(C(=O)NCC(=O)NCCCN3CCOCC3)c3ccccc3c2=O)cc1
15228,Oc1ccc([C@H]2c3c(O)cc(O)cc3C3c4c(cc(O)cc4[C@@H]2[C@H]2c4cc(O)cc5c4C(c4cc(O)cc(O)c4[C@@H]2c2ccc(O)cc2)[C@@H](c2ccc(O)cc2)O5)O[C@@H]3c2ccc(O)cc2)cc1
8114,O=c1[nH]c2cc3c(cc2cc1C(c1nnnn1CC1CCCO1)N1CCCCCC1)OCO3
10034,Cc1ccc2[nH]c(=O)c(CN(Cc3cccnc3)C(=O)c3ccncc3)cc2c1
4487,O=C(NC1CCCCC1)C(c1ccccn1)N(C(=O)Cc1cccs1)c1ccc(Cl)cc1
337,Cc1cc(C)n(-c2nc3ccccc3nc2N2CCCC2)n1
5381,O=C(Nc1ccc(F)cc1F)N1CCN(C/C=C/c2ccccc2)CC1
1833,CCS(=O)(=O)NCC(c1ccco1)N1CCN(c2ccccc2)CC1
12460,COc1ccccc1N1CCN(Cc2ccc(Br)o2)CC1
3232,CC1CCCN(S(=O)(=O)c2ccc(C(=O)Nc3ccccc3-c3nc4ccccc4[nH]3)cc2)C1
2870,Cc1nc(Nc2nc3c(c(=O)[nH]2)CCC3)nc2ccccc12
2790,O=C(CSc1c2c(nc3ccc(Cl)cc13)CCCC2)N1CCN(C(=O)c2ccco2)CC1
2769,Cc1[nH]nc2c1-c1nc3ccccc3nc1C(C)(C)C2
5865,O=C(Cn1nnc(-c2cccs2)n1)OC1CCCCC1
3308,Cc1ccc(C)c(NC(=O)C(Sc2nc3ccccc3c(=O)n2CC(C)C)c2ccccc2)c1
2787,CCOC(=O)c1cccc2c1-c1ccccc1/C2=N/O
3996,ON=C1c2ccccc2-c2ccccc21
2999,Cn1c(Oc2ccc(Cl)cc2)c(C=O)c2ccccc21
10063,CC1=C(C(=O)NCc2ccccc2)C(c2cccs2)n2ncnc2N1
7879,CCC(=O)N1CN(S(=O)(=O)c2ccc(C)cc2)CC1C
10595,CCCn1c(N)c(C(=O)COC(=O)c2c(C)noc2C)c(=O)n(C)c1=O
10738,Cc1noc(C)c1C(=O)OCC(=O)c1c(N)n(CC(C)C)c(=O)n(C)c1=O
12198,CSCCC(C(=O)OCC(=O)c1ccc(C)c(C)c1)N1C(=O)c2cc(Cl)c(Cl)cc2C1=O
13912,Cc1c(S(=O)(=O)c2ccc(Cl)cc2)c(=O)on1C(=O)N1CCCCC1
8547,COc1ccc(S(=O)(=O)N2Cc3ccccc3CC2C(=O)N2CCOCC2)cc1OC
12763,O=C(NCCc1ccccc1F)C1CCCN1S(=O)(=O)c1ccc2ccccc2c1
10564,Cc1cc(C)c(-c2cc(C(=O)Nc3c(C)n(C)n(-c4ccccc4)c3=O)[nH]n2)c(O)c1
5211,CCOc1ccccc1NC(=O)COC(=O)C1CC(=O)N(c2c(C)cccc2C)C1
10662,C=CCn1c(SCC(=O)NC2CCS(=O)(=O)C2)nc2scc(C3CC3)c2c1=O
6867,CCCCC(=O)Nc1ccc(NC(=O)C2CC2)nc1
2586,C=CCOc1ccc(/C=C2\SC(=S)N(N3CCOCC3)C2=O)cc1
7502,CCC(C)(C)NC(=O)CN(C(=O)CCC(=O)Nc1cc(C)ccn1)c1ccc2c(c1)OCO2
9749,CC(C)CCNC(=O)CN(C(=O)CCC(=O)Nc1ccccn1)c1ccc2c(c1)OCO2
2374,CCN1C(=O)/C(=C/C=C2/Sc3ccc4ccccc4c3N2CCO)SC1=S
14200,O=C(Nc1cccc(Nc2ccc3c(c2)CCc2ccccc2C3=O)c1)c1ccoc1
14345,O=C(Nc1cc(Nc2ccc3c(c2)CCc2ccccc2C3=O)ccc1F)c1ccoc1
13325,COc1ccc2cc(C(=O)NCc3ccn[nH]3)cnc2c1
13534,COc1ccc2cc(C(=O)NCc3ccnn3C)cnc2c1
14443,COc1ccc(C2=NN(Cc3ccccc3CN3CCOCC3)C(=O)[C@@H]3CCCC[C@H]23)cc1OC
11320,COc1ccc(NS(=O)(=O)c2cc(-c3c(C)noc3C)ccc2OC)cc1
11602,COc1ccc(NS(=O)(=O)c2cc(-c3c(C)noc3C)ccc2C)cc1
11625,COc1ccccc1NS(=O)(=O)c1cc(-c2c(C)noc2C)ccc1OC
11679,COc1ccc(-c2c(C)noc2C)cc1S(=O)(=O)Nc1ccccc1Cl
11690,COc1cccc(NS(=O)(=O)c2cc(-c3c(C)noc3C)ccc2OC)c1
11743,Cc1ccc(-c2c(C)noc2C)cc1S(=O)(=O)Nc1ccc(Cl)cc1
11944,COc1ccc(-c2c(C)noc2C)cc1S(=O)(=O)Nc1ccccc1
11964,COc1ccccc1NS(=O)(=O)c1cc(-c2c(C)noc2C)ccc1C
11982,Cc1ccc(-c2c(C)noc2C)cc1S(=O)(=O)Nc1ccccc1Cl
12000,COc1cccc(NS(=O)(=O)c2cc(-c3c(C)noc3C)ccc2C)c1
12001,Cc1ccc(-c2c(C)noc2C)cc1S(=O)(=O)Nc1cccc(Cl)c1
12983,Cc1ccc(-c2c(C)noc2C)cc1S(=O)(=O)Nc1ccccc1
8386,Cc1cc(C)cc(NC(=O)CSc2nnc(-c3ccc(S(=O)(=O)N4CCCC4)cc3)o2)c1
8889,Cc1cccc(NC(=O)CSc2nnc(-c3ccc(S(=O)(=O)N4CCCC4)cc3)o2)c1
8980,CC(=O)c1cccc(NC(=O)CSc2nnc(-c3ccc(S(=O)(=O)N4CCCC4)cc3)o2)c1
3189,N#C/C(=C/c1cn(-c2ccccc2)nc1-c1cccc(S(=O)(=O)N2CCOCC2)c1)C(=O)NCc1ccco1
249,CCCn1c(=O)c(C(=O)NCc2ccccn2)c(O)c2ccccc21
3021,COc1ccc(Cn2c(SCc3ccc(C)cc3)nc3cc(OC)c(OC)cc3c2=N)cc1Cl
12338,Cc1ncc(S(=O)(=O)c2ccccc2)c(-c2ccccc2Cl)n1
12640,COc1ccc(CCNC(=O)Cn2c(-c3nonc3N)nc3ccccc32)cc1OC
2445,N/C(Cc1cccc2ccccc12)=N\OC(=O)c1ccc(Br)o1
8261,CON(C)c1nc(OCCNC(=O)OCc2ccc(Cl)cc2Cl)nc(N(C)C)n1
6239,O=C(c1ccc2nccnc2c1)N1CCN(Cc2ccc3c(c2)OCO3)CC1
5731,Cc1cc(C(=O)CSc2nnc(C3CC3)n2C2CC2)c(C)n1C(C)C
10225,Fc1ccc(-c2nnc3sc(C4COc5ccccc5O4)nn23)cc1
1347,O=C(CN(C(=O)CCC(=O)Nc1ccccn1)c1ccc2c(c1)OCO2)NCc1ccco1
11478,O=C(Cn1cnc(-c2ccccc2)c1-c1ccccc1)N1CCCCC1
11531,COc1ccc(-c2ncn(CC(=O)N3CCCCC3)c2-c2ccc(OC)cc2)cc1
6920,CN1CCN(C(=O)Cc2nc3ccccc3[nH]2)CC1
2274,COc1ccc(Br)cc1/C=c1\sc2nc(-c3ccco3)nn2c1=O
10401,O=C1c2ccccc2C(=O)N1Cc1nc2ccccc2c(=O)n1CCCN1CCOCC1
2033,COc1ccc(C(CN(C)N)OCc2ccccc2)cc1
13714,COc1ccc2cc(C(=O)Nc3ccn(C)n3)cnc2c1
13729,COc1ccc2cc(C(=O)Nc3cc(C)[nH]n3)cnc2c1
497,CCOC(=O)c1sc2ccccc2c1OC(=O)c1ccccc1OC
8353,NS(=O)(=O)c1ccc(NC(=O)CSc2ccccn2)cc1
10340,COC(=O)c1ccccc1NC(=O)CSc1ccccn1
12480,CCOC(=O)c1cccnc1SCC(=O)N(CC)c1cccc(C)c1
12487,Cc1ccccc1NC(=O)CSc1nc(N)c(C#N)cc1C#N
14110,Cc1c(-c2ccccc2)c(=O)on1C(=O)N1CCCCC1
13504,Cc1c(C(C)C)c(=O)on1C(=O)N(C)CCc1ccccc1
6890,O=C(c1cccs1)c1coc2ccc(O)c(CN3CCOCC3)c12
9257,Cc1onc(-c2ccccc2Cl)c1C(=O)Nc1cccc2nsnc12
1430,COc1ccccc1CC1(C)NC(=O)N(CC(=O)N2CC(C)OC(C)C2)C1=O
8784,OCC1(CO)COC(c2cccnc2)N1
12582,CCCN(CC1CC1)C(=O)Nc1ccccc1C
1566,COc1ccc(N(CC(=O)Nc2ccc3c(c2)OCO3)S(C)(=O)=O)c(OC)c1
7548,CC1(C)CC(=O)C(C=NCCN2CCN(C(=O)Cc3ccc(Cl)cc3)CC2)=C(O)C1
10025,Cc1ccc(C)c(S(=O)(=O)C(C#N)c2nc3ccccc3nc2N2CCCC2)c1
9869,O=C1CC(N2CCOCC2)C(=O)N1CCc1ccccc1
10194,Clc1ccc(OCc2nnc(SCc3nc4ccccc4[nH]3)n2Cc2ccco2)cc1
9615,c1ccc(Cn2nnc3c(N4CCN(Cc5ccc6c(c5)OCO6)CC4)ncnc32)cc1
14771,CC(C)=CCC[C@@]1(C)C=Cc2c(ccc(C(=O)CCc3ccc(O)c(O)c3)c2O)O1
6461,Cc1sc(NC(=O)CSc2nnc(-c3ccccc3)o2)c(C#N)c1C
12331,CCOC(=O)c1c(NC(=O)CSc2nnc(-c3ccccc3)o2)sc(C(C)=O)c1C
2140,O=C(Nc1nc2ccccc2n1Cc1ccccc1)c1ccc(COc2ccccc2[N+](=O)[O-])o1
10024,N#Cc1cc2c(nc1SCC(=O)Nc1ccc(Cl)cc1)C1CCN2CC1
11541,C=C1CC2C=C(NC(C)=O)CC(C1)C2
13058,Cc1ccc(-c2c(C)noc2C)cc1S(=O)(=O)N1CCCCC1
14619,C=C1C(=O)O[C@@H]2C[C@]3(C)C(C[C@H]12)C(=C)[C@H](OC(=O)C(C)C)C[C@@H]3O
14620,C=C1C(=O)O[C@@H]2C[C@]3(C)C(C[C@H]12)C(=C)[C@H](OC(=O)C=C(C)C)C[C@@H]3O
14638,C=C1C2C[C@@H]3C(=C)C(=O)O[C@@H]3C[C@@]2(C)[C@@H](O)C[C@H]1O
10725,Cc1ccc2c(Cl)cc(Cl)c(OCC(=O)NC(=O)NCc3ccco3)c2n1
6291,COc1ccc(CCn2nnnc2C(CC(C)C)N2CCC(C(N)=O)CC2)cc1OC
9466,COc1ccc(-c2nnn(CC(=O)N(CC(=O)NC3CCCC3)Cc3cccs3)n2)cc1OC
9943,COc1ccc(-c2nnn(CC(=O)N(Cc3cccs3)C(C)C(=O)NC3CCCC3)n2)cc1OC
12736,CC(C)(C)C1(c2ccccc2)NC(=O)N(CC(=O)N2CCOCC2)C1=O
3797,CC(C)C[C@H](CO)Nc1nc(Nc2cccc(Cl)c2)c2ncn(C(C)C)c2n1
8214,COc1ccc(NC(=O)N2CCN(c3nc(-c4cccc(OC)c4)cs3)CC2)cc1
11276,NC1=NC[C@H](CC2CCCCC2)N1CCc1cc(C(F)(F)F)cc(C(F)(F)F)c1
11350,NC1=NC[C@@H](CC2CCCCC2)N1CCc1cc(C(F)(F)F)cc(C(F)(F)F)c1
7785,CCOC(=O)Nc1nnc(CCc2ccccc2)s1
3585,NC(=O)c1nc(-c2cccs2)nc2c1[nH]c(=O)n2-c1ccc(F)cc1
10126,CC1Cc2ccccc2N1C(=O)CSc1nc2ccccc2o1
3266,O=C(N/N=C/c1cccc(F)c1)c1c(O)c2ccccc2[nH]c1=O
9205,CCc1c(C)nc2ncnn2c1N1CCC(C(=O)NCc2ccc3c(c2)OCO3)CC1
13345,CCCCCCC(Sc1nc(Cl)cc(Nc2nc(-c3ccc(-c4ccccc4)cc3)cs2)n1)C(=O)O
1599,CC(C)=C1SC(N2CCN(c3ccc(C)cc3)CC2)=NC1=O
503,CCn1cc(S(=O)(=O)Nc2ccc3c(c2)OCCO3)cn1
547,CCOC(=O)C1CCN(c2ccc(-c3cccs3)nn2)CC1
5380,Cc1nn(-c2cc(N3CCOCC3)ccc2N)c(=O)c2ccccc12
11209,Cc1nnn(C2CCNCC2)c1-c1cccc(Oc2cc(CO)cc(CO)c2)n1
11237,Cc1cccc(C)c1Oc1cccc(-c2c(C)nnn2C2CCNCC2)n1
11300,Cc1nnn(C2CCNCC2)c1-c1cccc(Oc2cc(C(F)(F)F)cc(C(F)(F)F)c2)n1
11333,CCCCc1cc(CCCC)cc(Oc2cccc(-c3c(C)nnn3C3CCNCC3)n2)c1
11600,Cc1ccc(C(C)C)cc1Oc1cccc(-c2c(C)nnn2C2CCNCC2)n1
11804,Cc1cc(Oc2cccc(-c3c(C)nnn3C3CCNCC3)n2)cc(C(C)C)c1
11806,Cc1cc(CC(C)C)cc(Oc2cccc(-c3c(C)nnn3C3CCNCC3)n2)c1
11861,Cc1cc(C)cc(Oc2cccc(-c3c(C)nnn3C3CCNCC3)n2)c1
11897,CCCc1cc(CCC)cc(Oc2cccc(-c3c(C)nnn3C3CCNCC3)n2)c1
11916,CCCCc1cc(C)cc(Oc2cccc(-c3c(C)nnn3C3CCNCC3)n2)c1
11917,Cc1nnn(C2CCNCC2)c1-c1cccc(Oc2cc(Cl)cc(Cl)c2)n1
12773,CCc1cc(C)cc(Oc2cccc(-c3c(C)nnn3C3CCNCC3)n2)c1
12783,CCc1cc(CC)cc(Oc2cccc(-c3c(C)nnn3C3CCNCC3)n2)c1
13004,Cc1nnn(C2CCNCC2)c1-c1cccc(Oc2cc(Br)cc(Br)c2)n1
13073,Cc1nnn(C2CCNCC2)c1-c1cccc(Oc2cc(Br)ccc2Br)n1
13569,Cc1cc(C)cc(Oc2cccc(-c3c(C)nnn3C3CCN(CCN(C)C)CC3)n2)c1
6664,COc1ccc(S(=O)(=O)N2CCCC2C(=O)Nn2cnnc2)cc1
3945,C[C@H]1O[C@@H](OC2CC[C@]3(C=O)[C@H]4CC[C@]5(C)[C@@H](C6=CC(=O)OC6)CC[C@]5(O)[C@@H]4CC[C@]3(O)C2)CC2OC(C)(C)OC21
12762,CCOC(=O)N1CCC(NC(=O)CCc2cn(C)c3ccccc23)CC1
10050,Cc1cnc(Nc2nc3ccccc3o2)nc1C(=O)Nc1cccc(C(F)(F)F)c1
6438,N#CC1=C(N)OC2=C(C(=O)CCC2)C1c1ccncc1
8631,Cc1ccc(NCc2nnc(SCC(=O)NCCc3ccccc3)n2C)cc1
12644,CCC/C(=N\NC(=O)c1csc(C)c1C)c1cccs1
10328,Cn1c(CCNC(=O)c2ccco2)nc2cc(NC(=O)c3ccco3)ccc21
3226,C=C(CCC(=O)c1ccccc1)C(=O)c1ccccc1
2481,CCCCn1c(O)c(/C=C/C=C/C=Nc2ccccc2)sc1=S
9111,O=C(Nc1ccc2c3c(cccc13)CC2)c1ccco1
6460,COc1ccccc1N1CCN(C(=O)CSc2nnc3n2C(C)(C)Cc2ccccc2-3)CC1
8971,COc1ccc(N2CCN(C(=O)CSc3nnc4n3C(C)(C)Cc3ccccc3-4)CC2)cc1
2360,Cc1ccc2c(c1)=C/C(=C\c1c(O)[nH]c(=S)[nH]c1=O)C(=O)N=2
172,C=CCNc1nc(N)c(C(=O)Nc2cc(C)on2)s1
6034,Cc1cc(C)n2nc(C(=O)N3CCOCC3)nc2n1
13162,NS(=O)(=O)c1ccc(-n2nc(NC(=O)NC34CC5CC(CC(C5)C3)C4)cc2-c2ccccc2)cc1
15169,O=C(OC[C@H]1O[C@@H](OC(=O)c2cc(O)c(O)c(O)c2)[C@H](O)[C@@H](OC(=O)c2cc(O)c(O)c(O)c2)[C@@H]1O)c1cc(O)c(O)c(O)c1
12042,O=C(Nc1ccccc1)O/N=C/c1ccncc1
194,O=C(Nc1ccc2c(c1)OCO2)c1cccc(F)c1
9361,CC(C)C(=O)Nc1cccc(C(=O)Nc2ccc3c(c2)OCO3)c1
11364,CCCc1cc2c(cc1NC(=O)c1ccccc1Cl)OCO2
2199,O=C(NC(=S)Nc1nc2ccc(F)cc2s1)c1ccco1
4758,O=C1NC(=O)N(Cc2ccccc2)C(=O)/C1=C\C=C\c1ccco1
4948,O=C1NC(=O)N(Cc2ccccc2)C(=O)/C1=C/C=C/c1ccco1
14740,CC(=O)O[C@]12CO[C@H](c3ccc4c(c3)OCO4)[C@H]1CO[C@@H]2c1ccc2c(c1)OCO2
2488,O=C(N/N=C/c1coc2ccccc2c1=O)c1cc(O)cc(O)c1
4159,COc1cc(C(=O)N/N=C/c2coc3ccc(Cl)cc3c2=O)ccc1O
4160,O=C(N/N=C/c1coc2ccc(Cl)cc2c1=O)c1ccc(O)cc1
4161,Cc1ccc2occ(/C=N/NC(=O)c3ccc(O)cc3)c(=O)c2c1
4164,Cc1ccc2occ(/C=N/NC(=O)c3ccccc3C)c(=O)c2c1
4170,CCOc1ccccc1C(=O)N/N=C/c1coc2ccc(C)cc2c1=O
4175,Cc1ccc2occ(/C=N/NC(=O)c3ccccc3Br)c(=O)c2c1
7425,CC(C)C(c1nnnn1C1CCCCC1)N1CCOCC1
6422,Cc1cc(C)nc(N2CCN(c3nnnn3-c3ccccc3)CC2)n1
7423,O=c1[nH]c(CSc2nnc(-c3ccncc3)n2Cc2ccco2)nc2ccccc12
8275,O=C(Nc1ccc(NC(=O)C2CC2)nc1)c1cccs1
10881,CCN(CC(=O)NCc1ccc(F)cc1)Cc1nc2ccccc2c(=O)[nH]1
10460,CCOC(=O)Cn1c(CN(Cc2ccccc2)Cc2ccccc2)nc2c1c(=O)n(C)c(=O)n2C
5569,CCCc1cc(=O)oc2cc(OCC(=O)NCC(O)c3ccccc3)ccc12
7861,Cc1ccc(CSc2nnnn2C)cc1
3902,CC(=O)Nc1ccc(Nc2nc(-c3sc(NC(C)=O)nc3C)cs2)cc1
6238,CCC(=O)Nc1ccc2nc(C)n(CC(=O)Nc3ccccc3)c(=O)c2c1
2621,CCNC(=S)NC(=NCc1cccnc1)Nc1nc(C)cc(C)n1
5882,O=C(CSc1nnnn1C1CCCCC1)NCCc1ccccc1
2349,O=C(N/N=C/c1ccc(F)cc1)c1cc(-c2ccco2)nc2ccccc12
2350,O=C(N/N=C/c1cccc(F)c1)c1cc(-c2ccco2)nc2ccccc12
9128,O=C(CSc1nnc(-c2ccncc2)n1C1CCCCC1)Nc1cccc(O)c1
11687,COc1cccc(-c2ccc(NC3CCC(O)CC3)c(C(N)=O)c2)c1
11873,NC(=O)c1cc(-c2ccccc2)ccc1NC1CCC(O)CC1
11879,NC(=O)c1cc(-c2ccccc2Cl)ccc1NC1CCC(O)CC1
11971,CCc1ccccc1-c1ccc(NC2CCC(O)CC2)c(C(N)=O)c1
11975,NC(=O)c1cc(-c2cccc(Cl)c2)ccc1NC1CCC(O)CC1
12019,Cc1ccccc1-c1ccc(NC2CCC(O)CC2)c(C(N)=O)c1
13075,CC(C)(C)c1ccc(-c2ccc(NC3CCC(O)CC3)c(C(N)=O)c2)cc1
13090,Cc1ccc(-c2ccc(NC3CCC(O)CC3)c(C(N)=O)c2)cc1C
13142,NC(=O)c1cc(-c2ccc(Cl)c(Cl)c2)ccc1NC1CCC(O)CC1
13202,COc1ccc(-c2ccc(NC3CCC(O)CC3)c(C(N)=O)c2)cc1
13205,CCOc1ccc(-c2ccc(NC3CCC(O)CC3)c(C(N)=O)c2)cc1
13228,Cc1cccc(-c2ccc(NC3CCC(O)CC3)c(C(N)=O)c2)c1C
13288,CC(C)c1ccc(-c2ccc(NC3CCCCC3)c(C(N)=O)c2)cc1
13307,Cc1ccc(-c2ccc(NC3CCC(O)CC3)c(C(N)=O)c2)cc1
13337,NC(=O)c1cc(-c2cccc(Cl)c2Cl)ccc1NC1CCC(O)CC1
13516,NC(=O)c1cc(-c2ccc(Cl)cc2)ccc1NC1CCC(O)CC1
13567,NC(=O)c1cc(-c2c(Cl)cccc2Cl)ccc1NC1CCC(O)CC1
13813,CCCc1ccc(-c2ccc(NC3CCC(O)CC3)c(C(N)=O)c2)cc1
14017,CC(C)c1ccc(-c2ccc(NC3CCC(O)CC3)c(C(N)=O)c2)cc1
14243,CCc1ccc(-c2ccc(NC3CCC(O)CC3)c(C(N)=O)c2)cc1
2175,CCOC(=O)/C=c1\s/c(=C\c2ccccc2C)c(=O)n1CC(=O)NCc1ccc2c(c1)OCO2
11376,O=C(Nc1ccc(C(=O)NCCCN2CCN(c3ccc(F)cc3)CC2)cc1)C1=CSCCO1
6859,CCOC(=O)C1=C(C)NC(=O)NC1c1cc2c(cc1Br)OCO2
9193,CCOC(=O)C1=C(C)N(C)C(=O)NC1c1cc2c(cc1Br)OCO2
9898,Cc1ccc(NC(=O)COS(=O)c2ccc(C)cc2)cc1
9040,c1ccc(Cn2nnnc2C(c2ccncc2)N2CCOCC2)cc1
6257,Cc1ccc(Cn2c(N3CCCCCC3)nc3c2c(=O)[nH]c(=O)n3C)cc1
14336,NC(=O)c1cn(-c2ccc3c(c2)CCC3)c2nc(Nc3cccc(C(=O)N4CCCCC4)c3)ncc2c1=O
2593,COc1ccc(NC(=O)c2cc3ccc4c5ccccc5[nH]c4c3cc2O)cc1
8224,Cc1ccc(NC(=O)CS(=O)CC(=O)Nc2ccc3c(c2)OCO3)cc1Cl
12234,S=C(NCCC1=CCCCC1)Nc1ccccc1
4703,Cc1ccc(C2C(C#N)=C(N)Oc3n[nH]c(-c4cccnc4)c32)o1
1587,CN(c1ccc(C(=O)NCC2CCCO2)cc1)S(C)(=O)=O
3841,COc1ccc(CCNC(=O)c2cccc([N+](=O)[O-])c2)cc1OC
7441,Cc1ccccc1-c1n[nH]c(=S)o1
12572,S=c1[nH]nc(-c2ccccc2)o1
10899,CCC1=NP(N2CCOCC2)(N2CCOCC2)=NC(N2CCOCC2)=C1C
2495,CN(CCOC(=O)/C=C/c1ccco1)Cc1ccccc1
14080,CCNNC(=O)c1ccc(Cn2nnnc2-c2cccs2)cc1
5559,CC12CCC(=O)N1C(C(=O)Nc1ccccc1N1CCOCC1)CS2
9708,COCCn1nnnc1C(c1cc2ccc(C)cc2[nH]c1=O)N(Cc1ccco1)Cc1cccs1
9510,O=C(CN1C(=O)CSC1=O)Nc1ccc(N2CCOCC2)cc1
3278,Cc1ccc(NC(=S)N/N=C/c2c(Cl)cccc2Cl)c(C)c1
11832,C[C@H]1[C@H](NC(=O)OCCCCC2CCCCC2)C(=O)N1OC1CCCCC1
14435,Cc1ccc(-n2nc(C(C)(C)C)cc2NC(=O)N[C@H]2CC[C@@H](Oc3ccc4nnc(N5CCOCC5)n4c3)c3ccccc32)cc1
11366,CN1CCN(c2cc(-c3cc(O)c4ncccc4c3)ccn2)CC1
1703,Cc1nc2c(sc3nc4c(cc32)COC(C)(C)C4)c(=O)o1
4299,C[C@]12CC[C@H](O)C[C@H]1CC[C@@H]1[C@@H]2CC[C@]2(C)[C@@H](C3=CC(=O)OC3)CC[C@]12O
4301,C[C@]12CC[C@H]3[C@@H](CC[C@]4(O)C[C@@H](O)CC[C@]34C=O)[C@@]1(O)CC[C@@H]2C1=CC(=O)OC1
4224,O=C(/C=C/c1cccc([N+](=O)[O-])c1)c1ccc([N+](=O)[O-])o1
4225,Cc1cccc(/C=C/C(=O)c2ccc([N+](=O)[O-])o2)c1
4226,COc1ccc(/C=C/C(=O)c2ccc([N+](=O)[O-])o2)cc1
4227,COc1cc(/C=C/C(=O)c2ccc([N+](=O)[O-])o2)ccc1O
4228,O=C(/C=C/c1ccc(Cl)cc1)c1ccc([N+](=O)[O-])o1
4435,Cc1ccc(C(=O)/C=C/c2ccccc2)o1
4629,Nc1ccc(/C=C/C(=O)c2ccco2)cc1
4877,O=C(/C=C/c1cc(Br)ccc1O)c1ccco1
5036,O=C(/C=C/c1cccc([N+](=O)[O-])c1)c1ccco1
3401,C=CCN1C(=O)/C(=C/c2ccc(OC(C)=O)c(OCC)c2[N+](=O)[O-])SC1=S
4464,COc1ccc(/C=C2/SC(=S)N(CCC(=O)O)C2=O)cc1
11290,C/C(=C1/SC(=S)N(CCC(=O)O)C1=O)c1ccc(O)cc1
12899,CC(=O)NN1C(=O)/C(=C\c2ccccc2)SC1=S
5517,O=c1cc(C(F)(F)F)nc(-n2[nH]c3c(c2=O)CCCC3)[nH]1
14833,CC1(C)OC[C@@H]([C@H]2CC[C@@]3(C)[C@@H]4CC[C@H]5C(C)(C)C(=O)CC[C@@]56C[C@@]46CC[C@]23C)C[C@@H](O)[C@@H]1O
2338,COc1ccc(-c2nnc(SCC(=O)NC(=O)NCc3ccccc3)o2)cc1
2169,Fc1ccccc1-c1ccc(/C=N/Nc2nc3ccccc3[nH]2)o1
11007,Cn1cnnc1SCC(=O)Nc1ccccc1C(=O)NC1CCCC1
14507,CC(C)c1nnc2ccc(O[C@@H]3CC[C@H](NC(=O)Nc4cc(C(C)(C)C)nn4C)c4ccccc43)cn12
7818,O=C(C1=C(O)C(=O)N(CCc2ccccc2)C1c1cccnc1)c1ccco1
7599,O=C(c1ccc(F)cc1)C1CCN(C(=O)c2ccncc2)CC1
1889,CN(C)CCNC(=O)/C(=C/c1ccc(-c2ccc(Cl)cc2)o1)NC(=O)c1ccccc1
2185,CN(C)CCCNC(=O)/C(=C\c1ccc(-c2ccc(Br)cc2)o1)NC(=O)c1ccccc1
5006,Cc1ccc(C(=O)N/C(=C/c2ccc(-c3ccc([N+](=O)[O-])cc3)o2)C(=O)NCCCN(C)C)cc1
7061,O=C(Nc1ccccc1N1CCCCC1)c1ncoc1-c1ccc(F)cc1
9842,CCOC(=O)CSc1nc2cc3c(cc2cc1C#N)OCO3
9230,NC(=O)CSc1nnc(-c2ccoc2)o1
7205,COCCOC(=O)C1=C(C)NC2=C(C(=O)CC(C)(C)C2)C1c1cccnc1
439,COc1ccc(C2=NN(CCCCOc3ccc(C4=NNC(=O)C4(C)C)cc3F)C(=O)CC2C)c2cc(C(F)(F)F)nn12
443,COc1ccc(C2=NN(CCCCOc3ccc(C4=NNC(=O)C4(C)C)cc3)C(=O)CC2C)c2cc(C(F)(F)F)nn12
448,COc1ccc(C2=NN(CCCCOc3ccc(C4=NNC(=O)C4(C)C)c(F)c3F)C(=O)CC2C)c2cc(C(F)(F)F)nn12
452,COc1ccc(C2=NN(CCCCOc3ccc(C4=NNC(=O)C4(C)C)c(F)c3)C(=O)CC2C)c2cc(C(F)(F)F)nn12
10989,CCN(CC(=O)NCc1cccs1)c1nnnn1-c1ccccc1
5732,Nn1c(SCC(=O)Nc2ccc(N3CCOCC3)cc2)nnc1-c1cccc(F)c1
12664,O=C(CCN1CCCCCC1)Nc1ccc(F)c(F)c1
9396,CCC(c1nnnn1Cc1ccco1)N(CCN1CCOCC1)Cc1cc2cc(C)ccc2[nH]c1=O
103,O=C(Nc1ccc(-c2cn3ccsc3n2)cc1)C1CCCC1
14210,COc1ccc2cc(C(=O)NC3CC4(C3)CC(C(C)(C)O)C4)cnc2c1
6883,Cc1ccn2cc(C(=O)Nc3ccc4c(c3)OCCO4)nc2c1
1314,N#Cc1c(C2CCCNC2)cc(-c2c(O)cccc2OCC2CC2)nc1N
5444,COC(=O)c1sc2nc(N3CCCCC3)c3c(c2c1N)CCCC3
2525,COC(=O)c1cc(NC(=O)c2ccccc2)c(=O)oc1/C=C/Nc1ccc(Oc2ccccc2)cc1
12514,Cc1nc(SCCCSc2n[nH]c(C)n2)n[nH]1
6169,Cc1ccn2c(NC3CCCCC3)c(C)nc2c1
1879,CC(C)(C)C1=CC(=O)C(=O)C(C(C)(C)C)=C1
11996,COC1=CC(=O)C(=O)C(CCCCCCCCCCCO)=C1OC
13427,COC1=CC(=O)C(=O)C(CCCCCCCCO)=C1OC
12226,Cc1sc2nc(SCC(=O)NCc3ccco3)n(Cc3ccccc3)c(=O)c2c1C
1940,O=C(N/N=C1/CCS(=O)(=O)c2ccc(F)cc21)c1ccccn1
5804,OC1(c2ccccc2)CC(c2ccccc2)c2ccccc2O1
2324,O=C1C=C(c2ccc(Cl)cc2)C(=O)N1Nc1ccccc1
2325,O=C1C=C(c2ccccc2)C(=O)N1Nc1ccccc1
2327,Cc1ccc(NN2C(=O)C=C(c3ccc(Cl)cc3)C2=O)cc1
9151,c1ccc(CN(Cc2ccco2)C(c2ccncc2)c2nnnn2C2CCCC2)cc1
6632,Cc1cccc(C)c1NC(=O)CS(=O)CC(=O)NC1CCN(Cc2ccccc2)CC1
4368,Cc1[nH]nc2ccc(-c3cncc(OC[C@@H](N)Cc4c[nH]c5ccccc45)c3)cc12
7958,O=C(Nc1ccccc1)OC1C2CCC1C(N1CCCCC1)CC2
1840,O=S(=O)(/N=C(/Nc1ccccc1)c1ccccc1)c1cccs1
9600,CCCCn1nnnc1SCC(=O)Nc1sc2c(c1C#N)CCCC2
10038,COC(=O)Cc1c(C)c2c(OCc3nn[nH]n3)cc(C)cc2oc1=O
14723,CC(=O)O[C@@H]1[C@@H](OC(C)=O)[C@H](O[C@H]2CC[C@]34C[C@]35CC[C@]3(C)[C@@H]([C@H](C)CC[C@H](O)C(C)(C)O)[C@@H](O)C[C@@]3(C)[C@@H]5C[C@H](O[C@@H]3O[C@H](CO)[C@@H](O)[C@H](O)[C@H]3O)[C@H]4C2(C)C)OC[C@H]1O
14735,CC(=O)O[C@H]1[C@H](O[C@H]2CC[C@]34C[C@]35CC[C@]3(C)[C@@H]([C@H](C)CC[C@H](O)C(C)(C)O)CC[C@@]3(C)[C@@H]5C[C@H](O[C@@H]3O[C@H](CO)[C@@H](O)[C@H](O)[C@H]3O)[C@H]4C2(C)C)OC[C@@H](O)[C@@H]1O
14736,CC(=O)O[C@H]1[C@H](O[C@H]2CC[C@]34C[C@]35CC[C@]3(C)[C@@H]([C@H](C)CC[C@H](O)C(C)(C)O)[C@@H](O)C[C@@]3(C)[C@@H]5C[C@H](O[C@@H]3O[C@H](CO)[C@@H](O)[C@H](O)[C@H]3O)[C@H]4C2(C)C)OC[C@@H](O)[C@@H]1O
6207,COc1ccc(C(=O)N2CCC(n3c(C)nc4cc(F)ccc43)CC2)cc1OC
6560,COc1cc(OC)cc(C(=O)N2CCC(n3c(C)nc4cc(F)ccc43)CC2)c1
1715,CCCC(CCC)C(=O)NNc1cc(=O)c2c(=O)n(C)c(=O)n(C)c2[nH]1
9144,CC(OCc1ccccc1)C(NC(=O)OC(C)(C)C)C(=O)NCC1CCCO1
6969,CCOc1ccc(S(=O)(=O)n2cnc3cc(C)c(C)cc32)cc1
11547,O=[N+]([O-])c1ccc(Cl)c(S(=O)(=O)n2cnc3ccccc32)c1
12062,COc1ccc(OC)c(S(=O)(=O)n2cnc3cc(C)c(C)cc32)c1
1663,Cc1ccc(NC(=O)COc2ccc(-n3ccnc3)cc2)cc1Cl
10979,N#Cc1cccc(NC(=O)COc2ccc(-n3ccnc3)cc2)c1
11494,O=C(c1ccc(S(=O)(=O)N2CCCC2)cc1)N1CCC(CN2C(=O)c3cccc4cccc(c34)C2=O)CC1
8552,C/C(Cl)=C/Cn1c(N2CCCC2)nc2c1c(=O)n(C)c(=O)n2C
1654,CC1=NN(C(C)C)C(=O)C1
11426,CC(=O)Nc1cc(-c2c(-c3ccc(F)cc3)nc(SCc3ccc(S(C)=O)cc3)n2CCOCCO)ccn1
11427,CC(=O)Nc1cc(-c2c(-c3ccc(F)cc3)nc(SCc3ccc(S(C)=O)cc3)n2CC(C)O)ccn1
11428,CC(=O)NCCn1c(SCc2ccc(S(C)=O)cc2)nc(-c2ccc(F)cc2)c1-c1ccnc(NC(C)=O)c1
11431,C=CCOCCn1c(SCc2ccc(S(C)=O)cc2)nc(-c2ccc(F)cc2)c1-c1ccnc(NC(C)=O)c1
11605,CC(=O)Nc1cc(-c2c(-c3ccc(F)cc3)nc(SCc3ccc(S(C)=O)cc3)n2C)ccn1
11671,C#CCOCCn1c(SCc2ccc(S(C)=O)cc2)nc(-c2ccc(F)cc2)c1-c1ccnc(NC(C)=O)c1
11920,CSCCn1c(SCc2ccc(S(C)=O)cc2)nc(-c2ccc(F)cc2)c1-c1ccnc(NC(C)=O)c1
11937,CC(=O)Nc1cc(-c2c(-c3ccc(F)cc3)nc(SCc3ccc(S(C)=O)cc3)n2CCO)ccn1
13554,COCCn1c(SCc2ccc(S(C)=O)cc2)nc(-c2ccc(F)cc2)c1-c1ccnc(NC(C)=O)c1
10415,COc1ccc(OCC(=O)Nc2ncc3c(n2)CC(C)(C)CC3=O)cc1
4406,O=C1[C@H](Cc2ccccc2)NCCCC[C@H](c2ccc(Cl)cc2)N1Cc1ccccc1
9706,CCOc1cccc(C2C(C(=O)c3ccc(C)o3)=C(O)C(=O)N2c2nccs2)c1
12169,C=CCOc1cccc(C2C(C(=O)c3ccc(C)o3)=C(O)C(=O)N2c2nccs2)c1
13001,O=C1CCCCc2cc(Nc3cccc(NC(=O)C4CC4)c3)ccc21
6786,CC(=O)Nc1cccc(NC(=O)CCn2cnc3cc(C)c(C)cc32)c1
2144,O=C(CCn1cnc2ccccc2c1=O)Nc1nc(-c2ccccc2)cs1
208,O=C(CSc1nnc(Cn2nnc(-c3ccccc3)n2)n1-c1ccccc1)Nc1ccc(F)cc1
8351,COc1ccccc1NC(=O)CSc1nnc(Cn2nnc(-c3ccccc3)n2)n1-c1ccccc1
12451,O=C(CCCSc1nc2ccccc2s1)NC1=NCCS1
6591,CN(C(=O)C1CCOC1)c1nnc(-c2ccncc2)s1
7482,Cc1ccc(C2C(C#N)=C(N)Oc3cc4c(cc32)OCO4)cc1
5736,Cc1noc(C)c1COc1ccccc1C(=O)NC(C)CCc1ccccc1
13122,CC(=O)N1c2ccc(-c3ccc(CN4CCOCC4)cc3)cc2[C@H](Nc2ccccc2)C[C@@H]1C
14890,CCCCO[C@@H](CCc1ccc(O)c(O)c1)CC(=O)/C=C/c1ccc(O)c(O)c1
8069,O=C(NCC(=O)N(c1ccc2c(c1)OCCO2)C(C(=O)NC1CCCC1)c1ccco1)c1ccco1
6168,Cc1ccc(N(C(=O)Cn2nnc3ccccc32)C(C(=O)NC2CCCCC2)c2cn(C)nc2C)cc1
313,Cc1cc(S(=O)(=O)Nc2ccc(F)cc2)c(C)s1
9705,COc1ccc(CNCCNC(=O)c2ccco2)c(OC)c1OC
4003,COc1ccc(/C=C2\CN(Cc3ccccc3)C/C(=C\c3ccc(OC)c(O)c3)C2=O)cc1O
11296,CN(C)c1ccc(/C=C2\CN(Cc3ccccc3)C/C(=C\c3ccc(N(C)C)cc3[N+](=O)[O-])C2=O)c([N+](=O)[O-])c1
11810,CCOC(OCC)c1ccc(/C=C2\CN(Cc3ccccc3)C/C(=C\c3ccc(C(OCC)OCC)cc3)C2=O)cc1
4829,O=C(Nc1nnc(-c2ccc(F)cc2)o1)c1cccc([N+](=O)[O-])c1
4943,COc1cccc(-c2nnc(NC(=O)c3cccc(F)c3)o2)c1
1712,Cc1ccc(C(=O)c2c(NC(=O)c3ccccc3C)sc(C)c2C)cc1
10975,Cc1cc(C(=O)Cn2nnc(-c3ccc(Cl)cc3)n2)c(C)n1CC1CCCO1
6059,COc1ccc2[nH]c(=O)c(CN(CCCN(C)C)C(=O)Nc3ccccc3)cc2c1
8015,CCN(CC)CCN(Cc1cc2cc(C)ccc2[nH]c1=O)C(=O)Nc1ccccc1OC
9724,COc1ccccc1NC(=O)N(CCN(C)C)Cc1cc2cc(C)ccc2[nH]c1=O
12809,Cc1cccc2cc(CN(CCCO)C(=O)Nc3cccc(Cl)c3)c(=O)[nH]c12
10272,Cc1nnc2n(c1=O)C(CS(=O)(=O)c1ccccc1)CS2
7077,CC(=O)c1ccc(-n2nnnc2SCC(=O)N2CCc3ccccc3C2)cc1
4764,O=C(CCl)c1ccc2c(c1)CCN2C(=O)C1CC1
12398,CCCCN(C)S(=O)(=O)c1cc(Br)cc2c1N(C(=O)C1CC1)CC2
7076,O=C1NC(c2ccccc2)C(C(=O)c2cccs2)C(O)(C(F)(F)F)N1
5539,CCOC(=O)c1cccc(NC(=O)c2ccc3c(c2)C(=O)N(CC2CCCO2)C3=O)c1
909,Cc1ccc(-c2cc(C(F)(F)F)nn2-c2ccc(S(N)(=O)=O)cc2)cc1
11741,NS(=O)(=O)c1ccc(-n2nc(NC(=O)NCCCC(=O)O)cc2-c2ccccc2)cc1
11794,NS(=O)(=O)c1ccc(-n2nc(C(=O)NCCCCCCCCCCC(=O)O)cc2-c2ccccc2)cc1
12014,NS(=O)(=O)c1ccc(-n2nc(C(=O)NCCCC(=O)O)cc2-c2ccccc2)cc1
12397,O=C(O)c1cc(-c2ccccc2)n(-c2ccccc2)n1
12772,NS(=O)(=O)c1ccc(-n2nc(NC(=O)NCCCCCCCCCCC(=O)O)cc2-c2ccccc2)cc1
14204,COc1ccc(-n2nc(C(F)(F)F)cc2-c2ccc(Cl)cc2)cc1
6814,CC(C(=O)N1c2ccc(F)cc2CCC1C)N1C(=O)c2ccccc2C1=O
12313,CC1CCN(C(=O)N2c3ccccc3Sc3ccccc32)CC1
6643,Cc1ccnc(-n2c(-c3ccco3)nc3ccccc3c2=O)c1
2822,NC(=O)c1sc2nc3c(c(-c4ccco4)c2c1N)CCC3
10122,Cc1cc(C)c2c(n1)nn1c(NCCCN(C)C)cc(C)nc21
6241,Cc1ccc(C(=O)CSc2nnc(Cn3nnc4ccccc43)n2C)cc1
3168,O=C(C1=C(c2ccccc2)C(=O)c2ccccc2C1=O)c1ccccc1
14174,COc1cc(Nc2ncc3c(=O)n(-c4c(C)cccc4C)c4nc5ccccc5n4c3n2)cc(OC)c1OCCN1CCOCC1
9325,Cc1ccc(-c2noc(C3CCN(C(=O)Nc4ccc(C#N)cc4)CC3)n2)o1
4930,Cc1onc(-c2ccccc2)c1C(=O)NNC(=S)NC(=O)c1ccc2c(c1)OCO2
1349,COCCN(C(=O)CCC(=O)Nc1ccccn1)C(C(=O)NC1CCCC1)c1ccc(OC)cc1
7102,O=C(CCCC(=O)N(CC(=O)NC1CCCC1)Cc1ccc(F)cc1)Nc1ccccn1
6943,N#Cc1c(NC(=O)CSc2nnnn2C2CCCCC2)sc2c1CCCC2
1374,COC(=O)c1cc(Br)c(=O)n(Cc2ccncc2)c1
686,NC(=S)NN=Cc1c[nH]c2nccnc12
7722,CN(C)CCCn1c(N)c(C#N)c2nc(C#N)c(C#N)nc21
4794,COc1cccc(-n2nnc(S(=O)(=O)c3ccc(C)cc3)c2N)c1
335,Cc1ccccc1-c1noc(CCC(=O)NCC2CCCO2)n1
8074,CCn1c(SCC(=O)N2CCCC2)nnc1-c1ccc(S(=O)(=O)N2CCCCCC2)cc1
5065,CCCCN1C(=O)/C(=C2/Sc3ccc(Cl)cc3N2CC)SC1=S
9832,CCC1C(=O)N=C(SCC(=O)Nc2cccc3ccccc23)NC1=O
2852,CC1=C(C(=O)OCc2ccc3c(c2)OCO3)C(c2ccccc2)NC(=O)N1
2856,CC1=C(C(=O)OCc2ccc3c(c2)OCO3)C(c2ccc(Cl)cc2)NC(=O)N1
3562,CC1=C(C(=O)OCc2ccc3c(c2)OCO3)C(c2cccc([N+](=O)[O-])c2)NC(=O)N1
3579,CC1=C(C(=O)OCc2ccc3c(c2)OCO3)C(c2ccc(O)c([N+](=O)[O-])c2)NC(=O)N1
768,N#C[C@H]1[C@H](c2ccc(C#CC3CCCCC3)cc2)[C@@H](CO)N1C(=O)Nc1ccc(F)cc1
769,N#C[C@@H]1[C@H](c2ccc(C#CC3CCCCC3)cc2)[C@H](CO)N1C(=O)Nc1ccc(F)cc1
790,N#C[C@@H]1[C@H](c2ccc(C#CC3CCCCC3)cc2)[C@@H](CO)N1C(=O)Nc1ccc(F)cc1
799,N#C[C@H]1[C@@H](c2ccc(C#CC3CCCCC3)cc2)[C@H](CO)N1C(=O)Nc1ccc(F)cc1
815,N#C[C@H]1[C@H](c2ccc(C#CC3CCCCC3)cc2)[C@H](CO)N1C(=O)Nc1ccc(F)cc1
824,N#C[C@H]1[C@@H](c2ccc(C#CC3CCCCC3)cc2)[C@@H](CO)N1C(=O)Nc1ccc(F)cc1
298,CC1CCN(C(=O)CSc2nnc(CNc3ccc(F)cc3)n2Cc2ccco2)CC1
1779,O=C1CC(N(Cc2cccs2)C(=O)Nc2ccccc2)C(=O)N1c1ccc(Cl)cc1
629,C[C@@H]1CCCCO[C@@H](CN(C)C(=O)C2CCCCC2)[C@@H](C)CN([C@H](C)CO)C(=O)c2cc(NS(=O)(=O)c3ccccc3)ccc2O1
5630,O=C(Nc1cc(Cl)ccc1-n1cncn1)c1cn2ccccc2n1
10297,Cc1cccc2cc(CN(Cc3ccco3)C(=O)c3ccncc3)c(=O)[nH]c12
10495,O=C(c1ccncc1)N(Cc1ccco1)Cc1cc2ccccc2[nH]c1=O
6846,COc1cc(NC(=O)CSc2nnc(C)s2)cc(OC)c1
7812,c1ccc(-c2nc3ccccc3nc2N2CCOCC2)cc1
13654,CNC(=O)c1cc(C(=O)NC2CC2)cn(Cc2cccc(CCN3CCOCC3)c2)c1=O
10838,O=C(CCc1ccc(S(=O)(=O)N2CCOCC2)cc1)NCCCN1CCCC1=O
11986,Cc1noc(C)c1-c1cc2ncc3c(c2cc1OCCN(C)C)n([C@H](C)c1ccccn1)c(=O)n3C
11987,Cc1noc(C)c1-c1cc2ncc3c(c2cc1OCC(=O)O)n([C@H](C)c1ccccn1)c(=O)n3C
12980,CNCCCOc1cc2c(cc1-c1c(C)noc1C)ncc1c2n(C(C)c2ccccn2)c(=O)n1C
12981,Cc1noc(C)c1-c1cc2ncc3c(c2cc1OCCCN(C)C)n([C@H](C)c1ccccn1)c(=O)n3C
13066,CC(=O)NCCCOc1cc2c(cc1-c1c(C)noc1C)ncc1c2n(C(C)c2ccccn2)c(=O)n1C
13117,Cc1noc(C)c1-c1cc2ncc3c(c2cc1OCCCN)n(C(C)c1ccccn1)c(=O)n3C
13183,Cc1noc(C)c1-c1cc2ncc3c(c2cc1OCCCO)n(C(C)c1ccccn1)c(=O)n3C
13820,COc1cc2c(cc1-c1c(C)noc1C)ncc1c2n([C@H](C)c2ccccn2)c(=O)n1C
13976,COc1cc2c(cc1-c1c(C)noc1C)ncc1[nH]c(=O)n([C@H](C)c3ccccn3)c12
8198,CCN(C(=O)c1cccs1)c1nnc(-c2ccncc2)s1
3793,O=[N+]([O-])c1ccc(-c2nn(-c3ccccc3)cc2/C=N/n2c(-c3cccs3)n[nH]c2=S)cc1
342,Cc1noc(C)c1COc1ccc(C(=O)OCC(=O)Nc2ccc3ccccc3c2)cc1
2094,CCCn1nnc2sc3c(c2c1=O)CCC(C)C3
7564,O=C(c1ccc(F)cc1)C1CCN(C(=O)NCc2ccccc2)CC1
4305,C[C@@H]1C[C@H]2[C@@H]3CCC4=CC(=O)C=C[C@]4(C)[C@@]3(Cl)[C@@H](O)C[C@]2(C)[C@@]1(OC(=O)c1ccco1)C(=O)CCl
6412,O=C(CSc1nnc(COc2cccc3ccccc23)o1)N1CCN(C(=O)c2ccco2)CC1
5388,CC(CCc1ccco1)NC(=O)Cn1ncc2c1-c1ccccc1OC2
10647,COC(=O)c1ccccc1NC(=O)COC(=O)CSCC(=O)N1CCOCC1
3434,O=C(COC(=O)c1ccc2[nH]c3c(c2c1)CCCC3)Nc1ccccc1Cl
1724,Cc1cc(-c2c(C)[nH]n(-c3ccccc3)c2=O)n(-c2ccccc2)n1
7411,COc1ccccc1-c1nc(NC(C)=O)n[nH]1
328,O=C(Cn1c(-c2cncs2)nc2ccccc21)NCc1ccccc1
2070,Clc1ccc(C(Cn2ccnc2)OCc2ccsc2Cl)c(Cl)c1
8225,COc1ccc(N2CCN(C(=O)c3ccc(S(=O)(=O)N4CCOCC4)cc3)CC2)cc1
4360,O=C(NCc1ccccn1)C1CCCN(S(=O)(=O)c2cc(Cl)ccc2Cl)C1
8171,COC(=O)c1cccc(-n2nnnc2SCC(=O)Nc2cc(C)on2)c1
11127,CCOc1ccccc1-n1nnnc1SCC(=O)Nc1cc(C)on1
14,Clc1ccc(CSc2ccc(-c3ccccn3)nn2)cc1
10676,COc1ccc(-n2c(SCc3nnc(-c4ccccc4)o3)nnc2-c2ccccc2)cc1
4433,Cc1ccc(S(=O)(=O)/N=C2/NC(=O)/C(=C/c3cccnc3)S2)cc1
12447,Cc1sc(NC(=O)c2ccco2)c(C(c2ccncc2)N2CCOCC2)c1C
7466,C=CCn1c(C#N)c(N)sc1=N
11028,CC(=O)Nc1ccc(S(=O)(=O)N(C)CC(=O)Nc2ccccc2N2CCOCC2)cc1
1699,COc1cc(CNCc2ccco2)ccc1OCc1ccccc1
5853,CC1Cn2c(nc3c2c(=O)[nH]c(=O)n3C)O1
12275,O=C(Nc1ccc(S(=O)(=O)NCc2ccco2)cc1)c1ccncc1
490,Oc1ccc2ccccc2c1CNc1cnc2ccccc2c1
2173,CCOC(=O)c1sc(NC(=O)CSc2nc3c(c(=O)n2-c2ccc(C)cc2)SCC3)c(C(=O)OCC)c1C
10103,CCCOc1ccc(C(=O)c2nc3c(n2O)CCCC3)cc1
24,CCOC(=O)c1cc(-c2ccc(/C=C3/C(=O)N(c4ccc(C(=O)O)cc4)N=C3C)o2)ccc1Cl
3906,CC1=NN(c2ccc(C)cc2)C(=O)/C1=C/c1ccc(-c2cc([N+](=O)[O-])ccc2O)o1
11099,CCCc1cc(=O)[nH]c(SCC(=O)c2c(N)n(C)c(=O)n(C)c2=O)n1
3924,C[C@]12CCC3C(CCC4=CC(O)CC[C@@]43/C=N/O)C1(O)CCC2C1=CC(=O)OC1
9427,Cc1ccc(C(O)c2cccnc2)o1
12405,CCOc1ccc(NC(=O)Cn2nnc(C(=O)NCCc3ccc(OC)c(OC)c3)c2N)cc1
12567,O=C1NCC(O)=C1C=NCCO
10507,c1cc(-c2noc(CC3CCCCC3)n2)ccn1
3035,Cc1ccc(OC(=O)c2oc3ccc(F)cc3c2C)c(C)c1
2335,CC(C(=O)O)N1C(=O)/C(=C/C=C/c2ccco2)SC1=S
6759,CC(C)OC(=O)CSc1nnnn1-c1ccc2c(c1)OCCO2
9167,Cc1ccc(S(=O)(=O)N2CCC(C(=O)N3Cc4ccccc4C3)CC2)cc1
14585,C=C(C)[C@@H]1CC=C2[C@@H](CC[C@]23C(=C)CC[C@@]3(C)[C@H](C)CC(=O)/C=C(\C)C(=O)O)[C@@]1(C)CCO[C]O
7046,CCOc1ccc2nc(NC(=O)C3CCN(c4cnccn4)CC3)sc2c1
1510,Cc1ccc(C)n1NC(=O)c1cccs1
1771,CN(Cc1ccccc1)C(=S)NC(=O)C1CCCCC1
1845,O=C(O)COc1ccc(/C=N/n2cnc3scc(-c4cccs4)c3c2=O)cc1
343,Cc1noc2ncc(C(=O)c3cc(F)ccc3O)cc12
10921,COc1ccc(O)c(C(=O)c2cnc3onc(C)c3c2)c1
12648,O=S(=O)(c1cnc[nH]1)N1CCc2ccccc21
7088,COc1ccc(C(=O)N(CCN2CCOCC2)CC(=O)NC2CCCC2)cc1OC
13448,NC(=O)c1cc(C#CC2CCCCC2)ccc1NC1CCC(O)CC1
3954,Oc1ccc(N=Nc2ccccc2)o1
9385,COc1ccc(C(=O)CSc2nnnn2Cc2ccccc2)cc1
12285,COc1ccccc1C(O)Cc1nc2ccccc2n1C
8093,CN1C(=O)C(Cc2ccsc2)C(=O)N(C)C1=O
12231,O=C(NC(Cc1ccccc1)C(=O)OCC(=O)N1CCc2ccccc21)c1ccco1
1887,CCC(C)c1ccccc1OCCCCN1CCCC1
10339,COc1ccc2c(c1)CC1(CN2C)C(=O)NC(=O)N(CCc2ccccc2)C1=O
5842,CCOC(=O)N1CCC(NCCNC(=O)c2ccccc2Cl)CC1
6782,CCOC(=O)N1CCC(NCCNC(=O)c2ccc(Cl)cc2)CC1
610,C[C@]12CC[C@H](O)C[C@H]1CC[C@@H]1[C@@H]2CC[C@]2(C)[C@@H](c3ccc(=O)oc3)CC[C@]12O
6809,N#C/C(=C\C1CC=CCC1)c1nc2ccccc2[nH]1
632,COc1ccc(CN(C)C[C@H]2OCCCC[C@H](C)Oc3ccc(NS(=O)(=O)c4ccc(Cl)cc4)cc3C(=O)N([C@H](C)CO)C[C@H]2C)cc1
650,COc1ccc(S(=O)(=O)Nc2ccc3c(c2)C(=O)N([C@@H](C)CO)C[C@H](C)[C@H](CN(C)Cc2ccc(C(F)(F)F)cc2)OCCCC[C@H](C)O3)cc1
652,COc1ccc(S(=O)(=O)Nc2ccc3c(c2)C(=O)N([C@H](C)CO)C[C@@H](C)[C@@H](CN(C)Cc2ccc(C(F)(F)F)cc2)OCCCC[C@H](C)O3)cc1
653,COc1ccc(S(=O)(=O)Nc2ccc3c(c2)C(=O)N([C@@H](C)CO)C[C@@H](C)[C@@H](CN(C)Cc2ccc(C(F)(F)F)cc2)OCCCC[C@H](C)O3)cc1
707,COc1ccc(S(=O)(=O)Nc2ccc3c(c2)C(=O)N([C@@H](C)CO)C[C@@H](C)[C@@H](CN(C)Cc2ccc(C(F)(F)F)cc2)OCCCC[C@@H](C)O3)cc1
2062,COc1ccc(S(=O)(=O)Nc2ccc3c(c2)C(=O)N([C@H](C)CO)C[C@@H](C)[C@@H](CN(C)Cc2ccc(C(F)(F)F)cc2)OCCCC[C@@H](C)O3)cc1
11909,COc1nc(N)nc2c1ccn2-c1cccc(C#CC(C)(O)c2nccs2)c1
11970,CC(O)(C#Cc1cccc(-n2cc(Cl)c3cnc(N)nc32)c1)c1nccs1
11972,CC(O)(C#Cc1cc(C#N)cc(-n2ccc3cnc(N)nc32)c1)c1nccs1
12207,COc1ccc(-n2ccc3cnc(N)nc32)cc1C#CC(C)(O)c1nccs1
13111,CC(O)(C#Cc1cc(-n2ccc3cnc(N)nc32)c(F)cc1F)c1nccs1
13310,Cc1ccc(C#CC(C)(O)c2nccs2)cc1-n1ccc2cnc(N)nc21
13339,CC(O)(C#Cc1cccc(-n2ccc3cnc(N)nc32)c1)c1nccs1
13438,CC(O)(C#Cc1cc(-n2ccc3cnc(N)nc32)ccc1C#N)c1nccs1
13443,COc1ccc(C#CC(C)(O)c2nccs2)cc1-n1ccc2cnc(N)nc21
13445,CC(O)(C#Cc1ccc(F)c(-n2ccc3cnc(N)nc32)c1)c1nccs1
13460,CC(O)(C#Cc1cc(-n2ccc3cnc(N)nc32)ccc1F)c1nccs1
11410,CC1CN(c2cncnc2)Cc2cc(C(=O)Nc3cc(C(F)(F)F)ccc3CN3CCN(C)CC3)ccc21
3400,CCN(CC)c1ccc(CNc2nc3ccccc3n2CCN2CCCCC2)cc1
1604,c1csc(C(c2nnnn2C2CCCC2)N2CCCC3(CCCCC3)C2)c1
7093,CCc1ccc(NC(=O)CS(=O)CC(=O)NCC2OCCc3ccccc32)cc1
9170,O=C(CS(=O)CC(=O)Nc1ccc(Cl)cc1)NCC1OCCc2ccccc21
1615,COc1cc(NC(=O)Cc2nn(C)c(=O)c3ccccc23)cc(OC)c1OC
12566,Cc1ccc(F)cc1NC(=O)Cc1nn(C)c(=O)c2ccccc12
620,O=C1c2ccccc2CCC1CNCCc1ccc(O)cc1
11393,CC(C)(C)CNC(=S)Nc1ccc2c(c1)CCN2Cc1ccc(-c2ccccc2)cc1
169,O=C(O)Cn1cc(C(=O)C2CC2)c2ccccc21
9348,COCCCNC(=O)Cn1cc(C(=O)C2CC2)c2ccccc21
12915,Cc1sc2nc(CN3CCN(S(=O)(=O)c4cccc5nonc45)CC3)[nH]c(=O)c2c1C
10408,O=C1c2ccccc2C(=O)C12Cc1ccccc1N1CCN(c3ccccc3)CC12
3140,CC1=CC(C)(C)Nc2ccc(OC(=O)CCN3C(=O)c4ccccc4C3=O)cc21
2427,Cc1nc2ccccn2c1-c1csc(Nc2cccc(O)c2)n1
4828,CN1C[C@H](CO)C=C2c3cccc4[nH]cc(c34)C[C@H]21
4560,N#C/C(=C/c1ccc(N2CCCCC2)o1)C(=O)NCCc1c[nH]c2ccccc12
7533,Cc1cc(C)c2[nH]c(=O)c(C(c3nnnn3CC3CCCO3)N3CCCC(C)C3)cc2c1
13549,COc1ccc(/C=C2\SC(c3cccc(NC(=O)C45CC6CC(CC(C6)C4)C5)c3)=NC2=O)cc1
15149,O=C(/C=C/CCl)O[C@@H]1COC(=O)C1
10294,Cc1ccc(S(=O)(=O)NC2=NCN(Cc3cccnc3)CN2)cc1
10391,c1ccc(-c2nn3c(Cn4nnc5ccccc54)nnc3s2)nc1
13097,O=C(CCc1ccc(OC2CCCCC2)cc1)N1CCCC1
14842,CC1(C)[C@@H](O)CC[C@]2(C)C3C(=O)C=C4[C@@H]5C[C@@](C)(C(=O)O[C@@H]6C[C@H](CO)[C@@H](O)C(O)[C@H]6O)CC[C@]5(C)CC[C@@]4(C)[C@]3(C)[C@@H](O)C[C@@H]12
654,Cc1noc(C)c1S(=O)(=O)Nc1ccc2c(c1)C(=O)N([C@@H](C)CO)C[C@H](C)[C@@H](CN(C)C(=O)Nc1cccc3ccccc13)OCCCC[C@H](C)O2
703,Cc1noc(C)c1S(=O)(=O)Nc1ccc2c(c1)C(=O)N([C@H](C)CO)C[C@@H](C)[C@H](CN(C)C(=O)Nc1cccc3ccccc13)OCCCC[C@@H](C)O2
2065,Cc1noc(C)c1S(=O)(=O)Nc1ccc2c(c1)C(=O)N([C@@H](C)CO)C[C@@H](C)[C@@H](CN(C)C(=O)Nc1cccc3ccccc13)OCCCC[C@H](C)O2
12028,CN1CCN(CCCNc2ncc3c(=O)c(C(N)=O)cn(-c4ccc5c(c4)CCC5)c3n2)CC1
13323,O=C1N=C(c2ccc(Cl)cc2)S/C1=C\c1cccc(Oc2ccccc2)c1
1976,CCn1nc(-c2cccc(-c3cc(C(=O)NCCN4CCOCC4)cc(C(=O)NC4CC4)c3)c2)cc(NC(=O)Nc2c(Cl)cncc2Cl)c1=O
4142,COCCC1CCCCN1C(=O)c1cc(COc2ccc(C)nc2)on1
929,O=S(=O)(Nc1ccncc1NC1CCCCCC1)C(F)(F)F
1660,CC(Sc1nnc(-c2cccs2)n1Cc1ccccc1)C(=O)NCc1ccc2c(c1)OCO2
9731,Cc1onc(-c2c(Cl)cccc2Cl)c1C(=O)Nc1c(C)n(C)n(-c2ccccc2)c1=O
7363,CC(C)(C)NC(=O)CN(C(=O)c1ccc(CN2CCOCC2)o1)c1ccc2c(c1)OCCO2
6952,CCc1ccccc1NC1=NCC(=O)N1Cc1ccc2c(c1)OCO2
9272,O=C(CN(C(=O)c1ccco1)c1cccc(F)c1)NCc1ccc(F)cc1
10763,CCOC(=O)/C=C1\SCC(=O)N1CC(O)CN1C(=O)CS/C1=C\C(=O)OCC
5743,Cc1ccc(S(=O)(=O)N2CCCCC2)cc1NC(=O)CCNC(=O)c1ccc([N+](=O)[O-])cc1
5785,COc1ccc(S(=O)(=O)N2CCCCC2)cc1NC(=O)CCNC(=O)c1ccc(Cl)cc1
5837,COc1ccc(NC(=O)CCNC(=O)c2ccccc2Cl)cc1S(=O)(=O)N1CCCCC1
10675,O=C(CCc1ccc(S(=O)(=O)N2CCOCC2)cc1)OCc1nc2ccccc2s1
3766,Cc1cn(-c2cc(C(=O)Nc3ccc(C)c(NC(=O)C(=O)c4c[nH]c5ccccc45)c3)cc(C(F)(F)F)c2)cn1
7185,Cn1c(C(=O)OC(C(=O)NC2CCCC2)c2cccnc2)cc2sccc21
15221,OC[C@H]1O[C@@H](O[C@H](CCCCc2ccc(O)c(O)c2)CCc2ccc(O)cc2)[C@H](O)[C@@H](O)[C@@H]1O
3675,COc1ccc2c(C)nc(Nc3nc(-c4ccccc4)cc(=O)[nH]3)nc2c1
4144,O=C(Nc1ncc([N+](=O)[O-])s1)C1COc2ccccc2O1
6153,Cc1ccc(CN2C(=O)C(C)(C)Oc3ccc(C(=O)N4CCCCC4)cc32)cc1
4677,CCSc1nnc(-c2cc(Br)ccc2N=Cc2c(C)[nH]n(-c3ccccc3)c2=O)c(=O)[nH]1
2872,COc1ccc(CN(C(=O)CSc2nnc(-c3c[nH]c4ccccc34)o2)c2ccc(F)cc2)cc1OC
7813,CCOc1ccc2nc(NCCNC(=O)Nc3cccc(C)c3)c(C#N)cc2c1
2421,COc1cccc(NS(=O)(=O)c2ccc3c(c2)C2C=CCC2C(c2ccc(C(=O)O)cc2)N3)c1
3268,O=S(=O)(Nc1nc2ccccc2nc1Nc1cccc(S(=O)(=O)N2CCCCC2)c1)c1ccccc1
7325,O=C(NCc1ccccn1)C(C(=O)c1ccc(F)cc1)n1ccccc1=O
9718,O=C(c1cccs1)N(CCO)Cc1cc2cc3c(cc2[nH]c1=O)OCCO3
7576,O=C(OCCOCCN=C1NS(=O)(=O)c2ccccc21)c1ccncc1
2477,O=C(O)c1cc(N2N=C(C(F)(F)F)/C(=C/C=C/c3ccco3)C2=O)ccc1Cl
539,Cc1ccc2nc(-c3cc(-c4ccccc4)no3)cn2c1
2224,CCc1ccn2cc(-c3cc(-c4ccccc4)no3)nc2c1
3626,Cc1cc(C(=O)CCl)c(C)n1-c1ccon1
989,N#C/C(=C1/Nc2ccccc2S1)c1ccnc(NCCn2ccc3ccccc32)n1
2380,CC(/C=N/NC(=O)c1cc(-c2ccccc2)nc2ccccc12)=C\c1ccco1
3987,CCN1C(=O)/C(=C\c2cccc(OC)c2Oc2ccc([N+](=O)[O-])cc2[N+](=O)[O-])SC1=S
3156,COc1ccc(C(C(=O)NC2CCCCC2)N(C(=O)CCl)c2ccc(C)cc2)cc1
3159,COc1ccc(C(C(=O)NC2CCCCC2)N(C(=O)CCl)c2cccc(Cl)c2)cc1
3160,COc1ccc(C(C(=O)NC2CCCCC2)N(C(=O)CCl)c2ccc(Cl)cc2)cc1
3161,COc1ccc(C(C(=O)NC2CCCCC2)N(C(=O)CCl)c2ccc(OC)cc2)cc1
8376,Fc1ccc(-c2csc3nnc(SCc4cccnc4)n23)cc1
8523,O=C(c1ccc2c(c1)OCO2)N1CCN(c2ccc(F)cc2)CC1
9837,CC(C)=CCC(C)(C)C1OCCN1C(=O)Nc1ccccc1
5828,O=C1COc2ccc(C(=O)COC(=O)CCCOc3ccccc3)cc2N1
9948,CCCOc1ccc(N2CC(C(=O)Nc3ccccn3)CC2=O)cc1
6903,O=C(CCC(=O)N(CC(=O)NC1CCCCC1)Cc1ccco1)Nc1nccs1
5196,Cc1cccc(N2CCN(C(=O)c3ccc4c(c3)NC(=O)C(CSCc3cccc(F)c3)N4)CC2)c1C
5198,Cc1ccc(C)c(N2CCN(C(=O)c3ccc4c(c3)NC(=O)C(CSCc3cccc(F)c3)N4)CC2)c1
5199,COc1ccc(N2CCN(C(=O)c3ccc4c(c3)NC(=O)C(CSCc3cccc(F)c3)N4)CC2)cc1
5229,O=C1Nc2cc(C(=O)N3CCN(c4ccc(F)cc4)CC3)ccc2NC1CSCc1cccc(F)c1
7043,COc1ccc2[nH]c(=O)c(C(c3nnnn3C(C)(C)C)N(Cc3ccco3)CC3CCCO3)cc2c1
12461,Cc1cccc2cc(C(c3nnnn3C(C)(C)C)N(Cc3ccco3)CC3CCCO3)c(=O)[nH]c12
12745,Cc1cc2cc(C(c3nnnn3C(C)(C)C)N(Cc3ccco3)CC3CCCO3)c(=O)[nH]c2cc1C
13680,Clc1cnc(Nc2ccc(-c3ccsc3)cn2)nc1NC1CCNCC1
2255,CCOC(=O)c1sc2nc(-c3ccco3)c3c(c2c1N)CC(C)(C)OC3
8420,COc1ccc(Nc2nc(C)c3ccccc3n2)cc1
2460,NS(=O)(=O)c1ccc(N/N=C/c2ccc3c(c2)OCO3)c([N+](=O)[O-])c1
12544,COC(=O)c1ccc(C(=S)N2CCOCC2)cc1
5532,CCCCc1cc(=O)oc2cc(C)cc(OC(C)C(=O)NCc3ccccn3)c12
9405,Oc1ccccc1-c1nnc(SCCN2CCOCC2)n1Cc1ccccc1
13507,CCNNC(=O)c1ccc(CN2c3ccccc3Sc3ccccc32)cc1
2973,N#Cc1c(N2CCCC(O)C2)nc(N)c2c(N)nc3c(c12)CC(=O)N3C12CC3CC(CC(C3)C1)C2
9265,CN1C(=O)c2ccccc2N(C)C1c1ccc2c(c1)OCO2
12420,CC(C)(C)NC(=O)c1ccc2c(c1)N(CC(=O)N1CCN(c3ccccc3F)CC1)C(=O)C(C)(C)O2
5023,OCc1ccc(OCCCOc2cccc3cccnc23)cc1
5024,COc1cccc(C=O)c1OCCCOc1cccc2cccnc12
11379,Cc1ccc(NC(=O)N(Cc2cccnc2)Cc2ccco2)cc1C
4853,O=C(O)c1cccnc1SCC(=O)N1CCCc2ccccc21
8119,COc1nc(OC)nc(N2CCC(C(=O)NCC3CCCCC3)CC2)n1
6684,CCNc1oc(COc2cccc(C)c2)nc1C#N
6831,CCNc1oc(COc2ccccc2F)nc1C#N
523,COc1ccccc1C(=O)OCC(=O)Nc1ccc(Cl)cn1
4181,CNc1ccccc1C(=O)OC(C)C(=O)Nc1ccc(Cl)cn1
842,CCOC(=O)c1c(Cc2ccccc2Cl)[nH]c2c1cc(O)c1ccccc12
847,CCOC(=O)c1c(Cc2c(C)cc(C)cc2C)[nH]c2c1cc(O)c1ccccc12
852,CCOC(=O)c1c(Cc2ccc(Cl)c(Cl)c2)[nH]c2c1cc(O)c1ccccc12
860,CCOC(=O)c1c(Cc2c(F)cccc2F)[nH]c2c1cc(O)c1ccccc12
861,CCOC(=O)c1c(Cc2c(Cl)cccc2Cl)[nH]c2c1cc(O)c1ccccc12
1243,CCOC(=O)c1c(Cc2cccc(Cl)c2)[nH]c2c1cc(O)c1ccccc12
1244,CCOC(=O)c1c(Cc2ccc(Cl)cc2)[nH]c2c1cc(O)c1ccccc12
1245,CCOC(=O)c1c(Cc2cccc(F)c2)[nH]c2c1cc(O)c1ccccc12
1246,CCOC(=O)c1c(Cc2ccc(F)cc2)[nH]c2c1cc(O)c1ccccc12
1247,CCOC(=O)c1c(Cc2cccc(Br)c2)[nH]c2c1cc(O)c1ccccc12
1248,CCOC(=O)c1c(Cc2ccc(Br)cc2)[nH]c2c1cc(O)c1ccccc12
1249,CCOC(=O)c1c(Cc2cccc(OC)c2)[nH]c2c1cc(O)c1ccccc12
1250,CCOC(=O)c1c(Cc2ccc(OC)cc2)[nH]c2c1cc(O)c1ccccc12
11221,CCOC(=O)c1c(Cc2cccc(Cl)c2)n(C)c2c1cc(OC)c1ccccc12
11542,CCOC(=O)c1c(Cc2cccc(Cl)c2)[nH]c2c1cc(O)c1cc(OC)c(OC)cc12
4969,Nc1c(C(=O)c2ccc(Cl)cc2)sc2nsc(SCCN3CCOCC3)c12
7844,COc1ccc(NC(=O)CSc2nnc(-c3ccoc3C)n2CCc2ccccc2)cc1
8819,Cc1ccccc1NC(=O)CSc1nnc(-c2ccoc2C)n1CCc1ccccc1
11464,COc1ccccc1NC(=O)CSc1nnc(-c2ccoc2C)n1CCc1ccccc1
12929,Cc1cccc(C)c1NC(=O)CSc1nnc(-c2ccoc2C)n1CCc1ccccc1
8042,O=C(Oc1cccc(-n2cnnn2)c1)C1CCCCC1
12259,CCOC(=O)C1CCN(c2ncnc3c2oc2ccc(Cl)cc23)CC1
1568,CCOC(=O)C1=C(CC)OC(N)=C(C#N)C1c1cc(OC)ccc1OC
7618,COC(=O)C1=C(C)OC(N)=C(C#N)C1c1cc(OC)c(OCC(N)=O)cc1Cl
8881,COC(=O)C1=C(C)OC(N)=C(C#N)C1c1ccccc1
6738,CCC(=O)Nc1cccc(NC(=O)CSc2nnnn2C2CCCC2)c1
2409,CCN(CC)c1ccc(NC(=O)Cn2c(C(C)NC(=O)c3ccccc3)nc3ccccc32)cc1
3612,Cc1ccccc1NC(=O)COC(=O)c1ccc(S(C)(=O)=O)c([N+](=O)[O-])c1
3644,CC(=O)c1cccc(NC(=O)COC(=O)c2ccc(S(C)(=O)=O)c([N+](=O)[O-])c2)c1
2331,CC(/C=C/c1ccco1)=N\NC(=O)c1cccnc1
7487,CCOc1cc(NC(=O)C2CC2)c(OCC)cc1NC(=O)c1ccccn1
11061,CSc1ncccc1C(=O)OCc1ccccc1F
25,COc1cccc(OCC(=O)N(C)Cc2nc(-c3ccccc3)no2)c1
13872,Cc1ccc(S(=O)(=O)N2CCC(C(=O)NC3CCCc4ccccc43)CC2)c(C)c1
11268,O=C1c2cccc3cccc(c23)C(=O)N1Cc1cccnc1
1436,COCCn1c(SCC(=O)N2CCCCC2)nc2ccccc2c1=O
12694,CC(C)Cn1c(SCC(=O)N2CCCCC2)nc2ccccc2c1=O
12852,CCOc1cc(N2CCOCC2)c(OCC)cc1NC(=O)Cc1ccccc1OC
11446,CC(=O)Nc1cc(-c2c(-c3ccc(F)cc3)nc(SCCC(=O)N3CCOCC3)n2CCCO)ccn1
11901,CC(=O)Nc1cc(-c2c(-c3ccc(F)cc3)nc(SCCC(=O)N3CCOCC3)n2CCO)ccn1
13226,COCCn1c(SCCC(=O)N2CCOCC2)nc(-c2ccc(F)cc2)c1-c1ccnc(NC(C)=O)c1
5887,COCC(=O)N(CCc1ccc(OC)cc1)Cc1nc2ccccc2c(=O)[nH]1
9411,Nc1ccc(C(=O)OCc2nc3ccccc3[nH]2)cc1
6858,CC(C)c1ccc(NC(=O)c2csnn2)cc1
13691,COc1ccc(C2=NNC(=O)[C@@H]3CC=CC[C@H]23)cc1OC
8076,CCOC(=O)C1=C(CN2CCN(c3ccc(F)cc3)CC2)NC(=O)NC1c1cccs1
10978,Cc1csc(=NC(=O)c2ccccc2)n1Cc1ccco1
4029,CCOc1ccc2nc(SCC(=O)c3ccc(O)cc3O)sc2c1
9120,CC(=O)N1CCc2[nH]c3ccccc3c2C1
10109,CCCC(=O)N1CCc2[nH]c3ccccc3c2C1
14866,CCC(C)C(=O)O[C@H]1[C@H](O[C@@H](CCc2ccc(O)c(O)c2)CC(=O)/C=C/c2ccc(O)c(O)c2)OC[C@@H](O)[C@@H]1O
3132,Cc1ccc(/C=N/NC(=O)COc2ccccc2-c2ccccc2)cc1
11977,CC(O)(C#Cc1cccc(-c2c[nH]c3cnc(N)nc23)c1)C1CCCCC1
538,CCOC(=O)c1cn2nc(N3CCCCC3)ccc2n1
3576,COc1cccc(/C=N/Nc2nc(Nc3ccc([N+](=O)[O-])cc3)nc(N3CCCC3)n2)c1O
7087,CCc1ccc2[nH]c(=O)c(CN(Cc3ccc4c(c3)OCO4)Cc3nnnn3C3CCCC3)cc2c1
9617,Cc1cc(C)c2[nH]c(=O)c(CN(Cc3ccc4c(c3)OCO4)Cc3nnnn3C3CCCC3)cc2c1
11336,CC(C)NC(=O)c1cnc(Sc2ncc(C(F)(F)F)cc2Cl)n1C
5920,NC(=O)CSc1nnc(-c2ccc(S(=O)(=O)N3CCOCC3)cc2)n1CC1CCCO1
6184,N#CCSc1nnc(-c2ccc(S(=O)(=O)N3CCOCC3)cc2)n1CC1CCCO1
9623,CCSc1nnc(-c2ccc(S(=O)(=O)N3CCOCC3)cc2)n1CC1CCCO1
7099,CC1CCC(NC(=O)C2CCN(C(=O)NC3CCCCC3)CC2)CC1
8642,CC1CCCCC1NC(=O)C1CCN(C(=O)NC2CCCCC2)CC1
10177,COc1ccc(C2=NO[C@@H]3C(=O)N(C4CCCCC4)C(=O)[C@H]23)cc1OC
11109,Cn1cccc1C(=O)NC(=O)COC(=O)c1ccccc1Sc1ccccc1C#N
13541,CNC(=O)c1cc(C(=O)NC2CC2)cn(Cc2cccc3cn[nH]c23)c1=O
9226,NC(=O)C1CCN(c2ncnc3c(-c4ccccc4)nsc23)CC1
10740,c1cncc(-c2nn[nH]n2)c1
9324,CCOC(=O)c1cnc(SCC(=O)Nc2nnc(CC)s2)nc1N
10943,O=C(OCC1COc2ccccc2O1)c1ccccc1F
92,O=C(CSc1nc2ncccc2[nH]1)Nc1ccc2c(c1)OCCO2
12316,C=CCn1c(SCC(=O)Nc2sc3c(c2C#N)CCC3)nnc1C1COc2ccccc2O1
10290,Cc1[nH]nc(N=CC2=C(O)CC(c3ccco3)CC2=O)c1-c1ccccc1
12318,Cc1cc(C)n2nc(C(=O)Nc3cccnc3)nc2n1
5379,CCCNC(=O)CN(C1CCCCC1)S(C)(=O)=O
12084,CC(C)(C)N(C=C(Cl)Cl)C(=O)NC1CCCCC1
12199,OCCNC(=S)NC1CCCCC1
14562,C/C=C(\C)C(=O)O[C@@H]1[C@H](O)[C@@H](OC(=O)C(C)CC)[C@@H](OC(=O)/C(=C/C)CO)[C@H](O)[C@H]1OC(=O)/C(=C/C)CO
1891,CCOc1cc(C(=O)NCCCn2ccnc2)cc(OCC)c1OCC
12681,CCCC(=O)Nc1ccc(C(=O)NCCCn2ccnc2)cc1
115,O=C(NC1CC1)c1c[nH]c2ccc(S(=O)(=O)Nc3cccc(C(F)(F)F)c3)cc2c1=O
3439,N#C/C(=C(/O)COc1ccc(Cl)cc1)c1nc2ccccc2s1
11670,COC(=O)c1nnn(CCc2c[nH]c3ccccc23)c1C(=O)OC
10349,CCCC12CN3CC(C)(CN(C1)C3c1ccc(OC(C)C)cc1)C2=O
2919,O=C(/C=C/c1ccccc1)CC(O)(c1ccccc1)C(F)(F)F
1669,O=C(c1cccs1)N(C(=O)c1cccs1)c1ccc(Br)cn1
13173,CCCCC#Cc1ccc(NC2CCN(C(=O)C3CC3)CC2)c(C(N)=O)c1
6212,CC1(C)NC(=O)N(CC(O)COc2ccc(-c3ccc(C#N)cc3)cc2)C1=O
8410,CC1(C)NC(=O)N(CC(O)COc2ccc(-c3ccccc3)cc2)C1=O
9597,COC(=O)c1ccccc1NC(=O)CN1CCC(C(=O)c2ccc3c(c2)OCCO3)CC1
10382,CCc1cc(=O)oc2c(C)c(O)c(CN3CCCCC3)cc12
1360,Cn1c(NCCN2CCCCC2)cc(=O)n(C)c1=O
13721,CCCCCN=c1ccn(-c2ccc3ccccc3c2)c2cc(Cl)ccc12
11035,Cc1cc(NC(=O)CN2CCN(c3ccccc3O)CC2)no1
13859,Cc1ccc(S(=O)(=O)N2CCC(C(=O)Nc3ccc(N4CCCCC4)c(C(N)=O)c3)CC2)c(C)c1
14025,Cc1ccc(S(=O)(=O)N2CCC(C(=O)Nc3ccc(N4CCCCC4)cc3)CC2)c(C)c1
7858,Cc1cc(N2CCN(C(=O)OC(C)(C)C)CC2)n2ncnc2n1
12020,O=C(Cc1ccc(Oc2ccccc2)cc1)NCCc1ccc(Cl)cc1
13023,O=C(Cc1ccc(Oc2ccccc2)cc1)NCCc1ccc(F)cc1
13193,O=C(Cc1ccc(Oc2ccccc2)cc1)NCCc1ccc(OC(F)(F)F)cc1
13194,O=C(Cc1ccc(Oc2ccccc2)cc1)NCCc1ccc(C(F)(F)F)cc1
14596,C=C(C)[C@H]1Cc2c(ccc3c2O[C@@H]2COc4cc(OC)c(OC)cc4[C@@H]2C3=O)O1
135,COc1ccc(OC)c(C2C3=C(CCCC3=O)Nc3c2c(=O)n(C)c(=O)n3C)c1
3415,O=C1N/C(=C/c2ccc(N3CCOCC3)o2)C(=O)N1c1cccc(Cl)c1
12235,CCC1CCc2c(sc3nc(SCC(=O)NCc4ccco4)n(-c4ccccc4)c(=O)c23)C1
12475,C=CCn1c(=S)[nH]c2nc3c(cc2c1=O)COC(C)(C)C3
7308,NS(=O)(=O)c1ccc(NC(=O)c2ccccc2C(=O)N2CCCCC2)cc1
4694,Cc1ccc(-n2[nH]c(C)c(/C=N/N3C(=O)c4cccc5cccc(c45)C3=O)c2=O)cc1
4859,CN(Cc1cccs1)C(=O)CCCc1c[nH]c2ccccc12
12252,FC(F)(F)c1cnc(Oc2ccccc2-c2nnc(-c3ccc(Cl)cc3)o2)c(Cl)c1
13089,CC(C)(O)C#Cc1cccc(-c2c[nH]c3cnc(N)nc23)c1
7014,CC(C)(C)NC(=O)CSc1nnc(Cc2ccc3c(c2)OCO3)n1C1CCCCC1
12686,NC(=O)C1CCN(CC(=O)Nc2ccccn2)CC1
6296,O=C(NCc1ccccc1F)C1CCCN1C(=O)NCc1ccccc1
7866,CCOC(=O)c1ccc(Nc2c(CC)c(C)nc3ncnn23)cc1
7940,CCc1c(C)nc2ncnn2c1Nc1ccc(C#N)c(Cl)c1
8854,O=C(Oc1cccc(NC(=O)c2ccco2)c1)c1cccc(S(=O)(=O)N2CCCC2)c1
10643,Cc1nnc(SCC(=O)c2cc(C)n(-c3ccc4c(c3)OCO4)c2C)s1
4960,Nc1ncccc1OCc1ccc(Cl)c(Cl)c1
6149,COc1ccc(Cn2c(C3CC3)nc3ccc(NC(=O)C4CC4)cc3c2=O)cc1
12875,CCOC(=O)/C=C1\SCC(=O)N1Cc1nnc(-c2ccccc2Br)o1
9305,CC1CCc2cc(F)ccc2N1C(=O)CSc1nnc(-c2cccs2)n1C
14862,CC1=CC(=O)[C@H]2/C(C=O)=C\C[C@H]3[C@@H]([C@@H](C)/C=C\[C@H]4OC4(C)C)CC[C@]3(C)C[C@H]12
3831,CC1(C)CC[C@]2(C)CC[C@]3(C)C4C[C@@H]5OO[C@@]6(O5)C(CCCC6(C)C)[C@]4(C)CC[C@@]3(C)C2C1
14151,NC(=O)c1sc(-c2ccnc(NC(=O)C3CC3)c2)nc1O
6430,Cc1cc(C)nc(SCc2nnc(SCC(=O)NCc3ccco3)n2-c2ccccc2)n1
8657,Cc1ccc(-n2c(CSc3nc(C)cc(C)n3)nnc2SCC(=O)NCc2ccco2)cc1
5776,CSc1nc2ccc(NC(=O)c3cccs3)cc2s1
8130,Cc1cccc2cc(CN(CC3CCCO3)C(=O)NC3CCCCC3)c(=O)[nH]c12
3680,O=C1NC(=S)S/C1=C\c1cc2ccccc2nc1N1CCCCC1
10285,CC1(C)CC(=O)C2=C(C1)NC(Nc1nc3ccccc3o1)=NC21CCCCC1
2946,CC1(C)CC(=O)c2sc(NC(=O)CCS(=O)(=O)c3ccccc3)nc2C1
13006,CC(C)(C)c1ccc(Oc2ccc(N)cn2)cc1
9048,CN(C)c1ccc(-c2nnn(Cc3ccccc3Br)n2)cc1
7959,O=C(NC1CCCC1)C(c1cccs1)N(Cc1ccco1)C(=O)Cn1nnc(-c2cccs2)n1
9593,CCOc1ccccc1C(=O)NCc1ccco1
2372,O=S(=O)(Nc1cc(Sc2cccc3cccnc23)c(O)c2ccccc12)c1ccccc1
11070,COc1ccc(CC(=O)OCc2nnc(C3COc4ccccc4O3)o2)cc1OC
1608,CC(C)(C)c1cc(OC(=O)c2ccncc2)ccc1O
4844,CCOC(=O)/C(=C/c1ccc(OC(=O)c2ccncc2)cc1)C(C)=O
3466,CC1(C)COC(/C=C/c2cccc([N+](=O)[O-])c2)=N1
3631,CS(=O)(=O)N(CCC#N)Cc1ccc(/C=C2\C(=O)Nc3ccccc32)o1
5316,O=C(NCc1ccccc1)C1CCCN(C(=O)Nc2ccccc2)C1
8441,Cc1occc1-c1nnc(SCC(=O)Nc2ccc3c(c2)OCO3)n1CC1CCCO1
5416,Cc1cc2nc3c(c(=O)n2[nH]1)CCCC3
10479,CCCC(=O)Nc1ccc2c(c1)nc(CN1CCCCC1)n2C
2951,CC(C)c1nc(SCC(=O)N2CCCc3ccccc32)c2c(=O)n(C)c(=O)n(C)c2n1
1253,O=C(OCc1ccccc1)c1c(Cc2cccc(Cl)c2)[nH]c2c1cc(O)c1ccccc12
1254,O=C(OCc1ccccc1)c1c(Cc2ccc(Cl)cc2)[nH]c2c1cc(O)c1ccccc12
2563,COc1ccccc1NS(=O)(=O)c1cc(NC(=O)c2ccncc2)ccc1N1CCCC1
10082,CC(=O)Nc1ccc2c(c1)CC1(C(=O)N(C)C(=O)N(C)C1=O)C1CCCN21
2,O=C(N1CCCC1)n1ncc(-c2ccc(-c3ccccc3)cc2)n1
2983,Cc1ccnc(NC(=O)c2ccc([N+](=O)[O-])o2)c1
2984,Cc1cccc(NC(=O)c2ccc([N+](=O)[O-])o2)n1
8185,CC(C)(C)c1nc2ccccc2c2nnc(SCC(=O)NCc3ccco3)n12
1064,N#CN1CC(OCc2ccc(Oc3ccccc3)cc2Br)C1
1096,N#CN1CC(OCc2ccc(Oc3ccccc3)cc2)C1
1731,CCC(=O)NC(c1ccc([N+](=O)[O-])cc1)c1c(O)ccc2ccccc12
11666,CCCCCCOc1ccc(Cc2ccccc2)c2ccccc12
10922,CC(=O)NCc1ccc(C(=O)CSc2nnc(-c3ccncc3)n2Cc2ccccc2)o1
605,CS(=O)(=O)c1ccc(C(=O)OCC(=O)NC(=O)C2COc3ccccc3O2)cc1[N+](=O)[O-]
1657,Cc1ccccc1-n1ccnc1SCC(=O)O
3558,CCOC(=O)C(=Cc1ccc(-n2ccnc2)cc1)C(=O)OCC
3592,CN(C)c1nc(C=C(C#N)C#N)c(Cl)n1-c1ccc(F)cc1
8348,O=C(NCc1ccncc1)c1ccc(Cl)c(S(=O)(=O)N2CCOCC2)c1
7190,CCOC(=O)CSc1nnc(-c2ccccc2NC(=O)c2ccccc2)o1
5910,CC(C)COC(=O)c1nnsc1NC(=O)Nc1ccccc1
5902,CCCCn1c(=O)c(C(=O)Nc2cnccn2)c(O)c2ccccc21
7995,NC(=O)C1CCN(c2nc(C3CC3)nc3c2nnn3Cc2ccccc2Cl)CC1
1475,CCOC(=O)CSc1nc(N)cc(=O)[nH]1
6547,CCOC(=O)c1cnc(SCC)[nH]c1=O
9524,CCc1nc(SC)[nH]c(=O)c1C
12822,C=C(C)CSc1nc(N)cc(=O)[nH]1
3451,CS(=O)(=O)c1ccc(S(=O)CC(=O)OCc2ccccc2)c([N+](=O)[O-])c1
7472,COC(=O)c1ccccc1NC(=O)COC(=O)c1cccnc1
9668,CCOc1ccc(NC(=O)COC(=O)c2cccnc2)cc1
8428,O=C(Nc1ccc2c(c1)OCO2)C1CCCN(S(=O)(=O)Cc2ccccc2)C1
3282,O=C(Nc1ccc(OCC(=O)N2CCOCC2)cc1)c1cncc(Br)c1
8176,COc1ccc(N(CC(=O)NC2CCCC2)C(=O)Cn2nnc(-c3ccc(F)cc3)n2)cc1OC
5970,CCn1c(COc2ccc(OC)cc2)nnc1SCC(=O)Nc1cc(OC)ccc1OC
7878,COC(=O)c1cccc(NC(=O)CSc2nnc(COc3cccc(C)c3)n2C)c1
9721,CCn1c(COc2ccccc2)nnc1SCC(=O)Nc1cc(OC)ccc1OC
13350,O=c1c2ccc(Nc3ccc(F)cc3F)cc2ccc2ccc(O)cc12
4202,COC(=O)N1C(=O)[C@@](Cc2ccccc2)(c2ccccc2)N1C(=O)OC
13889,O=C(NCc1ccc(Cl)cc1Cl)N1CCC(S(=O)(=O)c2ccc(F)cc2)CC1
3868,CCCC1OC2CC3C4CCC5=CC(=O)C=CC5(C)C4C(O)CC3(C)C2(C(=O)O)O1
3952,CC1(C)OC2CC3C4CC(F)C5=CC(=O)C=CC5(C)C4(F)C(O)CC3(C)C2(C(=O)CO)O1
4253,CC(=O)OCC(=O)[C@@]12OC(C)(C)O[C@@H]1CC1C3C[C@H](F)C4=CC(=O)C=CC4(C)[C@@]3(F)C(O)CC12C
4254,CC1(C)O[C@@H]2CC3C4C[C@H](F)C5=CC(=O)C=CC5(C)C4C(O)CC3(C)[C@]2(C(=O)CO)O1
4266,CC1(C)O[C@@H]2C[C@H]3[C@@H]4C[C@H](F)C5=CC(=O)C=C[C@]5(C)[C@@]4(F)[C@@H](O)C[C@]3(C)[C@]2(C(=O)CO)O1
4270,CCCC1O[C@@H]2C[C@H]3[C@@H]4CCC5=CC(=O)C=C[C@]5(C)[C@H]4[C@@H](O)C[C@]3(C)[C@]2(C(=O)CO)O1
4285,CC1(C)O[C@@H]2C[C@H]3[C@@H]4CCC5=CC(=O)C=C[C@]5(C)[C@@]4(F)[C@@H](O)C[C@]3(C)[C@]2(C(=O)CO)O1
4303,CC1(C)O[C@@H]2C[C@H]3[C@@H]4C[C@H](F)C5=CC(=O)C=C[C@]5(C)[C@H]4[C@@H](O)C[C@]3(C)[C@]2(C(=O)CO)O1
11713,O=C(CCc1ccccc1)Nc1cc(Nc2ccc3c(c2)CCCCC3=O)ccc1F
10596,N#C/C(=C(/O)COC(=O)CCc1ccc(S(=O)(=O)N2CCOCC2)cc1)c1nc2ccccc2[nH]1
8535,O=C1CCCCCN1Sc1ccccc1
2608,N#Cc1c(Nc2ccccc2C(F)(F)F)s[nH]c1=O
2609,N#Cc1c(Nc2ccccc2Cl)s[nH]c1=O
4353,C=C1C[C@@]23CCC4[C@@](C)(CCC[C@@]4(C)C(=O)OC)C2CC[C@]1(OC(C)=O)C3
8944,CC(C)(C)n1nnnc1C(c1cccc(C#N)c1)N1CCN2CCCC2C1
14441,C[C@@H]1CCN(C(=O)CC#N)C[C@@H]1N(C)c1ncnc2[nH]ccc12
9089,Cc1cc2c(c(C)nn2-c2ccccc2)c(=O)o1
2625,CC(C)n1cc(/C=N/Nc2ccc(Cl)c(C(=O)O)c2)c2ccccc21
5087,COc1ccc2c(/C=N/Nc3ccc(C(=O)O)cc3)c[nH]c2c1
15176,O=C1C=C2C=C[C@@H]3C[C@@]2(O1)[C@H]1CCCCN31
585,Cc1ccc(C)c(NC(=O)CN(C)C(=O)CSCc2c(C)noc2C)c1
1213,CC(C(=O)O)c1ccc(-c2cccc(OC(=O)NC3CCC3)c2)c(F)c1
6405,OC(COCC1CC=CCC1)Cn1cnc2ccccc21
4611,O=C1c2ccccc2S(=O)(=O)c2cc(C(=O)N(c3ccccn3)c3ccccn3)ccc21
4427,Cc1cc(-c2csc(N)n2)c(C)n1C
3312,Cc1cc(NC(=O)/C=C/c2cccc(Cl)c2)n(-c2nc3ccccc3[nH]2)n1
3658,Cn1c(N)c(C(=O)CSc2nc3ccccc3c(=O)n2Cc2ccccc2)c(=O)n(C)c1=O
14999,COc1cc(/C=C/C(=O)CC(=O)CCc2ccc(O)c(OC)c2)ccc1O
6803,Cc1cccc(C(=O)N2CCC(n3nnc4cc(F)ccc43)CC2)c1
8628,CCOc1ccccc1C(=O)N1CCC(n2nnc3cc(C)ccc32)CC1
3107,CCCCCCc1cc2cc(C(=O)Nc3cccc(OC)c3)c(=O)oc2cc1O
3128,CCCCCCc1cc2cc(C(=O)Nc3ccccc3OC)c(=O)oc2cc1O
3142,CCCCCCc1cc2cc(C(=O)Nc3ccccc3)c(=O)oc2cc1O
3144,CCCCCCc1cc2cc(C(=O)Nc3ccc(OC)cc3)c(=O)oc2cc1O
2367,O=C(Nc1ccc(NC(=O)c2sc3ccccc3c2Cl)cc1)c1ccco1
4434,Cc1[nH]n(-c2ccccc2)c(=O)c1C(C[N+](=O)[O-])c1ccccc1Cl
4601,Cc1[nH]n(-c2ccccc2)c(=O)c1C(C[N+](=O)[O-])c1ccc(Cl)cc1
4602,Cc1ccc(C(C[N+](=O)[O-])c2c(C)[nH]n(-c3ccccc3)c2=O)cc1
5079,Cc1[nH]n(-c2ccccc2)c(=O)c1C(c1ccccc1[N+](=O)[O-])C(C#N)C#N
5164,COc1ccc(C(C[N+](=O)[O-])c2c(C)[nH]n(-c3ccccc3)c2=O)cc1
5170,COc1cccc(C(C[N+](=O)[O-])c2c(C)[nH]n(-c3ccccc3)c2=O)c1
12350,CC[n+]1c(S(=O)(=O)[O-])ccc2ccc(C)cc21
7545,CC(=O)OCn1nnc2ccccc2c1=O
10061,CSCC[C@H](NC(=O)CCn1nnc2ccccc2c1=O)C(=O)O
10332,O=C(O)CCCCCNC(=O)CCn1nnc2ccccc2c1=O
14449,CS(=O)(=O)Nc1ccc(C(=O)O[C@@H](Cc2c(Cl)c[n+]([O-])cc2Cl)c2ccc(OC(F)F)c(OCC3CC3)c2)cc1OCc1ccccc1
1154,CC(C)Cc1ccc(C(C)c2nc3cc(-c4nc(C(=O)O)cs4)ccc3n2Cc2ccccc2Cl)cc1
14182,CC1(C)OC[C@@H](CCOc2ccc3c(c2)C(=O)c2ccc(Nc4ccc(F)cc4F)cc2CC3)O1
7501,CC(=O)N1CCN(c2ccc(NC(=O)c3ccc4c(c3)OCO4)cc2)CC1
7909,CN1CCN(c2ccc(NC(=O)c3ccc4c(c3)OCO4)cc2)CC1
589,O=C(Nc1ccc2c(c1)OCCO2)C1CCCC1
11923,COc1ccc(-c2cc3ccc(OCCCN(C)Cc4cccc(OC(=O)NCCCCCc5ccccc5)c4)cc3oc2=O)cc1
12012,CN(CCCOc1ccc2cc(-c3ccccc3)c(=O)oc2c1)Cc1cccc(OC(=O)NCCCCCc2ccccc2)c1
5960,Cc1cc2n(n1)C(c1ccsc1)Nc1ccccc1-2
11884,Cc1cc(C)nc(NS(=O)(=O)c2ccc(NC(=O)c3ccc4c(c3)OCO4)cc2)n1
9973,Cc1cc(S(=O)(=O)N(Cc2ccc3c(c2)OCO3)CC2CCCO2)ccc1-n1cnnn1
12897,C=CCn1c(N)c(C(=O)OCC(C)C)c2nc3ccccc3nc21
12819,CCOC(=O)c1sc(NC(=O)CCN2CCOCC2)c(C(=O)OCC)c1C
11811,CNC(=O)c1cc(C(=O)NC2CC2)cn(CC2CCOCC2)c1=O
1188,COc1ccc2c(c1)c(CC(=O)Nc1ccc(S(N)(=O)=O)cc1)c(C)n2C(=O)c1ccc(Cl)cc1
5182,CCCCC[C@H](O)/C=C/[C@H]1[C@H](O)CC(=O)[C@@H]1CCCCCCC(=O)O
15003,COc1cc(/C=C/C(=O)O[C@H]2[C@H](O)[C@@H](CO)O[C@@]2(CO)O[C@H]2O[C@H](COC(=O)c3ccc(O)cc3)[C@@H](O)[C@H](O)[C@H]2O)cc(OC)c1O
9607,Cc1nc2cc(C(F)(F)F)ccc2n1C1CCN(CC(=O)N2CCOCC2)CC1
9056,CCOC(=O)C(C)C1(O)c2ccccc2-c2ncccc21
7386,COc1cccc(CC(NC(C)=O)C(=O)NC2CCN(c3c4c(nc5ncnn35)CCC4)CC2)c1
12061,O=C(c1ccccc1)c1cc(F)c(N2CCOCC2)cc1Cl
2917,O=C(CCl)Nc1cccc(-c2cnc3ccccc3n2)c1
4999,Nc1ccc(-c2cnc3ccccc3n2)cc1
2184,Cc1ccc(/C(N)=N/OC(=O)c2ccc(C)cc2Cl)cc1
13126,O=C(O/N=C/c1ccc(Br)cc1)c1cc([N+](=O)[O-])cc([N+](=O)[O-])c1
2438,NS(=O)(=O)c1ccc(CCNC(=O)/C=C/c2ccc([N+](=O)[O-])cc2)cc1
15001,COc1cc(/C=C/C(=O)NCCc2ccc(O)cc2)ccc1O
15004,COc1cc(/C=C\C(=O)NCCc2ccc(O)cc2)ccc1O
9185,O=C(CCN1C(=O)CSC1=O)Nc1ccccc1
11014,CCOC(=O)c1cc(-c2ccccc2)sc1NC(=O)CSc1nnnn1C
2182,C/C(=N\NC(=O)COc1ccc(C(C)(C)C)cc1)c1cc2ccccc2o1
1729,O=C(c1cccc(F)c1)N1CCN(c2cc(N3CCCCC3)c(F)cc2[N+](=O)[O-])CC1
1384,Cc1[nH]nc2c1C1(C(=O)N(Cc3ccc(Cl)cc3)c3ccccc31)C(C#N)=C(N)O2
9846,O=C(NC1CCCCC1)NC1CC2CCC(C1)N2C(=O)NC1CCCCC1
71,Cc1ccn(CCSCC(=O)O)n1
6363,COCCNC(=O)Cn1nc(C(F)(F)F)c(Cl)c1C
7385,CCCn1ncc(C(=O)O)c1C
12649,CC(C)n1ncc(C(N)=O)c1N
12669,CCCCNC(=S)NNC(=O)c1nn(C)cc1Cl
8148,CC(=O)Oc1ccc2oc3c(c2c1)C(=O)CCC3
3082,COc1ccc(-c2[nH]n(-c3ccc([N+](=O)[O-])cc3)c(=O)c2C=NCc2ccccc2)cc1
4783,CC(=O)Cc1nsc(NC(=O)c2oc(-c3ccccc3Cl)cc2C)n1
12453,CC(=O)Cc1nsc(NC(=O)c2ccc(-c3ccc(Cl)cc3Cl)o2)n1
347,O=S(=O)(NCc1cccnc1)c1ccc(Cl)s1
3489,COc1cccc(CNC(=O)CN2CCC(c3nc4ccc(C)cc4[nH]3)CC2)c1
6195,Cc1onc(-c2ccccc2)c1C(N)=O
6313,COCCCNC(=O)c1c(-c2ccccc2)noc1C
6894,CCCCOCCCNC(=O)c1c(-c2ccccc2)noc1C
10910,Cc1ccc(CN2CC(C(=O)Nc3ccc4c(C)cc(=O)oc4c3)CC2=O)cc1
9864,CCn1nnnc1SCC(=O)Nc1ccc(OCc2ccccc2)cc1
2231,Clc1ccc(-c2cc(-c3ccccn3)on2)c(Cl)c1
159,CN(c1ccccc1C(=O)Nc1ccc(S(=O)(=O)N2CCCCC2)cc1)S(C)(=O)=O
14131,FC(F)(F)c1ccc(CNc2ccc(Cc3c[nH]c4ncc(Cl)cc34)cn2)cn1
9403,CCc1ccc2[nH]c(=O)c(C(c3nnnn3CC3CCCO3)N3CCN4CCCC4C3)cc2c1
10754,Cc1cc(C)n(-c2nncn2NC(=O)c2ccc(Cl)cc2O)n1
2458,O=C(Nc1ccc(S(=O)(=O)Nc2nccs2)cc1)c1ccc(N2C(=O)c3ccccc3C2=O)cc1
9525,Cc1ccc(NCc2nnc(SCC(=O)c3ccc4c(c3)OCCO4)o2)c(C)c1
3835,CC1=C(/C=C/C(C)=C/C=C/C(C)=C\C(=O)O)C(C)(C)CCC1
4272,CC1=C(/C=C/C(C)=C/C=C/C(C)=C/C(=O)O)C(C)(C)CCC1
12759,O=C(NC(=S)Nc1nc(-c2ccc(Br)cc2)cs1)c1cccnc1
7764,COC(=O)C1(CCSC)NC(c2ccco2)C2C(=O)N(C)C(=O)C21
2911,Nc1ccc2c(c1)C(=O)C(=O)c1ccccc1-2
9261,N#Cc1cc2ccccc2nc1SCC(=O)Nc1ccccc1N1CCOCC1
13862,C[C@@H]1C(=O)NN=C2COc3cc(-c4ccccc4F)c(C4CCN(C)C4)cc3N21
13871,C[C@@H]1C(=O)NN=C2COc3cc(-c4ccccc4F)c([C@H]4CCN(C)C4)cc3N21
2633,COc1ccc(C(=O)Nc2nnc(CC(=O)N/N=C/c3ccc(O)cc3O)s2)cc1
6501,Cc1ccc(C)n1-c1ccncc1
12521,Cc1cc(/C=N\O)c(C)n1-c1ccncc1
12379,O=C(NCCCN1CCc2ccccc2C1)Nc1ccc(Br)cc1
7035,CCN1CCN(Cc2c(C)[nH]c3ccc(OC)cc3c2=O)CC1
2247,COC(=O)C1=C(C)NC(C)=C(C(=O)OC)C1c1ccccc1[N+](=O)[O-]
5183,COC(=O)C1=C(C)NC(C)=C(C(=O)OCC(C)C)C1c1ccccc1[N+](=O)[O-]
7382,COC(=O)C1=C(C)NC(C)=C(C(=O)OC)C1c1ccc(N(C)C)cc1
7871,CCOC(=O)C1=C(C)NC(C)=C(C(=O)OCC)C1c1ccc(OC)cc1
8456,COC(=O)C1=CN(C)C=C(C(=O)OC)C1c1ccc(O)c(OC)c1
9983,CCOc1ccccc1C1C(C(=O)OC)=CN(C)C=C1C(=O)OC
14007,NC(=O)c1cn(-c2ccc3c(c2)CCC3)c2nc(Nc3ccc(CN4CCOCC4)cc3)ncc2c1=O
9738,O=C(NC1CCS(=O)(=O)C1)OC1CCCCC1
12557,CC(=O)c1cc(OC(=O)c2ccncc2)ccc1OC(=O)c1ccncc1
9778,CC1Cc2ccccc2N1C(=O)CSc1nnnn1-c1ccc2c(c1)OCCO2
1769,C=CCc1cccc(/C=N/NC(=O)CCCNc2ccc(C)cc2)c1O
4763,CC(C)c1[nH]nc2c1C(c1ccco1)C(C#N)=C(N)O2
9118,CCCCN(c1ccccc1)c1cc(=O)n(C)c(=O)[nH]1
7345,COCCN(Cc1cc2cccc(C)c2n2nnnc12)C(=O)C(F)(F)F
1646,Cc1ccc(NC(=O)c2ccc(OC(=O)CCN3C(=O)c4ccccc4C3=O)cc2)cc1
15219,OC/C(=C/Cc1ccc(O)cc1)c1ccc(O)cc1
10964,O=C(c1ccc2c(c1)C(=O)N(c1ccc(Cl)cc1)C2=O)N1CCN(c2ccccn2)CC1
810,O=C(Nc1ccccc1F)N1C[C@@H]2N[C@H](C1)C2c1ccc(/C=C/c2ccccc2)cc1
10745,NC(=O)NC(CC(=O)OCC(=O)NC(=O)NCc1ccco1)c1ccc(Cl)cc1
10008,CC(=O)c1c(O)cc(C)n(Nc2nc(C)cc(C)n2)c1=O
10680,N#CC1=C(O)CCCn2c1nc1ccccc1c2=O
305,Cc1ccc(NC(=S)NCC2CCCO2)cc1C
7426,O=C(C1CCCCC1)N1CCC(n2nnc3ccccc32)CC1
5616,CN(C(=O)CCOc1ccccc1)c1c(N)n(Cc2ccccc2)c(=O)[nH]c1=O
9008,CC1(C)CC(NS(=O)(=O)c2ccc(S(=O)(=O)N3CCOCC3)cc2)CCO1
11066,CCC1CCCCN1CC(=O)Nc1cc(C)nn1-c1nc(C)cc(C)n1
2514,O=C(/C=C/c1ccccc1)Nc1nc(-c2ccncc2)cs1
4600,CC1=[N+](C)N(c2ccccc2)C(=O)C1N=Cc1c(Cl)cccc1Cl
7465,O=C(CSc1n[nH]c(=O)[nH]c1=O)c1ccccc1
5254,CCOC1=C/C(=C/c2c(N)n3nc(CC(=O)N4CCCC4)sc3nc2=O)C=CC1=O
5572,Nc1c(C=C2C=CC(=O)C=C2)c(=O)nc2sc(CC(=O)N3CCCC3)nn12
2272,O=C(NC1CCCC1)c1ccc2nc(-c3ccco3)c(-c3ccco3)nc2c1
2833,COc1ccccc1-n1nnnc1S(=O)(=O)Cc1ccc(Cl)cc1
5867,O=C(CSc1nnnn1-c1cccc2c1CCCC2)N1CCOCC1
9483,COCCn1nnnc1CN1C2CCCC1CC(NC(C)=O)C2
8747,O=C(c1ccccc1)c1ccc2nc[nH]c2c1
399,COc1cccc(-c2nc(-c3ccccc3)[nH]c2-c2ccnc(NCCCNS(=O)(=O)c3ccccc3)c2)c1
401,O=S(=O)(NCCCNc1cc(-c2[nH]c(-c3ccccc3)nc2-c2cccc(O)c2)ccn1)c1cccc(F)c1
403,COc1cccc(-c2nc(-c3ccccc3)[nH]c2-c2ccnc(NCCCNS(=O)(=O)c3ccc(Br)cc3)c2)c1
406,O=S(=O)(NCCCNc1cc(-c2[nH]c(-c3ccccc3)nc2-c2cccc(O)c2)ccn1)c1cccc(Cl)c1
409,COc1cccc(-c2nc(-c3ccccc3)[nH]c2-c2ccnc(NCCCNS(=O)(=O)c3ccc(C(F)(F)F)cc3)c2)c1
411,O=S(=O)(NCCCNc1cc(-c2[nH]c(-c3ccccc3)nc2-c2cccc(O)c2)ccn1)c1c(Cl)cccc1Cl
412,O=S(=O)(NCCCNc1cc(-c2[nH]c(-c3ccccc3)nc2-c2cccc(O)c2)ccn1)c1ccc(Br)cc1
414,O=S(=O)(NCCCNc1cc(-c2[nH]c(-c3ccccc3)nc2-c2cccc(O)c2)ccn1)c1ccc(Cl)cc1
418,O=S(=O)(NCCCNc1cc(-c2[nH]c(-c3ccccc3)nc2-c2cccc(O)c2)ccn1)c1ccc(C(F)(F)F)cc1
419,COc1cccc(-c2nc(-c3ccccc3)[nH]c2-c2ccnc(NCCCNS(=O)(=O)c3c(Cl)cccc3Cl)c2)c1
424,COc1cccc(-c2nc(-c3ccccc3)[nH]c2-c2ccnc(NCCCNS(=O)(=O)c3cccc(F)c3)c2)c1
425,COc1cccc(-c2nc(-c3ccccc3)[nH]c2-c2ccnc(NCCCNS(=O)(=O)c3cccc(Cl)c3)c2)c1
427,O=S(=O)(NCCCNc1cc(-c2[nH]c(-c3ccccc3)nc2-c2cccc(O)c2)ccn1)c1ccccc1
428,COc1cccc(-c2nc(-c3ccccc3)[nH]c2-c2ccnc(NCCCNS(=O)(=O)c3ccc(Cl)cc3)c2)c1
429,O=S(=O)(NCCCNc1cc(-c2[nH]c(-c3ccccc3)nc2-c2cccc(O)c2)ccn1)c1ccc(O)cc1
430,O=S(=O)(NCCCNc1cc(-c2[nH]c(-c3ccccc3)nc2-c2cccc(O)c2)ccn1)c1ccc(F)cc1
431,COc1ccc(S(=O)(=O)NCCCNc2cc(-c3[nH]c(-c4ccccc4)nc3-c3cccc(OC)c3)ccn2)cc1
433,COc1cccc(-c2nc(-c3ccccc3)[nH]c2-c2ccnc(NCCCNS(=O)(=O)c3ccc(F)cc3)c2)c1
435,COc1ccc(S(=O)(=O)NCCCNc2cc(-c3[nH]c(-c4ccccc4)nc3-c3cccc(O)c3)ccn2)cc1
6176,Cc1ccc2[nH]c(=O)c(CN(Cc3cccnc3)Cc3nnnn3CCN3CCOCC3)cc2c1
9657,CC1Cc2ccccc2N1C(=O)C1CCN(S(=O)(=O)Cc2ccccc2)CC1
1529,CC(=O)c1cccc(NS(=O)(=O)N2CCCCC2)c1
3813,Cc1ccc(F)c([C@H]2C3C=CCC(c4ccccc4)C3C(=O)N2Cc2ccccc2)c1
8761,CN(C)c1ccc(C(C(=O)NC(C)(C)C)N(C(=O)c2csnn2)C2CC2)cc1
2129,CCOc1ccc(C2=Nn3c(nnc3-c3ccco3)SC2)cc1
12381,Cc1cc(NC(=O)COC(=O)c2c(C)nn(Cc3ccccc3)c2Cl)no1
10616,Cn1c(SCC(=O)NCc2ccc(F)cc2)nc2ccccc21
10936,Cc1nn(-c2ccccc2)c2c1C1(C(=O)N(C)c3ccccc31)N(c1ccccc1)C(=O)N2
2655,Cc1ccc(-c2cc(C(=O)N3CC(C)CC(C)C3)c3ccccc3n2)o1
14088,CNC(=O)c1cc(C(=O)NC2CC2)cn(Cc2cccc3[nH]ccc23)c1=O
2442,COc1ccc(N=C2S/C(=C\c3ccc(OC(C)C(=O)O)c(OC)c3)C(=O)N2CCc2c[nH]c3ccccc23)cc1
5149,CCOc1cc2c(cc1/C=C/c1noc(C)c1[N+](=O)[O-])OC(C)C2
6900,N#CC1=C(N)C(C#N)(C#N)C(c2cccnc2)C2CCCC=C12
13983,CCN(CC)CCN(C(=O)Nc1ccc(Cl)cc1)c1ccc2nc(N)sc2c1
14163,Nc1nc2ccc(NC(=O)Nc3ccc(Cl)cc3)cc2s1
6148,O=C(NCc1ccco1)C1CCN(S(=O)(=O)c2ccc(-n3cnnn3)cc2)CC1
4696,O=C1NC(=O)N(c2ccccc2)C(=O)/C1=C/c1coc2ccc(O)cc2c1=O
4974,Nc1ccccc1SC(C[N+](=O)[O-])c1ccccc1
4979,Cc1ccc(C(C[N+](=O)[O-])Sc2ccc(N)cc2)cc1
10232,CC(C)C(=O)Nc1ccc2c(c1)nc1n2CCSC1
10432,CCC(=O)Nc1ccc2c(c1)nc1n2CCSC1
12802,CCOc1cc(N2CCOCC2)c(OCC)cc1NC(=O)COC(=O)[C@H](Cc1c[nH]c2ccccc12)NC(C)=O
568,O=C(c1cc(-c2ccco2)nc2ccccc12)N(Cc1nnc(-c2ccc(Cl)cc2)o1)C1CC1
5602,CC1C(=O)N2CCCc3cc(S(=O)(=O)N4CCCCC4)cc1c32
7629,CCC(c1nnnn1Cc1ccco1)N(Cc1cc2cc(OC)ccc2[nH]c1=O)C1CCCCC1
8390,CCCC1(C(=O)OC)NC(c2ccc(OC)c(OC)c2)C2C(=O)N(c3ccc4c(c3)OCO4)C(=O)C21
3018,O=[N+]([O-])c1cc(Cl)cc(/C=N\Nc2ccccn2)c1O
3259,O=[N+]([O-])c1ccc(O)c(/C=N/Nc2ccccn2)c1
3973,COc1cccc(/C=N/Nc2ccc([N+](=O)[O-])cn2)c1O
3986,Oc1ccc(Br)cc1/C=N/Nc1ccccn1
12146,O=P1(O)C=C(c2ccccc2)OC(c2ccccc2)=C1
9287,COc1nc(NCc2ccco2)nc(N2CCC(C)CC2)n1
217,CN(C)C(=O)C1(c2ccccc2)CCN(S(=O)(=O)c2ccccc2)CC1
7211,CC(=O)Nc1ccc(S(=O)(=O)N2CCC(NC(C)=O)(c3cccc(F)c3)CC2)cc1
8444,COc1ccc(CN(CC(=O)NCC2CCCO2)C(=O)CCC(=O)Nc2cc(C)on2)cc1
5779,O=C(CSc1nc2nn(-c3ccccc3)c(=O)c-2c2n1CCCCC2)Nc1ccc(F)c(F)c1
3464,O=[N+]([O-])c1ccc(S(=O)(=O)CC(CN2CCCCC2)N2CCCCC2)cc1
3487,Cc1ccc(S(=O)(=O)CC(CN2CCCCC2)N2CCCCC2)cc1
10759,O=C(CSc1ncn[nH]1)Nc1ccc(Br)cc1F
12296,CCOc1ccc(N=C2C(=O)N(CN3CCOCC3)c3ccccc32)cc1
14100,Cc1c(C(C)C)c(=O)on1C(=O)N1CCCC1
1502,COc1cccc(S(=O)(=O)Nc2ccc(C(=O)N3CCN(C(=O)c4ccco4)CC3)cc2)c1
7409,CCCOc1ccc(-c2nnn(CC(=O)c3ccc4c(c3)OCCO4)n2)cc1
9937,CCOc1ccc(-c2nnn(CC(=O)c3ccc4c(c3)OCCO4)n2)cc1
5140,COC(=O)Cc1nc(NC(=O)c2cccs2)sc1C
5156,CCOC(=O)Cc1csc(NC(=O)c2ccc(Cl)s2)n1
6134,CCn1c(SCC(=O)Nc2cccc(C)n2)nnc1-c1ccco1
7518,CCCCn1c(SCC(=O)Nc2cccc(C)n2)nnc1-c1ccco1
7573,CCCn1c(SCC(=O)Nc2cccc(C)n2)nnc1-c1ccco1
14658,C=C1CC[C@H]2C(C)(C)CCC[C@]2(C)[C@H]1CCC1=CC(=O)OC1
7311,O=C(NCc1ccco1)C(c1cccs1)N(C(=O)C1COc2ccccc2O1)c1cccc(O)c1
12486,COc1ccccc1OCCCc1c(C)n[nH]c1C
11022,O=C(NC1CCCCCC1)c1cc(S(=O)(=O)N2CCOCC2)ccc1N1CCCCC1
11077,Cc1nn(-c2ccc(F)cc2)c2c1cc(C#N)c1nc3ccccc3n12
13640,COC(=O)c1ccc(CNC(=O)Cc2ccc(Oc3nc4ccccc4s3)cc2F)cc1
14793,CC(C)=CCc1cc2c(c3c1OC(C)(C)C=C3)O[C@H](c1ccc3c(c1)OCO3)CC2=O
14817,CC1(C)C=Cc2c(ccc3c2OC(c2ccc4c(c2)OCO4)CC3=O)O1
15048,COc1cc2c(c3c1C(=O)C[C@@H](c1ccc4c(c1)OCO4)O3)C=CC(C)(C)O2
1157,CC(C)Cc1ccc(C(C)c2nc3cc(-c4n[nH]c(=S)o4)ccc3n2Cc2ccccc2Cl)cc1
10599,Cc1ccc(C(=O)OCC(=O)Nc2ccc3c(c2)OCO3)o1
11050,CCN(CC(=O)NC1CCS(=O)(=O)C1)c1nc(-c2ccccc2)nc2ccccc12
7200,CCOc1ccc(C(=O)NCc2ccncc2)cc1
8011,Cc1cc(C)cc(C(=O)NCc2ccncc2)c1
2622,Cc1cc(=O)oc2cc(NC(=O)c3cccc(Br)c3)ccc12
7851,CCCN1C2CCCC1CC(NC(=O)Nc1cccc(C(C)=O)c1)C2
3560,O=C(Nc1ccc(NC(=O)c2ccccn2)cc1)C(=O)Nc1ccc2c(c1)OCCO2
3417,O=C(Nc1cccnc1)c1sc2cccc(F)c2c1Cl
551,Nc1c(C(=O)N2CCOCC2)sc2nc3c(cc12)CCCC3
14660,C=C1CC[C@H]2[C@@H](/C=C(\C)C(=O)[C@@]3(OC(C)=O)C[C@H](C)[C@H](OC(=O)c4ccccc4)[C@@H]3[C@H]1OC(C)=O)C2(C)C
14669,C=C1[C@@H](OC(C)=O)C[C@H]2[C@@H](/C=C(\C)C(=O)[C@@]3(OC(C)=O)C[C@H](C)[C@H](OC(=O)c4ccccc4)[C@@H]3[C@H]1O)C2(C)C
14670,C=C1[C@@H](OC(C)=O)C[C@H]2[C@@H](/C=C(\C)C(=O)[C@@]3(OC(C)=O)C[C@H](C)[C@H](OC(=O)c4ccccc4)[C@@H]3[C@H]1OC(C)=O)C2(C)C
5536,Cc1cc(OCC(=O)NCc2ccncc2)c2c3c(c(=O)oc2c1)CCC3
10171,CNC(=O)ON(C(=O)NC)C1N(C)C(=S)SC1(C)C
8691,O=S(=O)(c1ccc(-c2nnc(SCc3ccccc3)o2)cc1)N1CCCC1
8909,Cc1ccc(CSc2nnc(-c3ccc(S(=O)(=O)N4CCCC4)cc3)o2)cc1
13176,COc1ccc2cc(C(=O)NCCN3CCNC3=O)cnc2c1
8688,COCCn1c(SCCN2CCCCC2)nc2ccccc2c1=O
6366,Cc1ccc(NCc2nnc(SCCN3CCCCC3)n2CC2CCCO2)cc1Cl
5032,CSc1cccc(N=C2C(=O)Nc3ccccc32)c1
5034,O=C1Nc2ccccc2C1=Nc1cccc(Cl)c1
5042,Cc1cccc(N=C2C(=O)Nc3c(Cl)cccc32)c1
5061,CC(=O)c1ccc(N=C2C(=O)Nc3ccccc32)cc1
5143,Cc1ccc(N=C2C(=O)Nc3ccccc32)cc1
3524,Cc1oc2c(c1C(=O)N1CCOCC1)C(=O)c1ccccc1C2=O
5590,CN(C(=O)C1CC1)C1CCS(=O)(=O)C1
1716,N#CC(C#N)=C/C(C#N)=C(/N)N1CCN(c2ccc(Cl)cc2)CC1
1774,COCCCNC(=S)N1CCN(c2ccc([N+](=O)[O-])cc2)CC1
1916,CC1CN(c2cc([N+](=O)[O-])ccc2Cl)CC(C)N1
2116,Clc1cccc(N2CCNCC2)c1Cl
6166,CCOC(=O)N1CCN(c2cc(C)c(C(C)=O)cc2F)CC1
6215,N#Cc1ccc(N2CCNCC2)c(F)c1
6386,CN1CCN(c2ccc(NC(=O)C(C)(C)C)cc2)CC1
8151,CN(C)S(=O)(=O)N1CCN(c2ccc(Cl)cc2)CC1
9025,CCCC(=O)Nc1ccc(N2CCN(C(=O)CCC)CC2)cc1
10926,CC(C)C(=O)Nc1ccc(N2CCN(S(C)(=O)=O)CC2)cc1
12542,CCOC(=O)C(/C=C(\C#N)C(=O)OCC)=C(/N)N1CCN(c2ccc(Cl)cc2)CC1
11856,COCOc1ccc(CN2CCc3cc(NC(=S)NCC(C)(C)C)ccc32)cc1
11857,CC(C)(C)CNC(=S)Nc1ccc2c(c1)CCN2Cc1ccc(O)cc1
13145,CC(C)(C)CNC(=S)Nc1ccc2c(c1)CCN2Cc1ccc(N=O)cc1
13492,CC(C)(C)CNC(=O)Nc1ccc2c(c1)CCN2Cc1ccc(F)cc1
7048,CN(C(=O)c1cccnc1)c1nc(-c2ccccc2)cs1
2620,COc1cc(/C=C2\SC(=O)N(CC(=O)Nc3ccc(C)cc3)C2=O)cc(Cl)c1OCC(=O)O
5020,O=C(CN1C(=O)S/C(=C\c2cc(Cl)c(O)c(Cl)c2)C1=O)Nc1ccccc1
5342,c1ccc2[nH]c(NCCCN3CCOCC3)nc2c1
2191,O=c1[nH]c(/C(Cl)=C/c2cc(Cl)ccc2O)nc2cc(Cl)ccc12
2219,Cc1ccc(/C=C/c2nc3ccccc3c(=O)[nH]2)cc1
5085,CN(C)c1ccc(/C=C/c2nc3ccccc3c(=O)n2CCO)cc1
5219,CN(C)c1ccc(/C=C/c2nc3ccccc3c(=O)[nH]2)cc1
3855,COc1ccc(C(=O)Nc2cccc(NC(=O)c3ccc(OC)c(OC)c3)n2)cc1OC
5524,O=C(Nc1cccc(NC(=O)c2ccc(Cl)cc2)n1)c1ccc(Cl)cc1
14622,C=C1C(=O)O[C@@H]2C[C@]3(C)[C@@H](CCC(C)=O)[C@@H]3C[C@H]12
10968,O=C(COC(=O)C1CCN(S(=O)(=O)c2cccs2)CC1)c1cc2ccccc2o1
14834,CC1(C)Oc2cc(CC3=C(c4ccc(O)cc4)C(=O)NC3=O)ccc2C[C@@H]1O
2492,O=C(NN1C(=O)C2CC=C(Cl)CC2C1=O)c1ccncc1
8039,Cc1ccc(NCc2nnc(SCc3ccc(C#N)cc3)n2Cc2ccco2)c(C)c1
6638,CCNC(=O)C1CC(=O)N(CC)C(=Nc2cc(Cl)c(O)c(Cl)c2)S1
7074,CCN1C(=O)CC(C(=O)O)SC1=Nc1ccc(OC)cc1
7863,CCN1C(=O)CC(C(=O)NC)SC1=Nc1cc(Cl)c(O)c(Cl)c1
2170,NC(=O)c1ccsc1NC(=O)c1ccc2c(c1)CCCC2
10611,CCN1C(c2ccc(F)cc2)=CS/C1=C(\C#N)c1nnc2n1-c1ccccc1SC2
10708,CN1C(c2ccc(F)cc2)=CS/C1=C(\C#N)c1nnc2n1-c1ccccc1SC2
13624,COC(=O)c1ccc2cc(NC(=O)C3CCN(S(=O)(=O)c4ccc(C)cc4C)CC3)ccc2c1
14208,Cc1ccc(S(=O)(=O)N2CCC(C(=O)Nc3ccc4ccccc4c3)CC2)c(C)c1
14474,Cc1ccc(S(=O)(=O)N2CCC(C(=O)Nc3ccc4cc(C(=O)O)ccc4c3)CC2)c(C)c1
3165,O=C(c1ccc(S(=O)(=O)c2ccc(F)cc2)c([N+](=O)[O-])c1)N1CCCCCC1
1387,Cn1c(SCC(=O)N2CCOCC2)nnc1-c1cccc(NC(=O)c2ccccc2)c1
2741,CCCCOC(=O)Nc1ccc(S(=O)(=O)Nc2nc(C)cc(C)n2)cc1
5326,COc1cnc(NS(=O)(=O)c2ccc(N)cc2)nc1
8277,Cc1cc(C)nc(N(C#N)S(=O)(=O)c2ccccc2)n1
9728,COc1cc(C)nc(NS(=O)(=O)c2ccc(C)cc2)n1
12173,COC(=O)CN(c1nc(C)c(Cl)c(OC)n1)S(=O)(=O)c1ccc(C)cc1
5147,Fc1ccccc1CNc1nc(-c2cccnc2)nc2ccccc12
5154,Fc1ccc(CNc2nc(-c3cccnc3)nc3ccccc23)cc1
12575,C/C(=N\OCc1ccc(F)cc1Cl)c1ccc(CC#N)s1
7960,Cn1c(SCC(=O)NCC2CCCO2)nnc1-c1ccc(S(=O)(=O)N2CCCC2)cc1
4542,O=C1NN(c2ccccc2)C(=O)/C1=C/c1cccs1
4705,O=C1NN(c2ccc(F)cc2)C(=O)/C1=C/c1cccs1
4757,Cc1ccsc1/C=C1/C(=O)NN(c2ccccc2)C1=O
4824,O=C1NN(c2cccc(Br)c2)C(=O)/C1=C/c1cccs1
1404,COc1cc(CC(=O)Oc2ccc3c(c2)OCO3)cc(OC)c1OC
8146,CCn1c(SCC(=O)Nc2ccc3c(c2)OCO3)nc2c1c(=O)n(C)c(=O)n2C
1912,COc1ccccc1Cc1nc(-c2ccncc2)no1
12243,COc1ccc(-c2nc(N)n(C(C)=O)n2)cc1
13034,CCCCCCSc1nc(-c2ccc(C)cc2)nn1C(=O)N(C)C
14087,COc1ccc(-c2nc(SC)n(C(=O)N(C)C)n2)cc1
14162,Cc1ccc(-c2nc(SCC(F)(F)F)n(C(=O)N(C)C)n2)cc1
14347,CCSc1nc(-c2ccc(Cl)cc2)nn1C(=O)N(C)C
14407,CSc1nc(-c2ccc(OC(F)(F)F)cc2)nn1C(=O)N(C)C
14408,CSc1nc(-c2ccc(C(F)(F)F)cc2)nn1C(=O)N(C)C
14439,CCCSc1nc(-c2ccc(Cl)cc2)nn1C(=O)N(C)C
14477,CSc1nc(-c2ccc(C)cc2)nn1C(=O)N(C)C
14497,CSc1nc(-c2ccc(Cl)cc2)nn1C(=O)N(C)C
6976,CCc1cccc2c(=O)c(C(=O)N3CCOCC3)c[nH]c12
6042,COc1ccccc1CC(NC(C)=O)C(=O)NC1CCN(c2nnnn2-c2ccccc2)CC1
472,CCC(=O)Nc1cc(-c2nn(C)c(=O)c3ccccc23)ccc1N1CCCCC1
14816,CC1(C)C=Cc2c(ccc(C3CC(=O)c4c(O)cc(O)cc4O3)c2O)O1
11518,CN(C)CCNc1ncnc2c1sc1nc(-c3ccccc3)c3c(c12)CCCC3
10493,O=C(CSc1nnc(COc2ccccc2)n1Cc1ccco1)c1ccc(F)cc1
10504,COc1ccc(C(=O)CSc2nnc(COc3ccccc3)n2Cc2ccco2)cc1
341,CCOC(=O)c1c(C)n(C)c2ccc(OC)c(NC(=O)CN3CCN(C4CCCCC4)CC3)c12
2200,Cc1cccc(N2CCN(C(=S)Nc3ccc4nc(N5CCN(C)CC5)cc(C)c4c3)CC2)c1C
5988,CC(C)(C)c1ccc(Cn2nnc3c(=O)[nH]c(C4CCCN(C(=O)Cc5cccs5)C4)nc32)cc1
8537,O=C(Cc1cccs1)N1CCCC(c2nc3c(nnn3Cc3ccccc3Cl)c(=O)[nH]2)C1
4145,O=C(Nc1ccc(N2CCN(C(=O)c3ccccc3F)CC2)cc1)c1cncc(Br)c1
2846,CCCN(CCC)c1ncnc2nc[nH]c12
3409,CCCCN(CCCC)c1ncnc2nc[nH]c12
2727,COc1nc(-c2ccc(C)cc2)ccc1-c1noc(-c2cccnc2)n1
8279,CCOc1nc(-c2ccc(OC)cc2)ccc1-c1noc(-c2cccnc2)n1
3547,COCc1cc(S(=O)c2ccc(Cl)cc2)nc(C)n1
8447,Cc1sc2nc(CN(Cc3cccs3)C(=O)NC3CCCCC3)[nH]c(=O)c2c1C
13016,Fc1cccc(Cl)c1-c1ncc(-c2ccc(C#Cc3nccs3)nc2)[nH]1
1440,CCn1cc(C(=O)NCc2ccco2)c(=O)c2cc(S(=O)(=O)N3CCc4ccccc4C3)ccc21
8254,O=C(NCC1CCCO1)C1CCCN1C(=O)NC1CCCCC1
6965,CCC(OC(=O)c1cccs1)C(=O)NC1CCCCC1
9986,CC(C)(C)NC(=O)C(c1ccco1)N(C(=O)Cn1nnc(-c2ccc(F)cc2)n1)c1ccccc1F
12209,CCCCCCOc1ccc(-c2nn(-c3ccc(Cl)cc3)cc2/C=C2/SC(=S)NC2=O)cc1
5699,CCN(CC)S(=O)(=O)c1ccc(OC)c(NC(=O)CCc2c(C)noc2C)c1
1777,CCCCN1C(=O)C2C3C=CC(C2C1=O)C1C2C(=O)N(CCCC)C(=O)C2C31
698,COCCCNc1ccn2nc(-c3ccccc3)cc2n1
6082,Cc1cccc(-c2cc3nc(C)cc(NCCCN(C)C)n3n2)c1
7334,CCOc1cc(-c2nc3ccccn3c2NCC2CCCO2)ccc1O
9928,CCOc1cc(-c2nc3cc(C)ccn3c2NCC2CCCO2)ccc1O
3304,N#C/C(=C\c1cccc(NC(=O)c2ccccc2Cl)c1)C(=O)NCCc1ccccc1
10600,O=C(Nc1nc(-c2cccs2)cs1)c1cccc(S(=O)(=O)N2CCCCC2)c1
1841,Clc1ccc(CNc2ccc3nnc(-c4ccccc4)n3n2)cc1
4918,COc1ccc2c(c1)CCCN2C(N)=Nc1ccc(Cl)cc1
8251,Cc1ccc(-c2nnn(CC(=O)N(Cc3ccco3)C(C(=O)NC(C)(C)C)c3cccs3)n2)o1
9123,Cc1ccc(-c2nnn(CC(=O)N(Cc3cccs3)C(C(=O)NC(C)(C)C)c3ccco3)n2)o1
10892,Cc1cccc(NC(=O)c2cc(-c3ccco3)nc3ccccc23)n1
11342,O=C1c2ccccc2C(=O)N1CCCCCC(=O)N1CCc2ccccc21
10105,COc1ccc(-c2cc3ccc(OCc4nn[nH]n4)cc3oc2=O)cc1OC
10487,COc1ccc(-c2cc3ccc(OCc4nn[nH]n4)cc3oc2=O)cc1
9544,O=C(C1CCCN(S(=O)(=O)c2ccccc2)C1)N1CCCc2ccccc21
10711,COCC(C)n1c(C)cc(C(=O)COC(=O)c2nc3nc(C)cc(C)n3n2)c1C
12846,CC1(C)CC(=O)C(C(=O)/C=C/NCCc2ccccc2)C(=O)C1
5683,COc1ccc(CCN2CC(C(=O)OCC(=O)NC(Cc3ccccc3)C(C)=O)CC2=O)cc1OC
9761,COc1ccc(OC)c(-n2nnnc2SCC(=O)NCCc2ccccc2)c1
11324,O=C1CCC(=O)N1c1nc2nc(-c3ccccc3)cc(=O)n2[nH]1
6785,COc1ccc2cc(CN(Cc3ccco3)C(c3nnnn3C3CCCCC3)C(C)C)c(=O)[nH]c2c1
16,COc1ccccc1Nc1ccc(N)cc1
683,O=[N+]([O-])c1cc([N+](=O)[O-])c(Nc2ccc(Cl)cc2)c([N+](=O)[O-])c1
3611,CC(C)N(c1ccccc1)c1ccc(NC(=O)CCl)cc1
3898,N#CC(C#N)=C(C#N)c1ccc(Nc2ccccc2)cc1
11259,O=C(O)Cc1ccccc1Nc1c(Cl)cccc1Cl
12233,Cc1cccc(Nc2ccccc2)c1
12340,CC(C)(C)CC(=O)Nc1ccc(Nc2ccccc2)cc1
13087,CN1CCN(c2ccc(Nc3ncc4c(=O)c(C(N)=O)cn(-c5ccccc5)c4n3)cc2)CC1
467,c1ccc(-c2nnc(-c3ccccn3)nn2)nc1
11052,O=C(CSc1nc2ccccc2s1)N1CCN(C(=O)c2ccco2)CC1
12352,O=C(Nc1ccc(N2CCCCC2)c(Cl)c1)c1cccnc1
260,COC(=O)c1cc(OC)c(OCc2cc(C(=O)OC)oc2C)c(OC)c1
6128,Cc1nonc1NC(=O)CSc1ccc(-c2ccccc2)nn1
5672,COc1ccc(Cl)cc1NC(=O)COc1ccc2c(c1)OCO2
5678,Cc1ccc(NC(=O)COc2ccc3c(c2)OCO3)c(Cl)c1
5689,Cc1ccc(NC(=O)COc2ccc3c(c2)OCO3)c(C)c1
11764,Cc1ccc(-c2csc3nc4c5ccccc5c(NCCCN(C)C)nn4c(=O)c23)cc1
12321,CCN(CC(=O)Nc1ccc2c(c1)OCCO2)S(=O)(=O)c1cccs1
6473,CCOC(=O)Cc1csc(NC(=O)CSc2nnnn2-c2ccc(F)cc2)n1
6510,COc1ccc(OC)c(-n2nnnc2SCC(=O)Nc2nc(C)c(C)s2)c1
7279,CCOC(=O)c1csc(NC(=O)CSc2nnnn2-c2ccc(OCC)cc2)n1
7984,CCOC(=O)c1sc(NC(=O)CSc2nnnn2-c2ccc(C)cc2C)nc1C
8995,CCOC(=O)c1sc(NC(=O)CSc2nnnn2-c2ccc(C)c(C)c2)nc1C
9949,CCOC(=O)Cc1csc(NC(=O)CSc2nnnn2-c2ccc(CC)cc2)n1
14116,CC(C)c1cc(C(=O)N2Cc3ccc(CN4CCN(C)CC4)cc3C2)c(O)cc1O
3897,COc1ccc(COC(=O)C2=C(C)NC(=O)NC2c2ccc(OC)cc2)cc1
3901,COc1ccc(COC(=O)C2=C(C)NC(=O)NC2c2ccc(F)cc2)cc1
7941,CCOc1cc(C2NC(=O)NC(C)=C2C(=O)OCc2ccccc2)ccc1O
2851,CCCCCc1cc(O)c2c(C)cc(=O)oc2c1
4698,CCCCc1cc(=O)oc2cc(O)cc(O)c12
6276,COc1cc2ccc(=O)oc2c(O)c1OCC=C(C)C
7727,CCOC(=O)Nc1cc2c(C)cc(=O)oc2cc1C
7920,CCOC(=O)Cc1c(C)c2ccc(N(CC)CC)cc2oc1=O
9262,CCN(CC)c1ccc2c(Cl)c(Br)c(=O)oc2c1
10313,CC(=O)c1c(OCC(=O)O)ccc2c(C)cc(=O)oc12
10352,CCOC(=O)C(C)Oc1ccc2c(C)cc(=O)oc2c1C(C)=O
10448,CCc1cc(=O)oc2c(C)c(O)c(CN(C)C)cc12
10598,CC(C)NC(=O)c1cc2cc(Br)ccc2oc1=O
14551,C/C(=C\COc1ccc2ccc(=O)oc2c1)CC/C=C(\C)CCC(O)C(C)(C)O
14577,C=C(C)/C=C/c1c(OC)ccc2ccc(=O)oc12
14578,C=C(C)/C=C\c1c(OC)cc(OC)c2ccc(=O)oc12
14581,C=C(C)C(O)C(OCC)c1c(OC)ccc2ccc(=O)oc12
14582,C=C(C)C(O)CC/C(C)=C/COc1ccc2ccc(=O)oc2c1
14902,CCOC(C)(C)C(O)Cc1c(OC)cc(OC)c2ccc(=O)oc12
14903,CCOC(C)(C)[C@@H](O)Cc1c(OC)c(OC)cc2ccc(=O)oc12
14980,COc1c(OC/C=C(\C)CCC=C(C)C)ccc2ccc(=O)oc12
15030,COc1cc(OC)c2ccc(=O)oc2c1/C=C/C(C)=O
15031,COc1cc(OC)c2ccc(=O)oc2c1/C=C/C(C)C
15032,COc1cc(OC)c2ccc(=O)oc2c1C/C=C(\C)C=O
15033,COc1cc(OC)c2ccc(=O)oc2c1CC(=O)C(C)C
15034,COc1cc(OC)c2ccc(=O)oc2c1CC=C(C)C
15035,COc1cc(OC)c2ccc(=O)oc2c1CC=O
15105,COc1ccc2ccc(=O)oc2c1C(=O)C(=O)C(C)C
15106,COc1ccc2ccc(=O)oc2c1C(=O)C(OC(=O)CC(C)C)=C(C)C
12913,O=S(=O)(NCc1ccc(Cl)cc1)c1cnc[nH]1
12365,O=C1OC(N2CCN(C(=O)c3ccco3)CC2)c2ccccc21
5231,O=S(=O)(c1ccccc1)c1nnn2c1nc(NC1CCN(Cc3ccccc3)CC1)c1ccccc12
7859,CCc1nnc(NC(=O)CSc2nnc(-c3cc4ccccc4cc3O)n2CCOC)s1
9882,COCCn1c(SCC(=O)Nc2nnc(C)s2)nnc1-c1cc2ccccc2cc1O
14293,Cc1ccc(S(=O)(=O)N2CCC(C(=O)NC3CCCC3)CC2)c(C)c1
9377,Cc1ccc(C2CC(C(F)(F)F)n3nc(C(=O)NCc4ccco4)cc3N2)cc1
9670,O=C(NCc1ccco1)c1cc2n(n1)C(C(F)(F)F)CC(c1ccc(Br)cc1)N2
10993,CCn1c2ccccc2c2cc(NC(=O)Cc3ccc(S(=O)(=O)N4CCOCC4)s3)ccc21
8032,O=S(=O)(NC1CC1)c1cccc(S(=O)(=O)N2CCCC2)c1
4207,CC(=O)Oc1ccc(-c2ccc(C(=O)OCC(=O)N(C)CC(=O)Nc3ccccc3Cl)cc2)cc1
6535,O=C(CN1CCOCC1)Nc1ccc(OCc2ccccc2)cc1
14192,CN1CCN(Cc2ccc(-c3cn4c5nc(ncc35)NCCCCCCCC(O)CCCCC4)cc2)CC1
14212,CN1CCN(Cc2ccc(-c3cn4c5nc(ncc35)NCCCCCCCCC(O)CCCC4)cc2)CC1
4197,O=C(OCC(=O)N1CCCC1=O)c1nc(Cl)c(Cl)c(Cl)c1Cl
818,COc1ccc2c3c(n(C)c2c1)[C@@H](CO)N(C(=O)Nc1ccc(F)cc1)CC31CN(Cc2ccccc2F)C1
8967,O=S(=O)(NC1CCCC1)c1ccc(S(=O)(=O)N(Cc2cccs2)CC2CCCO2)cc1
15226,Oc1ccc(CC[C@H](O)CCCCc2ccc(O)c(O)c2)cc1
9896,COc1cccc(-n2nnnc2SCC(=O)Nc2cccc(C)n2)c1
3076,Cc1ccc(CCC(=O)Nc2ncc(Cc3cccc(Cl)c3Cl)s2)o1
3210,Cc1ccc(CCC(=O)Nc2ncc(Cc3cc(Cl)ccc3Cl)s2)o1
7646,Cc1cc(C)cc(-c2nnc(SCC(=O)NCc3cccs3)o2)c1
5770,C[C@@H]1COC(=O)[C@@H](CC(=O)OC(C)(C)C)C/C=C\C[C@@H](CC(=O)N[C@H](CO)Cc2ccccc2)C(=O)N1
5771,C[C@H]1COC(=O)[C@@H](CC(=O)OC(C)(C)C)C/C=C\C[C@@H](CC(=O)N[C@H](CO)Cc2ccccc2)C(=O)N1
5773,CC(C)(C)OC(=O)C[C@H]1C/C=C\C[C@@H](CC(=O)N[C@H](CO)Cc2ccccc2)C(=O)NCCOC1=O
15215,O=c1ccc2cc3c(cc2o1)O[C@@H](c1ccc(O)c(O)c1)[C@H](CO)O3
15217,O=c1ccc2cc3c(cc2o1)O[C@H](c1ccc(O)c(O)c1)[C@@H](CO)O3
7332,CC(=O)C1=C(O)C(=O)N(CCc2c[nH]c3ccccc23)C1c1ccco1
4298,CC[C@H](C)[C@H]1O[C@]2(CC[C@@H]1C)C[C@@H]1C[C@@H](CC=C(C)[C@@H](O[C@H]3C[C@H](OC)[C@@H](O[C@H]4C[C@H](OC)[C@@H](O)[C@H](C)O4)[C@H](C)O3)[C@@H](C)C=CC=C3CO[C@@H]4[C@H](O)C(C)=C[C@@H](C(=O)O1)[C@]34O)O2
12741,CCOc1ccc2nc(NCCNS(=O)(=O)c3ccccc3)c(C#N)cc2c1
2318,Oc1cccc2cc3cccc(O)c3c(O)c12
11703,Cc1c(CN2CCN(C(=O)C3CCCC3)CC2)cccc1Nc1nc2ccccc2s1
11887,Cc1c(CN2CCN(C(=O)C3CCCC3)CC2)cc(F)cc1Nc1nc2ccccc2s1
11922,Cc1c(CN2CCN(C(=O)C3CCCC3)CC2)cc(Cl)cc1Nc1nc2ccccc2s1
13086,Cc1c(Nc2nc3ccccc3s2)ccc(Cl)c1CN1CCN(C(=O)C2CCCC2)CC1
12663,Cc1ccc(N(CN2C(=O)NC(C)(C)C2=O)CN2C(=O)NC(C)(C)C2=O)cc1
4592,CCOC(=O)C1=C(O)c2ccccc2C(=O)/C1=C\c1ccc(C)cc1
1514,O=C1c2ccccc2-c2ncnc3cccc1c23
9222,Cc1nn2c(N)csc2nc1=O
14398,CN1CCN(c2ccc(NC(=O)c3cc(C#N)c[nH]3)c(N3CCCCC3)c2)CC1
14459,CC1CCN(c2cc(N3CCN(C)CC3)ccc2NC(=O)c2cc(C#N)c[nH]2)CC1
2357,O=C(CSc1ccc(Cl)cc1)Nc1cccc(-c2nc3ccccc3[nH]2)c1
13559,O=C(Nc1ccc(C2Oc3ccccc3S2)cc1)C1CCN(S(=O)(=O)c2ccccc2Cl)CC1
9990,Cn1c(=O)c2c(nc(CN3CCc4ccccc4C3)n2Cc2ccc(Cl)cc2)n(C)c1=O
10152,Cn1c(=O)c2c(nc(CN3CCc4ccccc4C3)n2Cc2ccccc2F)n(C)c1=O
10355,Cc1ccccc1Cn1c(CN2CCc3ccccc3C2)nc2c1c(=O)n(C)c(=O)n2C
10810,O=C(NCC1CCS(=O)(=O)C1)NCC1CCS(=O)(=O)C1
807,COc1cccc(S(=O)(=O)N2C[C@@H]3N[C@H](C2)C3c2ccc(/C=C/c3ccccc3)cc2)c1
9570,Nc1nnc(-c2ccncc2)s1
2122,COc1ccc(CC(=O)Nc2ccc(-c3noc(-c4ccc(Cl)cc4)n3)cc2)cc1
13196,CC(C#Cc1cncc(C(=O)NCc2ccccc2C(F)(F)F)c1)N(O)C(N)=O
14349,O=C(N1CCCCC1)n1nc(-c2ccc(Cl)cc2)nc1SCC1CC1
3228,COc1ccc(N=C2NC(=O)/C(=C/c3ccc(O)c(OC)c3)S2)cc1
3865,COc1ccc(/C=C2\SC(=Nc3ccccc3OC)NC2=O)cc1
3867,COc1cc(/C=C2\SC(=Nc3ccccc3OC)NC2=O)ccc1O
4010,CCN(CC)CCN1C(=O)/C(=C\c2ccc(Cl)c([N+](=O)[O-])c2)SC1=Nc1ccc(OC)cc1
5058,COc1ccccc1N=C1NC(=O)/C(=C/c2ccc(N(C)C)cc2)S1
5099,COc1cc(/C=C2\SC(=Nc3ccccc3)NC2=O)cc(Cl)c1O
13605,COc1ccc2cc(C(=O)NC3CCC(C)(O)CC3)cnc2c1
13625,COc1ccc2cc(C(=O)NC3CCC(O)CC3)cnc2c1
13662,COc1ccc2cc(C(=O)NC3CCCCC3)cnc2c1
13797,CNC(=O)C1CCC(NC(=O)c2cnc3cc(OC)ccc3c2)CC1
13973,COc1ccc2cc(C(=O)NC3CCC(OCC(C)(C)O)CC3)cnc2c1
13982,COc1ccc2cc(C(=O)NC3CCC(C(C)(C)O)CC3)cnc2c1
14103,CC(C)(O)C1CCC(NC(=O)c2cnc3cc(OC(F)(F)F)ccc3c2)CC1
14114,COc1ccc2cc(C(=O)NC3CCC(NCC(F)(F)F)CC3)cnc2c1
14186,CC(C)(O)C1CCC(NC(=O)c2cnc3cc(OC(F)F)ccc3c2)CC1
6278,CN1C(=O)N(C)C(=O)C(CCc2ccccn2)(CCc2ccccn2)C1=O
6109,O=C(COc1ccc(S(=O)(=O)N2CCCC2)cc1)NCc1ccco1
1583,COc1ccc(Cc2nnc(SCC(=O)NC3CCCC3)o2)cc1
6129,Cc1nn(C)c(C)c1NC(=O)CSc1nc(Cc2ccccc2)nc2c1cnn2-c1ccccc1
13455,O=C(NCCCCCc1ccccc1)Oc1cccc(-n2cc(COc3ccc4ccc(=O)oc4c3)nn2)c1
7351,O=C(c1ccco1)N1CCN(c2ncnc3c(-c4ccccc4)nsc23)CC1
9824,COc1ccc(-c2nsc3c(N4CCN(C(=O)c5ccco5)CC4)ncnc23)cc1
10955,CC(C)N(C(=O)NC(=O)NCC1CCCO1)S(C)(=O)=O
3905,COc1cc(/C=C2\SC(N)=NC2=O)ccc1O
5070,CCN(CC)c1ccc(/C=C2\SC(N)=NC2=O)cc1
5071,COc1cc(/C=C2\SC(N)=NC2=O)cc(Cl)c1O
5277,O=S(=O)(Nc1cccc(-c2ccc3nncn3n2)c1)c1cccc(F)c1
5279,O=[N+]([O-])c1ccccc1S(=O)(=O)Nc1cccc(-c2ccc3nncn3n2)c1
5282,Cc1nnc2ccc(-c3cccc(NS(=O)(=O)c4ccccc4[N+](=O)[O-])c3)nn12
5283,O=S(=O)(Nc1cccc(-c2ccc3nncn3n2)c1)c1cc(F)ccc1F
1741,CCCCCCOC(=O)/C=C/c1c(C)[nH]c(=O)[nH]c1=O
12707,N#Cc1c(N)nc2c(c1-c1ccncc1)CCCC2
6520,COc1ccc(-c2[nH]nc3oc(=O)cc(C)c23)cc1
4336,CCOC(=O)/C=C/C(=O)Nc1cc(S(=O)(=O)Nc2ccc(OC)cc2)ccc1N1CCOCC1
6432,O=C(Nc1ccc(N2CCN(C(=O)c3ccco3)CC2)cc1)c1cccs1
7402,Cc1ccc(-n2c(SCC(=O)Nc3ccc4c(c3)OCO4)nnc2-c2ccoc2C)cc1
9533,Cc1cccc(-n2c(SCC(=O)Nc3ccc4c(c3)OCO4)nnc2-c2ccoc2C)c1
8486,Cc1ccccc1NS(=O)(=O)c1ccc(NC(=O)c2ccco2)cc1
8629,Cc1ccc(C)c(NS(=O)(=O)c2ccc(NC(=O)c3ccco3)cc2)c1
1148,CC(C)Cc1ccc(C(C)c2nc3cc(OC(C)(C)C(=O)O)ccc3n2Cc2ccccc2Cl)cc1
1149,CC(C)Cc1ccc(C(C)c2nc3cc(C(=O)O)ccc3n2Cc2ccccc2Cl)cc1
1151,CC(C)Cc1ccc(C(C)c2nc3cc(OCC(=O)O)ccc3n2Cc2ccccc2Cl)cc1
1153,CC(C)Cc1ccc(C(C)c2nc3cc(CC(=O)O)ccc3n2Cc2ccccc2Cl)cc1
1158,CC(C)Cc1ccc(C(C)c2nc3c(C(=O)O)cccc3n2Cc2ccccc2Cl)cc1
1160,CC(C)Cc1ccc(C(C)c2nc3c(CCC(=O)O)cccc3n2Cc2ccccc2Cl)cc1
1163,CCC(C)c1ccc(C(C)c2nc3cc(C#N)ccc3n2Cc2ccccc2Cl)cc1
1165,CC(C)Cc1ccc(C(C)c2nc3cc(CCC(=O)O)ccc3n2Cc2ccccc2Cl)cc1
1166,CC(C)Cc1ccc(C(C)c2nc3cc(C(N)=O)ccc3n2Cc2ccccc2Cl)cc1
1171,CC(C)Cc1ccc(C(C)c2nc3cc(C(N)=S)ccc3n2Cc2ccccc2Cl)cc1
1172,CC(C)Cc1ccc(C(C)c2nc3cc(S(N)(=O)=O)ccc3n2Cc2ccccc2Cl)cc1
13334,CC(C)Cc1ccc(C(C)c2nc3ccccc3n2Cc2ccccc2Cl)cc1
10636,CC1CCC2C(C1)c1sc(=O)[nH]c1SC2(C)C
3371,CC(=O)c1c(C)oc2c1C(=O)c1ccccc1C2=O
3404,CCOC(=O)c1c(C)oc2c1C(=O)c1ccccc1C2=O
8933,Cn1c(=O)c2c(ncn2CC(=O)N(Cc2ccccc2)c2ccccn2)n(C)c1=O
6849,COc1ccc(-c2ccc(-c3nnc(Cc4ccc(OC)c(OC)c4)o3)cc2)cc1
10931,O=C(OCC(=O)c1ccc[nH]1)c1ccc(S(=O)(=O)N2CCCCC2)cc1
6468,O=c1c2c3c(sc2nc2n1CCC2)CCC3
12072,Cc1ccc(NC(=O)/C(=C\C=C\c2ccccc2)NC(=O)c2ccccc2)cc1
7273,COc1ccccc1Nc1nc(N)nc(CSc2nc(C)cc(C)n2)n1
9620,COc1ccccc1Nc1nc(N)nc(CSc2nccc(C)n2)n1
7248,COc1ccc(CCNC(=O)Cn2nnc(-c3ccc(N4CCOCC4)cc3)n2)cc1OC
8685,O=C(c1cccnc1NCc1ccccc1)N1CCOCC1
3137,O=C(NC(c1ccc(Cl)cc1)c1c(O)ccc2ccccc12)c1ccccc1
10782,CCCCn1c(SCc2c(C)noc2C)nc2cc(S(N)(=O)=O)ccc21
8500,O=C(c1cccs1)N1CCn2c1nc1ccccc12
2356,COc1ccc(C(=O)NC(=S)Nc2ccc(NC(=O)c3ccco3)cc2)cc1[N+](=O)[O-]
5854,COc1ccccc1-c1ccc(Nc2cccc(C(C)=O)c2)nn1
502,CCS(=O)(=O)c1c([N+](=O)[O-])ncn1C
1931,Cc1nc(SCC(N)=O)c([N+](=O)[O-])[nH]1
9450,CCOC(=O)c1[nH]cnc1C(=O)O
1435,OC(c1ccc2c(c1)OCO2)c1nccc2ccccc12
4441,CC(Oc1ccc2ccccc2c1)C(=O)NNC(=S)NC(=O)c1ccco1
5862,Cc1ccc(C2CC(C(F)(F)F)n3nc(C(=O)NCc4c(C)nn(C)c4C)c(Cl)c3N2)cc1
7712,COc1ccc(C2CC(C(F)(F)F)n3nc(C(=O)NCc4cn(C)nc4C)c(Cl)c3N2)cc1
11760,COc1ccc(C(=O)Cc2c(Cl)cncc2Cl)c(OCC(=O)O)c1OC
13620,COc1ccc(C(=O)Cc2c(Cl)cncc2Cl)c(OC)c1OC
13699,CCOc1c(OC)ccc(C(=O)Cc2c(Cl)cncc2Cl)c1OC
14021,COc1ccc(C(=O)Cc2c(Cl)cncc2Cl)c(OCC(N)=O)c1OC
14064,COc1ccc(C(=O)Cc2c(Cl)cncc2Cl)c(OCC(=O)NCCO)c1OC
14120,COc1ccc(C(=O)Cc2c(Cl)cncc2Cl)cc1OC
14121,COCCNC(=O)COc1c(C(=O)Cc2c(Cl)cncc2Cl)ccc(OC)c1OC
14300,CCCNC(=O)COc1c(C(=O)Cc2c(Cl)cncc2Cl)ccc(OC)c1OC
7636,CCc1nnc(NC(=O)c2ccc(S(=O)(=O)NC3CCCCC3)cc2)s1
2414,Cc1cccc2sc(NC(=O)c3cccc(S(=O)(=O)N4CCc5ccccc54)c3)nc12
12416,Cn1c(CNS(=O)(=O)c2ccc(F)cc2)n[nH]c1=S
1687,O=C(Nc1cc(=O)[nH]c2ncnn12)c1ccc(Cl)cc1Cl
9999,O=C(Nc1cc(=O)[nH]c2ncnn12)c1ccccc1Cl
12002,N#Cc1cnc(C(=O)Nc2ccc(C3CCN(C(=O)c4ccc[n+]([O-])c4)CC3)cc2C2=CCCCC2)[nH]1
7231,O=C(Nc1nc2c(s1)CCCC2)c1cc2n(n1)C(C(F)(F)F)CC(C1CC1)N2
14048,CCNNC(=O)c1ccc(CN2c3ccccc3C=Cc3ccncc32)cc1
6116,CCc1nnc(NC(=O)CSc2nnc(-c3ccccc3O)n2-c2ccc(C)cc2)s1
8613,CCc1nnc(NC(=O)CSc2nnc(-c3ccccc3OC)n2-c2ccccc2)s1
7849,Cc1ccc(C)c(/C(O)=C2/C(=O)C(=O)N(CCN3CCOCC3)C2c2ccco2)c1
9480,Cc1ccc(C)c(/C(O)=C2/C(=O)C(=O)N(CCN3CCOCC3)C2c2ccc(C)o2)c1
8781,Cc1cc(C)nc(SCc2nnc(SCC(=O)Nc3ncc(C)s3)n2Cc2ccco2)n1
14140,Cc1cccc(C)c1-n1c(=O)c2cnc(Nc3ccc(OCCCN4CCCCC4)cc3)nc2n2c3ccccc3nc12
1424,Cc1cc(C(=O)CN2C(=O)NC(c3ccccc3)(c3ccccc3)C2=O)c(C)n1Cc1ccco1
2482,CC(=O)NS(=O)(=O)c1ccc(NC(=O)/C=C/c2ccc(C)o2)cc1
6613,CS(=O)(=O)N1CCc2cc(C(=O)OCC(=O)c3ccccc3)ccc21
1397,CN(C)S(=O)(=O)c1ccc(NS(=O)(=O)/C=C/c2ccccc2)cc1
12105,c1ccc(Nc2nnc(SCc3cccc4ccccc34)s2)cc1
4451,CCCN1C(=O)/C(=C/c2ccc(N3CCCC3)c(C)c2)NC1=S
4534,CCN1C(=O)/C(=C/c2ccc(N3CCCC3)cc2)NC1=S
4731,Cc1cc(/C=C2\NC(=S)N(C)C2=O)ccc1N1CCCC1
4736,Cc1cc(N2CCCC2)ccc1/C=C1\NC(=S)N(C)C1=O
10661,O=C(NCc1ccccc1)NC1CCCCC1
10849,C1=C(CCNC2=NCCCCC2)CCCC1
2479,COC(c1ccccc1)c1nnc(CCC(=O)NCc2ccc3ncccc3c2)o1
13688,COc1ccc(C(C)Cn2cc[nH]c2=O)cc1OCC1CC1
11476,O=C(Nc1ccc(F)c(Cl)c1)C1CCN(c2ncnc3c2nc2n3CCCCC2)CC1
11546,Cc1ccc(NC(=O)C2CCN(c3ncnc4c3nc3n4CCCCC3)CC2)cc1Cl
2646,O=C(NCCO)c1cc(-c2cc(C(=O)NCCO)c3ccccc3n2)nc2ccccc12
10279,COc1ccc2c(c1)CC1(CN2C)C(=O)NC(=O)N(c2ccc(F)cc2)C1=O
10298,COc1ccc(OC)c(N2C(=O)NC(=O)C3(Cc4cc(C)ccc4N(C)C3)C2=O)c1
10509,Cc1ccc2c(c1)CC1(CN2C)C(=O)NC(=O)N(c2cc(C)ccc2C)C1=O
969,N#C/C(=C1/Nc2ccccc2S1)c1ccnc(NCc2ccncc2)n1
2322,CCOC(=O)c1nn(-c2ccc(C)c(C)c2)c(=O)c2c(N)scc12
8473,CCOC(=O)c1nn(-c2ccccc2)c(=O)c2c(N)scc12
10844,CCOc1cccc(OCCCCN2CCCCC2)c1
7041,Fc1ccc(C(c2nnnn2Cc2ccccc2)N2CCSCC2)cc1
5452,O=C(Oc1ccc(F)cc1C(=O)/C=C/c1cccs1)c1cccc([N+](=O)[O-])c1
10396,O=C1OCCC1S(=O)(=O)c1ccc2ccccc2c1
9921,CC(C)CCNC(=O)CN(Cc1ccc2c(c1)OCO2)C(=O)CCC(=O)Nc1ccccn1
8828,CCCn1nnnc1SCC(=O)NCc1ccc2c(c1)OCO2
12125,ON1C2CCCCC2N(O)C1c1ccccc1F
8362,CS(=O)(=O)N(CC(=O)N1CCCCC1)C1CCCCC1
580,Cc1cc(N2CCN(C)CC2)ccc1NC(=O)c1ccc(-c2ccc(Cl)cc2)o1
9080,CCc1c(C)nc2cc(-c3ccc(OC)c(OC)c3)nn2c1N1CCCC1
13749,CC(C)C[C@@H]1NC(=O)[C@H](Cc2ccc(O)cc2)NC(=O)CSC[C@@H](C(N)=O)NC(=O)CNC(=O)CNC(=O)[C@H](CCCNC(=N)N)NC(=O)[C@H](CC(=O)O)NC(=O)[C@H](CCCCN)NC(=O)[C@@H]2CCCN2C(=O)[C@H](CCCNC(=N)N)NC(=O)[C@H](Cc2cccc3ccccc23)NC(=O)[C@H](CCCNC(=N)N)NC1=O
5327,COc1cc(NS(=O)(=O)c2ccc(N)cc2)ncn1
5203,CCOc1ccccc1N(CC(=O)N1CCCCCC1)S(=O)(=O)c1ccc(C)cc1
5252,COc1ccc(C)cc1N(CC(=O)N1CCCCCC1)S(=O)(=O)c1ccc(C)cc1
14465,CC(C)(O)CCc1ccc2c(c1)c1cc(Cl)ccc1c1nc(-c3c(C#N)cccc3C#N)[nH]c21
7430,O=C(CN1C(=O)c2ccccc2C1=O)Nc1ccccc1C(=O)N1CCCC1
9806,O=C(N1CCOCC1)N1CCN(c2nc(-c3ccccc3)cs2)CC1
5705,CCOc1ccc(C(=O)OCC(=O)Nc2cc(S(=O)(=O)N3CCOCC3)ccc2N2CCOCC2)cc1
12295,COc1ccc(Cl)cc1CN1CCN(c2nc(C)cc(C)c2C#N)CC1
242,Cn1c(SCC(=O)Nc2ccc3c(c2)OCO3)nnc1-c1cnccn1
12605,COCCOC(=O)c1cc(C(=O)c2cc(F)ccc2O)coc1=N
11958,Cc1c(CN2CCN(C(=O)C3CCCC3)CC2)cccc1Nc1nc2c(s1)C(=O)CCC2
5805,CCCc1cc2c(cc1NC(=O)Cc1ccccc1)OCO2
13474,COc1ccc2cc(C(=O)Nc3cn[nH]c3)cnc2c1
5600,Cn1c(SCC(=O)NCc2ccc3c(c2)OCO3)ncc(C(=O)Nc2ccc(F)cc2)c1=O
6671,COc1ccc(CCNC(=O)CSc2nc3c(c(=O)n(C)c(=O)n3C)n2C(C)C)cc1OC
7810,CCCn1c(SCC(=O)NCCc2ccc(OC)c(OC)c2)nc2c1c(=O)n(C)c(=O)n2C
3875,CN1C(=O)/C(=C/c2ccc(Cl)s2)C(=O)NC1=S
1783,Cc1ccc2nc(-c3ccc(NC(=O)CCN4C(=O)c5ccccc5C4=O)cc3)sc2c1
7525,CC(C(=O)NCc1ccccc1)N1C(=O)CN(C)C(=O)c2ccccc21
6736,O=C(NC1CCN(Cc2nnnn2CCc2ccccc2)CC1)c1ccccc1F
7189,Cc1ccccc1C(=O)NC1CCN(Cc2nnnn2CCc2ccccc2)CC1
9468,CCn1c(SCC(=O)Nc2sc(C)c(C)c2C#N)nnc1C(C)C
1544,COc1ccc2[nH]c(C)c(CCN3C(=O)C4C5C=CC(C5)C4C3=O)c2c1
1706,COc1ccc(-n2nnnc2-c2cnc(N3CCCC3)nc2C(F)(F)F)cc1
14185,O=C1c2ccc(Nc3ccc(F)cc3F)cc2CCc2ccc(OCCN3CCOCC3)cc21
15125,C[C@@H]1CC[C@]2(C(=O)O[C@@H]3O[C@H](CO)[C@@H](O)[C@H](O)[C@H]3O)CC[C@]3(C)C(=CCC4[C@@]5(C)C[C@@H](O)[C@H](OC(=O)c6cc(O)c(O)c(O)c6)[C@@](C)(O)C5CC[C@]43C)C2[C@]1(C)O
11672,CC1CC(C)(C)n2c(O)c(N=NC(N)=S)c3cccc1c32
11315,Cc1ccccc1-c1nc2sc3c(c2c(=O)o1)CCC3
246,Cc1ccc(Oc2ccc(-c3nc(N)nc(N)n3)cc2)cc1
2843,CCn1c(=O)cc(C(=O)OC)sc1=Nc1ccc(F)c(F)c1
14668,C=C1O[C@@]2(OC)C[C@@]3(C)CCCC[C@@H]3CC2=C1C
6767,O=C(NCc1ccco1)c1cc2nc(-c3ccc4c(c3)OCO4)cc(C(F)(F)F)n2n1
12764,O=C(NC(Cc1ccccc1)C(=O)O)c1ccc(S(=O)(=O)N2CCCCC2)cc1
14258,Cc1ccc(-n2nc(C(C)(C)C)cc2NC(=O)NC2CCC(Oc3ccc4nnc(C(C)C)n4c3)CC2)cc1
8496,CCOc1ccccc1N(CC(=O)NC1CCCCC1)C(=O)CCCC(=O)Nc1ccccn1
11412,CS(=O)(=O)Nc1cc2c(cc1OC1CCOCC1)C(=O)CC2
3776,COc1ccc(C(=O)/C=C/Sc2nc3ccccc3o2)cc1
270,Cn1ncc(Br)c1C(=O)Nc1ccc(F)cc1F
3840,Cn1nccc1C(=O)Nc1cc(Cl)ccc1Cl
12532,O=C(Nc1ccccc1Cl)c1ccn[nH]1
10654,COc1cc(S(=O)(=O)N2CCOCC2)ccc1NC(=O)CSc1nnc(N)s1
4104,COc1ccc2[nH]c(=O)c(CN(Cc3cccnc3)S(=O)(=O)c3ccccc3F)cc2c1
4189,CC(=O)Nc1ccc(S(=O)(=O)N(Cc2cccnc2)Cc2cc3ccccc3[nH]c2=O)cc1
8717,COc1ccc2cc(CN(Cc3cccnc3)S(=O)(=O)c3ccccc3)c(=O)[nH]c2c1
9784,Cc1nnc(Nc2ccc3c(c2)ncn3C)c2ccccc12
8606,Cc1ccc(S(=O)(=O)N2CCN(c3nc(C)nc4sc(C)c(C)c34)CC2)cc1
2739,Brc1cc(Br)c2ncnc(N3CCCCC3)c2c1
7690,CCn1c(SCC(=O)c2cc(OC)ccc2OC)nnc1C(C)C
9800,CCn1c(SCC(=O)c2ccc(Cl)cc2)nnc1C(C)C
11990,CCCCn1c(=O)[nH]c(=O)c2c1nc(-c1ccc(C#N)cc1)n2C1CCCC1
10659,CN(C(=O)COC(=O)COc1ccc(Cl)cc1)C1CCCCC1
6089,Fc1ccc(Cn2nnnc2CN2CCN(C3CCCC3)CC2)cc1
11898,O=C(NS(=O)(=O)c1ccccc1)c1cncc(C(=O)NS(=O)(=O)c2ccccc2)c1
11946,Cc1ccc(S(=O)(=O)NC(=O)c2cncc(C(=O)NS(=O)(=O)c3ccc(C)cc3)c2)cc1
12003,O=C(NS(=O)(=O)c1ccc(F)cc1)c1cncc(C(=O)NS(=O)(=O)c2ccc(F)cc2)c1
12216,O=C(NS(=O)(=O)c1ccc(Cl)cc1)c1cncc(C(=O)NS(=O)(=O)c2ccc(Cl)cc2)c1
10912,Nn1c(SCC(=O)N2CCCc3ccccc32)nnc1-c1ccc(Cl)cc1
5884,O=C(NC12CC3CC(CC(C3)C1)C2)c1cc2nc(-c3ccco3)cc(C(F)(F)F)n2n1
7896,Cc1cc(C)nc(N2CCCC(C(=O)NCCc3ccccc3F)C2)n1
8430,Cc1cc(C)nc(N2CCCC(C(=O)NCCc3ccc(F)cc3)C2)n1
13409,COc1ccc(NC(=O)c2c(Cl)cncc2Cl)c2cc(C(F)(F)F)nn12
1292,c1ccc2sc(Oc3ccc(OCCCN4CCCCC4)cc3)nc2c1
3822,C/C(=C\[C@@H](NP(=O)(c1ccccc1)c1ccccc1)c1ccccc1)CO[Si](c1ccccc1)(c1ccccc1)C(C)(C)C
1046,CCc1c(C)c(C#N)c2nc3ccccc3n2c1Cl
3501,Cc1cc(Cl)n2c(nc3ccccc32)c1C#N
6484,Cc1cc(NCCCCO)n2c(nc3ccccc32)c1C#N
1097,CN(Cc1ccc(-c2ccccc2)cc1)C1CN(C#N)C1
9996,O=c1c2ccccc2oc2nc(-c3ccco3)n(Cc3ccccc3)c(=O)c12
9870,O=C(c1cc2cc(Cl)cc(Cl)c2oc1=O)N1CCOCC1
295,O=C1c2ccccc2C(=O)N1CCCN1CCN(CCCN2C(=O)c3ccccc3C2=O)CC1
7796,COc1ccc(C(c2nnnn2Cc2cccs2)N2CCC(C(N)=O)CC2)c(OC)c1
7556,COc1cc(-c2cccs2)cc(=O)c2c(C)oc(C)c12
682,CCCCC1C(=O)NC(=S)N(C)C1=O
12604,Cc1ccc(S(=O)(=O)Nc2c3ccccc3nc(=O)n2-c2ccccc2)cc1
5136,CN(C)c1ccc(C(C[N+](=O)[O-])c2c(N)n(C)c(=O)n(C)c2=O)c(F)c1C#N
125,O=C(Nc1ccc(F)cc1)c1cccc2c1C(=O)N(Cc1ccccn1)C2
2286,Cc1cc2nn(-c3cccc4ccccc34)nc2cc1N
7505,Cc1cc(NS(=O)(=O)c2ccc(NC(=O)c3ccco3)cc2)no1
4091,Cc1c(NC(=O)c2ccc([N+](=O)[O-])o2)cccc1-c1nc2ncccc2o1
4132,O=C(Nc1cc(-c2nc3ncccc3o2)ccc1Cl)c1ccc([N+](=O)[O-])o1
7401,Cn1c(C(O)c2ccccc2F)nc(Cl)c1Cl
9292,CCn1ccnc1C(O)c1ccc(N(C)C)cc1
5869,COc1ccc(C2(O)CCN(Cc3nnnn3Cc3ccc(C)cc3)CC2)cc1
4401,Cn1nnnc1Sc1ncnc2scc(-c3ccc[nH]3)c12
1890,COc1cccc(C(C)NC(=O)c2c(F)cccc2Cl)c1
5487,CS(=O)(=O)c1cccc(C(=O)NCc2ccc(F)cc2)c1
9249,CN(C)c1ccc(C(CC(=O)O)NC(=O)c2ccc(Cl)cc2)cc1
11177,O=C(NCc1cccc(Br)c1)c1cc([N+](=O)[O-])cc([N+](=O)[O-])c1
11458,CC(C#Cc1cccc(C(=O)NCc2cccc(F)c2)c1)N(O)C(N)=O
11819,Cc1ccc(C(=O)NCc2ccccc2C(F)(F)F)cc1C#CC(C)N(O)C(N)=O
11896,CC(C#Cc1ccc(C(=O)NCc2ccccc2C(F)(F)F)cc1)N(O)C(N)=O
12661,C=CCC(CC=C)(NC(=O)c1ccccc1C)c1ccccc1
13038,CNNC(=O)c1ccc(CNC(=O)c2ccccc2)cc1
13343,CCC(Cc1ccc(C(=O)NCc2ccc(OC)cc2C(F)(F)F)cc1)C(=O)O
13490,CCCCN(Cc1ccc(C(=O)NNCC)cc1)C(=O)c1ccccc1
13682,CC(C#Cc1cccc(C(=O)NCc2ccccc2C(F)(F)F)c1)N(O)C(N)=O
13711,CCNNC(=O)c1ccc(CNC(=O)c2ccccc2)cc1
13777,C[C@@H](C#Cc1cccc(C(=O)NCc2ccccc2C(F)(F)F)c1)N(O)C(N)=O
13778,C[C@H](C#Cc1cccc(C(=O)NCc2ccccc2C(F)(F)F)c1)N(O)C(N)=O
13823,NC(=O)N(O)CC#Cc1cccc(C(=O)NCc2ccccc2C(F)(F)F)c1
13873,CC(C#Cc1cccc(C(=O)NCc2ccc(Cl)cc2Cl)c1)N(O)C(N)=O
13947,CC(C#Cc1cccc(C(=O)NCc2ccc(F)cc2C(F)(F)F)c1)N(O)C(N)=O
14006,CCC(C#Cc1cccc(C(=O)NCc2ccccc2C(F)(F)F)c1)N(O)C(N)=O
14077,CC(C#Cc1cccc(C(=O)NCc2ccccc2OC(F)(F)F)c1)N(O)C(N)=O
14129,CCCC(C#Cc1cccc(C(=O)NCc2ccccc2C(F)(F)F)c1)N(O)C(N)=O
14150,CC(C)C(C#Cc1cccc(C(=O)NCc2ccccc2C(F)(F)F)c1)N(O)C(N)=O
14295,CC(C)CC(C#Cc1cccc(C(=O)NCc2ccccc2C(F)(F)F)c1)N(O)C(N)=O
14332,COc1ccc(CNC(=O)c2cccc(C#CC(C)N(O)C(N)=O)c2)c(C(F)(F)F)c1
15139,C[C@]12CCC[C@@](C)(C(=O)O)[C@@H]1CCC1=CC(=O)CC[C@@H]12
5806,Cc1ccnc(NS(=O)(=O)c2ccc(NC(=O)c3cccc(Cl)c3)cc2)n1
5812,Cc1cc(C)nc(NS(=O)(=O)c2ccc(NC(=O)c3ccccc3Br)cc2)n1
12493,N#CC(c1cccc(C(F)(F)F)c1)(c1ncc(C(F)(F)F)cc1Cl)N1CCOCC1
5315,O=C(Nc1ccccc1)Nc1cccc2cccnc12
12775,CCNNC(=O)c1ccc(NC(=O)Nc2cccc3cccnc23)cc1
731,N#C[C@H]1[C@H](c2ccc(C#Cc3ccc(F)cc3)cc2)[C@@H](CO)N1C(=O)C1CCC1
732,N#C[C@@H]1[C@H](c2ccc(C#Cc3ccc(F)cc3)cc2)[C@@H](CO)N1C(=O)C1CCC1
741,N#C[C@H]1[C@H](c2ccc(C#Cc3ccccc3F)cc2)[C@@H](CO)N1C(=O)C1CCC1
742,N#C[C@@H]1[C@H](c2ccc(C#Cc3ccccc3F)cc2)[C@@H](CO)N1C(=O)C1CCC1
745,N#C[C@H]1[C@H](c2ccc(C#Cc3cccc(F)c3)cc2)[C@@H](CO)N1C(=O)C1CCC1
746,N#C[C@@H]1[C@H](c2ccc(C#Cc3cccc(F)c3)cc2)[C@@H](CO)N1C(=O)C1CCC1
9966,Cc1cnc(C(=O)Nc2ccc(-n3cnnn3)cc2)cn1
6879,O=C(CSc1nnc(NC(=O)C2CCC2)s1)Nc1ccc(N2CCOCC2)cc1
11173,O=S(=O)(Nc1ccncc1Oc1cc(Cl)cc(Cl)c1)C(F)(F)F
11263,CCCS(=O)(=O)Nc1ccncc1Oc1ccccc1
11627,CCS(=O)(=O)Nc1ccncc1Oc1ccccc1
11911,CCS(=O)(=O)Nc1ccncc1Oc1ccc(Cl)cc1
11928,CCCS(=O)(=O)Nc1ccncc1Oc1ccc(Cl)cc1
11936,O=S(=O)(Nc1ccncc1Oc1cccc(Cl)c1)C(F)(F)F
12018,COc1ccc(Oc2cnccc2NS(C)(=O)=O)cc1
13127,CS(=O)(=O)Nc1ccncc1Oc1ccc(Cl)cc1Cl
13248,CS(=O)(=O)Nc1ccncc1Oc1ccccc1
13294,O=S(=O)(Nc1ccncc1Oc1ccc(Cl)cc1)C(F)(F)F
13371,O=S(=O)(Nc1ccncc1Oc1ccccc1Cl)C(F)(F)F
13380,COc1ccc(Oc2cnccc2NS(=O)(=O)C(F)(F)F)cc1
13404,O=S(=O)(Nc1ccncc1Oc1ccc(Br)cc1)C(F)(F)F
13562,O=S(=O)(Nc1ccncc1Oc1ccccc1)C(F)(F)F
10426,Cc1nc2[nH]c(=O)c3c(n2n1)NC1=C(C(=O)CC(C)(C)C1)C3c1ccccc1
10496,COc1ccc(C2C3=C(CC(C)(C)CC3=O)Nc3c2c(=O)[nH]c2nc(C)nn32)cc1
10556,Cc1nc2[nH]c(=O)c3c(n2n1)NC1=C(C(=O)CC(C)(C)C1)C3c1ccc(F)cc1
2352,O=C1NC(=O)N(c2ccccc2)C(=O)/C1=C/c1ccc(Sc2ccccc2)o1
7208,CCOc1ccccc1N1CCN(CC(=O)Nc2nnc(CC)s2)CC1
6593,COCCCNc1nc2c(c(=O)[nH]c(=O)n2C)n1CCCc1ccccc1
6693,COC(=O)C(C)Sc1nc2c(c(=O)[nH]c(=O)n2C)n1CCCc1ccccc1
7557,CCOCCCNc1nc2c(c(=O)[nH]c(=O)n2C)n1CCCc1ccccc1
4465,CCOC(=O)C1=C(O)/C(=C\c2cccc(OC)c2)N=C1C
3603,CS(=O)(=O)c1ccc(C(=O)OCC(=O)NC(=O)C2CCCCC2)cc1[N+](=O)[O-]
7718,Cc1csc(N(C)C(=O)CSc2nnc(COc3ccccc3C)o2)n1
87,CC1CCN(c2oc(-c3cccc4ccccc34)nc2C#N)CC1
5745,CCCN(CC(=O)Nc1ccccc1C)C(=O)CSc1ccccc1C
11258,O=C(CSc1cc(Cl)ccc1Cl)NCC(=O)Nc1ccc(F)c(F)c1F
5533,O=C(COc1ccc2c(-c3ccccc3)cc(=O)oc2c1)N[C@@H](Cc1c[nH]c2ccc(O)cc12)C(=O)O
9901,COc1ccc(N(C2CSC2)S(=O)(=O)c2ccccc2)cc1
2075,CC[C@H]1CN2CCc3cc(OC)c(OC)cc3C2C[C@@H]1CC1NCCc2cc(OC)c(OC)cc21
8863,CCCCn1c(SCc2cccnc2)nc2c1c(=O)n(C)c(=O)n2C
8836,COc1cccc(C2C(C#N)=C(N)Oc3c2c(C)nn3-c2ccccc2)c1OC
3215,O=C1c2ccccc2C(=O)C12OC2c1ccc(Cl)cc1Cl
3947,C=C1CCC[C@]2(C)C[C@H]3OC(=O)C(CN(Cc4ccc(OC)c(OC)c4)CC(C)O)[C@H]3CC12
4825,COc1ccc(/C=c2\sc3nc(=O)c(C)nn3c2=O)c(OC)c1
6442,COc1ccc(NC(=O)C2CCCN2C(=O)NCc2ccccc2)c(OC)c1
8508,COc1cccc(OC)c1NC(=O)C1CCCN1C(=O)NCc1ccccc1
8324,CCN(CC)S(=O)(=O)c1ccc(-c2nnc(SCc3nnc(-c4ccc(C)cc4)o3)o2)cc1
710,COc1ccc(-c2cnc3c(c2)C(=O)N([C@H](C)CO)C[C@@H](C)[C@@H](CN(C)C(=O)Nc2c(C)noc2C)O3)cc1
8741,COCCN(C(=O)CNC(=O)c1cccs1)C(C(=O)NC1CCCCC1)c1ccco1
5753,C=C(Br)CN1[C@@H](Cc2ccccc2)[C@H](O)[C@@]23C=C[C@@H](C[C@@H]2S1(=O)=O)O3
7607,CCOC(=O)c1cccc(NC(=O)CSc2nnc(-c3cccnc3)n2CC)c1
8653,CCCn1c(SCC(=O)Nc2cccc(C(=O)OC)c2)nnc1-c1cccnc1
183,CCOC(=O)COc1ccc(Cl)cc1C1NC(=O)NC(C)=C1C(C)=O
2135,COc1ccc(Br)cc1C1NC(=O)NC(C)=C1C(=O)N(C)C
6774,CC1=C(C(N)=O)C(c2ccc(Cl)cc2)NC(=O)N1
7826,COC(=O)C1=C(C)C(c2ccc(OC)cc2OC)NC(=O)N1
8979,CCOC(=O)C1=C(C)NC(=O)NC1c1ccc(NC(C)=O)cc1
9856,CCOCCOC(=O)C1=C(C)N(C)C(=O)NC1c1ccccc1F
11519,CCCC(Sc1nc2ccc(NC(=O)c3ccc(C(C)(C)C)cc3)cc2s1)C(=O)O
5868,CC(Oc1ccc(Cl)cc1Cl)C(=O)NCCCn1ccnc1
6764,CC(C)(Oc1ccc(Cl)cc1)C(=O)NCCCn1ccnc1
1933,O=S1(=O)CCN(C(CCO)c2cccc(C(F)(F)F)c2)CC1
13318,CCCCC1CCC(OC(=O)N[C@H]2CNC2=O)CC1
9284,O=C(c1ccc2c(c1)OCO2)N1CCCc2ccccc21
2731,NC(=O)c1cc2ccc(O)cc2oc1=Nc1ccccc1
2783,Cc1ccc(N=c2oc3cc(O)ccc3cc2C(N)=O)cc1
2803,Cc1cccc(N=c2oc3cc(O)ccc3cc2C(N)=O)c1
3525,COc1ccc2cc(C(N)=O)c(=Nc3ccc(C)cc3)oc2c1
6542,O=C(Oc1ccc2ccccc2c1Cl)N1CCCC1
11505,Cc1c(NC(=O)CCCN2C(=O)c3cccc4cccc(c34)C2=O)c(=O)n(-c2ccccc2)n1C
3504,O=C(Nc1ccc(N2CCCC2)c(Cl)c1)c1ccc([N+](=O)[O-])o1
12415,COc1ccc(S(=O)(=O)Nc2ccc(S(=O)(=O)N3CCOCC3)cc2)cc1
3227,O=C(/C=C/c1cccc([N+](=O)[O-])c1)NC(=S)Nc1ccc(CN2CCOCC2)cc1
6700,CCN(CC)CCCN1C(=O)C(=O)/C(=C(/O)c2cc(C)ccc2C)C1c1cccnc1
1285,c1ccc2[nH]c(Oc3ccc(OCCN4CCCCC4)cc3)nc2c1
5726,COc1ccc(S(=O)(=O)N2CCOCC2)cc1NC(=O)c1ccc(OCC(C)C)c(OC)c1
5727,COc1ccc(Br)c(C(=O)Nc2cccc(S(=O)(=O)N3CCOCC3)c2)c1
5795,COc1ccc(C(=O)Nc2ccc(Cl)c(S(=O)(=O)N3CCOCC3)c2)cc1
5796,Cc1ccc(S(=O)(=O)N2CCOCC2)cc1NC(=O)c1ccc(F)cc1F
7597,O=C(c1cccs1)N1CCCC(c2nc(-c3ccc(F)cc3)no2)C1
7774,COc1ccc(-c2noc(C3CCCN(C(=O)c4cccs4)C3)n2)cc1
4790,COc1ccc(NC(=S)N(CCN2CCOCC2)C2CCN(C(C)=O)CC2)cc1Cl
11973,CCCCC#Cc1ccc(NC2CCCN(C(C)=O)C2)c(C(N)=O)c1
13124,CCCCC#Cc1ccc(NC2CCCNC2)c(C(N)=O)c1
819,C/C=C/c1ccc(C2[C@H]3CNC[C@@H]2N3Cc2cccc(OC)c2)cc1
778,O=C(C1CC1)N1C[C@@H]2N[C@H](C1)C2c1ccc(-c2cccc(F)c2)cc1
802,N#Cc1ccc(-c2ccc(C3[C@@H]4CN(C(=O)C5CC5)C[C@H]3N4)cc2)cc1
803,O=C(C1CC1)N1C[C@@H]2N[C@H](C1)C2c1ccc(-c2ccccc2F)cc1
804,COc1cccc(-c2ccc(C3[C@@H]4CN(C(=O)C5CC5)C[C@H]3N4)cc2)c1
805,N#Cc1cccc(-c2ccc(C3[C@@H]4CN(C(=O)C5CC5)C[C@H]3N4)cc2)c1
5157,CN(C)C1(CNC(=O)Nc2ccc(Cl)c(Cl)c2)CCCCC1
14950,CO[C@H]1O[C@@](C)([C@H]2CC(C)=C(C)C(=O)O2)[C@H]2C[C@H](O)[C@H]3[C@@H]4C[C@@H](O)C5=CC=CC(=O)[C@]5(C)[C@H]4CC[C@@]132
6822,O=C(CSc1nc(-c2ccncc2)nn1CC(=O)N1CCCCC1)NC1CCCC1
456,COc1ccc(C2=NN(CCCCOc3ccc(C4=NNC(=O)CC4)c(F)c3F)C(=O)C2(C)C)c2sc(C(F)(F)F)nc12
6597,CCOC(=O)C1=C(C)N=C2SCCC(=O)N2C1c1ccc(C(=O)OC)cc1
8017,Nc1nnc(CC(=O)N2CCCCC2)s1
8610,CCCCc1noc2c1/C(=N\O)CC(c1ccccc1)C2
6416,COc1ccc(CN(CC(=O)NC2CCCC2)C(=O)c2onc(C(N)=O)c2N)cc1
6729,COc1nc(OC)nc(N2CCC(C(=O)Nc3cccc4c3CCCC4)CC2)n1
718,CCS(=O)(=O)N1[C@H](CO)[C@@H](c2ccc(C#Cc3ccccc3F)cc2)[C@@H]1C#N
719,N#C[C@H]1N[C@@H](CO)[C@@H]1c1ccc(C#Cc2ccccc2F)cc1
720,N#C[C@@H]1N[C@@H](CO)[C@@H]1c1ccc(C#Cc2ccccc2F)cc1
727,CCCNC(=O)N1[C@H](C#N)[C@H](c2ccc(C#Cc3cccc(F)c3)cc2)[C@H]1CO
6519,O=S(=O)(NCCCCCNS(=O)(=O)c1ccccc1)c1ccccc1
8030,O=C(c1ccco1)N(CC1CCCO1)c1nc(-c2ccccc2)cs1
9367,COc1ccc(-c2csc(N(CC3CCCO3)C(=O)c3ccco3)n2)cc1
770,C[C@H](CO)N1C[C@H](C)[C@H](CN(C)Cc2ccc(Oc3ccccc3)cc2)OCc2ccccc2-c2ccccc2C1=O
771,C[C@H](CO)N1C[C@H](C)[C@@H](CN(C)Cc2ccc(Oc3ccccc3)cc2)OCc2ccccc2-c2ccccc2C1=O
812,C[C@H]1CN([C@@H](C)CO)C(=O)c2ccccc2-c2ccccc2CO[C@H]1CN(C)Cc1ccc(Oc2ccccc2)cc1
4234,Cc1cc(O)c2c(c1)C(=O)C13C(=C2O)C(=O)[C@H]2[C@@H](O)[C@@H]1[C@H]1[C@H](O)[C@@H]3C(=O)C3=C(O)c4c(O)cc(C)cc4C(=O)C312
6852,O=S(=O)(NCCOc1ccc(F)cc1)c1ccc2c(c1)OCCO2
5549,CCCCc1cc(=O)oc2cc(C)cc(OCC(=O)Nc3ccccn3)c12
9270,O=C(O)CCSc1nnc(-c2ccc3c(c2)OCO3)o1
3681,O=C1/C(=N\S(=O)(=O)c2cccs2)C([n+]2cccc(Cc3ccccc3)c2)=C([O-])c2ccccc21
11956,CCCCCCCNC(=O)Oc1cccc(CN(C)CCCCCOc2ccc3c(c2)Oc2ncccc2C3)c1
10064,COCCN(CCOC)Cc1cc(=O)oc2cc3c(cc12)CCC3
10771,COc1ccc(-c2nc(NC(=O)C3CCN(c4nc5ccccc5o4)CC3)sc2C)cc1
11192,CC(C)C[C@@H]1NC(=O)[C@H](CCCN=C(N)N)NC(=O)[C@H](CC(C)C)NC(=O)[C@H](Cc2ccc(O)cc2)NC(=O)CSC[C@@H](C(N)=O)NC(=O)CNC(=O)CNC(=O)[C@H](CCC(N)=O)NC(=O)[C@H](CC(N)=O)NC(=O)[C@H]([C@@H](C)O)NC(=O)[C@@H]2CCCN2C(=O)[C@H](C)NC1=O
11641,CC(C)C[C@@H]1NC(=O)[C@H](Cc2ccc(O)cc2)NC(=O)CSC[C@@H](C(N)=O)NC(=O)CNC(=O)CNC(=O)[C@H](CCCN=C(N)N)NC(=O)[C@H](CC(=O)O)NC(=O)[C@H](CCCCN)NC(=O)[C@@H]2CCCN2C(=O)[C@H](CCCN=C(N)N)NC(=O)[C@H](C)NC(=O)[C@H](CCCN=C(N)N)NC1=O
12986,CC(C)C[C@@H]1NC(=O)[C@H](Cc2ccc(O)cc2)NC(=O)CSC[C@@H](C(N)=O)NC(=O)CNC(=O)CNC(=O)[C@H](C)NC(=O)[C@H](CC(N)=O)NC(=O)[C@H]([C@@H](C)O)NC(=O)[C@@H]2CCCN2C(=O)[C@H](CCCCN)NC(=O)[C@H](CC(C)C)NC(=O)[C@H](CCCN=C(N)N)NC1=O
13146,CC(C)C[C@@H]1NC(=O)[C@H](Cc2ccc(O)cc2)NC(=O)CSC[C@@H](C(N)=O)NC(=O)CNC(=O)CNC(=O)[C@H](CCC(N)=O)NC(=O)[C@H](C)NC(=O)[C@H]([C@@H](C)O)NC(=O)[C@@H]2CCCN2C(=O)[C@H](CCCCN)NC(=O)[C@H](CC(C)C)NC(=O)[C@H](CCCN=C(N)N)NC1=O
13233,CC(C)C[C@@H]1NC(=O)[C@H](Cc2ccc(O)cc2)NC(=O)CSC[C@@H](C(N)=O)NC(=O)CNC(=O)CNC(=O)[C@H](CCC(N)=O)NC(=O)[C@H](CC(N)=O)NC(=O)[C@H](C)NC(=O)[C@@H]2CCCN2C(=O)[C@H](CCCCN)NC(=O)[C@H](CC(C)C)NC(=O)[C@H](CCCN=C(N)N)NC1=O
13311,CC(C)C[C@@H]1NC(=O)[C@H](Cc2ccc(O)cc2)NC(=O)CSC[C@@H](C(N)=O)NC(=O)CNC(=O)CNC(=O)[C@H](CCC(N)=O)NC(=O)[C@H](CC(N)=O)NC(=O)[C@H]([C@@H](C)O)NC(=O)[C@@H]2CCCN2C(=O)[C@H](CCCCN)NC(=O)[C@H](CC(C)C)NC(=O)[C@H](CCCN=C(N)N)NC1=O
6677,COCCNC(=O)CN(CC1CCCO1)C(=O)CCC(=O)Nc1ccccn1
2347,CCOC(=O)c1sc(NC(=O)CCCCCN2C(=O)c3cccc4cccc(c34)C2=O)nc1C
7777,COc1ccccc1NC(=O)c1cc2n(n1)C(C(F)(F)F)CC(c1ccc3c(c1)OCO3)N2
1531,O=C(NCc1nc(-c2ccccc2)no1)c1ccc2c(c1)OCO2
11439,CCCCN(C(=O)c1ccco1)c1nnc(-c2cc(OC)c(OC)c(OC)c2)s1
7581,O=C(Cn1nnc(-c2ccccc2)n1)NCc1cccs1
9506,CCOc1ccc(-c2nnn(CC(=O)NCc3cccs3)n2)cc1
12140,CCOc1ccccc1-n1c(SCC(=O)NC2CCCC2)nnc1-c1ccoc1C
5613,COc1ccc(C(=O)COC(=O)c2cc([N+](=O)[O-])ccc2N2CCOCC2)c(OC)c1
11021,O=C(CSc1nnc(CN2CCCCCC2=O)n1-c1ccccn1)NCC(F)(F)F
7587,CCOC(=O)C1=C(C)N=C2SCCC(=O)N2C1c1cccs1
6512,O=C(CSc1nnc(-c2ccncc2)o1)Oc1ccccc1
577,COc1ccccc1C(=O)NCCC(=O)Nc1nc2ccccc2[nH]1
6595,COc1ccc(NC(=O)N2CCCC(c3nc(-c4ccc(C(C)C)cc4)no3)C2)cc1
9455,Cc1ccccc1NC(=O)N1CCCC(c2nc(-c3ccc(F)cc3)no2)C1
10138,Cc1cc(NC(=O)CSc2nnc(-c3ccoc3C)o2)no1
608,COCC(C)n1c(C)cc(C(=O)COC(=O)c2cccn2C)c1C
5168,COc1cc(C#N)ccc1OCC(=O)N1CCc2ccccc2C1
8330,Cn1c(-c2ccccc2)cnc1SCC(N)=O
6878,COc1ccccc1C(c1nnnn1C(C)(C)C)N1CCN(C(=O)c2ccco2)CC1
9934,CN(C)c1ccc(C(c2nnnn2C(C)(C)C)N2CCN(C(=O)c3ccco3)CC2)cc1
1290,c1ccc2sc(Oc3ccc(OCCN4CCOCC4)cc3)nc2c1
1439,COC(=O)c1cc2sc(Cl)cc2n1CC(=O)Nc1cccc(SC)c1
6922,CCOC(=O)c1cc2sccc2n1CC(=O)Nc1ccc(OC)c(OC)c1
13473,COc1ccc2cc(C(=O)NC3CCCC3)cnc2c1
4251,COc1ccc(C2CC(c3ccccc3)=NN2C(=O)COC(=O)c2ccc(S(C)(=O)=O)cc2)cc1
2751,Cc1cc2c(c(=O)n1Cc1cccnc1)C(Cc1ccccc1)C(C#N)=C(N)O2
1797,Cc1cc([N+](=O)[O-])nn1CCCC(=O)Nc1sc2c(c1C(N)=O)CCC(C)C2
2535,COc1ccc(-c2cnnc(N/N=C/C=C/c3ccco3)n2)cc1
2922,O=[N+]([O-])c1cc(S(=O)(=O)C(F)(F)F)ccc1Sc1nc2ccccc2[nH]1
5479,COc1cc(CC(=O)OCC(=O)c2ccc3c(c2)OCCO3)cc(OC)c1OC
344,Cc1noc(C)c1CSc1nc2ccccc2c(=O)n1-c1ccc(Cl)cc1
13672,NC(=O)c1sc(-c2ccnc(NC(=O)C3CC3)c2)nc1OCC1CCN(Cc2ccccc2)CC1
13769,CNC(=O)c1sc(-c2ccnc(NC(=O)C3CC3)c2)nc1OCC1CCN(Cc2ccc(F)c(F)c2)CC1
13834,CNC(=O)c1sc(-c2ccnc(NC(=O)C3CC3)c2)nc1OCC1CCN(Cc2cccc(Br)c2)CC1
13849,CNC(=O)c1sc(-c2ccnc(NC(=O)C3CC3)c2)nc1OCC1CCN(Cc2ccc(Cl)cc2)CC1
13866,CNC(=O)c1sc(-c2ccnc(NC(=O)C3CC3)c2)nc1OCC1CCN(Cc2ccc(Cl)c(Cl)c2)CC1
13967,CNC(=O)c1sc(-c2ccnc(NC(=O)C3CC3)c2)nc1OCC1CCN(Cc2ccc(Br)cc2)CC1
14081,CNC(=O)c1sc(-c2ccnc(NC(=O)C3CC3)c2)nc1OCC1CCN(Cc2ccccc2)CC1
14107,CNC(=O)c1sc(-c2ccnc(NC(=O)C3CC3)c2)nc1OCC1CCN(Cc2ccccc2F)CC1
14299,CNC(=O)c1sc(-c2ccnc(NC(=O)C3CC3)c2)nc1OCC1CCN(Cc2cccc([N+](=O)[O-])c2)CC1
4596,CC1(C)Cc2c(c(-c3ccco3)nc3sc4c(NCC5CCCO5)ncnc4c23)CO1
5949,C=CCNc1nc(NCCN2CCOCC2)nc(OC)n1
7446,O=C(CN(Cc1ccco1)C(=O)CNS(=O)(=O)c1ccccc1)NCc1ccccc1
8958,O=C(CN(Cc1ccco1)C(=O)CNS(=O)(=O)c1ccc(Cl)cc1)NCc1ccc(F)cc1
9574,O=C(CN(Cc1ccco1)C(=O)CNS(=O)(=O)c1ccc(F)cc1)NCc1ccc(F)cc1
4936,CCOC(=O)C1=NN(C(=O)c2cccc(Br)c2)C(O)(C(C)(C)C)C1
15039,COc1cc([C@H]2Oc3cc(CCCO)ccc3O[C@H]2CO)ccc1O
2275,O=C(c1ccc2nc(-c3ccco3)c(-c3ccco3)nc2c1)N1CCC2(CC1)OCCO2
2583,COc1cc(/C=C2\SC(=S)N(c3cccnc3)C2=O)ccc1O
10770,CCOC(=O)c1c(C)[nH]c(C)c1C(=O)COC(=O)c1cccc(S(=O)(=O)NC)c1
277,CC(=O)c1cc(F)c(N2CCN(C(=O)COc3ccc(F)cc3)CC2)cc1C
9672,O=C(Cc1cccs1)Nc1ccc(C(=O)O)cc1
9918,COc1cccc(NC(=O)Cc2cccs2)c1
12893,O=C(Cc1cccs1)Nc1ccc(Cl)cc1
2395,CC(C)n1c(=O)c(C=Nc2ccc(Br)cc2)c(O)n(Cc2ccco2)c1=O
8555,CCc1nnc(NC(=O)CSc2nnc(-c3ccccc3NC(=O)c3ccccc3)o2)s1
758,Cc1cccc(-c2ccc([C@@H]3[C@@H](CO)N4CCCCN(S(=O)(=O)c5ccccc5F)C[C@H]34)cc2)c1
9758,Cc1ccc(NCc2nnc(SCC(=O)N(Cc3ccccc3)C(C)(C)C)o2)c(C)c1
1695,O=C(NNC(=O)c1ccccc1-n1cccc1)c1ccc(Cl)cc1
6550,COc1ccc(CNC(=O)CN(c2cccc(OC)c2)S(C)(=O)=O)cc1
4863,CC(=O)Nc1ccc(/C=N/N2C(=O)NC(C)(c3ccc(OC(F)F)cc3)C2=O)cc1
13328,CC(=O)N1c2ccc(-c3ccc(CN4CCCCC4)cc3)cc2[C@H](Nc2ccccc2)C[C@@H]1C
12793,COc1cc(/C=C/C(=O)NNc2c(F)c(F)cc(F)c2F)ccc1OC(F)F
10731,Cn1cnnc1SCC(=O)N1CCC(Cc2ccccc2)CC1
8512,Cc1ccc2nc(C3CCN(C(=O)NCc4ccccc4)CC3)[nH]c2c1
2069,CC(C)CC#Cc1ccc([C@@H]2[C@H]3CN(C(=O)Nc4ccccc4)CCCCN3[C@H]2CO)cc1
12733,COc1ccc(Nc2ncnc3sc(-c4ccccc4)cc23)cc1
6466,COCCNC(=O)C(c1ccccc1)N(CCOC)C(=O)Cn1nnc2ccccc21
6584,C=CCN(C(=O)Cn1nnc2ccccc21)C(C(=O)NCCOC)c1ccc(OC)cc1OC
6964,CCOC(=O)CN(C(=O)Cn1nnc2ccccc21)C(C(=O)NCCOC)c1ccccc1
4178,CNC(=O)c1ccc(NC(=O)C2CCN(c3ncnc4sc(C)c(C)c34)CC2)cc1
4183,CCN(CC)CCNC(=O)c1ccc(NC(=O)C2CCN(c3ncnc4sc(C)c(C)c34)CC2)cc1
4256,Cc1sc2ncnc(N3CCC(C(=O)Nc4ccccc4C(C)(C)C)CC3)c2c1C
4486,COc1ccc(C(=O)NC(=S)NNC(=O)Cc2cccs2)cc1
4551,O=C(Cc1cccs1)NNC(=S)NC(=O)c1ccccc1
4591,O=C(Cc1cccs1)NNC(=S)NC(=O)c1ccc(F)c(F)c1
4594,COc1cc(OC)cc(C(=O)NC(=S)NNC(=O)Cc2cccs2)c1
12992,CS(=O)(=O)Nc1cc2c(cc1OC1CCCC1)C(=O)CC2
6862,CC(C)Oc1cccc(C(=O)Nc2ccc(N3CCN(S(C)(=O)=O)CC3)cc2)c1
9016,COc1c(C)cccc1C(=O)Nc1ccc(N2CCN(S(C)(=O)=O)CC2)cc1
10608,CCOc1cccc(C(=O)Nc2ccc(N3CCN(S(C)(=O)=O)CC3)cc2)c1
12531,CCCC(=O)N1CCN(c2ccc(NC(=O)c3ccc(OCC)c([N+](=O)[O-])c3)cc2)CC1
12120,O=C(CCCN1C(=O)CCC1=O)Nc1ccc(Cl)c(C(F)(F)F)c1
3375,NC(=O)c1sc2nc3c(c(-c4ccco4)c2c1N)CCCC3
10630,Cc1cc(C(=O)CSc2nn(-c3ccccc3)c(=S)s2)c(C)n1Cc1ccco1
6851,COc1ccc(S(=O)(=O)N2CCCC(C(=O)NC3CCCCC3)C2)cc1
671,Nc1nc(=O)c2ccccc2s1
7122,CC(=O)Nc1nc(=O)c2ccccc2s1
14815,CC1(C)C=Cc2c(O)cc(-c3cc4ccc(O)cc4o3)cc2O1
3387,CCN1CCN(c2ccc(NC(=O)c3ccc([N+](=O)[O-])o3)cc2Cl)CC1
3396,CS(=O)(=O)N1CCN(c2ccc(NC(=O)c3ccc([N+](=O)[O-])o3)cc2)CC1
3405,CC(C)C(=O)N1CCN(c2ccc(NC(=O)c3ccc([N+](=O)[O-])o3)cc2Cl)CC1
3450,CCC(=O)N1CCN(c2ccc(NC(=O)c3ccc([N+](=O)[O-])o3)cc2)CC1
3481,CC(C)C(=O)N1CCN(c2ccc(NC(=O)c3ccc([N+](=O)[O-])o3)cc2)CC1
3497,CCCC(=O)N1CCN(c2ccc(NC(=O)c3ccc([N+](=O)[O-])o3)cc2Cl)CC1
3498,CCC(=O)N1CCN(c2ccc(NC(=O)c3ccc([N+](=O)[O-])o3)cc2Cl)CC1
3500,CCCC(=O)N1CCN(c2ccc(NC(=O)c3ccc([N+](=O)[O-])o3)cc2)CC1
4095,CC(C)(C)C(=O)N1CCN(c2ccc(NC(=O)c3ccc([N+](=O)[O-])o3)cc2)CC1
4097,CC(=O)N1CCN(c2ccc(NC(=O)c3ccc([N+](=O)[O-])o3)cc2Cl)CC1
4108,CN1CCN(c2ccc(NC(=O)c3ccc([N+](=O)[O-])o3)cc2Cl)CC1
2400,CCOc1ccc2nc(Nc3nc4ccc(NC(C)=O)cc4s3)sc2c1
2233,Cc1cc2[nH]c3c4ccccc4nc(C)c3c2cc1C
1954,Fc1ccccc1SCc1nnc(-c2ccccc2Br)o1
9393,Cc1ccc(O)c(CNc2ccccn2)c1
12599,COC(=O)c1cc(C#N)c(NCc2ccc(Cl)cc2Cl)nc1C
6028,Cc1onc(-c2ccccc2Cl)c1C(=O)Nc1ccc(F)c(F)c1
9945,CC(=O)Nc1cccc(NC(=O)c2c(-c3ccccc3)noc2C)c1
6977,O=C(NCc1ccco1)C(Cc1ccccc1)N1C(=O)C2C3C=CC(C3)C2C1=O
8749,COC(=O)COc1ccc(S(=O)(=O)N2CCN(c3ccccc3F)CC2)cc1
2654,CCOC(=O)N1CCN(C(=O)CCN2C(=O)/C(=C\c3cccc(OC)c3)SC2=S)CC1
4214,CN1CCN(C(=O)CCN2C(=O)/C(=C\c3ccccc3F)SC2=S)CC1
10748,Cn1ccnc1-c1nc2ccccc2[nH]c1=O
567,Cc1ccc(-c2cc(C(=O)N3CC(C)OC(C)C3)c3ccccc3n2)o1
8156,CCc1nnc(NC(=O)C2CCCN(c3nc4ccccc4s3)C2)s1
6662,CC(C)(C)n1nnnc1C(c1cccs1)N(Cc1cccnc1)CC1CCCO1
1421,COc1ccc(-c2n[nH]c(C(F)(F)F)c2-c2cc3ccccc3o2)c(O)c1
8913,O=C(Oc1nsnc1N1CCOCC1)N1CCCCC1
1802,CS(=O)(=O)C1=NSC2=NC(=O)/C(=C\c3cccn3-c3ccc(Cl)cc3)C(=N)N21
2509,CCc1ccc(-n2cccc2/C=C2/C(=N)N3C(=NC2=O)SN=C3S(C)(=O)=O)cc1
2511,CS(=O)(=O)C1=NSC2=NC(=O)/C(=C\c3cccn3-c3ccccc3Cl)C(=N)N21
715,CO[C@@H](CN(C)S(=O)(=O)c1ccc(Cl)cc1)[C@H](C)CN(Cc1ccccc1Cl)[C@@H](C)CO
2662,Cc1ccc(/C=C2\SC(=S)N(CCC(=O)NNC(=O)c3cccc(O)c3)C2=O)cc1
6049,COc1ccc(C(c2nnnn2C2CCCCC2)N2CCN(c3ccccc3)CC2)cc1
6585,Cc1ccc2c(c1)cc(CN(Cc1cccs1)C(=O)c1ccco1)c1nnnn12
4431,CCCCN=c1scc(-c2ccc3c(c2)NC(=O)CO3)n1N=C1CCCC1
2541,CC1=C(C(=O)O)N2C(=O)[C@@H](NC(=O)CCCC(=O)O)[C@H]2SC1
11294,COc1ccc(NC(=O)c2ccccc2Cl)cc1NC(=O)CN1CCOCC1
4621,Cc1onc(-c2ccccc2)c1C(=O)NNC(=S)NC(=O)/C=C/c1cccs1
9976,CC1=C(C(=O)Nc2ccccc2)C(c2ccco2)C(C#N)=C(SCC(=O)Nc2cccc(C)c2C)N1
10974,CC1(C)Cc2cccc(OCC(=O)Nc3nccs3)c2O1
12034,O=C1NC2(NN1c1ccccc1)C1CC3CC(C1)CC2C3
11575,COc1cc(C2CC(c3cccs3)=NN2c2ccc(S(N)(=O)=O)cc2)cc(OC)c1OC
11715,COc1ccc(C2CC(c3cccs3)=NN2c2ccc(S(N)(=O)=O)cc2)cc1
11891,NS(=O)(=O)c1ccc(N2N=C(c3cccs3)CC2c2ccc(Cl)cc2)cc1
13007,NS(=O)(=O)c1ccc(N2N=C(c3cccs3)CC2c2ccc(C(F)(F)F)cc2)cc1
5651,CCCCn1c(N)c(N(CC(C)C)C(=O)c2cccc(S(=O)(=O)N3CCN(C(C)=O)CC3)c2)c(=O)[nH]c1=O
7510,CCc1nnc(NC(=O)CSc2nnc(-c3ccc(OC)cc3)n2C)s1
2301,c1ccc2c(c1)CCN(CCCNc1nc3ccccc3n3cnnc13)C2
13965,CSc1nc(-c2ccc(-c3ccccc3)cc2)nn1C(=O)N(C)C
10729,CC(c1ccco1)N(C(=O)COc1ccc(Cl)cc1Cl)c1ccccn1
12765,O=[N+]([O-])c1cc(F)c(N2CCOCC2)cc1N1CCCCC1
12511,Cc1ccc(CN2CCN(/N=C/c3cc([N+](=O)[O-])ccc3Cl)CC2)cc1
1484,C=CCc1cccc(C2Nc3ccccc3C(=O)N2O)c1O
9515,CCCN1C(=O)c2ccccc2NC1c1ccc(OC)cc1OC
13401,O=C(O)c1noc(-c2ccc(OCc3ccc4ccccc4n3)cc2)c1-c1ccc(Cl)cc1
9068,O=C(O)Cn1nc(C(F)(F)F)c2c1CCCCC2
8298,CC(C)n1c(=N)c(C(=O)NCCc2ccccc2)cc2c(=O)n3ccccc3nc21
2767,COc1ccc(-c2cnc(N)nc2-c2ccc(OC)cc2O)cc1
3940,COc1ccc(-c2cncnc2-c2ccc(OC)cc2O)cc1
3943,Nc1ncc(-c2ccccc2)c(-c2ccc(O)cc2O)n1
6845,O=C(c1ccco1)N1CCN(c2ncnc3sc4c(c23)CCC4)CC1
2683,COc1ccc([C@H](Cc2ccncc2)c2cccc(NC(=O)NC(C)(C)C)c2)cc1OC1CCCC1
2684,COc1ccc([C@H](Cc2ccncc2)c2cccc(NC(=O)NC(C)C)c2)cc1OC1CCCC1
2685,CCCCNC(=O)Nc1cccc([C@@H](Cc2ccncc2)c2ccc(OC)c(OC3CCCC3)c2)c1
2686,CCCNC(=O)Nc1cccc([C@@H](Cc2ccncc2)c2ccc(OC)c(OC3CCCC3)c2)c1
2688,COc1ccc(C(Cc2ccncc2)c2ccccc2)cc1OC1CCCC1
2689,COc1ccc([C@H](Cc2ccncc2)c2ccc(N(S(C)(=O)=O)S(C)(=O)=O)cc2)cc1OC1CCCC1
2691,COc1ccc([C@H](Cc2ccncc2)c2ccc(NS(C)(=O)=O)cc2)cc1OC1CCCC1
2692,COc1ccc([C@H](Cc2ccncc2)c2cccc(NS(=O)(=O)N(C)C)c2)cc1OC1CCCC1
2693,COc1ccc([C@H](Cc2ccncc2)c2ccc(O)cc2)cc1OC1CCCC1
2694,COc1ccc([C@H](Cc2ccncc2)c2ccc(Cl)cc2)cc1OC1CCCC1
2699,COc1ccc([C@H](Cc2ccncc2)c2ccccc2)cc1OC1CCCC1
2700,COc1cccc(C(Cc2ccncc2)c2ccc(OC)c(OC3CCCC3)c2)c1
2701,COc1ccc(C(Cc2ccncc2)c2ccccc2OC)cc1OC1CCCC1
2703,COc1ccc([C@@H](Cc2ccncc2)c2ccccc2)cc1OC1CCCC1
2704,COc1ccc(C(Cc2ccncc2)c2ccc(F)cc2)cc1OC1CCCC1
2705,CCN(CC)C(=O)Nc1cccc([C@@H](Cc2ccncc2)c2ccc(OC)c(OC3CCCC3)c2)c1
2706,CCN(C)C(=O)Nc1cccc([C@@H](Cc2ccncc2)c2ccc(OC)c(OC3CCCC3)c2)c1
2707,COc1ccc(C(Cc2ccncc2)c2cccc(F)c2)cc1OC1CCCC1
2708,COc1ccc(C(Cc2ccncc2)c2ccccc2F)cc1OC1CCCC1
2710,COc1ccc(C(Cc2ccncc2)c2ccc(OC)c(OC3CCCC3)c2)cc1
2713,COc1ccc([C@H](Cc2ccncc2)c2ccc(NS(=O)(=O)C(C)C)cc2)cc1OC1CCCC1
2715,CCN(CC)C(=O)Nc1ccc([C@@H](Cc2ccncc2)c2ccc(OC)c(OC3CCCC3)c2)cc1
2716,CNC(=O)Nc1ccc([C@@H](Cc2ccncc2)c2ccc(OC)c(OC3CCCC3)c2)cc1
2720,CCCC(=O)Nc1ccc([C@@H](Cc2ccncc2)c2ccc(OC)c(OC3CCCC3)c2)cc1
2722,CCNC(=O)Nc1cccc([C@@H](Cc2ccncc2)c2ccc(OC)c(OC3CCCC3)c2)c1
2723,CNC(=O)Nc1cccc([C@@H](Cc2ccncc2)c2ccc(OC)c(OC3CCCC3)c2)c1
2724,COc1ccc([C@H](Cc2ccncc2)c2cccc(NC(N)=O)c2)cc1OC1CCCC1
1091,Cn1nccc1-c1ccc(C(OC2CN(C#N)C2)c2ccccc2)cc1
9371,CCn1c(Cn2nnc(-c3ccccc3)n2)nnc1SCC(=O)Nc1cccc(C)c1C
9192,CCn1nnc(-c2ccccc2NS(=O)(=O)c2ccc(S(=O)(=O)N3CCCCCC3)cc2)n1
2532,COc1ccc(N2C(=O)NC(=O)/C(=C\c3ccc([N+](=O)[O-])s3)C2=O)cc1
2534,COc1cccc(N2C(=O)NC(=O)/C(=C\c3ccc([N+](=O)[O-])s3)C2=O)c1
301,O=S(=O)(c1ccc(Cl)cc1)N1c2ccccc2Oc2nc3ccccc3nc21
4820,CCOC(=O)c1ccccc1-c1cn2cc(Cl)ccc2n1
6011,CCOC(=O)CNc1c(-c2ccc(O)cc2)nc2ccccn12
212,COc1ccc(OCC(=O)c2c(O)c3ccccc3oc2=O)cc1
8618,O=C(Cn1nnc(-c2ccccc2)n1)NCc1ccc2c(c1)OCO2
10602,Cc1ccccc1-c1nnn(CC(=O)NCc2ccc3c(c2)OCO3)n1
11370,CCOc1ccc(-c2nnn(CC(=O)NCc3ccc4c(c3)OCO4)n2)cc1
1838,O=C(COc1ccc(-c2nnco2)cc1)NCc1ccccc1Cl
1764,Cc1cccc(NC(=S)Nc2ccccn2)c1C
2441,Cc1cc(C)nc(NC(=S)Nc2ccc(Br)cc2Cl)c1
2470,Cc1cc(C)nc(NC(=S)Nc2cccc(Cl)c2Cl)c1
2475,Cc1cccnc1NC(=S)Nc1ccc(F)cc1F
643,[O-]C(=C(C(=S)Nc1cccc2ccccc12)[n+]1ccccc1)c1ccc2c(c1)OCCO2
1693,O=C(Cn1cncn1)NCc1cccc2ccccc12
6177,COc1nonc1NC(=O)CSc1nc2ccccc2[nH]1
474,c1ccc(-c2nc(N3CCCCCC3)c3ccccc3n2)nc1
3428,CC(=O)Nc1ccc(S(=O)(=O)N2c3ccccc3C(C)=CC2(C)C)cc1
3474,CCOc1ccc2c(c1)C(C)=CC(C)(C)N2S(=O)(=O)c1ccc(C)cc1
3536,O=c1c(Br)c(Br)cnn1-c1ccccc1
3542,COc1ccc(-n2ncc(Cl)c(Cl)c2=O)cc1
3554,COc1cccc(-n2nc(C#N)c(Cl)cc2=O)c1
3557,CC(C)(C)c1ccc(-n2nc(C#N)c(Cl)cc2=O)cc1
3559,COc1ccc(-n2nc(C#N)c(Cl)cc2=O)cc1
3856,COc1nn(-c2ccccc2)c(=O)c(Cl)c1Cl
3860,Cc1cccc(-n2ncc(Cl)c(Cl)c2=O)c1
9319,CCOC(=O)c1nn(-c2ccccc2)c(=O)c(C#N)c1C
1684,O=C(Oc1ccc(/C=N/Nc2ccccc2)cc1)c1ccccc1
8188,Cn1c(=O)[nH]c(=O)c2c1nc(N1CCCCC1)n2CC(O)CN1CCCCC1
5425,O=C(Cn1cc(C(=O)C2CC2)c2ccccc21)NC1CCCC1
11269,Cc1ccc(C2C(=O)N(C3CCC(C)CC3)CC(=O)N2C2CCCC2)cc1
3597,CC(CCc1ccccc1)NC(=O)COC(=O)c1ccc(S(C)(=O)=O)c([N+](=O)[O-])c1
5362,CCOC(=O)c1cccc(NC(=O)CN(c2ccc(C)cc2)S(=O)(=O)c2c(C)n[nH]c2C)c1
13236,COc1ccc(/C=C2\SC(c3ccc(C(=O)c4ccccc4)cc3)=NC2=O)cc1
14621,C=C1C(=O)O[C@@H]2C[C@]3(C)O[C@@H]3CC[C@@]3(C)O[C@H]3C[C@@H]12
10781,COCCN(CCOC)C(=O)c1cc2sc3ccccc3c2s1
10577,CSc1n[nH]c(NC2=CC(=O)CCC2)n1
1331,O=C(CSc1nnc(CNc2ccc(F)cc2)o1)N1CCCc2ccccc21
8650,Cc1ccc(NCc2nnc(SCC(=O)N3CCCc4ccccc43)o2)c(C)c1
9259,COc1ccc(NCc2nnc(SCC(=O)N3CCCc4ccccc43)o2)cc1
829,COc1cccc(NC(=O)N2[C@@H]3CNC[C@H]2C3c2ccc(/C=C/c3ccccc3)cc2)c1
830,O=C(Nc1ccccc1Cl)N1[C@@H]2CNC[C@H]1C2c1ccc(/C=C/c2ccccc2)cc1
4710,Cc1nc(Nc2ccc(S(N)(=O)=O)cc2)sc1C(=O)Nc1ccccc1
10147,CCN(CC)c1nc2ccccc2nc1C(C#N)C(=O)NCCc1ccccc1
14854,CC1=C([C@@H](C)[C@@H](C)OC=O)C(=O)C2=C(C1=O)[C@H]1O[C@@H](C)[C@H](C)c3c(C)c(O)cc(c31)O2
10733,O=C(Cn1nnc2ccccc2c1=O)NCc1ccco1
4725,Cc1oc2cc(O)ccc2c(=O)c1-c1nncn1-c1ccccc1
9210,c1cc(N2CCCC2)ccc1C(c1nnnn1C1CCCCC1)N1CCOCC1
6320,COc1cccc(NC(=O)CCN2CCN(C)CC2)c1
9688,CN1CCN(CCC(=O)Nc2cccc(F)c2)CC1
1644,COc1ccccc1CCNC(=O)c1cnccn1
370,O=C(Cn1nnc2ccccc21)N/N=C\C=C\c1ccccc1
2866,C[C@]12CC[C@@H]3c4cc(O)c(O)cc4CC[C@H]3[C@@H]1CC[C@@H]2O
5640,CC12CCC3c4ccc(O)cc4CCC3C1CC(O)C2O
5659,C[C@]12CC[C@@H]3c4ccc(O)cc4CC[C@H]3[C@@H]1CC[C@@H]2O
11921,NC(=S)N=Nc1c(O)n(C2OC(=O)c3ccccc32)c2ccccc12
12625,O=C(c1cc2sccc2n1Cc1ccc(F)cc1)N1CCN(c2nc3ccccc3s2)CC1
6639,O=C1CCCCCN1C(=O)c1cccc(C(=O)N2CCCCCC2=O)c1
12145,O=C(Cn1c(SCC(=O)NC2CCCC2)nnc1-c1ccncc1)Nc1ccc2c(c1)OCO2
6127,O=C(O)C1CSC(c2ccccc2)N1C(=O)c1ccco1
587,O=C(COC(=O)c1ccccc1)c1ccc2c(c1)OCCO2
4246,Cc1cc(C(C#N)c2ccc(Cl)cc2)c(Cl)cc1NC(=O)c1cc(I)cc(I)c1O
5267,COc1ccc(-c2csc(NC(=O)CSCc3c(C)noc3C)n2)cc1OC
9812,CCN(CC)S(=O)(=O)c1ccc(-c2nnc(SCC(=O)Nc3nc(C)cs3)o2)cc1
12571,Cc1csc(NC(=O)CSc2nnc(-c3ccccc3)o2)n1
8259,COc1ccc(C(O)c2nc3ccccc3s2)cc1
4403,Cn1nnnc1Sc1ncnc2scc(Br)c12
12326,CC(C)(C)C(=O)C(Cc1ccccc1Cl)n1cncn1
3203,Cc1ccc(/C=C2\C(=O)NC(=S)N(c3ccccc3F)C2=O)s1
10916,Cc1ccc(-n2nnnc2SCC(=O)c2c(N)n(CC(C)C)c(=O)n(C)c2=O)cc1
6351,CC(C)Oc1cccc(C(=O)Nc2ccccc2N2CCOCC2)c1
2127,Cc1cc(/C=C2\C(=N)N3C(SCc4ccccc4)=NSC3=NC2=O)c(C)n1Cc1ccccc1
9330,Cc1cccc2cc(CN(Cc3cccs3)C(c3nnnn3C3CCCC3)C(C)C)c(=O)[nH]c12
2640,Cc1ccnc(NC(=S)N2CCN(c3cccc(C(F)(F)F)c3)CC2)c1
5816,COc1ccc(N2CC(C(=O)Nc3nnc(SCC(=O)Nc4ccc(NC(C)=O)cc4)s3)CC2=O)cc1
10345,CCCC(=O)Nc1ccc2c(c1)nc1n2CCOC1
4643,O=C(CCl)Nc1cccc(S(=O)(=O)N2CCCCCC2)c1
4861,Cc1ccc(NC(=O)CCl)cc1S(=O)(=O)N1CCCCCC1
9049,COC(=O)c1ccc(S(=O)(=O)N2CCCCCC2)cc1
10750,CC(C)(C)NC(=O)COC(=O)c1ccc(S(=O)(=O)N2CCCCCC2)cc1
10090,CN=C(SCc1ccccc1)c1c(O)n(C)c(=O)n(C)c1=O
1944,Cc1ccc(/C([O-])=C(/C(=S)NCc2ccccc2)[n+]2cccc(CO)c2)cc1[N+](=O)[O-]
3485,O=C1C=CC(=O)N1c1ccc(N2CCCCC2)cc1
3717,CCOC(=O)NNC(=O)CCn1c2c(c3ccccc31)CCCC2
3859,Cc1ccc2[nH]c3c(c2c1)CCCC3NC(=O)CCl
12063,NC(=O)c1cccc2c3c([nH]c12)CCCC3
9423,Cc1ccc(OCC(O)CNS(=O)(=O)c2ccccc2C(=O)N2CCCCC2)cc1
1382,COC(=O)c1ccccc1N1C(=O)[C@@H]2C(c3ccc(F)cc3)=NO[C@@H]2C1=O
10525,COc1ccc(C2=NO[C@@H]3C(=O)N(c4c(C)cccc4C)C(=O)[C@H]23)cc1OC
7855,CCOC(=O)CSc1nnc2n1C(C)(C)Cc1ccccc1-2
14936,COC1=CC(=O)C(CC=C(C)C)(CC=C(C)C)C2=C1[C@@H](O)C[C@@H](c1ccccc1)O2
766,Cc1ccc(-c2ccccc2[C@H]2[C@@H](C#N)N(c3ncc(-c4ccccc4)s3)[C@@H]2CO)cc1
3826,CC(=O)O[C@@H]1/C=C/[C@](C)(O)C[C@@H](C)C/C=C/[C@H]2[C@@H]3O[C@]3(C)[C@@H](C)[C@H]3[C@H](Cc4ccccc4)NC(=O)[C@@]312
4555,O=C(O)CCCCCN1C(=O)/C(=C\c2ccncc2)SC1=S
4580,O=C(O)CCCCCN1C(=O)/C(=C/c2ccncc2)SC1=S
1962,CCn1nc(-c2cccc(Br)c2)cc(NC(=O)Nc2c(Cl)cncc2Cl)c1=O
2970,Cc1cc2c(c(/C=C/C(=O)c3ccccc3)c1)OC1(C=C2)Oc2ccccc2C(=O)N1C
4382,COc1ccc(C2=Nn3c(nnc3-c3ccccc3OC)SC2)cc1OC1CCCC1
4383,COc1ccc(OC)c(-c2nnc3n2N=C(c2ccc(OC)c(OC4CCCC4)c2)CS3)c1
9912,O=c1c2c(nc3cc(-c4ccc(F)cc4)[nH]n13)CCCC2
12464,Cc1ccc(-c2[nH]n3c(=O)c4c(nc3c2C)CCCC4)cc1
1251,CCOC(=O)c1c(CCc2cccc(Cl)c2)[nH]c2c1cc(O)c1ccccc12
6353,COc1cccc(C(=O)NC2CC3CCCC(C2)N3CC(=O)Nc2ccc(N(C)C)cc2)c1
6352,CCOC(=O)C1=C(C)OC(N)=C(C#N)C1c1c(C)nn(-c2ccc(C)cc2)c1Cl
8060,C=CCOC(=O)C1=C(C)OC(N)=C(C#N)C1c1c(C)nn(-c2ccccc2)c1Cl
8417,CC(=O)Nc1ccc(C(=O)CSc2nnc3scc(-c4ccccc4)n23)cc1
248,Cc1c(Cc2ccccc2)sc(N)c1C(N)=O
11881,C[C@H](C#Cc1ccc(Cc2ccc(F)cc2)s1)N(O)C(N)=O
4850,CCc1cc(=S)n2c([nH]c3ccccc32)c1C#N
4907,CCCc1cc(=S)n2c([nH]c3ccccc32)c1C#N
3823,COc1ccccc1NC(=O)c1oc2ccccc2c1NC(=O)c1cc(OC)c(OC)c(OC)c1
12843,O=[N+]([O-])c1cccnc1NCCNc1ncc(C(F)(F)F)cc1Cl
10907,Cn1cnnc1SCC(=O)Nc1sc2c(c1C#N)CCCCC2
3037,COC(=O)c1ccc(C(=O)Nc2cc(Cl)ccc2Cl)cc1NC(=O)c1ccccc1C
1047,CCc1ccc(N2C(=O)NC(=O)/C(=C/c3cccn3CCOc3ccc(C(C)CC)cc3)C2=O)cc1
12471,Cc1cccc(N2C(=O)CC(N(C(=O)c3ccco3)c3cccc(C)c3)C2=O)c1
8287,Cc1oc2ncnc(N)c2c1C
6368,CCc1cc(C(=O)Cc2nc3ccccc3[nH]2)c(O)cc1O
7134,O=C(CN1CCOCC1)Nc1ccc(S(=O)(=O)N2CCCCCC2)cc1
11400,CC[C@H]1OC(=O)[C@H](C)[C@@H](O[C@@H]2C[C@](C)(OC)[C@H](O)[C@@H](C)O2)[C@H](C)[C@@H](O[C@@H]2O[C@H](C)C[C@H](N(C)C)[C@H]2O)[C@@](C)(O)C[C@@H](C)CN(Cc2ccc(-c3cn(CC(=O)NO)nn3)cc2)[C@@H](C)[C@@H](O)[C@]1(C)O
2225,Cc1ccc2nc(-c3ccc4c(c3)OCCO4)cn2c1
4662,COc1ccnc(CSC(N)=Nc2ccccc2C(F)(F)F)c1
1620,COc1ccc(-n2c(SCC(=O)NCc3ccco3)nc3c([nH]c4ccccc43)c2=O)cc1
14717,CC(=O)O[C@@H]1C[C@]23C[C@@](C)(O)[C@H](CC[C@H]2[C@@](C)(O)[C@@H]2[C@@H](Cl)[C@H](O)C(C)(C)[C@@]12O)[C@H]3O
14718,CC(=O)O[C@@H]1C[C@]23C[C@@](C)(O)[C@H](CC[C@H]2[C@@](C)(O)[C@@H]2[C@@H](O)[C@H](O)C(C)(C)[C@@]12O)[C@H]3O
14725,CC(=O)O[C@@H]1[C@H]2CC[C@H]3[C@@](C)(O)[C@@H]4[C@@H](O)[C@H](O)C(C)(C)[C@@]4(O)[C@H](OC(C)=O)C[C@@]13C[C@@]2(C)O
14844,CC1(C)[C@@H](O)[C@H](O)[C@H]2[C@](C)(O)[C@@H]3CC[C@@H]4C(O)[C@@]3(C[C@@H](O)[C@@]21O)C[C@@]4(C)O
14951,CO[C@H]1[C@H](O)C(C)(C)[C@@]2(O)[C@H](OC(C)=O)C[C@]34C[C@@](C)(O)[C@H](CC[C@H]3[C@@](C)(O)[C@H]12)[C@H]4O
8407,CCCC(c1nnnn1Cc1cccs1)N1CCN(c2nc3ccccc3s2)CC1
12628,c1csc(Cn2nnnc2CN2CCN(c3nc4ccccc4s3)CC2)c1
7640,O=C(CS(=O)CC(=O)Nc1cccc2c1CCCC2)Nc1ccc(F)cc1
5914,O=C1c2ccccc2C(=O)N1Cc1nc2ccccc2o1
4920,COc1cc(OC)cc(C(=O)NC(=S)NNC(=O)[C@H]2C[C@@H]2c2ccccc2)c1
4921,COc1cc(C(=O)NC(=S)NNC(=O)[C@H]2C[C@@H]2c2ccccc2)cc(OC)c1OC
4922,O=C(NC(=S)NNC(=O)[C@H]1C[C@@H]1c1ccccc1)c1cccc(F)c1
4924,COc1ccc(C(=O)NC(=S)NNC(=O)[C@H]2C[C@@H]2c2ccccc2)cc1OC
4004,Cc1ccc(-c2nn(-c3ccccc3)cc2/C=C2\SC(=S)N(CCCCCC(=O)O)C2=O)o1
10735,CSCCC(NC(=O)c1ccco1)C(=O)OCC(=O)Nc1sccc1C#N
5650,NC(=O)c1ccsc1NC(=O)COC(=O)c1cc(=O)[nH]c2ccccc12
1057,O=C1C([N+](=O)[O-])=C(O)c2cccc3cccc1c23
1354,O=C(C1CCCO1)N1CCN(c2c3c(nc4cc(-c5ccc(F)cc5)nn24)CCC3)CC1
505,CCOC(=O)N1CCN(Cc2ccc(O)c3ncccc23)CC1
4760,O=C(O)Cn1cc(/C=c2/sc3nc4ccccc4n3c2=O)c2ccccc21
9473,CCCc1nnc(NC(=O)C2CCCO2)s1
13951,O=C(Nc1cccc(Nc2ccc3c(c2)CCc2ccccc2C3=O)c1)c1cccs1
1541,CCOC(=O)C(CC)n1nc(C)n2c(cc3sccc32)c1=O
2733,CC(C)c1nc2n[nH]c(N)c2c2c1CCCC2
4928,CCn1c(O)c(/C=N/NC(=O)c2ccccc2)c(=O)n(CC)c1=S
176,C=CCn1c(SCC(=O)c2ccc(OC)cc2)nnc1C(C)NC(=O)c1cccs1
8123,COc1ccc(S(=O)(=O)N(CCCN2CCCC2=O)Cc2cc3c(C)cc(C)cc3[nH]c2=O)cc1
8982,CCN(CC)S(=O)(=O)c1csc(C(=O)Nc2ccccn2)c1
9341,Cc1cccc(NC(=O)c2cccs2)n1
1594,O=Cc1ccc(OCc2ccccn2)cc1
3058,COc1cc([N+](=O)[O-])ccc1-c1ccc(/C=C2\C(=O)ON=C2c2ccccc2)o1
7836,O=C(Nc1ccc(Oc2ccccc2)cc1)C1CCCN(c2ncccn2)C1
2552,O=C(COc1ccccc1Cl)c1ccc[nH]1
12385,O=C(CN1CCC(n2nnc3cc(F)ccc32)CC1)NC1CC1
14659,C=C1CC[C@H]2[C@@H](/C=C(\C)C(=O)[C@@]3(OC(C)=O)C[C@H](C)[C@H](OC(=O)/C=C/c4ccccc4)[C@@H]3[C@H]1O)C2(C)C
571,Cc1ccc(NC(=O)CNC(=O)c2cccc(Cl)c2)nc1
574,Cc1ccc(NC(=O)CNC(=O)c2cccc(C)c2)nc1
3073,CCOc1ccc2nc(NC(=O)c3cccc(-c4cc5ccccc5oc4=O)c3)sc2c1
3208,COc1ccc2nc(NC(=O)c3cccc(-c4cc5ccccc5oc4=O)c3)sc2c1
9113,COCCn1c(SCC(=O)Nc2nnc(C)s2)nnc1-c1ccncc1
10112,CCSc1nc2n(n1)C(c1cccc(F)c1)C1=C(CCCC1=O)N2
10492,CC1CC(=O)C2=C(C1)Nc1ncnn1C2c1ccccc1
12936,O=C1CN2C(=Nc3ccc(Cl)cc3C2c2ccccc2)CN1
12823,CC(C)(C)c1cc(/C=N/n2cnnc2)cc(C(C)(C)C)c1O
13950,Cc1ccc(S(=O)(=O)N2CCC(C(=O)NC3CCC3)CC2)c(C)c1
8483,CCC(C)(C)n1nnnc1C(C(C)C)N1CCSCC1
11653,CN1CCN(Cc2ccc(-c3cnc(Nc4ccc(-c5ccsc5)cn4)nc3Nc3cccc(C(F)(F)F)c3)cc2)CC1
2599,Cc1cc2nc3c(=O)n(Cc4ccccc4)c(=O)[nH]c3nc2cc1N
7034,O=S(=O)(c1ccc(S(=O)(=O)N2CCCN(Cc3ccccc3)C2)cc1)N1CCCCCC1
13552,CCCCCCCCc1ccc(OCC(=O)Cn2cnc3cc(C(=O)O)ccc32)cc1
13693,CCCCCCCCc1ccc(OCC(=O)Cn2cnc3ccc(C(=O)O)cc32)cc1
2912,CC(=O)Oc1ccc(N(C(C)=O)S(=O)(=O)c2cccs2)c2ccccc12
4105,O=S(=O)(Nc1ccc(O)c2ccccc12)c1cccs1
6360,CNC(=O)CSc1nnnn1CCCOC
6801,Cn1nnnc1SCC(=O)NC(C)(C)C
12197,CC1(C)Cc2ccccc2-c2nnc(-c3ccco3)n21
96,COc1ccccc1OCC(=O)NCC1CCCCC1
12266,COc1ccc(C2CCCN2C(=O)c2cccs2)cc1
6768,CCC(C)(C)NC(=O)CN(C(=O)CNS(=O)(=O)c1ccc(C)cc1)c1ccc2c(c1)OCCO2
14104,COc1ccc(C2=NN(CC(=O)NCCCn3ccnc3)C(=O)[C@@H]3CC=CC[C@H]23)cc1OC
5364,COc1ccc(OC)c(-c2cc(C(=O)N3CCN(c4ncccn4)CC3)c3ccccc3n2)c1
12446,CC(C)Oc1cccc(-c2cc(C(=O)N3CCN(c4ncccn4)CC3)c3ccccc3n2)c1
2682,COCCn1c(SCC(=O)Nc2ccc(C(N)=O)cc2)nc2c([nH]c3ccccc32)c1=O
4217,C=CCn1c(SCC(=O)Nc2ccccc2OC)nc2c([nH]c3ccccc32)c1=O
4233,CCn1c(SCC(=O)Nc2cccc(NC(C)=O)c2)nc2c([nH]c3ccccc32)c1=O
5575,COc1ccc(NC(=O)CSc2nc3c([nH]c4ccccc43)c(=O)n2C)c(OC)c1
5579,CCn1c(SCC(=O)Nc2ccc(C(C)=O)cc2)nc2c([nH]c3ccccc32)c1=O
4440,Cc1ccccc1C(=O)NNC(=S)NC(=O)c1ccc(Cl)cc1Cl
4445,Cc1ccc(C(=O)NNC(=S)NC(=O)c2ccc(Cl)cc2Cl)cc1
4481,Cc1ccc(C(=O)NNC(=S)NC(=O)c2ccc(Cl)cc2)cc1
4634,Cc1cccc(C(=O)NC(=S)NNC(=O)c2ccccc2Cl)c1
4636,COc1cc(C(=O)NNC(=S)NC(=O)c2ccccc2C)cc(OC)c1OC
4658,Cc1ccccc1C(=O)NNC(=S)NC(=O)c1ccccc1
4701,O=C(NNC(=S)NC(=O)c1ccccc1[N+](=O)[O-])c1ccc(Cl)cc1Cl
4724,COc1ccccc1C(=O)NNC(=S)NC(=O)c1cc(OC)c(OC)c(OC)c1
5001,COc1ccc(C(=O)NC(=S)NNC(=O)c2ccccc2C)cc1
5002,COc1ccc(C(=O)NC(=S)NNC(=O)c2ccc(C)cc2)cc1
5003,Cc1cccc(C(=O)NNC(=S)NC(=O)c2ccccc2)c1
5008,COc1ccc(C(=O)NNC(=S)NC(=O)c2ccc(Cl)cc2)cc1
5009,Cc1ccc(C(=O)NNC(=S)NC(=O)c2ccccc2)cc1
5019,COc1ccc(C(=O)NC(=S)NNC(=O)c2cccc(C)c2)cc1
5035,Cc1ccc(C(=O)NC(=S)NNC(=O)c2ccccc2)cc1
5037,COc1ccc(C(=O)NNC(=S)NC(=O)c2ccc(OC)cc2)cc1
5048,COc1ccc(C(=O)NNC(=S)NC(=O)c2ccccc2)cc1
5057,Cc1ccc(C(=O)NC(=S)NNC(=O)c2ccc([N+](=O)[O-])cc2)cc1
5066,O=C(NNC(=S)NC(=O)c1ccccc1)c1ccc([N+](=O)[O-])cc1
5082,CCCOc1ccc(C(=O)NNC(=S)NC(=O)c2ccccc2)cc1
5100,O=C(NC(=S)NNC(=O)c1ccccc1O)c1ccccc1
5101,O=C(NNC(=S)NC(=O)c1cccc([N+](=O)[O-])c1)c1ccc(Br)cc1
5137,O=C(NNC(=S)NC(=O)c1ccccc1Cl)c1cccc([N+](=O)[O-])c1
11264,COc1ccc(C(=O)NC(=S)NNC(=O)c2ccc(NC(C)=O)cc2)cc1Br
3881,COC(=O)c1cc(C)nc2c1C(=O)C(=O)C=C2N1CCOCC1
8692,Cc1ccc(NC(=O)N(Cc2ccc3c(c2)OCO3)Cc2cc3cc4c(cc3[nH]c2=O)OCCO4)cc1
2659,COc1ccc(-c2cc3c(=O)n(CC(=O)Nc4ccc(C(C)=O)cc4)ncn3n2)cc1
4056,COc1ccc(NC(=O)Cn2ncn3nc(-c4ccc(OC)cc4)cc3c2=O)cc1
4809,CCc1cccc(C)c1NC(=S)N1CCCCC1c1cccnc1
7885,CN(C)c1nc(Nc2ccccc2)nc(Oc2ccc(=O)[nH]n2)n1
14795,CC(C)=C[C@H](O)[C@@H](O)/C(C)=C/CC/C(C)=C/CC[C@]1(C)CCc2cc(O)cc(C)c2O1
1170,N#Cc1ccc2c(c1)nc(CCc1ccc(-c3ccc(N)nn3)cc1)n2Cc1ccccc1Cl
4797,CCN(CC)CCCNC(=O)c1ccc(N2CCCCC2)c(NS(=O)(=O)c2ccc(C)cc2)c1
7719,CCOC(=O)c1c(NC(=O)CSc2nc3cccnc3n2C)sc(C(C)=O)c1C
2923,CC1=NOC(=O)/C1=C\c1ccc(-c2cccc(Cl)c2)o1
2952,CC1=NOC(=O)/C1=C\c1ccc(-c2cc(Cl)ccc2Cl)o1
3398,CC1=NOC(=O)/C1=C\c1ccc(-c2ccccc2Br)o1
14219,CN1CCN(c2cccc(Nc3ncc4c(=O)c(C(N)=O)cn(-c5ccc6c(c5)CCC6)c4n3)c2)CC1
11196,O=C1/C(=C/c2ccc(N3CCCC3)cc2)CN(Cc2ccccc2)C/C1=C\c1ccc(N2CCCC2)cc1
11453,CCOC(=O)C1=C(COC(=O)c2ncc(Cl)c(Cl)c2Cl)NC(=O)NC1C
5962,C=CCn1c(SCC(=O)OCc2ccccc2)nc2c1c(=O)n(C)c(=O)n2C
9255,Cn1c(=O)c2c(nc(SCC(=O)OCc3ccccc3)n2C)n(C)c1=O
5922,O=C1C(Cl)=C(Nc2ccccc2O)C(=O)N1c1ccccc1
4327,CCOc1ccccc1C(=O)NCC(=O)N1CCN(Cc2ccc3c(c2)OCO3)CC1
66,COc1ccccc1-n1c(C)nnc1SCC(=O)Nc1cccc(C(C)=O)c1
5963,Cc1ccc(Cl)cc1NC(=O)CSc1nnc(C)n1-c1ccccc1
8885,CCOC(=O)CN(C(=O)CSc1nnc(C)n1-c1ccccc1)c1ccccc1
3437,Cc1ccc(S(=O)(=O)Nc2nc3ccccc3nc2Nc2cccc(S(=O)(=O)N3CCCC3)c2)cc1
5335,CN1CCc2nc(SCC(=O)Nc3ccc(Cl)cc3)c(C#N)cc2C1
8842,CCCOC(=O)CN1C(=O)c2ccccc2C1=O
9883,CN1C(=O)c2cccc(N(C)C)c2C1=O
12330,COC(=O)CC[C@@H](C(=O)O)N1C(=O)c2ccccc2C1=O
6253,CCN1C(=O)c2cccc3c(NS(=O)(=O)c4ccc(NC(C)=O)cc4)ccc1c23
12262,COc1ccc(OC)c(N(CC(=O)Nc2ccc3c(c2)OCCO3)S(C)(=O)=O)c1
3301,CC(C)C(NC(=O)C12CC3CC(CC(C3)C1)C2)C(=O)N/N=C/C1=C(N2CCOCC2)/C(=C\c2ccc([N+](=O)[O-])cc2)CC1
1950,CC(=O)N[C@@H](Cc1c[nH]c2ccccc12)C(=O)OCC(=O)Nc1ccc(S(=O)(=O)N(C)C)cc1
1951,CC(=O)N[C@@H](Cc1c[nH]c2ccccc12)C(=O)OCC(=O)Nc1ccc(Cl)c(S(=O)(=O)N(C)C)c1
4799,O=c1c2c(-c3ccccc3)csc2ncn1/N=C/c1cccc([N+](=O)[O-])c1O
6065,CCN1C(=O)N(CC)C2C1N(C(C)=O)C(=O)N2C(C)=O
7016,CC(=O)N1C(=O)N(C)C2C1N(C(C)=O)C(=O)N2C
7800,CC(=O)N1C(=O)N(C)C2C1N(C)C(=O)N2C(C)=O
8449,O=C(O)CCCN1C(=O)NC2NC(=O)NC21
6543,O=C(CN1CCC(n2nnc3ccccc32)CC1)Nc1ccc2c(c1)CCC2
13807,Cc1c(C2CCS(=O)(=O)CC2)c(=O)on1C(=O)N1CCCCC1
1982,CCn1nc(-c2cccc(-c3cc(C(=O)NCC[C@H]4CCCN4C)cc(C(=O)NC4CC4)c3)c2)cc(NC(=O)Nc2c(Cl)cncc2Cl)c1=O
6806,Cc1ccc(Cn2c(NC(=O)c3ccco3)nc3ccccc32)cc1
4255,O=C(c1ccc(NS(=O)(=O)/C=C/c2ccccc2)cc1)N1CCCCC1
9993,CCOC(=O)C1=C(C)N2C(=C(C#N)[C@@H]1c1ccc(C(=O)OC)cc1)SC[C@@]2(O)C(C)(C)C
3243,CCOC(=O)C1CCN(C(=O)c2c(C)oc3c2C(=O)c2ccccc2C3=O)CC1
12955,O=C(NCCCn1ccnc1)/C(=C/c1ccco1)NC(=O)c1ccccc1
480,CC(=O)c1cc(-c2ccccc2)n(CC(=O)NCc2cccs2)c1C
6906,Cn1nnnc1SCC(=O)N1CCc2ccccc2C1
7459,COc1ccc(C(c2nnnn2C2CCCC2)N2CCC(C)CC2)c(OC)c1
9802,CCOC(=O)C1=C(C)NC(=O)NC1c1c(OCC(=O)N2CCCCC2)ccc2ccccc12
11720,N#CC1=C(N)N(c2ccccc2Sc2ccccc2)C(=O)C1
3000,FC(F)(F)c1nnc2c(Sc3ccccc3)nc3ccc(Cl)cc3n12
3025,FC(F)(F)c1nnc2c(Sc3ccc(Cl)cc3)nc3ccccc3n12
3026,FC(F)(F)c1nnc2c(Sc3ccccc3)nc3ccccc3n12
6755,O=C(Nc1ccc2c(c1)OCO2)c1cnn2c1NC(c1ccco1)CC2C(F)(F)F
2997,O=C(NCCC1=CCCCC1)c1coc(=O)c(Br)c1
2626,NS(=O)(=O)c1ccc(CNC(=O)Cc2cccs2)cc1
5697,CCC(Oc1ccccc1)C(=O)N1CCN(S(=O)(=O)c2ccccc2)CC1
5788,CCOc1ccc(S(=O)(=O)N2CCN(C(=O)COc3ccc(Br)cc3)CC2)cc1
5827,O=C(COc1ccc(Cl)cc1)N1CCN(S(=O)(=O)c2cc(F)ccc2F)CC1
5834,CCOc1ccc(OCC(=O)N2CCN(S(=O)(=O)c3ccccc3)CC2)cc1
4376,COc1cccc(-c2ccc3ncnc(NCc4cccc(C)c4)c3c2)c1
12951,Cc1cc(NC(=O)COC(=O)c2cc3c(s2)CCC(C)C3)no1
3783,N#CC(C#N)=NNc1ccc(-n2ccc(C(F)(F)F)n2)cc1
4963,Cc1cc(C)n(-c2ccc(NN=C(C#N)C#N)cc2)n1
7653,CCOC(=O)CNC(=O)c1c(C)nn(-c2ccccc2)c1Cl
7942,Cc1nn(-c2ccccc2)c(Cl)c1C(=O)NCC(=O)O
12455,Cc1ccn(-c2ccc([N+](=O)[O-])cc2)n1
1671,C=C(C)c1cccc(C(C)(C)NC(=O)N2CCCCC2CC)c1
11835,O=C(NCc1ccccc1)N1CCCC(CO)C1
11836,Cc1cccc(CNC(=O)N2CCCC(CO)C2)c1
11837,CC(NC(=O)N1CCCC(CO)C1)c1ccccc1
11859,Cc1ccc(CNC(=O)N2CCCC(CO)C2)cc1
12787,Cc1ccccc1CNC(=O)N1CCCC(CO)C1
12997,O=C(O)C1CCN(C(=O)NCc2ccc(Cl)cc2Cl)CC1
13420,CS(=O)(=O)CCNC(=O)C1CCN(C(=O)NCc2ccc(Cl)cc2Cl)CC1
13431,NC(=O)C1CCN(C(=O)NCc2ccc(Cl)cc2Cl)CC1
13450,COCCNC(=O)C1CCN(C(=O)NCc2ccc(Cl)cc2Cl)CC1
13470,O=C(NCc1ccc(Cl)c(Cl)c1)N1CCCC(CO)C1
13870,O=C(NCc1ccc(Cl)cc1Cl)N1CCCC(CO)C1
1204,NS(=O)(=O)c1ccc(CCNC(=O)C2CCn3c(C(=O)c4ccccc4)ccc32)cc1
8479,O=C(CCCCCN1C(=O)c2ccccc2C1=O)NCc1ccco1
9237,CCOC(=O)CCNC(=O)Nc1ccc2nc(C)n(Cc3ccccc3Cl)c(=O)c2c1
2820,O=S1(=O)C=C(Sc2nnc(-c3ccccc3)o2)c2ccccc21
4390,COc1ccc(-c2csc3ncnc(Sc4nnnn4C)c23)cc1
4391,Cn1nnnc1Sc1ncnc2scc(-c3cccc(F)c3)c12
4392,Cn1nnnc1Sc1ncnc2scc(-c3cccc(C(F)(F)F)c3)c12
4393,Cn1nnnc1Sc1ncnc2scc(-c3ccc(C(F)(F)F)cc3)c12
4394,Cn1nnnc1Sc1ncnc2scc(-c3cccc(Br)c3)c12
4395,Cn1nnnc1Sc1ncnc2scc(-c3ccc(Br)cc3)c12
4396,Cn1nnnc1Sc1ncnc2scc(-c3ccccc3Cl)c12
4397,Cn1nnnc1Sc1ncnc2scc(-c3ccc(C#N)cc3)c12
4398,Cn1nnnc1Sc1ncnc2scc(-c3ccc([N+](=O)[O-])cc3)c12
4402,Cn1nnnc1Sc1ncnc2scc(-c3cccc(S(C)(=O)=O)c3)c12
9502,Cc1ccc2c(c1)N(CC(=O)c1cccc(Cl)c1)C(=O)C(C)O2
3843,COc1ccc(S(=O)(=O)N2c3ccc(F)cc3CCC2C)cc1
5360,COC(=O)Nc1ccc(S(=O)(=O)N2CCCc3ccccc32)cc1
4837,N#C/C(=C\c1cccs1)C(=O)Nc1nccs1
4022,O=C(NCc1ccc(F)cc1)C(c1ccccc1)N(C(=O)c1csnn1)c1ccccc1
12797,O=C(Nc1ccc(N2C(=O)C3C4C=CC(C4)C3C2=O)cc1)Nc1cccnc1
9032,CCc1nc(N2CCOCC2)c(C#N)c2c1COC(C)(C)C2
5546,CCOC(=O)CC1(NC(=O)c2cc(COc3cccc(OC)c3)on2)CCCCC1
1449,CCN(C(=O)CCS(=O)(=O)c1ccc(Br)cc1)c1ccc2c(c1)OCO2
3145,COc1c(Cl)cc(Cl)cc1/C=C/C(=O)c1ccc(NC(=O)c2cccs2)cc1
4840,O=C(COC(=O)c1nc(Cl)ccc1Cl)Nc1ccc2c(c1)OCO2
1579,CCOC(=O)C1C(=O)CC(C)(O)C(C(=O)OCC)C1c1ccccc1
6840,O=c1c(-c2ccccc2)c(O)nc2ccccn12
1535,CC1(C)CC(=O)C2=C(C1)NCN(Cc1ccc3c(c1)OCO3)C2
2310,CCc1cc2c(=O)c(Oc3ccccc3F)c(C)oc2c(CN(C)C)c1O
12850,CCOc1ccccc1Oc1coc2cc(O)ccc2c1=O
3399,Cc1ccc2nc3cc([N+](=O)[O-])cc([N+](=O)[O-])c3cc2c1
4571,Cc1c2ccccc2nc2c(F)c(NCCO)c(F)c(F)c12
5125,CC(C)(C)Nc1c2ccccc2nc2ccccc12
5175,O=[N+]([O-])c1cc([N+](=O)[O-])c2cc3ccccc3nc2c1
10302,O=c1c2c(nc3nc(SCc4ccccc4)[nH]n13)CCC2
540,CSc1nsc(SC)c1C(N)=O
7749,COCCNC(=O)C(C)OC(=O)c1nsc(Cl)c1Cl
8446,CCCSc1nsc(SCCC)c1C(N)=O
10586,O=C(O)c1nsc(Cl)c1Cl
11513,CCCSc1nsc(SCCC)c1C#N
12869,CSc1snc(SCC(N)=O)c1C#N
2968,O=[N+]([O-])c1ccc(Oc2ccc(F)cc2)c2ccncc12
2969,O=[N+]([O-])c1ccc(Oc2ccc(F)cc2Br)c2ccncc12
11576,O=C(Cn1cnc(-c2ccccc2)c1-c1ccccc1)N1CCOCC1
11643,COc1ccc(-c2ncn(CC(=O)N3CCOCC3)c2-c2ccc(OC)cc2)cc1
11008,COc1ccc(C)cc1-n1nnnc1SCC(=O)c1ccc2c(c1)OCCO2
2452,Fc1cccc(Cl)c1CNc1ccc(N2CCCC2)cc1
9729,Cc1ccc(Cn2c(SCCN3CCCCC3)nc3c2c(=O)n(C)c(=O)n3C)cc1
7754,CN(C)C=C1C(=O)N(C2CCCCC2)C(=O)N(C2CCCCC2)C1=O
7028,O=C(NCCNC(=O)c1cccs1)c1ccco1
8660,COc1ccc(S(=O)(=O)N2CCCC(C(=O)Nc3ccc(NC(=O)c4ccccn4)cc3)C2)cc1
4983,CNc1ccc2oc(C[C@H]3O[C@@]4(CC[C@H]3C)O[C@H]([C@H](C)C(=O)c3ccc[nH]3)[C@H](C)C[C@H]4C)nc2c1C(=O)O
557,COc1cc2cc(C(=O)Nc3ccc4c(c3)OCCO4)[nH]c2cc1OC
12589,Cc1ccc(NCc2nnc(SCC(=O)Nc3cc(C)on3)n2C)cc1
2555,Cc1ccc(-c2nc3c(c(=O)[nH]c(=O)n3Cc3ccccc3)n2C)o1
1711,Cc1ccnc(N2C(=O)C3C4CC(C(Br)C4Br)C3C2=O)c1
8349,O=C(Cn1cc(C(=O)c2ccco2)c2ccccc21)NC1CCCC1
623,CC(C)OC(=O)c1cn(Cc2c(F)cccc2F)c2sc(-c3ccc(NC(=O)C(C)C)cc3)c(CN(C)Cc3ccccc3)c2c1=O
2208,Cc1cc(O)ccc1N/C=C/c1onc(C)c1[N+](=O)[O-]
1624,CC(C)Cn1c(-c2cccs2)nc2ccccc21
5411,CC(=O)Nc1ccc2nc(-c3cccs3)[nH]c2c1
3653,CC1=CC2/C=C(\C)CCC(O)C(O)/C=C/C(=O)C23C(=O)NC(CC(C)C)C3C1C
12991,CS(=O)(=O)Nc1cc2c(cc1Nc1ccc(F)cc1F)C(=O)CC2
8989,O=C(Cn1c(C(=O)NCCCN2CCOCC2)cc2sccc21)c1ccccc1
1645,Cc1oc2c(C)c(O)ccc2c(=O)c1-c1cnn(-c2ccccc2)c1
14800,CC(C)CC(=O)c1c(O)cc(O)c2c1OC1=C(C(=O)C(C)(C)C(=O)C1(C)C)C2CC(C)C
14801,CC(C)CC(=O)c1c(O)cc2c(c1O)[C@@H](CC(C)C)C1=C(O2)C(C)(C)C(=O)C(C)(C)C1=O
5286,O=C(Nc1ccc(Cl)cc1Cl)c1ccc2c(=O)n3c(nc2c1)CCC3
5288,O=C(Nc1ccc(Br)cc1Cl)c1ccc2c(=O)n3c(nc2c1)CCC3
8733,Cc1ccc(-c2noc(CN3CCC(C(N)=O)CC3)n2)cc1
7671,O=S(=O)(c1ccc2c(c1)OCCO2)N1CCC(O)(c2ccc(Cl)cc2)CC1
11284,OCCN1CCN(CCCN2c3ccccc3Sc3ccc(Cl)cc32)CC1
7566,Cc1ccc2[nH]c(=O)c(C(c3nnnn3CC3CCCO3)N3CCOCC3)cc2c1
9556,Cc1cccc2cc(C(c3nnnn3CC3CCCO3)N3CCOCC3)c(=O)[nH]c12
10058,Cc1cc2c(c(=O)n1C)C(Cc1ccccc1)C(C#N)=C(N)O2
4404,C=C1[C@@H](O)[C@H](Cc2ccccc2)N(Cc2ccccc2Br)S1(=O)=O
288,c1ccc(Cn2cnc3ccccc32)cc1
1485,CCC(=O)NCc1nc2ccccc2n1Cc1ccccc1F
5038,Cc1ccc(Cn2c(N)nc3ccccc32)cc1
5043,Nc1nc2ccccc2n1Cc1ccc(Cl)c(Cl)c1
7103,COCc1nc2ccccc2n1Cc1ccccc1
7539,Cc1ccccc1Cn1c(C(C)O)nc2ccccc21
10413,COCc1nc2ccccc2n1Cc1ccccc1Br
5391,CCCCn1cc(C(C)(C)C)c(C#N)c1NC(C)=O
5488,CCOC(=O)c1c(C)[nH]c(C(=O)COC(=O)CSC)c1C
7004,COC(=O)Cn1c(C)c(C(C)=O)c(C(C)=O)c1C
8519,CCOC(=O)c1[nH]c(C)c(/C=N/O)c1C
5431,CCc1ccc2c(c1)C1(NN=C(c3ccccc3)S1)C(=O)N2
12158,CCc1ccc2c(c1)C1(NN=C(c3ccc(C)cc3)S1)C(=O)N2
5505,Cc1ccc(Oc2cnc3ccccc3n2)cc1
14921,COC(=O)C[C@H](OC(=O)C/C=C/c1ccc(O)c(O)c1)c1ccc(O)c(O)c1
5706,Cc1cccc(C)c1NC(=O)COC(=O)c1ccc(CN2CCCC2=O)cc1
12610,O=P(c1ccc2c(c1)OCCO2)(N1CCOCC1)N1CCOCC1
8916,CCc1nnc(NC(=O)CSc2nnc(COc3ccccc3)n2Cc2ccccc2)s1
13245,CNC(=O)c1cn(Cc2ccccc2)c2nc(Nc3ccc(N4CCN(C)CC4)cc3)ncc2c1=O
7630,Cc1cc(N2CCN(C(=O)c3ccco3)CC2)n2ncnc2n1
832,Cc1ccc(OC(=O)N(C)C[C@@H]2OCc3ccccc3-c3c(n(C)c4ccccc34)C(=O)N([C@@H](C)CO)C[C@H]2C)cc1
1450,CCOc1cc2[nH]c(=O)n(CCCN3CCCC3=O)c(=O)c2cc1OCC
10604,Cc1cc(C)cc(N(CCC#N)C(=O)CSc2nc3nc(C)cc(C)n3n2)c1
11117,COCCNc1nnc(SCC(=O)N2CCN(S(=O)(=O)c3ccccc3)CC2)s1
4335,CC1CCCCN1C(=O)c1cccc(NC2=C(Cl)C(=O)N(Cc3ccccc3)C2=O)c1
11851,Cc1cc(N)c2cc(NC(=O)/C=C/c3ccccc3Cl)ccc2n1
13710,CNC(=O)c1cc(C(=O)NC2CC2)cn(Cc2cccc3[nH]ncc23)c1=O
12099,COc1ccccc1NC(=O)c1nn(-c2ccccc2)ccc1=O
5311,NC(=O)c1ccc[n+]([C@H]2O[C@@H](COP(=O)([O-])OP(=O)(O)OC[C@H]3O[C@@H](n4cnc5c(N)ncnc54)[C@H](O)[C@@H]3O)[C@H](O)[C@@H]2O)c1
12115,COc1cc(/C=N/n2cnnc2)ccc1OCCOc1ccccc1
1547,Cc1ccc(CCNC(=O)C2CCCN(S(=O)(=O)c3c(C)noc3/C=C/N(C)C)C2)cc1
4941,O=C(CN(c1ccc(F)cc1)S(=O)(=O)c1ccc2c(c1)OCCO2)Nc1cccnc1
11735,COc1ccc2cc(C(=O)NC3(C)CCNC3=O)cnc2c1
13116,COc1ccc2cc(C(=O)N[C@@H]3C(=O)NC[C@H]3O)cnc2c1
13421,O=C(N[C@H]1CCNC1=O)c1cnc2cc(OC(F)(F)F)ccc2c1
13665,COc1ccc2cc(C(=O)N[C@H]3CCNC3=O)cnc2c1
13818,O=C(N[C@H]1CCNC1=O)c1cnc2cc(OC(F)F)ccc2c1
4143,O=C(CCN1C(=O)/C(=C/c2ccccc2Cl)SC1=S)N1CCOCC1
9220,O=C(NCCN1CCOCC1)c1ccc(Cl)cc1
7668,COc1ccc(N2CC(C(=O)NCCC3=CCCCC3)CC2=O)cc1
10889,CCOC(=O)C1CCN(C(=O)COC(=O)COc2ccccc2OC)CC1
14164,Nc1ccc(-c2cc(Cl)c(Cl)c3[nH]c4c(c23)CN(C(=O)CO)CC4)cn1
13295,CC1(C)OC[C@@H](COc2ccc3c(c2)CCc2cc(Nc4ccc(F)cc4F)ccc2C3=O)O1
13705,CC1(C)OC[C@H](COc2ccc3c(c2)CCc2cc(Nc4ccccc4N)ccc2C3=O)O1
14036,CC1(C)OC[C@H](COc2ccc3c(c2)CCc2cc(Nc4ccc(F)cc4F)ccc2C3=O)O1
119,O=C(CCC1CCCCC1)Nc1c2c(nn1-c1ccc(F)cc1)CS(=O)C2
5309,NC(N)=NC(=O)c1nc(Cl)c(N2CCCCCC2)nc1N
306,O=C(NCC1CCCO1)NC1CCCCC1
9560,CC1(C)CC(=O)C(CC(=O)Nc2ccc(S(N)(=O)=O)cc2)=C(O)C1
14677,C=C1c2ccoc2CC2C1[C@@H](OC(C)=O)[C@H](O)[C@@]1(O)C(C)(C)CC[C@H](OC(C)=O)[C@]21C
14678,C=C1c2ccoc2C[C@H]2[C@H]1[C@@H](OC(C)=O)[C@H](OC(C)=O)[C@@]1(O)C(C)(C)CC[C@H](OC(C)=O)[C@]21C
7113,COc1ccccc1NC(=O)N(Cc1ccc2c(c1)OCO2)Cc1nc2ccccc2c(=O)[nH]1
1720,Cc1ccc(S(=O)(=O)NNC(=O)c2sccc2-n2cccc2)cc1
13811,CC(C)C[C@@H]1NC(=O)[C@H](Cc2ccc(O)cc2)NC(=O)CSC[C@@H](C(N)=O)NC(=O)CNC(=O)CNC(=O)[C@H](CCCN=C(N)N)NC(=O)[C@H](CC(=O)O)NC(=O)[C@H](CCCCN)NC(=O)[C@@H]2CCCN2C(=O)[C@H](CCCN=C(N)N)NC(=O)[C@H](CC2CCCCC2)NC(=O)[C@H](CCCN=C(N)N)NC1=O
13261,CCCCCCC(Sc1nc(Cl)cc(Nc2nc(-c3ccc4c(c3)CCCC4)cs2)n1)C(=O)O
890,Cc1[nH]c2ccccc2c1CCNC(=O)c1ccc(N2CCCCC2)nc1
786,C[C@@H]1CN([C@@H](C)CO)C(=O)c2ccccc2-c2ccccc2CO[C@@H]1CN(C)Cc1ccccc1C(F)(F)F
2994,COc1cccc(/C=N/n2c(N)c(S(=O)(=O)c3cccs3)c3nc4ccccc4nc32)c1OC
14981,COc1c([C@@H](CC(=O)c2ccccc2)OC)c(O)cc2occc12
3261,CC1=CN2C(=N)/C(=C/c3ccc([N+](=O)[O-])o3)C(=O)N=C2S1
5544,CCN(CCn1cccn1)C(=O)C1CCC(=O)N(CCN2CCOCC2)C1
1202,CC(C)Cc1ccc(C(C)C(=O)NCCc2ccc(S(N)(=O)=O)cc2)cc1
1555,COc1ccccc1NC(=O)c1ccc(S(=O)(=O)N2CCCC2)cc1
4358,COc1ccc([C@H]2CC(=O)C=C(c3ccc(OC)c(OC)c3)C2)cc1
8718,COc1nc(N2CCCCCC2)nc(N2CCCCCC2)n1
6144,O=C(NCc1ccco1)c1cc2sccc2n1Cc1ccc(F)cc1
11068,Cn1nnnc1SCC(=O)Nc1ccc(N2CCOCC2)cc1
14636,C=C1C(=O)O[C@H]2C[C@H](C)[C@@H]3CC[C@@]4(C)O[C@@]34C[C@H]12
6382,COc1ccc(OC)c(C(=O)c2coc3ccc(O)c(CN4CCOCC4)c23)c1
3053,Cc1ccc(-c2cc(C(=O)N/N=C/c3c(C)nn(-c4ccccc4)c3C)[nH]n2)cc1
3057,Cc1nn(-c2ccccc2)c(C)c1/C=N/NC(=O)c1cc(-c2ccccc2)n[nH]1
1744,COc1ccc(S(=O)(=O)Nc2ccc(C)cc2)cc1N(C)S(=O)(=O)c1ccc(Cl)cc1
5220,COc1ccccc1Oc1ccnc2cc(Cl)ccc12
11566,COc1ccc(-c2c(C)noc2C)cc1S(=O)(=O)N1CCOCC1
11807,Cc1ccc(-c2c(C)noc2C)cc1S(=O)(=O)N1CCOCC1
554,O=C(c1cc(-c2ccc3c(c2)OCO3)on1)N1CCCCC1
7023,COc1ccc(C(=O)Cn2nnc(-c3ccc(N4CCOCC4)cc3)n2)cc1OC
11858,CCC(Sc1nc(Cl)cc(Nc2nc(-c3ccc4ccccc4c3)cs2)n1)C(=O)O
13026,CCCCCC[C@H](Sc1nc(Cl)cc(Nc2nc(-c3ccc4ccccc4c3)cs2)n1)C(=O)O
13263,CCCCCC[C@@H](Sc1nc(Cl)cc(Nc2nc(-c3ccc4ccccc4c3)cs2)n1)C(=O)O
13467,CCCCCCC(Sc1nc(Cl)cc(Nc2nc(-c3ccc4ccccc4c3)cs2)n1)C(=O)O
11716,COC(=O)CN1C(=O)C(O)(CC(=O)c2ccc(C)o2)c2ccccc21
13852,CC1CN(c2cncnc2)Cc2cc(C(=O)Nc3cc(CN4CCN(C)CC4)cc(-c4ccccc4)c3)ccc21
8107,CCN(CC)S(=O)(=O)c1csc(C(=O)NCc2ccccc2)c1
98,O=c1c2c3c(sc2nc2sc(C4CC4)nn12)CCCC3
8997,CC(C)(C)c1nn(-c2ccccc2)c2[nH]c(=O)c(CNCc3ccco3)cc12
10817,O=C1NC(Cc2c[nH]c3ccccc23)C(=O)N1Cc1nnc(-c2ccccc2Br)o1
4741,Cc1nn(C)c(C)c1CN(Cc1nc(-c2ccc(F)cc2F)oc1C)C1CC1
7445,O=C(Nc1ccc(NC(=O)C2CC2)nc1)c1ccccn1
5631,Cc1ccc(OCCNC(=O)CN2C(=O)NC3(CCCC3)C2=O)cc1
4667,Cc1cc(C(=O)N/N=C/c2cccs2)no1
9327,CC1(C)NC(=O)N(CC(O)CN2C(=O)NC(C)(C)C2=O)C1=O
5723,COc1ccc(-c2nnn(CC(=O)Nc3ccc4c(c3)OCCO4)n2)cc1OC
6392,COc1ccc(CN(CC2CCCO2)S(=O)(=O)c2ccc(C(=O)O)cc2)cc1OC
14216,NC(=O)c1cn(-c2ccc3c(c2)CCC3)c2nc(Nc3ccc(CCN4CCOCC4)cc3)ncc2c1=O
12418,Cn1c(COc2ccccc2)nnc1SCc1cc(=O)[nH]c2ccccc12
6365,O=c1[nH]c(CSc2ncc(-c3ccc(F)cc3)n2Cc2ccco2)nc2ccccc12
1625,COc1ccc(Cl)cc1NC(=S)NCc1ccco1
4512,CN(C)/C=C1\C(=O)N(c2ccc([N+](=O)[O-])cc2)N=C1c1ccccc1
4593,CN(C)/C=C1/C(=O)N(c2ccc([N+](=O)[O-])cc2)N=C1c1ccccc1
5013,CCOc1ccc(CN2CCCC(CO)(Cc3ccccc3F)C2)cc1
15082,COc1ccc(CCc2cc(=O)c3c(o2)[C@@H](O)[C@@H]2Oc4ccc5oc(CCc6ccccc6)cc(=O)c5c4[C@H]3[C@@H]2O)cc1
15211,O=c1cc(CCc2ccccc2)oc2c1[C@@H]1c3c(ccc4oc(CCc5ccccc5)cc(=O)c34)O[C@@H]([C@@H]1O)[C@H]2O
15213,O=c1cc(CCc2ccccc2)oc2c1[C@H]1c3c(ccc4oc(CCc5ccccc5)cc(=O)c34)O[C@H]([C@H]1O)[C@@H]2O
6887,CC1=C(C(=O)Nc2ccc(Cl)cc2)C(c2ccco2)NC(=O)N1
4671,C=C1C(=O)C=C2CN(C(=O)c3ccccc3)[C@@](Cc3ccc(F)cc3)(C(=O)OC)[C@@H]12
8638,CCOC(=O)c1cc2sccc2n1CC(=O)c1ccc2c(c1)OCCO2
13277,O=C(O)c1c(-c2ccc(OC(F)(F)F)cc2)c2sc(-c3ccc(OC(F)(F)F)cc3)cc2n1Cc1cccc(Cl)c1
12737,COC(=O)c1[nH]c2cccc(OC)c2c1NC(=O)CN(C)CC1OCCO1
11046,Cc1cc(Nc2nnnn2-c2ccccc2)n(-c2ccc(Cl)cc2)n1
7032,CC(=NCc1ccco1)c1c(C)[nH]n(-c2nc3ccccc3s2)c1=O
9509,O=C(CN1C(=O)COc2ccccc21)N(Cc1ccccc1)Cc1ccccn1
10473,COc1cccc(C2NC(=O)c3ccccc3O2)c1OC
10548,COc1ccc(C2NC(=O)c3ccccc3O2)c(OC)c1OC
3117,O=C1/C(=C/c2ccccc2O)SC(=S)N1Cc1cccnc1
14778,CC(C)=CCc1c(O)c(CC2=C(O)C(C)(C)C(=O)C(C(=O)C(C)C)=C2O)c(O)c(C(=O)C(C)C)c1O
14108,CN1CCN(Cc2ccc(Nc3ncc4c(=O)c(C(N)=O)cn(-c5ccc6c(c5)CCC6)c4n3)cc2)CC1
8911,O=C1CNC(=O)c2c(nc3n2CCC3)N1
11929,CCCCCN=c1ccn(C2CCc3ccccc32)c2cc(Cl)ccc12
4375,c1cncc(CNc2ncnc3ccc(-c4ccoc4)cc23)c1
12241,COc1cnn(-c2cc(Oc3ccc(C)cc3)ncn2)c(=O)c1Cl
9627,O=C(CSc1nnnn1C1CCCC1)c1ccc2c(c1)OCCO2
138,CCN(CC)CCCn1c(=S)[nH]c2cc(Cl)ccc2c1=O
10374,Cn1c(=O)oc2cc(S(=O)(=O)Nc3ccc4c(c3)OCO4)ccc21
3195,CCCc1nc(Cl)c(C#N)c2c1CCCC2
3196,CC(C)c1nc(Cl)c(C#N)c2c1CCCC2
3199,CCc1nc(Cl)c(C#N)c2c1CCCC2
3690,CC(C)c1nc(NCCO)c(C#N)c2c1CCCC2
3288,Cc1[nH]nc2c1C(c1cc(Br)cs1)C(C#N)=C(N)O2
95,CCOC(=O)c1ccc(NC(=O)CCc2nc(-c3cccc(C)c3)no2)cc1
336,COc1cccc(NC(=O)CCc2nc(-c3ccccc3F)no2)c1
10169,CCOC(=O)c1ccc(NC(=O)CCc2nc(-c3ccc(C)cc3)no2)cc1
10529,COc1ccccc1-c1noc(CCC(=O)Nc2cc(C(F)(F)F)ccc2Cl)n1
8296,CCC(=O)OC1CSc2nc3ccccc3n2C1
3582,Cc1coc2c1C(=O)C(=O)c1c-2ccc2c1CCCC2(C)C
6143,O=C(CSC1=NCCS1)Nc1ccccc1F
7175,CC(=O)Nc1ccc(NC(=O)CSC2=NCCS2)cc1
15157,O=C(CCCCCCCCc1ccc(O)c(O)c1)c1c(O)cccc1O
13237,CC1(C)OC[C@H](COc2cccc3c2CCc2cc(Nc4ccc(F)cc4F)ccc2C3=O)O1
12682,Cc1ccc(S(=O)(=O)NNC(=O)C2CCN(S(=O)(=O)c3ccc(C)cc3)CC2)cc1
6242,Cn1nnc2cc(C(=O)NC(C)(C)C)ccc21
9836,CC(C)NC(=O)c1ccc2c(c1)nnn2C
12270,CC(Sc1nnc(-c2cc3ccccc3o2)n1-c1ccccc1)C(=O)O
55,O=C(NC1CCCC1)C1C2C=CC(C2)C1C(=O)N1CCOCC1
933,CNc1ncc2cc(-c3cc(C(=O)Nc4cc(C(F)(F)F)ccc4N4CCN(C)C4=O)ccc3C)ccc2n1
9492,CCn1c(SCC(=O)Nc2nc(C)c(C)s2)nnc1-c1ccco1
9346,CC1(C(=O)N(CC(=O)NC2CCCC2)Cc2ccco2)CC(=O)N=C2C=CC=CN21
13045,C=CCc1c(C)nc(-c2cnccn2)nc1Nc1ccc(C(=O)O)cc1
8801,Cc1ccc(N(C(C)C(=O)N2CCCCC2)S(C)(=O)=O)cc1C
9137,CCOC(=O)C1CCN(C(=O)CN(c2cccc(C(F)(F)F)c2)S(C)(=O)=O)CC1
4947,COc1ccc(/C=N/Nc2nnc(Cc3ccccc3)c(=O)[nH]2)cc1
6288,CC(=O)c1ccc(N2CCN(S(=O)(=O)c3cccc(S(=O)(=O)N4CCOCC4)c3)CC2)cc1
797,N#C[C@@H]1[C@H](c2ccc(C#CC3CCCC3)cc2)[C@@H](CO)N1C(=O)c1cccc(F)c1
12541,O=C(Cc1cccs1)NNC(=S)NCc1ccc(Cl)cc1
2371,COc1ccc2cc3c(N)nn(C(=O)c4cccc([N+](=O)[O-])c4)c3nc2c1
3106,COc1ccc2cc3c(N)nn(C(=O)c4ccccc4[N+](=O)[O-])c3nc2c1
3573,COc1ccc2cc3c(N)nn(C(=O)c4ccc(F)cc4)c3nc2c1
3574,COc1ccc2cc3c(N)nn(C(=O)c4ccccc4Cl)c3nc2c1
834,CCCNC(=O)N1[C@H](C#N)[C@H](c2ccc(C3=CCCCC3)cc2)[C@@H]1CO
3697,C/C(=N/NC(=O)c1cc(-c2cccc([N+](=O)[O-])c2)n[nH]1)c1cccc(O)c1
12009,Cc1cccc(NC2=NS(=O)(=O)c3cc([N+](=O)[O-])ccc32)c1
8601,Cc1cccc(N2CCN(C(c3ccccc3)c3nnnn3CC3CCCO3)CC2)c1C
11107,Cc1ccc(-c2csc3ncnc(-n4nc(C)cc4N)c23)cc1
3292,O=C(c1cccc(NS(=O)(=O)c2ccc(F)c(F)c2)c1)N1CCN(C(c2ccccc2)c2ccccc2)CC1
197,O=C(NCCc1nc2ccccc2[nH]1)c1ccc(F)cc1
65,O=C(Cn1nc(-c2ccccc2)ccc1=O)NCC1COCCO1
8423,COC(=O)c1cccc(S(=O)(=O)N2CCC(NC(=O)Nc3cccc(F)c3)CC2)c1
14692,C=C[C@@]1(C)C=C2CC[C@@H]3[C@](C)(CCC[C@@]3(C)C(=O)O)[C@H]2CC1
14696,C=C[C@]1(C)C=C2CC[C@H]3C(C)(C)CC[C@H](O)[C@]3(C)C2[C@H](O)C1
14697,C=C[C@]1(C)C=C2CC[C@H]3C(C)(C)C[C@H](O)[C@H](O)[C@]3(C)C2CC1
14698,C=C[C@]1(C)C=C2CC[C@H]3C(C)(C)[C@H](O)C[C@H](O)[C@]3(C)[C@H]2[C@H](O)C1
14701,CC(=O)/C=C/C1CC2C(=C[C@@]1(C)O)CC[C@H]1C(C)(C)CCC[C@]21C
10621,O=C(CCCc1c[nH]c2ccccc12)N1CCN(S(=O)(=O)c2cccs2)CC1
5991,Cc1cccc(N(CC(=O)NCc2ccccc2)C(=O)Cn2nnc(-c3ccc(C)o3)n2)c1
9971,Cc1ccc(-c2nnn(CC(=O)N(CC(=O)NCc3ccccc3)c3cccc(C)c3C)n2)o1
1857,CNC(=S)N=Nc1c(O)[nH]c2ccc(C(C)C)cc12
3429,C/C(Cl)=C\Cn1c(O)c(N=NC(N)=S)c2cc(Br)ccc21
3478,Cc1[nH]c2ccccc2c1C(=O)CCl
3480,Cn1cc(C(=O)CCl)c2ccccc21
3566,COc1ccc2c(C(=O)CCl)c[nH]c2c1
4499,COC(=O)/C(=C/c1c[nH]c2ccccc12)[N+](=O)[O-]
4711,CCOC(=O)Cn1cc(/C=C/[N+](=O)[O-])c2ccccc21
4782,COC(=O)Cn1cc(/C=C/[N+](=O)[O-])c2ccccc21
4917,O=[N+]([O-])/C=C/c1cc2ccccc2[nH]1
5306,N[C@@H](Cc1c[nH]c2ccc(O)cc12)C(=O)O
5402,CCOC(=O)c1[nH]c2ccccc2c1NC(C)=O
6056,CC(=O)Nc1c(C(=O)O)[nH]c2ccccc12
6266,OCCNCC(O)Cn1ccc2ccccc21
6343,CCOC(=O)c1[nH]c2ccc(OC)cc2c1NC(C)=O
7210,C=COCCn1c(C)c(C(=O)OCC)c2cc(O)ccc21
8197,COc1ccc2c(c1)cc(C(=O)O)n2C
8973,COc1cc2cc(C(=O)O)n(C)c2c(OC)c1OC
9384,COC(=O)CNC(=O)C(Cc1c[nH]c2ccccc12)NC(=O)OC(C)(C)C
9913,Cc1[nH]c2ccc(C(=O)OCCN(C)C)cc2c1C
10039,CC(=O)NCCCc1c[nH]c2ccc(Cl)cc12
10185,CCS(=O)(=O)Nc1c(C(=O)OC)[nH]c2ccccc12
10317,CCS(=O)(=O)Nc1c(C(=O)O)[nH]c2ccccc12
11019,CCCCn1c(C)c(C(=O)O)c2cc(OC)ccc21
11223,C=CCNc1[nH]c2ccccc2c1C(=O)OC
11368,NC(=S)N=Nc1c(O)n(CCCl)c2ccccc12
11556,C=CCn1c(CC(C)(C)C(=O)O)c(SC(C)(C)C)c2cc(C(C)C)ccc21
11601,CCCCNC(=S)N=Nc1c(O)[nH]c2ccccc12
11778,CC(C)NC(=S)N=Nc1c(O)[nH]c2ccc(C(C)C)cc12
11907,CCNC(=S)N=Nc1c(O)[nH]c2ccc(C(C)C)cc12
12176,CCOC(=O)c1c(C)n(CCNC(C)=O)c2ccc(OC)cc12
12623,COc1ccc2c(CC#N)c[nH]c2c1
12776,COCCNC(=S)N=Nc1c(O)[nH]c2ccc([N+](=O)[O-])cc12
13155,COCCNC(=S)N=Nc1c(O)[nH]c2c(C)cc(C)cc12
15189,O=Cc1c[nH]c2ccccc12
15222,OCc1c[nH]c2ccccc12
8316,CCCCn1c(=O)c(C(=O)NCc2ccncc2)c(O)c2ccccc21
9005,CCCn1c(=O)c(C(=O)NCc2ccncc2)c(O)c2ccccc21
5153,COc1ccc(Nc2nc(-c3cccnc3)nc3ccccc23)cn1
8635,CCN(CC)C(=O)CSc1nc2cccnc2n1-c1ccccc1OC
6335,Cc1nn(CC(=O)N(C)C)c(=O)c2ccccc12
6908,CCCn1nc(CC(=O)O)c2ccccc2c1=O
6971,C=Cn1nc(C)c2ccccc2c1=O
14675,C=C1[C@H](CO)CC[C@]2(C)c3ccc(C(C)C)c(O)c3CC[C@@H]12
6231,O=S(=O)(c1cccc(S(=O)(=O)N2CCC(n3nnc4ccccc43)CC2)c1)N1CCCCC1
10144,COC(=O)Cc1c(C)nc2nc[nH]n2c1=O
10224,CCCc1cc(=O)n2[nH]c(C)nc2n1
10243,CCCc1cc(=O)n2[nH]cnc2n1
12522,COC(=O)Cc1cc(=O)n2[nH]cnc2n1
6798,CCOc1ccc2[nH]cc(C(=O)N3CCN(CC)CC3)c(=O)c2c1
8485,COc1cc(NC(=O)Cn2c(-c3cncs3)nc3ccccc32)cc(OC)c1OC
3864,O=C(C#Cc1ccccc1)Nc1cccc(F)c1
3242,Cc1ccc(S(=O)(=O)c2c(C(=O)c3ccccc3)cnc3cc4c(cc23)OCCO4)cc1
1416,Cc1c(N=C/C=C2\N(C)c3ccccc3C2(C)C)c(=O)n(-c2ccccc2)n1C
8762,CCOc1ccccc1N(C(=O)c1snc(C(N)=O)c1N)C(C(=O)NC1CCCC1)c1ccco1
11373,Cc1ccc(N(C(=O)c2snc(C(N)=O)c2N)C(C(=O)NC2CCCC2)c2ccc(C)o2)cc1
11483,COc1ccc(N(C(=O)c2snc(C(N)=O)c2N)C(C(=O)NC2CCCC2)c2ccco2)cc1
11499,Cc1ccc(N(C(=O)c2snc(C(N)=O)c2N)C(C(=O)NC2CCCC2)c2ccco2)cc1
11526,COc1ccc(N(C(=O)c2snc(C(N)=O)c2N)C(C(=O)NC2CCCC2)c2ccco2)cc1OC
6500,Cc1cccc(-c2nnc(SCc3cc(=O)[nH]c4ccccc34)n2C)c1
32,Cc1cccc(/C=C/c2ccc(=O)[nH]n2)c1
34,COc1ccccc1/C=C/c1ccc(=O)[nH]n1
7116,O=C1CC(c2ccc(F)cc2)Sc2ccccc2N1
8135,O=C1CC(c2ccccc2)Sc2ccccc2N1
59,O=C(NC1CCCCC1)c1ccc(CNc2ccccc2)o1
6480,COC(=O)CSc1ncccc1-c1nc2ccccc2[nH]1
9038,Cc1ccc2nc(-c3ccc(SCC(=O)O)nc3)[nH]c2c1
9383,N#CCCCSc1ncccc1-c1nc2ccccc2[nH]1
166,Cc1occc1C(=O)NC1CCCc2ccccc21
12212,O=C(Cc1ccc(Oc2nc3cc(C(F)(F)F)ccc3s2)cc1F)NCCc1ccc(F)cc1
13134,O=C(Cc1ccc(Oc2nc3ccccc3s2)cc1F)NCCc1ccccc1F
13254,O=C(Cc1ccc(Oc2nc3ccccc3s2)cc1F)NCCc1cccc(F)c1
13340,O=C(Cc1ccc(Oc2nc3ccccc3s2)cc1F)NCCc1ccc(F)cc1
13577,O=C(Cc1ccc(Oc2nc3ccccc3s2)cc1)NCCc1ccc(F)cc1
185,CN(c1ccc(C(=O)Nc2ccccc2C(=O)N2CCCC2)cc1)S(C)(=O)=O
8813,c1ccc(CSc2nnnn2-c2ccc3c(c2)OCCO3)nc1
10188,Nc1c(N2CCOCC2)cc(Cl)c2nonc12
10585,COc1cc2c(cc1OC)CN(C(=O)CC1CC3CCC1C3)CC2
9700,COc1ccc(NC(=O)C2C3C=CC(C3)C2C(=O)NCc2ccco2)cc1
3575,O=[N+]([O-])c1cc(Br)c(O)c(/C=N/Nc2nc3ccccc3s2)c1
13044,CCOc1cc(/C=N\Nc2nc3ccccc3s2)cc([N+](=O)[O-])c1O
10307,CC1=CC(C)(C)N2C(=O)C3(SCC(=O)N3c3ccc(O)cc3)c3cc(C)cc1c32
12883,CCN1CCN(C(=O)CCc2ccc(S(=O)(=O)NCCc3ccccc3)cc2)CC1
11128,O=C(COc1ccc2ccc(=O)oc2c1)Nc1ccc2c(c1)OCCO2
6797,Cc1occc1-c1nnc(SCC(=O)NCCc2ccccc2)n1Cc1ccccc1
70,O=C(Nc1ccc(NC(=O)C2CC2)cn1)c1ccccc1Cl
345,Oc1ccc(-n2cnnn2)cc1
6359,CNC(=O)CSc1nnnn1-c1ccc(C)cc1C
6362,CCOC(=O)CNC(=O)CSc1nnnn1-c1cc(C)ccc1C
6963,CCOC(=O)CNC(=O)CSc1nnnn1-c1ccc(C)c(C)c1
8321,CC#CCN(CC#CC)S(=O)(=O)c1ccc(-n2cnnn2)c(OC)c1
9457,O=C(O)CCSc1nnnn1-c1ccccc1
9635,CCOC(=O)CSc1nnnn1-c1cc(OC)ccc1OC
10704,C/C(N)=C(/C#N)C(=O)CSc1nnnn1-c1ccc(C)cc1
10714,COc1ccc(-n2nnnc2SC(C)C(N)=O)cc1
6092,Cc1sc(NC(=O)CSc2nnnn2C2CCCC2)c(C#N)c1C
10789,CN(C(=O)COC(=O)CNS(=O)(=O)/C=C/c1ccccc1)C1CCS(=O)(=O)C1
10821,CCOC(=O)c1cc(NC(=O)NCc2ccco2)c(C)nc1C
7775,Cc1ccc(NC(=O)CN2C(=O)C(C)Oc3ccccc32)nc1
12798,CC(C)OC(=O)Cn1nnc2c(cnn2-c2ccccc2)c1=O
8969,CCOC(=O)C1=C(N)OC2=C(C(=O)CC(C)(C)C2)C1c1cccnc1
8350,CCC(C)(C)n1nnnc1C(c1cc2cc(C)ccc2[nH]c1=O)N1CCCC1
3921,Cc1ccc(C2CC(c3cccs3)=NN2C(=O)CCl)cc1
4012,COc1cc(C2CC(c3cccs3)=NN2C(=O)CCl)ccc1OC(F)F
12257,Cc1cc(C)c2[nH]c(=O)c(CN(CC3CCCO3)C(=O)C3CCCO3)cc2c1
9328,CCOC(=O)N1CCN(S(=O)(=O)c2cccc3cccnc23)CC1
5617,COc1ccc(C2(c3ccc(OC)cc3)NC(=O)N(CC(=O)Nc3ccc(N4CCOCC4)cc3)C2=O)cc1
13755,Cc1c(C(C)C)c(=O)on1C(=O)N1CCN(c2ncccn2)CC1
9781,CCOc1cc(C2C(C(=O)c3ccc(C)o3)=C(O)C(=O)N2CCc2ccccc2)ccc1O
10095,CC(C)C(CC(=O)N1CCCCC1)C1CCOC(C)(C)C1
3362,CN(C)C=Nc1c(C(=O)c2ccccc2)sc2nccc(N(C)C)c12
4533,Cc1ccc(-c2n[nH]c(=O)c3ccccc23)cc1S(=O)(=O)Nc1ccccc1
7756,CCc1cc2cc3c(cc2nc1SCC(=O)Nc1cc(C)on1)OCO3
11408,CC(C)[C@@H]1CC[C@]2(C)[C@H](CC=C3[C@@H]4[C@@H](C)[C@H](C)CC[C@]4(C)CC[C@]32C)[C@@]1(C)CCC(=O)O
11409,CC(C)[C@@H]1CC[C@]2(C)[C@H](CC=C3[C@@H]4CC(C)(C)CC[C@]4(C)CC[C@]32C)[C@@]1(C)CCC(=O)O
11433,C=C(C)[C@@H]1CC[C@]2(C)[C@H](CC=C3[C@@H]4[C@@H](C)[C@H](C)CC[C@]4(C)CC[C@]32C)[C@@]1(C)CCC(=O)O
7145,CC(=O)NC1C(=O)N(CCc2ccccc2)c2ccccc21
9408,Cn1nnc(C(O)CN2CCOCC2)n1
12170,COc1ccc(C(=O)Nn2cnnc2)cc1
6054,COc1ccccc1Cc1noc(C(C)(C)NC(=O)c2ccccc2)n1
8399,Cc1cc(=O)[nH]c2n[nH]c(-c3ccccc3)c12
2714,COc1ccc([C@H](Cc2ccncc2)c2ccc(NC(=O)N3CCCC3)cc2)cc1OC1CCCC1
14363,C[C@@H]1C(=O)NN=C2COc3cc(-c4ccccc4F)c([C@@H](C)C4(C)CN(C)C4)cc3N21
3769,Cc1ccc(C(=O)Nc2cccc(C(F)(F)F)c2)cc1NC(=O)c1ccno1
11767,Fc1cccc(Cl)c1-c1cnc(-c2ccc(Br)cc2)[nH]1
12987,N#Cc1cccc(F)c1-c1ncc(-c2ccc(Cl)cc2)[nH]1
13107,Fc1cccc(Cl)c1-c1ncc(-c2ccc(Cl)cc2)[nH]1
7468,Cc1ccc(C)c2[nH]c(=O)c(C(c3nnnn3C3CCCC3)N3CCOCC3)cc12
3729,CCn1c(O)c(C=NCCN2CCOCC2)c(=O)n(CC)c1=S
12988,CS(=O)(=O)Nc1cc2c(cc1Sc1cccs1)C(=O)CC2
1289,c1ccc2oc(Oc3ccc(OCCN4CCOCC4)cc3)nc2c1
8248,O=C(Cn1nc(C(F)(F)F)c2c1CCC2)NC1CCCCC1
4890,CCOC(=O)CC1C(=O)NCCN1c1nc2ccc(C)cn2c(=O)c1/C=C1\SC(=S)N(CC(C)C)C1=O
4895,CCOC(=O)CC1C(=O)NCCN1c1nc2ccc(C)cn2c(=O)c1/C=C1\SC(=S)N(C(C)CC)C1=O
6192,Cc1cc(C)n(C(C)n2nc(C)cc2C)n1
11709,CC(OC(=O)N[C@H]1CNC1=O)c1ccc(C2CCCCC2)cc1
13869,O=C(N[C@H]1CNC1=O)OCc1ccc(C2CCCCC2)cc1
1519,O=C(CSc1ncn(-c2ccccc2)n1)Nc1ccc2c(c1)OCCO2
3172,Clc1cncc(Cl)c1N/N=C/c1ccncc1
12687,O=c1cc(CSc2ccc(Cl)cc2)nc2nc[nH]n12
10635,C/C(N)=C(/C#N)C(=O)CSc1nnc(COc2ccccc2Cl)o1
7242,Cc1ccc(C(=O)C(C)OC(=O)C2CC(=O)N(C3CCCCC3)C2)cc1
13082,Nc1ncc2ccn(-c3ccnc(C#CC4(O)CCCCCC4)c3)c2n1
12457,Cc1ccc(CSc2ncnc3c2cnn3Cc2ccccc2)cc1C
6204,CC(C)CC(c1nnnn1CC1CCCO1)N1CCN(c2cccc(Cl)c2)CC1
11140,Cc1noc2c(Cc3ccc([N+](=O)[O-])cc3)nn(Cc3n[nH]c(=S)n3-c3ccccc3)c(=O)c12
11141,COc1ccc(Cc2nn(Cc3n[nH]c(=S)n3-c3ccccc3)c(=O)c3c(C)noc23)cc1
11143,Cc1noc2c(Cc3ccccc3)nn(Cc3n[nH]c(=S)n3-c3ccccc3)c(=O)c12
5801,Cc1cc(SCC(=O)Nc2ccc3[nH]c(=O)[nH]c3c2)nc2ccccc12
14813,CC1(C)C(=O)C=C[C@]2(C)[C@H]3CC[C@]4(C)C(=CC[C@H]4c4ccoc4)[C@]3(C)[C@H](O)C[C@@H]12
1818,COc1cccc(N2CC(C(=O)Nc3nnc(SCC(=O)c4ccccc4)s3)CC2=O)c1
13003,NS(=O)(=O)c1ccc(-n2nc(NC(=O)NC3CCCCC3)cc2-c2ccccc2)cc1
278,O=C(c1cc2ccccc2oc1=O)N(Cc1cccs1)Cc1ccccc1Cl
1893,COC(=O)N1[C@H](C)C=C[C@]1(Cc1ccccc1)C(=O)O
8134,O=C(COC(=O)c1cnccn1)c1ccccc1
12538,O=S1(=O)C=C(N2CCCCC2)c2ccccc21
9182,CCC(C)(C)n1nnnc1C(c1cc2ccc(C)cc2[nH]c1=O)N(Cc1cccnc1)Cc1ccco1
14418,CN(CCCn1nnc2cc(CNC[C@H](O)c3ccc(O)c4[nH]c(=O)ccc34)ccc21)C1CCC(OC(=O)C(O)(c2cccs2)c2cccs2)CC1
3221,O=C(N/N=C/c1ccccc1Cl)c1[nH]c2ccc(Br)cc2c1-c1ccccc1
3222,O=C(N/N=C/c1ccc(O)cc1)c1[nH]c2ccc(Br)cc2c1-c1ccccc1
3224,O=C(N/N=C/c1ccccc1)c1[nH]c2ccc(Br)cc2c1-c1ccccc1
11153,NS(=O)(=O)c1ccc(CN2C(=O)CCC2=O)cc1
10502,Cc1nc(N2CCN(c3ccccc3)CC2)[nH]c(=O)c1Cc1cccc2ccccc12
10175,CC1(C)CC(O)(CCNCc2ccc3c(c2)OCO3)CCO1
11319,COc1ccc(-c2c(C)noc2C)cc1S(=O)(=O)NC1CCCNC1
11485,Cc1ccc(-c2c(C)noc2C)cc1S(=O)(=O)NC1CCCNC1
12395,CCOC(=O)N1CCN(S(=O)(=O)c2cc(Br)cc3c2N(C(C)=O)C(C)C3)CC1
12817,O=C1NC(=O)/C(=C/c2ccccc2Oc2ccc(Cl)cc2)S1
10477,Cc1cc(O)c(-c2cc(C(=O)Nc3ccc(S(=O)(=O)N4CCOCC4)cc3)[nH]n2)cc1C
9649,Cn1c(CN2CCC(C(N)=O)CC2)c(C#N)c2ccccc21
12968,O=C(Nc1ccccc1C(=O)OC1CCOC1=O)c1ccco1
6340,CCn1c(N2CCN(CC(=O)c3ccc(OC)cc3)CC2)nc2ccccc21
11434,COc1ccccc1NC(=O)c1cc(S(=O)(=O)N2CCCCCC2)ccc1F
13327,Cc1ccc(C(=O)Nc2ccccc2Cl)cc1C#Cc1cc(-c2cnn(C)c2)cnc1N
13373,COc1cc(NC(=O)c2ccc(OC)c(C#Cc3cc(-c4cnn(C)c4)cnc3N)c2)cc(OC)c1
13526,COc1cc(NC(=O)c2ccc(F)c(C#Cc3cc(-c4cnn(C)c4)cnc3N)c2)cc(OC)c1
14016,COc1ccccc1NC(=O)c1ccc(C)c(C#Cc2cc(-c3cnn(C)c3)cnc2N)c1
14076,COc1cc(NC(=O)c2cccc(C#Cc3cc(-c4cnn(C)c4)cnc3N)c2)cc(OC)c1
14160,Cc1ccc(C(=O)Nc2ccc(Cl)c(Cl)c2)cc1C#Cc1cc(-c2cnn(C)c2)cnc1N
14253,Cc1ccc(C(=O)Nc2ccccc2)cc1C#Cc1cc(-c2cnn(C)c2)cnc1N
14254,COc1cc(NC(=O)c2ccc(Cl)c(C#Cc3cc(-c4cnn(C)c4)cnc3N)c2)cc(OC)c1
14276,Cc1ccc(C(=O)Nc2ccc(Cl)cc2Cl)cc1C#Cc1cc(-c2cnn(C)c2)cnc1N
14354,Cc1ccc(C(=O)Nc2ccc(C(F)(F)F)cc2)cc1C#Cc1cc(-c2cnn(C)c2)cnc1N
14377,COc1cc(NC(=O)c2ccc(C)c(C#Cc3cc(-c4cnn(C)c4)cnc3N)c2)cc(OC)c1
14382,Cc1ccc(C(=O)Nc2cccc(C(F)(F)F)c2)cc1C#Cc1cc(-c2cnn(C)c2)cnc1N
14423,COc1ccc(NC(=O)c2ccc(C)c(C#Cc3cc(-c4cnn(C)c4)cnc3N)c2)cc1
14424,COc1cccc(NC(=O)c2ccc(C)c(C#Cc3cc(-c4cnn(C)c4)cnc3N)c2)c1
14431,Cc1ccc(C(=O)Nc2cccc(Cl)c2)cc1C#Cc1cc(-c2cnn(C)c2)cnc1N
14464,Cc1ccc(C(=O)Nc2ccc(Cl)cc2)cc1C#Cc1cc(-c2cnn(C)c2)cnc1N
9750,C=CCn1c(=O)c2c(nc3n2CCS3)n(C)c1=O
12668,CCOC(=O)Cn1c(=O)c2c(nc3n2CCS3)n(C)c1=O
7202,O=C(NC1CC1)c1cccc(Nc2ccc(-c3ccc4c(c3)OCCO4)nn2)c1
12885,COc1cccc(/C=N/NC(=O)CSc2nnc(C)n2-c2ccccc2)c1OC
8597,Cc1nc2ccccc2n1CC(=O)N1CC(=O)Nc2ccccc21
7951,CC1=C(C#N)C(=O)N(C)C(C)(C)C1
11405,CN1CCC=C(CCC(=O)NO)C1=O
11406,C=CCN1CCC=C(CCC(=O)NO)C1=O
10898,Cn1ccnc1P(=S)(c1nccn1C)N1CCOCC1
3382,Cc1nc2sc(C(N)=O)c(N)c2c(C)c1CC(=O)c1ccccc1
3438,Cn1cnnc1Sc1ccc(/C=C/C(=O)c2ccc(O)cc2)cc1[N+](=O)[O-]
9987,CCn1c(SCC(=O)Nc2cc(C)on2)nnc1-c1cccnc1
9066,CCn1c(Cc2ccccc2)nnc1SCC(=O)Nc1ccccc1
2373,Cc1cc(C(=O)N/N=C/c2cc(N=Nc3ccccc3)ccc2O)n[nH]1
9250,O=C(CSc1nnc(-c2cccnc2)n1Cc1ccco1)Nc1nc(-c2ccc(F)cc2)cs1
843,CCOC(=O)c1c(-c2cccc(Cl)c2)[nH]c2c1cc(O)c1ccccc12
844,CCOC(=O)c1c(-c2ccc(Cl)cc2)[nH]c2c1cc(O)c1ccccc12
846,CCOC(=O)c1c(-c2ccccc2Cl)[nH]c2c1cc(O)c1ccccc12
849,CCOC(=O)c1c(-c2cc(Br)ccc2F)[nH]c2c1cc(O)c1ccccc12
850,CCOC(=O)c1c(-c2cccc(C)c2)[nH]c2c1cc(O)c1ccccc12
853,CCOC(=O)c1c(-c2ccc(Br)cc2F)[nH]c2c1cc(O)c1ccccc12
854,CCOC(=O)c1c(-c2cccc(Br)c2)[nH]c2c1cc(O)c1ccccc12
856,CCOC(=O)c1c(-c2cc(C)cc(C)c2)[nH]c2c1cc(O)c1ccccc12
857,CCOC(=O)c1c(-c2ccccc2C)[nH]c2c1cc(O)c1ccccc12
858,CCOC(=O)c1c(-c2ccccc2Br)[nH]c2c1cc(O)c1ccccc12
862,CCOC(=O)c1c(-c2ccccc2F)[nH]c2c1cc(O)c1ccccc12
863,CCOC(=O)c1c(-c2ccccc2OC)[nH]c2c1cc(O)c1ccccc12
864,CCOC(=O)c1c(-c2ccc(Cl)c(Cl)c2)[nH]c2c1cc(O)c1ccccc12
6464,CC1CCN(C(=O)CSc2nnc(-c3cccnc3)n2C2CCCCC2)CC1
12472,CC1CCCCN1C(=O)CSc1nnc(-c2cccnc2)n1C1CCCCC1
2197,Cc1cc(/C=N/Nc2ncnc(N)c2[N+](=O)[O-])c(C)n1-c1ccccc1
15225,Oc1cc2c(cc1O)C(c1ccco1)=NCC2
8238,CN1C(=O)c2ccccc2N(C)C1c1cccs1
10822,COc1cc(S(=O)(=O)N2CCOCC2)cc(C(=O)c2nccn2C)c1OC
5481,COc1ccc2c(C)cc(SCC(=O)Nc3c(C)n(C)n(-c4ccccc4)c3=O)nc2c1
10862,CS(=O)(=O)c1ccc2nc(NC(=O)C3COc4ccccc4O3)sc2c1
4882,COC(=O)C1(C(C[N+](=O)[O-])c2ccco2)C(=O)NCC1c1ccccc1
9989,CC(=O)Cn1c(CN2CC(C)CC(C)C2)nc2c1c(=O)n(C)c(=O)n2C
4819,COc1ccc(C2CC2C(C)=O)cc1
9695,Cc1ccccc1-n1c(=O)c2ccccc2n2c(=O)[nH]nc12
3300,COc1cc(/C=C/C(=O)N2C(=O)c3cccc(N)c3C2=O)cc(OC)c1OC
3599,Nc1cccc2c1C(=O)N(C(=O)/C=C/c1ccc(F)cc1)C2=O
3615,Nc1cccc2c1C(=O)N(C(=O)/C=C/c1cccc(F)c1)C2=O
3666,Nc1cccc2c1C(=O)N(C(=O)/C=C/c1cccc(Br)c1)C2=O
12812,COc1ccc(-c2cc(C(F)(F)F)n3nc(C(=O)NCCCn4ccnc4)cc3n2)cc1
12948,O=C(NCCCn1ccnc1)c1cc2nc(-c3ccc(Br)cc3)cc(C(F)(F)F)n2n1
5924,Cc1cccc2cc(CN(CC3CCCO3)C(=O)c3ccco3)c(=O)[nH]c12
1527,CN1CCN(S(=O)(=O)c2ccc(NC(=O)c3ccc(F)cc3)cc2)CC1
5522,C/C(=N/NS(=O)(=O)c1ccc(CC(C)C)cc1)c1ccncc1
11202,O=C(O)c1cccc(C(=O)Nc2cccc3ccccc23)c1
14333,O=C(Nc1cccc2ccccc12)c1cc([N+](=O)[O-])cc([N+](=O)[O-])c1
7253,CN1CC(=O)N(CC(=O)Nc2ccc(F)cc2)c2ccccc2C1=O
12359,Cn1c2ccccc2c2c(C(=O)N3CCN(c4ccccc4)CC3)cn(C3CCCC3)c(=O)c21
9043,CCOC(=O)c1cccc(NC(=O)CSc2nnc(COc3ccccc3C)o2)c1
7249,O=C(NC1CCCCC1)C1CCCN1C(=O)NCc1ccccc1
5942,CCOC(=O)c1c(CN2CCOCC2)oc2ccc(OC)cc12
6596,CCC(C)(C)n1nnnc1CN(Cc1ccco1)Cc1cc2cc3c(cc2[nH]c1=O)OCO3
8787,CC(C)(C)n1nnnc1CN(Cc1ccco1)Cc1cc2cc3c(cc2[nH]c1=O)OCO3
12855,COc1ccc(NS(=O)(=O)c2cccc(-c3nnc(-c4ccccc4)o3)c2)cc1
2271,CCOC(=O)Cc1csc(-n2sc3ccccc3c2=O)n1
10060,Cc1ccc2cc(CN(Cc3ccco3)C(=O)c3cccs3)c(=O)[nH]c2c1
10531,Cc1ccc2[nH]c(=O)c(CN(Cc3ccco3)C(=O)c3cccs3)cc2c1
3100,N#CC(C#N)=C1C=CC=CN1/C(=C\c1ccco1)C(=O)c1ccc(Cl)cc1
12719,CCOc1ccccc1CNn1nnnc1N
2491,c1coc(C2=Nc3cccc4cccc(c34)N2)c1
10867,O=C(Cn1cnc2ccccc2c1=O)OCC(=O)c1ccc2c(c1)OCCO2
4774,c1ccc(CNc2ncnc3scc(-c4cccs4)c23)nc1
9138,Cn1c(-c2ccccc2)cnc1SCc1nc2ccccc2c(=O)[nH]1
4934,Cc1ccc(S(=O)(=O)Oc2ccccc2/C=C2/SC(=O)NC2=O)cc1
14034,O=C1c2ccc(Nc3ccc(F)cc3F)cc2CCc2cc(OCCN3CCOCC3)ccc21
9451,O=C(Cn1c(-c2ccccc2)noc1=O)Nc1ccc(S(=O)(=O)N2CCOCC2)cc1
189,Cn1c(CC(=O)Nc2ccccc2)nnc1SCC(=O)c1ccccc1
836,C[C@H](CO)N1C[C@H](C)[C@H](CN(C)S(=O)(=O)c2ccc(Cl)cc2)Oc2c(NC(=O)Nc3ccc(F)cc3)cccc2C1=O
2060,C[C@H]1CN([C@@H](C)CO)C(=O)c2cccc(NC(=O)Nc3ccc(F)cc3)c2O[C@H]1CN(C)S(=O)(=O)c1ccc(Cl)cc1
1577,CCC(C)Nc1nc(OC(C(F)(F)F)C(F)(F)F)nc(OC(C(F)(F)F)C(F)(F)F)n1
5439,CNc1nc(N(C)C)nc(N(C)C)n1
5851,CC(C)Nc1nc(C#N)nc(NC(C)C)n1
5866,CC(=O)OCN(C#N)c1nc(N(C)C)nc(N(C)C)n1
6202,CC(C)Nc1nc(NC(C)C)nc(N(C)C#N)n1
7380,CC(C)(C)Nc1nc(OCC(F)(F)F)nc(OCC(F)(F)F)n1
8504,CC(C)Nc1nc(NC(C)C)nc(C(N)=O)n1
9715,CC(C)Nc1nc(NC(C)C)nc(N(C)C(N)=O)n1
9965,COCNc1nc(OCC#N)nc(N(C)C)n1
12445,CCN(CC)C(=O)CN(C#N)c1nc(NC(C)C)nc(NC(C)C)n1
10254,Cc1ccc2c(c1)c1ncn(CCC3=CCCCC3)c(=O)c1n2C
10303,Cn1c2ccccc2c2ncn(CCC3=CCCCC3)c(=O)c21
498,CC(C)N1C(=O)/C(=C\c2nc3ccccc3c(=O)[nH]2)c2ccccc21
12110,FC(F)(F)c1cc(-c2ccccc2)nc(N2CCCCCC2)n1
12964,Nc1ncc(Br)cc1S(=O)(=O)NCCC(=O)N1CCN(c2ncccn2)CC1
436,COc1ccc(C2=NNC(=O)CC2C)c2cc(C(F)(F)F)nn12
451,COc1ccc(C2=NNC(=O)C[C@@H]2C)c2cc(C(F)(F)F)nn12
12161,COc1ccccc1Nc1nc(N)nc(CN2CCc3ccccc3C2)n1
1762,CN(c1ccccc1)S(=O)(=O)c1ccc(NC(=S)Nc2ccccc2)cc1
13165,COc1ccc(C(=O)Nc2c(Cl)cncc2Cl)c2cc(C(=O)O)nn12
13623,COc1ccc(C(=O)Nc2c(Cl)cncc2Cl)c2cc(C(C)C)nn12
13697,COc1ccc(C(=O)Nc2c(Cl)cncc2Cl)c2cc(C(C)O)nn12
13890,COc1ccc(C(=O)Nc2c(Cl)cncc2Cl)c2ccnn12
13934,O=C(Nc1c(Cl)cncc1Cl)c1ccc(CO)n2nc(C(F)(F)F)cc12
14014,CC(=O)c1ccc(C(=O)Nc2c(Cl)cncc2Cl)c2cc(C(F)(F)F)nn12
14124,COCc1cc2c(C(=O)Nc3c(Cl)cncc3Cl)ccc(OC)n2n1
14188,COc1ccc(C(=O)Nc2c(Cl)cncc2Cl)c2cc(C=O)nn12
14223,CC(O)c1ccc(C(=O)Nc2c(Cl)cncc2Cl)c2cc(C(F)(F)F)nn12
14245,CCc1cc2c(C(=O)Nc3c(Cl)cncc3Cl)ccc(OC)n2n1
14294,COc1ccc(C(=O)Nc2c(Cl)cncc2Cl)c2cc(/C=N/O)nn12
14321,COCc1ccc(C(=O)Nc2c(Cl)cncc2Cl)c2cc(C(F)(F)F)nn12
14330,COc1ccc(C(=O)Nc2c(Cl)cncc2Cl)c2cc(C#N)nn12
14369,COc1ccc(C(=O)Nc2c(Cl)cncc2Cl)c2cc(C(C)=O)nn12
14510,COc1ccc(C(=O)Nc2c(Cl)cncc2Cl)c2cc(C(F)(F)F)nn12
14522,COc1ccc(C(=O)Nc2c(Cl)cncc2Cl)c2cc(C(F)F)nn12
14523,CNc1ccc(C(=O)Nc2c(Cl)cncc2Cl)c2cc(C(F)(F)F)nn12
14529,CSc1ccc(C(=O)Nc2c(Cl)cncc2Cl)c2cc(C(F)(F)F)nn12
13639,Cc1c(CN2CCN(C(=O)C3CCCC3)CC2)cccc1Nc1nc2c(s1)COCC2
7838,COc1cc(NC(=O)c2ccc3c(c2)OCO3)ccc1NC(=O)C(C)C
8079,CCC(=O)Nc1cccc(NC(=O)c2ccc3c(c2)OCO3)c1
8516,COc1ccc(C)cc1NC(=O)c1ccc2c(c1)OCO2
9601,CCCC(=O)Nc1cccc(NC(=O)c2ccc3c(c2)OCO3)c1
479,CC(C)(C)n1ncc2c(=O)n(CC(=O)OCc3ccccc3)cnc21
6421,COc1ccc(C(CC(=O)O)NC(=O)c2ccco2)cc1OC
7340,CCOc1ccc(C(CC(=O)O)NC(=O)c2ccco2)cc1OC
8161,O=C(NCc1ccc(Cl)cc1)c1ccc(COCC(F)(F)F)o1
13135,CC(C#Cc1ccc(C(=O)NCc2ccccc2C(F)(F)F)o1)N(O)C(N)=O
11346,CCOC(=O)C1CCN(S(=O)(=O)c2cccc(-c3csc(C)n3)c2)CC1
12530,Cc1nc(-c2cccc(S(=O)(=O)N3CCCC(C)C3)c2)cs1
6850,CCOc1cc(NC(=O)c2ccco2)c(OCC)cc1NC(=O)Cc1cccc(OC)c1
12656,CCOc1ccc(C2CC(=O)n3nc(C45CC6CC(CC(C6)C4)C5)nc3S2)cc1OC
5191,O=C(CS(=O)(=O)c1ccccc1)c1cc2cc(F)ccc2oc1=O
5192,COc1ccc(S(=O)(=O)CC(=O)c2cc3cc(Br)ccc3oc2=O)cc1
5201,COc1ccc(S(=O)(=O)CC(=O)c2cc3cccc(C)c3oc2=O)cc1
11500,O=C(NCC1CCN(Cc2ccc(Cl)cc2)CC1)C1CCCN(c2ncnc3c2nc2n3CCCCC2)C1
12006,O=C(NCC1CCN(Cc2cccc(Cl)c2)CC1)C1CCCN(c2ncnc3c2nc2n3CCCCC2)C1
8764,CN(C)S(=O)(=O)c1ccc(S(=O)(=O)N(Cc2ccco2)Cc2ccccc2Cl)cc1
6779,O=C(NCC1COc2ccccc2O1)c1ccc(Cl)cc1
12711,CCCn1c(SCc2nc3sc(C)c(C)c3c(=O)[nH]2)nc2ccccc2c1=O
12121,COc1ccc(C2C(C(=O)c3sc(C)nc3C)=C(O)C(=O)N2CCN2CCOCC2)cc1
11094,c1ccc(-c2cccc(-c3ccccn3)n2)nc1
6446,OC(COc1ccc2ccccc2c1Cl)CN1CCOCC1
10670,CC(NC(=O)COC(=O)CCNC(=O)c1ccco1)C12CC3CC(CC(C3)C1)C2
11081,N#Cc1ccc(OCC(=O)NCCc2ccc(S(N)(=O)=O)cc2)cc1
12356,COc1ccc(C(CNC(=O)COc2ccccc2OC)N(C)C)cc1OC
9655,NC(=O)C1(N2CCCCC2)CCN(c2nc(-c3ccccc3)cs2)CC1
6630,CCc1nnc(NC(=O)CSc2nnc(-c3cccnc3)n2CCc2ccccc2)s1
3013,O=C(/C(=C/c1ccc(Cl)cc1)c1nc2ccccc2[nH]1)c1ccccc1
3246,O=C(/C(=C/c1cccc(Cl)c1)c1nc2ccccc2[nH]1)c1ccccc1
9162,Cn1c(Cn2cnc3ccccc32)nnc1SCC(=O)CC(=O)Nc1ccccc1
6445,Cc1ccc(NC(=O)N2CCC(C(=O)NCc3ccc(F)cc3)CC2)cc1
4099,CN(C)c1ccc(C(C(=O)NCc2ccccc2)N(Cc2ccco2)C(=O)c2snc(C(N)=O)c2N)cc1
4114,COc1ccc(CNC(=O)C(c2ccc(O)cc2)N(Cc2ccco2)C(=O)c2snc(C(N)=O)c2N)cc1
1426,O=C(Nc1nccs1)c1nc(-c2ccccc2)n(-c2ccccc2)n1
12112,CC1CCN(CCNC(=O)CCS(=O)(=O)c2ccc(Br)cc2)CC1
11062,Cc1nn(-c2ccccc2)c2c1P(=O)(O)/C(=C1\N(C)c3ccccc3C1(C)C)C=N2
747,COc1ccccc1C(=O)Nc1ccc2c(c1)C(=O)N(C)[C@H]1CC[C@H](CC(=O)Nc3cccc(C(C)C)c3)O[C@@H]1CO2
3262,Cc1cc(-c2n[nH]c(=S)n2/N=C/C(Br)=C/c2ccccc2)n[nH]1
3471,CN(Cc1ccccc1)c1ncnc(N)c1[N+](=O)[O-]
3475,Nc1ncnc(NCc2ccc(F)cc2)c1[N+](=O)[O-]
3580,Cc1ccc(CNc2ncnc(N)c2[N+](=O)[O-])cc1
10712,Cc1cc(C)n(CCc2nc(-c3ccc(Cl)s3)cs2)n1
2387,Cc1ccc(N=C2NC(=O)/C(=C/C=C/c3ccco3)S2)cc1C
1874,CN(CC(=O)Nc1ccc(Cl)cc1)c1ccc(S(=O)(=O)N2CCCCC2)cc1[N+](=O)[O-]
961,CNc1ncc2cc(-c3cc(NC(=O)c4cccc(C(F)(F)F)c4)ccc3C)ccc2n1
13391,CCNNC(=O)c1ccc(CN2c3ccccc3CCc3ccccc32)cc1
4665,CCC1=NN2C(=N)/C(=C/c3c(C)nn(-c4ccccc4)c3Cl)C(=O)N=C2S1
526,Cc1cc(C(=O)COC(=O)c2ccco2)c(C)n1Cc1ccco1
3379,C/C(=N\Nc1ccc(C(=O)c2c(C)cc3ccccn23)cc1[N+](=O)[O-])c1ccc(O)cc1
11573,CCCN1CCN(C(=O)C2CCN(c3ncnc4c3nc3n4CCCCC3)CC2)CC1
11784,CN1CCN(C(=O)C2CCN(c3ncnc4c3nc3n4CCCCC3)CC2)CC1
4438,O=c1c2ccccc2sn1-c1ccccc1
4695,Cc1ccccc1-n1sc2cc(F)ccc2c1=O
4855,CN(C)S(=O)(=O)c1cccc(-n2sc3ccccc3c2=O)c1
14853,CC1=C(CO)CC[C@]2(C)c3ccc(C(C)C)c(O)c3CC[C@@H]12
3212,COc1ccc(-c2csc(/C(C#N)=C/Nc3ccc4c(c3)OCCO4)n2)cc1
3213,Cc1ccc(-c2csc(/C(C#N)=C/Nc3ccc4c(c3)OCCO4)n2)cc1
3214,N#C/C(=C\Nc1ccc2c(c1)OCCO2)c1nc(-c2ccccc2)cs1
3217,CCc1ccc(-c2csc(/C(C#N)=C/Nc3ccc4c(c3)OCCO4)n2)cc1
10516,Cc1ccnc(SCCn2c(N3CCC(C)CC3)nc3c2c(=O)n(C)c(=O)n3C)n1
3553,O=C(/C(=C/O)N=Nc1ccccc1)c1ccc(Cl)cc1
9788,Cn1c(CN2CCOCC2)nnc1SCC(=O)NCCc1ccccc1
572,Cc1ccc(S(=O)(=O)CCC(=O)NCCC2=CCCCC2)cc1
10161,Cn1c(NCCN2CCOCC2)nc2c1c(=O)n(Cc1cccc(Cl)c1)c(=O)n2C
1383,c1nc(NCCN2CCOCC2)c2sc3nc(N4CCOCC4)c4c(c3c2n1)CCC4
9388,Cn1c(C(=O)NCc2ccc3c(c2)OCO3)cc2sccc21
13447,COc1ccc(C(=O)Cc2c(Cl)cncc2Cl)c(OC)c1OCC1CC1
1185,NS(=O)(=O)c1ccc(OCCCCNC(=O)Cc2ccccc2Nc2c(Cl)cccc2Cl)cc1
11786,CN1CC2=Cc3ccccc3OC23Oc2ccccc2C=C3C1
11301,COc1ccc(CN2CCN(C(=O)c3ccco3)CC2)cc1OCc1ccccc1
5633,COc1ccccc1CNC(=O)COC(=O)CNC(=O)c1ccc(-c2ccccc2)cc1
10845,COc1ccc(C(CNC(=O)c2cccnc2SC)N2CCOCC2)cc1
11894,c1ccc(CCn2cc(COc3ccc(Nc4ncnc5[nH]ccc45)cc3)nn2)cc1
3587,NC(=S)N1OC[C@@H]2COc3ccc4ccccc4c3[C@@H]21
10751,COCCN(C(=O)CN1CCc2ccccc2C1)c1c(N)n(Cc2ccccc2)c(=O)[nH]c1=O
749,CN1CCN(C(=O)C[C@@H]2CC[C@H]3[C@@H](COC[C@@H](O)CN3C(=O)Nc3ccc4c(c3)OCO4)O2)CC1
2754,Clc1ccc(CSc2nnc(-c3ccncc3)o2)cc1
3624,Brc1cccc(CSc2nnc(-c3ccncc3)o2)c1
14232,O=C(N1CCCCC1)n1nc(-c2ccc(Cl)cc2)nc1SCC(F)(F)F
14405,CSc1nc(-c2ccc(Cl)cc2)nn1C(=O)N1CCCCC1
996,CS(=O)(=O)c1ccc(-c2cc(F)c(F)cc2-c2ccc(F)c(Cl)c2)cc1
997,CN(C)c1ccc(-c2cc(F)c(F)cc2-c2ccc(S(N)(=O)=O)cc2)cc1Cl
998,Cc1cc(-c2cc(F)c(F)cc2-c2ccc(S(C)(=O)=O)cc2)ccc1F
999,NS(=O)(=O)c1ccc(-c2cc(F)c(F)cc2-c2ccc(F)cc2)cc1
1002,Cc1ccc(-c2cc(F)c(F)cc2-c2ccc(S(N)(=O)=O)cc2)cc1C
1003,Cc1ccc(-c2cc(F)c(F)cc2-c2ccc(S(N)(=O)=O)cc2)cc1Cl
1004,NS(=O)(=O)c1ccc(-c2cc(F)c(F)cc2-c2ccc(F)c(Cl)c2)cc1
1005,Cc1cc(-c2cc(F)c(F)cc2-c2ccc(S(C)(=O)=O)cc2)ccc1Cl
1006,Cc1ccc(-c2cc(F)c(F)cc2-c2ccc(S(C)(=O)=O)cc2)cc1C
1009,NS(=O)(=O)c1ccc(-c2ccccc2-c2ccc(F)cc2)cc1
1010,COc1ccc(-c2cc(F)c(F)cc2-c2ccc(S(C)(=O)=O)cc2)cc1F
1011,COc1ccc(-c2cc(F)c(F)cc2-c2ccc(S(C)(=O)=O)cc2)cc1Cl
1012,Cc1cc(-c2cc(F)c(F)cc2-c2ccc(S(N)(=O)=O)cc2)ccc1F
1013,COc1ccc(-c2cc(F)c(F)cc2-c2ccc(S(N)(=O)=O)cc2)cc1F
1014,Cc1ccc(-c2cc(F)c(F)cc2-c2ccc(S(C)(=O)=O)cc2)cc1Cl
1015,Cc1ccc(-c2cc(F)c(F)cc2-c2ccc(S(C)(=O)=O)cc2)cc1
1017,Cc1ccc(-c2cc(F)c(F)cc2-c2ccc(S(N)(=O)=O)cc2)cc1
1019,COc1c(Cl)cc(-c2cc(F)c(F)cc2-c2ccc(S(N)(=O)=O)cc2)cc1Cl
1020,COc1ccc(-c2cc(F)c(F)cc2-c2ccc(S(N)(=O)=O)cc2)cc1OC
1021,COc1ccc(-c2cc(F)c(F)cc2-c2ccc(S(C)(=O)=O)cc2)cc1OC
1022,COc1ccc(-c2cc(F)c(F)cc2-c2ccc(S(N)(=O)=O)cc2)cc1C
1023,COc1ccc(-c2cc(F)c(F)cc2-c2ccc(S(C)(=O)=O)cc2)cc1C
1024,CS(=O)(=O)c1ccc(-c2cc(Cl)c(Cl)cc2-c2ccc(F)cc2)cc1
1025,CS(=O)(=O)c1ccc(-c2cc(F)c(F)cc2-c2ccc(F)cc2)cc1
1026,CS(=O)(=O)c1ccc(-c2ccccc2-c2ccc(Cl)cc2)cc1
1027,NS(=O)(=O)c1ccc(-c2ccccc2-c2ccc(F)c(Cl)c2)cc1
1028,COc1ccc(-c2ccccc2-c2ccc(S(N)(=O)=O)cc2)cc1Cl
1029,CN(C)c1ccc(-c2cc(F)c(F)cc2-c2ccc(S(C)(=O)=O)cc2)cc1Cl
1030,NS(=O)(=O)c1ccc(-c2ccccc2-c2ccc(Cl)cc2)cc1
1031,CS(=O)(=O)c1ccc(-c2ccccc2-c2ccc(F)c(Cl)c2)cc1
1032,Cc1cc(-c2cc(F)c(F)cc2-c2ccc(S(N)(=O)=O)cc2)ccc1Cl
1035,CS(=O)(=O)c1ccc(-c2ccccc2-c2ccc(F)cc2)cc1
1036,COc1ccc(-c2ccccc2-c2ccc(S(N)(=O)=O)cc2)cc1F
1037,COc1ccc(-c2cc(F)c(F)cc2-c2ccc(S(N)(=O)=O)cc2)cc1Cl
11159,COc1c(Cl)cc(-c2cc(F)c(F)cc2-c2ccc(S(C)(=O)=O)cc2)cc1Cl
11161,CS(=O)(=O)c1ccc(-c2c(F)c(F)c(F)c(F)c2-c2ccc(F)cc2)cc1
8179,CN1CCN(/C(=N\O)c2nonc2N)CC1
688,Cc1csc(N=Nc2ccc(N(C)C)cc2)[n+]1[O-]
5293,COC(=O)c1ccc(COC(=O)C2CCN(S(=O)(=O)c3c(Cl)cccc3Cl)CC2)o1
12308,CCC(O)c1cc2c(cc1NC(=O)c1ccc(C)cc1)OCCO2
1640,CO/C([O-])=N/c1c[n+](-c2ccc(Cl)cc2)no1
2158,COc1cc2c(cc1NC(=O)CSc1nc3cc(Cl)ccc3s1)oc1ccccc12
10722,Nn1c(SCC(=O)NCCC2=CCCCC2)nnc1C1CCCCC1
2451,O=C(NCCCN1CCOCC1)c1sc2cc([N+](=O)[O-])ccc2c1Cl
5892,O=C(NCC(=O)N(c1cccnc1)C(C(=O)NC1CCCCC1)c1cccnc1)c1ccco1
6274,Cc1cccc2cc(C#N)c(SCC(=O)N3CC(=O)Nc4ccccc43)nc12
2423,O=C(Nc1ccc2nc(-c3ccco3)c(-c3ccco3)nc2c1)N1CCN(c2ccccn2)CC1
9809,N#Cc1ccc(NC(=O)N2CCC(c3nc4c(nnn4Cc4cccc(Cl)c4)c(=O)[nH]3)CC2)cc1
5290,COc1ccc(-c2csc(NC(=O)CSCC(=O)Nc3cc(C)on3)n2)cc1OC
12456,Cc1nonc1OCC(C)(COc1nonc1C)NC(=O)c1ccccc1
6399,COC(=O)c1c(NC(=O)CSc2nnnn2-c2ccc3c(c2)OCO3)sc(C)c1C
9811,Cc1nnc(N(Cc2ccco2)C(=O)c2cccc(C#N)c2)s1
5449,CCOC(=O)C1(C(F)(F)F)N=C(C(F)(F)F)Nc2ccccc21
11243,Cc1ccc(S(=O)(=O)Nc2ccc(S(=O)(=O)N3CCCC3)cc2)cc1
12404,Cc1nc2nc(COc3ccccc3)[nH]n2c(=O)c1Cl
5938,O=C(NC1CCCCCC1)c1nc2ncccn2n1
2417,CN1CCN(NS(=O)(=O)c2cccs2)CC1
142,CCCc1cc2c(c(NC(C)=O)n1)c(=O)oc1ccccc12
9650,Cn1c(SCC(=O)N2CCOCC2)nc2sc3c(c2c1=O)CCCC3
4187,O=C(CCc1ccccc1)N=C1SC2CS(=O)(=O)CC2N1Cc1ccccc1
736,N#C[C@@H]1[C@H](c2ccc(C#Cc3ccccc3F)cc2)[C@@H](CO)N1C(=O)C1CC1
737,N#C[C@H]1[C@H](c2ccc(C#Cc3ccccc3F)cc2)[C@@H](CO)N1C(=O)C1CC1
738,N#C[C@H]1[C@H](c2ccc(C#Cc3ccccc3F)cc2)[C@H](CO)N1C(=O)C1CC1
740,N#C[C@@H]1[C@H](c2ccc(C#Cc3ccc(F)cc3)cc2)[C@@H](CO)N1C(=O)C1CC1
8622,Cc1ccc(OCC(O)CN2CCN(CC(O)COc3ccc(C)cc3)CC2)cc1
12184,CSc1nc2sc3c(c2c(=O)n1C1CCCCC1)CCN(C)C3
8558,Cc1ccc(C)c(-n2c(SCC(=O)NCC3CCCO3)nnc2-c2ccoc2C)c1
9014,Cc1ccc(-n2c(SCC(=O)NCC3CCCO3)nnc2-c2ccoc2C)cc1
8487,O=C1C(=O)N(CCOCCO)C(c2ccccn2)/C1=C(\O)c1ccccc1
2108,Cc1ccc(-c2cc3c(nn2)-c2ccccc2C3=O)cc1
10296,Cc1nc(NCC2CCCO2)nc2c1C(=O)CC(C)(C)C2
2991,COc1ccc(O)c(/C=N/Nc2nc(Nc3ccccc3)nc(-n3nc(C)cc3C)n2)c1
3179,COc1cc(/C=N/Nc2nc(Nc3ccccc3)nc(-n3nc(C)cc3C)n2)cc(OC)c1OC
5534,O=C(CCNC(=O)N1C[C@H]2C[C@@H](C1)c1cccc(=O)n1C2)Nc1ccc(F)cc1
1000,Cc1ccc(-c2cc(F)c(F)cc2-c2ccc(S(C)(=O)=O)cc2)cn1
1007,Cc1ccc(-c2cc(F)c(F)cc2-c2ccc(S(N)(=O)=O)cc2)cn1
12695,COc1cccc(C2=NO[C@@H]3C(=O)N(Cc4ccccc4)C(=O)[C@H]23)c1OC
6300,Cc1nnc(NC(=O)CSc2nnc(-c3ccc(S(=O)(=O)N4CCCC4)cc3)n2C)s1
8235,CCc1nnc(NC(=O)CSc2nnc(-c3ccc(S(=O)(=O)N4CCCC4)cc3)n2C)s1
1607,CC(C)Oc1ccc(/C=N/NC(=O)C(CSCc2ccccc2)NC(=O)c2ccc([N+](=O)[O-])cc2)cc1
1458,O=C(NCc1cccnc1)C1CCN(S(=O)(=O)c2cccs2)CC1
9117,CCCC(c1nnnn1CS(=O)(=O)c1ccc(C)cc1)N1CCN(c2ccccc2)CC1
10579,CSc1nsc(SCC(=O)Nc2c(C)n(C)n(-c3ccccc3)c2=O)n1
15131,C[C@@H]1O[C@H](O[C@H]2CC[C@@]3(C)C(CC[C@]4(C)C3C=CC3=C5CC(C)(C)CC[C@]5(C)[C@H](O)C[C@]34C)[C@]2(C)CO)[C@@H](O)[C@H](O[C@@H]2O[C@H](CO)[C@@H](O)C(O)[C@H]2O)[C@@H]1O
3152,Cc1ccc(C)c(OCCn2cc(/C=C(\C#N)C(=O)NCc3ccco3)c3ccccc32)c1
5926,CCn1c(SCC(=O)N2CCCC2)nc2ccccc2c1=O
5578,Cc1ccc(NC(=O)COc2coc(CN3CCc4ccccc4C3)cc2=O)cc1Cl
11606,Oc1nc(-c2ccc3ccccc3c2)sc1/C=c1\ccc2c(c1)C=CN=2
4892,O=C(/C(=C/c1cccnc1)n1ccnc1)c1ccc(Cl)cc1Cl
3923,CC(=O)O[C@]1(C(C)=O)CCC2C3C=C(C)C4=CC(=O)CC[C@]4(C)C3CC[C@@]21C
1040,COc1ccc(-c2nnc(SCC(=O)N3CCOCC3)o2)cc1OC
7262,COc1ccc(-c2nnc(SCC(=O)N3CCOCC3)o2)cc1
8443,CCN(CC)S(=O)(=O)c1ccc(-c2nnc(SCC(=O)N3CCOCC3)o2)cc1
8088,Cc1ccc(NC(=O)CSc2n[nH]c(-c3ccncc3)n2)cc1
8293,Cc1cccc(NC(=O)CSc2n[nH]c(-c3ccncc3)n2)c1
250,CCNc1nc(NC(C)C)nc(Nn2cnnc2)n1
11348,CNC[C@H](Cc1ccccc1)NC[C@@H](Cc1cccc2ccccc12)NCCc1ccc(C)cc1
6071,COCCn1c(Cc2ccccc2)nnc1SCC(=O)NC(C)C
8743,CCn1c(Cc2ccccc2)nnc1SCC(=O)NC(C)(C)C
2119,CC/C(=N/Nc1ccccc1)c1cnnc(-c2ccccc2)n1
14217,CN1CCN(CCc2ccc(Nc3ncc4c(=O)c(C(N)=O)cn(-c5ccc6c(c5)CCC6)c4n3)cc2)CC1
2461,O=C(N/N=C/c1ccc([N+](=O)[O-])o1)c1cn(-c2ccccc2)nc1-c1ccc(Cl)cc1
12498,CC(O)(C#Cc1cc(-n2ccc3cnc(N)nc32)ccn1)c1cnccn1
9547,O=C(CN1CCOCCOCCN(CC(=O)Nc2ccccc2)CCOCC1)Nc1ccccc1
9460,Cc1c(C#N)c2ccccc2n1CC(=O)N1CCCC1
15086,COc1ccc([C@@H](O)[C@H]2C(=O)OC[C@@H]2[C@H](O)c2ccc3c(c2)COC3)cc1OC
5824,CC(C)Oc1ccc(S(=O)(=O)N2CCOCC2)cc1NC(=O)c1ccc(Cl)c(S(=O)(=O)N2CCOCC2)c1
261,COc1ccc(C2C(C(C)=O)=C(C)N=c3s/c(=C\c4ccc5c(c4)OCO5)c(=O)n32)c(OC)c1
12782,N#Cc1cnc(C(=O)Nc2ccc(C3CCN(C(=O)Cc4ccccn4)CC3)cc2C2=CCCCC2)[nH]1
4133,O=C(Nc1ccc(N2CCN(C(=O)c3cccs3)CC2)cc1)c1ccc([N+](=O)[O-])o1
4737,Cc1cc(C(=O)O)ccc1-n1c(C)cc(C=C2C(=O)c3ccccc3C2=O)c1C
2391,COCCNC(=O)c1cccc(Nc2nc(-c3ccccc3)c3cc(Cl)ccc3n2)c1
15186,O=C1O[C@H]2[C@@H]3OC(=O)c4cc(O)c(O)c(O)c4-c4c(O)c(O)c5oc(=O)c6c(c(O)c(O)c7oc(=O)c4c5c76)-c4c(cc(O)c(O)c4O)C(=O)OC[C@H]3OC(O)[C@@H]2OC(=O)c2cc(O)c(O)c(O)c2-c2c1cc(O)c(O)c2O
239,CC12CCC(C(=O)N3CCN(c4ncccn4)CC3)(c3nc4ccccc4nc31)C2(C)C
2186,COc1cc(C(=O)Nc2ccc(Br)cc2C(=O)c2ccccc2Cl)cc(OC)c1OC
8137,Cn1c(=O)[nH]c(=O)c2c1nc(Br)n2CCC(=O)c1ccccc1
14479,COc1ccc(C(=O)Nc2c(Cl)cncc2Cl)c2cc(C3CC3)nn12
477,CCOC(=O)c1c(-c2ccc(C)o2)csc1NC(=O)COC(=O)c1cccs1
3630,O=C(O)C1Cc2ccccc2CN1S(=O)(=O)c1ccc(Cl)cc1
13855,O=C(N[C@H]1CNC1=O)OCCCC1CCCCC1
2437,N=C1C(c2nc3ccccc3s2)=C(O)CN1NC(=O)c1c[nH]c2ccccc12
12412,COc1cccc(CN2C(=O)c3ccccc3C2C(=O)NCC2CCCO2)c1
5089,CN1CCCC1CCNc1ccc2sc3ccccc3c(=O)c2c1
4792,CC(=O)Nc1ccc(OCCOc2ccc(/C=C3/C(=N)N4C=CSC4=NC3=O)cc2)cc1
560,CC(=O)Nc1cccc(C(=O)OCC(=O)c2ccc3c(c2)OCO3)c1
579,O=C(COC(=O)c1ccccc1[N+](=O)[O-])c1ccc2c(c1)OCO2
5858,COc1cc(C2Nc3ccccc3C(=O)N2c2ccccc2OC)ccc1O
9754,COc1cc(NC(=O)c2cc(OC)c(OC)c(OC)c2)c(OC)cc1NC(=O)CN1CCCCC1
12026,C=CCc1c(C)nc(-c2ccccc2)nc1Nc1ccc(CC(=O)O)cc1
13018,C=CCc1c(C)nc(-c2ccc(C)cc2)nc1Nc1ccc(CC(=O)O)cc1
13100,C=CCc1c(CCC)nc(-c2ccccc2)nc1Nc1ccc(C(=O)O)cc1
13141,C=CCc1c(C)nc(-c2ccc(OC)cc2)nc1Nc1ccc(CC(=O)O)cc1
13170,Cc1nc(-c2ccccc2)nc(Nc2ccc(C(=O)O)cc2)c1CO
13241,Cc1nc(-c2ccccc2)nc(Nc2ccc(C(=O)O)cc2)c1C
13348,Cc1nc(-c2ccccc2)nc(Nc2ccc(C(=O)O)cc2)c1C=O
13429,C=CCc1c(C)nc(-c2ccc(C)cc2)nc1Nc1ccc(C(=O)O)cc1
13430,C=CCc1c(C)nc(-c2ccc(OC)cc2)nc1Nc1ccc(C(=O)O)cc1
13449,C=CCc1c(C)nc(-c2cccc(C)c2)nc1Nc1ccc(C(=O)O)cc1
13485,C=CCc1c(C)nc(-c2ccccc2)nc1Nc1ccc(C(=O)O)cc1
13566,CCc1c(C)nc(-c2ccccc2)nc1Nc1ccc(C(=O)O)cc1
13601,Cc1nc(-c2ccccc2)nc(Nc2ccc(C(=O)O)cc2)c1C#N
13918,C=CCc1c(CC)nc(-c2ccccc2)nc1Nc1ccc(C(=O)O)cc1
1938,O=c1[nH][nH]cc1C=Nc1ccc(Cl)cc1
6760,CCN(CC)C(=O)CSc1nnc(-c2cc3ccccc3cc2O)n1CC
9703,CCn1c(SCC(=O)N(C(C)C)C(C)C)nnc1-c1cc2ccccc2cc1O
9498,CCCn1c(CCC(=O)O)ccc1-c1cccs1
8566,CN(C)c1nc(OCCOC(=O)c2ccccc2)nc(N(C)C)n1
1206,COc1ccc2c(c1)c(CC(=O)NCCOc1ccc(S(N)(=O)=O)cc1)c(C)n2C(=O)c1ccc(Cl)cc1
3291,C=CCNC(=O)/C(C#N)=C/c1ccc(OS(=O)(=O)c2ccc(C)cc2)c(OC)c1
4639,COc1cc(/C=C(\C#N)C(N)=O)ccc1OS(=O)(=O)c1ccc(C)cc1
4684,NC(N)=N/N=C/c1ccc(OS(=O)(=O)c2ccccc2)cc1
8476,CC(OC(=O)c1nsc(Cl)c1Cl)C(=O)NCc1cccs1
9626,O=C(NC1CCS(=O)(=O)C1)c1cn(-c2ccccc2)nc1-c1ccccc1
14416,COc1cc(NC(=O)CCN2CCC(OC(=O)Nc3ccccc3-c3ccccc3)CC2)c(Cl)cc1CNC[C@H](O)c1ccc(O)c2[nH]c(=O)ccc12
2550,O=C(COC(=O)/C=C/c1ccco1)NCc1ccco1
1824,Cc1ccc(S(=O)(=O)N(C)CCCC(=O)Nc2cc(C)ccc2C)cc1
11233,O=C(CCc1ccc(-c2cccc(Cl)c2)cc1)N1CCCC1
11789,O=C(CCc1ccc(-c2ccc(F)cc2)cc1)N1CCCC1
11866,O=C(CCc1ccc(-c2ccccc2F)cc1)N1CCCC1
11966,O=C(CCc1ccc(-c2ccccc2)cc1)N1CCCC1
12025,O=C(CCc1ccc(-c2cccc(F)c2)cc1)N1CCCC1
11538,COc1cc(/C=N/NC(=O)CSCc2ccc([N+](=O)[O-])cc2)cc(OC)c1OC
11675,C/C(=N\NC(=O)CSCc1ccc([N+](=O)[O-])cc1)c1ccccc1
12504,CC(C)(O)CCn1cc2cc(NC(=O)c3cccc(C(F)(F)F)n3)cc(C#N)c2n1
13338,CC(C)(O)CCn1cc2cc(NC(=O)c3cccc(C(F)(F)F)n3)cc(F)c2n1
13462,CCOc1cc(NC(=O)c2cccc(C(F)(F)F)n2)cc2cn(CCC(C)(C)O)nc12
13584,CCS(=O)(=O)NCCn1cc2cc(NC(=O)c3cccc(C(F)(F)F)n3)c(C(C)(C)O)cc2n1
13669,COc1cc(NC(=O)c2cccc(C(F)(F)F)n2)cc2cn(CCN(C)C)nc12
14072,CCN(CC)CCn1cc2cc(NC(=O)c3cccc(C(F)(F)F)n3)c(C(C)(C)O)cc2n1
14203,CC(C)(O)CCn1cc2cc(NC(=O)c3cccc(C(F)(F)F)n3)c(C(C)(C)O)cc2n1
14207,COc1cc(NC(=O)c2cccc(C(F)(F)F)n2)cc2cn(CCC(C)(C)O)nc12
14476,CN(C)CCn1cc2cc(NC(=O)c3cccc(C(F)(F)F)n3)c(C(C)(C)O)cc2n1
12406,CCOC(=O)c1ccc(NC(=O)c2ccc(CO)c(C(=O)NC3CCN(C(=O)OCC)CC3)c2)cc1
13324,C=CCc1c(C)nc(-c2ccc(C)s2)nc1Nc1ccc(CC(=O)O)cc1
13486,C=CCc1c(C)nc(-c2ccc(OC)s2)nc1Nc1ccc(CC(=O)O)cc1
13551,C=CCc1c(C)nc(-c2ccc(C)s2)nc1Nc1ccc(C(=O)O)cc1
13600,C=CCc1c(C)nc(-c2cccs2)nc1Nc1ccc(C(=O)O)cc1
13712,C=CCc1c(C)nc(-c2ccc(OC)s2)nc1Nc1ccc(C(=O)O)cc1
13919,CCc1c(C)nc(-c2ccc(SC)s2)nc1Nc1ccc(CC(=O)O)cc1
14050,CCc1c(C)nc(-c2ccc(Br)s2)nc1Nc1ccc(CC(=O)O)cc1
14095,CCc1c(C)nc(-c2ccc(Cl)s2)nc1Nc1ccc(CC(=O)O)cc1
14096,CCc1c(C)nc(-c2ccc(F)s2)nc1Nc1ccc(CC(=O)O)cc1F
14248,CCc1c(C)nc(-c2cc(Br)c(C)s2)nc1Nc1ccc(CC(=O)O)cc1
3571,Cn1cc([N+](=O)[O-])c(C(=O)Nc2ccc(-c3nc4ccccc4o3)cc2)n1
10455,O=c1cc(-c2ccccc2)[nH]c2[nH]n(-c3ccccc3)c(=O)c12
9105,CC(=O)NC1CC2CCCC(C1)N2CC(=O)N1CCCc2ccccc21
9283,CCc1nnc(NC(=O)CSc2nnc(CSc3nc(C)cc(C)n3)o2)s1
117,CCOc1ccc(CNC(=O)C2CCN(S(=O)(=O)CC)CC2)cc1OC
2750,C[C@@H](NC(=O)c1coc(=O)c(Br)c1)c1ccccc1
30,O=C(NCc1ccccc1)c1ccc(C(=O)NCc2ccccc2)cc1
6557,COc1ccc(OC)c(C2C(C(C)=O)=C(O)C(=O)N2Cc2cccnc2)c1
9855,CC(=O)C1=C(O)C(=O)N(Cc2cccnc2)C1c1ccccc1
271,O=C(Oc1cccc(N2C(=O)CCC2=O)c1)c1ccccc1
8182,COCCn1c(SCC(=O)NCc2cccs2)nnc1-c1ccc(OC)cc1
14603,C=C(CO)C(=O)O[C@@H]1[C@H]2C(=C)[C@@H](O)C[C@H]2C(=C)C[C@@H]2OC(=O)C(=C)[C@@H]12
7772,O=C(NCc1cccs1)C1CCN(c2nccs2)CC1
14952,CO[C@]12C[C@@](C)(O)[C@H]3C[C@@]4(C)CC[C@H]([C@@H](C)/C=C\C=C(C)C)[C@@H]4C/C=C(/C(=O)N1)[C@@H]32
6523,COc1ccc(S(=O)(=O)N2CCN(c3cc(-c4ccccc4)nc4ncnn34)CC2)cc1
5825,COc1ccc(NCC(=O)Nc2c(C)cccc2C)cc1S(=O)(=O)N1CCOCC1
12860,Cc1ccc(/C=C/c2ccc(=O)n(Cc3ccccc3Cl)n2)cc1
6302,S=c1nc(C2CCCCC2)[nH][nH]1
8720,c1ccc2c(c1)CNc1ccccc1C2
12902,CCOc1ccccc1NC(=O)COn1nnc2ccc(Cl)cc21
6856,Cc1cc(C)n(-c2nc3nonc3nc2-n2nc(C)cc2C)n1
2313,O=C(O)CCc1ccc(-c2cccs2)o1
1490,CCC1Sc2ccccc2N(CC(=O)NCc2ccc3c(c2)OCO3)C1=O
14132,CN1CCN(Cc2ccc(-c3cn4c5nc(ncc35)NCCCCCCNC(=O)[C@@H](N)CCCC4)cc2)CC1
3532,O=C1/C(=C/c2cccnc2)CCc2c1[nH]c1ccccc21
12074,CC(C)(C)C1CCc2c(sc3nc(SCC(N)=O)nc(N)c23)C1
10239,COc1ccc2[nH]c(C(=O)O)c(NS(=O)(=O)c3ccc(Cl)s3)c2c1
4645,COc1ccc(/C=C(\C#N)C(=O)c2c(C)[nH]c3ccccc23)cc1OC
4848,COc1cc(/C=C(\C#N)C(=O)c2c[nH]c3ccccc23)cc(OC)c1O
8209,COc1cc(Cn2c(=O)oc3ccc(C)cc32)ccc1OC(C)C
8672,CCOc1ccc(Cn2c(=O)oc3ccc(C)cc32)cc1OC
2282,O=C(CSc1nc2scc(-c3ccco3)c2c(=O)n1-c1ccccc1)NCC1CCCO1
5250,COc1ccc(OCC(=O)NNC(=S)NC(=O)C2CCCCC2)cc1
5256,Cc1ccc(OCC(=O)NNC(=S)NC(=O)C2CCCCC2)c(C)c1
5846,CC1(C)NC(=O)N(CC(O)COC2CCCCC2)C1=O
12641,Cc1onc(-c2ccccc2)c1C(=O)n1cccn1
5521,O=C(CCCN1C(=O)C2CC=CCC2C1=O)Nc1ccccc1Cl
1713,COc1ccc(C(=O)C2(C)N(O)C(C)C(c3cccs3)=[N+]2[O-])cc1
3353,COc1ccc2cc3c(N)nn(C(=O)C4CCC(C(C)(C)C)CC4)c3nc2c1
12167,Oc1cc(Cc2ccccc2)cnc1CN1CCCCC1
1438,O=C(Nc1nc(-c2ccncc2)cs1)c1ccc(S(=O)(=O)N2CCOCC2)cc1
4025,CN1c2ccc(C=O)c3c(C=O)ccc(c23)N(C)C1(C)C
3757,O=C(NCc1ccccc1)C1=C[C@H](c2csc3ccccc23)C[C@H](OCc2ccc(CO)cc2)O1
7221,CCCCc1c(C)nn(-c2nnc3c4ccccc4n(CC)c3n2)c1C
4462,COc1ccc(CN=Cc2[nH]c3ccc(Br)c(Cl)c3c2O)cc1
9958,NC(=O)C1CCN(C(=O)C23CC4CC(CC(C4)C2)C3)CC1
2964,O=C(c1cncc(Br)c1)N1CCc2ccccc2C1
11611,O=C(CSCc1ccc([N+](=O)[O-])cc1)NN=C1CCCCCC1
11925,CCN1CCC[C@@H]1CNC(=O)c1ccc2c(c1)NC(=O)/C(=C/c1ccccc1F)S2
12068,O=C(c1ccc2snnc2c1)N1CCN(c2ccccn2)CC1
2836,COc1ccc2cc3c(N)nn(C(=O)Cc4ccccc4OC)c3nc2c1
10281,COc1ccc2c(c1)c1ncn(CCN3CCCC3)c(=O)c1n2C
5577,O=[N+]([O-])c1ccc(S(=O)(=O)N2CCN=C2SCc2ccc(F)cc2)cc1
11102,CCOc1ccccc1N1CCN(C(=O)c2cc3c(s2)CCC3)CC1
6911,Cc1cc(C)n(CC(O)COCc2ccco2)n1
1489,Cc1noc(C)c1S(=O)(=O)N1CCC(C(=O)N2CCN(Cc3ccc4c(c3)OCO4)CC2)CC1
10871,Cc1nc(CC(=O)N2CCN(S(=O)(=O)c3ccccc3C#N)CC2)cs1
2162,O=C(CSc1ncnc2c1sc1ccccc12)Nc1ccc(Br)cc1
3163,COc1ccc(NC(=O)CSc2ncnc3c2sc2ccccc23)c(OC)c1
1953,COc1ccc(CNC(=O)C(CCSC)NS(=O)(=O)c2ccccc2F)cc1
7784,O=C(CN1C2CCC1CC(NC(=O)Nc1ccccc1)C2)NCc1ccco1
14593,C=C(C)[C@H](CC=C(C)C)C[C@]12C[C@H](CC=C(C)C)C(C)(C)[C@](CC=C(C)C)(C(=O)/C(=C(/O)c3ccc(O)c(O)c3)C1=O)C2=O
13037,O=C(N1CCCCC1)n1nc(-c2ccc(Cl)cc2)nc1SC1CCCCC1
5312,Clc1ccc(CSc2nncn2-c2ccccn2)cc1
14625,C=C1C(=O)O[C@H]2C=C(C)[C@@H]3CC[C@](C)(O)[C@@H]3C[C@H]12
14626,C=C1C(=O)O[C@H]2C=C(C)[C@H]3CC[C@@](C)(O)[C@@H]3[C@@H](O)[C@H]12
10157,COc1ccc2c(=O)c3c(=O)n(Cc4ccco4)c(-c4ccccc4)nc3oc2c1
10399,COc1ccc2c(=O)c3c(=O)n(Cc4ccco4)c(-c4ccc(C)cc4)nc3oc2c1
10471,COc1ccc(-c2nc3oc4cc(OC)ccc4c(=O)c3c(=O)n2Cc2ccco2)cc1
10558,COc1ccc2c(=O)c3c(=O)n(Cc4ccco4)c(-c4cc(OC)c(OC)c(OC)c4)nc3oc2c1
157,CN(Cc1ccccc1)C(=O)c1ccccc1NC(=O)c1ccco1
1463,CCN1C(=O)c2cccc3c(NC(=O)c4cccc(N5C(=O)CCC5=O)c4)ccc1c23
14530,O=C(Nc1ccc(Cl)cc1)Nc1nc2ccc(N(CCN3CCOCC3)C(=O)Nc3ccc(Cl)cc3)cc2s1
2498,C=CCN1C(=O)c2cccc3c(N4CCCCC4)ccc(c23)C1=O
1733,CCOC(=O)c1cnc2ccc(C)cc2c1Nc1ccc(N2CCOCC2)cc1
3216,CCOC(=O)c1ccc2ncc(C(=O)OCC)c(Nc3ccc(N4CCOCC4)cc3)c2c1
9677,COCCNC(=O)C(c1cccc(OC)c1)N(Cc1cccs1)C(=O)Cn1nnc2ccccc21
10646,COc1cc(C(=O)OCC(=O)Nc2ccc3c(c2)OC(F)(F)O3)ccc1OCc1c(C)noc1C
10937,O=C(COC(=O)C1CC(=O)N(Cc2ccccc2)C1)Nc1ccc2c(c1)OCO2
3036,CCOC(=O)c1c(-c2ccccc2)csc1NC(=O)c1ccc(N2C(=O)CCC2=O)cc1
3206,CCOC(=O)c1c(-c2ccc(C)cc2)csc1NC(=O)c1ccc(N2C(=O)CCC2=O)cc1
3331,Cc1c(Cl)cccc1N/C(SCC(=O)N1CCCCCC1)=C(/C#N)c1nc2ccccc2s1
2569,Cc1c(O)cc2c(c1O)C(=O)CC(c1ccc(O)cc1)O2
4332,CC(C)=CCc1c(O)cc(O)c2c1OC(c1ccc(O)cc1)CC2=O
14576,C=C(C)/C=C/c1c(OC)ccc2c1O[C@H](c1ccccc1)CC2=O
14594,C=C(C)[C@H](CC=C(C)C)Cc1c(O)cc(O)c2c1O[C@H](c1ccc(O)cc1O)CC2=O
14680,C=CC(C)(C)Oc1ccc2c(c1CC=C(C)C)O[C@H](c1ccc(OC)c(OC)c1)CC2=O
14681,C=CC(C)(C)Oc1ccc2c(c1CC=C(C)C)O[C@H](c1ccccc1)CC2=O
14765,CC(C)=CCC/C(C)=C/Cc1c(O)ccc2c1O[C@H](c1ccc(O)cc1)CC2=O
14767,CC(C)=CCC/C(C)=C/Cc1cc([C@@H]2CC(=O)c3c(O)cc(O)cc3O2)c(O)cc1O
14787,CC(C)=CCc1c(O)ccc2c1O[C@H](c1ccccc1)CC2=O
14792,CC(C)=CCc1cc2c(c(CC=C(C)C)c1O)O[C@H](c1ccccc1)CC2=O
15087,COc1ccc([C@@H]2CC(=O)c3cc(CC=C(C)C)c(O)c(CC=C(C)C)c3O2)cc1OC
15091,COc1ccc2c(c1)OC(c1ccc(O)c(O)c1)C(OC)C2=O
15092,COc1ccc2c(c1)OC(c1ccc(O)cc1)CC2=O
15093,COc1ccc2c(c1)OC(c1ccc(OC)c(OC)c1)C(OC)C2=O
15095,COc1ccc2c(c1)O[C@H](c1ccc(OC)c(OC)c1)CC2=O
15100,COc1ccc2c(c1CC=C(C)C)OC(c1ccccc1)CC2=O
15163,O=C(CO)Oc1cc(O)c2c(c1)O[C@H](c1ccc(O)cc1)CC2=O
15182,O=C1C[C@@H](c2cc(O)cc(O)c2)Oc2cc(O)cc(O)c21
15183,O=C1C[C@@H](c2ccc(O)c(O)c2)Oc2cc(O)ccc21
15184,O=C1C[C@@H](c2ccc(O)cc2)Oc2cc(O)ccc21
2953,O=C1C(N2CCOCC2)=C(n2nnc3ccccc32)C(=O)c2ccccc21
6988,COC(=O)C1C(O)=C(C=NC2CCCCC2)C(=O)CC1(C)C
3857,Cc1oc2c(Cl)c(Cl)c(O)c(CN(C)C)c2c1C(=O)c1ccc(Cl)cc1
10054,CNC(=O)N(O)C1N(C)C(=O)N(Cc2ccccc2)C1(C)C
11444,COc1ccccc1Oc1ccc(Nc2ncnc3[nH]ccc23)cc1
11468,Cc1ccc(Oc2ccc(Nc3ncnc4[nH]ccc34)cc2)cc1
11553,COc1cccc(Oc2ccc(Nc3ncnc4[nH]ccc34)cc2)c1
11570,Cc1cccc(Oc2ccc(Nc3ncnc4[nH]ccc34)cc2)c1
11610,Clc1ccc(Oc2ccc(Nc3ncnc4[nH]ccc34)cc2)cc1Cl
11676,Nc1ccc(Oc2ccc(Nc3ncnc4[nH]ccc34)cc2)cc1
11708,Nc1nc(Nc2ccc(Oc3ccc(C(F)(F)F)cc3)cc2)c2cc[nH]c2n1
11725,Clc1ccc(Oc2ccc(Nc3ncnc4[nH]ccc34)cc2)cc1
11748,Nc1nc(Nc2ccc(Oc3cccc(C(F)(F)F)c3)cc2)c2cc[nH]c2n1
11826,Nc1nc(Nc2ccc(Oc3cccc(Cl)c3)cc2)c2cc[nH]c2n1
11830,Fc1ccc(Oc2ccc(Nc3ncnc4[nH]ccc34)cc2)cc1
11883,Nc1nc(Nc2ccc(Oc3ccc(Cl)cc3)cc2)c2cc[nH]c2n1
11961,N#Cc1ccc(Oc2ccc(Nc3ncnc4[nH]ccc34)cc2)cc1
13009,COc1ccc(Oc2ccc(Nc3ncnc4[nH]ccc34)cc2)cc1
13047,c1ccc(Oc2ccc(Nc3ncnc4[nH]ccc34)cc2)cc1
13206,Clc1ccccc1Oc1ccc(Nc2ncnc3[nH]ccc23)cc1
10617,CC(C)C1=C2CCCCC2NC(=O)N1
4583,Cc1ccc2cc(C3CC(c4ccco4)=NN3S(=O)(=O)c3ccccc3)c(Cl)nc2c1
8697,Cc1ccc(OCc2ccc(C(=O)Nc3nccs3)o2)cc1
6289,CCOC(=O)Nc1cc(OCC)c(NC(=O)C2CC2)cc1OCC
3204,CC12CCC(C/C1=N\N=C1\NC(=O)/C(=C\c3ccc(Cl)cc3)S1)C2(C)C
4557,CCN(CC)c1ccc(C=C2C(=O)OC3(CCCC3)OC2=O)cc1
13958,O=C(CO)N1CCc2[nH]c3c(Cl)c(Cl)cc(-c4cn[nH]c4)c3c2C1
3517,O=C(c1ccc(S(=O)(=O)c2cccc(Cl)c2)c([N+](=O)[O-])c1)N1CCN(c2ccccn2)CC1
1819,COc1ccc(C(CC(=O)NCc2ccccc2)Sc2n[nH]c(-c3ccccc3)n2)cc1
1791,COc1ccc(C2(CNC(=O)c3cc([N+](=O)[O-])cc([N+](=O)[O-])c3)CCCC2)cc1OC
5321,CCOC(=O)Cn1nnnc1CN(Cc1ccccc1)Cc1cc2cc(CC)ccc2[nH]c1=O
6172,CCOC(=O)Cn1nnnc1CN(Cc1ccc(OC)cc1)Cc1cc2cc(C)cc(C)c2[nH]c1=O
2425,O=C(Nc1ccncc1NC(=O)c1cccc([N+](=O)[O-])c1)c1cccc([N+](=O)[O-])c1
14079,Fc1cccc(Cl)c1-c1nc(-c2ccc(C#Cc3ccccc3)nc2)n[nH]1
11564,COc1ccc(C(CNC(=O)c2ccc(S(=O)(=O)Nc3ccccc3F)cc2)N(C)C)cc1
9777,N#CCCn1c(-c2nonc2NC(=O)c2ccccc2Cl)nc2ccccc21
8025,CC1(C)CNC(=O)c2sc(N3CCCCC3)nc2C1
570,O=C(c1ccc(-c2ccc([N+](=O)[O-])cc2)o1)N1CCCC(C(F)(F)F)C1
27,Cc1cccc(N2CC(C(=O)Nc3nnc(SCC(=O)N4CCOCC4)s3)CC2=O)c1
10994,O=C(COC(=O)CN1C(=O)c2ccccc2C1=O)Nc1ncc(Cl)cc1Cl
4013,COc1ccccc1CCC(=O)OCC(=O)Nc1ccc(C(N)=O)cc1
9537,CCOC(=O)C1CCN(C(=O)c2c(-c3c(Cl)cccc3Cl)noc2C)CC1
5911,Cc1ccc2c(c1)nnn2C1CCN(CC(=O)c2ccc(Cl)cc2)CC1
1860,CCN1CCN(C(=O)c2ccc3c4c(cccc24)C(=O)N(c2cccc(C(F)(F)F)c2)C3=O)CC1
11988,CNC(=O)c1cc(C(=O)NC2CC2)c(C)n(Cc2ccccc2)c1=O
13067,CNC(=O)c1cc(C(=O)NC2CC2)cn(Cc2cccc(C#N)c2)c1=O
13539,CNC(=O)c1cc(C(=O)NC2CC2)cn(Cc2cccc(OC)c2)c1=O
13587,CNC(=O)c1cc(C(=O)NC2CC2)cn(Cc2ccccc2F)c1=O
13591,CNC(=O)c1cc(C(=O)NC2CC2)cn(Cc2cccc(F)c2)c1=O
13656,CNC(=O)c1cc(C(=O)NC2CC2)cn(Cc2ccc(C)cc2)c1=O
13657,CNC(=O)c1cc(C(=O)NC2CC2)cn(Cc2ccc(OC)cc2)c1=O
13658,CNC(=O)c1cc(C(=O)NC2CC2)cn(Cc2cccc([C@@H](C)O)c2)c1=O
13707,CNC(=O)c1cc(C(=O)NC2CC2)cn(Cc2ccc(F)cc2)c1=O
13708,CNC(=O)c1cc(C(=O)NC2CC2)cn(Cc2ccccc2)c1=O
13709,CNC(=O)c1cc(C(=O)NC2CC2)cn([C@H](C)c2ccccc2)c1=O
13764,CNC(=O)c1cc(C(=O)NC2CC2)cn(Cc2cccc(C)c2)c1=O
3659,CC(C)C[C@@H]1NC(=O)[C@H](Cc2ccccc2)N(C)C(=O)[C@H](C)NC(=O)c2ccccc2NC(=O)[C@H](Cc2ccc(O)cc2)N(C)C1=O
1445,O=C1NCCCc2c1oc1cc(Br)c(O)c(Br)c21
7954,O=c1nc(N2CCCC2)nc(Nc2ccccc2)[nH]1
4762,Cc1cc(C)nc(/N=C(\N)Nc2ccc(-c3ccccc3)cc2)n1
9711,O=C(Cn1ncnn1)OCc1ccccc1Cl
7882,Cc1cc(=O)n2[nH]c(-c3ccc(F)cc3)cc2n1
3141,Cc1ccc(C(C(=O)NCc2ccccc2)N(Cc2cccs2)C(=O)c2ccc3c(c2)OCCO3)cc1
11843,CC(C)=CCC[C@H](C(=O)O)[C@@H]1CC[C@]2(C)C3=CC[C@H]4C(C)(C)[C@H](O)CC[C@]4(C)[C@H]3CC[C@@]12C
13257,CC(=O)O[C@@H]1CC[C@]2(C)[C@H]3CC[C@@]4(C)[C@H]([C@H](CCC=C(C)C)C(=O)O)CC[C@]4(C)C3=CC[C@H]2C1(C)C
509,N/C(=N\OC(=O)c1ccc([N+](=O)[O-])cc1)c1ccccn1
3730,CCN(CC)c1ccc(C=C2C(=O)NC(=S)NC2=O)cc1
8559,CCOc1ccc(NC(=O)CCN2CCCCC2)cc1
8602,CCOC(=O)C1CCCN(CCC(=O)Nc2cccc(F)c2)C1
12144,COc1ccc(NC(=O)CCN2CCCC(C)C2)cc1
12364,NC(=O)C1CCN(CCC(=O)Nc2cccc(Cl)c2)CC1
1152,CC(C)Cc1ccc(C(C)c2nc3cc(-c4n[nH]c(=O)o4)ccc3n2Cc2ccccc2Cl)cc1
5917,O=C(CN(C(=O)c1cc2c(s1)CCC2)C1CCCC1)NCc1cccs1
13816,Cc1c(C(C)C)c(=O)on1C(=O)N1CCOCC1
2842,Nc1nc(-c2ccccc2)nc(-c2ccccc2O)n1
7903,O=C(Nc1ccc(NC(=O)c2cccs2)cn1)c1ccco1
1844,Cc1cccc(C)c1NC(=O)CN(C)C(=O)/C=C/c1cccs1
4656,Cc1ccc(-c2[nH]c(-c3ccccc3)nc2SCC(=O)NCC2CCCO2)cc1
3097,Cc1[nH]c2c(C)cccc2c1CCNS(=O)(=O)c1cc([N+](=O)[O-])ccc1Cl
11818,CCN(CC)CCn1c(C)c(CCNS(=O)(=O)c2ccc(/C=C/C(=O)NO)cc2)c2ccccc21
12502,Cc1[nH]c2ccccc2c1CCN(C(C)C)S(=O)(=O)c1ccc(/C=C/C(=O)NO)cc1
13077,Cc1[nH]c2ccccc2c1CCNS(=O)(=O)c1ccc(C(=O)NO)cc1
13083,Cc1[nH]c2ccccc2c1CCNS(=O)(=O)c1ccc(/C=C/C(=O)NO)cc1
13084,O=C(/C=C/c1ccc(S(=O)(=O)NCCc2c[nH]c3ccccc23)cc1)NO
13293,Cc1[nH]c2ccccc2c1CCNS(=O)(=O)c1cccc(/C=C/C(=O)NO)c1
13342,Cc1c(CCNS(=O)(=O)c2ccc(/C=C/C(=O)NO)cc2)c2ccccc2n1C
13354,Cn1cc(CCNS(=O)(=O)c2ccc(/C=C/C(=O)NO)cc2)c2ccccc21
13376,CCn1c(C)c(CCNS(=O)(=O)c2ccc(/C=C/C(=O)NO)cc2)c2ccccc21
1955,COc1ccc(CCN(C)c2ccc(S(=O)(=O)N3CCCC3)cn2)cc1OC
6545,O=C(CN(CC1CCCO1)C(=O)Cn1nnc(-c2ccc(F)cc2)n1)NC1CCCCC1
9632,Cc1cc(NS(=O)(=O)c2ccc(NC(=O)CCCOc3ccc(Cl)cc3)cc2)no1
9977,O=C1NC(c2ccncc2)Nc2ccccc21
6742,CC(=O)C1=C(O)C(=O)N(CCc2c[nH]c3ccccc23)C1c1cccc(O)c1
7803,COc1cc(C2C(C(C)=O)=C(O)C(=O)N2CCc2c[nH]c3ccccc23)ccc1O
3632,COc1ccc(O)c(C(=O)c2cnc3c(c2)c(=O)n(C)c(=O)n3Cc2ccccc2)c1
1998,CCn1nc(-c2cccc(-c3cccc(C(=O)NCCN4CCOCC4)c3)c2)cc(NC(=O)Nc2c(Cl)cncc2Cl)c1=O
12792,CN(Cc1ccccc1)C(=O)CCC(=O)N(C)Cc1ccccc1
5964,COCCN1C(=O)C(O)=C(C(C)=O)C1c1ccc(F)cc1
6364,CS(=O)(=O)C1=C(O)C(=O)N(CCCC(=O)O)C1c1ccccc1F
6958,COc1ccc(OC)c(C2C(C(C)=O)=C(O)C(=O)N2CCC(=O)O)c1
7410,CC(=O)C1=C(O)C(=O)N(CCN(C)C)C1c1ccc(Cl)cc1
3407,CCCC(=O)NC(c1ccco1)c1cc([N+](=O)[O-])c2cccnc2c1O
13048,CCNNC(=O)c1ccc(CN2c3ccccc3Oc3ccccc32)cc1
3694,Cc1cccn2c(=O)c3cc(S(=O)(=O)c4ccc(F)cc4)c(=N)n(Cc4ccco4)c3nc12
14822,CC1(C)CC[C@]2(C(=O)O)CC=C3[C@]4(C)CC[C@H]5C(C)(C)[C@@H](OC(=O)/C=C/c6ccc(O)cc6)CC(=O)[C@]5(C)[C@H]4CC[C@@]3(C)[C@@H]2C1
15002,COc1cc(/C=C/C(=O)O[C@H]2CC(=O)[C@]3(C)[C@H]4CC[C@]5(C)C(=CC[C@@]6(C(=O)O)CCC(C)(C)C[C@H]65)[C@]4(C)CC[C@H]3C2(C)C)ccc1O
6930,CCNC(=O)Nc1cc2nc(C)n(Cc3ccc(Br)cc3)c2nc1C
5741,COCCN(C(=O)c1ccc(NC2CC2)c([N+](=O)[O-])c1)c1c(N)n(CC(C)C)c(=O)[nH]c1=O
13792,COc1ccc([C@H](C)Cn2ccnc2NC#N)cc1OC1Cc2ccccc2C1
14045,COc1ccc(C(C)Cn2ccnc2NC#N)cc1OC1Cc2ccccc2C1
14046,COc1ccc([C@@H](C)Cn2ccnc2NC#N)cc1OC1Cc2ccccc2C1
2252,Cc1cccc(-n2cnc3c(c2=O)c2nc4ccccc4nc2n3Cc2ccco2)c1
7549,CC(=O)c1cc2c(cc1NC(=O)c1cnc(C)cn1)OCO2
2637,O=C(O)CCN1C(=O)/C(=C2\C(=O)N(Cc3ccccc3Cl)c3ccccc32)SC1=S
14436,O=C(O[C@@H](Cc1c(Cl)c[n+]([O-])cc1Cl)c1ccc(OC(F)F)c(OCC2CC2)c1)c1ccc(OC(F)F)c(OCC2CC2)c1
14452,CS(=O)(=O)Nc1cc(OCC2CC2)cc(C(=O)O[C@@H](Cc2c(Cl)c[n+]([O-])cc2Cl)c2ccc(OC(F)F)c(OCC3CC3)c2)c1
14456,O=C(O[C@@H](Cc1c(Cl)c[n+]([O-])cc1Cl)c1ccc(OC(F)F)c(OCC2CC2)c1)c1ccc(O)c(OCC2CC2)c1
14466,O=C(O[C@@H](Cc1c(Cl)c[n+]([O-])cc1Cl)c1ccc(OC(F)F)c(OCC2CC2)c1)c1ccc(CO)c(OCC2CC2)c1
14467,O=C(O[C@@H](Cc1c(Cl)c[n+]([O-])cc1Cl)c1ccc(OC(F)F)c(OCC2CC2)c1)c1ccc([N+](=O)[O-])c(OCC2CC2)c1
14470,CN(C)c1ccc(C(=O)O[C@@H](Cc2c(Cl)c[n+]([O-])cc2Cl)c2ccc(OC(F)F)c(OCC3CC3)c2)cc1OCC1CC1
14508,O=C(O[C@@H](Cc1c(Cl)c[n+]([O-])cc1Cl)c1ccc(OC(F)F)c(OCC2CC2)c1)c1ccc(C(=O)O)c(OCC2CC2)c1
14513,CC(=O)Nc1ccc(C(=O)O[C@@H](Cc2c(Cl)c[n+]([O-])cc2Cl)c2ccc(OC(F)F)c(OCC3CC3)c2)cc1OCC1CC1
14528,Nc1ccc(C(=O)O[C@@H](Cc2c(Cl)c[n+]([O-])cc2Cl)c2ccc(OC(F)F)c(OCC3CC3)c2)cc1OCC1CC1
14536,CS(=O)(=O)Nc1ccc(C(=O)O[C@@H](Cc2c(Cl)c[n+]([O-])cc2Cl)c2ccc(OC(F)F)c(OCC3CC3)c2)cc1OCC1CC1
14540,COc1ccc(C(=O)O[C@@H](Cc2c(Cl)c[n+]([O-])cc2Cl)c2ccc(OC(F)F)c(OCC3CC3)c2)cc1OCC1CC1
12076,CCN(CC)C(=O)c1sc2nc(-c3ccncc3)[nH]c(=O)c2c1C
2906,Nc1c(C(=O)Nc2ccccc2)sc2nc3c(c(-c4ccco4)c12)CCCC3
9476,CC(C)c1nnc(NC(=O)CN(C)S(=O)(=O)c2ccc3c(c2)OCCO3)s1
10786,CCc1nnc(NC(=O)C(NS(=O)(=O)c2ccc3c(c2)OCCO3)C(C)C)s1
4032,COc1ccc(-n2nc(C(=O)NCC(=O)Nc3cc(OC)c(OC)c(OC)c3)c3ccccc3c2=O)cc1Cl
4033,COc1ccc(-n2nc(C(=O)NCC(=O)Nc3cc(OC)c(OC)c(OC)c3)c3ccccc3c2=O)cc1OC
7107,COc1ccc(NC2CS(=O)(=O)CC2OC(=O)c2ccc(F)cc2)cc1
8187,COc1cccc(/C(O)=C2/C(=O)C(=O)N(CCN3CCOCC3)C2c2cccs2)c1
1781,COc1cc(C(=O)Nc2ccc3c(c2)C(=O)c2ccccc2C3=O)cc(OC)c1OC
14372,COc1ccc(C(=O)N=c2c(Cl)cn(O)cc2Cl)c2cc(C3CC3)nn12
9554,O=C(COC(=O)c1ccco1)NCC1CCCO1
2316,Cc1c(N2C(=O)c3ccc4c5c(ccc(c35)C2=O)CC4)c(=O)n(-c2ccccc2)n1C
8318,COc1ccc(N(Cc2cc(=O)[nH]c3ccccc23)C(=O)c2ccco2)cc1
8627,Cc1ccc(N(Cc2cc(=O)[nH]c3ccccc23)C(=O)c2ccco2)cc1
3042,Cc1[nH]c(=O)c(C(=O)/C=C/c2ccccc2)c2c1CCCC2
3043,COc1ccccc1/C=C/C(=O)c1c2c(c(C)[nH]c1=O)CCCC2
3050,Cc1[nH]c(=O)c(C(=O)/C=C/c2ccccc2F)c2c1CCCC2
332,C=CCNC(=S)N1CCN(CCN=CC2=C(O)CC(c3ccco3)CC2=O)CC1
11318,CCOc1ccccc1N1CCN(C(=O)C(Sc2ccccc2)c2ccccc2)CC1
5396,O=C(NCCC1=CCCCC1)C1CCN(c2nnc(-n3cccc3)s2)CC1
1355,O=C(Oc1nsnc1N1CCOCC1)N1CCOCC1
3032,COc1ccccc1-c1cc(-c2ccccc2)nc(SC(C(N)=O)c2ccccc2)c1C#N
1726,Cc1ccc(O)c(NC(=S)NC(=O)c2ccc(-c3ccc(Cl)cc3)o2)c1
9666,Cc1ccc(C(C(=O)NC2CCCC2)N(Cc2ccco2)C(=O)CCC(=O)Nc2ccccn2)cc1
10897,O=C(OC1CCOC1=O)c1ccc(-c2nc3ccccc3s2)s1
1328,CCc1c(C)nc2ncnn2c1N1CCC(C(=O)N2CCN(c3ccc(F)cc3)CC2)CC1
11413,CS(=O)(=O)Nc1cc2c(cc1Oc1ccc(S(C)(=O)=O)cc1)C(=O)CC2
13646,CSc1ccc(Oc2cc3c(cc2NS(C)(=O)=O)CCC3=O)cc1
14011,CS(=O)(=O)Nc1cc2c(cc1Oc1ccc(F)cc1F)C(=O)CC2
7183,Cc1ccccc1NC(=O)C1CCN(c2cnccn2)CC1
9693,O=C(CN1C2CCCC1CC(NC(=O)c1ccco1)C2)Nc1ccccc1C(F)(F)F
12346,Cc1cc(/C=C2/SC(=S)N(c3cccc(Cl)c3)C2=O)c(C)n1-c1cccnc1
7673,O=C(C1=C(O)C(=O)N(CC2CCCO2)C1c1cccnc1)c1ccco1
2510,CC1=C(C(=O)O)N2C(=O)C(NC(=O)c3nn(C)c(C)c3Cl)C2SC1
7327,CCCCC(OC(=O)c1cc2occc2n1C)C(=O)NCC1CCCO1
6408,Cc1cc(NC(=O)CSc2nnc(COc3ccccc3)n2Cc2ccco2)no1
1991,CCn1nc(-c2cccc(-c3cc(C(=O)NC4CC4)cc(C(=O)NC4CC4)c3)c2)cc(NC(=O)Nc2c(Cl)cncc2Cl)c1=O
8425,Cc1ccc2[nH]c(C(=O)O)c(-c3ccccc3)c2c1
1193,CC(C(=O)NCCCOc1ccc(S(N)(=O)=O)cc1)c1ccc(-c2ccccc2)c(F)c1
10018,CCOc1cc(-c2noc(-c3cccnc3)n2)ccc1OC
2161,Cc1cc2nc(-c3ccc(SCC(=O)Nc4ccc(S(=O)(=O)N5CCCC5)cc4)nc3)[nH]c2cc1C
4617,O=C(c1ccc(F)cc1)[C@@H]1[C@@H](c2ccco2)C2(C(=O)c3ccccc3C2=O)C2c3ccccc3C=NN21
723,CC(C)C#Cc1ccc([C@H]2[C@@H](CO)N(C(=O)c3ccccn3)[C@H]2C#N)cc1
10959,C=CCn1c(SCC2=C(C(=O)OCC)C(C)NC(=O)N2)nnc1C1CCCCC1
10591,CCCn1nc(C(=O)N2CC(=O)Nc3ccccc32)c2ccccc2c1=O
4903,COc1cc(N2CCCC2)c(OC)cc1/C=C1\SC(=O)N(C)C1=O
11820,CC(C#Cc1cccc(C(=O)NCCc2c[nH]c3ccccc23)c1)N(O)C(N)=O
14941,CO[C@@H]1C=C[C@@]23c4cc5c(cc4C(=O)N(CCCC(=O)O)[C@@H]2CN(C)[C@H]3C1)OCO5
1807,CSc1ccc(/C=N/NC(=O)CN2CCN(Cc3ccc(C)cc3)CC2)cc1
5385,Cc1nn(C)c(C)c1S(=O)(=O)N(CC(=O)NCc1ccco1)c1ccc(C(C)C)cc1
2229,CCc1ccn2cc(-c3ccc4c(c3)OCO4)nc2c1
8026,Cc1ccnc(Sc2nc3c(c(=O)[nH]c(=O)n3C)n2CCCc2ccccc2)n1
12635,Cc1cc(C)cc(N2C(=O)CSC2c2cccs2)c1
5471,Cc1ccc(-c2nc(-c3ccccc3)no2)cc1
8904,CCOc1ccc(-c2nc(-c3ccc(OC)cc3)no2)cc1OCC
9994,COc1cc(-c2noc(-c3cccc(Cl)c3)n2)cc(OC)c1OC
10264,COc1ccc(-c2nc(-c3ccccc3OC)no2)cc1OC
11220,Fc1cccc(Cl)c1-c1noc(-c2ccc(Br)cc2)n1
5529,CCn1cc(C(=O)NC(C)C)c(=O)c2cc(F)c(N3CCN(C(=O)c4ccco4)CC3)cc21
5550,CCN(CC)CCCNC(=O)c1cn(CC)c2cc(N3CCN(C(=O)c4ccco4)CC3)c(F)cc2c1=O
6747,CC(C)COCC1CC2(CC(C)C(=O)CC2=O)C(=O)O1
6623,O=c1cc(CSc2nnc(COc3ccccc3)o2)c2ccccc2[nH]1
8581,O=c1cc(CSc2nnc(COc3ccc(Cl)cc3)o2)c2ccccc2[nH]1
4115,COc1ccc(NS(=O)(=O)c2ccc3ccccc3c2)c2ncccc12
3981,COc1cccc(/C=N/n2c(C3CCCCC3)n[nH]c2=S)c1
5700,COc1ccccc1CN(C)C(=O)c1cccc(S(=O)(=O)N2CCCC2)c1
5713,COc1ccc(C(=O)NCc2ccc(C)cc2)cc1S(=O)(=O)N1CCCC1
5767,O=C(NCc1ccccc1)c1ccc(Cl)c(S(=O)(=O)N2CCCC2)c1
4605,O=C(Nc1nnc(-c2ccccn2)o1)c1cccc(Br)c1
2120,Cc1ccn2c(c1)nc(=S)n2C(=O)c1ccccc1
8170,CCC(C)n1[nH]c(=O)c2c(C)cc(C)nc21
12821,O=C(NCc1cccs1)c1nn2cccnc2c1Cl
1342,O=C(Nc1ccc(F)cc1)N1CCOCC1
6521,COC(=O)c1ccc(NC(=O)N2CCOCC2)cc1
3646,Cc1c(N=C2N=C(NC(=O)Nc3ccc(Cl)cc3)c3ccccc32)c(=O)n(-c2ccccc2)n1C
6870,Cc1cc(C)nc(N2CCC(C(=O)Nc3ccc4c(c3)OCO4)CC2)n1
6825,c1ccc2c(-n3cnnn3)cccc2c1
7207,CC(=O)OC(C(=O)NCCc1ccccc1)c1cccnc1
7110,CCOc1ccccc1N(C(=O)Cn1nnnc1-c1ccc(C)o1)C(CC)C(=O)NC(C)(C)C
14340,Cc1c(CCOc2ccccc2)c(=O)on1C(=O)N1CCCCC1
13901,COc1ccc(C(C)Cn2ccnc2NC#N)cc1OCCCCCc1ccccc1
13954,CC(Cn1ccnc1NC#N)c1ccc(OC(F)F)c(OCCCCCc2ccccc2)c1
11074,CN(C)S(=O)(=O)c1ccc(C(=O)NCc2cccs2)cc1
7276,CCOc1cc(C)nc(NCCc2ccc(OC)c(OC)c2)n1
581,N#CC1(NC(=O)COC(=O)c2cc([N+](=O)[O-])ccc2N2CCCC2)CCCCC1
12949,O=C(Nc1ccccc1)N(C1=NCCCCS1)c1cccc2ccccc12
5986,CCN1CCN(C(=O)c2cnn3c(C(F)F)cc(-c4ccc(C)cc4)nc23)CC1
6754,C=CCOC(=O)C1=C(C)Nc2sc(C#N)c(N)c2C1c1ccco1
3010,COc1ccc(/C=N/NC(=O)c2ccc3ccccc3c2)cc1OS(=O)(=O)c1ccc(NC(C)=O)cc1
6515,O=C(Nc1ccc(F)cc1)C1CCN(c2nnnn2-c2ccccc2)CC1
8975,O=C(Nc1cccc(F)c1)C1CCN(c2nnnn2-c2ccccc2)CC1
8054,CC1=C(C(=O)OC(C)C)C(C)NC(=O)N1
12904,N/C(=N\S(=O)(=O)c1ccc(Cl)s1)c1ccccc1
6235,Cc1ccc(N(CC(=O)NCc2ccc3c(c2)OCO3)S(C)(=O)=O)cc1
7065,CC(C(=O)NCc1ccc2c(c1)OCO2)N(c1ccccc1)S(C)(=O)=O
7126,CS(=O)(=O)N(CC(=O)NCc1ccc2c(c1)OCO2)c1ccccc1
2558,CC(=O)c1sc2nc(CSc3nnnn3-c3ccccc3)[nH]c(=O)c2c1C
3069,Cc1cc(NC(=S)NC(=O)c2ccccc2)ccc1-c1cc2ccccc2oc1=O
3088,Cc1cc(C)cc(C(=O)NC(=S)Nc2ccc(-c3cc4ccccc4oc3=O)cc2)c1
2205,CN(C)c1ccc(C(=O)N/N=C/C23CC[C@@H](O)CC2(O)CC[C@@H]2[C@@H]3CCC3(C)C(C4=CC(=O)OC4)CCC23O)cc1
2660,O=C(CN1C(=O)/C(=C2\SC(=S)N(CCS(=O)(=O)O)C2=O)c2ccccc21)Nc1cccc(Br)c1
2663,COc1ccc(NC(=O)CN2C(=O)/C(=C3\SC(=S)N(CCC(=O)O)C3=O)c3ccccc32)cc1
10127,CCOC(=O)c1[nH]c2cc3c(cc2c1CCCN1C(=O)c2ccccc2C1=O)OCCO3
4898,COc1cccc(N2C(=O)CC(NNc3nc4ccccc4s3)C2=O)c1
12601,Cc1ccc(-c2nnn(CC(=O)NC3CC4CCC3C4)n2)cc1
235,c1ccc(-n2nnnc2OCCOc2nnnn2-c2ccccc2)cc1
12478,O=C(Nc1c(C(=O)N2CCOCC2)cnn1-c1ccccc1Cl)c1ccco1
317,Cc1cc(C)cc(OCC(=O)Nc2ccc(F)cc2)c1
3249,CCCCNC(=S)N(C)/N=C/c1ccc(OCC(=O)Nc2ccc(OC)cc2)c(OC)c1
6698,Cc1ccc(OCC(=O)Nc2ccc(N(C)C)cc2)cc1
12337,CCC(C)NC(=O)c1ccccc1NC(=O)COc1ccc(OC)cc1
12723,Cc1ccc(C)c(OCC(=O)Nc2cccc(C(=O)O)c2)c1C
139,Cn1c(=O)oc2cc(S(=O)(=O)N3CCN(Cc4ccc5c(c4)OCO5)CC3)ccc21
12927,Cc1nn(C)c(C)c1NC(=O)c1ccc(Cl)cc1
11586,COc1cccc2c(C(=O)Nc3c(Cl)cncc3Cl)c(C(F)(F)F)nn12
6650,COc1ccc(C(=O)NC2CCCCC2)cc1S(=O)(=O)N1CCCC1
3052,Cc1ccc(-c2c(C#N)c(N)n3c(nc4ccccc43)c2C#N)cc1
7031,COc1cc(C(=O)Nc2ccc(-n3cnnn3)c(C)c2)cc(OC)c1OC
1822,Cc1ccc2c(c1)C(c1ccc(F)cc1)N(C(=O)c1cc3ccccc3oc1=O)CC(=O)N2
9675,COCCNC(=O)C(c1cccs1)N(C(=O)Cn1nnc2ccccc21)c1cccc(C(C)=O)c1
11302,Cc1cccc(C2=N/C(=C\c3ccc(-c4cccc(Cl)c4)o3)C(=O)O2)c1
8080,CCn1c(CSc2ncccn2)nnc1SCC(=O)N1CCc2ccccc21
13336,CC(C)(C)c1ccc(COC(=O)N[C@H]2CNC2=O)cc1
13393,CCCOc1ccc(COC(=O)N[C@H]2CNC2=O)cc1
13531,CCc1ccc(COC(=O)N[C@H]2CNC2=O)cc1
13815,CCCc1ccc(COC(=O)N[C@H]2CNC2=O)cc1
13995,CCCCc1ccc(COC(=O)N[C@H]2CNC2=O)cc1
4267,CCCC(=O)O[C@]1(C(=O)CCl)[C@@H](C)C[C@H]2[C@@H]3CCC4=CC(=O)C=C[C@]4(C)[C@@]3(F)C(=O)C[C@@]21C
7396,Cc1ccnc(N2CCC(C(=O)NC3CCCCCC3)CC2)n1
3704,CC(=O)[C@@]1(O)C(C)CC2C3C=C(C)C4=Cc5c(cnn5-c5ccccc5)C[C@]4(C)C3C(O)C[C@@]21C
12148,O=C(COC(=O)c1cc(=O)[nH]c2ccccc12)NC(=O)NC1CCCCC1
13783,Cc1c(C(C)C)c(=O)on1C(=O)N1CCCc2ccccc21
77,C1=Nc2c(NCc3ccccc3)ncnc2Oc2ccccc21
12322,CCN(CC)c1nc(-c2cccc(OC)c2O)nc2ccccc12
7335,CC(=O)Cc1nsc(NC(=O)c2ccc(COc3ccccc3)o2)n1
5428,COc1ccccc1NC(=O)c1c(C)oc2c1CCCC2
14806,CC(C)[C@@H]1OC(=O)[C@@H]2CCCN2C(=O)[C@@H](Cc2ccccc2)NC(=O)[C@@H]2CCCN2C(=O)[C@@H](Cc2ccccc2)NC1=O
1391,Cc1nc(=O)c(-c2ccccc2)c(C)n1-c1ccc(S(N)(=O)=O)cc1
12155,COc1ccc(-n2c(C)nc(=O)c(-c3ccccc3)c2C)cc1
12702,COc1cccc(NC(=S)/C(=C(\[O-])c2ccc(C)c([N+](=O)[O-])c2)[n+]2ccccc2)c1
1062,N#CN1CC(Oc2ccc(-c3ccccc3)cc2)C1
7289,O=C(NC1CCCC1)C(c1cccnc1)N(C(=O)c1csnn1)C1CC1
13246,COc1ccc2cc(C(=O)NCc3nn[nH]n3)cnc2c1
4250,COc1ccc(Cl)cc1NC(=O)CN(C)C(=O)c1cc(-c2ccncc2)nc2ccccc12
12548,Cc1ccc(O)c(NC(=O)CCC2CCCCC2)c1
9924,O=C(NC1CCCCC1)N(Cc1cc2cc3c(cc2[nH]c1=O)OCCO3)CC1CCCO1
11967,Cc1ccc(S(=O)(=O)NC(=O)c2cccc(C(=O)NS(=O)(=O)c3ccc(C)cc3)n2)cc1
12505,O=C(NS(=O)(=O)c1ccccc1)c1cccc(C(=O)NS(=O)(=O)c2ccccc2)n1
13041,O=C(NS(=O)(=O)c1ccc(Cl)cc1)c1cccc(C(=O)NS(=O)(=O)c2ccc(Cl)cc2)n1
13550,O=C(NS(=O)(=O)c1ccc(Br)cc1)c1cccc(C(=O)NS(=O)(=O)c2ccc(Br)cc2)n1
10658,O=C(CC(Sc1ccccc1)c1cccs1)c1ccco1
11262,O=C1CCCCCC1C1CC(=O)N(c2ccccc2)C1=O
11285,NS(=O)(=O)c1ccc(N2C(=O)CC(C3CCCCCC3=O)C2=O)cc1
11702,Cc1cccc2c1c(N=NC(N)=S)c(O)n2C1OC(CO)C(O)C(O)C1O
12660,CC(=O)OCC1OC(n2ccc3ccccc32)C(OC(C)=O)C(OC(C)=O)C1OC(C)=O
12632,CCN(CC)c1ccc(C(=O)OCC(=O)NC2CCCCC2C)cc1
2389,COc1ccc(/C=C(\NC(=O)/C=C/c2ccco2)C(=O)NCCc2nc3ccccc3[nH]2)cc1
696,COc1ccc(-c2nc(NC(=O)c3ccco3)sc2C)cc1
12963,CC(c1ccccc1)C1CC(=O)N(Cc2ccco2)C1=O
10325,CCOC(=O)Cc1cc(=O)c2c(=O)n(-c3ccccc3)[nH]c2[nH]1
612,Cc1ccc(/C=C2/CNC/C(=C\c3ccc(C)cc3)C2=O)cc1
1051,CCN1C/C(=C/c2ccc(OC)c(O)c2)C(=O)/C(=C/c2ccc(OC)c(O)c2)C1
3004,CCCN1C/C(=C/c2cccc([N+](=O)[O-])c2)C(=O)/C(=C/c2cccc([N+](=O)[O-])c2)C1
3180,CCN1C/C(=C\c2cccc([N+](=O)[O-])c2)C(=O)/C(=C/c2cccc([N+](=O)[O-])c2)C1
3269,CCN1C/C(=C/c2cccc([N+](=O)[O-])c2)C(=O)/C(=C/c2cccc([N+](=O)[O-])c2)C1
3715,CCOC(=O)N1C/C(=C\c2ccccc2)C(=O)/C(=C/c2ccccc2)C1
13103,CN(C)c1ccc(/C=C2\CNC/C(=C\c3ccc(N(C)C)cc3[N+](=O)[O-])C2=O)c([N+](=O)[O-])c1
13225,CCOC(OCC)c1ccc(/C=C2\CNC/C(=C\c3ccc(C(OCC)OCC)cc3)C2=O)cc1
13284,CCOC(OCC)c1ccc(/C=C2\CN(C)C/C(=C\c3ccc(C(OCC)OCC)cc3)C2=O)cc1
3852,COc1ccc(OC)c(-c2cc(C(=O)Nc3ccccc3C(N)=O)c3ccccc3n2)c1
4009,COc1ccc(NC(=O)c2cc(-c3cc(OC)c(OC)c(OC)c3)nc3ccccc23)c(OC)c1
1926,Cc1ccc(CNCC(O)(c2ccccc2)c2ccc(Cl)cc2)cc1
10802,Cc1noc(C)c1COc1cccc(C(=O)Nc2ccc(C#N)cc2)c1
7462,Cc1cc(N2CCN(c3ccccn3)CC2)n2c(nc3ccccc32)c1C#N
13747,FC(F)(F)c1ccc(CNc2nc(Nc3ccc(-c4ccsc4)cn3)ncc2Cl)cc1
5680,CN(C)C(CNC(=O)CCNS(=O)(=O)c1ccccc1C(F)(F)F)c1ccccc1
12077,COC(=O)c1ccccc1Sc1c(/C=N/OCc2ccc(Cl)cc2)c(C(F)(F)F)nn1C
10918,COc1cccc(N(C(=O)c2cccs2)c2nc3ccccc3s2)c1
9424,O=C(Cn1nnc(-c2ccccc2NC(=O)c2ccco2)n1)NC1CCCCC1
877,COc1cccc(-c2ccc(C(=O)NCCc3c(C)[nH]c4ccccc34)nc2)c1
884,CC(=O)Nc1ccc(-c2ccc(C(=O)NCCc3c(C)[nH]c4ccccc34)nc2)cc1
897,COc1cc(OC)cc(-c2ccc(C(=O)NCCc3c(C)[nH]c4ccccc34)nc2)c1
6114,Cc1ccnc(Nc2nc(-c3c(C)nc4sccn34)cs2)c1
10773,O=C(COC(=O)CCC(=O)c1ccc(F)cc1)Nc1ccc(N2CCOCC2)cc1
15009,COc1cc(CC/C=C/C(=O)CCc2ccccc2)ccc1O
15148,O=C(/C=C/CCc1ccc(O)c(O)c1)CCc1ccc(O)c(O)c1
15156,O=C(C=CCCc1ccc(O)cc1)CCc1ccc(O)cc1
2719,COc1ccc([C@H](Cc2ccncc2)c2ccncc2)cc1OC1CCCC1
14674,C=C1[C@@H]2[C@@H]3O[C@@H]3C(C)(C)[C@@]2(O)[C@H](O)C[C@]23C[C@@](C)(O)[C@H](CC[C@@H]12)[C@H]3O
2463,CCOc1ccc(N2C(=O)CC(Sc3nnnn3-c3ccccc3)C2=O)cc1
2468,COc1ccc(N2C(=O)CC(Sc3nnnn3-c3ccc(F)cc3)C2=O)cc1
11618,N#Cc1cnc(C(=O)Nc2ccc(C3CCN(Cc4ccccn4)CC3)cc2C2=CCCCC2)[nH]1
6516,COc1ccccc1-c1ccc(=O)n(CC(=O)NCc2ccc3c(c2)OCO3)n1
3002,CC1=C(CC(=O)c2ccc(Cl)cc2)C(=O)c2ccccc2C1=O
3003,CC1=C(CC(=O)c2ccccc2)C(=O)c2ccccc2C1=O
14651,C=C1CC[C@H]2C(C)(C)CCC[C@]2(C)[C@H]1/C=C/C1=CC(=O)O[C@H]1C
2314,Cc1ccn2c(-c3csc(NCc4ccco4)n3)c(C)nc2c1
4504,Cc1ccnc(N/C=C(\C#N)c2nc(-c3cccc(Br)c3)cs2)c1
12245,COC(=O)C1CSc2[nH]c(=O)sc2C1c1ccc(O)c(OC)c1
4619,COC(=O)c1c(Cl)c2n3ccccc3c(C)c(-c3ccccc3)c-2c1C(=O)OC
5135,CCn1nc(C)cc1-c1nnc(Sc2ncc([N+](=O)[O-])s2)n1C
13128,COc1ccc2cc(C(=O)N[C@H]3CNC(=O)C3)cnc2c1
5747,CCN(CC(=O)Nc1ccc(OC)cc1)C(=O)c1ccc2[nH]c3c(c2c1)CC(C)CC3
7811,CC(C)(C)NS(=O)(=O)c1ccc(CCC(=O)N2CCCCC2)cc1
2638,c1coc(-c2nnc(-c3ccco3)nn2)c1
1990,CCn1nc(-c2ccccc2)c(C(C)=O)c(Nc2ccc(C(=O)O)cc2)c1=O
11349,C(=C/c1ccccc1)\CSc1nnc(-c2ccncc2)n1Cc1ccco1
6160,COc1ccc(Cc2nnc(NS(=O)(=O)Cc3ccccc3)s2)cc1
9702,O=C(NCc1ccco1)C(c1cccs1)N(C(=O)Cc1cccs1)c1ccccc1
9774,CCOc1ccccc1Nc1ncccc1C(=O)N1CCCC1
14627,C=C1C(=O)O[C@H]2CC(=C)[C@H]3CC[C@@](C)(O)[C@@H]3C[C@H]12
14628,C=C1C(=O)O[C@H]2CC(=C)[C@H]3CC[C@@](C)(O)[C@@H]3[C@@H](O)[C@H]12
14666,C=C1C[C@H]2OC(=O)C(=C)[C@H]2C[C@@H]2[C@@H]1CC[C@@]2(C)O
14667,C=C1C[C@H]2OC(=O)C(=C)[C@H]2C[C@@H]2[C@@H]1CC[C@]2(C)O
11435,CN(C)c1ccc(/C=C2\Cc3ccccc3C2=O)c([N+](=O)[O-])c1
11941,CCOC(OCC)c1ccc(/C=C2\Cc3ccccc3C2=O)cc1
12123,Nn1c(SCC(=O)NC2CCCC2)nnc1-c1ccccc1F
9039,CCOC(=O)Nc1sc2c(c1C(=O)OCC)CCC2
5974,O=C(Nc1nccs1)c1cc2sccc2n1Cc1ccc(F)cc1
1813,COc1ccc(/C(C)=N/OCC(=O)N2CC3(C)CC2CC(C)(C)C3)cc1
2965,c1csc(C2=Nn3c(nnc3-c3ccncc3)SC2)c1
2250,COc1cc(C2Nc3cccc4cccc(c34)N2)cc(OC)c1OC(C)=O
2278,COc1cc(OC)cc(-c2nnc(Nc3nc4c(F)cccc4s3)o2)c1
8495,Cc1cccc2cc(C#N)c(NCCNC(=O)NC3CCCCC3)nc12
7495,N#CCSc1nc2c(cc1C#N)CCCC2
10768,Cc1c(C#N)c(SCC(N)=O)nc2c1CCCC2
752,O=C(c1ccncc1)N1CC[C@@H]2[C@@H](CO)Nc3ccc(-c4ccc(F)cc4)cc3[C@@H]21
11130,C[C@@H]1NC(=O)[C@H](Cc2ccc(O)cc2)NC(=O)CSC[C@@H](C(N)=O)NC(=O)CNC(=O)CNC(=O)[C@H](CCCN=C(N)N)NC(=O)[C@H](CC(=O)O)NC(=O)[C@H](CCCCN)NC(=O)[C@@H]2CCCN2C(=O)[C@H](CCCN=C(N)N)NC(=O)[C@H](Cc2ccccc2)NC(=O)[C@H](CCCN=C(N)N)NC1=O
11134,CC(C)C[C@@H]1NC(=O)[C@H](Cc2ccccc2C(F)(F)F)NC(=O)CSC[C@@H](C(N)=O)NC(=O)CNC(=O)CNC(=O)[C@H](CCCN=C(N)N)NC(=O)[C@H](CC(=O)O)NC(=O)[C@H](CCCCN)NC(=O)[C@@H]2CCCN2C(=O)[C@H](CCCN=C(N)N)NC(=O)[C@H](Cc2ccccc2)NC(=O)[C@H](CCCN=C(N)N)NC1=O
11502,CC(C)C[C@@H]1NC(=O)[C@H](Cc2ccc(C#N)cc2)NC(=O)CSC[C@@H](C(N)=O)NC(=O)CNC(=O)CNC(=O)[C@H](CCCN=C(N)N)NC(=O)[C@H](CC(=O)O)NC(=O)[C@H](CCCCN)NC(=O)[C@@H]2CCCN2C(=O)[C@H](CCCN=C(N)N)NC(=O)[C@H](Cc2ccccc2)NC(=O)[C@H](CCCN=C(N)N)NC1=O
11797,CC(C)C[C@@H]1NC(=O)[C@H](Cc2ccc(O)cc2)NC(=O)CSC[C@@H](C(N)=O)NC(=O)CNC(=O)CNC(=O)[C@H](CCCN=C(N)N)NC(=O)[C@H](CC(=O)O)NC(=O)[C@H](CCCCN)NC(=O)[C@@H]2CCCN2C(=O)[C@H](CCN=C(N)N)NC(=O)[C@H](Cc2ccccc2)NC(=O)[C@H](CCCN=C(N)N)NC1=O
11821,CC(C)C[C@@H]1NC(=O)[C@H](Cc2cccc(C#N)c2)NC(=O)CSC[C@@H](C(N)=O)NC(=O)CNC(=O)CNC(=O)[C@H](CCCN=C(N)N)NC(=O)[C@H](CC(=O)O)NC(=O)[C@H](CCCCN)NC(=O)[C@@H]2CCCN2C(=O)[C@H](CCCN=C(N)N)NC(=O)[C@H](Cc2ccccc2)NC(=O)[C@H](CCCN=C(N)N)NC1=O
11965,CC(C)C[C@@H]1NC(=O)[C@H](Cc2ccc(O)cc2)NC(=O)CSC[C@@H](C(N)=O)NC(=O)CNC(=O)CNC(=O)[C@H](CCCN=C(N)N)NC(=O)[C@H](CC(=O)O)NC(=O)[C@H](CCCCN)NC(=O)[C@@H]2CCCN2C(=O)[C@H](CCCN)NC(=O)[C@H](Cc2ccccc2)NC(=O)[C@H](CCCN=C(N)N)NC1=O
13108,CC(C)C[C@@H]1NC(=O)[C@H](Cc2cccc(F)c2)NC(=O)CSC[C@@H](C(N)=O)NC(=O)CNC(=O)CNC(=O)[C@H](CCCN=C(N)N)NC(=O)[C@H](CC(=O)O)NC(=O)[C@H](CCCCN)NC(=O)[C@@H]2CCCN2C(=O)[C@H](CCCN=C(N)N)NC(=O)[C@H](Cc2ccccc2)NC(=O)[C@H](CCCN=C(N)N)NC1=O
13109,CC(C)C[C@@H]1NC(=O)[C@H](Cc2ccc(O)cc2)NC(=O)CSC[C@@H](C(N)=O)NC(=O)CNC(=O)CNC(=O)[C@H](C)NC(=O)[C@H](CC(=O)O)NC(=O)[C@H](CCCCN)NC(=O)[C@@H]2CCCN2C(=O)[C@H](CCCN=C(N)N)NC(=O)[C@H](Cc2ccccc2)NC(=O)[C@H](CCCN=C(N)N)NC1=O
13112,COc1cccc(C[C@@H]2NC(=O)CSC[C@@H](C(N)=O)NC(=O)CNC(=O)CNC(=O)[C@H](CCCN=C(N)N)NC(=O)[C@H](CC(=O)O)NC(=O)[C@H](CCCCN)NC(=O)[C@@H]3CCCN3C(=O)[C@H](CCCN=C(N)N)NC(=O)[C@H](Cc3ccccc3)NC(=O)[C@H](CCCN=C(N)N)NC(=O)[C@H](CC(C)C)NC2=O)c1
13150,CC(C)C[C@@H]1NC(=O)[C@H](Cc2ccc(O)cc2)NC(=O)CSC[C@@H](C(N)=O)NC(=O)CNC(=O)CNC(=O)[C@H](CCCN=C(N)N)NC(=O)[C@H](CC(=O)O)NC(=O)[C@H](CCCCN)NC(=O)[C@@H]2CCCN2C(=O)[C@H](CCCN=C(N)N)NC(=O)[C@H](Cc2ccccc2)NC(=O)[C@H](CCN=C(N)N)NC1=O
13158,COc1ccc(C[C@@H]2NC(=O)[C@H](CCCN=C(N)N)NC(=O)[C@H](CC(C)C)NC(=O)[C@H](Cc3ccc(O)cc3)NC(=O)CSC[C@@H](C(N)=O)NC(=O)CNC(=O)CNC(=O)[C@H](CCCN=C(N)N)NC(=O)[C@H](CC(=O)O)NC(=O)[C@H](CCCCN)NC(=O)[C@@H]3CCCN3C(=O)[C@H](CCCN=C(N)N)NC2=O)cc1
13171,COc1ccc(C[C@@H]2NC(=O)CSC[C@@H](C(N)=O)NC(=O)CNC(=O)CNC(=O)[C@H](CCCN=C(N)N)NC(=O)[C@H](CC(=O)O)NC(=O)[C@H](CCCCN)NC(=O)[C@@H]3CCCN3C(=O)[C@H](CCCN=C(N)N)NC(=O)[C@H](Cc3ccccc3)NC(=O)[C@H](CCCN=C(N)N)NC(=O)[C@H](CC(C)C)NC2=O)cc1
13208,CC(C)C[C@@H]1NC(=O)[C@H](Cc2ccccc2)NC(=O)CSC[C@@H](C(N)=O)NC(=O)CNC(=O)CNC(=O)[C@H](CCCN=C(N)N)NC(=O)[C@H](CC(=O)O)NC(=O)[C@H](CCCCN)NC(=O)[C@@H]2CCCN2C(=O)[C@H](CCCN=C(N)N)NC(=O)[C@H](Cc2ccccc2)NC(=O)[C@H](CCCN=C(N)N)NC1=O
13218,CC(C)C[C@@H]1NC(=O)[C@H](Cc2ccc(O)cc2)NC(=O)CSC[C@@H](C(N)=O)NC(=O)CNC(=O)CNC(=O)[C@H](CCCN=C(N)N)NC(=O)[C@H](CC(=O)O)NC(=O)[C@H](CCCCN)NC(=O)[C@@H]2CCCN2C(=O)[C@H](CCCCN=C(N)N)NC(=O)[C@H](Cc2ccccc2)NC(=O)[C@H](CCCN=C(N)N)NC1=O
13219,CC(C)C[C@@H]1NC(=O)[C@H](Cc2ccc(F)cc2)NC(=O)CSC[C@@H](C(N)=O)NC(=O)CNC(=O)CNC(=O)[C@H](CCCN=C(N)N)NC(=O)[C@H](CC(=O)O)NC(=O)[C@H](CCCCN)NC(=O)[C@@H]2CCCN2C(=O)[C@H](CCCN=C(N)N)NC(=O)[C@H](Cc2ccccc2)NC(=O)[C@H](CCCN=C(N)N)NC1=O
13259,CC(C)C[C@@H]1NC(=O)[C@H](Cc2ccc(O)cc2)NC(=O)CSC[C@@H](C(N)=O)NC(=O)CNC(=O)CNC(=O)[C@H](CCCN=C(N)N)NC(=O)[C@H](CC(=O)O)NC(=O)[C@H](C)NC(=O)[C@@H]2CCCN2C(=O)[C@H](CCCN=C(N)N)NC(=O)[C@H](Cc2ccccc2)NC(=O)[C@H](CCCN=C(N)N)NC1=O
13298,CC(C)C[C@@H]1NC(=O)[C@H](Cc2ccccc2F)NC(=O)CSC[C@@H](C(N)=O)NC(=O)CNC(=O)CNC(=O)[C@H](CCCN=C(N)N)NC(=O)[C@H](CC(=O)O)NC(=O)[C@H](CCCCN)NC(=O)[C@@H]2CCCN2C(=O)[C@H](CCCN=C(N)N)NC(=O)[C@H](Cc2ccccc2)NC(=O)[C@H](CCCN=C(N)N)NC1=O
13344,CC(C)C[C@@H]1NC(=O)[C@H](Cc2ccc(O)cc2)NC(=O)CSC[C@@H](C(N)=O)NC(=O)CNC(=O)CNC(=O)[C@H](CCCN=C(N)N)NC(=O)[C@H](CC(=O)O)NC(=O)[C@H](CCCCN)NC(=O)[C@@H]2CCCN2C(=O)[C@H](CCCN=C(N)N)NC(=O)[C@H](Cc2ccccc2)NC(=O)[C@H](CCCCN)NC1=O
13379,CC(C)C[C@@H]1NC(=O)[C@H](Cc2ccc(O)cc2)NC(=O)CSC[C@@H](C(N)=O)NC(=O)CNC(=O)CNC(=O)[C@H](CCCN=C(N)N)NC(=O)[C@H](CC(=O)O)NC(=O)[C@H](CCCCN)NC(=O)[C@@H]2CCCN2C(=O)[C@H](CCCN=C(N)N)NC(=O)[C@H](Cc2ccc(O)cc2)NC(=O)[C@H](CCCN=C(N)N)NC1=O
13529,CC(C)C[C@@H]1NC(=O)[C@H](Cc2ccc(O)cc2)NC(=O)CSC[C@@H](C(N)=O)NC(=O)CNC(=O)CNC(=O)[C@H](CCCN=C(N)N)NC(=O)[C@H](CC(=O)O)NC(=O)[C@H](CCCCN)NC(=O)[C@@H]2CCCN2C(=O)[C@H](CCCN=C(N)N)NC(=O)[C@H](Cc2cccc(C#N)c2)NC(=O)[C@H](CCCN=C(N)N)NC1=O
13547,CC(C)C[C@@H]1NC(=O)[C@H](Cc2ccc(O)c(F)c2)NC(=O)CSC[C@@H](C(N)=O)NC(=O)CNC(=O)CNC(=O)[C@H](CCCN=C(N)N)NC(=O)[C@H](CC(=O)O)NC(=O)[C@H](CCCCN)NC(=O)[C@@H]2CCCN2C(=O)[C@H](CCCN=C(N)N)NC(=O)[C@H](Cc2ccccc2)NC(=O)[C@H](CCCN=C(N)N)NC1=O
13595,CC(C)C[C@@H]1NC(=O)[C@H](Cc2ccc(O)cc2)NC(=O)CSC[C@@H](C(N)=O)NC(=O)CNC(=O)CNC(=O)[C@H](CCCN=C(N)N)NC(=O)[C@H](CC(=O)O)NC(=O)[C@H](CCCCN)NC(=O)[C@@H]2CCCN2C(=O)[C@H](CCCN=C(N)N)NC(=O)[C@H](Cc2ccccc2C#N)NC(=O)[C@H](CCCN=C(N)N)NC1=O
13597,COc1cccc(C[C@@H]2NC(=O)[C@H](CCCN=C(N)N)NC(=O)[C@H](CC(C)C)NC(=O)[C@H](Cc3ccc(O)cc3)NC(=O)CSC[C@@H](C(N)=O)NC(=O)CNC(=O)CNC(=O)[C@H](CCCN=C(N)N)NC(=O)[C@H](CC(=O)O)NC(=O)[C@H](CCCCN)NC(=O)[C@@H]3CCCN3C(=O)[C@H](CCCN=C(N)N)NC2=O)c1
13615,CC(C)C[C@@H]1NC(=O)[C@H](Cc2ccc(O)cc2)NC(=O)CSC[C@@H](C(N)=O)NC(=O)CNC(=O)CNC(=O)[C@H](CCCN=C(N)N)NC(=O)[C@H](CC(=O)O)NC(=O)[C@H](CCCCN)NC(=O)[C@@H]2CCCN2C(=O)[C@H](CCCN=C(N)N)NC(=O)[C@H](Cc2ccc(C(F)(F)F)cc2)NC(=O)[C@H](CCCN=C(N)N)NC1=O
13673,CC(C)C[C@@H]1NC(=O)[C@H](Cc2ccc(O)cc2)NC(=O)CSC[C@@H](C(N)=O)NC(=O)CNC(=O)CNC(=O)[C@H](CCCN=C(N)N)NC(=O)[C@H](CC(=O)O)NC(=O)[C@H](CCCCN)NC(=O)[C@@H]2CCCN2C(=O)[C@H](CCCN=C(N)N)NC(=O)[C@H](Cc2cccc(C(F)(F)F)c2)NC(=O)[C@H](CCCN=C(N)N)NC1=O
13683,CC(C)C[C@@H]1NC(=O)[C@H](Cc2ccc(O)cc2)NC(=O)CSC[C@@H](C(N)=O)NC(=O)CNC(=O)CNC(=O)[C@H](CCCN=C(N)N)NC(=O)[C@H](CC(=O)O)NC(=O)[C@H](CCCCN)NC(=O)[C@@H]2CCCN2C(=O)[C@H](CCCN=C(N)N)NC(=O)[C@H](Cc2ccc(C#N)cc2)NC(=O)[C@H](CCCN=C(N)N)NC1=O
13723,Cc1cccc(C[C@@H]2NC(=O)[C@H](CCCN=C(N)N)NC(=O)[C@H](CC(C)C)NC(=O)[C@H](Cc3ccc(O)cc3)NC(=O)CSC[C@@H](C(N)=O)NC(=O)CNC(=O)CNC(=O)[C@H](CCCN=C(N)N)NC(=O)[C@H](CC(=O)O)NC(=O)[C@H](CCCCN)NC(=O)[C@@H]3CCCN3C(=O)[C@H](CCCN=C(N)N)NC2=O)c1
13724,CC(C)C[C@@H]1NC(=O)[C@H](Cc2ccc(O)cc2)NC(=O)CSC[C@@H](C(N)=O)NC(=O)CNC(=O)CNC(=O)[C@H](CCCN=C(N)N)NC(=O)[C@H](CC(=O)O)NC(=O)[C@H](CCCCN)NC(=O)[C@@H]2CCCN2C(=O)[C@H](CCCN=C(N)N)NC(=O)[C@H](Cc2ccccc2)NC(=O)[C@H](CCCCN=C(N)N)NC1=O
13758,CC(C)C[C@@H]1NC(=O)[C@H](Cc2ccc(O)cc2)NC(=O)CSC[C@@H](C(N)=O)NC(=O)CNC(=O)CNC(=O)[C@H](CCCN=C(N)N)NC(=O)[C@H](CC(=O)O)NC(=O)[C@H](CCCCN)NC(=O)[C@@H]2CCCN2C(=O)[C@H](CCCN=C(N)N)NC(=O)[C@H](Cc2cccc(F)c2)NC(=O)[C@H](CCCN=C(N)N)NC1=O
13760,CC(C)C[C@@H]1NC(=O)[C@H](Cc2ccc(O)cc2)NC(=O)CSC[C@@H](C(N)=O)NC(=O)CNC(=O)CNC(=O)[C@H](CCCN=C(N)N)NC(=O)[C@H](CC(=O)O)NC(=O)[C@H](CCCCN)NC(=O)[C@@H]2CCCN2C(=O)[C@H](CCCCN)NC(=O)[C@H](Cc2ccccc2)NC(=O)[C@H](CCCN=C(N)N)NC1=O
13768,CC(C)C[C@@H]1NC(=O)[C@H](Cc2ccc(O)cc2)NC(=O)CSC[C@@H](C(N)=O)NC(=O)CNC(=O)CNC(=O)[C@H](CCCN=C(N)N)NC(=O)[C@H](CC(=O)O)NC(=O)[C@H](CCCCN)NC(=O)[C@@H]2CCCN2C(=O)[C@H](CCCN=C(N)N)NC(=O)[C@H](Cc2ccccc2)NC(=O)[C@H](CCCN=C(N)N)NC1=O
13779,COc1ccccc1C[C@@H]1NC(=O)[C@H](CCCN=C(N)N)NC(=O)[C@H](CC(C)C)NC(=O)[C@H](Cc2ccc(O)cc2)NC(=O)CSC[C@@H](C(N)=O)NC(=O)CNC(=O)CNC(=O)[C@H](CCCN=C(N)N)NC(=O)[C@H](CC(=O)O)NC(=O)[C@H](CCCCN)NC(=O)[C@@H]2CCCN2C(=O)[C@H](CCCN=C(N)N)NC1=O
13800,Cc1ccc(C[C@@H]2NC(=O)[C@H](CCCN=C(N)N)NC(=O)[C@H](CC(C)C)NC(=O)[C@H](Cc3ccc(O)cc3)NC(=O)CSC[C@@H](C(N)=O)NC(=O)CNC(=O)CNC(=O)[C@H](CCCN=C(N)N)NC(=O)[C@H](CC(=O)O)NC(=O)[C@H](CCCCN)NC(=O)[C@@H]3CCCN3C(=O)[C@H](CCCN=C(N)N)NC2=O)cc1
13812,CC(C)C[C@@H]1NC(=O)[C@H](Cc2ccc(O)cc2)NC(=O)CSC[C@@H](C(N)=O)NC(=O)CNC(=O)CNC(=O)[C@H](CCCN=C(N)N)NC(=O)[C@H](CC(=O)O)NC(=O)[C@H](CCCCN)NC(=O)[C@@H]2CCCN2C(=O)[C@H](CCCN=C(N)N)NC(=O)[C@H](Cc2ccccc2F)NC(=O)[C@H](CCCN=C(N)N)NC1=O
13825,CC(C)C[C@@H]1NC(=O)[C@H](Cc2ccc(O)cc2)NC(=O)CSC[C@@H](C(N)=O)NC(=O)CNC(=O)CNC(=O)[C@H](CCCN=C(N)N)NC(=O)[C@H](C)NC(=O)[C@H](CCCCN)NC(=O)[C@@H]2CCCN2C(=O)[C@H](CCCN=C(N)N)NC(=O)[C@H](Cc2ccccc2)NC(=O)[C@H](CCCN=C(N)N)NC1=O
13845,CC(C)C[C@@H]1NC(=O)[C@H](Cc2ccc(O)cc2)NC(=O)CSC[C@@H](C(N)=O)NC(=O)CNC(=O)CNC(=O)[C@H](CCCN=C(N)N)NC(=O)[C@H](CC(=O)O)NC(=O)[C@H](CCCCN)NC(=O)[C@@H]2CCCN2C(=O)[C@H](CCCN=C(N)N)NC(=O)[C@H](Cc2ccc(F)cc2)NC(=O)[C@H](CCCN=C(N)N)NC1=O
13856,Cc1ccccc1C[C@@H]1NC(=O)[C@H](CCCN=C(N)N)NC(=O)[C@H](CC(C)C)NC(=O)[C@H](Cc2ccc(O)cc2)NC(=O)CSC[C@@H](C(N)=O)NC(=O)CNC(=O)CNC(=O)[C@H](CCCN=C(N)N)NC(=O)[C@H](CC(=O)O)NC(=O)[C@H](CCCCN)NC(=O)[C@@H]2CCCN2C(=O)[C@H](CCCN=C(N)N)NC1=O
13860,CC(C)C[C@@H]1NC(=O)[C@H](Cc2ccc(O)cc2)NC(=O)CSC[C@@H](C(N)=O)NC(=O)CNC(=O)CNC(=O)[C@H](CCCN=C(N)N)NC(=O)[C@H](CC(=O)O)NC(=O)[C@H](CCCCN)NC(=O)[C@@H]2CCCN2C(=O)[C@H](CCCN=C(N)N)NC(=O)[C@H](Cc2ccccc2C(F)(F)F)NC(=O)[C@H](CCCN=C(N)N)NC1=O
9962,O=C(CSc1nnnn1C1CCCC1)NCc1ccc2c(c1)OCO2
7229,O=C(C1CCN(S(=O)(=O)c2ccc(-n3cnnn3)cc2)CC1)N1CCN(c2ccccc2)CC1
7136,O=C(Cn1ccsc1=NC(=O)c1ccco1)c1ccccc1
530,O=C1CCCCc2sc(Br)c([N+](=O)[O-])c2N1
12437,O=C(NCCc1ccc2c(c1)OCCO2)c1cc2ccccc2o1
2226,Cc1cc(C(=O)Nc2ccc(Cl)cc2)c(C)n1-c1ccccc1
3486,Cn1cc([N+](=O)[O-])c(C(=O)Nc2ccc(C3CCCCC3)cc2)n1
83,CCC(C)(CC(=O)N(C)CCC#N)c1ccccc1
84,CSC(=O)CC(=O)NC(=O)c1ccccc1
184,COc1cc(N(C)C)c(NC(C)=O)cc1C(=O)O
207,COc1c(C)cc(Br)cc1C(=O)O
213,CN(c1ccc(C(=O)NCCSC(C)(C)C)cc1)S(C)(=O)=O
214,CCNS(=O)(=O)c1ccc(OC)c(C)c1
228,COC(=O)CCS(=O)(=O)c1ccc(Cl)c(Cl)c1
238,Cc1ccc(C(C)C)c(OCCNS(C)(=O)=O)c1
241,CN(C)C(=O)NCc1ccc(S(N)(=O)=O)cc1
302,CCN(CC)S(=O)(=O)c1cc(F)ccc1OC
309,CCCCOCCCNC(=O)CCCOc1ccccc1
315,CCCCOC(=O)Nc1ccc(C)c(Cl)c1
323,CCOC(=O)C(Cc1ccccc1)NC(C)=O
367,CCCNC(=S)Nc1ccc(Br)cc1
374,CCCCNC(=S)Nc1ccccc1F
376,NC(=O)/C=C\C(=O)Nc1cccc(C(F)(F)F)c1
483,O=C(O)CCC(=O)Nc1ccc(Br)c(Cl)c1
506,CN(C)S(=O)(=O)c1ccc(NC=O)cc1
528,CC(C)OCCCNC(=O)CNC(=O)c1ccc(Cl)c(Cl)c1
618,CC(C)C[C@@H](C=O)NC(=O)[C@H](CC(C)C)NC(=O)[C@H](CC(C)C)NC(=O)OCc1ccccc1
619,N#CC(C#N)=NNc1cccc(Cl)c1
625,CC(C)(C)c1cc(/C=C(\C#N)C(N)=S)cc(C(C)(C)C)c1O
665,C=C(CN(C)C)C(=O)c1ccc(C)cc1C
666,C=C(CN(C)C)C(=O)c1cc(C)ccc1C
667,C=C(CN(C)C)C(=O)c1cc(OC)c(OC)cc1OC
674,CC(C)C(Cl)=NOC(=O)Nc1ccc(S(N)(=O)=O)cc1
1055,CCN(CC)Cc1cc(O)c(CN(CC)CC)cc1O
1408,Cc1cccc(OCCCC(=O)O)c1
1453,CC(NC(=O)COc1cccc(Br)c1)C(=O)O
1499,COCCCNC(CC(=O)Nc1ccccc1C(=O)OC)C(=O)O
1521,C=CCN(CC=C)C(=O)Nc1cc(Cl)ccc1OC
1530,COc1ccc(Br)cc1C(=O)O
1581,COc1ccc(C(=O)NCC(C)C)c(OC)c1
1692,C=CCNC(=S)NNC(=O)c1ccc(OCC)cc1
1732,Cc1ccc(/C=C/C(=O)O)cc1S(=O)(=O)NCCO
1831,C=CCNC(=S)NNC(=O)c1ccc(Br)cc1
1839,CCCCOc1ccc(/C=C/C(=O)OCC(=O)NC(=O)NCC(C)C)cc1OCC
1909,Cc1ccc(N)cc1S(=O)(=O)N(C)C
1928,CC(=O)Nc1ccc(OCCF)cc1
1943,NC(=O)NOCc1ccccc1
1952,CCN(CC)CCNS(=O)(=O)c1ccc(/C=C/C(=O)O)cc1
2002,NNCCc1ccccc1
2003,COc1ccc(C(O)CN(C)N)cc1
2004,CCC[C@@H]([C@H](O)c1ccccc1)N(C)N
2005,COc1cccc(CCN(C)N)c1
2006,COc1ccc(C(O)CN(C)N)c(OC)c1OC
2007,COc1ccc(C(CN(C)N)OC)cc1
2009,CN(N)CCc1ccc(F)cc1
2010,COc1cccc(C(O)CNN)c1
2011,CCN(N)CCc1ccccc1
2013,COc1ccc(CCN(C)N)cc1OC
2014,COc1ccc(CCN(C)N)c(OC)c1OC
2015,COc1cccc(C(O)CN(C)N)c1
2016,COC(CN(C)N)c1cccc(Cl)c1
2018,C[C@@H]([C@H](O)c1ccccc1)N(C)N
2019,CN(N)CCc1ccccc1F
2020,CN(N)CCc1cccc(Cl)c1
2021,COc1ccc(CCN(C)N)cc1
2023,CC(C)CN(N)CC(O)c1ccccc1
2024,CN(N)C(C)(C)C(O)c1ccccc1
2025,CC(CN(C)N)c1ccccc1
2026,CN(N)CCCc1ccccc1
2027,COc1cc(CCN(C)N)cc(OC)c1OC
2028,CN(N)CC(O)c1ccccc1
2029,CN(N)Cc1ccccc1
2030,COc1ccc(C(C)(O)CN(C)N)cc1
2031,COc1ccccc1CCN(C)N
2032,NNCC(O)c1ccccc1
2034,CN(N)CC(O)c1ccc(F)cc1
2035,COc1cccc(C(CN(C)N)OC)c1
2036,COC(CN(C)N)c1ccc(F)cc1
2037,CC(CNN)c1ccccc1
2038,CN(N)CCc1ccccc1
2039,CC(C)CN(N)CCc1ccccc1
2040,CN(N)CC(O)c1ccccc1Cl
2041,CN(N)CC(O)c1ccc(Cl)cc1
2042,CN(N)CCc1ccc(Cl)cc1
2043,COC(CN(C)N)c1ccc(Cl)cc1
2044,COC(CN(C)N)c1cccc(C)c1
2045,COc1ccc(C(CN(C)N)OC)c(OC)c1OC
2046,COC(CN(C)N)c1cccc(F)c1
2047,CN(N)CCc1ccccc1Cl
2048,COc1ccc(CCN(N)CC(C)C)cc1
2049,CCN(N)CCc1ccc(OC)cc1
2050,COc1ccc(C(O)CNN)cc1
2051,CC[C@@H]([C@H](O)c1ccccc1)N(C)N
2052,COc1ccc(OC)c(CCN(C)N)c1
2055,CC(C)(C)c1cc(C=C(C#N)C#N)cc(C(C)(C)C)c1O
2077,CCCCCCCCCc1ccc(OCCOCCOCCOCCOCCOCCOCCOCCOCCO)cc1
2085,CCC(C)NC(=O)N[C@@H](Cc1ccccc1)C(=O)O
2228,CSC(SC)=C(C#N)C(=O)c1ccccc1
2392,CCc1ccc(/C=C(/C#N)C(N)=S)cc1
2449,NNC(=O)c1cc(O)c(O)c(O)c1
2529,N#CC(C#N)=NNc1ccc(S(N)(=O)=O)cc1
2601,CCCCC/C=C\C/C=C\C/C=C\C/C=C\CCCC(=O)Nc1ccc(O)cc1
2744,C=CCN=C(NC#N)SCC(=O)c1cccc(OC)c1
2864,COC(=O)/C=C/S(=O)(=O)c1ccc(NC(C)=O)cc1
2971,Cc1ccc(N/N=C(\C#N)C(N)=S)cc1C
2988,CCC(=O)c1ccc(O)c(CC=C(C)C)c1
3205,CCCCCCCN(C(=O)CCl)c1cccc(C)c1
3237,COC(=O)/C=C\C(=O)Nc1cccc([N+](=O)[O-])c1
3248,CCOC(=O)/C=C/C(=O)Nc1cccc([N+](=O)[O-])c1
3336,CCc1cc(SC#N)cc(C)c1NC(=O)CCl
3359,CCOC(=O)c1cc([N+](=O)[O-])c([N+](=O)[O-])cc1NC(C)=O
3361,CC(C)=NOc1cc(NC(=O)CCl)cc([N+](=O)[O-])c1
3368,CC(C)CN=C(NS(=O)(=O)c1ccccc1)C(Cl)(Cl)Cl
3369,CC(C)N=C(NS(=O)(=O)c1ccccc1)C(Cl)(Cl)Cl
3370,COc1ccc(NC(=S)SC)cc1OC
3453,CCCN(CCC)S(=O)(=O)c1ccc(Cl)c([N+](=O)[O-])c1
3496,CC(=O)Oc1ccc(OC(C)=O)c(SCCCCCCl)c1
3581,CCCCCCCCCCCC(=O)c1c(O)cccc1O
3621,CN(Cc1ccc(Cl)cc1)C(=O)CCl
3661,CC(=O)c1c(O)cc(O)c(C(C)=O)c1O
3679,CCCCCCN(C(=O)CCl)c1ccccc1
3685,N/C(=C\C(=O)c1cc(Cl)ccc1O)C(Cl)(Cl)Cl
3716,CCOC(=O)C(=Cc1ccc(Br)cc1)C(=O)OCC
3770,N#CC(C#N)=NNc1ccc([N+](=O)[O-])cc1
3775,COc1cccc(C(=O)C(C#N)=C(SC)SC)c1
3782,N#C/C(=N\Nc1ccc(Cl)cc1)C(N)=S
3788,N#C/C(=N/Nc1ccc(OC(F)(F)F)cc1)C(N)=S
3935,COC(C/C=C/C(=O)[C@H](C)OCc1ccccc1)OC
4317,CCCCCCCC/C=C\CCCCCCCC(=O)NCCc1ccc(O)c(O)c1
4322,CC(=O)N(CC(C)C(=O)O)c1c(I)cc(I)c(N)c1I
4330,O=[N+]([O-])c1ccc(Cl)c([N+](=O)[O-])c1
4531,CC(C)CC(=O)NC(=S)NNC(=O)c1ccc([N+](=O)[O-])cc1
4669,CCN(CC)CCCOc1ccc(Cl)c(Cl)c1
4700,CCCCCCCCNC(=O)c1ccc(C)cc1
4715,CCCCC(=O)NNC(=S)NC(=O)c1ccc(C)cc1
4722,COc1ccc(C(=O)CSC#N)cc1OC
4728,CCCCC(=O)NC(=S)NNC(=O)CCc1ccccc1
4732,Cc1ccc(OCC(=O)NNC(=S)NC(=O)C(C)(C)C)c(Br)c1
4738,CCCCC(=O)NC(=S)Nc1cccc(C(=O)O)c1
4754,CN(C)c1ccc(/C=N/N=C(N)N)cc1[N+](=O)[O-]
4770,COc1ccc(Cl)cc1/C=C(\C#N)C(N)=O
4784,CCCCCC(=O)NNC(=S)NC(=O)c1ccc([N+](=O)[O-])cc1
4816,N#C/C(=C/c1ccc(F)cc1)C(N)=S
4835,NC(N)=N/N=C/c1ccc(Cl)c([N+](=O)[O-])c1
4846,CC(C)CC(=O)NC(=S)NNC(=O)c1cccc([N+](=O)[O-])c1
4865,CC(=O)NCc1ccc(C(=O)CCl)cc1
4900,CCN(CC)C(=O)CSC(Nc1cccc(F)c1)=C(C#N)C#N
4902,CCN(CC)C(=O)CSC(Nc1ccc(F)cc1)=C(C#N)C#N
4916,COC(=O)C(=Cc1ccccc1[N+](=O)[O-])C(=O)OC
4966,CCOC(=O)NC(=O)/C(C#N)=C/c1ccc(N(C)C)cc1
4967,Cc1cc(CSC(=N)N)c(CSC(=N)N)cc1C
4976,C/C(=N\O)C(C)(C)Nc1ccc(Br)cc1
4977,C/C(=N\O)C(C)(C)Nc1ccc(Cl)cc1
4981,NC(N)=N/N=C/c1ccc(Cl)c(Cl)c1
4995,CC(C)(C)c1cc(O)c(C(C)(C)C)cc1O
5272,NC(=S)N=Nc1ccc(NN=C(N)N)cc1
5344,CCC(C)C(NC(=O)c1ccc(Cl)cc1)C(=O)O
5370,CCC(COC(=O)Nc1cccc(C)c1)NC(=O)OCC(C)C
5377,CCCc1ccc(OCCNC(=O)CC)cc1
5440,CCCCCCCCOC(=O)c1ccc(N)cc1
5491,CSC(=NNC(=O)c1ccccc1O)SC
5498,CCNC(=S)NNC(=O)Cc1ccccc1
5660,CC(=O)NS(=O)(=O)c1ccc(N)cc1
5664,O=C(O)Cc1ccc(O)c(F)c1
6163,CCCCCOc1ccc(C(=O)NC(C(=O)O)C(C)C)cc1
6350,CCCCCOc1ccc(NS(C)(=O)=O)cc1
6427,COc1cc(C(=O)NCCCCCC(=O)O)cc(OC)c1OC
6877,CC(C)COC(=O)N(C)c1ccc(C(O)(C(F)(F)F)C(F)(F)F)cc1
7001,COc1cccc(OCC(O)CO)c1
7157,COc1ccc(C(=O)NCC(C)CN(C)C)cc1
7339,Cc1cccc(NC(=O)CC(C)(C)C)c1
7457,CCOC(=O)C(NC(C)=O)C(OC(C)=O)c1cccc(N(CCO)CCO)c1
7536,CC(=O)NC(CC(C)C)C(=O)NC(Cc1ccccc1)C(N)=O
7588,CS(=O)(=O)N(CCC(=O)O)Cc1ccccc1
7592,C=COCCNC(=O)Nc1ccc(Cl)c(Cl)c1
7617,COCCCNC(=O)c1cc(OC)c(OC)c(OC)c1
7688,CCCc1ccccc1OCCNC(C)=O
7847,COCCNC(=O)CN(c1cc(Cl)ccc1OC)S(C)(=O)=O
7887,COC(=O)CCC(=O)Nc1ccc(Cl)c(Cl)c1
7977,O=C(O)CSCC(=O)Nc1cc(C(F)(F)F)ccc1Cl
7991,COC(=O)CCC(=O)Nc1cccc(Cl)c1
8001,COC(=O)NCC(C)OC(=O)Nc1cccc(Cl)c1
8031,C=CCC(C#Cc1ccccc1)N(C)C
8180,CC(=O)c1cccc(NC(=O)NCCS(C)=O)c1
8263,N#CCCNc1ccc(OCCC#N)cc1
8346,COC(=O)CN(c1cccc(OC)c1)S(C)(=O)=O
8497,CNC(=O)CC(C(=O)O)c1ccc(OCC(C)C)cc1
8582,CCCCC(CC)C(=O)NCc1ccccc1OC
8667,O=C(O)CSCCCC(=O)Nc1ccc(Br)cc1
8698,Cc1cccc(C)c1NC(=O)CSCCO
8737,CCC(C)NC(=O)CN(c1cc(C)ccc1OC)S(C)(=O)=O
9074,O=C(O)CSCC(=O)NCc1ccccc1
9124,CC(C)NC(=O)CN(c1cccc(Br)c1)S(C)(=O)=O
9169,CN(CCC#N)CC(=O)Nc1ccc(NC(=O)CN(C)CCC#N)cc1
9572,CC(C)(C)S(=O)(=O)c1ccccc1C(=O)O
9825,CC(C)(C#N)Nc1ccccc1
9931,CCOC(=O)C(NCCCO)c1ccccc1
10088,C/C(=N\O)C(C)(C)NC(=O)Nc1ccc(Cl)cc1
10409,CCOCCN(C=O)c1cccc(OC)c1
10555,C=CCNC(NC(=O)c1ccccc1)(C(=O)OCC)C(F)(F)F
10593,CSCCC(NC(N)=O)C(=O)NCc1ccccc1Cl
10612,CC(=O)NC(Cc1ccccc1)C(=O)O
10693,N#CCCN(CCC#N)C(=O)c1ccc(Cl)cc1
10718,CCOC(=O)C(C(=O)OCC)C(=O)c1cc(OC)c(OC)c(OC)c1
10741,COc1ccc(C(NC(=O)C(C)(C)C)NC(=O)C(C)(C)C)cc1
10815,CCOc1cc(C(=O)NC)cc(OCC)c1OCC
10878,Cc1cc(Cl)ccc1OCC(=O)OC(C)C(=O)NC(N)=O
10929,CCS(=O)(=O)/N=C(\N)c1ccccc1
10948,CCOC(=O)Nc1cc(C(=O)OC)cc(C(=O)OC)c1
10962,Cc1ccc(C)c(S(=O)(=O)NC(CCC(N)=O)C(=O)O)c1
10991,CC(C)(C)NC(=O)NC(=O)COC(=O)CNC(=O)c1cccc(F)c1
11058,CC(Oc1cc(C(F)(F)F)cc(C(F)(F)F)c1)C(=O)NC(N)=O
11072,CCCCN(C(=O)NC(=O)Nc1cc(C)ccc1C)S(C)(=O)=O
11087,CCNC(=O)COc1ccc(Br)cc1Cl
11110,CCOC(=O)CCCOC(=O)c1ccc(S(=O)(=O)N(C)C)cc1
11179,CC(C)(C)OC(=O)NNS(=O)(=O)c1cccc([N+](=O)[O-])c1
11278,CC(=O)NC(=S)NNC(=O)c1ccc(Br)cc1
11337,CCNC(=S)NS(=O)(=O)c1ccc(Cl)cc1
11360,CCCCC#Cc1ccc(NCCOC)c(C(N)=O)c1
11461,CCC(=O)NC(=S)NNC(=O)c1ccc(O)cc1
11514,CCCOc1ccc(C(=O)NNC(=S)NC(=O)CC)cc1
11517,Nc1ccc(O)c(C(=O)O)c1
11525,CCCCC#Cc1ccc(NCCOCC)c(C(N)=O)c1
11550,CCCCC#Cc1ccc(NCCO)c(C(N)=O)c1
11587,CC(=O)Oc1ccccc1C(=O)O
11731,CC(C)Cc1ccc(C(C)C(=O)O)cc1
11762,CCCCCc1cccc(OC)c1O
11793,CCCCC#Cc1ccc(NCCCOCC)c(C(N)=O)c1
11874,CCCCC#Cc1ccc(NCCCO)c(C(N)=O)c1
11969,CCCCC#Cc1ccc(NCCCOC)c(C(N)=O)c1
11979,CCCCC#Cc1ccc(NCCNC(C)=O)c(C(N)=O)c1
12007,O=C(CCCCCCC(=O)Nc1ccccc1)NO
12033,CCCN(CCO)CCCc1ccccc1
12037,CCCCS(=O)Cc1ccccc1
12051,Cc1cc(Cl)cc(Br)c1OCCNCC(C)O
12060,CCCCc1ccc(NC(=O)N[C@H](C(=O)O)C(C)CC)cc1
12085,COc1ccc(C(CC(=O)O)NC(C)=O)cc1OC
12091,COC(=O)CCC(=O)Nc1ccc(Br)cc1
12150,CC(=O)Nc1cc(S(=O)(=O)C(F)(F)F)ccc1Cl
12153,CCCCC(=O)Nc1c(C)cc(C)cc1Cl
12160,CCc1ccccc1N(CC(=O)O)S(C)(=O)=O
12180,N#CCCN(CC(=O)O)S(=O)(=O)c1ccccc1
12196,COc1ccc(/C(C)=C(\C#N)C(=O)OC(C)C)cc1OC
12254,CCCC/C(C)=N\NC(=O)CNS(=O)(=O)c1ccc([N+](=O)[O-])cc1
12255,CCCC/C(C)=N/NC(=O)Nc1ccccc1
12264,COC(=O)Nc1c(C(=O)OC)cc(OC)c(OC)c1OC
12324,COCCCNC(=O)COc1cc(C)c(Cl)c(C)c1
12334,COc1ccccc1NC(=O)C(CC=C(Cl)Cl)C(C)=O
12368,COC(=O)C(NC=O)C(O)(Cc1ccccc1)C(F)(F)F
12410,Cc1ccccc1NC(=S)NC(NC(=O)C(C)(C)C)C(Cl)(Cl)Cl
12417,C=CCNC(=S)NNC(=O)c1ccccc1
12556,COC(=O)c1cc(OC)c(OC)cc1N
12593,CNP(=S)(NC)OCCOc1ccc(OC)cc1
12622,CCCCNC(=O)CC(=O)Nc1ccccc1C(=O)O
12675,CCOC(=O)c1ccc(NS(=O)(=O)CC)cc1
12676,NC(=O)CSCc1cccc(Br)c1
12683,O=C(O)CCC(=O)Nc1ccc(F)cc1
12710,CCN(CC(=O)NC(C)C)C(=O)C(CCSC)NC(=O)c1cccc(C)c1
12747,CCCCNC(=O)CCCCCNS(=O)(=O)c1ccc(OC)cc1
12761,CS(=O)(=O)NCCSCc1c(Cl)cccc1Cl
12768,OCCNCCCCOc1ccccc1F
12820,CCCOC(=O)NC(CC)COC(=O)Nc1cccc(C)c1C
12825,COCCCNC(NC(=O)c1ccc(Cl)cc1)C(Cl)(Cl)Cl
12880,CCOc1ccc(C(N)=O)cc1OC
12944,CCCN(CCC)C(=O)c1ccccc1C(=O)N(CCC)CCC
12961,Cc1ccc(CSCCNS(C)(=O)=O)cc1
12972,Cc1ccccc1N(CC(N)=O)S(C)(=O)=O
13017,CCCCCc1cc(O)cc(OC)c1O
13286,CCSCc1ccccc1OC(=O)NC
13355,CCCCCCCCCCCCCc1c(O)c(O)cc(OC)c1O
13364,CCCCCCCCCCCc1cc(O)cc(OC)c1O
13377,CCCCCCCCCCCCCc1c(O)c(OC)cc(O)c1OC
13403,CCCCCCCCCCCCc1c(O)c(O)cc(OC)c1OC
13422,C/C(O)=C(\C#N)C(=O)Nc1ccc(C(F)(F)F)cc1
13563,CCCCCCCCCCCCCCCc1cc(O)cc(OC)c1O
13642,CCCCCCCCCCCc1c(O)c(O)cc(OC)c1OC
13775,CCCCCCCCCCCCCc1c(O)c(O)cc(OC)c1OC
14558,C/C=C(/C=O)[C@@H](CC=O)CC(=O)OCCc1ccc(O)cc1
14683,C=CCc1cc(OC)c(OC)c(OC)c1
14871,CCCCC/C=C/C(=O)CCc1ccc(O)c(OC)c1
14886,CCCCCCCCC[C@H](O)CC(=O)CCc1ccc(O)c(OC)c1
14887,CCCCCCC[C@H](O)CC(=O)CCc1ccc(O)c(OC)c1
14893,CCOC(=O)/C=C/c1ccc(O)c(O)c1
14917,COC(=O)CC/C(C)=C/CC/C(C)=C/Cc1cc(O)c(C)cc1O
15005,COc1cc(/C=C\CO)ccc1O
15144,NC(=O)NCCc1ccccc1
15145,NCCc1ccc(O)c(O)c1
15164,O=C(O)/C=C/c1ccc(O)c(O)c1
15168,O=C(O)c1ccc(O)c(O)c1
15173,O=C/C=C/c1ccccc1
6383,Cc1ccc(C(C(=O)NC2CCCC2)N(C(=O)c2csnn2)C2CCCC2)o1
10532,CC1(C)Cc2ccccc2-c2nc(CN3CCOCC3)[nH]c(=O)c21
10199,Cc1cc2oc(C(=O)N(Cc3ccco3)C3CCS(=O)(=O)C3)cc(=O)c2cc1Cl
4107,COc1ccc(-c2csc(NC(=O)CSc3nc4ccccc4c(=O)[nH]3)n2)cc1
11632,CN(C)CCCn1c(SCC(=O)Nc2nc(-c3cccc(Br)c3)cs2)nc2ccccc2c1=O
7717,CCn1c(CNc2ccccc2Cl)nnc1SCC(=O)NCc1ccccc1
8459,CCn1c(CNc2ccc(Cl)cc2)nnc1SCC(=O)NCc1ccccc1
7725,COCCn1nnnc1C(c1cc2cc(C)cc(C)c2[nH]c1=O)N1CCN(c2ccccc2F)CC1
8033,COCCn1nnnc1C(c1cc2cccc(C)c2[nH]c1=O)N1CCN(c2ccccc2F)CC1
8304,CCc1ccc2[nH]c(=O)c(C(c3nnnn3CCOC)N3CCN(c4ccc(F)cc4)CC3)cc2c1
9644,CCc1ccc2[nH]c(=O)c(C(c3nnnn3CCOC)N3CCN(c4ccccc4)CC3)cc2c1
11312,Cc1cc(C(=O)Nc2nnc(-c3ccccc3)s2)no1
8624,O=C(c1cc2ccccc2oc1=O)N(Cc1ccco1)CC1CCCO1
4526,CCC1(C(=O)c2ccccc2)C(c2ccc([N+](=O)[O-])cc2)C1(C(=O)OC)C(=O)OC
386,CC[C@H]1OC(=O)[C@H](C)[C@@H](O[C@@H]2C[C@](C)(OC)[C@@](O)(CN(C)Cc3ccc(-c4cn(CCCCCC(=O)NO)nn4)cc3)[C@@H](C)O2)[C@@H](C)[C@@H](O[C@H]2O[C@@H](C)C[C@@H](N(C)C)[C@@H]2O)[C@](C)(OC)C[C@@H](C)C(=O)[C@H](C)[C@H](O)[C@]1(C)O
2476,Cn1cc(Cl)c(C(=O)Nc2nc3ccc([N+](=O)[O-])cc3s2)n1
1291,c1ccc2oc(Oc3ccc(OCCCN4CCCCC4)cc3)nc2c1
10491,CCOC(=O)C1C(=O)NC(N2CCN(Cc3ccccc3)CC2)=NC1c1ccco1
1899,Cn1c(CCNC(=O)C2CCCCC2)nc2cc(NC(=O)c3cccs3)ccc21
7667,CCc1ccc2[nH]c(=O)c(CN(Cc3ccco3)S(=O)(=O)c3ccc4c(c3)OCCO4)cc2c1
7751,Cc1ccc(C)c2[nH]c(=O)c(CN(Cc3ccco3)S(=O)(=O)c3ccc4c(c3)OCCO4)cc12
9879,Cc1cccc2cc(CN(Cc3ccco3)S(=O)(=O)c3ccc4c(c3)OCCO4)c(=O)[nH]c12
12881,COC(=O)c1[nH]c2ccccc2c1NC(=O)CN1CCC(C(N)=O)(N2CCCCC2)CC1
9011,O=S1(=O)N=C(N2CCN(Cc3ccccc3)CC2)c2ccccc21
7567,COC(=O)c1cccc(COC(=O)CNC(=O)c2ccco2)c1
9791,OCCN1C2CCC1CC(O)(c1ccc(F)cc1)C2
5144,Cc1ccc(CNC(=O)c2ccc(Cl)c(S(N)(=O)=O)c2)n1C
2218,COc1ccc(C(=O)Nc2ccccc2C(=O)N/N=C/c2ccncc2)cc1OC
13836,COc1ccc2cc(C(=O)Nc3nccs3)cnc2c1
12219,Cc1ccc(C(=O)O/N=C\c2ccc(N3CCCCC3)c([N+](=O)[O-])c2)cc1
692,NC(c1ccccc1)c1csc(NC(=O)Nc2cccc(C(F)(F)F)c2)n1
12581,COCCCNC(=O)Cn1nnc(-c2ccc(NC(=O)c3ccccc3F)cc2)n1
3507,COc1ccccc1-c1cc(C(F)(F)F)nc(S(=O)(=O)CCCC(=O)NCc2ccc(F)cc2)n1
1334,CC(C)C(c1nnnn1Cc1ccccc1)N1CCC(C(N)=O)CC1
7184,O=C(O)CN1C(=O)CC(Cc2ccc(Cl)cc2)C1=O
7195,O=C(O)CN1C(=O)CC(Cc2ccccc2)C1=O
7393,CC(C)Oc1ccc(CC2CC(=O)NC2=O)cc1
4252,N#CC1(NC(=O)Cn2ncc(Cl)c(Cl)c2=O)CCCCC1
7379,CCCCNC(=O)C1CCCN(S(=O)(=O)c2ccc(-n3cnnn3)cc2)C1
8696,CCC(C)NC(=O)C1CCCN(S(=O)(=O)c2ccc(-n3cnnn3)cc2)C1
8893,CC(C)CNC(=O)C1CCCN(S(=O)(=O)c2ccc(-n3cnnn3)cc2)C1
2216,Brc1ccc(N=Nc2ccc3ccccc3n2)cc1
366,COC(=O)c1c(-c2ccccc2)csc1NC(=O)CSc1ncnc2sc(C)c(C)c12
1793,CC(=O)Nc1ccccc1Sc1ccc2c3c(cccc13)C(=O)N(c1ccc(C)cc1)C2=O
10033,COCCn1c(C)nc2oc3ccc(Br)cc3c(=O)c2c1=O
10334,COCCCn1c(C(C)C)nc2oc3cc(OC)ccc3c(=O)c2c1=O
13250,O=C1N=C(c2ccc(Cl)cc2)S/C1=C\c1ccc(OCc2ccccc2)cc1
11459,O=C(c1cccc(C(=O)N2CCN(c3ccccc3F)CC2)c1)N1CCN(c2ccccc2F)CC1
6556,Cc1ccc(C)c2[nH]c(=O)c(CN(CCN3CCCC3)C(=O)Nc3cccc(Cl)c3)cc12
8328,Cc1cc(C)c2cc(CN(CCN3CCCC3)C(=O)Nc3ccc(F)cc3)c(=O)[nH]c2c1
8426,COc1cc2cc(CN(CCN3CCCC3)C(=O)Nc3ccc(F)cc3)c(=O)[nH]c2cc1OC
1223,CC(C(=O)O)c1ccc(-c2cccc(OC(=O)NCC3CCCCC3)c2)c(F)c1
4389,N#Cc1nc(Nc2cccc(Cl)c2)c2ncn(C3CCCC3)c2n1
9817,O=c1c2ccccc2nc(-c2ccco2)n1/N=C/c1ccco1
273,O=C(O)c1ccc(C(=O)O)c(C(=O)c2ccccc2)c1
3601,CN(CCC#N)C(=O)COC(=O)c1ccccc1C(=O)c1ccc(Cl)c([N+](=O)[O-])c1
3610,CCCNC(=O)COC(=O)c1ccccc1C(=O)c1ccc(Cl)c([N+](=O)[O-])c1
4964,COc1ccc(OC)c(C(=O)c2ccc(Cl)cc2)c1
10628,C=CCNC(=O)c1ccc(C(=O)c2ccccc2)cc1
11803,COc1ccc(C(=O)c2ccccc2)c(O)c1
1386,O=C(CCc1ccccc1)Nc1ncc2c(n1)CCCC2=O
251,O=c1c2ccccc2nc(-c2ccco2)n1-c1cccnc1
5420,COCC(=O)NCc1ccc2c(c1)OCO2
6039,COCCCNC(=O)c1ccc2c(c1)OCO2
10753,CC(=O)OCC(=O)NCc1ccc2c(c1)OCO2
10830,CCOC(=O)NCc1ccc2c(c1)OCO2
7305,O=C(NCC1CCCO1)C1CCN(c2ccc(S(=O)(=O)N3CCCC3)cc2)CC1
10666,COc1ccc(CCNC(=O)COc2ccc(S(=O)(=O)N3CCOCC3)cc2)cc1
10162,COc1cc2c(cc1OC)CN(C(=O)CCCN1C(=O)c3ccccc3C1=O)CC2
4527,COC(=O)c1ccccc1NC(=S)NC(=O)c1ccc(C)cc1
12113,COc1cccc(C(=O)NC(=S)Nc2ccc(Cl)c(C(=O)O)c2)c1
2930,CC(C)CN1C(=S)SC(C)(C)C1n1oc(=O)n(-c2ccc(Cl)cc2)c1=O
5570,Cc1ccc(C(=O)COC(=O)CCN2C(=O)C3C4C=CC(C5CC45)C3C2=O)cc1
9240,COCCn1nnnc1C(c1cc2cc(OC)ccc2[nH]c1=O)N1CCC(Cc2ccccc2)CC1
13210,Fc1cccc(Cl)c1-c1ncc(-c2ccc(C#Cc3cccnc3)nc2)[nH]1
146,CCc1c(C(=O)N2CCOCC2)csc1C
6103,COc1ccc2nc(NC(=O)CSc3nnnn3C3CCCCC3)sc2c1
9179,CCOc1ccc2nc(NC(=O)CSc3nnnn3C3CCCCC3)sc2c1
7326,CCCCOc1ccc(-c2nnn(CCC(=O)N3CCOCC3)n2)cc1
10908,CCCn1c(SCC(=O)NCCc2ccc(Cl)cc2)n[nH]c1=O
11775,Fc1ccc(CCNCc2ccc(Oc3ccccc3)cc2)cc1
12088,COC(=O)c1sccc1-n1cccc1C(=O)C(=O)N1CCCC1
7830,COc1cc(NS(=O)(=O)c2ccc(NC(=O)COc3ccccc3C)cc2)nc(OC)n1
10777,O=C(COC(=O)C1CCCN1C(=O)c1cccs1)Nc1ccc2c(c1)OCO2
6791,O=S(=O)(Nc1nc2ccccc2[nH]1)c1ccc(Cl)cc1
9353,O=S(=O)(Nc1nc2ccccc2[nH]1)c1ccccc1
6043,Cn1c(=O)c2c(nc(NCc3ccccc3)n2CCCc2ccccc2)n(C)c1=O
9273,CN(Cc1ccccc1)c1nc2c(c(=O)[nH]c(=O)n2C)n1CCCc1ccccc1
2087,O=C(COC(=O)c1ccccc1)NCc1ccco1
10769,CN(C)c1cccc(C(=O)OCC(=O)NCc2ccco2)c1
13864,CS(=O)(=O)c1ccc(-c2cc(Br)sc2-c2ccc(F)cc2)cc1
3110,COc1ccc(-c2cn[nH]c2-c2ccc(OCc3ccc([N+](=O)[O-])cc3)cc2O)cc1
3670,COc1ccc(-c2cn[nH]c2-c2ccc(OCc3ccccc3)cc2O)cc1
3689,COc1ccc(-c2cn[nH]c2-c2ccc(OCc3ccccc3F)cc2O)cc1OC
9528,COc1ccc(CCNC(=O)c2ccc(CN3CCOCC3)cc2)cc1
928,O=S(=O)(Nc1ccncc1NC1CCCC1)C(F)(F)F
3164,COC(CN(C(=O)CCl)C(C(=O)NC1CCCCC1)c1ccccc1C)OC
7397,CC(=O)OC(C(=O)NC1CCCCC1)c1ccccc1
9204,CC(=O)OC(C(=O)NC1CCCCC1)c1ccc(C#N)cc1
12119,O=S(=O)(NCCSc1nnnn1-c1ccccc1)c1cccs1
11382,COc1ccc2nc(C)cc(N/N=C/c3ccc(F)cc3)c2c1
11571,COc1ccc(/C=N/Nc2cc(C)nc3ccc(OC)cc23)c(OC)c1
9755,Oc1cc2ccccc2cc1-c1n[nH]c(=S)o1
6106,O=C(Nc1ccc2c(c1)oc1ccccc12)c1cccnc1
1373,COC(=O)c1cc(S(=O)(=O)N2CCOCC2)c(N2CCOCC2)cc1N1CCOCC1
10696,C=CCNC(=O)c1c(N)n(-c2cccc(S(N)(=O)=O)c2)c2nc3ccccc3nc12
11215,Cc1cc(C)c(S(=O)(=O)N2CCC(C(=O)NCCC(c3ccccc3)c3ccccc3)CC2)c(C)c1
10059,O=C1c2[nH]nc(-c3ccccc3O)c2C(c2ccccc2F)N1Cc1ccco1
10249,O=C1c2[nH]nc(-c3ccccc3O)c2C(c2ccc(F)cc2)N1Cc1ccco1
10522,O=C1c2[nH]nc(-c3ccccc3O)c2C(c2cccc(Cl)c2)N1Cc1ccco1
4905,Fc1ccc(-c2cc(C(F)(F)C(F)F)[nH]n2)cc1
6000,COC(=O)c1cc(-c2ccccc2)n[nH]1
6855,COC(=O)c1cc(-c2cccc(OC)c2)n[nH]1
7298,O=C(O)c1cc(-c2ccccc2Cl)n[nH]1
9389,COc1ccc(-c2cc(C(=O)O)[nH]n2)cc1OC
11238,Cc1ccc(O)c(-c2cc(C(F)(F)C(F)F)[nH]n2)c1
5610,CC(C)c1ccc(NC(=O)CSc2nc(=O)n(CCN3CCOCC3)c3c2CCC3)cc1
5622,Cc1ccnc(NC(=O)c2ccc(Cl)c(S(=O)(=O)N3CCCC3)c2)c1
5392,O=C(O)c1cccc(NS(=O)(=O)c2cccc3cccnc23)c1
5936,COc1ccc(NS(=O)(=O)c2cccc3cccnc23)cc1
12190,CC(C)(C)C1=Nn2c(nnc2-c2ccco2)SC1
3191,Cc1ccc(S(=O)(=O)N2CC(c3ccc(Br)cc3)C(C(=O)C3CO3)=N2)cc1
3193,Cc1ccc(S(=O)(=O)N2CC(c3cccc(Br)c3)C(C(=O)C3CO3)=N2)cc1
3230,Cc1ccc(S(=O)(=O)N2CC(c3cccc([N+](=O)[O-])c3)C(C(=O)C3CO3)=N2)cc1
4982,O=C1CCCN1CC#CCN1CCCC1
11993,O=C(Nc1cccc(Nc2ncc(C(=O)c3ccccc3Cl)s2)c1F)c1ccccc1
8085,COc1ccc(Cc2nnc(NC(=O)C3CCCO3)s2)cc1
12291,Cc1cccc(C(=O)N2CCN(c3ncnc4c3cnn4-c3ccccc3)CC2)c1
5478,O=C(CSc1nnc(-c2ccc(Cl)cc2)n1Cc1ccco1)NCc1ccc2c(c1)OCO2
12862,COc1cccc(-c2nnc(SCC(=O)NCc3ccc4c(c3)OCO4)n2Cc2ccco2)c1
10483,Cn1c(CN2CCCCC2)nc2cc(NC(=O)c3ccc(F)cc3)ccc21
14739,CC(=O)O[C@H]1[C@H]2[C@H](C[C@@H](C)[C@@H]3CCC(=O)[C@]31C)OC(=O)[C@@H]2C
15127,C[C@@H]1C[C@@H]2OC(=O)[C@H](C)[C@H]2C[C@]2(C)C(=O)CC[C@@H]12
15128,C[C@@H]1C[C@@H]2OC(=O)[C@H](C)[C@H]2[C@H](O)[C@]2(C)C(=O)CC[C@@H]12
2111,CCCCCCCC(=O)OCC(O)CO
2588,C=CCOC(=O)/C=C/C(=O)NC(N)=O
3719,CCCCOC(=O)/C=C\C(=O)NC(N)=O
5339,CCC(CO)NCCNC(CC)CO
6181,CC(=O)NC(C(=O)NCC(N)=O)C(C)C
7949,O=C(CCCCCC(=O)N(CCO)CCO)N(CCO)CCO
8454,CCC(C)C(NC(=O)OC(C)(C)C)C(=O)NC(CC(C)C)C(N)=O
8735,O=C(NCCCNC(=O)C(F)(F)C(F)F)C(F)(F)C(F)F
8856,O=C(NCCCCO)C(F)(F)C(F)(F)C(F)(F)C(=O)NCCCCO
9231,CCNCC(O)COCC(O)CNCC
11313,CCCCCCCCCCCCCCCC(O)C(N)CO
11582,CCCCCCCCCCCCC/C=C/[C@@H](O)[C@@H](N)CO
11885,CN=C(N)NCCC[C@H](N)C(=O)O
11930,CCCCC/C=C\C/C=C\C/C=C\C/C=C\CCCC(=O)C(F)(F)F
12299,CCCN(CC#CCO)CCC
12561,CCCCOCP(=O)(CCCC)COCCCC
12892,CCCCC(=O)NC(=S)NNC(=O)CC
13114,CCCCC/C=C\C/C=C\C/C=C\C/C=C\CCCCP(=O)(F)OC
13133,CCCCCCCCCCCCCCCN=C=S
14559,C/C=C(/CO)C(CCO)CC(=O)OC
14574,C/C=C\C/C=C\CCCCCCCC(=O)OCC(COC(=O)CCCCCCC/C=C\C/C=C\CCCCC)OC(=O)CCCCCCC/C=C\C/C=C\CCCCC
14809,CC/C=C\C/C=C\C/C=C\CCCCCCCC(=O)O
14880,CCCCCCCCC(=O)CCSSCCC(=O)C[C@H](CCCCCC)SC
14895,CCOC(=O)C[C@H](O)COC(=O)/C=C/CCl
14919,COC(=O)C[C@H](O)COC(=O)/C=C/CCl
15143,N=C(N)NCCCC(N)C(=O)NCC(=O)NC(CC(=O)O)C(=O)O
6506,O=C(Nc1ccc(N2CCOCC2)cc1)C1CCCN(S(=O)(=O)c2cccc(C(F)(F)F)c2)C1
3871,CCC1CCc2c(sc(NC(=O)c3cnccn3)c2C(N)=O)C1
6205,CC1CCCN(C(=O)CSc2nnc(-c3ccc(S(=O)(=O)N4CCOCC4)cc3)n2C)C1
2071,C=C1C(=O)O[C@H]2[C@H]1CC/C(C)=C/CC[C@@]1(C)O[C@@H]21
4323,C=C1C(=O)O[C@@H]2[C@H]3O[C@]3(C)CC/C=C(\C)CC[C@@H]12
10687,Cn1c(SCc2nnc(-c3ccc(F)cc3)o2)nnc1C1COc2ccccc2O1
2125,O=C1CSC(c2ccc3c(c2)OCO3)N1c1ccc(Oc2ccccc2)cc1
1894,CCOC(=O)c1c(NC(=O)CSc2nnc(C)c(=O)[nH]2)sc(C)c1C
8670,Cc1sc(NC(=O)CSc2nnc(C)c(=O)[nH]2)c(C#N)c1C
12953,CN1CCN(C(=O)c2ccc3c(=O)n(Cc4ccco4)c(=S)[nH]c3c2)CC1
6057,COc1nc(OC)nc(N2CCC(C(=O)NCc3cccs3)CC2)n1
1412,O=C(O)CSC1c2ccccc2C(=O)N1Cc1ccccc1
10282,CCc1nc2oc3cc(OC)ccc3c(=O)c2c(=O)n1-c1ccccc1
10318,CCc1nc2oc3ccccc3c(=O)c2c(=O)n1-c1ccccc1
10508,Cc1nc2oc3ccccc3c(=O)c2c(=O)n1-c1ccccc1
8305,Cn1c(-c2ccc3c(c2)OCO3)cnc1N
12335,CCOC(=O)c1ccc(-n2c(=O)[nH]c3ccccc3c2=O)cc1
10536,COc1ccccc1Nc1nc(N)nc(CN2CCN(Cc3ccccc3)CC2)n1
1564,CC1(C)CC(=O)C(C=NCC2CCCO2)=C(O)C1
11380,Cc1[nH]c2ccc(-c3nnc(SCC(=O)NCc4ccco4)n3Cc3ccccc3)cc2c1C
4062,O=C(NCc1ccc2c(c1)OCO2)c1nc(S(=O)(=O)Cc2ccccc2F)ncc1Cl
4063,Cc1cccc(CS(=O)(=O)c2ncc(Cl)c(C(=O)NCc3ccc4c(c3)OCO4)n2)c1
4071,O=C(NCc1ccc2c(c1)OCO2)c1nc(S(=O)(=O)Cc2ccccc2)ncc1Cl
2221,C=CCn1c(=O)/c(=C/c2cc(OC)c(OC)c(OC)c2)s/c1=C(/C#N)c1nc2ccccc2n1C
1876,COc1ccccc1N(Cc1ccccc1)S(=O)(=O)c1cccc(C(=O)Nc2ccc(C(C)=O)cc2)c1
6097,O=C(NC1CCCCC1)C(c1ccco1)N(Cc1ccco1)C(=O)c1ccco1
5185,Cn1c(O)c(/C=N/NC(=O)c2cc3ccccc3cc2O)c2ccccc21
8907,Fc1ccc2c(c1)nnn2C1CCN(Cc2ccccc2)CC1
3046,Cc1ccc(-c2nnc(-c3ccc(NC(=O)Cc4cccs4)cc3)o2)cc1
318,O=C(NCNC(=O)c1ccccc1)c1ccccc1
2215,COc1ccc2nc3cc(Cl)ccc3c(Nc3cc(C(C)C)c(O)cc3C)c2c1
1351,C=CCn1c(COc2ccccc2)nnc1SCC(=O)O
8073,COc1cccc(OCc2nnc(SC)n2C)c1
9318,COCCn1c(COc2ccccc2)nnc1SCC(N)=O
9714,O=C(Cn1nnc2ccccc2c1=O)N1CCCc2ccccc21
4970,Nc1c(C(=O)c2cccs2)sc2nsc(SCCN3CCCCC3)c12
43,Cc1cc(NS(=O)(=O)c2ccc(NC(=O)COc3ccc(Cl)cc3)cc2)no1
6051,Cc1ccc(S(=O)(=O)N2CCN(S(=O)(=O)c3ccc4c(c3)OCCO4)CC2)cc1
31,Cc1cccc(/C=C/C2=NNC(=O)CC2)c1
37,COc1ccccc1/C=C/C1=NNC(=O)CC1
9106,CCC(=NCc1ccccc1)C1=C(O)C(C(=O)OC)C(C)(C)CC1=O
3802,CCN1CCN(Cc2ccc(NC(=O)c3ccc(C)c(NC(=O)c4ccc5n[nH]nc5c4)c3)cc2C(F)(F)F)CC1
2195,CCCOc1ccc(/C(CC)=N/NC(=O)C2(C)CC2(Br)Br)cc1
10424,Cc1cc(C)n(-c2ccn(Cc3ccc(Cl)cc3Cl)c(=O)n2)n1
5915,CCc1nnc(NC(=O)CSc2nc3cccnc3n2C2CCCCC2)s1
5780,CCC(=O)c1ccc(OCC(=O)Nc2ccc3c(c2)OCCO3)cc1
14556,C/C=C(/C)C(=O)O[C@@H](C)c1nc(C(=O)N/C=C\C(=O)OC)cc2c1[nH]c1ccccc12
14699,C=Cc1ncc(OC)c2c1[nH]c1c(OC)cccc12
14700,C=Cc1ncc(OC)c2c1[nH]c1ccccc12
14744,CC(=O)c1nc(C(N)=O)cc2c1[nH]c1ccccc12
14914,COC(=O)/C=C/NC(=O)c1cc2c([nH]c3ccccc32)c(C(C)=O)n1
14915,COC(=O)/C=C\NC(=O)c1cc2c([nH]c3ccccc32)c(C(C)=O)n1
14927,COC(=O)c1cc2c([nH]c3ccccc32)c(C(C)=O)n1
15098,COc1ccc2c(c1)[nH]c1c(/C=C/C(=O)O)nccc12
2904,Clc1ccc(CSc2ncnn2Cc2ccc(Cl)cc2)cc1
8809,CC(C)CC(NC(=O)OC(C)(C)C)C(=O)NC(C(=O)N1CCCC1C(N)=O)C(C)C
8826,COC(=O)CNC(=O)C1CCCN1C(=O)OC(C)(C)C
11351,CCN(CC(=O)NCc1cccs1)C(=O)c1cccc(S(=O)(=O)Nc2ccccc2OC)c1
4657,O=C1COc2ccc(C(=O)/C=C/c3ccccc3)cc2N1
7651,CC1CCCN(CC(=O)Nc2ccc(S(=O)(=O)NC3CCCCC3)cc2)C1
3539,CCOc1ccccc1C1C2=C(COC2=O)Nc2cc3c(cc21)OCO3
3588,O=C1OCC2=C1C(c1ccc(F)cc1)c1cc3c(cc1N2)OCO3
10390,CCCCN1C(=O)C(O)(CC(=O)c2c(C)n[nH]c2C)c2cc(Br)ccc21
112,O=C(C1CCC(=O)N1Cc1ccccc1Cl)N1CCN(c2ccc(F)cc2)CC1
12518,Cc1ccc(CN2C(=O)CCC2C(=O)N2CCN(c3ccc(F)cc3)CC2)cc1
3596,CC(=O)N1CC(=O)N=C1SCC(=O)Nc1nc(C)c(-c2ccccc2)s1
5931,COc1ccc(C(C(=O)NC2CCCCC2)N(CC2CCCO2)C(=O)CNC(=O)c2ccco2)cc1
12962,COc1cccc(C(C(=O)NC2CCCCC2)N(CC2CCCO2)C(=O)CNC(=O)c2ccco2)c1
6029,CCC1CCCCN1C(=O)CSc1nnc(-c2c[nH]c3ccccc23)o1
6933,O=C(CSc1nnc(-c2c[nH]c3ccccc23)o1)N1CCCCC1
9448,CC1CCCC(C)N1C(=O)CSc1nnc(-c2c[nH]c3ccccc23)o1
507,O=C(CNCCO)N1N=C(c2cccs2)CC1c1cccs1
4957,COc1cc(C(=O)NC(=S)NNC(=O)c2ccc3c(c2)OCO3)cc(OC)c1OC
7389,CC(=O)Nc1ccc(S(=O)(=O)N2CCCN(S(=O)(=O)c3ccc(C)cc3)CC2)cc1
7009,O=C1NC(=O)C2C3c4ccccc4C(c4ccccc43)C12
3651,O=C1CN(C(=O)Cn2ncc(Cl)c(Cl)c2=O)c2ccccc2N1
12523,COc1ccc(-c2cc3ccccc3oc2=O)cc1NC(=O)c1ccc(Br)o1
2239,CC/C(=C(\c1ccccc1)c1ccc(OCCN(C)C)cc1)c1ccccc1
9280,Cc1ccc2nc(C3CCN(CC(=O)N4CCCCCC4)CC3)[nH]c2c1
12889,OC(CN1CCN(c2ccccn2)CC1)Cn1c2ccc(Cl)cc2c2cc(Cl)ccc21
4626,CC(C)(C)c1ccc(C(=O)NC(=S)NNC(=O)c2cccs2)cc1
4635,Cc1cccc(C(=O)NC(=S)NNC(=O)c2cccs2)c1
5275,O=C(NC(=S)NNC(=O)c1cccs1)c1ccccc1
8740,O=C(O)C1C2C=CC(C2)C1C(=O)NC1CCS(=O)(=O)C1
2238,COc1ccc(C=C2CCc3ccccc3C2=O)cc1
11456,CCOC(OCC)c1ccc(/C=C2\CCc3ccccc3C2=O)cc1
782,O=C(C1CCCC1)N1C[C@@H]2N[C@H](C1)C2c1ccc(/C=C/c2ccccc2)cc1
5226,Cc1ccc(S(=O)(=O)NCC(=O)N(CC(=O)NCc2ccco2)Cc2ccccc2)cc1
7017,COc1ccccc1CN(CC(=O)NCc1ccco1)C(=O)CNS(=O)(=O)c1ccc(C)cc1
6254,O=C1c2ccccc2CC1Sc1nnc(-c2ccccn2)o1
6448,CCn1c(NCc2cc(OC)ccc2OC)nc2ccccc21
8051,CCCn1c(NCc2cccc(OC)c2OC)nc2ccccc21
8310,C=CCc1cccc(CNc2nc3ccccc3n2CC)c1O
10083,COc1ccc2nc(NCc3ccccc3)[nH]c2c1
10684,c1ccc(CNc2nc3ccccc3[nH]2)cc1
1835,COc1ccc(Br)cc1CN(C)CC(=O)Nc1c(Cl)cccc1Cl
1836,COc1ccc(Br)cc1CN(C)CC(=O)Nc1cc(Cl)ccc1Cl
9496,O=C(CSc1nnc(-c2ccc(F)cc2)o1)Nc1ccc(S(=O)(=O)N2CCCCCC2)cc1
10158,COC(=O)c1cc(NCc2ccc3c(c2)OCO3)ccc1N1CCOCC1
10535,O=C(O)c1cc(NCc2ccc3c(c2)OCO3)ccc1N1CCOCC1
11104,COc1ccc(C/C(O)=C(\C#N)c2nc3ccccc3s2)cc1
10664,Cc1ccc(-c2nn(-c3ccccc3)cc2CN(Cc2ccccc2)C(=O)CCC(=O)O)o1
11480,COc1ccc2cc(C(=O)Nc3nccn3C)cnc2c1
13278,COc1ccc2cc(C(=O)Nc3ncc[nH]3)cnc2c1
10191,O=C(CCn1nnc2ccccc2c1=O)NCC1CCC(C(=O)O)CC1
9422,COc1ccc(OC)c(C(c2nnnn2C2CCCC2)N2CCN(c3ccc(F)cc3)CC2)c1
4753,COc1cc(/C=C2/SC(=S)N(c3c(C)n(C)n(-c4ccccc4)c3=O)C2=O)ccc1O
13751,OC1CCCCCCCNc2ncc3c(-c4ccc(N5CCOCC5)cc4)cn(c3n2)CCCC1
9149,O=C(CN(C(=O)C1CSC(=O)C1)c1ccccc1F)NCc1ccc2c(c1)OCO2
4752,CC1CCc2sc(NC(=O)C3CC(Cl)=CCC3C(=O)O)c(C#N)c2C1
5670,O=C(CN1CCN(S(=O)(=O)c2cc(Br)ccc2Br)CC1)NCc1ccccc1Cl
11425,CCCCCCCCc1ccc(OCC(=O)Cn2cccn2)cc1
11497,CCCCCCCCc1ccc(OCC(=O)Cn2ccc(C(=O)O)n2)cc1
12027,CCCCCCCCc1ccc(OCC(=O)Cn2cc(C(=O)O)cn2)cc1
11693,Cc1c(CN2CCN(C(=O)C3CCCC3)CC2)cccc1Nc1nc2nccnc2s1
8902,CCn1c(SCC(=O)Nc2nc(C)cs2)nnc1-c1cccnc1
9067,CCCCn1c(SCC(=O)Nc2nc(C)cs2)nnc1-c1cccnc1
6708,Cc1ccc(S(=O)(=O)N2CCOCC2)cc1C(=O)N1CCOCC1
7620,NC(=O)c1cnn2c(C(F)(F)F)cc(-c3ccc(F)cc3)nc12
12086,COc1ccc(-c2oc(/N=C/N3CCCC3)c(C#N)c2-c2ccc(OC)cc2)cc1
12375,Cc1ccc(OCC(=O)N/N=C\c2cn(C)c3ccccc23)c([N+](=O)[O-])c1
10137,O=c1[nH]c(N2CCc3ccccc3C2)nc2c1CCC2
6162,Cc1cc(NS(=O)(=O)c2ccc(NC(=O)CCc3ccccc3)cc2)no1
8617,CCN(CC)CCNC(=O)C(C(=O)c1ccccc1)n1ccccc1=O
1199,CC(C(=O)NCCOc1ccc(S(N)(=O)=O)cc1)c1cccc(C(=O)c2ccccc2)c1
9264,O=C(CN(Cc1ccccc1)C(=O)CCC(=O)Nc1ccccn1)NCc1ccco1
12108,O=C(CN(Cc1ccc(F)cc1)C(=O)CCC(=O)Nc1ccccn1)NCc1ccco1
12708,O=C(COC(=O)Cc1cccs1)Nc1ccccc1F
5750,O=C1c2ccc(-c3ccc(F)cc3OCc3ccccc3)cc2S(=O)(=O)c2cccc(C(=O)N3CCN(c4ncc(Br)cn4)CC3)c21
974,Cn1cnc(CCNc2nccc(/C(C#N)=C3\Nc4ccccc4S3)n2)c1
8317,O=C(C1CC1)N1CCN(c2nc3ccccc3s2)CC1
10153,COC(=O)Cc1c(C)nc2nc(-c3ccc(OC)cc3)[nH]n2c1=O
7565,CCCCn1c(SCC(=O)Nc2nnc(C(C)C)s2)nc2c1c(=O)n(C)c(=O)n2C
9379,CCCCn1c(SCC(=O)Nc2nnc(CC)s2)nc2c1c(=O)n(C)c(=O)n2C
12967,O=C(CCS(=O)(=O)c1cccs1)Nc1ccc(C(=O)NCc2ccccc2)cc1
2875,O=C(NCc1ccco1)c1nc2c(nnn2Cc2ccccc2Cl)c(=O)[nH]1
7252,COC(=O)c1ccc(NC(=O)C2CCN(S(C)(=O)=O)CC2)cc1
9850,CC(C)c1ccc(NC(=O)C2CCN(S(C)(=O)=O)CC2)cc1
6667,O=C(O)CSc1nnc(-c2ccncc2)n1C1CCCCC1
8150,CCOC(=O)N1CCC(NCCNC(=O)c2cccs2)CC1
11027,N#CCc1nc(CSc2nc3ccccc3o2)cs1
11904,CC(=O)N1c2ccc(-c3ccccc3C)cc2[C@H](Nc2ccc(Cl)cc2)C[C@@H]1C
12771,COc1ccc(-c2ccc3c(c2)[C@H](Nc2ccccc2)CCN3C(C)=O)cc1
12994,COC(=O)c1ccc(-c2ccc3c(c2)[C@H](Nc2ccccc2)C[C@H](C)N3C(C)=O)cc1
12995,COC(=O)c1ccc(-c2ccc3c(c2)[C@H](Nc2ccc(F)cc2)C[C@H](C)N3C(C)=O)cc1
12996,COC(=O)c1cccc(-c2ccc3c(c2)[C@H](Nc2ccc(Cl)cc2)C[C@H](C)N3C(C)=O)c1
13068,CC(=O)N1c2ccc(-c3ccc(C#N)cc3)cc2[C@H](Nc2ccccc2)C[C@@H]1C
13069,CC(=O)N1c2ccc(-c3ccc(C#N)cc3)cc2[C@H](Nc2cccc(F)c2)C[C@@H]1C
13070,COc1cccc(N[C@@H]2C[C@H](C)N(C(C)=O)c3ccc(-c4ccc(C#N)cc4)cc32)c1
13121,COc1ccc(-c2ccc3c(c2)[C@H](Nc2ccccc2)C[C@H](C)N3C(C)=O)cc1
13186,CC(=O)N1c2ccc(-c3ccccc3)cc2[C@H](Nc2ccccc2)C[C@@H]1C
13187,CC(=O)N1c2ccc(-c3ccc(CO)cc3)cc2[C@H](Nc2ccccc2)C[C@@H]1C
13188,COC(=O)c1ccc(-c2ccc3c(c2)[C@H](Nc2ccc(C(C)(C)C)cc2)C[C@H](C)N3C(C)=O)cc1
13189,COC(=O)c1ccc(-c2ccc3c(c2)[C@H](Nc2ccc(S(C)(=O)=O)cc2)C[C@H](C)N3C(C)=O)cc1
13190,COc1cccc(N[C@@H]2C[C@H](C)N(C(C)=O)c3ccc(-c4ccc(C(=O)O)cc4)cc32)c1
13191,COc1ccccc1N[C@@H]1C[C@H](C)N(C(C)=O)c2ccc(-c3ccc(C(=O)O)cc3)cc21
13192,CC(=O)N1c2ccc(-c3cccc(C(=O)O)c3)cc2[C@H](Nc2ccc(Cl)cc2)C[C@@H]1C
13272,CC(=O)N1c2ccc(-c3ccc(C(=O)O)cc3)cc2[C@H](Nc2ccccc2)C[C@@H]1C
13274,CC(=O)N1c2ccc(-c3ccc(C(N)=O)cc3)cc2[C@H](Nc2ccc(Cl)cc2)C[C@@H]1C
13329,CC(=O)N1c2ccc(-c3ccc(C(=O)O)cc3)cc2[C@H](Nc2ccc(S(C)(=O)=O)cc2)C[C@@H]1C
13330,CC(=O)N1c2ccc(-c3ccc(C(=O)O)cc3)cc2[C@H](Nc2ccc(C)cc2)C[C@@H]1C
13477,CC(=O)N1c2ccc(-c3ccc(C(=O)O)cc3)cc2[C@H](Nc2ccc(Cl)cc2)C[C@@H]1C
11170,O=C(CCc1ccc(-c2cccs2)cc1)N1CCCC1
2809,c1ccc(CCc2nn3c(-c4ccncc4)nnc3s2)cc1
7523,O=C(NC1CCCCC1)N(Cc1nc2ccccc2c(=O)[nH]1)C1CCCCC1
2657,Cc1ccc(Cn2c(C(C)Nc3nc(-c4ccc(C)cc4)cs3)nc3cc(Cl)c(Cl)cc32)cc1
9087,CCCn1c(SCC(=O)N2CCc3ccccc3C2)nc2c1c(=O)n(C)c(=O)n2C
4085,C(=N/Nc1nncc2ccccc12)\c1ccccn1
11256,O=C(COc1ncnc2ccccc12)c1ccc2c(c1)OCCO2
12586,Cc1nnc(N2CCN(c3ccccc3)CC2)[nH]c1=O
8659,Cc1occc1-c1nnc(SCC(=O)c2ccc(F)cc2)n1Cc1ccco1
5757,CN(C)c1ccc(C#Cc2ccc3cc(CCCO)oc(=O)c3c2)cc1
3098,Cc1[nH][nH]c(=O)c1C(c1c(C)[nH][nH]c1=O)c1cn(Cc2ccccc2Cl)c2ccccc12
3515,Cc1ccc(Nc2nc3nonc3[nH]c2=O)cc1Cl
6118,CCn1c(SCC(=O)c2cccs2)nnc1-c1ccco1
3636,O=C(Nc1ccc(S(=O)(=O)N2CCOCC2)cc1)c1ccc([N+](=O)[O-])o1
9372,CC1CN(S(=O)(=O)c2ccc(NC(=O)c3ccco3)cc2)CC(C)O1
11361,O=C(CSCc1ccc([N+](=O)[O-])cc1)N/N=C/c1cccnc1
9244,COC(=O)CSc1nnc(-c2ccc(S(=O)(=O)N3CCCCC3)cc2)o1
2287,O=C(Nc1ccc(-c2nc3ccccc3o2)cc1)c1ccc2c(c1)OCO2
9430,Clc1ccc(Cn2nnc(-c3ccc(CN4CCOCC4)cc3)n2)cc1
9052,COC(=O)Cn1c(=O)sc2ccccc21
368,COc1cc2c(cc1NC(=O)c1cccc([N+](=O)[O-])c1)oc1ccccc12
14426,COc1ccc(C(=O)O[C@@H](Cc2c(Cl)c[n+]([O-])cc2Cl)c2ccc(OC(F)F)c(OCC3CC3)c2)cc1Oc1ccccc1
11272,CC(=O)Oc1ccc2c(c1)OC(c1ccccc1)CC21CC(C)(C)NC(=S)N1
2594,O=[N+]([O-])c1ccc(-c2c[nH]c(=S)[nH]2)cc1
6136,CCCCn1nnnc1SCC(=O)Nc1cccc(C)n1
9248,O=C(c1cc2nc(-c3ccco3)cc(C(F)(F)F)n2n1)N1CCN(c2ccccn2)CC1
9839,CCc1nnc(NC(=O)CSc2nnc(CNc3ccc(F)cc3)n2C2CCCCC2)s1
12452,Cc1ccc2c(c1)C(c1ccc(N3CCOCC3)cc1)=NNC(c1cccs1)=N2
11620,CCn1c(=O)cc(SCC(=O)NCCCN2CCN(c3ccc(F)cc3)CC2)c2ccccc21
5531,Cc1c(Cc2ccccc2)c(=O)oc2c(C)c(OCC(=O)NCc3ccccn3)ccc12
13632,FC(F)(F)c1cccc(Nc2nc(Nc3ccc(-c4ccsc4)nc3)ncc2Cl)c1
6482,COc1cc(C(=O)NC2CCN(Cc3nnnn3Cc3cccs3)CC2)cc(OC)c1OC
7448,Cc1ccc2nc(Nc3nc(C)cc(C(F)(F)F)n3)nc(C)c2c1
8169,CC(=O)c1cnc(Nc2nc(C)c3ccc(C)cc3n2)nc1C
9660,Cc1ccc2cc(C#N)c(NCCCNC(=O)C3CCCO3)nc2c1
258,C=CCSc1nnc2c(n1)OC=Nc1ccccc1-2
1780,C=CCn1c(COc2cccc(C)c2C)nnc1SCC(=O)N1CCN(c2ccccc2)CC1
5997,CCOC(=O)C1(CC)NC(c2cccc(F)c2)C2C(=O)N(CC)C(=O)C21
6528,CCC1(C(=O)OC)NC(c2ccccc2OC)C2C(=O)N(C)C(=O)C21
7758,COC(=O)C1(CCSC)NC(c2ccccc2OC)C2C(=O)N(C)C(=O)C21
8153,CCOC(=O)C1(C)NC(c2ccc(OC)c(OC)c2)C2C(=O)N(CC)C(=O)C21
9234,CCN1C(=O)C2C(c3cccc(F)c3)NC(CC)(C(=O)OC)C2C1=O
12384,CCOC(=O)C1(C)NC(c2cc(OC)c(OC)c(OC)c2)C2C(=O)N(CC)C(=O)C21
12580,CCOc1ccc(CCNC(=O)Cc2nn[nH]n2)cc1OCC
2624,CCOc1cc(/C=C(/C#N)C(=O)Nc2ccc(OC)cc2)ccc1OCc1ccc(C(=O)O)cc1
2656,CCOc1cc(/C=C(\C#N)C(=O)Nc2cccc(C(=O)O)c2)ccc1OCc1ccc(Br)cc1
2902,COc1cccc(N2CCN(c3c(C#N)c(C(F)(F)F)nn3C)CC2)c1
6069,O=C1NCCCc2nonc21
13140,CCCCCCC(Sc1nc(Cl)cc(Nc2nc(-c3ccccc3)c(-c3ccccc3)s2)n1)C(=O)O
4374,COc1cccc(-c2ccc3ncnc(NCc4cccnc4)c3c2)c1
3347,Cc1c(-c2ccccc2)oc2c(C(=O)N3CCN(c4ccc([N+](=O)[O-])cc4)CC3)cccc2c1=O
3932,Cn1c(N2CCN(C(c3ccccc3)c3ccccc3)CC2)nc2c1c(=O)[nH]c(=O)n2C
7062,CCc1nnc(NC(=O)CSc2nnc(COc3ccccc3)n2-c2ccc(C)cc2)s1
1574,CCOC(=O)/C(C#N)=C1/C=Cc2ccccc2N1CC
9776,CC1(C)CCCC2=C1CC1C(=O)N(c3ccccc3)C(=O)C1C2
6968,O=C(CN1C(=O)CSc2ccccc21)Nc1ccc2c(c1)OCCO2
5417,CC1=C(C(=O)OCC2CCCO2)C(c2ccncc2)C2=C(CCCC2=O)N1
10949,COc1ccc(-n2c(C)cc(C(=O)Cn3nnc4ccccc4c3=O)c2C)cc1
10538,COC(=O)c1ccc(C2C(C#N)=C(N)Oc3cc(C)n(C)c(=O)c32)cc1
10566,COCCn1c(C)cc2c(c1=O)C(c1ccccc1F)C(C#N)=C(N)O2
4860,Cc1noc(NS(=O)(=O)c2ccc(NC(=O)c3cc(-c4ccccc4Cl)nc4ccccc34)cc2)c1C
5899,COc1ccc(OC)c(NC(=O)c2ccc(S(=O)(=O)N3CCN(C)CC3)cc2)c1
10853,CCN(Cc1nc2cc(OC)c(OC)cc2c(=O)[nH]1)C(=O)c1ccc(S(=O)(=O)N(C)C)cc1
2570,COc1cc(OC)c2c(O)c3c(c(-c4c5c(c(O)c6c(OC)cc(OC)cc46)CO[C@@H](C)[C@H]5O)c2c1)[C@H](O)[C@H](C)OC3
11642,Cc1cccc(Nc2cc(Cl)nc(S[C@@H](C(=O)O)c3cccc4ccccc34)n2)c1C
7003,COc1ccc(-c2cc(C(F)(F)F)n3nc(C(=O)N4CCOCC4)nc3n2)cc1
7436,O=C(c1nc2nc(-c3ccc(Cl)cc3)cc(C(F)(F)F)n2n1)N1CCOCC1
3854,Cc1ccc(C(=O)COc2cc(O)c3c(=O)cc(-c4ccccc4)oc3c2)cc1
9594,c1ccc(Nc2nc(-c3cccs3)cs2)nc1
6780,Nc1nc(CSc2nc3ccccc3[nH]2)nc(N2CCOCC2)n1
1420,Cc1cc(C)c(C#N)c(=N)o1
15053,COc1cc2cc(C)ccc2c2oc(=O)ccc12
15054,COc1cc2cc(COC(=O)CC(C)C)ccc2c2oc(=O)ccc12
1168,N#Cc1ccc2c(c1)nc(CCc1ccc(-c3ccc(N)nc3)cc1)n2Cc1ccccc1Cl
6122,Cc1cc(C)c2[nH]c(=O)c(C(c3nnnn3C(C)(C)C)N3CCN(C(=O)c4ccco4)CC3)cc2c1
9599,CCC(C)(C)n1nnnc1C(c1cc2cccc(C)c2[nH]c1=O)N1CCN(C(=O)c2ccco2)CC1
8890,COc1cc2c(cc1OC)C(C)N(C(=O)c1cc3n(n1)C(C(F)(F)F)CC(c1ccco1)N3)CC2
124,COC(=O)c1sc2cnccc2c1N
7422,CCOC(=O)C1=CN(C)C=C(C(=O)OCC)C1c1ccsc1
672,COc1ccccc1NC(=S)NN=C(C)c1ccccn1
673,CC(=NNC(=S)Nc1ccc(C)cc1)c1ccccn1
2306,Cc1cccc(N2CCN(C(=O)Cn3sc4nc(C)cc(C)c4c3=O)CC2C)c1
7833,CCOc1ccc2[nH]c(=O)c(CN(Cc3nnnn3CCc3ccccc3)CC3CCCO3)cc2c1
9320,COc1ccc2[nH]c(=O)c(CN(Cc3nnnn3CCc3ccccc3)CC3CCCO3)cc2c1
144,Cc1nc2c(-c3ccccc3)c(C)[nH]n2c(=O)c1Cl
1352,CCOC(=O)Cc1c(C)nc2c(-c3ccccc3)c[nH]n2c1=O
10142,Cc1[nH]n2c(=O)cc(C(C)C)nc2c1-c1ccccc1
4913,COc1cc(/C=C2\SC(=S)N(C(Cc3ccccc3)C(=O)O)C2=O)ccc1O
6695,Cn1c(=O)c(C#N)c(-c2ccccc2)n2cnnc12
13700,CN1CCN(c2ccc(Nc3ncc4c(=O)c(C(N)=O)cn(C5CC6CCC5C6)c4n3)cc2)CC1
9153,CCc1c(C)nc2ncnn2c1N1CCC(C(=O)Nc2cccc(C(C)=O)c2)CC1
11210,O=C1/C(=C/c2ccc(N3CCCC3)cc2)COC/C1=C\c1ccc(N2CCCC2)cc1
12887,CC1=C(C(=O)Nc2ccccc2)C2(CCCCC2)C(C#N)=C(SCC(N)=O)N1
13716,Cc1sc2c(c1C)C(c1ccc(Cl)cc1)=N[C@@H](CC(=O)OC(C)(C)C)c1nnc(C)n1-2
9518,CCOc1ccc2[nH]c(=O)c(CN(Cc3nnnn3Cc3ccccc3)CC3CCCO3)cc2c1
6982,CCn1c(SCC(=O)Nc2ccc(C(C)=O)cc2)nc2ccccc21
5792,Cc1ccc(CNC(=O)COC(=O)c2ccc(S(=O)(=O)N3CCOCC3)cc2)cc1
6885,Cn1cccc1C(C(=O)NC1CCCCC1)N(C(=O)Cc1cccs1)C1CC1
2483,O=C(O)CCn1cc(C=C2C(=O)NC(=S)NC2=O)c(-c2cc3ccccc3oc2=O)n1
3495,O=C(Nc1ccc(N2CCOCC2)c(Cl)c1)c1ccc([N+](=O)[O-])o1
6142,Nc1nc2ccc(C(=O)Nc3ccccc3)cc2s1
5618,COc1cc(C(=O)N2CCN(S(=O)(=O)c3cccc(F)c3)CC2)ccc1OCC(=O)N1CCOCC1
162,O=C(c1cn(-c2ccccc2)nc1-c1ccncc1)N1CCCCC1
8551,O=C(O)CCN1/C(=C/C=Nc2ccccc2)Oc2ccccc21
7081,O=C(CSc1nnc(-c2ccccn2)n1Cc1ccccc1)N1CCCC1
8136,CCCCS(=O)(=O)NC1=NCN(C2CCN(Cc3ccccc3)CC2)CN1
3777,COc1cc(/C=C2\COC/C(=C\c3cc(OC)c(OC)c(OC)c3)C2=O)cc(OC)c1OC
3791,COc1cc(/C=C2\COC/C(=C\c3ccc(O)c(OC)c3)C2=O)ccc1O
13000,CCOC(OCC)c1ccc(/C=C2\COC/C(=C\c3ccc(C(OCC)OCC)cc3)C2=O)cc1
13088,CN(C)c1ccc(/C=C2\COC/C(=C\c3ccc(N(C)C)cc3[N+](=O)[O-])C2=O)c([N+](=O)[O-])c1
10019,CC(=O)N(Cc1cccnc1)Cc1cc2ccc(C)cc2[nH]c1=O
10752,COC(=O)c1cc(NC(=O)Cc2coc3cc(OC)ccc23)cc(C(=O)OC)c1
3602,CCOC(=O)C1=C(CC)Nc2ccccc2N=C1NC(=O)c1oc2ccccc2c1C
3622,CCOCc1c(C(=O)NC2=Nc3ccccc3NC(CC)=C2C(=O)OCC)oc2ccccc12
4344,CCOC(=O)C1=C(C)Nc2ccccc2N=C1NC(=O)c1oc2ccccc2c1COC
2443,CC1(C)Cc2nc3sc(C(=O)O)c(N)c3cc2CS1
12225,COc1ccc(/C=C/C(=O)c2c(O)cc(C)oc2=O)c(OC)c1
1932,CC(C)C(C(=O)O)N1CCS(=O)(=O)CC1
7647,CCOC(=O)CN1C(=O)C(C)(C)Oc2ccc(C(=O)Nc3ccccc3OC)cc21
7171,COc1ccc(CCN2C(=O)CC(C(N)=O)SC2=Nc2ccccc2)cc1OC
1936,COc1cc(/C=C2\SC(=S)N(CC(=O)Nc3ccc(O)cc3)C2=O)cc(OC)c1OC
11267,O=C(CCCCCn1c(=O)[nH]c2ccccc2c1=O)NCCc1c[nH]c2ccccc12
12621,CN(Cc1ccccc1)C(=O)CCNC(=O)Cn1cnc2ccccc2c1=O
9520,O=C1CC(c2ccco2)c2ccc3ccccc3c2N1
7967,CN1CCN(C(=O)c2ccc3c(c2)NC(=O)C(C)(C)O3)CC1
6494,Cc1ccc(-c2nnn(CCC(=O)NC3CCCC3)n2)cc1
2543,CCOC(=O)c1c2ccc(OCC(=O)NN)cc2n2ccccc12
4870,N#Cc1c2ccc(O)cc2n2ccccc12
6385,N#Cc1c(/N=C/c2c(O)n(Cc3ccco3)c(=O)[nH]c2=O)sc2c1CCCC2
12898,Cc1cc2c(c(=O)o1)C(Cc1ccccc1)C(C#N)=C(N)O2
9,N#CC1=C(N)Oc2n[nH]c(-c3ccccn3)c2C1c1c(F)cccc1Cl
9131,CC(C)CCNC(=O)CN(CCCN1CCOCC1)C(=O)Cn1nnc(-c2ccc(F)cc2)n1
4925,Cc1ccc(/C=C2/C(=O)ON=C2c2ccccc2)o1
1282,c1ccc2[nH]c(Oc3ccc(OCCN4CCCC4)cc3)nc2c1
6503,Cn1c(SCC(=O)N2CCCCC2)nc2cccnc21
8401,COCCn1c(SCC(=O)N2CCCCC2)nc2cccnc21
12049,O=C(COC(=O)c1cc(S(=O)(=O)N2CCOCC2)ccc1O)NCC1CCCO1
11,Nc1nnnn1/N=C/c1cc(Cl)cc(Cl)c1OCc1ccc(Cl)cc1Cl
7450,Cc1c(Cl)cccc1NC(=O)CC(C(=O)O)C1CCCO1
9667,CCC(=O)Nc1cc(C)c(NC(=O)C23CC4CC(CC(C4)C2)C3)cn1
12844,CC1(C)C2(C#N)C(N)=NC3(OCCO3)C12C#N
9051,O=C(O)CCC(=O)Nc1ccc(N2CCCCC2)c(C(=O)O)c1
6194,Cc1ccc(CNC(=O)c2cccc(-n3cnnn3)c2)cc1
2393,O=C(/C=C/c1ccco1)c1ccc(NC(=O)C23CC4CC(CC(C4)C2)C3)cc1
2066,Cc1ccccc1-c1ccc2c(c1)O[C@@H](CN(C)C(=O)Nc1ccc(C(F)(F)F)cc1)[C@@H](C)CN([C@@H](C)CO)S2(=O)=O
1736,COc1nc(N/N=C/c2cccc(Br)c2)nc(N2CCCCC2)n1
1141,NS(=O)(=O)c1cc(NC(=O)Cc2ccccc2Cl)ccc1OCCc1ccccc1
14971,COc1c(O)cc2c(=O)oc3c(OC)c(O)cc4c(=O)oc1c2c34
15218,O=c1oc2c(O)c(O)cc3c(=O)oc4c(O)c(O)cc1c4c23
5677,Cc1ccc(S(=O)(=O)Nc2c(C)n(C)n(-c3ccccc3)c2=O)cc1C(=O)NCc1ccccc1
8491,O=C(Cn1nc(C(F)(F)F)c2c1CCCC2)NCCN1CCOCC1
8234,Cc1ccc2c(c1)N(Cc1ccncc1)C(=O)C(C)O2
10970,Cc1sc2nc(SCC(=O)Nc3c(C)n(C)n(-c4ccccc4)c3=O)n(C)c(=O)c2c1C
9610,CCn1nnc(-c2ccccc2NC(=O)c2cccc(-n3cnnn3)c2)n1
6517,Cc1cc(NC(=O)CCCC(=O)N(CC(=O)NC2CCCCC2)c2ccccc2)no1
6612,COc1ccc(OC)c(NC(=O)CN2CCN(C(=O)c3ccco3)CC2)c1
7850,COC(=O)c1ccccc1NC(=O)CN1CCN(C(=O)c2ccco2)CC1
9035,O=C(NCc1cccc(F)c1)C1CCN(S(=O)(=O)Cc2ccccc2)CC1
7117,COc1ccccc1CC(NC(C)=O)C(=O)N1CCN(C(=O)Nc2ccccc2Cl)CC1
7388,CC(=O)NC(Cc1cc(C)ccc1C)C(=O)N1CCN(C(=O)Nc2ccc(C(C)=O)cc2)CC1
2831,COc1ccc(-c2cc(=O)oc3c(C)c(O)c(CN(C)C)cc23)cc1
3650,O=c1cc(-c2ccc([N+](=O)[O-])cc2)c2ccc(O)cc2o1
3914,COc1ccc(-c2cc(=O)oc3cc(O)ccc23)cc1
3915,COc1ccc(-c2cc(=O)oc3c(C)c(O)ccc23)cc1
3989,Cc1c(O)ccc2c(-c3ccccc3)cc(=O)oc12
5056,O=c1cc(-c2ccccc2)c2c(O)cc(O)cc2o1
10958,CC(Oc1ccc2c(-c3ccccc3)cc(=O)oc2c1)C(=O)O
11327,COC(=O)COc1ccc2c(-c3cccc([N+](=O)[O-])c3)cc(=O)oc2c1
2447,COc1ccc(N2C(=O)C(Cl)=C(Oc3cccc(OC)c3)C2=O)cc1
4046,COc1ccc(NC(=O)c2sc3nc(C)nc(N4CCN(c5ccccn5)CC4)c3c2C)c(OC)c1
7769,O=C(Nc1cccc(Cl)c1)N1CCN(c2ncccn2)CC1
2222,COc1ccc(NC(=O)c2ccc(NC3CC(=O)N(c4ccc(C)cc4C)C3=O)cc2)cc1
1109,NS(=O)(=O)c1cc(NC(=O)Cc2ccccc2Cl)ccc1OCC1COCCO1
960,Cc1ccc(C(=O)Nc2cccc(C(F)(F)F)c2C)cc1-c1ccc2nc(NCCN3CCCC3)ncc2c1
8623,Cc1ccc(S(=O)(=O)Cn2nnnc2CN2CCCC3(CCCCC3)C2)cc1
6252,CCn1c(SCC(=O)N2CCCc3ccccc32)nc2c1c(=O)n(C)c(=O)n2C
6986,CCCCn1c(SCC(=O)N2CCCc3ccccc32)nc2c1c(=O)n(C)c(=O)n2C
9122,CCCn1c(SCC(=O)N2CCCc3ccccc32)nc2c1c(=O)n(C)c(=O)n2C
8562,Cc1c(C(=O)Nc2cccc3cccnc23)oc2ccccc12
5334,CCCc1nc2ccccc2c(=O)n1/N=C/c1ccccc1O
1681,C/C(=N\NC(=O)c1cccc(C)c1)c1ccc(N2CCOCC2)cc1
14268,Cc1c(Sc2ccc(Cl)cc2)c(=O)on1C(=O)N1CCCCC1
14270,Cc1c(Sc2ccccc2)c(=O)on1C(=O)N1CCCCC1
779,COc1ccc2c3c([nH]c2c1)[C@H](CO)N(C(=O)Nc1cccc(F)c1)CC31CCN(S(=O)(=O)c2cccc(C)c2)CC1
6472,Nc1nc2n(n1)C(c1ccco1)CC(c1ccc(Cl)cc1)N2
7306,O=S(=O)(NC1CCCCCCC1)c1cccs1
14490,C[C@H]1CCCCN1c1nnc2ccc(O[C@@H]3CC[C@H](NC(=O)Nc4cc(C(C)(C)C)nn4-c4cnn(CCN5CCCOCC5)c4)c4ccccc43)cn12
7827,O=C(NCC(=O)N(c1ccc2c(c1)OCO2)C(C(=O)NC1CCCC1)c1cccs1)c1ccco1
12562,O=C(CSc1nc2ccccc2o1)Nc1ccccc1N1CCOCC1
4743,CCOC(=O)C1(CCOc2ccccc2)CCN(Cc2ccc(COC)o2)CC1
14307,Cc1c(Cc2ccccc2)c(=O)on1C(=O)N1CCCCC1
2936,Cc1nc([N+](=O)[O-])c(Br)n1CC(=O)c1ccc2ccccc2c1
5893,Cc1cccc2cc(CN(Cc3nnnn3Cc3ccccc3)C3CCCC3)c(=O)[nH]c12
9904,CCN(CC)CCN(Cc1cc2cc3c(cc2[nH]c1=O)OCCO3)C(=O)NC1CCCCC1
6373,O=C(NC1CC2CCCC(C1)N2S(=O)(=O)c1ccccc1)c1ccccc1
10761,c1ccc2c(NC3CCCC3)nnc(NC3CCCC3)c2c1
2267,O=c1oc2c(CN3CCCCCC3)c(O)ccc2cc1-c1nc2ccccc2[nH]1
5297,O=C(Nc1cccc(N2C(=O)C=CC2=O)c1)c1cccs1
2204,COc1ccc(CNc2c(CO)cnc3c2cnn3C)cc1
9762,CN(C(=O)c1ccncc1)c1nnc(-c2ccccn2)s1
97,O=C(OCC(=O)N1CCCC1)c1cncc(Br)c1
9030,Cc1ccc2nsnc2c1S(=O)(=O)N1CCCC1
3044,CCCCN(c1ccccc1)c1ncnc(N)c1[N+](=O)[O-]
3692,COc1ccccc1Nc1nc(NCC(C)C)nc(N)c1[N+](=O)[O-]
4469,Cc1cc(Nc2ccc(Cl)cc2)nc(N)n1
4965,Cc1cc(Nc2cc(Cl)cc(Cl)c2)nc(N)n1
8714,C=CCc1c(C)nc(SC)nc1Nc1ccc(C(=O)O)cc1
11746,CCCCCCC(Sc1nc(Cl)cc(Nc2cccc(C)c2C)n1)C(=O)O
11747,CCCCCC[C@@H](Sc1nc(Cl)cc(Nc2cccc(C)c2C)n1)C(=O)O
11900,CCCCCC[C@@H](Sc1nc(Cl)cc(Nc2cc(OCC(F)(F)F)cc(OCC(F)(F)F)c2)n1)C(=O)O
8090,O=C(CN(C1CC1)S(=O)(=O)c1ccc(S(=O)(=O)NC2CCCCC2)cc1)Nc1ccccc1
6267,Cc1ccc(-c2noc(C3CCCN(C(=O)c4c(F)cccc4F)C3)n2)cc1
8095,COc1ccc(C(=O)N2CCCC(c3nc(-c4ccc(OC)c(OC)c4)no3)C2)c(OC)c1
9588,COc1ccc(-c2noc(C3CCCN(C(=O)c4ccccc4OC)C3)n2)cc1OC
8572,COc1ccc(-c2noc(C3CCCN(S(=O)(=O)c4cccc(Cl)c4)C3)n2)cc1OC
9001,COc1cc(-c2noc(C3CCCN(S(=O)(=O)c4cccc(Cl)c4)C3)n2)cc(OC)c1OC
4377,COc1cccc(-c2ccc3ncnc(NCc4ccc5c(c4)OCO5)c3c2)c1
14956,COc1c(-c2ccc3c(c2)OCO3)oc2c3c(ccc2c1=O)OC(C)(C)C=C3
4549,CCOc1ccc(/C=C2/SC(=O)NC2=S)cc1
4582,COc1ccc(/C=C2\SC(=O)NC2=S)cc1OC
12755,CC(=O)Nc1ccc(NC(=O)CN(c2ccc(F)cc2)S(=O)(=O)c2ccc3c(c2)OCCO3)cc1
9018,Cc1ccc(CNC(=O)CSc2nc(C)cc(C)c2C#N)cc1
4153,O=C(CCCN1C(=O)/C(=C\c2cccs2)SC1=S)Nc1cc([N+](=O)[O-])ccc1O
3358,O=[N+]([O-])c1ccc(-n2nnnc2-c2ccccc2)c([N+](=O)[O-])c1
9478,COc1ccc(-n2nnnc2-c2cccc(OC)c2)cc1
12474,COc1ccc(-c2nnnn2-c2ccccc2OC)cc1
8206,COc1cccc(NC(=O)CSc2nnc(-c3cccs3)n2C)c1
5515,COc1ccc(-c2nc3scc(-c4ccc(OC)c(OC)c4)c3c(=O)o2)cc1
13730,Cc1c(C(C)C)c(=O)on1C(=O)NCC1CCCCC1
3459,CCOC(=O)N1CCc2c(sc(NC(=O)CN3CCOCC3)c2C(=O)Nc2ccccc2)C1
7121,COc1cc(C2N3CC4(C)CN2CC(C)(C3)C4)ccc1O
3619,O=C(Cn1ncc(Cl)c(Cl)c1=O)N1CCN(Cc2ccccc2)CC1
5382,O=C(c1ccccc1)c1ccc2nc(N3CCN(C(=O)c4ccco4)CC3)c3nncn3c2c1
11634,Cc1cc(C(=O)NNC(=S)NC(=O)/C=C/c2ccccc2Cl)n[nH]1
4259,O=C(COC(=O)C1CCN(c2ccc(C(F)(F)F)cn2)CC1)Nc1cccc(F)c1
1647,CCCOc1ccc(/C(O)=C2/C(=O)C(=O)N(CCCn3ccnc3)C2c2ccco2)cc1
5387,CC(=O)N1CCc2cc(S(=O)(=O)Nc3ccccc3N3CCN(C)CC3)ccc21
6567,OCC12COC(c3ccccc3)N1C(c1ccccc1)OC2
4931,Cc1onc(-c2ccccc2)c1C(=O)NC(=S)NNC(=O)c1ccco1
10720,Cc1onc(-c2ccccc2)c1C(=O)Nc1ccc(S(=O)(=O)NC2=NCCCCC2)cc1
12740,CCn1c2ccccc2c2cc(NC(=O)CSc3nnc(-c4ccc(OC)c(OC)c4)n3N)ccc21
14827,CC1(C)CC[C@]2(C(=O)O[C@@H]3O[C@H](CO)[C@@H](O)[C@H](O)[C@H]3O)CC[C@]3(C)C(=CCC4[C@@]5(C)C[C@@H](O)[C@H](O)C(CO)(CO)C5CC[C@]43C)C2[C@@H]1O
14828,CC1(C)CC[C@]2(C(=O)O[C@@H]3O[C@H](CO)[C@@H](O)[C@H](O)[C@H]3O)CC[C@]3(C)C(=CCC4[C@@]5(C)C[C@@H](O)[C@H](O)[C@@](C)(CO)C5CC[C@]43C)C2C1
14829,CC1(C)CC[C@]2(C(=O)O[C@@H]3O[C@H](CO)[C@@H](O)[C@H](O)[C@H]3O)CC[C@]3(C)C(=CCC4[C@@]5(C)C[C@@H](O)[C@H](O)[C@](C)(CO)C5CC[C@]43C)C2[C@@H]1O
14830,CC1(C)CC[C@]2(C(=O)O[C@@H]3O[C@H](CO)[C@@H](O)[C@H](O)[C@H]3O)CC[C@]3(C)C(=CC[C@@H]4[C@@]5(C)C[C@@H](O)[C@H](O)[C@@](C)(CO)[C@@H]5CC[C@]43C)[C@@H]2C1
15121,C[C@@H]1CC[C@]2(C(=O)O[C@@H]3O[C@H](CO)[C@@H](O)[C@H](O)[C@H]3O)CC[C@]3(C)C(=CCC4[C@@]5(C)C[C@@H](O)[C@H](O)[C@@](C)(C=O)C5CC[C@]43C)C2[C@]1(C)O
15122,C[C@@H]1CC[C@]2(C(=O)O[C@@H]3O[C@H](CO)[C@@H](O)[C@H](O)[C@H]3O)CC[C@]3(C)C(=CCC4[C@@]5(C)C[C@@H](O)[C@H](O)[C@@](C)(CO)C5CC[C@]43C)C2[C@]1(C)O
15124,C[C@@H]1CC[C@]2(C(=O)O[C@@H]3O[C@H](CO)[C@@H](O)[C@H](O)[C@H]3O)CC[C@]3(C)C(=CCC4[C@@]5(C)C[C@@H](O)[C@H](O)[C@](C)(CO)C5CC[C@]43C)C2[C@]1(C)O
12024,N#Cc1cnc(C(=O)Nc2ccc(C3CCN(C(=O)CN4CCOCC4)CC3)cc2C2=CCCCC2)[nH]1
1748,CCS(=O)(=O)N1CCN(c2ccc([N+](=O)[O-])c(N3CCOCC3)c2)CC1
10618,CCOC(=O)C1CCN(C(=O)c2cccnc2)CC1
14027,Cc1ccc(S(=O)(=O)N2CCC(C(=O)Nc3ccc(Oc4ccccc4)cc3)CC2)c(C)c1
8464,CCOC(=O)c1cnc(SCC(=O)Nc2ccc3c(c2)OCCO3)nc1N
11985,Cc1csc(SCCn2c(N3CCCC3)nc3c2c(=O)[nH]c(=O)n3C)n1
7277,COc1ccccc1NC(=O)N1CCCC1C(=O)Nc1ccc2c(c1)OCO2
9787,COc1ccc(-c2ccc(Nc3ccc(S(=O)(=O)N4CCCC4)cc3)nn2)cc1OC
8308,COc1cc(NC(=O)c2ccco2)c(OC)cc1NC(=O)c1cc(OC)c(OC)c(OC)c1
5540,O=C(Nc1ccc(NS(=O)(=O)c2ccccc2)cc1)c1ccc(Cl)cc1
14920,COC(=O)C[C@H](OC(=O)/C=C/c1ccc(O)c(O)c1)c1ccc(O)c(O)c1
4083,Cc1cccc2sc(N(CCCN(C)C)C(=O)CCS(=O)(=O)c3ccccc3)nc12
4089,CS(=O)(=O)c1ccc2nc(NC(=O)CCS(=O)(=O)c3ccccc3)sc2c1
4126,COc1cccc2sc(N(CCCN(C)C)C(=O)CCS(=O)(=O)c3ccccc3)nc12
4127,Cc1ccc2sc(N(CCCN(C)C)C(=O)CCS(=O)(=O)c3ccccc3)nc2c1C
4218,CCOc1cccc2sc(NC(=O)CCS(=O)(=O)c3ccccc3)nc12
4222,COC(=O)c1ccc2nc(NC(=O)CCS(=O)(=O)c3ccccc3)sc2c1
145,NC(=O)C1(N2CCCCC2)CCN(CC(=O)Nc2cc(Cl)ccc2Cl)CC1
3479,Cc1ccc(-c2n[nH]c(=S)n2/N=C/c2ccncc2)cc1
4162,O=[N+]([O-])c1cccc(NC(=S)Nc2nc(-c3ccccc3Cl)cs2)c1
1578,CCCCCc1nc2ccccc2c(=O)n1NC(=O)c1c(O)c2cccc3c2n(c1=O)CCC3
7928,CCc1nc2ccccc2c(=O)n1NC(=O)c1c(O)c2cccc3c2n(c1=O)CCC3
5890,O=C(O)C1(c2cccc(Cl)c2)CCC1
4410,O=C(Nc1ccccc1)c1nc[nH]c1C(=O)NCCCCNC(=O)c1[nH]cnc1C(=O)Nc1ccccc1
4411,O=C(Nc1ccc(Cl)cc1)c1nc[nH]c1C(=O)NCCCCNC(=O)c1[nH]cnc1C(=O)Nc1ccc(Cl)cc1
4413,Cc1cccc(NC(=O)c2nc[nH]c2C(=O)NCCCCNC(=O)c2[nH]cnc2C(=O)Nc2cccc(C)c2)c1
4415,Cc1ccc(NC(=O)c2nc[nH]c2C(=O)NCCCCNC(=O)c2[nH]cnc2C(=O)Nc2ccc(C)cc2)cc1
4418,CC(C)(C)OC(=O)NCc1ccc(NC(=O)c2nc[nH]c2C(=O)NCCCCNC(=O)c2[nH]cnc2C(=O)Nc2ccc(CNC(=O)OC(C)(C)C)cc2)cc1
3421,Cc1c(C(=O)N2CCC(Cc3ccccc3)CC2)cccc1[N+](=O)[O-]
13619,CCNNC(=O)c1ccc(Cn2c3ccccc3c3cnccc32)cc1
14532,Cc1ccc(-n2nc(C(C)(C)C)cc2NC(=O)N[C@H]2CC[C@@H](Oc3ccc4nnc(C5CCCC5)n4c3)c3ccccc32)cc1
7433,CCOC(=O)c1c2n(c3ccc(O)cc13)CCC2
1832,CCC(=O)Nc1nnc(-c2ccccn2)o1
3732,NC(=S)c1cn(C2OC(CO)C(O)C2O)c2ncnc(N)c12
3838,Nc1ncnc2c1ccn2[C@@H]1O[C@H](CO)[C@@H](O)[C@H]1O
14544,C/C(=C\C(=O)C[C@@H](C)[C@]1(C)CC=C2C3=CC[C@H]4C(C)(C)[C@H](O)CC[C@]4(C)[C@@H]3CC[C@]21C)C(=O)O
12618,CC(=O)N1CCc2cc(S(=O)(=O)NCCC3=CCCCC3)ccc21
4165,COc1ccc(NC(=O)NNC(=O)COc2ccc3cc(Br)ccc3c2)c(OC)c1
10257,COC(=O)c1[nH]c2ccccc2c1NS(=O)(=O)c1ccc(F)c(C)c1
10412,COC(=O)c1[nH]c2ccccc2c1NS(=O)(=O)c1ccc(OC)cc1OC
10482,COc1ccc(S(=O)(=O)Nc2c(C(=O)O)[nH]c3ccccc23)c(OC)c1
14754,CC(C)(O)[C@H]1OC[C@H]([C@@H]2CC[C@]3(C)C4=CC[C@H]5C(C)(C)C(=O)CC[C@]5(C)[C@H]4CC[C@@]23C)C[C@H]1O
2114,[N-]=[N+]=N[C@@H]1C[C@H](n2ccc(=O)[nH]c2=O)O[C@@H]1CO
1476,Cc1ccc(-n2c(SCC(=O)Nc3nccs3)nc3c(c2=O)SCC3)cc1
10271,Cn1c(NC(=O)c2ccco2)c(-c2ccccc2Cl)c(=O)c2ccccc21
10386,CCn1c(NC(=O)c2ccco2)c(-c2ccccc2Cl)c(=O)c2ccccc21
4661,N#Cc1ccc(-c2ccccc2)nc1SCCN1CCOCC1
8368,Cn1c(-c2ccc(F)cc2)cnc1SCC(=O)Nc1ccccc1N1CCOCC1
4384,COc1ccc(OC)c(-c2nnc3n2N=C(c2ccc(OC)c(OCC4CC4)c2)CS3)c1
6403,CC1CCCN(C(=O)Cn2nnc(-c3cccnc3)n2)C1
7496,CC1CCCCN1C(=O)Cn1nnc(-c2cccnc2)n1
14074,COc1ccc(C2=NN(Cc3ccc(CN4CCOCC4)cc3)C(=O)[C@@H]3C[C@H]23)cc1OC
1200,NS(=O)(=O)c1ccc(CCNC(=O)Cc2ccccc2Nc2c(Cl)cccc2Cl)cc1
1333,CCC(C)(C)n1nnnc1C(c1ccc(OC)c(OC)c1)N1CCN(c2ccccc2)CC1
6789,COCCn1nnnc1C(c1ccccc1Cl)N1CCN(c2ccccc2OC)CC1
7223,CCC(C)(C)n1nnnc1C(c1cccc(C#N)c1)N1CCN(c2cccc(C)c2C)CC1
9689,COCCn1nnnc1C(c1ccc(OC)cc1OC)N1CCN(c2ccccc2)CC1
14422,COc1ccc(C2=NN(Cc3cccc(CN4CCOCC4)c3)C(=O)[C@@H]3CC=CC[C@H]23)cc1OC
13517,COc1ccc2cc(C(=O)NC3CCOCC3)cnc2c1
8394,COc1ccc(Nc2nc(CC(C)=O)ns2)cc1OC
2435,O=C(O)CCn1cc(C=C2C(=O)NC(=S)NC2=O)c(-c2ccccc2)n1
2484,O=C(O)CCn1cc(C=C2C(=O)NC(=S)NC2=O)c(-c2cccc(Br)c2)n1
2486,O=C(O)CCn1cc(C=C2C(=O)NC(=S)NC2=O)c(-c2cccc(Cl)c2)n1
5733,Cc1c(C(=O)N2CCN(S(=O)(=O)c3cc(F)ccc3F)CC2)oc2ccccc12
14679,C=CC(C)(C)Oc1ccc2c(c1CC=C(C)C)O[C@@H](c1ccc3c(c1)OCO3)CC2=O
14786,CC(C)=CCc1c(O)ccc2c1OC(c1ccc3c(c1)OCO3)CC2=O
14791,CC(C)=CCc1cc2c(c(CC=C(C)C)c1O)OC(c1ccc3c(c1)OCO3)CC2=O
6197,O=C(Nc1ncc(Cc2ccccc2)s1)c1cccs1
11287,COc1ccc(-c2cc(C(F)F)n3ncc(C(=O)N4CCSCC4)c3n2)cc1
7078,O=C(CSc1nnc(-c2ccccn2)n1Cc1ccccc1)Nc1ccc2c(c1)OCO2
13553,O=C(NCCC1CCOCC1)C1CCN(C(=O)NCc2ccc(Cl)cc2Cl)CC1
2670,N#C/C(=C\c1ccc(OCCN2CCOCC2)cc1)C(=O)Nc1ccc(S(N)(=O)=O)cc1
9701,COCCN1C(=O)C(=O)/C(=C(/O)c2cccc(OC)c2)C1c1ccc(C)o1
5453,CNc1nc(OCCNC(=O)Nc2ccccc2)nc(N2CCOCC2)n1
5769,C[C@H]1COC(=O)[C@@H](Cc2ccc(F)cc2)CC/C=C/C[C@@H](CC(=O)N(CCO)Cc2ccccc2)C(=O)N1
8478,Cc1ccc(-c2noc(C3CCCN(C(=O)C4CCCCC4)C3)n2)o1
10724,Cc1ccc2c(CC(=O)N3CCc4ccccc43)coc2c1
4944,O=C(Nc1ccccc1)Nc1ccc2ccccc2c1
12188,CS(=O)(=O)c1nc2c(c(C(F)(F)F)n1)CCCC2
10747,CCOc1ccc(C(=O)Cc2ccc3oc(C(=O)O)cc3c2)c(O)c1
13978,COc1cc(NC(=O)c2ccc(C)c(C#Cc3cnc4cccnn34)c2)cc(OC)c1
245,CSc1nnc2c(n1)OC(c1cn(C)c3ccccc13)N(C(C)=O)c1ccccc1-2
7815,COc1ccc(C(=O)C2CCN(S(=O)(=O)c3ccc4c(c3)OCCO4)CC2)cc1
3307,CCOC(=O)c1ccc(NC(=O)c2cc3c(C)nn(-c4ccccc4Cl)c3s2)s1
48,CCCc1nc(-c2cc3ccc(C)cc3[nH]c2=O)no1
3355,Fc1ccc(Nc2ccnc(Nc3ccc(F)cc3)n2)cc1
2828,Cc1nnc(SCC(=O)N2CCC(c3noc4ccc(F)cc34)CC2)s1
2702,COc1ccc([C@H](Cc2ccncc2)c2cccc(NC(=O)N3CCCC3)c2)cc1OC1CCCC1
8532,Cc1c(NS(=O)(=O)c2cccs2)c(=O)n(-c2ccccc2)n1C
3017,CN1C(=O)/C(=C\c2cc(N=Nc3ccccc3)ccc2O)SC1=S
3033,CN1C(=O)/C(=C/c2cc(N=Nc3ccccc3)ccc2O)SC1=S
3095,Cc1cc(N/N=C/c2ccc(O)cc2O)nc(-c2ccccc2O)n1
3127,Cc1cc(N/N=C/c2ccc(O)c(C)c2O)nc(-c2ccccc2O)n1
3470,COc1cccc(/C=N/Nc2cc(C)nc(-c3ccccc3O)n2)c1O
3739,C/C(=N\Nc1cc(C)nc(-c2ccccc2O)n1)c1ccccc1O
243,Cc1ccc(C(=O)NCc2nnc(SCC(=O)Nc3sc4c(c3C#N)CCCC4)n2C)cc1
12201,O=C(COC(=O)c1cncc(Br)c1)NCC1CCCO1
11246,COc1ccc(/C=C2\N=C(c3ccc(Cl)c([N+](=O)[O-])c3)OC2=O)c(OC)c1OC
9557,O=C(NCCCn1ccnc1)Nc1ccc(Cl)c(Cl)c1
1782,Cc1ccc(N2C(=O)[C@@H]3C(C(=O)CCN4C(=O)c5ccccc5C4=O)=NN[C@@H]3C2=O)cc1
10800,COc1ccc(C)cc1NC(=O)CN(Cc1nnc(-c2ccc(Cl)cc2)o1)C1CCCC1
7444,Cc1cc(C)c2c(c1)cc(C)c1nnc(SCC(=O)Nc3cc(C)on3)n12
12923,CCC(=NCc1ccco1)c1c(O)n(-c2ccc(OC)cc2)c(=O)[nH]c1=O
5044,COc1ccc(C2C(C#N)=C(N)Oc3cccc(O)c32)cc1
5050,COc1ccc(C2C(C#N)=C(N)Oc3cc(O)ccc32)cc1Cl
5052,N#CC1=C(N)Oc2cc(N)ccc2C1c1ccccc1Cl
7934,COc1ccc(C2C(C#N)=C(N)Oc3cc(O)ccc32)cc1OC
9429,COC(=O)C1=C(N)Oc2cc(N(C)C)ccc2C1c1ccccc1OC
14933,COC1=CC(=O)C(CC=C(C)C)(CC=C(C)C)C(=O)/C1=C(O)/C=C/c1ccccc1
1552,O=c1cc(CO)oc(C(Nc2ccccn2)c2ccccc2F)c1O
6819,C#CCNc1nc(C)nc2c1nnn2Cc1ccccc1F
7541,C#CCNc1nc(CC)nc2c1nnn2Cc1ccccc1F
7981,CCOC(=O)C(C(=O)OCC)c1nc(C)nc2c1nnn2Cc1ccccc1Cl
8716,COc1cccc(-c2cc3nc4c(c(N5CCC6(CC5)OCCO6)n3n2)CCCC4)c1
8218,O=C(O)c1ccc(S(=O)(=O)N2CCC(c3nc(-c4ccccc4Cl)no3)CC2)cc1
9578,CN(C)c1ccc(-c2noc(C3CCN(S(=O)(=O)c4ccc(C(=O)O)cc4)CC3)n2)cc1
708,C[C@@H]1CN([C@@H](C)CO)C(=O)c2cc(C#CCc3ccccc3)cnc2O[C@@H]1CN(C)C(=O)C1CCOCC1
709,C[C@H](CO)N1C[C@H](C)[C@H](CN(C)C(=O)C2CCOCC2)Oc2ncc(C#CCc3ccccc3)cc2C1=O
5060,CCOc1ccc(N(C)c2ccc(/C=C3/SC(=S)NC3=O)cc2)cc1
6304,CC(C)OC(=O)C1C2C=CC3(CN(CC4CCCO4)C(=O)C13)O2
1268,O=C1OCCN1C1CCN(CCc2ccc(Oc3nc4ccccc4s3)cc2)CC1
6322,Cc1cc2cc(CN(CCCO)S(=O)(=O)c3cccc4nsnc34)c(=O)[nH]c2cc1C
6680,Cc1ccc2cc(CN(CCCO)S(=O)(=O)c3cccc4nsnc34)c(=O)[nH]c2c1C
2687,COc1ccc([C@H](Cc2ccncc2)c2ccoc2)cc1OC1CCCC1
3800,Cc1ccc(C(=O)Nc2cccc(C(F)(F)F)c2)cc1Nc1cnccn1
1258,OC1(c2ccccc2)CCN(CCOc2ccc(Oc3nc4ccccc4s3)cc2)CC1
14996,COc1cc(/C=C/C(=O)C=C(O)/C=C/c2ccc(OC)c(OC)c2)ccc1O
15072,COc1ccc(/C=C/C(=O)/C=C(O)/C=C/c2ccc(OC)c(OC)c2)cc1OC
668,c1ccc(C(=NNc2nc3ccccc3s2)c2ccccn2)cc1
14579,C=C(C)C(=O)O[C@@H]1C[C@H]2C(=C)C(=O)OC2[C@H]2[C@](C)(O)[C@@H](Cl)[C@@H]3O[C@@]32[C@]1(C)O
14608,C=C1C(=O)OC2[C@H]1C[C@@H](OC(=O)/C(C)=C\C)[C@@](C)(O)[C@]13O[C@H]1[C@@H](O)[C@@](C)(O)[C@H]23
121,CCOC(=O)c1[nH]c(C)c(C(=O)Nc2cc(OC)ccc2OC)c1C
12032,COc1ccc(C(=O)NCC(=O)Nc2ccccc2)cc1OC
986,CN1CCN(CCCNc2nccc(/C(C#N)=C3\Nc4ccccc4S3)n2)CC1
11686,Cc1cc(Oc2cccc(-c3c(C)nnn3C3CCNCC3)n2)cc(C2CCCCC2)c1
3402,COc1ccccc1-n1cc([C@@H]2C[C@H]3CN(c4ccccc4)C(=O)[C@]34CCCN24)cn1
8416,C=CCn1c(O)c(CN2CCOCC2)c(C)c(C#N)c1=O
7177,CCOC(=O)Cc1csc(NC(=O)CSc2nnc(-n3nc(C)cc3C)c3ccccc23)n1
9312,Cn1c(Cn2nnc3ccccc32)nnc1SCC(=O)N1CCc2ccccc21
13790,CN1CCN(c2ccc(Nc3ncc(Cl)c(Nc4cccc(C(F)(F)F)c4)n3)nc2)CC1
6424,Cc1cc(C)nc(N2CCCC(C(=O)Nc3ccc4c(c3)OCCO4)C2)n1
299,Cc1ccc(C2CC2C(=O)NNC(=S)Nc2cccc(Cl)c2)cc1
13932,CC(C)CN(Cc1ccccc1-c1ccccc1)[C@@H]1C[C@@H](CNC(=O)/C=C/c2ccc(/C=C3\SC(=O)NC3=O)cc2)N(C(=O)c2ccccc2C(=O)c2ccc(F)cc2F)C1
9426,Cc1ccc2[nH]c(=O)c(CN(CCCN3CCOCC3)C(=O)NC3CCCCC3)cc2c1
2230,O=C(Nc1ccccc1C(=O)Nc1nnc(C(F)(F)F)s1)c1ccccc1
3786,O=C(Nc1ccccc1C(=O)Nc1nnc(C(F)(F)F)s1)c1ccccc1Cl
12210,O=C(N[C@H]1CNC1=O)OCc1cccc(C2CCCCC2)c1
12774,Nc1ncc2ccn(-c3ccnc(C#CC4(O)CCCCC4)c3)c2n1
1049,COc1ccc(CS(=O)/C(Cl)=C(/Cl)C(=O)Nc2ccc(OC)nc2)cc1
1050,COc1ccc(NC(=O)/C(Cl)=C(/Cl)S(=O)Cc2ccccc2Cl)cn1
14485,C[C@H]1CCCCC1c1nnc2ccc(O[C@@H]3CC[C@H](NC(=O)Nc4cc(C(C)(C)C)nn4-c4cccc(OCCN5CCOCC5)c4)c4ccccc43)cn12
7716,Cn1c(SCC(=O)OC2CCCCC2)nnc1-c1ccc2c(c1)OCO2
613,COC(=O)C[C@](O)(CCCC(C)(C)O)C(=O)O[C@@H]1C(OC)=C[C@]23CCCN2CCc2cc4c(cc2[C@H]13)OCO4
3589,O=C(CCl)c1c[nH]c(/C=N/Nc2ccc([N+](=O)[O-])cc2)c1
4540,O=[N+]([O-])c1ccc(N/N=C/c2ccc[nH]2)cc1
1806,Cn1cccc1/C=C1\C(=O)NC(=O)N(CCC2=CCCCC2)C1=O
2090,CCc1c(C)sc(NC(=O)c2cc(-c3cc(OC)ccc3OC)on2)c1C#N
6007,O=C(CCn1c(=O)oc2ccccc21)Nc1ccccc1
12509,O=P(Cc1nnco1)(c1ccccc1)c1ccccc1
8914,CCOC(=O)c1cc2sccc2n1CC(=O)N1CCc2ccccc21
11855,Cc1[nH]n(-c2nc3c(Cl)c(Cl)ccc3[nH]2)c(=O)c1C1OC(=O)c2ccccc21
12658,CC(=O)c1c(C)[nH]c(C(=O)NCCN2CCC(C)CC2)c1C
5710,COc1cc(C(=O)NCC(c2ccccc2)N(C)C)ccc1OCc1c(C)noc1C
1008,CS(=O)(=O)c1ccc(-c2cc(F)c(F)cc2-c2ccc3c(c2)OCO3)cc1
1016,NS(=O)(=O)c1ccc(-c2cc(F)c(F)cc2-c2ccc3c(c2)OCO3)cc1
4093,NC(=O)c1nsc(C(=O)N(c2ccccc2F)C(C(=O)NCc2ccccc2)c2ccc(O)cc2)c1N
4101,NC(=O)c1nsc(C(=O)N(c2ccccc2)C(C(=O)NCc2ccc(F)cc2)c2ccc(O)cc2)c1N
9351,N#Cc1c(N)n[nH]c1-c1cc2c([nH]1)CCCC2
6248,COCCNC(=O)CN(C(=O)CCC(=O)Nc1ccccn1)c1ccc(F)c(Cl)c1
13125,O=C1NC(=O)C(=Cc2ccc(OCCCCC3CCCCC3)cc2)C(=O)N1
1187,NS(=O)(=O)c1ccc(OCCCNC(=O)C2CCn3c(C(=O)c4ccccc4)ccc32)cc1
12807,CS(=O)(=O)N1CCN(c2ccccc2NC(=O)c2cccnc2)CC1
7080,COc1cccc(C2CC(C(F)(F)F)n3ncc(C(=O)NCC4CCCO4)c3N2)c1
4746,COc1ccc(CN2CCN(CC=C(C)C)C(CCO)C2)cc1Cn1cccn1
7144,CCCCCn1c(SCCN2CCOCC2)nc2c1c(=O)[nH]c(=O)n2C
9206,CC(C)CCn1c(SCCN2CCOCC2)nc2c1c(=O)[nH]c(=O)n2C
167,COc1ccc2nc(C)c3cc(C)oc3c2c1
3886,COc1ccc(-c2csc3ncnc(NCCO)c23)cc1
3977,OCCCNc1ncnc2scc(-c3ccc(Cl)cc3)c12
5054,COc1ccc(-c2csc3ncnc(NCCCO)c23)cc1
8633,CCOc1ccccc1-n1c(SCC(=O)N2CCOCC2)nnc1-c1ccccn1
11950,FC(F)(F)c1cccc(N2CCc3cn[nH]c32)c1
9410,CCCCn1c(SCC(=O)c2ccc3c(c2)OCCO3)nnc1-c1ccoc1C
11840,C[C@H]1[C@H](C)CC[C@]2(C)CC[C@]3(C)C(=CC(=O)[C@@H]4[C@@]5(C)CC[C@@H](O)[C@](C)(C(=O)O)[C@@H]5CC[C@]43C)[C@H]12
11842,CC(=O)O[C@@H]1CC[C@@]2(C)[C@@H](CC[C@]3(C)[C@@H]2C(=O)C=C2[C@@H]4[C@@H](C)[C@H](C)CC[C@]4(C)CC[C@]23C)[C@@]1(C)C(=O)O
14731,CC(=O)O[C@H]1CC[C@]2(C)C3C(=O)C=C4[C@@H]5C[C@@](C)(C(=O)O)CC[C@]5(C)CC[C@@]4(C)[C@]3(C)[C@@H](O)C[C@H]2C1(C)C
14837,CC1(C)[C@@H](O)CC[C@]2(C)C3C(=O)C=C4[C@@H]5C[C@@](C)(C(=O)O)CC[C@]5(C)CC[C@@]4(C)[C@]3(C)[C@@H](O)C[C@@H]12
14838,CC1(C)[C@@H](O)CC[C@]2(C)C3C(=O)C=C4[C@@H]5C[C@@](C)(C(=O)O)CC[C@]5(C)CC[C@@]4(C)[C@]3(C)[C@H](O)C[C@@H]12
14840,CC1(C)[C@@H](O)CC[C@]2(C)C3C(=O)C=C4[C@@H]5C[C@@](C)(C(=O)O)CC[C@]5(C)C[C@H](O)[C@@]4(C)[C@]3(C)CC[C@@H]12
14841,CC1(C)[C@@H](O)CC[C@]2(C)C3C(=O)C=C4[C@@H]5C[C@@](C)(C(=O)O)CC[C@]5(C)C[C@H](O)[C@@]4(C)[C@]3(C)[C@@H](O)C[C@@H]12
14843,CC1(C)[C@@H](O)CC[C@]2(C)[C@H]3C(=O)C=C4[C@@H]5C[C@@](C)(C(=O)O)CC[C@]5(C)CC[C@@]4(C)[C@]3(C)CC[C@@H]12
4511,CCOc1cccc(CNc2ccc(O)cc2)c1OCc1ccccc1Cl
5447,CCCCNC(=O)C(Cc1ccccc1)NS(=O)(=O)c1ccc2c(c1)c(=O)n(C)c(=O)n2C
5716,COc1ccc(NC(=O)CN2C(=O)NC(C)(C3CC3)C2=O)cc1S(=O)(=O)N1CCCCC1
3267,COc1cccc(-n2c(SCC(=O)N3CCc4ccccc43)nnc2-c2c[nH]c3ccccc23)c1
3302,N#Cc1c(NC(=O)/C=C/c2ccco2)sc2c1CCCC2
6621,CCOc1ccccc1C1C(C#N)=C(N)SC(N)=C1C#N
8680,N#CC1=C(N)SC(N)=C(C#N)C1c1c(Cl)cccc1Cl
9680,N#CC1=C(N)SC(N)=C(C#N)C1c1ccc(C(F)(F)F)cc1
1144,NS(=O)(=O)c1cc(NC(=O)Cc2ccccc2Cl)ccc1OCC1CCC1
12565,CCC(=O)N1CCN(c2nc3ccccc3s2)CC1
10211,O=S(=O)(Nc1ccc2c(c1)nc1n2CCOC1)c1ccc(Cl)cc1
10410,O=S(=O)(Nc1ccc2c(c1)nc1n2CCOC1)c1ccccc1
1641,Cc1ccn2cc(CCNS(=O)(=O)c3ccc(F)c(C(F)(F)F)c3)nc2c1
2779,O=c1[nH]nc(Sc2ncnc3sccc23)n1CCc1ccccc1
1757,COc1cccc(-c2cc3c(=O)n(-c4ccccc4)c(=S)[nH]c3s2)c1
7746,Cc1csc2nnc(N)n12
10287,C=C1CC(C)OC(c2ccccc2OCC(O)CN2CCCCC2)C1
4067,COc1ccc(NC(=O)Cn2nnc(C(=O)NCc3ccc(C)cc3)c2N)cc1Cl
5464,Cc1cc(Cl)c(S(=O)(=O)N2CCCC2)cc1OCC(=O)NC1CCCCC1
3899,Cc1cccc(Nc2nc(N3CCOCC3)nc(N3CCOCC3)n2)c1
12325,Cc1nn(CC(=O)NCCN2CCOCC2)c(=O)c2ccccc12
9612,O=C(NC1CCCC1)C1CCCN1C(=O)Nc1ccccc1Cl
13243,O=C(O)CNc1nc(-c2ccccc2)c(-c2ccccc2)s1
13319,COc1ccc(-c2nc(NCC(=O)O)sc2-c2ccc(OC)cc2)cc1
256,O=C1C=C(NCc2ccco2)CC(c2ccc(Cl)cc2)C1
11629,CCCCCCCCc1ccc(OCC(=O)Cn2cnc(C(=O)O)c2)cc1
13200,CCCCCCCCc1ccc(OCC(=O)Cn2ccnc2)cc1
11067,COc1cc2c(=O)n(CCCN3CCOCC3)c(=S)[nH]c2c(OC)c1OC
7676,O=C(CSc1nnc(-c2ccc(F)cc2)o1)c1ccc2c(c1)OCCO2
8066,Cc1ccc(C(=O)C(NC(=O)c2ccco2)N2CCOCC2)cc1
6841,Cc1cccc(N(CC(=O)NC2CCCC2)C(=O)CCCC(=O)Nc2ccccn2)c1
9126,CCOc1ccccc1N(CC(=O)NC1CCCC1)C(=O)CCCC(=O)Nc1ccccn1
12806,Cc1ccc(N(CC(=O)NC2CCCC2)C(=O)CCCC(=O)Nc2ccccn2)cc1C
8713,CCC(C)(C)n1nnnc1C(c1ccncc1)N1CCN(c2cccc(OC)c2)CC1
1911,Cc1ccc(Cn2ncc3c(N4CCN(C5CCCC5)CC4)ncnc32)cc1
2138,CCOC(=O)c1sc(NC(=O)c2cc(-c3ccc(C)cc3)nc3ccccc23)c(C#N)c1C
5606,COC(=O)c1c(NC(=O)COc2ccc(Cl)cc2)sc2c1CC(C)(C)NC2(C)C
11674,CCOC(=O)c1c(NC(=O)COc2ccccc2C#N)sc2c1CC(C)(C)NC2(C)C
11863,CC1(C)Cc2c(sc(NC(=O)COc3ccc(Cl)cc3Cl)c2C(N)=O)C(C)(C)N1
11712,Cc1ccccc1COc1ccc(-c2onc(C)c2-c2ccc(Cl)cc2)c(O)c1
11732,N#Cc1cccc(COc2ccc(-c3onc(C(=O)O)c3-c3ccc(Cl)cc3)cc2)c1
12213,Cc1ccccc1COc1ccc(-c2onc(C(=O)O)c2-c2ccc(Cl)cc2)cc1
13078,O=C(O)c1noc(-c2ccc(OCc3ccccc3C(F)(F)F)cc2)c1-c1ccc(Cl)cc1
9308,Nc1nc2ccc(C(=O)NC3CCCCC3)cc2s1
3366,C=CCOc1c(OC)cc(/C=N/Nc2cccc(C(=O)O)c2)c(Br)c1Br
3984,C/C(=N/Nc1ccccc1[N+](=O)[O-])c1ccc([N+](=O)[O-])cc1
11176,c1ccc2c(c1)OCC(c1nn3c(Cn4nnc5ccccc54)nnc3s1)O2
11699,Cc1ccc(-c2oc3ncnc(N)c3c2-c2ccc(C)cc2)cc1
11777,COc1ccc(-c2oc3ncnc(N)c3c2-c2ccccc2)cc1
4186,O=C1/C(=C/c2ccccc2F)SC(=S)N1CC(=O)N1CCCCC1c1cccnc1
9421,CCCNS(=O)(=O)c1ccc(CCC(=O)NCc2ccc3c(c2)OCO3)cc1
2941,O=C1c2ccccc2C(=O)c2c1oc(C(F)(F)F)c2C(=O)c1ccccc1
3403,O=C(c1ccccc1)c1coc2c1C(=O)c1ccccc1C2=O
10860,CCOc1ccc(NC(=O)COC(=O)Cn2cnnn2)cc1OCC
8201,O=C(NC1CCCCC1)/C(=N\O)c1ccccn1
6298,Cc1ccc(OCc2nnc(SCC(=O)NCc3ccccc3)n2C)cc1
6653,Cn1c(COc2ccccc2)nnc1SCC(=O)NCc1ccccc1
8222,CCn1c(COc2ccccc2C)nnc1SCC(=O)NCc1ccccc1
15101,COc1ccc2cc1Oc1ccc(cc1)C[C@H]1c3c(cc4c(c3Oc3cc5c(cc3OC)CCN(C=O)[C@@H]5C2)OCO4)CCN1C
12796,CC(C)CN1C(=O)c2ccc(C(=O)Nc3nccs3)cc2C1=O
9143,CC(C)(C)n1nnnc1CN1C2CCC1CC(NC(=O)Nc1ccccc1)C2
12756,Clc1ccc(Cn2c(-c3cccnc3Cl)nc3ccccc32)cc1
10004,CC1CCCN(c2nc3c(c(=O)n(C)c(=O)n3C)n2CCSc2nc3ccccc3o2)C1
10545,Cn1c(=O)c2c(nc(N3CCCCC3)n2CCSc2nc3ccccc3o2)n(C)c1=O
12734,O=C(CSc1nc2ccccc2c(=O)n1CCCC(=O)N1CCCC1)NCc1ccco1
1633,Cc1oc(-c2cccs2)nc1CSCC(=O)N1CCC2(CC1)OCCO2
3448,Cc1c(Cl)sn(-c2ccc(Cl)cc2)c1=O
4215,COc1cc(-c2nnc(NC(=O)CCS(=O)(=O)c3ccc(F)cc3)o2)cc(OC)c1OC
6376,CCOc1ccc2nc(SCC(=O)N3CCCCCC3)c(C#N)cc2c1
5989,Cc1ccc(NC(=O)N2C(=O)C3(OCCO3)c3ccccc32)cc1
14086,COc1ccc2cc(C(=O)NC3CCc4ccccc43)cnc2c1
293,COc1ccc2o/c(=N\O)c(C(=O)Nc3ccccc3OC)cc2c1
5063,COc1cccc(NC(=O)c2cc3ccccc3o/c2=N\O)c1
7662,COc1ccccc1NC(=O)c1cc2ccc(O)cc2o/c1=N\O
9453,COc1ccc2oc(=N)c(C(=O)Nc3ccccc3)cc2c1
2183,Cc1cccc(NC(=O)CSc2cc(C(=O)c3nccn3C)c3ccccc3n2)c1
5688,CNc1nc(-c2ccc(S(=O)(=O)N3CCCCC3)cc2)cs1
10869,CCCn1c(N)c(Sc2ccc(Cl)cc2)c(=O)n(CCC)c1=O
2661,CC(C)c1ccc(/C=C2\SC(=O)N(CC(=O)NC3CCS(=O)(=O)C3)C2=O)cc1
11032,O=C(COC(=O)c1cccs1)NCc1ccccc1
4640,O=C(COC(=O)[C@H](Cc1ccccc1)NC(=O)c1cccs1)NC1CCCCC1
4493,CSc1nnc(C)c(/C=C/Nc2ccc(Cl)cc2)n1
4494,CSc1nnc(C)c(/C=C/Nc2ccc(F)cc2)n1
12045,CCc1ccccc1NC(=O)c1ccc(CN2CCC(Cc3ccccc3)CC2)cc1
12519,O=C(Nc1ccccc1C(F)(F)F)c1ccc(CN2CCC(Cc3ccccc3)CC2)cc1
6866,CC(C)CCN(C(=O)CNC(=O)c1ccco1)C(C(=O)NC1CCCCC1)c1ccco1
9998,Cc1cc2oc(=O)cc(CN3CCC(C)CC3)c2c(C)c1Cl
10013,CCc1ccc2oc(=O)cc(CN3CCC(C)CC3)c2c1
10201,Cc1ccc2oc(=O)cc(CN3CCC(C)CC3)c2c1
10576,Cc1cc2oc(=O)cc(CN3CCCCC3C)c2c(C)c1Cl
3126,Cc1cc(C)c(C(CC(=O)c2cccs2)C(C#N)C#N)c(C)c1
3225,Cc1ccccc1C(CC(=O)c1cccs1)C(C#N)C#N
8121,O=C(CSc1nnc(-c2cccnc2)n1C1CCCCC1)NC1CCCCC1
1069,N#CN1CC(OCc2ccc(-c3ccc4c(c3)OCO4)cc2)(c2ccccc2)C1
6332,Cc1ccc(-n2c(SCC(=O)NCc3cccs3)nnc2-c2ccoc2C)cc1
8388,COCCN(Cc1cc2cc3c(cc2n2nnnc12)OCO3)C(=O)c1ccccc1F
9042,O=C1NCN(c2ccccc2)C12CCN(c1nnnn1-c1ccccc1)CC2
2806,O=S(=O)(CC(CN1CCCC1)N1CCCC1)c1ccc2ccccc2c1
2398,CCOCCn1c(=NC(=O)c2cc(Cl)sc2Cl)sc2cc(S(N)(=O)=O)ccc21
3340,COc1cc(/C=C2\CC/C(=C\c3cc(OC)c(O)c(OC)c3)C2=O)cc(OC)c1O
4798,COc1cc(/C=C2/CC/C(=C/c3ccc(O)c(OC)c3)C2=O)ccc1O
11877,CCOC(OCC)c1ccc(/C=C2\CC/C(=C\c3ccc(C(OCC)OCC)cc3)C2=O)cc1
1619,CCC(Sc1nc2c(c(=O)n1CC)SC(C)C2)C(=O)OC
5883,Cc1nn(-c2ccccc2)c2sc(C(=O)N(CC(=O)NC(C)(C)C)Cc3ccco3)cc12
74,CCC(C)Sc1nc2c(c(=O)[nH]c(=O)n2C)n1C
253,C=CCOc1nc2c(c(=O)n(C)c(=O)n2C)n1C
1602,COC(=O)Cn1cnc2c1c(=O)n(C)c(=O)n2C
4911,CCOCCn1c(SC(C)C(C)=O)nc2c1c(=O)[nH]c(=O)n2C
5934,COC(=O)C(C)Sc1nc2c(c(=O)[nH]c(=O)n2C)n1CCC(C)C
6206,COCCCNc1nc2c([nH]1)c(=O)[nH]c(=O)n2C
6280,COC(=O)CSc1nc2c(c(=O)[nH]c(=O)n2C)n1CCC(C)C
6457,CCCCCCn1c(SCC(C)C)nc2c1c(=O)[nH]c(=O)n2C
7488,C/C=C/Cn1c(Br)nc2c1c(=O)n(C)c(=O)n2C
7492,CCSc1nc2c(c(=O)[nH]c(=O)n2C)n1C/C=C(/C)Cl
7880,C/C(Cl)=C/Cn1c(NCCN(C)C)nc2c1c(=O)n(C)c(=O)n2C
7973,CCCCn1c(SCC(=O)OC)nc2c1c(=O)n(C)c(=O)n2C
8205,CC(C)Sc1nc2c(c(=O)n(C)c(=O)n2C)n1C
8220,CCCCCCn1c(SCCC)nc2c1c(=O)[nH]c(=O)n2C
8739,C=C(C)Cn1c(NCCOC)nc2c1c(=O)[nH]c(=O)n2C
8825,C=CCn1c(SCCC(=O)O)nc2c1c(=O)n(C)c(=O)n2C
9342,C=CCSc1nc2c(c(=O)n(C)c(=O)n2C)n1CC
9471,C/C(Cl)=C/Cn1c(SC(C)C)nc2c1c(=O)[nH]c(=O)n2C
9863,C=CCn1c(Br)nc2c1c(=O)[nH]c(=O)n2C
1678,N/C(=N\c1nc(CSc2ccc(Cl)cc2)cc(=O)[nH]1)Nc1cccc2ccccc12
6249,COc1ccccc1N1CCN(C(=O)Cn2nnc(-c3ccncc3)n2)CC1
7474,Cc1cc(S(=O)(=O)N2CCC(NC(=O)C34CC5CC(CC(C5)C3)C4)CC2)ccc1-n1cnnn1
3628,CN(C)C(CNC(=O)C1CCN(S(=O)(=O)c2ccccc2)CC1)c1ccccc1
10552,Cc1ccc(S(=O)(=O)N2CCC(C(=O)N[C@@H](Cc3ccccc3)C(=O)O)CC2)cc1
7733,Cc1nc2ccccc2c(=O)n1CC(=O)N1CCOCC1
639,C[C@@H]1CN([C@H](C)CO)C(=O)c2cccc(NS(=O)(=O)c3ccc(Cl)cc3)c2O[C@@H]1CN(C)Cc1ccc(C(=O)Nc2ccccc2N)cc1
640,C[C@@H]1CN([C@@H](C)CO)C(=O)c2cccc(NS(=O)(=O)c3ccc(Cl)cc3)c2O[C@@H]1CN(C)Cc1ccc(C(=O)Nc2ccccc2N)cc1
13296,COc1ccc2cc(C(=O)NCc3ccn(C)n3)cnc2c1
8586,c1ccc(N2CCN(c3c4c(nc5ncnn35)CCC4)CC2)cc1
14473,CN1CCN(Cc2ccc(-n3nc(C(C)(C)C)cc3NC(=O)N[C@H]3CC[C@@H](Oc4ccc5nnc(N6CCCCC6)n5c4)c4ccccc43)cc2)CC1
8673,O=C(CSc1nc2ccccc2s1)NCCCN1CCOCC1
11086,O=C(Nc1ccc2[nH]c3c(c2c1)CCCC3)c1ccco1
12801,COc1ccc(Nc2nc3ccccc3c(=O)s2)c(OC)c1
5945,Cc1nnc(NC(=O)CSc2nnc(CCc3nc4ccccc4[nH]3)n2C)s1
7619,CCc1nnc(NC(=O)CSc2nnc(CCc3nc4ccccc4[nH]3)n2C)s1
6226,COC(=O)c1cccc(-n2nnnc2SCC(=O)Nc2nc3c(s2)CCCC3)c1
13715,FC(F)(F)c1cccc(Nc2nc(Nc3cc(-c4ccsc4)ccn3)ncc2Cl)c1
6158,CCOC(=O)CNC(=O)C1CCCN(c2ncccn2)C1
6904,CCC(C)NC(=O)C1CCN(c2nc(C)cc(C)n2)CC1
7056,COCCNC(=O)C1CCCN(c2ncccn2)C1
9313,COCCCNC(=O)C1CCN(c2nc(C)cc(C)n2)CC1
9892,COc1cc(C)nc(N2CCC(C(N)=O)CC2)n1
7978,COc1cc(NC(=O)Nc2ccccc2OC)c(OC)cc1NC(=O)CN1CCCCC1
137,CN(CCC#N)C(=O)c1ccc(CNS(=O)(=O)c2ccc(F)cc2)cc1
1433,COc1ccc(C(=O)NCCNC(C)=O)cc1S(=O)(=O)NCc1ccc(Cl)cc1
1882,COCCCNC(=O)COc1ccc(S(=O)(=O)NCc2ccccc2)cc1Cl
5410,COc1ccc(S(=O)(=O)NCc2ccccc2Cl)cc1OC
12877,CCOc1cc(S(=O)(=O)NCc2ccccc2)ccc1F
5461,Cc1c(NC(=O)c2cc3ccccc3c(=O)s2)c(=O)n(-c2ccccc2)n1C
4134,CCOc1ccc(C(C(=O)NC2CCCC2)N(C(=O)c2snc(C(N)=O)c2N)c2cccc(O)c2)cc1
13147,O=C1CN(c2ccc(C(=O)NC3CCN(CC(F)(F)F)CC3)cn2)CCN1
8557,O=C(Nc1cccc(NC(=O)N2CCN(c3ccccc3)CC2)c1)N1CCN(c2ccccc2)CC1
350,O=C(O/N=C1/CCCc2occc21)c1ccccc1
8469,O=C(O)C1CCN1C1CCCCC1
8783,CCOC(=O)c1ccc(NC(=O)C2CCCO2)cc1
9275,CCOc1cc(NC(=O)C2CCCO2)c(OCC)cc1NC(C)=O
9674,COC(=O)c1ccc(NC(=O)C2CCCO2)cc1
10392,Cc1ccc2nc3c(cc2c1)CC1(C(=O)N(C)C(=O)N(C)C1=O)C1COCCN31
13384,FC(F)(F)Oc1cccc(Nc2nc(Nc3ccc(-c4ccsc4)cn3)ncc2Cl)c1
13545,O=[N+]([O-])c1cc(-c2ccsc2)cnc1Nc1ncc(Cl)c(Nc2cccc(C(F)(F)F)c2)n1
13558,Fc1ccc(Nc2nc(Nc3ccc(-c4ccsc4)cn3)ncc2Cl)cc1C(F)(F)F
13570,COc1cnc(Nc2ccc(-c3ccsc3)cn2)nc1Nc1cccc(C(F)(F)F)c1
13573,Nc1cccc(Nc2nc(Nc3ccc(-c4ccsc4)cn3)ncc2Cl)c1
13586,Fc1ccc(Nc2nc(Nc3ccc(-c4ccsc4)cn3)ncc2Cl)cc1
13628,Cc1cnc(Nc2ccc(-c3ccsc3)cn2)nc1Nc1cccc(C(F)(F)F)c1
13631,FC(F)(F)c1ccc(Nc2nc(Nc3ccc(-c4ccsc4)cn3)ncc2Cl)cc1
13663,Fc1ccc(Nc2nc(Nc3ccc(-c4ccsc4)cn3)ncc2Cl)cc1F
13664,FC(F)(F)c1cccc(Nc2nc(Nc3ccc(-c4ccsc4)cn3)ncc2Br)c1
13677,FC(F)(F)Oc1ccc(Nc2nc(Nc3ccc(-c4ccsc4)cn3)ncc2Cl)cc1
13717,CC(=O)Nc1ccc(Nc2nc(Nc3ccc(-c4ccsc4)cn3)ncc2Cl)cc1
13757,Fc1cnc(Nc2ccc(-c3ccsc3)cn2)nc1Nc1cccc(C(F)(F)F)c1
13788,CC(=O)Nc1cccc(Nc2nc(Nc3ccc(-c4ccsc4)cn3)ncc2Cl)c1
13791,FC(F)(F)c1cccc(Nc2nc(Nc3ccc(-c4ccsc4)cn3)ncc2Cl)c1
13793,Nc1ccc(Nc2nc(Nc3ccc(-c4ccsc4)cn3)ncc2Cl)cc1
6983,Cc1cccc(N(C(=O)Cn2nnc3ccccc32)C(C(=O)NCc2ccco2)c2ccncc2)c1
8267,Cc1ccc(C)c(N(C(=O)Cn2nnc3ccccc32)C(C(=O)NCc2ccco2)c2ccncc2)c1
2256,O=C1c2ccccc2-c2onc3ccc(NCCCn4ccnc4)c1c23
6314,Cc1ccc2oc(-c3ccc(NC(=O)c4cccnc4)cc3)nc2c1
11603,Cc1ccc(S(=O)(=O)NC(=O)c2ccccn2)cc1
11705,O=C(NS(=O)(=O)c1ccccc1)c1ccccn1
11799,O=C(NS(=O)(=O)c1ccc(F)cc1)c1ccccn1
11867,O=C(NS(=O)(=O)c1ccc(Cl)cc1)c1ccccn1
12004,O=C(NS(=O)(=O)c1ccc(Br)cc1)c1ccccn1
2728,COc1ccc(CCNC(=O)c2c(O)c3c([nH]c2=O)CCCC3)cc1
9742,COc1ccc(CCNC(=O)c2c(O)c3c([nH]c2=O)CCCC3)cc1OC
475,COc1ccc(-c2onc(C)c2-c2ccc(C(=O)OC(C)C)o2)c(O)c1
4866,COc1ccc(C(=O)COC(=O)c2cc(S(=O)(=O)NCc3ccccc3)ccc2O)cc1
1504,CCOc1ccccc1C(=O)Nc1ccc(-c2nnc(-c3ccc(C)cc3)o2)cc1
13030,Cc1ccccc1C(=O)c1c(CC(C)(C)C(=O)O)n(Cc2ccc(Cl)cc2)c2ccc(C(C)C)cc12
11448,CN(C(=O)COC(=O)c1ccccc1Nc1ccccc1)C1CCS(=O)(=O)C1
5319,Cn1c(Sc2nc3ccccc3n2C)nc2ccccc21
10022,O=P1(NC2CCCC2)COc2ccccc2OC1
548,OC(CCN1CCCCC1)c1ccc(-c2ccccc2)cc1
5179,N#C/C(=C\c1ccc2c(c1)OCCO2)C(=O)Nc1nccs1
566,CCN(CC(=O)Nc1c(F)cccc1F)C(=O)/C=C/c1ccc(C)o1
9890,COCCN(C(=O)Cc1cccs1)c1nnc(-c2cccnc2)s1
12909,O=C(COC(=O)C1(c2ccccc2)CC1)N1CCN(c2ccc(F)cc2)CC1
13489,CCc1nc(N)nc2c1ccn2-c1ccnc(C#CC2(O)CCN(C)C2=O)c1
13690,Cc1nc(N)nc2c1ccn2-c1ccnc(C#CC2(O)CCN(C)C2=O)c1
13966,CN1CCC(O)(C#Cc2cc(-n3ccc4cnc(N)nc43)ccn2)C1=O
14384,Cc1ccc(S(=O)(=O)N2CCC(C(=O)Nc3cnc4ccccc4c3)CC2)c(C)c1
8759,Cc1cccc2cc(C#N)c(NCCNS(=O)(=O)c3ccc4c(c3)OCCO4)nc12
9419,CCC(C)(C)n1nnnc1C(c1ccccn1)N1CCOCC1
10222,CC(C)(C)c1ccc(-c2noc(CCC(N)=O)n2)cc1
10406,O=C(O)CCc1nc(-c2ccccc2Cl)no1
10463,O=C(O)CCCc1nc(-c2ccccc2)no1
11585,CC(O)(C#Cc1cc(-n2ccc3cnc(N)nc32)ccn1)C(=O)N1CCCC1
45,O=C(NCC1COCCO1)C1CCN(S(=O)(=O)c2ccccc2)CC1
8675,CC1(C)CC(c2csc(N)n2)CCO1
9760,CCCC1CC(c2csc(N)n2)CCO1
7322,Cc1c(-c2cccs2)[n+](=O)c2c(n1[O-])CCC2
7349,CCn1cc(C(=O)Nc2ccc(-n3cnnn3)c(OC)c2)c(=O)c2ccc(C)nc21
13781,CC(C)Oc1ccc(-n2c(C(=O)O)cc3cc(Cc4ccc(C(C)(C)C)cc4)ccc32)cc1
840,C[C@@H]1CN([C@H](C)CO)C(=O)c2c(c3ccccc3n2C)-c2ccccc2CO[C@H]1CN(C)C(=O)c1cc(Cl)cc(Cl)c1
513,O=C(Nc1ccc(F)cc1)c1nn(-c2ccccc2)c(=O)cc1Cl
6588,CC(=O)c1ccc(NC2CC(O)C(O)CO2)cc1
10350,Cn1c(=O)n(CCN2CCOCC2)c(=O)c2c1nc1n2CCN1c1ccccc1
8855,CCOC(=O)c1c(NC(=O)CSc2nnnn2-c2ccc3c(c2)OCCO3)sc(C)c1C
7394,O=C(Oc1cccc2c(O)cccc12)c1ccccc1
11201,O=C(O)c1cccc(C(=O)Oc2cccc3ccccc23)c1
11536,O=C(Oc1cccc2ccccc12)c1cccc([N+](=O)[O-])c1
1662,Cn1cc(Cl)c(C(=O)NNC(=S)NCc2ccco2)n1
5852,O=C(CSc1nnnn1-c1ccc2c(c1)OCCO2)Nc1nc2c(s1)CCCC2
3810,COC(=O)c1ccc(-c2ccc(OC)c([C@H]3[C@H]4C=CC[C@@H](C)[C@@H]4C(=O)N3Cc3ccccc3)c2)cc1
3811,COc1ccc(-c2ccc(F)cc2)cc1[C@H]1[C@H]2C=CC[C@@H](C)[C@@H]2C(=O)N1Cc1ccccc1
11131,CC(C)C[C@@H]1NC(=O)[C@H](C(C)C)NC(=O)CSC[C@@H](C(N)=O)NC(=O)CNC(=O)CNC(=O)[C@H](CCCN=C(N)N)NC(=O)[C@H](CC(=O)O)NC(=O)[C@H](CCCCN)NC(=O)[C@@H]2CCCN2C(=O)[C@H](CCCN=C(N)N)NC(=O)[C@H](Cc2ccccc2)NC(=O)[C@H](CCCN=C(N)N)NC1=O
2237,C(=NNc1ccc2ccccc2n1)c1ccccn1
8953,CS(=O)(=O)N1CCN(C(=O)c2ccc(F)cc2)CC1
2673,C=Cc1ccc(C(=O)N2CCCC(CCC(=O)N3CCN(c4ccccn4)CC3)C2)cc1
1214,CC(C(=O)O)c1ccc(-c2cccc(OC(=O)Nc3ccccc3)c2)c(F)c1
6388,Cc1ccc(C)c(Cn2nnc3c(=O)[nH]c(C4CCCN(C(=O)C5CCCCC5)C4)nc32)c1
10872,Cc1ccc(C)c(-c2nnc(OCC(=O)Nc3cc(C)on3)c3ccccc23)c1
10999,Cc1cc(NC(=O)COc2nnc(-c3ccccc3)c3ccccc23)no1
4236,Cc1c(Cl)cccc1N=C1SCCN1C(=O)CN1C(=O)NC2(CCCC2)C1=O
5657,CC1CN(C(=O)CN2C(=O)NC3(CCCC3)C2=O)C(=Nc2cccc(S(=O)(=O)N(C)C)c2)S1
9088,OCC1OC(n2nnc3ccccc32)C(O)C(O)C1O
785,C[C@@H]1CN([C@@H](C)CO)C(=O)c2c(c3ccccc3n2C)-c2ccccc2CO[C@H]1CN(C)Cc1cccc(C(=O)Nc2ccccc2N)c1
11347,Cc1ccc(C(=O)NC(C)c2ccc(-n3ccnc3)cc2)cc1S(=O)(=O)N1CCOCC1
2128,COc1ccc2c(c1)c1nc3ccccc3nc1n2CC(=O)OC(C)C
2201,CCn1c2ccccc2c2nc3cc(C(=O)O)ccc3nc21
2253,CCOC(=O)Cn1c2ccc(OC)cc2c2nc3ccccc3nc21
6541,CCOC(=O)Cn1c2ccccc2c2nc3ccccc3nc21
9972,N#CCCn1c2ccccc2c2nc3ccccc3nc21
10333,COc1cc2nc3c4ccccc4n(CC#N)c3nc2cc1OC
12357,CCOc1ccc(-c2[nH]nc3c2C(c2ccoc2)C(C#N)=C(N)O3)cc1
12870,O=c1oc2cc(O)ccc2cc1-c1ccc(F)cc1
15057,COc1cc2oc(=O)c(-c3ccc(O)cc3)c(O)c2c(OC)c1CC=C(C)C
15060,COc1ccc(-c2c(O)c3c(OC)c(CC=C(C)C)c(OC)cc3oc2=O)cc1
6137,Cc1sc2ncn(CC(=O)OCC(=O)NC(C)(C)C)c(=O)c2c1C
6756,CCc1cc2c(=O)[nH]cnc2s1
7268,Cc1sc2ncn(CCC(=O)O)c(=O)c2c1C
8178,Cc1cc2c(=O)n(NC(N)=O)c(C)nc2s1
11129,C=CCn1c(SCC(=O)/C(C#N)=C(\C)N)nc2sc(CC)cc2c1=O
12639,Cc1c(C(N)=O)sc2ncn(CC(=O)OC(C)C)c(=O)c12
12690,Cc1nc2sc(C)c(C)c2c(=O)[nH]1
11371,CCOc1ccc(NS(=O)(=O)c2cc(C(=O)NCCCN3CCOCC3)ccc2C)cc1
12093,O=C(Cc1ccccc1)NCCCc1ccccc1
3792,COc1nc(N)c(C#N)c(-c2ccc(N(C)CCC#N)cc2)c1C#N
7729,CCOc1cc(-c2c(C)c(C)nc(N)c2C#N)ccc1O
8981,Cc1cc(-c2ccccc2)c(C#N)c(SCC(N)=O)n1
15080,COc1ccc(CCc2cc(=O)c3c(o2)[C@@H](O)[C@@H]2Oc4c(c(O)cc5c(=O)cc(CCc6ccc(OC)cc6)oc45)[C@H]3[C@@H]2O)cc1
15212,O=c1cc(CCc2ccccc2)oc2c1[C@@H]1c3ccc4c(=O)cc(CCc5ccccc5)oc4c3O[C@@H]([C@@H]1O)[C@H]2O
15214,O=c1cc(CCc2ccccc2)oc2c1[C@H]1c3ccc4c(=O)cc(CCc5ccccc5)oc4c3O[C@H]([C@H]1O)[C@@H]2O
11152,O=C(O)c1ccc(N2C(=O)c3cccc4cccc(c34)C2=O)cc1
11742,NS(=O)(=O)c1ccc(N2C(=O)c3cccc4cccc(c34)C2=O)cc1
1590,Fc1cccc(F)c1CSc1nc2ccccc2[nH]1
9545,COCCNC(=O)CN(C(=O)CCC(=O)Nc1nccs1)c1ccccc1OC
6088,O=C(Nc1cnc2ccccc2c1)c1ccco1
1652,CCc1ccc(CC2S/C(=C(\C#N)C(C)=O)NC2=O)cc1
2067,O=C(C[C@@H]1C[C@H]2c3cc(NC(=O)Nc4ccc(C(F)(F)F)cc4)ccc3O[C@H]2[C@H](CO)O1)NCc1cc(F)ccc1F
202,Cc1nnc(SCc2ccccc2C#N)n1-c1ccccc1
516,N/C(=N\OC(=O)Cc1ccc([N+](=O)[O-])cc1)c1ccccn1
11386,O=C(O)c1ccc(NC(=S)Nc2ccc3c(c2)CCN3Cc2ccc(F)cc2)cc1
11992,Fc1ccc(CN2CCc3cc(NC(=S)Nc4ccccc4)ccc32)cc1
57,O=C(CSc1nnc(Cn2cnc3ccccc32)o1)c1ccccc1
9440,COc1ccc(C(=O)CSc2nnc(Cn3cnc4ccccc43)o2)cc1
7357,CC1CCN(c2ncccc2C(=O)O)CC1
9847,O=S(=O)(c1cccs1)N1CCN(Cc2ccccc2)CC1
285,CCCNS(=O)(=O)c1ccc(OCC(=O)N2CCN(C)CC2)cc1
9834,CCOC(=O)N1CCN(C(=O)COc2ccc(Cl)cc2Cl)CC1
8550,NC1=NC2=C(CCCC2)C2(CCCCC2)S1
12791,CCn1c(SCC(=O)NCC2CCCO2)nnc1-c1c[nH]c2ccccc12
1539,Cc1cc(-c2ccco2)n(CC(=O)NCc2ccco2)n1
4632,O=C1C(=O)c2cccc3cccc1c23
1970,CCn1nc(-c2cccc(-c3cccc(C(=O)NCCC4CCCN4C)c3)c2)cc(NC(=O)Nc2c(Cl)cncc2Cl)c1=O
9608,Cc1ccc(-c2nnn(CC(=O)N3CCCCC3)n2)c(-n2cnnn2)c1
1102,NS(=O)(=O)c1cc(NC(=O)Cc2ccccc2Cl)ccc1OCc1ccccn1
11592,O=c1oc(-c2ccccc2NS(=O)(=O)c2ccccc2)nc2ccccc12
9251,CC(=O)NC(Cc1ccc(C)cc1)C(=O)NC1CCN(C(=O)c2cnccn2)CC1
10500,O=C(CCn1nnc2ccccc2c1=O)N[C@@H](Cc1ccccc1)C(=O)O
6884,O=C(CCCC(=O)N(CC(=O)NC1CCCCC1)CC1CCCO1)Nc1ccccn1
9609,CSc1nnc2n(-c3ccccc3)c(=O)c3c4c(sc3n12)CCC4
9380,O=C(CCCN1CCOCC1)c1ccc2c(c1)OCCO2
11397,O=S(=O)(Nc1ccc2c(c1)CCN2Cc1ccc(F)cc1)C1CCCCC1
4260,Cc1nnnn1/C(=C\c1ccccc1)C(=O)OCC(=O)Nc1ccc(Cl)cc1F
4343,Cc1nnnn1/C(=C\c1ccccc1)C(=O)OCC(=O)Nc1cccc(S(=O)(=O)N(C)C)c1
5197,CCOC(=O)N1CCN(C(=O)c2c[nH]c3ccc(S(=O)(=O)N(C)c4cccc(C)c4)cc3c2=O)CC1
11226,CN(C)c1ccc(/C=C/C(=O)C2CCc3ccccc3C2=O)c([N+](=O)[O-])c1
6221,COc1ccc(C(=O)N2CCCC(c3nc(-c4cccs4)no3)C2)cc1OC
7226,COc1ccc(C(=O)N2CCCC(c3nc(-c4cccs4)no3)C2)cc1
398,COc1cccc(-c2nc(-c3ccccc3)[nH]c2-c2ccnc(NCCNS(=O)(=O)c3ccc(F)cc3)c2)c1
400,O=S(=O)(NCCNc1cc(-c2[nH]c(-c3ccccc3)nc2-c2cccc(O)c2)ccn1)c1ccc(Br)cc1
402,COc1cccc(-c2nc(-c3ccccc3)[nH]c2-c2ccnc(NCCNS(=O)(=O)c3ccc(Br)cc3)c2)c1
404,COc1ccc(S(=O)(=O)NCCNc2cc(-c3[nH]c(-c4ccccc4)nc3-c3cccc(OC)c3)ccn2)cc1
405,O=S(=O)(NCCNc1cc(-c2[nH]c(-c3ccccc3)nc2-c2cccc(O)c2)ccn1)c1ccc(Cl)cc1
407,O=S(=O)(NCCNc1cc(-c2[nH]c(-c3ccccc3)nc2-c2cccc(O)c2)ccn1)c1ccc(C(F)(F)F)cc1
408,O=S(=O)(NCCNc1cc(-c2[nH]c(-c3ccccc3)nc2-c2cccc(O)c2)ccn1)c1cccc(F)c1
410,O=S(=O)(NCCNc1cc(-c2[nH]c(-c3ccccc3)nc2-c2cccc(O)c2)ccn1)c1ccc(F)cc1
413,O=S(=O)(NCCNc1cc(-c2[nH]c(-c3ccccc3)nc2-c2cccc(O)c2)ccn1)c1ccccc1
415,COc1ccc(S(=O)(=O)NCCNc2cc(-c3[nH]c(-c4ccccc4)nc3-c3cccc(O)c3)ccn2)cc1
416,O=S(=O)(NCCNc1cc(-c2[nH]c(-c3ccccc3)nc2-c2cccc(O)c2)ccn1)c1cccc(Cl)c1
417,COc1cccc(-c2nc(-c3ccccc3)[nH]c2-c2ccnc(NCCNS(=O)(=O)c3ccc(Cl)cc3)c2)c1
420,O=S(=O)(NCCNc1cc(-c2[nH]c(-c3ccccc3)nc2-c2cccc(O)c2)ccn1)c1ccc(O)cc1
421,O=S(=O)(NCCNc1cc(-c2[nH]c(-c3ccccc3)nc2-c2cccc(O)c2)ccn1)c1c(Cl)cccc1Cl
422,COc1cccc(-c2nc(-c3ccccc3)[nH]c2-c2ccnc(NCCNS(=O)(=O)c3c(Cl)cccc3Cl)c2)c1
423,COc1cccc(-c2nc(-c3ccccc3)[nH]c2-c2ccnc(NCCNS(=O)(=O)c3cccc(Cl)c3)c2)c1
426,COc1cccc(-c2nc(-c3ccccc3)[nH]c2-c2ccnc(NCCNS(=O)(=O)c3ccccc3)c2)c1
432,COc1cccc(-c2nc(-c3ccccc3)[nH]c2-c2ccnc(NCCNS(=O)(=O)c3ccc(C(F)(F)F)cc3)c2)c1
434,COc1cccc(-c2nc(-c3ccccc3)[nH]c2-c2ccnc(NCCNS(=O)(=O)c3cccc(F)c3)c2)c1
485,Cc1onc(-c2ccccc2)c1-c1nc2ccccc2c(=O)o1
5746,CC(C)(C)OC(=O)N[C@@H](Cc1ccccc1)C(=O)N[C@@H](CO)[C@H](O)[C@@H]1C[C@@H]1C(=O)NC1CCCCC1
9285,Cc1ccc2nc(Cc3ccc(N)cc3)oc2c1
9529,CC(CN1CCOCC1)OC(=O)COc1ccc(F)cc1
5346,COc1ccc(Cc2nc3ccc(S(N)(=O)=O)cc3[nH]2)cc1OC
10365,COCC(N)(c1ccccc1)c1nc2ccccc2n1C
6771,CC1CCN(S(=O)(=O)c2ccc(-c3nnc(SCc4cccnc4)o3)cc2)CC1
11852,Cc1ccc(-c2nc(SCc3ccccc3)[nH]c(=O)c2CCO)cc1
7165,CCN1CC=C2C(C1)C(c1ccc(Cl)s1)C(C#N)=C(N)C2(C#N)C#N
13010,Oc1[nH]c2ccccc2c1N=NC(=S)NCC1CCCO1
13106,O=[N+]([O-])c1ccc2[nH]c(O)c(N=NC(=S)NCC3CCCO3)c2c1
13182,Cc1cc(C)c2[nH]c(O)c(N=NC(=S)NCC3CCCO3)c2c1
10902,Cn1c(=O)c(NC(=O)c2ccccc2)c2n(c1=S)CCCCC2
3707,Nc1cc2ccncc2c2ccccc12
3819,NC(=O)c1cc2ccncc2c2ccccc12
11758,O=C(Nc1ccccc1)c1cccc(Nc2ccc3c(c2)OCc2ccccc2C3=O)c1
582,O=C(COc1ccc2c(c1)CCC2)Nc1ccccn1
11493,COc1ccnc2c1c(=O)n(Cc1ccc(Cl)cc1)c(=O)n2C
6507,CCc1cccc(NC(=O)c2snc3c(=O)[nH]cnc23)c1
8614,Cc1cccc(NC(=O)c2snc3c(=O)[nH]cnc23)c1
8373,COCCNC(=O)C(c1ccc(F)cc1)N(CCOC)C(=O)CCC(=O)Nc1nccs1
3767,CCN1CCN(Cc2ccc(NC(=O)c3ccc(C)c(NC(=O)N4CCNC4=O)c3)cc2C(F)(F)F)CC1
1498,Cn1c(SCc2ccc(Br)cc2)nnc1-c1ccncc1
9293,Cc1ccc(S(=O)(=O)N2CCCN(S(=O)(=O)C3CCS(=O)(=O)C3)CC2)cc1
10069,O=c1c2ccccc2nc(-c2ccccc2)n1CCCN1CCOCC1
11798,CCCCCCC(Sc1nc(Cl)cc(Nc2nc(C34CC5CC(CC(C5)C3)C4)cs2)n1)C(=O)O
2963,Cc1cc(C)c(C#N)c(SCC(=O)c2ccc(Cl)cc2Cl)n1
1923,CSc1nc(=O)n2cc(C)ccc2n1
3469,Cc1cccn2c(CNCC3(c4ccccc4)CCCC3)c(C(=O)N3CCOCC3)nc12
13935,O=C(Nc1ccc(-c2nc(-c3ccccc3)cs2)cc1)C1CCN(S(=O)(=O)c2ccccc2Cl)CC1
13977,O=C(Nc1ccc(-c2nc(-c3ccc(Cl)cc3)cs2)cc1)C1CCN(S(=O)(=O)c2ccccc2Cl)CC1
14054,O=C(Nc1ccc(-c2nc(-c3ccc(F)cc3)cs2)cc1)C1CCN(S(=O)(=O)c2ccccc2Cl)CC1
14149,COc1ccc(-c2csc(-c3ccc(NC(=O)C4CCN(S(=O)(=O)c5ccccc5Cl)CC4)cc3)n2)cc1
14187,Cc1ccc(-c2csc(-c3ccc(NC(=O)C4CCN(S(=O)(=O)c5ccccc5Cl)CC4)cc3)n2)cc1
4530,COc1ccccc1C(=O)NNC(=S)NC(=O)c1sc2ccccc2c1Cl
10909,COc1ccc(CCn2c(C)cc(C(=O)CSc3nnc(N)s3)c2C)cc1
6566,Cc1[nH]nc2c1C(c1ccoc1)C(C#N)=C(N)O2
4488,Cc1cccc(N/C(N)=N/c2nc(C)cc(C)n2)c1
4489,Cc1cc(C)nc(/N=C(\N)Nc2ccc(F)c([N+](=O)[O-])c2)n1
4558,Cc1cc(C)nc(/N=C(\N)Nc2cccc([N+](=O)[O-])c2)n1
4559,Cc1ccc(N/C(N)=N/c2nc(C)cc(C)n2)cc1
4562,Cc1cc(C)cc(N/C(N)=N/c2nc(C)cc(C)n2)c1
4852,Cc1cc(C)nc(/N=C(\N)Nc2ccc(SC(F)F)cc2)n1
4923,Cc1cc(C)nc(/N=C(\N)Nc2ccc(C(C)C)cc2)n1
4926,CCCCc1ccc(N/C(N)=N/c2nc(C)cc(C)n2)cc1
5039,CCOc1ccc(N/C(N)=N/c2nc(C)cc(C)n2)cc1
5051,Cc1cc(C)nc(/N=C(\N)Nc2ccc(CC(=O)OC(C)C)cc2)n1
5055,Cc1cc(C)nc(/N=C(\N)Nc2ccc(OCCC(C)C)cc2)n1
5511,Cc1ccc(C)c(N/C(N)=N/c2nc(C)cc(C)n2)c1
1580,O=C(NC1CCCCC1)C(c1cccs1)N(C(=O)c1ccco1)c1ccc2c(c1)OCCO2
7773,CC(C)(C)NC(=O)C(c1ccco1)N(Cc1ccc2c(c1)OCO2)C(=O)Cn1nnc2ccccc21
4997,CC(C)Oc1ccc(C(=O)CCN2CCOCC2)cc1
12089,CC(C)(C)c1csc(NC(=O)Cn2cnc3ccccc3c2=O)n1
1675,O=C(/C=C/c1ccc(F)cc1)NC(=S)Nc1ccccc1C(=O)NC1CCCCC1
10031,Cc1[nH]nc(N=CC2=C(O)CC(C)(C)CC2=O)c1-c1ccccc1
10510,Cc1[nH]nc(N=CC2=C(O)CC(C)(C)CC2=O)c1-c1ccc(Cl)cc1
8392,O=C(NC1CCCCC1)C1CCN(c2nnnn2-c2ccccc2)CC1
4349,CC(C)(C)OC(=O)NCCCCCNC(=O)c1nc[nH]c1C(=O)NCC(=O)OCc1ccccc1
6562,Cc1cccc(C)c1NC(=O)Cn1nnc(-c2ccc(N3CCOCC3)cc2)n1
11402,O=C(CC1=CCCN(CCc2ccccc2)C1=O)NO
11723,O=C(CCC1=CCCN(CCc2ccccc2)C1=O)NO
2193,COc1cc(NC(=O)c2ccccc2NS(=O)(=O)c2ccc(Cl)s2)cc(OC)c1
3349,Cc1ccc(NC(=O)c2ccccc2NS(=O)(=O)c2ccc(Cl)s2)cc1
1454,COC(=O)c1cc2c(s1)CS(=O)C2
6083,CCOC(=O)CSc1nnc(-c2ccoc2C)n1-c1ccc(OCC)cc1
6534,COC(=O)CSc1nnc(-c2ccoc2C)n1-c1ccc(C)cc1
7659,CCOc1ccccc1-n1c(SCC(=O)NC(C)CC)nnc1-c1ccoc1C
8871,COc1cccc(-n2c(SCC(=O)NC(C)(C)C)nnc2-c2ccoc2C)c1
9873,CCOc1ccccc1-n1c(SCC(=O)NC(C)(C)C)nnc1-c1ccoc1C
15179,O=C1CC[C@H]2c3[nH]c4ccc(O)cc4c3CCN12
3693,Cc1ccc(Nc2nc(N)nc(CCl)n2)c(C)c1
3725,CCOc1ccc(Nc2nc(N)nc(CCl)n2)cc1
3750,Cc1cccc(Nc2nc(N)nc(CCl)n2)c1C
4388,N#Cc1nc(NCC(F)F)nc(Nc2cc(F)cc(F)c2)n1
6748,COc1nc(Nc2cccc(C(F)(F)F)c2)nc(OC)n1
8009,CCN(CC)c1nc(Nc2ccc(Cl)cc2)nc(OCC#N)n1
10166,COc1cccc(Nc2nc(N)nc(C(F)(F)F)n2)c1
3257,COc1cc(-c2cc(C(=O)Nc3ccc(S(=O)(=O)NCc4ccco4)cc3)c3ccccc3n2)cc(OC)c1OC
6306,CC(=O)N1CCC(O)(c2cccc(C(F)(F)F)c2)CC1
10183,CC(C)[C@H](NC(=O)C1(c2ccccc2)CCN(C(=O)OC(C)(C)C)CC1)C(=O)O
2113,CCCCC1C(=O)CC[C@H]2[C@@H]1CC(=O)[C@@H]2C/C=C\CCCC(=O)O
1344,CCN(CC)S(=O)(=O)c1ccc(NC(=O)CSc2nnc(-c3ccc(F)cc3)o2)cc1
6091,CCOC(=O)CN(C(=O)CSc1nnc(-c2cccc(OC)c2)o1)c1ccc(F)cc1
6745,Cc1cccc(NC(=O)CSc2nnc(-c3ccccc3C)o2)c1
8291,Cc1ccc(C)c(NC(=O)CSc2nnc(-c3ccccc3C)o2)c1
8382,COC(=O)CN(C(=O)CSc1nnc(-c2cccc(OC)c2)o1)c1ccc(OC)cc1
9238,COc1ccc(-c2nnc(SCC(=O)Nc3cccc(Cl)c3)o2)cc1
622,CC1(C)C(=O)N=C2c3ccccc3C(=O)C(=O)C21
8043,Cc1ccc(-c2cnc(NC(=O)CCC(=O)N3CCCCC3)n2C)cc1
3124,CC(=O)c1ccc(Sc2nnnn2-c2ccccc2)c([N+](=O)[O-])c1
3271,Cc1ccc(-n2nnnc2Sc2ccc(S(=O)(=O)NCCN(C)C)cc2[N+](=O)[O-])cc1
14589,C=C(C)[C@@H]1CC[C@]2(C(=O)O[C@@H]3O[C@H](CO)[C@@H](O)[C@H](O)[C@H]3O)CC[C@]3(C)C(CCC4[C@@]5(C)C[C@@H](O)[C@H](O)[C@@](C)(CO)C5CC[C@]43C)C12
518,COC(=O)c1ccc(CSc2cc(C)c3ccccc3n2)o1
521,COC(=O)c1ccc(CSc2cc(C)c3cc(C)cc(C)c3n2)o1
9376,COc1cccc(C2(O)CCN(C(=O)C3CC3)CC2)c1
7983,O=C(NC1CCCCC1)C(c1ccncc1)N(C(=O)Cn1nnc(-c2cccs2)n1)C1CCCC1
10165,CC(=O)Nc1ccc2c(c1)nc(CCN1CCN(C)CC1)n2C
1667,O=C(CSc1nc2ccccc2[nH]1)N1CCN(S(=O)(=O)c2ccc(Cl)cc2)CC1
8668,Cc1c(C#N)c2ccccc2n1CC(=O)NCc1cccnc1
8252,COc1ccc(NC(=O)CN2CCC(n3c(C)nc4cc(F)ccc43)CC2)c(OC)c1
9624,COc1ccccc1NC(=O)CN1CCC(n2c(C)nc3cc(F)ccc32)CC1
5496,O=C1C2CCCCN2C(=O)N1CCN1CCN(c2ccc([N+](=O)[O-])cc2)CC1
9470,CCc1ccc2[nH]c(=O)c(CN(CCCN3CCOCC3)C(=O)Nc3cccc(Cl)c3)cc2c1
533,CC1(C)CC(Nc2ccc(Nc3ccccc3)cc2)CC(C)(C)N1
10842,O=C(c1ccc(-n2cnnn2)cc1)N1CCN(C(c2ccccc2)c2ccccc2)CC1
11623,O=C(CCCCn1c(=O)c2ccccc2n(Cc2ccccc2F)c1=O)NC1CCN(Cc2ccccc2)CC1
11637,O=C(CCCCn1c(=O)c2ccccc2n(Cc2ccccc2)c1=O)NC1CCN(Cc2ccccc2)CC1
12864,Cc1cccc(C(=O)NC(=S)Nc2ccc(S(=O)(=O)N(C)c3ccccc3)cc2)c1
12443,O=c1c(Oc2ccccc2Br)c(C(F)(F)F)oc2c(CN3CCCC3)c(O)ccc12
14044,Cn1c(=O)oc2ccc(-c3ccc(C[C@@H](C#N)NC(=O)[C@@H]4CNCCCO4)cc3)cc21
6447,COc1ccc(S(=O)(=O)N2CCC(O)(c3ccc4c(c3)OCO4)CC2)cc1
6854,COCCN(C(=O)c1csnn1)C(C(=O)NC1CCCCC1)c1cccs1
12579,COc1ccc(CC2C(=O)OC(C)(C)OC2=O)cc1
1948,COc1cccc(/C=C/C(=O)OCC(=O)Nc2ccc(Cl)c(S(=O)(=O)N(C)C)c2)c1
13722,OC1CCCCCCCNc2ncc3c(-c4ccc(CN5CCOCC5)cc4)cn(c3n2)CCCC1
7572,O=C(NCc1ccccc1)N1CCC(n2cnc3cc(F)ccc32)CC1
955,Cc1ccccc1-c1ccc2nc(N)ncc2c1
9291,Nc1ccccc1SCC(=O)N1CCc2ccccc21
7315,O=C1CCCc2nc(N3CCCCC3)sc21
13493,CC1(C)Cc2c(-c3ccccc3)c(-c3ccc(Cl)cc3)c(CC(=O)O)n2C1
4015,Cc1ccc(C)c(NP(=O)(Oc2ccccc2)Oc2ccccc2)c1
8363,Cc1ccc(C(C(=O)NCc2ccc(F)cc2)N(C(=O)c2csnn2)C2CC2)o1
13596,CC(C)C[C@@H]1NC(=O)[C@H](Cc2ccc(O)cc2)NC(=O)CSC[C@@H](C(N)=O)NC(=O)CNC(=O)CNC(=O)[C@H](CCCN=C(N)N)NC(=O)[C@H](CC(=O)O)NC(=O)[C@H](CCCCN)NC(=O)[C@@H]2CCCN2C(=O)[C@H](CCCN=C(N)N)NC(=O)[C@H](Cc2ccncc2)NC(=O)[C@H](CCCN=C(N)N)NC1=O
1853,N#Cc1ccsc1NC(=O)COC(=O)c1ccc2ccccc2c1
9177,Cc1c(C(=O)Nc2ccncc2)oc2ccccc12
5675,O=C(Nc1ccc(Cl)c(S(=O)(=O)N2CCCCC2)c1)c1cccnc1
13201,O=C(O)c1cc(-c2ccc(-c3ccc(-c4cc(C(=O)O)c5cc(Cl)ccc5n4)cc3)cc2)nc2ccc(Cl)cc12
10403,CCOC(=O)c1c(C)n(C)c2ccc(OC)c(NS(=O)(=O)c3ccc(Cl)s3)c12
3874,O=C(c1ccc(Cl)cc1)C(CN1CCCC1)c1ccccc1
486,Cc1ccc(-c2nn3c(C)nnc3c3ccccc23)cc1S(=O)(=O)NCc1ccccc1
5474,Cc1ccc(-c2nn3c(C)nnc3c3ccccc23)cc1S(=O)(=O)NC(C)c1ccccc1
3377,O=c1[nH]c(=S)[nH]c(O)c1N=Nc1ccc(S(=O)(=O)N2CCc3ccccc32)cc1
8196,CC1=CC(=O)NP(=O)(Oc2ccc3ccccc3c2)N1
795,Cc1ccccc1S(=O)(=O)N1[C@H](C#N)[C@H](c2ccc(C#CC3CCCC3)cc2)[C@H]1CO
7456,Cc1ccc(NC(=O)CSc2nnc(COc3ccc(C#N)cc3)n2-c2ccccc2)cc1C
8780,COC(=O)c1cccc(NC(=O)CSc2nnc(COc3ccc(C#N)cc3)n2-c2ccccc2)c1
3435,COc1ccc(-c2nn(-c3ccccc3)cc2/C=C/C(=O)OCC(=O)Nc2ccccc2C#N)cc1
11079,CCn1cnc2c1c(=O)n(CC(=O)N1CCc3ccccc31)c(=O)n2Cc1ccccc1
12039,CCN(CC)C(=O)CSc1nc2ccccc2c(=O)n1CC1CCCCC1
11332,CN(Cc1ccc(Cl)c(Cl)c1)C(=O)c1cccc(S(=O)(=O)N2CCN(Cc3ccccc3)CC2)c1
93,Cc1cc(NCCOCCO)n2ncc(-c3ccc(Cl)cc3)c2n1
9399,CCOC(=O)c1cnc2c(-c3ccccc3)cnn2c1N
6187,Cc1cccc(C(=O)NC2CCN(CC(=O)N3CCOCC3)CC2)c1
9445,Cc1cc(C)nc(NCCCc2ccccc2)n1
5811,CCCn1c(SC(C)C(=O)NC2CCCC(C)C2C)n[nH]c1=O
6944,Cc1cc(C)c2cc(CN(CC3CCCO3)S(=O)(=O)c3ccc4c(c3)OCCO4)c(=O)[nH]c2c1
7149,Cc1cc(C)c2[nH]c(=O)c(CN(CC3CCCO3)S(=O)(=O)c3ccc4c(c3)OCCO4)cc2c1
9988,Cc1ccc2cc(CN(CC3CCCO3)S(=O)(=O)c3ccc4c(c3)OCCO4)c(=O)[nH]c2c1C
14726,CC(=O)O[C@@H]1c2c(ccc3c(=O)c(O)c(-c4ccccc4)oc23)OC(C)(C)[C@@H]1OC(C)=O
14959,COc1c(-c2ccccc2)oc2c3c(ccc2c1=O)OC(C)(C)[C@H](O)[C@@H]3OC(C)=O
14960,COc1c(-c2ccccc2)oc2c3c(ccc2c1=O)OC(C)(C)[C@H](OC(C)=O)[C@@H]3O
14961,COc1c(-c2ccccc2)oc2c3c(ccc2c1=O)OC(C)(C)[C@H](OC(C)=O)[C@@H]3OC(C)=O
2976,COc1ccc(NC(=O)Nc2nnc(-c3ccccc3SCc3ccccc3)s2)cc1
10363,COC(=O)c1cc(NCc2ccccc2F)ccc1N1CCOCC1
10380,COc1ccccc1CNc1ccc(N2CCOCC2)c(C(=O)O)c1
10451,O=C(O)c1cc(NCc2c(F)cccc2Cl)ccc1N1CCOCC1
6659,CCOc1ccccc1NC(=O)Cn1c(C)cc(COC)c(C#N)c1=O
8244,COCc1cc(C)n(CC(=O)Nc2ccccc2OC)c(=O)c1C#N
478,Cc1[nH]c2ccccc2c1C(c1ccccn1)N1CCC(C(N)=O)CC1
7720,COc1ccc(-c2cnc(SCC(=O)Nc3cc(C)on3)n2Cc2ccco2)cc1
5526,Cc1ccc(C)c(NC(=O)NC2CCCCCCC2)c1
10187,COc1cccc(N2C(=O)C(O)=C(C(C)=O)C2c2ccc(OC)c(OC)c2)c1
10260,CCOC(=O)C1=C(O)C(=O)N(c2ccc(S(N)(=O)=O)cc2)C1c1ccc(OC)cc1OC
11470,CS(=O)(=O)C1=C(O)C(=O)N(c2ccccc2)C1c1ccccc1
6260,CC(C)CCNC(=O)C(C)N(Cc1ccc(F)cc1)C(=O)c1ccc(CN2CCCCC2)o1
6324,O=C(COc1ccc(Cl)cc1)Nc1ccc2oc(-c3ccncc3)nc2c1
5702,Cn1c(N)c(C(=O)CSc2n[nH]c(-c3ccccc3)n2)c(=O)n(C)c1=O
9110,Cc1ccc(Cn2nnc3c(=O)[nH]c(C4CCCN(C(=O)Nc5ccc(F)cc5)C4)nc32)cc1
1525,CC12CCC3(CO)COC(c4ccccc4O1)C2C3
935,CNc1ncc2cc(-c3cc(C(=O)Nc4cc(C(F)(F)F)ccc4N4CC(C)(C)C4=O)ccc3C)ccc2n1
1367,COc1ccc2c(c1OC)C(=O)OC2c1c(O)nc(SC)n(-c2ccccc2)c1=O
14201,CN1CCN(Cc2ccc(-c3cn4c5nc(ncc35)NCCCCCCCCC(O)CCC4)cc2)CC1
14247,CN1CCN(Cc2ccc(-c3cn4c5nc(ncc35)NCCCCCCCC(O)CCCC4)cc2)CC1
14288,CN1CCN(Cc2ccc(-c3cn4c5nc(ncc35)NCCCCCCC(O)CCCCC4)cc2)CC1
15083,COc1ccc(CCc2cc(=O)c3c(o2)[C@H](O)[C@H]2Oc4c(OC)ccc(CCc5coc6ccc(OC)cc6c5=O)c4[C@@H]3[C@H]2O)cc1
15107,COc1ccc2occ(CCc3ccc(OC)c4c3[C@H]3c5c(oc(CCc6ccccc6)cc5=O)[C@@H](O)[C@H](O4)[C@H]3O)c(=O)c2c1
15108,COc1ccc2occ(CCc3ccc(OC)c4c3[C@H]3c5c(oc(CCc6ccccc6)cc5=O)[C@H](O)[C@@H](O4)[C@@H]3O)c(=O)c2c1
9768,Cc1ccc2c(c1)N(CC(=O)N1CCCCC1c1cccnc1)C(=O)CO2
10517,COc1ccccc1-c1nn2c(C3COc4ccccc4O3)nnc2s1
10542,Fc1ccc(-c2nn3c(C4COc5ccccc5O4)nnc3s2)cc1
12122,Cc1cc(NC(=O)CSc2nnc(C3COc4ccccc4O3)o2)no1
3120,Cc1ccc(NC(=O)/C=C/c2ccco2)nc1
776,Cn1cnc(S(=O)(=O)N2C[C@@H]3N[C@H](C2)C3c2ccc(-c3ccccc3F)cc2)c1
8946,CCC(=O)Nc1ccc2nc(C3CC3)n(Cc3ccccc3)c(=O)c2c1
9094,COc1ccc(Cn2c(C3CC3)nc3ccc(NC(C)=O)cc3c2=O)cc1
12289,CCCSc1nc2sc3c(c2c(=O)[nH]1)CCN(Cc1ccccc1)C3
8798,O=C(Nc1ccccc1-c1nnn(CC(=O)N2CCN(c3ccccc3)CC2)n1)c1cccs1
12203,CN(CCCOc1ccc2ccc(=O)oc2c1)Cc1cccc(OC(=O)NCCCCCCc2ccccc2)c1
4152,CCOc1ccccc1N1CCN(C(=O)c2cc(-c3cc(OC)ccc3OC)nc3ccccc23)CC1
1977,CCn1nc(-c2cccc(-c3cccc(C(=O)NC4CC4)c3)c2)cc(NC(=O)Nc2c(Cl)cncc2Cl)c1=O
1981,CCOc1cc(C(=O)NC2CC2)cc(-c2cccc(-c3cc(NC(=O)Nc4c(Cl)cncc4Cl)c(=O)n(CC)n3)c2)c1
2001,CCn1nc(-c2cccc(-c3cc(C#N)cc(C(=O)NC4CC4)c3)c2)cc(NC(=O)Nc2c(Cl)cncc2Cl)c1=O
9887,Nc1nnc(CSCc2ccccc2)s1
13223,CC(O)(C#Cc1cccc(-c2c[nH]c3cnc(N)nc23)c1)c1cnccn1
3629,Cc1ccc(NC(=O)c2ccc([N+](=O)[O-])o2)cc1S(=O)(=O)N1CCOCC1
14752,CC(C)(O)[C@H]1Cc2ccc(CC3=C(c4ccc(O)cc4)C(=O)NC3=O)cc2O1
14847,CC1(C)[C@@H]2CC[C@@]1(C)[C@@H](OC(=O)/C=C/c1ccccc1)C2
9036,COc1ccc(NC(=O)C2CCN(c3cc(C)nc(-c4ccccc4)n3)CC2)cc1
1353,COc1ccc2nc(NC(=O)CSC3=NCCS3)sc2c1
8579,CCOc1ccc2nc(NC(=O)CSC3=NCCS3)sc2c1
10758,Cc1noc(C)c1COC(=O)CCc1nc2ccccc2s1
310,O=C(NCCc1csc(-c2cccnc2)n1)c1cccc2ccccc12
4047,Cc1cccc(CN2C(=O)/C(=C\c3ccc(C(=O)NCCN4CCOCC4)cc3)Sc3ccccc32)c1
6002,Cc1sc2nc(SCC(=O)NCc3cccs3)[nH]c(=O)c2c1C
8480,COc1ccccc1N1CCN(C(c2cc3ccc(C)cc3[nH]c2=O)c2nnnn2C2CCCC2)CC1
9538,COc1ccc(N2CCN(C(c3cc4ccc(C)cc4[nH]c3=O)c3nnnn3C3CCCC3)CC2)cc1
7648,O=C(O)CSc1nc(-c2ccccc2)nc2c1oc1ccccc12
553,O=C(NCCc1ccccc1)c1cccc(N2CCCC2=O)c1
8994,Cc1ccc2[nH]c(=O)c(CN(Cc3ccccc3Cl)C(=O)N3CCOCC3)cc2c1
867,Cc1[nH]c2ccccc2c1CCNC(=O)c1ccc(N2CCOCC2)cc1
8729,COc1cccc(NS(=O)(=O)c2ccc(S(=O)(=O)N3CCOCC3)cc2)c1
10632,CCOc1cc(N2CCOCC2)c(OCC)cc1NS(=O)(=O)c1ccc(Cl)s1
9269,COc1cccc(CN(Cc2ccco2)C(c2ccc(F)cc2)c2nnnn2C(C)(C)C)c1
2345,CC(/C=C/c1ccco1)=N/NC(=O)Cc1cccs1
13071,Cc1c(Nc2nc3ccccc3s2)cc(Cl)cc1OC1CCN(C(=O)CC(C(F)(F)F)C(F)(F)F)CC1
6027,Cc1ccc(C(C(=O)NC2CCCC2)N(Cc2ccc(F)cc2)C(=O)c2csnn2)o1
7569,O=C(NC1CCCC1)C(c1ccco1)N(Cc1ccccc1)C(=O)c1csnn1
5187,O=C(NCC1CCCO1)c1nn2c(C(F)(F)F)cc(-c3cc(Br)cs3)nc2c1Br
7392,FC(F)(F)c1ccc(N2CCN(c3cc(-c4ccccc4)nc4ncnn34)CC2)nc1
1773,O=C(N/N=C\c1ccc(CNS(=O)(=O)c2ccc(Cl)cc2)o1)C(=O)Nc1ccc(Oc2ccccc2)cc1
7232,CS(=O)(=O)N1CCC(C(=O)NCc2ccncc2)CC1
2217,COc1cc(SC)ccc1C(=O)Nc1ccc(Br)cn1
4750,COc1cc(SC)ccc1C(=O)Nc1ccc(Cl)cn1
5999,CCC(=O)Nc1cnc(NC(=O)c2cccc(F)c2)cc1C
6006,Cc1ccc(NC(=O)c2ccccc2F)nc1
6084,Cc1ccc(C(=O)Nc2ccc(Cl)cn2)cc1
7390,CCC(=O)Nc1ccc(NC(=O)c2cccc(OC)c2)nc1
7698,CC(=O)Nc1cnc(NC(=O)c2cccc(F)c2)cc1C
8594,CCCC(=O)Nc1cnc(NC(=O)c2cccc(F)c2)cc1C
9752,COc1cccc(C(=O)Nc2ccc(NC(C)=O)cn2)c1
9818,CCOc1cc(C(=O)Nc2cc(C)ccn2)cc(OCC)c1OCC
9857,CC(C)C(=O)Nc1ccc(NC(=O)c2ccccc2Cl)nc1
4456,CCOc1ccc(N=C2NC(=O)S/C2=C\c2ccc(N(C)C)cc2)cc1
3882,C=CCn1c(Oc2ccccc2F)nc2c1c(=O)n(C)c(=O)n2C
3883,CCn1c(Oc2ccccc2F)nc2c1c(=O)n(C)c(=O)n2C
4419,CC(C)(C)OC(=O)NCc1ccc(NC(=O)c2nc[nH]c2C(=O)NCCCCCCNC(=O)c2[nH]cnc2C(=O)Nc2ccc(CNC(=O)OC(C)(C)C)cc2)cc1
4048,COc1ccc(NC(=O)CSc2nc3ccc(Nc4nc(N5CCOCC5)nc(N5CCOCC5)n4)cc3s2)cc1
9449,COc1cc(OC)cc(C(C(=O)NCc2ccccc2)N(Cc2ccco2)C(=O)c2ccno2)c1
9613,Cc1ccccc1NC(=O)CN1CCC(NC(=O)Nc2ccccc2)CC1
2792,N#CCSc1nc2cc(C(=O)N3CCC(C(N)=O)CC3)ccc2c2nc3ccccc3n12
10835,c1cc(C2OCCN2CC2COC3(CCCC3)O2)ccn1
8322,COc1ccccc1OCCCn1cc(C(=O)c2ccco2)c2ccccc21
1262,O=C1CCCCN1C1CCN(CCOc2ccc(Oc3nc4ccccc4s3)cc2)CC1
14727,CC(=O)O[C@H]1CC(C)(C)C(=C=C/C(C)=C/C=C/C(C)=C/C=C/C=C(C)/C=C/C=C(\C)C(=O)C[C@@]23O[C@]2(C)C[C@@H](O)CC3(C)C)[C@](C)(O)C1
8845,CCN(CC)CCCN(Cc1cc2cc3c(cc2[nH]c1=O)OCO3)C(=O)Nc1ccccc1OC
11034,Cn1cnnc1SCC(=O)Nc1sc2c(c1C(N)=O)CCC2
5826,Cn1c(=O)oc2cc(S(=O)(=O)Nc3ccc(C(=O)O)cc3)ccc21
12450,CCOc1ccc(N(CC)S(=O)(=O)c2ccc3c(c2)oc(=O)n3C)cc1
2439,CNc1ccc(Br)cc(C(=O)/C=C/c2ccc(Cl)cc2Cl)c1=O
8993,Cc1ccc(Nc2nc(C(=O)N3CCC(C(=O)N4CCN(C)CC4)CC3)cs2)cc1
1323,COc1ccc(C(c2nnnn2Cc2ccccc2)N2CCN(c3nc4ccccc4s3)CC2)cc1
5906,c1ccc(Cn2nnnc2C(c2ccccc2)N2CCN(c3nc4ccccc4s3)CC2)cc1
2520,COc1ccc(S(=O)(=O)N2c3ccccc3OCC2C(C)(C)C)cc1
3022,COc1ccc(S(=O)(=O)N2c3cc(C)ccc3OCC2C(C)(C)C)cc1
10387,C=CCn1c(=O)c2c(nc3n2CCN3c2cccc(Cl)c2C)n(C)c1=O
11440,CCN1C(=O)c2cccc3c(NC(=O)c4ccc(S(=O)(=O)N5CCOCC5)cc4)ccc1c23
8132,COc1ccc(C(=O)N2CCN(c3nc4cc(C)ccc4cc3C#N)CC2)c(OC)c1
7167,Cc1cc(C)n(-c2nc3c(c(=O)[nH]c(=O)n3C)n2CC(O)COc2ccccc2C)n1
2141,COc1ccc2cc(C)c3nnc(SCC(=O)Nc4nc(-c5ccccc5)cs4)n3c2c1
9549,Cn1c(SCc2ccccc2F)nc2cccnc21
1415,O=C(OCC1CC(c2ccccn2)=NO1)c1ccc(Br)cc1
4176,CCOc1ccc(OCCC(=O)OCC(=O)N2CCN(S(=O)(=O)c3ccc(Cl)cc3)CC2)cc1
12057,Cc1cc(NC(=O)CSc2nc3ccccc3c(=O)n2C(C)c2ccccc2)no1
4887,COC1=CC(=Cc2c(N)n3c(-c4ccccc4)csc3nc2=O)C=C(OC)C1=O
13079,CCCCCCCNC(=O)Oc1cccc(CN(C)CCCCCOc2ccc3c4c(c(=O)oc3c2)CCCC4)c1
9929,O=c1[nH]c2cc3c(cc2cc1C(c1nnnn1C1CCCCC1)N1CCSCC1)OCCO3
1082,N#CN1CC(OCc2ccc(-c3ccc4c(c3)OCCO4)cc2)(c2ccccc2)C1
6617,Cc1cc2cc(CN(CC3CCCO3)C(=O)c3cnccn3)c(=O)[nH]c2cc1C
8057,Cc1cc(C)c2[nH]c(=O)c(CN(CC3CCCO3)C(=O)c3cnccn3)cc2c1
8751,Cc1cccc2cc(CN(CC3CCCO3)C(=O)c3cnccn3)c(=O)[nH]c12
5537,Cc1cc(OC(C)C(=O)NCc2cccnc2)c2c3c(c(=O)oc2c1)CCC3
659,CSc1nc2c([nH]1)c(=S)n(C)c(=O)n2C
9775,CC(=O)Nc1ccc(N(C(=O)c2cnccn2)C(C(=O)NC2CCCCC2)c2ccc(O)cc2)cc1
8930,CC(C)CC(OC(=O)c1cccs1)C(=O)NCc1ccco1
7148,CCc1ccccc1NC(=O)Cn1nnc(-c2cccs2)n1
8528,CS(=O)(=O)Nc1ccccc1C(=O)N1CCCC1
8664,CCCOc1ccc(C(=O)N2CCCC2C(=O)O)cc1
5976,O=C(c1c(Cl)cccc1Cl)N1CCCCCC1
2385,CCOC(=O)c1ccc(N2C(=O)c3n[nH]c(-c4ccco4)c3C2c2ccc([N+](=O)[O-])cc2)cc1
14296,C[C@H](C#Cc1cccc(C(=O)NCCN(c2ccccc2)c2ccccc2)c1)N(O)C(N)=O
7504,Cn1c(=O)c2c(n(C)c1=O)=NC1(CCCCC1)ON=2
5504,O=C(c1cc(-c2ccc(Cl)cc2)n(-c2ccc(Cl)cc2)n1)N1CCOCC1
6008,CCN1CCN(CC(=O)Nc2cc(F)ccc2C)CC1
2615,O=C(Nc1nc2ccsc2c(=O)s1)c1ccco1
10106,O=C(CSc1nnc(Cc2cccs2)n1Cc1ccco1)Nc1cc(Cl)cc(Cl)c1
10544,O=C(CSc1nnc(Cc2cccs2)n1Cc1ccco1)Nc1cccc(Cl)c1
10227,Nc1nonc1-c1noc(N2CCOCC2)n1
4978,Cc1ccc(Sc2cc(C)nc(-c3ccccn3)n2)cc1
1878,CCOC(=O)N1CCc2c(sc3c2c(=O)n(Cc2ccccc2)c(=O)n3Cc2cccc(C)c2)C1
13505,O=C(Nc1cccc(Nc2ccc3c(c2)OCc2ccccc2C3=O)c1)c1cccc(F)c1
13810,O=C(Nc1cccc(Nc2ccc3c(c2)OCc2ccccc2C3=O)c1)c1ccccc1
13981,Cc1ccc(Nc2ccc3c(c2)OCc2ccccc2C3=O)cc1NC(=O)c1ccccc1
13989,O=C(Nc1ccc(F)c(Nc2ccc3c(c2)OCc2ccccc2C3=O)c1)c1ccccc1
14029,O=C(Nc1cc(Nc2ccc3c(c2)OCc2ccccc2C3=O)ccc1F)c1ccccc1
14069,Cc1ccc(NC(=O)c2ccccc2)cc1Nc1ccc2c(c1)OCc1ccccc1C2=O
14102,Cc1cccc(C(=O)Nc2cccc(Nc3ccc4c(c3)OCc3ccccc3C4=O)c2)c1
2420,O=C(/C(=N/N=C/c1ccc(O)c(O)c1O)c1ccccc1)c1ccccc1
11477,CCC[C@@H](CN1CCC[C@H]1CN1C(N)=NC[C@@H]1Cc1ccccc1)N1C[C@@H]([C@H](C)CC)N(CCCC2CCCC2)C1=N
2617,COC/C=C/C1=CC2=CC(=O)C(C)(OC(=O)c3cnc4ccccc4n3)C(=O)C2=CN1c1ccc(CO)cc1
870,Cc1cccc(Nc2ncc(C(=O)NCCc3c(C)[nH]c4ccccc34)cn2)n1
875,Cc1[nH]c2ccccc2c1CCNC(=O)c1cnc(Nc2ccccn2)nc1
881,Cc1[nH]c2ccccc2c1CCNC(=O)c1cnc(Nc2cccc(C#N)n2)nc1
882,Cc1[nH]c2ccccc2c1CCNC(=O)c1cnc(Nc2cc(F)ccn2)nc1
883,CC(=O)c1cccc(Nc2ncc(C(=O)NCCc3c(C)[nH]c4ccccc34)cn2)n1
886,CC(=O)c1ccc(Nc2ncc(C(=O)NCCc3c(C)[nH]c4ccccc34)cn2)nc1
888,COc1ccc2[nH]c(C)c(CCNC(=O)c3cnc(Nc4cc(C)cc(C)n4)nc3)c2c1
889,Cc1[nH]c2ccccc2c1CCNC(=O)c1cnc(Nc2cccc(F)n2)nc1
891,CC(=O)c1ccnc(Nc2ncc(C(=O)NCCc3c(C)[nH]c4ccccc34)cn2)c1
892,Cc1[nH]c2ccccc2c1CCNC(=O)c1cnc(Nc2cc(C(C)(C)C)ccn2)nc1
893,Cc1cc(C)nc(Nc2ncc(C(=O)NCC(O)c3c(C)[nH]c4ccccc34)cn2)c1
894,Cc1cc(C)nc(Nc2ncc(C(=O)NCCc3c(C(F)(F)F)[nH]c4ccccc34)cn2)c1
898,Cc1ccnc(Nc2ncc(C(=O)NCCc3c(C)[nH]c4ccccc34)cn2)c1
899,Cc1cc(C)nc(Nc2ncc(C(=O)NCCc3c(C)[nH]c4ccc(F)cc34)cn2)c1
902,Cc1cc(C)nc(Nc2ncc(C(=O)NCCc3c(C)[nH]c4c(F)cc(F)cc34)cn2)c1
903,Cc1cc(C)nc(Nc2ncc(C(=O)NCCc3c(C)[nH]c4ccccc34)cn2)c1
904,Cc1[nH]c2ccccc2c1CCNC(=O)c1cnc(Nc2cccc(C(C)(C)C)n2)nc1
905,COc1cccc(Nc2ncc(C(=O)NCCc3c(C)[nH]c4ccccc34)cn2)n1
906,Cc1cc(C)nc(Nc2ncc(C(=O)NCCc3c(C)[nH]c4c(Cl)cc(Cl)cc34)cn2)c1
907,Cc1cc(C)nc(Nc2ncc(C(=O)NCCc3c(C)[nH]c4ccc(Cl)cc34)cn2)c1
908,CCC(C)(O)c1cccc(Nc2ncc(C(=O)NCCc3c(C)[nH]c4ccccc34)cn2)n1
5538,CCc1nnc(NC(=O)CCC(=O)N2CCN(c3cc(C)ccc3C)CC2)s1
2118,CCCc1sc(N/N=C/c2ccccn2)nc1-c1ccc(F)cc1
9161,O=C(CSc1nc(-c2ccco2)cc(C(F)(F)F)n1)N1CCN(c2ccccc2)CC1
9618,COc1ccccc1N1CCN(C(=O)CSc2nc(-c3ccco3)cc(C(F)(F)F)n2)CC1
3490,O=S1(=O)CCC(NC(=S)SCCOc2ccccc2)C1
9694,CCOC(=O)c1[nH]cnc1C(=O)NC1CCCCC1
4581,Cn1c2ccccc2c(=O)c2c(=O)n(C3CCCCC3)c(-c3ccco3)nc21
14676,C=C1[C@H](OC(=O)c2cccnc2)C[C@H]2[C@@H](/C=C(/C)C(=O)[C@@]3(OC(C)=O)C[C@H](C)[C@H](OC(=O)c4ccccc4)[C@@H]3[C@H]1OC(C)=O)C2(C)C
10228,COc1ccc(OC)c(C(=O)c2nc3c(n2O)CCCCC3)c1
6587,COC(=O)C1(C)NC(c2ccco2)C2C(=O)N(c3ccc(C)cc3)C(=O)C21
7616,CCCC1(C(=O)OC)NC(c2ccco2)C2C(=O)N(c3ccc(C)cc3)C(=O)C21
8757,CCC1(C(=O)OC)NC(c2ccco2)C2C(=O)N(c3ccc(C)cc3)C(=O)C21
6696,O=C(CN(Cc1ccco1)C(=O)CNS(=O)(=O)c1ccc(Cl)cc1)NC1CCCCC1
7521,Cc1ccc(S(=O)(=O)NCC(=O)N(CC(=O)NC2CCCCC2)Cc2ccco2)cc1
7601,CCCC(C(=O)NC1CCCCC1)N(Cc1ccco1)C(=O)CNS(=O)(=O)c1ccccc1
845,CCOC(=O)c1c(C)[nH]c2c1cc(O)c1ccccc12
2855,CCOC(=O)c1c(OCC)[nH]c2c1cc(O)c1ccccc12
6533,O=C(O)c1cc2ccc3ccccc3c2[nH]1
457,COc1ccc(C2=NN(CCCCOc3ccc(C4=NNC(=O)C4(C)C)c(F)c3F)C(=O)C2(C)C)n2cc(C(F)(F)F)nc12
8144,Cc1ccc(Cn2nnc3c(=O)[nH]c(C4CCN(C(=O)c5cccs5)CC4)nc32)cc1
529,O=C(COc1cccnc1[N+](=O)[O-])c1ccc(Cl)s1
35,COc1ccccc1/C=C/c1ccc(=O)n(-c2ccc(F)cc2)n1
36,COc1ccccc1/C=C/c1ccc(=O)n(-c2ccccc2)n1
41,Cc1cccc(/C=C/c2ccc(=O)n(-c3ccc(F)cc3)n2)c1
2770,COc1ccc(-c2csc3ncnc(NCCN4CCOCC4)c23)cc1
2887,Cc1ccc(-c2csc3ncnc(NCCN4CCOCC4)c23)cc1
9676,COCCn1c(SCC(=O)N2CCCc3ccccc32)nnc1-c1ccco1
1389,COCCN1CN(S(=O)(=O)c2ccccc2)c2nc3ccccc3nc21
6635,O=C(NCCCCCNC(=O)c1cccnc1)c1cccnc1
2089,CCOC(=O)N1CCN(C(=O)c2cc(-c3ccc(OCC)cc3)nc3ccccc23)CC1
1584,N/C(=N\O)C(Cc1cccs1)C(=O)Nc1cccc(F)c1
6602,CCN1CCN(S(=O)(=O)Cc2ccccc2)CC1
7331,CCOC(=O)N1CCN(S(=O)(=O)Cc2ccccc2)CC1
7886,Cc1ccc2[nH]c(=O)c(CN(Cc3nnnn3C3CCCC3)C3CCCCC3)cc2c1
8087,Cc1cc(C)c2[nH]c(=O)c(CN(Cc3nnnn3C3CCCC3)C3CCCCC3)cc2c1
9107,Cc1cccc2cc(CN(Cc3nnnn3C3CCCC3)C3CCCCC3)c(=O)[nH]c12
13927,O=C(Nc1cc(Nc2ccc3c(c2)CCCCC3=O)ccc1F)c1ccoc1
1710,O=C(NCc1ccco1)C1CC(c2cccc([N+](=O)[O-])c2)=NO1
8531,Nc1cc(=O)[nH]c(SCc2nnc(-c3ccccc3)o2)n1
6150,Cc1cc(NC(=O)CSc2nnc(C3CC3)n2C)no1
1758,COC(=O)CN1C(=S)N(c2ccc(Cl)cc2)C(=O)C1CC(=O)Nc1ccc(Cl)cc1
8338,Cn1c(SCC(=O)N2CCOCC2)nc2cccnc21
7064,O=C(Cn1cnc2c(cnn2-c2ccccc2)c1=O)OCc1ccccc1
8897,COc1ccc(-n2ncc3c(=O)n(CC(=O)OCc4ccccc4)cnc32)cc1
2131,Cc1ccccc1C(=O)Nc1cccc(NC(=O)c2ccc(-c3ccc(Br)cc3)o2)c1
14777,CC(C)=CCc1c(-c2ccc(O)cc2O)oc2c3c(cc(O)c2c1=O)OC(C)(C)C=C3
14958,COc1c(-c2ccccc2)oc2c3c(ccc2c1=O)OC(C)(C)C=C3
8661,CC(C)(C)C(=O)NC1CCN(C(=O)N2CCCC2)CC1
2943,Cc1ccc(S(=O)(=O)/N=C(\CCl)N2CCOCC2)cc1
13928,Cc1cnc(Nc2cnn(C)c2)nc1N1C2CCC1COC2
9487,O=C1C(C=NCCCN2CCCC2=O)=C(O)c2ccccc21
8679,O=C(CSc1nc(-c2ccco2)cc(C(F)(F)F)n1)Nc1cccnc1
7135,CC(C)OC(=O)CSc1nnc(-c2ccccc2)n1CC1CCCO1
205,O=C(NCc1ccccn1)NC12CC3CC(CC(C3)C1)C2
8357,CCC(=O)Nc1ccc(C(=O)n2ccc(C)n2)cc1
15042,COc1cc2c(c(O)c1C(=O)/C=C/c1ccc3c(c1)OCO3)C=CC(C)(C)O2
7596,O=C(Cn1nnc(-c2ccccc2NC(=O)c2cccs2)n1)Nc1ccccc1
6554,COc1cccc(CNC(=O)C2CCN(S(=O)(=O)c3ccc(F)cc3)CC2)c1
8873,COc1ccc(OC)c(S(=O)(=O)N2CCC(C(=O)NCc3ccccc3)CC2)c1
11247,Cc1cc(C)c(S(=O)(=O)N2CCC(C(=O)NCc3ccc(Cl)cc3Cl)CC2)c(C)c1
6021,CCC(Oc1ccccc1)C(=O)Nc1ccccn1
7413,O=C(COc1ccc(Cl)cc1)Nc1ccc(Cl)cn1
8355,Cc1ccc2c(c1)nnn2C1CCN(CC(=O)N2CCN(c3ccc(F)cc3)CC2)CC1
7125,Cc1ccc(C(=O)CC2(O)C(=O)N(Cc3ccc4c(c3)OCO4)c3ccccc32)cc1
10354,CC1Cc2cc(/C(O)=C3\C(=O)C(=O)N(CCN(C)C)C3c3ccccc3F)ccc2O1
4118,O=C(Nc1ccc2c(c1)OCO2)c1cc(-c2ccc(O)cc2)on1
8356,COc1cccc(NC(=O)C(C#N)Cc2ccncc2)c1
5921,CC(C)(C)NC(=O)CN(C(=O)C1CSC(=O)C1)c1ccc2c(c1)OCCO2
4670,O=C(CCCCC(=O)NC1CCCC1)NC1CCCC1
466,Cc1cccnc1NCc1ccc(O)c2ncccc12
3710,c1ccc2c(c1)Nc1ccncc1S2
3008,CCn1c2ccccc2c2cc(N=C3SC(CC(=O)Nc4ccccc4)C(=O)N3C)ccc21
6586,Cc1ccc2[nH]c(=O)c(CN(CCc3ccccc3)Cc3nnnn3CC3CCCO3)cc2c1
3293,CCc1ccccc1NC(=O)CN(C)C(=O)Cn1ncc(Cl)c(Cl)c1=O
3315,Cc1ccc(NC(=O)CN(C)C(=O)Cn2ncc(Cl)c(Cl)c2=O)cc1
13519,CCCCCCCNC(=O)Oc1ccc(-n2cc(COc3ccc4ccc(=O)oc4c3)nn2)cc1
13771,CCCCCCCNC(=O)Oc1cccc(-n2cc(COc3ccc4ccc(=O)oc4c3)nn2)c1
6275,Brc1ccc(-c2cnc(-c3cccs3)o2)cc1
3395,COc1cc([N+](=O)[O-])cc(/C=N/NC(=O)c2ccc(NC(=O)c3ccc(C)cc3)cc2)c1O
2489,N#C/C(=C/c1ccc(OCc2ccc(C(=O)O)cc2)c(Br)c1)c1cccc(F)c1
646,O=C1S/C(=C\c2ccc(N3CCOCC3)o2)C(=O)N1Cc1ccc(F)cc1
11765,O=C(/C=C/c1ccc(S(=O)(=O)N2CCc3c([nH]c4ccccc34)C2)cc1)NO
6868,Cc1ccc(Cn2cccc(NC(=O)c3ccco3)c2=O)cc1
8315,O=C(CSc1nnc(-c2cccnc2)n1Cc1ccco1)N1c2ccccc2Sc2ccccc21
3814,O=C1C2C(c3ccccc3)CC=CC2[C@H](c2ccc3ccccc3c2)N1Cc1ccccc1
14720,CC(=O)O[C@@H]1[C@@H](O)[C@@H](O)[C@H](Oc2ccc(CN=C=S)cc2)O[C@H]1C
14721,CC(=O)O[C@@H]1[C@@H](O)[C@H](C)O[C@@H](Oc2ccc(CN=C=S)cc2)[C@@H]1O
14737,CC(=O)O[C@H]1[C@H](Oc2ccc(CN=C=S)cc2)O[C@@H](C)[C@H](O)[C@H]1O
15130,C[C@@H]1O[C@@H](Oc2ccc(CN=C=S)cc2)[C@H](O)[C@H](O)[C@H]1O
12269,COc1ccc(C(NC(=O)c2ccco2)c2ccc(OC)c(OC)c2)cc1
9194,O=C(NC1CCCCC1)c1ccc(S(=O)(=O)NCc2cccnc2)cc1
5114,Cc1[nH]c2ccccc2c1-c1nc(N)sc1C
9539,CSc1nnc(-c2ccc(S(=O)(=O)N3CCCC3)cc2)n1C
12071,O=C(NCc1ccccc1)C1CC(=O)N(c2ccc(OCC(=O)N3CCCC3)cc2)C1
6679,c1cncc(-c2nnc(SCCSc3nnc(-c4cccnc4)o3)o2)c1
1754,N/C(Cc1ccc([N+](=O)[O-])cc1)=N\OC(=O)COc1ccc2ccccc2c1
10118,Cc1cc(C)c2c(n1)nn1c(N3CCN(c4cccc(Cl)c4)CC3)cc(C)nc21
10150,Cc1cc(C)c2c(n1)nn1c(N3CCN(c4ccccc4)CC3)cc(C)nc21
3929,CC(C)(CNC(=O)CO/N=C1/C=C2CCC3C(C(O)C[C@@]4(C)C3CC[C@]4(O)C(=O)CO)[C@@]2(C)CC1)C(O)C(=O)O
5430,CCn1nnnc1SCC(=O)Nc1sc(C)c(C)c1C#N
8616,CCOC(=O)c1c(NC(=O)CSc2nnnn2C)sc(C)c1C
11274,COc1ccc(/C=C/C(=O)Nc2c(C)nn(C)c2C)cc1COc1ccc(Cl)cc1Br
5343,COCCOC(=O)C1=C(C)Nc2nc(C)nn2C1c1ccccc1
6683,COc1ccc(C2C(C(N)=O)=C(C)Nc3ncnn32)cc1
10076,COCCOC(=O)C1=C(C)Nc2nc(C)nn2C1c1ccc(F)cc1
10258,CCCC1=C(C(=O)OCC)C(c2ccc(N(C)C)cc2)n2ncnc2N1
10275,CCOC(=O)C1=C(C)Nc2nc(SCC(=O)OC)nn2C1c1cc(F)cc(F)c1
10551,COCCOC(=O)C1=C(C)Nc2ncnn2C1c1ccccc1
6966,C#CCNc1cc(C)nc2ncnn12
7730,COC(=O)c1nc2nc(C)cc(C(F)(F)F)n2n1
8730,Cc1cc(C(F)F)n2nc(C(=O)O)nc2n1
10021,CC(=O)c1cnc2nc(C)nn2c1C
10859,Cc1nc2ncnn2c(C)c1CCC(=O)O
3556,CC1=NN(c2nc(-c3ccc(C)cc3)cs2)C(=O)C1N=Nc1ccc(C(N)=O)cc1
11279,COc1ccc(-c2nnc3sc(/C=C/c4ccccc4OC)nn23)cc1
7559,COc1ccc(C(c2nnnn2Cc2ccc(F)cc2)N2CCN(c3ccc(OC)cc3)CC2)cc1
8289,COc1ccc(C(c2nnnn2Cc2ccc(F)cc2)N2CCN(c3ccccc3)CC2)cc1
8655,COc1ccc(N2CCN(C(c3ccccc3)c3nnnn3Cc3ccc(F)cc3)CC2)cc1
14645,C=C1CC[C@@H]2[C@](C)(CO)[C@H](O)CC[C@@]2(C)[C@@H]1C/C=C1/C(=O)OC[C@H]1O
14654,C=C1CC[C@H]2C(C)(C)CCC[C@]2(C)[C@H]1C/C=C1\CC(O)OC1=O
14655,C=C1CC[C@H]2C(C)(C)CCC[C@]2(C)[C@H]1C/C=C1\CC(OC)OC1=O
14656,C=C1CC[C@H]2C(C)(C)CCC[C@]2(C)[C@H]1C/C=C1\CC(OCC)OC1=O
14657,C=C1CC[C@H]2C(C)(C)CCC[C@]2(C)[C@H]1C/C=C1\CCOC1=O
10026,Cc1cc(=O)oc2cc(OCC3CC(c4ccc(N(C)C)cc4)=NO3)ccc12
1770,O=C1CC(c2ccccc2)SC(N(c2ccccc2)c2ccccc2)=N1
10674,CC(C)NC(=O)CSc1nnc2sc3ccccc3n12
3920,C=C1C(=O)O[C@H]2[C@H]1[C@@H](O)CC(=C)[C@@H]1CC(=O)[C@@H](C)[C@H]21
4613,Cc1cccc(C(=O)NC(=S)NNC(=O)COc2c(C)cccc2C)c1
5251,CC(C)(C)c1ccc(C(=O)NC(=S)NNC(=O)COc2ccccc2)cc1
3418,S=c1[nH]nc(C2CCCCC2)n1/N=C/c1ccncc1
12192,C=CCn1c(SCC(=O)NC(=O)NC2CCCC2)nnc1C1CCCCC1
6715,Cc1nc2c(s1)sc1ccccc12
3779,O=C(Nc1cccc(Cl)c1)Nc1csc([N+](=O)[O-])c1
5933,O=c1oc2cc(Br)ccc2n1CSC1=NCCS1
6832,O=c1oc2ccccc2n1CSC1=NCCS1
5772,O=C1CCCC/C=C\C[C@H](CC(=O)N(CCO)Cc2ccccc2)C(=O)N[C@@H](Cc2ccccc2)CO1
4342,O=C(Cn1ncc(Cl)c(Cl)c1=O)Nc1ccc2c(c1)OCO2
5950,CCn1c(CSc2nc(C)cc(C)n2)nnc1SCC(=O)Nc1ccccc1
1517,Cc1noc(C)c1C(=O)NCCC1=CCCCC1
7316,Cc1sc(NC(=O)CSc2nc(N)n(CC(=O)c3ccccc3)n2)c(C#N)c1C
2330,CCOC(=O)C1=C(Cc2ccc(OC)cc2)C(=O)c2ccccc2C1=O
8771,COc1ccc(CN2CCN(C(=O)c3ccco3)CC2)cc1
6730,Cc1nonc1NC(=O)CSc1nnc(-c2ccoc2C)n1C
8378,CCn1c(SCC(=O)Nc2nonc2C)nnc1-c1ccoc1C
9439,Cc1nonc1NC(=O)CSc1nnc(-c2ccoc2C)n1CC(C)C
1432,O=C(NCCN1C(=O)CSC1=O)c1ccccc1
2156,N=C1/C(=C/c2cccn2Cc2ccc(Cl)cc2)C(=O)N=C2SC=CN12
2849,CCc1ccc(N(CC)c2ncnc3nc[nH]c23)cc1
2948,CCN(c1ccc(OC)cc1)c1ncnc2nc[nH]c12
1201,CC1=C(CC(=O)NCCCCOc2ccc(S(N)(=O)=O)cc2)c2cc(F)ccc2/C1=C/c1ccc(S(C)=O)cc1
1670,C=CCn1c(SCC(=O)NC)nc2sc3c(c2c1=O)CCC3
6657,CCc1nc2sc3c(c2c(=O)n1N)CCC3
7337,CCOC(=O)C(CC)n1cnc2sc3c(c2c1=O)CCC3
12836,CCCCCc1nc2sc3c(c2c(=O)n1N)CCC3
11354,CC(C)CC(C(=O)NC(C)(C)C)N(CC1CCCO1)C(=O)c1snc(C(N)=O)c1N
5421,O=C1CC(c2ccco2)CC(O)=C1C=NCC1CCNCC1
8978,COc1cc2c(cc1OC)C1=C(C#N)COCN1CC2
2717,COc1ccc([C@H](Cc2cc[n+]([O-])cc2)c2ccccc2)cc1OC1CCCC1
2097,CSc1nc(N)nc(SCCS(=O)(=O)c2ccc(Cl)cc2)c1C#N
203,Cc1c(C(=O)OC(C)C)[nH]c2c1C(=O)CC(C)(C)C2
9462,Cc1ccc(SCCC(=O)N2CCC(C(N)=O)CC2)cc1
2729,CC(=O)OCC(=O)[C@@]1(O)CC[C@H]2[C@@H]3CCC4=CC(=O)C=C[C@]4(C)[C@@]3(Cl)[C@@H](Cl)C[C@@]21C
3551,CC1CC2C3CCC4=CC(=O)C=CC4(C)C3(F)C(O)CC2(C)C1(O)C(=O)CO
3778,CC(=O)OCC(=O)C1(O)CCC2C3CCC4=CC(=O)C=CC4(C)C3C(O)CC21C
3910,C[C@]12C=CC(=O)C=C1CC[C@@H]1C2[C@@H](O)C[C@@]2(C)C1CC[C@]2(O)C(=O)COC(=O)CCC(=O)O
3926,C[C@]12C=CC(=O)C=C1CC[C@@H]1C2C(O)C[C@@]2(C)C1CC[C@]2(O)C(=O)COC(=O)CCC(=O)NC(CC(=O)O)C(=O)O
3928,CCC(C)C(NC(=O)CCC(=O)OCC(=O)[C@@]1(O)CCC2[C@@H]3CCC4=CC(=O)C=C[C@]4(C)C3[C@@H](O)C[C@@]21C)C(=O)O
3933,CC(C)CC(NC(=O)CCC(=O)OCC(=O)[C@@]1(O)CCC2[C@@H]3CCC4=CC(=O)C=C[C@]4(C)C3[C@@H](O)C[C@@]21C)C(=O)O
3934,CSCCC(NC(=O)CCC(=O)OCC(=O)[C@@]1(O)CCC2[C@@H]3CCC4=CC(=O)C=C[C@]4(C)C3[C@@H](O)C[C@@]21C)C(=O)O
4192,CC(=O)OCC(=O)[C@@]1(O)CC[C@H]2[C@@H]3C[C@H](C)C4=CC(=O)C=C[C@]4(C)[C@H]3[C@@H](O)C[C@@]21C
4244,CC1CC2C3CCC4=CC(=O)C=CC4(C)[C@@]3(Cl)C(O)CC2(C)C1(O)C(=O)CO
4245,C[C@@H]1C[C@H]2[C@@H]3CCC4=CC(=O)C=C[C@]4(C)[C@@]3(F)[C@@H](O)C[C@]2(C)[C@@]1(O)C(=O)CO
4247,C[C@H]1C[C@H]2[C@@H]3CCC4=CC(=O)C=C[C@]4(C)[C@@]3(F)[C@@H](O)C[C@]2(C)[C@@]1(O)C(=O)CO
4262,C[C@H]1C[C@H]2[C@@H]3CCC4=CC(=O)C=C[C@]4(C)[C@@]3(Cl)[C@@H](O)C[C@]2(C)[C@@]1(O)C(=O)CO
4265,CC(=O)[C@@]1(O)CC[C@H]2[C@@H]3C[C@H](C)C4=CC(=O)C=C[C@]4(C)[C@@]3(F)[C@@H](O)C[C@@]21C
4269,C[C@@H]1C[C@H]2[C@@H]3C[C@H](F)C4=CC(=O)C=C[C@]4(C)[C@@]3(F)[C@@H](O)C[C@]2(C)[C@@]1(O)C(=O)CO
4273,CC(=O)OCC(=O)[C@@]1(OC(C)=O)[C@@H](C)C[C@H]2[C@@H]3C[C@H](F)C4=CC(=O)C=C[C@]4(C)[C@@]3(F)[C@@H](O)C[C@@]21C
4275,CCCC(=O)O[C@]1(C(=O)COC(C)=O)CC[C@H]2[C@@H]3C[C@H](F)C4=CC(=O)C=C[C@]4(C)[C@@]3(F)[C@@H](O)C[C@@]21C
4278,CC(=O)OCC(=O)[C@@]1(O)CC[C@H]2[C@@H]3CCC4=CC(=O)C=C[C@]4(C)[C@H]3[C@@H](O)C[C@@]21C
4287,CC(=O)OCC(=O)[C@@]1(O)[C@H](C)C[C@H]2[C@@H]3CCC4=CC(=O)C=C[C@]4(C)[C@@]3(F)[C@@H](O)C[C@@]21C
4289,C[C@@H]1C[C@H]2[C@@H]3C[C@H](F)C4=CC(=O)C=C[C@]4(C)[C@@]3(F)[C@@H](O)C[C@]2(C)[C@@]1(O)C(=O)COC(=O)C(C)(C)C
4290,C[C@@H]1C[C@H]2[C@@H]3CCC4=CC(=O)C=C[C@]4(C)[C@@]3(F)[C@@H](O)C[C@]2(C)[C@H]1C(=O)CO
4295,C[C@H]1C[C@@H]2[C@H]([C@@H](O)C[C@@]3(C)[C@H]2CC[C@]3(O)C(=O)CO)[C@@]2(C)C=CC(=O)C=C12
4300,CCC(=O)OCC(=O)C1(OC(=O)CC)[C@H](C)C[C@H]2[C@H]3[C@H]([C@@H](O)C[C@@]21C)[C@@]1(C)C=CC(=O)C=C1C[C@H]3Cl
4308,CC(=O)OCC(=O)[C@@]1(O)CC[C@H]2[C@@H]3CCC4=CC(=O)C=C[C@]4(C)[C@@]3(F)[C@@H](O)C[C@@]21C
4312,CCC(=O)OCC(=O)[C@@]1(OC(=O)CC)[C@@H](C)C[C@H]2[C@@H]3CCC4=CC(=O)C=C[C@]4(C)[C@@]3(Cl)[C@@H](O)C[C@@]21C
4313,CCC(=O)[C@@]1(C)[C@H](C)C[C@H]2[C@@H]3CCC4=CC(=O)C=C[C@]4(C)[C@H]3[C@@H](O)C[C@@]21C
4314,CCOC(=O)O[C@]1(C(=O)COC(=O)CC)CC[C@H]2[C@@H]3CCC4=CC(=O)C=C[C@]4(C)[C@H]3[C@@H](O)C[C@@]21C
4318,C[C@@H]1C[C@H]2[C@@H]3C[C@H](F)C4=CC(=O)C=C[C@]4(C)[C@@]3(Cl)[C@@H](O)C[C@]2(C)[C@H]1C(=O)COC(=O)C(C)(C)C
4319,CCC(=O)OC1(C(=O)CCl)[C@@H](C)C[C@H]2[C@@H]3CCC4=CC(=O)C=C[C@]4(C)[C@@]3(F)[C@@H](O)C[C@@]21C
284,COC(=O)c1ccc(S(=O)(=O)N2C3CCC2CC(NC(=O)C2CC2)C3)cc1
8027,COc1ccc(S(=O)(=O)N2C3CCC2CC(NC(=O)C2CC2)C3)cc1
73,Cn1cnc2c(N3CCCCC3)nccc21
5693,O=C(NN1C(=O)NC2(CCCCC2)C1=O)c1cc(F)cc(F)c1
4166,COc1ccc(S(=O)(=O)c2c(O)c3ccc(C(=O)Nc4ccccc4Cl)cc3[nH]c2=O)cc1
5565,CC(OC(=O)c1ccc(Cl)c(S(=O)(=O)N2CCOCC2)c1)C(=O)NC1CCCCC1C
2390,O=C(CCS(=O)(=O)c1ccccc1)Nc1ccc(-c2nc3ccccc3s2)cc1
4455,COc1ccc(/C=C(/C(=O)c2ccc(Cl)cc2Cl)n2cncn2)cc1
4553,O=C(/C(=C/c1ccccc1)n1cncn1)c1ccc(Cl)cc1Cl
4563,CN(C)c1ccc(/C=C(/C(=O)c2ccc(Cl)cc2Cl)n2cncn2)cc1
4432,N#CC(=C=[N-])C1=C(C#N)C(c2ccccc2F)C([n+]2ccccc2)C(O)(C2CC2)N1
4463,Cc1cccc[n+]1C1C(c2ccccc2)C(C#N)=C(C(=C=[N-])C#N)NC1(O)C1CC1
7491,C=CCn1c(O)c(CN2CCN(Cc3ccccc3)CC2)c(C)c(C#N)c1=O
8022,CCCn1c(SCC(=O)NCc2cccs2)nc2c1c(=O)n(C)c(=O)n2C
11265,Cc1c(C(=O)N2CCCC2)sc(NC(=O)c2ccc(Cl)cc2)c1C#N
7449,Cc1ccc(NC(=O)Cn2nc(C)cc2C)cc1
224,c1ccc(Cc2nnc3sc(-c4cccnc4)nn23)cc1
14020,CN1CCN(Cc2ccc(-c3cn4c5nc(ncc35)NCCCCNC(=O)[C@@H](N)CCC4)cc2)CC1
3682,O=C(CCl)Nc1cccc(CP(=O)(c2ccccc2)c2ccccc2)c1
6395,CCOc1cccc(NC(=O)C(Cc2cccs2)c2nn[nH]n2)c1
9085,CCOc1ccccc1NC(=O)NC1(C(=O)N2CCOCC2)CCCCC1
12327,CCN1C(=O)C(O)(C2COC(C)(C)CC2=O)c2ccccc21
8807,O=C(NC1CC1)c1ccc(S(=O)(=O)NCC2CCCCC2)cc1
1601,CC(C)n1c(SCC(=O)Nc2nc3c(s2)CCCC3)nc2c1c(=O)n(C)c(=O)n2C
7604,Cc1cccc2cc(CN(Cc3nnnn3Cc3ccco3)C3CCCC3)c3nnnn3c12
7480,CCOC(=O)c1cnc(SCC(=O)N2CCN(C(=O)c3ccco3)CC2)nc1N
603,Cc1cc(C(=O)N2CCN(c3ccccc3Cl)CC2)c(C)o1
12473,Cc1occc1C(=O)N1CCN(c2ccc(Cl)c(Cl)c2)CC1
4912,Clc1ccccc1C1=CC(c2ccco2)n2ncnc2N1
12760,COc1cccc(OCCCN2CCN(S(=O)(=O)c3ccc(NC(C)=O)cc3)CC2)c1
5047,CC(C)(C)c1ccc(O)c(N=Cc2c(O)ccc3ccccc23)c1
9413,COc1cc(S(=O)(=O)N(Cc2ccco2)C2CCCC2)ccc1-n1cnnn1
7405,CCOc1nc(OCC)nc(N2CCC(C)CC2)n1
13630,CCNNC(=O)c1ccc(CN2c3ccccc3CC(=O)c3ccccc32)cc1
6214,O=C(Nc1ccc2c(c1)OCCO2)C1CCN(c2nnnn2-c2ccccc2)CC1
7788,CC(=O)Nc1c(C(=O)O)oc2ccc(Cl)cc12
8869,COc1ccc2oc(C)c(C(N)=O)c2c1
8943,COc1ccc2oc(C)c(NC(C)=O)c2c1
9826,COC(=O)CCC(=O)c1oc2ccccc2c1N
10009,COCCOC(=O)c1c(C)oc2ccc(OC(=O)N(C)C)cc12
10543,Cc1oc2ccc(OC(=O)N(C)C)cc2c1C(=O)OC(C)C
12713,CCOC(=O)c1c(C)oc2cc(Br)c(OC(C)C(=O)OCC)cc12
7672,O=C(CSc1nnc(-c2ccccc2Br)o1)Nc1cccc2ccccc12
15050,COc1cc2c(cc1O)CCc1cc(O)ccc1[C@@H]2c1ccc(O)cc1
9315,CCOC(=O)C1C(=O)C(C(=O)OCC)C(c2cccnc2)NC1c1cccnc1
6835,O=C(Oc1ccc2c(=O)c(Cl)coc2c1)c1ccncc1
11608,O=C(CNc1nc(-c2ccccc2)c(-c2ccccc2)s1)N1CCOCC1
11740,COc1ccc(-c2nc(NCC(=O)N3CCOCC3)sc2-c2ccc(OC)cc2)cc1
8598,O=C(Cc1cccs1)N1CCC(c2nc3c(nnn3Cc3ccc(F)cc3)c(=O)[nH]2)CC1
9587,CC(C)(C)c1ccc(Cn2nnc3c(=O)[nH]c(C4CCN(C(=O)Cc5cccs5)CC4)nc32)cc1
1571,O=c1cc(C(F)F)oc2c1ccc1ccccc12
5979,Cc1ccc2cc(C#N)c(NCc3ccco3)nc2c1
7255,CCc1[nH]nc2c1C1(CCOC1C)C(C#N)=C(N)O2
11030,CCOC(=O)c1ccc2c(c1)nc(SCC(=O)c1ccco1)n2CC
7872,COCCn1c(COc2cccc(OC)c2)nnc1SCC(=O)N1CCOCC1
1785,O=C(/C=C/c1ccc2c(c1)OCO2)Nc1nc2ccccc2s1
7514,O=C(Oc1ccccc1)c1ccc(-n2cnnn2)cc1
1394,CCC(C(=O)N1CCc2cc(OC)c(OC)cc2C1)c1ccccc1
61,Cc1ccc2c(c1)N(CC(=O)Nc1ccc3c(c1)OCCO3)C(=O)CO2
4610,CCOC(=O)Cc1csc(N/C(=N/S(=O)(=O)c2ccc(F)cc2F)c2ccccc2)n1
1883,C/C(=N\NC(=O)CN(c1ccccc1Br)S(C)(=O)=O)c1ccc2c(c1)OCCO2
1823,O=C1c2cccc(OCC(=O)N3CCCc4ccccc43)c2CCN1Cc1ccc(Br)cc1
10007,CCOc1cc([C@H]2[C@@H]3CCCC[C@]3(O)CCN2CC(=O)NCc2ccco2)ccc1O
5493,C/C(=N\NC(=O)c1ccccc1)c1ccc2c(c1)OCO2
3506,CC1(C)CC(=O)C(C=Nc2ccc(C(=O)c3ccccc3)cc2N=CC2=C(O)CC(C)(C)CC2=O)=C(O)C1
6811,COc1ccc(CCNC(=O)CSc2nnnn2Cc2ccc3c(c2)OCO3)cc1OC
14856,CC1=C2C=Cc3c(O)c(C(C)C)cc4c3[C@@]2(C)[C@@H](CC1=O)O4
2485,COc1cc(NC(=O)c2ccccc2)c(OC)cc1NC(=O)Cc1cccs1
6571,CN(C(=O)C1CCOC1)c1nnc(-c2cnccn2)s1
7376,Cc1cnc(-c2nnc(N(C)C(=O)C3CCOC3)s2)cn1
9239,Cc1ccc(C(=O)Nc2nc3ccccc3c(=O)s2)cc1
14267,COc1cc(Nc2ncnc(-n3c(Nc4ccccc4)nc4ccccc43)n2)cc(OC)c1OC
14446,COc1cc(Nc2ncnc(-n3c(Nc4c(C)cccc4C)nc4ccccc43)n2)cc(OC)c1OC
1483,N#Cc1ccc(NC(=O)C2CC(c3ccc(F)cc3)=NO2)cc1
9209,Cc1ccc(O)c(NC(=O)C2CC(c3c(F)cccc3Cl)=NO2)c1
951,Cc1ccc(C(=O)Nc2cccc(C(F)(F)F)c2C)cc1-c1ccc2nc(NC3CC3)ncc2c1
8793,O=S(=O)(Nc1cccnc1)c1ccc(C2CCCCC2)cc1
12824,CC(C)c1ccccc1-n1c(SCC(=O)N2CCN(c3ccccc3)CC2)nnc1-c1cccnc1
14870,CCCC1CC[C@@]2(C)C3CC[C@]4(C)C(CC=C5C6[C@H](O)C(C)(C)CC[C@]6(C(=O)O[C@@H]6O[C@H](CO)[C@@H](O)[C@H](O)[C@H]6O)CC[C@]54C)[C@@]3(C)C[C@@H](O)[C@@H]2O1
535,Clc1ccccc1/C=C/c1nc(-c2ccccn2)no1
11036,Cc1ccc2c(CSc3nncs3)cc(=O)oc2c1
10343,CC1Cc2cc(/C(O)=C3/C(=O)C(=O)N(CCN4CCOCC4)C3c3cccc(O)c3)ccc2O1
2800,COc1ccccc1-c1cc(C(=O)Nc2cc(C)n(Cc3ccc(Cl)cc3)n2)no1
9884,N#Cc1c(NC(=O)CSc2ncc(-c3ccccc3)n2CC2CCCO2)sc2c1CCCC2
1811,O=C(N/N=C/c1ccc([N+](=O)[O-])s1)c1cccnc1
327,CC1CN(S(=O)(=O)N(C)C)CCN1S(=O)(=O)N(C)C
9727,N#CCCN1CCN(CCC#N)CC1
12976,Cc1ccc(-c2nc(N)n(C(=O)c3cccnc3)n2)cc1
7022,O=C(CSc1nnc(CCc2nc3ccccc3[nH]2)n1-c1ccccc1)NCc1ccco1
5167,Cc1ccc(-c2n[nH]c(Cc3ccccc3)n2)cc1
9793,O=C(CN1CCOCC1)Nc1cccc(Cl)c1Cl
5951,O=c1sc2ccccc2n1CCOc1ccccc1
12722,COc1ccccc1OCCn1c(=O)sc2ccccc21
11981,CC(=O)Nc1cc(-c2c(-c3ccc(F)cc3)nc(SCCCC(=O)N3CCOCC3)n2CCO)ccn1
12431,Cc1noc(/C=C/c2ccco2)c1S(=O)(=O)N1CCC(C(=O)N2CCc3ccccc3C2)CC1
1381,CCCCCn1c(CN2CCN(Cc3ccccc3)CC2)nc2c1c(=O)n(C)c(=O)n2C
1551,Cn1c(=O)[nH]c(=O)c2c1nc(CN1CCN(Cc3ccccc3)CC1)n2CC(N)=O
10049,CCCCCCn1c(CN2CCN(Cc3ccccc3)CC2)nc2c1c(=O)n(C)c(=O)n2C
10450,CC(C)CCn1c(CN2CCN(Cc3ccccc3)CC2)nc2c1c(=O)[nH]c(=O)n2C
10468,CC(C)CCn1c(CN2CCN(Cc3ccccc3)CC2)nc2c1c(=O)n(C)c(=O)n2C
6511,O=C(Cc1ccccc1)N1CCC(c2nc3ccccc3[nH]2)CC1
6487,CCN(CC)Cc1cc2ccccc2c2c1COC2
3048,Cc1cc(C)c(C(=O)/C=C/c2ccc(C(C)C)cc2)c(=O)[nH]1
4857,O=C(CNCC1(N2CCOCC2)CCCCC1)Nc1ccc(Cl)cc1
10629,Cn1nnnc1SCC(=O)c1c(N)n(C)c(=O)n(C)c1=O
10965,COc1ccc(-c2nnc(SCC(=O)Nc3cc(C)on3)n2N)cc1OC
1796,COc1ccc(/C=N/NC(=O)C(C)n2cnc3ccccc3c2=O)cc1OC
14672,C=C1[C@@H]2CC[C@@H]3C[C@@]2(C[C@@H](O)[C@@]2(O)[C@H]1C[C@H](O)C2(C)C)C[C@@]3(C)O
14673,C=C1[C@@H]2[C@@H](O)[C@H](O)C(C)(C)[C@@]2(O)[C@H](O)C[C@]23C[C@@](C)(O)[C@H](CC[C@@H]12)[C@H]3O
11004,CCCCn1c(SCC2CCCCO2)nc2cc(S(N)(=O)=O)ccc21
6040,CCc1ccc2[nH]c(=O)c(CN(CCN3CCCC3)C(=O)NC3CCCCC3)cc2c1
12818,Cc1cccc2cc(CN(CCN3CCCC3)C(=O)NC3CCCCC3)c(=O)[nH]c12
7160,COCCn1nnnc1C(c1ccc(OC)c(OC)c1)N1CCN(c2nc3ccccc3s2)CC1
7696,COc1cc(C(c2nnnn2C(C)(C)C)N2CCN(c3nc4ccccc4s3)CC2)ccc1O
12408,COc1ccc(N2C(=O)CC(N3CCN(S(=O)(=O)c4c(F)cccc4F)CC3)C2=O)cc1OC
2497,CCOc1cc(/C=C\[N+](=O)[O-])ccc1OCC(=O)N1CCOCC1
4818,O=C(COc1ccc(/C=C\[N+](=O)[O-])cc1)N1CCOCC1
531,COc1ccc2c(c1)c1ncn(Cc3ccccn3)c(=O)c1n2C
5558,O=C(NCCCN1CCOCC1)c1cc(-c2cccc(Br)c2)nc2ccccc12
13829,COCc1cc2c(C(=O)N=c3c(Cl)cn(O)cc3Cl)ccc(OC)n2n1
14008,COc1ccc(C(=O)N=c2c(Cl)cn(O)cc2Cl)c2cc(C#N)nn12
14178,COc1ccc(C(=O)N=c2c(Cl)cn(O)cc2Cl)c2cc(C(C)C)nn12
14194,CCc1cc2c(C(=O)N=c3c(Cl)cn(O)cc3Cl)ccc(OC)n2n1
14376,COc1ccc(C(=O)N=c2c(Cl)cn(O)cc2Cl)c2ccnn12
14420,COc1ccc(C(=O)N=c2c(Cl)cn(O)cc2Cl)c2cc(C(F)(F)F)nn12
7645,Cc1cc(C)nc(N2CCC(C(=O)NCCc3ccc(F)cc3)CC2)n1
7898,Cc1cc(C)nc(N2CCC(C(=O)NCCc3ccccc3)CC2)n1
549,COc1ccc(C(=O)Nc2ccc3[nH]ccc3c2)cc1
2837,CC(C)n1c(SCc2ccccc2F)nc2c1c(=O)n(C)c(=O)n2C
6606,CC(C)n1c(SCc2ccc(Cl)cc2)nc2c1c(=O)[nH]c(=O)n2C
7131,C/C=C/Cn1c(SCc2ccccc2)nc2c1c(=O)[nH]c(=O)n2C
7383,COCCn1c(SCc2ccccc2Cl)nc2c1c(=O)[nH]c(=O)n2C
7542,C/C=C/Cn1c(SCc2ccc(Cl)cc2)nc2c1c(=O)[nH]c(=O)n2C
8640,C/C(Cl)=C/Cn1c(SCc2ccc(Cl)cc2)nc2c1c(=O)[nH]c(=O)n2C
1417,O=c1ccc2ccc(OCc3nnc(-c4ccccc4Br)o3)cc2o1
4566,CCOC(=O)c1c(N2C(=O)Nc3ccccc3N2O)sc2c1CCCCC2
8064,COC(=O)CC1Nc2ccccc2SC1=O
3522,Cc1ccc(N=Cc2cc(Cc3ccccc3Cl)cc([N+](=O)[O-])c2O)c(O)c1
2328,O=C(NCCCO)Nc1ccc2nc(-c3ccco3)c(-c3ccco3)nc2c1
4771,O=C(NCCO)Nc1ccc2nc(-c3ccco3)c(-c3ccco3)nc2c1
3617,COc1cc(C(=O)N/N=C/c2sccc2C)cc(OC)c1OC
614,CC12C(=O)OC(=O)C1(C)C1CCC2O1
4339,C[C@@]12C(=O)OC(=O)[C@]1(C)C1CCC2O1
11931,NC(=O)c1cn(-c2ccc3c(c2)CCC3)c2nc(NCCCn3ccnc3)ncc2c1=O
4704,O=C(/C=C/c1cccs1)NC(=S)NNC(=O)c1ccccc1O
13542,O=C(NCCCCCc1ccccc1)Oc1cccc(Cn2cc(COc3ccc4ccc(=O)oc4c3)nn2)c1
9664,N#Cc1cccc(C(c2nnnn2CCc2ccccc2)N2CCN(C3CCCCC3)CC2)c1
4483,O=C1/C(=C/c2ccccc2)Nc2ccccc21
6077,O=C(O)c1cc(N2C(=O)C3C4C=CC(C4)C3C2=O)ccc1NCc1cccnc1
7354,O=C(Cn1nnc(-c2ccc(CN3CCOCC3)cc2)n1)N1CCCc2ccccc21
7946,O=C(Cn1nnc(-c2ccccc2NC(=O)C2CC2)n1)NC1CCCCC1
14015,CC1CCN(CCN(C(=O)Nc2ccc(Cl)cc2)c2ccc3nc(N)sc3c2)CC1
14252,Nc1nc2ccc(N(CCN3CCCCC3)C(=O)Nc3ccc(Cl)cc3)cc2s1
9647,N#CC(=C1CCCC1)c1nc(-c2ccccc2O)cs1
1698,Cn1c(O)c(C(=N)COc2cccc(Cl)c2)c(=O)n(C)c1=O
6686,Cc1ccc(CN(C(=O)Cn2nnc3ccccc32)C(C(=O)NCc2ccco2)c2cccs2)cc1
2164,Cc1ccc(NC(=O)c2ccc(NCCc3ccccc3)c([N+](=O)[O-])c2)cc1F
14156,Cc1c(C2CCCCC2)c(=O)on1C(=O)N1CCCCC1
14338,Cc1c(C2CCCCC2)c(=O)on1C(=O)N1CCC(C)CC1
2232,C[C@@H]1NC(=O)N[C@@H]1CCCCCC(=O)O
12839,CCN1C(=O)N(C)C(N(O)C(=O)NC)C1(C)C
12804,Cc1nn(Cc2ccc(C(=O)NC(C)(C)C)o2)c(C)c1Br
1543,COc1ccc(Nc2nc(C)cc(C)c2C#N)cc1OC
9447,Cc1ccc(Nc2ncccc2C(=O)O)cc1C
13131,COc1ccc2cc(C(=O)NC3CC(C)(O)C3)cnc2c1
13308,COc1ccc2cc(C(=O)NC3CC(O)C3)cnc2c1
9829,Cn1nccc1C(=O)Nc1cccnc1
1679,CCC(C)(C)NC(=O)CN(C(=O)c1snc(C(N)=O)c1N)c1ccc(OC)c(OC)c1
6047,CN(C(=O)c1cccc(C#N)c1)c1nnc(-c2cnccn2)s1
5270,COC1=C/C(=C/c2c(N)n3nc(CC(=O)N4CCOCC4)sc3nc2=O)C=CC1=O
10066,CC1CCN2c3nc4ccccn4c(=O)c3CC3(C(=O)N(C)C(=O)N(C)C3=O)C2C1
2000,CCn1nc(-c2cccc(-c3cc(C(=O)NC4CC4)cc(C(=O)NC4CCN(Cc5ccccc5)CC4)c3)c2)cc(NC(=O)Nc2c(Cl)cncc2Cl)c1=O
1585,Cc1cc(NC(=O)CSc2nnc(Cc3ccccc3)n2C)no1
10721,O=C(COC(=O)CCC1CCCC1)Nc1ccc(Cl)cn1
3969,O=c1oc(-c2ccccc2)cc(Cl)c1Cl
6569,O=C(CSc1nnc(Cc2ccccc2)n1-c1cccc(Cl)c1)N1CCOCC1
10678,Cc1cccc(-n2c(Cc3ccccc3)nnc2SCC(=O)N2CCOCC2)c1
5495,Cc1cc(/C=N\NC(=O)c2cccs2)c(C)n1-c1ccc2ncccc2c1
3177,COc1ccc(S(=O)(=O)N(C(=O)c2ccco2)c2cc3sc(=O)oc3c3ccccc23)cc1
3178,CCOc1ccc(S(=O)(=O)N(C(=O)c2ccco2)c2cc3sc(=O)oc3c3ccccc23)cc1
3183,Cc1ccc(S(=O)(=O)N(C(=O)c2ccco2)c2cc3sc(=O)oc3c3ccccc23)cc1
11251,NC(=O)NC(CC(=O)NNC(=O)c1ccccn1)c1ccc(Cl)cc1
9109,N#Cc1cnc(SCC(=O)c2ccccc2)nc1N
11260,CCOC(=O)c1cnc(SCC(=O)c2ccc(C)cc2)nc1N
10286,CC(C)Cc1nc2oc3c(NCc4cccnc4)ncnc3c2c2c1CCC2
5477,Cc1cnc(NC(=O)C2CCCC2)s1
7678,O=C1C2C(C(=O)N1c1ccncc1)C1C=CC2C12CC2
734,N#C[C@@H]1[C@H](c2ccc(C#Cc3cccc(F)c3)cc2)[C@@H](CO)N1C(=O)C1CCCC1
743,N#C[C@H]1[C@H](c2ccc(C#Cc3ccc(F)cc3)cc2)[C@@H](CO)N1C(=O)C1CCCC1
744,N#C[C@@H]1[C@H](c2ccc(C#Cc3ccc(F)cc3)cc2)[C@@H](CO)N1C(=O)C1CCCC1
767,COc1cccc(C#Cc2ccc([C@H]3[C@@H](C#N)N(C(=O)C4CCCC4)[C@@H]3CO)cc2)c1
793,N#C[C@@H]1[C@H](c2ccc(C#Cc3ccccc3F)cc2)[C@@H](CO)N1C(=O)C1CCCC1
794,N#C[C@H]1[C@H](c2ccc(C#Cc3ccccc3F)cc2)[C@@H](CO)N1C(=O)C1CCCC1
13857,O=C(Cn1cnnn1)Nc1cncc(-c2cccc3[nH]ccc23)c1
2174,COc1ccc2oc(=Nc3ccccc3)c(-c3nc4ccccc4[nH]3)cc2c1
12515,CC1CN(c2ccc(S(=O)(=O)N3CCOCC3)cn2)CC(C)O1
28,COc1ccccc1CNC(=O)COC(=O)Cc1ccc(F)cc1
5821,O=C(COC(=O)Cc1ccccc1F)NCc1ccccc1Cl
5822,O=C(COC(=O)Cc1ccc(Br)cc1)NCc1ccccc1
5836,O=C(COC(=O)Cc1ccc(Cl)cc1)NCc1ccc(Cl)cc1
10691,Cc1cc(C)n(-c2ccc(C(=O)Nc3ccc4c(c3)OCCO4)cc2)n1
10213,Nc1nc(CN2CCN(c3ccc(F)cc3)CC2)nc(N2CCCc3ccccc32)n1
10295,Nc1nc(CN2CCN(c3ccccc3)CC2)nc(N2CCCc3ccccc32)n1
5237,O=C(NC(=S)NNC(=O)c1ccco1)c1ccc(Br)cc1
6860,O=C(CSc1nnc(-c2cccnc2)n1CCc1ccccc1)N1CCCCC1
9254,O=C(NCCCN1CCOCC1)C(C(=O)c1ccccc1)n1ccccc1=O
11773,CS(=O)(=O)Nc1ccncc1Sc1ccccc1
13249,O=S(=O)(Nc1ccncc1Sc1ccccc1)C(F)(F)F
10716,CCN(CC)P1(=O)OC(c2cc(OC)c(OC)c(OC)c2)=Nc2c1c(C)nn2-c1ccccc1
10681,O=S(=O)(c1cccc(-c2nnc(SCc3ccc(Cl)cc3)o2)c1)N1CCCCC1
1472,O=C(NC(=O)c1cccc(OC(F)(F)C(F)F)c1)OC1CCS(=O)(=O)C1
9796,O=C(NC1CCCCC1)c1nc2c(nnn2Cc2ccccc2Cl)c(=O)[nH]1
12890,CCOC(=O)c1c(C)[nH]c(C)c1C(=O)COC(=O)CNC(=O)c1ccc(OCC)cc1
11228,CC(O)c1c(OCc2ccccc2)ncnc1OCc1ccccc1
9979,COCCn1nnnc1C(c1cc2cc(C)ccc2[nH]c1=O)N1CCCCCC1
12276,CCC(CC)C(=O)c1c[nH]c(C(=O)NCCc2ccccn2)c1
6107,C/C(CC1(O)C(=O)N(C)c2ccccc21)=N\O
7470,C=CCC1(O)C(=O)Nc2ccccc21
6960,CCOC(=O)c1c(-c2ccsc2)csc1N
6193,COC(=O)c1ccccc1NC(=O)C1CC(=O)N(c2ccc(F)cc2)C1
7974,CCOc1ccc(N2CC(C(=O)Nc3ccc(F)cc3F)CC2=O)cc1
8036,O=C(Nc1cccc(F)c1)C1CC(=O)N(c2ccc(Br)cc2)C1
9734,CCCOc1ccc(N2CC(C(=O)Nc3ccccc3F)CC2=O)cc1
602,O=C(Cc1ccc2c(c1)OCO2)NN=Cc1ccc([N+](=O)[O-])o1
10650,O=C(Cn1[nH]c(=O)c2ccccc2c1=O)OCC(=O)N1CCc2ccccc2C1
7072,O=C(Nc1ncnc2sc3c(c12)CCC3)c1ccco1
5554,CSc1ccccc1OCc1cc(C(=O)NCCC2=CCCCC2)no1
49,CCCn1c(SCC(=O)NCc2ccco2)nc2c1c(=O)n(C)c(=O)n2C
12826,CCCCn1c(SCC(=O)NCc2ccco2)nc2c1c(=O)n(C)c(=O)n2C
5166,Cc1cc2ncn(-c3ncccc3[N+](=O)[O-])c2cc1C
10353,Clc1ccc(OCCCc2nc(-c3cccnc3)no2)c(Cl)c1
1563,COc1ccc(/C=N/n2cc(-c3ccccc3)nc2N)cc1
7058,O=C(CSc1nc2ccccc2c(=O)[nH]1)Nc1ccc(S(=O)(=O)N2CCCC2)cc1
11178,O=C(NCCNC(=O)c1ccc([N+](=O)[O-])o1)c1ccc2ccccc2n1
8094,Cc1cc(C)nc(N2CCC(C(=O)Nc3ccc(Oc4ccccc4)cc3)CC2)n1
14796,CC(C)=C[C@H]1C[C@H](C)[C@]2(CC[C@]3(C)C[C@@H]4C(C)=CC(=O)/C4=C(\CO)[C@@H](O)C[C@H]32)O1
14797,CC(C)=C[C@H]1C[C@H](C)[C@]2(CC[C@]3(C)C[C@@H]4C(C)=CC(=O)/C4=C(\CO)[C@H](O)C[C@H]32)O1
14858,CC1=CC(=O)/C2=C(\CO)[C@@H](O)C[C@@H]3[C@](C)(CC[C@@]34O[C@@H](/C=C(\C)CO)C[C@@H]4C)C[C@H]12
8585,Fc1cccc(Cl)c1CSc1nnc(COc2cccc3cccnc23)o1
10541,CCCCCCn1c(-c2ccco2)nc2oc3cc(OC)ccc3c(=O)c2c1=O
8576,CCOC(=O)C(C)Sc1nc(-c2ccco2)cc(C(F)(F)F)c1C#N
6157,CC1(C)CC(=O)C=C(Nc2ccccn2)C1
2496,CCCOC(=O)/C(=C\C=C\c1ccco1)NC(=O)c1ccccc1
868,Cc1ccc(Nc2ncc(C(=O)NCCc3c(C)[nH]c4ccccc34)cn2)c(C)n1
885,Cc1[nH]c2ccccc2c1CCNC(=O)c1cnc(Nc2cccnc2)nc1
8952,O=C(COc1ccc2oc3c(c2c1)CCCC3)Nc1ccccn1
13835,O=C(N[C@H]1CNC1=O)OCCCCCC1CCCCC1
1169,CC(C)Cc1ccc(C(C)c2nc3cc(-c4nn[nH]n4)ccc3n2Cc2ccccc2Cl)cc1
1749,Cn1c(CCNC(=O)c2ccc(Cl)c(Cl)c2)nnc1SCc1ccc(Cl)c(Cl)c1
8452,O=C(CSc1nnc(-c2ccc(O)cc2)n1Cc1ccco1)c1cccs1
10992,O=C(CSc1nnc(-c2ccc(Cl)cc2)n1Cc1ccco1)c1cccs1
6465,CCn1c(SCC(=O)c2ccc3c(c2)OCCO3)nnc1C(C)C
6607,COCCn1c(SCC(=O)c2ccc3c(c2)OCCO3)nnc1C(C)C
6125,Cn1cccc1C(=O)c1ccc(Cl)cc1Cl
11095,O=C(NC1CCCCCC1)C1CC(=O)N(Cc2ccccc2)C1
1110,NS(=O)(=O)c1cc(NC(=O)Cc2ccccc2Cl)ccc1Oc1cccc(N2CCOCC2=O)c1
6037,O=C(CN1CCC(n2nnc3cc(F)ccc32)CC1)N1CCc2ccccc2C1
12950,Cc1nonc1NC(=O)CSc1nnc(-c2ccoc2C)n1-c1cccc(Cl)c1
2961,CC(C)CNC(=O)c1coc(=O)c(Br)c1
1784,C/C(=N\Nc1cc(-c2ccccc2)nc(-c2ccccc2)n1)c1ccc(O)c(C)c1
4642,Cc1ccc(/C=C(\C#N)C(=O)c2ccccc2)s1
8409,CCC(OC(=O)c1cc2sccc2n1C)C(=O)NCc1ccco1
11253,Cc1cc(C(=O)CSc2ccc(F)cc2)cc(C)c1OC(=S)N(C)C
12525,COC(=O)c1c(/N=C/N(C)C)sc2c1CCN(c1ncc(C(F)(F)F)cc1Cl)C2
2677,CC(=O)Oc1ccc(/C=N\NC(=O)c2cc3c(ccc4ccccc43)o2)cc1
2446,Oc1c(Br)cc(C=Nc2ccc3nc(-c4ccccc4)[nH]c3c2)c(O)c1Br
2995,Cc1ccc(Cc2cnc(NC(=O)/C(C#N)=C/c3ccc(-c4ccccc4[N+](=O)[O-])o3)s2)cc1
5900,CCOc1cc(C(=O)CSc2nnc(CNc3ccc(Cl)cc3)o2)ccc1NC(=O)CC
7918,CCC(=O)Nc1ccc(C(=O)CSc2nnc(CNc3ccc(Cl)cc3)o2)cc1OC
8021,Cc1ccc(C(=O)CSc2nnc(CNc3ccc(C)cc3C)o2)cc1
9336,Cc1ccc(NCc2nnc(SCC(=O)c3ccccc3)o2)c(C)c1
12816,CCn1cc(CN(C)C(=O)CSc2nc(-c3ccco3)cc(C(F)(F)F)n2)c(C)n1
3593,O=C(Cn1ncc(Cl)c(Cl)c1=O)N1CCc2ccccc21
5268,O=C(/C=C/c1ccc(F)cc1)NC(=S)NNC(=O)[C@H]1C[C@@H]1c1ccccc1
12940,O=C(OCCN1C(=O)c2ccccc2C1=O)c1cnccn1
10067,C=CCn1c(Cc2cccs2)nnc1SCC(=O)c1ccc(F)cc1
13590,CNC(=O)c1cc(C(=O)NC2CC2)cn(Cc2cccc3occc23)c1=O
657,O=S(c1ccccc1O)S(=O)c1ccccc1O
8988,CCOc1ccc(Nc2nc(Cc3nnc(SCC(=O)NCC4CCCO4)n3C)cs2)cc1
6,COCc1cc(C)nc(SCC(=O)Nc2cccc3cccnc23)c1C#N
11432,CC(C)(C)NCC(=O)N1CCc2cc(NCc3ccc(F)cc3)ccc21
1348,O=C(Cn1nnc(-c2ccc(Cl)cc2)n1)NC1CCN(Cc2ccccc2)CC1
7264,CCOc1ccc2c(c1)c1nnc(SCC(=O)N3CCC(C)CC3)nc1n2C
8676,CCOc1ccc2c(c1)c1nnc(SCC(=O)N3CCCCC3C)nc1n2C
10723,O=C(OCCOc1ccc(Br)cc1)c1cnccn1
4030,COc1cccc(N=Nc2ccc(O)c3ncccc23)c1
2652,O=C(CN1C(=O)/C(=C\c2cccc(Br)c2)Oc2ccccc21)NCC1CCCO1
12720,O=C(COc1ccccc1)N(CCc1ccccc1)c1nc(-c2ccc(F)cc2)cs1
5729,COc1cccc(N2CCN(CC(=O)Nc3ccc(S(=O)(=O)N4CCCCCC4)cc3)CC2)c1
5744,COc1ccccc1N1CCN(CC(=O)Nc2ccc(S(=O)(=O)N3CCCCCC3)cc2)CC1
8344,COc1ccc(CCNc2oc(COc3ccccc3F)nc2C#N)cc1OC
1964,CCn1nc(-c2cccc(-c3ccc(CC(=O)NCCN4CCCCC4)cc3)c2)cc(NC(=O)Nc2c(Cl)cncc2Cl)c1=O
7299,COc1cc2cc(C(c3nnnn3C3CCCC3)N(C)C3CCCCC3)c(=O)[nH]c2cc1OC
447,COc1ccc(C2=NN(CCOc3ccc(C4=NNC(=O)CC4C)cc3)C(=O)CC2C)c2cc(C(F)(F)F)nn12
2179,C#CCn1c(=NC(=O)c2cc(-c3cccs3)nc3ccccc23)sc2cc(S(N)(=O)=O)ccc21
13397,COc1ccc2cc(C(=O)NCc3cc[nH]c(=O)c3)cnc2c1
210,Cc1ccc(OCC(=O)N2CCCCCC2)c(C)c1
963,Cc1ccc(C(=O)Nc2cccc(C(F)(F)F)c2C)cc1-c1ccc2nc(Nc3ccccc3)ncc2c1
380,CC[C@H]1OC(=O)[C@H](C)C(=O)[C@H](C)[C@@H](O[C@@H]2O[C@H](C)C[C@H](N(C)Cc3ccccc3-c3cn(CCCCCC(=O)NO)nn3)[C@H]2O)[C@@](C)(OC)C[C@@H](C)C2=NCCN3C(=O)O[C@@]1(C)[C@H]3[C@H]2C
4573,COc1ccc(/C=C(\NC(=O)c2cccs2)C(=O)Nc2cccc3ccccc23)cc1OC
13333,CCCCC#Cc1ccc(NC2CCOC2)c(C(N)=O)c1
11577,Cc1noc(C)c1-c1cc2ncc3c(c2cc1O[C@H]1CCNC1)n(C(C)c1ccccn1)c(=O)n3C
3112,Nc1ncnc(Sc2ccc(Cl)cc2)c1[N+](=O)[O-]
3238,Nc1ncnc(Sc2ccccc2)c1[N+](=O)[O-]
6915,CCOC(=O)c1cc2occc2n1CCCN1C(=O)c2ccccc2C1=O
8843,Cc1nc(Nc2ccc(S(N)(=O)=O)cc2)oc1C
8455,Cc1nnc2n1N=CC=C(c1ccccc1)S2
12117,CC(C)c1nc2ccc(NC(=O)C3CCCCC3)cc2[nH]1
12101,Cc1ccc2c(CC(=O)NCc3ccco3)coc2c1C
10015,N[C@@H](Cc1ccccc1)c1nnc2sc(SCc3ccccc3)nn12
2732,[O-][N+]1=c2ccc(Nc3ccccc3)cc2=NC12CCCCC2
2854,COc1ccc(Nc2ccc3c(c2)=NC2(CCCCC2)[N+]=3[O-])cc1
1627,CCOc1ccc(-n2nc(C(=O)N3CCN(CC)CC3)c3ccccc3c2=O)cc1
6576,O=C(NCc1cccs1)C1CCCN(S(=O)(=O)c2ccc3c(c2)OCO3)C1
5467,Cc1cnc(NC(=O)CSc2nnc(C)s2)s1
7957,Cc1cc(-c2ccccc2)nc(N2CCN(c3ccccn3)CC2)n1
4475,O=C(NNC(=S)NC(=O)C12CC3CC(CC(C3)C1)C2)c1ccncc1
9316,CCCCn1c(=N)n(CC(O)COc2ccccc2)c2ccccc21
8866,Clc1cccc(Cl)c1COc1ccccn1
8041,COc1cc(NC(=O)Cc2cccs2)ccc1-n1cnnn1
12930,Cc1cc(NC(=O)c2ccc(N3C(=O)CCC3=O)cc2)no1
10987,Cc1nn(-c2cccc(C(F)(F)F)c2)c(Cl)c1/C=N/n1cnnc1
3785,Cc1ccc(CSc2nccc(-c3c(C)nc4ccccn34)n2)cc1
6874,COc1ccc(N2C(=O)CC(NC3CC3)C2=O)cc1
12942,Cc1cc(NS(=O)(=O)c2ccc(-c3ccccc3)cc2)no1
11186,COc1cc(Cl)cc(/C=C2/SC(=O)N(Cc3ccc(F)cc3)C2=O)c1O
10284,CCCC(=O)Nc1cc(=O)[nH]c2ncnn12
8190,CC1CCN(S(=O)(=O)c2ccc(S(=O)(=O)NCC3COCCO3)cc2)CC1
5158,O=C/C=C/c1c(-c2ccccc2)cc2oc3ccccc3cc1-2
3817,COC(=O)c1nc(-c2ccc3c(n2)C(=O)C(N)=C(OC)C3=O)c(N)c(-c2ccc(OC)c(OC)c2O)c1C
2776,CCOC(=O)c1c(C)[nH]c(C(=O)OCC(=O)Nc2cc(C)ccc2OC)c1C
1321,CC1CCN(S(=O)(=O)c2ccc(NC(=O)CSc3ncccc3C(=O)O)cc2)CC1
14013,O=C(O[C@@H](Cc1c(Cl)c[n+]([O-])cc1Cl)c1ccc(OC(F)F)c(OCC2CC2)c1)c1ccc(C(F)(F)F)cc1
14386,N#Cc1ccc(C(=O)O[C@@H](Cc2c(Cl)c[n+]([O-])cc2Cl)c2ccc(OC(F)F)c(OCC3CC3)c2)cc1
14401,O=C(O[C@@H](Cc1c(Cl)c[n+]([O-])cc1Cl)c1ccc(OC(F)F)c(OCC2CC2)c1)c1ccc(Cl)cc1
14402,COc1ccc(C(=O)O[C@@H](Cc2c(Cl)c[n+]([O-])cc2Cl)c2ccc(OC(F)F)c(OCC3CC3)c2)cc1S(=O)(=O)N(C)C
14409,O=C(O[C@@H](Cc1c(Cl)c[n+]([O-])cc1Cl)c1ccc(OC(F)F)c(OCC2CC2)c1)c1ccccc1
14440,CS(=O)(=O)Nc1ccc(C(=O)O[C@@H](Cc2c(Cl)c[n+]([O-])cc2Cl)c2ccc(OC(F)F)c(OCC3CC3)c2)cc1CO
14450,COc1ccc(C(=O)O[C@@H](Cc2c(Cl)c[n+]([O-])cc2Cl)c2ccc(OC(F)F)c(OCC3CC3)c2)cc1OC(C)=O
14451,Cc1ccc(C(=O)O[C@@H](Cc2c(Cl)c[n+]([O-])cc2Cl)c2ccc(OC(F)F)c(OCC3CC3)c2)cc1NS(C)(=O)=O
14455,COc1ccc(NS(C)(=O)=O)cc1C(=O)O[C@@H](Cc1c(Cl)c[n+]([O-])cc1Cl)c1ccc(OC(F)F)c(OCC2CC2)c1
14461,COc1ccc(C(=O)O[C@@H](Cc2c(Cl)c[n+]([O-])cc2Cl)c2ccc(OC(F)F)c(OCC3CC3)c2)cc1O
14468,COc1ccc(C(=O)O[C@@H](Cc2c(Cl)c[n+]([O-])cc2Cl)c2ccc(OC(F)F)c(OCC3CC3)c2)cc1NC(C)=O
14469,Cc1ccc(C(=O)O[C@@H](Cc2c(Cl)c[n+]([O-])cc2Cl)c2ccc(OC(F)F)c(OCC3CC3)c2)cc1
14486,COc1ccc(C(=O)O[C@@H](Cc2c(Cl)c[n+]([O-])cc2Cl)c2ccc(OC(F)F)c(OCC3CC3)c2)cc1
14487,COc1cc(NS(C)(=O)=O)ccc1C(=O)O[C@@H](Cc1c(Cl)c[n+]([O-])cc1Cl)c1ccc(OC(F)F)c(OCC2CC2)c1
14489,Cc1cc(C(=O)O[C@@H](Cc2c(Cl)c[n+]([O-])cc2Cl)c2ccc(OC(F)F)c(OCC3CC3)c2)ccc1NS(C)(=O)=O
14496,COc1cc(C(=O)O[C@@H](Cc2c(Cl)c[n+]([O-])cc2Cl)c2ccc(OC(F)F)c(OCC3CC3)c2)ccc1NS(C)(=O)=O
14512,CNS(=O)(=O)c1cc(C(=O)O[C@@H](Cc2c(Cl)c[n+]([O-])cc2Cl)c2ccc(OC(F)F)c(OCC3CC3)c2)ccc1OC
14524,CS(=O)(=O)Nc1ccc(C(=O)O[C@@H](Cc2c(Cl)c[n+]([O-])cc2Cl)c2ccc(OC(F)F)c(OCC3CC3)c2)cc1
14525,COc1cc(NS(C)(=O)=O)cc(C(=O)O[C@@H](Cc2c(Cl)c[n+]([O-])cc2Cl)c2ccc(OC(F)F)c(OCC3CC3)c2)c1
14527,COc1ccc(C(=O)O[C@@H](Cc2c(Cl)c[n+]([O-])cc2Cl)c2ccc(OC(F)F)c(OCC3CC3)c2)cc1OC
14537,COc1ccc(C(=O)O[C@@H](Cc2c(Cl)c[n+]([O-])cc2Cl)c2ccc(OC(F)F)c(OCC3CC3)c2)cc1NS(C)(=O)=O
9115,CCOC(=O)c1cc2occc2n1CC(=O)NC1CCCCC1C
4031,Nc1ncc([N+](=O)[O-])c(N2CCCCCC2)n1
4836,O=C(N/N=C/c1c[nH]c2ccc(Br)cc12)c1ccc2c(c1)OCO2
4496,CN1c2ccccc2C(O)=C(C(=O)Nc2ccccc2)S1(=O)=O
6159,O=S(=O)(c1ccc2c(c1)OCCO2)N1CCN(c2nc3ccccc3s2)CC1
14803,CC(C)[C@@H](C)/C=C/[C@@H](C)[C@H]1CCC2=C3C(=O)C=C4C[C@@H](O)CC[C@]4(C)[C@H]3CC[C@@]21C
7708,CC(=O)c1cccc(NC(=O)N2C3CCC2CC(O)(c2cccnc2)C3)c1
1044,O=C(Nc1ccc2nc(SCc3ccc(Cl)cc3)sc2c1)c1ccccc1C(=O)N1CCOCC1
12095,Cc1ccc(C)n1CCN1CCN(C(=O)CSc2nc3ccccc3nc2N2CCOCC2)CC1
2585,COc1ccc(C(=O)Nc2cccc(/C=C(\CCC(=O)O)c3nc4ccccc4s3)c2)cc1
8303,Nc1cc(OC(=O)c2ccco2)nn1S(=O)(=O)c1ccc(F)cc1
9474,O=C(NC1CS(=O)(=O)CC1NCc1ccccc1)c1ccccc1
12422,COc1ccc(-c2nc(CS(=O)CC(=O)NCCCN3CC(C)CC(C)C3)c(C)o2)cc1OC
2664,CC(=O)Nc1ccc(NC(=O)c2ccc(NC(=O)c3ccccc3)cc2)cc1
13557,CCNNC(=O)c1ccc(Cn2c(=O)n(CCc3ccccc3)c(=O)c3ccccc32)cc1
13752,C=CCc1c(C)nc(-c2ccsc2)nc1Nc1ccc(C(=O)O)cc1
364,CCOC(=O)C(C(=O)NCc1ccc(F)cc1)c1ncc(C(F)(F)F)cc1Cl
5568,O=C(COC(=O)c1ccc(Cl)cc1[N+](=O)[O-])NC(=O)c1ccccc1
10247,CSc1nsc(SCC(=O)Nc2ccccn2)n1
5141,O=C(CC(=O)c1c(F)cccc1Cl)c1ccccc1O
10700,Cc1ccc(NC(=O)Cc2nc(CSc3nnc(-c4ccc5c(c4)OCO5)o3)cs2)cc1
7066,CN1CCN(CC(=O)Nc2c(C(=O)C3CC3)oc3ccccc23)CC1
7875,O=C(Cn1c(-c2ccccc2)noc1=O)NCc1ccccc1
2850,O=C(CN1C(=O)CCC1=O)Nc1nc(-c2nc3ccccc3s2)cs1
6217,COCCCNC(=O)C1CC(=O)N(c2ccc(C)cc2)C1
6784,COCCNC(=O)C1CC(=O)N(c2ccc(C)cc2)C1
9046,C=COCCNC(=O)C1CC(=O)N(c2ccc(C)cc2)C1
9634,Cc1ccc(N2CC(C(=O)OCC(=O)C(C)(C)C)CC2=O)cc1C
12082,CCNC(=O)C1CC(=O)N(c2ccc(Br)cc2)C1
12127,CCc1ccccc1N1CC(C(=O)O)CC1=O
11045,Cc1ccc(C2(C)NC(=O)N(Cc3c(C)noc3C)C2=O)cc1
10677,CC(C)CC1NC(=O)N(CC(=O)N2CCN(S(=O)(=O)c3ccc(Cl)cc3)CC2)C1=O
11436,FC(F)(F)c1cc(CCN2CCNC[C@H]2Cc2cccc3ccccc23)cc(C(F)(F)F)c1
1945,Cc1cc(C)n2nc(C(=O)N(C)C(c3ccccc3)c3ccccc3)nc2n1
6812,COc1ccc(C2CC(c3ccccc3Cl)Nc3ncnn32)cc1OC
5234,Cc1ccc(NS(=O)(=O)c2ccc(C(=O)N3CC(C)OC(C)C3)cc2)cc1
7432,Cc1ccc2c(c1)N(CC(=O)N1CCCc3ccccc31)C(=O)C(C)O2
8442,O=C(CN1C(=O)COc2ccccc21)N1CCCc2ccccc21
1403,O=C1C=C(c2ccccc2)C(O)(c2ccccc2)C1
11275,O=C(CSc1nc2ccsc2c(=O)n1Cc1ccc(C(=O)O)cc1)NCC1CCCO1
12696,COC(=O)N1CC(=O)N(OC)C1c1ccc(Cl)cc1Cl
13110,O=C1N=C(c2ccc(Oc3ccccc3)cc2)S/C1=C\c1ccc(Oc2ccccc2)cc1
13888,C[C@H]1[C@H](NC(=O)OCCCCC2CCCCC2)C(=O)N1Oc1ccc(-c2ccccc2)cc1
4407,COc1cc(OC)cc(-c2c(C#Cc3ccsc3)c3cc(-c4cccc5[nH]cc(C=O)c45)ccc3n2C)c1
10331,Cn1c(=O)c2c(nc(CN3CCN(C(=O)c4ccco4)CC3)n2Cc2ccc(Cl)cc2)n(C)c1=O
10584,Cc1ccc(Cn2c(CN3CCN(C(=O)c4ccco4)CC3)nc3c2c(=O)n(C)c(=O)n3C)cc1
174,Cc1ccccc1Cn1nc(C)c(NC(=O)c2cc3n(n2)C(C(F)F)CC(C(F)F)N3)c1C
178,Clc1ccc(-c2nnc(SCc3ccon3)o2)c(Cl)c1
10928,O=C(Cc1cn2ccsc2n1)Nc1ccccc1Oc1ccccc1
5181,Clc1ccc2c(NCc3ccccc3)ccnc2c1
2093,CCOC(=O)N1CCN(S(=O)(=O)c2ccc(C(=O)Nc3nc4c(s3)CC(C)CC4)cc2)CC1
12102,CCCc1c(O)c2ccccc2n(-c2ccccc2)c1=O
2150,COc1ccc2nc(SCC(=O)Nc3ccc4sc(C)nc4c3)c(C#N)cc2c1
9415,N#Cc1c(-n2cccc2/C=N/O)sc2c1CCCC2
8929,CC1CCCCC1NC(=O)Cn1c(CN2CCCCC2)nc2ccccc2c1=O
1701,NC(=O)c1cc(N2C(=O)C=CC2=O)ccc1Cl
2321,CCOC(=O)c1ccc(N2C(=O)C=CC2=O)cc1
2610,COc1cc(N2C(=O)C=CC2=O)c(OC)cc1Cl
3118,Cc1cc(N2C(=O)C=CC2=O)c([N+](=O)[O-])cc1C
7161,CCOC(=O)c1cc2sc(C)cc2n1CC(=O)Nc1ccc2c(c1)OCCO2
6996,N#CCCCn1c(-c2ccccc2)noc1=O
6848,Cc1cc2c(cc1C)N(CC(=O)N1CCCC1)C(=O)CC(c1ccccc1)=N2
3911,COC(=O)[C@@H]1Cc2c([nH]c3ccccc23)C(C)(C)N1C(=O)CCl
10300,CC1CCCN(c2nc3c(c(=O)n(C)c(=O)n3C)n2CCSc2nc3ccccc3s2)C1
8237,COC(=O)CSc1nnc(C)n1-c1cccc(C#N)c1
10795,COc1ccc(-n2cnnc2SCCC#N)cc1
5264,O=S(=O)(NCC1(N2CCOCC2)CCCCC1)c1ccc(Cl)cc1C(F)(F)F
6826,NC(=O)CSc1nnc(-c2ccc(S(=O)(=O)N3CCCC3)cc2)n1Cc1ccco1
2159,Cc1ccnc(NC(=O)c2sc3ccccc3c2Cl)c1
91,COc1ccc2c(c1)C1(Nc3ccccc3-c3nc4ccccc4n31)C(=O)N2
2100,COc1ccc(OCC(=O)Nc2cccc(NC(=O)COc3ccc(OC)cc3)n2)cc1
931,CNc1ncc2cc(-c3cc(C(=O)Nc4cc(C(F)(F)F)ccc4N4CCCCC4)ccc3C)ccc2n1
12907,COc1cccc(CNCCN2CCOCC2)c1OC
10146,Cn1c(SCc2ccc(C#N)cc2)nnc1-c1cccc(Cl)c1
8852,Cc1ccccc1N(CC(=O)NCc1ccncc1)S(C)(=O)=O
5280,O/C(=C\c1ccc2ccccc2n1)c1ccncc1
12534,CCOC(=O)c1nnn(-c2nonc2-n2cccc2)c1CCl
5961,CNC(=O)c1cc2c(=O)n3cc(C)ccc3nc2n(C(C)C)c1=N
9844,CCn1c(=N)c(C(N)=O)cc2c(=O)n3cccc(C)c3nc21
11752,CC(O)(C#Cc1ccc(-n2ccc3cnc(N)nc32)cc1)c1nccs1
1090,COc1cccc(-c2ccc(S(=O)(=O)NC3(C)CN(C#N)C3)cc2)c1
10739,CN(C)/C=N/c1cnc(C(=O)c2ccc(Cl)cc2)n1C
99,O=C(NCN1CCCCC1)c1cnccn1
9984,Cc1ccc(NC(=O)N2CCCC2C(=O)NCCc2ccccc2)cc1
2130,Cc1cc(NC(=O)CSc2nc3sc(C)c(C)c3c(=O)n2C2CCCC2)no1
14463,COc1ccc(C2=NN(Cc3ccc(Cn4ccnc4)cc3)C(=O)[C@@H]3CC=CC[C@H]23)cc1OC
9835,Cc1cc(C)nc(SCc2nnc(SCC(=O)Nc3ccccc3C)n2Cc2ccco2)n1
5148,CCOc1cc(/C=C/C(=O)c2ccc(OC)c(CN3CCOCC3)c2)cc(Br)c1O
4672,Cc1[nH][nH]c(=O)c1C(c1ccc(-c2cccc(Cl)c2)o1)c1c(C)[nH][nH]c1=O
4712,Cc1[nH][nH]c(=O)c1C(c1ccc(-c2ccc(F)cc2)o1)c1c(C)[nH][nH]c1=O
4813,COC(=O)c1cccc(-c2ccc(C(c3c(C)[nH][nH]c3=O)c3c(C)[nH][nH]c3=O)o2)c1
11844,CNc1nc(C)nc(N2CCC(C(=O)NCc3ccc(F)cc3C(F)(F)F)CC2)n1
11845,CNc1nc(C)nc(N2CCC(C(=O)NCc3ccccc3C(F)(F)F)CC2)n1
12979,CNc1nc(C)nc(N2CCC(C(=O)NCc3ccccc3OC(F)(F)F)CC2)n1
2099,CC1=C(C(=O)Nc2ccccc2)SCCO1
7658,COc1cc(-c2nnc(-c3ccc(N4CCOCC4)cc3)o2)cc(OC)c1OC
2379,Cc1[nH]n(-c2ccccc2)c(=S)c1C=Nc1ccc([N+](=O)[O-])cc1
15115,C[C@@H]1C2C(=O)O[C@H]3OCC4=C(C5C(C=C6C(=CC(=O)OC6(C)C)[C@@]6(CO6)C51)O4)[C@@H]23
7787,CN(C(=O)C1CCOC1)c1nnc(-c2ccccn2)s1
2819,Cc1csc(SCC(=O)Nc2cccc3nsnc23)n1
3446,Cc1cccc(-n2c(SCc3ccc([N+](=O)[O-])cc3)nnc2-c2c[nH]c3ccccc23)c1
5284,CCN1CCc2c(sc(NC(=O)c3ccc(S(=O)(=O)N(C)c4ccccc4)cc3)c2C(=O)NC)C1
1396,Cc1cc(=O)n2nc(-c3ccccc3)sc2c1C#N
3,COc1ccc2cc(-c3cnn(C(=O)N4CCCC4)n3)ccc2c1
2317,Cc1cc(C)nc(/N=c2/ssnc2Cl)c1
4742,Cc1ccc(-c2nc(CN(C)Cc3cccc4cnccc34)c(C)o2)s1
8760,COc1ccccc1NC(=O)N(Cc1ccco1)Cc1cc2cccc(C)c2[nH]c1=O
9505,COc1ccccc1NC(=O)N(Cc1ccco1)Cc1cc2c(C)ccc(C)c2[nH]c1=O
13268,Cc1ccc(C)c2[nH]c(=O)c(CN(Cc3ccco3)C(=O)Nc3ccccc3)cc12
8658,CCc1nnc(NC(=O)C2CCN(c3cnccn3)CC2)s1
11802,c1csc(C(c2nnnn2C2CCCC2)N2CCOCC2)c1
9350,CC(=O)c1cc2c(cc1NC(=O)c1cc3nc(C(C)C)cc(C(F)(F)F)n3n1)OCO2
5673,O=C(CC1(CC(=O)N2CCOCC2)CCCC1)Nc1ccccc1
10394,COc1cccc(C2OC(=O)c3ccccc3N2C(C)=O)c1OC(C)=O
3806,CC[C@@H]1CC=C[C@H]2[C@H]1C(=O)N(Cc1ccccc1)[C@H]2c1ccoc1
15006,COc1cc(C(=O)[C@@H](CO)c2ccc(O)c(OC)c2)ccc1O
3386,CCCC1/C(=N/O)CC(c2ccccc2)NC1c1ccccc1
14606,C=C1C(=O)OC2[C@H]1C[C@@H](OC(=O)/C(C)=C/C)[C@@](C)(O)[C@@]13O[C@@H]1[C@@H]1O[C@]1(C)[C@H]23
14607,C=C1C(=O)OC2[C@H]1C[C@@H](OC(=O)/C(C)=C/C)[C@@](C)(O)[C@]13O[C@H]1[C@H]1O[C@@]1(C)[C@H]23
14609,C=C1C(=O)OC2[C@H]1C[C@@H](OC(=O)/C(C)=C\C)[C@@](C)(O)[C@]13O[C@H]1[C@H]1O[C@@]1(C)[C@H]23
14610,C=C1C(=O)OC2[C@H]1C[C@@H](OC(=O)C=C(C)C)[C@@](C)(O)[C@@]13O[C@@H]1[C@@H]1O[C@]1(C)[C@H]23
14637,C=C1C(=O)O[C@H]2[C@H]1C[C@@H](OC(=O)/C(C)=C\C)[C@@](C)(O)[C@@]13O[C@@H]1[C@@H]1O[C@]1(C)[C@H]23
4450,Cc1ccc(/C=C2\CCC3=C2OC(N)=C(C#N)C3c2ccc(C)cc2)cc1
4490,N#CC1=C(N)OC2=C(CC/C2=C\c2ccccc2)C1c1ccccc1
221,O=C(NCC(F)(F)F)Nc1cccnc1
1494,C=CCNS(=O)(=O)c1nc(C)c(Cl)c(C)c1C#N
2474,COCCNC(=S)Nc1ncccc1C
2834,CC(C)CCSc1nc(N)c(C#N)cc1C#N
4518,CCCCCC(=O)N/N=C(\C)c1ccccn1
4789,Cc1ccc(NC(=O)/C(C#N)=C(\N)C(Cl)(Cl)Cl)nc1
6763,COC(=O)CC(=O)CSc1nc(C)cc(C)c1C#N
6999,O=C(/C=N/O)Nc1cccnc1
7007,CCCCC(CC)C(=O)Nc1ccc(Cl)cn1
8484,O=C(O)CCC(=O)Nc1ccc(Br)cn1
8539,CCOC(=O)NC(=O)CSc1nc(C)cc(C(F)(F)F)c1C#N
9425,O=C(/C=N/O)NCc1cccnc1
9927,CCCCC(=O)Nc1ccc(NC(=O)CCCC)nc1
12691,CCOC(=O)c1c(C(C#N)C#N)cc(C)nc1C
12749,CCOC(=O)C(C#N)c1ccccn1
12977,CCC(=O)NC(Nc1cccc(C)n1)(C(F)(F)F)C(F)(F)F
6155,CC(c1ccccc1)n1cc(C(=O)NCC2COc3ccccc3O2)nn1
1467,COc1ccc(N=C2SCC(=O)N2c2ccc(OC)cc2)cc1
6609,COC(=O)c1cc(-c2ccc(OC)c(OC)c2)on1
15018,COc1cc(O)c2c(=O)cc(-c3ccc(O)cc3)oc2c1[C@@H]1C[C@H](O)[C@H](O)[C@@H](C)O1
1855,O=C(COC(=O)CCc1ccc(S(=O)(=O)N2CCOCC2)cc1)NC1CCCC1
12341,Cc1cc(Cl)ccc1NC(=S)NCCC(c1ccccc1)c1ccccc1
5512,COc1ccc2c(c1)N(C)/C(=C1/SC(=NCc3ccccc3)N(c3ccccc3)C1=O)S2
6286,CCOc1cc(C)nc(N2CCC(C(=O)Nc3ccccc3OCC)CC2)n1
7845,O=C(Nc1cccc(Cl)c1Cl)C1CCN(c2ncccn2)CC1
8788,COc1ccc(OC)c(NC(=O)C2CCN(c3nc(C)cc(C)n3)CC2)c1
9339,COc1cccc(NC(=O)C2CCN(c3ncccn3)CC2)c1
9808,CCOc1ccc(OCC)c(NC(=O)C2CCN(c3ncccn3)CC2)c1
2791,COc1cccc2sc(N3CCN(c4nc5ccccc5s4)CC3)nc12
2827,COc1cc(C(=O)Nc2nnc(-c3sccc3C)s2)cc(OC)c1OC
2376,CCn1cc(C(=O)O)c(=O)c2cc(F)c(N/N=C/c3ccccc3[N+](=O)[O-])cc21
11471,CSc1nc(-c2ccc(F)cc2)c(-c2ccnc(NC(C)=O)c2)n1CC(C)O
11482,CSc1nc(-c2ccc(F)cc2)c(-c2ccnc(NC(C)=O)c2)n1CCOCCO
11533,CSc1nc(-c2ccc(F)cc2)c(-c2ccnc(NC(C)=O)c2)n1CCNC(C)=O
11736,COC(Cn1c(SC)nc(-c2ccc(F)cc2)c1-c1ccnc(NC(C)=O)c1)OC
11913,CSc1nc(-c2ccc(F)cc2)c(-c2ccnc(NC(C)=O)c2)n1CCN(C)C
12011,C=CCOCCn1c(SC)nc(-c2ccc(F)cc2)c1-c1ccnc(NC(C)=O)c1
13052,CSc1nc(-c2ccc(F)cc2)c(-c2ccnc(NC(C)=O)c2)n1CCCO
13105,C#CCOCCn1c(SC)nc(-c2ccc(F)cc2)c1-c1ccnc(NC(C)=O)c1
13239,CSCCn1c(SC)nc(-c2ccc(F)cc2)c1-c1ccnc(NC(C)=O)c1
13275,CSc1nc(-c2ccc(F)cc2)c(-c2ccnc(NC(C)=O)c2)n1CCO
13441,COCCn1c(SC)nc(-c2ccc(F)cc2)c1-c1ccnc(NC(C)=O)c1
13458,COCCCn1c(SC)nc(-c2ccc(F)cc2)c1-c1ccnc(NC(C)=O)c1
12222,O/N=C1\CCC2CN(C3CCCCC3)CC2C1
5597,Cc1cc(NC(=O)CSc2ccc(-c3ccc(Br)cc3)nn2)no1
8468,COc1ccc(-c2ccc(SCC(=O)Nc3cc(C)on3)nn2)cc1OC
1402,CCCn1nnc(NC(=O)c2cccc(OCC(C)C)c2)n1
6367,Cn1nnc(NC(=O)c2ccc(C(C)(C)C)cc2)n1
8436,Cn1nnc(NC(=O)c2cccc(F)c2)n1
9304,COc1ccc(Cl)cc1C(=O)Nc1nnn(C)n1
9583,CCCOc1cccc(C(=O)Nc2nnn(CCC)n2)c1
9906,CCCn1nnc(NC(=O)c2ccc(Cl)cc2Cl)n1
12428,CCCn1nnc(NC(=O)c2cc(Br)cc(Br)c2OC)n1
12513,Cn1nnc(NC(=O)c2ccccc2)n1
10292,c1ccc(-c2oc3ncnc(NCCCN4CCOCC4)c3c2-c2ccccc2)cc1
10351,COc1ccc(-c2oc3ncnc(NCCCN4CCOCC4)c3c2-c2ccc(OC)cc2)cc1
5139,COc1ccc(CCNc2cc(C)nc(N)n2)cc1OC
3365,Cc1nc2c(=O)n(C)c(=O)n(C)c2nc1Cl
4962,CC12CCC(C/C1=N\OC(=O)c1c(F)cccc1F)C2(C)C
11745,CN(C)c1ccc(/C=C/C(=O)/C=C/c2ccc(N(C)C)cc2[N+](=O)[O-])c([N+](=O)[O-])c1
11805,CCOC(OCC)c1ccc(/C=C/C(=O)/C=C/c2ccc(C(OCC)OCC)cc2)cc1
10574,COc1ccc(C2=NOC(Cn3c(=O)cc(C)c4ccccc43)C2)c(OC)c1
8418,Cc1cc(C)cc(NC(=O)C2CCN(c3nccs3)CC2)c1
5400,Cc1cccc(-n2c(Cc3cc(=O)[nH]c(=O)[nH]3)nnc2SCC(=O)N2CCCCC2)c1
1925,Cc1cc(NC(=O)CSc2n[nH]c(N)n2)no1
9021,Cc1ccc(C)c(/C(O)=C2\C(=O)C(=O)N(Cc3cccnc3)C2c2cccnc2)c1
7603,CC(=O)NC1C(=O)N=C(SCC(=O)NC2CCCCC2)NC1=O
9717,CCCNS(=O)(=O)c1ccc(CCC(=O)NCc2cccnc2)cc1
11229,O=C1CCOCC1C1CC(=O)N(c2ccccc2)C1=O
7714,Clc1ccccc1Cn1nnc2c(NCC3CC3)ncnc21
3329,CN1C/C(=C/c2cccnc2)C(=O)/C(=C/c2cccnc2)C1
887,Cc1cc(C)nc(Nc2ncc(C(=O)NCCc3c(C)nn4ccccc34)cn2)c1
4439,CC(C)OC(=O)CN1C(=O)S/C(=C/c2ccc(N3CCCCC3)o2)C1=O
12166,O=C(NCCCNC(=O)c1ccccn1)c1ccccn1
11700,Cc1nn(CC(=O)NCCCN2CCC(Cc3ccccc3)CC2)c(=O)c2cc(-c3ccccc3)nn12
12958,CCC(=O)N1CCc2cc(S(=O)(=O)NC(C(=O)NCc3ccc(C)cc3)C(C)C)ccc21
7968,CCOc1ccc2nc(NC(=O)CN3CCC(n4nnc5cc(F)ccc54)CC3)sc2c1
10637,Cc1ccsc1C(=O)OCc1csc(-c2ccccc2)n1
1207,CC1=C(CC(=O)Nc2ccc(S(N)(=O)=O)cc2)c2cc(F)ccc2/C1=C/c1ccc(S(C)=O)cc1
