y_true,y_prob
1,0.9940665
1,0.9940665
1,0.9957567
0,0.2030388
0,0.16829948
0,0.62635064
0,0.09376684
0,0.22584909
0,0.15789044
0,0.15297854
1,0.5709086
1,0.2600085
0,0.6991646
1,0.7603454
0,0.082959846
0,0.3968266
0,0.10920563
0,0.48858947
0,0.19741644
0,0.2202535
1,0.83477646
1,0.26987696
1,0.99327785
1,0.9925452
1,0.99585754
1,0.5962359
1,0.9066263
0,0.10572728
0,0.1586109
1,0.36835173
1,0.5947539
1,0.7299287
1,0.60486084
1,0.54671293
1,0.73194075
1,0.6335485
1,0.46467322
1,0.8209641
1,0.8319304
1,0.9366761
0,0.32364655
0,0.1648682
0,0.16767894
0,0.18975078
1,0.6788039
0,0.1113408
0,0.09788593
0,0.38533333
1,0.8689595
1,0.9177131
1,0.7884099
0,0.18586797
1,0.19603124
0,0.09135718
0,0.31197855
1,0.5629033
0,0.01869963
0,0.018517952
0,0.15105551
0,0.20484658
0,0.1656458
0,0.17347994
1,0.96008044
1,0.85465735
1,0.793255
1,0.9457705
1,0.94739676
1,0.94739676
1,0.94739676
1,0.9387871
1,0.9457705
1,0.9387871
1,0.9269861
1,0.8971218
1,0.85465735
1,0.94739676
1,0.96627957
1,0.95779634
1,0.9484396
1,0.40218905
0,0.10269193
1,0.5958095
0,0.52034754
1,0.7865018
0,0.12851413
0,0.01434102
0,0.6992947
1,0.97982854
1,0.13842173
0,0.19473717
1,0.7973217
0,0.17453158
1,0.5446228
1,0.7181994
0,0.30246273
1,0.3663
0,0.14082266
1,0.94515425
0,0.2735351
1,0.9733532
0,0.3654467
1,0.9873602
1,0.9913258
1,0.99105144
1,0.9897664
1,0.98950034
1,0.96246916
1,0.9071825
1,0.96626776
1,0.98366606
0,0.50879383
1,0.95211464
0,0.15123323
0,0.1790039
0,0.27172258
0,0.30094585
1,0.34414473
0,0.46176487
0,0.10282892
1,0.46701762
0,0.15590294
0,0.20405689
1,0.5336808
1,0.98450327
0,0.3497112
0,0.10890557
0,0.38554758
1,0.90580595
0,0.22958575
1,0.43317774
1,0.51620007
1,0.7592363
1,0.7654579
1,0.7744093
1,0.76728743
0,0.58614063
0,0.43991515
0,0.59922016
0,0.23907581
1,0.9523494
1,0.5817616
0,0.13718529
0,0.08061652
0,0.07276074
1,0.84804624
1,0.07496858
0,0.20181215
0,0.02143115
0,0.28442746
1,0.9741752
1,0.8738796
0,0.46630144
0,0.25485718
1,0.4767105
0,0.43435457
0,0.37273136
1,0.93386745
1,0.93386745
1,0.95375323
0,0.20648487
1,0.9721168
0,0.10979034
0,0.32915905
0,0.24166077
0,0.2950751
1,0.9714471
0,0.7468657
0,0.3654467
0,0.2375903
1,0.6453831
0,0.1176152
0,0.3967281
0,0.09631466
0,0.21807837
0,0.41302788
0,0.25525504
0,0.26366675
1,0.94967914
1,0.7538472
1,0.6861975
1,0.56003416
1,0.6861975
1,0.7538472
1,0.7538472
0,0.46861836
0,0.7538472
0,0.64269704
0,0.31343383
0,0.49903977
1,0.63417757
0,0.04113433
0,0.15498401
1,0.8450411
1,0.7384879
1,0.51732093
0,0.33240592
0,0.31642956
0,0.39654863
0,0.28037405
0,0.35130778
0,0.3198529
0,0.3113393
0,0.17908542
0,0.40321484
1,0.9902956
1,0.9890181
1,0.9339218
0,0.12040542
0,0.07222731
0,0.08966705
0,0.22892138
1,0.6200378
1,0.6514365
1,0.19019806
0,0.17698146
0,0.45833346
0,0.2969967
1,0.5928795
1,0.55725044
1,0.8946879
1,0.99100655
1,0.99100655
1,0.99100655
1,0.98621875
1,0.99100655
1,0.99100655
0,0.7930184
1,0.9835133
0,0.17050298
0,0.12237525
0,0.09234503
1,0.5442576
1,0.59570616
1,0.90960103
0,0.18629588
1,0.9451776
1,0.42529306
1,0.7344137
0,0.32611394
1,0.74564743
0,0.12251469
1,0.12824304
0,0.11522303
1,0.80267227
1,0.901701
1,0.4361259
1,0.88895315
0,0.3197563
0,0.06332202
0,0.07417295
1,0.6711244
1,0.9013917
1,0.47560114
1,0.976642
0,0.4181765
1,0.942502
0,0.0723318
1,0.4892824
0,0.10040354
1,0.9770085
1,0.9725487
0,0.11678467
1,0.28225356
0,0.06738387
1,0.54630375
1,0.4612915
1,0.61207145
0,0.20264006
0,0.28942832
0,0.30341506
0,0.28842065
0,0.39844164
0,0.1073621
0,0.059215788
0,0.12145104
1,0.5181035
1,0.70231575
0,0.40491787
1,0.80612284
1,0.38285476
1,0.45818105
0,0.3687606
1,0.4884471
1,0.2940917
1,0.8237306
1,0.8649633
0,0.11303329
0,0.10434786
0,0.16905847
1,0.51534176
1,0.80093664
1,0.6526346
0,0.17515971
1,0.91687393
0,0.20104398
0,0.16184701
1,0.67706066
1,0.86845064
1,0.6498436
0,0.3609066
1,0.95828736
1,0.7071752
1,0.91439813
0,0.12050232
1,0.70444363
1,0.70444363
0,0.5557394
0,0.07946346
0,0.107991055
1,0.95914704
0,0.53557384
0,0.4162382
0,0.2950207
1,0.9989304
1,0.99740535
1,0.99715084
1,0.86255145
1,0.9899323
1,0.9899323
1,0.99894136
1,0.9991611
1,0.9985744
1,0.9972946
0,0.06343597
0,0.72834265
1,0.91088945
0,0.24137667
0,0.40943223
0,0.105222635
0,0.026694488
0,0.16777048
0,0.12808591
0,0.16399786
1,0.37929103
1,0.43185443
0,0.10280732
0,0.10280732
0,0.11712643
1,0.99875116
0,0.014563453
0,0.2601955
0,0.39261296
0,0.42287752
0,0.14889647
0,0.12466698
1,0.16074018
0,0.20416859
0,0.13831726
0,0.22245696
0,0.2022217
0,0.19666259
0,0.16352852
0,0.25147647
0,0.14943081
0,0.05614006
0,0.39421588
1,0.58919215
1,0.96113086
0,0.3201875
0,0.31159094
0,0.07327443
0,0.108270064
0,0.45293295
0,0.20099947
0,0.55373466
0,0.2319066
0,0.19410495
0,0.16452354
1,0.84748274
0,0.19467126
1,0.81482375
1,0.59904253
0,0.746373
1,0.69240427
0,0.565287
1,0.9220342
1,0.99276686
1,0.9730137
0,0.23619822
0,0.2048852
0,0.04478529
0,0.74460965
0,0.30523312
1,0.96405613
1,0.9918765
0,0.327757
0,0.17037915
0,0.21430632
1,0.92343456
0,0.104876615
1,0.629019
1,0.97501457
1,0.98346025
1,0.97965676
0,0.029902069
0,0.12755696
0,0.23333064
1,0.7014105
1,0.9765099
0,0.4235631
0,0.47684416
0,0.4235631
0,0.4235631
0,0.50612366
0,0.7359828
0,0.2874468
1,0.92890245
1,0.742601
0,0.19469857
0,0.06580638
0,0.042702895
1,0.7302327
0,0.11880373
0,0.18201558
1,0.9468589
1,0.9468589
1,0.73768306
0,0.46620566
0,0.32069933
0,0.30321896
1,0.9614141
1,0.9975254
1,0.9975254
0,0.030758291
1,0.97731143
1,0.624292
0,0.3220787
0,0.1241122
0,0.4103911
1,0.9236007
1,0.9422407
1,0.9173732
1,0.8046645
1,0.93742967
1,0.7060632
1,0.94501406
1,0.88451344
1,0.8551736
1,0.9352345
1,0.57741714
1,0.8283225
1,0.996232
1,0.31992808
0,0.030459654
0,0.12797706
0,0.20366223
1,0.96507186
0,0.2526695
0,0.3040318
0,0.03127749
0,0.16468686
0,0.16781735
0,0.03762337
0,0.07676918
0,0.085321665
0,0.1451796
0,0.15264572
0,0.043330494
1,0.9413415
1,0.38257986
1,0.50053203
0,0.6361008
1,0.7953728
1,0.459012
0,0.24806812
0,0.32308844
0,0.14421794
1,0.82964116
1,0.8426469
0,0.13172005
1,0.874115
1,0.9989592
0,0.21384285
1,0.73027855
0,0.3390329
0,0.10774207
0,0.10774207
0,0.3746623
1,0.36155382
1,0.65007323
1,0.35346034
1,0.4189332
1,0.38296047
1,0.5903442
0,0.09946124
0,0.22059461
1,0.74023724
0,0.14856768
1,0.9867156
1,0.23227671
0,0.39411694
0,0.24701954
0,0.21428175
0,0.12838534
0,0.5876639
0,0.10422332
1,0.6406125
1,0.7758355
1,0.744889
1,0.90811926
0,0.27982694
0,0.3286389
0,0.4223755
0,0.024049371
0,0.20760664
1,0.67760074
1,0.8998522
1,0.67760074
1,0.6878225
1,0.8998522
0,0.55154
1,0.97975355
1,0.52479506
0,0.04256717
0,0.45056364
1,0.51596457
0,0.07010598
0,0.19466645
0,0.4024472
1,0.27397358
0,0.044029225
0,0.15609911
0,0.4690631
1,0.45784175
0,0.20100856
0,0.1612378
0,0.29581812
0,0.10911461
1,0.94282603
1,0.6377147
1,0.7220565
1,0.6914666
1,0.83902925
1,0.63011086
1,0.8879079
1,0.7405624
1,0.7378626
0,0.03176798
0,0.67109853
1,0.947101
0,0.08609957
1,0.17764655
1,0.7862332
0,0.16230366
0,0.124345325
0,0.17764655
1,0.56908673
1,0.99977607
1,0.69709456
0,0.45719886
0,0.07041654
1,0.584208
1,0.56827056
1,0.4918797
1,0.66822535
1,0.52774966
1,0.6442679
1,0.66822535
1,0.6325177
1,0.47572753
1,0.5548019
1,0.38914642
1,0.8320626
1,0.38914642
0,0.4918797
0,0.4918797
0,0.32685366
0,0.4918797
0,0.32867697
0,0.5548019
0,0.47572753
0,0.49499926
0,0.299809
0,0.118814096
0,0.15880647
0,0.20288979
0,0.11915203
1,0.872289
0,0.27249822
1,0.61946136
0,0.42863175
1,0.43859527
1,0.9195699
1,0.9130264
0,0.5997136
0,0.21021871
1,0.9157466
1,0.9827946
1,0.95205814
1,0.78040075
0,0.042695634
1,0.8974821
1,0.7688125
0,0.4219342
1,0.60760653
0,0.18621081
1,0.2091245
0,0.33063722
1,0.6760929
0,0.12435391
1,0.99629563
0,0.10873256
1,0.6070342
0,0.20433243
0,0.16518073
0,0.17853566
1,0.35769954
0,0.5969759
0,0.28316346
0,0.8136904
1,0.78119326
1,0.19606528
1,0.4321317
1,0.8861603
0,0.3252311
0,0.18628968
0,0.43768382
1,0.470797
0,0.26291484
0,0.32206628
0,0.06378532
1,0.822295
0,0.02125506
0,0.16837087
0,0.21608937
0,0.24234438
1,0.74980676
0,0.2294493
0,0.7425974
1,0.60394216
0,0.05356853
0,0.60812587
1,0.7280917
1,0.44876897
1,0.237565
0,0.2852099
1,0.9399173
1,0.93396306
1,0.9435061
0,0.09491414
0,0.13179393
1,0.5181463
1,0.98281133
1,0.993298
1,0.99123013
0,0.059360612
0,0.10656402
0,0.23060195
0,0.27931517
0,0.19543053
0,0.14437816
0,0.14061584
1,0.95068717
0,0.48444685
1,0.97415686
1,0.97415686
0,0.2867177
1,0.65801394
1,0.7267756
0,0.28642744
1,0.72625154
1,0.7221229
1,0.7934127
1,0.9904137
0,0.053154405
0,0.10383909
1,0.34771678
1,0.87832755
1,0.8969124
1,0.54569715
1,0.6942387
1,0.6756331
1,0.5243605
1,0.5266697
1,0.96590906
1,0.9202018
1,0.6946522
1,0.5865247
1,0.6756331
1,0.8067944
1,0.6752888
1,0.4890897
1,0.78623253
1,0.55198896
1,0.9072218
1,0.5705509
1,0.6756331
1,0.50504196
1,0.6039333
1,0.6756331
1,0.647655
1,0.87355465
1,0.7326305
1,0.6756331
1,0.98822755
1,0.98822755
1,0.97013634
1,0.97013634
1,0.98216474
0,0.33281443
0,0.24617055
0,0.42540616
0,0.6756331
0,0.41746497
0,0.59621084
0,0.5518017
0,0.4376799
0,0.42727074
0,0.3754569
1,0.2649205
0,0.06956432
0,0.13848315
0,0.025423516
0,0.10113519
0,0.10455214
0,0.21480657
0,0.35647094
1,0.83598167
0,0.2008147
1,0.41942516
1,0.7174868
1,0.7407531
1,0.96240515
1,0.53489524
1,0.6987302
1,0.945205
1,0.79174435
1,0.9274556
1,0.9028309
1,0.9160099
1,0.9160099
1,0.9152909
1,0.72370136
1,0.6457082
1,0.96533036
1,0.8159945
1,0.95561105
1,0.5894068
1,0.91757166
1,0.9223584
1,0.9160099
1,0.8048728
1,0.9827114
1,0.66397285
1,0.66006374
1,0.91122997
1,0.5836917
1,0.9817321
1,0.82717156
1,0.8565233
1,0.96225774
1,0.96007794
1,0.9283946
1,0.9926772
1,0.8679024
1,0.97825134
1,0.9827959
1,0.9790693
1,0.9665571
1,0.88178337
1,0.96236205
1,0.8488371
0,0.7211197
0,0.16503271
0,0.24440132
0,0.5951662
0,0.35526663
0,0.634495
0,0.38894144
0,0.4678148
0,0.07979984
1,0.8268765
0,0.53092474
0,0.38766313
1,0.277329
0,0.41599518
0,0.51174396
0,0.118784405
0,0.1832379
0,0.022402555
0,0.019595342
0,0.21903664
1,0.81825596
1,0.815857
1,0.7911803
1,0.9975151
1,0.98207885
1,0.9850153
1,0.99090004
1,0.9845952
0,0.14771408
0,0.14444163
0,0.18544514
1,0.9634088
1,0.885824
0,0.20063345
0,0.09803696
0,0.10731301
1,0.45281827
0,0.6437577
1,0.88924223
1,0.9558314
1,0.2081964
1,0.355266
0,0.15166491
1,0.76252383
1,0.8507943
0,0.45806167
1,0.77791417
1,0.99132895
1,0.99723023
1,0.99658704
0,0.325279
1,0.4537
0,0.2330949
1,0.83405495
0,0.09218178
1,0.6474814
0,0.027382113
0,0.019937191
1,0.9444678
1,0.92002547
1,0.8524889
1,0.74959284
0,0.22849214
0,0.13358478
0,0.09603443
1,0.8352867
1,0.4794992
1,0.26379895
1,0.36359128
1,0.25570598
0,0.12624495
1,0.5810523
1,0.585881
0,0.5176291
0,0.34768927
1,0.73999596
0,0.4613479
0,0.25413805
1,0.94579506
1,0.99833304
1,0.9976266
1,0.8519203
1,0.47033352
0,0.23447695
1,0.9804586
1,0.9716821
1,0.8617832
1,0.93727267
1,0.43139008
0,0.14055678
0,0.1363051
1,0.992018
1,0.771331
0,0.12463428
0,0.14076509
1,0.69861054
1,0.5955224
0,0.21879515
1,0.9891817
0,0.25056624
0,0.046102006
0,0.13990492
0,0.14774904
0,0.14778876
1,0.86827695
1,0.58987695
1,0.5947061
1,0.66814876
1,0.7007052
1,0.6213413
1,0.6635886
1,0.6473188
1,0.64522594
0,0.49462834
0,0.32414237
1,0.7211926
1,0.7482522
1,0.99248695
0,0.46462816
1,0.613916
0,0.25221184
0,0.14163513
0,0.1483699
1,0.8768377
1,0.40137866
1,0.28404108
1,0.9244572
1,0.57139814
1,0.9911323
1,0.2539118
0,0.36087918
1,0.29554462
0,0.18342534
1,0.88541585
1,0.93453693
0,0.18917353
0,0.1228865
0,0.1066831
0,0.61075884
1,0.75087273
1,0.7496288
0,0.42357695
1,0.5836986
1,0.31666136
1,0.6356134
1,0.589802
0,0.19497429
1,0.99842465
1,0.49387556
0,0.47073692
1,0.84998435
1,0.880717
1,0.95070595
1,0.85565865
0,0.64156985
0,0.2574987
0,0.036319852
1,0.92396724
0,0.113065355
1,0.7805046
0,0.060514737
0,0.19499925
0,0.14996853
0,0.1652662
0,0.1652662
0,0.07947537
0,0.08754325
0,0.020685349
1,0.8564507
0,0.134022
1,0.5738896
0,0.158771
1,0.6715091
1,0.5541351
0,0.65042734
1,0.91155326
1,0.93979836
1,0.3074594
0,0.28876555
0,0.2945318
1,0.9034753
1,0.79491764
1,0.92200035
1,0.88834
1,0.81521887
1,0.9142917
1,0.90135777
1,0.92025334
1,0.90135777
1,0.8241025
1,0.8171368
1,0.83720976
1,0.8114771
0,0.8114771
0,0.194675
0,0.17747968
0,0.5830718
1,0.95794845
0,0.27630195
0,0.077775195
1,0.41276085
1,0.30072597
0,0.39788002
0,0.15622173
0,0.17466159
0,0.13524975
0,0.2943186
0,0.27915102
0,0.26297468
0,0.19620684
0,0.11267659
0,0.0877051
1,0.84644145
1,0.81700486
0,0.2641318
1,0.9456494
1,0.95713043
0,0.3888218
0,0.202848
0,0.047736414
1,0.5105329
0,0.133334
0,0.10128243
0,0.12886988
1,0.59932214
1,0.68214244
1,0.7711553
0,0.3650387
1,0.8876547
0,0.32601193
1,0.57298225
0,0.10348148
0,0.08792541
1,0.75810343
1,0.71385825
0,0.08720948
0,0.27223942
0,0.10750945
1,0.94634765
1,0.98021734
1,0.8054072
1,0.83860713
1,0.3125838
1,0.9312091
1,0.9312091
1,0.7025179
0,0.3852567
1,0.9383133
1,0.94708335
1,0.9505216
1,0.3330573
0,0.26497078
1,0.13220201
0,0.29569167
0,0.15406157
1,0.9858074
0,0.47644755
1,0.64791256
0,0.48880208
0,0.4482185
0,0.13262299
0,0.082376175
0,0.123249695
1,0.8519198
0,0.41774556
0,0.34473658
0,0.18006448
0,0.2191779
0,0.4114018
0,0.32350785
1,0.66988885
1,0.3939999
1,0.9974728
1,0.9974728
1,0.9974728
1,0.68496656
1,0.93479323
1,0.19747399
0,0.2279239
1,0.38580516
1,0.3122353
1,0.5576837
0,0.33784124
0,0.31935936
1,0.37314737
1,0.9974341
1,0.997136
1,0.92709625
1,0.95354587
1,0.65519434
1,0.65519434
1,0.78833
0,0.12937921
0,0.21319337
0,0.45485198
0,0.36528897
0,0.21281865
1,0.6034082
0,0.15875407
1,0.8103337
0,0.3644597
0,0.18612248
0,0.45831615
1,0.9974989
1,0.71236295
1,0.8613508
1,0.8414576
0,0.11244746
1,0.24832314
0,0.08026676
0,0.06080866
1,0.30532938
0,0.084336
0,0.3476465
0,0.20351495
0,0.27322486
0,0.14997222
0,0.18601635
1,0.9813719
0,0.26218802
0,0.15040979
1,0.89682716
0,0.3887098
0,0.30172473
1,0.45363718
0,0.45055342
0,0.7575074
0,0.09830013
1,0.34224907
0,0.2504623
1,0.8816228
0,0.12858777
1,0.99521255
1,0.0960982
0,0.3567389
0,0.07514959
0,0.34881872
1,0.9941392
1,0.99275583
1,0.99275583
1,0.78043664
1,0.8603647
0,0.2543147
1,0.34669548
1,0.49881732
0,0.1282028
0,0.07038176
0,0.34669825
0,0.21358567
0,0.32633206
1,0.83093953
1,0.7327792
1,0.5436714
1,0.75224864
1,0.5328141
0,0.16324991
1,0.9351857
1,0.3729247
0,0.36430553
1,0.885792
1,0.6342875
0,0.046506416
0,0.032504447
0,0.3128037
0,0.049704425
0,0.10325916
1,0.6867632
0,0.17756696
1,0.29709378
0,0.029678455
0,0.15561457
0,0.075613305
0,0.20837009
0,0.2929099
1,0.98271596
1,0.9630753
0,0.04381761
0,0.1484247
0,0.21979485
1,0.97524923
1,0.98757035
1,0.96208197
1,0.21048735
0,0.055403285
1,0.6681834
1,0.92558396
1,0.86831933
1,0.7305792
1,0.91439617
1,0.85966575
1,0.86875737
1,0.85966575
1,0.9221828
1,0.6761856
1,0.91208756
1,0.87944895
1,0.95258605
1,0.6694441
1,0.7305792
1,0.535285
1,0.6897085
0,0.7615619
0,0.6694441
0,0.16891535
1,0.85707694
1,0.6032751
0,0.19340102
0,0.1434727
0,0.75868624
0,0.22280255
1,0.54191816
0,0.1661587
0,0.28163967
1,0.9962674
1,0.824968
1,0.6733547
1,0.85247207
1,0.7372675
1,0.61763704
0,0.24208918
0,0.18565568
0,0.19856177
0,0.14693646
0,0.16695736
0,0.20947874
0,0.15969433
0,0.31920233
0,0.13864729
0,0.17281245
0,0.15969433
0,0.17799145
0,0.16093157
1,0.56917983
1,0.67298174
1,0.9036273
1,0.5786174
1,0.4846282
1,0.5105224
1,0.77857244
0,0.08043884
0,0.08043884
0,0.2878259
0,0.25771308
0,0.2169702
0,0.21157981
0,0.112068035
0,0.3238789
0,0.22638609
1,0.99049616
1,0.99049616
1,0.97233003
1,0.412393
1,0.43467686
1,0.78955054
0,0.7517138
1,0.8031809
0,0.14348671
0,0.14348671
0,0.35983646
0,0.40661502
0,0.38264722
1,0.52625185
0,0.19982757
0,0.19741452
1,0.8048672
1,0.6651592
0,0.32342622
0,0.16415296
1,0.47503236
0,0.27231923
1,0.4246572
0,0.5094166
0,0.45312178
0,0.42399463
0,0.2597725
0,0.19674794
0,0.17204571
0,0.2402072
1,0.94868255
0,0.12243705
0,0.23271216
1,0.72592694
0,0.13064191
1,0.5846329
1,0.80610776
1,0.9253371
1,0.9773342
1,0.9948596
0,0.21658815
0,0.048243098
1,0.37399623
1,0.44648546
1,0.8660738
1,0.8337779
0,0.22504948
1,0.98342
1,0.98342
1,0.95111674
1,0.82228386
1,0.9690944
0,0.38994494
0,0.15546991
0,0.29758424
1,0.80130976
0,0.32596913
0,0.15754218
1,0.99915075
1,0.9984211
1,0.99919933
1,0.5659019
0,0.784222
0,0.08496388
0,0.53729546
1,0.5719306
1,0.2702955
0,0.31861252
1,0.4962048
1,0.7097738
0,0.28364727
0,0.039539885
0,0.586537
0,0.14181621
0,0.19415435
0,0.28002644
0,0.39632463
1,0.91697407
1,0.5187437
0,0.15186125
1,0.58538735
0,0.37083328
0,0.4895866
0,0.58538735
0,0.14027996
1,0.4194267
1,0.7454767
1,0.4577839
0,0.36522564
0,0.24796751
0,0.23029047
1,0.8698496
0,0.0807796
1,0.8715959
1,0.65467876
1,0.49471405
0,0.34377834
0,0.1654189
0,0.29360187
0,0.19084895
0,0.1659924
0,0.16616958
0,0.16045071
1,0.95243627
1,0.8638666
1,0.99800056
0,0.77240825
1,0.8597076
0,0.4244035
0,0.24659593
1,0.8286184
0,0.40432408
0,0.27258116
0,0.3980412
0,0.093467675
0,0.26204214
0,0.31724188
0,0.2897948
1,0.83377063
1,0.7239437
1,0.81494725
1,0.8707983
1,0.67706484
1,0.7965884
1,0.81494725
1,0.73719275
1,0.670141
1,0.8707983
1,0.59186393
1,0.8707983
1,0.7893884
1,0.90574294
1,0.7654559
0,0.67706484
0,0.5396438
0,0.59186393
0,0.7654559
0,0.59186393
0,0.670141
1,0.97592485
1,0.9081972
0,0.12212719
0,0.17762296
1,0.8027067
0,0.059103392
1,0.73487985
1,0.7993936
1,0.84714395
1,0.92904526
1,0.84037447
1,0.7977505
0,0.22700632
1,0.9828498
1,0.9674333
0,0.17590533
0,0.16905196
0,0.24014047
1,0.8580861
0,0.11755421
0,0.099300005
0,0.07263515
0,0.18280882
1,0.5560606
0,0.061245967
1,0.35515735
1,0.7422267
0,0.2658642
0,0.11412279
0,0.11412279
1,0.98151463
1,0.99665266
1,0.9547115
1,0.99620867
1,0.9683328
0,0.844887
1,0.9928068
0,0.6378477
1,0.81012744
0,0.06738472
0,0.21749675
1,0.909218
1,0.9349469
1,0.89854693
0,0.122228354
1,0.17283098
0,0.21067156
0,0.2493519
0,0.041574873
0,0.118248634
0,0.100874506
1,0.8241724
1,0.6479979
0,0.16608225
1,0.9645789
0,0.5096548
0,0.46901473
0,0.16366707
0,0.20407234
0,0.19341023
0,0.21573995
0,0.44606423
0,0.6867331
0,0.26090756
0,0.14950442
0,0.12532434
1,0.9477634
1,0.39699772
1,0.93440884
1,0.62837213
0,0.28554633
1,0.5907042
0,0.25967327
0,0.11275486
1,0.99113035
1,0.40872723
0,0.20802628
0,0.20802628
0,0.16337346
1,0.38502857
1,0.93238187
0,0.08055838
0,0.29011616
1,0.85236585
0,0.20861879
1,0.55172426
1,0.47282895
1,0.6063399
0,0.21631806
0,0.85080725
0,0.40125397
0,0.16463207
1,0.9228272
0,0.26561832
0,0.27358922
0,0.20833978
0,0.08368803
0,0.2901246
1,0.6979544
1,0.9412445
0,0.18329194
0,0.15284896
0,0.2468682
0,0.2468682
1,0.99390113
1,0.99375486
1,0.9891444
1,0.98132
1,0.98132
1,0.6366717
0,0.8849965
0,0.28585538
0,0.5527984
1,0.25660315
1,0.18465962
0,0.14123401
1,0.39650688
1,0.90899897
0,0.36430553
0,0.18860228
1,0.69828933
1,0.34946534
1,0.6884378
0,0.18995664
0,0.1600423
0,0.15906467
0,0.19895685
0,0.14878443
1,0.55958486
0,0.050755516
0,0.17758685
0,0.094468325
1,0.61701345
1,0.9129394
0,0.104048654
1,0.941576
0,0.30620202
0,0.2965832
1,0.2639762
0,0.124568716
0,0.41693887
0,0.070308775
0,0.08030519
1,0.30095828
1,0.41831976
0,0.20400417
0,0.03313873
1,0.7800204
1,0.7568919
0,0.12049697
1,0.8343325
1,0.744889
1,0.11853765
0,0.13629699
0,0.10933588
1,0.7546723
0,0.05514075
1,0.8114961
1,0.8752698
1,0.8114108
1,0.45514277
1,0.3418231
0,0.11565376
0,0.18034355
1,0.993012
1,0.97309744
1,0.9776169
0,0.16313687
1,0.9735508
1,0.86268985
1,0.90239596
0,0.4502711
0,0.33191445
0,0.42902434
0,0.36645865
0,0.4502711
0,0.24409966
0,0.05430594
0,0.057283208
1,0.9152739
1,0.7336311
0,0.36149397
0,0.3022618
1,0.83459
1,0.5394227
0,0.31569514
1,0.9453346
1,0.58327556
1,0.6787378
1,0.47761434
1,0.5284004
0,0.37406048
0,0.42645514
0,0.3476755
0,0.30962008
0,0.33997333
1,0.6450107
0,0.031889454
0,0.104217984
1,0.24612403
0,0.7745623
1,0.998589
0,0.2151809
1,0.6989869
1,0.9943587
0,0.14981027
1,0.5773531
1,0.93708146
1,0.9326817
1,0.9132371
0,0.18382408
0,0.22212057
0,0.37413692
0,0.041029926
1,0.89152884
0,0.17899774
1,0.48427156
1,0.56041616
1,0.44982874
1,0.6810997
1,0.9522992
0,0.087565035
1,0.6047564
0,0.34147772
1,0.90626854
0,0.5432521
0,0.22256877
1,0.9952016
1,0.9895476
0,0.7187578
0,0.2490027
1,0.5021352
1,0.5738486
0,0.02655548
0,0.02276796
0,0.017210688
0,0.016056411
0,0.024438819
0,0.028968368
0,0.052203506
0,0.02094521
0,0.04353709
0,0.026398707
0,0.029716516
0,0.15942368
0,0.19695613
0,0.11304932
1,0.98469627
1,0.8144945
1,0.8144945
1,0.8201431
0,0.121876255
0,0.32908496
1,0.9864196
1,0.9614698
1,0.9864196
1,0.5891872
0,0.11551575
0,0.22869197
1,0.73825884
1,0.8809937
1,0.56136775
1,0.5918862
0,0.6462981
0,0.36210176
0,0.1987862
0,0.18660977
1,0.9941929
1,0.9835226
1,0.912999
1,0.96396095
1,0.4873907
1,0.9695063
1,0.83598167
1,0.9084187
1,0.84116703
1,0.83598167
1,0.30180055
0,0.2236429
0,0.056424573
1,0.773441
0,0.41945592
1,0.9445463
1,0.7385017
0,0.1539062
0,0.053337023
1,0.7248721
0,0.17785627
1,0.86969566
1,0.94397706
1,0.95992744
1,0.9457032
1,0.9330276
1,0.96636695
1,0.9708877
0,0.757916
1,0.9410544
1,0.9371025
1,0.96868247
1,0.62435615
1,0.9476488
0,0.044200975
0,0.19443159
1,0.9589864
0,0.4533831
0,0.19161941
0,0.3652116
0,0.04096677
0,0.24510418
0,0.2283632
1,0.9907025
0,0.3000126
0,0.13348068
0,0.22601236
1,0.91802114
1,0.8884373
1,0.9098316
1,0.90524054
1,0.90411717
1,0.91371167
1,0.911126
0,0.5586961
0,0.12058053
1,0.9678142
0,0.15135789
0,0.094611734
0,0.14217399
0,0.09262037
0,0.28551808
0,0.40037763
1,0.9868139
1,0.98336625
0,0.15388991
0,0.1893057
1,0.82522005
1,0.72077864
1,0.8208606
1,0.9097021
0,0.16788587
0,0.10666513
0,0.07744628
0,0.059905756
1,0.98717207
1,0.59009206
0,0.18464343
0,0.07706365
1,0.6663203
1,0.878372
1,0.29304987
1,0.7132236
1,0.9876743
1,0.8820567
1,0.9488444
1,0.9674396
1,0.9431877
1,0.9367783
1,0.93110234
1,0.9633479
1,0.89626706
1,0.9603091
1,0.9419925
1,0.9566554
1,0.89380336
1,0.9373843
1,0.9441712
1,0.9961351
1,0.99850947
1,0.9814687
1,0.9912252
1,0.9966114
1,0.9814687
1,0.99790895
1,0.99790895
1,0.9981452
1,0.997131
1,0.9984327
1,0.9817893
1,0.9492937
1,0.99364096
0,0.15681936
0,0.27170062
1,0.77475893
1,0.9822344
1,0.60862935
1,0.89806885
0,0.6638048
1,0.7422537
1,0.87959963
1,0.80429685
1,0.89480263
1,0.5769911
1,0.32804504
0,0.047284048
0,0.21290542
0,0.07742599
1,0.55690235
1,0.4797424
0,0.62022805
0,0.2603504
0,0.2197848
1,0.35520276
0,0.39589047
0,0.07642097
0,0.096282504
0,0.14402878
0,0.04895587
1,0.91271305
0,0.1558499
1,0.5126188
0,0.26023665
1,0.7015606
0,0.20949528
1,0.78036773
1,0.85855913
1,0.7743469
1,0.58632547
1,0.8473552
1,0.81855035
1,0.87728333
1,0.85897726
1,0.841879
1,0.8553649
1,0.98086965
1,0.6280874
1,0.87950116
1,0.9452356
1,0.8678677
0,0.10805726
0,0.14890057
0,0.026614236
0,0.09993418
0,0.07861335
0,0.5753588
0,0.36578703
0,0.5400806
0,0.22123383
0,0.47675288
0,0.17634957
0,0.31953827
0,0.36945704
1,0.2411066
0,0.26376075
0,0.3710037
0,0.26119146
0,0.15787669
0,0.43298876
0,0.25247276
0,0.14765492
1,0.5869046
1,0.9899504
1,0.9991574
0,0.28813943
0,0.5565207
0,0.10995092
0,0.25056353
0,0.23015155
1,0.81492484
1,0.99713194
1,0.99650526
1,0.9977921
1,0.99760205
1,0.99650526
1,0.99640524
1,0.9971551
1,0.99760205
1,0.6548992
1,0.21414758
1,0.6428716
0,0.14198565
0,0.04109584
1,0.92433906
1,0.80592054
0,0.45354486
0,0.08010245
0,0.52867925
0,0.27280992
1,0.41569176
0,0.21483761
0,0.16102885
0,0.16679144
1,0.70903426
1,0.9695175
1,0.9329867
0,0.18413311
1,0.6498879
1,0.99675554
1,0.6400058
0,0.32225552
1,0.93318903
0,0.775177
0,0.6519418
0,0.31757876
1,0.8469216
0,0.22688122
1,0.4693877
1,0.15463136
0,0.27412656
0,0.049492195
1,0.8639653
0,0.2822584
1,0.99090225
1,0.29095033
0,0.1990042
0,0.08146884
1,0.89963406
1,0.84174746
1,0.91401416
1,0.8446452
0,0.83643514
0,0.13132074
0,0.10526729
0,0.23076737
1,0.77398926
0,0.445409
1,0.25669995
1,0.8086689
1,0.3190042
0,0.7691802
0,0.1009973
1,0.89227194
1,0.9472243
0,0.0431811
1,0.41704944
0,0.4021057
1,0.7179837
0,0.4313465
1,0.515981
0,0.26921216
1,0.99909306
1,0.99909306
1,0.9974753
1,0.99782866
1,0.99782866
1,0.72576636
1,0.90194887
0,0.0336184
0,0.021904906
1,0.783489
0,0.22810468
0,0.08068084
0,0.27155995
0,0.4634927
1,0.46365482
0,0.16396815
0,0.21474227
0,0.1609821
0,0.15057808
0,0.06752184
1,0.7450963
1,0.4665065
1,0.3343343
1,0.34050933
1,0.99726856
1,0.53062534
0,0.35079762
0,0.18406093
0,0.018360818
1,0.6416971
1,0.27209565
1,0.6895658
1,0.5985879
1,0.6632233
0,0.105549105
0,0.25830334
0,0.3150946
0,0.3174513
0,0.09120862
0,0.22794989
1,0.97317106
0,0.10246921
1,0.89828736
1,0.9091251
1,0.95377594
1,0.89828736
1,0.95377594
1,0.2575248
1,0.72506297
1,0.77807444
0,0.071844496
0,0.078146
0,0.41580185
0,0.5131854
0,0.3043183
1,0.9953472
1,0.99566466
1,0.21945556
1,0.94584334
1,0.9803656
1,0.8919925
0,0.06353484
0,0.1073756
0,0.11033638
1,0.50285137
1,0.46006423
0,0.40977985
0,0.108301446
0,0.19446148
0,0.074352704
1,0.8346981
0,0.16321929
0,0.0706275
0,0.05675543
0,0.211435
1,0.21073182
0,0.2135959
0,0.045353957
0,0.1375371
0,0.18025352
0,0.29657483
1,0.83455294
0,0.37747926
1,0.9369613
0,0.74511266
1,0.7638229
1,0.85785973
1,0.86930996
1,0.45714465
0,0.7516278
0,0.040133134
0,0.21674515
0,0.1884342
1,0.9096854
1,0.48637354
0,0.46142074
1,0.8648481
0,0.16861154
1,0.65251577
0,0.22155546
0,0.12997362
1,0.71447974
1,0.8127344
0,0.23208882
0,0.18417208
1,0.9118398
0,0.23241524
1,0.92388624
0,0.13084097
0,0.3267349
0,0.03513744
0,0.03513744
0,0.072489604
1,0.83630854
1,0.8421708
0,0.18908776
1,0.81841445
0,0.1266067
0,0.08110952
0,0.31856212
0,0.3157394
1,0.74525964
0,0.022728808
0,0.21712331
0,0.17780702
0,0.30770883
0,0.19517215
0,0.039282866
0,0.11210333
0,0.02561927
0,0.209369
1,0.95386
1,0.5061141
1,0.5307554
0,0.15285684
1,0.9462108
1,0.94376194
0,0.47833142
1,0.3744897
0,0.1983923
1,0.34570473
0,0.30820954
0,0.30820954
1,0.99881727
1,0.997815
1,0.9965752
1,0.99217075
0,0.17397015
0,0.49334607
0,0.38967708
0,0.23910108
0,0.5869273
1,0.8256716
1,0.7822891
0,0.53690857
0,0.06983783
1,0.53888476
1,0.9215314
1,0.6605468
1,0.781894
1,0.82848567
1,0.8427796
1,0.92010605
0,0.50719124
0,0.09275451
0,0.09482255
0,0.15296403
0,0.29879507
0,0.11897274
0,0.04225531
0,0.47830486
0,0.14091195
0,0.03970962
1,0.99611473
1,0.9950486
1,0.9965144
1,0.29373363
1,0.281222
0,0.19014515
1,0.7275644
1,0.677928
1,0.7482636
0,0.11220712
0,0.06773619
0,0.05354348
1,0.69915617
1,0.70582104
1,0.70582104
1,0.6417994
0,0.032137513
0,0.09830488
0,0.3884465
1,0.73844755
1,0.234275
0,0.20131099
0,0.4022663
1,0.9460485
1,0.4551037
0,0.357818
0,0.34966683
0,0.2578235
0,0.19481753
0,0.15994601
0,0.36234698
0,0.35815042
0,0.037727367
0,0.07181968
0,0.083739474
1,0.5203352
1,0.6169198
1,0.9912781
0,0.48738748
0,0.1680699
0,0.16637169
0,0.06634505
0,0.0879256
0,0.12129647
0,0.28718936
1,0.6692588
0,0.2984506
0,0.35356992
0,0.48454827
1,0.9670109
1,0.048717845
0,0.32356086
1,0.66112757
1,0.5312152
0,0.08021186
1,0.56159884
0,0.17779565
0,0.42598388
0,0.32030883
0,0.243366
0,0.1705159
0,0.3069013
1,0.3909969
1,0.80314547
0,0.39303988
0,0.09371015
1,0.74886686
0,0.17834996
0,0.2152535
1,0.9780683
0,0.12448446
0,0.12195989
0,0.55595976
0,0.28004095
1,0.5875201
1,0.9974825
0,0.3299168
1,0.73339415
1,0.93101156
1,0.35578743
0,0.09558489
0,0.13781679
0,0.13880886
0,0.023318391
0,0.06412365
0,0.29524553
1,0.3290317
1,0.43775737
1,0.90500635
0,0.24260238
0,0.35144407
0,0.13077112
1,0.74548644
0,0.061959334
1,0.89693683
1,0.925975
1,0.97333014
1,0.97333014
1,0.97293764
1,0.97293764
1,0.94379514
1,0.8958837
1,0.96598244
1,0.82742554
1,0.12126194
1,0.5974362
1,0.54334706
1,0.57285595
1,0.92228186
1,0.8802199
0,0.24823599
0,0.23901457
0,0.10281108
0,0.123725384
0,0.17756654
1,0.40740478
0,0.08217281
0,0.20097084
0,0.2697002
0,0.40823907
1,0.24364404
1,0.82890284
1,0.7387966
0,0.46007237
0,0.14687166
0,0.5668776
1,0.94797444
1,0.58429813
0,0.24747136
1,0.3368873
0,0.29111555
1,0.8566631
1,0.96419483
0,0.1962025
1,0.3533727
0,0.49797145
1,0.24755137
0,0.18108465
0,0.13011578
1,0.976502
1,0.44148272
1,0.66762644
0,0.12536317
0,0.19200863
1,0.31631327
0,0.20300853
0,0.45464075
0,0.13936947
0,0.36402455
0,0.13812774
1,0.8745248
1,0.88949853
0,0.19838674
1,0.80021024
0,0.18274122
1,0.9909146
1,0.4044287
1,0.34753007
1,0.81159073
1,0.867481
1,0.8941985
1,0.75927174
1,0.77080095
1,0.63413477
1,0.7724766
1,0.73683715
1,0.8941985
1,0.906102
1,0.8882446
1,0.7724766
0,0.7133665
0,0.5031899
0,0.5031899
1,0.563878
1,0.2963687
1,0.3668201
1,0.9631489
1,0.35113642
0,0.121011384
0,0.42015097
0,0.25373876
0,0.2641803
1,0.8914859
1,0.79493755
0,0.14271824
0,0.123905376
1,0.88904303
1,0.77120996
1,0.90800136
1,0.85737896
1,0.9021741
1,0.8334499
1,0.8270727
0,0.329119
0,0.15283196
1,0.3768339
1,0.72849876
0,0.31783634
0,0.10759096
1,0.49241203
0,0.47717756
0,0.39358404
0,0.078170374
1,0.7983852
1,0.9241063
0,0.64156985
0,0.025105067
1,0.9643107
1,0.8283462
1,0.8490939
1,0.9320724
1,0.89330536
1,0.9221921
1,0.6562582
0,0.37330192
1,0.85218525
0,0.20069754
1,0.9989723
1,0.50010836
1,0.7510798
1,0.93334407
1,0.9516869
0,0.111503616
0,0.10583587
0,0.27421567
1,0.77223504
1,0.65698236
0,0.0852043
0,0.13757306
1,0.9706809
1,0.9706809
1,0.98298717
1,0.5549772
1,0.14941321
1,0.9490005
0,0.104060225
0,0.23281677
0,0.32667086
1,0.5062289
1,0.84276617
0,0.16420887
0,0.4624302
1,0.86065656
0,0.11275537
0,0.036000643
0,0.11200442
1,0.8093617
0,0.1467521
1,0.98718077
1,0.5168749
1,0.99493116
1,0.99577266
1,0.9770666
1,0.9670698
1,0.98291826
1,0.99762005
0,0.22537999
0,0.24029642
0,0.47135204
0,0.3717648
1,0.6872042
0,0.23767823
0,0.22545806
0,0.83542585
0,0.10681733
0,0.0502467
0,0.21318768
0,0.46895963
1,0.9282173
0,0.18912165
0,0.12298181
1,0.66793966
0,0.027192658
1,0.9974825
0,0.25119114
0,0.4292419
0,0.54211146
0,0.16427304
0,0.03805345
0,0.22912687
0,0.13107607
0,0.20423695
1,0.75374466
0,0.29562137
1,0.9748396
0,0.57263106
1,0.88597554
0,0.21204755
0,0.84113234
0,0.17358643
1,0.6361969
1,0.82266355
0,0.40608105
0,0.4594283
0,0.4962831
0,0.48685867
1,0.80019844
1,0.6758515
1,0.79906297
0,0.16954131
1,0.970891
0,0.18827254
1,0.11999554
0,0.22592492
0,0.11587354
0,0.1035678
1,0.18311666
1,0.31527364
0,0.23529302
0,0.1312521
0,0.10177652
0,0.085605145
0,0.2974945
0,0.14484958
0,0.3802515
1,0.8272754
1,0.87296665
1,0.47796953
1,0.93983173
1,0.9805305
1,0.98021704
0,0.16157602
1,0.5982782
1,0.5137611
0,0.06919918
1,0.94108725
1,0.7935231
0,0.2615016
1,0.9312886
1,0.63435185
1,0.32024044
0,0.06838711
1,0.9671738
0,0.17198506
0,0.23561229
1,0.17850596
0,0.2725826
1,0.15019032
0,0.23440535
0,0.26558965
1,0.54470944
1,0.9024023
1,0.74222594
0,0.3154355
1,0.1617647
0,0.28666884
0,0.11481324
0,0.11279086
0,0.4019287
1,0.898477
0,0.22131647
1,0.96685535
0,0.21102917
0,0.025653144
0,0.15462422
1,0.5406581
1,0.45400742
0,0.23456822
1,0.8028051
0,0.6517315
1,0.15210764
1,0.98635954
1,0.5752643
1,0.9974728
0,0.127102
0,0.110314295
0,0.14821972
1,0.6963274
1,0.30543876
0,0.3519334
1,0.44644126
1,0.8811961
0,0.026492374
0,0.34210545
0,0.4052918
0,0.41007566
1,0.8413713
1,0.16407512
1,0.3529514
0,0.26749074
0,0.27029347
0,0.20316114
0,0.09783175
0,0.083454594
1,0.9143191
0,0.25095925
0,0.06312638
0,0.08851307
0,0.05661957
0,0.057909902
0,0.057909902
0,0.05833814
1,0.64581174
1,0.7920327
0,0.3166627
1,0.9921071
1,0.660314
1,0.86165166
1,0.99834645
0,0.44138706
0,0.29254177
1,0.9118061
0,0.21332791
0,0.14477567
0,0.115645945
0,0.18465208
0,0.20880088
1,0.30768612
1,0.99738866
1,0.64409643
0,0.110681646
1,0.7145081
1,0.87210625
1,0.9330847
1,0.88924545
1,0.8171587
1,0.82823724
1,0.93681306
1,0.89068514
1,0.9558935
0,0.33131024
1,0.97159696
1,0.9980198
1,0.99054027
1,0.99686736
1,0.99827313
1,0.9890326
1,0.9864162
1,0.98400337
1,0.99580437
0,0.54673904
0,0.35545543
1,0.78132737
0,0.08422625
0,0.072149366
1,0.2744274
0,0.37382755
0,0.21349253
0,0.092838764
1,0.80525553
1,0.9485574
1,0.845782
0,0.30154887
1,0.99830085
1,0.99763703
1,0.98448586
1,0.9975387
1,0.9695175
0,0.09045727
1,0.8798097
1,0.67913944
1,0.8742667
1,0.8022387
1,0.9224055
1,0.8726291
1,0.87596536
1,0.9901113
0,0.43533415
0,0.72520876
0,0.2668776
0,0.41685963
1,0.28383777
1,0.87940985
0,0.26304856
1,0.8008799
0,0.1532968
1,0.55213374
0,0.19203393
0,0.0845031
0,0.16313186
0,0.16313186
0,0.15630668
0,0.40829155
0,0.09985932
0,0.15695307
1,0.675046
0,0.14422841
0,0.09434256
0,0.043983035
1,0.43804374
0,0.051501375
0,0.085314326
0,0.12484255
1,0.8055191
1,0.6456891
1,0.7762059
1,0.7787821
1,0.7696718
1,0.7927969
1,0.62535393
0,0.5161508
0,0.5896264
0,0.2885544
1,0.9430324
0,0.35612857
1,0.5780661
1,0.6538889
0,0.21164934
1,0.9712327
0,0.19615555
0,0.17420083
0,0.14871031
0,0.0731845
1,0.17059682
1,0.8400643
0,0.23539075
0,0.41835582
0,0.07813791
1,0.8000469
0,0.521356
1,0.31081092
1,0.41028178
1,0.61834866
0,0.06960796
1,0.97955084
1,0.38618305
0,0.075141415
1,0.6995116
1,0.9585827
0,0.059925616
0,0.33614314
1,0.6957353
0,0.20130418
1,0.97581226
1,0.9797221
1,0.9868067
1,0.9797221
1,0.30592814
1,0.87668574
0,0.26106757
0,0.26477033
0,0.15165229
1,0.94168806
0,0.10700702
0,0.1140132
1,0.8202451
0,0.10110072
0,0.090035155
0,0.15174992
0,0.25669116
1,0.57517415
0,0.17404754
0,0.22879711
1,0.65399206
1,0.53017163
0,0.43417957
0,0.5232908
1,0.902032
1,0.88389146
0,0.1601229
0,0.06015438
0,0.27258742
1,0.92847025
1,0.9870809
1,0.95863706
1,0.6944811
0,0.7003077
0,0.2962899
0,0.57109034
1,0.53451353
0,0.769799
0,0.3910211
1,0.934805
1,0.934805
1,0.99838674
0,0.20927782
0,0.19201276
0,0.027564716
0,0.041899033
0,0.10368628
0,0.36474386
0,0.14050743
0,0.038369905
0,0.38994342
1,0.8888352
1,0.87965477
1,0.48589513
1,0.7480582
1,0.8458575
1,0.745837
0,0.25494644
0,0.25494644
1,0.813782
0,0.22819492
0,0.09594571
0,0.15038572
0,0.38608104
1,0.88165873
0,0.042681135
0,0.4681127
0,0.045918804
0,0.14890711
1,0.9818345
1,0.44493383
1,0.5485788
1,0.9959843
0,0.20483345
1,0.6257447
1,0.96625006
1,0.35320592
0,0.552491
0,0.53657335
0,0.42368516
1,0.8719673
0,0.23094623
1,0.72668517
0,0.3089358
1,0.9973629
1,0.9967495
0,0.085418776
0,0.13533156
1,0.87131256
1,0.962304
0,0.34859547
1,0.9671313
0,0.2253375
0,0.15386891
0,0.2059013
1,0.9208343
0,0.06244177
0,0.8180388
1,0.9990569
0,0.2308191
0,0.077885464
0,0.047964774
0,0.07015964
1,0.725546
1,0.82128805
1,0.622131
1,0.50361615
1,0.9485429
0,0.110550016
1,0.9712912
1,0.918076
1,0.8114227
1,0.9952825
1,0.99359256
0,0.06751839
1,0.9691565
1,0.9610477
0,0.34869236
0,0.56964403
0,0.56356514
0,0.21632227
0,0.23325953
1,0.94132674
1,0.32536134
1,0.9848263
0,0.13177674
0,0.17886186
0,0.3561554
0,0.21841735
0,0.19687419
1,0.81014943
0,0.3997999
1,0.6034082
0,0.15655339
1,0.83481944
1,0.5442167
0,0.45647624
0,0.062243003
0,0.43591848
1,0.29990542
0,0.18854167
1,0.8387642
1,0.995877
1,0.995877
1,0.9938777
1,0.9938777
0,0.057906877
0,0.17464176
1,0.96038216
1,0.96038216
0,0.10116877
1,0.41377607
0,0.16869366
0,0.13745345
0,0.23164603
0,0.15404135
0,0.394652
0,0.44689733
1,0.8879395
0,0.15676837
0,0.31058112
0,0.38394174
1,0.9692058
1,0.7390939
1,0.9730137
1,0.95190924
1,0.9730137
0,0.4047121
1,0.89874834
0,0.22533931
0,0.34959513
0,0.34831065
0,0.51302946
0,0.24902523
0,0.23725934
1,0.65403455
0,0.16231352
1,0.7482533
1,0.9974088
1,0.9922638
1,0.9977302
1,0.992728
1,0.9959622
1,0.99396557
1,0.9982674
1,0.9976198
1,0.9988159
1,0.9988159
1,0.99659663
1,0.6711402
0,0.40000498
1,0.39273062
1,0.5553649
1,0.5378749
1,0.888879
1,0.85876185
1,0.96420074
1,0.97819775
1,0.9837415
1,0.97819775
1,0.97819775
0,0.12382355
0,0.18064693
1,0.77150744
0,0.025596146
1,0.9446012
1,0.9141868
1,0.9088437
1,0.5401302
0,0.03942809
1,0.9561049
1,0.9546947
0,0.18506895
0,0.19091135
0,0.08134919
0,0.345651
0,0.13223195
0,0.2556626
1,0.38189098
1,0.6904767
1,0.53729546
0,0.37141493
1,0.9733609
0,0.065230414
1,0.2716249
0,0.16797008
1,0.62812996
1,0.38809845
0,0.30547133
1,0.56851786
0,0.30034125
1,0.92782617
1,0.9711133
0,0.35479456
0,0.48459685
1,0.8186433
0,0.14824261
1,0.72513574
1,0.9592122
1,0.6886647
0,0.6633238
1,0.9184914
1,0.9364056
1,0.9088307
1,0.9228669
0,0.45501256
1,0.55184144
1,0.3326287
0,0.3622295
0,0.2504138
1,0.9960652
0,0.08651621
1,0.1680374
0,0.05512921
1,0.66999185
0,0.18272382
0,0.27931854
0,0.098535374
0,0.051872198
0,0.04815045
0,0.07351252
1,0.9502479
1,0.859581
1,0.48808417
1,0.68613845
1,0.860655
1,0.5903292
1,0.39062747
1,0.791919
1,0.9467442
1,0.96720916
0,0.22099464
0,0.098478675
0,0.38239822
1,0.58124584
1,0.53692114
0,0.22978874
0,0.16744497
0,0.2828841
1,0.41523528
0,0.30074483
0,0.18283612
1,0.7986424
1,0.94368845
1,0.9150442
1,0.8165421
1,0.32777828
1,0.49070215
0,0.13924591
0,0.12119284
1,0.7739052
1,0.9490126
1,0.6893408
1,0.6191035
0,0.14313854
0,0.20648849
1,0.9099142
0,0.09118675
0,0.09118675
1,0.86299855
1,0.86299855
1,0.5685735
0,0.03631206
0,0.16892903
1,0.50188524
1,0.9052932
1,0.09986488
0,0.30560797
1,0.8039496
0,0.3343238
0,0.26741025
0,0.44237265
0,0.27442634
1,0.6431124
0,0.07146717
1,0.678452
1,0.9364462
0,0.54095054
1,0.45404464
1,0.5871278
1,0.17100178
1,0.22464862
1,0.38921916
0,0.081686534
0,0.016790677
1,0.76598394
0,0.16859801
1,0.35413122
0,0.12897404
0,0.18841384
0,0.11824423
0,0.23601183
0,0.39051586
1,0.42937177
0,0.14201622
1,0.8013846
1,0.6854833
1,0.81946754
1,0.84539914
1,0.9963045
1,0.9141277
0,0.2683364
1,0.58093655
0,0.1726705
1,0.95438045
1,0.46466497
1,0.3476995
0,0.10612084
0,0.2336454
1,0.8871445
1,0.89861387
0,0.04802542
1,0.7804656
1,0.84890085
1,0.71647716
1,0.7667743
0,0.13403372
0,0.09078843
0,0.06119925
0,0.2996512
0,0.1804365
0,0.14018926
1,0.9617902
1,0.911441
1,0.7353846
0,0.5151948
0,0.10608237
1,0.988597
1,0.9883978
1,0.98824
0,0.28482482
1,0.9530406
0,0.21922709
0,0.030515911
0,0.030515911
0,0.08784036
0,0.35552698
0,0.10837437
1,0.9461768
0,0.2546585
0,0.19706519
1,0.9437046
1,0.9437046
0,0.023513973
1,0.30143315
0,0.035392556
1,0.9153784
1,0.69851154
0,0.16226211
0,0.31157103
0,0.28404894
1,0.9969856
0,0.12513676
0,0.43606043
1,0.99676704
1,0.8959728
0,0.051151257
0,0.020165222
0,0.069097236
1,0.95829403
0,0.24672167
0,0.062276404
0,0.14197119
1,0.7568729
1,0.6498187
1,0.66486
0,0.029694276
0,0.19171771
1,0.7609853
1,0.78639275
0,0.11012344
1,0.9469805
1,0.6154676
0,0.081372924
0,0.40721798
0,0.42921433
1,0.8850102
0,0.44348907
1,0.72491086
1,0.52867925
0,0.38765705
1,0.5060268
1,0.2782636
0,0.2211101
0,0.03986954
0,0.14960083
0,0.18234459
0,0.12636425
0,0.103597246
0,0.06961279
0,0.05359923
0,0.18137416
1,0.9840644
1,0.6704128
0,0.2546747
1,0.94941497
0,0.15767045
0,0.39369097
0,0.33948007
0,0.41446453
1,0.9800324
0,0.1267307
1,0.6065502
1,0.15514484
1,0.65912193
1,0.65912193
1,0.69593334
1,0.78914905
1,0.58024776
0,0.64281243
0,0.16385683
0,0.15346472
0,0.36211193
0,0.3727552
0,0.65912193
0,0.23510483
1,0.9513532
0,0.29422978
1,0.3196353
1,0.36908478
1,0.40330985
0,0.4154234
0,0.45854193
1,0.9417478
1,0.98069096
1,0.8884597
1,0.9986817
0,0.22894023
0,0.1455473
0,0.1316568
1,0.9443183
0,0.39855698
0,0.070052296
1,0.9497039
1,0.992334
0,0.11336903
0,0.11537746
0,0.11537746
0,0.13640553
1,0.9209515
0,0.08439443
0,0.19233099
0,0.108764835
0,0.043180663
1,0.9748522
1,0.39531124
1,0.64005274
1,0.5192223
1,0.40033093
1,0.29687664
0,0.24232866
1,0.45388317
1,0.9979305
1,0.9979305
1,0.19143552
0,0.32366863
1,0.7468011
1,0.18835306
0,0.17633216
0,0.21551818
0,0.021340976
0,0.27708134
0,0.06770976
1,0.37024203
0,0.20677629
0,0.09557702
1,0.8066989
0,0.12729053
1,0.48442748
0,0.2961491
1,0.9231119
0,0.16734977
1,0.21883981
1,0.60892695
0,0.14756373
1,0.8792551
1,0.8792551
0,0.58753014
1,0.81339127
1,0.6190676
0,0.08592193
0,0.07010544
0,0.10412326
1,0.6505612
1,0.8692569
1,0.50908977
1,0.9496167
1,0.96471566
1,0.9881164
1,0.18871057
0,0.09410154
0,0.22926472
0,0.13234125
0,0.13234125
0,0.12370097
0,0.4031727
1,0.87834173
0,0.11489909
0,0.12748012
0,0.07279396
1,0.8097272
1,0.87026083
1,0.6681834
0,0.056442767
0,0.86495286
0,0.32436574
0,0.12904462
0,0.25730893
0,0.30729258
1,0.23381758
1,0.35998413
1,0.58307666
1,0.49757478
0,0.27180216
0,0.07647056
0,0.14200218
0,0.13009101
0,0.29241446
0,0.15936132
0,0.28297445
0,0.19028968
0,0.13141255
0,0.20870814
0,0.24333951
1,0.885998
0,0.24948841
0,0.38573417
0,0.26453078
1,0.9318431
1,0.7460826
1,0.24146155
0,0.40011775
1,0.6825939
1,0.85247576
1,0.9607059
1,0.967339
1,0.96756864
1,0.97849166
1,0.6145045
1,0.34400728
0,0.28818703
1,0.49457842
1,0.79898775
1,0.6236553
0,0.20096695
0,0.12532501
0,0.15383744
0,0.15267043
0,0.10145855
0,0.24562375
1,0.5502065
1,0.6048442
0,0.33577484
0,0.2551474
0,0.21963216
0,0.37792373
1,0.992861
0,0.26576582
0,0.26576582
1,0.34347692
0,0.24179393
1,0.87072116
0,0.23749994
1,0.10656691
0,0.08336247
0,0.08335964
0,0.10656691
0,0.08336247
0,0.16791034
0,0.1814605
0,0.35197255
0,0.1887198
0,0.22736667
0,0.22736667
0,0.22736667
0,0.2777095
0,0.74752223
0,0.5971072
1,0.9050374
1,0.79079163
0,0.12918587
0,0.14500965
0,0.17244098
0,0.1746345
0,0.14500965
0,0.17027663
0,0.12621064
0,0.46501437
0,0.08141985
0,0.24257948
1,0.58840334
0,0.15227966
1,0.7823392
1,0.496797
1,0.46772632
1,0.8487408
1,0.73273754
0,0.12865171
0,0.60627437
0,0.03083649
1,0.49990776
0,0.25145665
1,0.9734763
1,0.2971842
0,0.35957128
0,0.6848913
1,0.4641481
1,0.6257619
1,0.6161374
1,0.881349
0,0.22677602
0,0.771476
0,0.48212752
0,0.15388416
1,0.65809923
0,0.4486394
1,0.8812313
1,0.33226883
0,0.31659508
0,0.29487786
0,0.081091955
1,0.46994323
1,0.91182417
0,0.40601465
1,0.98609275
1,0.98609275
1,0.98609275
1,0.98609275
1,0.98609275
1,0.9899074
1,0.9899074
1,0.9899074
1,0.9899074
1,0.8801183
1,0.9735989
1,0.67297703
1,0.8046645
1,0.321478
1,0.96896255
0,0.27636003
0,0.36672267
0,0.042564362
0,0.14785656
0,0.17520803
1,0.7751057
0,0.036666922
1,0.93386304
0,0.6197929
0,0.1201776
0,0.1691684
0,0.13947386
0,0.17637073
0,0.14485487
0,0.17637073
0,0.088908106
1,0.88096195
0,0.24215253
1,0.58708584
0,0.23810618
0,0.174033
0,0.18607971
0,0.14684914
1,0.84127545
0,0.10713569
0,0.18306905
0,0.12986225
0,0.13262299
0,0.11686654
0,0.0727134
1,0.71190006
1,0.91638523
0,0.14843267
0,0.22942376
1,0.902026
1,0.99590635
1,0.9926847
1,0.99590635
1,0.917466
0,0.10948525
0,0.12752484
0,0.09542987
0,0.08249835
0,0.08085471
0,0.08147623
0,0.029013395
0,0.1743185
0,0.20107539
0,0.0875571
1,0.90987927
1,0.9489979
1,0.8787479
1,0.8787479
0,0.11505467
0,0.039023824
1,0.19138889
1,0.89974153
1,0.7794421
1,0.59278744
0,0.1014499
1,0.8942378
1,0.9091099
1,0.93386304
1,0.83561575
1,0.7957091
1,0.8318409
1,0.8942378
0,0.49368253
1,0.9971455
1,0.9971455
0,0.06220419
1,0.78713524
0,0.16652143
1,0.16447055
1,0.99789906
0,0.07389193
1,0.27884698
0,0.29123715
0,0.19480844
1,0.7740749
1,0.99850106
1,0.99849176
0,0.18037224
0,0.27050757
0,0.18653853
0,0.2003448
1,0.67511874
1,0.9428518
0,0.10099044
0,0.09729621
1,0.91088945
0,0.1506148
1,0.7179604
0,0.26120287
0,0.23350127
0,0.0709952
0,0.14807977
0,0.17650832
1,0.8415255
1,0.83663744
1,0.755696
1,0.8938761
0,0.28140676
0,0.1908603
0,0.022466287
0,0.20323946
1,0.96484417
1,0.6309746
1,0.9982199
1,0.7346772
0,0.17277883
0,0.08397669
0,0.10658398
1,0.61894524
1,0.9868067
1,0.9576585
1,0.9758232
1,0.9331777
0,0.23145238
0,0.22046953
0,0.1830232
0,0.15005384
1,0.77402675
0,0.048839193
1,0.9933582
1,0.8218803
1,0.45265618
1,0.07947286
0,0.18031758
1,0.25858232
0,0.16855712
1,0.29998463
0,0.6098513
0,0.15764181
1,0.7395296
1,0.7395296
1,0.25376925
0,0.29357448
0,0.12041578
0,0.16844821
0,0.1776525
0,0.14522605
0,0.14522605
0,0.13814409
0,0.12041578
0,0.13524902
0,0.13374285
0,0.40565997
0,0.112397835
0,0.11573919
1,0.6777289
1,0.9633503
1,0.4187405
1,0.7642799
1,0.5285899
1,0.6421977
0,0.13055623
0,0.23285782
0,0.08135147
0,0.52253443
0,0.18713483
0,0.24261843
0,0.32066151
0,0.41572496
1,0.7586095
1,0.7423433
1,0.7586095
0,0.70809704
1,0.47003567
0,0.3231594
1,0.26803392
0,0.293165
0,0.63389707
1,0.89597154
0,0.3161759
0,0.34366134
0,0.07090799
1,0.9255804
1,0.9323065
0,0.120681144
0,0.063490115
0,0.047543135
1,0.583533
1,0.5249836
1,0.8948681
0,0.31385568
1,0.74494946
1,0.7757688
1,0.4404179
1,0.7520739
1,0.5596282
1,0.67302686
1,0.691248
1,0.71647716
1,0.9988041
0,0.48865035
0,0.18739212
0,0.1600989
0,0.58198977
0,0.07108461
1,0.78304344
0,0.21769519
0,0.44692534
0,0.44633693
0,0.104460835
0,0.2247089
0,0.071481526
0,0.17285329
0,0.45000678
0,0.69945776
0,0.122622624
0,0.14028622
0,0.09798495
0,0.12397018
0,0.39069822
0,0.5873951
0,0.23987772
0,0.6424254
1,0.8433736
1,0.5114644
0,0.08673593
1,0.4339608
0,0.22289851
0,0.17244613
1,0.9250678
0,0.20026432
0,0.2159863
1,0.4536696
1,0.16364542
0,0.061630115
0,0.14502494
0,0.157753
1,0.30265996
0,0.21287963
0,0.38830778
1,0.9496543
0,0.5720799
0,0.24794863
1,0.64145875
0,0.32674703
0,0.38267696
0,0.18311144
1,0.5889065
0,0.426818
1,0.17392176
1,0.59955174
1,0.8779103
0,0.42003787
0,0.28998256
0,0.12117101
1,0.83457386
0,0.17768967
1,0.8708908
1,0.93874335
1,0.22118282
1,0.24861792
0,0.20181406
0,0.044639185
0,0.12282699
0,0.46156085
1,0.8487511
0,0.12483714
1,0.7084235
0,0.20337199
0,0.19571295
0,0.026206583
0,0.037170686
0,0.050738703
0,0.29771113
0,0.28458223
1,0.2843659
0,0.35187155
0,0.054666538
1,0.89305305
1,0.12926145
1,0.8832785
0,0.37778917
0,0.16233397
0,0.26923203
0,0.12801076
0,0.09256148
0,0.06425233
0,0.05721565
0,0.05721565
1,0.2351149
0,0.3296743
0,0.25175226
0,0.057745066
0,0.08347362
0,0.04182498
0,0.050227717
0,0.08587198
0,0.41675165
1,0.9978295
1,0.9986564
1,0.9961687
0,0.18323302
1,0.97280294
1,0.7278302
1,0.717344
1,0.8717696
1,0.7699774
1,0.717344
1,0.7970698
1,0.73452586
1,0.77746487
0,0.0853237
1,0.9370748
1,0.89405465
1,0.9370748
1,0.9370748
0,0.24721628
0,0.108818464
0,0.32888466
0,0.32888466
1,0.5561564
1,0.91380924
0,0.05610999
1,0.9759804
1,0.9759804
0,0.028877065
0,0.0373733
0,0.020145329
0,0.020857045
1,0.98513436
0,0.14131002
1,0.69245833
1,0.6089835
0,0.4100856
0,0.03345295
1,0.25745508
0,0.14265208
0,0.058781546
0,0.24898443
0,0.10194345
1,0.28468025
1,0.65431255
0,0.7886949
1,0.44927213
0,0.06751487
1,0.89005876
1,0.47711775
1,0.8130338
1,0.78222805
0,0.76927036
1,0.9214498
1,0.66987246
1,0.98965186
1,0.9936035
1,0.58900535
0,0.16391549
1,0.4983467
0,0.10237066
1,0.942311
1,0.9762807
0,0.08662603
0,0.31015596
1,0.90368813
1,0.9994148
1,0.99920744
0,0.27703378
0,0.5434787
1,0.8011103
1,0.5836885
0,0.27768692
1,0.9986106
1,0.9980198
1,0.9996909
1,0.9996909
1,0.99981564
1,0.9999174
1,0.9984987
1,0.23900792
0,0.3097489
0,0.5944862
0,0.13422708
1,0.81284344
1,0.15597068
1,0.8942378
1,0.8942378
1,0.21384285
0,0.07740832
1,0.82212335
0,0.2611748
1,0.09351485
1,0.18583176
0,0.102099776
0,0.095618926
0,0.06583843
0,0.19266827
1,0.57022405
1,0.81046724
1,0.6767651
1,0.8124397
1,0.99291754
1,0.99291754
1,0.90741307
0,0.18502711
0,0.24432077
1,0.4665967
0,0.3508432
1,0.5406399
0,0.15317819
0,0.87650657
1,0.73706
0,0.109743275
0,0.33918697
1,0.9733377
0,0.14639334
1,0.82535577
0,0.30162022
1,0.40165314
0,0.0294449
1,0.9656542
0,0.2028985
0,0.37993535
0,0.6374678
1,0.9702749
1,0.5635783
0,0.5457622
0,0.22041982
0,0.25096402
0,0.0843469
0,0.24542911
0,0.26151353
0,0.26151353
0,0.16087975
0,0.25950915
0,0.10814381
0,0.18597482
1,0.6409232
0,0.21738994
0,0.34952918
1,0.36254656
1,0.16538286
0,0.11908908
0,0.07130741
1,0.5632242
1,0.30227426
0,0.36919793
1,0.29827634
1,0.8306805
1,0.97028416
0,0.09029521
1,0.995609
0,0.06874281
1,0.2567557
1,0.7683353
0,0.21750939
0,0.16124956
0,0.24620052
1,0.51849204
1,0.1095133
1,0.2739067
1,0.6730884
0,0.49819338
1,0.9393051
0,0.087844625
1,0.9403079
0,0.46440196
1,0.6518968
1,0.962559
1,0.6650195
1,0.99756527
1,0.78821796
1,0.7084819
1,0.6772367
0,0.18816702
0,0.114513665
0,0.28569746
0,0.20793507
0,0.13868551
0,0.38877538
0,0.22740144
0,0.22191122
1,0.86126
1,0.81736964
0,0.18583965
1,0.777682
0,0.1791489
1,0.5267944
0,0.2773268
0,0.17805715
1,0.31421655
1,0.33207938
0,0.18414591
1,0.6620364
0,0.19941033
0,0.20764804
0,0.29912055
1,0.4941456
1,0.40614304
1,0.6146827
1,0.7575628
1,0.20982215
1,0.8056408
1,0.5971134
1,0.8056408
1,0.8056408
1,0.8349591
1,0.8536173
1,0.79290444
1,0.8113538
1,0.8388143
1,0.84404945
1,0.8048702
1,0.8115842
1,0.7461233
0,0.4116018
0,0.79819286
0,0.5271675
0,0.7391417
0,0.8056408
0,0.7043808
1,0.6160075
1,0.5244562
0,0.23623063
0,0.05404711
1,0.5724426
0,0.33287355
0,0.2476451
1,0.9979474
1,0.42616972
0,0.6001004
0,0.1259655
1,0.88394994
0,0.034045797
1,0.8165447
1,0.22575705
0,0.51428455
0,0.23652388
0,0.43607366
0,0.31188554
0,0.21607502
1,0.97613823
1,0.81445324
1,0.50468993
1,0.31951952
1,0.8947947
1,0.9644314
1,0.9644314
1,0.9644314
0,0.33906627
0,0.09306547
0,0.09740235
0,0.124337584
0,0.10807277
0,0.23445283
0,0.23984663
0,0.40232822
1,0.9630631
0,0.15413383
0,0.1294258
1,0.84754413
0,0.23847489
0,0.22454982
1,0.89220405
1,0.85523784
1,0.9543916
0,0.16970369
0,0.022328408
1,0.75374466
1,0.921099
1,0.921099
1,0.9875709
1,0.9945721
1,0.9170176
0,0.10210344
1,0.9106817
1,0.87591636
1,0.9450892
1,0.9212048
1,0.8622335
1,0.9890715
1,0.999729
1,0.3431167
0,0.13882758
1,0.63534456
1,0.21258229
0,0.086909965
0,0.2266837
1,0.20184043
0,0.11809711
1,0.8488371
1,0.9698029
1,0.643798
1,0.76126724
1,0.47269264
1,0.6549732
1,0.8836473
0,0.4362945
0,0.21533465
1,0.73151046
1,0.66860336
1,0.55136657
0,0.06483421
1,0.26915386
0,0.05626796
1,0.79179144
1,0.78202844
1,0.7692443
1,0.78202844
1,0.7692443
1,0.79179144
1,0.78202844
1,0.8951407
1,0.69386524
1,0.7692443
1,0.79179144
1,0.7692443
0,0.72404826
0,0.6003672
0,0.6113753
1,0.7926501
1,0.88757217
0,0.40496066
1,0.37250552
1,0.67882764
0,0.15894695
0,0.71726155
0,0.20773293
0,0.2138981
0,0.48859844
1,0.95014757
1,0.95014757
1,0.95014757
1,0.22912256
0,0.20038307
1,0.80013263
0,0.15986149
1,0.24177293
1,0.6840615
1,0.9738245
0,0.22675963
0,0.25760257
1,0.8694535
1,0.8781137
1,0.88015807
0,0.26997405
1,0.6745895
1,0.5170115
0,0.45459673
1,0.8793021
1,0.7467338
1,0.8707482
0,0.48710147
0,0.32109183
0,0.6128212
0,0.30279157
1,0.84674066
1,0.9084156
1,0.9104945
1,0.84674066
1,0.880449
1,0.84674066
1,0.9084156
1,0.95951414
1,0.9188601
1,0.95951414
1,0.8977412
1,0.8409996
1,0.9104945
0,0.08746904
1,0.630145
0,0.3793766
1,0.8848572
0,0.17447689
1,0.6972594
0,0.144863
1,0.35647833
0,0.45758387
0,0.15569289
1,0.2633685
1,0.98918366
1,0.6773285
1,0.62697816
1,0.99867237
0,0.5556117
1,0.570718
1,0.4643075
1,0.9844577
0,0.38516214
1,0.9423671
1,0.9273814
1,0.93418586
1,0.8822236
1,0.88838893
1,0.95974994
0,0.24887805
1,0.9885793
0,0.36357358
1,0.86224383
0,0.47926357
0,0.27666932
0,0.14708185
0,0.32845777
1,0.643524
1,0.31588858
1,0.9942154
1,0.98277426
0,0.23721598
1,0.9031
1,0.97242403
1,0.79717344
1,0.42215678
1,0.2587016
1,0.44650343
1,0.8042071
0,0.35031638
0,0.37298054
0,0.6791653
1,0.8044179
0,0.10426878
1,0.6832209
1,0.97049576
0,0.18378024
1,0.6457178
1,0.9634247
1,0.9634247
1,0.937744
1,0.9349356
1,0.9693703
1,0.9165237
1,0.9693703
1,0.9368037
1,0.9232767
1,0.9284089
1,0.9013382
1,0.95225644
1,0.9573132
1,0.9693703
1,0.9165237
1,0.95521694
1,0.9302449
1,0.9678985
1,0.9693703
1,0.95703787
1,0.95386
0,0.46555138
0,0.32009384
0,0.15496032
1,0.822184
0,0.1308303
1,0.93645304
1,0.9302794
1,0.49671558
0,0.09384345
1,0.20725267
1,0.97952753
1,0.8390654
1,0.26980573
1,0.9933543
0,0.20903784
1,0.8822518
1,0.8001074
0,0.1635247
0,0.116189
0,0.13621454
0,0.16705999
1,0.52568173
1,0.752961
1,0.834654
1,0.7368514
1,0.73983586
1,0.8410197
0,0.56661326
0,0.7012812
0,0.047151368
0,0.104701936
0,0.104701936
0,0.7669291
0,0.18265447
1,0.82436824
0,0.43882748
1,0.97844374
0,0.45753127
0,0.29478472
0,0.2626159
0,0.2800822
1,0.11185621
1,0.54538214
1,0.98630583
1,0.9789493
0,0.4416233
0,0.17895216
0,0.20196255
0,0.095493525
0,0.02449036
1,0.83561945
1,0.85771894
0,0.06824335
0,0.09465764
1,0.88459337
1,0.7114581
0,0.26919568
0,0.09416237
0,0.28096816
0,0.42763397
0,0.20426066
0,0.25094604
0,0.19565326
0,0.47678202
1,0.70111686
1,0.79919875
0,0.1699188
0,0.29390565
0,0.12022853
0,0.09714126
0,0.033723157
0,0.12560715
0,0.33010253
0,0.11533645
0,0.29220542
1,0.8653127
0,0.09841435
0,0.27535355
1,0.8118639
0,0.08746721
0,0.08857722
0,0.08119801
0,0.21624225
1,0.52927744
1,0.4404477
1,0.68947375
1,0.75947124
1,0.8225941
1,0.71595734
1,0.769139
0,0.1499795
0,0.048839193
1,0.40428507
0,0.26763648
0,0.16615246
0,0.28977156
0,0.20976174
1,0.8987491
0,0.11297627
0,0.13659507
1,0.8664514
1,0.09431493
0,0.05325041
0,0.07646795
0,0.06356661
0,0.27082428
0,0.13024971
0,0.27708432
0,0.1732485
0,0.32633206
0,0.35290325
0,0.26772374
0,0.084406
0,0.09281901
0,0.09249838
0,0.17995812
0,0.71384573
0,0.14836314
1,0.50048983
0,0.31977004
0,0.28109246
1,0.6505398
1,0.885766
0,0.616185
1,0.89609873
1,0.89609873
0,0.10421979
0,0.21305741
1,0.23727825
1,0.72948503
1,0.6667868
0,0.1678705
0,0.1698571
1,0.7600291
0,0.11561825
1,0.78238827
0,0.5587101
1,0.9983828
1,0.79465055
0,0.23708425
0,0.14903508
1,0.9771591
1,0.84721947
1,0.29273233
1,0.80490834
1,0.9326817
1,0.93708146
1,0.5481508
1,0.61491376
0,0.035621174
0,0.036961682
0,0.034401543
0,0.11482445
1,0.82144165
1,0.75050676
1,0.65330696
1,0.9212331
1,0.93184185
1,0.8055313
0,0.24135089
0,0.2573724
0,0.16885935
0,0.15556115
1,0.6942887
1,0.45621765
0,0.25982288
1,0.8887384
1,0.7281249
1,0.99897885
1,0.99330187
0,0.08534694
0,0.11746084
1,0.47691864
1,0.70255923
1,0.7058834
1,0.15880936
1,0.9203405
1,0.7712304
1,0.7807594
1,0.55673796
1,0.6878287
1,0.8548473
1,0.58243924
0,0.3624935
0,0.25915718
0,0.45223665
0,0.19594221
0,0.44926938
0,0.30311894
0,0.36685732
0,0.19012354
0,0.24219881
0,0.12877753
0,0.20458862
0,0.10342105
0,0.36127603
0,0.5773086
0,0.47106105
0,0.44018447
0,0.4707491
0,0.36445472
0,0.4707491
0,0.5282544
0,0.44018447
0,0.3930712
0,0.37978247
1,0.82160866
0,0.15941787
0,0.20058888
0,0.19604005
0,0.17740938
0,0.11357882
1,0.6462913
0,0.11681132
1,0.9330276
0,0.31103262
0,0.292793
1,0.46334013
0,0.2037938
0,0.10303088
0,0.035130814
0,0.038627416
0,0.20414303
1,0.8978007
0,0.11826026
0,0.21204884
0,0.17578848
1,0.99562305
1,0.9723493
0,0.14297481
1,0.48455015
0,0.35951278
0,0.46691906
0,0.37995356
0,0.42241493
0,0.21926358
1,0.6723599
1,0.6492575
0,0.056759205
0,0.0760376
0,0.52297026
0,0.2101524
0,0.07751614
1,0.95521694
1,0.79793215
1,0.82892746
1,0.9959117
1,0.993769
1,0.33257243
1,0.2773587
1,0.48859844
1,0.6636073
1,0.68657094
0,0.39866006
1,0.45948106
0,0.07358788
1,0.9957087
0,0.742386
0,0.19249558
1,0.6510387
1,0.87199575
0,0.16476257
1,0.7325306
0,0.0849981
1,0.942579
1,0.93548685
1,0.88301706
0,0.15185979
0,0.07734222
0,0.08049569
0,0.17292853
0,0.033997215
0,0.3146208
0,0.12822375
0,0.15327682
0,0.1590616
1,0.9097318
1,0.4699743
1,0.79709214
0,0.2231188
0,0.3603901
0,0.19569139
0,0.31043023
0,0.031765442
1,0.9747353
1,0.9988991
1,0.4928341
0,0.26412025
1,0.41735563
0,0.37301284
0,0.20668788
0,0.07062156
0,0.27160826
0,0.35906097
0,0.18814737
0,0.2995898
1,0.79252595
0,0.15144414
0,0.25184488
0,0.1784097
0,0.1784097
0,0.5523356
1,0.70663726
1,0.898691
1,0.99789524
1,0.9959084
1,0.99766123
1,0.87724483
0,0.061149094
0,0.10264027
0,0.21422459
1,0.55040425
1,0.9447129
1,0.93543494
1,0.96610415
1,0.67318034
1,0.5710014
1,0.53238446
1,0.6699771
0,0.30558154
0,0.14082266
0,0.19932808
0,0.14403419
0,0.1399831
1,0.7420942
1,0.91746247
1,0.91746247
1,0.14595258
1,0.43889743
0,0.20413774
0,0.18149899
0,0.101074085
0,0.22588935
1,0.9833767
1,0.9392807
1,0.85618114
0,0.16656503
0,0.09331
1,0.19792718
0,0.31404853
1,0.39966694
0,0.2417994
1,0.6310457
0,0.1411564
0,0.11500067
0,0.09533338
1,0.98681927
1,0.98681927
1,0.98681927
1,0.98681927
1,0.5198183
1,0.52909154
0,0.18274842
1,0.67689097
0,0.5161292
0,0.14222121
0,0.029648855
0,0.5406247
1,0.73242605
0,0.113394774
0,0.37316817
0,0.021791622
1,0.88813716
1,0.95651793
1,0.88277787
1,0.9631288
0,0.19038802
0,0.15919137
0,0.23342577
0,0.4255046
1,0.39526495
0,0.070273265
1,0.83406526
0,0.24419568
0,0.303761
1,0.93945783
1,0.6243482
1,0.42224038
1,0.27453244
0,0.32261872
1,0.9831443
1,0.97054505
1,0.97054505
0,0.03381704
0,0.15734228
0,0.3577793
1,0.2031314
0,0.50206107
1,0.52961534
0,0.33574083
0,0.3036417
0,0.078168295
0,0.10455214
1,0.8849965
1,0.7652762
0,0.07105453
0,0.1698489
1,0.8696339
1,0.9599224
0,0.22780432
0,0.0951313
0,0.344098
1,0.99448085
0,0.16788098
0,0.5091657
0,0.047543135
0,0.10860243
0,0.1750781
1,0.901038
0,0.29630163
0,0.22192569
1,0.4990098
1,0.468019
0,0.4269136
1,0.7875735
1,0.8846968
0,0.39714548
0,0.5753815
0,0.26801237
0,0.04809187
1,0.79043156
0,0.29841113
0,0.088379845
0,0.110379584
0,0.17428714
1,0.683852
1,0.8196739
0,0.03367206
1,0.60703075
0,0.31420597
1,0.6132657
1,0.79072034
1,0.74052596
0,0.027200405
0,0.12179501
0,0.05227185
1,0.58563334
1,0.58563334
1,0.52987635
1,0.58563334
0,0.24656944
1,0.9987507
1,0.9987507
1,0.9997156
0,0.246508
0,0.36955547
1,0.76922923
1,0.606004
1,0.95655364
1,0.44288117
1,0.42047924
1,0.4569545
0,0.2902611
0,0.08533978
0,0.12102023
0,0.32670352
0,0.277012
0,0.08153714
1,0.2938082
1,0.85935926
1,0.97942436
0,0.22928524
0,0.19471455
0,0.27211216
1,0.9391608
1,0.92406076
1,0.8876973
1,0.67639816
1,0.45526695
1,0.50867623
0,0.25290015
0,0.15638228
1,0.9284477
0,0.31653053
0,0.33480918
1,0.22166763
1,0.6476873
1,0.14797007
1,0.90527755
1,0.86684424
0,0.2099974
1,0.508672
1,0.9112718
1,0.34160432
0,0.50368834
1,0.678466
1,0.8862209
0,0.3764939
0,0.07727859
1,0.6019503
0,0.264038
1,0.5448221
1,0.64696234
0,0.45004514
1,0.80951655
1,0.7132464
1,0.83254254
0,0.067598306
0,0.15520805
0,0.12890176
1,0.11084272
0,0.118799075
1,0.7282616
1,0.9842492
1,0.8839529
0,0.28548676
1,0.92456675
1,0.9230598
1,0.87089765
1,0.6445158
0,0.16276215
1,0.35626814
0,0.13724276
0,0.24977966
0,0.3053483
1,0.5553036
0,0.24923523
0,0.4151035
0,0.28386134
0,0.18171059
1,0.75546646
1,0.9967354
1,0.9648542
1,0.9955668
0,0.07383496
1,0.8739714
1,0.89667183
0,0.34649953
0,0.12939818
1,0.768532
0,0.3187347
0,0.13316527
1,0.595813
1,0.43568248
1,0.7527485
0,0.22238617
1,0.33637354
0,0.19377768
0,0.08437369
0,0.15725185
1,0.99867517
0,0.30521536
1,0.8342288
0,0.08312719
0,0.06884007
1,0.8484682
1,0.88871324
1,0.3893649
0,0.11012447
0,0.17989211
1,0.93543065
0,0.1504433
0,0.8932211
0,0.12730195
1,0.9853704
0,0.36366764
1,0.6152116
1,0.6369984
1,0.6494685
1,0.6547237
1,0.6309933
1,0.727462
1,0.64021784
1,0.64917225
1,0.7472229
1,0.7370249
1,0.7060916
1,0.8064117
1,0.70003927
0,0.53758466
0,0.54693156
0,0.6617757
0,0.6333602
0,0.3812273
0,0.6152116
1,0.58494645
1,0.9904206
0,0.4306586
1,0.94949037
0,0.4053272
0,0.39149317
0,0.47283268
1,0.75413454
0,0.29226553
1,0.39386928
1,0.53298354
0,0.11798774
1,0.8545557
1,0.17674185
1,0.6543391
1,0.8980256
1,0.90045273
0,0.44234833
0,0.29011717
0,0.13125858
0,0.17963353
0,0.11158571
0,0.14683016
0,0.099335924
0,0.13835612
0,0.36764935
0,0.26895434
0,0.4071637
0,0.19832565
0,0.35095447
0,0.18747495
1,0.79023093
1,0.79023093
1,0.69292825
1,0.73454034
0,0.24590269
1,0.8807774
1,0.8807774
1,0.33203667
0,0.43871096
1,0.46071512
1,0.6180835
0,0.34920242
0,0.2034245
1,0.9918142
1,0.5232042
0,0.5427291
0,0.04018907
0,0.107154645
0,0.44732964
0,0.25325257
0,0.19146948
0,0.19983888
1,0.6919652
0,0.11703905
0,0.56600755
1,0.3554854
0,0.21955541
1,0.9179674
0,0.6170728
0,0.057504095
1,0.44068494
1,0.48028308
0,0.3626066
0,0.6982471
0,0.101666845
0,0.05078701
0,0.027977772
0,0.028127395
0,0.028127395
1,0.97571635
0,0.3086242
0,0.5994536
0,0.13577054
1,0.17529623
0,0.3544548
0,0.1592727
0,0.8369966
1,0.9953707
1,0.98272884
0,0.3308774
1,0.41537037
1,0.9980915
1,0.57259035
1,0.3500136
0,0.052740604
1,0.69602954
0,0.11035129
1,0.68969846
0,0.51771545
0,0.052633397
1,0.8845202
1,0.99711156
1,0.99902904
1,0.9970661
1,0.9970661
1,0.9975375
1,0.99514246
1,0.9975375
0,0.35357976
1,0.9979474
1,0.4559835
1,0.8277812
1,0.8747513
1,0.93227637
0,0.5049731
0,0.4559835
0,0.39018646
0,0.13096416
1,0.8416784
0,0.21828549
0,0.2251628
0,0.26716927
0,0.08743854
1,0.5402857
0,0.08875614
0,0.11821425
1,0.4514139
1,0.97668946
0,0.15927863
0,0.14583875
0,0.32471287
0,0.111206986
1,0.9215009
1,0.89243466
0,0.1344878
1,0.68492645
1,0.6061206
1,0.82284194
1,0.94337165
1,0.7866704
1,0.8611231
0,0.11890946
0,0.098502494
1,0.3768932
1,0.9923469
1,0.9679101
1,0.82494074
0,0.59959066
0,0.15508331
1,0.8365991
1,0.5412163
0,0.19639762
0,0.0641829
0,0.1256174
1,0.89271355
1,0.74863344
1,0.84323823
1,0.7669269
1,0.5728464
0,0.56093603
0,0.53457487
0,0.276859
1,0.13854298
1,0.11563193
0,0.04500066
0,0.360006
1,0.956436
1,0.995546
1,0.9608072
1,0.9852409
1,0.9767213
1,0.9920094
1,0.9898565
1,0.98274225
1,0.9689414
1,0.99522567
1,0.98452246
1,0.9681773
1,0.9577057
1,0.9921227
0,0.25213376
1,0.56818306
1,0.74027354
1,0.9380708
0,0.4028154
0,0.07959101
0,0.082959846
0,0.035098445
0,0.19993368
0,0.23579152
1,0.9092241
1,0.7587048
1,0.9542566
1,0.95157593
1,0.9476246
1,0.8857495
1,0.90802044
1,0.9104694
1,0.9032703
0,0.11567136
0,0.6160397
1,0.13316527
0,0.1902626
0,0.15942176
0,0.35150906
1,0.8624829
0,0.033048846
0,0.27681231
0,0.27681231
0,0.22152252
0,0.4142366
1,0.29310048
0,0.15777348
0,0.36720362
0,0.15407427
0,0.4052788
1,0.80983233
0,0.070621714
0,0.14845607
0,0.16705233
0,0.15289646
0,0.09780065
0,0.08796175
0,0.38633302
0,0.07706959
0,0.1482241
0,0.23635043
0,0.10255345
0,0.08727088
1,0.9920218
0,0.18080764
1,0.90856886
0,0.30727485
1,0.5556117
1,0.87885344
1,0.60758036
0,0.32351342
0,0.09883541
0,0.113827735
0,0.24771515
1,0.9815362
1,0.73930097
1,0.64435524
0,0.07811384
1,0.8844687
1,0.91889256
0,0.073194444
0,0.18664071
0,0.08627255
0,0.050291568
0,0.13248193
1,0.34873086
1,0.23904638
0,0.31965244
1,0.3651332
0,0.092127316
0,0.14791618
0,0.051283993
0,0.02770563
0,0.025637006
0,0.032829158
1,0.8062732
0,0.2912789
1,0.1501358
0,0.15429415
0,0.13166475
1,0.68809855
0,0.23496643
0,0.47738597
0,0.17637537
0,0.28501606
1,0.5355132
0,0.23148952
0,0.17663264
1,0.4642472
0,0.18250643
1,0.99785596
0,0.8160326
0,0.8497515
1,0.9811841
1,0.69125354
1,0.7255559
1,0.59077907
0,0.16260335
1,0.549878
1,0.57522905
0,0.119458646
1,0.95059466
0,0.2655793
1,0.97609216
1,0.97859097
1,0.99020797
0,0.22242098
1,0.99447787
0,0.121532746
0,0.82014704
0,0.19651023
1,0.7899025
0,0.3075296
0,0.3484864
0,0.2559083
0,0.2559083
0,0.029413953
0,0.11133933
0,0.20440248
0,0.20122546
0,0.3199847
0,0.8375193
1,0.35112005
1,0.95341885
1,0.8936545
0,0.29538393
0,0.34677556
1,0.19820383
0,0.20786344
0,0.37444654
0,0.04904365
1,0.6755684
0,0.5175613
1,0.775177
1,0.6901414
1,0.7170099
1,0.7010669
1,0.9608573
0,0.09396787
0,0.095834784
0,0.7303159
0,0.31242847
0,0.054468542
1,0.37242687
1,0.9447228
1,0.47360086
0,0.12689781
0,0.17438647
0,0.056189
0,0.45998326
0,0.34915042
1,0.8830743
1,0.91182256
0,0.23205094
0,0.32870275
1,0.87072265
1,0.87675613
0,0.036770184
0,0.028735265
0,0.028750109
0,0.116257936
1,0.8104372
0,0.23172902
0,0.65864325
0,0.20496137
1,0.70237064
0,0.30941898
1,0.88268256
1,0.653721
0,0.47010374
0,0.1725262
1,0.10790588
0,0.0696227
0,0.05081252
0,0.048584778
0,0.15175484
1,0.53577423
0,0.38859543
0,0.25032791
0,0.25032791
0,0.29406056
0,0.25032791
1,0.90931046
1,0.922398
1,0.9098167
0,0.27098608
1,0.39366746
1,0.52875817
0,0.21263322
1,0.8314127
1,0.18231142
1,0.97632366
0,0.17465085
0,0.19907635
0,0.2555939
1,0.79250497
1,0.30859867
1,0.88311034
1,0.88311034
0,0.48629162
1,0.588795
1,0.72510225
1,0.57550615
1,0.6750027
1,0.9463508
0,0.18330327
0,0.4990143
0,0.43568322
1,0.98801684
1,0.9245418
1,0.86403674
0,0.48666644
0,0.34394652
0,0.25498804
0,0.27650917
1,0.7870497
0,0.114763275
0,0.1120313
1,0.6834832
1,0.50895417
1,0.876921
0,0.38613126
0,0.46896595
1,0.1711365
1,0.77653575
0,0.3675232
0,0.19283922
0,0.05789763
0,0.118237644
0,0.16844474
1,0.88394994
0,0.39641738
0,0.5168371
0,0.21892169
0,0.16105884
1,0.81621677
0,0.42145887
1,0.30707136
1,0.2313217
1,0.41814885
1,0.7909067
1,0.8919423
0,0.08423603
1,0.04075764
0,0.06892558
0,0.047241785
0,0.037329357
0,0.083022244
0,0.2182385
0,0.16810909
0,0.047419436
0,0.22336966
0,0.037170097
0,0.21746965
1,0.7354262
1,0.7537117
0,0.20106657
0,0.32664073
0,0.4438661
0,0.17679115
0,0.05313532
1,0.21756455
0,0.1794448
0,0.11533091
0,0.26385725
1,0.82613295
1,0.8663593
0,0.40874904
1,0.77096707
1,0.94664246
0,0.06560202
0,0.52996206
0,0.06366859
0,0.056239877
1,0.90173244
1,0.9662203
1,0.9701536
1,0.90173244
1,0.90431386
1,0.8146295
1,0.9083327
1,0.84217393
1,0.86032534
1,0.797455
1,0.87376565
1,0.90431386
0,0.06871086
1,0.7048463
0,0.61822367
0,0.13145092
1,0.27797216
1,0.9390594
1,0.9531508
1,0.9390594
1,0.9740813
0,0.16063428
1,0.90957594
1,0.996626
0,0.44097474
0,0.57565993
1,0.4481481
1,0.97869486
0,0.12613773
1,0.39521074
0,0.1708013
0,0.075864844
0,0.089094654
1,0.51993674
1,0.9356874
1,0.6781174
1,0.6921179
1,0.7131001
1,0.9098742
0,0.44146237
0,0.7821641
1,0.4722141
1,0.4722141
0,0.120019935
1,0.73214066
0,0.14710553
1,0.81833005
0,0.2253597
0,0.744859
1,0.97419363
1,0.97716004
0,0.57020587
0,0.5003224
0,0.19854216
1,0.8253275
0,0.18458715
1,0.98340434
1,0.9902424
1,0.98932016
1,0.9579117
1,0.33174977
1,0.71340847
1,0.65843004
0,0.26645175
0,0.38478687
0,0.5699352
0,0.070240624
0,0.0751773
0,0.37145084
0,0.319401
0,0.27209902
0,0.038897175
0,0.19598281
1,0.7810869
1,0.55420977
0,0.24163827
1,0.7941184
1,0.9948768
0,0.18618228
1,0.7320426
0,0.6125291
0,0.112581685
0,0.081661105
0,0.4010104
0,0.3826977
0,0.44536904
0,0.09191123
0,0.09043837
0,0.36757445
0,0.60787475
1,0.9394713
1,0.7917075
1,0.93419594
1,0.99218035
0,0.5030973
1,0.7303097
0,0.1857853
0,0.1700285
0,0.47321123
0,0.10246729
1,0.8765079
0,0.84029704
0,0.13724276
0,0.13696083
1,0.45615378
1,0.37413406
1,0.9451128
1,0.9199722
0,0.104212776
0,0.25200382
0,0.17561044
0,0.33006817
1,0.49332252
1,0.114946686
0,0.19000232
0,0.14713539
0,0.12492369
0,0.16331367
0,0.27421203
0,0.3414499
1,0.9880861
1,0.7412329
0,0.8343786
0,0.12835488
1,0.81720454
1,0.8274618
1,0.6954486
1,0.74865526
1,0.24420552
0,0.094395205
1,0.89977896
1,0.3251721
0,0.130577
1,0.8117861
1,0.9788826
1,0.9833198
0,0.2394657
1,0.57972544
1,0.7718324
1,0.49136427
1,0.24133429
1,0.31059116
1,0.39959437
1,0.487732
0,0.42011502
0,0.23007436
0,0.2578739
0,0.26533553
0,0.4182753
0,0.24066949
0,0.5524081
0,0.21159197
0,0.28083566
0,0.43708834
1,0.63216394
0,0.31779683
0,0.08320582
1,0.78794247
0,0.35450298
0,0.2991175
0,0.076958075
0,0.4796115
1,0.9616086
1,0.9616086
0,0.1770463
0,0.12969747
0,0.106028415
1,0.68150485
1,0.8952505
0,0.06121423
0,0.09140232
1,0.6632722
1,0.8159911
0,0.06436197
0,0.06528179
0,0.06436197
0,0.5087637
1,0.42103598
0,0.17142719
0,0.35523924
1,0.4392428
0,0.08839128
0,0.15914902
0,0.121530436
0,0.2189241
0,0.24473454
0,0.42231423
1,0.84732985
0,0.2533296
1,0.8932399
1,0.6939794
1,0.9833
1,0.98662204
1,0.9851248
1,0.98662204
1,0.9913181
1,0.98766476
1,0.98766476
1,0.9851248
1,0.98670524
1,0.98766476
1,0.98670524
1,0.98766476
1,0.98766476
1,0.98670524
1,0.9877309
1,0.9913181
1,0.9851248
1,0.9877309
1,0.9731155
1,0.9841374
1,0.99085325
1,0.9903998
1,0.9903998
1,0.98227894
1,0.1585442
0,0.09858166
0,0.032865983
1,0.67259896
1,0.87307394
1,0.9974269
0,0.23144405
1,0.9221595
1,0.96211904
0,0.09818457
0,0.19752815
0,0.19752815
0,0.29512712
0,0.022710793
0,0.5658861
1,0.94602853
1,0.99785596
1,0.99860257
1,0.71248597
1,0.9625876
1,0.92417336
1,0.93997127
1,0.77756953
1,0.9212828
1,0.87582684
1,0.89622414
1,0.7817745
1,0.74974084
1,0.8333934
1,0.8628762
1,0.737062
1,0.8217307
1,0.99647933
0,0.46416116
1,0.58646095
1,0.78233814
0,0.1970214
0,0.09913704
1,0.9495872
0,0.36368138
0,0.50722456
1,0.41633412
0,0.40734512
1,0.90500003
0,0.054511648
0,0.28975043
1,0.4921015
0,0.24292083
1,0.80761546
1,0.9233756
1,0.9417004
1,0.9417004
1,0.72018546
1,0.9233756
1,0.9417004
1,0.91608346
1,0.9233756
1,0.9417004
1,0.93896437
0,0.20674577
0,0.50034493
1,0.6723852
1,0.6028788
1,0.86539996
1,0.72287333
1,0.8511004
0,0.21499681
1,0.8866009
0,0.16161248
0,0.18520746
0,0.059094455
1,0.85055506
0,0.17632115
1,0.22913092
0,0.26287547
1,0.7932517
1,0.59614736
1,0.7977128
1,0.7977128
1,0.72413284
1,0.5906694
1,0.9879963
1,0.2707225
0,0.33344835
0,0.5704448
0,0.4342801
0,0.09493016
1,0.9560601
1,0.9560601
1,0.9560601
1,0.97609216
0,0.08397218
1,0.9835391
0,0.15051445
0,0.19180697
0,0.15160318
0,0.33635265
1,0.89022565
1,0.99100655
0,0.65334666
1,0.90621525
1,0.8765403
0,0.096013494
0,0.15302612
0,0.16901666
0,0.04417703
1,0.31163287
1,0.265765
1,0.6105163
0,0.1991176
0,0.27584818
1,0.98951143
1,0.98951143
0,0.3028633
0,0.36788934
1,0.21363917
0,0.13412087
0,0.047618516
1,0.84261745
1,0.69536316
0,0.058018222
0,0.11738127
1,0.521027
1,0.2976079
0,0.048295256
0,0.031358883
1,0.27744085
0,0.11647208
1,0.6954968
0,0.20215438
0,0.052224696
0,0.09880807
0,0.09880807
1,0.24484526
1,0.945109
1,0.9338345
0,0.1384205
1,0.9347632
1,0.99632937
1,0.97382486
1,0.9815082
1,0.9731876
1,0.9784104
1,0.93013144
1,0.91255856
1,0.9586138
1,0.9508092
1,0.9605623
0,0.31793734
0,0.05465691
0,0.16756354
0,0.052419044
1,0.9478497
0,0.35556474
0,0.24820861
0,0.06833356
1,0.49548784
0,0.20231967
0,0.34790286
0,0.39782667
0,0.05434994
1,0.64063
0,0.30120116
0,0.49535343
0,0.5920862
0,0.5328755
1,0.59000707
1,0.7744968
1,0.9934541
0,0.04675173
1,0.68599194
0,0.24625738
0,0.52646863
0,0.03796826
0,0.12996161
1,0.38290402
0,0.1859818
0,0.25412893
0,0.37906602
0,0.29699033
0,0.05404744
0,0.06044746
0,0.05404744
0,0.020425038
1,0.91237116
1,0.3003739
0,0.17742926
1,0.92116
0,0.20504324
0,0.10771686
0,0.16535841
1,0.49196944
0,0.5951686
1,0.99930036
1,0.9995196
0,0.2876819
1,0.90930736
0,0.45770696
0,0.21627893
0,0.30574656
0,0.17212819
1,0.76616603
1,0.75650007
0,0.33641797
0,0.10643069
0,0.1120568
0,0.16694929
0,0.1664497
0,0.490267
0,0.032939557
0,0.028969318
0,0.2946286
1,0.4333084
1,0.6177243
1,0.97930294
1,0.44027078
1,0.58185345
1,0.7934786
1,0.7934786
0,0.6655089
0,0.6277818
0,0.42015147
1,0.9858408
1,0.22907872
0,0.47783872
0,0.33258596
0,0.119283415
0,0.20435405
0,0.47913876
0,0.21160159
1,0.85247576
1,0.83727974
1,0.8917581
1,0.8448454
1,0.8667232
1,0.8839542
1,0.7595728
1,0.8922652
1,0.8917581
1,0.794829
1,0.7899342
0,0.74591637
1,0.9600038
0,0.25387433
0,0.21851374
0,0.1698
1,0.6950814
1,0.7446011
1,0.40192705
0,0.29683274
0,0.5689047
0,0.24931405
0,0.19272934
1,0.7428409
1,0.8571412
1,0.7268287
1,0.8364588
0,0.23123458
1,0.8921288
1,0.9869436
1,0.993046
1,0.99875665
1,0.99875665
1,0.99875665
1,0.9900956
1,0.9955937
1,0.9968166
1,0.9955937
1,0.99875665
1,0.99875665
0,0.33643758
1,0.67778325
0,0.37394854
0,0.23083717
1,0.6721763
0,0.08049795
0,0.07376174
1,0.24590269
1,0.75787586
1,0.9712144
1,0.95744014
1,0.79096234
1,0.8828961
1,0.8828961
1,0.79096234
0,0.07717361
0,0.086180955
1,0.9951793
1,0.98461825
1,0.93533665
1,0.5245851
1,0.54854816
1,0.8993258
1,0.92407817
1,0.8055961
1,0.92839646
1,0.92839646
1,0.8838836
1,0.35114756
1,0.19319886
0,0.09721229
0,0.269043
0,0.269043
1,0.74656636
0,0.29878226
0,0.04524619
0,0.48280004
0,0.16830021
1,0.68924946
1,0.9988845
0,0.34217742
1,0.7734159
1,0.60793775
1,0.7734159
1,0.7543534
0,0.22488591
0,0.16621241
0,0.48856658
1,0.8838165
1,0.9262412
1,0.9262018
0,0.12415636
0,0.320926
0,0.31069154
0,0.49249765
0,0.46711853
0,0.21409559
1,0.8960193
0,0.3807971
0,0.29148826
0,0.118028976
1,0.6108198
1,0.6977834
1,0.6915881
1,0.80906725
1,0.69075114
1,0.6977834
1,0.8530298
1,0.8327334
1,0.64404136
1,0.7777974
0,0.6108198
0,0.56840336
1,0.8431093
1,0.5548964
1,0.61501193
0,0.18364206
0,0.28477636
1,0.69696105
1,0.71083933
0,0.5700512
0,0.07353842
0,0.058107592
0,0.1973159
0,0.16003913
0,0.21145569
1,0.9149818
0,0.28962716
0,0.2938297
0,0.277329
0,0.03806278
0,0.062324587
0,0.22396396
0,0.16728312
0,0.1805977
0,0.22396396
0,0.2098004
0,0.2089462
0,0.2089462
0,0.14049529
0,0.14049529
0,0.08982333
0,0.22396396
0,0.4199474
0,0.40669104
0,0.024448836
1,0.62413234
0,0.2146381
0,0.035361502
1,0.21051309
1,0.93740904
0,0.12907325
0,0.06542893
0,0.06542893
0,0.16837406
0,0.2925074
0,0.09118052
0,0.1783985
1,0.72224593
0,0.2262523
1,0.46896595
0,0.12564515
1,0.06758917
1,0.6002135
0,0.20434313
0,0.28130603
1,0.39860034
0,0.15794392
0,0.07764684
1,0.7960756
1,0.935091
1,0.7932905
1,0.9444735
1,0.3344627
1,0.5385561
0,0.37041518
1,0.90693754
1,0.5960045
1,0.66848546
0,0.24020678
0,0.0120618455
1,0.5207359
1,0.5805088
1,0.71791494
0,0.4751455
0,0.5622285
1,0.7447849
0,0.32650378
1,0.49191785
0,0.05535108
1,0.38830778
0,0.23786364
0,0.24606021
0,0.21281515
0,0.290485
0,0.15869592
0,0.15662111
0,0.36553484
0,0.25985098
0,0.7977151
1,0.1080776
1,0.4013052
0,0.070428714
0,0.25799352
0,0.11089092
0,0.15857336
1,0.9872224
1,0.89096063
1,0.9339481
1,0.6807734
1,0.910628
1,0.51780516
0,0.18750505
0,0.18845609
1,0.11823822
1,0.61894214
0,0.21187226
1,0.6585541
0,0.24276006
0,0.27503288
0,0.42403543
1,0.84387636
0,0.7171985
1,0.9691739
1,0.9691739
1,0.9691739
1,0.9691739
0,0.09498735
0,0.08969058
0,0.12677066
0,0.09803696
1,0.25632107
0,0.30546066
1,0.978995
0,0.3071915
0,0.1132338
0,0.42508203
0,0.25588936
1,0.86608624
1,0.9840973
1,0.9880973
0,0.11734588
0,0.08739558
0,0.08682703
0,0.1583838
0,0.22458307
0,0.38745418
1,0.9510776
0,0.34088907
0,0.37868127
1,0.9566793
1,0.9417907
0,0.31853598
0,0.04603723
0,0.1921839
0,0.36893
0,0.4820084
1,0.95112073
0,0.15184182
0,0.20408908
1,0.88892525
1,0.78931236
0,0.20712903
0,0.20712903
0,0.26647136
1,0.63302565
1,0.60785383
1,0.5068048
1,0.5053513
1,0.765287
1,0.7458158
1,0.90488374
1,0.9080807
1,0.95260745
1,0.73262364
0,0.261057
1,0.08091694
0,0.15454668
0,0.20002057
0,0.22573532
1,0.97637886
0,0.04273654
0,0.038913123
0,0.0329027
1,0.28526798
0,0.12228683
0,0.067131065
1,0.5839988
1,0.49059537
1,0.81751186
1,0.8006726
1,0.31076074
1,0.46569484
1,0.19376053
0,0.37310848
1,0.8586645
1,0.5159781
0,0.1350544
0,0.12229304
0,0.16336122
0,0.3039546
1,0.51269484
0,0.33560097
0,0.38797674
0,0.14606084
0,0.4182591
0,0.29048216
0,0.44677922
0,0.14497517
0,0.23758186
1,0.56495583
1,0.6098653
1,0.34056807
0,0.0954989
0,0.5344091
0,0.24053787
1,0.42372063
0,0.18110973
1,0.7899531
1,0.8245914
0,0.4843749
1,0.63445914
0,0.16795675
1,0.61491376
1,0.5481508
1,0.9292328
1,0.94954723
1,0.9466195
1,0.9536665
1,0.9466195
1,0.9685004
1,0.98050046
1,0.95301104
1,0.94699854
1,0.9697767
1,0.96117395
1,0.95301104
0,0.6522224
1,0.8361202
1,0.8241881
1,0.92448103
1,0.95535564
1,0.9261239
1,0.9726103
1,0.95535564
1,0.83366233
1,0.98451346
1,0.9853027
1,0.98948634
1,0.9920717
1,0.98451346
1,0.95535564
1,0.9920717
1,0.98451346
1,0.9757548
1,0.9757548
1,0.8537251
1,0.66338575
0,0.5621645
0,0.49048272
0,0.6953122
1,0.29377112
1,0.941086
0,0.21682467
0,0.19311114
0,0.24434312
0,0.20032
0,0.31616327
0,0.35969302
1,0.88619184
1,0.92429954
1,0.9954911
1,0.47234154
0,0.2788382
0,0.26320204
1,0.22886182
0,0.29249027
1,0.99140596
1,0.8677003
1,0.8974865
1,0.46570012
1,0.80478543
0,0.19353114
0,0.058269378
1,0.4646242
1,0.7269915
1,0.7269915
0,0.8036507
0,0.12900631
1,0.654839
1,0.48997515
0,0.104044005
0,0.113122925
0,0.14852071
0,0.14994743
0,0.37029523
1,0.38558313
1,0.12533087
0,0.33189347
0,0.38563725
1,0.26786315
0,0.28342843
0,0.26721814
1,0.7862226
1,0.8212862
1,0.50197303
0,0.09138713
0,0.015858328
1,0.36361063
1,0.3621976
0,0.06957808
0,0.16923977
0,0.117483035
0,0.099773265
1,0.9137726
1,0.17794418
1,0.6741703
0,0.053252526
0,0.078163296
0,0.46178082
0,0.4025322
1,0.38596693
1,0.21237515
0,0.3287527
0,0.35912186
0,0.3175115
0,0.2171357
1,0.94712186
1,0.9230969
0,0.061352797
0,0.24866062
1,0.14576074
0,0.0368467
0,0.13900875
0,0.019037278
0,0.19745111
1,0.95570815
0,0.41825077
1,0.91870964
1,0.87262964
1,0.94786507
1,0.94786507
1,0.73833644
0,0.24731843
1,0.9321517
0,0.18066236
1,0.81730735
0,0.19653225
0,0.3060157
0,0.01921488
0,0.08810992
0,0.16502154
0,0.48568445
1,0.21733584
0,0.12155538
0,0.14051743
0,0.12155538
0,0.11159587
0,0.12155538
0,0.16843335
0,0.16555543
0,0.14051743
0,0.16843335
0,0.14051743
0,0.16843335
0,0.1600423
0,0.18995664
0,0.18134516
0,0.34946534
1,0.5931001
0,0.07756114
1,0.98589545
1,0.33964345
0,0.024648773
1,0.9890076
1,0.9877979
1,0.7285566
1,0.8719971
1,0.9837016
1,0.9168155
1,0.9817941
1,0.9568063
1,0.84676486
0,0.048104018
1,0.8561272
1,0.32816634
0,0.1371737
1,0.46589634
0,0.3279413
1,0.9788068
0,0.20940185
1,0.3629328
0,0.11594886
0,0.4368385
0,0.2729756
0,0.217246
1,0.44393104
0,0.675778
1,0.9119888
1,0.948155
1,0.93188894
0,0.04956103
1,0.8792551
1,0.9445186
0,0.1966931
0,0.22685263
1,0.20041035
0,0.18482225
1,0.08471011
0,0.47010985
1,0.8584384
0,0.05205792
0,0.4638855
1,0.86065763
1,0.9701956
1,0.8464797
1,0.86065763
0,0.12184673
0,0.65778536
0,0.076023065
0,0.35134682
0,0.20076986
0,0.61972934
1,0.35425872
0,0.41775638
0,0.20012332
0,0.03003174
0,0.03688364
0,0.0397509
0,0.057607993
0,0.23192978
0,0.19867972
1,0.7566989
1,0.61273456
0,0.13757281
1,0.78762996
0,0.24429922
0,0.14422992
1,0.28624246
0,0.19220546
1,0.7103483
0,0.5176697
0,0.25209317
1,0.52779347
1,0.3191539
1,0.5079013
1,0.409869
1,0.88366526
1,0.7786925
1,0.77339864
1,0.66751575
1,0.6834365
0,0.10673862
0,0.19471902
1,0.9298952
1,0.8505675
0,0.07768598
0,0.060042612
1,0.72843903
1,0.32060432
1,0.19382638
1,0.9920873
1,0.58207387
1,0.5094058
0,0.54481876
0,0.51623064
0,0.64438736
0,0.07746351
0,0.32525212
1,0.99075925
0,0.10412896
0,0.22073819
0,0.34322643
1,0.20746435
1,0.8182974
0,0.11647208
1,0.8234374
1,0.82103217
1,0.85362273
0,0.47383034
1,0.8323524
0,0.108817466
0,0.047765773
0,0.3727457
0,0.025501592
1,0.8561272
1,0.82612467
1,0.70344496
1,0.84375656
1,0.575455
0,0.61765504
1,0.8248371
0,0.1800305
0,0.5001622
1,0.75337183
1,0.2152367
1,0.17806536
0,0.5090974
1,0.9236301
1,0.24824901
0,0.13233577
1,0.94982773
1,0.082235694
0,0.13986269
0,0.06312339
0,0.10533889
0,0.073784895
1,0.35110772
0,0.34238613
0,0.3082167
0,0.036518976
1,0.8175847
0,0.7025572
0,0.59773535
0,0.2704008
0,0.6691624
0,0.1328195
0,0.25268826
0,0.29788178
1,0.630445
1,0.83530784
1,0.821967
1,0.83530784
1,0.90982336
1,0.93086517
1,0.9697333
1,0.90522367
1,0.95368135
0,0.5398286
0,0.38485035
0,0.12955977
1,0.6217569
1,0.5243921
0,0.07030538
0,0.06570783
0,0.059181772
1,0.80921507
0,0.12999803
0,0.23313148
0,0.3537207
0,0.36236233
1,0.056641433
0,0.042052243
0,0.22886677
1,0.5154805
0,0.35674646
1,0.9996556
1,0.9996001
0,0.16240184
0,0.1977833
1,0.43893063
0,0.12025184
1,0.21103747
1,0.9637707
1,0.8947139
1,0.9100988
1,0.9334181
1,0.90629727
1,0.8869154
1,0.9593753
1,0.92929024
1,0.83345973
1,0.92929024
1,0.8973688
1,0.91965455
1,0.8274404
1,0.90225047
1,0.67723054
1,0.950832
1,0.9482773
1,0.92739546
1,0.92929024
1,0.91965455
1,0.950832
1,0.9678803
1,0.97045285
1,0.9593753
1,0.94553524
1,0.950832
1,0.9593753
1,0.93738776
1,0.93738776
1,0.97045285
1,0.94553524
1,0.9832108
1,0.950832
1,0.97045285
1,0.9678803
1,0.97045285
1,0.97045285
0,0.67723054
1,0.37981856
0,0.26139504
1,0.3699297
1,0.9974306
1,0.9823861
1,0.9195297
0,0.1375614
1,0.8492731
1,0.40740708
1,0.20206611
0,0.19921276
0,0.6022883
0,0.4657463
0,0.54913497
1,0.72895133
0,0.12011331
1,0.9680084
0,0.099191345
0,0.17144766
0,0.17033418
1,0.6232892
0,0.5417215
0,0.20559113
1,0.996434
1,0.99571383
1,0.7111722
0,0.15717751
1,0.99040437
0,0.43681458
1,0.62551856
0,0.25565627
0,0.26999545
0,0.12945144
0,0.38094893
1,0.8367961
1,0.46036243
0,0.0746816
1,0.8548477
0,0.20550796
1,0.85501426
1,0.9027344
1,0.8533332
1,0.89768356
1,0.9376177
1,0.90915877
1,0.87809485
1,0.86608624
1,0.90516055
1,0.8747775
1,0.85501426
1,0.95149606
1,0.8589217
1,0.95149606
1,0.86608624
1,0.9376177
1,0.75380415
1,0.620165
1,0.8599379
1,0.76902306
1,0.80694276
1,0.8680741
1,0.9598018
1,0.8866226
1,0.8214565
1,0.802173
0,0.13134311
0,0.5363978
0,0.2818057
0,0.11550728
1,0.24428886
0,0.07020398
0,0.22081748
0,0.06566261
0,0.054762088
0,0.091034845
0,0.16387014
0,0.40661526
1,0.65104365
1,0.7732571
0,0.29734755
0,0.33934534
0,0.20954438
0,0.10127819
0,0.08072981
1,0.9433674
1,0.9487458
1,0.9694933
1,0.97680503
1,0.9706508
1,0.97887236
0,0.13209361
0,0.15905389
0,0.22079612
0,0.09990622
0,0.34522235
0,0.10990093
1,0.84374267
1,0.9023875
1,0.7303549
1,0.8004643
0,0.04929127
0,0.22083953
0,0.14018455
0,0.16257855
0,0.21447761
0,0.20654836
0,0.4518928
0,0.43694663
1,0.18996799
0,0.103944436
1,0.8474527
1,0.54391235
0,0.23546362
0,0.26380935
0,0.029199068
1,0.93608314
1,0.8722146
0,0.09996955
1,0.8002567
0,0.06549223
0,0.30544838
0,0.30544838
1,0.98582226
1,0.9787539
1,0.977003
1,0.97561204
1,0.9874242
1,0.9875053
1,0.9892209
1,0.98666555
1,0.9918617
1,0.98438984
1,0.9820389
1,0.9794176
1,0.98582226
1,0.9884334
0,0.09893198
1,0.35516053
0,0.24270558
1,0.8355959
1,0.65532285
1,0.65532285
0,0.035088707
1,0.47895432
1,0.88073945
0,0.26197147
0,0.23382668
0,0.10625305
0,0.17745776
0,0.14350021
0,0.3817301
0,0.15347542
0,0.1445568
0,0.09032056
0,0.022850078
1,0.5025637
1,0.33436814
0,0.1951523
1,0.8386939
1,0.5443971
1,0.807295
0,0.27919042
1,0.9095697
1,0.9338897
1,0.77475893
1,0.38101482
0,0.044873945
1,0.6311057
1,0.5750594
0,0.1786301
0,0.24659455
0,0.23785
0,0.14995833
0,0.2959211
0,0.27866602
0,0.6051282
1,0.9046591
0,0.3593067
1,0.7582201
0,0.1344144
0,0.14528148
0,0.17669527
0,0.5301232
1,0.5920188
1,0.45818415
1,0.5714877
0,0.17553158
1,0.96262866
0,0.28763437
1,0.12423798
1,0.47210535
1,0.8956956
1,0.8956956
1,0.87861615
1,0.84134996
1,0.86216104
1,0.8662345
0,0.20366251
1,0.36551395
1,0.9785338
1,0.6688297
0,0.26386666
0,0.4196025
1,0.5222328
0,0.23409574
0,0.24013217
1,0.5153987
1,0.4942803
1,0.5153987
1,0.9327939
1,0.9112177
0,0.23129733
1,0.6536672
1,0.2355169
0,0.14680028
0,0.22121488
1,0.8616121
1,0.91074747
1,0.9226395
1,0.9109993
0,0.3271647
1,0.8604914
0,0.28076676
1,0.9998449
0,0.18761748
1,0.8942378
1,0.49857107
1,0.972409
0,0.108129665
1,0.9949143
0,0.20899604
0,0.19939505
0,0.22630723
0,0.16789752
0,0.16789752
0,0.12093308
1,0.72565943
0,0.173794
0,0.10967439
0,0.3184067
0,0.3184067
0,0.34864888
1,0.4246958
0,0.31106824
0,0.06532701
1,0.2351919
1,0.5304671
1,0.35868472
1,0.36972225
0,0.30589005
0,0.4797123
0,0.10867559
0,0.4031534
0,0.14795984
0,0.11782397
0,0.1628489
0,0.24663964
0,0.071877606
0,0.05117211
0,0.17570546
0,0.077368
0,0.11330468
0,0.44602433
1,0.72793347
0,0.15957819
0,0.17184263
1,0.77663535
1,0.9728377
0,0.39899567
0,0.2509097
0,0.5423682
1,0.41643888
0,0.26058128
0,0.10795539
1,0.94816047
0,0.2730858
1,0.48989654
1,0.5202383
1,0.88910174
1,0.7052236
1,0.77214086
1,0.7893571
1,0.8663143
1,0.75735795
1,0.890415
1,0.8663143
1,0.8663143
1,0.7449833
1,0.890415
1,0.75614995
1,0.890415
1,0.82584035
1,0.7869721
1,0.8066884
1,0.7392159
1,0.98343617
0,0.04872207
1,0.94559973
0,0.28896984
1,0.99879646
0,0.34752786
0,0.19202726
1,0.9120085
0,0.4235994
1,0.53598994
1,0.9619298
0,0.56567156
0,0.23460622
0,0.10383599
1,0.98064464
0,0.525144
1,0.2939885
1,0.43388367
1,0.37309733
1,0.24631599
0,0.34022042
1,0.7865306
0,0.14252888
0,0.26046127
1,0.9609566
1,0.8867061
0,0.37682194
0,0.21930386
0,0.21930386
0,0.11542889
1,0.56476855
0,0.19243257
0,0.20805587
1,0.9708409
0,0.20072344
0,0.5670473
0,0.17067368
1,0.5477665
1,0.7894594
1,0.563528
0,0.7504397
1,0.9233731
1,0.7516003
1,0.7453966
0,0.020738076
1,0.94488037
1,0.8524511
1,0.8524511
1,0.6300643
1,0.99030894
0,0.5078317
0,0.2662228
1,0.923717
1,0.9536604
1,0.91316116
0,0.27410084
1,0.8648043
0,0.16817749
0,0.14403419
0,0.4656522
0,0.14640255
0,0.14640255
0,0.14640255
1,0.84615535
0,0.06125843
1,0.81077397
0,0.7339005
1,0.9874867
0,0.41058162
0,0.09401757
1,0.32193998
1,0.9862765
1,0.99651647
1,0.79546076
1,0.63236266
0,0.31570232
1,0.93343806
1,0.946971
1,0.9984987
0,0.41357353
1,0.873909
1,0.9182031
0,0.1219878
0,0.23151459
0,0.1847439
0,0.24786799
1,0.8775684
1,0.37458846
1,0.82166636
1,0.8516271
0,0.16918708
0,0.15140595
1,0.43524662
1,0.34675774
1,0.9159956
1,0.9763926
1,0.9327693
0,0.08675105
1,0.8666192
0,0.1545409
1,0.8825847
0,0.31029063
1,0.9192698
0,0.06395257
1,0.4487492
0,0.5546012
0,0.16848472
1,0.5088373
0,0.48393998
0,0.19185752
0,0.2869095
1,0.15264584
1,0.5667305
1,0.95190924
1,0.9730137
1,0.95190924
1,0.9730137
0,0.25343135
1,0.47230855
1,0.23198232
0,0.13916303
1,0.4604091
0,0.21898825
1,0.98664945
1,0.8224436
0,0.30558488
0,0.41602167
0,0.24968973
0,0.14723568
1,0.59956896
1,0.61289746
1,0.80795443
0,0.49480772
0,0.3328965
0,0.35656917
0,0.3176777
0,0.28160623
0,0.5273804
0,0.3034428
0,0.39142546
0,0.3122342
0,0.36466092
0,0.37835768
1,0.5885812
1,0.13216811
0,0.14627624
0,0.13435021
0,0.28733417
1,0.23963596
0,0.16545047
1,0.6210813
0,0.4802583
1,0.3474213
0,0.24526502
1,0.5931001
0,0.20073627
0,0.12899733
0,0.20702896
0,0.27357167
1,0.8591299
1,0.6041602
1,0.92382073
0,0.0922687
0,0.36416698
0,0.71823734
0,0.5512421
0,0.32838997
1,0.8417418
1,0.9683071
0,0.55768996
0,0.13585547
0,0.13061617
0,0.28658035
0,0.6215369
1,0.34269822
0,0.28811046
0,0.08702781
1,0.65727717
0,0.17043269
0,0.17528023
1,0.67984873
1,0.5550649
0,0.21255454
1,0.34707642
1,0.8102783
1,0.3028624
0,0.28003192
0,0.68228227
1,0.355271
0,0.69976556
1,0.9548529
1,0.928209
0,0.08574865
0,0.043069176
0,0.20700297
0,0.37115842
1,0.39416942
1,0.5440048
1,0.7115719
0,0.21217532
0,0.1455473
0,0.15126297
0,0.13452464
0,0.083972454
0,0.18407485
0,0.032742545
0,0.2714933
0,0.16662267
1,0.7478735
1,0.84418905
1,0.9568025
1,0.9539542
1,0.84418905
0,0.6294543
0,0.84418905
0,0.5975008
1,0.9777389
1,0.92757386
0,0.31821597
0,0.16904624
0,0.17626296
1,0.61389834
1,0.3280788
0,0.13648906
1,0.9339294
1,0.79554
1,0.8337262
1,0.96020675
1,0.70421875
1,0.8618879
1,0.9504935
1,0.99597424
1,0.99355364
1,0.99903727
1,0.9988433
1,0.99355364
1,0.99355364
1,0.99697137
0,0.31644997
1,0.9983303
1,0.9734763
1,0.98857224
1,0.9894211
1,0.98565686
0,0.12940066
0,0.45959616
1,0.99932134
1,0.99942636
0,0.045912907
1,0.4753371
1,0.48359522
0,0.017775593
1,0.9993493
0,0.105142586
0,0.18653342
0,0.15175912
0,0.1009036
0,0.12566434
0,0.18098469
0,0.3980556
0,0.22652821
1,0.90311646
0,0.11413651
1,0.5859733
1,0.9008677
1,0.9008677
1,0.8932535
1,0.8178563
1,0.9008677
0,0.36101022
1,0.19897895
1,0.81563765
0,0.22725561
0,0.21583809
0,0.16915238
0,0.36406425
1,0.5723206
1,0.8897373
1,0.9522023
1,0.8656289
1,0.85247207
1,0.9208465
1,0.8339127
1,0.8193252
1,0.90949345
1,0.8869708
1,0.8339127
1,0.90756226
0,0.2654488
1,0.86586356
0,0.44726056
0,0.2858478
0,0.18235384
1,0.3056042
0,0.2768462
0,0.2330605
0,0.2584321
1,0.70440936
1,0.99974185
1,0.9971073
1,0.99974185
1,0.7977529
1,0.97716933
1,0.9496671
0,0.09470714
0,0.46254092
0,0.49140617
0,0.097385556
1,0.93805516
0,0.038241062
1,0.7196756
0,0.0928811
1,0.9247898
1,0.74270505
1,0.81062275
1,0.8929883
1,0.88929033
1,0.89561033
1,0.84910196
1,0.8929883
1,0.8134158
1,0.8478409
1,0.7293196
1,0.81051433
1,0.77933
1,0.897884
1,0.81051433
1,0.87393224
1,0.8339078
1,0.81062275
1,0.8692569
0,0.48523787
0,0.32486895
0,0.57033217
0,0.6822346
0,0.81749314
1,0.49033803
1,0.67339754
1,0.99479795
1,0.24180616
1,0.335342
1,0.61452985
1,0.72544175
1,0.94436485
1,0.48710147
0,0.30279157
0,0.45759398
0,0.33043227
0,0.31996182
1,0.48744395
0,0.14815332
0,0.18531023
1,0.8740119
1,0.87537056
1,0.8521691
1,0.87537056
1,0.9689575
0,0.17037694
1,0.844067
1,0.9534614
1,0.7799984
1,0.88646173
1,0.7840749
1,0.9744279
1,0.8578346
1,0.9164652
1,0.9368272
1,0.9440312
1,0.859189
1,0.936259
1,0.91219974
1,0.90670425
1,0.9345894
1,0.9707026
1,0.9392767
1,0.9390068
1,0.9718455
1,0.9409419
1,0.8983655
1,0.93355244
1,0.9595894
1,0.9392767
1,0.87100244
1,0.94595766
1,0.9684164
1,0.9693997
1,0.9573904
1,0.96468717
1,0.9713017
1,0.9713017
1,0.96297044
1,0.97087395
0,0.6955157
0,0.5058492
0,0.11375462
0,0.15979429
0,0.1598468
0,0.17555705
0,0.02795679
1,0.45841253
0,0.05788756
0,0.13597763
1,0.47205994
1,0.7188985
1,0.85355246
1,0.8525991
1,0.5439544
1,0.9749904
1,0.8525991
1,0.6817912
1,0.7993553
1,0.7188985
1,0.86228204
1,0.7188985
1,0.8015211
1,0.96612287
1,0.9309259
1,0.9535941
1,0.9309259
1,0.9749904
1,0.9348242
1,0.9348242
1,0.9309259
1,0.9677335
1,0.7993553
1,0.9535941
1,0.8015211
1,0.7793602
1,0.9749904
1,0.9677335
1,0.9535941
1,0.7220209
1,0.9535941
1,0.9677335
1,0.9348242
0,0.33953866
0,0.5917332
0,0.51546377
0,0.5439544
0,0.51546377
0,0.7816829
1,0.96330196
1,0.9664365
1,0.99242026
1,0.9977113
1,0.99056834
1,0.99712914
1,0.9977113
1,0.9141626
1,0.99564904
0,0.19123596
1,0.96747386
1,0.68871254
0,0.13491017
0,0.44624913
0,0.08401142
0,0.108357176
0,0.2694422
0,0.07126715
0,0.060097314
1,0.6017534
0,0.16146007
0,0.1685313
0,0.27873528
0,0.59810835
1,0.9840644
1,0.9944695
1,0.9974728
1,0.9977976
1,0.998207
1,0.99770314
1,0.99652594
1,0.9945868
1,0.9937313
1,0.99270624
1,0.9974728
1,0.99761873
0,0.66317207
0,0.078031346
1,0.9670128
0,0.17735578
1,0.38814303
0,0.11408281
1,0.2475572
1,0.5202151
1,0.93177766
1,0.9583635
1,0.91561216
1,0.6751526
1,0.9441774
1,0.92108244
1,0.91531265
0,0.3690306
0,0.14814346
1,0.39956734
0,0.16124956
1,0.5791461
0,0.09491869
1,0.41129482
0,0.13376601
1,0.8220526
1,0.9337164
1,0.80964744
1,0.9871852
1,0.33102283
1,0.27322486
0,0.12087181
0,0.021340976
0,0.08866241
1,0.5102133
1,0.79708326
1,0.9072106
1,0.9551758
0,0.014038273
0,0.46572846
1,0.59664285
1,0.54722655
1,0.9123199
1,0.9211363
1,0.87728775
1,0.80171233
1,0.92796534
1,0.7016473
1,0.8406751
1,0.8033642
1,0.9521375
1,0.94627666
1,0.88139
0,0.17205405
0,0.40744904
0,0.4099371
0,0.28574455
0,0.1809766
0,0.3944555
0,0.11797055
0,0.50864524
0,0.43300915
0,0.3080256
1,0.30713558
0,0.3143058
1,0.98770624
1,0.99913436
0,0.19753566
0,0.18519002
1,0.8616499
0,0.26378167
0,0.22935972
0,0.17483507
0,0.16051957
0,0.050727747
0,0.05082009
0,0.05469578
0,0.05082009
0,0.11772737
0,0.49107984
0,0.5731802
0,0.06064473
0,0.07678665
0,0.08261232
1,0.88333493
1,0.5627922
1,0.8180954
0,0.33875018
0,0.5556117
1,0.8969491
0,0.31962195
1,0.99884254
1,0.887429
0,0.01721882
1,0.61478055
1,0.1851506
0,0.50499105
1,0.87408847
0,0.104222074
1,0.38949522
0,0.16711013
0,0.2143798
1,0.21820265
0,0.06646647
0,0.13602188
0,0.094410144
0,0.11120055
1,0.92717516
1,0.9060926
1,0.9118963
1,0.9100587
0,0.19111936
0,0.123498544
0,0.11686654
1,0.54867214
0,0.063877545
1,0.98735225
1,0.98735225
1,0.98735225
1,0.7190655
0,0.36085677
0,0.20214693
0,0.21065684
0,0.05298316
0,0.12632328
1,0.7849791
0,0.15362433
0,0.08437369
1,0.9761564
0,0.70187336
0,0.37573645
0,0.11579492
1,0.64646673
1,0.8387321
1,0.97174984
1,0.41905686
1,0.9674613
1,0.72903496
1,0.99303997
1,0.9928284
1,0.9523805
1,0.99602735
1,0.99602735
1,0.9966234
0,0.27537504
0,0.6088639
0,0.48429614
0,0.64646673
0,0.41905686
0,0.38287443
0,0.38287443
0,0.41905686
0,0.24484931
1,0.98472244
0,0.13441436
0,0.11122042
0,0.18231803
1,0.77433574
0,0.4088882
0,0.041490376
0,0.052597955
0,0.075038396
1,0.67456603
0,0.19782268
1,0.8184178
0,0.15801308
0,0.086865716
1,0.8846603
1,0.7754534
1,0.4020302
1,0.7267021
0,0.10947036
1,0.39656854
1,0.75801337
1,0.60302263
1,0.5343802
1,0.35307223
1,0.70115936
1,0.21759206
0,0.18862486
0,0.41571638
0,0.30573902
0,0.16712905
0,0.23593459
0,0.3043613
0,0.26118127
0,0.18802258
0,0.18152502
0,0.21444511
1,0.99907887
1,0.84421676
0,0.33364367
0,0.32134315
1,0.73100966
1,0.7173681
1,0.74463123
1,0.6408135
1,0.70620126
1,0.99420434
0,0.088379845
0,0.5764289
0,0.10257114
1,0.34121037
1,0.24744712
0,0.23753464
1,0.9953998
1,0.9948815
1,0.9948815
1,0.3343275
1,0.46448463
1,0.9672828
0,0.32431003
0,0.36597186
1,0.69289476
1,0.69289476
1,0.69256634
1,0.836924
1,0.73221135
1,0.70235264
1,0.73221135
1,0.62048954
1,0.836924
1,0.8624796
1,0.9426887
0,0.69289476
0,0.5478629
0,0.670404
0,0.5401431
0,0.2060438
1,0.85485244
1,0.6265041
1,0.6499562
1,0.6436977
0,0.28300026
1,0.36495876
0,0.14988232
0,0.5575294
1,0.9632359
0,0.28685385
1,0.814921
1,0.62430364
1,0.6962926
1,0.6881007
0,0.029370703
0,0.4937268
1,0.995346
0,0.15693526
0,0.37309724
0,0.25716278
0,0.030519933
0,0.3891886
1,0.97531974
0,0.31467786
1,0.94762677
1,0.996772
1,0.74471533
1,0.66751575
1,0.16830504
1,0.5674018
0,0.16981792
0,0.20743829
0,0.20627685
1,0.32511666
1,0.9264475
1,0.9264475
1,0.9302719
1,0.90385115
0,0.2543977
0,0.14793484
0,0.1838612
0,0.23667344
0,0.107285604
0,0.17283037
0,0.38991755
0,0.44011742
1,0.8417316
0,0.24067517
0,0.11437295
0,0.123499915
0,0.0989968
0,0.16613911
0,0.16751103
1,0.98786676
0,0.46479207
1,0.49369553
1,0.43042314
0,0.08012882
0,0.1686921
0,0.580571
1,0.7544139
1,0.6645308
1,0.30730402
0,0.20566052
0,0.39015758
0,0.2836715
0,0.29444572
0,0.24997702
0,0.22904514
1,0.15022545
0,0.17248483
0,0.30458012
1,0.4863498
0,0.11690337
0,0.3887098
1,0.9497357
0,0.32824337
0,0.3108182
0,0.5046568
0,0.17835376
1,0.7202371
1,0.25450644
0,0.07880269
1,0.8433246
1,0.9040694
1,0.95465434
1,0.8294757
1,0.9203528
1,0.89705616
1,0.904611
1,0.917669
0,0.766086
1,0.5845226
0,0.17311737
0,0.16184232
0,0.2580247
1,0.93792015
1,0.9666681
1,0.8600806
1,0.7977455
0,0.028015805
1,0.37162587
1,0.6526267
0,0.32513693
0,0.15548243
0,0.18278979
0,0.56946975
1,0.8622237
1,0.82354784
1,0.8629971
0,0.2521558
0,0.14861631
0,0.18825641
0,0.6690518
1,0.97893816
1,0.973146
1,0.973146
1,0.9644604
0,0.11070454
1,0.85596454
0,0.36161286
0,0.028895201
1,0.321186
1,0.97835344
1,0.96046764
0,0.8596203
0,0.37668386
1,0.78460467
1,0.8667608
1,0.21129973
0,0.20743915
1,0.22407047
1,0.41277376
0,0.2780035
0,0.30315042
0,0.48122972
1,0.43713507
1,0.69176924
1,0.8239189
1,0.89615947
0,0.23781689
1,0.9185429
1,0.71155626
0,0.07066838
0,0.038433462
1,0.74797475
0,0.33974487
0,0.06730856
0,0.054403707
0,0.09891141
1,0.9974699
1,0.9974699
1,0.08528113
0,0.43588594
0,0.07586991
0,0.24940081
0,0.046911985
1,0.95540494
1,0.9060968
0,0.13452567
0,0.4354613
1,0.30981103
0,0.021947706
0,0.03606827
0,0.024099832
0,0.024094338
0,0.078090355
0,0.09172825
0,0.16029908
1,0.89440936
0,0.21898067
0,0.26839775
0,0.100216545
1,0.96989673
1,0.9676695
0,0.38064536
0,0.15795988
0,0.08251485
0,0.07673117
0,0.84617144
1,0.9209515
0,0.14464009
0,0.15377906
1,0.660314
0,0.6834153
1,0.99761957
1,0.97575593
0,0.14733502
0,0.18194616
1,0.44728526
1,0.36173037
0,0.21012372
1,0.9285395
1,0.9285395
1,0.9247716
1,0.9776613
1,0.9171343
1,0.9171343
1,0.45814994
1,0.45814994
1,0.68547475
0,0.098589726
0,0.27634507
0,0.44023284
0,0.35396737
0,0.22584943
0,0.507349
0,0.14216085
1,0.34147772
0,0.6047564
0,0.21070814
1,0.49974835
1,0.91687804
1,0.9022439
1,0.8830226
1,0.9022439
1,0.86847126
1,0.9806256
1,0.96741873
1,0.9931658
1,0.8873376
1,0.9075917
1,0.9075917
1,0.8363058
1,0.7647196
0,0.11368326
1,0.80896336
0,0.22495432
1,0.9989207
1,0.7092762
0,0.14806128
0,0.32535678
1,0.7953779
1,0.46764195
0,0.26272532
0,0.40622067
1,0.28571737
1,0.50302064
1,0.6136747
1,0.9073622
1,0.30175003
0,0.33615005
0,0.13282399
1,0.247141
0,0.03488552
1,0.40854248
1,0.74146456
0,0.2254898
0,0.17925908
0,0.1457663
1,0.8811349
1,0.91007274
1,0.91007274
1,0.914324
1,0.914324
1,0.8671552
1,0.79128927
1,0.7845428
1,0.9314344
1,0.877039
1,0.42496902
0,0.22745466
1,0.88772756
0,0.10495745
0,0.09826077
1,0.5333018
1,0.5659176
0,0.034179002
1,0.99856037
1,0.99856323
1,0.99856323
1,0.99856323
1,0.99856323
1,0.9990397
1,0.99899715
1,0.99899715
1,0.9991966
0,0.2857359
1,0.35476437
1,0.38892606
1,0.3968163
0,0.3215058
1,0.86135614
1,0.7917135
1,0.46071306
0,0.09529884
1,0.9663332
1,0.5919915
0,0.022580765
1,0.43781394
1,0.84480214
0,0.32364994
1,0.8154139
0,0.2505719
0,0.3589901
1,0.74197686
0,0.13339248
1,0.25295174
0,0.22097005
0,0.27838302
0,0.21382147
1,0.9169788
1,0.77297395
0,0.0589763
1,0.6203084
0,0.12183813
1,0.8664061
0,0.31025666
1,0.89275414
0,0.13244183
1,0.9182988
0,0.06942935
1,0.9980719
1,0.9959637
1,0.9982223
1,0.99748504
1,0.99748504
1,0.99738795
1,0.23408614
0,0.21439987
0,0.21987076
1,0.44410598
1,0.86720425
1,0.9911748
0,0.18345682
1,0.8798537
0,0.77297574
0,0.46803406
1,0.8936587
1,0.88956916
1,0.31436068
0,0.12061662
0,0.51264936
0,0.32719764
0,0.2579324
1,0.99859303
0,0.52501845
0,0.50611323
0,0.21389876
0,0.32139167
1,0.7405083
0,0.13265653
0,0.54280716
1,0.8497137
1,0.9977011
1,0.90678555
1,0.81360596
1,0.9051873
1,0.96110785
1,0.7947433
1,0.7722857
1,0.7868813
1,0.76805264
1,0.8728036
1,0.59720886
1,0.96325964
1,0.72855216
0,0.41199565
0,0.1334585
0,0.12475432
0,0.45659128
0,0.33612287
1,0.52061427
1,0.8584537
0,0.03746366
0,0.03746366
1,0.27762914
1,0.7547086
0,0.2563951
1,0.84701353
1,0.72307324
0,0.26464325
0,0.065219276
1,0.96050084
1,0.4796141
1,0.75690234
0,0.05404711
1,0.8240629
0,0.30713558
0,0.06926377
0,0.34474805
0,0.07417295
0,0.09922983
1,0.95912534
1,0.95912534
0,0.08607756
0,0.039237347
0,0.50439835
0,0.42781618
1,0.9591476
1,0.9591476
1,0.30610687
1,0.39059013
1,0.49795514
0,0.23720287
0,0.03125011
1,0.4526424
1,0.8398567
1,0.8868665
1,0.7139666
0,0.2432444
0,0.17814963
0,0.2643513
0,0.1624855
0,0.22542001
0,0.24365471
0,0.30093718
0,0.05428887
1,0.78876257
0,0.17728963
0,0.2569403
0,0.1552379
1,0.8134598
1,0.83118635
1,0.9228558
1,0.7748136
1,0.77184683
0,0.08409996
1,0.7763934
0,0.44194916
1,0.8979752
0,0.15415318
0,0.4425049
0,0.08229693
0,0.18983795
1,0.74211395
0,0.11008944
1,0.969466
1,0.761085
1,0.9661382
1,0.92068493
1,0.49857548
1,0.47525063
1,0.47314975
1,0.5765622
0,0.11353472
0,0.29559946
0,0.21319692
1,0.71647716
0,0.22216153
0,0.24809822
1,0.2852053
1,0.36984354
0,0.13378236
0,0.32959604
1,0.62723696
0,0.32858142
1,0.7851447
0,0.4894007
1,0.84807974
0,0.16014977
0,0.5161756
0,0.5171603
1,0.89751494
0,0.5602774
0,0.334128
1,0.92448103
1,0.5366315
0,0.38287202
1,0.28488597
0,0.07106768
0,0.044860363
0,0.061033156
1,0.8931922
1,0.97607136
1,0.51510113
1,0.55169857
1,0.8634924
1,0.7850044
1,0.65884924
1,0.5478218
1,0.69090736
1,0.65884924
1,0.6306276
1,0.6621718
0,0.6810516
0,0.45701674
0,0.6810516
0,0.5006948
0,0.6529154
0,0.6166061
1,0.2951411
0,0.03570964
0,0.033930294
0,0.044137947
0,0.010858866
0,0.29466796
0,0.5672393
1,0.7488703
1,0.42763406
0,0.29962635
1,0.9934541
1,0.99168056
1,0.9136159
1,0.2792476
1,0.8927852
0,0.09135362
0,0.4538934
0,0.13006622
1,0.18691903
0,0.055270616
0,0.02800449
1,0.9534435
1,0.93161947
1,0.4266256
0,0.5333619
0,0.17286164
0,0.17286164
0,0.21717243
1,0.6461746
0,0.44312677
1,0.99893624
0,0.16257738
0,0.14615689
0,0.43678942
0,0.20577304
1,0.7385326
0,0.13941835
0,0.19080116
1,0.6301482
1,0.98173714
1,0.81357664
0,0.115235746
1,0.7209171
1,0.50433135
0,0.07485097
1,0.6918221
1,0.9010783
0,0.3992488
1,0.99443287
1,0.9939475
1,0.99739516
0,0.3394314
1,0.13600391
0,0.40278885
0,0.24944192
0,0.023730725
0,0.7396964
0,0.19036256
0,0.5035411
0,0.17677598
0,0.23808019
1,0.33071473
0,0.22456977
0,0.3296656
1,0.8694639
1,0.9224317
1,0.97362703
1,0.97817034
1,0.97817034
1,0.96657145
1,0.9635513
1,0.93439204
1,0.50416553
1,0.9648841
0,0.057113614
0,0.05860494
1,0.7335182
1,0.35764226
0,0.1467521
1,0.9965823
1,0.99585503
0,0.18174605
0,0.28469205
0,0.32555905
0,0.32555905
1,0.26580724
0,0.3454129
0,0.11165274
0,0.19923581
0,0.2799015
0,0.01528102
1,0.32162973
1,0.85852957
1,0.35651553
1,0.35081756
1,0.68969506
1,0.8660172
0,0.49404132
0,0.30490825
0,0.7090202
0,0.25176722
0,0.08180881
1,0.66224456
1,0.8707402
0,0.21557362
0,0.06238449
0,0.53670603
0,0.3480171
1,0.99317497
0,0.023332002
0,0.03845732
0,0.44345906
0,0.37535113
1,0.098388284
1,0.9021789
0,0.25613615
0,0.12569682
1,0.9993973
1,0.8665427
0,0.5637464
0,0.16612472
0,0.11436314
0,0.22027843
1,0.47578683
0,0.0548379
1,0.46825966
0,0.096112795
1,0.9378669
0,0.3971489
0,0.018823216
0,0.30950817
0,0.20974016
0,0.11409554
1,0.2032828
0,0.19244519
0,0.053885646
0,0.0718385
1,0.47105104
1,0.6503498
1,0.9120941
0,0.12099242
1,0.8454662
0,0.098858446
1,0.39077228
0,0.6854791
1,0.6645433
0,0.13295294
1,0.22289702
1,0.47995788
1,0.3733685
0,0.22112761
1,0.62120986
1,0.5027701
1,0.39938048
0,0.30434573
0,0.13509434
1,0.8704193
1,0.8175355
1,0.91744953
1,0.8152296
0,0.15143949
0,0.60428315
1,0.650241
1,0.77324563
0,0.31225604
1,0.46440455
1,0.82939935
1,0.82939935
1,0.45527315
1,0.9671984
0,0.283406
0,0.27121267
0,0.117076084
1,0.816504
0,0.20947129
1,0.98581886
0,0.22499454
0,0.29226488
0,0.5952718
0,0.3710716
1,0.9004688
0,0.26866418
0,0.08006184
1,0.9104909
1,0.9442636
1,0.94644743
1,0.9442636
1,0.94224465
1,0.9389112
1,0.94644743
1,0.94644743
0,0.118944936
0,0.101161115
0,0.47995925
0,0.09458316
0,0.16656503
1,0.5915326
0,0.34851858
0,0.35602602
0,0.5408729
1,0.79007715
1,0.80110496
1,0.95338786
1,0.87031233
1,0.86673033
1,0.45200115
1,0.98599607
1,0.6010816
1,0.71016234
0,0.67487526
1,0.95233345
1,0.9508344
0,0.2431056
1,0.7015887
1,0.48729286
1,0.88640857
1,0.9248554
1,0.8110393
1,0.2589496
0,0.23561403
0,0.10436257
0,0.03010512
0,0.021877108
0,0.46351853
1,0.47165984
0,0.14240938
0,0.049714822
0,0.12161196
0,0.16729608
1,0.20793985
0,0.11410876
0,0.14589037
1,0.8756135
0,0.310933
0,0.03982778
0,0.18356934
0,0.36284637
0,0.41208085
0,0.3803864
1,0.7179926
1,0.39877987
0,0.23902579
0,0.12783009
0,0.10101641
0,0.22835137
0,0.29729873
0,0.35439423
0,0.20462829
0,0.20462829
0,0.19181418
1,0.71216524
1,0.73405725
1,0.7234823
0,0.1543006
0,0.16068836
1,0.85539335
1,0.87145776
1,0.7203544
0,0.059190866
0,0.050179012
0,0.050179012
0,0.6655423
1,0.7263582
0,0.13079356
0,0.27553248
1,0.7874107
1,0.97875804
1,0.9788304
1,0.9788304
1,0.9788304
0,0.26294333
0,0.1498551
1,0.71563065
1,0.2189873
0,0.3569474
0,0.702053
0,0.12908782
0,0.18135798
0,0.31233218
1,0.5597724
0,0.093227714
0,0.23519659
0,0.24280737
0,0.2756927
1,0.896139
0,0.18363217
0,0.8635168
0,0.7595512
1,0.4987032
1,0.9182977
1,0.9217978
0,0.19770344
0,0.2316259
1,0.24744105
0,0.19920519
0,0.18770342
0,0.046013802
0,0.04198264
0,0.22129607
1,0.940285
0,0.4749932
0,0.42544624
0,0.2312515
0,0.23596464
0,0.6493194
0,0.040380973
1,0.7630022
1,0.78106946
0,0.30368146
0,0.060796108
1,0.8724681
1,0.8169427
1,0.69505906
0,0.22398569
1,0.51954913
0,0.13023734
0,0.19528973
0,0.70297986
1,0.50212336
0,0.29401514
0,0.029966297
1,0.34926865
0,0.03326136
0,0.09454472
1,0.52607805
1,0.9268888
0,0.3058171
1,0.8878393
1,0.9160277
1,0.80109364
1,0.7168806
1,0.9496671
0,0.19530202
0,0.06630319
0,0.27979478
0,0.24766901
0,0.23297574
0,0.5448554
0,0.49098626
1,0.9941392
0,0.24575347
1,0.2923281
1,0.7298125
0,0.2975834
1,0.93534374
0,0.23636582
0,0.24795566
0,0.34733844
1,0.84274787
0,0.3403056
1,0.91360193
1,0.642882
0,0.32663575
0,0.2584972
0,0.25072348
1,0.80326366
1,0.32668525
1,0.37136132
1,0.57872015
0,0.094014525
0,0.17928977
1,0.28102887
1,0.58708584
0,0.023130272
0,0.3078173
1,0.8264593
1,0.7243275
1,0.8064515
1,0.8264593
0,0.14174184
0,0.09568057
1,0.9357833
1,0.92843664
0,0.033937056
1,0.58288234
1,0.5401088
1,0.63198316
0,0.19728844
0,0.32101926
0,0.17363732
1,0.34615043
1,0.9929964
1,0.99722654
1,0.87923676
1,0.87923676
0,0.4162382
1,0.99388206
1,0.99388206
0,0.18917468
0,0.054940153
0,0.13050857
0,0.10563703
0,0.28956404
0,0.5674664
0,0.2350599
1,0.15449312
0,0.15406585
0,0.03781897
0,0.17267296
0,0.17267296
1,0.47827315
0,0.31091294
1,0.94206643
1,0.50821847
1,0.7703909
1,0.93918425
1,0.9558249
1,0.9733277
1,0.9847258
1,0.75012976
0,0.15896823
0,0.37296686
0,0.39931357
0,0.25946653
1,0.91502833
1,0.8204624
0,0.24679412
1,0.82129174
1,0.99428314
1,0.99637586
1,0.995363
1,0.9971884
1,0.9956376
1,0.8580222
1,0.7667743
1,0.96057254
1,0.72688454
0,0.3673487
0,0.25992998
0,0.51361036
0,0.39775497
0,0.51361036
0,0.51361036
0,0.72688454
0,0.72688454
0,0.5769887
0,0.41500327
0,0.29221463
0,0.41500327
0,0.28817526
0,0.32211545
0,0.54205453
1,0.64359796
1,0.60081065
1,0.74407935
1,0.73561513
1,0.6512876
1,0.90289015
0,0.4429334
1,0.4822823
0,0.43287992
0,0.21206322
0,0.1474381
1,0.52456045
0,0.22712506
0,0.12734425
0,0.112869315
0,0.09524504
1,0.9211686
0,0.0998497
0,0.07013326
0,0.08682703
0,0.08055408
0,0.08739558
1,0.42172348
0,0.7965555
1,0.66926503
0,0.057786472
1,0.5942996
0,0.6719752
0,0.3274853
0,0.06591265
1,0.93045217
1,0.95677805
1,0.91493636
1,0.91399235
1,0.062944755
0,0.19801643
1,0.8933359
1,0.26357648
1,0.89581877
1,0.8709167
1,0.82595533
1,0.84290797
1,0.9332979
1,0.84290797
1,0.58060306
1,0.7936176
1,0.76732224
1,0.7936176
0,0.23189595
1,0.9466446
1,0.52594197
0,0.15237507
0,0.2000114
0,0.13826768
0,0.15214361
1,0.5867176
1,0.34977296
1,0.86656576
1,0.7585919
1,0.74014026
1,0.93407935
1,0.8264333
1,0.85361016
1,0.8112055
1,0.86146444
0,0.30208477
0,0.25006717
1,0.8474188
0,0.16995685
0,0.79223365
1,0.25861013
0,0.3034357
0,0.45064804
0,0.11961321
0,0.054047845
1,0.8583736
1,0.6947161
1,0.49260917
0,0.025184747
0,0.033436764
1,0.9444907
0,0.08062387
1,0.773274
1,0.7931728
0,0.07430743
0,0.12312927
0,0.18215184
0,0.47669566
0,0.17902571
0,0.15093714
0,0.28793636
0,0.2735997
0,0.2743124
1,0.9162156
0,0.16732721
0,0.41418934
1,0.891493
1,0.9052393
1,0.8144445
1,0.8905402
1,0.86502934
1,0.87716913
1,0.7513601
1,0.9473655
0,0.9118963
0,0.6070112
1,0.45805717
0,0.36249968
0,0.05355588
1,0.9132018
1,0.66199726
1,0.99721044
1,0.99721044
1,0.97217673
0,0.24680789
0,0.042876534
1,0.45422783
0,0.36890945
0,0.53624934
1,0.966806
1,0.9922415
0,0.6247096
1,0.9961061
1,0.99859446
1,0.9967955
1,0.99894196
1,0.9960448
1,0.9964581
1,0.9964581
1,0.99526054
1,0.99816626
1,0.9989957
1,0.99859446
1,0.99859446
1,0.9989957
1,0.99512166
1,0.9985026
1,0.9985518
1,0.99609464
1,0.9967955
1,0.99749607
1,0.99826103
1,0.996249
1,0.99875915
1,0.9986303
1,0.9967901
1,0.99834096
1,0.99391705
1,0.99727255
1,0.99839956
1,0.99638546
0,0.50306123
0,0.32626024
1,0.69046146
1,0.83813775
1,0.8267268
1,0.98705125
0,0.5854286
0,0.1496952
0,0.13449429
0,0.48610607
0,0.2003448
1,0.5211457
1,0.99435246
0,0.34387442
1,0.8754261
1,0.801575
0,0.09806967
1,0.9021288
1,0.85094845
0,0.026297398
1,0.60346913
1,0.6549447
0,0.12905113
1,0.99794
1,0.9948815
1,0.9948815
0,0.8104129
0,0.58180195
1,0.39811254
0,0.81332636
1,0.88291526
1,0.59006894
0,0.5569478
0,0.18406388
1,0.9273814
1,0.9520543
0,0.5192467
0,0.58956534
0,0.67615056
0,0.54171365
1,0.18219323
0,0.14210595
0,0.17326486
0,0.08838691
0,0.08838691
1,0.9537658
1,0.92856324
0,0.05836042
1,0.92878276
0,0.14797422
0,0.354
1,0.9540042
0,0.42704552
0,0.20776112
1,0.9765053
1,0.61486626
1,0.6965057
1,0.38622415
1,0.31650245
1,0.6222373
1,0.91056806
1,0.62114
1,0.9278558
1,0.8846209
1,0.9278558
1,0.931979
1,0.9186891
1,0.8978473
0,0.59654063
0,0.61747193
1,0.99907887
1,0.8698218
1,0.9587798
1,0.9579677
0,0.28678635
0,0.04015108
0,0.04308607
0,0.10166374
1,0.17169295
0,0.15065338
0,0.18626626
1,0.9341754
1,0.95272076
1,0.92593795
1,0.99165654
1,0.6833588
0,0.8167934
1,0.99683374
1,0.4982297
1,0.989669
0,0.16228722
0,0.16228722
1,0.92756516
0,0.14943872
1,0.99752766
1,0.99752766
0,0.12925752
1,0.2878149
0,0.5334084
0,0.14706701
1,0.83219236
0,0.22043973
1,0.9763915
0,0.68104625
0,0.09407644
0,0.09407644
0,0.06435181
0,0.029538853
0,0.01816839
1,0.92981535
0,0.19184962
0,0.2248671
1,0.5474566
1,0.546955
1,0.89900553
1,0.89849067
0,0.26778036
1,0.3093971
1,0.8855416
1,0.9851841
1,0.97451854
1,0.1555934
1,0.37448555
1,0.24990633
1,0.12153302
1,0.34786254
0,0.23058935
0,0.08200407
0,0.17542936
0,0.14606911
0,0.13865553
1,0.9004342
0,0.22536269
0,0.12791677
0,0.32089412
0,0.67596877
0,0.25264624
1,0.995928
1,0.995928
0,0.07385228
0,0.09381736
0,0.14597142
0,0.7689344
1,0.87230486
1,0.6088058
1,0.95268214
1,0.82163906
0,0.18577358
0,0.19395608
0,0.33428523
0,0.21020181
0,0.65555423
1,0.68487066
0,0.25006038
0,0.058850992
0,0.07381639
1,0.8432033
0,0.33948377
1,0.9832529
1,0.6965711
1,0.7361092
0,0.08272394
0,0.30495986
1,0.7520944
0,0.37525105
0,0.27175015
0,0.20935585
0,0.050660912
0,0.121739
0,0.30042747
1,0.41152132
0,0.17757882
0,0.21005839
1,0.65579754
1,0.8925354
1,0.77448213
0,0.20770153
1,0.9312653
1,0.96085984
0,0.12524801
0,0.79022855
1,0.90748674
0,0.18024422
1,0.5811634
0,0.11664905
0,0.46006596
1,0.9188629
0,0.09846202
1,0.8612985
0,0.090756424
0,0.12534319
1,0.76855195
1,0.7444965
0,0.62939507
0,0.27058047
0,0.2940138
0,0.15069987
1,0.41034085
1,0.93450123
0,0.07250597
1,0.30262214
0,0.2208808
0,0.25005022
0,0.14685616
0,0.17846657
1,0.19825773
1,0.9457477
0,0.46246412
0,0.43295273
1,0.9562734
0,0.2338007
0,0.14247705
0,0.21950026
0,0.022688309
0,0.18968095
1,0.9601286
1,0.7966081
1,0.6581844
1,0.5941248
0,0.107655875
1,0.7201496
1,0.17047577
1,0.40880865
0,0.057403
0,0.19823584
1,0.97322875
0,0.05780591
0,0.08676529
0,0.26744086
0,0.09326628
1,0.80950904
0,0.30760106
0,0.4013327
0,0.3183198
0,0.30760106
0,0.39073893
1,0.7388715
0,0.2960373
0,0.27534026
0,0.14757723
1,0.5158711
0,0.21543571
0,0.13037989
0,0.09580039
1,0.8245607
1,0.45568892
1,0.24418078
1,0.25324854
1,0.63269985
0,0.13330941
0,0.06792039
1,0.4852636
0,0.23200402
0,0.27748746
1,0.8923037
0,0.23139042
1,0.20616692
1,0.45490813
1,0.7101382
0,0.66243833
0,0.07407513
1,0.53849214
0,0.4843283
0,0.24260536
0,0.2280995
1,0.7990154
1,0.93769705
1,0.9828083
1,0.992597
1,0.97799724
1,0.9633491
1,0.99628747
1,0.98631185
1,0.987136
1,0.48870707
1,0.49245244
1,0.9556928
1,0.9800199
1,0.8181997
1,0.9102347
1,0.64602447
1,0.49245244
1,0.73881453
1,0.8908783
1,0.96316427
1,0.8593364
1,0.9641124
1,0.9675628
1,0.98694617
1,0.98188365
1,0.9968726
1,0.98714393
1,0.9633491
1,0.86571383
0,0.09103993
0,0.035342734
0,0.086106196
1,0.9931544
1,0.99756575
0,0.50355583
1,0.9576365
1,0.9627331
1,0.98520803
1,0.98365986
1,0.9748462
1,0.97313774
1,0.97345304
1,0.97568226
0,0.24347447
0,0.34341922
1,0.9980794
1,0.998114
1,0.9098742
1,0.9931797
1,0.9921778
1,0.9955236
1,0.6781174
1,0.8840592
1,0.99041396
1,0.9877194
1,0.9926811
1,0.9877194
1,0.8840592
1,0.8840592
1,0.998114
0,0.08961971
0,0.1398881
0,0.15296641
1,0.87395835
0,0.4785603
0,0.22082202
0,0.14288568
0,0.22082202
1,0.85486156
1,0.9090326
0,0.23784973
1,0.5315767
1,0.97449815
1,0.86559963
1,0.8839496
0,0.19744241
1,0.60551715
0,0.055575076
0,0.28319028
1,0.9596186
1,0.3917906
1,0.5368773
0,0.26708952
0,0.17060967
0,0.245896
1,0.6562993
0,0.26163644
1,0.6280471
0,0.07506494
0,0.076142505
0,0.31909287
1,0.7603454
1,0.66045874
0,0.32899478
0,0.2550815
1,0.8736361
1,0.8736361
1,0.72372985
0,0.41041866
0,0.18567063
1,0.80423373
1,0.77010536
1,0.6074096
1,0.7868525
1,0.9551907
0,0.0654501
1,0.9791779
0,0.28679374
1,0.6190931
1,0.98800313
1,0.26018044
0,0.5691875
1,0.99215466
1,0.99215466
1,0.99215466
1,0.99215466
0,0.08760368
0,0.08868854
0,0.05548532
0,0.10738385
0,0.15175912
1,0.84019184
1,0.17809114
0,0.14092763
0,0.17590553
1,0.22936265
1,0.5763616
1,0.5468991
1,0.64251375
0,0.42489645
0,0.2697759
1,0.34210843
0,0.20837972
1,0.7257357
1,0.6119231
0,0.36618403
0,0.2835515
1,0.8453756
0,0.14720377
0,0.14794083
1,0.9970777
1,0.992334
0,0.1252395
0,0.06393561
1,0.5557434
1,0.9965407
1,0.9937469
1,0.8405409
1,0.90393287
1,0.9032519
1,0.21234708
1,0.9798539
1,0.5823853
0,0.10588791
1,0.3975087
0,0.5582818
0,0.091750406
0,0.28205958
1,0.20313379
0,0.07452502
0,0.15628316
0,0.12483898
0,0.05731722
0,0.18712702
0,0.16069058
1,0.99149054
1,0.84320676
0,0.21164957
1,0.8127921
0,0.26631257
0,0.3005767
0,0.38569206
1,0.82659763
0,0.23785841
0,0.123707496
1,0.9947444
1,0.8486936
0,0.056587897
0,0.033860926
0,0.15396675
1,0.98035026
1,0.47106147
0,0.19548485
0,0.6199167
0,0.69538426
1,0.39546946
1,0.7178038
0,0.55543786
1,0.7590782
1,0.77233016
1,0.98240143
1,0.37277806
1,0.87577254
1,0.95284736
0,0.289907
1,0.493055
0,0.21545492
0,0.22895083
1,0.6470182
1,0.71684784
0,0.10942751
0,0.107385926
0,0.082938224
1,0.8769246
1,0.69505996
1,0.9703105
0,0.22658181
0,0.16674255
1,0.91849524
0,0.063808605
1,0.6929639
0,0.06459382
0,0.081412226
0,0.038445484
1,0.45646894
0,0.08337421
1,0.9698683
0,0.4056878
0,0.053150725
1,0.73811036
1,0.99536383
1,0.49610108
0,0.6658895
0,0.19948845
0,0.28117928
0,0.03197067
1,0.8554549
0,0.22310755
0,0.21743515
0,0.2827777
0,0.2369581
1,0.70235264
1,0.84026027
0,0.351185
1,0.90527856
1,0.9397778
1,0.8023623
1,0.90807194
0,0.30219263
0,0.08414403
0,0.09905377
0,0.09905377
0,0.07821937
0,0.089331865
1,0.5394584
0,0.03793555
1,0.9983553
0,0.051856954
1,0.21324405
0,0.29244378
1,0.72925323
1,0.47938508
1,0.6605223
1,0.7617809
1,0.55904037
1,0.6952219
0,0.23023099
0,0.18033005
0,0.21927623
0,0.1317444
0,0.38459438
1,0.80148065
1,0.84337354
1,0.2739822
0,0.39334908
0,0.24696286
1,0.9948484
1,0.99565697
0,0.45915523
0,0.15206936
1,0.9314948
1,0.96272326
0,0.016065016
1,0.6965567
0,0.18256977
1,0.9989889
1,0.8324159
0,0.093323715
1,0.74215543
1,0.9975243
1,0.99254954
1,0.93370765
1,0.62651134
1,0.5604654
1,0.92697996
1,0.9406965
1,0.6884021
0,0.11862037
1,0.9782376
0,0.19270499
0,0.15030318
0,0.40396935
0,0.23953003
0,0.27420133
0,0.21746196
0,0.16240397
0,0.2406783
0,0.317383
1,0.47444442
0,0.20969014
1,0.50188285
0,0.32875496
0,0.30951738
0,0.18815197
0,0.69413286
0,0.09625641
0,0.14480332
0,0.33347642
0,0.46559075
0,0.25441346
1,0.6133374
1,0.88772756
1,0.7863713
1,0.5385902
1,0.4894477
1,0.48382443
1,0.8036748
1,0.78611815
1,0.52235985
1,0.84680337
1,0.90137637
1,0.76831293
1,0.7863713
1,0.44057196
1,0.90137637
1,0.80726343
1,0.4746192
1,0.5186339
1,0.8984252
1,0.6578673
1,0.49088213
1,0.3441576
1,0.5900811
1,0.726457
1,0.48387176
1,0.4894477
1,0.76831293
1,0.48387176
0,0.37505192
0,0.37505192
0,0.6578673
1,0.55163133
0,0.57345223
0,0.029513529
1,0.85922325
1,0.33064368
1,0.5462264
1,0.5462264
0,0.27502134
1,0.34508967
0,0.15186009
0,0.1369235
0,0.1369235
1,0.5979743
1,0.81957483
1,0.9189751
1,0.9189751
1,0.94820744
1,0.84019303
1,0.7654661
1,0.96275216
1,0.32311535
1,0.9728819
1,0.97455376
1,0.5776637
1,0.53654087
1,0.6459564
1,0.6459564
1,0.7946771
0,0.19270405
0,0.24361949
1,0.6034208
0,0.09569086
1,0.863581
1,0.70176476
0,0.18078892
1,0.430309
1,0.37535185
0,0.31350023
0,0.089965075
1,0.81872714
1,0.86567515
0,0.8644059
1,0.7951163
0,0.43208355
1,0.9498169
0,0.09629029
1,0.9981426
0,0.13400598
1,0.9044011
0,0.13279161
0,0.3310943
0,0.41062635
1,0.7643323
1,0.77090776
0,0.3271647
0,0.34360406
0,0.33097723
0,0.11951133
1,0.9819511
0,0.12660693
1,0.60790086
1,0.85953355
1,0.7977793
1,0.716406
0,0.32255787
0,0.1406633
0,0.10802633
1,0.91951334
0,0.2709887
1,0.97421515
0,0.15951617
1,0.9531414
1,0.72781724
0,0.14654633
1,0.50265765
1,0.8149644
0,0.030446514
1,0.88826746
1,0.88826746
1,0.7752265
1,0.88826746
0,0.43091398
1,0.9202964
1,0.7035893
1,0.7306768
0,0.104571566
0,0.21353252
0,0.18506734
0,0.3319694
0,0.5319409
1,0.104044005
0,0.14298697
1,0.9923431
1,0.7669924
1,0.63077164
0,0.22813243
1,0.8631487
1,0.92743975
0,0.20681377
0,0.058072135
0,0.055319622
1,0.36642587
1,0.981533
0,0.23350859
0,0.14730729
0,0.1438757
0,0.35279518
0,0.054410983
0,0.037382632
0,0.0497477
0,0.4195336
1,0.61136484
0,0.67945325
0,0.23929659
1,0.67007214
1,0.37821543
0,0.11113728
0,0.33075917
0,0.17525879
1,0.9648728
0,0.33866712
0,0.13855337
1,0.87565833
1,0.7998425
1,0.9724839
1,0.84507287
1,0.8011651
1,0.7901239
0,0.5556661
0,0.2719382
0,0.42854065
0,0.17423083
0,0.4560097
0,0.23443171
1,0.14933187
1,0.98618966
1,0.98962057
1,0.9890977
1,0.97786844
1,0.8011251
0,0.26013893
0,0.16720441
1,0.5289084
1,0.07650957
1,0.7170351
1,0.42341438
1,0.61281705
0,0.24942726
0,0.82303226
1,0.7089666
1,0.7169711
1,0.44740418
1,0.65163684
0,0.21708843
0,0.06739152
0,0.064704664
1,0.87715894
1,0.7092671
0,0.026236985
1,0.20650284
0,0.3502558
1,0.9779011
1,0.9782497
1,0.84136295
1,0.58488107
1,0.8597076
1,0.8363493
0,0.103244804
0,0.027203495
0,0.027203495
0,0.07048777
0,0.80592906
0,0.64890635
0,0.093736395
0,0.27469257
1,0.8494427
0,0.6232379
0,0.10417363
0,0.1442115
1,0.38348103
1,0.24034242
0,0.53540564
0,0.67892647
0,0.12182937
1,0.25965136
0,0.66063535
1,0.91667503
1,0.24962981
0,0.1775658
1,0.9332293
1,0.94202775
0,0.25848457
0,0.2366552
1,0.9736642
1,0.9786244
1,0.97531974
1,0.9262321
1,0.94868654
1,0.9821086
1,0.9736642
1,0.9393867
1,0.9786244
1,0.96967727
1,0.8686082
1,0.9725869
1,0.9319553
1,0.97531974
1,0.9736642
1,0.8531709
1,0.8895392
1,0.8686082
1,0.88119507
1,0.9786244
1,0.9879182
1,0.9717923
1,0.9676904
1,0.97531974
1,0.9319553
1,0.96848834
1,0.9344325
1,0.7616198
0,0.13585807
1,0.87769395
1,0.93049747
1,0.94230443
0,0.118453346
1,0.36722523
0,0.3069635
1,0.839753
1,0.8768789
0,0.064443566
1,0.5325083
1,0.68330157
0,0.40874866
0,0.17875156
0,0.3044974
0,0.36060703
1,0.9853254
1,0.96846616
1,0.9743575
1,0.9778191
1,0.99113125
1,0.99366874
1,0.98606783
1,0.9880106
1,0.99113125
1,0.9837307
1,0.45880285
1,0.32912713
1,0.7670791
1,0.6211165
1,0.7482426
1,0.43344373
1,0.5074854
0,0.54808164
0,0.41196865
0,0.5798734
0,0.28979397
1,0.9890977
0,0.13255261
1,0.4258968
0,0.21080375
1,0.9263144
0,0.53179663
0,0.34859547
0,0.34859547
0,0.40147015
1,0.97944605
0,0.09384619
1,0.7557598
1,0.98285276
1,0.5177752
0,0.2660698
0,0.1671303
1,0.5245376
0,0.68085766
1,0.22878063
0,0.69493145
0,0.1323176
0,0.20702459
0,0.28523466
1,0.62226856
1,0.80712837
1,0.66812
1,0.99812037
1,0.660036
1,0.7166227
1,0.6299454
1,0.841054
1,0.9752391
1,0.97706693
1,0.6365872
0,0.599147
1,0.840944
1,0.9562394
1,0.8850043
1,0.97716933
1,0.9700483
1,0.785338
1,0.7446208
1,0.74972385
1,0.74972385
1,0.7538381
1,0.7446208
1,0.79313153
1,0.74972385
1,0.7119149
1,0.6450999
1,0.7538381
0,0.7538381
1,0.2003448
0,0.05740545
0,0.17244613
1,0.81712
1,0.5288727
1,0.80088127
1,0.92016
1,0.5731816
0,0.2056934
0,0.32844126
0,0.20031942
0,0.16609998
0,0.17753758
0,0.21762148
0,0.43291992
0,0.20754111
1,0.93514794
1,0.9492887
1,0.907697
1,0.3464605
0,0.34977746
0,0.5328942
1,0.79699373
1,0.47828674
1,0.61711264
1,0.8879299
1,0.8776266
1,0.9959603
1,0.6975414
1,0.7550539
1,0.68867034
1,0.9921428
1,0.9837744
0,0.33262163
1,0.43905208
1,0.8039077
1,0.68932843
1,0.81973827
1,0.81973827
1,0.8473169
1,0.65277565
1,0.19943023
0,0.26986167
0,0.26986167
0,0.48246714
1,0.9992912
0,0.08717631
0,0.2886198
0,0.2715552
0,0.24027105
1,0.28105336
1,0.5997795
0,0.5094274
0,0.25928077
1,0.7270816
1,0.9522895
0,0.122632146
1,0.76542556
1,0.4679505
1,0.7637521
1,0.86183214
1,0.99934584
0,0.7254503
0,0.17684795
1,0.42472845
1,0.3074296
1,0.11353256
0,0.20595136
1,0.9922943
1,0.99590415
0,0.36017713
0,0.45111045
0,0.23859638
0,0.06699745
0,0.08342763
0,0.090482846
1,0.6006964
1,0.7371858
1,0.6848418
1,0.60849416
1,0.577812
1,0.3658567
1,0.6848418
1,0.4537542
1,0.9923144
1,0.9983668
1,0.9923144
1,0.9983668
0,0.13587165
1,0.81103516
1,0.9408909
1,0.6831946
0,0.14125185
1,0.4976815
0,0.6339828
0,0.19947262
0,0.33776915
0,0.24692182
1,0.46326238
1,0.78887063
0,0.6624505
0,0.2978549
1,0.7955527
0,0.21187437
0,0.7127706
0,0.348517
1,0.80275965
0,0.17353615
1,0.55962384
1,0.7655534
1,0.7314334
1,0.46443796
1,0.7890047
0,0.22788012
0,0.23932053
0,0.5555706
1,0.5330885
0,0.047852006
0,0.053474423
0,0.23984262
0,0.27426884
0,0.21662296
0,0.1629393
0,0.23114197
1,0.24068551
0,0.4302017
1,0.3929435
1,0.9722001
0,0.04990556
0,0.23533042
0,0.3655439
0,0.26751646
0,0.18855523
1,0.566561
0,0.45666996
0,0.07979984
1,0.9495427
1,0.99450547
1,0.9441667
1,0.41240337
0,0.23953414
1,0.5420903
1,0.782707
1,0.2279963
1,0.86823654
1,0.6978973
0,0.09456253
1,0.46896595
0,0.070172966
0,0.09727251
1,0.8987558
1,0.91079533
1,0.9925417
1,0.6577738
0,0.58819735
1,0.59853107
1,0.46143308
0,0.21152407
0,0.118421614
1,0.7474973
0,0.2031659
0,0.1555621
0,0.16556662
0,0.13116929
0,0.111433655
0,0.100540325
0,0.19923991
0,0.022521494
1,0.14529222
0,0.2830207
0,0.3083996
1,0.63362116
0,0.13860637
0,0.2879349
1,0.72171193
1,0.86897784
0,0.03313873
0,0.41217545
1,0.8723398
1,0.98186433
0,0.214872
0,0.095890075
1,0.98041576
1,0.91780275
0,0.081091106
1,0.64632213
0,0.64632213
1,0.39870366
1,0.96284026
1,0.96284026
0,0.3487151
1,0.7564574
0,0.3223906
0,0.50755066
0,0.764783
0,0.094346
0,0.26385367
1,0.31018892
0,0.10258859
1,0.569799
1,0.36381266
1,0.59877783
1,0.7748453
1,0.72294486
0,0.56126225
1,0.8610016
1,0.94730794
1,0.983093
1,0.983093
1,0.99494934
1,0.18369734
0,0.1562171
0,0.23851435
0,0.13583349
0,0.2931363
1,0.93382764
1,0.98970884
0,0.09556831
0,0.13075754
1,0.42548704
1,0.28767696
1,0.25047982
1,0.22388636
0,0.1327393
0,0.1365016
0,0.21174103
0,0.096089415
0,0.15836503
0,0.14023674
0,0.22523633
0,0.304688
1,0.90844375
1,0.21402414
1,0.95140636
1,0.95140636
1,0.855833
1,0.8758761
1,0.48060024
0,0.29059795
1,0.20069544
1,0.23691595
0,0.14950396
0,0.24926776
0,0.17571542
0,0.13239497
0,0.31698444
1,0.2450953
0,0.040841494
0,0.3785348
0,0.1502931
1,0.9985273
1,0.3810873
1,0.8654235
1,0.89336956
1,0.6063054
1,0.8884741
1,0.73129594
1,0.73311985
0,0.5126542
0,0.5010185
0,0.12656666
0,0.26441225
1,0.7763028
1,0.7134695
0,0.33292007
1,0.6239049
1,0.97783875
0,0.21459311
0,0.14909202
0,0.21459311
0,0.33382714
1,0.3578102
1,0.99544334
1,0.7122079
1,0.73884493
0,0.16369775
0,0.24637952
0,0.03966199
1,0.9769142
0,0.080455825
1,0.28735542
1,0.94989204
0,0.44936493
1,0.95687324
1,0.98283297
1,0.92378336
0,0.1176152
0,0.2951541
0,0.36411092
0,0.58771724
1,0.9536238
0,0.123933285
1,0.9709891
1,0.9580376
1,0.9655356
1,0.9663479
1,0.9720076
1,0.98880124
1,0.9503153
1,0.97299093
1,0.98880124
1,0.96043175
1,0.96714795
1,0.96043175
1,0.9663479
1,0.9663479
1,0.9709891
1,0.9709891
0,0.24469139
0,0.08427112
1,0.9851267
1,0.6742032
0,0.28918922
0,0.2170223
0,0.22061022
0,0.22061022
1,0.28252006
0,0.28508225
0,0.3398086
0,0.12527452
1,0.82303226
0,0.29259685
1,0.94370323
0,0.090298034
1,0.43824738
0,0.31396228
0,0.29656968
0,0.39825028
1,0.68398833
1,0.4361679
1,0.72341174
0,0.18815196
0,0.23713233
0,0.27610978
0,0.42234352
0,0.5862269
0,0.24647637
1,0.1987894
0,0.14656694
0,0.16073918
0,0.20015946
0,0.60358566
1,0.49432322
1,0.6747334
1,0.7315312
1,0.64452654
1,0.72417635
0,0.39157653
1,0.5083326
0,0.078448944
1,0.29714775
1,0.568366
1,0.51301575
1,0.5777519
1,0.82098645
1,0.77109003
1,0.55192643
1,0.60610884
1,0.7513639
0,0.2406596
1,0.11396537
0,0.10129402
0,0.1314625
0,0.15033017
1,0.16353984
0,0.11767085
0,0.20959601
1,0.305323
1,0.9893666
1,0.9726288
1,0.98367923
1,0.9857546
1,0.97870517
1,0.99456656
1,0.9883145
1,0.98887944
1,0.98367923
1,0.98630327
1,0.9743001
1,0.97824335
1,0.97870517
1,0.96628356
1,0.9883145
1,0.98564297
1,0.9920602
1,0.9853343
1,0.98630327
0,0.20477432
1,0.64491403
1,0.81797785
1,0.99382764
1,0.9951316
1,0.99374557
0,0.26895434
0,0.33668953
1,0.9994148
0,0.11147206
0,0.32098225
1,0.9987355
0,0.17369081
0,0.3298224
1,0.55961144
1,0.9881661
1,0.4277559
1,0.65042937
1,0.7866094
0,0.63476497
1,0.94734883
0,0.85531807
1,0.40358052
1,0.80785793
1,0.7413061
1,0.68135154
1,0.7950091
1,0.7950091
1,0.7950091
1,0.8667608
1,0.8667608
1,0.8667608
0,0.74302405
0,0.060266405
0,0.06849702
1,0.37561214
0,0.03856181
0,0.31984198
0,0.1792684
1,0.7867326
0,0.13917817
1,0.90167826
1,0.90167826
1,0.87425464
1,0.5700059
1,0.63459873
1,0.50604546
1,0.5826886
1,0.4392313
1,0.8943265
1,0.8930919
1,0.8921125
1,0.97392875
1,0.68720365
1,0.23620673
1,0.5487416
1,0.72609174
1,0.7281015
1,0.50921905
1,0.84592885
1,0.6661938
1,0.8870833
1,0.61796874
0,0.2360096
0,0.20421937
0,0.1985087
0,0.3246333
0,0.28823137
0,0.33114767
0,0.37811062
0,0.23625359
0,0.2272006
0,0.18729359
0,0.13324441
0,0.18793258
0,0.28961894
0,0.4675641
0,0.37077796
0,0.0835316
0,0.4668504
0,0.59544265
0,0.4613602
0,0.13305807
0,0.34688678
0,0.52040523
0,0.14130984
1,0.8907843
1,0.8645404
1,0.8779103
1,0.44095135
1,0.93421197
1,0.788397
0,0.27444834
1,0.99107236
0,0.16890477
0,0.017775593
1,0.8825847
1,0.70158887
0,0.28880155
0,0.2802512
0,0.26452062
0,0.1343385
0,0.2782743
1,0.7912045
1,0.87389916
1,0.91879874
1,0.93714786
1,0.9168289
0,0.1263979
0,0.16229859
1,0.8124308
0,0.07204883
1,0.97124857
1,0.97006905
0,0.2729966
0,0.21168838
1,0.48552874
0,0.22853649
0,0.17515512
1,0.9940508
1,0.9931938
1,0.9940508
1,0.38008904
0,0.12984133
0,0.16880843
1,0.80307096
1,0.9280607
1,0.94564265
1,0.8604044
0,0.26995975
0,0.058295943
1,0.8719705
1,0.94218296
0,0.59598166
1,0.8010914
1,0.7830728
1,0.27692017
0,0.1267956
0,0.24495213
1,0.7570359
1,0.9273314
1,0.33784476
1,0.5884525
1,0.5305335
0,0.13814476
0,0.21117999
1,0.113649525
0,0.29763675
1,0.7772309
0,0.087422274
0,0.22376968
1,0.873518
1,0.873518
1,0.5725452
1,0.66903305
1,0.13774413
0,0.048849214
0,0.31460732
1,0.9964055
0,0.74217695
1,0.9927482
1,0.69293153
0,0.35073778
1,0.95002794
0,0.20685032
1,0.9954411
1,0.9954411
1,0.9954411
1,0.9954411
1,0.9954411
0,0.47809374
0,0.53928024
1,0.7611795
0,0.10562773
1,0.8580861
1,0.30022392
1,0.6713649
0,0.22071883
1,0.5789713
1,0.788638
1,0.5966928
0,0.4898897
1,0.40475172
0,0.12791689
1,0.9916447
0,0.30765307
0,0.5766632
0,0.059446294
1,0.8161849
0,0.13831815
1,0.8836473
0,0.35580578
0,0.21068329
1,0.5281072
0,0.21584745
1,0.52900577
0,0.19245669
1,0.7355394
0,0.12436833
0,0.20635845
0,0.31909984
1,0.3178777
0,0.50219834
0,0.22281002
1,0.9868846
0,0.7677324
1,0.29187557
1,0.19336784
0,0.7748062
1,0.2167499
1,0.41005826
0,0.25737765
0,0.1181357
0,0.016232383
0,0.61130637
1,0.6755341
1,0.612812
1,0.5235973
1,0.59108937
1,0.45974573
1,0.9466084
1,0.9263894
1,0.8122369
1,0.8082299
1,0.8659143
1,0.9459021
1,0.94368464
1,0.9181176
1,0.8781581
1,0.861092
1,0.8939606
1,0.8335336
1,0.9123047
1,0.8317698
1,0.8317698
1,0.89443636
1,0.8429207
1,0.9412702
1,0.9065496
1,0.83031446
1,0.89443636
0,0.87718797
0,0.636747
1,0.758933
0,0.38620868
1,0.8630209
0,0.22304803
1,0.5675077
1,0.5830058
0,0.19993107
1,0.94052064
0,0.059131518
1,0.9990796
1,0.32731035
1,0.8097035
0,0.4297759
1,0.8654359
1,0.93241423
1,0.19853042
1,0.85610473
1,0.947947
1,0.8072821
1,0.72462225
1,0.6756648
0,0.22708105
0,0.43977076
0,0.42292938
0,0.7498842
1,0.31858996
1,0.19634971
0,0.18208344
1,0.5709086
0,0.2809439
1,0.9496671
1,0.73875296
1,0.8976986
1,0.8976986
1,0.8976986
1,0.9839101
1,0.36292028
0,0.23903711
1,0.2292775
0,0.21087688
0,0.11978795
1,0.840677
1,0.9903351
1,0.97944605
1,0.97944605
1,0.95580107
1,0.9903351
1,0.81546223
1,0.9016954
0,0.3079601
0,0.14418554
0,0.3281975
0,0.3688481
1,0.49028862
1,0.8261909
0,0.21448305
1,0.84787744
0,0.28756952
1,0.9924446
1,0.8644314
0,0.31547958
0,0.30211872
1,0.10127828
1,0.9783568
0,0.07915666
0,0.031379532
0,0.11972756
0,0.0431783
1,0.5926548
1,0.40966937
0,0.24021152
1,0.95632887
1,0.9257285
1,0.9854799
1,0.9257285
1,0.99271363
0,0.19807486
1,0.8128263
1,0.7153211
1,0.5623106
0,0.20571111
0,0.39038035
1,0.9475508
0,0.23471059
0,0.3068379
0,0.22487763
1,0.92820007
0,0.45189148
1,0.908746
1,0.74361974
1,0.90277374
1,0.93235266
1,0.9739077
1,0.48141167
1,0.8985347
1,0.87762517
1,0.87762517
0,0.19074295
0,0.41970447
0,0.7431773
0,0.45238912
0,0.5138552
1,0.29481316
0,0.24846451
0,0.17561044
1,0.19251032
0,0.091959395
0,0.7527086
0,0.27566752
1,0.4615183
0,0.25208455
0,0.17305128
1,0.80389863
0,0.23131385
0,0.16723208
1,0.60808825
1,0.5607975
1,0.49805158
1,0.95390475
0,0.117634505
1,0.8900512
1,0.31831804
1,0.5494766
1,0.5244334
0,0.26378167
0,0.06609465
1,0.646767
0,0.1915418
0,0.38075963
0,0.06717109
0,0.16585097
0,0.039518386
1,0.9132436
1,0.831146
1,0.88079554
1,0.79765666
1,0.8817465
1,0.91607255
1,0.78636694
1,0.92449737
1,0.8875131
1,0.8795932
1,0.92311376
1,0.8711983
1,0.8857403
1,0.9189243
1,0.8849965
1,0.8792963
1,0.9241569
1,0.8911555
0,0.1275947
0,0.18749249
1,0.8487427
0,0.027782759
1,0.88935876
1,0.27742344
0,0.101631366
1,0.37335843
0,0.12630604
1,0.9446027
1,0.906369
1,0.9313438
0,0.06136293
0,0.1205977
1,0.31963086
0,0.23269448
0,0.42065418
1,0.79288846
0,0.70704806
1,0.42075527
1,0.8848572
1,0.49828145
0,0.15762118
0,0.41244563
0,0.19107643
0,0.23841432
1,0.99563146
1,0.99600357
1,0.5147716
0,0.16504966
0,0.0989026
1,0.845324
1,0.68384206
0,0.18985942
0,0.16180058
0,0.23400937
1,0.8271256
1,0.9656167
0,0.015342591
0,0.20815144
1,0.2689976
0,0.31398582
0,0.37251273
1,0.6615612
0,0.23316275
1,0.9912479
0,0.21329081
0,0.43899655
0,0.0962885
0,0.06926938
0,0.1210672
0,0.1503788
0,0.09049899
1,0.3031853
0,0.2065626
1,0.9783951
1,0.98836446
1,0.9760657
0,0.2665738
0,0.06487626
0,0.33247057
0,0.8942378
1,0.99168915
1,0.99192834
1,0.99230194
1,0.7100179
1,0.41808945
1,0.3362558
1,0.9107166
1,0.57712156
0,0.17158464
0,0.086970806
1,0.90289015
0,0.15670235
1,0.33873263
0,0.07647788
1,0.5859112
1,0.5859112
0,0.34137446
0,0.34137446
0,0.34137446
1,0.36185345
0,0.09299255
0,0.18552202
1,0.9157307
1,0.92442656
0,0.3904133
1,0.48435152
0,0.72257483
0,0.0802935
0,0.2745832
1,0.9952232
1,0.99805343
1,0.99805343
1,0.99805343
1,0.99805343
1,0.99805343
1,0.89545995
1,0.92643577
1,0.8801142
0,0.2749632
1,0.37208617
0,0.13691513
0,0.22810684
1,0.30262032
0,0.29756048
0,0.1588863
1,0.8243864
0,0.16084525
0,0.41759259
0,0.3208104
1,0.7111093
1,0.5080962
0,0.09687398
0,0.17732283
0,0.6374545
1,0.7215818
0,0.3098562
0,0.2212187
0,0.17166188
0,0.17328745
0,0.26183704
0,0.40133163
0,0.18945366
0,0.20313013
0,0.19905865
0,0.24206597
0,0.2756772
0,0.12827761
1,0.57573885
1,0.9700992
0,0.47915748
0,0.08932326
1,0.8787966
1,0.8413397
1,0.8787966
1,0.8686375
1,0.66365147
1,0.82965034
1,0.7959532
1,0.93724984
1,0.93436795
1,0.90191144
1,0.9352167
1,0.94384325
0,0.20542939
0,0.18804006
0,0.066265255
1,0.79699373
0,0.256725
0,0.089997075
0,0.18661118
1,0.9196324
1,0.8873157
1,0.8670292
1,0.75773245
0,0.09142503
1,0.5954144
0,0.5454152
0,0.3751958
0,0.5750708
1,0.7552583
0,0.060506456
1,0.99213725
1,0.99213725
0,0.13757496
1,0.9983339
1,0.28860575
0,0.19099587
0,0.34811446
1,0.4876977
1,0.66030395
0,0.3471756
1,0.92347026
1,0.9767899
0,0.55304724
1,0.88191503
0,0.15950978
1,0.774071
1,0.8446937
0,0.21946436
1,0.9945167
0,0.25291988
0,0.122262016
0,0.037055124
0,0.037055124
0,0.06634714
0,0.15031888
0,0.34837073
0,0.024664534
1,0.8726096
1,0.69402087
1,0.7681901
1,0.82135606
1,0.8755598
0,0.02142887
1,0.85549766
1,0.8720448
1,0.8804779
1,0.9479631
1,0.95183676
1,0.8720448
1,0.8720448
1,0.8720448
1,0.98259753
1,0.88001543
1,0.6179921
1,0.91059315
1,0.9843821
1,0.8840592
1,0.8840592
1,0.99041396
1,0.99495846
1,0.9098742
1,0.99475574
1,0.79333013
1,0.9831838
1,0.99008614
1,0.6256707
1,0.7174818
1,0.6781174
1,0.9098742
1,0.9098742
1,0.9831838
1,0.92159605
1,0.7445267
1,0.79333013
1,0.7174818
1,0.8840592
1,0.99299616
1,0.99299616
1,0.99224913
1,0.95648676
1,0.95648676
1,0.944903
1,0.92607045
1,0.9931589
1,0.9931589
1,0.99478453
1,0.99478453
1,0.9953479
1,0.9566351
1,0.9877194
1,0.99224913
1,0.99478453
1,0.99478453
1,0.9877194
1,0.95648676
1,0.99224913
1,0.99299616
1,0.99041396
1,0.998114
1,0.998114
1,0.6826347
1,0.95560575
0,0.1890988
0,0.09934844
0,0.18009146
1,0.1362035
0,0.14170943
1,0.8687451
1,0.768772
1,0.37505683
1,0.40468973
1,0.25275806
1,0.8198282
1,0.2375481
1,0.24680738
1,0.73317856
1,0.41685805
1,0.35033008
1,0.31980968
1,0.44987777
1,0.3227138
1,0.2877864
1,0.6483537
1,0.7012128
1,0.8399616
1,0.52395236
1,0.6957277
1,0.39605117
1,0.5909267
1,0.72492266
1,0.760374
1,0.60978204
1,0.60978204
1,0.59987223
1,0.71707284
1,0.45283622
1,0.30727243
1,0.34623674
1,0.22639084
1,0.63040286
1,0.7658657
1,0.31868976
1,0.71306014
1,0.95358163
1,0.7081676
1,0.63530797
1,0.59681046
1,0.30568725
1,0.45984438
1,0.6915134
1,0.89371324
1,0.8739312
1,0.26831037
1,0.8134551
1,0.8428497
1,0.93874866
1,0.49150175
1,0.8858178
1,0.35125914
1,0.9258676
1,0.91678995
1,0.8016631
1,0.41119644
1,0.96787494
1,0.96817297
1,0.58065057
1,0.8450214
1,0.70701456
1,0.73948
1,0.80978465
1,0.6501884
1,0.88809943
1,0.5591739
1,0.70822775
1,0.665812
1,0.95342976
1,0.43326247
1,0.8083928
1,0.92280066
1,0.8101215
1,0.699964
1,0.92357445
1,0.9246649
1,0.9149376
1,0.9763313
1,0.43657377
1,0.8873593
1,0.8225511
1,0.6398613
1,0.42246374
1,0.54688543
1,0.4138359
1,0.72532994
1,0.6538601
1,0.48388174
1,0.86408645
1,0.7989787
1,0.8138131
1,0.9346269
1,0.8656994
1,0.8225511
1,0.41742435
1,0.4712234
1,0.4712234
1,0.9639092
1,0.47481596
1,0.7532134
1,0.67244494
1,0.56847686
1,0.764597
1,0.9391011
1,0.88261116
1,0.38453436
1,0.2472963
1,0.30516228
1,0.5060097
1,0.6133103
1,0.7019429
1,0.8630804
1,0.8902686
1,0.87038594
1,0.89984035
1,0.89707243
1,0.8473915
1,0.87038594
1,0.91082865
1,0.8753378
1,0.91082865
1,0.8753378
1,0.8083091
1,0.23206984
1,0.8083091
1,0.9062785
1,0.88815725
1,0.84808266
1,0.8432337
1,0.79921556
1,0.79921556
1,0.8517598
1,0.86896634
1,0.8824248
1,0.9093521
1,0.99233645
1,0.8824248
1,0.9362148
1,0.85765755
1,0.9093521
1,0.9527773
1,0.88815725
1,0.793228
1,0.9052303
1,0.9550798
1,0.8086806
1,0.66938573
1,0.8789779
1,0.8865556
1,0.8086806
1,0.8978102
1,0.92831695
1,0.8978102
1,0.8234079
1,0.85694283
1,0.9522094
1,0.8234079
1,0.8432337
1,0.77679306
1,0.8978102
1,0.7310398
1,0.8432337
1,0.9527773
1,0.73050195
1,0.7246302
1,0.7246302
1,0.65369165
1,0.99319386
1,0.90271604
1,0.80895615
1,0.9595126
1,0.82809556
1,0.933624
1,0.9099389
1,0.960998
1,0.879253
1,0.48853937
1,0.45159492
1,0.44707558
1,0.9712596
1,0.977228
1,0.9952554
1,0.78896385
1,0.95251715
1,0.9835579
1,0.56449544
1,0.960998
1,0.59846604
1,0.5711197
1,0.94716096
1,0.9050573
1,0.935423
1,0.98945004
1,0.9685545
1,0.98228294
1,0.8627901
1,0.94837713
1,0.9504121
1,0.880078
1,0.75714386
1,0.94538945
1,0.97236437
1,0.9180615
1,0.48036984
1,0.6998527
1,0.93218905
1,0.93218905
1,0.72305053
1,0.7746186
1,0.5385418
0,0.42251876
0,0.58851564
0,0.1961307
0,0.18573606
0,0.14061642
0,0.3569052
0,0.75950754
0,0.31176132
0,0.2606919
0,0.10121367
0,0.15464096
0,0.11591273
0,0.3306901
0,0.11309252
0,0.25363538
0,0.23453715
0,0.39382264
0,0.16114233
0,0.31801447
0,0.25528544
0,0.46602714
0,0.19688168
0,0.20479356
0,0.23493843
0,0.16895074
0,0.3677412
0,0.1271153
0,0.24076533
0,0.30176857
0,0.13235295
0,0.43117216
0,0.13562125
0,0.3229261
0,0.45425907
0,0.3483728
0,0.4197185
0,0.5824631
0,0.1634076
0,0.18410778
0,0.25185868
0,0.30000997
0,0.30252326
0,0.09755429
0,0.15146594
0,0.3477124
0,0.30726764
0,0.19798324
0,0.40407163
0,0.12842995
0,0.26293486
0,0.111405976
0,0.60050344
0,0.18690102
0,0.20341507
0,0.6229569
0,0.508675
0,0.32428133
0,0.48574618
0,0.49988535
0,0.5940777
0,0.3517158
0,0.3944361
0,0.32946
0,0.5948889
0,0.4954989
0,0.42559248
0,0.42221814
0,0.69153875
0,0.3517158
0,0.3067608
0,0.18103884
0,0.27033255
0,0.3983371
0,0.7257718
0,0.1815929
0,0.14868048
0,0.3548536
0,0.48414013
0,0.3425958
0,0.13676886
0,0.122625425
0,0.4673519
0,0.16564184
0,0.48832655
0,0.17514195
0,0.20431797
0,0.4317446
0,0.2804894
0,0.1654602
0,0.6044886
0,0.32308996
0,0.12565997
0,0.17074521
0,0.29150268
0,0.3142744
0,0.1543586
0,0.101113535
0,0.21904576
0,0.37494215
0,0.2745696
0,0.17568393
0,0.23058006
0,0.37511754
0,0.17110632
0,0.18466334
0,0.2563288
1,0.9760256
0,0.08640845
0,0.2619266
1,0.7388668
1,0.69320995
0,0.022431958
0,0.021454588
1,0.9948886
1,0.99661535
1,0.99661535
1,0.99205023
1,0.99108374
1,0.99205023
0,0.45239478
0,0.1561491
1,0.53233284
1,0.9430009
1,0.66794807
1,0.20367873
0,0.034168575
1,0.7497733
0,0.24061017
0,0.2542843
0,0.28980482
0,0.35290793
0,0.026904302
0,0.07868038
0,0.07438392
1,0.3156641
1,0.6434984
0,0.23287074
0,0.14885016
1,0.9837775
0,0.4210416
1,0.9505508
1,0.4900997
1,0.8887233
1,0.8752331
1,0.9338766
1,0.94050294
0,0.08426466
0,0.25366932
0,0.27057308
1,0.66295916
1,0.9003881
1,0.39007723
0,0.2019574
0,0.18410195
0,0.079244636
0,0.33936512
0,0.12819105
0,0.16623789
1,0.60665536
1,0.46816978
0,0.09437891
1,0.92581993
1,0.903605
1,0.92581993
1,0.7920484
1,0.9084975
1,0.91666496
1,0.67218196
1,0.17313899
1,0.9931797
1,0.928076
1,0.9651115
0,0.70755404
0,0.021531455
0,0.4055044
0,0.19351397
1,0.94905007
1,0.94905007
1,0.9715792
1,0.91088945
0,0.18015665
0,0.642079
1,0.49511158
1,0.89836276
1,0.90093464
0,0.24263129
0,0.05974081
0,0.24497922
0,0.548181
0,0.27567258
0,0.14391807
0,0.07208088
0,0.13157012
1,0.76180243
1,0.76180243
1,0.91973746
1,0.8992582
1,0.31267992
0,0.31275153
0,0.24021561
1,0.68743587
1,0.703612
1,0.82598305
0,0.078200534
1,0.92919976
1,0.89456546
1,0.914324
1,0.86419725
0,0.32653907
0,0.15827857
0,0.2007526
0,0.34245086
1,0.9149749
1,0.38266605
0,0.05304363
0,0.14468978
0,0.03173268
0,0.061475318
0,0.03173268
0,0.16976407
0,0.17197534
0,0.19031459
0,0.3086977
0,0.22976601
0,0.12874539
1,0.4145099
1,0.86608624
1,0.984054
1,0.97860956
0,0.45139775
1,0.6782122
1,0.4951367
0,0.49509835
1,0.35466167
0,0.019750163
0,0.26306194
0,0.27460358
1,0.964423
1,0.98974544
0,0.28950456
1,0.26058137
1,0.26058137
1,0.7266089
0,0.17034371
1,0.7692437
1,0.7692437
1,0.6796508
1,0.7819971
1,0.39231786
1,0.2637749
1,0.7819971
1,0.7617907
1,0.71359134
1,0.6796508
1,0.2637749
1,0.24133326
1,0.7617907
1,0.39231786
1,0.7692437
1,0.59277534
1,0.7617907
1,0.7819971
0,0.24133326
0,0.39231786
0,0.51167667
0,0.2302968
0,0.6796508
0,0.2302968
0,0.2637749
0,0.15953718
0,0.31558442
0,0.43936086
0,0.71359134
1,0.99726367
1,0.7213563
1,0.9974542
1,0.34107974
0,0.079092465
0,0.22952043
1,0.5461876
1,0.38232443
0,0.18971507
0,0.65379256
1,0.9639058
1,0.5200996
0,0.11301075
0,0.25625414
0,0.17373608
0,0.23355097
0,0.047673844
0,0.11746084
1,0.9306696
0,0.19233316
1,0.7071354
1,0.6939825
1,0.62736547
1,0.7632479
1,0.5792684
1,0.46807614
1,0.4800208
0,0.15473056
1,0.59890485
1,0.6670292
1,0.7559331
0,0.06454474
0,0.076645106
0,0.06464645
1,0.6058621
1,0.4307808
1,0.97715354
0,0.12560937
0,0.16072606
1,0.9756481
1,0.65017337
0,0.14277455
1,0.6859784
1,0.9907905
1,0.9947733
1,0.9953022
1,0.9953022
1,0.9971522
1,0.99807346
1,0.99807346
1,0.994547
1,0.99807346
1,0.99807346
1,0.994547
1,0.994915
1,0.67584366
0,0.03477801
0,0.06265484
0,0.06676609
1,0.79818255
0,0.21334113
1,0.65887916
1,0.8150112
0,0.044399384
0,0.07442607
1,0.8568424
1,0.7317983
1,0.900862
1,0.8759241
1,0.9777024
1,0.9617621
1,0.41171494
1,0.1668762
0,0.48796204
0,0.31070557
1,0.2722526
0,0.15770821
1,0.56154233
0,0.13914807
0,0.20407572
1,0.776722
1,0.71034753
1,0.76128685
0,0.03688142
1,0.25567585
1,0.4341428
1,0.9622203
1,0.55945724
0,0.10220777
1,0.6883659
0,0.06826071
0,0.06876814
0,0.051719584
0,0.07868057
0,0.057906877
1,0.44065064
1,0.43136826
0,0.059686676
0,0.45208982
0,0.4985162
0,0.083404765
0,0.045839593
0,0.26455134
0,0.12913576
0,0.17395708
0,0.052035328
1,0.6459879
0,0.10115507
0,0.08917482
1,0.6062737
1,0.85596454
0,0.072847806
0,0.11289262
0,0.090085454
0,0.31987134
0,0.21694914
0,0.21694914
1,0.9756212
0,0.23867959
0,0.12700593
0,0.30481252
0,0.5469917
1,0.96275216
0,0.4077013
1,0.45783538
0,0.0866016
0,0.13355064
0,0.09299756
1,0.8294254
1,0.9380427
0,0.255771
0,0.2229796
0,0.20625591
0,0.22060177
0,0.28776053
0,0.29109025
0,0.3384196
1,0.5818334
1,0.99789596
1,0.99851567
1,0.83381605
0,0.21505108
0,0.17398319
1,0.81023127
1,0.35045046
1,0.70585036
1,0.6278592
1,0.6393113
1,0.58765566
1,0.86589134
1,0.6899189
1,0.38311416
1,0.62391394
1,0.65544355
1,0.66417354
0,0.11752275
0,0.25526103
0,0.34677896
0,0.7978761
0,0.50489396
0,0.2099547
0,0.38849932
0,0.33910623
0,0.6156897
0,0.5999178
0,0.34941876
1,0.46946752
0,0.028364401
1,0.55205894
0,0.09880776
1,0.8338568
0,0.032665968
0,0.20216325
0,0.039417878
1,0.7931856
1,0.76248413
1,0.9518746
1,0.9770637
1,0.90387994
1,0.9161152
0,0.07032812
0,0.04119019
1,0.69327164
0,0.06536165
0,0.10231254
1,0.5746054
0,0.04323616
0,0.05378292
1,0.05104013
1,0.98736864
0,0.06867027
0,0.03404545
0,0.49058965
0,0.11916774
1,0.48715997
0,0.25026953
1,0.997419
1,0.99706346
1,0.98127764
0,0.15220049
1,0.7725393
1,0.87858963
0,0.11482445
0,0.036961682
0,0.035621174
0,0.034401543
0,0.5481508
0,0.61491376
0,0.21692532
1,0.98303425
1,0.96520185
1,0.9821823
1,0.82202107
0,0.18058735
1,0.6771626
1,0.70048255
1,0.889326
0,0.38453028
1,0.83459884
0,0.17835234
0,0.15016441
1,0.7172854
0,0.20652866
0,0.3817141
0,0.10982955
1,0.27152696
1,0.44625905
0,0.10945402
1,0.6760574
0,0.090085454
1,0.8693994
1,0.61196893
1,0.7912583
0,0.02668329
1,0.99230194
1,0.97091484
1,0.42044443
0,0.5312041
0,0.25045913
0,0.36479047
1,0.33284277
1,0.9414312
1,0.94895023
0,0.053491984
1,0.46875855
0,0.028623346
0,0.13395062
1,0.7240082
1,0.98999256
1,0.9820274
1,0.78028154
1,0.80121934
1,0.91566014
1,0.9119785
1,0.82989234
0,0.25104874
0,0.41789234
0,0.13215473
0,0.69395596
0,0.3276961
0,0.3320605
0,0.2628196
1,0.9332464
0,0.32297373
1,0.4159183
1,0.8561726
1,0.7546704
1,0.34786648
1,0.30320966
0,0.22744845
0,0.15575866
0,0.3279051
1,0.8809049
1,0.9132877
1,0.8163664
1,0.949696
0,0.13119194
0,0.09415147
0,0.0437297
0,0.046355657
1,0.8545508
1,0.8931748
1,0.7802216
1,0.43209612
0,0.091252044
1,0.89464784
0,0.53125614
0,0.47425124
0,0.13996154
0,0.13996154
1,0.43713507
0,0.18406843
0,0.20213866
0,0.23067941
0,0.5842871
1,0.9901135
1,0.9774369
1,0.9774369
1,0.5890625
0,0.16334939
1,0.65626615
0,0.104331724
0,0.05469578
0,0.36973506
1,0.19730894
1,0.4999323
1,0.77082014
1,0.8337719
0,0.075710095
1,0.8601155
0,0.41189188
0,0.22924024
0,0.4382827
0,0.117448606
0,0.21017921
0,0.14099064
1,0.93052816
1,0.4657685
1,0.6709041
1,0.8685111
1,0.44929358
1,0.9878725
1,0.9878725
1,0.9878725
1,0.77883965
0,0.08154971
0,0.32267946
0,0.06993747
0,0.3749802
1,0.9983114
1,0.5350285
1,0.6842808
0,0.046664678
1,0.9946636
1,0.9946636
1,0.6596711
1,0.43034577
1,0.44163817
1,0.92072254
1,0.41931763
1,0.6778344
1,0.6778344
1,0.6778344
1,0.8837256
1,0.96770054
0,0.2225229
1,0.20277396
1,0.5892188
1,0.87088263
0,0.3435918
1,0.9921221
1,0.98762554
1,0.99560213
0,0.10544474
0,0.10305644
0,0.2333478
1,0.7035231
1,0.8137316
0,0.5050439
0,0.31926408
1,0.84877944
1,0.9871852
0,0.056641433
0,0.48145908
0,0.50091344
0,0.10728869
1,0.19916111
0,0.3249281
1,0.8487765
1,0.6034082
0,0.1280603
1,0.98308104
0,0.05293119
1,0.9066281
1,0.51807225
1,0.7783652
0,0.22438572
1,0.57014066
0,0.5225384
1,0.9971801
1,0.994865
1,0.9941685
1,0.98384446
1,0.96116996
1,0.98933405
1,0.98933405
1,0.9717748
0,0.19393308
1,0.9870358
1,0.9905806
1,0.98506236
0,0.19910511
0,0.21084636
1,0.43825063
0,0.2896112
1,0.9862596
1,0.9862596
0,0.59883195
0,0.26442912
1,0.9630796
0,0.3030257
0,0.27974638
1,0.78771645
1,0.5518991
0,0.49341643
0,0.20128883
1,0.3197974
0,0.2832899
1,0.9596364
0,0.0574605
1,0.77151155
1,0.2976079
0,0.3300421
1,0.3403957
1,0.77143073
1,0.3035286
1,0.93357193
1,0.33288
0,0.0649333
0,0.1252395
1,0.3827761
1,0.55402994
1,0.48577446
0,0.08921773
0,0.18287803
0,0.22633591
0,0.50095916
0,0.092532806
0,0.36918485
1,0.8088461
0,0.040365864
0,0.18598762
0,0.17112416
0,0.42998666
0,0.24641281
0,0.025638595
0,0.04886736
1,0.6285181
0,0.52099705
1,0.9993698
1,0.9990139
1,0.9990903
1,0.9992519
1,0.99958426
1,0.9992519
1,0.29221135
1,0.77223486
1,0.26804376
1,0.79393
0,0.44592494
1,0.7850005
1,0.99561465
1,0.995698
1,0.989626
1,0.989626
1,0.996183
1,0.7019363
0,0.28627557
0,0.38121477
0,0.036660742
1,0.85267967
1,0.5468525
1,0.6983917
0,0.2283193
0,0.20905617
0,0.34736732
0,0.15276067
1,0.9403443
0,0.18184736
0,0.1500973
0,0.16946104
0,0.1363051
1,0.38025156
1,0.34327766
0,0.026147852
0,0.03500834
1,0.31815553
0,0.033293694
1,0.16660526
0,0.14878452
0,0.09094622
1,0.82447964
1,0.82447964
0,0.116870575
1,0.2884784
1,0.9735223
1,0.978581
1,0.9511521
1,0.9209938
0,0.32897058
0,0.09500913
0,0.333075
1,0.7781593
1,0.56718713
1,0.84188527
1,0.7672981
1,0.9645221
1,0.9645221
1,0.9645221
1,0.9645221
1,0.9899058
0,0.33504683
0,0.041095965
0,0.13766822
1,0.19476955
0,0.0775227
1,0.9515419
1,0.9517842
0,0.07811059
0,0.2878835
1,0.472748
0,0.21667385
0,0.23804437
0,0.18989836
1,0.62272954
0,0.017997276
1,0.9796103
1,0.429883
1,0.91975844
1,0.8005084
1,0.9318337
0,0.5382957
1,0.81228566
0,0.3632324
1,0.99252945
1,0.99077564
1,0.98687696
1,0.9931384
1,0.25853035
0,0.18602955
0,0.14957632
0,0.48496693
1,0.2452092
0,0.097069785
0,0.037100337
0,0.4568504
1,0.73333937
1,0.78405416
1,0.74617153
0,0.21893257
1,0.72502476
0,0.023232996
0,0.023854742
0,0.02264511
0,0.08605668
0,0.092925325
0,0.08218182
0,0.5442801
1,0.24655466
1,0.97952753
1,0.42673633
1,0.588454
0,0.14641187
1,0.84819055
1,0.7900639
1,0.1796472
1,0.773564
1,0.887013
1,0.83285713
1,0.76846427
0,0.57465184
0,0.38201794
1,0.18990731
0,0.54398435
1,0.78121376
0,0.07672833
1,0.85166955
0,0.49324432
0,0.80482167
0,0.20756955
0,0.5329329
1,0.986578
1,0.32839048
0,0.32557362
0,0.017710963
1,0.49664822
1,0.46886164
0,0.17491165
0,0.23704454
0,0.5591248
0,0.13695319
0,0.03377348
0,0.26335916
0,0.13832974
1,0.92249614
1,0.8643319
1,0.88731176
1,0.55863035
1,0.3815055
0,0.23428188
0,0.35862896
1,0.9453346
0,0.17286396
0,0.086806454
0,0.18786146
0,0.08302805
1,0.9579677
0,0.3208843
1,0.46342358
1,0.44987246
0,0.06789684
1,0.9794176
0,0.7672981
1,0.43679473
0,0.4369591
0,0.20937054
1,0.20314361
1,0.98041576
1,0.9916122
1,0.475493
1,0.16036561
0,0.1601229
0,0.21018419
0,0.119427085
0,0.30291855
0,0.098954834
1,0.9476619
1,0.8910723
1,0.94084334
1,0.925814
1,0.925814
1,0.9116742
1,0.8219235
1,0.60957783
1,0.5284886
1,0.43021932
1,0.17067496
1,0.98131883
1,0.8297758
1,0.46655777
0,0.31480542
0,0.17229621
0,0.365158
1,0.069276825
0,0.48343185
0,0.08274051
0,0.048583925
1,0.9050129
1,0.97272545
1,0.21129778
0,0.056413926
0,0.03391342
1,0.95654166
1,0.88394994
1,0.99738604
0,0.033565275
0,0.023658033
0,0.096593015
0,0.017512018
0,0.3124259
0,0.32345223
1,0.80048025
0,0.124229886
0,0.0868619
0,0.33326036
0,0.071189955
0,0.27851102
0,0.08290813
0,0.08290813
0,0.07663429
0,0.11100571
1,0.79534763
1,0.7431444
1,0.8825511
1,0.51947534
1,0.6505629
1,0.5533551
1,0.5355828
1,0.6111735
1,0.6111735
0,0.5355828
0,0.6456101
0,0.5533551
0,0.5355828
0,0.12632328
0,0.151989
0,0.091244355
0,0.12196613
0,0.10404079
1,0.7373032
1,0.94004995
0,0.26801237
0,0.04030239
0,0.03845732
1,0.6421506
0,0.13185216
1,0.536288
0,0.43795136
0,0.15296403
0,0.44409537
0,0.18751578
0,0.13115737
0,0.3574082
0,0.69779694
0,0.25341994
0,0.06614749
0,0.15518256
0,0.15237507
0,0.15237507
0,0.76802695
1,0.86551726
1,0.97701675
1,0.89192927
1,0.62173516
1,0.51975757
0,0.12994972
1,0.5685111
1,0.41786566
0,0.2501145
0,0.20538096
1,0.968002
1,0.86608624
0,0.041331947
1,0.3648683
0,0.1377273
1,0.12754828
1,0.946391
1,0.946391
0,0.05708551
0,0.09091644
1,0.99649364
0,0.035460472
0,0.17462863
0,0.061390657
0,0.053641688
1,0.67553806
1,0.864886
0,0.039617844
1,0.112544276
1,0.9718979
0,0.19576637
0,0.17277569
1,0.89572245
1,0.59570634
1,0.19825773
1,0.21526088
0,0.1779781
1,0.863701
1,0.7545683
1,0.9933843
1,0.9733912
1,0.9815236
1,0.97768104
1,0.96932787
1,0.98489535
1,0.98849994
1,0.9867553
1,0.9836152
1,0.9867553
1,0.98849386
1,0.9836152
1,0.9757209
1,0.9909966
1,0.9757209
1,0.9667627
1,0.9863544
1,0.9830188
1,0.9815236
1,0.6572703
1,0.6696496
0,0.16837294
1,0.8344182
1,0.8896326
0,0.27299675
0,0.3376775
0,0.46960244
0,0.091144174
0,0.09631466
0,0.08954086
0,0.43231103
0,0.15623629
1,0.84979385
1,0.8486127
1,0.7876923
0,0.24061288
0,0.15643986
0,0.59945464
0,0.14000224
0,0.1149464
0,0.14018455
0,0.16652969
1,0.79622066
1,0.9730622
1,0.96479964
1,0.96479964
1,0.969801
1,0.2976079
1,0.85063213
0,0.14603637
0,0.08967046
1,0.73923427
0,0.05975231
0,0.026961561
0,0.021480221
0,0.031340573
0,0.07957098
1,0.24313204
1,0.48115543
1,0.28993833
1,0.17190002
0,0.25643668
0,0.09633416
0,0.17190002
0,0.12315692
0,0.32148746
0,0.14407547
0,0.025121108
0,0.055354916
0,0.11198782
0,0.123164475
0,0.08452254
0,0.057255846
0,0.10338579
0,0.15416372
0,0.08379164
1,0.55505365
1,0.49023512
1,0.93315
0,0.05034726
0,0.09584645
1,0.9957885
1,0.37627187
1,0.30143028
0,0.19158228
0,0.27948624
0,0.2651748
0,0.26812187
1,0.5677673
0,0.62718105
1,0.46117443
1,0.5780346
1,0.51754224
0,0.469076
0,0.10671385
1,0.86756146
0,0.17994876
1,0.82195854
1,0.2954655
1,0.36328897
0,0.28179106
0,0.16438454
0,0.15123531
0,0.17700735
0,0.3161391
0,0.20366393
0,0.39754975
0,0.5737192
0,0.16410232
0,0.16410232
0,0.21410143
0,0.0729757
1,0.39984363
0,0.041675474
0,0.046672188
0,0.056354385
0,0.08185294
0,0.095048256
1,0.9099887
1,0.6846864
1,0.8621661
0,0.38412523
0,0.05353686
0,0.30249316
0,0.2595113
0,0.19752508
0,0.12825193
0,0.20866697
1,0.34592906
1,0.46701762
1,0.82489246
1,0.81927
0,0.27302969
1,0.7784476
0,0.10916605
1,0.55866086
1,0.2420759
1,0.66184527
0,0.0721847
0,0.04841292
1,0.5165866
1,0.5261938
0,0.27679583
1,0.9873089
0,0.20454475
1,0.41563573
0,0.03567866
0,0.037375983
0,0.03413469
0,0.45273674
0,0.09782783
0,0.13745649
0,0.23445608
0,0.21731248
0,0.14973836
1,0.9354554
1,0.97317445
1,0.9831319
1,0.990112
1,0.97856474
1,0.9286417
1,0.9617749
0,0.33245644
0,0.2889304
1,0.292942
1,0.3558221
1,0.63767314
0,0.033737525
0,0.042071715
0,0.042071715
0,0.12713978
0,0.17683515
1,0.6241819
0,0.11007254
1,0.93868846
1,0.94082636
1,0.40835118
1,0.52341485
1,0.37615046
0,0.15761757
0,0.14830841
0,0.0361943
0,0.022883654
0,0.8529023
0,0.05536189
0,0.10541636
0,0.08986439
0,0.35204947
0,0.433604
1,0.7233795
1,0.5149244
1,0.62352395
0,0.0976371
1,0.6755818
0,0.354552
0,0.354552
1,0.24332492
0,0.19464628
0,0.18261078
0,0.025690733
0,0.17418581
0,0.080489434
0,0.087074175
0,0.18656483
1,0.70999944
1,0.6574509
1,0.44222516
0,0.53560126
1,0.75511944
1,0.7513197
1,0.16167712
1,0.089893155
0,0.029105421
0,0.051405244
0,0.072333224
0,0.1505068
0,0.034218557
0,0.07355559
0,0.09186252
0,0.042903543
0,0.036295485
0,0.10619465
0,0.05318565
0,0.06894454
0,0.018888477
0,0.18671486
0,0.02986452
0,0.10965178
0,0.120817296
0,0.3459876
1,0.8549287
1,0.62316144
0,0.32381165
0,0.015924577
1,0.94879353
1,0.96556973
1,0.9786007
0,0.16698517
0,0.55095243
0,0.42605823
0,0.22414455
0,0.24829127
0,0.27291554
1,0.4939544
1,0.6491964
0,0.46235725
1,0.48803958
0,0.37813395
1,0.5823853
0,0.37136132
0,0.35580578
1,0.58118993
1,0.7572138
0,0.50286955
0,0.17708404
0,0.115861796
1,0.74284345
1,0.64453363
1,0.322591
0,0.322591
0,0.322591
1,0.88400525
1,0.98597705
1,0.9848567
1,0.9848567
1,0.9769339
1,0.97783685
1,0.9848567
1,0.9046035
0,0.20906676
1,0.9326444
1,0.94391674
1,0.9586298
1,0.9586298
1,0.9586298
1,0.96224636
1,0.9047433
1,0.9816591
1,0.9876895
1,0.9972453
1,0.98351085
1,0.9907506
1,0.99295795
1,0.68716556
0,0.21047218
1,0.6304066
0,0.15443812
1,0.6953811
0,0.1878481
0,0.28000695
0,0.09007388
1,0.987409
1,0.6787378
0,0.20979272
0,0.21384497
1,0.61491376
0,0.5481508
1,0.49016893
0,0.07338419
0,0.17593306
0,0.10242432
0,0.16963537
0,0.16757736
0,0.11134785
1,0.7854645
1,0.7481957
0,0.28866094
0,0.23019823
0,0.28933936
0,0.31825098
0,0.19527315
1,0.68257964
1,0.3050549
0,0.3050549
1,0.9899457
1,0.13656974
0,0.17935422
0,0.095764376
0,0.12995727
0,0.0807288
0,0.12231492
1,0.8437748
0,0.05950576
1,0.36236045
0,0.18335944
0,0.21808237
0,0.62749857
0,0.08468322
0,0.038427718
0,0.44152966
1,0.29029512
0,0.10533411
0,0.13781108
0,0.1435801
1,0.9338345
0,0.16569245
1,0.26321554
0,0.03179723
0,0.030220175
0,0.020403992
0,0.6732546
0,0.23268828
0,0.28346145
1,0.6047995
1,0.9824933
0,0.016057646
1,0.87950426
0,0.28320286
0,0.050851434
1,0.877638
0,0.1508827
0,0.14812137
0,0.15126148
1,0.8275484
0,0.19945027
0,0.13652577
1,0.89639366
0,0.2710251
1,0.9328103
0,0.4996828
0,0.07740788
1,0.9102392
1,0.52585024
1,0.4620566
1,0.5483715
0,0.5858999
1,0.97595733
0,0.07147456
1,0.9682348
1,0.986741
1,0.95092
1,0.62864566
0,0.33222613
0,0.3291282
0,0.14426617
0,0.4930032
1,0.7878132
0,0.23359142
1,0.9162156
0,0.29526207
0,0.29526207
0,0.31974384
1,0.83280236
1,0.5867261
1,0.88037324
1,0.8948443
0,0.48924097
1,0.7876386
0,0.027694374
0,0.03691621
0,0.018422244
1,0.66206264
1,0.75256485
1,0.8125495
0,0.23782465
1,0.98196113
0,0.01817383
0,0.01817383
0,0.018153505
1,0.9981395
1,0.9947284
1,0.6799339
1,0.55231255
1,0.6799339
1,0.741301
0,0.24326816
1,0.38389
1,0.97392017
1,0.28394747
1,0.18682303
1,0.21747641
0,0.18682303
0,0.2612826
1,0.1974865
1,0.3561839
1,0.8050522
0,0.5230142
0,0.12497247
0,0.11407099
0,0.3072979
0,0.066666335
0,0.11889949
0,0.31813288
0,0.06375106
0,0.17482764
0,0.05967895
0,0.48599884
0,0.16042995
0,0.31758705
0,0.4127618
0,0.275016
0,0.066165105
0,0.02851072
0,0.061701752
1,0.8257372
1,0.95813084
0,0.14925675
0,0.14925675
0,0.2913388
0,0.10032622
0,0.0452229
1,0.8700564
0,0.052544422
0,0.05354842
0,0.08783656
0,0.6680784
1,0.2350319
0,0.19647416
1,0.8973414
1,0.81060046
1,0.91133636
0,0.65090245
0,0.17779565
0,0.12988108
0,0.21211086
1,0.8637004
1,0.45225888
1,0.6989877
0,0.21121716
0,0.55758804
0,0.2938773
1,0.75753766
0,0.10091451
1,0.75441396
0,0.22103158
0,0.10834506
0,0.16739973
1,0.31360367
0,0.19870059
1,0.6051338
0,0.5673781
1,0.6512391
0,0.18804742
1,0.43408984
0,0.15034539
1,0.59883684
1,0.59883684
1,0.67155874
1,0.5661985
1,0.59883684
1,0.67155874
1,0.67155874
0,0.29937038
0,0.15004812
0,0.11750694
0,0.36970246
1,0.7403419
1,0.33814856
0,0.25334263
1,0.41859752
1,0.93106705
0,0.20880789
0,0.28593975
1,0.9141791
0,0.8616045
0,0.07565402
1,0.6239739
0,0.26261374
0,0.10656402
0,0.18944506
1,0.5460648
1,0.77336526
1,0.98734146
0,0.15969655
0,0.20183383
1,0.9939699
1,0.9939699
1,0.9918916
1,0.98253524
1,0.9916353
0,0.3194762
0,0.13261965
0,0.076877765
0,0.33652067
1,0.6358732
0,0.20219804
1,0.75175464
1,0.98668796
0,0.044261973
0,0.045759507
0,0.045759507
0,0.2739901
1,0.73817044
0,0.21192674
0,0.039158076
1,0.52439165
1,0.7872573
1,0.8068489
1,0.7044082
1,0.58699894
1,0.93212503
0,0.08234337
0,0.29100245
0,0.21395051
0,0.35932964
0,0.40035424
1,0.87709075
1,0.9144463
0,0.2194878
0,0.71454835
1,0.7667743
1,0.9800971
1,0.95484334
0,0.117156714
0,0.13923252
0,0.2956255
1,0.43784785
1,0.8369138
1,0.26242128
1,0.9475559
1,0.9082776
0,0.07633949
0,0.25769556
0,0.30503008
0,0.23935358
0,0.57048035
1,0.907148
0,0.16493858
1,0.93428886
1,0.9924942
1,0.9970758
1,0.9966485
1,0.9936985
1,0.9917658
1,0.99543756
1,0.9951981
1,0.9967656
1,0.9970565
1,0.995884
1,0.9935835
1,0.9969868
1,0.9969528
1,0.9970565
1,0.9967656
1,0.9970565
1,0.9970565
1,0.99672747
1,0.9970565
1,0.9967744
1,0.9970565
1,0.47135177
1,0.7989274
0,0.05136042
0,0.05212318
1,0.708592
0,0.059324447
1,0.9552786
0,0.72860533
0,0.2889915
1,0.9026127
1,0.8585396
0,0.14316963
1,0.9697724
1,0.9697724
1,0.9697724
0,0.17356773
0,0.10684462
1,0.7507192
0,0.07768641
1,0.21358536
0,0.18441567
0,0.09844651
1,0.57254153
0,0.081823334
0,0.09085604
1,0.16812317
1,0.9962537
1,0.91994935
1,0.1304942
1,0.37136132
1,0.5823853
1,0.87152964
1,0.87152964
1,0.87152964
0,0.22521497
1,0.46184292
0,0.47081697
1,0.9896898
1,0.19804281
0,0.11650076
1,0.98896044
1,0.9911913
1,0.7700435
0,0.25512585
0,0.13316527
0,0.16165227
1,0.8455732
0,0.90762246
0,0.113272436
0,0.12629792
0,0.26478103
1,0.6043367
1,0.31793734
0,0.25688785
0,0.27521318
1,0.592989
0,0.31414744
0,0.33687928
0,0.36014324
1,0.9513659
1,0.9206527
1,0.9630684
1,0.91660196
1,0.89687115
0,0.2871263
0,0.10907721
0,0.23997675
1,0.6699557
0,0.08475199
1,0.76718795
1,0.69579077
1,0.66603273
1,0.5354392
1,0.9131404
1,0.82889277
1,0.69238895
1,0.6443181
0,0.035933148
0,0.034179002
1,0.99830925
1,0.5427351
1,0.3826961
1,0.95496094
0,0.19431199
0,0.23694809
0,0.121175565
1,0.76124656
1,0.3092115
1,0.5414279
0,0.25547728
0,0.27218983
0,0.27389258
0,0.24502577
0,0.066988796
1,0.13151637
0,0.15256645
0,0.14963204
1,0.6599924
1,0.32166398
0,0.026656408
0,0.01817383
1,0.73910844
1,0.814638
1,0.8608154
0,0.26172647
1,0.69713145
1,0.9162268
1,0.9058969
0,0.6487118
0,0.058814436
0,0.040814985
0,0.03769075
0,0.061698455
0,0.061698455
0,0.05068937
0,0.15236536
0,0.21083593
0,0.14703201
0,0.17411338
0,0.12902972
1,0.7981205
0,0.26051372
1,0.9869571
1,0.97621936
1,0.98671883
0,0.08915622
0,0.100464076
0,0.03703366
0,0.13652025
0,0.061515383
0,0.07980344
0,0.25746867
1,0.23789716
0,0.054138556
1,0.9980369
1,0.79241574
1,0.8362872
1,0.7584866
0,0.13140316
1,0.95364666
1,0.90841436
1,0.8035671
0,0.0873582
1,0.8826205
1,0.9037399
1,0.69236547
1,0.25419104
0,0.31749606
1,0.78800017
0,0.27122846
1,0.45353034
1,0.5484857
0,0.24279067
1,0.43199578
1,0.771096
1,0.34694108
0,0.13407792
1,0.74157137
1,0.8651793
1,0.9222764
1,0.80605364
0,0.27266645
1,0.69461954
0,0.09616391
1,0.73871875
1,0.47389346
1,0.24574886
0,0.3217849
1,0.9742459
1,0.87931526
1,0.9742459
1,0.9836053
1,0.8668659
1,0.89877117
1,0.84740555
1,0.83509517
1,0.75774264
1,0.81786066
1,0.7079648
1,0.8501575
1,0.8533744
1,0.8479404
1,0.63611656
1,0.92864025
1,0.84786934
1,0.8577237
1,0.94531244
1,0.6648832
1,0.9052806
1,0.84156746
1,0.8577237
1,0.75844103
1,0.8948553
1,0.826309
1,0.8834947
1,0.9745997
1,0.9580926
1,0.9427952
0,0.27183932
1,0.71240246
1,0.96911544
1,0.8656289
1,0.68575233
1,0.6235384
0,0.32620478
0,0.43133685
1,0.7347179
1,0.7983346
0,0.20016578
0,0.075365156
0,0.048723936
0,0.21406719
1,0.3927989
0,0.25873882
1,0.7108236
1,0.9989103
0,0.33238694
0,0.23351552
1,0.34574378
1,0.7230189
0,0.46991348
0,0.2687459
0,0.1182996
0,0.16223425
0,0.12571663
0,0.029261647
1,0.22802615
0,0.12295645
0,0.10686075
0,0.6172528
1,0.6604441
0,0.7843229
1,0.274451
1,0.9085522
0,0.12324784
0,0.1740142
1,0.2421279
0,0.046415456
0,0.06992419
0,0.16257107
1,0.9905772
0,0.1859791
0,0.32046947
0,0.22249165
0,0.21613964
0,0.071022384
0,0.27949396
0,0.3527803
0,0.5592406
0,0.67449534
0,0.099089354
1,0.97977054
0,0.52594376
0,0.41111395
0,0.070621714
0,0.09450781
1,0.47483963
1,0.9614263
0,0.13575262
0,0.1176152
0,0.300808
1,0.22939134
0,0.25506094
1,0.19003844
1,0.22392274
1,0.9447754
1,0.76332617
1,0.61637545
0,0.102862276
1,0.84890085
1,0.95614606
1,0.9895774
0,0.22655767
1,0.6788492
1,0.5845654
1,0.6363136
0,0.03856181
0,0.0606778
0,0.043137953
0,0.021875788
1,0.8786694
0,0.23820278
1,0.70967335
0,0.031283624
0,0.21084902
0,0.35341704
0,0.16882308
0,0.13487653
1,0.19758186
0,0.16697653
0,0.072925076
1,0.9015949
0,0.10935062
1,0.5488066
0,0.44408423
0,0.4749944
0,0.120823644
1,0.49207643
0,0.3915323
1,0.8353823
0,0.70214146
0,0.1821999
0,0.36711168
1,0.37105638
0,0.068989046
0,0.12426455
0,0.08323727
0,0.36278927
1,0.78877753
1,0.99562305
1,0.9434784
1,0.8304107
0,0.44559565
0,0.19342595
1,0.8936657
0,0.39333338
0,0.21391104
0,0.29531357
1,0.9647486
1,0.9647486
1,0.9942719
1,0.9928532
0,0.3403697
1,0.9209717
1,0.8513098
1,0.45921996
1,0.530106
1,0.492403
0,0.26151267
0,0.34279847
0,0.33484173
0,0.49104464
0,0.2999736
0,0.25621855
1,0.99958557
1,0.99958557
1,0.14380936
1,0.81315565
1,0.91853577
1,0.8316394
1,0.87918127
1,0.8892771
1,0.8956632
1,0.6141391
1,0.37598905
0,0.2718449
1,0.94907606
1,0.37732542
1,0.741396
1,0.96683425
0,0.20822696
0,0.23240902
1,0.45493662
0,0.63413274
0,0.112429455
1,0.56231874
1,0.3555649
0,0.038737908
0,0.06113043
0,0.17705882
0,0.09196105
0,0.28597856
1,0.8462624
1,0.99421024
1,0.9359561
0,0.24779521
0,0.3526198
1,0.99791664
1,0.9988201
1,0.99863005
1,0.99863005
1,0.7055003
1,0.78388727
0,0.28479427
1,0.9673344
1,0.98450816
0,0.21594769
0,0.088367775
0,0.09611762
1,0.84411013
1,0.9709891
1,0.68152934
0,0.11777719
1,0.2085779
1,0.83690786
0,0.054366324
1,0.98599315
1,0.89615947
0,0.8239189
1,0.44859058
0,0.1343684
0,0.2120493
0,0.013123284
0,0.15469886
0,0.090501726
0,0.4088658
1,0.8639653
0,0.21115997
1,0.34376207
0,0.2563135
0,0.28774613
0,0.22403862
0,0.19702134
0,0.29964405
0,0.31209013
1,0.6973742
0,0.02273163
1,0.6003672
0,0.69386524
0,0.4908383
0,0.062994815
0,0.032504447
0,0.038488403
1,0.91102946
1,0.9941507
0,0.12055903
0,0.095649965
0,0.070679456
0,0.28543037
0,0.15182999
1,0.2389697
0,0.14581794
0,0.16407521
0,0.30489382
0,0.05748359
0,0.35290793
1,0.9046426
1,0.82756764
0,0.28876048
0,0.035074756
0,0.035074756
0,0.035074756
1,0.99116
0,0.20060074
0,0.056244746
1,0.9055434
0,0.0818425
1,0.566185
0,0.25678048
1,0.92702854
0,0.31409693
0,0.14740726
0,0.2926463
1,0.7667897
1,0.89468896
1,0.8989515
0,0.040218208
0,0.055225786
0,0.1046964
1,0.96275216
1,0.51047647
0,0.18311329
0,0.18597482
0,0.36654657
1,0.4285947
1,0.64436036
0,0.0660322
0,0.10865181
1,0.37682194
0,0.21930386
1,0.85783964
0,0.06265484
1,0.19940887
1,0.9753566
0,0.1416882
0,0.252938
0,0.2313259
0,0.16867557
0,0.63569385
1,0.63991064
1,0.46700984
1,0.76668775
0,0.21755148
0,0.30379632
0,0.19358659
1,0.989021
1,0.989021
1,0.989021
1,0.989021
1,0.989021
1,0.989021
1,0.9013855
1,0.99365
1,0.8650579
0,0.09171066
0,0.043842997
0,0.06102037
0,0.2152274
1,0.7277345
1,0.63110363
0,0.45539317
0,0.14450637
0,0.5001503
1,0.6215844
0,0.29734826
1,0.34122053
0,0.24570219
1,0.4203027
1,0.9983419
1,0.9983419
0,0.053898875
1,0.8119663
1,0.847501
0,0.87294954
1,0.9140511
1,0.8944636
0,0.16928871
1,0.5396694
0,0.30468154
1,0.92351913
1,0.97464854
1,0.93144506
1,0.93250066
1,0.9428311
1,0.70243007
1,0.9694299
0,0.6179259
1,0.40616095
1,0.97772276
1,0.8457197
1,0.867696
0,0.5583773
0,0.23063184
1,0.642073
0,0.27611712
0,0.2374951
0,0.16610515
0,0.264146
0,0.13768764
0,0.2624461
0,0.11668983
1,0.9359861
1,0.777736
1,0.7009639
1,0.99512625
1,0.7892795
0,0.21354435
1,0.8374619
0,0.10113366
0,0.12293278
0,0.11523394
0,0.26142848
0,0.27548474
1,0.7259133
0,0.14210024
0,0.1530479
0,0.027000837
0,0.2225793
0,0.22131647
1,0.14008176
1,0.27269858
1,0.8348
1,0.41558018
1,0.92825735
1,0.9471446
1,0.95686436
1,0.95686436
1,0.9560007
1,0.9549902
1,0.94885975
1,0.95686436
1,0.92825735
1,0.96268356
1,0.88827163
1,0.9560007
1,0.94885975
1,0.9549902
1,0.94063705
1,0.97109085
1,0.9560007
1,0.9549902
1,0.92825735
1,0.9707037
1,0.94696337
1,0.94696337
0,0.94063705
0,0.17239684
1,0.7404294
1,0.9726671
1,0.92936033
1,0.89369404
0,0.28937906
0,0.08775133
1,0.4057761
0,0.04135881
1,0.2470018
1,0.9910971
1,0.9910971
1,0.7606073
1,0.7253812
1,0.9919314
0,0.17000449
0,0.17035946
0,0.46538007
1,0.63963723
0,0.15921916
0,0.59285915
1,0.87302905
1,0.80532897
0,0.39247337
1,0.27990022
0,0.14716786
0,0.68690354
0,0.22681127
1,0.7399214
1,0.94578546
1,0.9662702
1,0.98122966
1,0.98122966
0,0.03380008
0,0.034769326
0,0.20713197
1,0.73186004
1,0.98699087
1,0.736429
1,0.45869747
1,0.40899885
1,0.50367486
0,0.079930976
0,0.49090362
0,0.29898626
0,0.19511107
1,0.8363865
0,0.13711451
0,0.093759954
1,0.33273697
1,0.50560665
0,0.13095865
1,0.93027645
1,0.5716087
0,0.22357984
1,0.60755986
0,0.01771663
0,0.10650282
1,0.9787128
1,0.9787128
1,0.98132
0,0.35826784
0,0.14249949
1,0.83219236
1,0.9898477
0,0.09515259
0,0.11532423
0,0.18012679
1,0.6711357
1,0.4251826
1,0.879213
1,0.9174532
1,0.763049
1,0.77549756
0,0.41389555
0,0.38151312
0,0.39146298
0,0.4516334
1,0.6952464
1,0.97224265
1,0.30353642
1,0.8701733
1,0.9099567
0,0.47444442
0,0.2430438
0,0.04217772
1,0.39329723
0,0.09438372
1,0.9348787
1,0.8090933
0,0.16963387
1,0.34148514
0,0.034431323
1,0.38489
0,0.23647334
1,0.94042903
0,0.26935127
0,0.10177525
1,0.9202262
0,0.5390583
0,0.5100186
1,0.822454
1,0.7535401
1,0.8270727
1,0.6055117
0,0.11130906
1,0.38574573
0,0.09820008
0,0.111336686
1,0.5384756
1,0.9973271
1,0.8801485
1,0.35077468
1,0.24218829
1,0.87105876
1,0.930863
1,0.9352544
1,0.9352544
1,0.8908874
0,0.0096548805
0,0.27786946
0,0.1880737
1,0.8766915
0,0.25468963
1,0.5801953
0,0.27766362
1,0.9053839
1,0.8065658
1,0.9521181
1,0.87936616
1,0.8664285
1,0.75287914
1,0.65790117
1,0.16541056
1,0.22459687
1,0.22977744
1,0.25677556
1,0.33787894
1,0.9118351
1,0.41507408
1,0.9990532
0,0.031797964
1,0.47036153
0,0.29739788
1,0.7001437
1,0.91391873
1,0.9570412
1,0.9570412
1,0.9708209
1,0.81494176
1,0.88041574
1,0.3110809
1,0.9499681
1,0.821109
1,0.87452847
1,0.8568684
1,0.9648498
0,0.2097804
1,0.62373704
1,0.7727129
1,0.9803396
1,0.9803396
1,0.9782285
1,0.9782285
0,0.037260026
0,0.045036417
1,0.5020941
1,0.9800133
1,0.5414279
0,0.28273323
0,0.16426979
0,0.11359166
0,0.13870417
1,0.7552404
1,0.9259221
0,0.32687277
0,0.27322486
0,0.032028
0,0.17802258
0,0.47558197
1,0.7686069
1,0.8543935
1,0.43625492
0,0.15778637
0,0.6649992
0,0.39051285
0,0.20103888
0,0.07917169
1,0.8100331
