y_true,y_prob
0,0.21427764
1,0.5210898
1,0.8736941
1,0.9578942
0,0.36895376
0,0.14924356
0,0.084737144
0,0.061581694
1,0.941803
0,0.04786027
0,0.44328442
1,0.5766977
1,0.90314853
1,0.9104204
1,0.9486211
1,0.93171746
1,0.9451267
1,0.8102489
1,0.93243754
1,0.93887806
1,0.9346173
1,0.95447177
0,0.12372435
1,0.8978914
1,0.851685
1,0.34800708
1,0.82671976
1,0.90809613
0,0.44576532
0,0.30790058
1,0.8863678
1,0.6874472
1,0.867147
1,0.867147
0,0.28337172
0,0.25238305
1,0.8526071
0,0.07530588
0,0.10253627
0,0.13763289
1,0.6859157
0,0.2674339
1,0.6513609
0,0.08894848
1,0.5026693
0,0.2200147
1,0.80172473
0,0.2681599
1,0.9516907
1,0.23659755
1,0.63881326
1,0.7568674
0,0.12473268
1,0.9656398
0,0.054999452
1,0.94649917
1,0.98206586
0,0.030882446
0,0.19317654
1,0.91868055
0,0.21923545
0,0.19785193
0,0.3427619
1,0.942282
1,0.23562145
0,0.11964096
0,0.08872703
0,0.16759934
0,0.062326215
0,0.06419563
0,0.3200849
1,0.62139124
0,0.2044524
0,0.30721858
0,0.3364183
1,0.41793528
0,0.08360508
0,0.129519
0,0.08491229
1,0.61125296
1,0.49961877
1,0.6883883
1,0.51794374
1,0.58104295
1,0.26490945
1,0.92329115
0,0.1897537
0,0.5755663
1,0.71351033
1,0.61915684
1,0.7383912
0,0.45838642
1,0.62666285
1,0.43291625
1,0.543644
0,0.23249337
0,0.3372386
0,0.1849988
0,0.47953886
0,0.5814697
1,0.8907635
1,0.71830785
0,0.29749522
1,0.9392738
1,0.87810385
1,0.93833005
1,0.6515195
0,0.3290669
1,0.5661927
0,0.40923184
1,0.6571803
0,0.1387093
0,0.10278059
1,0.85501844
0,0.24992171
0,0.13403635
1,0.91765004
1,0.91226214
1,0.85046417
1,0.99469733
1,0.99023473
1,0.98893666
1,0.9849979
1,0.84440726
1,0.91331077
1,0.8648268
1,0.92452455
1,0.9151345
1,0.8724803
0,0.18634897
0,0.19730048
1,0.9647131
1,0.8693204
1,0.95191693
0,0.14338216
0,0.17254867
1,0.3495859
1,0.32653597
0,0.13342866
0,0.18089736
0,0.12551552
1,0.91899055
1,0.5301304
1,0.71597075
1,0.4138764
0,0.30694196
1,0.6585138
1,0.4159834
0,0.31731474
0,0.02760836
0,0.074967146
0,0.27327335
1,0.5001099
1,0.640181
0,0.028528877
0,0.02902751
0,0.014581372
1,0.5602897
0,0.25423986
1,0.8508503
1,0.92963874
1,0.9549665
1,0.9235426
1,0.8656432
1,0.89770097
1,0.9314981
1,0.9372003
1,0.7865103
1,0.78076094
1,0.77400213
0,0.23658736
1,0.8450898
0,0.13055009
1,0.98407435
1,0.7904497
0,0.23713998
1,0.52946484
1,0.49451485
1,0.6839074
0,0.3605765
0,0.18932362
0,0.17232376
0,0.28800967
0,0.09816454
1,0.62687385
0,0.08278074
1,0.83012784
0,0.2559299
0,0.6352877
1,0.5962186
0,0.17038627
0,0.050203588
1,0.5988587
0,0.1337422
0,0.27070212
0,0.03312045
0,0.26747823
0,0.100930795
1,0.86210436
1,0.62582535
1,0.9856549
1,0.9836849
1,0.9836849
1,0.9814662
1,0.98263526
1,0.9836849
1,0.8670103
0,0.17523704
0,0.21340548
0,0.2678031
1,0.91404843
0,0.09574782
0,0.39474934
0,0.06578177
1,0.46493524
1,0.4854326
1,0.98156667
1,0.9183639
1,0.9130191
1,0.89054936
1,0.8964122
1,0.8686733
0,0.08524697
1,0.80229944
0,0.37750855
1,0.93431115
1,0.96193224
1,0.96193224
0,0.3327519
0,0.13380994
1,0.8707334
1,0.8802266
1,0.7567363
0,0.20728838
1,0.21898137
0,0.08942915
0,0.114982195
0,0.11067939
0,0.3200363
1,0.77662617
0,0.30197778
0,0.39196074
0,0.35344926
0,0.23516293
0,0.36911902
1,0.5094571
0,0.12364671
0,0.05352105
0,0.08019223
0,0.09321944
0,0.048948668
0,0.106439374
1,0.8401833
0,0.7128845
1,0.46192378
0,0.033421826
0,0.123522
0,0.06863957
0,0.065875195
1,0.7678837
0,0.5738272
0,0.04152866
1,0.90201646
1,0.8789589
0,0.3345452
1,0.6774102
0,0.47051337
1,0.8324901
1,0.8478842
0,0.09917362
1,0.9140535
0,0.3566035
0,0.09390391
0,0.35754278
1,0.7586266
1,0.36816123
0,0.33763
0,0.16927224
0,0.10184711
0,0.09499805
0,0.2024613
0,0.153857
1,0.97998464
0,0.14696646
0,0.19359685
0,0.065146275
0,0.2187188
0,0.049554963
1,0.8872871
0,0.2502244
0,0.09999856
0,0.22673659
0,0.17526342
1,0.77556384
1,0.91731447
0,0.56031394
1,0.9440619
0,0.32291535
1,0.65883315
1,0.18248504
0,0.12682721
0,0.16873726
1,0.37535992
0,0.3019621
0,0.50835943
1,0.98106694
0,0.06680246
0,0.29869047
0,0.124755695
1,0.74176264
0,0.20825534
0,0.27944154
0,0.2851751
0,0.20664707
0,0.107792124
0,0.18405804
1,0.7792716
0,0.19688997
0,0.20932406
1,0.45885628
0,0.3572311
1,0.8370682
1,0.9167193
1,0.8611947
1,0.9425484
1,0.9510974
1,0.9480395
1,0.9354663
1,0.9168617
0,0.0995387
1,0.9483147
0,0.25261772
1,0.9512716
1,0.98767126
0,0.2566005
1,0.44734174
1,0.36302164
1,0.36288288
0,0.15579619
0,0.41527146
0,0.43469647
0,0.38797343
0,0.40899262
1,0.3048504
1,0.6970192
1,0.81690127
0,0.13326898
0,0.09744713
1,0.85967845
1,0.87737095
1,0.79326934
0,0.15269342
0,0.22610779
0,0.13071091
1,0.43942347
0,0.2586913
1,0.42710584
0,0.114075616
0,0.12161997
0,0.4696302
1,0.6720037
0,0.0574086
0,0.31190956
0,0.3169279
0,0.10239436
1,0.77988905
0,0.4193338
0,0.30306754
1,0.8950598
1,0.84066015
1,0.892258
1,0.91851836
0,0.17264053
1,0.7583243
0,0.2954499
0,0.16224693
0,0.2611886
1,0.755213
0,0.10967727
0,0.068932086
0,0.26559103
1,0.6022355
0,0.18281664
0,0.24208452
1,0.8179095
1,0.88739043
1,0.9644438
1,0.83538383
1,0.86437136
1,0.93831056
1,0.956213
1,0.90021807
1,0.7052856
1,0.47350302
0,0.08478242
0,0.09209879
0,0.077794455
0,0.07194615
1,0.8789766
1,0.926934
1,0.9124713
1,0.8902219
0,0.020645771
0,0.034535717
0,0.12919204
1,0.8027468
0,0.30160475
0,0.310531
0,0.22836086
1,0.37362406
0,0.45339322
0,0.24092808
0,0.20166534
0,0.10887628
0,0.5298126
0,0.16193573
1,0.9031068
0,0.04786659
0,0.16507229
0,0.54103136
1,0.5870422
0,0.5083424
1,0.9278046
1,0.94274414
1,0.93934226
1,0.714145
0,0.30926415
0,0.7419515
1,0.7247368
1,0.4952023
1,0.62495655
0,0.75875276
0,0.14891419
1,0.812498
1,0.6378963
1,0.74586964
0,0.55789846
0,0.069313064
0,0.02348846
0,0.10807502
1,0.5878098
0,0.73178923
1,0.8724917
0,0.3183527
1,0.8238898
1,0.6641377
1,0.6213078
0,0.12380125
0,0.11779122
1,0.92404103
1,0.9804217
1,0.47979033
0,0.67926097
0,0.22064748
0,0.20040357
0,0.31245726
0,0.12586448
0,0.24241026
1,0.79530966
1,0.8338353
1,0.874079
1,0.4133773
1,0.7746388
1,0.6243118
0,0.5555799
1,0.9826346
1,0.95440876
1,0.93577415
1,0.8532792
0,0.31412092
1,0.7233206
1,0.7201664
0,0.39688247
1,0.88084674
1,0.94144666
1,0.9297792
1,0.9467737
0,0.03248645
0,0.12872057
1,0.55603987
0,0.11690676
1,0.6689091
1,0.8512213
1,0.6401938
1,0.5612703
0,0.3086837
1,0.46118924
1,0.55965376
0,0.16740559
1,0.9330161
1,0.90094656
0,0.22534311
1,0.9755848
1,0.97173303
1,0.9771796
1,0.98367774
1,0.98730963
1,0.98586464
1,0.97465
1,0.9899795
1,0.9766003
1,0.99142075
1,0.99142075
1,0.9666863
0,0.30598414
0,0.2611945
1,0.72236156
1,0.5094358
1,0.63150907
1,0.5358399
0,0.51001805
1,0.83703554
1,0.37320533
1,0.2132804
1,0.84206986
1,0.85898113
1,0.94623715
1,0.9030279
1,0.93459576
0,0.36600676
0,0.60718334
0,0.5713438
0,0.62590384
1,0.40369925
1,0.8555339
0,0.6436924
1,0.5866399
1,0.3117134
0,0.16441104
0,0.21959992
0,0.1042958
1,0.9921171
1,0.9963894
1,0.98636657
1,0.9954454
0,0.20636053
0,0.25068426
1,0.6862672
0,0.23074414
1,0.63264614
0,0.0810499
0,0.39920256
0,0.3418342
1,0.8908347
1,0.841532
0,0.37809658
0,0.26788765
0,0.3602649
0,0.19623
1,0.6503577
0,0.21688178
0,0.09264406
1,0.59943974
0,0.18379082
0,0.5323892
1,0.78353095
1,0.87436134
1,0.7998572
0,0.19394921
0,0.12152843
0,0.20056586
1,0.43719202
1,0.8395816
0,0.3190176
1,0.40246636
0,0.16666794
1,0.58575886
0,0.4833436
1,0.5005432
0,0.20724308
0,0.08422072
0,0.40621924
0,0.35217795
0,0.18054187
0,0.29782546
0,0.04386933
0,0.038361583
0,0.09130131
0,0.0320252
1,0.68923956
1,0.59366065
1,0.68923956
1,0.65458006
1,0.44343227
0,0.3240162
0,0.2718332
0,0.43670723
1,0.92402405
0,0.17181468
0,0.066547684
1,0.92172843
1,0.85384834
0,0.37411076
0,0.02896712
0,0.055648755
1,0.92006207
0,0.16699158
1,0.47095332
0,0.17836931
0,0.24234435
1,0.86351573
0,0.07951749
1,0.6060757
0,0.039390206
0,0.06446205
0,0.0829768
1,0.7454608
1,0.4858193
1,0.55268633
0,0.31476125
0,0.23208123
0,0.2430576
1,0.7038388
0,0.24456517
1,0.8811465
1,0.8833464
1,0.9069424
0,0.5674363
0,0.25592124
0,0.5132901
1,0.39590785
1,0.95881367
0,0.1167392
1,0.79900956
0,0.028295295
0,0.03598711
0,0.04689882
0,0.11261085
0,0.22338131
0,0.14022441
0,0.38208923
1,0.8844592
1,0.71238714
0,0.2000327
0,0.28085226
0,0.16538106
0,0.25034887
0,0.05420071
0,0.3153989
0,0.15863769
1,0.6325172
1,0.9575373
1,0.9626504
0,0.17704307
1,0.24365735
0,0.13052127
1,0.8357615
0,0.2543586
0,0.15339507
0,0.21738975
1,0.85353357
0,0.19641314
0,0.38010746
1,0.6500758
1,0.77872485
1,0.7257159
1,0.670333
1,0.6505861
1,0.69291204
1,0.72986436
1,0.6984422
1,0.8880495
1,0.5852427
0,0.599131
0,0.52768373
1,0.95853186
0,0.27161244
0,0.43736398
0,0.3002827
1,0.7907398
0,0.14166273
1,0.78134423
0,0.27554998
1,0.3823875
1,0.8748698
1,0.78426343
0,0.5459251
1,0.66575146
0,0.3449855
1,0.5787208
0,0.24948385
0,0.34448478
0,0.2659148
0,0.4684673
0,0.55302656
0,0.19715193
1,0.9011909
1,0.8699684
1,0.8844743
0,0.13832879
1,0.9701806
1,0.71880263
0,0.4271069
1,0.8159092
1,0.7264651
1,0.82462895
1,0.8029346
0,0.099446654
1,0.54684365
0,0.07315103
0,0.20411782
0,0.575198
0,0.28130206
1,0.66656846
1,0.6719024
1,0.90842235
1,0.90755767
1,0.92260754
1,0.54955703
1,0.8944571
0,0.18628123
0,0.11837843
0,0.20648552
0,0.12975359
0,0.37149
1,0.95086163
0,0.24969299
0,0.20464627
1,0.22531913
0,0.106948934
0,0.33051005
0,0.45464844
0,0.058812536
0,0.19622438
0,0.20164578
1,0.70179504
0,0.22963032
1,0.80446196
1,0.3844989
1,0.55264175
0,0.24236661
0,0.3759386
0,0.39000353
1,0.728744
0,0.04118483
0,0.050362147
1,0.24106179
0,0.03938981
0,0.1345554
1,0.6275399
0,0.23921421
1,0.56692845
1,0.7106661
1,0.71360004
0,0.38514796
0,0.20604067
0,0.09626436
0,0.17352507
1,0.88692355
1,0.903753
0,0.20568341
1,0.8297292
1,0.5683863
0,0.078502685
0,0.21254873
0,0.660624
0,0.75382864
0,0.12654886
1,0.68864965
1,0.8301751
0,0.20083308
0,0.1913746
0,0.24233544
1,0.6662094
1,0.30129442
0,0.115629874
0,0.1407546
0,0.20965587
0,0.1835063
0,0.30576977
1,0.75627947
0,0.23163961
1,0.7111395
0,0.3626832
1,0.48021474
1,0.46378064
0,0.2626216
0,0.1957982
0,0.24445377
1,0.8486777
0,0.19266735
0,0.2012482
1,0.6956937
0,0.10181258
0,0.08546496
0,0.2759572
0,0.21790163
1,0.33118692
0,0.14429274
1,0.638029
0,0.10467072
0,0.41991633
1,0.82491624
1,0.5448838
0,0.17443117
1,0.72584134
1,0.92508674
1,0.8298441
0,0.21252133
0,0.13012625
0,0.055198826
1,0.23415086
1,0.24805398
1,0.7426313
0,0.3228529
1,0.8730521
0,0.19104187
1,0.97816044
1,0.97937965
1,0.70302516
0,0.06648429
0,0.06878329
1,0.57057697
1,0.83099973
1,0.1605854
1,0.7406324
0,0.2960467
0,0.11455185
0,0.17238675
0,0.17146376
0,0.27265987
0,0.33228683
0,0.3952834
0,0.24421103
1,0.34230727
1,0.9216149
1,0.7049826
1,0.63058555
0,0.14025405
1,0.8290525
0,0.21995118
1,0.73196656
0,0.08190114
0,0.4431368
1,0.49318236
0,0.043086294
0,0.34406096
0,0.26777282
0,0.038788814
0,0.03134906
0,0.022359643
0,0.13105778
0,0.12619914
0,0.27847877
0,0.1484197
0,0.20394637
1,0.7238376
1,0.7841782
0,0.86394954
0,0.41113925
0,0.33917156
0,0.09344374
0,0.04856406
1,0.97640675
1,0.97752553
1,0.987713
1,0.9838086
1,0.9859627
0,0.5809452
1,0.98110884
1,0.98110884
1,0.98110884
1,0.98110884
1,0.8067876
0,0.20092024
0,0.057777144
1,0.42414936
1,0.6587227
1,0.72269934
0,0.2583791
0,0.065964125
1,0.9654304
1,0.96322596
1,0.9663078
0,0.09675327
1,0.82393634
0,0.4468637
1,0.72559994
1,0.64381874
0,0.12958543
0,0.26712316
1,0.85755163
1,0.94875175
1,0.32260388
0,0.6386278
1,0.980416
1,0.6258341
1,0.8317217
1,0.5450885
0,0.12489556
0,0.1458376
0,0.16654624
0,0.26332232
1,0.5226704
0,0.09878932
0,0.22269873
1,0.35663655
1,0.60172594
1,0.8643496
1,0.5126767
1,0.7078998
0,0.5101904
0,0.64223033
0,0.36144936
0,0.6510285
0,0.59623694
0,0.6268141
1,0.7302896
1,0.6474663
1,0.5558393
1,0.57899517
1,0.5977549
1,0.62013537
1,0.7841047
1,0.69947815
1,0.80850804
1,0.8734172
0,0.056567
0,0.21965544
0,0.12903798
1,0.74827766
0,0.23238918
1,0.64966565
0,0.27570355
0,0.48918188
0,0.29915982
0,0.2697307
0,0.13642326
0,0.036114406
0,0.05013885
0,0.43894905
0,0.29382557
1,0.59444153
1,0.857149
1,0.8557
1,0.8829073
1,0.92032564
1,0.9279065
1,0.79632103
1,0.8764181
1,0.9205961
1,0.82851726
1,0.8633467
1,0.8180289
1,0.855278
1,0.89053214
1,0.7417401
1,0.73641235
1,0.45881814
1,0.6160283
1,0.4913969
0,0.6468445
1,0.6290648
0,0.20565672
1,0.29536086
1,0.8243228
0,0.2947263
1,0.7088374
1,0.29142004
0,0.077802114
0,0.08625073
1,0.83799744
1,0.93857986
0,0.20814264
0,0.10454238
0,0.06972019
0,0.050983682
0,0.05010913
0,0.32894042
1,0.69903994
0,0.6260633
0,0.28855777
0,0.25831628
0,0.08585776
0,0.19288014
1,0.8502741
1,0.8717164
0,0.39699483
1,0.9267575
1,0.9441799
0,0.31167686
1,0.584901
0,0.27295786
0,0.19712894
0,0.22625567
1,0.96152925
1,0.8105991
1,0.33803707
0,0.24352308
1,0.8631435
1,0.7419224
0,0.37582704
1,0.8953855
1,0.8481867
1,0.91090804
1,0.83498704
1,0.94937295
1,0.84134674
0,0.40524554
0,0.42438716
0,0.49863932
1,0.8428721
1,0.9383849
0,0.48724836
0,0.3895183
0,0.040656447
1,0.3028979
1,0.4763639
1,0.726161
0,0.13562253
1,0.9144238
0,0.2550203
1,0.90495324
1,0.5842962
1,0.8592832
1,0.903263
1,0.70960075
0,0.45419464
0,0.1559636
1,0.8493136
0,0.30257323
1,0.9402413
1,0.54879457
1,0.97428834
0,0.19992006
0,0.32648516
0,0.09349341
1,0.85535294
0,0.088900514
0,0.077563636
1,0.31581625
0,0.25590673
1,0.88502306
0,0.076775074
0,0.10594655
0,0.058832098
1,0.98071057
0,0.24438605
0,0.26221666
0,0.43513557
0,0.50857675
0,0.52636373
0,0.41024694
1,0.7108487
0,0.27184516
0,0.2084531
1,0.96718377
1,0.96718377
1,0.9244297
1,0.66020125
0,0.32961342
1,0.3508251
1,0.79292744
0,0.10782049
0,0.10745463
0,0.42351532
1,0.5785178
1,0.5376109
1,0.85915667
1,0.9506509
0,0.42038426
0,0.44605953
0,0.49544036
0,0.296006
0,0.34461904
1,0.8926883
1,0.8485459
0,0.24800457
0,0.043423016
0,0.16181687
1,0.49806342
1,0.98999864
1,0.97918737
1,0.56214345
0,0.21486707
1,0.27548432
0,0.09056835
0,0.089667164
0,0.24940404
1,0.95425415
1,0.6985703
0,0.14357507
1,0.75063384
1,0.57930046
0,0.06566692
1,0.85870725
0,0.22315158
0,0.056118682
1,0.41593954
0,0.15209202
1,0.8999453
0,0.17735536
0,0.1611096
1,0.35762042
0,0.12280616
1,0.92601556
0,0.045753606
0,0.057157822
0,0.04307418
1,0.79807085
1,0.81590706
1,0.67030954
1,0.92599183
1,0.4883396
0,0.12683019
0,0.21950196
0,0.23763296
0,0.20671389
0,0.18002939
0,0.18881191
0,0.6016807
1,0.8599876
0,0.3386539
1,0.5913394
1,0.8246338
1,0.9087464
1,0.8699691
1,0.88116425
1,0.9005281
1,0.94494635
0,0.036788967
1,0.6424557
0,0.28031603
0,0.26776153
1,0.78765965
1,0.9408925
1,0.852119
1,0.8834587
1,0.87172645
1,0.9453559
1,0.9064495
1,0.78712624
0,0.27780777
0,0.25541934
0,0.2755406
1,0.3488916
0,0.1955918
0,0.13393487
0,0.25934586
1,0.9235956
0,0.27355698
0,0.043196823
0,0.31464574
0,0.13704464
1,0.8304974
0,0.13330692
0,0.18508384
0,0.3092096
0,0.14946362
0,0.18354051
1,0.76094216
1,0.78176
1,0.7140212
1,0.69468087
1,0.9215614
1,0.9360581
1,0.93774647
1,0.9669173
1,0.8894392
1,0.64754367
1,0.5456092
1,0.6532868
1,0.7831414
1,0.71058804
1,0.8376536
1,0.7309292
0,0.257722
1,0.8936799
0,0.21617334
1,0.95716953
1,0.8330035
1,0.8586852
0,0.10784445
0,0.05780445
0,0.138695
1,0.9665631
1,0.96322596
0,0.24275194
0,0.39596853
0,0.1041399
0,0.0789328
1,0.8839656
1,0.89347976
0,0.037756007
0,0.040200274
0,0.02788498
0,0.026247932
0,0.026584039
0,0.035027023
0,0.045847464
0,0.032256596
0,0.022381088
0,0.030405909
0,0.08525521
0,0.16934781
0,0.2922509
1,0.50360966
1,0.5987296
1,0.87630934
1,0.61935645
1,0.7354213
0,0.6904042
0,0.34756926
0,0.2502385
1,0.8960839
1,0.88204527
1,0.95852476
1,0.9073184
1,0.81578404
1,0.8642214
1,0.9490517
1,0.9352384
0,0.5322341
1,0.76232725
1,0.48714614
1,0.7675422
1,0.74990964
0,0.36503646
0,0.19358914
0,0.2486455
0,0.09534149
1,0.37208134
1,0.9757573
1,0.65893275
1,0.52659017
0,0.39011586
0,0.32964054
0,0.26021057
1,0.47093496
0,0.2564136
0,0.3185236
0,0.19522007
0,0.16031393
0,0.26629406
0,0.31466287
0,0.35056323
0,0.46869078
1,0.60320276
0,0.34563112
0,0.10908026
1,0.96147907
0,0.11807158
1,0.91303277
1,0.9686122
1,0.9598446
1,0.8960208
1,0.88353646
1,0.93150616
1,0.9316178
0,0.23975192
1,0.55640805
1,0.8840957
0,0.26697642
0,0.41814837
1,0.886402
1,0.9657814
1,0.7760939
0,0.106481396
1,0.9748878
0,0.10257664
0,0.07744857
0,0.42017314
1,0.5438653
0,0.30673662
0,0.1944235
0,0.095715255
0,0.08889333
1,0.7445416
1,0.92982525
1,0.88168955
1,0.7755427
1,0.86516243
1,0.7769708
1,0.8694996
1,0.88150847
0,0.10894659
0,0.10313486
0,0.17236434
1,0.91355425
1,0.7848447
0,0.059641037
0,0.09759281
0,0.12531465
0,0.11748333
0,0.3899324
0,0.18117799
0,0.22434433
1,0.9338273
1,0.66025716
0,0.28607655
1,0.7373153
0,0.2301053
0,0.15932246
0,0.1304196
0,0.15836813
1,0.9307785
1,0.48051974
0,0.47401127
0,0.4346261
1,0.57745165
1,0.8415373
1,0.9767373
1,0.8448331
1,0.708308
1,0.8373656
1,0.9291732
1,0.9533066
0,0.08286014
0,0.20239736
0,0.13892743
1,0.8875193
1,0.5747361
0,0.5369012
0,0.150634
0,0.3615192
0,0.41898987
0,0.26812634
0,0.22530447
0,0.2861683
0,0.19842552
0,0.099747844
0,0.19506647
1,0.53279185
0,0.20017292
0,0.20625474
0,0.6132761
0,0.5715317
0,0.50822914
0,0.45827398
0,0.5724128
1,0.7839327
1,0.677833
1,0.74297905
1,0.8960312
1,0.87654614
1,0.8531164
1,0.9039314
1,0.8266273
1,0.7891892
1,0.74790746
1,0.8132601
1,0.87912905
1,0.8322025
1,0.8458305
1,0.9217836
1,0.92672855
1,0.79509735
1,0.9340144
1,0.8649981
1,0.71431816
1,0.7263828
0,0.08153227
0,0.3694604
0,0.20758817
1,0.62998635
0,0.19529238
0,0.27905276
0,0.20186888
1,0.46929878
1,0.8749026
1,0.8993534
1,0.88194907
1,0.78096527
1,0.9093675
1,0.9266837
1,0.8964574
1,0.9372064
1,0.6137609
1,0.46830657
1,0.65759
0,0.11660798
0,0.07742444
1,0.5125437
1,0.91228783
0,0.23111127
0,0.36532593
0,0.13116708
1,0.8911283
1,0.8132732
1,0.5644284
0,0.097565874
0,0.1332162
0,0.14348978
0,0.57696885
0,0.17569962
0,0.1046686
1,0.7407176
1,0.8163289
0,0.1540696
0,0.07672686
0,0.16176623
1,0.66297215
1,0.9470656
0,0.27926683
0,0.110902436
1,0.9888552
0,0.10766282
1,0.9048909
0,0.03173158
0,0.13602407
1,0.31957358
1,0.95418775
1,0.8186558
1,0.8050785
1,0.8818261
1,0.87627804
1,0.82029426
1,0.82029426
0,0.21921508
0,0.23134626
1,0.59784496
1,0.6936151
1,0.723556
1,0.5281893
0,0.17494129
0,0.4199746
0,0.15984379
0,0.3097529
0,0.38901666
0,0.31513247
0,0.5033755
0,0.14043562
0,0.10715631
1,0.85210437
1,0.34378827
0,0.24474134
0,0.22189589
1,0.93894494
1,0.54138654
1,0.6671278
0,0.29482412
0,0.114223234
0,0.28215978
1,0.6403268
0,0.19982934
0,0.1361353
1,0.9594676
0,0.22653957
0,0.32336256
0,0.25404993
0,0.2173064
0,0.23080008
1,0.9882989
1,0.8625372
1,0.9284383
1,0.8416862
1,0.86352664
1,0.88439727
0,0.09573643
1,0.8912254
0,0.015664127
1,0.8014977
1,0.83665
1,0.6792227
1,0.8165507
1,0.7274906
0,0.1639384
1,0.75097024
0,0.27197358
1,0.5098395
1,0.400088
0,0.33556253
1,0.77608305
1,0.8599332
0,0.19279079
0,0.15772374
1,0.87611604
0,0.026543617
0,0.2606887
0,0.38045108
0,0.068749025
0,0.09457355
1,0.7478888
1,0.4606835
1,0.41024035
0,0.21382038
0,0.2409492
0,0.21542424
0,0.16973956
0,0.20940377
0,0.1363531
1,0.5930528
0,0.20588417
0,0.18234281
0,0.19982268
0,0.071278244
0,0.21164331
1,0.8694943
0,0.30481467
1,0.8886852
1,0.8841399
1,0.8770458
1,0.758885
0,0.2500807
1,0.58991915
0,0.111524664
0,0.18188189
1,0.9057103
0,0.25871813
0,0.07314311
0,0.43095315
0,0.052838884
0,0.17480168
1,0.8917949
0,0.28315815
1,0.36242437
0,0.029093318
0,0.03984619
0,0.74831325
1,0.9131348
1,0.8295537
0,0.56585354
1,0.33005434
0,0.0861496
1,0.8128483
0,0.16657527
1,0.8124634
0,0.13129792
0,0.12583086
1,0.36839223
1,0.87761515
1,0.84141004
0,0.09110999
0,0.27097815
0,0.20170672
0,0.12374262
0,0.2670786
0,0.2912626
0,0.25055236
1,0.19793414
0,0.21420363
0,0.26999533
1,0.33534917
0,0.4457783
1,0.81577486
1,0.65520513
1,0.34240183
0,0.20666921
1,0.8757979
1,0.8263845
0,0.37158546
0,0.08637262
1,0.8825829
0,0.13341755
0,0.12385724
0,0.11109018
0,0.10058201
0,0.11265497
0,0.14457574
1,0.17972244
0,0.02532202
0,0.2275203
0,0.24276948
0,0.16598867
0,0.34786567
0,0.23617885
1,0.70435435
1,0.90212715
1,0.90212715
0,0.15583587
0,0.3709359
0,0.09517311
0,0.12220274
0,0.17104
1,0.33936596
0,0.33160743
0,0.4163986
0,0.59103763
0,0.21765748
0,0.23294757
1,0.93455875
1,0.94429755
1,0.93567103
1,0.91053116
1,0.8538597
1,0.92397875
1,0.9147015
1,0.73639345
0,0.366802
0,0.086676545
0,0.28161073
1,0.76396984
1,0.82998526
0,0.039581385
0,0.17024109
1,0.91860336
0,0.074845254
0,0.14611667
0,0.38045588
0,0.20944886
1,0.9933507
0,0.14593908
0,0.16576065
0,0.15423584
0,0.09655956
1,0.9051148
1,0.85257703
1,0.84542423
0,0.23840858
0,0.27564856
1,0.95413977
1,0.95413977
0,0.480942
0,0.19878997
0,0.3718487
1,0.494541
1,0.20310673
0,0.3425981
0,0.10428608
0,0.11129556
1,0.73362255
1,0.8973369
0,0.11903546
1,0.32109663
1,0.4463035
0,0.12145784
1,0.91223645
1,0.81792885
0,0.1204787
1,0.9452311
0,0.16253136
0,0.07049338
1,0.8371393
1,0.71554273
0,0.27602792
0,0.16882277
0,0.1323929
0,0.104646705
0,0.14970846
1,0.8677432
1,0.88219935
1,0.9059128
1,0.8907081
1,0.9247343
1,0.24898987
0,0.6601148
1,0.7589683
1,0.7414092
0,0.26313332
1,0.58113956
0,0.19846037
0,0.14117439
1,0.89347565
1,0.925731
1,0.9122435
0,0.1132838
0,0.1322607
0,0.15376213
0,0.12349141
1,0.84505576
0,0.04286522
0,0.4994818
1,0.8563912
0,0.122455955
0,0.3219851
0,0.47414
0,0.23261854
0,0.3144793
0,0.28943795
1,0.62905914
0,0.05409062
0,0.26417357
1,0.62868243
1,0.8130434
1,0.62820965
1,0.83786494
1,0.8483288
0,0.18651554
0,0.072671115
1,0.68711334
1,0.54385304
1,0.3974228
0,0.2932374
1,0.98663193
1,0.6183978
0,0.27239037
0,0.0661481
1,0.74781454
1,0.96228766
0,0.24256144
1,0.9093914
0,0.1832628
1,0.8298415
0,0.19275504
0,0.22233747
1,0.79410213
0,0.07577743
0,0.1543324
1,0.6744726
0,0.3914908
0,0.19885843
1,0.83861464
1,0.9440658
0,0.22025636
1,0.8694806
0,0.48457077
0,0.22111039
1,0.89878714
1,0.87460303
1,0.8629589
1,0.9554449
1,0.83474493
1,0.71215475
0,0.034727857
0,0.15351067
0,0.3459134
0,0.13766453
1,0.9220671
0,0.10904484
1,0.8288051
0,0.36005026
1,0.96480113
1,0.4670021
1,0.69670415
0,0.2836751
0,0.24622159
1,0.98951936
0,0.118735835
1,0.57920295
1,0.7153496
1,0.86518216
0,0.22669747
0,0.070000365
0,0.12553596
1,0.3044383
1,0.8849609
0,0.40731817
0,0.25414088
0,0.32038546
0,0.41248837
0,0.55333203
1,0.9106294
1,0.7812338
1,0.57259274
1,0.88903594
1,0.7163204
1,0.91122353
1,0.88506126
1,0.89443064
1,0.8489299
1,0.5129119
1,0.7278103
1,0.6472509
0,0.09971634
0,0.28437638
1,0.9370122
0,0.20549172
0,0.27393872
0,0.22847708
0,0.24940683
0,0.1563313
0,0.08088778
1,0.17693482
0,0.053807378
0,0.096088015
0,0.04379105
0,0.05132296
0,0.042516768
0,0.05671571
0,0.16368055
1,0.68560624
0,0.061369672
0,0.063960426
0,0.06708407
0,0.09852655
1,0.9784303
0,0.14259842
1,0.8290953
0,0.04348635
0,0.24128675
0,0.058061447
1,0.24127959
0,0.04674175
1,0.5272142
1,0.65621966
0,0.4962166
0,0.46395844
1,0.28989553
1,0.55525196
1,0.7884826
0,0.14844668
0,0.16595963
0,0.11862744
0,0.42568767
0,0.13652438
1,0.90855014
1,0.94092745
1,0.51067716
1,0.36882672
0,0.45323238
1,0.592125
0,0.4340696
1,0.6831366
1,0.6300315
0,0.17455496
0,0.3061513
1,0.81959885
1,0.8283361
1,0.7022715
1,0.26439673
0,0.081719555
1,0.901599
1,0.8999182
1,0.5824602
0,0.07675279
1,0.6388464
1,0.9737195
0,0.14921013
0,0.41351926
0,0.43746257
0,0.7155984
0,0.4481134
1,0.61661845
0,0.14596133
0,0.20149466
0,0.17827979
0,0.024025971
1,0.9762148
1,0.96802765
1,0.932776
1,0.9273804
1,0.8932281
1,0.9445817
0,0.11245007
1,0.8814266
1,0.9466927
1,0.42234755
0,0.24529287
0,0.19660161
0,0.276277
1,0.93011445
0,0.2938769
0,0.06958767
0,0.23951107
0,0.14926745
0,0.18565094
1,0.9145695
1,0.9031712
1,0.9142242
1,0.9256242
1,0.8898344
1,0.90977037
1,0.89636904
1,0.18938074
0,0.024334509
0,0.3843576
0,0.10477136
0,0.2693252
0,0.1333866
0,0.10550452
0,0.3348048
0,0.11176358
1,0.9428444
1,0.8112643
1,0.88976306
0,0.27544698
1,0.8327357
0,0.2148567
0,0.041824598
1,0.85357106
0,0.13955277
0,0.3518372
0,0.2487646
0,0.22157304
1,0.33452165
1,0.5771771
0,0.041030828
0,0.0950575
1,0.5778522
1,0.85170007
0,0.10665145
0,0.16648525
1,0.7777655
1,0.9394566
1,0.90390295
1,0.531637
1,0.5631286
0,0.07407839
0,0.05493724
0,0.2129238
0,0.12274774
0,0.17602387
0,0.2322257
0,0.17157945
1,0.8279731
0,0.17709878
0,0.23943403
1,0.69955045
1,0.7791188
1,0.7804537
0,0.5706831
1,0.5562762
1,0.74465245
0,0.15535262
0,0.18579186
1,0.46727017
1,0.9259729
0,0.08220895
1,0.82189506
0,0.21440953
0,0.070007384
0,0.34355062
1,0.87991196
0,0.16115083
0,0.3656796
0,0.13499592
1,0.85850555
1,0.9284565
0,0.15638544
0,0.07140135
0,0.14711362
1,0.8913723
1,0.7480611
0,0.2632997
0,0.28758255
0,0.13346766
0,0.13765413
1,0.8684023
0,0.082044095
0,0.06676615
0,0.16937608
1,0.50859684
1,0.81203145
1,0.6671728
0,0.46870047
0,0.3454357
0,0.15008816
0,0.36884874
0,0.21267396
1,0.5620918
1,0.7357404
0,0.216638
1,0.90984887
1,0.89370555
1,0.85013616
1,0.91468626
1,0.9221908
1,0.8965151
1,0.94794995
1,0.8253462
1,0.7663968
1,0.74655664
0,0.071782134
1,0.92404896
0,0.3604278
0,0.29561746
0,0.3556993
1,0.75880665
1,0.935858
0,0.11344071
0,0.091440916
0,0.15098259
1,0.809598
1,0.6064154
1,0.5520405
0,0.28174648
1,0.95983046
1,0.7535576
1,0.8771854
1,0.6755292
1,0.87802273
1,0.9211863
1,0.8196902
1,0.9229666
1,0.8510045
1,0.6601235
1,0.9156743
1,0.89076364
0,0.019431496
1,0.49134457
1,0.2818323
0,0.20347333
1,0.88774264
0,0.21348828
0,0.064361
1,0.6516385
0,0.17498583
1,0.63436663
0,0.11941928
0,0.5213948
0,0.25489995
0,0.13348743
0,0.093284346
1,0.47543994
1,0.2688822
1,0.91705877
1,0.8868519
1,0.93944746
0,0.17941947
0,0.13666758
0,0.15980595
0,0.097058125
1,0.67408085
0,0.4169532
0,0.067646526
0,0.04336023
0,0.056248948
0,0.074210696
0,0.41669133
0,0.378122
1,0.93211687
1,0.9320308
1,0.6637602
0,0.16496581
0,0.21296157
1,0.8183042
1,0.6405042
1,0.8427486
0,0.5384277
0,0.62707424
1,0.87811553
1,0.94279647
0,0.06925143
1,0.7184729
1,0.6300226
1,0.67695975
1,0.95340055
1,0.7898171
0,0.18918948
0,0.11004975
1,0.8737258
1,0.33421057
0,0.030301405
0,0.23601092
1,0.9459768
1,0.9341561
1,0.8125397
1,0.59342265
1,0.7200723
1,0.8872257
0,0.24778071
1,0.73605186
1,0.58127004
1,0.87246376
1,0.43266913
0,0.18027149
0,0.06882143
0,0.18742777
0,0.18418463
0,0.09159559
0,0.06669923
0,0.10131225
0,0.14525022
1,0.82868433
0,0.29229563
1,0.97128433
1,0.94447565
1,0.92719
1,0.94699675
1,0.5971569
1,0.6530208
1,0.46362212
0,0.34341103
0,0.38565212
0,0.25802943
1,0.28906608
0,0.15229763
0,0.14058945
0,0.14925084
0,0.17630325
0,0.09131156
0,0.10632575
1,0.8688541
0,0.1646381
0,0.14967068
0,0.2005498
0,0.20286979
1,0.73308843
0,0.64991635
0,0.5686171
0,0.5651114
1,0.74862534
1,0.82523066
1,0.82527125
1,0.8376474
1,0.82034945
1,0.87759054
1,0.84591043
1,0.6993066
1,0.86480075
1,0.8455063
1,0.7882324
1,0.7979794
1,0.44143105
1,0.9803318
0,0.20993765
1,0.77415746
0,0.14528231
0,0.106532775
0,0.0992005
1,0.7088462
1,0.64166516
0,0.19788127
0,0.25460127
0,0.23639274
0,0.03407044
1,0.4318658
1,0.55801886
0,0.10443589
0,0.10120669
0,0.14799991
1,0.9392515
0,0.11981346
0,0.16162169
1,0.9830641
1,0.9889581
1,0.9667168
1,0.9558638
1,0.96778214
1,0.9068138
1,0.9487127
1,0.90374136
1,0.652459
1,0.5187978
0,0.26717997
0,0.14528564
0,0.15979409
1,0.57972866
0,0.13848051
0,0.21050662
1,0.6077009
0,0.055542096
0,0.26746166
0,0.14247671
0,0.112231396
1,0.44853264
1,0.70912796
0,0.19637227
0,0.6727143
1,0.62661254
0,0.06794617
0,0.34791633
0,0.2889156
1,0.6279595
0,0.3484161
0,0.22279486
1,0.82634056
1,0.8356025
0,0.37949488
1,0.9711898
0,0.0656932
1,0.70613647
0,0.17574236
0,0.19181372
0,0.13852741
1,0.89652884
0,0.41601786
0,0.062326986
0,0.09604117
0,0.1184497
0,0.14883871
0,0.24778606
0,0.03450817
1,0.8308799
0,0.11766567
1,0.89901197
1,0.88347775
0,0.06351737
1,0.6942018
1,0.5727187
1,0.5555924
1,0.8583895
0,0.46955448
0,0.21526791
0,0.37413886
0,0.11582194
0,0.036940537
0,0.17152673
0,0.2631363
0,0.39988437
1,0.683531
0,0.18048069
1,0.6913653
0,0.3811591
0,0.1890682
0,0.3789936
1,0.85743904
1,0.96760434
1,0.9414305
1,0.8986487
1,0.8301191
1,0.9528564
0,0.51594156
0,0.055330563
1,0.5228899
1,0.96346503
1,0.9619636
0,0.10295874
0,0.09135669
0,0.3102613
0,0.3354954
0,0.22857252
1,0.6661098
0,0.06182513
0,0.21548897
0,0.19957677
1,0.9933294
0,0.21282297
0,0.14368832
1,0.6292436
1,0.8581869
1,0.9056558
0,0.33209687
1,0.93847597
1,0.8204077
0,0.13896395
1,0.89377475
1,0.69762045
0,0.071551055
0,0.046753906
0,0.07133912
0,0.0938806
0,0.088106506
1,0.8461678
1,0.8995282
1,0.8342962
1,0.779134
1,0.7726558
1,0.7291224
1,0.4269882
1,0.67324704
1,0.6603687
0,0.1485807
1,0.95437026
0,0.05357559
1,0.9488099
1,0.9829978
1,0.9832751
1,0.98108715
1,0.9591597
0,0.1484188
0,0.16927347
1,0.49445203
0,0.18275891
0,0.19413869
1,0.92837673
0,0.45878577
0,0.15664996
0,0.17121784
0,0.22450969
0,0.24935909
0,0.22404742
0,0.5123239
1,0.8310572
1,0.7431816
0,0.4042747
0,0.087870724
0,0.034010764
1,0.37471232
0,0.08966617
0,0.14323078
1,0.7476624
1,0.93726885
0,0.25307536
0,0.23669839
0,0.28941622
1,0.90920734
1,0.8213314
1,0.72999287
1,0.85925823
1,0.93343025
1,0.890398
1,0.92365825
1,0.9341825
1,0.8910684
0,0.18064024
1,0.22356991
1,0.7531
1,0.7158323
1,0.681133
1,0.71620685
0,0.30882597
0,0.40851608
0,0.05719896
0,0.13714775
0,0.3241277
0,0.2790994
0,0.4379093
1,0.48175493
1,0.71611243
1,0.9566611
1,0.85382366
0,0.030742766
1,0.7456823
1,0.36303207
0,0.16480821
0,0.5640791
1,0.4683406
1,0.9866084
1,0.9662765
1,0.98895043
1,0.9628663
1,0.9807252
1,0.9659922
1,0.95596194
1,0.7623038
1,0.6526458
1,0.8982739
0,0.27656826
1,0.9204356
0,0.4146121
1,0.8040717
1,0.79917336
0,0.16475768
1,0.47025388
1,0.4172111
1,0.8855199
1,0.7858793
1,0.79664016
0,0.056898303
0,0.053390916
0,0.0939581
0,0.0910899
1,0.45326886
1,0.6837085
0,0.080132194
0,0.20597866
1,0.6188487
0,0.12945138
1,0.75755477
1,0.91626036
1,0.9217709
1,0.9115929
1,0.9217709
1,0.927192
0,0.0690407
1,0.9580419
0,0.25787196
0,0.06174773
1,0.85931545
1,0.84629565
1,0.84217566
1,0.8980035
1,0.9672683
1,0.9606732
1,0.35518935
1,0.84337634
0,0.64914834
1,0.7016145
0,0.11041337
0,0.48314807
1,0.8897845
0,0.26619136
1,0.7678998
1,0.72626853
1,0.95553607
0,0.30114472
1,0.48707616
1,0.6531179
1,0.72336245
0,0.18563646
0,0.08871409
0,0.079430684
0,0.05261864
1,0.7024764
0,0.17841275
0,0.33573884
0,0.034000866
1,0.6372552
1,0.60131824
0,0.11369056
0,0.63272685
0,0.18301828
0,0.29533637
0,0.17170016
1,0.33557782
1,0.8511618
1,0.7579306
0,0.09374454
1,0.9921543
1,0.9921543
0,0.4445936
1,0.88443846
1,0.93650234
1,0.2905451
1,0.87730896
1,0.49419987
0,0.21164878
1,0.82108885
1,0.43668678
0,0.3763442
0,0.16026342
0,0.06359454
0,0.055969153
1,0.36647853
1,0.8262064
1,0.9235357
1,0.9426655
1,0.93617666
1,0.9483353
1,0.7902199
1,0.42310473
0,0.1749589
1,0.69026476
0,0.4267036
0,0.10297504
0,0.20969807
0,0.07037346
0,0.13937756
0,0.14048946
1,0.69177926
1,0.69177926
1,0.846734
1,0.820284
0,0.3124017
0,0.4214222
0,0.09392947
0,0.096933275
0,0.08528145
0,0.16673185
1,0.5515725
0,0.21186838
0,0.24775682
1,0.7883864
1,0.7162954
0,0.20331429
0,0.1091506
0,0.037128847
0,0.13094702
0,0.20858708
0,0.25008807
1,0.33531544
0,0.05280292
0,0.36535782
0,0.14383118
1,0.4910174
0,0.25850502
1,0.88381684
1,0.81862336
1,0.883101
1,0.2800602
0,0.059898604
1,0.99265105
1,0.99265105
1,0.8889111
1,0.8093958
0,0.2278778
1,0.79083574
1,0.7936219
0,0.21283135
0,0.058102097
1,0.9523423
1,0.96902263
1,0.9800238
1,0.98217255
1,0.97558457
1,0.97984785
1,0.97675574
1,0.79461867
1,0.97382665
1,0.97382665
1,0.40081105
1,0.9646284
1,0.8558905
0,0.09613417
0,0.24846745
0,0.19149342
0,0.19451626
0,0.18686396
0,0.11516541
0,0.3776908
0,0.09879645
0,0.53803355
1,0.5691463
0,0.0593292
0,0.075293876
0,0.05886849
0,0.40684244
0,0.18552607
0,0.18400729
1,0.96192056
1,0.7937854
0,0.24774985
0,0.17740381
0,0.22437607
1,0.92221075
1,0.76764274
0,0.40487832
1,0.7193113
1,0.6320753
1,0.74186176
0,0.058722265
0,0.16696404
1,0.56482685
1,0.69102746
1,0.8729195
0,0.38531107
0,0.18706354
0,0.23155782
0,0.15592305
1,0.36701345
0,0.23287436
1,0.37653553
1,0.77891284
0,0.17609467
0,0.04170459
0,0.08436588
0,0.35946742
0,0.42660084
0,0.5817049
0,0.15188229
0,0.12145093
0,0.1686509
0,0.18899369
0,0.24014112
1,0.6962812
0,0.13946195
0,0.19468282
0,0.076672226
1,0.7564861
1,0.9410069
0,0.09598856
1,0.9263971
1,0.93146646
1,0.95008355
1,0.9448907
1,0.96863204
1,0.9394013
0,0.17584416
0,0.21118075
1,0.94188726
1,0.298409
0,0.095970675
0,0.039800342
0,0.3325808
0,0.16872
1,0.57440406
1,0.8456126
0,0.08098035
0,0.67550516
0,0.1514091
1,0.6582337
1,0.75828326
1,0.84883666
1,0.93016446
0,0.054566894
1,0.9348866
1,0.73806226
0,0.059844416
0,0.059048116
0,0.17450987
0,0.11233534
0,0.62769735
0,0.07122476
1,0.8206469
1,0.8992476
0,0.1194579
1,0.7018861
0,0.14918052
0,0.16905911
1,0.91180414
1,0.9806887
1,0.93280673
1,0.8014826
1,0.6262394
1,0.83215714
1,0.6222735
1,0.92804235
0,0.20407791
1,0.89603555
1,0.64069617
0,0.08923314
0,0.07055436
1,0.83235794
0,0.11407269
0,0.062665
1,0.74855673
0,0.21777853
0,0.20986706
1,0.81672955
1,0.9460685
1,0.8986452
1,0.8679454
1,0.94104916
1,0.7380436
1,0.81734055
1,0.781768
1,0.84284884
1,0.8921719
1,0.86865
1,0.818784
1,0.87294275
1,0.76884717
1,0.81820416
1,0.7600637
1,0.6475014
1,0.43055308
1,0.62235254
1,0.5402143
0,0.18440765
0,0.06936377
0,0.111271545
1,0.93788314
1,0.78053546
1,0.86828804
1,0.8447022
1,0.8717057
1,0.93788314
1,0.9807926
0,0.6679903
1,0.92343414
0,0.1572015
0,0.29282987
1,0.4582115
1,0.7572039
1,0.8356235
1,0.7869103
1,0.8156519
1,0.8445616
1,0.95902467
0,0.19890618
0,0.22995692
0,0.21273583
1,0.88390064
1,0.8861459
0,0.1956482
0,0.16212085
0,0.4670606
0,0.505712
0,0.7696498
1,0.8557242
1,0.89720005
1,0.72351587
1,0.9182105
1,0.9407439
1,0.8726626
1,0.8632429
1,0.9250638
1,0.84302485
1,0.90834934
1,0.9312681
1,0.869859
1,0.8172745
0,0.4017704
1,0.6065436
1,0.8763964
1,0.43064705
1,0.9763837
0,0.14226675
1,0.4211635
1,0.5266472
1,0.43945864
1,0.8131987
1,0.96507394
0,0.24448217
0,0.10462462
1,0.9052974
0,0.12507555
0,0.13999277
1,0.89957464
1,0.80020475
1,0.6152012
1,0.8921328
1,0.8344717
1,0.58594555
0,0.10930377
1,0.54110456
1,0.49134272
1,0.758479
0,0.064277455
1,0.80486107
1,0.6716636
1,0.6486257
1,0.877847
1,0.78006977
0,0.14229088
1,0.8101475
1,0.7224747
1,0.95743924
1,0.945466
1,0.9568001
1,0.9605939
1,0.93935645
1,0.9538715
1,0.97832996
1,0.86465394
1,0.93506914
1,0.78047556
1,0.89382136
0,0.4290184
1,0.36898673
0,0.13061334
0,0.56126803
0,0.22479735
1,0.5613299
0,0.18027377
0,0.31386602
0,0.25635633
0,0.08732353
1,0.8689573
0,0.056812868
1,0.8269913
1,0.7443938
1,0.9480608
1,0.5692667
1,0.90537804
1,0.9509284
1,0.96521264
1,0.9580409
1,0.9625155
1,0.95319164
1,0.96585256
1,0.93916684
1,0.97821176
1,0.95795083
1,0.933294
1,0.94454104
1,0.9222997
1,0.899558
1,0.4842828
0,0.26089594
0,0.3419274
0,0.59107304
1,0.901878
0,0.45872182
0,0.29986814
0,0.17737412
0,0.3274774
0,0.1950488
1,0.54935306
1,0.5857538
1,0.81674874
1,0.9109147
1,0.7630988
1,0.8762153
1,0.9346375
0,0.36469272
1,0.9625058
1,0.9703133
1,0.96103585
1,0.975758
1,0.9404688
1,0.9733531
1,0.95838994
1,0.92632526
1,0.8835945
1,0.89929426
1,0.62852407
1,0.9077116
1,0.56271553
0,0.16968516
0,0.41098005
0,0.18376558
0,0.6821809
0,0.44575262
0,0.037119344
1,0.98375607
0,0.49744087
1,0.9495684
1,0.797963
0,0.23440018
0,0.24419153
1,0.40054503
0,0.24152045
1,0.6242338
1,0.9274433
1,0.42367202
0,0.25898153
0,0.26123884
1,0.98720646
1,0.9914642
1,0.912833
1,0.46140876
1,0.6075983
1,0.68212175
0,0.16818464
1,0.99202335
1,0.99367094
1,0.9944613
1,0.99099606
0,0.15182461
0,0.5968215
0,0.05129593
0,0.054324064
0,0.03658879
1,0.73809355
1,0.73811466
1,0.2830925
1,0.8262806
0,0.42116982
0,0.37240157
0,0.11535197
0,0.3871871
0,0.3418549
0,0.43073124
0,0.66507393
0,0.3564316
0,0.45388046
0,0.40490156
1,0.54042804
1,0.9361267
1,0.5120354
1,0.6825889
1,0.58837867
1,0.68337613
1,0.5116178
0,0.36769065
0,0.32404462
0,0.28430063
0,0.2897434
0,0.17122026
0,0.24996936
0,0.23967923
0,0.07865009
0,0.081859626
0,0.05370263
0,0.10273926
0,0.09480744
0,0.109328054
0,0.41407958
0,0.35388684
1,0.8343621
0,0.40744436
0,0.031608395
1,0.9766519
1,0.93611133
0,0.030808516
0,0.2471958
0,0.15538038
1,0.82850206
0,0.52316
0,0.49849448
0,0.4151478
1,0.6771596
1,0.74640876
1,0.6552888
1,0.7489176
1,0.4448965
0,0.1934773
1,0.90132785
1,0.9510074
1,0.93890446
1,0.9565401
1,0.6899012
0,0.07740441
0,0.10100178
0,0.06430931
0,0.18268453
0,0.101798296
0,0.28789645
1,0.5051399
0,0.05640235
1,0.8112995
0,0.40875846
0,0.1032455
1,0.9632474
1,0.670938
1,0.55266076
1,0.9735075
1,0.45684424
1,0.8528827
1,0.4626521
0,0.07426213
1,0.5060592
0,0.10258809
1,0.9371486
1,0.9514119
1,0.67427903
1,0.9526451
1,0.70455515
0,0.44453287
1,0.93702334
0,0.43815824
0,0.052659735
0,0.15253387
1,0.7723579
1,0.8567998
0,0.05556433
0,0.10705774
1,0.45869395
0,0.20539407
0,0.0896178
0,0.18317482
0,0.3178461
1,0.7375786
1,0.88702166
1,0.88640845
0,0.4499521
1,0.83623403
0,0.19583127
0,0.19491369
0,0.22184093
1,0.4269881
0,0.16226782
0,0.15504155
0,0.1314257
0,0.5199393
0,0.36676243
0,0.20032437
0,0.19737217
0,0.08133458
0,0.14231068
0,0.17692198
0,0.18064877
1,0.9741203
0,0.43127736
1,0.84664094
1,0.92211497
1,0.8936188
0,0.110425755
1,0.8178533
1,0.7665136
1,0.9020417
1,0.88775563
1,0.8219685
1,0.92596143
1,0.84142023
1,0.9070256
1,0.6392712
0,0.19424506
1,0.8107199
1,0.8426452
0,0.06318745
1,0.6368799
0,0.5631068
1,0.83409065
0,0.19250792
1,0.34230033
0,0.3070243
0,0.22669102
0,0.10005307
0,0.19503643
1,0.9487092
1,0.88371575
1,0.81368035
0,0.27407834
1,0.7744625
0,0.06168155
0,0.040909972
1,0.80497056
1,0.9600411
1,0.39747304
1,0.85429007
0,0.34851047
0,0.2039618
0,0.38897195
0,0.14300622
1,0.47023717
1,0.62810504
0,0.11780084
0,0.1563853
0,0.3357054
0,0.04817925
0,0.21085958
1,0.86187226
0,0.13528113
0,0.30157247
1,0.83364135
0,0.19477905
0,0.103149444
1,0.97073853
0,0.36503673
1,0.8790675
0,0.7603693
1,0.46883607
0,0.17716284
0,0.22184929
0,0.19700557
1,0.5728561
0,0.04829093
1,0.5269191
0,0.18708725
0,0.21228229
1,0.7460569
0,0.10191655
0,0.069132105
0,0.44310582
0,0.18708704
0,0.309857
0,0.27399212
1,0.9069086
0,0.06810154
1,0.59007496
0,0.30823117
0,0.23163076
0,0.33016828
0,0.22622342
0,0.19850504
0,0.118344225
0,0.086989254
0,0.07093452
0,0.07230919
0,0.10696989
0,0.074274294
1,0.78812456
1,0.82658225
1,0.97791505
0,0.08888633
0,0.19427797
1,0.9687778
0,0.2154846
1,0.7705594
0,0.095013484
0,0.10119928
0,0.3948687
0,0.33471695
1,0.93853134
1,0.9048432
0,0.2344424
0,0.09867349
0,0.29484683
1,0.9871838
0,0.12955825
0,0.116087
1,0.98157537
1,0.9815832
1,0.96119165
1,0.94791746
1,0.91417754
1,0.93939316
0,0.070356585
0,0.04471201
0,0.39037406
0,0.09337624
0,0.103319526
0,0.11976668
0,0.20823254
0,0.1250711
0,0.07937946
1,0.81608427
1,0.6759525
1,0.72837275
1,0.40378103
1,0.5421648
1,0.32611084
0,0.33409312
0,0.111731194
0,0.04659733
1,0.93988216
1,0.9805715
1,0.9855092
0,0.06454561
1,0.64036804
0,0.14062096
1,0.5815323
0,0.3210212
1,0.9759102
1,0.7112468
0,0.33538303
0,0.18105994
1,0.8145417
0,0.078574896
0,0.059658285
1,0.48705667
0,0.2365181
1,0.966463
0,0.29624283
1,0.9783498
1,0.9849938
1,0.3060656
1,0.711139
0,0.117660105
0,0.113443494
0,0.2308034
0,0.17887315
0,0.18146406
0,0.25641125
0,0.2896296
0,0.2420867
0,0.119565524
1,0.92416257
1,0.9585048
1,0.97422814
1,0.880777
0,0.049095817
0,0.04540473
0,0.12402335
0,0.20118321
1,0.6636073
1,0.4615812
0,0.092026725
1,0.63945115
0,0.21898794
0,0.045702502
1,0.8991547
0,0.20733413
1,0.43481976
0,0.30059975
1,0.78062314
0,0.30665714
0,0.20829973
0,0.06656448
1,0.52412796
1,0.7688249
0,0.21153505
1,0.87851363
1,0.685498
1,0.80894816
1,0.91570824
1,0.8318438
0,0.37029815
1,0.65620273
0,0.042808514
0,0.18100852
0,0.086711735
0,0.25797457
1,0.57848394
0,0.23970868
0,0.22640266
0,0.19980812
0,0.284818
0,0.26209834
1,0.70913273
1,0.45938042
1,0.69427776
1,0.77082884
1,0.47560075
1,0.48720568
0,0.24185276
0,0.25252333
0,0.25313908
0,0.30052492
1,0.38203922
0,0.21573704
1,0.3235062
0,0.13781454
1,0.8748918
0,0.13596292
1,0.87796384
0,0.07095061
1,0.60181415
0,0.16469282
1,0.95584613
1,0.92542416
1,0.9024282
1,0.89279073
0,0.7491685
1,0.2625295
0,0.030585153
1,0.95516914
0,0.1623652
0,0.27381623
1,0.7804267
0,0.11286485
1,0.96187884
0,0.23861474
0,0.2429094
0,0.11375716
1,0.89551646
0,0.36661246
1,0.93889266
0,0.5657077
0,0.37330732
0,0.19461398
0,0.05934517
1,0.89654756
1,0.6747287
1,0.7289778
1,0.85031307
0,0.33043587
0,0.19267777
1,0.7613217
1,0.8885328
1,0.767114
1,0.95228565
1,0.96123177
0,0.23476718
1,0.79972863
1,0.83259004
0,0.042715218
0,0.037878767
0,0.28990227
0,0.19069004
0,0.09334026
1,0.92214316
1,0.8486196
1,0.91541004
0,0.3267226
0,0.29534778
1,0.97428167
1,0.46893272
0,0.06201037
0,0.07709454
1,0.98166406
0,0.16468136
0,0.2160729
1,0.9443538
1,0.9353013
1,0.93815327
1,0.846985
0,0.1704802
0,0.10372347
0,0.1130433
0,0.17029308
0,0.30863383
1,0.8382314
1,0.8555279
1,0.34701598
1,0.62784237
1,0.8608274
0,0.1743686
0,0.019379318
0,0.35340738
1,0.77523804
1,0.552004
1,0.532262
1,0.7272499
0,0.22354025
0,0.3286237
0,0.39477986
0,0.19334711
0,0.16722056
1,0.5579615
0,0.08177565
1,0.9374442
1,0.7867617
0,0.12345585
0,0.0073148864
0,0.06087688
0,0.26008192
0,0.09679011
0,0.041908663
1,0.6072068
1,0.78199184
1,0.6386618
0,0.06180592
0,0.16352427
0,0.12827513
0,0.09300055
0,0.33776802
0,0.2706902
0,0.3830306
1,0.96652067
0,0.05013334
0,0.08582852
0,0.3703471
0,0.5333427
0,0.1372279
0,0.10856536
0,0.111057624
0,0.1422929
1,0.36693394
1,0.40781283
0,0.3728141
0,0.09232911
1,0.9042712
0,0.2860264
1,0.9119064
1,0.77799934
1,0.9355548
0,0.16991448
0,0.11482856
0,0.27926898
0,0.14044838
0,0.21757808
0,0.1517582
0,0.11780011
1,0.96140414
1,0.95350605
1,0.9246882
1,0.94102013
1,0.8919229
1,0.95610845
1,0.9015237
1,0.94239926
0,0.12928496
1,0.9842131
1,0.9762872
0,0.16483013
0,0.22568414
0,0.18983896
0,0.19061582
1,0.47223362
0,0.08280747
1,0.9438374
1,0.6906139
0,0.024996962
0,0.6430004
1,0.6152204
0,0.22781959
0,0.2681158
1,0.911766
1,0.94875586
0,0.10527154
0,0.023360955
1,0.9762601
0,0.10325847
1,0.6675243
1,0.94198626
1,0.9437825
0,0.5699457
0,0.25424203
0,0.31862485
1,0.9593242
0,0.20434687
0,0.2558793
1,0.7056817
0,0.22061379
1,0.6693774
0,0.1463374
1,0.94812834
1,0.6770697
0,0.39099628
1,0.7171527
1,0.8913694
0,0.053478573
0,0.058460433
0,0.16108136
0,0.49482715
1,0.8821965
0,0.48546186
1,0.8384017
0,0.27193776
1,0.7633551
0,0.26808232
1,0.8943215
1,0.87162465
0,0.122633554
1,0.49063304
1,0.55715555
0,0.07338413
0,0.11994566
0,0.08019728
1,0.49304
0,0.27606678
1,0.692736
1,0.78505987
1,0.8420432
1,0.7458783
1,0.8383882
1,0.81162626
1,0.84804606
0,0.30156288
1,0.706295
0,0.104453854
0,0.11605436
0,0.34831232
0,0.15693013
0,0.16253828
1,0.29395464
0,0.20983817
0,0.37697482
1,0.28003684
0,0.19429891
1,0.6686328
0,0.2640568
1,0.9366689
1,0.88548833
1,0.84183806
0,0.11862613
1,0.49181747
1,0.24354818
0,0.2046085
0,0.22188628
0,0.07413484
0,0.041135065
1,0.8836097
0,0.07582168
1,0.55504435
0,0.09291387
0,0.08664774
0,0.081324816
1,0.96389264
1,0.92804766
1,0.73240083
1,0.55533135
0,0.017820558
0,0.07620242
1,0.971856
1,0.9401493
1,0.8828115
1,0.9033928
1,0.88288015
0,0.288575
1,0.97033656
1,0.588365
1,0.81348205
1,0.321285
0,0.026318809
0,0.19839296
1,0.7703151
1,0.9673698
0,0.16331744
1,0.3432136
0,0.2687295
1,0.8749877
0,0.27843142
0,0.1622062
0,0.555651
0,0.16069749
0,0.07663231
0,0.17348303
1,0.6338001
0,0.123352
0,0.0810781
0,0.280616
1,0.8982532
1,0.5214431
1,0.8265189
1,0.8510964
0,0.059417497
0,0.2449835
0,0.15033862
1,0.9378055
1,0.44652086
0,0.30240706
1,0.74777627
1,0.79184335
1,0.32563552
1,0.6925235
1,0.9054257
1,0.7277428
0,0.059133824
1,0.54390323
0,0.7439225
0,0.04266193
0,0.062001467
0,0.07398617
0,0.06070551
0,0.36108375
1,0.7767988
0,0.14237145
0,0.14284173
1,0.9597438
0,0.16202351
1,0.6467017
0,0.12718971
0,0.16503929
1,0.91456145
1,0.935779
1,0.9436346
1,0.8637477
1,0.9079076
1,0.83586305
1,0.89484507
1,0.8553473
1,0.8948011
1,0.9468224
1,0.8560868
0,0.2272962
0,0.1736782
0,0.11653014
0,0.6598073
1,0.9169857
1,0.84443575
1,0.8518643
1,0.9456657
1,0.9529177
1,0.8418598
1,0.8690941
1,0.90158534
1,0.9384169
1,0.86161804
1,0.93035877
1,0.94459444
1,0.930294
1,0.95590603
1,0.8787853
1,0.9021515
1,0.92024165
1,0.934639
1,0.9424242
1,0.91742224
1,0.93091303
1,0.8560254
1,0.6573774
1,0.9608389
0,0.40370706
0,0.045856718
0,0.4970029
0,0.024662424
0,0.025992602
0,0.049165275
1,0.43622398
1,0.5263197
1,0.409056
0,0.27910542
0,0.11154955
0,0.20016037
1,0.76879364
1,0.77907145
1,0.99065316
0,0.36864746
0,0.18955442
0,0.07254819
0,0.12564515
1,0.4552326
1,0.7507476
1,0.47234908
1,0.47034806
0,0.07107962
0,0.05894958
0,0.10518462
0,0.06846972
0,0.07951934
0,0.061525587
0,0.110977285
0,0.03219754
1,0.4995771
0,0.24334922
0,0.24334922
1,0.60284853
0,0.10713123
0,0.26610002
1,0.76518327
0,0.28592506
0,0.4251565
0,0.10182418
0,0.17445756
0,0.13798092
0,0.5059393
0,0.500625
1,0.50934714
0,0.34908456
1,0.7759353
1,0.91232204
1,0.6198779
1,0.7896846
0,0.07819246
1,0.44984517
0,0.43263128
1,0.8623057
0,0.43689758
1,0.5885429
0,0.15039387
1,0.70200586
0,0.68219584
0,0.4246599
1,0.73701894
1,0.91700673
1,0.5121941
0,0.1897967
1,0.8027303
1,0.8466118
1,0.9022078
1,0.66020703
1,0.9450971
1,0.8241235
0,0.25385705
1,0.8758808
0,0.5300668
0,0.14070575
0,0.17199291
0,0.4691001
1,0.80514425
0,0.29251075
0,0.051083535
1,0.8030881
1,0.7532066
1,0.7205474
1,0.70910203
0,0.27138925
1,0.3508536
0,0.19883934
0,0.1522609
1,0.6838257
0,0.07558334
1,0.9710623
0,0.18364845
1,0.3454665
1,0.4911903
1,0.7420709
0,0.15007575
1,0.90104246
1,0.9403524
1,0.38945034
1,0.931178
1,0.96323174
0,0.20436373
1,0.34415248
1,0.28844035
0,0.41323853
1,0.45311633
0,0.18585128
0,0.48665407
0,0.32270077
0,0.22348079
0,0.29814273
0,0.2652904
1,0.8385787
0,0.3915128
0,0.07076034
0,0.20326237
1,0.7169335
1,0.76242346
0,0.38285303
1,0.88321793
0,0.39531597
1,0.24142358
1,0.5412601
1,0.8842444
1,0.79091364
0,0.11744841
1,0.77084327
0,0.14196372
1,0.70528656
0,0.29951188
1,0.98586595
0,0.053442575
0,0.027926845
0,0.03850412
0,0.09132297
1,0.656526
0,0.03084566
1,0.676956
1,0.9815238
1,0.9835375
1,0.9787223
1,0.9787223
1,0.9869486
1,0.9705499
1,0.98785734
0,0.31602135
0,0.26325145
0,0.36677006
1,0.7447795
1,0.98990446
1,0.9377933
0,0.4301977
1,0.8374484
0,0.64247733
1,0.8851677
1,0.883119
1,0.6680519
1,0.85935754
1,0.8270755
1,0.8542572
0,0.0695752
1,0.4313608
1,0.32133776
1,0.42904463
0,0.30092925
0,0.10390425
0,0.36291936
0,0.53268445
0,0.39829227
1,0.9183346
0,0.21502317
1,0.9379566
0,0.05446912
1,0.2874109
1,0.7688026
1,0.80957013
1,0.7281883
1,0.649913
0,0.2773148
0,0.08920403
1,0.5141924
0,0.30094773
0,0.08346078
0,0.074652165
0,0.10638658
0,0.068254866
1,0.73720765
1,0.98060924
1,0.69827145
1,0.83538824
0,0.28032652
1,0.9545279
1,0.86954343
1,0.8600509
0,0.651737
1,0.7493697
0,0.24175215
0,0.2600361
0,0.19881448
1,0.7311781
0,0.08659496
0,0.1211703
0,0.18124649
0,0.088130035
0,0.11689361
0,0.065577894
0,0.08247871
1,0.3467419
1,0.53154016
0,0.1496065
0,0.16869637
1,0.8884951
0,0.5656799
0,0.21235073
0,0.43992013
0,0.24751903
0,0.30586752
0,0.1269763
0,0.49467725
0,0.2573746
1,0.94902486
1,0.93238324
1,0.95268977
1,0.9501548
0,0.408408
1,0.96822506
1,0.74138045
1,0.9123942
1,0.2913427
1,0.88026965
1,0.9043077
0,0.19935803
0,0.1787802
0,0.15091546
0,0.2546041
1,0.42721874
1,0.8337171
0,0.32386434
1,0.6027149
1,0.3220396
0,0.25103164
0,0.11357483
0,0.25524706
0,0.17598711
0,0.16572402
0,0.48328483
1,0.9305873
1,0.4615706
0,0.10498778
0,0.14168148
1,0.2721985
1,0.9650525
1,0.9650525
1,0.9650525
1,0.8070849
1,0.94116676
0,0.69731116
1,0.50425315
0,0.1790232
1,0.70357406
1,0.8363206
1,0.80502903
1,0.9294652
0,0.4841877
0,0.61344355
0,0.3074473
0,0.1950117
1,0.3830679
1,0.62702465
0,0.19977827
0,0.2732655
0,0.06809697
1,0.8576625
1,0.47082683
0,0.2211813
0,0.19117042
0,0.15010451
0,0.14453416
0,0.31957638
1,0.90014184
1,0.9449924
1,0.66603065
1,0.7369208
1,0.5628364
0,0.18072216
0,0.14607412
0,0.15233964
1,0.97547853
0,0.2985934
1,0.20591688
1,0.42857307
0,0.27389365
0,0.06034651
0,0.256631
1,0.8700439
1,0.75795114
1,0.8403538
1,0.80610543
0,0.3326268
0,0.5829479
1,0.852891
0,0.23915125
0,0.24448663
0,0.1810304
0,0.14229216
1,0.6646772
0,0.09875529
0,0.21030776
0,0.42811644
1,0.34394473
1,0.9336239
1,0.48817864
1,0.9703475
1,0.922719
1,0.96416634
1,0.96604127
1,0.9572733
1,0.9676423
1,0.9659602
1,0.4045424
1,0.5482179
0,0.10072603
1,0.75883883
0,0.03205391
0,0.032469817
0,0.25940216
1,0.6331802
1,0.5558056
1,0.6233283
1,0.91591966
1,0.9132549
1,0.9179101
1,0.9298988
1,0.95322794
1,0.56141675
0,0.13804255
1,0.78491175
1,0.81193507
1,0.9708473
1,0.8929687
1,0.9493914
1,0.93518263
1,0.94959134
1,0.92581683
1,0.96649355
1,0.9544558
1,0.89485806
1,0.9650906
1,0.943108
1,0.9721567
1,0.9723698
1,0.93754774
1,0.9492772
1,0.8530913
1,0.8718352
1,0.97836715
1,0.9396979
1,0.96649355
1,0.79173905
1,0.8767369
0,0.31099963
0,0.69764215
0,0.6930334
0,0.37584543
1,0.6404666
1,0.9400883
1,0.8985489
1,0.890276
1,0.6798832
1,0.24496515
0,0.27960137
0,0.30380374
0,0.38957042
1,0.78564274
0,0.18694636
0,0.24141641
0,0.47013545
0,0.03522306
0,0.3973621
0,0.3892312
1,0.55638784
1,0.8493777
0,0.1841231
0,0.08872041
0,0.07985185
0,0.2727594
1,0.80862254
1,0.7834666
1,0.8416094
1,0.7420503
0,0.16924389
1,0.5563471
0,0.4464766
1,0.89507025
1,0.46030512
0,0.31320277
0,0.3112537
0,0.10936263
1,0.73411506
0,0.09422644
0,0.080788374
0,0.1098427
0,0.37149295
0,0.21539813
0,0.15745327
1,0.6352551
1,0.6003273
1,0.38366815
0,0.28158706
1,0.65854216
0,0.23872668
1,0.5666198
1,0.71331835
0,0.6053129
0,0.297723
0,0.15450604
0,0.103279844
0,0.3804907
0,0.24173829
0,0.025416937
1,0.72609085
1,0.6129954
0,0.39746344
1,0.91639066
0,0.13336965
0,0.24092601
0,0.29185584
0,0.098220974
0,0.060105912
1,0.8381275
0,0.14103732
0,0.4503674
0,0.1455947
1,0.8829325
1,0.6445541
1,0.9739643
1,0.8546834
0,0.45548528
1,0.44031978
1,0.6135527
0,0.3638612
0,0.1894713
1,0.7927686
0,0.13940609
0,0.10535349
0,0.10480265
1,0.4117053
0,0.13219222
1,0.8456092
0,0.09892269
0,0.11405966
1,0.8527158
1,0.9766133
0,0.14760478
0,0.23364627
0,0.10724789
0,0.044727623
0,0.71951365
0,0.17668863
0,0.26821405
0,0.14943118
1,0.5598103
1,0.49129012
0,0.5336653
0,0.34585676
0,0.3260886
0,0.45800856
0,0.21757314
0,0.15632585
0,0.50440925
1,0.71797025
1,0.67612976
1,0.6846351
1,0.52897507
1,0.6918124
1,0.7402666
1,0.682788
1,0.9194127
0,0.2634346
0,0.47165656
1,0.3542494
1,0.4766527
1,0.7904076
1,0.9733812
1,0.74993503
1,0.55906945
1,0.89810634
1,0.54026437
0,0.7734102
0,0.27921602
0,0.55619216
1,0.93789804
1,0.8642951
1,0.9498329
1,0.062775955
0,0.08101083
0,0.05993837
0,0.069264114
0,0.06733342
1,0.7973359
1,0.42140993
0,0.105443
0,0.1418814
0,0.22180837
1,0.7495447
0,0.2811663
1,0.8984638
1,0.96487767
1,0.7557339
0,0.75405324
0,0.2377657
0,0.16128981
0,0.13703355
1,0.95366466
1,0.89986444
1,0.96112514
1,0.9105816
0,0.08148005
1,0.77758783
0,0.25115767
0,0.6517294
0,0.1539023
0,0.26706344
1,0.944083
0,0.19384468
0,0.07701349
1,0.9613675
1,0.8885629
1,0.92006844
0,0.44736674
1,0.70674783
1,0.859182
1,0.73439515
0,0.089014634
0,0.28892103
0,0.21225964
1,0.70861995
0,0.16861317
1,0.93600094
0,0.20214655
0,0.23833618
0,0.1563918
1,0.8961649
0,0.081614345
1,0.9825121
1,0.96690357
0,0.2909166
0,0.32035273
1,0.8291252
1,0.9002399
0,0.21948464
1,0.58009815
0,0.38694882
0,0.18391483
0,0.1131608
0,0.11625882
0,0.4033053
0,0.08190471
1,0.70218194
1,0.6283502
1,0.8935131
1,0.9034531
1,0.7855392
1,0.8875049
1,0.82263094
1,0.90854436
0,0.3822965
0,0.6061852
1,0.7831885
0,0.18671747
1,0.9240869
1,0.87118345
1,0.9327945
1,0.87172157
1,0.9603146
1,0.8642872
1,0.943942
1,0.9020003
1,0.8585075
1,0.8579805
1,0.9103869
1,0.878029
1,0.420062
1,0.89937717
1,0.9054829
1,0.92901576
1,0.92901576
0,0.2951323
0,0.36662617
0,0.34629953
0,0.1677539
1,0.56953794
1,0.688494
1,0.65045285
0,0.16582945
1,0.7887207
1,0.7441146
0,0.2782863
1,0.6503843
1,0.7193507
1,0.7110829
1,0.5564948
1,0.8566856
1,0.6465852
0,0.107855745
0,0.2536777
0,0.11212962
1,0.9753225
0,0.06758902
0,0.07652027
0,0.21990627
1,0.9041822
1,0.9041822
1,0.7638063
1,0.9652201
1,0.92534083
0,0.1488105
0,0.3638514
0,0.21885909
0,0.24451274
0,0.18767703
0,0.4412644
0,0.4997219
1,0.34424332
1,0.19784266
1,0.83240336
0,0.10785948
0,0.24189854
1,0.82687527
0,0.17795303
1,0.216985
1,0.93615395
1,0.37985107
1,0.740822
1,0.4953071
1,0.9140745
1,0.76016444
1,0.9243093
1,0.9471854
1,0.89604056
0,0.74488705
1,0.7895927
1,0.6797717
0,0.24470581
0,0.047124434
1,0.5247856
1,0.6820188
1,0.9814315
1,0.9176056
0,0.4372696
1,0.35558116
0,0.20622134
0,0.1722951
0,0.1971887
1,0.7214155
0,0.18194711
1,0.44945517
0,0.23453963
0,0.17896312
1,0.8368607
1,0.5512121
1,0.8907601
0,0.19217333
1,0.3985552
1,0.90772074
0,0.9188374
1,0.9605105
1,0.9820869
1,0.9598989
0,0.55457866
1,0.2998353
1,0.95605326
1,0.95605326
0,0.3243828
0,0.20927702
1,0.928792
1,0.9051281
0,0.17826414
1,0.9617322
0,0.12269302
1,0.83940035
1,0.85569376
1,0.52005714
1,0.532122
1,0.8002592
1,0.6870783
1,0.78089094
1,0.68536025
0,0.26609305
1,0.54217637
0,0.10875145
0,0.12926479
0,0.22664914
0,0.20285277
0,0.2863066
0,0.087457165
0,0.12484173
0,0.37206617
1,0.95913357
1,0.9692193
1,0.48933282
0,0.140919
0,0.08740771
0,0.043311935
0,0.18971883
0,0.16291048
1,0.3487667
1,0.43414953
1,0.564593
0,0.3718647
0,0.2589473
0,0.1280561
0,0.24530782
0,0.19143103
0,0.27940416
0,0.35906896
0,0.23623562
0,0.24521373
0,0.09414372
0,0.4106643
0,0.22102347
0,0.2927905
0,0.25105155
1,0.108601734
0,0.3645508
0,0.04170908
1,0.55638707
0,0.23405752
1,0.8737524
1,0.882794
1,0.76694196
1,0.7470242
0,0.028146647
1,0.3458963
1,0.80651593
1,0.72157186
1,0.7728108
1,0.88594234
1,0.9098346
1,0.89222723
1,0.80613416
1,0.8098712
1,0.8060804
1,0.893532
1,0.41164407
1,0.91023743
1,0.5595912
1,0.88777786
1,0.7893347
0,0.0616061
0,0.12334734
0,0.10599547
0,0.08601704
0,0.07209408
0,0.052416515
1,0.81740004
1,0.9205338
1,0.74648124
0,0.18714859
0,0.091509
0,0.28843665
1,0.87133867
1,0.80159044
1,0.88509226
1,0.71123475
1,0.79391617
0,0.07704112
1,0.5365935
1,0.75466144
1,0.6836115
0,0.16663705
1,0.92656356
1,0.8072853
1,0.93811876
1,0.8481467
1,0.8410495
0,0.14253396
1,0.72029847
0,0.20324166
0,0.40521166
0,0.7499676
0,0.068067536
0,0.14258818
1,0.8725652
0,0.06900113
1,0.8412806
1,0.9189701
1,0.88575983
1,0.68479824
0,0.119018786
1,0.9817001
0,0.22337422
0,0.19027635
1,0.7608846
1,0.6499794
0,0.13155767
0,0.21268405
0,0.49659064
0,0.03441416
0,0.050537948
0,0.11953311
0,0.08773419
0,0.08998725
0,0.022704734
1,0.83723867
0,0.13849081
0,0.16429283
1,0.7931802
1,0.66135025
1,0.9192438
0,0.221972
0,0.10152485
0,0.53748184
0,0.36308998
1,0.46911114
0,0.101256825
1,0.97479445
1,0.96181005
0,0.17652908
0,0.63749313
1,0.799892
1,0.87832695
1,0.87764317
0,0.14535293
0,0.18116233
1,0.88390875
1,0.79317015
0,0.06542964
1,0.47347903
1,0.4639574
0,0.2091162
0,0.29030436
0,0.14638235
0,0.3518257
0,0.27907923
0,0.23445293
0,0.27228123
0,0.30362332
0,0.043565776
1,0.8663802
1,0.8663802
1,0.90786564
0,0.19081146
1,0.8410384
0,0.21949267
0,0.14824226
1,0.5971778
1,0.9744193
1,0.99745244
1,0.9968784
0,0.152214
1,0.80467963
1,0.7709835
0,0.041806836
1,0.27228332
0,0.18501316
1,0.6732366
1,0.87725437
1,0.9343842
1,0.97559595
1,0.94190335
1,0.9456334
1,0.8576644
0,0.08462787
0,0.066593684
0,0.30440775
1,0.31154287
1,0.95996666
0,0.55901164
0,0.056108046
0,0.30511528
1,0.8323996
0,0.07272986
1,0.87629986
0,0.32765394
0,0.12928788
0,0.1325703
1,0.96942365
1,0.9483099
1,0.9174738
1,0.9531537
1,0.98178744
1,0.95379543
1,0.9009788
1,0.925755
1,0.9658508
1,0.9658631
1,0.96052545
1,0.9219771
1,0.97443885
0,0.10276254
1,0.9136495
1,0.8668705
1,0.7962852
1,0.96991974
1,0.9326708
0,0.052881997
0,0.11784637
1,0.86549246
1,0.7048511
1,0.8900591
1,0.86348486
1,0.8595322
1,0.7249585
1,0.9121666
1,0.8979119
1,0.9311176
0,0.19843602
0,0.09169388
1,0.90044403
0,0.5665128
1,0.8667123
1,0.5298729
0,0.06755779
0,0.3081907
0,0.094599605
0,0.15637963
1,0.8146092
1,0.95205694
1,0.95205694
1,0.89196604
1,0.91077524
0,0.038414847
0,0.108452395
0,0.11029565
0,0.1423437
0,0.07939905
0,0.08385941
0,0.26744777
0,0.045436192
0,0.14835665
0,0.108516484
0,0.15430984
0,0.038875584
0,0.45939973
0,0.18536337
0,0.15689205
1,0.67083395
0,0.26097554
1,0.8221631
1,0.8869921
0,0.11472307
1,0.4370213
1,0.7558203
1,0.66218984
0,0.21479897
1,0.7954312
0,0.05916378
0,0.40298027
1,0.66674066
0,0.25634816
1,0.98297125
1,0.9345152
1,0.9679241
1,0.9672415
1,0.9575917
0,0.21834344
0,0.105864815
1,0.8580859
1,0.3622797
0,0.6575016
1,0.69808
0,0.67559195
0,0.06066233
1,0.7763938
0,0.24820505
1,0.6193009
0,0.22230938
0,0.2797431
1,0.618687
0,0.36183128
0,0.20839716
0,0.19588044
0,0.21302354
0,0.18318103
0,0.31354728
0,0.23415554
0,0.2276151
1,0.39853352
1,0.54223907
0,0.42666337
1,0.50333214
0,0.11918673
1,0.9593881
0,0.04820099
0,0.28835478
1,0.9318552
1,0.9013913
1,0.68145573
1,0.6047771
1,0.7000702
0,0.31692547
0,0.28943393
1,0.992339
1,0.992339
1,0.9048427
1,0.41539723
0,0.27841535
0,0.12690812
0,0.14560513
0,0.24295308
0,0.23222007
1,0.8126057
0,0.12910657
0,0.06793268
0,0.061269097
0,0.08187675
0,0.28054696
0,0.20901354
1,0.92948186
0,0.3504144
1,0.7626256
0,0.18166353
0,0.072694235
0,0.26791048
0,0.2313183
1,0.53280437
0,0.21113972
0,0.13386802
1,0.77766883
1,0.8537582
1,0.7686365
0,0.58270305
0,0.23463173
1,0.7549289
1,0.76872987
1,0.3598746
1,0.9221044
1,0.9816642
1,0.9636336
1,0.965393
1,0.9742683
1,0.9166974
1,0.92689353
1,0.9038226
0,0.06257708
1,0.81468517
1,0.6547486
1,0.8951548
1,0.7230013
0,0.36222726
1,0.7033706
1,0.58259654
1,0.6851061
1,0.58259654
1,0.93258077
1,0.7775132
0,0.63604635
1,0.7779334
1,0.9035946
1,0.86925983
1,0.8705015
0,0.22610618
0,0.33875754
0,0.3615334
1,0.50239927
0,0.44496393
0,0.43662232
1,0.4868424
0,0.3232279
1,0.5183168
1,0.8966661
1,0.92071694
1,0.91340446
1,0.9782039
1,0.98596025
0,0.21399145
1,0.8075225
1,0.7845766
0,0.3163164
0,0.3757943
0,0.09156675
1,0.3156476
0,0.2869568
0,0.24088602
1,0.84697866
1,0.94746375
0,0.4458693
0,0.089825965
1,0.31648517
1,0.8840811
1,0.7774368
0,0.11879458
1,0.82245386
1,0.34354845
0,0.30092683
0,0.11265912
1,0.5751133
0,0.41311967
0,0.3504834
0,0.0552525
1,0.39473268
1,0.6789905
1,0.8818298
0,0.068493456
1,0.84879553
1,0.85385084
0,0.34027743
0,0.24884859
0,0.36752132
0,0.20229635
1,0.7020674
0,0.19199257
1,0.3411163
0,0.3388139
1,0.91759866
1,0.93665457
1,0.92476296
1,0.92132676
1,0.9263757
1,0.7690668
1,0.8683597
1,0.5274296
1,0.7245955
0,0.4351438
1,0.8051904
1,0.9090236
1,0.8426994
1,0.94123095
1,0.8072006
0,0.057543788
0,0.06484872
1,0.5295428
0,0.19809614
0,0.047770143
0,0.05862753
0,0.08234205
0,0.20003115
0,0.18889351
1,0.9408127
0,0.04528242
1,0.8796821
1,0.80167747
1,0.6452212
1,0.87935114
1,0.31214496
0,0.21443918
1,0.9628672
1,0.9849423
1,0.97753066
1,0.96961963
1,0.8993615
1,0.9165961
1,0.9114708
1,0.90329957
1,0.90099204
1,0.8933268
1,0.81527555
1,0.47645175
0,0.095381096
0,0.11212136
0,0.171387
0,0.1259725
0,0.3242115
1,0.64014465
0,0.22010213
1,0.83915156
0,0.38324943
0,0.30003852
0,0.08278239
1,0.4739317
0,0.15579115
0,0.3090707
1,0.7246191
1,0.8921238
0,0.08195897
0,0.2813109
0,0.047800638
0,0.04172662
1,0.98230803
1,0.9865848
1,0.98230803
1,0.9934048
1,0.9865848
1,0.99094087
1,0.9730796
1,0.9781737
1,0.95204324
1,0.9693438
1,0.9516473
0,0.30625328
0,0.0411077
0,0.024293525
0,0.035526372
0,0.021168089
0,0.2260785
1,0.79984456
1,0.472071
1,0.8698085
1,0.7180487
0,0.2091503
0,0.2460153
0,0.115792334
1,0.4263298
1,0.77104676
0,0.24467197
1,0.23589456
0,0.15822092
0,0.052456256
0,0.13528074
1,0.747527
0,0.19457589
1,0.6416468
1,0.7322831
1,0.8150777
1,0.9647454
1,0.9752798
1,0.9649362
1,0.9191359
1,0.96990526
1,0.9728874
1,0.9519506
1,0.9533133
1,0.93259954
1,0.9195575
1,0.92257905
1,0.94950616
1,0.942204
1,0.962708
1,0.95705456
1,0.92142916
1,0.6782625
1,0.8330052
1,0.83897954
1,0.97408706
1,0.713636
1,0.9539758
1,0.8818273
1,0.9492345
1,0.95440066
1,0.9586924
1,0.9732529
1,0.96254
1,0.8732055
1,0.96336216
1,0.9550095
1,0.9548196
1,0.9594446
1,0.9419174
0,0.41728875
1,0.66805243
0,0.29888088
0,0.40827343
0,0.3569603
1,0.8935276
1,0.77485615
0,0.04718887
0,0.060565084
0,0.08778643
0,0.05675982
0,0.07736393
0,0.047409613
0,0.11045457
0,0.34008372
0,0.51422656
0,0.20287746
0,0.11405858
0,0.1997665
0,0.16600063
1,0.9083404
1,0.63729846
1,0.5758143
0,0.10802094
1,0.3899851
0,0.40444878
0,0.18656105
1,0.5660998
1,0.7927401
0,0.17100298
0,0.028855082
0,0.16016014
0,0.22452262
0,0.059037
1,0.9260057
1,0.87396955
0,0.18673019
1,0.76202196
0,0.27321076
1,0.82129425
0,0.12647209
0,0.28494504
0,0.33781973
1,0.8146786
0,0.4695486
0,0.19201571
0,0.13064772
0,0.29785657
1,0.27812275
1,0.7534692
0,0.17510782
0,0.1504853
0,0.1473061
0,0.27048272
1,0.85264534
0,0.08905828
0,0.099537574
1,0.9774259
0,0.17797817
0,0.16092062
0,0.21070467
0,0.1281407
1,0.8686368
0,0.15904811
0,0.15293531
1,0.7131381
1,0.8944246
0,0.19212218
1,0.4576087
1,0.72634214
1,0.9794495
1,0.9598199
1,0.96910167
1,0.9588643
1,0.95762485
1,0.98381466
1,0.9652838
1,0.98205847
1,0.9722654
1,0.9827449
1,0.9723681
1,0.9816543
1,0.9614252
1,0.98085093
1,0.90159273
0,0.67694086
0,0.101071835
1,0.760821
0,0.13023439
0,0.54922336
1,0.9250661
0,0.2861934
0,0.22285216
0,0.17520635
1,0.95576924
0,0.14358696
0,0.20928243
0,0.2907817
1,0.43224478
0,0.2746608
1,0.90091723
1,0.8380912
1,0.8957212
0,0.22211702
0,0.23233223
1,0.96201485
1,0.96457416
1,0.97936696
1,0.95836216
0,0.0811399
0,0.13602917
0,0.10695397
0,0.11486637
0,0.1567079
1,0.8496968
1,0.6702274
0,0.4014919
1,0.831072
1,0.81841946
1,0.44413865
1,0.7295393
1,0.85257834
1,0.8308076
1,0.7972514
1,0.9068197
1,0.6532253
1,0.56553936
0,0.46685982
0,0.16248187
0,0.34634268
0,0.31984374
0,0.7407528
0,0.25698328
0,0.5299583
0,0.5658346
0,0.6778905
0,0.26362845
1,0.8400559
1,0.7210236
1,0.850687
1,0.93652093
0,0.15556912
0,0.058216568
1,0.5518059
0,0.4040926
0,0.28007302
0,0.25866657
1,0.78303814
0,0.2512974
0,0.23028088
1,0.98930115
0,0.19084804
0,0.118361
1,0.8810031
1,0.8414819
0,0.07315346
0,0.08397658
1,0.9338696
0,0.40094477
0,0.3072629
0,0.05135215
1,0.45739183
1,0.6543235
1,0.6214177
0,0.33229026
0,0.30875486
0,0.22310925
1,0.38445583
0,0.38159448
0,0.23602368
1,0.8381046
0,0.19974448
1,0.9726778
1,0.96266454
1,0.82180786
0,0.19614951
1,0.9159538
1,0.5255832
0,0.23932377
0,0.2164355
0,0.4345189
0,0.03497366
0,0.16459575
1,0.7970231
1,0.86351126
1,0.6881016
1,0.99487805
0,0.2059592
1,0.78627753
1,0.86007077
1,0.7038184
0,0.33901215
0,0.75022244
0,0.17412621
0,0.38803363
1,0.7279483
1,0.9323915
1,0.967606
1,0.6984326
1,0.35280257
0,0.31521168
0,0.16182147
0,0.3778538
0,0.46442387
0,0.43709162
1,0.94748855
1,0.99084973
1,0.98246336
1,0.45206457
1,0.90558827
0,0.19034845
1,0.9179627
0,0.20242347
1,0.93243563
1,0.7350683
1,0.5064265
1,0.544589
1,0.9231905
1,0.8006484
1,0.7506149
0,0.119196616
0,0.14325163
0,0.26661626
1,0.92935824
1,0.875249
1,0.875249
1,0.70382017
0,0.17954008
0,0.025809785
0,0.0421669
0,0.31111756
0,0.39010212
0,0.3604194
1,0.98440856
0,0.19907485
0,0.16160972
0,0.41201738
0,0.7646821
1,0.7165705
1,0.78266996
1,0.46246034
0,0.22986735
0,0.26758736
0,0.346538
0,0.2405313
0,0.31814718
0,0.21847536
0,0.04220532
0,0.081604995
0,0.05309611
0,0.04565857
0,0.06502759
0,0.041528907
0,0.06903483
0,0.07664012
0,0.15801471
0,0.43708795
0,0.53079504
0,0.23253998
1,0.32147682
0,0.67842895
0,0.17583284
0,0.17991066
1,0.71934956
0,0.03635215
0,0.36750618
0,0.26596943
0,0.21176307
1,0.9020505
0,0.25337982
0,0.15688814
0,0.18544674
1,0.7270486
1,0.9474007
0,0.11132351
0,0.10844292
1,0.8365919
1,0.5063506
0,0.2429886
0,0.35297337
0,0.08182031
0,0.24407086
1,0.67892945
0,0.7612334
0,0.24423191
0,0.15131907
0,0.2562932
0,0.24630947
0,0.29069516
0,0.22834331
1,0.5979984
1,0.92438716
1,0.44155908
0,0.40500733
0,0.45568755
0,0.36393288
0,0.09005409
1,0.68486863
0,0.21127719
0,0.20359908
0,0.14327283
0,0.29847434
1,0.86829764
1,0.89524865
1,0.9250959
1,0.9312159
0,0.27145186
0,0.026917186
0,0.035322707
1,0.42610344
0,0.16080683
0,0.49999774
0,0.3709859
1,0.8564636
1,0.9136037
0,0.27966982
0,0.108634554
0,0.102648705
0,0.59427243
1,0.54887867
1,0.84369993
1,0.9078197
1,0.65104735
0,0.39255536
0,0.088493526
0,0.09239848
1,0.5766761
1,0.8380289
1,0.6706588
1,0.8482072
0,0.075434364
0,0.07652862
0,0.6794056
0,0.18726611
1,0.6788798
1,0.3040875
0,0.06285914
0,0.040591467
0,0.042068142
0,0.091121584
0,0.22583939
0,0.20104629
0,0.06495147
0,0.056464545
0,0.048419267
0,0.25685927
0,0.29474306
1,0.79533106
0,0.039303556
0,0.28785044
1,0.81902474
1,0.7887325
0,0.17035984
0,0.11620322
0,0.06325568
0,0.041586958
1,0.37835893
1,0.9010418
0,0.11135706
1,0.7935996
0,0.063503765
1,0.4932588
0,0.36016676
0,0.34905845
0,0.38706172
0,0.30850026
0,0.40106285
0,0.49056658
0,0.46460223
0,0.46782425
0,0.32657
1,0.67371345
1,0.5071447
0,0.30177307
1,0.5353779
1,0.8914581
1,0.6409228
1,0.9423151
1,0.72841436
0,0.060250536
0,0.04394811
0,0.15380518
1,0.8696047
1,0.8343888
1,0.7405549
1,0.3757311
1,0.88953155
0,0.16410822
1,0.8929653
1,0.96464866
1,0.9524714
1,0.93162894
1,0.49463454
1,0.3268452
1,0.95238054
0,0.08958993
0,0.14783235
1,0.8394002
0,0.23949955
0,0.24726279
0,0.18712425
0,0.4486189
0,0.16924772
1,0.254143
0,0.07344426
0,0.057384916
0,0.26147285
1,0.82597893
1,0.4158417
0,0.11836547
0,0.17751735
0,0.15132162
0,0.15761633
0,0.10718683
0,0.30675858
1,0.7068302
1,0.81873655
0,0.3341423
0,0.23625948
1,0.5464453
1,0.31412017
0,0.26841992
1,0.82077163
1,0.9426222
1,0.9521149
1,0.9409894
1,0.252622
1,0.9383321
0,0.36252138
0,0.15995166
0,0.2257956
0,0.2972545
0,0.2535669
1,0.92217267
1,0.7871445
0,0.15239778
0,0.20858899
0,0.23819087
0,0.17160238
0,0.14891341
0,0.108326554
0,0.13174544
0,0.1969088
0,0.13526022
0,0.15639916
0,0.24046439
0,0.19286384
1,0.9897153
1,0.99175245
1,0.99037117
1,0.98765904
0,0.08762083
1,0.7036274
0,0.096533254
1,0.64540416
1,0.6127199
1,0.89789534
1,0.8793746
1,0.9214725
1,0.9477414
0,0.36333838
0,0.34136033
0,0.1407194
1,0.5077527
0,0.17684224
0,0.105679184
1,0.8637165
1,0.547898
0,0.21601124
1,0.717628
0,0.20130132
0,0.29623735
1,0.664109
0,0.42474106
1,0.51939756
0,0.24760608
0,0.44327748
0,0.23065014
0,0.24793105
0,0.15828556
1,0.61629975
1,0.88508004
0,0.10998319
1,0.81618905
1,0.95449543
0,0.38139668
1,0.90446246
1,0.85668045
1,0.77612096
1,0.96123177
0,0.2765602
0,0.42804846
1,0.9041678
0,0.11119049
1,0.65342546
1,0.25912368
0,0.1138324
0,0.15609263
0,0.21096662
0,0.2612141
0,0.02757139
0,0.37627786
0,0.109611966
0,0.13315794
0,0.1845475
1,0.9305647
0,0.15935387
0,0.016219374
0,0.06265201
0,0.34306902
1,0.7743241
1,0.7993233
1,0.8552548
1,0.89298016
1,0.88055897
0,0.41372865
1,0.57378745
1,0.61781
0,0.61592686
1,0.7610948
1,0.641336
0,0.11839246
0,0.30637333
1,0.9781205
1,0.91455644
1,0.92407554
1,0.93534094
0,0.17084636
0,0.14896329
0,0.2188807
0,0.37924993
1,0.63132286
0,0.23364195
0,0.109897844
0,0.31299695
0,0.20531586
0,0.19302599
0,0.25463465
0,0.20415564
0,0.19296286
0,0.23768437
1,0.92941344
1,0.83150285
1,0.8898704
0,0.28718653
0,0.08099649
0,0.1781728
0,0.18953921
0,0.26739886
1,0.9683727
1,0.4420114
0,0.2972695
0,0.54054165
1,0.9247432
1,0.955914
1,0.9276083
0,0.41524974
0,0.20938522
1,0.77082396
0,0.07683149
1,0.93926734
1,0.51827675
0,0.042177126
0,0.052114114
1,0.85312784
0,0.18823548
1,0.92031425
1,0.36498824
0,0.11729306
1,0.9108309
0,0.1604622
0,0.09567972
0,0.0939736
1,0.2867262
0,0.3032353
0,0.17949899
0,0.21528783
1,0.5134825
1,0.935204
1,0.8446803
1,0.30208233
1,0.8021449
1,0.5866699
1,0.4734994
1,0.84612554
1,0.89073676
1,0.74320894
1,0.91325957
0,0.21692811
1,0.7874761
0,0.23566969
0,0.41887873
0,0.13431633
0,0.34730652
1,0.9801778
1,0.92494947
0,0.0959551
0,0.11933515
1,0.90404946
1,0.9064174
1,0.89459795
0,0.116743825
1,0.96299654
0,0.12253338
1,0.5889801
0,0.077465
0,0.42663443
0,0.101319306
0,0.20306465
0,0.16454872
1,0.86962926
0,0.48545894
0,0.7235373
0,0.5519391
1,0.8833925
1,0.8668035
1,0.7941825
1,0.80978453
1,0.82241845
1,0.79587936
1,0.8614953
1,0.8780635
1,0.82470435
1,0.77915674
1,0.68597853
1,0.9430875
1,0.6967296
1,0.44576496
1,0.62786865
0,0.06889432
1,0.4455847
0,0.29701975
0,0.084483
0,0.22692351
0,0.10145905
0,0.17953588
1,0.956866
1,0.7151745
0,0.28547406
1,0.6669523
1,0.69326055
1,0.7982479
0,0.57929194
1,0.64949936
1,0.5671957
0,0.088996254
1,0.6978862
1,0.8909526
0,0.21064323
1,0.9446896
0,0.26792586
1,0.98452735
1,0.64975274
1,0.84582245
0,0.26137093
0,0.3691005
1,0.5793353
1,0.42552528
0,0.082210205
0,0.08877326
0,0.09865893
0,0.2421258
0,0.33623242
1,0.7915732
1,0.57021844
0,0.29424408
0,0.3212555
1,0.9066711
1,0.8920187
0,0.17956886
1,0.7707418
1,0.64064574
1,0.8462914
0,0.32099295
0,0.5811703
1,0.58739376
1,0.8693268
1,0.9904896
1,0.8577325
1,0.91456056
1,0.9053454
0,0.19867569
1,0.8591204
1,0.82205087
1,0.81988496
0,0.16082309
1,0.6430291
1,0.46369368
0,0.15977213
0,0.068351336
1,0.40595588
1,0.9791054
1,0.9153432
1,0.9153432
0,0.01480946
0,0.18574376
0,0.07091856
0,0.08636053
1,0.91203344
1,0.93904614
1,0.96978027
0,0.62021345
0,0.47360018
0,0.5505684
1,0.6769401
1,0.83452314
0,0.6563054
0,0.58558625
1,0.8448314
1,0.8970056
1,0.741122
0,0.1788128
0,0.28791916
1,0.62767226
0,0.24841139
0,0.07323919
0,0.19289793
0,0.23150986
0,0.29922915
1,0.46465963
1,0.78313744
1,0.6037014
1,0.6877254
0,0.34593642
0,0.40361166
0,0.30551994
0,0.5584245
0,0.27983168
0,0.39747506
0,0.34695446
0,0.34681696
1,0.94925565
0,0.027347466
0,0.23298636
1,0.7658349
0,0.46698445
0,0.35078055
0,0.32424784
1,0.38560066
1,0.35502255
0,0.3711274
0,0.25694984
1,0.92196316
1,0.64972436
0,0.133252
0,0.35248354
1,0.7429715
0,0.06477749
1,0.76827043
0,0.030573053
0,0.04700117
0,0.029197646
0,0.022427553
1,0.9496425
1,0.477294
1,0.34252197
1,0.8336931
0,0.34235847
1,0.48833564
1,0.78260607
0,0.27550542
0,0.12993646
1,0.6469233
0,0.39347506
1,0.8564307
0,0.28926218
0,0.28189188
1,0.8448101
0,0.23393811
1,0.95918137
1,0.9768346
1,0.94978535
1,0.9461794
0,0.21826154
1,0.8880711
0,0.16082768
0,0.2878649
0,0.34450647
1,0.45452416
1,0.725829
0,0.21500757
0,0.2348596
1,0.95587933
1,0.9712272
1,0.9667518
1,0.8704776
1,0.96815187
1,0.97351336
1,0.5087859
1,0.90842235
0,0.6939182
1,0.75141686
0,0.12836568
0,0.08667388
1,0.74835277
1,0.913135
1,0.97813946
0,0.26211476
0,0.50646734
1,0.5980424
1,0.9700556
1,0.9360204
1,0.91351587
1,0.9663697
1,0.94440705
1,0.9504597
1,0.9443388
1,0.8113679
0,0.12898915
0,0.17304203
1,0.65495384
1,0.60944045
0,0.06820876
0,0.19416167
1,0.9589407
1,0.79813457
1,0.91190207
1,0.89113134
0,0.058572497
1,0.79415745
1,0.36192062
0,0.09985011
0,0.13795571
0,0.17512384
1,0.93697554
1,0.959059
0,0.04488573
0,0.3115276
1,0.8320506
1,0.7947956
0,0.10774759
1,0.77579963
1,0.16329704
0,0.10643949
0,0.15008068
1,0.45441416
0,0.44078198
1,0.6275173
0,0.16570848
0,0.31308445
0,0.11906191
0,0.2463646
0,0.1150653
1,0.1973326
0,0.2609122
0,0.12760566
1,0.9789271
0,0.071181856
0,0.17198238
1,0.6209737
1,0.53738153
1,0.5644081
1,0.6707273
1,0.93673027
0,0.29359445
1,0.79562104
1,0.97937965
1,0.9746951
1,0.9735623
1,0.9767352
0,0.43890974
0,0.29745653
0,0.26382968
0,0.37179425
1,0.6969144
1,0.8322878
0,0.6136792
0,0.4408292
0,0.26941037
1,0.923704
1,0.9715934
1,0.97196937
0,0.07645395
0,0.41405782
0,0.29494527
0,0.29872406
0,0.14755872
0,0.48798496
1,0.9618062
1,0.96221936
1,0.9709954
1,0.9559863
1,0.96885395
1,0.9680839
1,0.9606921
1,0.93772566
1,0.90065145
1,0.6788705
1,0.8922926
1,0.9381424
1,0.69605964
0,0.2516125
1,0.77603626
0,0.081681676
0,0.054022558
0,0.2723568
0,0.20403866
0,0.14748351
0,0.36835483
0,0.36835483
0,0.17823654
1,0.54692537
0,0.43018907
0,0.20625128
0,0.5444583
0,0.2633596
1,0.56315905
0,0.31341088
1,0.22682758
1,0.7723264
1,0.5090535
1,0.7315222
1,0.3114507
1,0.7586686
1,0.6851135
1,0.71674335
1,0.6399743
1,0.71242005
1,0.8685519
0,0.27767292
0,0.31245312
0,0.4089263
0,0.19806938
0,0.3119447
0,0.21810058
0,0.3596528
0,0.3899854
0,0.20146152
0,0.2145509
0,0.359493
0,0.26451162
0,0.16693068
0,0.5068981
0,0.41121215
0,0.36889592
0,0.47267422
0,0.45323953
0,0.7077215
0,0.5487333
0,0.36889592
0,0.6097859
0,0.46337616
1,0.50322306
1,0.5776785
1,0.77067685
1,0.75188506
1,0.56859607
0,0.43300712
0,0.24397698
0,0.04828672
0,0.12174194
1,0.7967244
1,0.2605057
1,0.36154982
0,0.122533545
0,0.07370065
1,0.69743407
1,0.78646964
0,0.29746467
0,0.08419527
0,0.23988923
0,0.105334744
0,0.10899271
0,0.12167412
0,0.14706995
0,0.13570395
0,0.15402411
0,0.18396334
1,0.7535217
0,0.081897885
0,0.10640181
0,0.121966474
0,0.11356869
1,0.46359769
0,0.2832803
0,0.08585151
0,0.26151502
1,0.9677981
1,0.9677981
1,0.97277087
1,0.97277087
0,0.29956374
1,0.4049808
1,0.86311555
0,0.41042033
1,0.50833637
1,0.83038276
1,0.82602274
1,0.8099481
1,0.8398197
1,0.75658625
1,0.8051649
1,0.75625396
1,0.84106827
1,0.8808215
1,0.87693816
1,0.77166754
1,0.85413355
1,0.8649117
0,0.72783893
0,0.8622302
0,0.7200005
1,0.7530624
1,0.35252982
0,0.30615094
0,0.21918507
1,0.76319134
1,0.27952364
0,0.3722333
0,0.14403574
1,0.9027927
0,0.21147408
0,0.16947353
1,0.8448285
0,0.1481401
0,0.13367356
0,0.49337196
1,0.9575635
1,0.6533093
0,0.23248702
0,0.14214568
0,0.22201632
1,0.9752246
1,0.97436804
1,0.96856904
1,0.9642566
1,0.98877174
1,0.98134375
1,0.97953105
1,0.98402345
1,0.9802611
1,0.99080807
1,0.9618053
1,0.9820312
1,0.97893804
1,0.974162
1,0.9836235
1,0.98322475
1,0.9867476
1,0.979708
1,0.9894198
1,0.9797308
1,0.98528636
1,0.9813043
1,0.9816554
1,0.116091006
0,0.0522637
0,0.10558098
0,0.06392429
0,0.072719604
0,0.09765254
0,0.26849136
0,0.19055122
0,0.23639436
0,0.26212206
0,0.29510337
0,0.21870266
1,0.87704444
1,0.79505926
1,0.77355707
1,0.73141927
0,0.47986746
0,0.046285756
0,0.027464913
0,0.3491006
0,0.22911696
0,0.33184782
1,0.3197982
0,0.43104208
0,0.40227413
1,0.9070926
0,0.2136974
1,0.7235693
1,0.8573092
0,0.17674649
0,0.06692077
0,0.21079223
0,0.22176158
0,0.29478833
0,0.09879676
1,0.78609776
0,0.04966256
0,0.034182664
0,0.057184536
1,0.9861789
1,0.944299
1,0.9364796
1,0.944299
1,0.96131736
1,0.9396918
1,0.95442873
1,0.95308435
1,0.96770716
1,0.90265954
1,0.92591125
1,0.944299
1,0.90928406
0,0.15968817
1,0.8897336
1,0.921294
1,0.9947884
1,0.98766243
0,0.13902786
1,0.46279493
1,0.79581624
0,0.28736463
0,0.19508216
0,0.13692208
0,0.14950196
0,0.17907129
0,0.15318976
0,0.18657467
0,0.1709136
0,0.17548639
0,0.10660866
1,0.4470656
1,0.81188387
1,0.7387323
1,0.32184163
1,0.2901794
1,0.8904152
0,0.38372543
1,0.61597407
1,0.47857958
0,0.29429016
1,0.53104204
0,0.37193036
1,0.5527387
0,0.2858107
0,0.1940918
0,0.10551134
1,0.94709766
1,0.94440657
0,0.29879457
1,0.9258096
0,0.117496364
0,0.0575181
0,0.053621266
0,0.22978917
1,0.7863545
1,0.9596892
0,0.3353878
0,0.0903336
0,0.16732676
1,0.12914325
0,0.07730342
0,0.098670274
0,0.119275615
0,0.1161198
0,0.097220935
0,0.112601146
0,0.30780748
1,0.64495313
1,0.85330236
1,0.6506132
0,0.24671163
0,0.673144
1,0.44716287
1,0.8242815
1,0.7065753
1,0.55461967
0,0.18762475
0,0.31529933
0,0.22053953
1,0.9236901
1,0.817534
1,0.8487294
1,0.7637096
1,0.9310283
1,0.82964987
1,0.87851864
1,0.8222928
0,0.13371517
1,0.9554408
0,0.2998697
1,0.9793332
0,0.34135067
0,0.13055268
1,0.88552123
0,0.06145251
1,0.856635
0,0.10780796
0,0.21278909
0,0.3567171
0,0.38372326
1,0.64892036
1,0.7551079
0,0.2423276
0,0.22311372
0,0.02950876
0,0.11399595
0,0.42607468
0,0.53410584
0,0.33784443
1,0.45264983
0,0.17042899
0,0.15662602
1,0.85213006
1,0.9443492
1,0.64592737
1,0.6481213
0,0.2420218
0,0.15500283
1,0.92807937
0,0.305978
0,0.10289454
0,0.12634294
0,0.16101553
1,0.40016907
0,0.29349807
0,0.4696707
1,0.9692498
1,0.35628828
0,0.25324193
0,0.13826303
0,0.1008809
1,0.58515906
1,0.9693025
0,0.12808569
0,0.25486034
0,0.029124703
0,0.028536644
0,0.054412905
0,0.18606268
1,0.9030621
0,0.70403016
0,0.29667696
1,0.71819484
1,0.7241642
1,0.8454389
1,0.3836468
1,0.9316662
0,0.40589604
1,0.40894458
0,0.28703874
0,0.085109405
1,0.8197261
0,0.35842368
0,0.15179664
0,0.13873073
1,0.90493566
0,0.11705609
1,0.77598435
0,0.085685275
1,0.9015291
1,0.9129728
0,0.14970288
0,0.04552005
1,0.5792147
1,0.86358416
1,0.5848642
1,0.52506244
0,0.43505502
0,0.27114755
0,0.23125789
0,0.3496814
0,0.10987859
0,0.21851775
0,0.20675494
1,0.763797
1,0.5413846
1,0.7853916
1,0.8384047
1,0.84338456
0,0.48893547
1,0.48738334
1,0.8055872
0,0.13388373
0,0.22531246
0,0.41208255
1,0.98273027
1,0.46804413
0,0.22333871
0,0.2053691
1,0.6038455
0,0.22520445
0,0.16822496
0,0.38801262
0,0.3274241
1,0.57082045
0,0.046729546
1,0.8166291
1,0.7912982
1,0.7685913
1,0.4681421
0,0.13340297
1,0.61388606
0,0.14770186
0,0.20271583
0,0.104727484
0,0.31300658
0,0.16301972
0,0.25652042
1,0.89578164
0,0.06805026
1,0.44920456
0,0.15590537
0,0.12138516
0,0.20426083
0,0.47749606
1,0.36902308
0,0.09671096
0,0.06173579
1,0.89639634
1,0.44700325
0,0.2561818
1,0.7892638
0,0.41111156
0,0.051785506
0,0.20293278
1,0.97715807
1,0.6376109
0,0.09577012
0,0.08993278
1,0.932034
1,0.8004335
1,0.9311118
0,0.21111208
0,0.19675043
1,0.7792794
1,0.6826462
0,0.08191204
0,0.07755386
0,0.07275527
1,0.9940919
0,0.042281985
0,0.4408755
0,0.41636744
1,0.77627605
0,0.32323623
1,0.87185055
0,0.1464509
1,0.95498234
0,0.028484618
1,0.33193046
1,0.7643151
1,0.71491945
1,0.8908859
1,0.86202383
1,0.6621123
0,0.2683139
1,0.36947945
1,0.7570702
0,0.5371424
0,0.16075148
0,0.02972264
1,0.34499493
1,0.5648664
0,0.054667436
0,0.09447528
0,0.075616516
0,0.35504508
1,0.843597
1,0.63132036
1,0.69613916
1,0.9627564
1,0.9070807
1,0.7843718
0,0.13067415
1,0.64408875
0,0.15717386
1,0.8798681
0,0.247954
1,0.5887459
1,0.96266973
0,0.15526034
1,0.845293
1,0.8164901
1,0.8380738
1,0.8593114
0,0.12589987
1,0.5483673
1,0.8796723
0,0.48203677
0,0.3869878
0,0.28782886
0,0.14829601
1,0.47668764
0,0.41775662
1,0.9378222
1,0.92220306
1,0.93840027
0,0.42149955
0,0.09496933
0,0.08817559
1,0.51004934
0,0.34093276
0,0.27402696
0,0.23846258
1,0.8018556
1,0.8900432
1,0.90431064
1,0.88342917
1,0.8938581
1,0.8098909
1,0.31290638
1,0.83718336
0,0.7098607
1,0.45407084
1,0.9249356
1,0.9249356
1,0.84059274
1,0.9979426
1,0.9983197
0,0.094996504
1,0.579905
1,0.6587668
0,0.37620598
1,0.5194497
0,0.28478572
0,0.15305892
0,0.35191372
1,0.9733704
1,0.8883631
0,0.21379742
0,0.16032593
0,0.25056535
0,0.039941218
0,0.03512304
0,0.04100036
0,0.3573409
1,0.8410471
0,0.11510814
0,0.3630496
1,0.6375077
1,0.8163601
1,0.8548328
1,0.625339
1,0.6155448
0,0.43953657
0,0.5013018
0,0.036065023
1,0.76534486
1,0.64562863
0,0.51591617
0,0.21835221
1,0.92952335
1,0.8564056
0,0.28843448
0,0.3113672
1,0.5871241
0,0.10129899
0,0.33598027
0,0.18910377
0,0.2050554
0,0.118984036
1,0.8275148
0,0.55692786
0,0.52632654
0,0.6056783
1,0.66648644
0,0.26908895
1,0.89612824
1,0.88338304
0,0.33347577
1,0.87265253
1,0.6705691
0,0.18856747
0,0.15911368
0,0.11312346
0,0.25880575
0,0.09150464
0,0.18451524
1,0.9386525
1,0.8359269
1,0.8508362
1,0.88398093
0,0.28520784
1,0.54475695
0,0.20587619
1,0.71040547
1,0.762084
1,0.9047686
1,0.81993926
1,0.6483154
0,0.47960868
1,0.6871521
0,0.23803593
1,0.75420946
1,0.49778694
1,0.8759545
1,0.82420254
1,0.86635923
1,0.8834922
1,0.88296497
1,0.9021358
1,0.8668912
1,0.89138776
1,0.8582398
1,0.62695193
0,0.35886455
1,0.27453962
0,0.2804839
0,0.18624307
0,0.21136484
1,0.38962603
1,0.8062081
1,0.9195704
1,0.91707027
1,0.6860698
1,0.94386905
1,0.8763109
1,0.92142075
0,0.08985308
0,0.0663774
1,0.87705165
1,0.911216
1,0.92678076
0,0.36911175
0,0.23358445
1,0.7038227
0,0.14914125
1,0.97157335
0,0.10032564
0,0.080437355
0,0.12634945
1,0.8314219
0,0.077161945
1,0.70024806
1,0.60033196
0,0.37029243
0,0.15351817
1,0.7323472
1,0.66509694
1,0.6847288
0,0.43526995
0,0.17430174
1,0.752818
1,0.6402282
1,0.6575549
1,0.7912318
0,0.31078184
0,0.46421826
1,0.82544404
0,0.31879824
1,0.122434795
0,0.020311676
0,0.03051449
0,0.014696659
0,0.025674928
0,0.011891417
0,0.042124335
0,0.013342927
0,0.012437109
0,0.0349174
0,0.04178708
0,0.011377574
0,0.03057106
0,0.013401887
0,0.010403733
0,0.058596354
0,0.022036651
0,0.025967179
0,0.036021665
0,0.012938882
0,0.017389152
0,0.040527277
0,0.016612073
0,0.030534219
0,0.05262361
0,0.044093233
0,0.014156079
0,0.011139396
0,0.015549933
0,0.012901665
0,0.06946228
0,0.012721631
0,0.02250907
0,0.37049785
0,0.046784274
0,0.09169932
0,0.25516176
0,0.39781442
1,0.8232952
0,0.39130074
1,0.94589764
0,0.36919156
1,0.79008645
1,0.5959711
1,0.5815135
1,0.8843473
1,0.8827543
1,0.877875
1,0.8292503
1,0.82042086
1,0.93339413
0,0.13345014
1,0.5144418
0,0.12746951
0,0.08091935
1,0.6442591
0,0.16258572
0,0.27300406
0,0.16798818
0,0.08746526
0,0.6566826
0,0.38704932
0,0.18825385
1,0.5480185
0,0.26927367
0,0.48243678
1,0.94824386
0,0.109934635
1,0.8912592
1,0.8778402
1,0.88073367
1,0.87111217
1,0.86510015
1,0.86737204
1,0.95093733
1,0.93985665
1,0.9143136
1,0.85472745
0,0.7138301
0,0.29738253
0,0.3929593
0,0.2548457
1,0.74387765
0,0.18393813
0,0.15706165
1,0.720008
1,0.8030247
1,0.9695892
0,0.12210722
0,0.08926265
1,0.87559634
1,0.59948117
0,0.14298567
0,0.36013493
1,0.8501509
0,0.14493573
1,0.7038417
1,0.6426414
1,0.8079896
0,0.09641302
1,0.9786524
0,0.19237877
1,0.7144586
1,0.508204
1,0.6958433
0,0.32953772
1,0.52625424
0,0.33253533
0,0.19711663
0,0.5129495
1,0.53408086
1,0.6878833
1,0.947388
0,0.024063976
0,0.06279979
1,0.49206707
1,0.26523685
1,0.67128634
1,0.38250938
0,0.2570995
1,0.78421587
1,0.36138564
1,0.49041745
1,0.5587656
0,0.083609246
1,0.746188
1,0.7629614
1,0.77930796
1,0.7655588
0,0.10744511
0,0.2253757
0,0.20588793
0,0.24031428
0,0.5006433
1,0.86569446
0,0.25114095
0,0.21392232
0,0.22630958
1,0.42373723
0,0.072742455
0,0.13089223
1,0.85228115
0,0.11583982
0,0.096276745
1,0.90130764
1,0.93538576
1,0.9092649
1,0.8507606
1,0.7369937
1,0.5604029
0,0.07856887
0,0.21046242
0,0.13185932
0,0.15710606
0,0.14456822
0,0.23871534
0,0.1215228
0,0.20462203
0,0.25912252
0,0.27968803
0,0.26839787
1,0.262469
0,0.02688417
0,0.03921251
0,0.03547084
1,0.77149564
1,0.42509294
1,0.74528944
0,0.6538022
0,0.12944648
1,0.7159258
0,0.46430537
0,0.1978255
0,0.07461084
0,0.1933825
1,0.28240559
0,0.15154772
0,0.24378225
0,0.12772101
1,0.88194394
0,0.13351616
1,0.8402182
1,0.67560405
1,0.735286
1,0.5860846
0,0.22491074
0,0.2237288
0,0.19719659
0,0.16544051
1,0.92393476
1,0.79431933
0,0.23725243
0,0.4201277
1,0.60779375
0,0.22225489
0,0.285396
1,0.5570493
0,0.29557246
0,0.15775286
0,0.17019099
0,0.099709794
0,0.13143218
1,0.9677328
0,0.06821781
0,0.09756338
1,0.86692774
0,0.2751915
0,0.3635227
1,0.17527245
1,0.96578526
1,0.9729654
1,0.97495663
0,0.39360303
0,0.16635123
0,0.02992288
0,0.06459732
0,0.17301965
1,0.5651949
0,0.26151392
0,0.24155104
0,0.24155104
0,0.27457145
1,0.6371731
0,0.15661392
1,0.9310681
0,0.09200105
1,0.9237013
1,0.4145814
1,0.41940433
1,0.2261511
1,0.70661944
0,0.11248088
0,0.0890753
0,0.096216075
0,0.13719557
0,0.10830564
0,0.07179931
0,0.085682124
0,0.074824855
0,0.12482401
0,0.11796072
0,0.11734152
0,0.052981652
0,0.049395148
1,0.28023064
1,0.40342438
1,0.4857083
0,0.18473175
1,0.9671396
0,0.17583191
0,0.46802962
0,0.3400872
0,0.052054115
0,0.32271853
0,0.08071624
1,0.64644504
1,0.886271
0,0.27397898
0,0.0953559
0,0.10986599
1,0.9379629
1,0.71906626
0,0.2327102
1,0.41896358
1,0.9464763
0,0.67218524
1,0.38422891
0,0.25274244
0,0.27155653
1,0.6354175
1,0.87614083
1,0.87614083
1,0.61057925
1,0.9551673
1,0.9781967
1,0.96503854
1,0.9763659
1,0.90102774
1,0.87744355
1,0.9429936
0,0.042446524
0,0.18057068
0,0.03534606
0,0.2443298
0,0.1562809
0,0.13333143
0,0.24121182
0,0.14058052
1,0.77832854
0,0.22398327
1,0.71337485
0,0.044294696
1,0.9464138
1,0.97009295
0,0.09059921
0,0.6417892
0,0.5720035
0,0.5488265
0,0.42883983
0,0.54146343
0,0.37806237
1,0.8201562
1,0.66333896
1,0.7671673
1,0.8175219
1,0.8515451
1,0.61635166
1,0.75415134
1,0.794131
1,0.6675976
1,0.83505327
1,0.86150444
1,0.81234944
1,0.88800144
1,0.8895968
1,0.699512
0,0.22660895
0,0.3214372
0,0.3214225
0,0.26908776
0,0.049883813
0,0.076128185
1,0.9167085
1,0.8805996
0,0.33791193
0,0.54763746
1,0.39821827
1,0.28875783
1,0.6977816
0,0.29413933
0,0.24895489
0,0.3060603
1,0.89114326
1,0.72958434
0,0.19121346
0,0.028157974
0,0.119373925
1,0.9390142
0,0.39373237
1,0.95572865
0,0.39268506
1,0.68828654
1,0.94517845
1,0.9531516
1,0.9614236
1,0.9612353
1,0.9680926
1,0.9771588
1,0.97843903
1,0.9028013
1,0.8064767
1,0.8943024
1,0.9132685
1,0.95070225
1,0.8672637
0,0.34659913
0,0.8661349
1,0.45347434
1,0.96694785
1,0.24503705
1,0.86102134
0,0.06815558
1,0.965331
0,0.09028513
0,0.327674
1,0.88515484
1,0.87793416
1,0.9720277
0,0.2406912
0,0.20516996
0,0.10885105
0,0.07778
1,0.9662298
1,0.96100545
1,0.9589726
1,0.97336334
0,0.07467317
0,0.07202257
0,0.20551908
0,0.014398101
1,0.64990056
1,0.91116184
0,0.27951437
1,0.94734925
1,0.71133286
1,0.9572482
0,0.21023464
0,0.22630523
1,0.5871403
0,0.37719682
1,0.54829556
0,0.09650991
1,0.69049704
0,0.4175037
1,0.80683386
1,0.6549577
1,0.8600813
0,0.03828886
0,0.21729042
1,0.8190055
0,0.31020457
1,0.6142709
0,0.10177885
0,0.14811763
1,0.95960075
1,0.86902535
1,0.9431048
0,0.16971458
0,0.19588377
1,0.7748388
0,0.15977208
0,0.23169202
0,0.6678794
0,0.19544426
1,0.4267445
0,0.1898979
0,0.22494885
0,0.103735216
1,0.3182891
0,0.09119609
0,0.1585301
0,0.09536043
0,0.121272825
0,0.17160079
0,0.1864935
0,0.07323806
0,0.10569595
1,0.45100537
0,0.2770461
1,0.6239116
0,0.15803121
0,0.30280352
1,0.56901455
0,0.28663394
1,0.547213
1,0.5053725
0,0.11864625
0,0.24626155
0,0.12323563
0,0.27068365
0,0.17251343
1,0.8599293
1,0.9853462
0,0.09407404
0,0.060339198
1,0.6821994
0,0.24812967
1,0.93584704
0,0.5640893
0,0.6275854
1,0.813913
1,0.5600462
1,0.59415084
0,0.05560648
0,0.21435647
0,0.13121565
0,0.15499385
0,0.13314067
0,0.14057511
0,0.09240022
1,0.7111964
0,0.43069586
0,0.3709337
0,0.095000215
1,0.74177116
0,0.22389036
0,0.1899735
0,0.32516497
0,0.23594841
0,0.24136423
1,0.79443765
0,0.46942368
0,0.36172324
0,0.34547213
1,0.7202541
0,0.23835915
0,0.058503583
1,0.8639733
1,0.95662963
0,0.12273089
1,0.9497929
1,0.35518354
0,0.082784
0,0.056124832
1,0.7205373
1,0.83860475
0,0.1943758
1,0.37976095
1,0.31921884
0,0.089185305
1,0.5920611
0,0.22940242
1,0.44644254
1,0.5593137
1,0.85717136
1,0.9078473
1,0.98273027
1,0.98273027
1,0.98273027
1,0.98273027
1,0.98273027
1,0.98273027
1,0.2717126
1,0.65868855
1,0.976488
0,0.43341854
0,0.05326908
0,0.054522473
0,0.111284204
0,0.27187288
1,0.8572726
0,0.08934783
0,0.45281944
0,0.34347254
1,0.795637
1,0.79616374
1,0.723809
1,0.7711191
1,0.7503986
1,0.70982355
1,0.85715604
0,0.11881454
1,0.9425795
1,0.6406419
1,0.31243664
0,0.20665173
1,0.9758164
0,0.074504
1,0.7511985
0,0.12735358
1,0.78658617
1,0.58596754
0,0.26694903
1,0.3150924
1,0.53503597
0,0.13333687
1,0.5056079
0,0.07193811
0,0.08462582
1,0.7297733
0,0.11498043
1,0.9074965
0,0.116937526
0,0.36709
0,0.118372574
1,0.5271777
0,0.20376633
0,0.18661553
1,0.8563162
1,0.7604477
0,0.28760594
1,0.9415402
1,0.99147195
0,0.21762015
1,0.9483267
0,0.27187714
0,0.2587872
0,0.4953131
0,0.21504368
1,0.64760184
1,0.90482736
0,0.043089226
0,0.18994774
1,0.9411374
0,0.19466673
1,0.313358
1,0.5395496
1,0.920825
1,0.7584157
0,0.7174433
0,0.34734556
0,0.14431341
1,0.8592832
1,0.7644663
0,0.09102697
0,0.21771681
0,0.27472916
0,0.14592142
1,0.4064828
0,0.28962284
0,0.22059172
0,0.2577087
1,0.92106146
0,0.5761805
1,0.97918713
1,0.9881358
1,0.9881358
1,0.9881358
1,0.9881358
1,0.9881358
0,0.46842703
0,0.55211085
0,0.5593556
0,0.5270199
1,0.8021553
1,0.8098189
1,0.6324897
1,0.58502805
1,0.8285351
1,0.87119627
1,0.64524347
0,0.6107105
1,0.5640067
1,0.38824558
0,0.20475529
0,0.3421996
1,0.32896024
0,0.18889876
1,0.92111164
0,0.31401113
1,0.27696142
0,0.17316137
0,0.19012047
0,0.30235633
1,0.57778674
1,0.83539605
1,0.72008914
1,0.8613104
0,0.03739571
1,0.9362813
1,0.8123984
0,0.15843609
0,0.09990813
1,0.5241738
1,0.96274155
1,0.9765844
1,0.9765844
1,0.9765844
0,0.27304608
1,0.9466354
1,0.9816125
1,0.6052826
1,0.7166977
1,0.6940338
0,0.23372158
0,0.18250208
0,0.2929442
0,0.121802725
0,0.6231584
0,0.41520035
0,0.29437268
0,0.2938097
0,0.12412891
1,0.88600355
0,0.072821595
1,0.9583409
1,0.5232784
1,0.5561124
0,0.12958433
1,0.74886465
1,0.5013169
0,0.12131707
1,0.79484004
1,0.58953077
0,0.30318293
0,0.080900736
0,0.43695483
1,0.93724006
1,0.8571514
1,0.7571059
1,0.6532868
1,0.7864674
1,0.9572658
1,0.9577906
1,0.84353286
1,0.8802542
1,0.88780355
1,0.8440223
0,0.17720635
0,0.40742505
0,0.3643544
0,0.30147022
0,0.11005302
0,0.06524119
1,0.869649
1,0.80580026
1,0.85502374
1,0.88004386
0,0.02419004
0,0.019187804
0,0.020648263
1,0.8755015
1,0.71567506
0,0.39386508
1,0.95982176
0,0.23730418
0,0.103949696
0,0.16332895
1,0.82521397
1,0.81055397
0,0.36068916
0,0.2304592
1,0.6372929
1,0.87062687
0,0.07110054
1,0.27878344
0,0.109247334
0,0.3010906
0,0.2983976
1,0.54750353
1,0.4769734
1,0.93234
1,0.934205
1,0.94704837
1,0.9453215
1,0.9602582
1,0.90872324
1,0.95349914
1,0.92602575
1,0.96190125
1,0.95218706
1,0.95708394
1,0.9338248
1,0.9320248
0,0.27795494
0,0.5190186
1,0.7592233
0,0.078199916
0,0.041683443
0,0.054942157
0,0.05562861
0,0.23053733
0,0.35789546
1,0.28825384
0,0.32002464
0,0.18827085
0,0.040163558
1,0.6350347
1,0.8569983
1,0.8658126
1,0.806731
0,0.15453108
0,0.44951373
1,0.5684673
1,0.711449
0,0.22422779
1,0.17866477
0,0.16927949
0,0.18371412
0,0.13188577
0,0.15908231
1,0.43182868
0,0.24091959
0,0.31490642
0,0.27373362
1,0.756096
0,0.29365063
0,0.20561427
1,0.70196486
0,0.31084657
0,0.29990128
1,0.99132854
1,0.8557904
0,0.6945204
1,0.3399072
1,0.9717799
0,0.047740053
0,0.056831535
0,0.3621635
0,0.014783748
0,0.032346677
0,0.025329428
0,0.18240692
0,0.18823434
0,0.35193786
0,0.19649677
1,0.84928864
0,0.27611354
0,0.18369739
0,0.097745016
0,0.50268316
1,0.32382616
0,0.14378616
0,0.5133054
0,0.19904953
1,0.30472207
0,0.4473387
0,0.3301866
1,0.86277163
1,0.445518
0,0.122776054
1,0.74308515
1,0.6551252
0,0.20704219
0,0.21133333
1,0.843507
1,0.61841047
1,0.7760863
0,0.15580997
0,0.10372311
0,0.14555782
0,0.16267516
1,0.61587745
1,0.84810126
0,0.04749544
1,0.9207015
1,0.8829137
0,0.22783248
0,0.5725486
1,0.62366253
1,0.8158043
1,0.74622494
1,0.92237085
1,0.39373118
1,0.8755341
0,0.18049634
0,0.38184968
0,0.19366218
1,0.8234299
1,0.5018904
0,0.35484108
1,0.8204032
0,0.055670816
0,0.16361415
0,0.17201708
0,0.23496296
0,0.30415568
0,0.05885062
0,0.1891724
1,0.6568533
0,0.232208
0,0.37043813
0,0.15653537
1,0.9337668
1,0.8485465
1,0.7579118
0,0.043301314
0,0.033368357
0,0.4339555
0,0.04077365
1,0.8033227
0,0.25662485
1,0.62779856
1,0.5687523
0,0.17353739
0,0.023444572
0,0.22177455
1,0.80090725
0,0.23257267
1,0.7785619
1,0.8157512
1,0.91552365
1,0.86741185
1,0.2866229
0,0.041298043
1,0.19804025
0,0.12588297
1,0.5411972
1,0.9466946
1,0.9492139
1,0.50905067
0,0.06870785
1,0.4268792
1,0.83089495
1,0.89860404
0,0.06065284
1,0.9370341
1,0.79557717
1,0.90800333
0,0.3987772
0,0.056792405
1,0.754495
1,0.40507275
1,0.82979864
1,0.81843895
0,0.12414214
0,0.10614863
0,0.17871946
0,0.17625709
0,0.10420447
1,0.32912368
0,0.14367577
0,0.28095958
0,0.3302285
1,0.8118908
0,0.13882999
0,0.17357619
0,0.1300255
1,0.58097345
0,0.034923233
0,0.037086774
0,0.045414057
0,0.059855
1,0.87311757
1,0.38751653
1,0.7846538
1,0.9844214
1,0.95802635
1,0.96237695
1,0.9798197
1,0.95802635
1,0.961129
1,0.9537833
1,0.9798197
0,0.24969442
0,0.2152315
0,0.16948305
1,0.67387825
1,0.6544154
1,0.75040364
0,0.12120147
1,0.5879826
0,0.2209557
1,0.8900681
1,0.89471155
1,0.36846828
1,0.34705466
1,0.9011579
0,0.2297459
1,0.86499554
1,0.4244956
1,0.91007143
1,0.2612448
1,0.9691914
0,0.082292415
0,0.061309263
1,0.9519708
1,0.82913053
1,0.93295634
1,0.9276713
1,0.7557137
1,0.88425773
1,0.89563465
1,0.8821361
1,0.93041253
1,0.90753615
1,0.8616854
0,0.41529226
0,0.11161725
0,0.07286446
0,0.05229268
1,0.9909422
1,0.958484
1,0.97717404
0,0.19070838
0,0.21315861
1,0.28608745
0,0.20615526
0,0.19135065
0,0.4107057
0,0.2510493
0,0.049799412
0,0.20540477
0,0.18026274
0,0.43267184
1,0.85364777
1,0.8541165
1,0.98623264
0,0.23776986
0,0.3803352
0,0.17625317
0,0.31142795
1,0.86639315
1,0.666836
1,0.6405141
1,0.93952614
1,0.9822452
1,0.97703207
1,0.97703207
0,0.20944564
0,0.10136195
1,0.6390426
1,0.83063024
1,0.44179475
0,0.12834686
1,0.2287105
0,0.18655843
0,0.20520751
0,0.232978
0,0.53356797
0,0.31660068
1,0.92203087
1,0.67594135
0,0.41988355
1,0.47605893
1,0.65967715
0,0.24064277
0,0.17292562
0,0.23946524
0,0.20855792
0,0.053373076
1,0.6197742
1,0.32583237
1,0.8146594
0,0.028726503
0,0.33219498
1,0.648087
0,0.045744687
1,0.92467356
1,0.92467356
0,0.47917357
0,0.14488876
1,0.8431038
0,0.15209381
1,0.79467076
1,0.79467076
1,0.8870812
0,0.29716107
0,0.55332327
0,0.29901373
0,0.29348412
1,0.7264754
1,0.6982827
0,0.2553651
0,0.2590956
0,0.28048688
0,0.14698613
1,0.93912005
0,0.19032982
0,0.40737116
0,0.0953976
1,0.74890864
1,0.50134647
0,0.33954778
0,0.06312139
1,0.5923583
1,0.8066814
0,0.2757479
1,0.96779925
0,0.2810387
0,0.39561576
0,0.25482228
1,0.5297131
0,0.061378296
0,0.16529316
0,0.14356725
0,0.1237311
1,0.8798157
1,0.7842893
0,0.112860225
1,0.82377493
0,0.6121574
1,0.89840615
1,0.36425
0,0.05108552
0,0.043568484
0,0.5450846
1,0.9528464
1,0.98560774
1,0.9627661
1,0.98703986
1,0.98256874
1,0.99285156
1,0.9790471
1,0.9796617
1,0.989906
1,0.98759776
1,0.96889615
1,0.9780317
1,0.9763556
1,0.96997786
1,0.9675469
1,0.9709216
1,0.9361366
1,0.95582
1,0.97711074
0,0.02253453
0,0.16402273
1,0.3207697
1,0.70621276
0,0.13179459
1,0.57528985
0,0.26855928
0,0.2540844
0,0.293214
1,0.9137375
1,0.91274244
1,0.946176
1,0.88550353
0,0.24489501
1,0.84025985
1,0.86337155
0,0.06439787
1,0.91983175
1,0.82837653
1,0.8088213
0,0.26126483
0,0.2730074
0,0.1806767
1,0.8082237
0,0.14582212
0,0.025344959
0,0.2919135
1,0.93759686
1,0.95095134
1,0.9500258
1,0.93431896
0,0.5175701
0,0.104757585
1,0.4875575
0,0.21718104
0,0.06400077
0,0.10705474
1,0.8077602
1,0.5154659
0,0.19775528
0,0.3061274
1,0.9049133
1,0.48567513
0,0.05123117
0,0.043165173
1,0.30611402
1,0.78657866
0,0.057088763
0,0.033228554
0,0.05131011
1,0.85340375
0,0.34061453
0,0.27107853
0,0.15037867
0,0.5332198
1,0.8511671
1,0.9342506
1,0.86291564
1,0.9049419
1,0.95782804
0,0.14330398
0,0.20618135
0,0.22929876
0,0.24862118
1,0.7545806
0,0.32394645
1,0.37869278
1,0.67977256
1,0.62656933
1,0.96608204
1,0.970562
1,0.9825299
0,0.20187607
0,0.31117842
0,0.10910161
0,0.19106695
1,0.6656759
0,0.22497512
0,0.11681049
1,0.80314225
1,0.83698404
1,0.73483175
1,0.72080153
1,0.74482393
1,0.86387515
0,0.327334
1,0.8203332
1,0.80088705
1,0.8270967
1,0.42707407
0,0.22308865
0,0.37768278
0,0.25200927
0,0.31122133
0,0.1243621
0,0.14103942
0,0.51899326
0,0.20267755
0,0.39769307
1,0.5101136
1,0.3498981
0,0.39832377
1,0.92440474
1,0.8067361
1,0.24039075
1,0.9258233
1,0.8519057
1,0.6271542
1,0.8579093
1,0.6542728
0,0.5000787
1,0.82271665
0,0.20865437
1,0.915708
1,0.50408614
0,0.11874462
0,0.2513783
0,0.27237105
0,0.25216353
1,0.5935537
0,0.18086657
0,0.16310298
1,0.8472047
1,0.8548715
1,0.91771704
1,0.86875737
1,0.40271676
1,0.6268918
1,0.54239476
0,0.3641692
0,0.33883482
0,0.37089154
1,0.80191964
1,0.85598445
0,0.5967677
0,0.08607691
1,0.7822372
1,0.80263376
1,0.8825085
1,0.8661195
1,0.61796075
0,0.10604076
1,0.37581113
0,0.42304578
1,0.7671391
1,0.73548466
1,0.78178656
1,0.94246006
1,0.91032386
1,0.84561455
1,0.91956776
1,0.73211205
1,0.9329276
0,0.2162973
0,0.09472837
1,0.7193584
1,0.9203684
0,0.46910757
0,0.05965176
0,0.0637132
1,0.39128205
1,0.78554213
0,0.06498968
0,0.069885924
1,0.66005427
1,0.5918007
1,0.6172265
1,0.3552168
0,0.21084745
1,0.71972156
0,0.06403173
1,0.86751807
1,0.5760681
0,0.059236195
0,0.18234774
0,0.042547304
0,0.7240766
0,0.13622595
1,0.37923977
1,0.41725
0,0.37990528
0,0.28759748
0,0.1865691
1,0.9289781
0,0.22911641
1,0.44855845
1,0.593155
0,0.018620515
0,0.033258386
0,0.73423934
0,0.18355386
0,0.19350919
0,0.16600338
0,0.18117997
0,0.1889153
0,0.47596273
0,0.14369486
0,0.06770613
0,0.3066486
0,0.03689333
1,0.48134974
1,0.9481472
1,0.7964768
1,0.75547516
0,0.41632205
0,0.57171965
0,0.23787166
1,0.94272465
1,0.47045907
0,0.11221847
0,0.22328903
1,0.46334052
0,0.22381955
0,0.25980437
0,0.17774181
0,0.18923488
0,0.40934145
0,0.14864652
0,0.062387913
0,0.09162964
0,0.06005799
0,0.07609026
0,0.057413775
0,0.078799404
1,0.69372827
1,0.6288875
1,0.6344861
0,0.52789223
1,0.8970108
1,0.8522406
0,0.8398886
0,0.31224817
0,0.16890462
0,0.55108964
0,0.37366742
0,0.6113185
0,0.4212513
0,0.6017403
1,0.9118517
1,0.8196409
1,0.9099358
1,0.6171158
1,0.91159415
1,0.6852811
1,0.70186514
1,0.8556598
1,0.83505726
1,0.82815695
1,0.7630491
1,0.7091631
1,0.81789565
1,0.8056499
1,0.7367189
1,0.6137605
0,0.5658639
0,0.23848628
1,0.4802662
0,0.05616559
0,0.0676143
1,0.63193095
0,0.07725087
0,0.12188196
0,0.20463748
0,0.20820262
1,0.87957484
0,0.14254937
1,0.9726501
1,0.97404534
1,0.5078168
1,0.89765763
0,0.05717396
1,0.9051818
0,0.08105792
1,0.71504164
1,0.7250063
0,0.06351189
0,0.12307077
0,0.12307077
0,0.1812942
1,0.86951035
1,0.86951035
0,0.16289811
1,0.9560092
0,0.24166344
1,0.81848663
0,0.18848363
0,0.24927476
0,0.17670736
1,0.5761933
0,0.24941088
1,0.9524271
1,0.80227226
0,0.25781378
1,0.5164938
1,0.7561265
1,0.9161538
1,0.88004524
0,0.10798483
0,0.08228611
0,0.081763744
0,0.2304942
1,0.9707239
0,0.30399516
1,0.7686745
1,0.8105935
1,0.81563765
1,0.98301435
1,0.8353617
1,0.9594308
1,0.94856864
1,0.87958175
1,0.9228396
1,0.92295784
1,0.90999424
1,0.7442301
1,0.8368891
1,0.8599402
1,0.87316126
1,0.9282515
1,0.91257775
1,0.9087845
0,0.24863559
0,0.08998494
1,0.35869554
0,0.23555899
1,0.84675205
0,0.12044803
0,0.123043016
0,0.14163965
1,0.94644713
1,0.78589547
1,0.87446964
1,0.6654249
1,0.9258001
1,0.86428654
1,0.79405785
1,0.87874013
0,0.4120976
0,0.28564838
1,0.82031196
0,0.115507685
0,0.0874501
0,0.055637375
0,0.072922304
0,0.10129016
1,0.9509759
1,0.90263456
1,0.9054904
1,0.90718704
1,0.85632837
1,0.8752734
1,0.81036055
1,0.9326743
1,0.9392053
1,0.96233624
1,0.93057686
1,0.91040367
0,0.7467626
1,0.8940034
1,0.82601625
0,0.1864713
0,0.2562829
0,0.17409189
0,0.256165
0,0.65189403
0,0.23506872
0,0.28200012
0,0.024909232
0,0.17183377
1,0.85628116
0,0.1410501
0,0.40960252
1,0.8445805
0,0.30162713
1,0.6994541
1,0.6108242
0,0.3229668
1,0.5802886
1,0.9211489
0,0.2328887
0,0.35078353
0,0.6680742
1,0.75371087
1,0.7016084
1,0.731666
1,0.87628096
1,0.6832644
1,0.8450302
1,0.8659187
0,0.1609746
1,0.65626305
0,0.18010913
1,0.56514364
0,0.4398382
0,0.35737088
0,0.3138126
1,0.8572869
0,0.11900451
0,0.078003526
0,0.119174644
0,0.15163459
0,0.027685277
1,0.95284283
1,0.7546541
1,0.82722235
0,0.26529783
1,0.85349697
0,0.26899648
1,0.9215508
1,0.7635616
1,0.8846494
1,0.807948
0,0.18055488
0,0.4126452
1,0.7060685
1,0.65456647
0,0.11825507
0,0.12067089
1,0.7185322
0,0.25339025
0,0.1795618
0,0.16338176
1,0.8358072
1,0.5797477
0,0.3612492
0,0.20361058
0,0.05899568
1,0.929054
0,0.30204022
0,0.15409222
0,0.040838104
0,0.21589734
0,0.1375698
1,0.6713535
0,0.23690775
1,0.9348048
1,0.563563
1,0.47888398
1,0.32733455
1,0.8628435
0,0.16533707
0,0.22627154
0,0.12753642
0,0.28022736
1,0.1527284
0,0.41932666
0,0.18774426
0,0.21001977
1,0.7780093
0,0.10654183
0,0.099804625
0,0.09434643
1,0.8944082
1,0.9008135
0,0.28567252
0,0.059303887
0,0.044732567
0,0.08265167
1,0.530142
1,0.5696766
1,0.9398491
1,0.9968076
0,0.5237665
0,0.37757742
1,0.5315399
1,0.65589553
1,0.6956925
0,0.049443893
0,0.16265203
1,0.90818715
0,0.062971875
0,0.7023189
1,0.8015794
1,0.64674777
1,0.4088821
0,0.5426411
0,0.047634274
1,0.5672822
1,0.33945164
0,0.32899532
0,0.17422363
0,0.20638938
1,0.6205405
0,0.106630705
0,0.0978417
0,0.08899969
0,0.3911786
0,0.11108319
0,0.20705178
0,0.21689871
0,0.20995542
0,0.27541533
0,0.120626554
0,0.2359446
0,0.12715721
0,0.11743451
1,0.81452936
1,0.946386
1,0.82988656
1,0.7842098
1,0.6516259
0,0.42331114
1,0.78270537
0,0.24252407
0,0.3402767
1,0.30877516
0,0.107244685
0,0.48688167
1,0.6204186
0,0.2628895
1,0.8004181
1,0.4547997
1,0.57974625
0,0.08804973
1,0.9335864
1,0.9428214
0,0.42621014
0,0.32750237
0,0.10967334
1,0.95244956
1,0.71473813
1,0.5256039
0,0.46490705
0,0.7133717
0,0.5959868
0,0.5498098
0,0.40788546
0,0.43734646
1,0.75241166
1,0.87364715
1,0.8566481
1,0.834921
1,0.85838693
1,0.834921
1,0.834921
1,0.7979216
1,0.85975885
1,0.8183907
1,0.8561533
1,0.9318554
1,0.8338689
1,0.8792422
1,0.8658659
1,0.921036
1,0.90796375
0,0.39223194
0,0.46135232
0,0.2620134
1,0.51933277
0,0.6850806
1,0.9473974
1,0.9473974
1,0.94240236
1,0.94240236
1,0.9385268
1,0.9385268
0,0.061943714
0,0.07306314
0,0.71848214
0,0.35714665
0,0.31367284
0,0.384163
0,0.40123326
0,0.7089244
0,0.43896577
1,0.78044343
1,0.47026965
1,0.7125615
1,0.8689773
1,0.7115636
1,0.7896744
1,0.72441673
0,0.13944766
0,0.17847365
0,0.18306533
1,0.8876958
0,0.08231291
0,0.034633633
0,0.13789715
0,0.05187427
1,0.8874829
1,0.8023838
0,0.06818462
1,0.7911033
0,0.16429593
0,0.279492
0,0.6159084
0,0.385643
1,0.7240484
0,0.08094083
0,0.24567664
1,0.85745263
1,0.9093732
1,0.64339775
0,0.15684196
0,0.07849796
0,0.13347694
1,0.938737
0,0.062268987
0,0.37974706
0,0.062407676
0,0.036448095
1,0.66869056
1,0.636263
0,0.36033902
0,0.4058692
0,0.2761447
0,0.2138812
0,0.41680077
0,0.3106221
0,0.25973576
1,0.5175478
1,0.6555647
0,0.28466955
1,0.77517
1,0.8322924
1,0.80850214
1,0.7879914
0,0.35558957
0,0.29317024
1,0.9511326
0,0.11482827
1,0.92532337
0,0.09649727
1,0.82375497
0,0.1094204
0,0.18517323
0,0.3112562
0,0.17301625
0,0.10686077
0,0.0915091
1,0.61684734
0,0.39405403
1,0.6268809
1,0.91383713
1,0.92307264
1,0.78838485
1,0.9215725
1,0.94466436
1,0.926001
1,0.62798446
1,0.9741415
0,0.0822052
1,0.9292958
0,0.3189166
0,0.10486478
0,0.3730988
0,0.20551428
0,0.15737197
1,0.86839616
1,0.8061143
1,0.8061143
1,0.948233
0,0.23690787
0,0.13748
0,0.0791145
1,0.9514995
1,0.9514995
1,0.9514995
1,0.82791823
0,0.25909048
0,0.16485883
0,0.112701766
1,0.91587126
0,0.29072458
0,0.2442644
0,0.3430239
0,0.17212418
0,0.41692543
1,0.8994753
1,0.9678411
1,0.9500404
1,0.7805139
0,0.060795303
1,0.63274336
0,0.20562215
1,0.44326773
0,0.12715949
0,0.039908648
0,0.05152755
0,0.027094172
0,0.6892029
0,0.04123716
0,0.2717413
0,0.07390198
1,0.4272855
0,0.14160818
0,0.11321966
0,0.058924668
1,0.32640952
1,0.32685784
0,0.11925369
0,0.07931061
0,0.06391657
1,0.9426256
1,0.85943985
0,0.16842005
1,0.7838773
1,0.7467757
1,0.40592742
1,0.8378984
1,0.88989824
1,0.91659564
1,0.56136006
1,0.72417295
1,0.92887616
1,0.9572591
1,0.9389506
1,0.9641912
1,0.97138155
1,0.9737664
1,0.9608401
1,0.9602073
1,0.9851717
1,0.7396767
0,0.059683837
0,0.10564381
0,0.13558395
0,0.098118156
1,0.7247181
1,0.8286724
1,0.81861
1,0.93390256
0,0.3271663
1,0.44438988
0,0.24721406
0,0.18863094
0,0.33721644
1,0.8558579
0,0.087693535
1,0.9236643
0,0.0885486
1,0.7447971
0,0.340571
1,0.9584183
1,0.8965246
0,0.7225973
0,0.11610231
0,0.17390065
1,0.87231576
0,0.4171545
0,0.05866454
0,0.08760789
0,0.055390585
1,0.70903504
1,0.60927624
1,0.6851179
1,0.901471
1,0.8699926
1,0.855403
1,0.8467793
1,0.86230576
0,0.21487874
0,0.1572692
0,0.19854726
0,0.49065942
0,0.40177724
1,0.78120816
0,0.24334171
0,0.1097177
1,0.50090116
0,0.34601063
1,0.9443468
1,0.9409577
1,0.9186627
1,0.9674749
1,0.9228143
1,0.90007395
1,0.90941817
1,0.9492814
1,0.88422996
1,0.9676142
1,0.9611184
1,0.95621824
1,0.57551265
1,0.6808544
1,0.42483145
0,0.49429813
0,0.37919948
0,0.39303797
0,0.38536108
0,0.17473072
0,0.1324494
1,0.91410667
1,0.8109844
0,0.33895212
1,0.89947325
0,0.122007586
0,0.049566973
1,0.7512652
0,0.28740165
1,0.8996623
1,0.88906807
1,0.8956985
1,0.85270464
1,0.9262158
0,0.056020066
0,0.06387486
1,0.67618185
1,0.2800098
0,0.15979171
1,0.92679656
0,0.10242601
0,0.20853166
0,0.39210352
0,0.3190069
0,0.2812532
0,0.33501083
1,0.45725498
0,0.09627981
0,0.060802776
1,0.4190474
1,0.73840743
0,0.22593829
0,0.6405894
0,0.4531975
1,0.7853843
0,0.3400927
1,0.65145946
0,0.18608156
0,0.25969043
1,0.8965604
1,0.8917583
1,0.9253432
0,0.16660538
1,0.9267511
1,0.9467547
1,0.9111167
1,0.973711
1,0.9604641
1,0.9503281
1,0.9763499
1,0.9417996
1,0.98859197
1,0.9569564
1,0.9604641
1,0.9524574
1,0.8847156
1,0.9604641
1,0.95855665
1,0.9369286
1,0.9399063
1,0.95624703
1,0.9288457
1,0.9474791
1,0.96565086
1,0.9682112
1,0.96110475
1,0.9497936
1,0.9661103
1,0.94165105
1,0.93634856
1,0.8332762
0,0.03275805
0,0.13011095
1,0.9723476
1,0.9491773
1,0.54397327
1,0.7619703
0,0.43883866
1,0.7076624
0,0.044177532
0,0.039108224
0,0.036899578
1,0.49249175
1,0.5236167
1,0.8787457
1,0.732809
1,0.86115474
1,0.7527827
1,0.47195843
0,0.36825892
1,0.7634968
1,0.56879276
1,0.62029445
1,0.49028662
1,0.60811955
1,0.5665565
1,0.73599124
1,0.73347735
1,0.33036163
1,0.53759176
0,0.22557278
1,0.8490869
0,0.10114165
1,0.21023597
0,0.25955155
1,0.8322487
1,0.31858516
1,0.9074425
1,0.72740984
0,0.23134519
0,0.36376572
1,0.28969812
0,0.15781195
0,0.24489586
1,0.8981574
1,0.88421947
1,0.6708923
0,0.14918858
1,0.91219974
0,0.049980447
1,0.5577905
0,0.049757306
0,0.13648815
0,0.10953858
1,0.34392717
1,0.5724745
1,0.91751015
0,0.8036822
0,0.8120659
0,0.45980465
0,0.23907481
0,0.22716925
0,0.04311379
0,0.1941445
1,0.34071335
1,0.85362434
1,0.5018324
0,0.043144763
0,0.07131613
0,0.54661375
1,0.81858855
0,0.4053348
1,0.88307047
0,0.09308248
0,0.2343129
1,0.8675045
0,0.03802133
1,0.6874689
0,0.11871324
0,0.11883936
1,0.6850378
1,0.72644454
0,0.14264472
0,0.105087176
0,0.24113521
1,0.9032779
1,0.38746306
1,0.5803399
1,0.8644811
0,0.31172097
0,0.1360587
1,0.6570733
0,0.41517016
0,0.11878621
1,0.96455616
1,0.8375644
1,0.7568127
1,0.89900225
1,0.89900225
1,0.9440218
1,0.8546517
1,0.9002478
1,0.94244725
0,0.28500247
0,0.28376588
1,0.9462377
0,0.2799841
0,0.13999246
0,0.29679808
0,0.22111069
1,0.3783841
0,0.29081157
1,0.73796386
1,0.67960685
1,0.56742084
0,0.5788571
0,0.05295435
1,0.8540585
1,0.9187686
0,0.15581183
0,0.35880688
0,0.5157795
0,0.06252941
0,0.33323538
1,0.47481763
1,0.7382578
1,0.65290254
1,0.95695746
1,0.964402
1,0.9771245
1,0.97453296
1,0.9607727
0,0.047334556
0,0.08280855
0,0.29218283
0,0.21473017
1,0.9279681
1,0.94470656
1,0.93759364
1,0.9443103
1,0.8552469
0,0.17912558
0,0.2582699
1,0.906182
1,0.6448338
1,0.43563145
1,0.72333145
0,0.09488289
1,0.88248533
1,0.46137467
1,0.44901568
1,0.89667815
1,0.5536223
0,0.10698905
0,0.13039912
0,0.36641133
1,0.74472743
1,0.96737313
0,0.27149785
1,0.5977252
0,0.05141571
1,0.99619967
1,0.48919123
1,0.32234022
1,0.8162472
1,0.89568865
0,0.115130916
0,0.22655015
0,0.31266937
0,0.47477788
0,0.6345398
1,0.675424
0,0.08911988
0,0.22586548
1,0.5757529
0,0.25701913
1,0.7627644
1,0.812015
1,0.8508337
1,0.807607
0,0.037789363
0,0.039495874
0,0.20103124
1,0.24821669
0,0.3087174
0,0.07522452
1,0.91937244
1,0.8194058
0,0.38737655
1,0.60241425
1,0.6932825
1,0.47002143
0,0.3624892
0,0.34726375
1,0.9707965
1,0.93324107
1,0.94720453
1,0.9070303
1,0.9081261
1,0.9440897
1,0.9621467
1,0.9600971
1,0.9763684
1,0.93981653
1,0.9127674
1,0.9748821
1,0.93637496
1,0.943602
1,0.8787349
1,0.97667277
1,0.9759999
1,0.9659334
1,0.97417337
1,0.94113594
1,0.9551559
1,0.9750606
1,0.91995835
0,0.7125054
1,0.5321226
0,0.12916209
1,0.90437996
1,0.7201284
1,0.41871557
0,0.3022767
1,0.9254846
1,0.6614324
1,0.5656301
0,0.12374817
1,0.88637364
1,0.9245459
1,0.94452417
1,0.9568453
0,0.405354
0,0.44133824
0,0.0814977
0,0.14378445
0,0.37796056
1,0.62699634
1,0.24266142
0,0.16496962
0,0.15326066
1,0.5247415
1,0.63931507
0,0.17463608
0,0.3944868
0,0.28770614
0,0.22719854
0,0.15926526
1,0.957349
1,0.74241525
1,0.95193446
1,0.9619535
0,0.2461379
0,0.20142238
0,0.224162
0,0.2520275
0,0.053799134
1,0.7957546
1,0.99619776
0,0.14727567
1,0.7752886
0,0.20297611
1,0.81181103
0,0.51518625
1,0.4384466
0,0.06500092
0,0.08278845
0,0.2452347
0,0.3156625
1,0.8510332
1,0.86916196
1,0.85340685
0,0.1776625
1,0.6820448
1,0.4582875
0,0.21424235
0,0.30179176
0,0.24992801
0,0.1420584
1,0.955088
0,0.4065887
1,0.7571653
1,0.6627323
0,0.13293895
0,0.23005612
0,0.71323985
1,0.3905842
0,0.28463614
0,0.37633446
0,0.34381256
0,0.2716111
0,0.27964202
1,0.7486935
1,0.8017777
1,0.7958724
1,0.73564696
1,0.5613321
1,0.71779835
1,0.7983299
0,0.13827127
0,0.2345994
1,0.5926913
1,0.9715166
1,0.95928043
1,0.9681134
1,0.97526497
1,0.9658304
1,0.9709583
1,0.9534869
1,0.95531625
1,0.98027694
1,0.9518466
0,0.27871525
1,0.59057194
1,0.3044658
1,0.7264081
1,0.4817794
0,0.19280167
0,0.17379639
0,0.40904433
1,0.51276135
1,0.85501313
1,0.4474087
1,0.70278937
0,0.34972978
1,0.30682296
1,0.82713825
0,0.6404668
1,0.9264245
1,0.6085907
1,0.5801252
1,0.9464249
0,0.24704076
1,0.4242449
0,0.19310251
0,0.2402526
0,0.38484317
0,0.361031
0,0.24613166
1,0.8059258
1,0.87171423
0,0.1326403
0,0.20974311
0,0.05801943
1,0.6368905
0,0.10514228
0,0.59474653
0,0.10613846
0,0.234138
1,0.7674002
1,0.44384676
0,0.17999677
1,0.50522023
1,0.34777555
0,0.14188232
1,0.7381779
1,0.8860029
1,0.25879514
1,0.49407518
1,0.907915
1,0.8124903
0,0.06551783
1,0.73672026
1,0.7070509
1,0.88838947
1,0.7404656
1,0.9242928
0,0.18590966
0,0.22249044
0,0.20952135
0,0.017020257
0,0.024518332
0,0.32443464
1,0.8441359
1,0.33940336
1,0.29917604
1,0.41914165
1,0.59041315
0,0.14335978
0,0.31233588
0,0.19400796
1,0.35791734
1,0.5878498
0,0.13149941
0,0.488109
1,0.45244133
0,0.47954217
1,0.66499
1,0.98304176
0,0.19470893
0,0.18374729
0,0.047867365
1,0.92997277
0,0.13396083
1,0.9453933
1,0.5409816
0,0.23958369
0,0.10782633
1,0.63665384
0,0.64382935
1,0.8868583
0,0.24108636
1,0.8784496
0,0.3854842
1,0.7277008
1,0.4518533
0,0.47285306
1,0.8887408
1,0.8770379
1,0.7914538
1,0.84448284
1,0.8891384
0,0.1888743
0,0.25496945
0,0.32203287
1,0.77670985
1,0.98530686
1,0.97499555
1,0.98530686
1,0.6801904
1,0.5595117
1,0.16372472
0,0.27492988
1,0.9159127
1,0.805879
0,0.1694807
1,0.6584659
1,0.9506395
1,0.92444205
1,0.7039667
1,0.9556345
1,0.843221
1,0.8618613
1,0.9523438
0,0.09884227
1,0.85015166
1,0.2840169
1,0.7757066
0,0.18733883
0,0.33099136
0,0.049365856
1,0.9286387
0,0.17430837
1,0.85477334
1,0.891064
1,0.7975363
1,0.71579546
0,0.057671167
0,0.120751515
1,0.4392496
0,0.073190644
0,0.53586215
1,0.88685536
1,0.88685536
1,0.88685536
0,0.19646607
1,0.9260416
0,0.20710269
1,0.5892128
0,0.29792535
0,0.2509975
1,0.5745133
0,0.1769491
0,0.20883302
1,0.83138317
0,0.24134526
0,0.047360957
0,0.12207831
1,0.89689994
0,0.16804864
0,0.2480376
1,0.67558545
1,0.95735437
1,0.95735437
1,0.736419
1,0.89242154
1,0.86778325
1,0.86778325
0,0.47160968
1,0.77429885
0,0.17556727
1,0.8653285
0,0.19126502
0,0.20080012
0,0.19664387
0,0.14704888
0,0.39483035
0,0.41069332
1,0.9248538
1,0.9335877
1,0.91789657
0,0.21021101
0,0.57801163
1,0.79623306
0,0.41920605
0,0.037480965
1,0.7374567
0,0.34122154
1,0.57522655
1,0.55890566
1,0.65868753
1,0.5772594
1,0.64491117
1,0.59329647
1,0.63770777
0,0.33801115
0,0.34473825
0,0.25810784
1,0.69266206
0,0.21933602
0,0.14942028
1,0.8966124
1,0.9886651
0,0.22369869
0,0.11746703
0,0.13077234
0,0.19029558
1,0.35727596
1,0.9744372
0,0.040092744
0,0.07094748
1,0.89136106
0,0.2070643
0,0.31337357
1,0.87121946
0,0.09793581
1,0.9610844
0,0.6323166
1,0.8818498
1,0.927743
1,0.84779924
1,0.74667776
1,0.92860633
1,0.87281126
0,0.5841314
0,0.03209496
0,0.7314011
1,0.700864
1,0.68498015
1,0.52154493
0,0.20165633
1,0.8862268
1,0.9595139
1,0.9808219
1,0.96066046
1,0.92439884
0,0.08939403
0,0.034977
0,0.017231558
1,0.6209132
1,0.7434842
1,0.78968054
1,0.7436952
1,0.727351
1,0.843094
1,0.76856786
1,0.76839346
1,0.88559693
1,0.6899884
1,0.33436394
0,0.29418707
0,0.320517
0,0.30939943
0,0.45687634
0,0.22032888
0,0.29407105
0,0.30348045
0,0.25159076
0,0.3583719
0,0.16662356
0,0.27019447
0,0.23583189
0,0.29048234
0,0.5193177
0,0.25380597
0,0.44535062
0,0.5410002
0,0.44753247
0,0.24493086
0,0.40816027
0,0.63349426
1,0.67346805
1,0.78373295
1,0.47087142
0,0.19407423
0,0.19045731
1,0.77283704
0,0.146067
0,0.26745492
0,0.20649385
0,0.5010064
1,0.81752235
0,0.09954891
0,0.18704845
0,0.13381457
0,0.20802583
0,0.21118777
0,0.15727855
0,0.35897738
1,0.64725995
1,0.5554529
1,0.6539272
0,0.11797461
0,0.113887586
0,0.119681016
0,0.11748493
0,0.2831764
0,0.16791393
1,0.7745399
1,0.69547635
0,0.4795229
0,0.35976392
1,0.56735754
0,0.24715288
0,0.5079905
0,0.28168657
1,0.39106855
0,0.41709858
1,0.79669553
1,0.7337235
1,0.73552686
1,0.84957874
1,0.44981688
0,0.13310939
0,0.34274575
0,0.29602993
0,0.11881356
1,0.9721552
1,0.94346946
0,0.5962403
0,0.1731933
0,0.1703942
0,0.0702713
1,0.34051767
1,0.28362995
0,0.063968174
0,0.021679841
0,0.025053384
0,0.1549326
0,0.11474215
0,0.06296629
0,0.070295684
0,0.158313
0,0.04272052
0,0.6594132
0,0.14787474
0,0.13957228
0,0.10091487
0,0.17710741
0,0.028523993
1,0.7964801
1,0.902211
0,0.05329767
0,0.102910735
0,0.20499226
1,0.8807205
0,0.1801956
0,0.21636496
1,0.78384656
1,0.86268824
0,0.10796788
0,0.298101
0,0.51487106
0,0.3858864
0,0.21174383
0,0.06245878
0,0.32019803
0,0.3002514
0,0.38720596
1,0.95633584
1,0.8314095
1,0.75044084
0,0.73606485
1,0.7742961
1,0.8071864
0,0.041539043
1,0.80768037
1,0.82277244
1,0.9312524
0,0.15854426
1,0.9430943
1,0.87037617
0,0.20820446
0,0.61350477
1,0.6497616
1,0.5389567
1,0.9116649
0,0.2599037
0,0.13971236
0,0.16498853
1,0.74877894
0,0.27695087
0,0.069082454
0,0.06933552
0,0.07770435
0,0.094377644
0,0.38158578
1,0.98318416
1,0.5888445
1,0.38481978
1,0.65310395
1,0.36671197
0,0.3264286
0,0.2148025
0,0.034303367
1,0.76169103
1,0.9821639
1,0.98424155
1,0.98075783
0,0.287367
0,0.16736794
0,0.25629336
0,0.11313805
0,0.22564209
0,0.2852151
0,0.6596968
0,0.12346699
0,0.26640356
0,0.07757349
0,0.16390133
0,0.17830943
1,0.9844118
1,0.98439723
1,0.98728937
1,0.96766317
1,0.9546636
1,0.98833394
1,0.9639826
1,0.9893115
1,0.9799365
1,0.9839535
1,0.98553354
1,0.9815864
1,0.9678946
1,0.9821323
1,0.9855515
1,0.9837938
0,0.21699904
0,0.15777418
0,0.2417954
0,0.32157427
0,0.25330245
0,0.39987698
0,0.18420939
0,0.11934422
0,0.22516672
1,0.7078472
1,0.9459421
0,0.06253044
0,0.034247477
1,0.8687647
0,0.09520606
1,0.9402119
1,0.9324936
1,0.8846957
1,0.9080799
1,0.9524647
1,0.9445627
1,0.93873847
1,0.82727516
1,0.8545218
1,0.90591156
1,0.8837191
1,0.84297365
1,0.95243174
0,0.034283258
0,0.047856957
1,0.9505575
1,0.74706876
0,0.21297158
0,0.08168568
1,0.71897995
0,0.31826013
1,0.7938412
0,0.11348087
1,0.53494024
0,0.2731662
1,0.9840608
1,0.90192455
1,0.9501769
1,0.96138334
0,0.1876002
0,0.11086708
0,0.024815107
1,0.29644707
0,0.4798258
0,0.5025094
1,0.8975318
0,0.1891251
0,0.16295378
0,0.07104248
0,0.08336047
0,0.19440612
0,0.03192212
0,0.028822448
0,0.26842958
1,0.58346903
0,0.09876399
0,0.0553123
1,0.94117016
0,0.07126467
1,0.4067743
0,0.25360155
1,0.83304524
0,0.2337826
1,0.79770505
1,0.89149594
0,0.15229493
1,0.5174963
1,0.98175794
1,0.98175794
1,0.42770293
1,0.41638944
0,0.3822549
0,0.22518179
0,0.334574
0,0.45910823
0,0.27809522
0,0.35067657
0,0.15789995
0,0.23986487
0,0.20128487
0,0.17762528
1,0.769504
0,0.44031534
0,0.29647374
1,0.89318997
1,0.89318997
0,0.115120135
1,0.7944283
1,0.88452005
1,0.88797927
1,0.87315416
1,0.7713068
1,0.9379588
1,0.8886177
1,0.92892873
1,0.9114652
1,0.87911266
1,0.90353036
1,0.9052167
1,0.8872832
1,0.9272434
1,0.88763463
1,0.9216311
1,0.88140774
1,0.84436274
1,0.84165
1,0.43423557
0,0.28593686
0,0.27915797
0,0.298577
0,0.25459775
1,0.35682672
0,0.19262856
0,0.21790987
0,0.4836086
1,0.7819672
0,0.27144462
0,0.39316207
0,0.21174477
0,0.34475797
1,0.60104626
1,0.7103625
1,0.67425704
0,0.14651683
0,0.08401859
0,0.24256197
0,0.31428516
0,0.1277183
0,0.16012548
0,0.5337478
0,0.20089063
0,0.14637561
0,0.37588528
0,0.42375463
0,0.21154827
0,0.03372131
1,0.9745155
1,0.9551872
0,0.098792434
0,0.2432444
1,0.79199994
1,0.8804697
1,0.5945535
0,0.31771058
0,0.28915566
1,0.73944515
1,0.902898
1,0.9261621
1,0.87820363
1,0.88588893
0,0.3259977
1,0.9426261
1,0.8238954
1,0.9053964
1,0.87386066
1,0.90373194
1,0.44541407
1,0.96030664
0,0.09290432
0,0.13382395
1,0.5151524
1,0.5770848
1,0.614749
1,0.80890346
1,0.7921243
1,0.78544605
1,0.75669444
1,0.7564877
0,0.16211012
1,0.9324226
0,0.039248582
1,0.6180162
0,0.103348896
1,0.3492108
0,0.32446694
1,0.8305203
1,0.89472836
0,0.29857346
0,0.09541672
0,0.30384177
0,0.16720922
0,0.2393902
1,0.81697756
0,0.14166029
1,0.6408999
1,0.55430984
1,0.44323468
1,0.8833895
1,0.8420643
1,0.93143034
1,0.91235906
1,0.91119146
1,0.7847175
1,0.8882173
1,0.9299468
1,0.9437031
1,0.9227456
1,0.88868886
1,0.7807262
1,0.89348775
1,0.9561963
1,0.91042197
1,0.9435355
1,0.92466295
1,0.765555
1,0.8237919
1,0.8720351
1,0.8852454
1,0.8787418
1,0.8790561
1,0.87956107
1,0.81082845
1,0.7922635
1,0.8601431
1,0.9084207
1,0.91609955
1,0.9339735
1,0.85907334
1,0.9133057
1,0.9270445
1,0.75524396
1,0.8398374
1,0.9596128
0,0.8438297
0,0.5167615
0,0.30248454
1,0.87056774
1,0.6515721
0,0.20209576
1,0.55854154
1,0.73271704
0,0.114743106
1,0.7931907
0,0.040957183
0,0.2527675
1,0.7178758
0,0.06757976
1,0.7383167
0,0.18630737
0,0.044975042
0,0.061052795
1,0.59685
0,0.17938302
0,0.40102527
0,0.13508178
1,0.37121984
1,0.51246893
0,0.15822998
1,0.464235
1,0.9317972
1,0.9317972
1,0.9317972
1,0.94801337
0,0.19976416
0,0.21710841
0,0.07469401
0,0.08503397
0,0.21617608
1,0.729677
0,0.20545211
1,0.9222553
1,0.8630191
0,0.17968509
1,0.77865213
1,0.7982585
0,0.15251987
0,0.06502224
0,0.045974668
1,0.95940274
1,0.33885875
0,0.112123735
0,0.19363643
1,0.9595213
1,0.916469
0,0.14758009
0,0.2700936
0,0.68077487
1,0.8832122
1,0.8820567
1,0.17060137
0,0.08336733
0,0.043159205
0,0.1832159
0,0.23326078
1,0.33565983
0,0.52736115
0,0.042901732
0,0.048628535
1,0.6964229
1,0.90075696
1,0.9493323
0,0.51094514
0,0.11621948
0,0.2656458
1,0.7034722
0,0.15294443
1,0.8241777
0,0.21396054
1,0.9161686
1,0.9626433
1,0.83697325
1,0.9974457
1,0.58954453
1,0.7162985
0,0.19800778
1,0.9154284
1,0.66356635
1,0.5462124
1,0.65531963
1,0.775528
0,0.18345729
1,0.7354748
1,0.94384605
1,0.43362457
1,0.7896563
0,0.57371414
0,0.15999748
0,0.6969068
1,0.8038271
1,0.869345
1,0.79261976
1,0.69269365
1,0.6385848
1,0.84201753
1,0.8495624
1,0.8572996
1,0.8474258
1,0.8088802
1,0.6941534
1,0.8160794
1,0.857538
1,0.8026758
0,0.14365424
0,0.18075997
0,0.21401122
0,0.18299507
1,0.96376956
1,0.76878214
1,0.87250984
1,0.7797234
0,0.20901014
0,0.42389172
1,0.88990426
1,0.89928657
1,0.41723275
0,0.2379292
0,0.09885172
0,0.29620975
0,0.12643921
0,0.31183815
0,0.3394561
0,0.43353745
0,0.6386255
1,0.7573734
1,0.8940334
1,0.7878806
1,0.86985695
1,0.8674347
1,0.8061975
1,0.92542744
1,0.87496537
0,0.22115646
1,0.83460915
1,0.8877113
1,0.8923864
1,0.8703904
1,0.92857033
1,0.80010617
1,0.8151811
1,0.8235458
1,0.7297831
1,0.7153932
1,0.90262085
0,0.33674085
0,0.17539755
0,0.065638036
1,0.42320788
1,0.654088
1,0.48774907
0,0.16335739
0,0.093117565
1,0.6202988
0,0.032275617
1,0.82572263
0,0.13937256
1,0.9592307
0,0.16632597
0,0.09744604
0,0.60654265
0,0.3922737
0,0.48440745
0,0.25014347
0,0.31004307
1,0.42161554
1,0.2518298
1,0.95049447
1,0.87186825
0,0.31337735
0,0.46520138
1,0.91869867
1,0.97669333
0,0.25382465
0,0.25026926
1,0.80823976
1,0.66498023
1,0.51258945
0,0.24507679
0,0.22090915
0,0.37238044
1,0.6358462
1,0.8945028
0,0.26637772
1,0.43357608
1,0.6302251
1,0.8349733
0,0.10904827
1,0.9238396
0,0.2420797
1,0.76775974
0,0.2551314
0,0.34493983
0,0.28951955
1,0.625643
0,0.24341038
0,0.53687644
0,0.24622633
0,0.11939567
1,0.6250327
0,0.14391628
1,0.7432882
1,0.5113734
1,0.4549011
0,0.13151212
1,0.9579233
1,0.8372558
1,0.49190897
1,0.929602
1,0.93747354
0,0.15538307
0,0.11945331
0,0.13245498
0,0.11944553
1,0.27417582
1,0.3750416
1,0.94549537
1,0.6740747
1,0.5695689
1,0.7161825
0,0.061462786
0,0.21218374
0,0.27553076
1,0.71606755
1,0.68041784
1,0.8511016
1,0.89791274
1,0.97081876
1,0.9467956
1,0.96688396
1,0.9662602
1,0.95289284
1,0.9766591
1,0.9577881
1,0.9504585
1,0.95243895
1,0.96736556
1,0.8813872
1,0.916413
1,0.7638656
1,0.6886455
1,0.9405334
1,0.774701
1,0.8535309
1,0.9218747
1,0.903515
1,0.56730103
0,0.6337207
1,0.7811819
0,0.28702518
0,0.31751722
0,0.18638541
0,0.18081826
0,0.27321652
0,0.34391087
0,0.22142369
0,0.2746875
0,0.25351402
0,0.33114615
0,0.45648506
0,0.4333529
0,0.24262516
0,0.20194796
1,0.36049294
1,0.44554865
1,0.53177136
0,0.5104767
1,0.65220594
0,0.3187438
0,0.20334746
1,0.93284076
1,0.8727886
1,0.8474807
1,0.8124143
1,0.4801326
1,0.8131121
1,0.15054378
0,0.12774764
1,0.8099556
1,0.79904234
0,0.442592
0,0.25215095
0,0.23278312
1,0.7929583
1,0.34744388
0,0.27776748
1,0.35856235
0,0.2377663
0,0.16420415
1,0.82870567
0,0.2709762
1,0.86667323
1,0.9017688
1,0.8814239
1,0.8864081
1,0.8831854
1,0.8683834
1,0.96445626
1,0.855
1,0.8855691
1,0.80231655
1,0.91023904
1,0.9063717
1,0.8773107
0,0.25561148
1,0.804527
0,0.28424075
0,0.3155282
1,0.5743942
0,0.80447805
1,0.8741977
1,0.8027485
1,0.90815777
0,0.123891465
0,0.124102995
0,0.17888677
0,0.34437042
1,0.93660384
0,0.18890989
1,0.8868801
1,0.8875983
0,0.14853615
1,0.6626437
1,0.45069724
1,0.84554696
0,0.4215437
0,0.6518668
1,0.6873123
1,0.8935099
1,0.8145043
1,0.9040629
1,0.87100613
1,0.838279
1,0.8596656
1,0.524601
0,0.016077133
0,0.1395508
0,0.41651893
0,0.32406864
0,0.27272445
1,0.7797682
1,0.97263837
0,0.3331626
0,0.12330422
0,0.19338027
0,0.17591457
0,0.28830943
1,0.5943369
1,0.93942356
1,0.49951732
1,0.9957625
1,0.996436
0,0.40022853
0,0.4946749
1,0.9174127
1,0.9174127
1,0.9174127
1,0.6255382
0,0.12468889
1,0.9014141
1,0.9722714
1,0.97220874
1,0.98320574
1,0.95849246
1,0.9776548
1,0.9565868
1,0.9848733
1,0.97297376
1,0.98249876
1,0.9803616
1,0.9643415
0,0.22838981
1,0.809091
0,0.080639705
0,0.0636275
1,0.93069065
1,0.83190125
0,0.52106816
0,0.19882645
1,0.85118586
1,0.904185
0,0.058942042
1,0.6596308
0,0.18435705
0,0.1877719
1,0.961791
1,0.84712553
1,0.8654287
1,0.68801135
0,0.13556413
1,0.52910537
1,0.30576164
1,0.71573734
1,0.907527
0,0.12353148
0,0.15634775
1,0.5716578
0,0.6049851
1,0.6632828
1,0.7557394
0,0.26248655
0,0.11732269
0,0.49789968
0,0.057684954
1,0.560712
0,0.08960114
0,0.103701614
1,0.98887056
0,0.48287502
1,0.9874571
0,0.29153287
1,0.5466312
1,0.78959376
1,0.6889487
0,0.107751064
0,0.22055678
1,0.68771815
0,0.58761126
1,0.7608273
1,0.7575904
1,0.4356929
1,0.47788054
0,0.061582286
0,0.27532333
1,0.383105
0,0.2176535
0,0.39424485
0,0.45796725
0,0.5348545
0,0.18728521
0,0.13724826
0,0.49616423
0,0.14103462
0,0.19006692
1,0.7076189
1,0.90571094
0,0.18761566
0,0.21744536
0,0.240764
1,0.7171266
1,0.50123924
0,0.18095095
0,0.25432387
1,0.3230195
0,0.17233141
1,0.8162804
0,0.15429813
0,0.1311897
0,0.16685839
0,0.06260705
1,0.79368484
1,0.6740552
1,0.66523933
0,0.15541719
0,0.3195729
1,0.8451558
0,0.34227118
0,0.1711366
0,0.29704127
1,0.9840941
0,0.07234011
0,0.06493973
0,0.35506675
0,0.5050139
0,0.22980304
0,0.35689166
0,0.10907832
1,0.5361825
1,0.8552691
1,0.83131456
1,0.9059811
1,0.89790225
1,0.80571836
0,0.26797122
1,0.63409793
0,0.045939986
1,0.24349457
0,0.14005472
1,0.3969316
1,0.88149416
0,0.35734683
0,0.26189536
0,0.33380187
1,0.4419237
0,0.3117365
0,0.60178506
0,0.19439627
1,0.72331566
0,0.11942061
1,0.67970294
0,0.08751217
0,0.5925354
0,0.083166
1,0.62697387
1,0.7582055
1,0.60453033
1,0.59383535
1,0.63566965
1,0.9684903
0,0.0811615
1,0.94315654
0,0.22272937
1,0.9244477
1,0.66068304
0,0.35971373
0,0.36125636
1,0.42004833
1,0.7343311
1,0.5368702
0,0.4898741
0,0.7728972
1,0.720136
0,0.063960664
1,0.6057354
1,0.83041245
0,0.34455347
0,0.026017142
0,0.27092725
0,0.27265686
1,0.50217384
1,0.4729583
0,0.15194608
0,0.22885987
0,0.16946037
0,0.5276991
0,0.40265635
0,0.095212586
1,0.9092883
1,0.58849114
0,0.1935319
0,0.27136633
1,0.7653516
1,0.93283445
1,0.9337768
1,0.9364748
1,0.9364748
1,0.7942254
1,0.82918775
1,0.81145895
1,0.6423866
1,0.90453434
1,0.7915714
1,0.8240189
0,0.19436647
0,0.44759
1,0.94073147
0,0.34244522
0,0.495057
0,0.4981606
0,0.021025177
1,0.9001685
1,0.85760266
1,0.8265113
0,0.3755597
0,0.16528301
1,0.8769918
1,0.92030865
1,0.9295156
1,0.9651236
1,0.97485197
1,0.5610177
1,0.7632614
0,0.41163945
0,0.25466973
1,0.8781858
1,0.72737765
1,0.9733691
1,0.728541
1,0.8859044
0,0.62050724
1,0.76122004
1,0.7200206
1,0.836569
0,0.27188763
0,0.25589284
1,0.23236981
1,0.62180644
0,0.24162869
0,0.408195
0,0.14942935
0,0.17726995
1,0.9325168
1,0.8779398
1,0.9325168
1,0.9325168
0,0.4616999
0,0.59455436
0,0.06848292
0,0.21720825
0,0.35550404
1,0.55538416
1,0.5122293
1,0.6394468
1,0.7723839
0,0.18008864
0,0.21584578
0,0.18077624
1,0.72636235
0,0.30006427
0,0.47869536
0,0.32883826
0,0.26445818
0,0.30483323
0,0.47874564
1,0.8939133
1,0.9582508
1,0.8865934
1,0.8622603
1,0.9813757
1,0.85990065
1,0.8227587
1,0.81617546
1,0.9087123
1,0.9543449
1,0.68276113
1,0.95462036
1,0.975663
1,0.98196673
1,0.878534
1,0.9666459
1,0.9898634
1,0.97999966
1,0.9901635
1,0.9465186
1,0.9897619
1,0.92935723
1,0.993383
1,0.81515676
1,0.9264602
1,0.97590214
1,0.99012977
1,0.98346555
1,0.95828605
1,0.9917018
1,0.97407913
1,0.9850199
0,0.030585153
0,0.09661089
0,0.1434633
1,0.84164625
0,0.26612347
1,0.7832188
1,0.8425715
1,0.5835274
1,0.40741208
1,0.5033801
1,0.6019216
1,0.6528367
1,0.3531086
1,0.59742415
1,0.6890368
1,0.54611915
1,0.46952578
1,0.46048656
1,0.4846967
1,0.22965515
1,0.8029792
1,0.5468498
1,0.7235998
1,0.41838995
1,0.67225736
1,0.5367219
1,0.92811984
1,0.8345085
1,0.96244013
1,0.55750966
1,0.50524145
1,0.6307819
1,0.6316123
1,0.8143455
1,0.32253495
1,0.45030782
1,0.33761284
1,0.5315063
1,0.55653155
1,0.63072926
1,0.7420993
1,0.83625555
1,0.7752031
1,0.87114435
1,0.62209606
1,0.37944624
1,0.3475134
1,0.79888994
1,0.49059287
1,0.8237928
1,0.7741837
1,0.8980954
1,0.88314414
1,0.84708816
1,0.86570513
1,0.66458714
1,0.695419
1,0.8531286
1,0.84119564
1,0.8800173
1,0.8890721
1,0.73437405
1,0.8895578
1,0.87887007
1,0.8717066
1,0.6809469
1,0.75571954
1,0.84665734
1,0.70170134
1,0.876413
1,0.8551708
1,0.7641315
1,0.8165586
1,0.8265689
1,0.5434062
1,0.8468728
1,0.85616183
1,0.8724751
1,0.48159724
1,0.8170602
1,0.5971792
1,0.91054064
1,0.86732244
1,0.89974105
1,0.9196964
1,0.8592391
1,0.8418843
1,0.88899183
1,0.91998297
1,0.67771715
1,0.7278984
1,0.5161516
1,0.7755969
1,0.81585056
1,0.8992746
1,0.9286743
1,0.35490087
1,0.67475414
1,0.9358775
1,0.7788035
1,0.77873904
1,0.7849045
1,0.7361418
1,0.80835587
1,0.789989
1,0.87808436
1,0.8276261
1,0.881886
1,0.88712484
1,0.74177337
1,0.75472164
1,0.93079156
1,0.5362935
1,0.59843194
1,0.66694766
1,0.83202684
1,0.7226402
1,0.81545705
1,0.9157996
1,0.6573967
1,0.83472824
1,0.90397364
1,0.8634928
1,0.91451067
1,0.6865115
1,0.8880922
1,0.9094305
1,0.72681385
1,0.88322484
1,0.5590911
1,0.7819143
1,0.78628904
1,0.7512779
1,0.47376066
1,0.87458855
1,0.44769228
1,0.54656047
1,0.90822476
1,0.39523286
1,0.88504183
1,0.87855434
1,0.9567251
1,0.93584955
1,0.8737778
1,0.861247
1,0.8475568
1,0.5520965
1,0.5873649
1,0.9129196
1,0.82359254
1,0.3863301
1,0.6690097
1,0.66780335
1,0.6693419
1,0.739361
1,0.8754806
1,0.5171226
1,0.59411377
1,0.42798463
1,0.63144094
1,0.8186509
1,0.59082586
0,0.24439448
0,0.653236
0,0.32332435
0,0.360412
0,0.4761519
0,0.27169207
0,0.47602782
0,0.3462856
0,0.27866063
0,0.2905111
0,0.33541584
0,0.36197892
0,0.55237454
0,0.27199456
0,0.2437073
0,0.21340334
0,0.38752216
0,0.3194076
0,0.2833912
0,0.42692906
0,0.6553831
0,0.3959071
0,0.42989817
0,0.35414803
0,0.2729733
0,0.32892218
0,0.2793003
0,0.16957648
0,0.24378793
0,0.19590911
0,0.28394988
0,0.17603159
0,0.30265024
0,0.448207
0,0.445803
0,0.5085585
0,0.42415106
0,0.389508
0,0.41120282
0,0.24712291
0,0.36275482
0,0.24768145
0,0.32195517
0,0.34690943
0,0.3807656
0,0.43666732
0,0.26098266
0,0.30421785
0,0.18489823
0,0.4966919
0,0.35019606
0,0.58787674
0,0.21195942
0,0.71068645
0,0.76747054
0,0.5273069
0,0.20565532
0,0.46140358
0,0.33761403
0,0.5583525
0,0.26253223
0,0.2652368
0,0.40405795
0,0.60448563
0,0.47681966
0,0.23930918
0,0.23828608
0,0.2504228
0,0.16316721
0,0.31345367
0,0.37697405
0,0.4921065
0,0.6250768
0,0.49766138
0,0.35032654
0,0.20510665
0,0.57944834
0,0.45946708
0,0.25952333
0,0.28430995
0,0.4008583
0,0.45444563
0,0.3979035
0,0.37940723
0,0.32194373
0,0.47104475
0,0.5735937
0,0.50128263
0,0.5508425
0,0.24770646
0,0.56281936
0,0.27347213
0,0.26838854
0,0.43379438
0,0.20086066
0,0.23570408
0,0.20452978
0,0.6310346
0,0.2545638
0,0.19335714
0,0.38613573
0,0.32662576
0,0.24744333
0,0.3422657
0,0.2935217
1,0.8165882
1,0.3492416
1,0.90725297
1,0.8645685
1,0.8503068
1,0.88423824
1,0.77570415
1,0.87046033
1,0.88986963
1,0.88423824
1,0.8629848
1,0.7114399
1,0.88561106
1,0.7909903
1,0.8209068
1,0.9725108
1,0.8721727
1,0.9222446
1,0.37164167
1,0.8208477
1,0.96206087
1,0.68115187
1,0.8084371
0,0.09318614
0,0.23319912
0,0.45036045
1,0.74161696
0,0.27212808
0,0.069484316
0,0.11559254
0,0.028663501
0,0.027326325
0,0.047501404
0,0.031552475
0,0.33326092
0,0.050849665
1,0.83365935
1,0.97566164
1,0.8510186
1,0.85043436
0,0.13866231
1,0.44884434
0,0.096570544
0,0.09976479
0,0.07575185
0,0.14044924
0,0.15442815
0,0.15811731
0,0.34145626
1,0.71246946
1,0.9172247
1,0.80408555
0,0.7128275
1,0.89378
0,0.103585996
1,0.8376632
1,0.30397353
0,0.24418749
0,0.15419486
0,0.47195566
1,0.79542196
0,0.0709743
0,0.052601628
0,0.03521901
1,0.79010516
1,0.69715804
1,0.5763689
0,0.3310798
0,0.1434658
1,0.84882087
0,0.3903918
0,0.1743987
0,0.093202
0,0.08986768
1,0.85551775
1,0.56811434
0,0.47877514
1,0.44767922
1,0.9003624
1,0.81883246
1,0.5512412
0,0.42548522
0,0.75484395
1,0.43415493
1,0.32792053
1,0.31739187
0,0.27239192
0,0.1889422
0,0.21456067
0,0.06119171
0,0.08778399
0,0.16022812
1,0.65168726
0,0.6368319
1,0.504835
0,0.22691411
0,0.02645886
1,0.9177197
1,0.24744861
0,0.087830275
0,0.045487624
0,0.060785
0,0.12708949
0,0.65068513
0,0.36163843
0,0.21789923
0,0.23632851
0,0.4619191
0,0.33709025
0,0.22263178
0,0.115488246
1,0.32518548
0,0.19942182
1,0.85371447
1,0.9640697
1,0.95067966
1,0.9630749
0,0.12668437
1,0.7376211
1,0.83096516
0,0.25320354
0,0.18014927
0,0.17951664
0,0.61561203
0,0.5260863
0,0.3055645
0,0.24426514
1,0.39422172
0,0.3884302
0,0.21668752
0,0.08869661
0,0.06713661
0,0.074766956
1,0.6200873
0,0.2951986
0,0.36396858
0,0.36264354
0,0.3415868
0,0.44493166
0,0.0951336
0,0.24571131
1,0.4644891
0,0.32431072
0,0.21416466
1,0.6485088
1,0.6999064
1,0.91119975
1,0.25643697
0,0.30668464
0,0.20872664
0,0.43646446
1,0.34079844
0,0.12694246
0,0.24326655
1,0.9282927
1,0.842161
1,0.9744342
1,0.40006182
1,0.5517761
1,0.60635567
1,0.4551448
0,0.19861203
0,0.314435
0,0.3686352
0,0.39781553
0,0.33857682
0,0.33297616
0,0.5156638
0,0.5097234
0,0.39937198
0,0.38043106
0,0.42855498
0,0.37794808
0,0.46777505
1,0.77413166
1,0.72632176
1,0.5815184
1,0.90016335
1,0.78679067
1,0.7056416
1,0.8878451
1,0.82086986
1,0.46570706
0,0.19180311
1,0.66054434
0,0.049909074
1,0.7114346
1,0.7114346
0,0.07315328
1,0.45168465
1,0.19992687
0,0.16588064
0,0.27487648
0,0.15948622
1,0.60363543
0,0.13645715
0,0.15756698
0,0.27911586
0,0.31206515
0,0.40468553
0,0.10150718
1,0.5278163
0,0.07564512
1,0.8898282
1,0.8480699
1,0.84114385
1,0.72749954
1,0.56562585
0,0.051401455
1,0.94075435
0,0.11704028
1,0.660941
1,0.37714547
1,0.9093655
1,0.2446701
0,0.15287115
0,0.066668384
0,0.06869859
1,0.58226126
1,0.46880296
0,0.08349135
1,0.8155445
1,0.8758805
0,0.6024276
1,0.8644512
1,0.7198434
0,0.37230235
0,0.059261616
0,0.13047828
1,0.9167211
1,0.7605858
1,0.81043655
1,0.6965184
1,0.9098089
1,0.9098089
1,0.643304
1,0.90947264
1,0.5976906
0,0.13845363
0,0.093441896
0,0.21840729
1,0.87176776
0,0.1312722
1,0.6424884
1,0.73571724
0,0.122426115
1,0.42298445
0,0.11575045
1,0.63944834
0,0.06634932
0,0.04632447
0,0.24932294
0,0.07945811
0,0.09955537
1,0.36758676
1,0.81339955
0,0.11678378
0,0.4784361
1,0.76334536
0,0.4568659
1,0.7148336
0,0.21533406
0,0.30837822
1,0.926696
1,0.90875465
1,0.9222787
0,0.22627656
1,0.85367
0,0.5120147
1,0.9524769
1,0.3222545
0,0.07991269
0,0.39175647
0,0.26987693
0,0.22998194
0,0.40751114
0,0.18882313
0,0.29632357
1,0.724449
1,0.7161403
0,0.121088244
0,0.13222796
0,0.14244087
0,0.5634456
0,0.22720893
0,0.4138694
1,0.8151456
0,0.0523579
0,0.08524876
1,0.98834604
1,0.96986276
0,0.14131053
1,0.576507
0,0.15743841
0,0.17967802
0,0.14952867
0,0.21047646
0,0.20236197
0,0.06335362
0,0.029104875
0,0.21713024
0,0.468245
0,0.3379237
0,0.6799361
0,0.16903237
0,0.0722354
0,0.20596553
1,0.7424486
0,0.06526322
0,0.06952532
0,0.18042669
0,0.16214651
1,0.80252194
0,0.347255
0,0.1894335
0,0.07684708
0,0.041557293
0,0.24899161
1,0.3516576
0,0.13283157
0,0.18510427
0,0.11444925
0,0.2885028
0,0.21806459
0,0.81519043
0,0.68516004
1,0.967675
1,0.9492279
1,0.8833953
1,0.96142817
1,0.92936206
1,0.934899
1,0.9512824
1,0.9313552
1,0.9434313
1,0.94648623
1,0.95213896
1,0.92384005
1,0.8984077
1,0.8963044
1,0.9558315
1,0.9369308
1,0.92961174
1,0.9119441
1,0.9453037
0,0.25604406
1,0.3434709
0,0.17088728
1,0.9531324
0,0.08797249
1,0.77972347
0,0.4095133
0,0.20736313
0,0.04865583
0,0.50729495
1,0.61274016
1,0.70654845
0,0.058075596
1,0.8025706
0,0.13692135
0,0.31914395
0,0.043460917
1,0.68107426
0,0.10475191
0,0.18524624
1,0.91647595
1,0.98246574
0,0.490828
1,0.85696095
0,0.06616534
0,0.27495924
0,0.05888574
0,0.3123414
0,0.12149375
0,0.48162007
1,0.8349308
0,0.21955141
0,0.45839363
0,0.24383208
0,0.20872338
1,0.47771809
1,0.46712217
0,0.2455746
0,0.18095869
0,0.16670133
0,0.37483868
0,0.23260362
0,0.16254774
0,0.16932511
1,0.93732995
1,0.94339544
1,0.5312969
0,0.26209232
1,0.9191216
1,0.9217909
1,0.9299769
1,0.33891413
0,0.06533608
1,0.2566648
0,0.27907947
0,0.27465945
1,0.28985506
0,0.22650585
0,0.35191733
0,0.25176358
1,0.9628888
0,0.22900756
0,0.23138772
1,0.9235337
0,0.35748875
0,0.18692316
0,0.22659983
1,0.90786135
0,0.39465594
0,0.2817643
1,0.5100224
1,0.8042861
1,0.87264615
1,0.9223864
0,0.03231361
0,0.02938959
0,0.37745655
1,0.49809423
0,0.24900483
1,0.7290761
1,0.7870027
1,0.7967548
0,0.013524169
0,0.033605345
1,0.60162055
1,0.49154186
0,0.37928066
1,0.94472444
0,0.22483198
1,0.94005805
0,0.21897157
0,0.3559446
0,0.34970894
1,0.47284612
0,0.027959121
0,0.25109696
0,0.10847236
0,0.15161052
1,0.8901512
1,0.9395354
0,0.48031878
0,0.15545997
1,0.6507866
0,0.4025056
0,0.10219045
0,0.30359244
1,0.8625354
1,0.9745248
1,0.7940395
1,0.7081273
0,0.119944274
0,0.28336537
1,0.629561
1,0.7761736
1,0.7155818
1,0.87153524
0,0.8706478
1,0.27694654
0,0.20223434
0,0.17448175
1,0.8705451
0,0.2008436
0,0.18964678
0,0.32730916
0,0.21036038
0,0.04574604
1,0.76320475
1,0.6162339
0,0.27025646
0,0.33452937
1,0.54371643
0,0.024078252
1,0.8225535
1,0.82375497
0,0.09352981
0,0.10189681
0,0.116978765
1,0.58377373
0,0.12477852
0,0.23985736
0,0.37984166
0,0.1306488
0,0.18166026
1,0.9020016
1,0.9618129
1,0.8418594
1,0.92436695
1,0.86333334
1,0.8824065
0,0.106501915
0,0.06619415
0,0.215084
0,0.14151539
0,0.08316969
0,0.115666404
0,0.07061306
0,0.085460655
0,0.37001622
0,0.19568168
0,0.2263825
1,0.7297942
1,0.9524068
1,0.9109698
1,0.9069377
1,0.88761765
1,0.8982686
0,0.57690424
0,0.5500577
1,0.56141496
1,0.8292199
0,0.26985592
1,0.8450009
1,0.9234031
1,0.9766768
0,0.08059328
0,0.068789445
0,0.058644887
0,0.09037128
0,0.2812051
1,0.81073993
1,0.56040496
1,0.8361177
1,0.81988704
1,0.90588975
0,0.28886938
0,0.32569414
1,0.9799851
0,0.07076471
0,0.0725632
1,0.52853125
1,0.75506413
1,0.91212684
0,0.058243856
0,0.0750661
0,0.1822871
0,0.27372056
1,0.7970961
1,0.47996634
1,0.7327473
0,0.10712144
1,0.4837336
0,0.19769387
1,0.85783124
1,0.78780043
1,0.7391179
1,0.61400896
0,0.7070981
0,0.39715257
0,0.39715257
0,0.504252
0,0.122067064
0,0.10446309
0,0.11406674
0,0.06570223
0,0.1176551
0,0.08324693
1,0.9065573
1,0.79129475
1,0.8725576
1,0.9565008
0,0.13524683
0,0.23401128
1,0.9509232
1,0.7444924
0,0.37408134
0,0.28222388
0,0.10769846
1,0.79716897
1,0.7044293
1,0.35338005
0,0.42793623
1,0.85399747
1,0.7608298
0,0.7950431
1,0.52798146
1,0.5263581
1,0.7295124
0,0.4274431
1,0.8196224
0,0.22251876
0,0.15450928
1,0.9388089
1,0.9724505
1,0.9492179
1,0.9724505
1,0.99065137
1,0.98896384
1,0.98896384
0,0.16313691
1,0.8019445
0,0.113483824
1,0.7601236
0,0.18525928
0,0.11829172
0,0.075747445
0,0.19544381
0,0.17046675
0,0.48684025
1,0.9683992
1,0.7541755
1,0.69018716
1,0.7619624
1,0.6933932
1,0.72325987
1,0.8043933
1,0.42566618
1,0.8711906
1,0.92708725
1,0.5331807
0,0.19162983
0,0.4413661
1,0.7011226
1,0.9124283
1,0.74595094
1,0.7565851
1,0.95747465
1,0.7905844
1,0.8654197
1,0.9758936
0,0.33816686
1,0.30644843
1,0.8661621
1,0.64855725
1,0.9581777
0,0.26468703
1,0.84477276
0,0.27997747
0,0.24785802
0,0.3585145
1,0.98314106
1,0.7670811
1,0.7537896
0,0.19429567
0,0.27016547
1,0.33518645
0,0.11310128
1,0.85381824
0,0.027906304
0,0.0352453
1,0.8307696
1,0.8436529
1,0.18526429
0,0.05006577
0,0.07294889
0,0.053704534
1,0.8351989
1,0.74799705
0,0.37160596
1,0.8954913
1,0.9409235
1,0.87410295
0,0.18086565
1,0.9694755
1,0.9653377
1,0.9772453
0,0.40732878
0,0.21471313
0,0.06854064
1,0.9008408
1,0.87934405
0,0.1340651
1,0.3536988
0,0.18839394
0,0.06693901
0,0.32427445
1,0.45949733
0,0.34555513
0,0.45869255
1,0.80303025
1,0.70022184
0,0.1189407
1,0.71754515
1,0.4771426
1,0.6964366
1,0.5246378
1,0.7894566
0,0.23480332
1,0.98775256
1,0.98775256
1,0.98564494
1,0.9297218
1,0.97116864
1,0.91992503
1,0.41045874
0,0.2538097
0,0.56458175
0,0.28309542
1,0.39693922
0,0.20474342
0,0.12291832
0,0.35161477
1,0.74903476
1,0.69530946
1,0.6730476
0,0.60938543
0,0.25707227
1,0.94538945
1,0.8905784
0,0.16359273
0,0.103797324
0,0.07427961
0,0.24682589
0,0.12241125
0,0.108772285
1,0.93250835
1,0.93250835
1,0.92839605
0,0.103655465
1,0.9254474
0,0.1737428
0,0.13543598
1,0.9291245
1,0.7729438
1,0.9602254
1,0.95792764
1,0.9075977
1,0.7293437
1,0.89130425
1,0.9712974
1,0.39592654
0,0.31866914
1,0.8713312
0,0.09574782
1,0.74784225
0,0.1672486
0,0.10558427
0,0.045626637
1,0.78673726
0,0.14691648
1,0.826128
1,0.9493724
0,0.040624283
1,0.7479638
1,0.6751748
0,0.51056886
0,0.64665645
1,0.86508346
1,0.76932687
1,0.97384655
0,0.048086066
1,0.5575191
1,0.9508013
1,0.93729496
1,0.720182
1,0.7960935
0,0.08473781
0,0.2011136
0,0.1739779
0,0.45469058
0,0.23098576
0,0.34516674
1,0.9102867
1,0.9061776
1,0.80209976
1,0.9327277
0,0.35562494
0,0.17131425
1,0.96533537
1,0.71693873
0,0.11119466
0,0.20990461
1,0.8666297
0,0.064060844
0,0.06004402
1,0.55294937
1,0.8730592
1,0.9122768
1,0.90452504
0,0.085723124
0,0.34938797
0,0.05209464
0,0.30548507
0,0.22634192
1,0.94413126
1,0.93978256
1,0.93978256
1,0.96459067
1,0.97612906
1,0.9045639
1,0.6995597
1,0.5051537
0,0.16267242
1,0.58399606
1,0.89449
0,0.3292352
0,0.5747239
0,0.58133906
1,0.9413438
0,0.1456145
0,0.28884
0,0.18074614
1,0.7236639
1,0.55434227
1,0.854226
0,0.31199592
0,0.27289563
1,0.8233188
1,0.45609844
1,0.5977928
0,0.100455366
0,0.14652191
1,0.60944426
1,0.5750137
1,0.5403467
0,0.24441901
1,0.32553667
0,0.3370624
0,0.07848337
0,0.117417544
0,0.14277051
0,0.067215055
0,0.1277971
0,0.14742209
1,0.63317275
1,0.7997356
0,0.25664434
0,0.26559943
0,0.29826307
0,0.6341763
0,0.30606776
0,0.32534796
1,0.4822235
0,0.4636959
1,0.90166587
1,0.8856234
0,0.16492489
0,0.35137355
0,0.41592866
1,0.78124034
0,0.21661296
1,0.8949395
1,0.8841829
0,0.12867875
0,0.14602552
0,0.03273444
0,0.045337584
0,0.062342506
1,0.87844586
0,0.3249565
0,0.07644217
0,0.5548868
0,0.059823703
0,0.07877085
0,0.09879197
1,0.66953564
1,0.558235
1,0.7128612
0,0.15717314
0,0.254901
1,0.78940046
1,0.42914942
1,0.62565076
0,0.55328834
0,0.35449135
1,0.46564728
0,0.30587757
0,0.3555125
1,0.8492094
0,0.30232903
1,0.43637416
1,0.7816095
1,0.77914697
0,0.23779194
0,0.36089724
0,0.04983274
0,0.22337489
0,0.27155012
0,0.2284649
0,0.27858624
1,0.59349364
1,0.50705695
0,0.033915292
1,0.83510965
0,0.050387632
0,0.049307775
0,0.28195882
1,0.69547087
1,0.6658578
1,0.8665501
1,0.95961976
0,0.5806307
1,0.4686259
0,0.17963926
1,0.17240569
1,0.5791214
1,0.19298992
1,0.23931186
0,0.19074464
0,0.1532266
0,0.067739666
0,0.0793487
0,0.13255349
0,0.06945408
0,0.096326664
0,0.08008113
0,0.2021768
0,0.06897638
0,0.041437928
0,0.08684754
0,0.06657451
0,0.112919174
0,0.16159002
1,0.84410316
0,0.07423496
0,0.11502984
1,0.48828164
0,0.14390232
0,0.061622407
1,0.96210146
1,0.96210146
1,0.755825
0,0.19919941
1,0.9631915
0,0.11291008
0,0.18696672
0,0.52687943
0,0.092536956
0,0.06431011
0,0.09756399
1,0.88403445
0,0.08883681
0,0.1002994
0,0.08600329
0,0.04747001
0,0.21421316
0,0.18868555
1,0.58942026
1,0.6962438
1,0.6718175
1,0.6745897
0,0.39003965
1,0.5337243
1,0.88676566
1,0.8476405
0,0.2540512
1,0.5532063
0,0.18725424
0,0.13190895
0,0.08086438
0,0.0999558
0,0.17351207
1,0.9301844
1,0.9479915
1,0.90139633
1,0.7892314
1,0.81417257
1,0.9030899
1,0.8628763
1,0.93475676
1,0.9019544
1,0.85004836
1,0.96541613
1,0.9199855
1,0.67856467
1,0.91149044
1,0.8858385
1,0.91955036
0,0.03921417
0,0.039386783
1,0.7710594
0,0.25524935
0,0.24024396
0,0.25057498
0,0.26641628
0,0.34175685
0,0.3607407
1,0.59370244
0,0.21053755
1,0.92675275
1,0.86656505
1,0.6139587
1,0.7988299
0,0.25438288
1,0.39165434
0,0.3606349
1,0.5842826
1,0.8525724
1,0.7559007
0,0.043874424
0,0.3968076
1,0.58186007
1,0.5833062
1,0.6747894
1,0.8947955
0,0.2093264
0,0.073019296
0,0.20791112
0,0.33960375
0,0.30897087
0,0.3254965
1,0.4249611
0,0.4649445
0,0.3375747
0,0.33212987
0,0.15302259
1,0.9077703
1,0.9459272
1,0.76865077
0,0.48700804
0,0.09894654
0,0.041170795
0,0.59772474
0,0.3880155
0,0.71740144
1,0.6336141
0,0.08205333
1,0.8867964
1,0.8915401
0,0.20374633
1,0.8017416
0,0.21677266
1,0.76543826
1,0.90726644
0,0.039974693
0,0.17898206
0,0.16421121
1,0.63828605
0,0.3110605
0,0.11731912
1,0.97604054
0,0.23543702
1,0.50529045
1,0.6940253
1,0.44656846
0,0.21965653
0,0.2208521
0,0.3883453
0,0.2327216
0,0.7556977
1,0.93913037
1,0.96735525
0,0.18153673
0,0.25369442
0,0.23058645
0,0.3886178
0,0.18695083
0,0.2626184
0,0.27911288
0,0.14113334
0,0.33684534
1,0.78423244
0,0.50282884
0,0.34471995
1,0.97239316
1,0.9692564
1,0.9692564
0,0.3225307
0,0.3685376
1,0.5384295
0,0.122818016
0,0.09559221
1,0.5700002
1,0.776599
1,0.3003076
1,0.8014236
0,0.31816304
0,0.2825561
1,0.17541605
0,0.13582888
0,0.31496745
0,0.121896826
1,0.48892948
0,0.35645735
0,0.38570234
0,0.06895562
1,0.23074289
1,0.64252913
1,0.9852674
0,0.07676484
1,0.92060584
0,0.46524483
0,0.16434231
0,0.092649974
0,0.04136419
0,0.16629736
0,0.15002882
0,0.19550827
1,0.7392095
1,0.71753514
1,0.7491835
0,0.62788194
0,0.124069005
0,0.11750757
1,0.9335181
1,0.97814995
1,0.9657326
1,0.954458
1,0.9800658
1,0.98324734
1,0.9734224
1,0.9719163
1,0.98155403
1,0.97777367
1,0.96872723
1,0.97059757
1,0.9782614
1,0.97503906
1,0.97129714
1,0.9626904
1,0.9684485
1,0.97892535
1,0.9547293
1,0.52629316
0,0.20020798
0,0.37362695
0,0.2673622
1,0.5277906
0,0.25232294
0,0.11174136
0,0.25939336
0,0.34427416
1,0.7635137
1,0.9178101
1,0.8214465
0,0.28565028
1,0.68601686
1,0.6340906
0,0.62804806
1,0.40232375
0,0.31639528
0,0.34826306
0,0.39358154
0,0.13663241
1,0.90374005
1,0.27691275
0,0.0972137
0,0.18423165
0,0.4705465
1,0.46879017
1,0.4197367
1,0.5434586
1,0.931207
1,0.9450938
1,0.9136427
1,0.9086854
1,0.9009358
1,0.9840755
0,0.15959047
0,0.2361163
1,0.6805295
1,0.89550126
1,0.9214786
1,0.7212433
1,0.676955
1,0.7714756
1,0.771633
1,0.744114
1,0.77225775
1,0.7790158
1,0.7358521
1,0.7718077
1,0.14519691
0,0.04483559
1,0.37324092
0,0.18862462
1,0.9370168
0,0.26739514
0,0.2830774
0,0.053879805
1,0.61768496
0,0.037106056
0,0.25362438
0,0.11330114
1,0.71304494
1,0.76447666
1,0.32216698
0,0.09208483
0,0.047935117
0,0.07060125
0,0.047278777
0,0.042250037
1,0.79281455
1,0.6293786
1,0.7231057
1,0.5368941
1,0.52747566
0,0.52339613
0,0.46373662
0,0.5683067
1,0.73965925
0,0.19071032
0,0.16333234
1,0.84884644
1,0.29579553
0,0.09046119
0,0.087607585
0,0.092652135
0,0.18452768
0,0.110021286
1,0.850174
0,0.12658282
1,0.81753904
1,0.8552367
1,0.9614649
1,0.6504475
1,0.60300106
0,0.34175774
0,0.018864805
0,0.0884926
1,0.38529983
0,0.10892426
0,0.099877566
0,0.06827651
1,0.8331786
0,0.15267833
1,0.84507763
0,0.15705496
0,0.19525512
0,0.13509697
0,0.3987028
0,0.3707142
1,0.47774208
0,0.16861579
0,0.07944661
0,0.61452764
1,0.99019086
1,0.97304857
0,0.24007897
1,0.85946566
0,0.19707777
0,0.20168416
1,0.6808937
1,0.5923855
0,0.18103111
1,0.97783947
1,0.6502982
0,0.34758443
0,0.1436806
1,0.7559917
0,0.3346663
1,0.49184906
1,0.7516011
1,0.77797973
1,0.8556622
0,0.588646
1,0.8270755
0,0.07622844
0,0.09279329
1,0.8701058
0,0.19952056
0,0.0574987
0,0.27097687
1,0.4827017
0,0.49724954
0,0.16114731
0,0.38617003
0,0.15284409
0,0.025570434
0,0.068628944
0,0.047760263
1,0.8362129
1,0.8898051
1,0.83999115
1,0.81612426
1,0.8120734
0,0.23946485
0,0.14431459
0,0.26608658
0,0.18956116
0,0.15970026
1,0.44735673
0,0.08270114
0,0.25961882
0,0.29807445
0,0.35665864
0,0.21324418
0,0.29485807
0,0.5245815
0,0.19186242
0,0.070276834
1,0.809828
1,0.97767156
1,0.72243714
1,0.98264873
1,0.9895225
1,0.9544415
1,0.92480344
1,0.9383503
1,0.9383503
0,0.27169138
0,0.18476768
0,0.18016444
0,0.06796544
1,0.8565668
1,0.92519
0,0.13832322
0,0.22179356
0,0.16002241
0,0.03223403
0,0.16769806
1,0.6609298
1,0.98612064
1,0.99160516
1,0.9584365
0,0.21907492
1,0.8416936
1,0.9104115
1,0.92915857
1,0.93316275
0,0.25934136
1,0.5804504
0,0.3577189
0,0.208026
1,0.5203114
1,0.82382685
0,0.113134034
0,0.05089575
0,0.04918196
0,0.31987226
1,0.44173548
0,0.120257206
1,0.6777665
0,0.21483092
0,0.35797387
0,0.074460275
1,0.87967765
1,0.87992877
0,0.14213693
0,0.10163788
1,0.7628025
0,0.21411107
1,0.8482958
0,0.29805613
1,0.83348584
1,0.7514337
0,0.23989259
0,0.5053568
0,0.5266864
0,0.15963337
0,0.266166
0,0.23448707
0,0.24304958
0,0.2752385
0,0.41004577
1,0.94461507
1,0.55040634
1,0.34178728
1,0.8491
1,0.8144883
0,0.22314899
0,0.122683674
1,0.6219546
0,0.28508174
0,0.17556584
1,0.95684266
1,0.94123685
0,0.15340187
0,0.05402392
0,0.19673806
0,0.23054823
1,0.95113164
0,0.3516785
1,0.3127569
0,0.086948074
1,0.3229347
1,0.35521823
0,0.09196441
0,0.18398717
0,0.24377939
0,0.107429914
1,0.76418483
0,0.24942999
1,0.6156643
1,0.5782134
0,0.21119393
1,0.9602586
1,0.8585483
0,0.039265774
1,0.8530539
0,0.06558632
0,0.05115534
0,0.03562204
0,0.21315838
1,0.5980186
0,0.41696903
0,0.16076481
0,0.031800084
0,0.20581141
0,0.24280776
0,0.2886428
1,0.77394664
1,0.8599457
0,0.21000002
1,0.68098766
0,0.11351712
1,0.6281459
0,0.09855766
0,0.05785035
0,0.2206617
1,0.7863431
1,0.6951932
1,0.87548935
1,0.9236192
1,0.8673747
1,0.8729589
1,0.882452
1,0.71621394
1,0.81380606
1,0.93894607
0,0.25459573
1,0.95394677
1,0.9692292
1,0.915332
1,0.9530579
1,0.96898335
1,0.96012527
1,0.94523156
1,0.96356046
1,0.96094185
1,0.9752597
1,0.9539395
1,0.8970891
1,0.94770736
1,0.9485276
1,0.9724361
1,0.98269707
1,0.9760902
1,0.9290683
1,0.9397305
1,0.9813348
1,0.9781044
1,0.95866466
0,0.09810917
1,0.7799015
0,0.111300096
0,0.1569237
1,0.5457382
0,0.32402998
1,0.38999125
1,0.96117914
0,0.31943458
0,0.21008204
0,0.2321231
0,0.16854903
0,0.055319935
0,0.036138322
0,0.047306534
1,0.8551171
1,0.90092003
0,0.43980312
1,0.9590394
0,0.067014344
1,0.7086048
1,0.84492576
1,0.7923259
1,0.8179471
1,0.8719605
1,0.68301964
0,0.0446088
1,0.5908813
0,0.15721986
1,0.7280305
1,0.6071708
0,0.12646998
0,0.13500871
0,0.0509083
0,0.09746216
0,0.0373974
1,0.7525676
1,0.73491836
0,0.10997012
0,0.10284725
1,0.67484826
0,0.11001804
0,0.20924206
0,0.3487273
1,0.88645744
1,0.9539041
1,0.7521938
0,0.22372666
1,0.6341264
1,0.74835664
0,0.51598465
0,0.23580338
0,0.040012296
1,0.4989981
0,0.20505042
1,0.98110616
0,0.17493021
0,0.29698375
0,0.21337
0,0.48423117
0,0.30700147
0,0.31915405
0,0.10288106
0,0.3016943
0,0.29906052
1,0.9091785
0,0.17915142
0,0.0779884
1,0.19003886
1,0.6848906
1,0.48363855
1,0.61848825
0,0.022248076
1,0.82850367
1,0.8123184
1,0.83417815
1,0.8170861
0,0.2921166
1,0.94531363
1,0.9698005
1,0.7925491
0,0.27053654
0,0.1330783
0,0.022159023
1,0.7355001
1,0.9226198
1,0.8807232
1,0.85507876
1,0.9530243
0,0.16269481
0,0.19157927
1,0.6209926
0,0.13511789
0,0.1283842
0,0.12066023
1,0.9274897
0,0.1613161
0,0.22895293
1,0.9224048
1,0.10448908
0,0.06629264
0,0.43710682
1,0.3219576
0,0.31121156
0,0.27022323
0,0.21547782
0,0.16966425
0,0.11416518
0,0.25660458
0,0.31048754
0,0.2699889
0,0.274797
0,0.23796427
1,0.9294348
0,0.46670443
0,0.07091232
0,0.09596526
0,0.15139598
1,0.9634646
1,0.98282534
1,0.9664512
1,0.94727445
1,0.8637558
0,0.30896342
1,0.6359615
0,0.09508739
1,0.8985441
1,0.87103385
1,0.94621986
1,0.81416875
0,0.08521008
0,0.46211982
1,0.7530049
0,0.2884628
0,0.13338038
0,0.22408664
1,0.89538896
0,0.065760925
1,0.39479733
0,0.25832522
1,0.868614
0,0.089794055
0,0.053437654
0,0.039263435
0,0.038875364
1,0.34537292
1,0.93068993
1,0.67651784
1,0.6671605
1,0.9614824
1,0.25796568
0,0.2197512
0,0.21271464
0,0.18400054
0,0.1055589
1,0.75855166
0,0.42097417
1,0.98165363
1,0.72023326
1,0.5029365
0,0.12368827
1,0.9162217
1,0.9806441
1,0.98536867
1,0.9810307
1,0.9758922
1,0.9460985
1,0.96930796
1,0.947064
1,0.9729139
1,0.9863751
1,0.9806441
1,0.9806441
1,0.9863751
1,0.9806995
1,0.9794341
1,0.98348
1,0.94073147
1,0.98536867
1,0.9743191
1,0.9802986
1,0.90637213
1,0.9723344
1,0.98903006
1,0.96473676
1,0.9916524
1,0.9832411
1,0.97929937
1,0.97326195
1,0.9910082
1,0.48819125
0,0.26359078
1,0.33326563
0,0.42102787
1,0.9584743
0,0.15800254
1,0.84032404
1,0.9438767
1,0.9283103
1,0.92444915
1,0.73242456
1,0.69294703
0,0.23177996
0,0.1046908
0,0.28654802
0,0.19352676
1,0.24821804
1,0.90656006
1,0.8397638
0,0.083156005
0,0.26861238
0,0.35088113
0,0.31212282
1,0.24896471
0,0.04348155
0,0.16442934
1,0.48133776
0,0.33765495
1,0.75348014
0,0.104427814
1,0.9482443
0,0.08117162
0,0.17980099
1,0.88553476
0,0.06559249
0,0.23673363
0,0.40498725
0,0.28011566
0,0.30323288
0,0.12494799
0,0.28413326
0,0.340292
0,0.19568427
1,0.83851886
0,0.2904815
0,0.40438682
0,0.11884682
0,0.12006355
0,0.055584833
0,0.07524033
1,0.73385173
0,0.17532271
0,0.2771304
0,0.096831866
0,0.06051132
1,0.68968827
0,0.26644152
1,0.59302235
1,0.4260585
1,0.8110751
1,0.5831783
1,0.787126
0,0.0828411
1,0.79578525
1,0.83563524
0,0.03844142
1,0.79649824
1,0.41090953
0,0.13446178
0,0.104554646
0,0.566925
1,0.7796755
1,0.7159819
1,0.519162
0,0.27238712
1,0.984379
0,0.24044059
0,0.027446205
1,0.96589404
1,0.87109435
0,0.12353931
0,0.26147506
1,0.8006416
0,0.15425685
1,0.74850726
1,0.5190157
0,0.13243124
0,0.19162871
0,0.08306281
1,0.44013035
0,0.11958819
0,0.23272827
0,0.23503359
0,0.119254015
0,0.5251816
1,0.22834988
1,0.23145087
0,0.19141775
0,0.2708255
0,0.1904462
0,0.21705152
0,0.43502036
1,0.91707
1,0.6042577
0,0.09990099
0,0.09779427
1,0.82705444
1,0.896742
1,0.96881974
0,0.109046295
0,0.12149299
0,0.07173362
0,0.12166295
0,0.18303259
0,0.32204735
1,0.8253308
1,0.8435015
1,0.46828434
0,0.22235389
1,0.9106402
1,0.93813145
1,0.9496167
1,0.929135
1,0.7893834
1,0.94972944
0,0.07862136
0,0.08326866
1,0.67312473
1,0.3257922
0,0.19276379
0,0.10973437
0,0.13020368
0,0.11462171
0,0.109517485
1,0.6780011
1,0.5331222
0,0.38248327
1,0.9598017
1,0.9098656
1,0.8806313
1,0.8329952
1,0.57349974
1,0.57349974
0,0.33283928
1,0.95815593
1,0.8669591
0,0.08429856
1,0.87825555
0,0.16973805
0,0.065649986
0,0.062320985
1,0.9040768
1,0.8111328
0,0.7263072
1,0.5739912
0,0.069562525
1,0.80836844
1,0.8290525
1,0.7581767
1,0.5708622
0,0.24039228
0,0.28461286
1,0.5614069
0,0.28142145
1,0.8493629
1,0.9259205
0,0.16194136
1,0.44015038
0,0.19792616
1,0.7318263
0,0.23315367
1,0.9909637
1,0.23306625
0,0.38635573
1,0.770919
0,0.067301854
0,0.057486843
1,0.7760222
1,0.73555624
1,0.6607832
1,0.71842456
0,0.52393985
0,0.26676857
0,0.18951322
0,0.21134736
1,0.55553496
0,0.35783467
1,0.9653186
1,0.9701587
1,0.9701587
1,0.9735039
1,0.9704973
1,0.9704973
1,0.69041723
1,0.761639
0,0.128567
1,0.46458963
0,0.46968186
0,0.3006469
0,0.36425114
0,0.25770077
0,0.10156297
0,0.093145534
1,0.9241791
0,0.040062282
0,0.087745525
0,0.41512752
1,0.71170634
0,0.27405068
0,0.26150995
1,0.7604477
0,0.08950728
0,0.21152946
0,0.6078016
0,0.010325999
0,0.35849285
0,0.34702703
0,0.5528649
0,0.5116712
0,0.20583597
0,0.16280612
0,0.35949105
0,0.15202187
1,0.9194932
0,0.14484613
0,0.1327722
0,0.30029657
1,0.13846351
0,0.07534391
1,0.7984218
0,0.26998904
1,0.8696488
0,0.25078726
0,0.51059103
0,0.14964724
1,0.99153286
1,0.99153286
1,0.98777676
0,0.23348272
0,0.1338768
0,0.38753086
0,0.52809006
1,0.8078389
1,0.8841191
1,0.8798613
0,0.2514777
1,0.6899147
1,0.8791601
1,0.7051655
0,0.0769017
0,0.08969309
0,0.048168123
0,0.06644275
0,0.41132742
0,0.0783792
1,0.8698596
0,0.1387504
0,0.076489106
1,0.566018
1,0.8370446
1,0.87887144
0,0.17710595
0,0.37685063
0,0.36107928
1,0.9607376
1,0.93157
1,0.98801917
0,0.08073199
0,0.04844464
0,0.058705755
0,0.058797546
0,0.30687028
1,0.82222587
1,0.956628
0,0.2630986
0,0.164748
1,0.85054636
1,0.66530466
0,0.040965743
1,0.5753802
0,0.251129
1,0.58308935
0,0.0571946
0,0.11342354
0,0.43633252
1,0.79293144
1,0.92459875
0,0.32373685
0,0.08734944
0,0.058597073
0,0.36992288
1,0.96632797
0,0.071138345
1,0.9758834
1,0.77913773
1,0.82006466
1,0.39326072
1,0.97615856
1,0.98622173
1,0.93096924
1,0.6865185
0,0.6318348
1,0.8760307
1,0.84131265
0,0.17795394
0,0.28237754
0,0.2961505
0,0.2719944
0,0.11842501
0,0.11301964
1,0.8408184
1,0.88648236
1,0.41114396
0,0.12608221
1,0.14693533
0,0.3521097
1,0.86597306
0,0.24533407
0,0.66157657
0,0.07044652
0,0.3195713
0,0.47781724
1,0.4423025
0,0.49666587
0,0.275926
0,0.6526767
0,0.21786617
0,0.2130756
1,0.90082204
1,0.7752899
1,0.5490515
1,0.25589406
1,0.98645115
1,0.9814136
1,0.97686005
1,0.98044205
1,0.9790525
1,0.9796664
1,0.9763007
1,0.9859278
1,0.97096217
1,0.9846437
1,0.9610748
1,0.97973025
1,0.9854232
1,0.9699579
1,0.9769544
1,0.9870777
1,0.98003185
1,0.9904219
1,0.9761052
1,0.9786164
1,0.98788303
0,0.13926256
1,0.8297035
1,0.880274
1,0.63006395
0,0.14621352
1,0.9588803
0,0.23471755
1,0.78799766
0,0.23733126
1,0.9404129
0,0.119912975
0,0.2415725
0,0.40681583
1,0.7290445
1,0.89154685
1,0.8281545
1,0.6828875
0,0.48931736
0,0.1363914
1,0.7030187
0,0.16068095
0,0.08735567
0,0.20725672
1,0.69699955
0,0.15213634
0,0.10086993
0,0.1720897
0,0.33099186
0,0.18449001
0,0.24984467
0,0.16977057
0,0.23298045
0,0.46289176
1,0.4660595
0,0.51273996
1,0.7122935
0,0.20001982
0,0.106981166
1,0.59479725
0,0.11316653
0,0.4442777
1,0.9271807
1,0.8320277
1,0.93692476
0,0.06362292
0,0.0408954
1,0.66675127
1,0.47148806
0,0.23903207
1,0.7449178
1,0.65809965
0,0.35182092
1,0.61490685
0,0.508445
0,0.11778463
1,0.61891156
1,0.37138274
1,0.65763956
1,0.90519834
0,0.3218315
0,0.1410895
0,0.13724332
1,0.68959135
0,0.13199316
0,0.052492768
0,0.14016686
1,0.4011708
0,0.042154323
1,0.7496221
1,0.6529689
1,0.42135295
1,0.9625344
0,0.21055228
0,0.18658984
0,0.16638152
1,0.8382236
0,0.3620449
0,0.33052728
0,0.44699648
0,0.39995754
1,0.88054603
0,0.48584604
1,0.15745814
0,0.15239401
1,0.4383975
1,0.9100571
0,0.021280225
1,0.8910621
1,0.8640522
1,0.7564692
1,0.8293103
0,0.23238115
0,0.22182958
1,0.49380073
1,0.28247097
0,0.13277881
1,0.9676636
1,0.96344495
0,0.099702425
1,0.305269
1,0.68620014
1,0.7075587
1,0.54630804
1,0.66158634
1,0.6548924
1,0.65204704
0,0.06378422
0,0.16037503
1,0.2844985
0,0.072693415
0,0.040694714
0,0.33667842
0,0.12006856
0,0.35533506
1,0.6741014
1,0.7288744
1,0.46920162
1,0.93312114
1,0.93312114
1,0.93312114
1,0.96879846
1,0.93312114
1,0.814333
1,0.87456936
1,0.40010276
1,0.613217
1,0.4030045
1,0.44051135
1,0.41673782
1,0.579658
0,0.21473353
0,0.264725
0,0.30143926
0,0.24219836
0,0.20257433
0,0.27365398
0,0.14030226
0,0.32654017
0,0.29604697
0,0.19968873
0,0.0695804
1,0.47568914
0,0.46792415
1,0.9428173
1,0.2511209
0,0.76257163
1,0.79456997
0,0.10832991
0,0.22793709
0,0.10391164
0,0.15461679
0,0.07480553
1,0.41045722
1,0.4212794
1,0.94509315
0,0.27965763
0,0.27901396
0,0.3500029
0,0.31793448
0,0.31719026
0,0.37078127
1,0.40751925
1,0.40400186
1,0.6051112
1,0.36818093
1,0.636957
1,0.6340938
0,0.26139933
0,0.20770817
0,0.19086646
1,0.17683958
0,0.1456299
0,0.1507744
0,0.21451172
0,0.16940941
0,0.18630224
0,0.21164985
0,0.14276879
0,0.16399847
0,0.15643698
1,0.42017856
1,0.5235901
1,0.56702954
0,0.74418044
0,0.49689168
0,0.40111256
0,0.17915362
1,0.25557104
1,0.114938736
0,0.15718539
0,0.09120581
0,0.22623065
0,0.30535254
0,0.13468
1,0.6445915
1,0.85553646
1,0.7890521
0,0.26933068
0,0.076414116
0,0.24695218
0,0.06542279
0,0.43884957
1,0.9158057
