y_true,y_prob
0,0.41864336
1,0.4299586
1,0.7184715
1,0.6320419
0,0.365008
0,0.197662
0,0.197662
0,0.073901504
1,0.897576
0,0.22199842
0,0.62064976
1,0.7490824
1,0.62449
1,0.78745615
1,0.84186345
1,0.84186345
1,0.7868152
1,0.78745615
1,0.84186345
1,0.9319607
1,0.78745615
1,0.84186345
0,0.18247214
1,0.96337795
1,0.9091913
1,0.76645833
1,0.65891194
1,0.6449254
0,0.4625175
0,0.21936594
1,0.6956734
1,0.40128732
1,0.76812965
1,0.76812965
0,0.15379304
0,0.20619828
1,0.5832436
0,0.33924183
0,0.1990895
0,0.17080535
1,0.76869875
0,0.17229171
1,0.94339514
0,0.39187685
1,0.528241
0,0.2970916
1,0.7443326
0,0.21420056
1,0.99585825
1,0.46111238
1,0.1913804
1,0.31180027
0,0.16508858
1,0.33030418
0,0.07304072
1,0.5428674
1,0.40873966
0,0.21314134
0,0.1855925
1,0.9165782
0,0.66730547
0,0.31566837
0,0.28280112
1,0.7520329
1,0.5224756
0,0.27599847
0,0.24801356
0,0.4334912
0,0.2906015
0,0.11590356
0,0.33783785
1,0.6132633
0,0.21447667
0,0.30420807
0,0.32235983
1,0.7488145
0,0.28708217
0,0.25921935
0,0.29313836
1,0.4156211
1,0.84235364
1,0.69951886
1,0.7771806
1,0.7639519
1,0.49089038
1,0.80739003
0,0.23024717
0,0.5898789
1,0.79008746
1,0.728052
1,0.7328733
0,0.28909588
1,0.40361562
1,0.43801907
1,0.74763906
0,0.14486526
0,0.57414556
0,0.57414556
0,0.22559308
0,0.42335764
1,0.2719786
1,0.75602126
0,0.3549751
1,0.94057477
1,0.9223011
1,0.42951384
1,0.7791011
0,0.60469687
1,0.8047838
0,0.52313316
1,0.5186342
0,0.75117546
0,0.4254343
1,0.43593466
0,0.26147887
0,0.29554015
1,0.7532034
1,0.9431893
1,0.90929484
1,0.9493794
1,0.91706055
1,0.9728423
1,0.9036888
1,0.88260937
1,0.9403139
1,0.9131218
1,0.85935026
1,0.859724
1,0.82645154
0,0.1207923
0,0.21802509
1,0.8795919
1,0.992062
1,0.9760465
0,0.29480454
0,0.28663412
1,0.31800234
1,0.48221803
0,0.17650875
0,0.42471483
0,0.080352046
1,0.6748973
1,0.43004432
1,0.48349917
1,0.7478092
0,0.16800807
1,0.4473406
1,0.77122957
0,0.25040835
0,0.14204314
0,0.10221068
0,0.21003564
1,0.7509166
1,0.29359275
0,0.09776552
0,0.09776552
0,0.089911684
1,0.60093784
0,0.32395837
1,0.8084612
1,0.9510723
1,0.912229
1,0.94065446
1,0.66772795
1,0.6411452
1,0.85298085
1,0.8936891
1,0.6518799
1,0.83813715
1,0.8350853
0,0.16003565
1,0.6004867
0,0.21786274
1,0.87556976
1,0.48426804
0,0.3096894
1,0.65865123
1,0.67200136
1,0.89421463
0,0.45406738
0,0.48007601
0,0.47222468
0,0.29541048
0,0.08515867
1,0.79023755
0,0.12623689
1,0.81001145
0,0.7206252
0,0.34399804
1,0.57648116
0,0.39330906
0,0.1999514
1,0.49019518
0,0.35100183
0,0.38595918
0,0.09739941
0,0.28165895
0,0.44575062
1,0.5099125
1,0.41974008
1,0.9927886
1,0.979226
1,0.979226
1,0.9730003
1,0.9934437
1,0.979226
1,0.8344564
0,0.4689856
0,0.62647593
0,0.1926818
1,0.81556547
0,0.22467038
0,0.7862148
0,0.43335125
1,0.54471606
1,0.34687105
1,0.92921877
1,0.39906764
1,0.47856155
1,0.38912937
1,0.3356965
1,0.79741544
0,0.045190267
1,0.83674896
0,0.23628795
1,0.88481927
1,0.98331314
1,0.98331314
0,0.43975002
0,0.31296885
1,0.5812139
1,0.5865055
1,0.63668615
0,0.346828
1,0.52871394
0,0.21748288
0,0.238701
0,0.20270275
0,0.094687946
1,0.37568605
0,0.30269212
0,0.15019651
0,0.15019651
0,0.17461962
0,0.6157825
1,0.4461012
0,0.1269509
0,0.18460476
0,0.069366835
0,0.16247408
0,0.14138477
0,0.29588497
1,0.587521
0,0.5924298
1,0.5382574
0,0.058309566
0,0.6020032
0,0.10343653
0,0.08621565
1,0.53963673
0,0.37837347
0,0.07103148
1,0.47924867
1,0.72475034
0,0.3045609
1,0.9133582
0,0.85498905
1,0.7439069
1,0.7358182
0,0.10524713
1,0.8617695
0,0.39709222
0,0.4933064
0,0.24575278
1,0.6315872
1,0.84560657
0,0.17962456
0,0.21076246
0,0.1475743
0,0.08357633
0,0.30433282
0,0.45370445
1,0.9551781
0,0.048038363
0,0.10757853
0,0.07402942
0,0.3469239
0,0.1487262
1,0.89178324
0,0.24301293
0,0.18586585
0,0.43922266
0,0.08360159
1,0.58718824
1,0.5650659
0,0.712453
1,0.8302391
0,0.23839709
1,0.70451456
1,0.224338
0,0.2711471
0,0.29998526
1,0.22678097
0,0.32216886
0,0.39625907
1,0.9165522
0,0.08829919
0,0.27951568
0,0.023292731
1,0.30370453
0,0.47993016
0,0.6096221
0,0.16702388
0,0.23242356
0,0.4423853
0,0.15189531
1,0.1530566
0,0.26685217
0,0.47964865
1,0.52455807
0,0.34649143
1,0.98289627
1,0.91984075
1,0.98289627
1,0.9565083
1,0.9782753
1,0.9643345
1,0.9814326
1,0.952074
0,0.1098216
1,0.9453426
0,0.13101819
1,0.9855053
1,0.9243536
0,0.4694371
1,0.4566131
1,0.46530047
1,0.53889334
0,0.35354465
0,0.39298466
0,0.60356027
0,0.4004618
0,0.3046118
1,0.16440533
1,0.75591826
1,0.7323063
0,0.14243676
0,0.1917095
1,0.8350603
1,0.70628655
1,0.8840567
0,0.30089214
0,0.31959286
0,0.215836
1,0.25389874
0,0.39860922
1,0.37984788
0,0.3643555
0,0.08817333
0,0.4067179
1,0.4035754
0,0.062091637
0,0.25037503
0,0.14098656
0,0.14448185
1,0.5026814
0,0.2827329
0,0.20114204
1,0.94165504
1,0.6216231
1,0.6369985
1,0.5018236
0,0.34300542
1,0.52412695
0,0.34346816
0,0.37269697
0,0.07550908
1,0.69256014
0,0.28181177
0,0.26375753
0,0.14833637
1,0.9011993
0,0.31463733
0,0.59953797
1,0.71892184
1,0.91370416
1,0.8984221
1,0.64769214
1,0.7652659
1,0.71586055
1,0.74004155
1,0.71628714
1,0.5772647
1,0.6487127
0,0.065463826
0,0.24077946
0,0.044735357
0,0.06365582
1,0.5238862
1,0.39541936
1,0.3765118
1,0.520539
0,0.09127338
0,0.09127338
0,0.33248132
1,0.7754537
0,0.20618205
0,0.1468008
0,0.39565346
1,0.40044567
0,0.43732184
0,0.22509113
0,0.32530084
0,0.078610614
0,0.3589368
0,0.09610816
1,0.81248516
0,0.07502428
0,0.39239588
0,0.54640776
1,0.911883
0,0.24899723
1,0.7079683
1,0.70990396
1,0.9694063
1,0.9441831
0,0.20406227
0,0.5621934
1,0.42349434
1,0.76131237
1,0.81517744
0,0.39675122
0,0.39427248
1,0.7875703
1,0.8342913
1,0.39182112
0,0.24723093
0,0.3218268
0,0.13091604
0,0.25341797
1,0.7556692
0,0.45474666
1,0.93379146
0,0.38103336
1,0.8672363
1,0.65211856
1,0.44831178
0,0.33692926
0,0.13636063
1,0.9043588
1,0.9352308
1,0.68977606
0,0.5050407
0,0.3231742
0,0.5199256
0,0.43396366
0,0.23515628
0,0.3231742
1,0.91757244
1,0.7392343
1,0.8884977
1,0.49289364
1,0.8492325
1,0.55489415
0,0.7811619
1,0.8087462
1,0.7337052
1,0.6602372
1,0.8116075
0,0.15923966
1,0.7215623
1,0.49264643
0,0.2560265
1,0.93046063
1,0.9360071
1,0.89224935
1,0.79695946
0,0.15938506
0,0.2558721
1,0.24890925
0,0.102033205
1,0.3687525
1,0.45311907
1,0.59184957
1,0.34333307
0,0.32439393
1,0.33146414
1,0.31411144
0,0.2743028
1,0.37389192
1,0.4307783
0,0.3697883
1,0.81315964
1,0.9878428
1,0.99599624
1,0.99413115
1,0.9951153
1,0.97794616
1,0.9914352
1,0.98415405
1,0.99570245
1,0.98285645
1,0.98285645
1,0.98643506
0,0.21705738
0,0.058250863
1,0.65952975
1,0.6520879
1,0.3608362
1,0.5328905
0,0.26806957
1,0.94699204
1,0.4642639
1,0.46124402
1,0.7683441
1,0.36323416
1,0.55165464
1,0.72920054
1,0.8274695
0,0.28085837
0,0.28199524
0,0.24420401
0,0.2966819
1,0.6738154
1,0.74834806
0,0.2225341
1,0.9911447
1,0.46993718
0,0.08999114
0,0.5168617
0,0.1276836
1,0.97719824
1,0.9760528
1,0.94054645
1,0.9342071
0,0.4164149
0,0.3715063
1,0.71474767
0,0.099573925
1,0.8181619
0,0.07298264
0,0.53240436
0,0.50774366
1,0.91027904
1,0.90785086
0,0.44186234
0,0.22456683
0,0.17614217
0,0.395024
1,0.4701628
0,0.30320826
0,0.33257836
1,0.5116828
0,0.20134053
0,0.25452402
1,0.8843697
1,0.8706683
1,0.7370877
0,0.116497055
0,0.17897294
0,0.5295787
1,0.9684572
1,0.76744103
0,0.24520709
1,0.3623821
0,0.5527962
1,0.57076186
0,0.27581963
1,0.29682148
0,0.27355817
0,0.05741216
0,0.34969413
0,0.47123602
0,0.5341171
0,0.39371797
0,0.4575459
0,0.111515686
0,0.48385736
0,0.26348352
1,0.90441895
1,0.9034341
1,0.90441895
1,0.72203004
1,0.6592823
0,0.60055065
0,0.14831607
0,0.43438286
1,0.3987304
0,0.43776086
0,0.043526236
1,0.7957514
1,0.6841164
0,0.3685708
0,0.31333324
0,0.34202027
1,0.8770779
0,0.08069041
1,0.71105766
0,0.12903787
0,0.32095405
1,0.36263263
0,0.119240426
1,0.6853194
0,0.20551221
0,0.1824465
0,0.1824465
1,0.6152501
1,0.5070032
1,0.5189768
0,0.16112615
0,0.2896522
0,0.32111517
1,0.3278733
0,0.3895894
1,0.92076737
1,0.8715544
1,0.7030996
0,0.56821007
0,0.119402766
0,0.62890947
1,0.53444225
1,0.92202365
0,0.3547688
1,0.8855303
0,0.024557576
0,0.024557576
0,0.016487295
0,0.18089458
0,0.670999
0,0.42267212
0,0.40390587
1,0.97442067
1,0.8574529
0,0.21358067
0,0.17092614
0,0.38361377
0,0.4313778
0,0.33931658
0,0.2551016
0,0.20598269
1,0.62061054
1,0.9769663
1,0.98142725
0,0.6069486
1,0.7625323
0,0.14641574
1,0.59492195
0,0.2764121
0,0.34652692
0,0.6504156
1,0.6329589
0,0.24172813
0,0.2573526
1,0.6394697
1,0.76837295
1,0.78632265
1,0.8833427
1,0.5249341
1,0.76837295
1,0.6893157
1,0.6184438
1,0.42897326
1,0.8128407
0,0.6394697
0,0.50131184
1,0.8083134
0,0.13530394
0,0.25468487
0,0.19731888
1,0.6502311
0,0.1702841
1,0.82335585
0,0.31422016
1,0.40604657
1,0.4894239
1,0.5836537
0,0.33401343
1,0.695968
0,0.28383505
1,0.42500597
0,0.30963364
0,0.1940056
0,0.3082893
0,0.5728031
0,0.5484126
0,0.42089185
1,0.6421975
1,0.68845326
1,0.3710933
0,0.26648337
1,0.98384815
1,0.20333223
0,0.36841393
1,0.7957273
1,0.745993
1,0.77282554
1,0.75508106
0,0.19478251
1,0.74868995
0,0.12892333
0,0.1923548
0,0.45297766
0,0.2003784
1,0.7738473
1,0.901336
1,0.8290187
1,0.28136286
1,0.41492334
1,0.23509908
1,0.53319603
0,0.19917397
0,0.30128583
0,0.30726394
0,0.17306381
0,0.27008072
1,0.94678086
0,0.6632355
0,0.79901826
1,0.39220107
0,0.1182054
0,0.2006839
0,0.37570748
0,0.07553228
0,0.28013775
0,0.17916872
1,0.9271762
0,0.3060053
1,0.75225514
1,0.6046372
1,0.69315225
0,0.48464713
0,0.16913168
0,0.44716814
1,0.57390803
0,0.2334272
0,0.26254708
1,0.5469084
0,0.14368354
0,0.07574834
1,0.27336943
0,0.67473316
1,0.8286241
1,0.85205144
1,0.7644591
0,0.5132859
0,0.251683
0,0.20231166
0,0.24385057
1,0.5884595
1,0.7551164
0,0.06681243
1,0.79128844
1,0.6939631
0,0.48911768
0,0.29321617
0,0.37926432
0,0.5357218
0,0.49296245
1,0.40603188
1,0.7913344
0,0.23021163
0,0.35457957
0,0.3770724
1,0.798283
1,0.71168596
0,0.23123933
0,0.2938744
0,0.49143806
0,0.22469732
0,0.5125508
1,0.8259404
0,0.20403403
1,0.46722087
0,0.20958713
1,0.8290526
1,0.82425886
0,0.15633704
0,0.053716663
0,0.56751275
1,0.4086001
0,0.19197863
0,0.21827514
1,0.4783296
0,0.30686927
0,0.19789056
0,0.39470625
0,0.2970773
1,0.78348136
0,0.26635572
1,0.8445896
0,0.16981348
0,0.22928832
1,0.98642075
1,0.4354115
0,0.34540164
1,0.2734447
1,0.7254611
1,0.8358425
0,0.60942316
0,0.16875395
0,0.055740498
1,0.87236893
1,0.87236893
1,0.29589483
0,0.49447533
1,0.81816214
0,0.11657622
1,0.8401847
1,0.94200426
1,0.85369015
0,0.11745125
0,0.13144471
1,0.7644603
1,0.46337923
1,0.33593017
1,0.93074185
0,0.31054774
0,0.28930688
0,0.20525424
0,0.22307831
0,0.22307831
0,0.40173602
0,0.3192554
0,0.2432381
1,0.7468646
1,0.9267031
1,0.6136475
1,0.9768208
0,0.07035494
1,0.7155653
0,0.31994602
1,0.5691621
0,0.16517842
0,0.20629472
1,0.76536447
0,0.071534105
0,0.19426247
0,0.13866168
0,0.2948245
0,0.092047006
0,0.049698774
0,0.12340262
0,0.12340262
0,0.48647854
0,0.28766912
0,0.3063261
1,0.60568666
1,0.75820756
0,0.63247985
0,0.28079912
0,0.24372569
0,0.09278619
0,0.094545506
1,0.97301245
1,0.8443488
1,0.9607592
1,0.91071105
1,0.9789684
0,0.4694971
1,0.99392706
1,0.99392706
1,0.99392706
1,0.99392706
1,0.96524686
0,0.3208805
0,0.07986136
1,0.3371901
1,0.25933644
1,0.42350852
0,0.22514197
0,0.195882
1,0.77158976
1,0.71988857
1,0.7743148
0,0.3870813
1,0.7562904
0,0.1658835
1,0.5465042
1,0.54297435
0,0.15974589
0,0.5616056
1,0.4808625
1,0.94999266
1,0.32621935
0,0.14025863
1,0.9444881
1,0.808593
1,0.97199494
1,0.696866
0,0.10947039
0,0.24004486
0,0.37254113
0,0.24281414
1,0.29558548
0,0.05218948
0,0.2595598
1,0.48322967
1,0.3897789
1,0.5101432
1,0.5909998
1,0.5845042
0,0.53209656
0,0.58712643
0,0.53209656
0,0.298275
0,0.610384
0,0.33038798
1,0.94289726
1,0.8939509
1,0.78363204
1,0.5916807
1,0.71115386
1,0.78363204
1,0.76812494
1,0.8092996
1,0.9195167
1,0.4283555
0,0.10740028
0,0.3351022
0,0.41751018
1,0.8381565
0,0.15209511
1,0.46030968
0,0.5065972
0,0.34976906
0,0.19124296
0,0.17510028
0,0.18238023
0,0.11079935
0,0.35756776
0,0.21929853
0,0.31289688
1,0.76490533
1,0.7932381
1,0.84305286
1,0.84305286
1,0.84305286
1,0.8288595
1,0.79589033
1,0.79589033
1,0.79589033
1,0.797503
1,0.797503
1,0.7519013
1,0.7519013
1,0.7519013
1,0.6153541
1,0.6153541
1,0.5668839
1,0.5668839
1,0.37922242
0,0.6343547
1,0.7882864
0,0.2713428
1,0.34365615
1,0.7921462
0,0.15465432
1,0.8708747
1,0.30280295
0,0.17899628
0,0.121092804
1,0.80370784
1,0.5903188
0,0.12909281
0,0.095713615
0,0.3374951
0,0.12370231
0,0.22869249
0,0.21501714
1,0.5310948
0,0.29477453
0,0.167502
0,0.46017215
0,0.30001843
0,0.11092557
1,0.8369289
1,0.46789268
0,0.343576
1,0.8074257
1,0.84627074
0,0.35659707
1,0.44997478
0,0.2812114
0,0.32825708
0,0.314902
1,0.98888296
1,0.783436
1,0.48749265
0,0.31665835
1,0.5297204
1,0.8207878
0,0.21591571
1,0.9867872
1,0.7377059
1,0.88494223
1,0.53252286
1,0.85868835
1,0.6017269
0,0.4885132
0,0.54869455
0,0.5167709
1,0.66907394
1,0.89423144
0,0.24337228
0,0.6384235
0,0.40680477
1,0.64441687
1,0.6246157
1,0.6233783
0,0.21946773
1,0.9738463
0,0.2866303
1,0.95166606
1,0.8299378
1,0.7308925
1,0.8144927
1,0.7192258
0,0.21929492
0,0.10097002
1,0.30307764
0,0.54302317
1,0.9616377
1,0.97591215
1,0.98767686
0,0.20002834
0,0.09185709
0,0.15556234
1,0.3247649
0,0.21242279
0,0.1519646
1,0.4445011
0,0.19994184
1,0.41912657
0,0.19261889
0,0.12890385
0,0.12268702
1,0.9593987
0,0.38018703
0,0.18399636
0,0.37845516
0,0.43266243
0,0.62034315
0,0.7685905
1,0.85490465
0,0.39961973
0,0.36425036
1,0.9924402
1,0.9924402
1,0.96384287
1,0.65052515
0,0.53039736
1,0.6412093
1,0.77265877
0,0.1991844
0,0.3643297
0,0.46565473
1,0.7106135
1,0.5272814
1,0.8339296
1,0.782564
0,0.31080016
0,0.49137026
0,0.3572939
0,0.04182028
0,0.08163111
1,0.56827736
1,0.8621725
0,0.28220415
0,0.088078685
0,0.19801871
1,0.7128959
1,0.7307965
1,0.8877064
1,0.74404895
0,0.30351597
1,0.5234688
0,0.05860647
0,0.13054435
0,0.6527911
1,0.9402457
1,0.79046917
0,0.13109793
1,0.45609835
1,0.7744134
0,0.19467816
1,0.8613926
0,0.22894317
0,0.10409318
1,0.36251613
0,0.13942781
1,0.83296096
0,0.20524299
0,0.43359643
1,0.8529972
0,0.07109535
1,0.86196196
0,0.13754302
0,0.13954288
0,0.11162269
1,0.44405842
1,0.51912624
1,0.5203681
1,0.7902655
1,0.20252712
0,0.15435855
0,0.27127528
0,0.20265533
0,0.49965042
0,0.32521132
0,0.5346636
0,0.589369
1,0.8489252
0,0.46042725
1,0.4056116
1,0.8874887
1,0.8672894
1,0.86179656
1,0.93211895
1,0.93211895
1,0.9582163
0,0.12820871
1,0.8023978
0,0.18900828
0,0.052208412
1,0.7127728
1,0.6559958
1,0.3135751
1,0.6518759
1,0.25062698
1,0.27660733
1,0.4947588
1,0.7970749
0,0.392416
0,0.7088149
0,0.30937496
1,0.48165128
0,0.28763488
0,0.27053034
0,0.2893244
1,0.6398252
0,0.7022094
0,0.035019927
0,0.4093005
0,0.2158225
1,0.4989712
0,0.061337862
0,0.034243915
0,0.26904464
0,0.17814505
0,0.14747433
1,0.8744266
1,0.7243425
1,0.5647298
1,0.7316387
1,0.52312976
1,0.7432076
1,0.48200473
1,0.5603008
1,0.7413478
1,0.606531
1,0.8759823
1,0.8359212
1,0.718212
1,0.8829594
1,0.7615791
1,0.7312197
0,0.3615624
1,0.4670551
0,0.36343804
1,0.9760971
1,0.6345301
1,0.497065
0,0.08501694
0,0.028070137
0,0.4923055
1,0.67955744
1,0.7503719
0,0.54883647
0,0.2965288
0,0.18759394
0,0.118644886
1,0.9452368
1,0.6065489
0,0.05102767
0,0.036671493
0,0.017028788
0,0.037856396
0,0.033389803
0,0.022325287
0,0.0753691
0,0.035093285
0,0.020170733
0,0.030432956
0,0.018796558
0,0.045569275
0,0.36125854
1,0.61177367
1,0.7440217
1,0.7741812
1,0.90939707
1,0.72607744
0,0.5407581
0,0.34518936
0,0.2353061
1,0.8920445
1,0.9343501
1,0.9302181
1,0.9670104
1,0.7944396
1,0.8677015
1,0.90455747
1,0.4324092
0,0.3438156
1,0.6183264
1,0.8156236
1,0.95840734
1,0.86775476
0,0.18061824
0,0.43652225
0,0.32706872
0,0.09772913
1,0.5260283
1,0.86101437
1,0.6167006
1,0.6167006
0,0.33297458
0,0.33297458
0,0.33297458
1,0.89998895
0,0.3638336
0,0.30727193
0,0.32089165
0,0.4604814
0,0.5608407
0,0.19786066
0,0.47342426
0,0.48350954
1,0.6612353
0,0.2879205
0,0.27760074
1,0.8254004
0,0.0802637
1,0.810035
1,0.84541255
1,0.8592812
1,0.8100674
1,0.68399566
1,0.7753753
1,0.7595684
0,0.7380483
1,0.7374149
1,0.926717
0,0.329019
0,0.37490222
1,0.42364234
1,0.64946175
1,0.75360477
0,0.16092038
1,0.940304
0,0.25133651
0,0.46773896
0,0.20878457
1,0.5572723
0,0.25210616
0,0.17929603
0,0.09408383
0,0.21016183
1,0.90289503
1,0.943016
1,0.920275
1,0.7976623
1,0.8717773
1,0.8717773
1,0.7976623
1,0.9673908
0,0.14785956
0,0.15349787
0,0.3378422
1,0.8708987
1,0.7841662
0,0.13264056
0,0.21004485
0,0.21941878
0,0.25111908
0,0.32117406
0,0.5781092
0,0.23449373
1,0.99835014
1,0.89660865
0,0.75173664
1,0.6288203
0,0.53534544
0,0.30080265
0,0.36213598
0,0.31911266
1,0.51685816
1,0.4793605
0,0.20629472
0,0.38803798
1,0.58619386
1,0.76489997
1,0.90499276
1,0.7119189
1,0.40739024
1,0.8205923
1,0.97636193
1,0.9475687
0,0.12051765
0,0.28581408
0,0.38424134
1,0.9302451
1,0.5351064
0,0.30051064
0,0.24967688
0,0.4116683
0,0.62570137
0,0.2998782
0,0.26259127
0,0.3398722
0,0.32418373
0,0.26628128
0,0.49979278
1,0.6513414
0,0.17733745
0,0.0964811
0,0.312697
0,0.5792969
0,0.2017913
0,0.47117037
0,0.31718758
1,0.95436305
1,0.86689883
1,0.8858939
1,0.9035787
1,0.8957498
1,0.94757646
1,0.8781084
1,0.9035787
1,0.9106916
1,0.8949353
1,0.85257655
1,0.92297596
1,0.68268335
1,0.9125876
1,0.92297596
1,0.8834854
1,0.9429342
1,0.8858939
1,0.9334119
1,0.69161856
1,0.70809186
0,0.17530254
0,0.28575107
0,0.17636018
1,0.94476104
0,0.5348238
0,0.35979775
0,0.16733837
1,0.6548073
1,0.9316781
1,0.93604803
1,0.941356
1,0.9775189
1,0.93049896
1,0.94947284
1,0.9385993
1,0.9454519
1,0.43567243
1,0.4368521
1,0.6265938
0,0.20102929
0,0.12417313
1,0.7015785
1,0.40488148
0,0.3711721
0,0.34146416
0,0.22912507
1,0.5530637
1,0.4836623
1,0.64547426
0,0.05748124
0,0.04680516
0,0.20459521
0,0.24506299
0,0.18608212
0,0.2647548
1,0.2914682
1,0.3798132
0,0.35834968
0,0.14612
0,0.1239497
1,0.8699094
1,0.95515865
0,0.3778418
0,0.17531212
1,0.99332243
0,0.14771104
1,0.9939224
0,0.13673489
0,0.6295282
1,0.62473613
1,0.96406776
1,0.80931747
1,0.91062534
1,0.896459
1,0.9770504
1,0.9154256
1,0.9154256
0,0.08257137
0,0.5088815
1,0.2846467
1,0.41864076
1,0.85866964
1,0.46809632
0,0.2534832
0,0.69468105
0,0.16252476
0,0.31929892
0,0.12366607
0,0.29420146
0,0.41198283
0,0.24219579
0,0.2513965
1,0.6316251
1,0.38106737
0,0.37281665
0,0.32340845
1,0.8865885
1,0.41372585
1,0.6868192
0,0.4289983
0,0.17188863
0,0.10920187
1,0.44077823
0,0.6377157
0,0.16235633
1,0.74400955
0,0.39023316
0,0.80408645
0,0.4836757
0,0.11338614
0,0.24820058
1,0.873804
1,0.839751
1,0.6430789
1,0.23580377
1,0.5984021
1,0.3266982
0,0.38043678
1,0.8806221
0,0.076170355
1,0.21177785
1,0.83269715
1,0.5264212
1,0.44396374
1,0.38246197
0,0.3008585
1,0.99412054
0,0.20984766
1,0.78325284
1,0.65041363
0,0.4462281
1,0.36737627
1,0.45022625
0,0.23421147
0,0.28275135
1,0.83813715
0,0.09281558
0,0.40749955
0,0.26774532
0,0.14918017
0,0.08260089
1,0.9011168
1,0.36653128
1,0.3566446
0,0.4313107
0,0.24436131
0,0.31749082
0,0.19987717
0,0.2473339
0,0.14515011
1,0.9362624
0,0.15414125
0,0.17847052
0,0.176532
0,0.28151387
0,0.22344722
1,0.94988346
0,0.37713146
1,0.49637446
1,0.8912016
1,0.7786548
1,0.65746415
0,0.16547558
1,0.62541056
0,0.18199937
0,0.1579483
1,0.7472275
0,0.32412124
0,0.03810703
0,0.4868571
0,0.037542816
0,0.09912873
1,0.76757157
0,0.22595838
1,0.45366028
0,0.08708002
0,0.15233962
0,0.8430472
1,0.27058086
1,0.9638936
0,0.3405935
1,0.50721025
0,0.24172316
1,0.6317262
0,0.36334264
1,0.49463478
0,0.12458309
0,0.12458309
1,0.5628662
1,0.57742274
1,0.5451438
0,0.35144812
0,0.32725537
0,0.30807692
0,0.17568128
0,0.29858765
0,0.19430129
0,0.19616228
1,0.5032191
0,0.10469481
0,0.27640983
1,0.7785433
0,0.57468706
1,0.7048285
1,0.70132864
1,0.49437225
0,0.17490593
1,0.77491784
1,0.8934008
0,0.31359106
0,0.15369014
1,0.63767564
0,0.09167019
0,0.33669204
0,0.30837098
0,0.273568
0,0.13432574
0,0.47195143
1,0.22446142
0,0.05872823
0,0.16831191
0,0.38809875
0,0.34873798
0,0.24295387
0,0.3037744
1,0.30252537
1,0.7716286
1,0.7716286
0,0.17269559
0,0.4551282
0,0.1794946
0,0.46538457
0,0.39918265
1,0.44157183
0,0.35703897
0,0.22287807
0,0.37574852
0,0.25964573
0,0.31591123
1,0.91752195
1,0.9157413
1,0.9157413
1,0.94789165
1,0.94789165
1,0.8724367
1,0.85824907
1,0.726553
0,0.5982579
0,0.15736866
0,0.6927361
1,0.8082278
1,0.65526056
0,0.1742593
0,0.32255057
1,0.88925874
0,0.14447854
0,0.3402245
0,0.24626553
0,0.32358575
1,0.9466037
0,0.43214
0,0.19456701
0,0.39113995
0,0.1373291
1,0.8871934
1,0.9781699
1,0.67797244
0,0.11106325
0,0.18890525
1,0.968972
1,0.968972
0,0.44796237
0,0.24621916
0,0.48553324
1,0.19357829
1,0.44759315
0,0.21649058
0,0.09763051
0,0.28788942
1,0.9414922
1,0.84389013
0,0.5396163
1,0.49757305
1,0.4168736
0,0.58669287
1,0.92053103
1,0.84287107
0,0.3168852
1,0.6175678
0,0.12953874
0,0.25635743
1,0.5635659
1,0.80344176
0,0.2051944
0,0.25949714
0,0.117969856
0,0.3299438
0,0.1117625
1,0.6291594
1,0.38249263
1,0.76426417
1,0.7498966
1,0.41099486
1,0.4167067
0,0.3931915
1,0.9554126
1,0.7267675
0,0.15889083
1,0.75041306
0,0.22412841
0,0.1943163
1,0.6622713
1,0.37847728
1,0.53785473
0,0.23598675
0,0.29467255
0,0.19939883
0,0.43989134
1,0.5515288
0,0.076474875
0,0.23031709
1,0.72979003
0,0.22180311
0,0.30848965
0,0.30365908
0,0.34873888
0,0.3747252
0,0.41846538
1,0.839469
0,0.014822678
0,0.1434021
1,0.55673516
1,0.8783389
1,0.6436064
1,0.915946
1,0.8986286
0,0.26497185
0,0.24069043
1,0.6957585
1,0.4774508
1,0.3971609
0,0.25875497
1,0.93357134
1,0.9167108
0,0.75557435
0,0.16211335
1,0.2251689
1,0.82503724
0,0.38918212
1,0.797811
0,0.4808656
1,0.60175174
0,0.12961033
0,0.31808582
1,0.9405681
0,0.3254247
0,0.117285945
1,0.72185296
0,0.3144353
0,0.20589474
1,0.8963205
1,0.81578916
0,0.44885346
1,0.92249495
0,0.37815326
0,0.17497659
1,0.9858101
1,0.9816675
1,0.9801792
1,0.73527974
1,0.94522166
1,0.73014295
0,0.044574775
0,0.50223756
0,0.48404744
0,0.24533379
1,0.77240485
0,0.07099816
1,0.62091696
0,0.2293514
1,0.79629415
1,0.6365988
1,0.6995411
0,0.12507707
0,0.1431014
1,0.6218512
0,0.10535807
1,0.4961663
1,0.5113881
1,0.7634708
0,0.83499426
0,0.09681713
0,0.29799128
1,0.16352633
1,0.9460612
0,0.3313139
0,0.3313139
0,0.2153064
0,0.26835755
0,0.20750822
1,0.95307976
1,0.92781013
1,0.76275444
1,0.8791064
1,0.3313139
1,0.97043407
1,0.96746236
1,0.9814306
1,0.9304011
1,0.691022
1,0.5083623
1,0.8474192
0,0.17958596
0,0.20815884
1,0.79658765
0,0.40300977
0,0.3188929
0,0.24483359
0,0.30035564
0,0.45276985
0,0.1365424
1,0.38192528
0,0.23166746
0,0.15696663
0,0.29921535
0,0.30638102
0,0.31320134
0,0.32970786
0,0.18358023
1,0.620729
0,0.29585943
0,0.10719525
0,0.20571655
0,0.39418668
1,0.9616537
0,0.38651636
1,0.6742896
0,0.06889162
0,0.19670168
0,0.10837952
1,0.20075811
0,0.1373893
1,0.5388325
1,0.62914765
0,0.2822657
0,0.3640698
1,0.19076748
1,0.3330726
1,0.6010346
0,0.31308976
0,0.22150491
0,0.18746287
0,0.5093495
0,0.21821171
1,0.55923927
1,0.6087777
1,0.785892
1,0.4906367
0,0.5344358
1,0.43954954
0,0.28955042
1,0.36861286
1,0.8869406
0,0.11866477
0,0.29819027
1,0.6324208
1,0.573771
1,0.701171
1,0.53067136
0,0.11491148
1,0.6867485
1,0.6792247
1,0.6830551
0,0.6153178
1,0.57970315
1,0.98140496
0,0.151724
0,0.5462471
0,0.6335564
0,0.54043037
0,0.58301324
1,0.40247726
0,0.38852075
0,0.4524572
0,0.31336772
0,0.2520559
1,0.99271214
1,0.9928213
1,0.89811134
1,0.68615395
1,0.77593523
1,0.4792524
0,0.19869871
1,0.9179518
1,0.95105517
1,0.55295146
0,0.10747199
0,0.0972089
0,0.63176864
1,0.96810025
0,0.3639392
0,0.16497974
0,0.13221125
0,0.20881109
0,0.13723831
1,0.8559963
1,0.8559963
1,0.79676574
1,0.8598402
1,0.9015127
1,0.7698039
1,0.92218137
1,0.43458977
0,0.09122417
0,0.51799387
0,0.122884035
0,0.27403152
0,0.40853462
0,0.24506213
0,0.55785596
0,0.1845148
1,0.84179544
1,0.78473943
1,0.3966758
0,0.43453124
1,0.7173886
0,0.3400862
0,0.07771969
1,0.3991392
0,0.21720126
0,0.24384819
0,0.113055736
0,0.10859924
1,0.75936913
1,0.16774045
0,0.2025545
0,0.10009924
1,0.76215315
1,0.4451503
0,0.1382462
0,0.1793962
1,0.42650363
1,0.94466496
1,0.8825428
1,0.68066645
1,0.41046405
0,0.2047285
0,0.08109602
0,0.5399384
0,0.41063073
0,0.13365507
0,0.28361538
0,0.4367628
1,0.7151077
0,0.12494423
0,0.30648446
1,0.6856087
1,0.76039016
1,0.71870357
0,0.4316593
1,0.52891237
1,0.5555462
0,0.34903052
0,0.34339526
1,0.51229274
1,0.7527602
0,0.26246098
1,0.8670516
0,0.107083656
0,0.2183177
0,0.59904146
1,0.9584736
0,0.22724733
0,0.46891594
0,0.14514567
1,0.30631283
1,0.6975639
0,0.2895559
0,0.2895559
0,0.28003806
1,0.71252424
1,0.5543164
0,0.25888366
0,0.4027919
0,0.17253591
0,0.34717208
1,0.6816841
0,0.037086643
0,0.036821373
0,0.43473986
1,0.53034455
1,0.9741374
1,0.7088866
0,0.22532059
0,0.21723194
0,0.057349663
0,0.04630578
0,0.53720695
1,0.57172567
1,0.77607524
0,0.21115714
1,0.79473984
1,0.8760598
1,0.84872264
1,0.88906777
1,0.82029337
1,0.9213693
1,0.8682332
1,0.8682332
1,0.7691641
1,0.90368444
0,0.04405632
1,0.6455872
0,0.3792007
0,0.35105854
0,0.41505054
1,0.95346135
1,0.7014403
0,0.14838563
0,0.1717076
0,0.11025668
1,0.6009155
1,0.9634394
1,0.96843666
0,0.26058364
1,0.94713736
1,0.95281935
1,0.8972522
1,0.84015024
1,0.980859
1,0.9875029
1,0.980859
1,0.9908965
1,0.53859466
1,0.4929444
1,0.8256681
1,0.7957297
0,0.054238405
1,0.21321122
1,0.7334715
0,0.4822385
1,0.9327329
0,0.26844043
0,0.083373785
1,0.7816921
0,0.2253971
1,0.39381996
0,0.5465147
0,0.45863116
0,0.5398935
0,0.26761618
0,0.14345726
1,0.45596078
1,0.67937595
1,0.5709605
1,0.49024191
1,0.6822457
0,0.20753384
0,0.06893297
0,0.17831162
0,0.13769206
1,0.27657932
0,0.2586717
0,0.32601362
0,0.11691395
0,0.19320744
0,0.1481188
0,0.4363674
0,0.3968307
1,0.97973675
1,0.94260633
1,0.7532355
0,0.2570635
0,0.17122275
1,0.5500415
1,0.8010047
1,0.67171144
0,0.37733036
0,0.3845979
1,0.99007845
1,0.9860541
0,0.0383953
1,0.8136753
1,0.7743319
1,0.76660436
1,0.927601
1,0.5069421
0,0.28668547
0,0.21766028
1,0.80585045
1,0.17732103
0,0.096754245
0,0.14850438
1,0.44176674
1,0.9158874
1,0.8868518
1,0.63584715
1,0.61557037
1,0.8287061
0,0.42321622
1,0.43275127
1,0.47660732
1,0.75344765
1,0.53444976
0,0.27650884
0,0.06527404
0,0.33977014
0,0.29908076
0,0.24165927
0,0.17128293
0,0.1478098
0,0.20117323
1,0.47949785
0,0.2239356
1,0.951255
1,0.99506396
1,0.8857769
1,0.9767572
1,0.5958734
1,0.57891136
1,0.68013054
0,0.6758315
0,0.5889959
0,0.3447089
1,0.28343245
0,0.18981113
0,0.25567734
0,0.22674526
0,0.3304633
0,0.23343508
0,0.119018085
1,0.81681466
0,0.30064484
0,0.1762973
0,0.23495005
0,0.19565411
1,0.8979336
0,0.34602642
0,0.29528236
0,0.37170753
1,0.9382459
1,0.9521767
1,0.9370921
1,0.9521767
1,0.9370921
1,0.9382459
1,0.9521767
1,0.8195276
1,0.94932663
1,0.9370921
1,0.9382459
1,0.9370921
1,0.53348637
1,0.990329
0,0.27608278
1,0.813732
0,0.25725105
0,0.14102726
0,0.29284054
1,0.42107737
1,0.4662013
0,0.46222794
0,0.49584603
0,0.3629065
0,0.1053518
1,0.8712675
1,0.8712675
0,0.1508527
0,0.06816963
0,0.13171889
1,0.97786033
0,0.077021375
0,0.1541074
1,0.9918429
1,0.9918429
1,0.8111182
1,0.85816497
1,0.9939552
1,0.99709225
1,0.9928965
1,0.6022213
1,0.648753
1,0.53851193
0,0.3603356
0,0.16265942
0,0.062138118
1,0.6502505
0,0.17306168
0,0.35992295
1,0.7144013
0,0.14183351
0,0.36567083
0,0.4279278
0,0.49156225
1,0.7540289
1,0.83123463
0,0.07154318
0,0.6816367
1,0.7267034
0,0.12691249
0,0.39896068
0,0.2758706
1,0.8080311
0,0.3840905
0,0.6784023
1,0.6336706
1,0.9497014
0,0.22011955
1,0.98779386
0,0.07532058
1,0.76503474
0,0.12082798
0,0.22589332
0,0.19526438
1,0.39274487
0,0.08181318
0,0.17678429
0,0.23995228
0,0.5501322
0,0.3942924
0,0.28058538
0,0.09442623
1,0.8173254
0,0.2560793
1,0.91938746
1,0.8318937
0,0.19367105
1,0.7806525
1,0.429517
1,0.37289876
1,0.88922256
0,0.17487137
0,0.23604423
0,0.34216926
0,0.1537844
0,0.14717366
0,0.27959535
0,0.31532672
0,0.39278305
1,0.5902193
0,0.194065
1,0.29180124
0,0.18776818
0,0.16459882
0,0.47398224
1,0.39305565
1,0.8051085
1,0.5390867
1,0.73251283
1,0.86757374
1,0.8483271
0,0.3481116
0,0.13983545
1,0.53843594
1,0.9002537
1,0.84637415
0,0.11650971
0,0.064112864
0,0.4455699
0,0.26395297
0,0.5218671
1,0.4912252
0,0.040372476
0,0.17312355
0,0.19873986
1,0.982541
0,0.23514189
0,0.437474
1,0.84195644
1,0.62098974
1,0.49964565
0,0.15202318
1,0.9643436
1,0.7919671
0,0.5346039
1,0.59613
1,0.7544379
0,0.116098665
0,0.17646162
0,0.23401843
0,0.15531954
0,0.096634276
1,0.79130346
1,0.5455001
1,0.9182028
1,0.8689069
1,0.9262015
1,0.5901576
1,0.4318511
1,0.5901576
1,0.5580924
0,0.27367145
1,0.7480265
0,0.096528016
1,0.9880448
1,0.98538625
1,0.9835955
1,0.91646546
1,0.8322874
0,0.3504028
0,0.20583466
1,0.399547
0,0.34137806
0,0.36915794
1,0.8255256
0,0.5578206
0,0.25383377
0,0.26654643
0,0.30912066
0,0.46461165
0,0.22962548
0,0.41032472
1,0.9884388
1,0.6199296
0,0.6776342
0,0.22528535
0,0.10978264
1,0.50891775
0,0.14282371
0,0.21391723
1,0.9256696
1,0.83863115
0,0.33674172
0,0.19942257
0,0.19942257
1,0.6291833
1,0.8342343
1,0.822627
1,0.7247083
1,0.8527499
1,0.9715044
1,0.95129436
1,0.95192116
1,0.41121098
0,0.20073947
1,0.19017638
1,0.5533669
1,0.8408898
1,0.8724593
1,0.8662069
0,0.3396746
0,0.36502665
0,0.042232737
0,0.12975956
0,0.31219953
0,0.33974686
0,0.29529813
1,0.50376606
1,0.42920706
1,0.9905229
1,0.6349594
0,0.3841394
1,0.595946
1,0.47787133
0,0.380188
0,0.48688805
1,0.28445432
1,0.93716764
1,0.93716764
1,0.95910174
1,0.93716764
1,0.90166456
1,0.95462906
1,0.95462906
1,0.8674617
1,0.54691535
1,0.92878985
0,0.18621707
1,0.7156041
0,0.45801646
1,0.6865459
1,0.85137707
0,0.31314862
1,0.30633858
1,0.34580562
1,0.8359762
1,0.7116493
1,0.7607659
0,0.21457024
0,0.099603735
0,0.21457024
0,0.08802594
1,0.53843594
1,0.6412423
0,0.22221266
0,0.2803595
1,0.7750398
0,0.19683927
1,0.77464217
1,0.7074165
1,0.732488
1,0.7891832
1,0.732488
1,0.732488
0,0.17259912
1,0.39276055
0,0.11364337
0,0.3076288
1,0.7759894
1,0.6376967
1,0.38612482
1,0.53685254
1,0.6732981
1,0.79018086
1,0.7699115
1,0.7668649
0,0.051769353
1,0.40704852
0,0.22100735
0,0.3409705
1,0.6803662
0,0.15225135
1,0.78372407
1,0.6958143
1,0.9165678
0,0.22957338
1,0.6110641
1,0.6833329
1,0.46582407
0,0.20371217
0,0.20358552
0,0.19555588
0,0.10536908
1,0.49734432
0,0.31029698
0,0.25911257
0,0.07427539
1,0.746609
1,0.5325572
0,0.16975462
0,0.44841725
0,0.27858135
0,0.32496718
0,0.39560837
1,0.3143997
1,0.89179116
1,0.3255105
0,0.15078871
1,0.9917563
1,0.9917563
0,0.31140867
1,0.9801138
1,0.74015397
1,0.54070705
1,0.75073314
1,0.62994033
0,0.37057617
1,0.9515564
1,0.73610646
0,0.40914476
0,0.21657182
0,0.04249182
0,0.049223643
1,0.32905063
1,0.92764527
1,0.9616949
1,0.97401696
1,0.970159
1,0.94074196
1,0.7278599
1,0.8040511
0,0.27260125
1,0.80105656
0,0.79129124
0,0.3845009
0,0.35148275
0,0.06787029
0,0.33569032
0,0.38835752
1,0.7920192
1,0.7920192
1,0.9390104
1,0.932254
0,0.18222223
0,0.3394443
0,0.21006231
0,0.10976938
0,0.15784729
0,0.15784729
1,0.5731316
0,0.23415703
0,0.1744854
1,0.8950732
1,0.3136336
0,0.36564478
0,0.060780164
0,0.15959312
0,0.46867764
0,0.19294202
0,0.12481903
1,0.28092733
0,0.0332184
0,0.3214585
0,0.4787369
1,0.586371
0,0.2622193
1,0.4572571
1,0.50675416
1,0.3830859
1,0.40225667
0,0.11953877
1,0.98601925
1,0.98601925
1,0.85803217
1,0.5149283
0,0.3100441
1,0.59894115
1,0.5216112
0,0.15836178
0,0.6687995
1,0.6495083
1,0.5978146
1,0.9167671
1,0.92625993
1,0.4537968
1,0.6704221
1,0.8652053
1,0.794617
1,0.9355736
1,0.9355736
1,0.80795264
1,0.9696425
1,0.98047686
0,0.28788942
0,0.27086133
0,0.35255274
0,0.4385334
0,0.58314234
0,0.32849044
0,0.55440104
0,0.31069428
0,0.40663174
1,0.6523202
0,0.08361905
0,0.08361905
0,0.2111967
0,0.26699236
0,0.3539592
0,0.2504959
1,0.9877395
1,0.74571157
0,0.56525797
0,0.1689918
0,0.26789588
1,0.7905956
1,0.687282
0,0.30986106
1,0.49407727
1,0.67263496
1,0.85819286
0,0.29396054
0,0.40230808
1,0.8599289
1,0.9687583
1,0.9890181
0,0.20240971
0,0.40340924
0,0.38127625
0,0.17018554
1,0.5524042
0,0.12473517
1,0.6946596
1,0.6952948
0,0.26522854
0,0.07142722
0,0.0609107
0,0.5171946
0,0.41367903
0,0.7887505
0,0.24456988
0,0.25192222
0,0.25967756
0,0.33618182
0,0.13780038
1,0.9634394
0,0.49109536
0,0.49109536
0,0.1613963
1,0.5290561
1,0.9277996
0,0.11045246
1,0.14316563
1,0.57181054
1,0.8532093
1,0.64414006
1,0.72644484
1,0.8107259
0,0.085975796
0,0.2115854
1,0.6732111
1,0.36767748
0,0.2581696
0,0.07782187
0,0.40980974
0,0.41437006
1,0.7621577
1,0.9207092
0,0.16481195
0,0.5324532
0,0.3679593
1,0.67374766
1,0.67432314
1,0.63137656
1,0.8626908
0,0.045800377
1,0.8311427
1,0.58910996
0,0.19186607
0,0.19100246
0,0.15514264
0,0.09201361
0,0.4302647
0,0.16345648
1,0.7357596
1,0.7836073
0,0.1952158
1,0.728937
0,0.3130809
0,0.13346227
1,0.95465577
1,0.9295116
1,0.8083394
1,0.9830085
1,0.5549571
1,0.73460275
1,0.34968847
1,0.6137796
0,0.34897897
1,0.64713854
1,0.7001427
0,0.043061946
0,0.056440342
1,0.5057079
0,0.47855332
0,0.21741824
1,0.26887283
0,0.2781324
0,0.16874552
1,0.54207945
1,0.9555377
1,0.8404909
1,0.3877398
1,0.8064684
1,0.8987824
1,0.6461358
1,0.8987824
1,0.9416851
1,0.69391793
1,0.88730717
1,0.8857005
1,0.9104526
1,0.61911625
1,0.3877398
1,0.669611
1,0.604035
1,0.33988205
1,0.41000023
1,0.3060513
0,0.1460937
0,0.052700996
0,0.18865247
1,0.90359634
1,0.530835
1,0.443786
1,0.44948447
1,0.8397969
1,0.90359634
1,0.9441044
0,0.35167772
1,0.5543911
0,0.10245808
0,0.5041063
1,0.50634485
1,0.86400706
1,0.78674835
1,0.9557217
1,0.9497702
1,0.930303
1,0.8354911
0,0.66024727
0,0.40171847
0,0.18017134
1,0.8827664
1,0.69840163
0,0.72953135
0,0.21486746
0,0.6278197
0,0.39632827
0,0.39632827
1,0.85251683
1,0.7238263
1,0.9230838
1,0.70895106
1,0.8205365
1,0.88399994
1,0.89501524
1,0.94391865
1,0.9230838
1,0.92974585
1,0.93935037
1,0.89501524
1,0.77032197
0,0.23790154
1,0.73819286
1,0.9720581
1,0.50423276
1,0.9772116
0,0.051714245
1,0.75898314
1,0.8928189
1,0.7990217
1,0.41766372
1,0.9804761
0,0.3898557
0,0.14269273
1,0.34268665
0,0.16178685
0,0.073531464
1,0.7792786
1,0.92381215
1,0.8409216
1,0.8557453
1,0.8557453
1,0.7286242
0,0.08312558
1,0.47324732
1,0.60194534
1,0.48556852
0,0.045293737
1,0.8729306
1,0.63389295
1,0.36768427
1,0.85519266
1,0.83328223
0,0.07528291
1,0.68698126
1,0.5946012
1,0.9454519
1,0.93049896
1,0.94947284
1,0.9323691
1,0.941356
1,0.9353764
1,0.9528663
1,0.9775189
1,0.93604803
1,0.72181237
1,0.43298915
0,0.6080952
1,0.17696512
0,0.18001151
0,0.2825956
0,0.12755616
1,0.6063137
0,0.08984013
0,0.2000645
0,0.17304999
0,0.17498893
1,0.37219498
0,0.19067152
1,0.6728604
1,0.35718018
1,0.7017473
1,0.39936844
1,0.49632928
1,0.98888016
1,0.9936766
1,0.9385961
1,0.95905197
1,0.97851914
1,0.9486195
1,0.95905197
1,0.921502
1,0.8681041
1,0.8681041
1,0.9907051
1,0.98338276
1,0.8936818
1,0.8193616
0,0.33018082
0,0.39311025
0,0.53919065
1,0.7610347
0,0.2692636
0,0.36416394
0,0.345004
0,0.2657658
0,0.2561108
1,0.45091644
1,0.5909826
1,0.4685749
1,0.9236824
1,0.81059283
1,0.8736891
1,0.95302606
0,0.6132479
1,0.97580034
1,0.98501116
1,0.98501116
1,0.9297732
1,0.972728
1,0.8602887
1,0.9477308
1,0.9373027
1,0.76613134
1,0.90361714
1,0.3172632
1,0.88910794
1,0.4334368
0,0.2663379
0,0.17155294
0,0.22930111
0,0.26693738
0,0.19135211
0,0.17788857
1,0.65770936
0,0.42248768
1,0.88840866
1,0.5236916
0,0.12881652
0,0.09091529
1,0.46849975
0,0.22128867
1,0.71125436
1,0.64854854
1,0.43472454
0,0.17545517
0,0.17545517
1,0.9659664
1,0.9859094
1,0.35051075
1,0.9665082
1,0.8647299
1,0.8573884
0,0.18489105
1,0.9811652
1,0.9789684
1,0.9607592
1,0.9520685
0,0.23082152
0,0.22638237
0,0.089074954
0,0.088158704
0,0.08849203
1,0.5973589
1,0.424759
1,0.39839137
1,0.49526966
0,0.5031994
0,0.35040176
0,0.13122034
0,0.31973493
0,0.41251776
0,0.5915785
0,0.3484776
0,0.45336837
0,0.33949596
0,0.4272838
1,0.7004784
1,0.78433853
1,0.504861
1,0.47909695
1,0.53957796
1,0.485589
1,0.37342158
0,0.35319456
0,0.19822092
0,0.17137016
0,0.19666842
0,0.23221518
0,0.25023377
0,0.41663295
0,0.18991631
0,0.23395024
0,0.14909524
0,0.24700992
0,0.06928145
0,0.22225745
0,0.37899175
0,0.13245207
1,0.8922804
0,0.3779513
0,0.05280895
1,0.940762
1,0.9295598
0,0.15737398
0,0.49061564
0,0.4419527
1,0.52485377
0,0.4089086
0,0.6285802
0,0.3550626
1,0.6285802
1,0.91978145
1,0.98918307
1,0.9681962
1,0.8800775
0,0.0954069
1,0.6763457
1,0.6131058
1,0.6131058
1,0.5469786
1,0.66272694
0,0.11797791
0,0.10631375
0,0.122910134
0,0.14662033
0,0.13684294
0,0.14623232
1,0.17462221
0,0.33022094
1,0.7488261
0,0.60658884
0,0.47085804
1,0.8715047
1,0.8070567
1,0.3520322
1,0.93881273
1,0.55844975
1,0.68706155
1,0.39394557
0,0.27924713
1,0.41723678
0,0.07652062
1,0.62129873
1,0.7981375
1,0.74631363
1,0.8535573
1,0.8271481
0,0.27183482
1,0.80195546
0,0.37156725
0,0.09083379
0,0.4653177
1,0.5346209
1,0.46550035
0,0.42026672
0,0.4549675
1,0.17743139
0,0.10573517
0,0.04436849
0,0.21286876
0,0.35235652
1,0.79572284
1,0.81446147
1,0.93562806
0,0.16517282
1,0.71110094
0,0.22574052
0,0.47441307
0,0.1739075
1,0.24040598
0,0.23313512
0,0.39136595
0,0.21609856
0,0.5370699
0,0.56134444
0,0.057326797
0,0.06926386
0,0.116649956
0,0.13290635
0,0.30339476
0,0.316781
1,0.96726674
0,0.3078018
1,0.34124163
1,0.60071313
1,0.90647787
0,0.16923088
1,0.5765889
1,0.5032428
1,0.7066628
1,0.64020365
1,0.5032428
1,0.54506356
1,0.4094663
1,0.77651596
1,0.39269748
0,0.4637026
1,0.5610609
1,0.5427833
0,0.28269857
1,0.8630006
0,0.5423444
1,0.85669154
0,0.2532603
1,0.7166625
0,0.12155396
0,0.4740496
0,0.2765295
0,0.27322474
1,0.871696
1,0.7455153
1,0.47100043
0,0.19639422
1,0.73297113
0,0.23252054
0,0.18393746
1,0.78586215
1,0.72014904
1,0.33168873
1,0.8961693
0,0.1803584
0,0.34690946
0,0.43196625
0,0.32278427
1,0.5606643
1,0.49315557
0,0.3718849
0,0.3718849
0,0.22450933
0,0.11513102
0,0.27422053
1,0.9703273
0,0.2801392
0,0.3074504
1,0.5167781
0,0.1845148
0,0.0930084
1,0.984686
0,0.17616762
1,0.6573477
0,0.4796972
1,0.6220224
0,0.28252462
0,0.33360696
0,0.51647526
1,0.8470215
0,0.3425533
1,0.48207027
0,0.21737447
0,0.30836126
1,0.9520242
0,0.16532356
0,0.18752661
0,0.23493111
0,0.23173693
0,0.14338638
0,0.5270974
1,0.8297673
0,0.14275795
1,0.7260238
0,0.16333845
0,0.5568773
0,0.6137622
0,0.19062755
0,0.16585422
0,0.16658457
0,0.20612407
0,0.14253415
0,0.121927075
0,0.31070042
0,0.07867407
1,0.9553069
1,0.8320454
1,0.5637654
0,0.07649561
0,0.19159205
1,0.9640006
0,0.393519
1,0.9462824
0,0.057740264
0,0.06207942
0,0.48626307
0,0.1429727
1,0.84253055
1,0.365521
0,0.33178964
0,0.52497333
0,0.54764813
1,0.83537114
0,0.15680274
0,0.16978037
1,0.81606555
1,0.7703748
1,0.7121714
1,0.66259795
1,0.5807596
1,0.32457423
0,0.046678275
0,0.06502043
0,0.47971642
0,0.3664092
0,0.37229225
0,0.41746953
0,0.58065224
0,0.37229225
0,0.3664092
1,0.8913731
1,0.88879794
1,0.34783766
1,0.32293448
1,0.35987592
1,0.45963484
0,0.45856097
0,0.108075485
0,0.050748426
1,0.41910627
1,0.98354167
1,0.9863694
0,0.43078777
1,0.77380127
0,0.1281853
1,0.5694128
0,0.36847597
1,0.9689698
1,0.35855913
0,0.41746664
0,0.3278945
1,0.5247451
0,0.34037036
0,0.34037036
1,0.20629472
0,0.08599844
1,0.9201078
0,0.5671504
1,0.9520685
1,0.9811652
1,0.29338917
1,0.800657
0,0.39604676
0,0.11106894
0,0.19835357
0,0.10550477
0,0.20149145
0,0.3132652
0,0.23748994
0,0.20465906
0,0.07119579
1,0.70776767
1,0.67495054
1,0.79335505
1,0.567516
0,0.044655066
0,0.0827125
0,0.24230514
0,0.23829217
1,0.8654633
1,0.8261289
0,0.51758933
1,0.5135476
0,0.30334902
0,0.20170489
1,0.8256099
0,0.2464196
1,0.42253852
0,0.18024588
1,0.35808155
0,0.5292585
0,0.21909675
0,0.18826753
1,0.74266946
1,0.7361277
0,0.3531525
1,0.76164776
1,0.9580653
1,0.9475785
1,0.9762329
1,0.74326223
0,0.69242656
1,0.8973669
0,0.22101714
0,0.36535895
0,0.2564287
0,0.6758648
1,0.58713067
0,0.31007823
0,0.09157244
0,0.40865904
0,0.1731535
0,0.652425
1,0.71537715
1,0.8629627
1,0.85156393
1,0.7669535
1,0.8308604
1,0.8943835
0,0.36862686
0,0.3080966
0,0.38289782
0,0.36862686
1,0.7165318
0,0.15807475
1,0.24506213
0,0.30843338
1,0.7973291
0,0.516489
1,0.599348
0,0.21798272
1,0.9017538
0,0.21639442
1,0.8167665
1,0.655039
1,0.8439739
1,0.8627489
0,0.57489115
1,0.833551
0,0.15753655
1,0.9511298
0,0.17684972
0,0.28853226
1,0.2972076
0,0.16435826
1,0.9905625
0,0.63904554
0,0.12860829
0,0.26079565
1,0.7734104
0,0.72228944
1,0.7716286
0,0.34157553
0,0.38605037
0,0.5531054
0,0.15059862
1,0.5720269
1,0.94141245
1,0.73002744
1,0.7559126
0,0.51440626
0,0.11915624
1,0.8452775
1,0.8778338
1,0.658614
1,0.8081027
1,0.918964
0,0.3057839
1,0.90307415
1,0.90569484
0,0.05802682
0,0.13672748
0,0.4657924
0,0.2657443
0,0.09057948
1,0.990991
1,0.70738876
1,0.7326988
0,0.26994875
0,0.44306275
1,0.87278026
1,0.607568
0,0.092576504
0,0.08576645
1,0.9820908
0,0.2619674
0,0.2396106
1,0.9375211
1,0.88183916
1,0.9729179
1,0.50407577
0,0.0769937
0,0.22449878
0,0.11989344
0,0.12024921
0,0.18529122
1,0.7559586
1,0.8132405
1,0.26652554
1,0.6002795
1,0.92099494
0,0.36119518
0,0.115890644
0,0.2881455
1,0.79987305
1,0.32156125
1,0.48015553
1,0.68522704
0,0.15637875
0,0.66924316
0,0.5065251
0,0.14346562
0,0.37671277
1,0.5564307
0,0.30798215
1,0.80319184
1,0.6992268
0,0.37990427
0,0.03829587
0,0.19646887
0,0.34516016
0,0.18341416
0,0.20001821
1,0.6828911
1,0.68391967
1,0.8832943
0,0.20106037
0,0.42596418
0,0.15381548
0,0.16981784
0,0.22823697
0,0.16770788
0,0.5616771
1,0.9924142
0,0.046724163
0,0.071605876
0,0.3507187
0,0.55700463
0,0.24279213
0,0.18451586
0,0.2681089
0,0.6402325
1,0.38867584
1,0.3254493
0,0.27614433
0,0.1570127
1,0.8248991
0,0.50673354
1,0.57027096
1,0.57027096
1,0.4815063
0,0.22069448
0,0.18983568
0,0.25164357
0,0.12754487
0,0.14474294
0,0.2147089
0,0.28763816
1,0.85643005
1,0.70828056
1,0.757151
1,0.8419994
1,0.98353356
1,0.8099739
1,0.3466195
1,0.7290021
0,0.18473779
1,0.9332408
1,0.9215698
0,0.5289638
0,0.4814768
0,0.15775454
0,0.2164057
1,0.766689
0,0.19823183
1,0.91542095
1,0.69379026
0,0.16320632
0,0.29973003
1,0.30524176
0,0.22109064
0,0.19363019
1,0.40840298
1,0.536693
0,0.26356173
0,0.11620304
1,0.98463136
0,0.18703331
1,0.59696096
1,0.96330893
1,0.85109484
0,0.43338558
0,0.26066983
0,0.2977825
1,0.6193758
0,0.25335616
0,0.14295729
1,0.7466397
0,0.24506213
1,0.3177255
0,0.11477592
1,0.99140185
1,0.7520986
0,0.24090038
1,0.71635014
1,0.7248933
0,0.15312314
0,0.037987333
0,0.17652638
0,0.30666298
1,0.4484214
0,0.19872566
1,0.87223524
0,0.17969666
1,0.8010052
0,0.41223428
1,0.9088306
1,0.8455889
0,0.07323987
1,0.35407048
1,0.41784808
0,0.16150135
0,0.34609962
0,0.19058457
1,0.6403478
0,0.2797244
1,0.9606328
1,0.6652637
1,0.89517045
1,0.95989084
1,0.9332951
1,0.9435695
1,0.86547315
0,0.19494608
1,0.34350035
0,0.16428654
0,0.11287448
0,0.19070232
0,0.29219458
0,0.27418274
1,0.58430547
0,0.26906145
0,0.28244984
1,0.2980866
0,0.08601154
1,0.6972794
0,0.10613326
1,0.9071315
1,0.65207
1,0.72863996
0,0.48429626
1,0.5730612
1,0.6298009
0,0.38072208
0,0.28316143
0,0.32599
0,0.31282595
1,0.56391233
0,0.06998703
1,0.47221836
0,0.194191
0,0.2393761
0,0.039864402
1,0.89760417
1,0.9464213
1,0.5100529
1,0.77466714
0,0.07072
0,0.22482456
1,0.7169241
1,0.94291466
1,0.95159435
1,0.76633054
1,0.99519205
0,0.19180551
1,0.97665316
1,0.7785854
1,0.78199124
1,0.59322363
0,0.39887378
0,0.17038842
1,0.57404846
1,0.98766696
0,0.19829382
1,0.31859043
0,0.27804703
1,0.8615313
0,0.2592228
0,0.38350847
0,0.20560902
0,0.084623605
0,0.11215626
0,0.14081827
1,0.6669185
0,0.074400716
0,0.088168554
0,0.25894335
1,0.8377332
1,0.50883186
1,0.7775524
1,0.6648675
0,0.17388791
0,0.29278442
0,0.1177961
1,0.5791578
1,0.43975002
0,0.46687728
1,0.40970707
1,0.71969783
1,0.41965055
1,0.64335203
1,0.7888961
1,0.73408526
0,0.2620081
1,0.60980296
0,0.65176964
0,0.17058147
0,0.23116921
0,0.15354994
0,0.15354994
0,0.4638732
1,0.75440127
0,0.107859455
0,0.27879027
1,0.436276
0,0.11629271
1,0.8912194
0,0.08886575
0,0.13367918
1,0.6012227
1,0.7398258
1,0.65673566
1,0.7817928
1,0.7377059
1,0.7817928
1,0.57175136
1,0.7817928
1,0.7817928
1,0.88494223
1,0.8611055
0,0.09522477
0,0.20233949
0,0.22986412
0,0.2984477
1,0.910537
1,0.94324565
1,0.93074065
1,0.910814
1,0.93074065
1,0.94324565
1,0.9192865
1,0.90308124
1,0.93353724
1,0.9017919
1,0.9225987
1,0.93074065
1,0.9192865
1,0.9401023
1,0.9017919
1,0.94324565
1,0.93353724
1,0.93353724
1,0.9017919
1,0.8555031
1,0.90308124
1,0.95716876
1,0.494188
1,0.6289765
0,0.39334
0,0.11334828
0,0.25320593
0,0.101430446
0,0.043155752
0,0.12742996
1,0.8791529
1,0.5950986
1,0.4806711
0,0.5619035
0,0.42750424
0,0.5619035
1,0.3192415
1,0.5940871
1,0.98353887
0,0.20795657
0,0.26692128
0,0.31510732
0,0.16162735
1,0.4570217
1,0.6796942
1,0.45869526
1,0.6083783
0,0.07993401
0,0.14955482
0,0.43600082
0,0.257194
0,0.046453457
0,0.041580927
0,0.04132759
0,0.10683857
1,0.81889886
0,0.32088342
0,0.32088342
1,0.6152542
0,0.29723448
0,0.42672035
1,0.43984303
0,0.6199815
0,0.6199815
0,0.19969045
0,0.36751243
0,0.3638691
0,0.77869624
0,0.39055854
1,0.4871021
0,0.40196308
1,0.9587657
1,0.8806994
1,0.29400304
1,0.75030196
0,0.19180419
1,0.791785
0,0.25921518
1,0.5920163
0,0.25335458
1,0.43183318
0,0.25096866
1,0.72766525
0,0.54978055
0,0.55852264
1,0.3321132
1,0.7297335
1,0.7709537
0,0.5737957
1,0.45055646
1,0.3726312
1,0.3726312
1,0.64023584
1,0.91876245
1,0.5961352
0,0.115060575
1,0.80642277
0,0.3722244
0,0.27843857
0,0.34138417
0,0.26667807
1,0.50499874
0,0.20992509
0,0.33660918
1,0.50374156
1,0.68778384
1,0.58018696
1,0.4820987
0,0.22341025
1,0.6004407
0,0.2862628
0,0.2020044
1,0.7637482
0,0.19884607
1,0.9801175
0,0.15905267
1,0.6324278
1,0.5829306
1,0.5478468
0,0.093227305
1,0.94953233
1,0.88267714
1,0.40371358
1,0.92443115
1,0.8867293
0,0.10217894
1,0.52070975
1,0.62683845
0,0.44657788
1,0.5493296
0,0.491032
0,0.3759222
0,0.30470046
0,0.44593784
0,0.59582126
0,0.21377692
1,0.94107133
0,0.5042994
0,0.088026054
0,0.22653157
1,0.42324716
1,0.5305849
0,0.23424475
1,0.8661342
0,0.44754472
1,0.18110432
1,0.46511018
1,0.5424242
1,0.9605305
0,0.45731053
1,0.8727983
0,0.16127998
1,0.421467
0,0.16651249
1,0.8877064
0,0.27759498
0,0.17239614
0,0.17239614
0,0.21582831
1,0.30393073
0,0.25522164
1,0.8562514
1,0.9790718
1,0.99517775
1,0.9777728
1,0.9777728
1,0.9967244
1,0.98674935
1,0.9967244
0,0.41168734
0,0.64880586
0,0.15584557
1,0.27541384
1,0.9913339
1,0.9812121
0,0.36638868
1,0.43736792
0,0.32387704
1,0.8227043
1,0.9483244
1,0.8667102
1,0.7989409
1,0.8572273
1,0.3508612
0,0.30281568
1,0.63455033
1,0.655615
1,0.29869583
0,0.28799745
0,0.22100222
0,0.43987972
0,0.47306105
0,0.24998531
1,0.9391993
0,0.640079
1,0.48875764
0,0.15555024
1,0.269921
1,0.89353865
1,0.88125867
1,0.8845517
1,0.5211505
0,0.1727343
0,0.12622121
1,0.9330515
0,0.70097333
0,0.21037325
0,0.2793786
0,0.2028852
0,0.2793786
1,0.4955144
1,0.98397577
1,0.5347181
1,0.7643013
0,0.14200296
1,0.9788062
1,0.74536836
1,0.69771284
0,0.09319452
1,0.42801526
0,0.14562972
0,0.30479822
0,0.19850737
1,0.7099921
0,0.12997332
0,0.1709097
0,0.31241322
0,0.19047919
0,0.14301823
0,0.12663853
0,0.48529834
1,0.8567792
1,0.17666951
0,0.09268326
0,0.17548595
1,0.5475261
0,0.29525784
0,0.19201279
0,0.19670151
0,0.14671966
0,0.5236617
0,0.48045808
0,0.27628255
0,0.28405285
1,0.9598731
1,0.895745
1,0.9803963
1,0.9698889
0,0.5277643
1,0.8792948
1,0.7573988
1,0.72053236
1,0.41635644
1,0.4717548
1,0.46502873
0,0.29904968
0,0.11608728
0,0.3822514
0,0.24358965
1,0.8413348
1,0.84026194
0,0.50242513
1,0.743736
1,0.52674407
0,0.4345831
0,0.16709983
0,0.2862094
0,0.34755546
0,0.23011974
0,0.17973314
1,0.794617
1,0.3401594
0,0.22483355
0,0.19242983
1,0.47349694
1,0.95210177
1,0.95210177
1,0.95210177
1,0.73125374
1,0.79472494
0,0.7358425
1,0.67886317
0,0.13716148
1,0.47984642
1,0.31237113
1,0.2759426
1,0.973097
0,0.43826112
0,0.2092733
0,0.505883
0,0.1867756
1,0.654784
1,0.8144932
0,0.21631677
0,0.4091375
0,0.2518586
1,0.93834233
1,0.6671929
0,0.21793504
0,0.30062717
0,0.22078198
0,0.15122437
0,0.6021146
1,0.8566241
1,0.9888467
1,0.7750374
1,0.89345855
1,0.6129496
0,0.3705262
0,0.17172904
0,0.19823913
1,0.98364455
0,0.17455193
1,0.36018798
1,0.5651694
0,0.12831719
0,0.24104741
0,0.09940954
1,0.97588444
1,0.6225618
1,0.7646653
1,0.6333209
0,0.42263192
0,0.054678835
1,0.7336532
0,0.09331204
0,0.27793354
0,0.3576187
0,0.42422327
1,0.36201555
0,0.057223175
0,0.24271367
0,0.72971195
1,0.31109092
1,0.7357651
1,0.7834125
1,0.95423126
1,0.48225868
1,0.9741596
1,0.5958561
1,0.50737596
1,0.44436422
1,0.6234239
1,0.35968766
1,0.9025656
0,0.14560714
1,0.9034976
0,0.081918515
0,0.14367087
0,0.22659057
1,0.31619993
1,0.21473224
1,0.55903244
1,0.97844154
1,0.94676036
1,0.5222377
1,0.47995964
1,0.7666288
1,0.82677954
0,0.1720111
1,0.6962973
1,0.9655176
1,0.96763176
1,0.90420926
1,0.94306326
1,0.98864627
1,0.9126289
1,0.8681587
1,0.9781596
1,0.9329063
1,0.9781596
1,0.9781596
1,0.9050454
1,0.9757858
1,0.92734236
1,0.80186254
1,0.9061128
1,0.8994687
1,0.971123
1,0.94734156
1,0.9687591
1,0.9781596
1,0.8085876
1,0.95664483
0,0.19717024
0,0.6561752
0,0.40493494
0,0.1777663
1,0.4803997
1,0.91046
1,0.91046
1,0.8812498
1,0.95762813
1,0.38262272
0,0.1705304
0,0.10307359
0,0.34048334
1,0.7273191
0,0.12355143
0,0.09958705
0,0.40888956
0,0.20764068
0,0.39451498
0,0.3685008
1,0.72131944
1,0.6137811
0,0.42104807
0,0.124481484
0,0.13275847
0,0.21162604
1,0.6801563
1,0.40794042
1,0.7285734
1,0.8457906
0,0.40045178
1,0.45762697
0,0.20250188
1,0.63929754
1,0.35053742
0,0.11753937
0,0.13614264
0,0.13542677
1,0.7840158
0,0.16325623
0,0.23973458
0,0.31329325
0,0.2715981
0,0.3496435
0,0.337162
1,0.73240346
1,0.7701411
1,0.6075624
0,0.48005182
1,0.7392295
0,0.3191914
1,0.5858695
1,0.80148053
0,0.43008608
0,0.5058524
0,0.13273974
0,0.13293964
0,0.60368705
0,0.39437023
0,0.29771483
1,0.56938064
1,0.95059043
0,0.48268864
1,0.6375453
0,0.13921788
0,0.5596342
0,0.77588415
0,0.17887028
0,0.22287212
1,0.95745695
0,0.37556148
0,0.2786647
0,0.44712934
1,0.3341496
1,0.90114737
1,0.9212295
1,0.8829628
0,0.45372263
1,0.63278425
1,0.67902786
0,0.6370722
0,0.108617246
1,0.9571048
0,0.2698669
0,0.224592
0,0.17876224
1,0.54564005
0,0.30995175
1,0.5253429
0,0.11137294
0,0.08585128
1,0.7041026
1,0.9165522
0,0.30953673
0,0.45590618
0,0.10200788
0,0.21802206
0,0.32927948
0,0.25021526
0,0.32583493
0,0.2542929
1,0.24467829
1,0.51861507
0,0.4338999
0,0.15704331
0,0.35415202
0,0.12515123
0,0.13114479
0,0.13332465
0,0.41732773
1,0.5787685
1,0.61918086
1,0.74848914
1,0.6711984
1,0.61918086
1,0.74453896
1,0.74453896
1,0.77253085
0,0.26061285
0,0.17535123
1,0.42606458
1,0.66564107
1,0.8288745
1,0.9417564
1,0.4304015
1,0.5787455
1,0.53195745
1,0.54304975
0,0.35085532
0,0.48340654
0,0.46601927
1,0.6208205
1,0.95970416
1,0.8991048
1,0.51834226
0,0.3041884
0,0.17121276
0,0.28750432
0,0.32769617
1,0.7251036
1,0.65810853
0,0.10912599
0,0.11728765
0,0.40988135
1,0.26646304
0,0.38975006
1,0.7122354
1,0.9165522
1,0.64665216
0,0.75784177
0,0.43047687
0,0.2530431
0,0.2530431
1,0.9195339
1,0.9195339
1,0.968972
1,0.99054116
0,0.3187928
1,0.5672311
0,0.18430264
0,0.43500993
0,0.26685345
0,0.105744936
1,0.75093305
0,0.24649757
0,0.26136285
1,0.8974367
1,0.55303
1,0.71820486
0,0.27741012
1,0.80458206
1,0.9192825
1,0.56362903
0,0.15362337
0,0.10121122
0,0.49251118
1,0.80445296
0,0.33363402
1,0.57952917
0,0.3509221
0,0.3085064
0,0.25610214
1,0.8888313
0,0.1291288
1,0.98839617
1,0.99200726
0,0.31435937
0,0.19909339
1,0.92617595
1,0.9881137
0,0.39385718
1,0.5415728
0,0.090851516
0,0.20012672
0,0.08357633
0,0.21076246
0,0.25603312
0,0.13720103
1,0.47334272
1,0.49120367
1,0.8986441
1,0.8986441
1,0.80956715
1,0.4682831
1,0.8613967
1,0.8429177
0,0.30335495
0,0.37639838
1,0.8135408
0,0.1833639
1,0.695012
1,0.6685548
1,0.6685548
1,0.50402546
1,0.618811
1,0.67566293
1,0.2917819
1,0.61960375
1,0.800721
1,0.6685548
1,0.70109063
1,0.695012
1,0.7062771
1,0.75186163
1,0.7671733
1,0.99733645
1,0.99733645
0,0.38362646
0,0.23037454
0,0.31404936
0,0.098927714
1,0.9442509
1,0.7087941
1,0.78185713
0,0.14107722
1,0.7087311
1,0.7090018
0,0.28871748
1,0.7321052
1,0.7905895
1,0.888911
1,0.34677666
1,0.9749587
1,0.9598994
0,0.31741977
0,0.18243465
0,0.17863452
1,0.9332622
0,0.069788955
0,0.0712194
0,0.16724102
1,0.90455747
1,0.90455747
1,0.7345901
1,0.9255661
1,0.804
0,0.26944467
0,0.3398427
0,0.41300097
0,0.1413356
0,0.20101924
0,0.35952863
0,0.64862436
1,0.2809066
1,0.50710654
1,0.5538673
0,0.29304615
0,0.30507898
1,0.8832054
0,0.16983865
1,0.42523444
1,0.82525533
1,0.42273858
1,0.4837673
1,0.8279884
1,0.60496545
1,0.9033334
1,0.6767187
1,0.9278815
1,0.39032653
0,0.23257242
1,0.7720937
1,0.71314114
0,0.12163151
0,0.17877506
1,0.7195942
1,0.7970042
1,0.90272236
1,0.71148384
0,0.1741736
1,0.6838221
0,0.089875154
0,0.089875154
0,0.16624586
1,0.8716453
0,0.36741006
1,0.26034266
0,0.45531803
0,0.195513
1,0.92319953
1,0.77779096
1,0.64039516
0,0.098533764
1,0.8383482
1,0.98932356
0,0.44059286
1,0.7779206
1,0.87668806
1,0.81833404
0,0.30229703
1,0.49779356
1,0.9440213
1,0.9440213
0,0.51509327
0,0.23442067
1,0.8607344
1,0.8897721
0,0.39827552
1,0.94972503
0,0.15999003
1,0.6672993
1,0.642096
1,0.3953388
1,0.5685598
1,0.61022645
1,0.76905966
1,0.62496334
1,0.15927437
0,0.34383345
1,0.5051185
0,0.545647
0,0.21403813
0,0.39308792
0,0.12010675
0,0.39745092
0,0.18593724
0,0.14499286
0,0.16537607
1,0.8301267
1,0.8703972
1,0.58117044
0,0.0834143
0,0.18120167
0,0.052020032
0,0.3985165
0,0.15951052
1,0.4312571
1,0.41608092
1,0.86951846
0,0.30653515
0,0.2886598
0,0.22421491
0,0.23004438
0,0.23637255
0,0.3793675
0,0.16329703
0,0.3507387
0,0.37663096
0,0.29556873
0,0.3388179
0,0.31269637
0,0.18081677
0,0.27978796
1,0.421662
0,0.050634697
0,0.19202559
1,0.41133508
0,0.35074905
1,0.6800114
1,0.96027774
1,0.53089404
1,0.724566
0,0.06651333
1,0.47563037
1,0.93913674
1,0.91923964
1,0.8903259
1,0.81459785
1,0.89585584
1,0.81459785
1,0.83377707
1,0.9049208
1,0.89394414
1,0.9049208
1,0.391281
1,0.65731674
1,0.7587355
1,0.87496233
1,0.5868061
0,0.14162442
0,0.33913863
0,0.2457719
0,0.27876067
0,0.30946964
0,0.031613488
1,0.7543583
1,0.8541265
1,0.64532036
0,0.42644215
0,0.1476048
0,0.2723767
1,0.80042666
1,0.7589728
1,0.84857595
1,0.7585365
1,0.6317697
0,0.14144762
1,0.6883385
1,0.7391975
1,0.8933389
0,0.6764548
1,0.9082903
1,0.5298354
1,0.9467599
1,0.884212
1,0.87714136
0,0.09773455
1,0.52447706
0,0.34473026
0,0.38940564
0,0.517243
0,0.060947336
0,0.43424547
1,0.84552276
0,0.121869855
1,0.89666176
1,0.6848209
1,0.6364503
1,0.60515225
0,0.08742412
1,0.78080434
0,0.35145906
0,0.3646797
1,0.8707383
1,0.7227318
0,0.24071424
0,0.27589342
0,0.5567827
0,0.16343401
0,0.26254708
0,0.37476778
0,0.18306978
0,0.43905374
0,0.02244822
1,0.9271819
0,0.17765447
0,0.09291859
1,0.9045645
1,0.6148184
1,0.93480873
0,0.20571841
0,0.09488083
0,0.64071757
0,0.4105539
1,0.5470293
0,0.24037988
1,0.81105745
1,0.67316616
0,0.11496287
0,0.18730655
1,0.8376832
1,0.90286916
1,0.95829546
0,0.122563735
0,0.30420792
1,0.6640553
1,0.6640553
0,0.057993107
1,0.49323815
1,0.3371484
0,0.2520683
0,0.18972613
0,0.12730026
0,0.48929486
0,0.10923795
0,0.33024782
0,0.71804404
0,0.18621269
0,0.22227533
1,0.95522803
1,0.95522803
1,0.9387984
0,0.08564763
1,0.5580757
0,0.35123178
0,0.371228
1,0.3049738
1,0.68979156
1,0.95855135
1,0.91343254
0,0.19709243
1,0.36839244
1,0.39214393
0,0.14904955
1,0.15202802
0,0.39877808
1,0.59267527
1,0.79255646
1,0.8567948
1,0.7411752
1,0.8720201
1,0.7896929
1,0.73918015
0,0.35116526
0,0.38610598
0,0.2875289
1,0.38325584
1,0.982853
0,0.4852895
0,0.06390495
0,0.38446316
1,0.95590734
0,0.13986501
1,0.77951556
0,0.42197716
0,0.11218727
0,0.25560725
1,0.92122686
1,0.99224174
1,0.98317325
1,0.9694084
1,0.98608196
1,0.9774811
1,0.9816985
1,0.9569717
1,0.9800444
1,0.919634
1,0.9205849
1,0.96373284
1,0.9691032
0,0.08060155
1,0.6546312
1,0.96448565
1,0.7417738
1,0.95845467
1,0.54805106
0,0.10926532
0,0.25780925
1,0.9391014
1,0.6811511
1,0.63930124
1,0.6354796
1,0.7965108
1,0.45525333
1,0.8876717
1,0.5990222
1,0.7425217
0,0.5235825
0,0.25807366
1,0.97381204
0,0.19693573
1,0.77358997
1,0.3436199
0,0.13924438
0,0.2917022
0,0.061973117
0,0.118276305
1,0.93164223
1,0.9265156
1,0.9265156
1,0.7125543
1,0.3048879
0,0.12692392
0,0.29576215
0,0.15322007
0,0.17646106
0,0.14496759
0,0.09029537
0,0.2492163
0,0.18461624
0,0.16482311
0,0.33557472
0,0.25074977
0,0.10155814
0,0.25218034
0,0.24567114
0,0.15535554
1,0.29948127
0,0.37736946
1,0.9500715
1,0.93230975
0,0.13974929
1,0.6015854
1,0.4983947
1,0.77942306
0,0.33164504
1,0.5076607
0,0.13672748
0,0.27012813
1,0.62489563
0,0.18515353
1,0.98463136
1,0.8665611
1,0.9402457
1,0.9740698
1,0.982853
0,0.6629872
0,0.08995653
1,0.8903785
1,0.67214227
0,0.4256824
1,0.97968674
0,0.35750544
0,0.083628334
1,0.829041
0,0.26901045
1,0.5728239
0,0.292887
0,0.2922299
1,0.62400204
0,0.38281527
0,0.24210651
0,0.23411883
0,0.06893362
0,0.08252217
0,0.07944224
0,0.06451536
0,0.21328206
1,0.68091655
1,0.9058257
0,0.23678969
1,0.8135991
0,0.17741473
1,0.393853
0,0.10717276
0,0.09649715
1,0.70057905
1,0.52625173
1,0.59285897
1,0.75921786
1,0.77079344
0,0.2716449
0,0.06257745
1,0.9837911
1,0.9837911
1,0.33911055
1,0.8171727
0,0.60194695
0,0.21854374
0,0.111970335
0,0.12496782
0,0.21150945
1,0.9020486
0,0.44701526
0,0.05587004
0,0.05587004
0,0.05587004
0,0.2947431
0,0.20550269
1,0.90455747
0,0.2836339
1,0.49882463
0,0.16365385
0,0.10486538
0,0.14671294
0,0.29613188
1,0.9800203
0,0.26620394
0,0.16130537
1,0.6911525
1,0.9843589
1,0.86072946
0,0.7012545
0,0.53763515
1,0.9398652
1,0.8175568
1,0.7015617
1,0.9441051
1,0.9986141
1,0.9986141
1,0.9986375
1,0.9986375
1,0.8459806
1,0.35673615
1,0.66772765
0,0.15398167
1,0.70986295
1,0.6310227
1,0.51117575
1,0.69771284
0,0.37720123
1,0.73863715
1,0.75365996
1,0.7702916
1,0.75365996
1,0.9589651
1,0.80814546
0,0.5457712
1,0.69744456
1,0.6775273
1,0.83790606
1,0.89733243
0,0.1610457
0,0.36688837
0,0.37093237
1,0.34531435
0,0.40595087
0,0.2692636
1,0.52223855
0,0.20267774
1,0.23057702
1,0.9338387
1,0.95392394
1,0.6872754
1,0.90388924
1,0.9841808
0,0.12592365
1,0.46121764
1,0.3195406
0,0.37164623
0,0.2200676
0,0.51801515
1,0.45791796
0,0.11573937
0,0.26078254
1,0.9134684
1,0.80178314
0,0.21289565
0,0.10965579
1,0.4375546
1,0.93230975
1,0.5896669
0,0.15750524
1,0.77790046
1,0.47479877
0,0.19769318
0,0.41178206
1,0.5884933
0,0.37719715
0,0.35593504
0,0.24587037
1,0.65127647
1,0.36982328
1,0.96086246
0,0.07988747
1,0.83410317
1,0.8790438
0,0.14523914
0,0.2520071
0,0.13402657
0,0.34993216
1,0.7641473
0,0.36704317
1,0.47947967
0,0.52269155
1,0.93095845
1,0.81441873
1,0.8451075
1,0.8451075
1,0.7976962
1,0.8451075
1,0.5407396
1,0.32525468
1,0.6685962
0,0.7517104
1,0.69771284
1,0.68144286
1,0.5067997
1,0.9220794
1,0.40157315
0,0.04049884
0,0.22298476
1,0.7720161
0,0.53890413
0,0.1147225
0,0.07715195
0,0.11824234
0,0.41255403
0,0.31518432
1,0.9155977
0,0.055459946
1,0.74500525
1,0.7324385
1,0.7799038
1,0.71412796
1,0.26977983
0,0.33098495
1,0.82630044
1,0.77299434
1,0.7707202
1,0.88233244
1,0.9096259
1,0.7565621
1,0.85162807
1,0.8955716
1,0.9096259
1,0.9202303
1,0.8396862
1,0.48995122
0,0.19863735
0,0.31565398
0,0.266561
0,0.26338673
0,0.3103273
1,0.50829715
0,0.41306466
1,0.74633634
0,0.11572222
0,0.21334831
0,0.15620835
1,0.5574673
0,0.32380888
0,0.24707524
1,0.29226544
1,0.94507366
0,0.10152618
0,0.34412616
0,0.06313408
0,0.14484744
1,0.99214196
1,0.99214196
1,0.99214196
1,0.98765624
1,0.99214196
1,0.98765624
1,0.9907087
1,0.9936206
1,0.99263316
1,0.99275583
1,0.99263316
0,0.09871782
0,0.066633485
0,0.047238223
0,0.066633485
0,0.047238223
0,0.29995975
1,0.49561495
1,0.5436165
1,0.86322933
1,0.4530591
0,0.16965888
0,0.22804828
0,0.074401274
1,0.82299423
1,0.7124204
0,0.45105025
1,0.27323812
0,0.18942222
0,0.3385799
0,0.09534677
1,0.80887765
0,0.10068876
1,0.5229627
1,0.89099866
1,0.8132255
1,0.8839518
1,0.92561
1,0.8681041
1,0.9704697
1,0.9936766
1,0.9936766
1,0.9818678
1,0.8681041
1,0.9818678
1,0.9842225
1,0.9818678
1,0.9842225
1,0.8463096
1,0.7425855
1,0.5861281
1,0.79097056
1,0.42768905
1,0.42742962
1,0.6420537
1,0.95905197
1,0.6420537
1,0.9818678
1,0.8310618
1,0.9907051
1,0.9907051
1,0.9907051
1,0.9907051
1,0.98338276
1,0.8936818
1,0.98338276
1,0.8936818
1,0.98338276
1,0.8936818
1,0.80841213
0,0.6075727
1,0.70887506
0,0.70887506
0,0.16731648
0,0.44130042
1,0.7535098
1,0.9165658
0,0.031743795
0,0.2247182
0,0.29421988
0,0.13328798
0,0.13328798
0,0.23726231
0,0.17027757
0,0.29897758
0,0.70132864
0,0.22778898
0,0.098572314
0,0.39683178
0,0.43495616
1,0.9290016
1,0.35046482
1,0.56003255
0,0.21197961
1,0.6860183
0,0.21142478
0,0.38003424
1,0.747923
1,0.78296405
0,0.34521684
0,0.07765464
0,0.1877757
0,0.632409
0,0.33583412
1,0.87612647
1,0.9856403
0,0.18439978
1,0.6619175
0,0.094467446
1,0.54575974
0,0.21220084
0,0.3136527
0,0.33987513
1,0.4952485
0,0.2761864
0,0.23246017
0,0.3597985
0,0.41986504
1,0.5913775
1,0.53130776
0,0.44770283
0,0.28307584
0,0.16329163
0,0.28766534
1,0.8003926
0,0.09989591
0,0.11784021
1,0.9843667
0,0.15090038
0,0.15090038
0,0.3663757
0,0.067456275
1,0.87194866
0,0.446218
0,0.29229227
1,0.46758443
1,0.8668061
0,0.3673264
1,0.8981312
1,0.7661806
1,0.94853574
1,0.89210206
1,0.91030794
1,0.98611414
1,0.94072336
1,0.9349046
1,0.94467497
1,0.9320377
1,0.96474916
1,0.914158
1,0.8883676
1,0.9479634
1,0.960379
1,0.960379
1,0.66940546
0,0.45178756
0,0.1652673
1,0.8438361
0,0.31912917
0,0.6002315
1,0.98043275
0,0.13677275
0,0.3311989
0,0.43632117
1,0.9649969
0,0.18643944
0,0.4420093
0,0.11178889
1,0.47295192
0,0.23868322
1,0.6257916
1,0.49137875
1,0.37776893
0,0.26022583
0,0.15837717
1,0.73175913
1,0.9476229
1,0.9476229
1,0.9476229
0,0.3930244
0,0.24374607
0,0.27949902
0,0.1434094
0,0.5334514
1,0.87380576
1,0.67575395
0,0.251878
1,0.78723747
1,0.49554583
1,0.52609015
1,0.6610719
1,0.4962223
1,0.81046003
1,0.9570375
1,0.83239037
1,0.6875112
1,0.5352159
0,0.30946547
0,0.48086753
0,0.22792995
0,0.546211
0,0.69260216
0,0.27782682
0,0.4295608
0,0.59433097
0,0.25746816
0,0.3588221
1,0.9065439
1,0.8906832
1,0.83829874
1,0.5442374
0,0.045260344
0,0.21647802
1,0.5134691
0,0.41605768
0,0.09010329
0,0.31545666
1,0.62219787
0,0.3914099
0,0.32460612
1,0.9103927
0,0.25904927
0,0.13316669
1,0.9628069
1,0.85893434
0,0.051715847
0,0.093235694
1,0.9223169
0,0.25231048
0,0.12558192
0,0.082453705
1,0.83242285
1,0.6550736
1,0.5682172
0,0.43749532
0,0.53721327
0,0.33216813
1,0.2917394
0,0.18847355
0,0.3437934
1,0.8003926
0,0.30563062
1,0.9795801
1,0.9805973
1,0.3640184
0,0.23480248
1,0.97225076
1,0.7362824
0,0.22653161
0,0.25780898
0,0.4953918
0,0.110156596
0,0.44563547
1,0.89751714
1,0.8737772
1,0.67676425
1,0.9930419
0,0.20999204
1,0.6837462
1,0.84141076
1,0.89052707
0,0.26125985
0,0.7455153
0,0.06841385
0,0.2854502
1,0.6819607
1,0.83922076
1,0.9809498
1,0.40664113
1,0.39957723
0,0.34835768
0,0.063243166
0,0.1538678
0,0.37413853
0,0.21450786
1,0.9223529
1,0.9930419
1,0.8809345
1,0.45575747
1,0.81139296
0,0.25822437
1,0.6572164
0,0.323406
1,0.98635626
1,0.5906146
1,0.87622195
1,0.6776047
1,0.8473269
1,0.91442925
1,0.5967946
0,0.1678745
0,0.27540848
0,0.2252058
1,0.81270236
1,0.91185486
1,0.91185486
1,0.5681787
0,0.15831663
0,0.06370099
0,0.08655586
0,0.39471537
0,0.15337096
0,0.5501092
1,0.98463136
0,0.29085675
0,0.30154547
0,0.25169036
0,0.4001092
1,0.48991695
1,0.44542918
1,0.81339836
0,0.384065
0,0.2813476
0,0.2317524
0,0.20583089
0,0.48348957
0,0.22627854
0,0.048728347
0,0.20093803
0,0.124761514
0,0.06560436
0,0.06560436
0,0.14341149
0,0.14866444
0,0.050781727
0,0.25169334
0,0.087941475
0,0.21379653
0,0.11770906
1,0.47588637
0,0.59198076
0,0.27690497
0,0.35942608
1,0.70784515
0,0.30440155
0,0.2491238
0,0.21899201
0,0.10732801
1,0.96373284
0,0.108688846
0,0.09375208
0,0.14055523
1,0.674317
1,0.93393576
0,0.27076477
0,0.15062158
1,0.9697762
1,0.5671198
0,0.49055338
0,0.25516355
0,0.624637
0,0.21911162
1,0.41299328
0,0.32927948
0,0.42671198
0,0.3021004
0,0.42926612
0,0.37462503
0,0.25991833
0,0.3220414
1,0.11683681
1,0.9360722
1,0.6728538
0,0.21527702
0,0.10705966
0,0.10705966
0,0.07757798
1,0.24505548
0,0.19806728
0,0.15313412
0,0.18132533
0,0.60686475
1,0.46346146
1,0.29943725
1,0.9297929
1,0.67978275
0,0.44025072
0,0.10543156
0,0.06957103
1,0.25580147
0,0.3920826
0,0.18314573
0,0.78202933
1,0.9324053
1,0.9491815
0,0.30026063
0,0.27554202
0,0.30708125
0,0.745795
1,0.5204308
1,0.85473305
1,0.77652365
1,0.6979341
0,0.29029748
0,0.021468744
0,0.027509088
1,0.29173374
1,0.61010355
1,0.8008587
1,0.8187383
0,0.07458398
0,0.22773679
0,0.59723747
0,0.6547157
1,0.43115702
1,0.20932333
0,0.20874053
0,0.11835335
0,0.16786227
0,0.12347753
0,0.13892208
0,0.11888015
0,0.10248437
0,0.31177118
0,0.121803954
0,0.13429837
0,0.262612
1,0.8193842
0,0.04679022
0,0.32088733
1,0.95202196
1,0.98058665
0,0.20828098
0,0.06685052
0,0.06741788
0,0.035548925
1,0.49374628
1,0.59869254
0,0.2414058
1,0.50343764
0,0.15206322
1,0.788867
0,0.5081245
0,0.45308277
0,0.3567324
0,0.31163946
0,0.3567324
0,0.3567324
0,0.71916735
0,0.71916735
0,0.4873873
1,0.9732083
1,0.71916735
0,0.39029196
1,0.7162331
1,0.8320454
1,0.81648207
1,0.7209868
1,0.41379893
0,0.21128249
0,0.15249048
0,0.18281852
1,0.6164205
1,0.7124204
1,0.9316767
1,0.5987516
1,0.5087165
0,0.16093308
1,0.94138867
1,0.9293098
1,0.76586735
1,0.8699706
1,0.5040897
1,0.41813815
1,0.66599584
0,0.118513934
0,0.10625063
1,0.5787776
0,0.09190768
0,0.47352034
0,0.2075144
0,0.13993399
0,0.13028507
1,0.26750594
0,0.06417644
0,0.1740918
0,0.4193754
1,0.41447052
1,0.34534898
0,0.2656018
0,0.25628337
0,0.3206563
0,0.15481018
0,0.1446525
0,0.2149648
1,0.890108
1,0.8896073
0,0.28527874
0,0.2728685
1,0.7679524
1,0.4278439
0,0.29275128
1,0.62647325
1,0.8190261
1,0.72053933
1,0.83413965
1,0.7112529
1,0.95301026
0,0.23168741
0,0.1952158
0,0.29642642
0,0.47258464
0,0.47258464
1,0.80179715
1,0.9044375
0,0.23373419
0,0.10952376
0,0.25278196
0,0.291234
0,0.10952376
0,0.07362104
0,0.1577985
0,0.1577985
0,0.026535181
0,0.026535181
0,0.18084618
0,0.10952376
1,0.9879894
1,0.9929389
1,0.9914704
1,0.9928342
0,0.19968179
1,0.49374384
0,0.14665782
1,0.36977965
1,0.4652473
1,0.5968874
1,0.842959
1,0.7521888
1,0.79825765
0,0.1831037
0,0.10130181
0,0.13053192
1,0.8341583
0,0.27380657
0,0.5532522
1,0.9530288
1,0.26538277
0,0.2456305
1,0.73816645
0,0.12730241
0,0.43608192
1,0.5643188
0,0.32267642
1,0.5321886
0,0.30880773
0,0.5734153
0,0.47053567
0,0.22878279
0,0.095614865
1,0.7396782
1,0.6961645
0,0.13741618
1,0.9593218
1,0.36807963
0,0.52036065
1,0.86074173
1,0.6392417
1,0.7091482
1,0.7836621
0,0.3029798
0,0.62017447
1,0.877401
0,0.2801484
1,0.54738355
1,0.72671753
0,0.2070665
0,0.17588736
0,0.21563868
0,0.09965735
0,0.10198031
0,0.33137566
0,0.19619872
0,0.1500549
0,0.10856689
1,0.31254143
0,0.19646819
0,0.060717702
0,0.2397798
0,0.3808814
1,0.7410097
1,0.7746279
1,0.6697816
1,0.80685955
1,0.6015533
0,0.35750595
1,0.66756505
1,0.62867415
0,0.5013138
1,0.46311554
1,0.54056114
0,0.08811694
0,0.26240942
1,0.58398
1,0.958096
1,0.8821203
1,0.8612085
0,0.16506064
0,0.212681
0,0.09696024
0,0.2094529
1,0.69181186
0,0.23579662
0,0.5098017
0,0.24483922
0,0.27949995
0,0.10549127
0,0.12692389
0,0.09328271
0,0.12898272
0,0.5189003
1,0.7440061
1,0.7160048
1,0.4585534
0,0.23059697
0,0.08546194
0,0.2044093
0,0.20139858
0,0.326798
1,0.6381926
1,0.40611714
0,0.33046266
0,0.3576349
1,0.3546647
1,0.6440325
1,0.60749686
0,0.3169689
0,0.3018183
1,0.81959754
0,0.12926824
1,0.8596221
1,0.7142225
0,0.20124075
0,0.11426803
1,0.6481231
0,0.077064894
1,0.75880796
1,0.6486902
0,0.3646978
1,0.8157473
0,0.3408678
0,0.17689332
0,0.20822565
1,0.64971215
0,0.24460791
0,0.18781449
0,0.42690635
1,0.5736991
1,0.63630706
1,0.9559164
1,0.66468227
1,0.7873281
1,0.89927906
1,0.7832913
1,0.9612941
1,0.38226172
1,0.53797555
1,0.80240643
0,0.26363608
1,0.85696965
0,0.45439103
0,0.22721538
0,0.17519075
0,0.39320415
1,0.9642957
1,0.9642957
0,0.2831837
0,0.42462742
1,0.34265128
1,0.69135416
1,0.72165924
0,0.45609993
1,0.9698112
0,0.18716685
1,0.612967
0,0.17345916
0,0.38084203
0,0.17924376
0,0.13487142
0,0.11015584
1,0.68051356
0,0.61361414
0,0.518574
0,0.48611915
1,0.7793987
1,0.7965996
1,0.6126815
1,0.76488674
1,0.7793987
1,0.74767065
1,0.7793987
1,0.8465606
1,0.8872654
1,0.38684124
1,0.8627222
1,0.5949185
1,0.5938533
1,0.71904975
1,0.46818295
0,0.11277798
1,0.7529209
0,0.5784354
0,0.25345644
0,0.4694762
0,0.4188268
0,0.49006116
1,0.7452924
1,0.84607154
0,0.29714993
1,0.7358062
1,0.70001495
1,0.910393
0,0.47879755
1,0.8270441
1,0.31558022
0,0.15354101
1,0.89621955
1,0.4141288
0,0.3245595
1,0.2735943
0,0.6685215
1,0.9811652
1,0.83718365
1,0.8541466
0,0.20727082
0,0.54435223
1,0.31380376
1,0.3842172
0,0.1113869
0,0.081144296
0,0.077876665
0,0.5428553
0,0.25965017
1,0.6184618
1,0.584314
0,0.51645756
0,0.2441459
1,0.819234
1,0.7616852
0,0.29207364
1,0.7142984
1,0.40658027
1,0.7629272
0,0.6215259
0,0.48139796
1,0.9220202
1,0.6184197
1,0.9451008
1,0.94699997
1,0.9495755
1,0.88234067
0,0.11220047
1,0.8749875
1,0.8942097
1,0.8740865
0,0.096219525
1,0.5217049
1,0.49911737
0,0.26661247
0,0.19234754
1,0.5115133
1,0.9891811
1,0.9880042
1,0.9880042
0,0.15728156
0,0.39037415
0,0.09902456
0,0.18209437
1,0.9917891
1,0.9796122
1,0.9878592
0,0.4230855
0,0.46538493
0,0.1669654
1,0.69036716
1,0.80269426
0,0.5027419
0,0.5296359
1,0.83887607
1,0.6413155
1,0.6455066
0,0.39316168
0,0.4988284
1,0.7662794
0,0.11291218
0,0.070343696
0,0.40708885
0,0.44311574
0,0.4780023
1,0.39998338
1,0.6642734
1,0.5154386
1,0.93587446
0,0.42864245
0,0.27812335
0,0.23594998
0,0.23605657
0,0.3570499
0,0.17577791
0,0.30888423
0,0.2516727
1,0.72843236
0,0.078274034
0,0.36701217
1,0.76197106
0,0.15526523
0,0.12907559
0,0.35004598
1,0.26675943
1,0.55359674
0,0.6508393
0,0.33842736
1,0.9315589
1,0.4020114
0,0.2270128
0,0.31637448
1,0.91631025
0,0.30146998
1,0.8412994
0,0.08508872
0,0.1042755
0,0.10246078
0,0.10246078
1,0.9842792
1,0.6579003
1,0.4362267
1,0.86201143
0,0.5223065
1,0.56872153
1,0.33104002
0,0.27416193
0,0.20919524
1,0.77089125
0,0.5184796
1,0.25982186
0,0.1548466
0,0.4187007
1,0.88053936
0,0.41083142
1,0.9203328
1,0.92759633
1,0.84006906
1,0.92139655
0,0.328259
1,0.84940445
0,0.22113517
0,0.09074792
0,0.3763966
1,0.58192974
1,0.64497966
0,0.67200065
0,0.36334044
1,0.9266161
1,0.8845629
1,0.8974945
1,0.8878057
1,0.89707303
1,0.894823
1,0.5640824
1,0.6561785
0,0.7715944
1,0.32070455
0,0.11212466
0,0.10278282
1,0.82834536
1,0.8535573
1,0.92303604
0,0.12482309
0,0.3602576
1,0.63187957
1,0.4135391
1,0.54778194
1,0.654644
1,0.54778194
1,0.47777253
1,0.6976707
1,0.77044666
1,0.25572282
0,0.25078517
0,0.19199526
1,0.7556542
1,0.8876782
0,0.22030449
0,0.20308602
1,0.47619537
1,0.8366099
1,0.76927555
1,0.8575982
0,0.084989846
1,0.9460665
1,0.6295932
0,0.11584509
0,0.11584509
0,0.110618465
1,0.9850904
1,0.8412808
0,0.0785298
0,0.4514086
1,0.86405116
1,0.5353502
0,0.2280808
1,0.53105503
1,0.42185536
0,0.26472107
0,0.4310539
1,0.6055583
0,0.3899638
1,0.5116134
0,0.27513412
0,0.16381066
0,0.056359977
0,0.40233526
0,0.30026406
1,0.5438904
0,0.10698189
0,0.11100702
1,0.7985876
0,0.21649908
0,0.35219836
1,0.5858025
1,0.3462354
1,0.46120846
1,0.8554493
1,0.6802595
0,0.60677946
1,0.85549384
1,0.94082993
1,0.94082993
1,0.9259312
1,0.94082993
0,0.6894008
0,0.32515395
0,0.23368418
0,0.18609315
1,0.56161064
1,0.74619186
0,0.70597994
0,0.19482623
0,0.50570375
1,0.5177365
1,0.9680733
1,0.9782804
0,0.08935367
0,0.4973289
0,0.098015204
0,0.14815634
0,0.50017214
0,0.28030106
1,0.97034293
1,0.99304384
1,0.9935767
1,0.969436
1,0.99002117
1,0.9726744
1,0.99070483
1,0.98424983
1,0.98424983
1,0.65131086
1,0.40804696
1,0.96710783
1,0.731348
0,0.22731985
1,0.72768354
0,0.16173433
0,0.19518454
0,0.4608241
0,0.23464166
0,0.23530257
0,0.4846813
0,0.4846813
0,0.34390393
1,0.82551575
0,0.46985927
0,0.37435073
0,0.17384942
0,0.30084115
1,0.3741782
0,0.46382114
1,0.24058571
1,0.7345539
1,0.801455
1,0.9147179
1,0.48804653
1,0.44959623
1,0.81549287
1,0.92667
1,0.92101294
1,0.66510767
1,0.8914686
0,0.37798366
0,0.42604643
0,0.14110272
0,0.3406138
0,0.309717
0,0.72799844
0,0.306347
0,0.61123085
0,0.63436335
0,0.59890634
0,0.3460594
0,0.5076495
0,0.21398467
0,0.092965186
0,0.18948855
0,0.18333611
0,0.13166013
0,0.16438976
0,0.13166013
0,0.39724916
0,0.18333611
0,0.24459927
0,0.48857757
1,0.28375435
1,0.42959636
1,0.86208886
1,0.960981
1,0.27977708
0,0.4768819
0,0.24609862
0,0.19106165
0,0.19660628
1,0.8281482
1,0.30255225
1,0.32625306
0,0.21335137
0,0.08851026
1,0.4815055
1,0.74469036
0,0.23136565
0,0.13711941
0,0.3857902
0,0.093313545
0,0.10811541
0,0.11325946
0,0.15753499
0,0.25930664
0,0.23305869
0,0.2861646
1,0.38863504
0,0.116102576
0,0.061088383
0,0.085850745
0,0.26190826
1,0.24490318
0,0.27928767
0,0.3342981
0,0.2201892
1,0.91410965
1,0.91410965
1,0.99125403
1,0.99125403
0,0.2056819
1,0.7681424
1,0.8867866
0,0.5631227
1,0.7342147
1,0.65669197
1,0.83775604
1,0.54418886
1,0.55837625
1,0.5841826
1,0.9483103
1,0.8245771
1,0.7606659
1,0.74010015
1,0.8272621
1,0.5344744
1,0.79760146
1,0.76175976
0,0.47828978
0,0.44949427
0,0.23748864
1,0.910321
1,0.3542477
0,0.388139
0,0.33730936
1,0.5307895
1,0.7112252
0,0.59802824
0,0.19396158
1,0.7567603
0,0.28636998
0,0.41796717
1,0.83295393
0,0.11604753
0,0.11096556
0,0.5405652
1,0.84065264
1,0.545332
0,0.10188919
0,0.07109181
0,0.088854335
1,0.9814394
1,0.99742126
1,0.98677397
1,0.9949175
1,0.99742126
1,0.99588
1,0.9869621
1,0.99537754
1,0.9833151
1,0.99091536
1,0.9949175
1,0.99588
1,0.99588
1,0.99537754
1,0.98748547
1,0.99588
1,0.99362504
1,0.9814394
1,0.99588
1,0.9869621
1,0.98677397
1,0.9814394
1,0.99537754
1,0.65734994
0,0.14489947
0,0.09829159
0,0.2879317
0,0.21984366
0,0.053971026
0,0.5739467
0,0.10811541
0,0.11325946
0,0.15753499
0,0.25930664
0,0.19439887
1,0.9918383
1,0.94148546
1,0.9932354
1,0.63061243
0,0.4584608
0,0.03835261
0,0.18530169
0,0.52710444
0,0.32922307
0,0.20764937
1,0.46487164
0,0.12103444
0,0.25290638
1,0.3964942
0,0.20657253
1,0.86193496
1,0.6158038
0,0.15352245
0,0.13273987
0,0.067642316
0,0.1644755
0,0.4221062
0,0.28607443
1,0.75674856
0,0.18101946
0,0.035884343
0,0.081871405
1,0.945977
1,0.9846229
1,0.8552367
1,0.9846229
1,0.9502942
1,0.7633743
1,0.9755441
1,0.97491926
1,0.93017024
1,0.965872
1,0.93914044
1,0.9846229
1,0.953277
0,0.12582806
1,0.5433341
1,0.46096972
1,0.97150946
1,0.9975594
0,0.2833856
1,0.6759962
1,0.88754976
0,0.48121202
0,0.21846549
0,0.14215621
0,0.16635574
0,0.26052085
0,0.26659134
0,0.18951827
0,0.24134551
0,0.42849103
0,0.044969134
1,0.7094316
1,0.8883781
1,0.6301239
1,0.5090866
1,0.29130855
1,0.9136758
0,0.7145779
1,0.41268662
1,0.45819902
0,0.42633155
1,0.7200648
0,0.21898907
1,0.93234164
0,0.15121849
0,0.33862653
0,0.3039225
1,0.91594386
1,0.9359268
0,0.22343957
1,0.58036834
0,0.50346816
0,0.043920014
0,0.07420103
0,0.16657034
1,0.8581368
1,0.91986203
0,0.3722296
0,0.2327732
0,0.15492211
1,0.15348879
0,0.06346825
0,0.10067059
0,0.17935432
0,0.2285944
0,0.29259738
0,0.13139257
0,0.28536618
1,0.8304967
1,0.87177956
1,0.22780697
0,0.36309645
0,0.3243679
1,0.50998706
1,0.57952917
1,0.74052346
1,0.8738187
0,0.13823815
0,0.13973668
0,0.25777316
1,0.93812263
1,0.95944256
1,0.44720802
1,0.622272
1,0.48407224
1,0.53563744
1,0.75812876
1,0.75812876
0,0.25090295
1,0.7019407
0,0.5073398
1,0.87598246
0,0.50962377
0,0.2544867
1,0.91371566
0,0.1968319
1,0.4268346
0,0.12076496
0,0.2930019
0,0.26221964
0,0.44487748
1,0.9252551
1,0.9252551
0,0.056107644
0,0.7222988
0,0.2207099
0,0.29763055
0,0.23017308
0,0.49829608
0,0.1556121
1,0.4561896
0,0.38947344
0,0.19852349
1,0.34011143
1,0.8664685
1,0.7092332
1,0.45091665
0,0.30651382
0,0.12876345
1,0.69966984
0,0.5106796
0,0.16653486
0,0.16653486
0,0.33146912
1,0.592729
0,0.38714656
0,0.50861806
1,0.7762236
1,0.34317392
0,0.23233485
0,0.24113472
0,0.28762951
1,0.6200107
1,0.8101843
0,0.18348822
0,0.23401384
0,0.14576413
0,0.12455191
0,0.1928986
0,0.18890244
1,0.92543966
0,0.15920103
0,0.50064707
1,0.62722254
1,0.77450573
1,0.3546147
1,0.7741644
1,0.9521274
0,0.14740936
1,0.18498887
0,0.07893246
0,0.16390918
1,0.6957835
0,0.5029485
0,0.17158425
0,0.22259636
1,0.8271297
0,0.10480924
1,0.639044
0,0.4637069
1,0.72423685
1,0.6827446
0,0.19850372
0,0.118726805
1,0.42579415
1,0.99135536
1,0.8188652
1,0.8373911
0,0.2850819
0,0.14631635
0,0.2201825
0,0.18211824
0,0.05452736
0,0.19488871
0,0.2664015
1,0.9666936
1,0.811961
1,0.7474756
1,0.70105237
1,0.7401461
0,0.2743153
1,0.43319437
1,0.97290534
0,0.20485745
0,0.47970384
0,0.22985995
1,0.8731299
1,0.4884421
0,0.4250937
0,0.3819327
1,0.7025006
0,0.36211517
0,0.09403565
0,0.17863382
0,0.21157904
1,0.4850196
0,0.1521721
1,0.76750994
1,0.81723034
1,0.8943868
1,0.6267601
0,0.356491
1,0.56939507
0,0.57372123
0,0.12541322
0,0.22992678
0,0.37070236
0,0.24824941
0,0.47634235
1,0.6228051
0,0.35335118
1,0.7123958
0,0.18518005
0,0.15516803
0,0.20087154
0,0.6481296
1,0.6364429
0,0.31228825
0,0.18205559
1,0.89557016
1,0.1748276
0,0.38728955
1,0.7523847
0,0.23177852
0,0.091338046
0,0.21360014
1,0.9912072
1,0.42406127
0,0.33652693
0,0.28400862
1,0.9844854
1,0.9665688
1,0.9939818
0,0.4367895
0,0.47969693
1,0.84648854
1,0.9684787
0,0.05231193
0,0.104598805
0,0.072753064
1,0.98456013
0,0.0281512
0,0.3163807
0,0.08885852
1,0.90587234
0,0.51036304
1,0.72335994
0,0.2695102
1,0.9558548
0,0.081489004
1,0.3629412
1,0.75964266
1,0.75629854
1,0.6578363
1,0.72079265
1,0.7489081
0,0.4239465
1,0.5792779
1,0.9434955
0,0.2551584
0,0.15468554
0,0.11768958
1,0.82184476
1,0.8254662
0,0.18448174
0,0.07282823
0,0.1605123
0,0.14750622
1,0.53002936
1,0.33434272
1,0.28733644
1,0.77118707
1,0.7175825
1,0.60468096
0,0.1405802
1,0.72629595
0,0.16816232
1,0.79561883
0,0.3223073
1,0.6157499
1,0.9927408
0,0.31723434
1,0.51385814
1,0.54956454
1,0.7253758
1,0.5374799
0,0.06588712
1,0.5794903
1,0.8309216
0,0.34356105
0,0.27138585
0,0.3182212
0,0.08405293
1,0.6011622
0,0.56818867
1,0.9460419
1,0.9500341
1,0.8741307
0,0.3509382
0,0.12912273
0,0.12214456
1,0.68802863
0,0.35825372
0,0.19787218
0,0.39187884
1,0.32600415
1,0.64929086
1,0.76346177
1,0.72065336
1,0.72065336
1,0.47467998
1,0.31663817
1,0.7746528
0,0.51436067
1,0.7358211
1,0.85570395
1,0.85570395
1,0.6214855
1,0.9858197
1,0.9789733
0,0.47967258
1,0.57066256
1,0.36616406
0,0.44605148
1,0.51791507
0,0.16966338
0,0.46691552
0,0.1462974
1,0.98129946
1,0.88566583
0,0.27295813
0,0.29968718
0,0.27295813
0,0.15104854
0,0.051625095
0,0.05356816
0,0.25447935
1,0.6401052
0,0.13525479
0,0.47486973
1,0.9123029
1,0.7440437
1,0.63710135
1,0.7542844
1,0.7541275
0,0.24312033
0,0.296084
0,0.06862997
1,0.911481
1,0.81144917
0,0.59651774
0,0.1359287
1,0.8874409
1,0.63825625
0,0.35465652
0,0.45545617
1,0.2668679
0,0.15514354
0,0.17243949
0,0.2957695
0,0.47149962
0,0.4443989
1,0.5851946
0,0.5987965
0,0.44015035
0,0.60432947
1,0.8362983
0,0.23705982
1,0.6306374
1,0.87669647
0,0.44473258
1,0.89950794
1,0.6223681
0,0.26603293
0,0.33670488
0,0.1222494
0,0.181458
0,0.25408128
0,0.24943234
1,0.6233665
1,0.9063312
1,0.84830093
1,0.86127406
0,0.09487225
1,0.9186748
0,0.06710307
1,0.45649952
1,0.76153165
1,0.44528648
1,0.7654496
1,0.50881195
0,0.3635259
1,0.9634394
0,0.3270391
1,0.75475633
1,0.7166461
1,0.96418023
1,0.7530004
1,0.96418023
1,0.94324183
1,0.8823558
1,0.8399058
1,0.8435314
1,0.91573274
1,0.74287707
1,0.23573224
0,0.40900415
1,0.47395933
0,0.38092455
0,0.23397975
0,0.25612438
1,0.60061836
1,0.523272
1,0.523272
1,0.47868195
1,0.4055214
1,0.8234708
1,0.8157473
1,0.90876955
0,0.19765371
0,0.10030363
1,0.8207282
1,0.7427085
1,0.460223
0,0.38151616
0,0.3684104
1,0.93955487
0,0.25762323
1,0.96364737
0,0.07320554
0,0.47865352
0,0.2775862
1,0.5612909
0,0.25443345
1,0.8295538
1,0.4196733
0,0.28723246
0,0.37055168
1,0.7724961
1,0.75263214
1,0.48340154
0,0.35176644
0,0.36062926
1,0.95887375
1,0.6891461
1,0.3997705
1,0.51945144
0,0.20194
0,0.20323613
1,0.73918015
0,0.34891468
1,0.30220175
0,0.012731714
0,0.02846641
0,0.054336794
0,0.020603465
0,0.04016318
0,0.05266605
0,0.06444533
0,0.06444533
0,0.020031167
0,0.02523432
0,0.035645794
0,0.03833954
0,0.017210519
0,0.014081231
0,0.06444533
0,0.020031167
0,0.014081231
0,0.011912727
0,0.010157104
0,0.010157104
0,0.031502582
0,0.044692293
0,0.010157104
0,0.017210519
0,0.010157104
0,0.014932918
0,0.06542186
0,0.116354704
0,0.09487071
0,0.011612688
0,0.014363732
0,0.011612688
0,0.36176905
0,0.22206543
0,0.28125486
0,0.26924095
0,0.459152
1,0.41990447
0,0.6475646
1,0.89284885
0,0.30935925
1,0.75721043
1,0.60720766
1,0.6816749
1,0.5631307
1,0.8135221
1,0.8897781
1,0.88925874
1,0.7626339
1,0.7553949
0,0.69688684
1,0.39689666
0,0.16753402
0,0.12180484
1,0.61623204
0,0.3466559
0,0.5637671
0,0.39253804
0,0.14352614
0,0.15433683
0,0.27312943
0,0.28194082
1,0.43625456
0,0.2203819
0,0.5704387
1,0.9365114
0,0.1332616
1,0.86171955
1,0.91449016
1,0.87877154
1,0.85279566
1,0.72129303
1,0.8120346
1,0.906637
1,0.91449016
1,0.8140668
1,0.75094986
0,0.6794225
0,0.4196304
0,0.36936796
0,0.15832764
1,0.69917357
0,0.44999197
0,0.6062743
1,0.5221341
1,0.42938
1,0.8673366
0,0.2389235
0,0.2862215
1,0.7209019
1,0.52908355
0,0.2535536
0,0.2592869
1,0.49502644
0,0.18219943
1,0.38085255
1,0.9055379
1,0.70909894
0,0.24178125
1,0.9257946
0,0.1793458
1,0.8824149
1,0.64158046
1,0.7016012
0,0.29805303
1,0.4442108
0,0.23287214
0,0.2957311
0,0.47470862
1,0.58592063
1,0.3218699
1,0.99446684
0,0.2576337
0,0.21904196
1,0.8777964
1,0.34728998
1,0.6331234
1,0.3172216
0,0.19376469
1,0.76034033
1,0.6351922
1,0.68340766
1,0.8050188
0,0.21867666
1,0.9243248
1,0.7818398
1,0.64384264
1,0.7514747
0,0.27928516
0,0.14696282
0,0.16408047
0,0.17140047
0,0.581885
1,0.84968114
0,0.21863168
0,0.10910121
0,0.8759522
1,0.26879984
0,0.16089569
0,0.18407825
1,0.49923667
0,0.16012022
0,0.079004385
1,0.71467286
1,0.97442067
1,0.9410199
1,0.56053984
1,0.27783307
1,0.8676665
0,0.31287548
0,0.34318414
0,0.31287548
0,0.5383818
0,0.31287548
0,0.47698617
0,0.3124577
0,0.34318414
0,0.47698617
0,0.34318414
0,0.47698617
1,0.7363485
0,0.40987796
0,0.37206626
0,0.21067901
1,0.8217842
1,0.36630464
1,0.7765579
0,0.72365683
0,0.12653767
1,0.731934
0,0.43857774
0,0.110494256
0,0.46580264
0,0.13054699
1,0.36537808
0,0.5162878
0,0.45504668
0,0.12395102
1,0.49808013
0,0.083366334
1,0.62430865
1,0.4815055
1,0.6595566
1,0.65599036
0,0.23487954
0,0.1645868
0,0.4768235
0,0.45296508
1,0.689605
1,0.7805408
0,0.41478407
0,0.43820605
1,0.28442138
0,0.1204967
0,0.11029397
1,0.29470113
0,0.28065926
0,0.33728522
0,0.06219271
0,0.2739407
0,0.16237733
1,0.9880028
0,0.52150494
0,0.21097364
1,0.93318623
0,0.36584303
0,0.12156233
1,0.5716398
1,0.9311243
1,0.9225765
1,0.9562706
0,0.42930233
0,0.11821204
0,0.043387774
0,0.04322224
0,0.28285414
1,0.65905017
0,0.3671063
0,0.28763783
0,0.28763783
0,0.24000877
1,0.704837
0,0.34568763
1,0.8064207
0,0.1140349
1,0.9260866
1,0.8615784
1,0.33377936
1,0.4956578
1,0.47708488
0,0.5195054
0,0.2900374
0,0.269906
0,0.30246127
0,0.31754446
0,0.31754446
0,0.24854062
0,0.2900374
0,0.13050759
0,0.2811586
0,0.28453583
0,0.21434611
0,0.30507946
1,0.75608146
1,0.75608146
1,0.5081969
0,0.16461712
1,0.9959162
0,0.292689
0,0.47716585
0,0.3204454
0,0.15514195
0,0.39552468
0,0.30134907
1,0.9255738
1,0.90332526
0,0.19932948
0,0.34680396
0,0.34680396
1,0.7764539
1,0.93529755
0,0.1347396
1,0.7771279
1,0.98796624
0,0.22263616
1,0.37806857
0,0.46212542
0,0.4116475
1,0.8719179
1,0.61483735
1,0.61483735
1,0.8652556
1,0.8676326
1,0.7332786
1,0.7663479
1,0.60534984
1,0.6321021
1,0.49138764
1,0.78565633
0,0.13582337
0,0.07698464
0,0.1118524
0,0.4106103
0,0.23496354
0,0.23229966
0,0.232498
0,0.35264233
1,0.8151505
0,0.28618097
1,0.7358805
0,0.09051262
1,0.6333329
1,0.6333329
0,0.39086118
0,0.6095878
0,0.49786493
0,0.60952157
0,0.7567147
0,0.60952157
0,0.5449664
1,0.91563386
1,0.7322533
1,0.85246044
1,0.6095878
1,0.7167894
1,0.7322533
1,0.82697695
1,0.5449664
1,0.85246044
1,0.60952157
1,0.85246044
1,0.88624495
1,0.88983625
1,0.7567147
1,0.29958463
0,0.17296897
0,0.35531092
0,0.4282147
0,0.36623666
0,0.08260089
0,0.108923934
1,0.9636323
1,0.96411693
0,0.22845925
0,0.080300085
1,0.5503878
1,0.22652422
1,0.53534406
0,0.109096095
0,0.085382946
0,0.3329977
1,0.6258301
1,0.17270914
0,0.2601479
0,0.025142193
0,0.1770954
1,0.95290387
0,0.3014807
1,0.99259394
0,0.42696306
1,0.52739275
1,0.9244389
1,0.9929663
1,0.9037782
1,0.7125666
1,0.60208374
1,0.7065898
1,0.75836134
1,0.86451745
1,0.7408588
1,0.7347929
1,0.64175177
1,0.6081334
1,0.29664138
0,0.24797405
0,0.3612555
1,0.6774386
1,0.97220415
1,0.38819915
1,0.3919918
0,0.15773654
1,0.88852406
0,0.21671149
0,0.35533458
1,0.49704438
1,0.7981484
1,0.7770836
0,0.5886199
0,0.28232127
0,0.19880673
0,0.30517027
1,0.98366666
1,0.98463136
1,0.99120456
1,0.98366666
0,0.110881515
0,0.29671857
0,0.3157792
0,0.018591426
1,0.57660407
1,0.6328658
0,0.22669801
1,0.89918256
1,0.734622
1,0.93286836
0,0.24633062
0,0.19601826
1,0.9452935
0,0.43419367
1,0.7004228
0,0.18970317
1,0.68402994
0,0.6625132
1,0.6147976
1,0.3891926
1,0.57728887
0,0.075843826
0,0.17258246
1,0.8616774
0,0.24408785
1,0.7546414
0,0.18763642
0,0.29208344
1,0.9718149
1,0.97827816
1,0.9883527
0,0.34288076
0,0.34288076
1,0.53865486
0,0.3628533
0,0.36483428
0,0.6900553
0,0.4859798
1,0.6736605
0,0.2773967
0,0.25210693
0,0.16439271
1,0.78458196
0,0.24496898
0,0.58310527
0,0.39747643
0,0.2277791
0,0.59143317
0,0.15762755
0,0.40945384
0,0.4243674
1,0.44333747
0,0.26554236
1,0.502806
0,0.2777037
0,0.29296997
1,0.5558819
0,0.47305027
1,0.2555455
1,0.15600039
0,0.060706608
0,0.3510365
0,0.11129277
0,0.57388633
0,0.5342077
1,0.9287072
1,0.9835137
0,0.087014414
0,0.10753672
1,0.6613441
0,0.25446343
1,0.96422434
0,0.59022474
0,0.24409214
1,0.80735636
1,0.34240627
1,0.93065804
0,0.07840492
0,0.27280504
0,0.5623458
0,0.37693736
0,0.48889574
0,0.18481739
0,0.13996345
1,0.39367944
0,0.2720574
0,0.72374773
0,0.34428805
1,0.8380648
0,0.3512344
0,0.24315426
0,0.10351176
0,0.39821365
0,0.42805943
1,0.712754
0,0.2522222
0,0.51604176
0,0.236727
1,0.58928025
0,0.23823898
0,0.103460625
1,0.9403207
1,0.9764376
0,0.7079209
1,0.93639994
1,0.18054134
0,0.13105372
0,0.39038676
1,0.50970757
1,0.6398599
0,0.2705808
1,0.37975743
1,0.2288065
0,0.22974345
1,0.90352404
0,0.2911481
1,0.352051
1,0.42557186
1,0.8188488
1,0.9542955
1,0.94805276
1,0.94805276
1,0.94805276
1,0.94805276
1,0.94805276
1,0.94805276
1,0.12643923
1,0.4810834
1,0.99093086
0,0.39466622
0,0.21112742
0,0.17614487
0,0.09640506
0,0.29848886
1,0.31663403
0,0.08391555
0,0.45169118
0,0.52291745
1,0.31023127
1,0.45716846
1,0.9058774
1,0.7766699
1,0.79669553
1,0.70623225
1,0.5560302
0,0.2916438
1,0.8120694
1,0.6706866
1,0.36614537
0,0.38375953
1,0.9178419
0,0.10679814
1,0.23139395
0,0.07330006
1,0.6513963
1,0.6638858
0,0.32612258
1,0.26597726
1,0.8053292
0,0.12806165
1,0.63122386
0,0.04207413
0,0.15659894
1,0.71380985
0,0.35134178
1,0.64973605
0,0.2126784
0,0.11577919
0,0.14486252
1,0.5781801
0,0.06667423
0,0.32214484
1,0.86099935
1,0.98175025
0,0.34352082
1,0.93133944
1,0.8651518
0,0.09304752
1,0.99015546
0,0.20139833
0,0.18539515
0,0.07938645
0,0.21414392
1,0.81930786
1,0.43285573
0,0.15469603
0,0.20848049
1,0.99583936
0,0.19609475
1,0.62226796
1,0.642293
1,0.29103187
1,0.5484932
0,0.385133
0,0.15779391
0,0.10075966
1,0.71086365
1,0.61603665
0,0.1700894
0,0.22752336
0,0.18271345
0,0.10703306
1,0.73383266
0,0.1679452
0,0.37277174
0,0.37277174
1,0.81557524
0,0.38727066
1,0.9835994
1,0.99422944
1,0.99422944
1,0.99422944
1,0.99422944
1,0.99422944
0,0.47627744
0,0.6874211
0,0.68232167
0,0.47627744
1,0.75396436
1,0.7902805
1,0.71642965
1,0.68232167
1,0.47627744
1,0.82172745
1,0.82172745
0,0.90455747
1,0.70214444
1,0.76915497
0,0.16963056
0,0.24721837
1,0.29397216
0,0.4111895
1,0.71354336
0,0.14326939
1,0.3368576
0,0.13830456
0,0.27860248
0,0.24560097
1,0.705508
1,0.7423223
1,0.58112955
1,0.56874835
0,0.15427111
1,0.7968871
1,0.6545943
0,0.24300279
0,0.1596976
1,0.43053713
1,0.9991804
1,0.9939038
1,0.9939038
1,0.9939038
0,0.12167313
1,0.93094265
1,0.95807403
1,0.29886386
1,0.7255373
1,0.28133652
0,0.6963739
0,0.2656117
0,0.3973207
0,0.31586456
0,0.15140472
0,0.25622907
0,0.13291626
0,0.13291626
0,0.09858539
1,0.99626535
0,0.15326253
1,0.81394404
1,0.5960757
1,0.62673813
0,0.52837324
1,0.960662
1,0.86706936
0,0.7040853
1,0.7399462
1,0.9897022
0,0.19689883
0,0.23165251
0,0.1172339
1,0.7995449
1,0.56867784
1,0.59303874
1,0.5362934
1,0.7168296
1,0.8932141
1,0.9521391
1,0.72228783
1,0.78994846
1,0.78994846
1,0.49071983
0,0.3786826
0,0.13077869
0,0.3142148
0,0.119041
0,0.301988
0,0.11614895
1,0.96190035
1,0.96190035
1,0.8802234
1,0.79456025
0,0.045727726
0,0.1483094
0,0.247925
1,0.8148404
1,0.7673917
0,0.54205155
1,0.7439761
0,0.17928974
0,0.37508178
0,0.14050941
1,0.7729316
1,0.9814524
0,0.19075017
0,0.25765842
1,0.65790766
1,0.6331713
0,0.655363
1,0.39371797
0,0.18627064
0,0.20971294
0,0.13096629
1,0.29403558
1,0.4913262
1,0.97355324
1,0.9826319
1,0.9451021
1,0.9015594
1,0.9451021
1,0.97355324
1,0.97355324
1,0.93195397
1,0.93195397
1,0.9806942
1,0.9806942
1,0.9077976
1,0.9077976
0,0.60244775
0,0.67691255
1,0.66221476
0,0.104450285
0,0.1709289
0,0.104450285
0,0.47195056
0,0.29100418
0,0.3027283
1,0.6216642
0,0.23062731
0,0.26809737
0,0.25320992
1,0.7841983
1,0.7593496
1,0.7715098
1,0.526907
0,0.18513347
0,0.528706
1,0.23773587
1,0.7786374
0,0.27311566
1,0.41479126
0,0.40502244
0,0.22293265
0,0.23313615
0,0.15899353
1,0.60149246
0,0.1095626
0,0.6363301
0,0.41486293
1,0.4891019
0,0.23115934
0,0.39532685
1,0.7476331
0,0.22800018
0,0.24532346
1,0.90132475
1,0.8313321
0,0.8643846
1,0.30275303
1,0.75482315
0,0.09324975
0,0.25038666
0,0.51188046
0,0.15769948
0,0.07329653
0,0.06929138
0,0.06552501
0,0.06552501
0,0.23335494
0,0.49262074
1,0.8535573
0,0.18913679
0,0.15530777
0,0.11982656
0,0.3112814
1,0.34853917
0,0.20237304
0,0.7234738
0,0.19011943
1,0.62411827
0,0.2160668
0,0.306877
1,0.8639298
1,0.3403326
0,0.07131861
1,0.77674955
1,0.71988326
0,0.16730274
0,0.15940677
1,0.65824
1,0.84697044
1,0.530228
0,0.2965731
0,0.2079147
0,0.34557405
0,0.40621492
1,0.42421547
1,0.9462824
0,0.2947058
1,0.54780084
1,0.75587344
0,0.16656269
0,0.7532197
1,0.7915188
1,0.5944937
1,0.8359332
1,0.7746443
1,0.45119518
1,0.31616405
0,0.3763071
0,0.4983564
0,0.3247472
1,0.48116487
1,0.6822393
0,0.4966058
1,0.9498571
0,0.25564817
0,0.17865618
0,0.14653423
0,0.18149982
0,0.416866
0,0.46697864
0,0.32145712
1,0.7427309
0,0.14917123
0,0.45421088
0,0.49816078
1,0.98809683
1,0.7839854
1,0.7348006
0,0.016769577
0,0.031623125
0,0.4120427
0,0.27470514
1,0.6557959
0,0.6078567
1,0.4493324
1,0.74327314
0,0.47406352
0,0.03274694
0,0.13497959
1,0.87763894
0,0.05832805
1,0.8174678
1,0.67338383
1,0.6344864
1,0.33210367
1,0.31533042
0,0.033098903
1,0.58912593
0,0.27777177
1,0.47546256
1,0.88355654
1,0.88355654
1,0.46834505
0,0.42593354
1,0.5670782
1,0.8867349
1,0.8867349
0,0.2039925
1,0.60925835
1,0.62783116
1,0.81375897
0,0.53165513
0,0.11312953
1,0.90160733
1,0.28373468
1,0.2752892
1,0.7713461
0,0.19909596
0,0.26825202
0,0.2952321
0,0.45302227
0,0.07471617
1,0.70402735
0,0.23893407
0,0.19046076
0,0.24748263
1,0.5859798
0,0.1932481
0,0.21523017
0,0.15047917
1,0.47423267
0,0.08517255
0,0.08574808
0,0.19046763
0,0.22591612
1,0.919635
1,0.42841482
1,0.7103021
1,0.8967943
1,0.97910017
1,0.9719464
1,0.9824165
1,0.97910017
1,0.9792358
1,0.98093075
1,0.9824165
0,0.46653727
0,0.20869483
0,0.43557066
1,0.9070468
1,0.55121803
1,0.97031015
0,0.13704821
1,0.3547537
0,0.29956797
1,0.77096504
1,0.5450009
1,0.7601746
1,0.46266985
1,0.71537095
0,0.22760725
1,0.42925256
1,0.45712015
1,0.6533161
1,0.45688888
1,0.72011286
0,0.26614067
0,0.22283274
1,0.93550533
1,0.93550533
1,0.9595642
1,0.93550533
1,0.8744259
1,0.61327946
1,0.61327946
1,0.54320914
1,0.9547932
1,0.38660276
1,0.38660276
0,0.12372
0,0.1601024
0,0.11574669
0,0.12744895
1,0.9841808
1,0.9495151
1,0.95589507
0,0.21748322
0,0.15264139
1,0.36078393
0,0.44396928
0,0.2345209
0,0.14149426
0,0.64933825
0,0.066799216
0,0.29479006
0,0.17188632
0,0.25452402
1,0.9883989
1,0.70171463
1,0.94005394
0,0.25906864
0,0.4422291
0,0.13417882
0,0.2922828
1,0.5627819
1,0.6037084
1,0.61146474
1,0.968258
1,0.3568825
1,0.63080096
1,0.63080096
0,0.28210527
0,0.13605972
1,0.76767737
1,0.6098298
1,0.6968356
0,0.19358687
1,0.5987306
0,0.20193271
0,0.36729136
0,0.14581679
0,0.20636857
0,0.33780333
1,0.6232066
1,0.47743264
0,0.42933014
1,0.46187395
1,0.45728162
0,0.17296013
0,0.2260989
0,0.21231306
0,0.43614426
0,0.060039915
1,0.8143934
1,0.579783
1,0.7185461
0,0.124901325
0,0.5262689
1,0.77125996
0,0.21184096
1,0.9809279
1,0.9809279
0,0.79134846
0,0.11326033
1,0.7235984
0,0.15012684
1,0.80746394
1,0.80746394
1,0.6816185
0,0.14400202
0,0.20477562
0,0.39865607
0,0.18969941
1,0.6614656
1,0.8134964
0,0.4691948
0,0.31825817
0,0.22619912
0,0.23421293
1,0.6559596
0,0.1629408
0,0.35538414
0,0.0589539
1,0.8383729
1,0.58580035
0,0.26228166
0,0.197116
1,0.4666991
1,0.6579084
0,0.22450207
1,0.86319035
0,0.20187809
0,0.292814
0,0.2387781
1,0.56869286
0,0.35875115
0,0.08471083
0,0.16809484
0,0.1801002
1,0.652179
1,0.8293889
0,0.21959408
1,0.6778353
0,0.2714329
1,0.70080584
1,0.31803876
0,0.1487066
0,0.097477935
0,0.40791664
1,0.9841733
1,0.99344444
1,0.99259347
1,0.99258876
1,0.9945569
1,0.99600005
1,0.99245244
1,0.99258876
1,0.99730766
1,0.98869145
1,0.98103803
1,0.98611486
1,0.99035394
1,0.98611486
1,0.97652644
1,0.99344444
1,0.9783025
1,0.98103803
1,0.97419894
0,0.04288334
0,0.1796661
1,0.32894015
1,0.8313963
0,0.20075911
1,0.24013415
0,0.27667332
0,0.28777176
0,0.5210635
1,0.81129736
1,0.76750994
1,0.9692467
1,0.5277182
0,0.27763435
1,0.7453224
1,0.9076951
0,0.18858019
1,0.699912
1,0.4067375
1,0.5309319
0,0.2403298
0,0.14152664
0,0.2873148
1,0.7679872
0,0.163433
0,0.08900205
0,0.11389622
1,0.75412464
1,0.8190365
1,0.6033028
1,0.6983065
0,0.3968595
0,0.18610276
1,0.3942327
0,0.31389555
0,0.077164866
0,0.28929728
1,0.33093724
1,0.6067794
0,0.5466961
0,0.18232627
1,0.63934034
1,0.39234948
0,0.069653384
0,0.07552517
1,0.42502975
1,0.43862897
0,0.2339557
0,0.1585124
0,0.16194782
1,0.9790806
0,0.48523596
0,0.2972305
0,0.24796969
0,0.48025873
1,0.49907285
1,0.90922487
1,0.88423675
1,0.8541416
1,0.93536234
0,0.21047941
0,0.14923574
0,0.20922457
0,0.19400613
1,0.8917818
0,0.28968474
1,0.8450214
1,0.72621465
1,0.50071394
1,0.96221054
1,0.9911323
1,0.99029255
0,0.11765443
0,0.3721611
0,0.10074316
0,0.15479438
1,0.479657
0,0.081317574
0,0.35317153
1,0.5927982
1,0.5541923
1,0.63282084
1,0.5301612
1,0.6897577
1,0.629635
0,0.21008886
1,0.7452788
1,0.40605158
1,0.5304091
1,0.6941399
0,0.30694717
0,0.12512563
0,0.3498017
0,0.15733413
0,0.13760842
0,0.3254872
0,0.31050622
0,0.5502457
0,0.5004364
1,0.85621184
1,0.6797547
0,0.4522465
1,0.6645675
1,0.83781564
1,0.3051722
1,0.89860684
1,0.66294533
1,0.2967192
1,0.55280006
1,0.6626171
0,0.704956
1,0.9276679
0,0.15841904
1,0.8070083
1,0.47139585
0,0.2824398
0,0.26117384
0,0.30718416
0,0.42303976
1,0.5177318
0,0.29291317
0,0.30853888
1,0.84440106
1,0.7462716
1,0.8691869
1,0.70718825
1,0.27968663
1,0.54778075
1,0.76154214
0,0.41741893
0,0.25402927
0,0.4638094
1,0.6703766
1,0.6703766
0,0.48211333
0,0.066481434
1,0.4230833
1,0.48083782
1,0.38863266
1,0.7089194
1,0.32343793
0,0.1360953
1,0.42028454
0,0.19750819
1,0.70858514
1,0.5571686
1,0.8977865
1,0.8484751
1,0.8698742
1,0.920174
1,0.84033847
1,0.7042318
1,0.8336498
0,0.31680954
0,0.07543186
1,0.6188391
1,0.8974649
0,0.49878642
0,0.0978985
0,0.09188195
1,0.40487334
1,0.83340013
0,0.21561481
0,0.08494314
1,0.6684923
1,0.38412777
1,0.35815164
1,0.7103046
0,0.31508145
1,0.5829541
0,0.5314293
1,0.8684343
1,0.26097965
0,0.25347534
0,0.25278336
0,0.30286658
0,0.3760887
0,0.51275915
1,0.5580532
1,0.36188516
0,0.26128182
0,0.3189042
0,0.37154242
1,0.9465985
0,0.47420937
1,0.6315132
1,0.7060334
0,0.12666228
0,0.12666228
0,0.36085987
0,0.22627066
0,0.14085728
0,0.24483359
0,0.24485943
0,0.1794612
0,0.3276789
0,0.042135354
0,0.078759775
0,0.12658827
0,0.127374
1,0.54956275
1,0.9888679
1,0.7169958
1,0.8035909
0,0.3926622
0,0.05307001
0,0.5336893
1,0.7021625
1,0.5144073
0,0.22411805
0,0.5468287
1,0.5438526
0,0.24516016
0,0.34795922
0,0.3426228
0,0.49647903
0,0.31737086
0,0.1377701
0,0.061463997
0,0.1394589
0,0.15073264
0,0.12723552
0,0.12723552
0,0.037986457
1,0.8090463
1,0.3023882
1,0.3354301
0,0.40547815
1,0.7684141
1,0.66270506
0,0.45979577
0,0.4813993
0,0.38285434
0,0.55460894
0,0.25059265
0,0.21905604
0,0.34935576
0,0.51474917
1,0.95996004
1,0.8105337
1,0.8175556
1,0.36003345
1,0.63946116
1,0.51556295
1,0.51556295
1,0.9021777
1,0.53635854
1,0.844578
1,0.5670471
1,0.5557933
1,0.8163105
1,0.24893814
1,0.5171863
1,0.69493365
0,0.1615153
0,0.19749042
1,0.55841804
0,0.2000024
0,0.11641247
1,0.56548077
0,0.58696055
0,0.46153718
0,0.24358773
0,0.309089
1,0.73316634
0,0.18945399
1,0.99073166
1,0.99073166
1,0.8106753
1,0.9689141
0,0.07349162
1,0.7639814
0,0.14862607
1,0.9168118
1,0.9168118
0,0.25360185
0,0.2345674
0,0.2345674
0,0.081543215
1,0.9387984
1,0.9387984
0,0.26225013
1,0.99076873
0,0.16474472
1,0.86137223
0,0.34577945
0,0.33536768
0,0.54521525
1,0.54521525
0,0.14003333
1,0.83749056
1,0.5534054
0,0.14677496
1,0.4724408
1,0.6056225
1,0.91614944
1,0.95766616
0,0.14491159
0,0.086333595
0,0.11430597
0,0.06432685
1,0.74131966
0,0.13783234
1,0.43379873
1,0.87443966
1,0.725978
1,0.6656222
1,0.47600216
1,0.6656222
1,0.69228595
1,0.5358968
1,0.66679204
1,0.5414403
1,0.6357785
1,0.5337617
1,0.6289781
1,0.51609236
1,0.6877672
1,0.7463537
1,0.5543798
1,0.53180116
0,0.19588794
0,0.12633097
1,0.2085877
0,0.4236603
1,0.95632833
0,0.18718931
0,0.16099721
0,0.29712227
1,0.3314635
1,0.3237964
1,0.49979588
1,0.4991314
1,0.8019264
1,0.7984882
1,0.5710786
1,0.38204366
0,0.36159196
0,0.37743357
1,0.30477676
0,0.2930104
0,0.39308757
0,0.39308757
0,0.43315822
0,0.4998141
1,0.9170774
1,0.8675877
1,0.9453353
1,0.91387415
1,0.8675877
1,0.9183017
1,0.6576279
1,0.9183017
1,0.8629001
1,0.84420276
1,0.9014777
1,0.9165711
0,0.16492286
1,0.7119895
1,0.6329312
0,0.07785455
0,0.44796315
0,0.19414598
0,0.28553733
0,0.77790654
0,0.20276377
0,0.049970463
0,0.037733182
0,0.18263678
1,0.9186591
0,0.26767418
0,0.33360213
1,0.95538074
0,0.42658097
1,0.74378544
1,0.81624115
0,0.17713252
1,0.6465631
1,0.82351863
0,0.25692296
0,0.45528945
0,0.3379759
1,0.65951383
1,0.6511075
1,0.35063893
1,0.5086033
1,0.6799347
1,0.6977747
1,0.70493513
0,0.27258772
1,0.54760057
0,0.2511975
1,0.75440806
0,0.2852569
0,0.3738267
0,0.28082266
1,0.86587757
0,0.3482972
0,0.03716584
0,0.21921703
0,0.26402354
0,0.07325261
1,0.90937173
1,0.678352
1,0.6768258
0,0.33007538
1,0.29800904
0,0.61005217
1,0.67440194
1,0.5417872
1,0.69104016
1,0.69104016
0,0.10030141
0,0.36126986
1,0.15532306
1,0.33126134
0,0.39244574
0,0.42247704
1,0.86515903
0,0.30448925
0,0.47249594
0,0.31494856
1,0.7124204
1,0.57726085
0,0.33493125
0,0.12366695
0,0.120889895
1,0.66571605
0,0.1719588
0,0.08680554
0,0.06831846
0,0.29905507
0,0.13477685
1,0.7194348
0,0.24796176
1,0.87287897
1,0.76154214
1,0.47254765
1,0.50099325
1,0.9889024
0,0.16429083
0,0.24523453
0,0.22086027
0,0.5292472
1,0.3167072
0,0.15649326
0,0.37627903
0,0.5181482
1,0.74469036
0,0.2045414
0,0.05096316
0,0.038426373
1,0.6509804
1,0.5322642
0,0.3175617
0,0.05846609
0,0.05328291
0,0.36465728
1,0.5082391
1,0.42776272
1,0.8766438
1,0.9936366
0,0.4544208
0,0.4566735
1,0.748554
1,0.6758317
1,0.96782607
0,0.09496802
0,0.33687937
1,0.99046284
0,0.21172617
0,0.22144927
1,0.66390884
1,0.49037215
1,0.6022946
0,0.51164454
0,0.23430213
1,0.49327743
1,0.7531304
0,0.32941288
0,0.60149175
0,0.21023376
1,0.7472308
0,0.24111076
0,0.5486301
0,0.12834547
0,0.39489394
0,0.13443199
0,0.07167238
0,0.16278073
0,0.22594452
0,0.6846657
0,0.25033465
0,0.22192164
0,0.17076507
0,0.17076507
1,0.76430273
1,0.89106643
1,0.868573
1,0.8576397
1,0.73849416
0,0.36350617
1,0.50486964
0,0.28118932
0,0.5084974
1,0.5191054
0,0.05966099
0,0.64177245
1,0.7557016
0,0.4440065
1,0.737192
1,0.49342453
1,0.7765197
0,0.32297498
1,0.96107525
1,0.96927375
0,0.49053228
0,0.22330719
0,0.099786095
1,0.4480488
1,0.76390815
1,0.45479774
0,0.43466574
0,0.6629034
0,0.5693444
0,0.7957094
0,0.77625084
0,0.37534392
1,0.6326467
1,0.69530743
1,0.47321433
1,0.77625084
1,0.66066474
1,0.77625084
1,0.77625084
1,0.77416754
1,0.7899323
1,0.8656081
1,0.7784331
1,0.87629825
1,0.90777045
1,0.87889886
1,0.93924034
1,0.9115952
1,0.8185612
0,0.51132625
0,0.7515461
0,0.23483427
1,0.72920775
0,0.5610302
1,0.9201054
1,0.9201054
1,0.9201054
1,0.9201054
1,0.9201054
1,0.9201054
0,0.24536921
0,0.20040727
0,0.444722
0,0.2947244
0,0.15731634
0,0.28725687
0,0.39611858
0,0.7110915
0,0.22171077
1,0.81305957
1,0.41502628
1,0.7110915
1,0.7110915
1,0.42678988
1,0.8011011
1,0.65581834
0,0.19512439
0,0.34572792
0,0.23735866
1,0.52220505
0,0.18711413
0,0.065572806
0,0.100400075
0,0.10193526
1,0.424639
1,0.70434266
0,0.2884409
1,0.764229
0,0.30484334
0,0.35132018
0,0.35105726
0,0.23648407
1,0.9452582
0,0.11971891
0,0.30152088
1,0.61647487
1,0.70298344
1,0.32855183
0,0.25010553
0,0.25010553
0,0.22349253
1,0.9730277
0,0.09919986
0,0.30269107
0,0.119227506
0,0.119227506
1,0.4099116
1,0.61421424
0,0.12153018
0,0.18575981
0,0.19822578
0,0.31359717
0,0.5908502
0,0.38813522
0,0.18615384
1,0.5277113
1,0.7945867
0,0.39065325
1,0.7893858
1,0.8301024
1,0.8301024
1,0.57915777
0,0.2051136
0,0.16305831
1,0.7130924
0,0.123416446
1,0.47145885
0,0.22746271
1,0.75565964
0,0.19932327
0,0.4512845
0,0.21355355
0,0.33899054
0,0.27259895
0,0.29917574
1,0.6470182
0,0.27565974
1,0.74058205
1,0.55538106
1,0.87894166
1,0.9234596
1,0.87894166
1,0.8488335
1,0.9234596
1,0.72673535
1,0.98218966
0,0.116325505
1,0.9698379
0,0.36027887
0,0.07111161
0,0.5632783
0,0.12803262
0,0.22343805
1,0.4008525
1,0.680015
1,0.680015
1,0.6410052
0,0.20948456
0,0.52157396
0,0.16724074
1,0.96358323
1,0.96358323
1,0.96358323
1,0.9873217
0,0.11264458
0,0.2621007
0,0.14636241
1,0.45591345
0,0.3347426
0,0.17643279
0,0.49092233
0,0.65537834
0,0.20358564
1,0.80484104
1,0.81673896
1,0.75268596
1,0.57301456
0,0.07311056
1,0.58881235
0,0.24427384
1,0.15799813
0,0.21131705
0,0.06545833
0,0.103381835
0,0.11023774
0,0.25625828
0,0.094463624
0,0.4280567
0,0.17104
1,0.71844196
0,0.46719033
0,0.39923045
0,0.3176154
1,0.4304377
1,0.44210172
0,0.131392
0,0.26234335
0,0.1277201
1,0.41548854
1,0.689412
0,0.3165648
1,0.5377959
1,0.5878563
1,0.46162018
1,0.6521819
1,0.31209975
1,0.8347846
1,0.31207556
1,0.6192818
1,0.47009277
1,0.92625123
1,0.9389283
1,0.93316954
1,0.97185767
1,0.9389283
1,0.8499941
1,0.92374825
1,0.93706346
1,0.808931
0,0.18478853
0,0.11421304
0,0.074118525
0,0.089213625
1,0.7354133
1,0.73682356
1,0.8497366
1,0.62131286
0,0.091695145
1,0.47823524
0,0.202371
0,0.30824018
0,0.3253262
1,0.7392788
0,0.32402262
1,0.83972204
0,0.5629849
1,0.7893072
0,0.2066869
1,0.41404703
1,0.8194132
0,0.24310175
0,0.1862964
0,0.4062083
1,0.9274418
0,0.6648773
0,0.036898196
0,0.11426311
0,0.06911682
1,0.63535416
1,0.83946717
1,0.82267535
1,0.7494812
1,0.8986286
1,0.93100107
1,0.8010015
1,0.31924647
0,0.19138582
0,0.20841834
0,0.12006478
0,0.33457726
0,0.2419965
1,0.6043075
0,0.3481489
0,0.18001986
1,0.5338752
0,0.2844333
1,0.8770945
1,0.39897335
1,0.61737883
1,0.84217215
1,0.713522
1,0.74580413
1,0.808254
1,0.8425122
1,0.66247904
1,0.90029067
1,0.8672347
1,0.61547416
1,0.90413314
1,0.9329933
1,0.7945193
0,0.24561715
0,0.59370846
0,0.7145233
0,0.523052
0,0.09781712
0,0.14425664
1,0.5495273
1,0.5296573
0,0.33027384
1,0.85221326
0,0.5002205
0,0.12144322
1,0.84283394
0,0.28613144
1,0.8442701
1,0.81976223
1,0.8442701
1,0.84806085
1,0.8265143
0,0.36904046
0,0.09037153
1,0.34505036
1,0.53155357
0,0.28876165
1,0.903562
0,0.7378566
0,0.31151628
0,0.070873156
0,0.31975296
0,0.21167256
0,0.5610843
1,0.47811905
0,0.22512853
0,0.06170918
1,0.3472022
1,0.79854286
0,0.7335227
0,0.25770977
0,0.2610554
1,0.777239
0,0.540928
1,0.8904565
0,0.27422112
0,0.36935338
1,0.69670635
1,0.56717324
1,0.9529989
0,0.20580208
1,0.98726153
1,0.98422307
1,0.98595756
1,0.98304695
1,0.9549926
1,0.7866609
1,0.7001377
1,0.6482684
1,0.98445433
1,0.79088223
1,0.9549926
1,0.8956369
1,0.8956369
1,0.9549926
1,0.93641335
1,0.9699026
1,0.9635341
1,0.93641335
1,0.93641335
1,0.8956369
1,0.9208606
1,0.9699026
1,0.9410915
1,0.9163447
1,0.9677758
1,0.9410915
1,0.95781773
1,0.28315276
0,0.07331663
0,0.33653876
1,0.85428715
1,0.85428715
1,0.6171147
1,0.45531386
0,0.14135854
1,0.29993832
0,0.13027187
0,0.15754612
0,0.04848102
1,0.31690338
1,0.82440853
1,0.9511305
1,0.9454063
1,0.907566
1,0.7875675
1,0.41671214
0,0.22974388
1,0.5515647
1,0.77860266
1,0.78407747
1,0.88945657
1,0.6430794
1,0.5751703
1,0.9171446
1,0.5751703
1,0.6430794
1,0.7374931
0,0.21659058
1,0.7902228
0,0.1103081
1,0.37802812
0,0.2521108
1,0.76395816
1,0.65764225
1,0.85072154
1,0.86485827
0,0.2063258
0,0.17620242
1,0.23406945
0,0.2328739
0,0.17779818
1,0.82985085
1,0.8841212
1,0.83304715
0,0.23467532
1,0.8671598
0,0.0768675
1,0.56872016
0,0.15700619
0,0.10636348
0,0.19193298
1,0.30625024
1,0.3045385
1,0.7357314
0,0.578792
0,0.34616825
0,0.3675951
0,0.24168472
0,0.6540877
0,0.0914044
0,0.19102809
1,0.4151301
1,0.9487524
1,0.54706526
0,0.2801349
0,0.20585088
0,0.45496222
1,0.7779871
0,0.62432307
1,0.75337756
0,0.12219724
0,0.49553216
1,0.8863214
0,0.42063326
1,0.7324138
0,0.4326876
0,0.24169257
1,0.47094935
1,0.5119732
0,0.35231805
0,0.3997653
0,0.1810894
1,0.63654727
1,0.32552963
1,0.32469055
1,0.52750236
0,0.19551589
0,0.22832158
1,0.38971612
0,0.14161819
0,0.26784375
1,0.978136
1,0.8598008
1,0.9195586
1,0.46241945
1,0.46241945
1,0.82932323
1,0.95714366
1,0.4833825
1,0.75663465
0,0.22687371
0,0.4100137
1,0.97421604
0,0.28974187
0,0.6400568
0,0.53510904
0,0.21110201
1,0.5697455
0,0.5872092
1,0.724526
1,0.7241162
1,0.9032956
0,0.18853666
0,0.26609167
1,0.95700073
1,0.9014938
0,0.44231796
0,0.35793483
0,0.49178863
0,0.173371
0,0.5574553
1,0.575314
1,0.79181343
1,0.59561557
1,0.98993534
1,0.99458486
1,0.99723876
1,0.9823325
1,0.99542195
0,0.07594858
0,0.07838185
0,0.16564861
0,0.1994143
1,0.72409856
1,0.80906606
1,0.7870938
1,0.72409856
1,0.6234016
0,0.22540167
0,0.32226592
1,0.6108724
1,0.59375656
1,0.42181933
1,0.36767378
0,0.18804005
1,0.85824907
1,0.34922996
1,0.6090244
1,0.7355882
1,0.29360875
0,0.10125131
0,0.24137801
0,0.22356088
1,0.63180476
1,0.78069425
0,0.3533476
1,0.25482804
0,0.111545905
1,0.978087
1,0.38987127
1,0.4543071
1,0.7323415
1,0.75465024
0,0.035685852
0,0.43410364
0,0.2967025
0,0.32727158
0,0.64791083
1,0.42273286
0,0.11743049
0,0.39900964
1,0.66090584
0,0.23089832
1,0.9252551
1,0.9252551
1,0.7635707
1,0.67359346
0,0.08695979
0,0.36327213
0,0.4649669
1,0.34511203
0,0.15484223
0,0.24296507
1,0.33727184
1,0.45526385
0,0.58387107
1,0.6357438
1,0.46387398
1,0.9150325
0,0.4791346
0,0.49302676
1,0.9596834
1,0.9596834
1,0.924935
1,0.924935
1,0.8583984
1,0.9304873
1,0.9379747
1,0.70745164
1,0.9171624
1,0.9171624
1,0.9304873
1,0.9192015
1,0.9304873
1,0.9171624
1,0.9304873
1,0.8331676
1,0.8926308
1,0.8798478
1,0.9295996
1,0.7281309
1,0.877114
1,0.96627265
1,0.9185903
0,0.7525064
1,0.5308047
0,0.4671038
1,0.61583674
1,0.20061652
1,0.8063818
0,0.19979241
1,0.98395026
1,0.93230975
1,0.70896137
0,0.2919305
1,0.72049373
1,0.8694546
1,0.8439023
1,0.82350266
0,0.33183357
0,0.5238454
0,0.060405046
0,0.0801695
0,0.50969666
1,0.29699248
1,0.3640454
0,0.4586418
0,0.18283537
1,0.98900884
1,0.5515581
0,0.32481888
0,0.27242473
0,0.055988114
0,0.39140102
0,0.19144613
1,0.9812166
1,0.43837312
1,0.86131245
1,0.869735
0,0.2346907
0,0.10431558
0,0.10431558
0,0.0382226
0,0.19778316
1,0.7391664
1,0.98456013
0,0.46403208
1,0.4327027
0,0.71987635
1,0.59756315
0,0.18201981
1,0.77067673
0,0.13638332
0,0.18500568
0,0.49365917
0,0.39205283
1,0.84898883
1,0.84898883
1,0.76793677
0,0.1740687
1,0.51122904
1,0.43455616
0,0.20633334
0,0.25969392
0,0.3175802
0,0.13040043
1,0.9021837
0,0.3279657
1,0.68051565
1,0.6524356
0,0.21122825
0,0.13372043
0,0.2940194
1,0.8111772
0,0.17294231
0,0.16581924
0,0.21735682
0,0.16581924
0,0.16581924
1,0.5996161
1,0.6283843
1,0.50108945
1,0.34036598
1,0.5993415
1,0.5993415
1,0.42436513
0,0.22867641
0,0.6267861
1,0.31381747
1,0.7314403
1,0.7755086
1,0.88301194
1,0.88301194
1,0.87342066
1,0.87342066
1,0.8431191
1,0.74124503
1,0.788386
1,0.6300408
0,0.51740545
1,0.5314039
1,0.53984016
1,0.34871644
1,0.385836
0,0.2640204
0,0.33574486
0,0.116763145
1,0.5632008
1,0.8233159
1,0.5771676
1,0.5844066
0,0.40594113
1,0.5346722
1,0.58467394
0,0.40936378
1,0.89574796
1,0.66891897
1,0.97185856
1,0.8961775
0,0.26743513
1,0.74873954
0,0.21002513
0,0.32149053
0,0.27696994
0,0.20334132
0,0.2657131
1,0.606226
1,0.76502484
0,0.18771756
0,0.09962351
0,0.14358231
1,0.8473532
0,0.04801556
0,0.27233928
0,0.18163498
0,0.34627816
1,0.9822219
1,0.3072404
0,0.32260802
1,0.37931675
1,0.7243868
0,0.31731075
1,0.7341893
1,0.8842264
1,0.8808822
1,0.7037308
1,0.98104537
1,0.4627433
0,0.0801913
1,0.6151017
1,0.9491075
1,0.9491075
1,0.7249056
1,0.785733
0,0.15160622
0,0.49587497
0,0.12860465
0,0.07336447
0,0.07336447
0,0.6161803
1,0.7714377
1,0.6388954
1,0.3221872
1,0.5145974
1,0.7537268
0,0.3491015
0,0.6569965
0,0.2916998
1,0.64104587
1,0.39498964
0,0.43651688
0,0.3936867
1,0.6719173
0,0.46136507
1,0.70548195
1,0.9284094
0,0.2091237
0,0.124401525
0,0.014312691
1,0.4047681
0,0.15583095
1,0.9863323
1,0.14379758
0,0.2790105
0,0.059335615
1,0.59882903
0,0.7661419
1,0.8535573
0,0.37846708
1,0.81851906
0,0.066595696
1,0.38193965
1,0.42132425
0,0.5555462
1,0.47749853
1,0.7503765
1,0.6015629
1,0.54460514
1,0.71455973
0,0.100644596
0,0.17138417
0,0.2561662
1,0.83912426
1,0.94866735
1,0.9464706
1,0.94866735
1,0.5301415
1,0.91141665
1,0.59165263
0,0.20849046
1,0.94159025
1,0.9761437
0,0.52508074
1,0.5334397
1,0.9449639
1,0.95500445
1,0.53414726
1,0.9417703
1,0.7540395
1,0.54344386
1,0.7405671
0,0.0905768
1,0.6243121
1,0.26934925
1,0.84341776
0,0.19452308
0,0.30246726
0,0.08363184
1,0.9206541
0,0.14378373
1,0.50411904
1,0.38302648
1,0.7469744
1,0.8408416
0,0.2278753
0,0.27602422
1,0.5273838
0,0.07047815
0,0.6271467
1,0.94107133
1,0.94107133
1,0.94107133
0,0.18275268
1,0.9539346
0,0.27672926
1,0.578763
0,0.43915826
0,0.38052225
1,0.4687734
0,0.3107979
0,0.31147215
1,0.36119884
0,0.09097334
0,0.044106673
0,0.16499478
1,0.90227467
0,0.14890555
0,0.29807684
1,0.6112833
1,0.6671993
1,0.6671993
1,0.5819853
1,0.98875266
1,0.99357986
1,0.99357986
0,0.6143039
1,0.73115224
0,0.22777589
1,0.9390032
0,0.12031904
0,0.38818306
0,0.38712758
0,0.18666501
0,0.27609643
0,0.34151226
1,0.5673122
1,0.90410453
1,0.8895971
0,0.09730038
0,0.7670189
1,0.59795946
0,0.5786799
0,0.2272201
1,0.34355065
0,0.17050909
1,0.80774736
1,0.8548909
1,0.82940125
1,0.60236615
1,0.64125717
1,0.35456735
1,0.38872704
0,0.35456735
0,0.52434784
0,0.22506668
1,0.88876164
0,0.19870445
0,0.34389108
1,0.92726463
1,0.94866735
0,0.13839376
0,0.21193482
0,0.11129928
0,0.30053586
1,0.62675554
1,0.99311405
0,0.253786
0,0.21219835
1,0.56280595
0,0.19497006
0,0.19316703
1,0.36080903
0,0.1062796
1,0.8993315
0,0.46961328
1,0.94210535
1,0.94210535
1,0.6424089
1,0.6089579
1,0.5472931
1,0.86730814
0,0.5341093
0,0.17616768
0,0.4693151
1,0.96140206
1,0.46102262
1,0.36118653
0,0.5193032
1,0.97543496
1,0.9435476
1,0.9435476
1,0.9566246
1,0.9815725
0,0.14157668
0,0.25750703
0,0.276324
1,0.87242275
1,0.87288713
1,0.52105945
1,0.79347557
1,0.4257173
1,0.28790888
1,0.3929814
1,0.4977144
1,0.35851598
1,0.50283074
1,0.48144102
0,0.43079042
0,0.42349565
0,0.4617888
0,0.30836284
0,0.22176582
0,0.3205072
0,0.47857276
0,0.23133023
0,0.21149668
0,0.27341214
0,0.3607775
0,0.26396924
0,0.45993394
0,0.43945307
0,0.5719395
0,0.50664556
0,0.44026136
0,0.56155735
0,0.27184722
0,0.28820306
0,0.62137383
1,0.71593565
1,0.5581647
1,0.7508854
0,0.30445307
0,0.36630464
1,0.4289873
0,0.19942322
0,0.24067283
0,0.1662293
0,0.3454772
1,0.94582385
0,0.099695325
0,0.056126863
0,0.07941356
0,0.093974285
0,0.052155703
0,0.30879605
0,0.17330381
1,0.6804712
1,0.7534506
1,0.7809248
0,0.22198728
0,0.2720174
0,0.15146506
0,0.24972802
0,0.47476652
0,0.4734773
1,0.39901295
1,0.30604297
0,0.11048898
0,0.22510348
1,0.677537
0,0.26765168
0,0.4523192
0,0.41923293
1,0.5660878
0,0.3711429
1,0.69509304
1,0.69509304
1,0.69509304
1,0.7176779
1,0.40121132
0,0.149783
0,0.13132595
0,0.16757701
0,0.2868002
1,0.8197793
1,0.6349901
0,0.31019762
0,0.19436081
0,0.12636133
0,0.06837812
1,0.3424105
1,0.30077082
0,0.12024072
0,0.06284652
0,0.06284652
0,0.09796461
0,0.0846203
0,0.074561864
0,0.1676065
0,0.17215356
0,0.43606904
0,0.092980124
0,0.32561344
0,0.5105573
0,0.106319666
0,0.49998343
0,0.12262625
1,0.49357238
1,0.66825527
0,0.22981793
0,0.42962128
0,0.23497102
1,0.43182445
0,0.3586272
0,0.29661858
1,0.56109196
1,0.6361195
0,0.26422516
0,0.15568006
0,0.15568006
0,0.15376359
0,0.2630801
0,0.05550363
0,0.11046078
0,0.30223063
0,0.37003255
1,0.971608
1,0.7686934
1,0.83863074
0,0.64410645
1,0.7663322
1,0.6887683
0,0.12380977
1,0.3871825
1,0.55437434
1,0.32218325
0,0.25269935
1,0.74559414
1,0.7843423
0,0.3834549
0,0.3168561
1,0.47327456
1,0.2341048
1,0.6584231
0,0.31858692
0,0.32136753
0,0.4510573
1,0.69702333
0,0.51645577
0,0.14649972
0,0.4603477
0,0.2135237
0,0.20118006
0,0.5765589
1,0.9638129
1,0.12998004
1,0.86402375
1,0.7808662
1,0.5762333
0,0.1735775
0,0.36999604
0,0.15190834
1,0.9820081
1,0.8800479
1,0.93172467
1,0.9443348
0,0.1776868
0,0.40008754
0,0.3302819
0,0.30393302
0,0.2383766
0,0.39361972
0,0.55977815
0,0.49132442
0,0.21328667
0,0.2235426
0,0.19391553
0,0.41202083
1,0.8924185
1,0.84356475
1,0.899739
1,0.8923133
1,0.868766
1,0.9498095
1,0.8426836
1,0.9297133
1,0.9498095
1,0.9449623
1,0.91687536
1,0.9449623
1,0.8923133
1,0.8923133
1,0.8924185
1,0.8924185
0,0.125891
0,0.16805287
0,0.26097885
0,0.14956474
0,0.4251892
0,0.44839874
0,0.18757072
0,0.33610544
0,0.088447444
1,0.7824658
1,0.6290598
0,0.23622812
0,0.27844453
1,0.8983341
0,0.14015518
1,0.97134835
1,0.97134835
1,0.97134835
1,0.96193963
1,0.964916
1,0.96193963
1,0.9816404
1,0.97973996
1,0.964916
1,0.9816404
1,0.94005597
1,0.9440197
1,0.92086434
0,0.43567434
0,0.40969905
1,0.8025549
1,0.6490525
0,0.3481387
0,0.04658083
1,0.42626253
0,0.44493374
1,0.24250594
0,0.14558853
1,0.69310004
0,0.2539346
1,0.6461814
1,0.73433304
1,0.73433304
1,0.8567356
0,0.078021534
0,0.17493224
0,0.18306364
1,0.37648878
0,0.23956242
0,0.52212787
1,0.9202597
0,0.48418143
0,0.3793441
0,0.1891744
0,0.1548466
0,0.12230268
0,0.041407168
0,0.14775926
0,0.3297677
1,0.23912106
0,0.35204875
0,0.35204875
1,0.8425923
0,0.07283855
1,0.70323175
0,0.09341302
1,0.7347154
0,0.41236705
1,0.6355686
1,0.8766438
0,0.18334085
1,0.1651327
1,0.9928262
1,0.9928262
1,0.7638958
1,0.75521284
0,0.35593596
0,0.14256169
0,0.29408088
0,0.2101705
0,0.32839778
0,0.37939894
0,0.08885912
0,0.027770648
0,0.3501634
0,0.27829525
1,0.5549344
0,0.46775594
0,0.25005403
1,0.70056504
1,0.70056504
0,0.40567935
1,0.68849057
1,0.85660696
1,0.6897429
1,0.7532906
1,0.7641343
1,0.7710256
1,0.8769891
1,0.40509194
1,0.6577143
1,0.9071196
1,0.726347
1,0.83022195
1,0.7483935
1,0.797208
1,0.7113184
1,0.76430273
1,0.732894
1,0.7925113
1,0.8954987
1,0.4278531
0,0.26136246
0,0.36839584
0,0.45629737
0,0.37059915
1,0.55809444
0,0.3265453
0,0.24389938
0,0.47151932
1,0.85236317
0,0.388078
0,0.48407
0,0.37024996
0,0.22652516
1,0.43001443
1,0.7309869
1,0.48701674
0,0.17121948
0,0.17121948
0,0.2436351
0,0.41964623
0,0.23161352
0,0.36212295
0,0.4716855
0,0.10266429
0,0.120981395
0,0.19263844
0,0.44307357
0,0.3722495
0,0.022366693
1,0.9263801
1,0.9263801
0,0.100548886
0,0.26438895
1,0.8710571
1,0.94546723
1,0.340906
0,0.3009625
0,0.30699304
1,0.98347306
1,0.7616358
1,0.7116443
1,0.8049989
1,0.85673904
0,0.36334026
1,0.68986964
1,0.8149686
1,0.914158
1,0.8025967
1,0.6028278
1,0.3413242
1,0.9552237
0,0.29747742
0,0.1488825
1,0.6546383
1,0.6202301
1,0.4409512
1,0.9565567
1,0.73494804
1,0.79963744
1,0.76228446
1,0.75457984
0,0.06520389
1,0.6792295
0,0.10745129
1,0.3448713
0,0.074666925
1,0.37990054
0,0.2638873
1,0.72431254
1,0.84659266
0,0.17153078
0,0.27490303
0,0.19842738
0,0.20487587
0,0.11862
1,0.440469
0,0.14575313
1,0.92748713
1,0.650366
1,0.8276267
1,0.88391984
1,0.8439873
1,0.8901676
1,0.9046496
1,0.8606714
1,0.8099827
1,0.8594223
1,0.89514405
1,0.8496016
1,0.9619718
1,0.8846988
1,0.64935225
1,0.8400275
1,0.9175388
1,0.7990684
1,0.8113618
1,0.9619718
1,0.88873905
1,0.78874195
1,0.8736196
1,0.5102653
1,0.81330353
1,0.73565304
1,0.84933805
1,0.9374569
1,0.8774313
1,0.9196751
1,0.81277055
1,0.72971076
1,0.89533067
1,0.87395746
1,0.8967158
1,0.89514405
1,0.86167186
1,0.6637296
1,0.8703835
0,0.659556
0,0.62288254
0,0.088229686
1,0.6463194
1,0.778877
0,0.46323308
1,0.33395225
1,0.76013446
0,0.19820257
1,0.2699954
0,0.111194305
0,0.3428968
1,0.7865542
0,0.33698884
1,0.44209072
0,0.017169973
0,0.26422954
0,0.4107357
1,0.6755847
0,0.32539332
0,0.16560972
0,0.13231936
1,0.4058544
1,0.49762475
0,0.32758194
1,0.30603692
1,0.7373843
1,0.7373843
1,0.7373843
1,0.7373843
0,0.20974934
0,0.38143352
0,0.100967035
0,0.074160345
0,0.2192297
1,0.6999138
0,0.34696686
1,0.83852136
1,0.725335
0,0.3299515
1,0.75784177
1,0.64665216
0,0.12563787
0,0.17154789
0,0.079235695
1,0.91113293
1,0.42991817
0,0.10378765
0,0.18027455
1,0.9967062
1,0.8057084
0,0.23204207
0,0.40066457
0,0.44562903
1,0.8159904
1,0.97457856
1,0.16879761
0,0.1463319
0,0.060495235
0,0.2672838
0,0.2672838
1,0.7461084
0,0.1514812
0,0.19223954
0,0.20032565
1,0.49010643
1,0.9011832
1,0.73610336
0,0.4908326
0,0.2775592
0,0.24936777
1,0.42213264
0,0.38603228
1,0.6052224
0,0.53843594
1,0.66781634
1,0.9337213
1,0.7518843
1,0.98475075
1,0.74456495
1,0.76000625
0,0.2590493
1,0.6542743
1,0.6408808
1,0.37690088
1,0.81868577
1,0.699487
0,0.11793118
1,0.75248384
1,0.65711
1,0.32705575
1,0.7635042
0,0.6605464
0,0.2083129
0,0.88109815
1,0.95422083
1,0.95664626
1,0.8883468
1,0.7209987
1,0.75840634
1,0.61251277
1,0.93705225
1,0.827447
1,0.93705225
1,0.93994975
1,0.71756476
1,0.73035806
1,0.9331797
1,0.527866
0,0.2703564
0,0.47871783
0,0.17133798
0,0.1306257
1,0.95098656
1,0.7589007
1,0.6924085
1,0.57017887
0,0.35284826
0,0.14614035
1,0.99156135
1,0.22879411
1,0.41003788
0,0.46257654
0,0.1042489
0,0.1042489
0,0.1534369
0,0.1042489
0,0.21653135
0,0.34417722
0,0.6294309
1,0.589309
1,0.7781761
1,0.5881983
1,0.32102436
1,0.7298222
1,0.86533326
1,0.6428293
1,0.5586257
0,0.18717924
1,0.85076046
1,0.6852856
1,0.85229677
1,0.807802
1,0.6634781
1,0.7889917
1,0.81252074
1,0.77817714
1,0.69556004
1,0.8879117
1,0.8605661
0,0.27587262
0,0.20964158
0,0.2732953
1,0.35467792
1,0.55024207
1,0.74170905
0,0.28523284
0,0.36301452
1,0.36665517
0,0.11770559
1,0.888119
0,0.1553636
1,0.94950503
0,0.06312427
0,0.31501973
0,0.7678839
0,0.058494523
0,0.16443804
0,0.20400926
0,0.20548412
1,0.52398777
1,0.26356593
1,0.9817345
1,0.6262285
0,0.54117334
0,0.6186448
1,0.7827799
1,0.64262253
0,0.52645296
0,0.31551012
1,0.31083027
1,0.7277013
1,0.61044526
0,0.2210771
0,0.2790021
0,0.21570352
1,0.40373746
1,0.871874
0,0.57161087
1,0.35700276
1,0.74552363
1,0.9302808
0,0.30771175
1,0.9304138
0,0.18695562
1,0.7722816
0,0.2920963
0,0.33692253
0,0.16043268
1,0.47162813
0,0.10298845
0,0.37405464
0,0.21515162
0,0.15633973
1,0.5469464
0,0.1560887
1,0.8401075
1,0.3458756
1,0.666172
0,0.2281803
1,0.9956638
1,0.89824516
1,0.49481148
1,0.9375211
1,0.9236273
0,0.23480922
0,0.35833696
0,0.27115086
0,0.31593236
1,0.4693975
1,0.4104528
1,0.9955342
1,0.39838198
1,0.6873539
1,0.69695175
0,0.042203322
0,0.2769989
0,0.1078973
1,0.58759195
1,0.7690205
1,0.8538436
1,0.9077706
1,0.8737679
1,0.8833035
1,0.99222034
1,0.82746285
1,0.94723535
1,0.9741105
1,0.9945023
1,0.9585882
1,0.9570233
1,0.85108155
1,0.47705677
1,0.8018361
1,0.6224216
1,0.61312646
1,0.88277954
1,0.924543
1,0.9541817
1,0.9076943
1,0.7386761
1,0.4436148
0,0.43876037
1,0.9426084
0,0.25446013
0,0.3608399
0,0.2492595
0,0.3608399
0,0.2492595
0,0.72676015
0,0.31675473
0,0.51686233
0,0.6202032
0,0.51686233
0,0.19848523
0,0.33446732
0,0.19848523
0,0.3180276
1,0.3608399
1,0.5710559
1,0.6202032
0,0.09212138
1,0.6385496
0,0.3394362
0,0.24026406
1,0.89960307
1,0.67941314
1,0.7778341
1,0.68458706
1,0.48781934
1,0.844803
1,0.2619341
0,0.07902618
1,0.8900431
1,0.82500774
0,0.43306637
0,0.535433
0,0.24743153
1,0.8120336
1,0.3397713
0,0.49210912
1,0.5407436
0,0.6142762
0,0.40783477
1,0.7753599
0,0.7553441
1,0.57677245
1,0.5811957
1,0.7437008
1,0.7437008
1,0.7553441
1,0.5811957
1,0.7165487
1,0.7437008
1,0.69285095
1,0.74970317
1,0.7553441
1,0.9635215
1,0.90313685
0,0.15546416
1,0.6532656
0,0.108478494
0,0.35665196
1,0.90900797
0,0.45963153
1,0.93579376
1,0.7777211
1,0.2834746
0,0.11243899
0,0.17615135
0,0.16365539
0,0.36639103
1,0.96384287
0,0.29437548
1,0.5885164
1,0.7396195
0,0.31523117
1,0.5225123
1,0.57905406
1,0.73997706
0,0.32878047
0,0.676357
1,0.6425975
1,0.8387956
1,0.64137805
1,0.8387956
1,0.7794181
1,0.6490785
1,0.65385336
1,0.3970308
0,0.04859143
0,0.34341833
0,0.45799235
0,0.45488012
0,0.41417718
1,0.5398864
1,0.9938812
0,0.32882997
0,0.25672865
0,0.13028604
0,0.13139279
0,0.261013
1,0.86059636
1,0.8266473
1,0.62448686
1,0.98153037
1,0.98711723
0,0.56517595
0,0.24223931
1,0.70899206
1,0.70899206
1,0.70899206
1,0.7873587
0,0.31560373
1,0.54708004
1,0.9475515
1,0.990329
1,0.98726547
1,0.9864296
1,0.9881572
1,0.8844039
1,0.99534565
1,0.99393165
1,0.98665315
1,0.990329
1,0.9368409
0,0.42370233
1,0.8780726
0,0.11143426
0,0.20053951
1,0.8850769
1,0.87765
0,0.18535163
0,0.14073941
1,0.42628324
1,0.51982236
0,0.08859876
1,0.78508854
0,0.24506001
0,0.6090583
1,0.629081
1,0.47152382
1,0.50127566
1,0.42672306
0,0.23898388
1,0.31899956
1,0.64085084
1,0.95960724
1,0.8277971
0,0.20659858
0,0.34534383
1,0.40418503
0,0.50610965
1,0.42800426
1,0.5527843
0,0.17620392
0,0.33998117
0,0.49217424
0,0.16245809
1,0.6154258
0,0.13814658
0,0.08215593
1,0.9927193
0,0.35755384
1,0.66845995
0,0.13106792
1,0.9650954
1,0.8723526
1,0.6706373
0,0.28593633
0,0.23058283
1,0.44654068
0,0.5226399
1,0.54803747
1,0.5376397
1,0.5272663
1,0.51588863
0,0.26640776
0,0.3538911
1,0.70869637
0,0.38494074
0,0.4199133
0,0.20216951
0,0.70135164
0,0.2854569
0,0.1376998
0,0.25481522
0,0.13765347
0,0.180121
1,0.5855625
1,0.5124393
0,0.24236815
0,0.18745014
0,0.2566637
1,0.7453515
1,0.60722023
0,0.23837031
0,0.3495268
1,0.31480157
0,0.23610264
1,0.74836427
0,0.26356173
0,0.11054507
0,0.18687467
0,0.3690544
1,0.5723852
1,0.8386834
1,0.7249411
0,0.27140957
0,0.11569143
1,0.8345065
0,0.83160746
0,0.22341347
0,0.6593439
1,0.97350866
0,0.08501863
0,0.08501863
0,0.3177297
0,0.35779703
0,0.13024236
0,0.16680658
0,0.122244924
1,0.6473662
1,0.90680206
1,0.9460804
1,0.98473144
1,0.936324
1,0.42676505
0,0.17161718
1,0.43034816
0,0.14130971
1,0.2496927
0,0.40522093
1,0.6187319
1,0.8382182
0,0.4011295
0,0.43782285
0,0.2774915
1,0.109010704
0,0.3287691
0,0.76430273
0,0.21767695
1,0.6761062
0,0.14106405
1,0.85546845
0,0.061974443
0,0.7060847
0,0.09000026
1,0.63397706
1,0.49930918
1,0.4304987
1,0.523054
1,0.64260453
1,0.8913712
0,0.24049108
1,0.9380792
0,0.5558931
1,0.8210739
1,0.66485226
0,0.5032137
0,0.20132935
1,0.70523375
1,0.79347
1,0.48861444
0,0.5608288
0,0.42468503
1,0.5402411
0,0.116855115
1,0.47549152
1,0.7463186
0,0.12556322
0,0.115030006
0,0.16278073
0,0.07167238
1,0.6846657
1,0.9031619
0,0.5990982
0,0.3124323
0,0.32447803
0,0.48804083
0,0.29931653
0,0.20140575
1,0.8145018
1,0.4952719
0,0.36805913
0,0.14520243
1,0.6576406
1,0.7793673
1,0.8593964
1,0.8703185
1,0.8703185
1,0.7652482
1,0.9478574
1,0.8688269
1,0.90210795
1,0.8740981
1,0.58950526
1,0.85784703
0,0.5127993
0,0.2106722
1,0.81317914
0,0.36812115
0,0.28380635
0,0.4954258
0,0.14303048
1,0.8682332
1,0.88906777
1,0.82029337
0,0.4813024
0,0.1573075
1,0.76903784
1,0.8762212
1,0.761601
1,0.9359268
1,0.97846586
1,0.23993237
1,0.26152068
0,0.6696414
0,0.114992924
1,0.8619495
1,0.9102111
1,0.97648036
1,0.5146629
1,0.8756619
0,0.5161584
1,0.86554164
1,0.6404336
1,0.6015629
0,0.35562044
0,0.24574754
1,0.5693667
1,0.61224836
0,0.4582159
0,0.21325393
0,0.17099577
0,0.39823875
1,0.9632104
1,0.9562706
1,0.9632104
1,0.9632104
0,0.55422306
0,0.5878275
0,0.23944925
0,0.4342889
0,0.42031085
1,0.6952083
1,0.6431584
1,0.82444733
1,0.5649957
0,0.65676874
0,0.26831436
0,0.31304967
1,0.5924417
0,0.3816862
0,0.7770642
0,0.6612906
0,0.6858768
0,0.6612906
0,0.2913578
1,0.8327557
1,0.9135133
1,0.69120544
1,0.6858768
1,0.96140385
1,0.69120544
1,0.85697746
1,0.94556165
1,0.8327557
1,0.8269221
1,0.8327557
1,0.8300217
1,0.9577614
1,0.9572898
1,0.95044816
1,0.9572898
1,0.96140385
1,0.9542795
1,0.9542795
1,0.9572898
1,0.9398646
1,0.94556165
1,0.95044816
1,0.8300217
1,0.94742084
1,0.96140385
1,0.9398646
1,0.95044816
1,0.4885725
1,0.95044816
1,0.9398646
1,0.9542795
0,0.12211803
0,0.11553042
0,0.3218483
1,0.7641494
0,0.31265587
1,0.8948206
1,0.6669253
1,0.72191215
1,0.6335079
1,0.50245
1,0.7126591
1,0.5795936
1,0.74132514
1,0.70841056
1,0.36444175
1,0.5045838
1,0.55869865
1,0.6215879
1,0.6528194
1,0.6388784
1,0.7372751
1,0.752367
1,0.52762365
1,0.5212326
1,0.663656
1,0.3630729
1,0.83143544
1,0.6466572
1,0.85477084
1,0.9279156
1,0.9279156
1,0.67945117
1,0.730844
1,0.7253707
1,0.7062619
1,0.259501
1,0.510158
1,0.52213794
1,0.705296
1,0.6688529
1,0.60405034
1,0.48598024
1,0.743637
1,0.7028841
1,0.6043903
1,0.8729658
1,0.6306541
1,0.3782583
1,0.9556805
1,0.82809496
1,0.9388648
1,0.95848805
1,0.49062455
1,0.9135636
1,0.93025947
1,0.9187369
1,0.9189549
1,0.9180985
1,0.6295823
1,0.82809496
1,0.90031207
1,0.9692983
1,0.93025947
1,0.9191744
1,0.95848805
1,0.93652153
1,0.9365688
1,0.90146714
1,0.9189549
1,0.6295823
1,0.974045
1,0.9222073
1,0.77441597
1,0.95848805
1,0.9216214
1,0.8470148
1,0.9135636
1,0.85898316
1,0.9436049
1,0.95162916
1,0.79909474
1,0.8420113
1,0.8420113
1,0.9191744
1,0.90031207
1,0.93871564
1,0.41523272
1,0.85898316
1,0.9191744
1,0.7294538
1,0.91010034
1,0.9187369
1,0.94749796
1,0.9180985
1,0.9210434
1,0.79127616
1,0.52451575
1,0.7683588
1,0.8511398
1,0.70252514
1,0.9279263
1,0.86727273
1,0.43947595
1,0.62803894
1,0.6332331
1,0.8685074
1,0.86509866
1,0.8242988
1,0.65516734
1,0.5760706
1,0.818219
1,0.7364449
1,0.61627173
1,0.80570894
1,0.7543735
1,0.7650321
1,0.7467356
1,0.91233003
1,0.8979391
1,0.80905074
1,0.5540985
1,0.7713925
1,0.7191837
1,0.89465296
1,0.8058362
1,0.6715595
1,0.812036
1,0.8177168
1,0.95076746
1,0.8725178
1,0.9045466
1,0.6615834
1,0.7538249
1,0.6907428
1,0.5983015
1,0.555495
1,0.5439793
1,0.8800183
1,0.5184112
1,0.864317
1,0.39237663
1,0.6975341
1,0.81499386
1,0.9487233
1,0.6615834
1,0.78147554
1,0.569929
1,0.569929
1,0.7346406
1,0.5231343
1,0.8605565
1,0.76450264
1,0.72486687
1,0.69512993
1,0.8754935
1,0.84019274
1,0.5343808
1,0.42575163
1,0.6852003
1,0.7442363
1,0.6558078
1,0.6833523
0,0.3550561
0,0.22336105
0,0.17606698
0,0.13561729
0,0.1488006
0,0.2837573
0,0.6552037
0,0.21065718
0,0.3185382
0,0.0737581
0,0.094293594
0,0.18149321
0,0.23005784
0,0.29248977
0,0.5206289
0,0.17323898
0,0.34057486
0,0.28010297
0,0.33775613
0,0.37108317
0,0.32556704
0,0.23024903
0,0.5243171
0,0.1885256
0,0.23442695
0,0.3874743
0,0.25949937
0,0.6062652
0,0.26706693
0,0.3784647
0,0.37498012
0,0.089386754
0,0.4190142
0,0.52952844
0,0.5194421
0,0.4556063
0,0.34942168
0,0.3105363
0,0.1251906
0,0.517684
0,0.30719855
0,0.1054935
0,0.46609148
0,0.32861605
0,0.3184353
0,0.21521471
0,0.5952485
0,0.17595421
0,0.28354925
0,0.22975083
0,0.29021853
0,0.40823755
0,0.25195518
0,0.42783803
0,0.40474862
0,0.48495355
0,0.27821004
0,0.2753032
0,0.37162456
0,0.39256078
0,0.25507236
0,0.32249257
0,0.27618137
0,0.3991149
0,0.3673389
0,0.27270508
0,0.2103281
0,0.25507236
0,0.17841433
0,0.22786506
0,0.32044536
0,0.20634952
0,0.18615532
0,0.20515758
0,0.24094464
0,0.36265326
0,0.31396225
0,0.5231994
0,0.16165501
0,0.22724512
0,0.49130303
0,0.06259418
0,0.3381125
0,0.1694008
0,0.39408788
0,0.35782194
0,0.15600178
0,0.38802275
0,0.62867355
0,0.27032807
0,0.2330401
0,0.14103039
0,0.14229311
0,0.47719875
0,0.52246296
0,0.27671352
0,0.14639206
0,0.26848155
0,0.18775585
0,0.40035173
0,0.23320739
0,0.36313987
0,0.31798273
0,0.231084
0,0.31106466
1,0.80117804
1,0.78853744
1,0.9662919
1,0.9355073
1,0.94869995
1,0.97093046
1,0.75281656
1,0.9503408
1,0.9618933
1,0.94869995
1,0.5937874
1,0.9097471
1,0.90451646
1,0.90588695
1,0.7934975
1,0.7954045
1,0.86039835
1,0.9450809
1,0.874794
1,0.90685135
1,0.72195554
1,0.6409951
1,0.59302646
0,0.1820838
0,0.32501698
0,0.29460785
1,0.6002434
0,0.3137212
0,0.28145027
0,0.28145027
0,0.05737309
0,0.08169614
0,0.026025815
0,0.044312663
0,0.43996423
0,0.13638377
1,0.7217451
1,0.98351884
1,0.80055314
1,0.8971608
0,0.21021295
1,0.45703143
0,0.15238848
0,0.17816134
0,0.21214914
0,0.22635813
0,0.20342559
0,0.12084407
0,0.22368725
1,0.48878488
1,0.5717607
1,0.48746967
0,0.40477085
1,0.92098653
0,0.025175178
1,0.8827059
1,0.42334148
0,0.18713845
0,0.10394639
0,0.21767703
1,0.6785592
0,0.06715237
0,0.09221075
0,0.076987006
1,0.88270044
1,0.87175864
1,0.90041584
0,0.33660805
0,0.15569808
1,0.7677251
0,0.29498768
0,0.38058546
0,0.3139621
0,0.21983564
1,0.95451695
1,0.7019325
0,0.17521405
1,0.52249694
1,0.86283016
1,0.7460436
1,0.7759727
0,0.23219672
0,0.40022448
1,0.4281688
1,0.42549574
1,0.5160062
0,0.45140722
0,0.17541623
0,0.39341652
0,0.0693842
0,0.06924708
0,0.20944054
1,0.71123207
0,0.60131925
1,0.6997823
0,0.14977618
0,0.020755433
1,0.82500774
1,0.6437245
0,0.1970716
0,0.114278555
0,0.074304394
0,0.21733293
0,0.3349993
0,0.25322035
0,0.2045371
0,0.23719339
0,0.4652198
0,0.38184878
0,0.100902244
0,0.119854584
1,0.2586488
0,0.16516057
1,0.9574859
1,0.92603433
1,0.9338272
1,0.6676392
0,0.19261403
1,0.61186105
1,0.5177625
0,0.2668673
0,0.2413211
0,0.06335683
0,0.5616492
0,0.25505483
0,0.5799821
0,0.6347374
1,0.8023819
0,0.44094655
0,0.59431887
0,0.31216723
0,0.31216723
0,0.3694029
1,0.6288578
0,0.17992209
0,0.29655412
0,0.42418784
0,0.21039006
0,0.52697974
0,0.24175371
0,0.5826853
1,0.41080585
0,0.38014418
0,0.47308132
1,0.5620704
1,0.5620704
1,0.44367754
1,0.6377246
0,0.5546852
0,0.17811783
0,0.20966727
1,0.17920853
0,0.016706983
0,0.27713257
1,0.85174835
1,0.96070796
1,0.92558295
1,0.87917465
1,0.57326263
1,0.76118934
1,0.8620067
0,0.15114816
0,0.1059952
0,0.17737953
0,0.07173954
0,0.07704876
0,0.3470788
0,0.15773942
0,0.20274039
0,0.15032493
0,0.4640695
0,0.48709875
0,0.3720575
0,0.3185794
1,0.70797557
1,0.84661394
1,0.87712497
1,0.9467038
1,0.88187855
1,0.8582214
1,0.5151294
1,0.58245903
1,0.76529497
0,0.1852085
1,0.37346956
0,0.16175836
1,0.93810004
1,0.93810004
0,0.07466824
1,0.83690864
1,0.5330534
0,0.25988632
0,0.1805012
0,0.1901501
1,0.38110557
0,0.27361044
0,0.24138184
0,0.3598897
0,0.23261254
0,0.3751352
0,0.2587349
1,0.7210058
0,0.432895
1,0.64110935
1,0.7030123
1,0.57127464
1,0.5722342
1,0.8861874
0,0.15528129
1,0.84179544
0,0.179708
1,0.47495905
1,0.48148787
1,0.9268992
1,0.20056938
0,0.28439373
0,0.061097953
0,0.35967478
1,0.763604
1,0.67646843
0,0.13822143
1,0.3945959
1,0.46159768
0,0.41449058
1,0.98297095
1,0.8278678
0,0.54631144
0,0.1722485
0,0.30564034
1,0.86304176
1,0.49073625
1,0.6580455
1,0.70533365
1,0.6079847
1,0.6079847
1,0.58802193
1,0.6806786
1,0.6432938
0,0.105739705
0,0.379293
0,0.15136218
1,0.4849089
0,0.18776646
1,0.78384775
1,0.712057
0,0.297704
1,0.5534093
0,0.36338717
1,0.49944183
0,0.03622307
0,0.03622307
0,0.28311908
0,0.23587811
0,0.3804523
1,0.44989982
1,0.7714475
0,0.3219889
0,0.30081525
1,0.47336146
0,0.64348185
1,0.949248
0,0.3612337
0,0.39992547
1,0.9583367
1,0.94789165
1,0.94212663
0,0.060455095
1,0.71266484
0,0.7614269
1,0.93112266
1,0.30072564
0,0.20721671
0,0.21420056
0,0.33995706
0,0.5186031
0,0.5202815
0,0.4137977
0,0.3921576
1,0.8217738
1,0.8217738
0,0.38491535
0,0.2246193
0,0.30371282
0,0.61785406
0,0.25303838
0,0.4815055
1,0.74469036
0,0.19277048
0,0.21318275
1,0.57624507
1,0.96478593
0,0.15563995
1,0.6373933
0,0.49459702
0,0.48328456
0,0.17677097
0,0.17677097
0,0.17076519
0,0.16965696
0,0.11384102
0,0.19655976
0,0.31882837
0,0.37898412
0,0.31453612
0,0.26157403
0,0.3613111
0,0.17491238
1,0.71356785
0,0.15777354
0,0.1546819
0,0.12528245
0,0.76711136
1,0.4030278
0,0.259155
0,0.16820306
0,0.13882992
0,0.07734574
0,0.34822646
1,0.41097283
0,0.3550489
0,0.35181826
0,0.26078245
0,0.32995716
0,0.33997062
0,0.5654359
0,0.7433391
1,0.9462728
1,0.9345834
1,0.92750907
1,0.9713128
1,0.924236
1,0.9245216
1,0.9233127
1,0.92278254
1,0.920161
1,0.9390032
1,0.8913261
1,0.93353444
1,0.93353444
1,0.90884376
1,0.9355263
1,0.9338541
1,0.77887166
1,0.9369102
1,0.90884376
0,0.11015584
1,0.38259855
0,0.46834522
1,0.90965
0,0.031156918
1,0.40002927
0,0.1318801
0,0.15477669
0,0.20561655
0,0.71718836
1,0.9100698
1,0.8173013
0,0.22370629
1,0.7350169
0,0.30596125
0,0.29270834
0,0.22971155
1,0.688595
0,0.18212226
0,0.344649
1,0.5601578
1,0.9432296
0,0.43847257
1,0.4675576
0,0.13600726
0,0.06856547
0,0.2113262
0,0.507524
0,0.25669813
0,0.46929023
1,0.882657
0,0.046334773
0,0.7013578
0,0.4886901
0,0.30506772
1,0.48010188
1,0.4110473
0,0.22743584
0,0.18634841
0,0.13922983
0,0.19129978
0,0.22692294
0,0.10389541
0,0.1241089
1,0.9670141
1,0.97225314
1,0.48877034
0,0.08055206
1,0.9260866
1,0.8451502
1,0.71249205
1,0.2930345
0,0.0457812
1,0.72461396
0,0.33194813
0,0.25741392
1,0.73019505
0,0.16090101
0,0.4904303
0,0.37221757
1,0.99319685
0,0.17187715
0,0.17793468
1,0.9968381
0,0.61402434
0,0.14118034
0,0.2517903
1,0.92782545
0,0.26171687
0,0.43714932
1,0.87972987
1,0.74955314
1,0.7621861
1,0.97500026
0,0.3273302
0,0.14175034
0,0.2686117
1,0.48280346
0,0.21185204
1,0.5352014
1,0.7283494
1,0.43612728
0,0.026065696
0,0.03429316
1,0.61371696
1,0.27693838
0,0.5460332
1,0.43329275
0,0.2017172
1,0.74196625
0,0.25617492
0,0.19676095
0,0.42832857
1,0.8984976
0,0.02898891
0,0.34474957
0,0.10322393
0,0.26719275
1,0.83310175
1,0.6553806
0,0.7245189
0,0.23321538
1,0.4158458
0,0.35395306
0,0.13183703
0,0.20197967
1,0.56785864
1,0.7282023
1,0.91903234
1,0.94024634
0,0.4311313
0,0.3663019
1,0.78475904
1,0.7578953
1,0.84229267
1,0.81115705
0,0.23828752
1,0.50352323
0,0.3001599
0,0.2319606
1,0.588485
0,0.29067534
0,0.0752253
0,0.33993226
0,0.22990641
0,0.22941789
1,0.30129683
1,0.7435262
0,0.4022733
0,0.5477095
1,0.4882129
0,0.0937392
1,0.50669974
1,0.5231723
0,0.25028113
0,0.21080431
0,0.054755773
1,0.74023896
0,0.22841264
0,0.33874226
0,0.16814165
0,0.36164412
0,0.18591489
1,0.9284853
1,0.9931097
1,0.47974753
1,0.690263
1,0.8694088
1,0.97171056
0,0.529098
0,0.2393931
0,0.35963097
0,0.34803858
0,0.17281795
0,0.23702517
0,0.16134858
0,0.2742624
0,0.14430551
0,0.43478546
0,0.4746192
1,0.7777098
1,0.7628551
1,0.79097056
1,0.75841767
1,0.90324557
1,0.8936818
0,0.41455483
0,0.6040545
1,0.4118678
1,0.6920961
0,0.355914
1,0.6491866
1,0.23569724
1,0.98751915
0,0.20785011
0,0.048053086
0,0.08386472
0,0.08897777
0,0.67864716
1,0.5051833
1,0.5434345
1,0.9035553
1,0.7900864
1,0.99499714
0,0.46148843
0,0.31225577
1,0.98868203
0,0.17220323
0,0.19726779
1,0.5004126
1,0.74462664
1,0.7515623
0,0.09921805
0,0.25017777
0,0.47145668
0,0.4295046
1,0.7954531
1,0.426505
1,0.36571532
0,0.1833639
1,0.35106587
0,0.28759426
1,0.64840317
1,0.8155609
1,0.6692608
1,0.84634966
0,0.33954474
0,0.38425866
0,0.38425866
0,0.3791642
0,0.062359635
0,0.45195702
0,0.29622906
0,0.20048198
0,0.29643908
0,0.23271255
1,0.6135888
1,0.79343724
1,0.52125853
1,0.5323254
0,0.4013189
0,0.3010849
1,0.80453646
1,0.8904361
0,0.22798505
0,0.22798505
0,0.28337404
1,0.68074924
1,0.52011317
1,0.59124786
0,0.14948347
1,0.53731763
1,0.48685506
0,0.6882832
1,0.5553168
1,0.24673285
1,0.33481115
0,0.13201052
1,0.83819234
0,0.799915
0,0.3925696
1,0.99760747
1,0.99858093
1,0.9967348
1,0.99858093
1,0.99710673
1,0.9967348
1,0.9967348
0,0.2012875
1,0.29507908
0,0.21169683
1,0.8383426
0,0.061407395
0,0.07553214
0,0.40611085
0,0.24614668
0,0.31693256
0,0.58432806
1,0.92831683
1,0.51749736
1,0.5370873
1,0.59279805
1,0.7346245
1,0.2808717
1,0.38196075
1,0.42623204
1,0.57125765
1,0.8805583
1,0.6256456
0,0.34000435
0,0.18245958
1,0.9502628
1,0.9788027
1,0.9542478
1,0.9542478
1,0.9804514
1,0.7323479
1,0.794617
1,0.97636443
0,0.25919932
1,0.20647953
1,0.92495376
1,0.8206242
1,0.9606468
0,0.22861798
1,0.87923425
0,0.522629
0,0.45276132
0,0.55802304
1,0.97037864
1,0.8685609
1,0.27053395
0,0.55711085
0,0.70878595
1,0.5801739
0,0.16459405
1,0.4533722
0,0.10505773
0,0.12917484
1,0.5912806
1,0.8748368
1,0.35286757
0,0.053933095
0,0.32988134
0,0.041148044
1,0.92292535
1,0.46303517
0,0.19401903
1,0.66841716
1,0.751914
1,0.59997475
0,0.22852495
1,0.92516625
1,0.841166
1,0.8887267
0,0.41918737
0,0.20044336
0,0.15004425
1,0.5035505
1,0.15436724
0,0.23799267
1,0.6130938
0,0.36392
0,0.5085615
0,0.3133807
1,0.8197878
0,0.5603349
0,0.6788832
1,0.60250574
1,0.6789845
0,0.17163387
1,0.67037886
1,0.59603167
1,0.5887943
1,0.6283625
1,0.971608
0,0.2192299
1,0.7309903
1,0.7309903
1,0.95481205
1,0.9293186
1,0.876937
1,0.8863767
1,0.62832975
0,0.3402733
0,0.59573615
0,0.34776565
1,0.52793616
0,0.41953796
0,0.36298016
0,0.19815667
1,0.6816634
1,0.7691817
1,0.7068402
0,0.3324891
0,0.17445002
1,0.96403885
1,0.87136525
0,0.14604345
0,0.16214961
0,0.17825124
0,0.35083818
0,0.5824096
0,0.40123174
1,0.8332219
1,0.8332219
1,0.51516294
0,0.096584916
1,0.6359995
0,0.22474983
0,0.22474983
1,0.96738976
1,0.79485345
1,0.8733869
1,0.859452
1,0.73052895
1,0.74389225
1,0.97321576
1,0.9813767
1,0.6588807
0,0.29919586
1,0.5961662
0,0.35075033
1,0.6503755
0,0.11509143
0,0.06511799
0,0.053708628
1,0.7796222
0,0.37519205
1,0.66048235
1,0.9901702
0,0.21595052
1,0.74351805
1,0.83458424
0,0.47327456
0,0.55475
1,0.5281932
1,0.57743245
1,0.98556167
0,0.25067788
1,0.86409825
1,0.55957496
1,0.5703664
1,0.46005252
1,0.62555605
0,0.16067252
0,0.2575977
0,0.24643764
0,0.33395422
0,0.3121411
0,0.2628262
1,0.76160276
1,0.5647537
1,0.9099976
1,0.9099976
0,0.28191277
0,0.2955827
1,0.46808147
1,0.47961587
0,0.35553265
0,0.33929595
1,0.4918177
0,0.07930248
0,0.1035416
1,0.7479662
1,0.62331015
1,0.49747014
1,0.44299275
0,0.02859729
0,0.5088244
0,0.11543053
0,0.7109004
0,0.6540734
1,0.9922897
1,0.9941368
1,0.9941368
1,0.9941368
1,0.9823033
1,0.75994277
1,0.9628408
1,0.4255214
0,0.10985088
1,0.5365291
1,0.60163796
0,0.43999773
0,0.35460126
0,0.37444356
1,0.61068636
0,0.23635572
0,0.35074627
0,0.19292113
1,0.50260043
1,0.17732197
1,0.6210993
0,0.17603897
0,0.41129506
1,0.6053972
1,0.44063264
1,0.42875373
0,0.15323268
0,0.12748377
1,0.68531406
1,0.59746265
1,0.55886614
0,0.17677097
1,0.48328456
0,0.078691766
0,0.22236411
0,0.3560912
0,0.1823296
0,0.14438008
0,0.32433972
0,0.100585446
1,0.2546287
1,0.9514885
0,0.6127976
0,0.5318126
0,0.67023826
0,0.76123464
0,0.7554905
0,0.59386456
1,0.87029916
0,0.4362484
1,0.93503016
1,0.69626564
0,0.21209915
0,0.45581847
0,0.42551517
1,0.7527813
0,0.12956879
1,0.7689959
1,0.45167193
0,0.042330634
0,0.27219647
0,0.16321051
0,0.11981172
0,0.17427015
1,0.9537976
0,0.33076227
0,0.25918546
0,0.573181
0,0.052292548
0,0.041788675
0,0.11607175
1,0.4657086
1,0.77142537
1,0.5645814
0,0.43243867
0,0.43308702
1,0.6210863
1,0.6326708
1,0.5048267
0,0.80372536
0,0.43737957
1,0.32350403
0,0.3646969
0,0.31087038
1,0.44506645
0,0.1818739
1,0.2596722
1,0.67007416
1,0.6458454
0,0.34622997
0,0.34175456
0,0.19860658
0,0.38092762
0,0.41187912
0,0.3977975
0,0.47781086
1,0.79796374
1,0.8722855
0,0.21928543
1,0.87200993
0,0.20757426
0,0.038603798
0,0.10663523
1,0.5225719
1,0.7961177
1,0.69530946
1,0.7398247
0,0.42528376
1,0.40486646
0,0.39624485
1,0.15863778
1,0.33226225
1,0.45681775
1,0.15352437
0,0.14318267
0,0.15791073
0,0.07221787
0,0.1617815
0,0.13397464
0,0.18656369
0,0.15543848
0,0.153361
0,0.15963057
0,0.12980857
0,0.0906993
0,0.09295051
0,0.11380954
0,0.3184928
0,0.117125556
1,0.88504714
0,0.083098836
0,0.17940296
1,0.4005073
0,0.2915273
0,0.18633406
1,0.96179605
1,0.96179605
1,0.27783307
0,0.123796746
1,0.9610388
0,0.12276346
0,0.36397937
0,0.410277
0,0.20323122
0,0.058396865
0,0.12162059
1,0.882657
0,0.14406975
0,0.20186597
0,0.18585639
0,0.22641395
0,0.22633833
0,0.4116851
1,0.5633101
1,0.578905
1,0.6132272
1,0.48592067
0,0.16672921
1,0.49959913
1,0.648248
1,0.37739813
0,0.5637323
1,0.5102415
0,0.1265563
0,0.22843066
0,0.31715637
0,0.24964125
0,0.09851998
1,0.8277786
1,0.93418014
1,0.79170084
1,0.6379187
1,0.8895217
1,0.83236337
1,0.8676103
1,0.882657
1,0.8066415
1,0.8651856
1,0.8277786
1,0.88123673
1,0.7545222
1,0.88123673
1,0.882657
1,0.8895217
0,0.1835091
0,0.2132892
1,0.31339866
0,0.36085987
0,0.10811541
0,0.093313545
0,0.11325946
0,0.15753499
0,0.25930664
1,0.66592234
0,0.3028577
1,0.72752756
1,0.6457703
1,0.8800775
1,0.9554474
0,0.2402138
1,0.6537198
0,0.454203
1,0.7717202
1,0.34180692
1,0.4068109
0,0.12622121
0,0.15944949
1,0.69412506
1,0.84194034
1,0.75546116
1,0.69771284
0,0.30684832
0,0.15265606
0,0.3152579
0,0.23218693
0,0.21090083
0,0.4626871
1,0.37203446
0,0.34303954
0,0.3791001
0,0.38006398
0,0.19669293
1,0.7865006
1,0.9825493
1,0.7205215
0,0.28005436
0,0.028940743
0,0.26947758
0,0.6322376
0,0.52456623
0,0.5250736
1,0.7789923
0,0.14873645
1,0.9771696
1,0.6867483
0,0.21061626
1,0.582985
0,0.141613
1,0.69588965
1,0.9308182
0,0.21933928
0,0.3851254
0,0.26763594
1,0.5584963
0,0.40886724
0,0.6352658
1,0.99224794
0,0.20686527
1,0.32547674
1,0.5735989
1,0.28843495
0,0.20033348
0,0.46411544
0,0.13618988
0,0.45166472
0,0.63703954
1,0.88515335
1,0.81989497
0,0.322497
0,0.06440439
0,0.12642232
0,0.15598388
0,0.27947426
0,0.11088617
0,0.26943392
0,0.10559173
0,0.344617
1,0.91701394
0,0.63065815
0,0.38577417
1,0.99132895
1,0.99357986
1,0.99357986
0,0.3167478
0,0.3270018
1,0.5482215
0,0.05061578
0,0.41941145
1,0.3775642
1,0.9871316
1,0.56891
1,0.6275628
0,0.4080196
0,0.3338668
1,0.15340695
0,0.10206454
0,0.2500106
0,0.13476473
1,0.36007354
0,0.29684654
0,0.5122298
0,0.122817725
1,0.24473616
1,0.7737324
1,0.9975594
0,0.23035693
1,0.69782716
0,0.46924657
0,0.23493485
0,0.11435807
0,0.07177419
0,0.17868008
0,0.22265725
0,0.40168768
1,0.40159595
1,0.51285625
1,0.9353842
0,0.61442727
0,0.13482408
0,0.29917574
1,0.98031
1,0.9949993
1,0.9847248
1,0.9813238
1,0.99494547
1,0.99650156
1,0.98796344
1,0.98796344
1,0.9754582
1,0.98091435
1,0.99494547
1,0.9871819
1,0.9805628
1,0.9966535
1,0.99140453
1,0.9871819
1,0.9743431
1,0.99452645
1,0.98031
1,0.50434995
0,0.035856463
0,0.5763809
0,0.13555327
1,0.58968204
0,0.23108476
0,0.21076536
0,0.6248091
0,0.5295553
1,0.74512476
1,0.79052746
1,0.67628896
0,0.6400497
1,0.86942863
1,0.7168362
0,0.8947739
1,0.4359136
0,0.2861271
0,0.33095098
0,0.45523924
0,0.0674161
1,0.8596739
1,0.7054404
0,0.17579906
0,0.11663846
0,0.43102443
1,0.8579441
1,0.52113974
1,0.45693398
1,0.95300823
1,0.9604851
1,0.96556294
1,0.94816905
1,0.9760873
1,0.95882004
0,0.18314166
0,0.29532942
1,0.7198185
1,0.88302994
1,0.9212139
1,0.7198185
1,0.879119
1,0.5877466
1,0.63651776
1,0.5694353
1,0.42406583
1,0.5665126
1,0.55381745
1,0.879119
1,0.5750946
0,0.12930417
1,0.28666678
0,0.53718895
1,0.65874267
0,0.5623379
0,0.7052502
0,0.1352804
1,0.8290017
0,0.103280306
0,0.24248922
0,0.20012672
1,0.6648217
1,0.7262154
1,0.6020358
0,0.1989765
0,0.3673686
0,0.12775779
0,0.23041044
0,0.23361443
1,0.6184616
1,0.6800164
1,0.4762196
1,0.6800164
1,0.41180396
0,0.3702797
0,0.26354825
0,0.5875906
1,0.9077921
0,0.28887016
0,0.35024792
1,0.8959187
1,0.36760175
0,0.09642901
0,0.48356885
0,0.33620694
0,0.096394606
0,0.36447093
1,0.69908047
0,0.3216831
1,0.73737013
1,0.56959784
1,0.99847573
1,0.73999524
1,0.87357235
0,0.16701041
0,0.095005184
0,0.15592915
1,0.20178322
0,0.2259241
0,0.20673148
0,0.14367242
1,0.44399607
0,0.38912976
1,0.92385143
0,0.11123376
0,0.15487322
0,0.13734215
0,0.6880162
0,0.5774951
1,0.62066245
0,0.2611068
0,0.11429461
0,0.17611723
1,0.6538859
1,0.9512796
0,0.2889199
1,0.7600857
0,0.3502525
0,0.22040462
1,0.8778224
1,0.83990365
0,0.12457492
1,0.9616537
1,0.7280631
0,0.49757305
0,0.521207
1,0.99248016
0,0.53510576
1,0.6393237
1,0.4545775
1,0.7442116
1,0.9218611
0,0.66972965
1,0.80034393
0,0.44734204
0,0.1956334
1,0.6580907
0,0.0775017
0,0.44511402
0,0.62089574
1,0.28033414
0,0.46391112
0,0.12995534
0,0.4438107
0,0.33460137
0,0.12570202
0,0.12570202
0,0.12570202
1,0.9672337
1,0.7544623
1,0.7544623
1,0.9204045
1,0.7146689
0,0.3991677
0,0.27246645
0,0.34477645
0,0.33755958
0,0.37942386
1,0.53190494
0,0.1817883
0,0.28486094
0,0.22755946
0,0.3631927
0,0.37912276
0,0.35471943
0,0.33662096
0,0.1829958
0,0.3696442
1,0.5169376
1,0.9893524
1,0.36116546
1,0.98438513
1,0.98438513
1,0.98438513
1,0.98921025
1,0.9880448
1,0.9880448
0,0.24751173
0,0.30079588
0,0.13054699
0,0.1785117
1,0.28464317
1,0.5601535
0,0.38395953
0,0.14376888
0,0.35173234
0,0.08098179
0,0.38217685
1,0.8328855
1,0.99719006
1,0.9951149
1,0.9889787
0,0.17963412
1,0.95441866
1,0.795467
1,0.708934
1,0.9437925
0,0.37152955
1,0.66229796
0,0.38076743
0,0.149182
1,0.7261814
1,0.91810554
0,0.37452152
0,0.15326223
0,0.15326223
0,0.5051346
1,0.3713056
0,0.41235536
1,0.5532229
0,0.123416446
0,0.2377282
0,0.2823739
1,0.45024136
1,0.94629306
0,0.21172377
0,0.13179775
1,0.89402413
0,0.08329837
1,0.9866686
0,0.22637577
1,0.77891636
1,0.70493335
0,0.3836885
0,0.22254118
0,0.34777054
0,0.28492814
0,0.49255976
0,0.38999984
0,0.4840562
0,0.36568984
0,0.43752778
1,0.779934
1,0.30319136
1,0.32598382
1,0.98216957
1,0.96135247
0,0.3101716
0,0.38717064
1,0.6388625
0,0.23416957
0,0.5171529
1,0.8305573
1,0.99247897
0,0.24517047
0,0.16418159
0,0.3121959
0,0.16883671
1,0.9139511
0,0.42825457
1,0.52042955
0,0.32636017
1,0.85854644
1,0.87593627
0,0.18826574
0,0.21460362
0,0.32100675
0,0.2246648
1,0.6677165
0,0.24331157
1,0.59937364
1,0.7197038
0,0.29083347
1,0.5540341
1,0.5433184
0,0.3735782
1,0.8268539
0,0.13013208
0,0.13013208
0,0.08597979
0,0.16665204
1,0.6899898
0,0.35124066
0,0.23617572
0,0.0649832
0,0.31295073
0,0.328154
0,0.0492563
1,0.7768941
1,0.87650704
0,0.14907
1,0.44894987
0,0.17540176
1,0.59011793
0,0.22607575
0,0.14191477
0,0.13746524
1,0.7593897
1,0.67496943
1,0.9113898
1,0.8947739
1,0.94563204
1,0.9113898
1,0.9113898
1,0.94563204
1,0.94563204
1,0.9458694
0,0.07879468
1,0.96197397
1,0.79128355
1,0.71082556
1,0.91705173
1,0.7855958
1,0.9168329
1,0.9168329
1,0.9014338
1,0.7855958
1,0.9168329
1,0.8979541
1,0.9651715
1,0.79765826
1,0.79128355
1,0.85480773
1,0.91359067
1,0.798304
1,0.8979541
1,0.7914981
1,0.9331473
1,0.86617136
1,0.927639
0,0.23304543
1,0.7190259
0,0.3598341
0,0.3306565
1,0.38083568
0,0.13534933
1,0.405608
1,0.9849486
0,0.14713113
0,0.16896167
0,0.13317624
0,0.1202357
0,0.09567215
0,0.12642299
0,0.11652977
1,0.88839823
1,0.60206175
0,0.30267406
1,0.99120456
0,0.17756407
1,0.5178468
1,0.62282723
1,0.504682
1,0.7081792
1,0.3586228
1,0.27885213
0,0.11459256
1,0.14716639
0,0.14711684
1,0.6417939
1,0.55079496
0,0.07932586
0,0.26302588
0,0.15670681
0,0.3101094
0,0.15670681
1,0.91393566
1,0.48976234
0,0.14383693
0,0.12136149
1,0.48972002
0,0.10382319
0,0.15591946
0,0.1172689
1,0.95293015
1,0.9584713
1,0.8256195
0,0.25981572
1,0.43256855
1,0.25840482
0,0.25460926
0,0.36064717
0,0.22232121
1,0.49068272
0,0.4426443
1,0.63140774
0,0.33055827
0,0.23580886
0,0.14268398
0,0.45498562
0,0.16313735
0,0.5625215
0,0.34141096
0,0.21701798
0,0.3744011
1,0.48825553
0,0.24389096
0,0.2619308
1,0.66388065
1,0.8558275
1,0.65847135
1,0.8131664
0,0.05983295
1,0.39357793
1,0.35437042
1,0.82899666
1,0.82899666
0,0.57241994
1,0.8952928
1,0.8889599
1,0.45657158
0,0.37650916
0,0.45243743
0,0.38291243
1,0.8946459
1,0.67054373
1,0.67054373
1,0.67054373
1,0.6541652
0,0.30127132
0,0.12170409
1,0.72357404
0,0.3143368
0,0.09548066
0,0.12473422
1,0.7491387
0,0.2848673
0,0.10323915
1,0.9686205
1,0.31824347
0,0.1045273
0,0.49907568
1,0.320751
0,0.29647055
0,0.2634732
0,0.21523836
0,0.24550484
0,0.16808246
0,0.13390167
0,0.27986452
0,0.17833196
0,0.12035658
0,0.12654118
1,0.85885864
0,0.27808174
0,0.070666805
0,0.11307062
0,0.11307062
1,0.921492
1,0.9727286
1,0.9634912
1,0.97917515
1,0.9782428
0,0.2930426
1,0.8778178
0,0.32090086
1,0.92646545
1,0.8287838
1,0.78117085
1,0.53395545
0,0.10309792
0,0.2062116
1,0.77834916
0,0.66479385
0,0.27072674
0,0.24880855
1,0.57642967
0,0.18813702
1,0.52030605
0,0.43656206
1,0.60473794
0,0.119934455
0,0.11665624
0,0.10292953
0,0.099813
1,0.2683135
1,0.57019216
1,0.59928757
1,0.54744494
1,0.9413632
1,0.41564694
0,0.19449915
0,0.26729542
0,0.275883
0,0.09038162
1,0.39212665
0,0.34082118
1,0.8868922
1,0.6328841
1,0.6917865
0,0.29525727
1,0.9169126
1,0.9832134
1,0.97785646
1,0.88577706
1,0.9678972
1,0.9597554
1,0.9597554
1,0.9601497
1,0.9860567
1,0.9886628
1,0.9832134
1,0.9832134
1,0.9886628
1,0.9125143
1,0.9781487
1,0.9838288
1,0.944093
1,0.97785646
1,0.96876514
1,0.9737597
1,0.92117894
1,0.99281573
1,0.97868174
1,0.9692337
1,0.97977144
1,0.99431086
1,0.9857999
1,0.93405294
1,0.8592363
1,0.48918596
0,0.17808282
1,0.26221803
0,0.38045296
1,0.9096818
0,0.32901618
1,0.4688881
1,0.71341497
1,0.8159904
1,0.81202906
1,0.5242399
1,0.8053832
0,0.18346539
0,0.06589719
0,0.6431657
0,0.22442971
1,0.3569021
1,0.7896408
1,0.68731964
0,0.17562383
0,0.29868436
0,0.36254707
0,0.15890232
1,0.54165745
0,0.037082627
0,0.24706635
1,0.65692127
0,0.7877966
1,0.67240405
0,0.1431332
1,0.93882626
0,0.11906217
0,0.1491294
1,0.76443636
0,0.18397005
0,0.6234896
0,0.19916032
0,0.15554278
0,0.38251984
0,0.21431635
0,0.6633742
0,0.39458534
0,0.52882427
1,0.8664439
0,0.33740664
0,0.59779453
0,0.34471604
0,0.17877166
0,0.07596821
0,0.21561481
1,0.48984286
0,0.543395
0,0.29843214
0,0.22198541
0,0.028277168
1,0.46804726
0,0.26792145
1,0.67979336
1,0.3425825
1,0.62157375
1,0.59229887
1,0.8781486
0,0.47341964
1,0.40779877
1,0.99378914
0,0.026799144
1,0.85048586
1,0.60369265
0,0.15964173
0,0.17034702
0,0.6374445
1,0.70456594
1,0.5211516
1,0.48630497
0,0.4778899
1,0.9118523
0,0.40450653
0,0.2874269
1,0.9987644
1,0.67818147
0,0.44318357
0,0.44508746
1,0.35737288
0,0.36424002
1,0.6804943
1,0.537578
0,0.42379853
0,0.354073
0,0.2261432
1,0.6392891
0,0.24787982
0,0.2490111
0,0.20697367
0,0.23313615
0,0.21773621
1,0.12612669
1,0.25469846
0,0.14909692
0,0.115205064
0,0.08962928
0,0.23928258
0,0.41289094
1,0.7114403
1,0.4883709
0,0.1130685
0,0.040890705
1,0.2700981
1,0.9834209
1,0.97204757
0,0.19185796
0,0.29773283
0,0.3044506
0,0.019365164
0,0.3058079
0,0.07603065
1,0.491722
1,0.26950178
1,0.31444526
0,0.6598293
1,0.676699
1,0.8653412
1,0.8758941
1,0.8003792
1,0.7802078
1,0.90736455
0,0.17076507
0,0.169323
1,0.6390117
1,0.5173636
0,0.40325984
0,0.208697
0,0.09640491
0,0.1825466
0,0.4748964
1,0.5975322
1,0.59788215
0,0.31393954
1,0.8963932
1,0.8819
1,0.9083439
1,0.4030075
1,0.8669302
1,0.8669302
0,0.24746452
1,0.92441934
1,0.95745695
0,0.20328249
1,0.7757491
0,0.11499715
0,0.07986008
0,0.24328941
1,0.6222421
1,0.59934103
0,0.5482357
1,0.22716704
0,0.120199695
1,0.82784903
1,0.8155976
1,0.86484855
1,0.71964145
0,0.23341686
0,0.61276793
1,0.5846782
0,0.3858954
1,0.5671687
1,0.42004484
0,0.078768216
1,0.73136854
0,0.4502893
1,0.75044495
0,0.06069875
1,0.98779756
1,0.18060428
0,0.26286525
1,0.7654395
0,0.10992161
0,0.120442
1,0.72940385
1,0.8947584
1,0.76890725
1,0.88811165
0,0.2870137
0,0.3125792
0,0.28205478
0,0.43337557
1,0.3825536
0,0.15780713
1,0.89600694
1,0.89600694
1,0.89600694
1,0.85421264
1,0.89600694
1,0.89600694
1,0.444862
1,0.8637183
0,0.18008445
1,0.37628597
0,0.22369024
0,0.26293337
0,0.30983466
0,0.31815267
0,0.16115281
0,0.18290646
1,0.9433412
0,0.11603705
0,0.1580984
0,0.31812766
1,0.7097783
0,0.3050044
0,0.33100584
1,0.46563262
0,0.2629449
0,0.4305674
0,0.4126619
0,0.099626124
0,0.13187799
0,0.25654212
0,0.25721848
0,0.30886757
0,0.18836765
0,0.24109557
0,0.4436067
0,0.22228554
1,0.46045446
0,0.075492516
0,0.41407272
0,0.3868059
1,0.13473004
0,0.04295602
1,0.7344436
0,0.45456854
1,0.34825218
0,0.18800072
0,0.17535308
0,0.37675118
1,0.96997786
1,0.96997786
1,0.99086624
0,0.23701036
0,0.26645362
0,0.39655647
0,0.34282786
1,0.4767546
1,0.798304
1,0.71082556
0,0.3740024
1,0.84584594
1,0.9041963
1,0.7920854
0,0.17258658
0,0.20600572
0,0.26775828
0,0.12846246
0,0.4382923
0,0.15403506
1,0.9097735
0,0.23658422
0,0.36058515
1,0.69141924
1,0.9781651
1,0.8205962
0,0.24410596
0,0.35676214
0,0.31796953
1,0.56720597
1,0.95806575
1,0.98051906
0,0.2637554
0,0.21432152
0,0.51629746
0,0.23892295
0,0.19168007
1,0.6460752
1,0.49013725
0,0.081907116
0,0.373237
1,0.49633867
1,0.49089086
0,0.05589552
1,0.34920081
0,0.46647516
1,0.106312715
0,0.102907695
0,0.0924162
0,0.27283835
1,0.6320659
1,0.558111
0,0.26296058
0,0.12164349
0,0.12164349
0,0.15679094
1,0.9956118
0,0.15098913
1,0.96459174
1,0.9505144
1,0.3401708
1,0.69310594
1,0.94931954
1,0.97724116
1,0.81986856
1,0.5407231
0,0.23044822
1,0.8874331
1,0.79865205
0,0.098441765
0,0.51469076
0,0.3119973
0,0.359787
0,0.5282278
0,0.2418046
1,0.316618
1,0.32840255
1,0.17299397
0,0.15344815
1,0.5628803
0,0.2973206
1,0.9121846
0,0.24848056
0,0.27821997
0,0.08842882
0,0.31619895
0,0.4936823
1,0.56335765
0,0.1930087
0,0.35318622
0,0.6081671
0,0.1780357
0,0.091048196
1,0.95577186
1,0.9753445
1,0.7704928
1,0.62813234
1,0.9207345
1,0.94610244
1,0.9428229
1,0.9681782
1,0.90968764
1,0.975626
1,0.94051844
1,0.9920257
1,0.98793703
1,0.9629528
1,0.99302953
1,0.9217735
1,0.919476
1,0.98793703
1,0.9920257
1,0.98793703
1,0.9844183
1,0.99118817
1,0.98793703
1,0.92508715
1,0.98793703
0,0.3590147
1,0.783436
1,0.52437735
1,0.6493516
0,0.14073059
1,0.9536934
0,0.4856797
1,0.9514472
0,0.079288594
1,0.84682876
0,0.2453098
0,0.40645406
0,0.19211558
1,0.8650162
1,0.3432183
1,0.807802
1,0.61366343
0,0.5974604
0,0.3489725
1,0.62725025
0,0.18495052
0,0.24705066
0,0.21375844
1,0.4253099
0,0.17180674
0,0.23661208
0,0.16362777
0,0.4860281
0,0.28554422
0,0.25695908
0,0.35211444
0,0.13611509
0,0.29916003
1,0.4026668
0,0.43445918
1,0.53735757
0,0.33864123
0,0.16886374
1,0.7870518
0,0.03838198
0,0.5813728
1,0.75071776
1,0.8640474
1,0.9751449
0,0.08059051
0,0.056507383
1,0.422689
1,0.55791086
0,0.41439646
1,0.88625467
1,0.8365417
0,0.49204388
1,0.5812639
0,0.34458897
0,0.27821863
1,0.40994477
1,0.40091553
1,0.64918864
1,0.7184923
0,0.19544484
0,0.29823428
0,0.43026578
1,0.6844447
0,0.0642512
0,0.21923774
0,0.20827788
1,0.62378514
0,0.056245785
1,0.81015015
1,0.7477586
1,0.40740103
1,0.9885871
0,0.078643195
0,0.77148616
0,0.17158376
1,0.6985568
0,0.0643399
0,0.4179262
0,0.2625699
0,0.71642965
1,0.1550322
0,0.4031806
1,0.39500642
0,0.1803415
1,0.67488456
1,0.8222285
0,0.04156721
1,0.7512479
1,0.83638465
1,0.870972
1,0.80613565
0,0.33032787
0,0.43112108
1,0.38543394
1,0.42598623
0,0.13533248
1,0.7316442
1,0.90759474
0,0.11129277
1,0.5663923
1,0.57857156
1,0.84438777
1,0.62468845
1,0.4143823
1,0.78070945
1,0.73103875
0,0.6324268
0,0.79858226
1,0.8597677
0,0.16717769
0,0.13518046
0,0.33589277
0,0.22062117
0,0.35405412
1,0.75711435
1,0.75900567
1,0.9117748
1,0.9768271
1,0.9768271
1,0.9768271
1,0.9768271
1,0.9768271
1,0.94845337
1,0.93022645
1,0.7875967
1,0.6054699
1,0.7717032
1,0.6422994
1,0.46908396
1,0.88607025
0,0.3220019
0,0.14475487
0,0.3334195
0,0.33297178
0,0.27032596
0,0.19669007
0,0.18420923
0,0.597751
0,0.37154937
0,0.4068059
0,0.10754114
1,0.51553506
0,0.3246629
1,0.93880546
1,0.13779317
0,0.4740265
1,0.84375256
0,0.22122361
0,0.38330078
0,0.2596088
0,0.32455873
0,0.22988538
1,0.76009125
1,0.52888685
1,0.7698396
0,0.45407268
0,0.24928969
0,0.47375846
0,0.28094098
0,0.29884252
0,0.41536087
1,0.4682448
1,0.48077112
1,0.77765536
1,0.51801413
1,0.56691813
1,0.4186027
0,0.38966984
0,0.41904178
0,0.13429786
1,0.26303142
0,0.28838336
0,0.0963512
0,0.14094459
0,0.2269094
0,0.15474921
0,0.33642122
0,0.069676496
0,0.2986916
0,0.17290574
1,0.48323813
1,0.4891381
1,0.7787513
0,0.39860952
0,0.30409816
0,0.13174571
0,0.43923485
1,0.24030018
1,0.86502236
0,0.5288438
0,0.114715226
0,0.15975636
0,0.19669798
0,0.09708344
1,0.3094695
1,0.44995937
1,0.5554347
0,0.16241115
0,0.03989249
0,0.21020645
0,0.097043544
0,0.46746543
1,0.95732224
