y_true,y_prob
0,0.00019705835
0,0.00013807531
1,0.99986917
1,1.0
1,0.9999997
1,0.99999994
0,4.314884e-05
1,0.999645
0,1.03619065e-07
0,7.685233e-08
0,7.685233e-08
0,2.0299238e-07
0,0.00016763774
0,6.923727e-06
0,1.8458553e-07
1,0.9999973
1,0.9999975
1,0.9999957
1,0.9999964
1,0.9999986
0,5.250812e-06
1,0.99986404
1,0.9999992
0,4.2744487e-06
0,2.2290929e-07
1,0.99997324
1,0.99991775
1,0.9999667
1,0.99999654
1,0.9999999
1,0.9999999
1,0.9999999
1,1.0
1,0.9998839
1,0.99997604
1,0.99878854
1,0.99991226
0,4.1002846e-07
0,0.7284589
0,9.934212e-07
0,2.6451474e-07
0,1.7803786e-06
1,0.99999994
1,0.9999999
1,1.0
1,1.0
1,1.0
1,0.99992317
1,0.99999964
1,0.9999981
1,0.99998975
0,2.0992096e-07
0,3.4210784e-06
0,2.7716178e-06
1,0.99999595
1,0.99999624
1,0.99999505
0,5.53128e-07
0,0.00015482728
1,0.9999998
1,0.999957
0,4.269977e-08
0,1.3943944e-08
0,2.6069114e-07
0,1.2360832e-07
0,3.8142753e-07
0,6.5563427e-06
0,1.4495697e-06
0,1.165291e-06
0,1.9054137e-07
0,6.306065e-05
1,0.9999999
1,1.0
0,0.00032625193
0,0.0001080339
0,1.7206465e-05
1,0.999414
1,0.9999991
1,0.9996714
0,0.00022097286
0,2.6539967e-06
0,8.950478e-07
0,1.3225758e-07
0,4.3417884e-05
0,3.287841e-05
0,1.6561167e-05
0,1.9109628e-05
1,0.99999774
1,0.9999983
0,2.5386022e-05
0,2.663345e-07
0,7.855473e-08
1,0.9999999
1,0.9997759
0,7.3249386e-05
0,5.8063983e-06
0,1.3285506e-06
1,1.0
0,7.091004e-05
0,3.659055e-07
0,3.8696186e-07
0,1.355331e-05
0,3.0225298e-08
0,3.112575e-07
0,7.536517e-06
1,0.99999994
0,2.4998488e-07
1,0.9999361
1,0.9999887
0,1.9221607e-06
0,6.0361414e-09
0,1.95325e-07
0,1.0834251e-06
1,0.9999697
0,1.4772164e-05
0,2.6997086e-06
0,0.00037438676
0,7.493982e-09
0,0.0037553138
0,4.0847198e-08
0,2.3537824e-08
0,1.0790191e-06
0,2.1273135e-07
1,0.9999996
1,0.99998575
1,0.9999983
0,0.00044884882
1,0.9999997
1,1.0
0,6.6274233e-06
1,0.9996805
1,0.9998551
0,4.5863158e-06
1,0.9998533
1,0.99999994
1,0.99999994
1,0.99985224
0,0.0001730225
0,2.1553019e-08
0,1.4359246e-07
0,5.830692e-08
0,6.251033e-06
0,3.884352e-06
0,5.870054e-10
0,1.6646724e-06
0,2.302809e-06
1,0.9998399
0,0.0007712007
0,3.2894945e-07
0,2.2799452e-06
1,1.0
0,3.2497573e-07
0,3.6137013e-08
1,0.99999404
0,1.5544657e-07
0,3.9666115e-06
1,0.99999976
1,0.99999976
1,0.99999875
1,0.9999986
1,0.9999987
1,0.99999976
1,0.9999995
1,0.99999994
1,0.9999888
1,0.99997663
1,0.99993795
1,0.999995
1,0.99999046
1,0.99992764
1,0.99996054
1,0.9999951
0,1.2811132e-07
0,7.3785195e-08
0,1.4929794e-08
1,0.99971867
1,0.9999337
0,3.7086747e-07
1,0.99999994
1,0.99999624
1,0.99999946
1,0.9999928
1,0.9999484
1,0.9999566
1,0.9999997
1,1.0
1,1.0
1,0.99954957
0,0.0024301878
0,6.919252e-07
1,0.999933
0,9.704928e-07
0,0.00023411776
0,2.7896021e-05
0,5.905783e-07
0,6.824893e-05
0,1.636938e-06
0,1.5801295e-05
0,1.8697625e-06
1,0.9999968
0,1.8077315e-05
1,1.0
1,1.0
1,0.99999523
1,0.99996597
1,0.99997777
1,0.9999992
0,0.00012747663
0,5.7184288e-08
0,7.145546e-05
0,2.4340673e-07
0,3.741746e-07
0,5.664424e-06
1,0.9999867
1,0.9999666
0,9.548442e-06
1,1.0
1,1.0
1,1.0
0,9.230299e-09
1,0.99971575
0,5.942766e-06
0,2.1433982e-06
0,5.1848756e-06
1,0.9999992
1,0.9999949
1,0.99994713
0,9.163719e-06
0,4.2215223e-07
1,0.9999887
1,0.9999129
0,5.6781977e-07
1,0.99998236
1,0.99997455
1,0.9994447
1,0.99730384
1,0.99902284
1,0.99894506
1,0.9999999
0,0.00010713725
0,8.700923e-08
1,0.99999994
0,1.7665866e-07
0,1.5680005e-05
0,1.5414453e-05
1,0.99983275
0,8.0155087e-07
0,2.5806376e-05
0,5.302509e-05
1,0.9999774
0,1.2154632e-05
0,1.6026734e-06
1,0.9998256
1,0.99999976
1,0.9999947
0,4.0158733e-07
0,2.7208675e-06
0,1.5159027e-07
1,0.9998965
0,3.7702008e-05
0,4.7961007e-06
0,0.0005049996
0,3.2459783e-07
0,2.9891999e-06
1,0.9999999
1,0.99998814
1,0.9998695
0,2.3153409e-05
1,0.99983484
0,2.9896647e-08
0,1.8187322e-06
0,1.5299763e-07
0,2.3488273e-07
0,1.3969104e-07
0,2.5683256e-08
1,0.9999998
1,0.99957854
0,0.0014499763
1,0.99999064
1,1.0
1,0.99999994
1,1.0
1,1.0
1,0.99999994
1,1.0
1,0.9999993
1,1.0
1,0.9999689
0,2.169146e-05
1,0.9999983
0,1.4459218e-05
1,0.99999607
0,4.4396423e-08
1,1.0
1,0.9999449
0,2.6841235e-06
0,2.2443626e-06
0,1.2962585e-05
1,0.999478
0,8.858199e-06
0,7.817759e-06
1,0.9999969
1,0.9999286
1,0.9997796
1,0.9999994
1,0.99999994
1,0.9999992
1,0.99998856
0,1.9645875e-05
0,1.7541874e-08
0,2.065805e-05
0,1.2727239e-05
0,4.372122e-06
1,0.9999999
1,0.9999951
1,0.99999464
1,0.99999994
0,4.4673365e-05
1,0.9999992
0,2.3016783e-06
0,0.00049899035
1,0.9999893
1,1.0
1,1.0
0,2.3409197e-05
1,0.9999568
1,0.9998964
1,1.0
0,1.5250828e-06
0,1.2382022e-05
0,5.1611855e-06
0,0.00026076732
1,0.9999929
1,0.9999999
1,1.0
1,0.99999934
0,5.9415503e-05
0,0.0005902658
0,3.190273e-05
1,0.9999986
1,0.9999214
0,3.2327636e-05
0,2.1087938e-06
0,1.5469146e-07
0,1.4309835e-08
0,1.4518895e-05
1,0.99999994
0,3.1771993e-05
1,0.9999945
0,2.711547e-06
0,5.261245e-08
0,3.9498707e-07
1,0.99999386
0,0.00017249637
0,0.00014841177
0,0.000101410755
0,8.413682e-05
1,0.99999964
1,0.99999994
0,3.5595167e-06
1,0.99980295
1,0.9999999
1,0.9999846
0,0.0005227338
0,0.0003192176
1,0.99979955
0,2.4395787e-05
0,6.164755e-07
0,1.8660434e-07
0,1.2438808e-07
0,6.879858e-08
0,1.054125e-06
0,1.8012191e-06
0,2.7032022e-06
0,0.00013001471
0,0.000101093385
0,2.163869e-05
0,0.0018206638
1,1.0
1,1.0
1,0.9998666
1,0.99998426
0,3.2039392e-07
0,8.804306e-07
1,0.9998397
1,0.9990091
0,2.3530608e-06
0,2.8766306e-07
1,1.0
1,0.99999994
0,6.0361945e-06
0,1.5543291e-06
0,8.11243e-06
0,2.8455032e-08
0,1.5373455e-08
0,2.6400042e-09
0,8.54249e-05
0,1.355393e-05
1,0.9999983
0,0.00513175
1,0.9999889
1,0.9999511
1,0.99999726
1,0.9999993
1,0.9999985
1,0.99999994
1,0.99999976
1,1.0
1,0.9998999
1,0.9999984
0,1.6657999e-06
0,1.0500233e-05
1,0.9999749
0,7.106275e-07
1,0.99999994
0,1.8994134e-06
1,0.99999344
0,0.0002895871
1,0.99927527
1,0.99992484
1,0.99999255
1,0.99985635
1,0.9999716
1,0.9999951
1,0.9999705
1,0.99994767
1,0.9999712
0,5.4826753e-08
0,0.00017393594
1,0.99999994
1,0.99999833
0,0.00010798116
1,0.9999722
1,0.99962217
0,1.7189977e-06
1,0.9999955
1,0.9999955
0,2.016971e-06
0,0.000103607716
0,6.95127e-06
0,6.2172753e-06
1,0.99993044
0,3.1137293e-05
0,1.034333e-05
0,0.00020228233
0,1.1090725e-05
1,0.9999526
0,8.101398e-05
0,0.0002367815
0,1.5845818e-06
0,4.173339e-08
0,2.122602e-05
1,1.0
0,0.005801559
1,0.9997637
0,8.891071e-06
1,0.99999976
1,0.9969363
0,1.8658844e-05
0,0.00016540247
0,1.0537758e-07
0,3.025656e-08
1,1.0
1,0.9999981
0,3.1968637e-05
1,0.99985725
1,0.99994725
0,2.6944233e-06
0,3.9543826e-05
0,5.2935462e-08
1,0.99999934
0,2.8293645e-05
1,0.9999986
1,0.9999986
0,8.305578e-09
1,0.99998945
1,0.99998516
0,4.0822584e-07
1,0.9999986
1,0.99999976
0,2.759777e-08
1,0.9999982
1,0.9997688
1,0.9999608
1,0.9999776
0,1.4371082e-07
1,1.0
1,0.99999994
1,0.99999994
1,1.0
1,1.0
1,1.0
1,0.99997014
1,0.9999998
0,5.1451934e-06
1,0.99999577
1,0.9999045
0,5.002317e-07
0,1.0535653e-06
1,1.0
0,3.9664983e-06
1,0.999999
0,1.137559e-06
1,0.99993324
1,1.0
1,0.9999999
1,0.9999699
0,7.1929267e-06
1,0.9999981
0,3.0395662e-05
1,0.9999997
0,5.8491986e-07
0,7.855139e-07
0,0.00015351175
0,4.7706138e-08
0,1.2220334e-05
0,0.0004811365
1,0.999992
0,0.00037575746
1,0.9999994
1,1.0
1,0.9999994
0,3.1951544e-07
1,0.9999996
1,0.9999539
0,1.9539374e-07
0,3.0374247e-05
0,1.6067506e-07
1,0.99995476
0,1.9985033e-05
1,1.0
0,5.8407763e-06
1,0.9999984
0,0.00019344322
0,0.0003417678
0,1.0055715e-05
0,1.0470783e-05
1,0.99999547
1,0.9999984
1,0.9999232
0,1.5931754e-07
1,0.9999959
0,1.7175053e-05
1,0.99999917
0,1.4691904e-07
0,5.756531e-09
0,6.283423e-05
0,4.9483493e-08
1,0.9999996
0,0.001337633
1,0.99999994
1,0.9999994
1,0.99999994
1,0.99999994
0,1.5067258e-06
1,0.99993825
0,0.00077312486
1,0.9999553
0,1.2006657e-06
0,3.6819614e-08
1,0.9999998
0,1.00924435e-05
1,0.99999994
1,0.9999851
1,0.9991653
1,0.9999916
0,1.9158358e-06
0,1.5881446e-06
0,2.6458312e-07
1,0.99964696
0,2.178807e-06
1,0.99999994
1,0.9999999
0,1.0999884e-05
0,1.3213822e-05
0,0.00038728703
0,2.4045473e-06
1,0.9999683
1,0.99999934
0,3.4921081e-06
1,0.99999875
1,0.999932
0,3.1314664e-07
1,1.0
1,0.99997854
1,0.9999999
1,0.9998777
0,7.548538e-05
1,0.9997877
0,6.127233e-05
0,2.3748283e-08
0,6.30104e-05
1,0.9999996
1,0.9999999
1,1.0
0,4.2076593e-08
0,5.9421086e-06
0,2.9701168e-05
0,3.814992e-07
1,0.9999995
0,4.657556e-05
0,0.00036435432
0,2.3476923e-06
0,0.00012907258
0,0.0028633445
0,4.1177852e-08
1,0.9999997
0,0.00013783274
1,0.9999276
1,0.99991494
0,2.3079332e-07
0,1.419621e-05
0,2.0495747e-05
0,6.554135e-07
0,1.3554667e-05
0,6.402005e-06
1,0.9999998
0,9.269434e-08
0,0.0006921368
1,0.9999311
1,0.99999917
1,0.9999998
1,0.9999999
0,1.5335449e-05
0,4.426765e-05
0,1.7805089e-05
1,1.0
0,1.3284669e-05
1,0.9999576
1,0.9999996
0,2.061204e-05
0,1.5824148e-06
1,0.9999729
1,0.99999946
1,0.99999946
1,0.99999315
1,0.99996
0,5.6856065e-06
0,8.057178e-06
0,4.484917e-06
0,8.8722504e-07
0,5.2977075e-08
0,8.4090004e-08
0,1.5503749e-05
1,0.99999976
1,0.99997914
0,3.0681044e-06
0,0.0011486756
0,2.9970073e-07
0,4.0171258e-07
0,7.4120085e-06
1,0.9999885
1,0.9992948
1,0.99996173
0,0.0004795824
1,0.9068513
1,0.9999516
1,0.9999999
1,0.9999951
0,2.3194954e-07
0,4.425333e-07
0,2.062126e-06
1,0.99999034
1,0.9993285
0,2.140884e-05
1,0.99999994
1,0.9999576
0,2.3731247e-06
0,4.9428912e-05
0,6.607123e-05
0,4.993099e-08
1,0.9999983
0,2.2613338e-05
0,3.777597e-06
1,1.0
1,1.0
0,0.0010445749
0,5.294009e-06
0,7.568336e-08
0,8.275648e-08
1,0.99994534
0,1.8443648e-06
0,1.3593918e-05
0,1.6745666e-06
0,0.00016162163
0,2.3587056e-05
0,7.884203e-05
0,1.9419997e-07
0,9.4405395e-06
0,1.1593792e-05
1,0.99999976
1,0.9999943
0,3.5828754e-05
1,0.9999685
1,1.0
1,1.0
1,1.0
1,1.0
1,0.99999976
1,1.0
1,0.99999994
1,0.99988765
0,0.00094313885
0,0.0007808777
0,3.8702902e-07
1,0.9998936
1,0.9995431
0,0.00019439861
0,6.19537e-05
1,0.9999717
1,0.99998945
1,0.99999446
0,2.6887788e-05
1,0.9999808
0,3.5205474e-07
0,7.319284e-08
1,0.99977744
0,2.5621167e-08
1,0.9999625
1,0.999883
1,0.99999994
0,0.00016027188
0,1.2928598e-08
0,0.00017358123
1,0.99998915
1,1.0
0,5.554465e-07
0,2.8393519e-05
1,1.0
1,0.99992913
0,0.00014175696
1,0.9999793
1,0.99985015
1,0.9999998
0,7.565767e-08
1,0.99996394
0,4.2463427e-07
1,0.9999525
0,2.6842977e-07
1,0.99984944
0,0.00033074096
0,0.000107378226
1,0.99999946
0,7.797418e-06
0,1.8528322e-05
0,1.9025254e-05
1,0.99993104
0,1.3004758e-06
0,7.821361e-06
0,4.8006996e-07
0,2.1072078e-06
0,1.7741057e-06
0,9.175944e-06
0,1.1921502e-07
0,0.0007748503
0,2.4887922e-07
0,1.0191808e-07
0,1.3859669e-07
0,1.2784396e-06
0,3.7732116e-06
1,0.99999803
0,2.1198732e-05
0,6.886688e-05
0,7.5781855e-07
0,2.051994e-07
0,1.16066786e-07
1,1.0
1,0.9999605
0,0.00033128468
0,5.6003995e-05
0,0.00114613
1,0.99999994
1,0.99999994
1,0.99999976
1,0.99999994
1,0.9999998
0,0.0014909046
1,0.9999959
1,0.99998915
0,1.2568753e-06
0,1.7089636e-05
1,0.9999973
1,0.9999988
1,1.0
1,1.0
1,1.0
1,1.0
1,0.9999997
1,0.9999997
0,1.26488e-06
0,3.841827e-06
0,1.3521387e-06
0,0.0013544443
1,0.9999998
0,4.456738e-08
1,0.99997693
1,0.9999967
0,5.252562e-07
0,2.2879513e-07
1,0.9996103
1,0.9999884
1,0.99976337
0,0.0001055855
1,0.99994856
1,0.99999994
1,1.0
1,0.99999994
1,0.99998474
1,0.99999976
1,0.99999976
1,0.99999887
1,0.99983215
1,0.9999681
1,0.9999873
0,1.2619973e-05
1,0.9999911
1,0.99983394
1,0.9999986
1,0.9999954
0,0.000930442
1,0.99999815
0,9.052549e-05
0,4.079682e-08
1,1.0
1,1.0
1,0.99975085
0,3.315341e-08
1,0.9999998
1,0.9999669
0,7.8000335e-07
1,0.99999994
1,1.0
0,0.009818714
1,0.9999996
0,2.8298832e-06
1,0.9999903
0,1.2693293e-06
0,0.000102272636
0,1.1349195e-05
0,1.5175689e-06
0,2.2397522e-09
1,0.9999395
1,0.99997
0,1.6383029e-06
0,6.8983913e-06
1,0.9999497
0,0.00031739747
0,1.4523441e-06
1,0.99999994
1,1.0
1,0.99999684
1,0.9999991
1,1.0
1,0.9999979
1,0.9755567
1,0.9999992
1,0.99999994
1,0.9999998
1,0.9999094
1,0.9999937
1,0.9999992
1,0.9999997
1,0.99999994
1,0.9999998
1,0.99999297
0,0.0063803378
0,3.2059736e-05
1,0.9999997
0,0.00012991494
1,1.0
0,1.34044085e-05
1,0.9996059
0,6.3523366e-06
0,0.00043529307
0,7.076984e-07
0,7.185291e-07
0,2.148595e-08
0,3.0053184e-06
0,5.238773e-06
0,1.6999319e-06
0,9.0833765e-07
1,0.9999983
0,5.026773e-08
0,5.303268e-08
0,1.2649122e-07
0,7.1731292e-06
0,1.657286e-06
0,6.582661e-07
0,1.4776925e-08
0,2.8360187e-06
1,0.9999999
1,1.0
1,1.0
0,1.2281686e-06
1,0.9999951
1,0.9999974
0,4.9218095e-05
1,0.99998415
0,1.1828196e-05
0,0.18371774
0,0.09399988
1,0.9924334
1,0.99869937
1,0.9948441
1,0.9987453
1,0.99854136
1,0.99987763
0,4.1124467e-06
0,8.618027e-05
0,0.0005553049
0,0.0037197538
0,0.00010941516
0,2.0266894e-08
0,8.557323e-08
1,0.9999678
1,0.9998969
0,2.180683e-08
1,0.9999998
0,1.3810283e-07
1,0.9999313
1,0.9998532
1,0.999993
0,0.000111491056
0,4.3870044e-05
1,0.99977374
1,0.99995
1,0.99995583
1,0.9989599
1,0.99999094
0,5.338721e-05
0,3.642403e-05
0,1.4287804e-07
1,0.99999994
0,1.5798051e-07
0,2.2137655e-07
1,0.99999994
1,0.9999991
1,0.9999849
0,1.6114028e-06
0,0.00040037473
1,0.99999994
1,0.99974906
1,0.99994755
1,0.9999994
1,0.9999989
0,7.3662463e-06
1,0.9999996
1,0.9999966
1,0.99999416
0,5.126063e-05
0,0.00045712048
0,3.069196e-06
1,0.9999498
0,0.00010261102
1,0.9999998
1,0.99999964
0,0.0014420688
0,4.1705618e-05
1,0.9999907
1,0.9999999
0,3.6148637e-07
0,4.29616e-08
0,7.039692e-08
0,3.216558e-08
0,1.0085016e-05
0,0.00025876495
0,1.2893112e-08
1,0.9998801
1,0.99999505
1,0.9996987
0,6.66853e-08
1,0.9993827
1,0.99996585
0,3.83496e-07
1,0.99999624
1,0.9997572
0,0.001840103
0,2.800127e-08
0,8.702516e-08
0,1.3214492e-06
0,7.624612e-06
1,0.9999914
0,1.3773551e-06
0,8.351777e-08
0,5.3554413e-05
0,2.5334964e-05
0,4.227916e-08
1,0.9999516
1,0.9960354
1,1.0
1,0.9999991
0,4.784535e-05
1,0.99993294
0,1.4787802e-06
0,7.406522e-08
1,0.9999993
1,0.9999974
0,3.1409448e-07
1,0.99999887
1,0.99999976
0,6.33321e-06
1,0.9999999
0,3.162882e-05
0,0.0013369133
1,0.9999972
0,4.9921846e-06
1,0.99999964
0,1.0853284e-07
0,4.1544336e-05
1,0.9999942
0,2.7017743e-06
0,1.13214555e-05
0,1.02432764e-07
1,0.9999954
1,0.99999785
1,0.999998
1,0.9999988
1,0.9999991
1,0.99998844
0,6.1700457e-06
0,3.1463967e-06
0,2.758912e-06
0,1.4717818e-07
0,4.1704152e-07
0,5.3628515e-05
0,4.1332711e-07
1,0.999523
1,1.0
1,0.9994474
0,1.6176553e-08
1,0.9999998
1,0.99999917
0,9.338605e-07
0,2.5147068e-05
1,0.99999326
1,0.99998885
1,0.9998078
1,0.99999887
0,2.3277522e-05
0,0.0013788908
0,5.698635e-06
1,0.99999887
0,4.43682e-06
0,3.4218458e-05
1,0.9999205
1,0.9999903
1,1.0
0,2.975647e-06
1,0.9999994
1,0.9999999
1,0.9999232
0,1.3596826e-06
0,0.00019638758
0,4.1176872e-07
1,0.9999976
1,0.99590355
0,7.1052086e-06
1,0.9996023
1,0.9999979
1,0.99999857
0,3.8585522e-08
0,4.108148e-07
0,1.1522214e-06
0,4.0327883e-09
0,3.456127e-05
0,2.9789247e-05
0,1.0861669e-05
1,0.9998406
0,1.6347768e-08
0,1.8081626e-05
1,0.99999845
1,0.999981
0,4.1965773e-06
0,0.012137515
0,0.00042094017
0,0.00025811736
0,1.194168e-06
0,1.8182176e-05
0,8.845159e-05
0,3.744324e-05
0,0.36637065
0,7.252141e-06
0,0.0011087571
0,7.795527e-07
1,0.99999946
1,0.9999972
1,0.9999507
1,0.9999863
0,0.00017969667
0,7.026211e-07
0,3.780105e-08
0,1.2019477e-06
1,0.99999505
1,0.9998607
1,0.99999017
1,0.9999955
1,1.0
1,1.0
0,1.4843562e-05
0,0.0023586955
1,0.99997264
1,0.99985224
0,3.3644916e-05
0,6.706177e-07
0,4.7637036e-06
0,7.5964124e-07
1,0.99992126
0,2.5989275e-08
0,6.065013e-07
0,5.0605486e-08
1,0.9999003
1,0.99928546
0,7.6586934e-07
0,2.2812244e-05
1,0.9998273
1,0.9999766
0,6.547575e-05
0,1.1113393e-05
1,0.99970216
0,1.5843975e-06
1,0.9999916
0,5.788611e-05
1,1.0
1,0.9998173
0,9.387678e-06
1,0.99992096
1,0.99982876
1,0.99988616
1,1.0
0,0.0002955742
0,3.2443546e-05
0,1.2885849e-05
0,0.004850321
1,0.9999999
1,0.99999815
0,9.9753116e-08
1,0.99996585
0,7.776625e-08
0,3.9821066e-07
0,2.4784228e-07
0,1.3107992e-06
0,3.1195817e-08
0,4.5942405e-05
0,9.1004404e-07
1,0.9999996
1,0.9999792
1,0.9999996
1,0.99999917
1,0.99999994
1,0.9999967
1,0.9999998
0,2.3497219e-06
0,6.324452e-06
0,5.698133e-05
0,4.3967904e-07
1,0.99999964
1,0.9999973
0,0.0009917148
0,0.00047881232
1,0.999994
1,0.99999106
1,0.9999913
0,8.9447814e-05
0,0.0008092147
0,0.0030065877
1,0.99999887
1,0.9999998
0,1.4629127e-07
1,0.9993342
1,0.9999887
1,0.9999998
1,0.9999995
0,5.9605372e-06
0,1.0545016e-07
1,0.9999122
1,0.99998915
0,6.763733e-06
0,2.2683667e-05
1,0.99989414
1,0.9999995
1,0.99998
1,0.9999988
1,0.9999998
1,0.99999976
0,0.00017025007
0,0.0032236164
0,0.00027529223
1,0.99999833
1,0.99988383
0,2.4780022e-07
1,0.9999997
1,0.9999998
1,0.9996562
1,0.9996107
1,0.99799955
0,2.500624e-06
0,1.2013082e-06
0,4.948793e-06
0,1.4563677e-06
1,0.9999989
1,0.9999989
0,3.145304e-05
0,0.00015719431
1,0.999996
0,3.261683e-07
1,0.999999
1,0.9999999
0,8.603906e-07
1,1.0
1,0.99999946
1,0.99999994
1,0.99999994
1,0.9999945
1,0.9999999
1,1.0
1,0.99999976
1,0.9999999
1,0.9999997
1,0.9999988
1,0.99999994
1,0.9999992
1,0.99999934
1,0.9999996
1,1.0
1,0.99999976
1,0.99999994
1,0.9999998
1,0.9999965
1,1.0
1,0.9999999
1,1.0
0,0.00266974
1,0.99993014
0,8.29944e-06
0,1.4310525e-05
0,5.826434e-06
0,9.387239e-06
0,1.2828824e-07
1,0.9999018
0,6.8895356e-06
0,9.662819e-06
0,3.6774345e-05
1,0.99972814
1,0.9999992
1,0.999999
1,0.9999996
1,0.9999997
1,0.9999998
1,0.99999994
1,0.99999994
1,0.99999946
1,0.9995884
0,2.2678894e-07
0,1.1625578e-07
0,7.395427e-08
0,1.48951e-07
1,0.99998003
1,0.99998236
0,6.815897e-07
1,0.99999523
1,0.99999595
1,0.99993026
1,0.9999992
1,0.9999965
1,1.0
1,1.0
0,2.5553192e-07
1,0.9999651
0,0.0001329931
0,0.00018204055
0,1.1244918e-05
0,1.8069404e-05
1,1.0
1,1.0
1,1.0
1,0.9999981
1,0.99999994
0,7.851454e-09
0,1.818701e-06
1,0.99999917
1,0.9998576
0,5.714314e-06
0,1.3145449e-06
0,0.744842
1,0.999998
0,1.0106679e-06
1,0.99999845
0,4.5185243e-05
0,1.6990145e-06
0,0.00013536231
0,5.0036622e-08
0,4.4388628e-07
0,0.00037205804
0,2.4345841e-08
0,1.2220893e-05
0,4.989963e-05
0,0.0020028043
0,1.6470225e-06
0,2.679566e-07
0,7.0280805e-07
1,0.99995863
0,2.213755e-07
1,0.9998328
0,3.8821595e-06
1,0.9999758
0,1.4266074e-07
0,8.852052e-06
1,0.9999994
1,0.9999994
0,8.8351663e-07
0,7.72578e-07
1,0.9999617
0,1.156542e-07
1,0.99999577
1,0.99999577
1,0.9999624
0,9.83571e-07
0,0.000445602
1,0.99963725
0,0.001828036
0,0.00016342202
1,0.99999976
0,1.6686841e-06
1,0.9999969
1,0.9996388
1,0.99998283
0,4.230355e-06
0,2.258708e-06
0,1.6839434e-07
0,0.000104025276
1,0.9999823
1,0.99992204
1,0.9999749
0,2.6091204e-06
0,1.7814022e-05
0,4.4070308e-05
1,0.99998736
1,0.9997838
1,0.9999792
1,0.99996763
0,5.0161176e-05
0,8.036404e-05
0,3.746045e-06
0,1.2293204e-06
0,0.00034985243
0,1.8210409e-05
0,6.4058724e-05
1,1.0
1,1.0
1,1.0
1,0.99999994
1,1.0
1,1.0
0,3.3093752e-06
0,2.2250919e-09
0,2.5922125e-07
0,1.3511371e-06
0,1.6085984e-05
1,0.9999994
1,0.9999938
0,0.0002277995
0,0.00015948557
0,0.00035399332
0,1.1637895e-06
0,0.0107004205
1,0.9999824
0,3.0225678e-07
1,0.9999979
0,5.0749605e-08
0,0.0014795349
0,5.7451554e-05
1,0.9999973
1,1.0
0,3.8780668e-06
0,5.758116e-05
1,0.9996213
1,0.9999892
0,0.00016112506
0,0.00039454174
1,0.9999988
0,1.8973518e-07
0,1.6855164e-07
0,2.5229135e-06
0,1.7270035e-05
0,1.1562753e-05
1,1.0
1,0.9999998
0,4.0248273e-05
0,2.5226163e-05
0,2.9427529e-08
0,2.4296984e-09
1,0.99999994
0,4.6362806e-05
1,0.999999
0,5.4456585e-05
0,0.00013225757
1,0.99999994
1,0.99999994
0,1.5583184e-05
0,1.0054564e-05
1,0.9999999
0,7.112709e-05
0,7.906549e-05
1,1.0
1,1.0
1,1.0
1,1.0
0,5.4476383e-09
0,2.7052808e-06
0,2.8940038e-08
1,0.9999989
1,0.9999569
1,0.9999872
0,2.3220437e-06
0,3.0414076e-05
1,0.9999964
0,3.1280518e-07
0,8.198325e-07
0,1.9844172e-06
0,1.7729776e-06
0,0.0005565488
0,9.208228e-05
1,0.99983954
1,0.999933
0,0.00063464546
0,2.4955214e-06
0,6.0165695e-07
0,7.531484e-07
0,2.0553234e-05
1,0.99990606
0,0.00014413818
1,0.9999982
1,0.99999976
1,0.99999964
1,0.99999994
0,0.0006900392
0,8.03859e-06
0,1.58215e-05
0,2.1678203e-05
1,0.99999994
0,1.2850612e-06
0,4.9093728e-08
0,6.791474e-07
1,0.99999994
1,0.99999994
1,0.9999302
1,0.99999535
0,1.5181958e-07
1,0.9999998
1,0.9999999
1,0.9999946
1,0.99999917
1,0.99999994
0,0.00033430284
0,9.78071e-07
1,0.9999829
1,0.999999
1,0.99999756
0,2.370757e-05
0,6.661768e-06
0,2.510272e-07
0,3.4335222e-05
1,0.9999994
0,4.1170846e-05
0,0.00089038187
1,0.99999976
1,0.99999976
0,0.0036410482
0,2.3111095e-05
0,7.912054e-05
1,0.99998164
1,0.9999441
0,1.8075965e-06
0,2.0771824e-07
0,1.611044e-05
0,3.3547897e-07
0,7.472563e-06
0,1.8128308e-06
1,0.9999926
1,0.9998762
0,1.0815207e-05
0,0.00036639374
0,6.046401e-05
1,0.999997
1,0.9999946
1,0.99987966
1,0.9995611
1,0.99999344
1,0.99996716
1,0.9999791
1,0.9999998
1,0.99997604
1,0.99999857
1,0.9999795
1,0.9999999
1,0.9999934
1,0.9999992
1,1.0
1,0.99999994
1,1.0
1,0.9999999
1,0.9999999
1,0.9999992
1,0.9989863
0,1.5509723e-06
1,0.99998885
0,1.0629936e-06
0,7.409263e-08
1,1.0
1,0.9999998
0,3.6693427e-07
0,7.1719e-08
0,1.5044515e-06
0,1.300007e-06
1,0.99999976
1,0.9999999
1,0.9999996
1,0.9999948
1,0.9989188
1,0.999926
1,0.9999612
0,5.695277e-06
0,9.618557e-05
1,0.99986047
1,0.99999976
0,2.3122404e-05
1,0.9999688
0,1.0163658e-05
0,2.4281135e-07
0,6.7484756e-08
0,3.3858137e-06
0,5.487582e-08
0,5.831765e-06
0,0.00011406842
0,1.5138671e-07
0,3.2368725e-06
1,1.0
1,1.0
1,0.9999997
0,9.4807376e-07
0,1.4858031e-06
0,0.001663608
0,2.9444707e-06
0,2.8283833e-07
0,1.6281185e-05
0,7.5200586e-07
1,0.9999979
1,0.99999046
1,0.99999994
0,0.00012244144
0,0.00041137543
0,8.931383e-05
1,0.9994799
1,1.0
1,0.99839807
1,0.999997
0,1.0585869e-06
0,0.00015914938
0,0.00014629005
1,0.99991065
0,8.916868e-06
1,0.9999895
0,5.188364e-07
1,0.99997336
1,1.0
1,1.0
0,1.8568208e-08
1,0.99999994
0,4.6668513e-09
1,0.9999997
0,7.4781665e-06
0,0.0011194203
1,0.9999978
0,2.252935e-05
0,2.2590311e-06
1,0.9999968
1,0.99999756
0,3.9462861e-07
1,1.0
1,0.99999857
0,5.7299498e-05
1,0.99989086
1,0.99976075
1,0.99955946
0,1.959902e-07
0,1.8207596e-05
0,2.1173362e-06
1,0.99999994
1,0.99990666
0,1.10282e-06
1,0.9999982
0,5.925494e-06
0,4.277165e-05
0,0.00046154534
1,0.99998754
0,8.561315e-06
1,0.9993921
0,7.3399184e-07
1,0.9999972
1,0.99992096
0,4.535006e-05
0,0.0045365016
1,0.99999344
0,1.4090902e-07
0,7.506374e-08
1,0.9999808
0,1.9753447e-06
1,1.0
1,0.9999979
1,0.99998474
1,1.0
1,0.99999994
1,0.99999994
1,0.99999976
1,0.99999994
1,0.99999994
1,0.99999994
1,0.9999999
1,0.99999475
1,0.9999989
1,0.9999989
1,0.99999994
1,0.99999994
1,0.99999976
1,0.9995993
1,0.99999726
1,0.9994028
1,0.9999998
0,2.803882e-06
1,0.9999994
0,4.1956827e-07
1,0.9995328
0,1.6489152e-07
0,4.0844745e-07
0,7.92562e-08
0,7.1284207e-06
0,0.00033706176
0,3.3948538e-06
0,1.7007151e-06
0,1.1350332e-05
0,7.8108127e-07
1,1.0
1,0.9999999
1,0.9999999
1,0.9999999
1,0.9999998
1,1.0
0,5.0211383e-06
1,0.99998134
1,0.9999999
1,0.99999845
0,4.9584472e-05
1,0.9999733
1,0.9999893
1,0.99999976
1,0.9999991
1,0.9999991
1,0.9998599
1,0.9999975
1,0.9999968
1,0.9999966
0,1.486774e-06
1,0.99999994
0,1.1188731e-07
0,7.613029e-08
0,1.0374187e-07
1,0.9999523
0,3.6545902e-08
1,0.99976546
1,0.9999945
1,0.99997425
1,0.9999838
1,0.99999905
1,0.9999953
0,3.9077883e-09
1,0.9999873
1,0.9999999
1,0.9999999
1,0.999999
0,1.2819081e-06
1,0.99999446
1,1.0
1,1.0
1,0.9999353
0,0.00036440595
1,0.9978076
0,1.9281979e-05
1,0.9999992
1,0.9999995
1,0.9999986
0,4.856881e-07
1,1.0
1,0.9999891
0,8.429761e-09
0,0.004025138
1,0.9999984
1,0.9999994
0,1.031275e-08
1,0.9999999
1,0.999546
1,0.9999991
1,1.0
1,0.9999965
1,0.9999353
1,0.99999946
1,0.9999942
1,0.9999979
1,0.9999998
1,0.99999964
0,3.4753917e-05
0,7.798235e-05
1,0.99999803
0,2.2439635e-05
0,3.0264817e-07
1,0.9999991
1,0.9999991
0,4.1884934e-05
1,0.99999994
1,0.99999803
0,4.4129733e-06
0,4.5899313e-05
1,0.9999998
0,4.4925407e-08
0,4.147257e-05
0,0.00010258803
0,6.300694e-08
0,7.7218465e-07
0,9.1060053e-07
1,0.99921274
1,0.9989959
1,0.99994355
0,0.000105392675
1,0.9999979
0,7.862501e-06
0,4.226677e-06
0,2.4989953e-05
0,1.7353257e-05
0,2.653546e-07
0,3.4505743e-07
0,0.00022414328
0,6.2231957e-06
1,0.99993896
1,0.999828
1,0.99999946
1,0.99946594
0,4.2739724e-05
1,0.9999284
0,8.122231e-05
1,1.0
1,1.0
1,1.0
1,0.9999964
0,6.097066e-07
0,5.892017e-07
1,1.0
0,4.612326e-06
0,0.0006867514
1,0.9999881
1,0.9999999
0,3.0636475e-05
0,1.7382995e-07
1,0.99994576
1,0.9999124
0,0.0006330003
0,1.9013321e-05
1,0.9999367
1,0.99986416
1,0.99999994
1,0.9999686
0,0.0050522103
0,2.8024779e-08
0,1.4658762e-07
0,2.9021217e-05
0,2.1512867e-06
0,3.6616103e-07
0,1.8127863e-05
0,0.00014213513
0,1.2299432e-06
0,2.550492e-06
0,2.0470932e-06
0,3.2633935e-08
1,0.9999988
0,2.0478826e-07
0,2.7387475e-07
0,3.2723986e-09
1,0.999442
1,0.998871
1,0.9999987
1,0.9999441
0,2.0177911e-08
0,2.924244e-08
0,1.3456884e-07
0,1.5352482e-07
0,7.85873e-06
0,0.0050395965
0,5.0710056e-05
0,0.00027097523
0,0.00051098946
0,3.071874e-05
1,0.9999483
1,0.9974844
1,0.99982685
1,0.9983778
1,0.9994251
1,0.9998363
1,0.9999973
1,0.99911994
1,0.99996877
1,0.9998508
1,0.9999926
1,0.99991536
1,0.9999894
1,0.99989206
1,0.9999794
0,1.8474225e-06
0,1.2587783e-05
0,3.6238623e-07
1,0.99999994
0,1.8319762e-06
0,4.193377e-05
0,5.1265334e-07
1,0.99998134
1,0.99999666
0,1.1843847e-06
0,0.0034576089
0,0.0021451183
1,0.9999659
1,0.9998629
1,0.9999002
0,4.2033703e-06
0,7.315027e-07
1,0.9999842
1,0.99998945
0,2.5518477e-05
0,9.881951e-06
0,1.17776e-05
0,4.2434035e-08
1,0.9999597
1,0.99960655
1,0.9999898
0,0.0017783323
0,9.463358e-07
0,1.349603e-07
0,3.791015e-06
0,3.832799e-06
1,0.9999995
1,1.0
0,5.7703047e-09
1,0.99999404
1,0.999923
0,1.7825793e-07
0,1.3561668e-06
0,4.05187e-05
1,0.99999744
0,1.4268377e-06
0,3.705074e-05
0,4.1330662e-07
0,1.7902353e-07
1,0.9999472
1,1.0
1,0.99999815
0,9.0939675e-06
1,0.999998
1,0.99999994
1,0.99999976
1,0.99999994
1,0.9999999
1,0.9999953
1,0.99974185
1,1.0
0,0.00015905003
0,5.287588e-05
0,8.453402e-05
0,2.2375045e-06
1,0.999897
1,0.9999996
1,0.9999983
1,0.9995328
1,0.9999599
1,0.99950594
1,0.9999623
0,7.3785895e-07
1,0.9978982
1,0.9992918
0,1.0760651e-07
0,3.7798242e-07
0,1.9785823e-08
0,1.6083677e-06
0,0.00015667328
0,2.7317219e-08
0,2.2215421e-07
0,1.1107915e-05
1,0.99999875
1,0.99982584
0,9.037334e-08
0,4.223236e-06
0,2.1850685e-05
0,0.0008719794
0,5.198472e-08
0,2.1594968e-05
1,0.99999833
1,0.99999946
1,0.999758
1,0.9999982
0,1.686505e-06
0,9.908696e-06
1,0.9999562
0,7.7628894e-05
1,0.99999356
0,1.5928726e-06
0,7.1202608e-06
0,2.9651554e-07
0,7.6288925e-05
0,1.3433947e-06
1,0.9999988
0,1.2686922e-05
0,4.047446e-06
0,2.3011975e-05
1,0.99999994
1,1.0
1,0.9999346
0,0.040507417
1,0.99999046
1,0.9999995
0,4.5720768e-05
1,0.9997491
1,0.9997491
1,0.99999976
0,1.4983596e-05
1,0.99999887
1,0.9993274
0,0.00015454792
0,4.3669024e-05
0,8.301015e-06
1,0.9999997
1,0.99998486
0,8.414701e-05
0,1.9187394e-06
1,0.99999493
0,0.000110257235
1,0.9999999
1,0.999989
1,0.9995831
1,0.99989814
1,0.99979275
0,0.00043586604
1,0.9993982
0,6.3088294e-07
0,6.488356e-07
1,0.9999432
1,0.99948823
1,0.9999999
0,2.5425441e-05
1,0.9999724
0,1.4245209e-05
0,1.9579797e-07
0,6.275714e-06
0,3.5411384e-07
0,5.400634e-07
0,2.7018543e-06
0,1.0394236e-05
0,2.5020627e-06
1,0.9999999
1,0.99998033
1,0.99999213
0,1.0327392e-05
0,6.9106994e-05
0,4.8858623e-05
0,7.3970485e-05
0,9.0445756e-05
1,0.9999904
0,4.988303e-05
1,0.9999996
1,0.9999999
0,2.8102288e-05
1,0.999961
1,0.99999976
0,0.0022574733
0,1.6843425e-05
0,2.901358e-07
0,1.6577764e-07
0,4.3420678e-06
0,2.2523032e-05
0,2.0908772e-06
0,5.901289e-05
1,0.99999857
1,0.99999994
1,0.99998385
1,0.9999991
1,0.9999982
1,0.9999696
1,0.9999998
1,0.9999936
1,0.9998007
1,0.9999634
1,0.99998015
1,0.99999505
1,0.99999946
1,0.9999974
1,0.9999992
1,0.99999946
1,0.99999094
1,0.9999978
1,0.99998826
1,0.9999981
1,0.9999823
1,0.9999996
1,0.9999996
1,0.9999993
1,0.99999183
1,0.99982417
1,0.99999875
1,0.99998474
1,0.9999307
1,0.9999993
1,0.99999934
1,0.9999999
1,0.99999994
1,0.99999994
1,0.99999833
1,0.9999967
1,0.9999972
1,0.9999996
1,0.99999976
1,0.99999994
1,0.9999974
0,0.0012894004
1,0.9999993
0,8.649181e-06
0,1.104177e-07
0,2.9100338e-05
0,1.6199683e-06
1,0.9999968
0,2.0841066e-05
1,0.9999988
1,1.0
0,0.000106110165
0,5.318493e-07
0,7.798408e-06
0,1.5391638e-06
0,1.1545288e-05
1,1.0
1,0.9999166
0,2.3449973e-05
0,0.00022590993
0,2.4283629e-05
1,0.9999978
1,0.9999977
0,1.2508547e-06
0,2.631957e-07
1,0.9999989
0,9.576129e-06
0,6.1245123e-06
0,4.8243633e-06
1,0.9999997
0,8.572658e-09
0,2.0325079e-07
0,6.180394e-05
0,7.363085e-05
1,0.9999971
0,8.695566e-05
1,0.99976486
0,1.8376211e-06
1,0.9999874
1,0.9999199
0,0.0001248074
1,0.9999928
0,7.184745e-05
0,4.047637e-05
0,6.697007e-06
1,0.99999976
1,0.9999978
1,0.9999925
1,0.9999881
0,3.5541845e-07
0,1.113814e-07
1,0.99999815
0,7.416245e-09
0,9.423089e-06
1,0.9999998
1,0.9999849
0,1.465067e-07
0,7.7894065e-06
0,0.008151316
0,8.867559e-08
0,8.108864e-06
1,0.9999998
1,0.9999933
1,0.99999917
1,0.99996114
0,3.700863e-07
0,1.1128372e-07
0,0.00019184042
1,0.99992317
0,8.002976e-06
0,4.101883e-05
1,0.99944365
0,0.00017707104
0,0.007291421
0,8.166117e-05
0,3.8488242e-06
0,6.540786e-06
1,0.9997766
0,2.9863199e-05
0,5.2943644e-05
1,0.9999525
1,0.9999646
0,0.00021494654
0,2.342378e-05
0,6.7636106e-06
0,0.0003674622
1,0.999957
0,0.00029367366
0,1.4639636e-07
0,7.730086e-06
0,9.056424e-06
1,0.99999446
1,1.0
1,0.9999997
1,0.99999815
1,0.9999998
1,0.99999994
1,0.9999999
1,0.9999999
1,0.9999099
1,0.99999934
1,0.9999903
0,2.7548404e-05
0,2.8729628e-05
1,0.9999999
0,1.0405895e-07
0,3.7665388e-06
0,2.7514934e-08
1,0.99999887
1,1.0
1,0.99999946
0,1.6993361e-05
0,3.8012317e-07
0,1.131185e-05
0,3.7749176e-06
0,2.6823915e-05
0,4.0469945e-06
1,0.9998154
0,6.688089e-07
0,7.478727e-07
0,0.002813101
0,2.6019716e-06
0,2.0639163e-06
0,2.2060147e-05
1,0.9999961
0,6.7881338e-06
0,5.041603e-06
0,1.50535625e-05
0,8.824077e-06
1,1.0
1,0.9999997
1,1.0
1,0.99999994
1,0.99999994
1,0.99999994
1,0.9999828
1,0.99999493
0,1.5965271e-06
0,2.4896113e-07
0,1.5929763e-07
0,2.7874376e-05
0,3.6353683e-07
0,3.2477476e-06
0,1.3962168e-06
0,3.5134793e-08
1,0.9999994
0,8.878852e-05
0,5.1432748e-05
1,0.99992806
1,0.9999961
1,0.9998926
0,4.434316e-09
0,1.2067983e-08
0,4.138525e-08
0,9.4588914e-09
0,2.608384e-06
1,0.99997604
1,0.99999833
1,1.0
1,0.99999994
0,0.0015432187
0,3.296214e-05
1,0.9999976
0,0.00015352243
0,4.3635077e-06
1,0.99999905
0,1.6785138e-05
1,0.9999725
1,0.9999978
0,0.0013606463
0,0.0024073953
0,1.0936882e-05
0,0.00076195877
1,0.9999311
0,5.9459074e-07
0,9.1312677e-07
0,0.010136582
1,0.9999294
0,2.1380167e-06
0,0.00044200334
0,2.2130696e-06
0,1.4746967e-05
0,4.0491153e-07
0,2.7569604e-06
1,0.9999886
0,1.4588167e-07
0,4.4117576e-09
1,1.0
1,0.9999951
1,0.9999934
1,0.99999994
1,0.9999999
1,0.99999976
1,0.9999999
0,3.1707825e-07
0,2.1785766e-06
1,0.99994224
1,1.0
0,4.017074e-05
0,1.2311731e-06
0,4.854228e-07
0,1.512882e-08
0,1.5163727e-07
1,0.99999875
1,0.99994904
0,0.00030077173
1,0.99999994
0,7.1174996e-05
0,5.1028812e-05
1,0.99997044
0,2.5663556e-07
0,2.0440402e-06
1,0.99968183
1,0.9996358
1,0.9995723
0,5.688881e-07
1,0.99999744
0,4.9317896e-06
0,1.9171116e-06
0,1.877367e-06
0,7.75745e-05
0,6.263546e-09
1,0.9999996
0,9.931789e-06
1,0.9999795
0,0.0018900018
1,0.99999905
1,0.9999993
0,2.9214398e-06
1,0.9999938
0,5.5622113e-05
0,1.5701644e-05
1,0.9999997
0,9.695678e-09
1,0.99999994
1,1.0
0,2.0417046e-08
0,1.4600568e-05
0,4.346165e-06
1,0.9999996
0,2.7331532e-06
0,2.2248496e-05
1,0.999985
1,0.99999154
1,0.99974483
1,0.99989504
1,0.9999998
1,0.9999983
1,0.99991524
1,0.9999967
0,1.3639108e-05
1,0.9999979
0,4.002392e-08
0,1.2879858e-07
1,0.9998629
0,6.6497387e-07
0,0.00012319881
0,8.111788e-07
0,3.216441e-08
1,0.9999886
1,0.99995047
1,0.99999344
0,2.1782047e-05
0,3.38944e-08
0,9.381705e-08
0,0.00028245195
0,5.007983e-07
0,1.8404005e-08
1,0.9999838
1,0.9999994
0,0.00015420596
0,1.3015975e-05
0,7.4329396e-06
0,1.4830395e-07
1,0.9997948
1,0.9999991
1,0.9999715
0,4.1008032e-05
1,0.9999999
1,0.9999999
0,3.470355e-05
1,0.9996694
1,0.99999714
1,0.9997096
1,0.99998
1,0.9999845
0,0.00031326537
1,0.9999978
0,2.6816882e-05
1,0.9999285
0,8.4830535e-05
1,0.9997243
0,3.8005828e-07
1,0.9999646
1,0.9999938
1,0.9999995
0,8.853883e-07
1,0.9999998
0,1.1463421e-05
0,7.0167625e-05
0,1.1823432e-06
0,0.0013846614
0,0.00021009351
1,0.9999401
1,0.99999994
1,0.9999976
1,1.0
1,1.0
1,0.99999994
1,0.9999997
1,0.9999998
1,1.0
1,0.9999522
1,0.99999976
1,0.99999946
1,0.99999255
1,0.99999785
1,0.9999994
1,0.9999999
1,1.0
1,1.0
1,0.9999992
1,0.99999994
1,1.0
1,1.0
1,1.0
1,1.0
1,1.0
1,1.0
1,0.99999964
1,0.9999988
1,1.0
1,0.9999724
0,9.274382e-05
0,0.0003617844
0,3.760782e-05
0,6.294447e-08
0,0.0010540517
1,0.99977285
1,0.9997618
0,1.4437179e-08
0,2.6044611e-07
0,1.074861e-07
1,0.99996823
1,0.99999934
1,0.9999995
0,1.5717052e-07
0,6.135797e-08
0,5.8358954e-05
1,0.999995
1,0.9999786
1,0.99996114
1,0.99997836
1,0.9999976
1,0.9996943
1,0.99930066
0,4.146045e-06
0,1.6023267e-07
1,0.9999822
0,5.4368337e-07
0,3.8846008e-07
0,2.1943498e-07
1,0.9999867
0,0.00294418
0,1.0714162e-07
0,5.235428e-08
0,4.2448647e-07
0,1.8750482e-06
1,0.9999102
1,0.999286
1,0.99996567
0,6.786747e-07
1,0.9999989
0,1.5738957e-08
1,0.99994874
1,0.9999989
0,2.165798e-08
1,0.9999978
1,0.99999946
1,0.9999993
0,0.00026315375
0,6.1257786e-05
1,0.99999857
1,0.9999965
1,0.99999964
0,4.6384124e-05
0,4.054373e-06
0,7.760992e-08
0,3.3722327e-07
0,5.09805e-06
0,1.1516378e-05
0,1.5220259e-07
0,3.5649387e-07
0,2.3122273e-05
0,1.00567135e-07
0,7.10803e-08
0,1.0486409e-07
0,5.763928e-05
0,3.7128366e-06
1,0.99999475
0,0.0001112172
0,0.0027303398
0,2.0948348e-06
0,8.329993e-06
1,0.9999999
1,0.9999996
1,0.99999493
0,3.672343e-06
0,4.069152e-07
1,0.9999332
1,1.0
0,2.0236682e-06
0,9.982791e-06
1,0.99999857
1,0.9999958
0,5.1878274e-06
0,9.898495e-06
0,0.0004794382
0,1.0468058e-05
0,4.0643816e-05
1,0.9999996
1,0.99951845
0,0.00011026607
1,0.99999046
1,0.99999994
1,0.99999994
1,0.9999999
1,0.9999893
1,0.99999565
1,0.99999976
1,0.99998677
1,0.9999996
1,0.99999505
1,0.99999845
0,1.7926627e-06
1,0.99989784
1,0.9999974
0,1.2400113e-07
0,2.6920887e-07
1,0.9999481
1,0.9999942
1,0.9999924
1,0.9999921
1,0.99997723
1,0.999993
0,2.4111537e-06
0,5.025661e-06
0,5.687796e-07
1,0.99984616
0,1.4041166e-06
0,5.0875267e-05
1,0.9999662
1,0.9999778
1,0.99999654
0,5.1060066e-05
1,0.9999998
1,0.9999884
0,3.715916e-05
0,0.0006925621
0,1.4107918e-05
1,0.99997026
0,9.437254e-06
1,0.99999815
1,0.99973446
0,5.3788945e-06
0,0.00015628355
0,6.1479574e-07
0,8.341622e-05
1,0.99999607
0,8.4212934e-07
0,1.9634471e-07
1,0.9998574
0,3.0547807e-07
0,0.0004513117
0,2.3572672e-07
1,0.99999756
0,1.357598e-06
1,0.9999086
1,0.99999994
0,5.878715e-06
1,1.0
0,1.0407642e-07
0,2.3700944e-05
0,1.39861625e-08
0,9.881274e-05
0,7.5857155e-05
0,0.00020023003
0,0.0394957
1,0.99999964
1,0.9999548
1,0.9999032
1,0.99999726
1,0.9997684
1,0.9999992
1,0.99999225
1,0.9999848
1,0.99998724
1,0.9998877
1,0.9999446
1,0.99982315
1,0.9999823
1,0.9999789
1,0.99987745
1,0.99982196
1,0.9999881
1,0.99923444
1,0.9999667
1,0.9994868
1,0.99989516
1,0.99995065
1,0.9999279
1,0.9998742
1,0.99998045
1,0.9999801
0,4.882791e-07
1,0.99999195
0,2.4454616e-06
0,0.0016483015
1,0.9999999
1,0.9992336
1,0.9999826
1,0.9998612
1,0.99999994
1,0.9998543
0,2.6157775e-06
1,0.99997616
1,0.99988854
0,9.2662407e-07
0,1.9941817e-06
1,0.99998164
0,0.00013736721
0,4.2812542e-05
1,0.9999998
0,7.264015e-07
0,7.827149e-05
0,1.4591812e-05
0,1.9969315e-05
0,3.3474178e-06
0,1.8597733e-05
0,3.7783752e-06
0,3.7204325e-06
0,2.5526435e-05
0,1.1366807e-06
0,8.5888365e-05
0,0.0001769723
0,2.624896e-06
0,2.96035e-05
1,0.9998767
1,0.99970895
1,0.99994946
1,0.9999788
1,0.99998647
1,0.9999928
0,1.8477836e-06
0,1.9509636e-05
0,1.9850828e-09
1,0.9999999
1,0.99999905
1,0.99997973
1,0.9999982
1,0.99992484
0,1.7857987e-07
0,1.7230505e-07
1,0.9999677
1,0.99977124
0,4.2613997e-06
0,0.00067121326
0,2.508449e-06
1,0.99999094
1,0.99997175
0,5.858282e-06
1,0.99999875
0,9.499554e-07
0,9.529661e-07
0,8.19488e-05
1,0.9999827
1,0.9998859
1,0.99967694
0,1.5546611e-05
0,4.326759e-05
0,0.027274437
0,0.07749617
0,0.092621505
1,0.9998383
1,0.99988997
1,0.9999515
1,0.99993646
1,0.99999774
1,0.9999431
1,0.99999815
1,0.9995949
1,0.9997301
1,0.99999315
1,0.9999992
1,0.9999821
0,7.2855634e-08
1,0.99978536
1,0.99999994
0,6.4604905e-07
1,0.99994636
0,1.5725432e-07
0,8.77164e-08
0,1.2028485e-07
1,0.99999994
1,0.9999204
0,4.6739588e-06
0,1.7424405e-07
1,0.99996316
0,6.4446835e-06
1,0.99936193
1,1.0
1,0.9999937
1,0.9999502
0,1.0047193e-05
1,0.9999993
0,3.257385e-06
1,0.99844927
1,0.9999993
0,6.0593884e-05
0,4.3874104e-05
0,8.245259e-06
1,0.99999946
0,3.618559e-05
1,0.9999999
1,0.9999676
1,0.9999968
1,0.99999994
1,0.99995357
0,4.8161533e-06
0,9.218991e-05
1,0.9999984
1,0.99998397
0,4.2616448e-05
1,0.99932766
1,1.0
1,0.9999995
1,0.99999994
1,1.0
1,1.0
1,1.0
1,1.0
1,0.99875265
0,0.00021706952
0,0.00048588568
1,1.0
1,1.0
1,0.9999999
1,0.9999998
0,2.484737e-07
0,2.3555211e-07
1,0.999974
0,1.6860952e-07
0,1.2816848e-05
1,1.0
0,3.4201057e-07
0,8.325757e-08
1,0.9999991
1,0.999944
1,0.9996618
1,0.9999977
0,9.6433405e-06
0,2.8138573e-05
0,3.2295437e-05
0,2.1846809e-06
0,1.18180815e-05
0,0.0006004247
0,0.00011241233
0,2.252836e-05
0,9.118301e-06
0,5.020913e-05
0,0.00021450491
1,0.99974704
1,0.999146
0,4.705351e-05
0,3.095311e-05
0,1.08758795e-05
1,0.9999955
0,5.1264004e-05
0,3.4151515e-07
1,0.999999
1,0.99998236
0,3.9681895e-06
0,9.270145e-06
1,0.99999994
1,0.9999869
1,0.99999976
1,0.9999991
1,0.9999999
1,0.99999917
1,1.0
1,0.99999994
1,1.0
1,0.99999994
1,0.99999917
1,0.9999998
1,0.99984616
1,0.99996054
1,0.99999785
1,0.9998435
0,1.4948023e-06
0,8.510503e-06
0,2.2599092e-08
0,5.7362486e-05
0,8.293472e-08
0,1.0080256e-05
1,0.99999356
0,0.00041582598
1,0.9999662
1,0.99990135
0,3.9299034e-06
1,0.99803054
0,0.0008316851
0,4.425793e-07
1,0.9999994
1,0.9999782
1,0.99915123
0,0.00010234571
1,0.99999917
1,1.0
1,0.9999729
1,0.999999
1,0.99999994
1,0.9999993
1,0.99995404
1,0.9998333
1,0.99998736
0,3.9695524e-07
0,3.624458e-05
0,2.3855755e-06
0,5.5741543e-06
0,5.863027e-06
0,4.8172e-08
0,3.7789587e-08
0,1.988261e-06
0,1.2232868e-05
1,1.0
1,0.9997344
1,0.99999136
1,0.99999845
1,0.99998754
1,0.9999738
1,0.9999711
1,0.9999987
1,0.9999904
1,0.99999547
1,1.0
1,1.0
1,1.0
1,1.0
0,5.502191e-07
0,7.706988e-08
0,6.799653e-08
0,2.975528e-08
0,3.4463504e-08
0,0.0005119138
1,1.0
0,3.215809e-05
0,4.6949552e-07
0,2.0792886e-05
0,8.594536e-06
0,7.409549e-06
0,5.5445023e-05
1,0.99999714
1,0.9991725
1,0.9999824
0,8.39354e-06
0,1.10187536e-07
0,2.5339276e-07
0,0.00012481691
0,3.0424e-06
1,0.99999857
1,0.99999267
0,2.7881233e-06
1,0.9999938
0,2.264893e-05
0,9.212767e-08
0,6.448118e-08
0,1.1938332e-06
0,6.2192285e-08
0,0.00010654156
1,0.999916
0,4.500943e-05
1,0.9999951
0,9.375837e-08
0,4.228774e-06
1,0.9999962
1,0.99999934
1,0.99998903
1,0.9999957
1,0.99999714
1,1.0
1,0.99996114
0,1.1137753e-05
1,0.9999991
1,1.0
1,1.0
1,0.99999917
1,0.99999887
1,0.99999624
0,3.7148873e-06
0,3.9656134e-05
0,8.1015525e-05
0,5.580556e-07
0,7.1903654e-05
1,1.0
0,1.5791806e-05
0,4.0220976e-07
0,1.2523383e-06
1,0.9999986
1,0.99999833
0,5.2881805e-06
0,2.3073794e-06
1,0.9942843
0,0.00024234074
0,0.00040802194
0,1.1032002e-07
0,3.772168e-05
0,0.00042570513
1,0.9999257
0,8.48467e-09
0,3.4170597e-08
1,1.0
0,2.2981816e-09
0,1.3259129e-06
0,5.2477752e-08
1,0.999992
1,0.9999999
1,0.9999766
0,3.5754152e-07
0,0.00055629376
1,1.0
0,2.736861e-05
0,1.6489006e-06
0,8.849646e-06
1,0.99999976
1,0.9996942
0,6.6321145e-06
0,1.431346e-06
1,1.0
1,1.0
1,0.99999994
1,0.9999999
1,0.999995
0,1.4125808e-06
0,1.3109043e-05
1,0.9999981
0,8.299829e-06
1,0.9999978
1,1.0
0,2.1018232e-08
1,0.99999976
1,0.9999999
0,0.0031028916
0,0.0044359206
0,0.001085681
0,3.1032738e-05
0,3.520186e-05
0,1.7333239e-08
0,2.0107043e-06
0,0.00014692498
0,6.4762375e-05
0,0.00096471224
0,0.0002267606
1,0.9999992
1,0.9999424
0,7.790335e-06
1,0.99990964
0,3.0655804e-06
0,4.7888702e-06
1,0.9999748
1,0.9999867
0,8.857719e-05
1,0.99999845
0,3.1570355e-07
1,0.99999994
0,4.893681e-06
0,7.6170245e-06
0,1.4652207e-07
1,0.9999992
1,1.0
1,1.0
0,2.7325484e-06
0,4.9222088e-08
1,0.99999887
1,0.9999815
0,9.6187044e-08
0,2.5691695e-06
1,1.0
0,1.3709038e-06
0,2.5553563e-06
1,0.9999594
0,1.9411366e-06
0,1.5761044e-06
0,1.8380017e-07
1,0.9999564
0,3.9728133e-07
0,3.3064478e-06
1,0.99999994
0,8.485242e-06
0,5.513468e-05
0,1.1703551e-06
0,2.6587466e-06
0,9.455912e-06
1,0.9997684
0,6.1124183e-07
0,9.934798e-05
0,2.3582926e-07
0,0.009239021
0,2.2367144e-07
0,1.9219206e-06
1,0.9999972
1,0.9999959
1,0.9999341
1,0.99987376
1,0.99997395
0,3.199161e-07
0,3.3776187e-06
0,6.819207e-06
1,0.99999994
1,1.0
1,1.0
1,1.0
1,1.0
1,1.0
1,1.0
0,0.00057638914
1,0.99999714
0,1.4090382e-06
1,1.0
0,5.2823964e-07
0,1.9210408e-06
1,0.9999991
0,2.3545432e-05
0,3.158858e-05
0,0.00016715872
0,2.8760222e-05
0,3.2531372e-07
0,6.364686e-08
1,0.99999875
1,0.99998826
0,1.6549848e-06
0,5.14838e-07
0,2.276839e-08
1,0.99995553
1,0.9999926
1,0.99999017
1,0.9999993
1,0.99999857
1,0.9999988
1,0.9999972
1,0.99994147
0,8.4053744e-07
0,7.6415125e-07
1,0.9994839
0,3.9981865e-06
0,0.0058728033
1,0.9998325
0,6.0637217e-06
1,0.99992734
1,0.9999997
1,0.9999997
1,0.99999815
1,0.9999997
1,0.9999996
1,0.9999994
0,0.00022643438
0,2.6291022e-07
0,1.0101928e-06
0,0.0068673636
0,0.0004229747
1,0.99999774
0,0.0003061082
1,0.9996353
0,1.0800331e-06
0,4.067468e-08
0,4.292924e-08
0,4.0536975e-08
1,0.9999874
0,6.600794e-05
0,1.8626311e-05
0,8.0648965e-07
1,0.9999998
0,1.3742869e-05
0,0.00025584243
0,5.1752246e-05
0,2.4860975e-07
0,0.00014984826
1,0.9999448
1,0.9999955
1,0.99999344
1,0.99999917
1,0.99996996
1,0.9999955
1,0.9996519
0,2.5649912e-05
0,1.0252352e-05
0,4.3189146e-05
0,2.7614334e-07
0,3.8984734e-07
0,7.199119e-08
1,0.99959904
0,0.00026037777
0,3.4833593e-05
1,0.999987
0,4.1361122e-06
1,0.99996984
0,1.3066119e-05
1,0.9999978
1,0.9999765
0,1.4053007e-06
0,1.4236711e-08
0,4.3291735e-07
1,0.99999934
0,5.168247e-09
0,7.8183724e-08
0,0.0001112574
0,0.0029587161
1,1.0
0,6.257758e-08
0,0.00028648754
1,0.99999917
1,0.99999523
0,4.795136e-07
0,4.8157485e-08
0,8.5602744e-07
0,1.5008394e-05
0,1.7807993e-08
0,9.042106e-09
0,1.0932106e-08
0,1.0622839e-05
0,0.0005258877
1,0.99999994
1,1.0
1,0.9999999
1,0.9999848
0,2.4988005e-06
0,1.4367903e-07
0,2.289525e-07
1,0.99994105
0,1.0276943e-05
0,1.0033186e-07
1,0.9991012
0,3.3754773e-06
1,0.99991703
0,1.2570558e-05
0,3.37967e-07
1,0.99520564
0,1.0567743e-06
1,0.9998771
0,1.4508062e-06
1,0.9999417
0,5.242703e-07
0,3.752191e-07
0,5.8479386e-06
0,2.0583047e-05
0,2.0170191e-06
0,7.2011486e-09
1,0.9999999
1,1.0
1,0.9999467
1,0.99999994
1,0.99999934
0,1.9684001e-05
1,0.99935776
0,1.08281375e-08
0,5.3772827e-05
0,5.6930384e-07
0,0.00026795783
0,3.2001965e-06
1,0.9999999
1,0.99999934
1,0.9999998
1,0.9999946
1,0.99999833
1,0.99999994
1,0.9999998
1,0.99999964
1,0.9999999
1,0.99999994
1,0.99999994
0,3.1054963e-06
1,0.9999979
0,3.1086697e-06
1,0.9999999
1,0.9999999
1,0.99941343
0,1.2456721e-07
1,0.99999523
0,6.0884362e-05
1,1.0
0,5.0781236e-05
1,0.99999875
0,6.0447605e-06
0,2.0381965e-06
0,5.32371e-08
1,0.9999922
1,0.9999994
1,0.9999999
1,0.99999994
0,0.00041089044
1,1.0
0,1.3339357e-07
0,4.2840762e-05
0,1.5754802e-05
0,1.0063879e-05
1,0.99999994
1,0.99999994
1,1.0
1,1.0
0,1.3068774e-05
0,0.00016820118
1,0.99999964
1,0.99999815
1,1.0
1,0.99999875
0,2.2945424e-06
0,4.725199e-06
0,5.412651e-06
0,0.00014696983
0,6.711616e-06
1,0.9999832
1,0.99999815
0,8.421676e-05
0,2.2320505e-06
0,5.055335e-07
0,0.0035177507
0,2.0150759e-07
1,0.9999995
1,0.99999976
1,0.9999451
1,0.9999999
1,0.99998194
0,2.1792143e-06
0,5.0437284e-06
0,9.32153e-07
0,1.0177127e-06
1,0.99999994
1,0.9999875
1,0.99999994
1,0.9999995
1,0.99999994
1,0.9999835
1,0.99998546
1,0.9999978
1,0.9999114
0,1.41379105e-05
0,1.2328001e-05
0,1.8253495e-05
1,0.99999994
1,0.9999995
1,0.999948
0,3.4455996e-09
0,3.4172878e-08
0,9.9931746e-08
1,0.9999858
1,0.9998473
0,0.00033294948
0,2.252487e-06
1,0.9999879
0,4.4096574e-08
1,0.9999958
1,0.9999982
1,0.99999905
0,3.4147397e-05
0,1.4477872e-05
1,0.9999999
1,0.99999994
1,1.0
1,0.9999996
0,2.1268188e-05
1,0.9997526
0,1.511667e-07
1,0.9999758
1,0.9999758
0,5.1317413e-05
0,1.4035002e-07
0,1.1730973e-06
1,0.99999845
0,7.9879445e-09
1,0.9999988
0,1.4744654e-06
1,0.99998116
1,0.99999493
1,0.9983336
1,0.9999937
0,3.4786265e-06
0,0.000600725
0,2.7383346e-06
0,1.2343256e-07
0,5.630039e-05
1,0.9999958
1,0.9999997
1,0.9999979
1,1.0
1,0.99999994
0,6.46843e-05
0,0.00023584421
0,3.1193933e-06
0,4.6667785e-07
0,1.5157032e-07
1,0.9999995
1,1.0
1,0.9999863
1,0.99997807
0,1.2159837e-05
0,9.635094e-06
0,4.454438e-05
0,3.18954e-05
0,1.2409783e-06
0,3.4287673e-06
0,7.076451e-07
0,4.1006897e-05
1,0.9999744
0,2.9812269e-05
0,3.0075293e-05
0,2.3409959e-07
0,0.00012863394
1,0.99999994
0,1.588746e-06
1,0.9999917
1,0.9999996
1,0.99999976
1,0.9999994
1,0.9999994
0,1.1339316e-06
0,7.472333e-08
0,1.3678383e-07
0,4.2469175e-08
1,0.9996291
0,1.6456974e-05
1,0.9999999
1,1.0
0,0.0007741865
0,1.1041345e-05
0,0.0051545543
0,4.4447552e-07
0,1.24219405e-05
1,0.99560285
1,0.9999984
0,9.097915e-06
0,0.00041782408
1,0.999999
1,0.9999989
0,4.836839e-07
0,4.2787146e-06
1,0.9999721
0,3.4986762e-05
1,0.99999994
1,0.99984384
1,0.999993
0,3.464363e-05
0,1.1369853e-05
0,8.857981e-05
1,0.99999934
0,3.1620987e-06
0,1.9531231e-05
1,0.9998749
1,0.99999994
1,0.9999999
1,0.99999994
0,5.288322e-06
1,0.999995
1,0.99996567
0,1.243761e-05
1,0.99999994
1,0.9999903
0,7.250302e-05
0,4.0479404e-06
0,9.747915e-06
0,1.8349347e-06
1,0.9999631
0,3.2672788e-06
1,0.99999917
0,0.00056963466
0,2.4370688e-06
1,0.99999774
0,1.054114e-06
0,4.9965956e-07
0,1.8404133e-05
0,4.954408e-07
1,0.99999994
0,9.964585e-06
1,0.9999944
0,0.0001347497
1,0.99997365
0,6.1092454e-05
1,1.0
1,1.0
1,1.0
1,1.0
0,1.576432e-06
1,0.99995667
0,2.3345779e-06
0,1.2501767e-05
1,1.0
1,0.99999416
1,0.9999729
1,0.9999835
1,0.99995625
0,2.1882484e-05
0,0.00029147646
1,0.9999747
0,4.2050062e-05
1,1.0
0,0.0010995844
0,0.00080315967
0,6.452061e-05
0,2.4409332e-05
1,0.99998665
1,0.99973845
1,0.99975634
1,0.9998648
1,0.9999874
1,0.9999749
1,0.99992037
1,1.0
1,0.99999976
1,0.99999976
0,6.864238e-05
0,0.0001404457
0,9.494702e-08
0,8.2067505e-05
1,0.99999994
1,0.99999785
1,0.9998741
0,8.178574e-09
0,8.5621714e-08
0,9.6867254e-05
1,0.9999998
1,0.9999996
1,0.9999991
1,0.9999996
0,2.0861567e-05
0,4.2959685e-09
0,1.8361061e-07
1,0.99995404
0,0.0009623121
0,6.462862e-05
1,0.9987667
1,0.999817
1,0.99989474
1,0.99999917
0,0.00062983064
0,8.455119e-06
0,9.0976966e-05
1,0.9999959
0,3.0912524e-05
0,3.4024897e-06
0,3.935649e-06
1,0.9999909
1,1.0
1,1.0
1,0.9999312
0,5.9171757e-06
1,0.9994842
0,3.0265733e-06
0,8.0173896e-07
1,1.0
1,0.99999994
0,9.259027e-08
0,5.5832938e-05
0,8.389776e-08
0,0.00013741593
0,5.808413e-05
0,1.0432261e-06
0,4.7743548e-08
1,0.99999386
1,0.9999936
1,0.99902594
0,3.321229e-05
0,4.884067e-06
0,2.2341967e-05
1,0.9999354
0,2.1235253e-05
1,0.99998826
1,0.9999999
1,0.9999792
1,0.99999845
1,0.99999994
1,0.99999994
1,0.99999946
0,2.357832e-06
0,4.908119e-07
0,2.5666444e-07
0,0.00056993554
0,3.6814136e-08
0,5.0968156e-06
0,5.0367305e-07
0,4.4404466e-08
0,1.3330012e-05
0,8.283512e-05
0,2.032585e-06
0,7.5031664e-07
1,0.99997824
0,0.0011401658
1,0.9999996
1,0.9999982
1,0.99999285
1,0.9999956
1,0.99999964
1,0.99999917
1,0.9999995
1,0.9999987
1,0.9999996
1,0.99999976
1,0.9999999
1,0.9999429
1,0.9999994
0,0.000116168536
0,7.568713e-06
0,1.6846847e-05
0,4.478758e-06
1,0.99998766
1,0.9999956
1,0.9999998
1,0.9999996
1,0.9999994
1,0.9999125
1,0.99999243
1,0.9999037
1,0.99991
1,0.99987143
1,0.9999215
1,0.9999942
1,0.9999941
1,0.9999389
1,0.99999624
1,0.9998532
1,0.99999964
1,0.9999889
1,0.99999654
1,0.9999037
1,0.9999999
1,0.99999833
1,0.9999814
1,0.9999316
0,0.0009133357
0,4.6145262e-05
0,5.896925e-08
1,0.9999124
0,0.00083193067
1,0.9999722
1,1.0
0,0.0003437683
0,2.2860939e-05
1,0.9999985
1,0.9999594
0,1.8067451e-06
0,3.565319e-05
0,2.96881e-06
0,8.219677e-08
0,2.7884337e-08
1,0.99999803
1,0.9999999
0,0.008064516
0,9.4904533e-07
0,0.0005682343
0,0.000906958
0,0.00053088303
0,0.00059924537
0,0.0028910725
0,2.5543555e-05
0,0.00027180865
0,2.2282989e-06
1,0.9999922
1,0.9999749
1,0.99999857
1,0.99994385
0,0.0002302662
0,2.205039e-06
1,0.9962049
0,9.913762e-08
0,2.9985225e-07
0,5.7995753e-06
0,9.673238e-06
0,7.8739895e-06
0,4.549643e-07
0,0.00010451546
1,0.99999994
1,0.99999994
1,0.998419
0,1.2605568e-06
0,4.0026107e-09
1,1.0
1,1.0
1,0.99999094
1,0.9999829
0,2.4142201e-07
1,0.99999857
1,0.9990277
1,0.99999994
1,0.9999941
0,1.7806329e-08
1,0.9998518
0,0.00015962493
1,0.99999994
1,0.99997085
1,0.99999976
0,2.1856813e-06
0,1.7164848e-06
1,0.9999999
1,0.9999984
1,0.9999997
1,0.9999777
0,2.0293387e-06
1,0.99999994
0,4.007161e-06
1,0.99996185
1,0.99998784
0,5.12823e-07
1,0.9999972
0,8.478106e-08
0,7.5872464e-07
1,0.9999769
0,9.208603e-08
1,0.99999076
0,4.6080078e-07
0,3.6831835e-08
0,1.9551453e-07
0,1.040875e-08
1,0.99999315
0,1.06428544e-07
1,0.9999736
0,2.1650683e-06
1,0.99995476
1,0.99999994
1,0.9999893
0,6.405927e-05
0,2.4069075e-07
0,0.00010396261
1,0.99999905
0,2.9234159e-06
0,2.0272004e-05
1,0.9999999
1,0.9999999
1,0.99999946
1,0.9999995
1,0.9999934
1,0.9998103
1,0.9999969
1,0.9999997
1,0.99983954
1,0.99995804
1,1.0
0,0.0004012153
0,0.0001493973
0,9.587752e-05
0,7.37506e-05
1,0.9999072
0,0.0004513956
1,1.0
0,8.9630856e-07
0,6.4345023e-09
1,0.9999989
1,0.9999915
1,0.99999267
0,2.0069378e-06
0,0.0018677679
0,4.454236e-06
0,3.5699297e-06
1,0.99999994
1,0.99949473
1,0.9968027
0,5.0057526e-08
0,2.3007733e-07
0,0.00028330393
0,1.545286e-08
0,1.2677566e-06
1,0.9999997
0,2.3282923e-06
0,0.000556259
0,1.1841209e-05
1,0.9997841
1,1.0
0,8.69553e-08
0,1.0674116e-06
1,1.0
1,0.99999994
1,0.9999983
0,0.00070429227
1,0.99999994
0,6.8914676e-07
1,0.9998349
0,3.2266638e-07
1,0.9999998
1,0.9999995
1,1.0
1,0.99996525
1,0.99921346
1,0.9999792
1,0.9999668
0,2.3577879e-05
0,3.3470216e-05
1,0.9999996
0,1.840996e-05
1,0.99999356
0,0.0010372942
1,0.9998318
1,0.9998121
1,0.99999976
0,5.0158457e-07
0,0.00013183666
1,0.64690375
1,0.99988824
0,0.00015057388
1,0.9999993
1,0.9999969
0,1.6618282e-05
0,6.6278653e-06
0,0.00014237265
0,3.3713145e-06
0,0.0015512132
0,2.3524202e-05
0,1.3287072e-07
1,0.99887466
1,0.9999987
0,2.406104e-05
0,0.000144971
0,8.839373e-06
1,0.9999997
1,0.99999964
0,9.921865e-07
1,0.99999964
0,0.0001943417
0,1.296643e-05
1,1.0
1,0.99998593
0,8.278122e-06
0,1.6162545e-07
0,2.6548773e-07
0,1.7445969e-09
0,4.762759e-07
0,0.0001337063
0,1.4359067e-07
0,6.8254856e-05
1,0.99987006
0,2.391299e-07
0,4.800164e-07
1,0.99999404
0,5.677003e-06
0,0.00055061316
1,1.0
1,1.0
1,0.99999994
1,1.0
0,6.7078413e-06
0,0.00010839724
0,0.0004997501
0,3.9866204e-06
0,1.4492569e-07
0,4.6457826e-05
0,3.9950397e-08
0,7.7769066e-08
0,0.001109844
0,0.00013412937
0,2.1020864e-07
1,0.9999359
1,0.9999988
0,2.4614526e-05
1,0.9999998
0,0.0008332723
0,1.3456395e-07
0,3.1441064e-07
0,9.582451e-06
1,1.0
1,0.99999887
1,0.999925
1,0.99981886
1,0.9998722
1,0.99997544
1,0.99997824
1,0.99997854
1,0.9999984
1,0.99996257
1,0.9999768
0,7.8761164e-05
0,4.553745e-07
0,0.0021028577
0,0.00012091824
0,0.0051747346
0,4.576199e-05
0,8.373174e-05
0,6.2525265e-05
0,1.916297e-05
0,0.00023303252
1,0.9989448
1,0.9998064
1,0.99951756
1,0.9999973
0,0.00016387485
0,3.6175713e-06
1,0.9999852
0,9.236929e-06
0,1.5998583e-05
0,3.9172173e-05
1,0.9999949
1,0.9999984
1,1.0
1,1.0
1,1.0
1,0.99994785
0,5.8700255e-07
0,3.928341e-06
1,0.99982405
0,8.864611e-09
0,5.336334e-05
1,0.99990636
1,0.9999993
1,0.9999996
0,0.0005939679
1,0.99999994
0,0.00047606145
0,0.0001035437
1,0.99999964
0,7.3287836e-08
1,1.0
1,1.0
1,0.99999946
1,0.99967146
1,0.99999994
1,0.99999994
1,1.0
0,1.6170559e-09
0,1.2836283e-08
0,1.9422757e-07
0,1.7819579e-08
1,0.9999981
1,0.9999618
1,0.9998184
1,0.99984014
0,6.5038694e-06
1,1.0
1,0.99986637
1,0.99971104
0,0.00015895495
0,6.6015906e-07
1,0.99997103
0,1.8579816e-07
0,0.0001331107
1,1.0
1,0.99999994
0,6.1894293e-06
1,0.99999297
0,1.6450492e-06
0,4.918258e-06
0,3.40801e-07
1,0.99999934
0,9.400638e-08
0,1.7311688e-05
0,1.8072518e-06
0,2.2423749e-06
1,0.99990815
0,2.4289287e-07
0,0.00013396473
0,4.095058e-05
0,0.00020480566
1,0.99999756
1,1.0
0,1.4124056e-06
0,6.1353626e-06
0,1.4476062e-07
0,4.3435444e-05
0,2.9561926e-08
0,1.0778939e-06
0,7.2342874e-07
1,0.99998105
1,0.9999998
0,9.026756e-08
1,0.999989
0,4.7155922e-08
0,6.8334027e-09
1,0.999961
0,3.3072488e-06
0,0.00026115295
0,6.4805485e-05
0,0.004329265
1,0.9999975
1,0.9999614
1,0.9994347
0,8.282204e-06
0,4.3799764e-06
0,0.018556403
0,2.3306573e-05
0,3.362212e-06
0,8.294537e-07
1,0.99999994
0,4.9817376e-05
1,0.99999994
1,0.9999999
1,0.99999994
1,1.0
1,0.99999845
1,0.99999994
1,0.99999696
1,0.9999998
1,0.9999706
1,0.9999979
1,0.9999996
1,0.99999994
1,0.9999999
1,0.9999988
1,0.99999976
1,0.99999976
1,1.0
1,0.99999076
1,0.9999998
1,0.99996555
1,0.99999756
1,1.0
1,0.9999999
1,0.99999547
1,1.0
1,0.9999985
1,0.9999985
1,0.99999976
1,1.0
1,0.9999988
0,2.5115442e-06
0,3.4226172e-08
0,9.1040863e-07
0,5.7524616e-08
0,1.7623568e-08
0,2.5348063e-05
0,4.5667355e-07
0,0.00013169367
0,0.0020681215
0,3.3461823e-05
0,5.8174663e-07
1,0.9999656
0,3.1472518e-06
0,4.2629968e-06
0,2.42637e-05
0,9.127481e-07
0,5.632423e-05
0,3.077642e-05
1,0.9999189
1,0.99999964
0,0.0023173993
0,0.0011913411
0,4.1625196e-08
1,0.9999607
1,0.9999607
1,1.0
1,0.99999946
1,0.9999206
0,1.6531516e-05
0,2.5776048e-05
1,0.99999994
1,0.99998355
0,3.7398164e-05
0,9.750219e-07
0,2.5415125e-07
0,4.9682944e-06
0,9.278594e-09
0,9.189492e-06
1,0.999998
1,0.9999154
0,1.5160422e-08
0,1.8855453e-06
1,0.9997942
0,1.3189624e-05
1,0.9995934
1,0.99989605
0,5.621573e-05
0,0.00020544129
0,5.475059e-06
0,4.7547667e-07
0,2.0604512e-08
0,0.00022565247
0,0.00011842696
1,0.999998
1,1.0
1,0.99999815
1,0.9999812
0,4.095091e-07
0,0.00068008754
0,1.7507264e-05
0,1.5975477e-06
0,7.80686e-06
1,0.9999991
0,7.046287e-05
0,1.4632866e-07
0,0.00028281627
0,0.0005011031
0,4.0357353e-09
0,1.98413e-08
0,4.54777e-06
0,6.668735e-06
1,0.99996823
1,0.9999346
0,4.772744e-06
1,0.9999991
1,0.99999875
0,5.037888e-08
1,1.0
1,0.9999988
1,1.0
1,0.9998978
1,0.9998341
1,0.99998134
1,0.9999822
0,3.431034e-06
0,7.210745e-05
1,0.9999993
1,0.9999999
0,2.1605088e-07
0,4.6670262e-05
0,1.2769852e-05
0,1.1271708e-08
0,3.801953e-06
0,3.8296326e-05
0,0.00017106369
0,9.867778e-06
1,0.9998942
1,0.99991393
1,0.99999064
0,1.0088266e-06
0,6.96401e-08
1,0.9999956
0,3.184261e-05
0,1.3913108e-06
0,0.00084987294
1,0.99999714
1,0.99999994
1,0.9999758
1,0.99999976
1,0.9999999
1,0.99999917
1,0.999998
0,1.1900953e-07
0,3.5925694e-07
1,0.9999829
1,1.0
1,0.99999934
1,0.9999585
1,0.999993
1,0.99979615
1,0.99999785
1,0.9999998
1,1.0
0,1.04056966e-07
0,1.237626e-07
0,1.0865914e-06
0,1.7430166e-05
1,0.99999577
0,7.70559e-05
1,0.9999944
1,0.999674
1,0.9983095
0,1.938144e-05
0,3.2487998e-07
0,8.185854e-06
0,2.1352425e-05
1,1.0
1,1.0
1,1.0
1,1.0
1,0.99999934
1,1.0
1,0.99999607
1,0.999957
0,8.57613e-06
0,4.5111705e-05
0,7.395583e-05
0,8.929674e-09
1,0.9999995
0,2.5838312e-06
0,0.00049725565
1,1.0
1,0.99999994
1,0.9999515
0,9.09591e-06
1,0.9980432
0,1.0594672e-05
1,0.9999986
0,4.134371e-07
0,1.3756598e-05
0,1.536433e-06
1,0.9999869
0,2.2675692e-07
1,0.99999934
0,1.84598e-05
0,7.5266515e-05
0,6.9519864e-08
1,0.9999859
1,0.99997556
1,0.99999404
1,1.0
1,1.0
0,1.7714594e-05
0,3.524808e-05
0,9.316826e-06
0,8.715299e-05
1,0.99999356
0,5.171271e-06
0,2.069352e-06
1,0.9999995
0,5.039291e-08
1,1.0
1,0.9999998
1,0.99999917
0,6.8191616e-06
0,7.3826016e-07
1,0.9999636
0,3.0023051e-05
0,2.8652743e-05
0,2.1141337e-05
0,9.16789e-05
0,6.188904e-06
1,0.9999218
0,3.1086192e-06
1,0.9999747
1,0.9999954
1,0.99999994
1,0.99999976
1,0.99998
0,8.9282366e-07
0,1.5270099e-07
0,3.034377e-08
0,0.00047048726
1,1.0
0,2.1897173e-07
0,0.0004846139
1,0.9999987
1,0.99991465
0,2.9796736e-06
1,0.9999998
1,0.99999994
1,0.99992573
1,0.99999714
0,1.3442623e-06
0,0.00015176667
0,3.4996924e-07
0,4.1028998e-06
1,0.9999988
0,3.793756e-05
0,4.928663e-07
1,1.0
1,0.9999995
1,0.9999979
0,5.9164986e-06
0,2.902108e-05
0,0.000115420684
0,2.2294205e-05
0,9.141613e-05
0,4.7230319e-07
1,0.99984455
1,0.9999475
0,3.7725817e-06
0,8.189892e-06
1,0.9997177
1,0.999653
1,0.9999994
0,2.3142698e-07
0,0.00015771094
1,0.9999859
1,0.99999803
0,3.9123285e-07
0,4.207509e-05
1,0.9998255
0,3.7317786e-06
1,0.99997294
1,0.9996151
1,0.9999926
1,0.9999046
1,0.9999999
1,0.99999857
1,0.9999832
1,0.9999943
1,0.99999696
1,0.99999917
0,3.2055052e-06
0,0.00022925083
1,0.9999522
0,5.110638e-06
1,0.99999994
1,0.99978817
0,3.5379588e-05
1,0.9994775
0,5.3237153e-07
0,6.286145e-08
0,1.3775718e-06
1,0.9999806
0,8.1636026e-05
1,0.99999976
0,1.7816072e-07
0,1.3084999e-06
0,9.696778e-07
1,0.9999991
1,0.99995816
1,0.9999979
0,0.0003561569
1,0.99997824
1,0.999999
1,0.999999
1,0.9999749
1,0.9999897
1,0.99996495
0,0.03484241
1,0.99999595
1,0.9999988
1,0.9999892
1,0.99999905
1,0.99998665
1,0.99999774
1,0.99999964
1,0.9999992
1,0.9999653
1,0.9999939
1,0.999989
1,0.9999934
1,0.99999994
0,4.912539e-07
0,2.8760633e-05
0,1.245399e-05
0,4.9177932e-05
0,1.7427441e-05
1,0.99999976
0,3.8888666e-06
0,2.8296407e-07
1,0.9999993
1,0.99999696
1,0.99999857
0,3.8560036e-05
1,0.9996018
0,1.6288997e-05
0,3.144199e-08
0,4.3412045e-05
0,1.7063205e-05
0,1.1003548e-07
1,0.9999958
0,1.404301e-07
0,2.987863e-08
1,0.9999128
1,0.99999994
1,0.99999934
0,8.3793486e-05
0,9.7098084e-05
0,2.0392823e-05
0,3.7931408e-05
0,1.3052259e-05
0,0.00086873595
0,0.0012657463
0,0.00096903753
0,1.42861845e-05
0,0.00011465632
1,0.9999721
1,0.9999518
1,0.99997973
1,0.9997101
1,0.9999966
1,0.9999791
1,0.9999769
1,0.99996895
1,0.9999879
1,0.9999979
1,0.9999359
1,0.9999982
0,1.796094e-07
1,0.99998814
1,0.99999464
1,0.9999988
1,0.9999967
1,0.99999994
1,0.99999976
1,0.99999934
0,2.205388e-06
0,8.1865664e-07
0,1.9379256e-06
0,5.576369e-07
0,0.0015645974
0,1.2531076e-06
1,0.9999998
1,0.9999984
1,0.9999933
1,0.9996345
1,0.99994534
0,4.0506413e-05
0,4.7732624e-07
0,7.4550317e-06
0,2.5979296e-05
0,0.00017049913
0,6.488523e-07
1,0.9999981
1,1.0
1,1.0
0,1.1255014e-05
0,7.64689e-05
0,5.8421545e-05
0,3.631644e-05
1,0.9999971
1,0.99999195
1,0.99999017
1,0.9999995
1,0.9999999
1,0.9999989
1,0.9999952
1,0.99999845
1,0.99999994
0,0.00013014296
1,0.9999997
1,1.0
1,0.9999641
0,1.5240884e-07
1,0.99993575
1,0.99999994
0,1.3643806e-07
0,1.3375858e-06
0,3.8724022e-07
0,9.005329e-08
0,0.0001047935
0,1.4166659e-05
0,1.9284714e-06
0,2.1900087e-06
1,0.9999602
0,3.119624e-07
0,3.0084555e-06
0,2.7278586e-05
0,0.00023900022
0,8.182928e-06
1,1.0
0,3.0353838e-06
0,0.00020833172
1,0.99999964
0,2.3176322e-06
1,0.9999852
0,1.722753e-07
0,4.8990936e-05
1,0.9995297
1,0.99996513
0,3.2775151e-06
0,2.0804606e-05
0,2.3168757e-07
0,1.9436024e-05
0,5.0628078e-06
0,1.7877654e-05
0,1.977944e-06
0,1.0801621e-05
0,2.165312e-06
0,0.0015100556
1,1.0
1,0.99999994
1,0.99999934
1,1.0
0,0.00023459818
0,3.6868742e-06
0,2.0286214e-07
0,9.7527925e-05
1,0.9998782
0,1.103019e-08
1,0.9999455
1,1.0
0,9.233868e-05
0,2.412561e-05
1,1.0
1,0.99999994
0,1.301459e-07
0,8.644449e-08
0,0.00053822075
1,0.999873
0,0.00034231626
0,0.00014501356
0,7.0788997e-06
0,0.00056632725
0,0.0028105408
1,0.99942607
1,0.9999999
0,0.0016621421
0,8.7306025e-06
0,2.6698124e-05
1,0.99998486
0,0.0004374503
0,0.0001426542
0,2.7230794e-07
0,2.5812013e-09
1,0.9999943
0,8.669686e-06
0,3.105388e-07
1,0.99993235
1,0.99999815
0,2.4518113e-06
1,0.9999917
1,0.99999386
0,4.5526085e-06
1,1.0
1,1.0
1,1.0
0,0.00038141917
1,0.99999994
0,0.0020962837
1,0.99997526
1,0.9999911
0,0.0029986994
0,0.0010064408
0,0.00271711
1,0.99992925
1,0.99988943
0,4.973329e-08
0,1.0871096e-06
0,9.030476e-05
0,0.00030971336
1,0.99999994
0,1.2012292e-06
0,3.0758845e-05
0,3.1225783e-05
1,0.99999964
0,2.5253055e-07
1,1.0
1,0.9999241
1,1.0
0,0.0003909136
1,0.9999968
0,6.719231e-06
1,0.9999963
1,0.9992937
0,5.9313486e-05
0,2.2106958e-07
0,0.00013713921
0,9.282194e-05
0,2.7371337e-07
0,3.249026e-07
0,2.770801e-07
0,0.0001415271
0,6.9336984e-08
0,0.00020118305
0,1.3148164e-07
0,2.9197215e-06
0,1.2321621e-08
0,0.0019071947
1,0.9999743
1,0.9999979
1,0.99998724
1,0.99985844
0,4.2510226e-05
0,1.7877282e-08
0,7.776459e-07
1,1.0
1,0.99999994
1,1.0
1,1.0
1,0.9999996
1,0.9999999
1,0.9999999
1,0.99999976
0,2.7632882e-07
1,1.0
1,1.0
1,0.9998905
1,0.99950695
1,1.0
1,0.99999994
0,3.0392914e-06
1,0.99999887
0,2.1162192e-09
0,4.701896e-07
1,0.99999994
1,1.0
1,0.99977165
1,0.9999996
1,0.9999999
1,0.99969244
1,0.99998736
1,0.9999633
1,0.99978423
0,6.0867176e-05
0,5.4755645e-05
0,0.00013024351
0,0.0008584791
0,4.583069e-05
0,0.0002010423
0,2.0277224e-05
0,0.00026860368
0,7.459149e-06
0,3.1150717e-05
1,0.9999995
0,0.010238615
0,1.0934402e-07
0,2.6612298e-07
0,8.3001815e-08
1,0.9999996
1,0.9999997
1,1.0
1,0.99999976
1,0.9999999
1,0.99999917
0,1.8385115e-06
1,0.9999971
0,3.0757346e-07
0,2.4748074e-06
1,0.9998776
0,4.477468e-06
0,1.4004118e-07
1,0.9999757
0,0.00086659717
0,1.5619237e-06
0,8.7772525e-05
0,0.0006316274
0,7.16844e-07
1,0.9999992
1,0.99995
0,2.2079596e-06
1,0.9999991
0,1.2494043e-05
0,3.1816688e-07
1,0.99996704
0,0.0029446436
1,0.99984145
0,1.5087647e-06
0,1.0451878e-05
1,0.99999994
0,0.00024148478
0,0.0012684527
0,8.088173e-06
1,0.99999726
1,0.9999995
0,5.5320056e-06
1,0.9999888
1,0.99999267
1,0.9999797
0,0.0011330864
1,1.0
1,1.0
1,0.9999984
1,0.99999976
1,0.99999976
0,5.248123e-05
0,2.6742311e-05
1,1.0
1,1.0
1,0.99999803
1,0.9997449
0,8.0957517e-07
0,2.4067353e-07
0,9.921591e-07
1,0.99999994
1,0.9999999
0,3.156235e-05
0,0.00022980363
0,3.9919614e-05
0,3.1573003e-07
1,0.99999887
0,1.032624e-05
0,3.599243e-07
1,0.9999805
0,2.0162863e-06
0,1.8842852e-06
0,7.1030537e-09
0,1.789955e-06
1,0.9999194
0,1.1397635e-05
0,7.043525e-05
0,1.4226514e-06
1,0.99999994
0,1.0880081e-05
0,6.870351e-07
1,0.99999493
1,0.9999545
1,0.9998612
1,0.99718803
0,1.2091922e-05
1,0.9999561
1,0.9999995
0,1.573869e-05
1,0.9999981
1,0.9996128
1,0.9999969
1,0.99999946
0,1.5707258e-08
1,0.9999807
0,5.3647755e-06
0,6.1414056e-08
1,0.9999893
0,5.197694e-07
0,1.14784825e-07
1,0.9999533
1,0.99999905
0,2.3662396e-05
0,1.1505798e-06
0,1.472338e-06
1,0.99998474
0,1.7651677e-05
0,0.0006865099
1,0.9999781
1,0.99999785
1,1.0
1,0.99999416
1,1.0
1,1.0
0,0.00020266052
1,0.9998803
0,3.2649543e-05
0,7.3481933e-06
0,0.00026237487
0,2.9752014e-06
1,0.9999947
1,0.99999976
1,0.9999971
0,6.144407e-05
1,0.9999345
1,0.99950457
1,0.9999896
0,5.407321e-06
1,0.99999976
1,0.9999999
0,1.6349317e-06
1,0.9999983
1,0.999992
1,0.9999995
1,0.9994707
1,0.99999994
1,0.99999964
1,0.99999785
1,0.99991405
0,2.117371e-08
1,1.0
0,2.0077189e-06
0,5.256842e-07
0,7.766676e-07
0,1.3574866e-06
1,0.9999187
1,0.99999976
1,0.99995834
0,2.4872174e-06
1,0.9999998
0,1.0420712e-07
1,0.99999636
0,3.5538758e-06
0,2.0215475e-05
0,6.057081e-06
0,4.325831e-05
0,5.5459823e-06
0,6.598269e-06
0,2.4942651e-06
1,1.0
1,0.9999848
0,0.0023808992
1,0.99999833
1,0.99999774
0,3.8452067e-06
0,4.2464114e-07
0,4.7087166e-08
0,3.7155144e-06
1,0.9999999
1,0.99999964
1,1.0
0,9.184567e-05
0,6.6520865e-06
1,0.99999434
0,8.355734e-07
1,0.9999994
0,1.3020953e-06
0,1.14510385e-07
0,1.2331952e-05
0,6.219057e-07
1,0.9999912
1,0.9999991
0,2.8634771e-05
0,3.6367032e-06
0,2.5974217e-07
0,1.7343797e-05
0,0.0047157207
1,0.99999344
1,0.9999149
1,0.99994016
1,0.9998355
1,0.99997216
1,0.99999636
1,0.99993503
1,0.99998343
1,0.99996436
1,0.99994683
1,0.99999994
1,0.99999756
0,3.7506957e-06
0,0.00021580634
0,2.0677959e-05
1,1.0
0,3.0355108e-05
1,0.999954
0,2.1182839e-08
0,5.5419724e-07
0,8.706489e-07
1,0.9999998
0,0.00086022745
0,4.357507e-06
1,0.9999967
1,0.9999056
0,1.8613063e-08
0,1.2398239e-08
1,0.99958235
0,2.0133266e-05
0,0.00043670033
0,3.167917e-07
0,2.690107e-06
0,3.123409e-06
0,6.3838675e-06
0,9.554108e-06
0,5.0483345e-07
0,3.6554347e-06
0,7.69682e-07
0,3.4863913e-06
0,4.2625803e-07
0,4.0473265e-06
0,3.724504e-06
0,4.422119e-05
1,0.9995973
1,0.99999976
0,3.6500147e-05
1,0.9999996
1,0.99999976
1,0.9999932
0,0.000110888606
0,1.6000253e-06
1,0.9999971
0,4.3546697e-06
1,1.0
0,9.133048e-05
1,0.99990875
0,3.8711136e-08
1,0.99990946
0,4.8936837e-09
0,0.00021469808
1,0.9041871
0,3.2095918e-06
1,0.9999821
0,3.6646077e-07
0,4.8731056e-07
0,2.6682616e-07
0,2.3825382e-05
0,0.000785197
0,4.54509e-05
0,8.446319e-05
0,0.00025196417
1,0.9999925
1,0.9999996
0,8.023302e-05
0,7.399017e-05
0,2.6023285e-05
0,1.3900602e-06
1,0.9999953
0,2.7496015e-05
0,2.2626065e-05
0,2.2959607e-06
0,0.00021215723
0,5.829266e-05
0,2.0394195e-06
1,0.9999996
0,3.6117453e-07
1,0.9999942
1,0.9998901
1,0.99978846
0,4.005155e-06
1,0.99677217
0,0.00031671612
0,9.029774e-06
1,0.9999828
1,0.9999834
0,1.4882357e-05
0,0.00010341808
1,1.0
1,0.9999978
0,1.2450023e-07
0,4.2819884e-06
1,0.99994963
0,1.8601813e-06
1,0.99999315
0,3.7074267e-06
1,0.9999997
1,0.9999971
0,1.3004869e-06
0,7.638399e-05
1,0.9999917
0,8.388304e-08
1,0.9999993
0,1.0042825e-06
1,0.9999696
1,0.9999918
0,3.2779276e-06
0,6.6321135e-08
0,6.274095e-08
0,7.610001e-07
1,0.9999995
1,0.99999905
1,0.9999999
0,0.00029592466
0,7.8525045e-06
0,0.00034719435
0,6.840329e-07
1,0.9999991
0,4.9746667e-08
1,0.9999994
1,1.0
0,1.8260578e-06
0,1.117677e-05
1,0.99995
1,0.9993924
1,0.9999957
1,0.99999815
1,0.99999595
1,0.9999999
0,4.7687854e-06
0,9.652464e-09
0,1.6092474e-05
0,2.2854812e-05
0,1.1486064e-06
0,2.7574144e-08
0,0.00061744836
0,2.567521e-06
0,4.7375124e-05
0,0.00050915434
0,2.1535311e-07
0,2.6282225e-06
0,1.0577551e-05
0,2.4618748e-05
1,0.99999964
1,0.9999992
0,2.0985134e-09
0,1.2696986e-06
0,1.4812375e-06
1,1.0
0,9.362018e-06
0,7.2612374e-07
0,5.4691973e-05
1,0.99991775
0,1.4096201e-09
0,1.3886081e-06
0,3.012136e-06
0,9.844869e-07
0,1.106501e-05
0,1.0560349e-06
1,0.99999994
0,0.0013213943
0,0.00041211568
0,4.499702e-06
0,1.7865652e-07
0,6.100567e-08
0,2.6710845e-08
1,0.9999996
0,5.1382198e-05
0,1.5244779e-06
1,0.9999999
0,0.00012835667
0,3.11937e-05
1,0.99999994
1,0.99999994
1,0.99999934
1,0.9999996
1,0.9999963
1,0.9999986
1,0.99999934
1,0.9999994
1,0.99999976
1,1.0
1,0.99999994
1,0.9999997
1,0.9999835
1,0.99999845
1,0.9999998
1,0.99999994
1,0.999996
1,0.99999964
1,0.9999996
1,0.999983
0,3.455616e-07
0,4.3155887e-06
1,0.9999181
0,9.700228e-07
0,1.8495875e-07
0,7.98787e-06
1,0.99999964
0,2.2682123e-06
0,4.318185e-08
0,8.4874233e-07
0,3.6765577e-08
0,8.401589e-06
0,0.00090384285
0,1.6229207e-05
1,0.99999535
0,1.33515005e-05
1,0.9999999
1,0.99946
0,0.00017819671
1,1.0
0,4.7297118e-07
0,5.5555906e-06
0,1.7942215e-05
1,0.99999255
0,0.00012154003
0,3.2425636e-05
1,0.9999794
1,1.0
1,1.0
1,0.99999994
1,0.99999475
1,1.0
1,0.99999976
0,1.6930996e-07
1,0.9999848
1,0.9994723
1,0.9999349
0,5.6980316e-06
0,1.7302012e-06
0,1.2737158e-05
0,1.9053188e-06
0,1.7112528e-06
1,0.9999883
1,0.9999996
1,0.9999634
1,0.99999994
0,5.449949e-06
1,0.99999946
1,1.0
0,7.69315e-07
0,3.0417092e-05
0,6.6603825e-08
0,4.01431e-06
1,0.99999195
0,4.8716578e-05
1,0.9996775
0,6.176559e-05
1,0.99999964
1,0.99999994
0,8.402401e-07
0,7.733209e-09
0,2.5911625e-06
0,5.2859823e-06
0,7.523307e-05
1,0.99999976
1,0.9999999
1,0.99999887
1,0.9999944
1,0.9999996
0,9.978907e-07
1,0.9992203
0,1.2757582e-05
0,4.1666444e-06
0,0.20048113
1,0.9998382
1,0.99991214
1,0.99993694
1,0.99998856
1,0.99999684
1,0.9999987
1,0.9999994
1,1.0
1,0.99996245
1,0.99998325
1,0.99970543
1,0.9998366
1,0.99998343
1,0.99976856
0,5.1980987e-06
0,0.004358285
0,0.00014849314
0,0.0003987964
0,1.6924641e-05
0,0.00043788357
0,2.1697604e-06
0,0.00019856154
0,0.00071565964
1,0.999683
1,0.9993749
0,0.00027388326
1,0.999956
0,3.458559e-08
0,9.326984e-08
0,9.3979164e-05
0,1.4728655e-05
1,0.9999999
1,0.9998693
0,1.4526069e-05
1,0.99999505
0,5.258043e-06
1,1.0
1,1.0
0,1.95947e-06
0,1.1494359e-06
0,7.984641e-06
0,3.2015436e-08
1,1.0
0,0.0013173551
0,2.017321e-06
0,0.001517026
1,0.99999994
1,0.99999994
1,1.0
1,0.9999474
1,0.9999948
1,0.9996791
1,0.9999993
0,8.656401e-06
0,2.3541024e-06
0,4.942181e-06
1,0.9999695
1,0.9999944
1,0.9999701
0,0.00015111078
0,9.4891275e-06
0,0.0004752829
1,0.9999963
1,0.9999821
0,0.0002492613
0,4.532196e-05
0,3.985016e-05
0,4.4492394e-06
1,0.9998434
0,0.00014014749
0,3.940513e-06
1,0.9999988
1,0.9999748
0,1.06827165e-05
0,0.0017114197
0,1.5813907e-07
0,5.921472e-07
1,0.9999998
0,1.2493132e-06
0,7.248445e-08
0,1.9004484e-07
1,0.9999993
1,1.0
1,1.0
1,0.9999992
0,0.0009031542
0,0.00025738333
1,1.0
1,0.99991345
0,0.00015176073
0,1.95987e-08
1,0.99999803
0,5.827984e-07
1,0.999956
1,1.0
0,5.3615015e-05
0,2.205879e-08
0,3.0125042e-07
0,2.7845758e-07
0,2.218055e-08
1,0.99999076
1,0.99999833
1,0.99999994
1,0.9999997
0,0.0016528582
0,0.000733142
1,0.99999386
0,8.348379e-06
1,0.99999994
0,1.9843606e-06
0,3.4697365e-07
1,0.99999857
1,1.0
1,0.9999985
1,0.9999997
1,0.9999997
1,0.99999756
1,0.9999928
1,0.99999714
0,2.1700386e-07
1,1.0
1,0.9999247
0,6.346596e-09
1,0.99999994
1,0.9999999
0,9.2529874e-05
0,7.0910546e-06
0,3.0880906e-07
1,0.9999761
0,1.087837e-05
1,0.9999495
1,0.99995005
1,0.99999374
1,0.9999816
1,0.99999964
0,5.9649783e-06
1,1.0
1,1.0
0,1.5128091e-07
1,0.9999973
1,0.99999994
0,1.4743937e-06
0,1.5323914e-06
0,1.2517019e-08
0,3.618399e-07
0,7.6349694e-05
0,1.5045196e-05
1,1.0
1,1.0
1,1.0
1,0.9999999
1,1.0
1,0.9999995
1,1.0
1,1.0
1,1.0
1,1.0
0,3.4394095e-08
1,0.999992
0,0.00024983683
1,0.99994445
0,1.1225375e-05
0,2.8750721e-08
1,0.99999994
0,1.9287641e-07
0,2.0106065e-06
0,2.3838214e-07
1,0.9999792
0,0.0010745503
0,2.5184445e-06
1,0.99998623
0,3.7587307e-07
1,0.9999953
1,0.99999446
1,0.99998593
1,0.999893
1,0.999984
1,0.9999991
1,0.99999976
1,0.9999972
1,0.99999934
1,0.99999774
1,0.99999994
1,0.999999
0,1.7096592e-06
1,0.9999993
1,1.0
1,0.9999002
0,7.045971e-06
0,8.989906e-07
1,0.9998926
0,2.9217193e-07
0,6.866958e-08
1,0.99999523
1,0.99999624
1,0.99999994
1,0.9999873
1,0.9999929
1,0.9999795
0,1.6649721e-05
1,0.9999998
1,1.0
1,0.99999493
0,0.000103942286
1,0.9999907
1,0.9998879
1,0.99999714
0,1.0716062e-07
0,0.002342117
1,0.9999966
0,8.786365e-06
1,1.0
0,5.871325e-08
1,0.99987316
0,0.00064743933
0,3.083413e-06
0,1.7320406e-05
1,0.99999934
1,0.99998564
1,0.99999356
0,2.9789617e-05
0,1.1920586e-06
0,3.4986613e-07
1,0.9997823
1,0.99999976
0,0.00011426481
0,1.9310608e-06
1,0.99993086
1,0.99999493
0,7.82151e-06
1,0.9999944
0,1.7847459e-06
1,0.9999979
1,0.9999808
0,0.00029182236
0,1.0384798e-07
0,4.6511474e-07
0,5.669445e-06
0,4.0705763e-05
1,0.99998397
1,1.0
0,3.0836025e-05
1,0.9999982
0,9.32886e-05
0,0.0047606886
0,0.0017363969
0,0.00019269821
0,0.00024496185
0,1.0037894e-05
0,0.0001931896
0,4.9923667e-05
0,6.712386e-05
0,0.0002962637
1,0.99999934
1,0.9999994
1,0.9999852
1,0.99999917
1,0.9999997
0,3.607757e-05
1,0.9999992
1,1.0
1,0.99999994
1,1.0
1,1.0
1,1.0
1,1.0
1,1.0
1,0.99999994
1,0.99999994
1,1.0
1,1.0
1,0.999989
1,0.99997956
0,6.26983e-05
0,9.616565e-07
0,1.44181636e-08
0,8.21783e-06
1,0.99999994
0,3.5288433e-06
0,7.553934e-07
1,0.9999655
0,0.0005218347
0,4.2365477e-06
1,0.99999803
0,9.8489705e-05
0,8.87446e-06
1,0.9999998
0,1.3070943e-06
1,1.0
1,0.99999523
1,0.99844295
1,0.99987084
1,0.99999785
1,0.9999775
0,1.410953e-06
1,0.999998
1,0.9999982
0,3.641253e-06
1,0.9999848
1,0.9998849
0,0.00023384669
1,0.99999994
1,0.9999115
1,0.9999825
1,0.9983031
0,6.625818e-05
0,7.184583e-06
1,0.999884
0,1.3524418e-06
1,0.9999677
1,0.99996763
0,8.2076343e-07
0,0.00019910317
0,6.478319e-05
0,4.079222e-06
0,2.4125669e-08
0,6.357486e-05
0,7.868845e-07
0,2.1411406e-06
1,0.99999034
1,0.99999994
1,0.9999925
1,1.0
1,0.99990183
0,1.7524789e-06
0,3.907734e-06
0,2.9278473e-07
0,1.3555253e-06
1,0.9998647
1,1.0
1,1.0
1,1.0
1,1.0
1,0.99999404
0,2.7345063e-06
1,0.9999978
1,0.99999917
1,0.9999959
1,0.9999987
1,0.99996567
1,0.99994504
1,0.9999445
1,0.9999999
0,1.5295575e-07
0,0.0064327545
1,1.0
1,0.9999999
1,0.99999976
1,0.9999998
0,2.130308e-05
0,2.7212225e-08
0,6.0359125e-06
0,4.891452e-05
1,0.999991
0,1.3057412e-06
0,4.003902e-05
0,8.613663e-06
0,3.2868425e-06
0,2.6497528e-07
1,0.9999997
1,1.0
1,1.0
0,1.2547154e-05
1,0.99975866
1,0.9999606
1,0.99999994
0,5.7424863e-06
0,0.0024110624
0,2.8255818e-06
1,0.99979764
1,0.99999195
1,0.99999994
0,0.0001226554
1,1.0
0,2.7074102e-06
0,0.000825434
0,0.00018499384
0,3.0918716e-05
1,0.9999895
0,3.020035e-07
1,0.9999803
1,0.99995035
0,3.4434347e-06
0,4.9634554e-07
0,2.3298182e-06
0,0.00029515428
1,0.99987
0,2.610526e-05
1,0.99994385
0,5.043205e-07
0,4.20858e-09
0,1.5212117e-07
0,0.0002751492
0,0.0006042013
0,3.057373e-05
0,0.00102251
0,1.679131e-07
0,5.4657794e-09
0,3.9510876e-08
1,0.9999967
1,0.9999999
1,0.9999999
1,0.99999404
1,0.99999374
1,0.9999995
1,0.99973893
1,0.9999869
1,0.99999917
0,6.5787717e-06
0,4.7009678e-07
0,0.00041108453
0,0.00010215012
1,0.99999434
1,0.998036
1,0.99995613
1,0.9998178
1,0.9998202
1,0.9999908
1,1.0
0,9.149112e-05
1,0.9999747
0,0.0018180695
0,2.2074773e-05
0,1.2207511e-06
0,1.1136288e-08
1,0.9999993
1,0.99999887
0,5.5595416e-07
0,0.00029131034
1,0.9999998
1,1.0
1,1.0
1,0.9999998
1,0.9999999
1,1.0
1,1.0
0,9.304809e-08
1,0.9999991
0,2.7241545e-06
1,0.999993
0,7.269194e-05
0,0.0039187972
0,2.7519454e-07
0,1.3918917e-07
0,8.5885906e-05
1,0.9999998
1,0.9999999
1,0.9998284
0,4.54666e-06
0,0.00049766985
0,0.00020814886
0,2.1629157e-06
0,1.0653336e-05
1,0.9999995
1,0.99999994
1,0.99999964
1,0.9999991
1,0.9996479
1,0.9999981
1,0.99999857
1,1.0
1,0.99999285
1,0.99996835
1,0.999847
1,0.9999945
0,3.403908e-06
1,0.9999508
0,1.556585e-05
0,1.6915074e-05
0,1.0925521e-07
0,7.613572e-05
0,8.945404e-05
0,5.9701347e-06
1,0.9999995
1,1.0
0,4.2505176e-06
1,0.9999584
0,1.1242901e-06
1,0.9998812
1,0.99999976
0,1.5468348e-05
1,0.9999907
1,0.99999964
0,0.00011086916
1,1.0
0,7.5890293e-06
1,1.0
1,0.9999912
0,0.0026332268
0,8.841835e-06
0,1.2708827e-05
1,0.99997777
1,0.999856
0,1.5668571e-05
0,3.4686112e-05
1,0.99951136
0,1.7980286e-06
0,1.9245697e-05
1,0.999987
1,0.9999679
1,0.9999679
0,1.9776367e-05
1,0.9999999
0,9.57021e-08
1,0.99988765
1,0.9999999
1,0.99999905
0,1.37585e-05
0,0.00023220171
1,0.99982625
1,0.99955714
0,4.283657e-08
1,0.99999803
0,3.189128e-06
1,0.99998003
1,0.99999857
1,0.9999906
0,0.018025724
0,1.3672435e-07
0,2.483797e-05
0,1.6037752e-08
0,3.4523787e-06
1,0.9999632
1,1.0
1,0.99999994
1,1.0
0,5.1310234e-08
1,0.9999441
0,4.1119696e-07
0,5.881687e-06
1,0.9999956
1,0.99999994
1,0.9999993
0,0.00031840426
0,6.285624e-07
0,2.4746823e-05
1,0.99976265
1,0.9995774
1,0.9998273
1,0.99993396
1,0.9999939
1,0.99990666
1,0.9999682
1,0.999923
1,0.999954
1,0.9998023
0,0.0033778287
1,0.99996984
1,0.99998367
1,0.9999992
1,0.9999997
1,1.0
1,0.9999997
1,0.9999987
1,0.99999905
1,0.99998575
0,9.350446e-06
0,5.19249e-06
0,1.2277385e-05
0,1.8214143e-05
0,1.09147495e-05
0,4.4080857e-06
0,2.7141496e-05
1,0.9994267
1,0.9996886
1,0.9988518
1,0.9999885
1,0.99954194
1,0.999594
0,0.0021529745
0,1.0122865e-05
0,0.00017264397
1,0.99999386
0,2.9633507e-06
0,3.7211237e-08
0,0.0002390638
1,0.9999437
1,1.0
1,0.9999994
0,6.529381e-05
0,4.7735793e-05
1,0.99999815
0,3.2372798e-05
0,3.7111888e-05
1,0.9998314
1,0.99952096
1,0.99977815
0,1.924087e-05
1,0.9999634
0,1.3876153e-06
0,1.4951316e-06
0,1.6020429e-05
0,1.0133268e-05
1,0.9999258
1,0.99933904
0,2.2129236e-05
1,0.9999995
1,0.99997514
0,1.573823e-07
0,2.782123e-07
0,1.3969952e-08
0,1.0441349e-06
0,3.0909607e-05
0,5.398505e-06
0,6.852356e-08
0,2.224699e-07
0,1.1342035e-08
0,3.0599713e-05
1,1.0
1,0.9999968
1,1.0
1,0.99999887
1,1.0
1,1.0
1,0.9999999
1,1.0
1,1.0
1,1.0
0,1.5003938e-07
1,0.9999676
0,2.7899478e-07
0,1.0695683e-07
1,0.9852171
0,1.3278738e-07
0,1.2304113e-06
1,0.9999998
0,8.291785e-07
0,4.274112e-07
0,1.7517726e-09
0,5.8658173e-07
0,7.829191e-08
1,1.0
0,3.8244794e-09
1,0.99995106
0,1.3639933e-06
1,0.99975073
1,0.9999986
1,0.99999356
0,6.9807265e-07
0,2.3608415e-08
1,0.9999999
1,0.99999833
1,0.9999999
1,0.9999938
1,0.99999696
1,0.999945
1,0.99988675
1,0.99949753
0,2.4692342e-06
1,0.99998933
0,2.4629876e-06
0,1.6174326e-07
1,0.9999998
1,1.0
1,0.9999467
0,4.9585574e-06
0,2.729688e-05
0,0.00014275381
1,0.99999946
0,0.00041040033
0,2.4950521e-05
0,1.2065185e-06
0,5.6717316e-05
1,0.99995434
1,0.9999352
1,0.999903
0,2.5686572e-07
0,0.00040596872
1,0.9998858
1,0.9999999
1,0.9999988
1,0.9999995
1,0.99999976
0,2.5229856e-06
0,0.000100409256
1,0.99999946
1,0.99999964
1,0.9999996
0,6.67236e-08
1,0.9999993
1,0.9999325
0,2.4939316e-05
0,4.0160253e-06
0,5.195543e-07
1,0.999981
1,0.999978
1,0.9771377
0,0.0005943694
0,2.3003793e-06
1,0.99998343
1,0.9999996
0,1.6439925e-07
1,1.0
1,0.99999994
1,0.9999962
0,5.8757896e-06
1,0.99999934
1,1.0
1,1.0
0,1.7199116e-05
0,1.8563355e-08
0,3.1919018e-07
1,0.9999933
1,0.9999979
0,0.00028056517
1,0.9999998
1,0.99998754
1,0.999989
0,4.1583018e-05
0,2.3276484e-06
1,0.99989694
1,0.9998032
1,0.999561
1,0.99996936
1,0.99907875
0,4.890925e-05
1,0.9999991
1,1.0
1,1.0
1,0.9999895
1,0.99999905
0,3.759681e-05
0,3.8188577e-06
0,8.211173e-05
1,0.9999977
1,0.9999999
1,0.99999994
0,3.7122418e-06
0,1.9307887e-05
0,9.624295e-06
0,0.00018931393
0,1.6404558e-06
0,1.5821848e-05
1,0.99999547
1,0.99999833
1,0.9999886
1,0.9999998
1,0.9999976
1,1.0
0,9.4176876e-08
1,0.99998754
1,0.9999999
0,5.2396338e-08
0,7.399885e-07
0,0.0001583876
0,7.191509e-07
1,0.99999994
0,0.00026879145
1,0.99993384
0,9.213132e-06
0,4.319311e-06
0,1.302543e-07
0,2.6953624e-09
0,4.2087736e-06
1,0.9999515
0,8.086831e-07
1,0.9997402
1,0.999985
1,0.9999422
1,0.9996497
1,0.9997632
1,0.9999993
1,0.9999638
1,0.99984026
1,0.9998469
1,0.9999972
1,0.99999964
0,6.809045e-05
0,0.0005376373
0,0.05727276
0,0.00010732182
0,0.00011277275
0,1.4421015e-07
0,2.8882421e-05
0,1.3704745e-07
0,6.1887977e-06
0,8.642025e-06
0,1.3854339e-05
0,7.0313977e-06
0,1.725038e-05
0,0.00017133237
0,7.498732e-05
0,9.651255e-05
0,0.00046681802
0,0.0003334628
0,0.00020032321
0,0.00036339575
0,9.651255e-05
0,0.0001778884
0,0.0009792108
1,0.99805737
1,0.9999965
1,0.99993366
1,0.9999984
1,0.9999882
0,3.0226447e-06
0,3.922907e-05
0,1.4332843e-05
0,9.739596e-07
1,0.9999998
0,1.9115323e-08
1,0.99957114
0,1.1162135e-05
0,2.8415386e-08
1,0.99999994
1,0.99999976
0,7.271667e-07
0,2.1308535e-06
0,2.622509e-06
0,1.6843752e-06
0,1.9736675e-07
0,0.00021276924
1,0.9994085
0,1.4124097e-06
0,8.7634935e-06
0,0.00025574953
0,0.00021648747
1,0.9998262
0,0.000442037
0,3.0009023e-08
0,3.3535559e-09
1,0.9992267
0,1.0322646e-05
0,1.2392446e-06
1,0.99999785
1,0.99999577
1,0.9999993
0,2.9164905e-06
1,0.99997586
1,0.9998995
0,5.381124e-08
1,0.9999966
0,1.3410022e-05
0,1.3148457e-05
0,1.7187076e-06
1,0.99998665
1,0.9999881
1,0.99999887
1,0.9999809
1,0.99999046
1,0.99998987
1,0.999994
1,0.99955326
1,0.9999968
1,0.99984556
1,0.99996084
1,0.99999326
1,0.9999998
1,0.9998024
1,0.9999997
0,0.0009530644
0,5.647687e-05
0,5.9458067e-05
0,4.2451236e-07
0,0.0019756218
1,0.9999999
0,7.121077e-05
0,3.057379e-05
1,0.99999994
0,7.607519e-07
0,4.945015e-07
0,3.5466033e-05
1,0.99999774
1,0.9998525
0,6.533703e-07
0,6.944366e-07
0,4.5211577e-06
1,0.99997026
1,0.9999664
1,0.99986625
1,0.9998597
0,3.7653102e-05
0,1.51425875e-05
0,1.3371009e-05
0,1.3457002e-06
0,4.167663e-05
1,0.99999595
1,0.99998254
1,0.99998254
1,0.99998254
0,0.00043505162
0,6.52897e-06
0,3.3963208e-06
1,0.9999924
1,0.99977493
0,9.336346e-08
0,1.9931957e-07
1,0.99999994
1,0.9999999
1,0.9999999
1,0.9999998
0,2.1205412e-06
0,4.6204036e-07
1,0.9999988
1,0.9999999
1,0.9991875
1,0.9999918
0,0.00018955524
0,1.1528039e-06
0,7.600978e-05
0,4.216451e-06
0,8.4743044e-07
0,6.4285376e-07
1,0.9999978
0,4.004652e-07
0,3.3829787e-07
0,3.8393843e-08
0,9.314596e-06
1,0.99998975
1,0.99999195
1,0.999942
1,0.99994475
1,0.9999878
1,0.99995244
1,0.9999995
1,0.9998428
1,0.99999696
1,0.9997923
1,0.99998677
0,9.892871e-08
1,0.9999994
1,0.9999998
1,0.9999987
1,0.9999994
0,1.5229233e-05
1,0.9999985
1,1.0
1,0.9999988
0,2.9196468e-07
1,0.99946123
1,0.99933845
1,0.99992883
1,0.99999994
1,0.99999994
1,0.9999999
1,0.9999997
0,6.532832e-06
1,0.9995474
1,0.9999693
1,1.0
1,0.9995089
1,0.9984627
1,0.9999999
0,8.663403e-05
1,0.9998772
0,0.0020080896
0,3.7386212e-07
1,1.0
0,3.3615097e-06
1,0.9998424
0,0.0015705639
0,6.141266e-07
1,1.0
1,1.0
1,1.0
1,1.0
1,1.0
1,1.0
1,0.9999944
0,2.2353814e-05
1,0.99999946
0,7.4475037e-07
0,0.0003290875
0,0.0005328952
0,9.877392e-05
1,0.99998397
1,0.99999285
0,6.9397845e-07
0,0.00016097211
0,4.754361e-09
1,0.9999726
0,6.556391e-05
0,4.705988e-06
0,2.0364565e-05
0,2.6292842e-05
0,3.653538e-08
0,8.681747e-05
0,0.00015476058
1,0.999995
1,0.99999905
1,0.9999998
0,4.0383256e-05
0,6.6143286e-05
0,7.8055045e-06
1,0.9999998
1,0.99999976
0,1.312861e-05
0,1.1410761e-05
0,0.00015263568
1,0.9999998
1,0.9999995
1,0.9999996
1,0.9999972
1,0.99990547
1,0.9999644
0,1.3995647e-05
0,2.6821639e-05
0,2.0620908e-08
1,0.9999475
0,5.8344605e-09
1,0.9999956
0,1.1615549e-05
0,0.0011030188
1,0.9997568
0,3.473962e-06
0,1.5493919e-05
0,8.0281626e-07
0,7.3627205e-05
0,3.4856228e-07
0,1.2676206e-05
1,0.9999999
1,0.9999999
0,5.8107463e-07
0,4.6421118e-08
0,1.6592865e-05
0,2.890038e-06
0,2.5672367e-07
0,2.8551927e-05
0,1.0585674e-05
1,0.99992204
0,1.9700524e-06
0,3.1377995e-06
1,0.9999198
1,1.0
1,0.99948865
1,0.9999999
0,2.738977e-07
0,7.3651194e-07
1,0.9999362
0,0.0006427695
0,1.5921132e-06
0,6.146805e-09
0,4.5267705e-05
1,0.9999976
0,2.1801314e-05
1,0.99999416
1,0.99997705
0,3.5641807e-07
0,2.8158226e-07
1,0.999897
1,0.99950445
0,1.2802226e-05
0,0.00013909877
0,8.005655e-06
1,1.0
1,0.99999917
0,4.7772337e-06
0,1.0274218e-05
1,0.9996647
1,0.99933904
0,0.005591688
1,0.9999141
1,0.9999991
1,0.99959385
1,1.0
1,0.9999799
1,1.0
1,1.0
1,1.0
1,0.99999905
0,8.050364e-05
0,1.5644112e-08
1,0.9999911
0,0.000159094
0,4.6926565e-09
0,3.6303655e-07
1,0.9999654
0,3.886683e-06
1,0.9999784
0,3.13612e-07
1,1.0
1,1.0
0,1.5798876e-06
0,1.1698045e-07
1,0.9999946
1,0.9999998
1,0.99999964
1,0.9997044
0,4.9841467e-05
0,6.9633636e-05
0,5.124201e-06
0,5.4122484e-06
1,0.99974215
1,0.99916977
1,1.0
1,1.0
1,1.0
0,8.9035103e-07
1,0.99973243
1,0.9999968
0,1.0478785e-05
0,7.2055616e-07
0,4.9590926e-07
1,0.99999315
1,0.99999887
0,3.6629478e-06
0,3.7484965e-06
1,0.999998
0,4.170327e-05
1,0.9999991
0,2.2937774e-08
1,0.9999963
1,1.0
1,1.0
1,0.99996924
0,8.374439e-06
1,0.999996
0,0.00549361
0,3.6471578e-05
0,1.4132694e-06
0,0.00018899594
0,0.00024634038
0,2.2918086e-06
1,0.99995965
0,2.8693012e-06
1,0.9999985
1,0.9999975
0,3.8983174e-07
0,5.24945e-05
0,3.8410406e-05
1,0.99995476
0,0.00083204446
0,4.4854452e-05
1,0.999955
1,0.99963
0,8.847578e-06
1,0.9999809
0,4.2394032e-07
0,0.0002842918
0,1.6744145e-05
1,0.99999875
1,0.99999976
0,3.631658e-05
0,8.6824014e-07
0,1.0222507e-05
1,0.9999797
1,0.9999997
0,0.7686646
0,9.52952e-06
0,1.6328937e-05
0,3.1972235e-05
1,0.9999999
1,0.9999879
0,2.5361428e-06
0,1.0588506e-08
0,3.7331304e-08
1,0.9999693
0,3.716184e-07
0,9.037912e-05
0,1.3600277e-06
1,0.99999994
0,3.7729777e-07
1,0.9998917
0,2.3665994e-07
1,1.0
0,2.2932036e-05
1,0.9999825
1,1.0
1,0.99999994
1,0.99999994
1,0.9999603
1,1.0
0,0.004151417
1,0.9999993
1,1.0
1,1.0
0,0.000140651
0,0.0021852248
1,0.9999841
1,0.9999919
0,3.0734402e-06
0,7.8784455e-05
0,5.506735e-06
0,1.5239779e-06
1,0.99999964
1,0.9999985
1,0.9999985
1,1.0
1,0.99994975
0,3.2305866e-07
0,2.9885447e-07
0,0.002967773
1,0.9999998
0,0.00060804345
1,0.9999999
0,0.00016931821
1,0.9998788
1,0.99992925
1,0.99999094
0,0.00022786681
1,1.0
1,0.99999994
1,1.0
1,0.9999995
0,4.3139408e-07
1,0.99613154
1,0.99860966
0,2.060276e-06
0,0.00019146308
1,0.9999986
1,0.99999917
1,0.9999995
1,0.99999875
0,1.0722467e-06
0,1.2005034e-05
1,0.9999959
1,0.9999914
1,0.999993
0,0.0011708194
0,0.00022960847
0,6.488309e-09
1,0.9999993
0,2.5077074e-06
0,1.7640586e-08
1,1.0
1,1.0
1,1.0
1,0.999943
1,0.99999684
0,0.00015053553
1,0.99978095
1,0.9999791
0,0.0013284185
1,0.999978
1,0.9999935
0,1.8328099e-05
1,0.9999979
0,0.0014372524
1,0.99986315
0,1.6588831e-06
0,3.5301515e-08
1,0.99999803
1,0.99999976
1,1.0
0,0.00017821573
0,2.98441e-05
0,3.6258512e-05
0,3.5602596e-05
0,1.6165197e-07
0,0.00028865403
0,0.5857091
0,2.0651159e-07
0,4.7094047e-05
1,0.9999921
1,0.99707264
1,0.9997893
0,5.2014628e-05
0,4.5211455e-05
0,2.7667815e-08
0,8.5452775e-06
0,8.233611e-08
1,0.99999875
1,0.9999993
0,2.1666969e-07
0,9.805169e-07
1,0.999994
1,0.99999833
0,8.674712e-05
1,0.99992186
1,0.9999964
1,0.9997313
0,3.1704872e-06
0,0.00026098645
0,1.3291985e-08
0,1.6089716e-08
0,1.1855941e-08
0,1.925408e-08
0,8.181523e-06
1,0.99991024
0,2.7922266e-05
0,3.2546588e-06
1,0.9999998
1,0.9999999
0,6.1415057e-07
1,0.99999934
1,0.999967
0,9.1890004e-05
1,0.9997852
1,0.9999685
0,0.00046258487
0,0.0003757861
0,4.5274308e-05
0,5.095572e-08
0,1.237858e-08
0,1.19202705e-05
0,1.4490136e-05
1,0.99999356
0,5.5774512e-06
1,0.999998
1,0.99999756
1,0.9999998
1,0.9999999
1,0.9999999
1,0.99999994
1,0.999351
0,5.21617e-06
1,0.9999984
1,0.9999999
1,0.9999987
1,0.99998415
1,0.9999818
1,0.9999075
1,0.9989853
0,1.8203827e-05
0,0.0006602798
1,0.9999936
1,0.99999297
1,0.99998885
1,0.9999999
1,0.9999233
1,0.99988794
1,0.9999677
0,1.5156183e-05
0,2.725823e-06
0,5.9786184e-06
1,0.99999994
1,1.0
1,1.0
1,0.9999995
1,0.99999046
1,0.9997408
1,0.9998842
1,0.9984709
0,2.290644e-05
0,4.1925507e-08
0,3.3775726e-07
0,2.1336527e-07
0,1.6050386e-05
1,0.9999984
0,0.0007426134
1,0.9997223
0,5.7062152e-08
0,0.002209489
0,0.00013711136
1,0.9998442
0,2.714727e-06
1,0.99999994
1,0.9998152
0,9.310558e-09
0,3.91822e-06
1,0.999997
1,1.0
1,1.0
1,1.0
0,2.2250448e-07
1,1.0
1,1.0
1,0.9999998
1,0.9999892
1,0.9999947
1,0.99999976
1,0.99999017
0,6.309359e-07
1,0.86853707
0,3.0575742e-05
0,0.00064420426
0,0.00011151763
0,0.0003801963
0,2.6672598e-05
0,0.0005468732
0,5.652089e-06
0,1.6910573e-05
0,0.00023706161
0,0.0008369403
0,8.754089e-06
0,0.0058586556
0,6.4348264e-06
0,5.4757733e-05
0,0.17674325
0,4.0412695e-05
0,2.9581317e-05
0,0.00020481796
0,1.1724705e-05
0,6.2068307e-06
0,0.00066726847
0,0.0001484497
0,0.00019049487
0,0.00021404626
0,0.00013658393
0,5.04792e-06
0,4.9071446e-06
0,4.3590175e-05
0,7.5851076e-06
0,0.0023875646
0,6.9627545e-06
0,4.6747457e-05
0,2.1040479e-07
0,9.259171e-06
0,0.00058221316
0,2.1288376e-07
0,2.3159353e-06
1,0.9999995
1,0.9999524
1,0.99892366
1,0.9999905
1,0.9999976
0,4.0423168e-07
1,0.999949
1,0.99993765
1,0.9998416
0,8.1946535e-05
0,0.0006801948
0,2.8734853e-06
1,0.99999934
0,6.322902e-06
0,5.3274056e-05
0,0.0001330796
0,2.0194224e-05
0,1.4665486e-05
0,3.0074489e-05
0,1.0519781e-08
0,6.634998e-07
0,5.625446e-07
1,0.9999928
0,0.00028828855
0,0.00016123896
1,0.9999945
0,7.1059774e-05
1,0.99999875
0,0.00010269197
0,2.5768673e-05
1,0.9999916
1,0.99999803
1,0.9999985
1,0.99999183
1,0.9999623
1,0.9999889
1,0.9999929
1,0.9999997
0,1.0125656e-06
0,1.3200128e-07
0,1.7025852e-05
1,0.9999993
1,0.99999994
1,0.9999998
1,0.99999857
1,0.99999887
1,0.99999976
1,0.9999997
1,0.9999999
1,0.99999994
1,0.99999875
1,0.99999964
1,0.99998945
1,0.99999934
1,0.99999964
1,0.99999946
1,0.99999994
1,0.99999934
1,0.9999922
0,1.1466658e-05
0,3.4130207e-05
1,1.0
0,1.9379591e-05
1,0.9998789
0,8.201712e-05
1,0.9999981
0,2.4854153e-05
1,0.9996832
0,4.041967e-05
1,0.99999803
1,1.0
0,0.00015204767
0,1.5996751e-05
1,0.99999046
0,2.4172382e-07
0,4.8476842e-05
0,5.2393925e-06
1,0.99999994
1,0.9992228
1,0.99994624
1,0.99995184
0,0.1009159
0,6.1569114e-07
1,0.9998171
1,0.9998824
0,7.6095364e-07
1,0.9999938
0,2.943969e-07
1,0.9999969
1,0.99999976
1,0.9999985
1,0.99999934
0,0.0043462883
1,0.9999991
1,0.9999848
1,0.9999908
1,0.99999994
0,5.9936445e-07
0,0.0001259574
0,0.00035674937
1,0.9999999
0,4.5071525e-07
1,1.0
0,8.9695675e-07
1,1.0
0,6.243484e-09
1,0.9999999
0,9.965499e-08
0,1.0262564e-06
1,0.99998784
0,3.1875345e-06
0,9.787832e-06
1,0.99998254
1,0.99999994
1,1.0
1,0.99999994
1,1.0
1,0.9999974
0,9.179e-07
0,2.8859266e-05
1,0.9999805
0,8.634718e-05
0,5.842899e-06
0,4.897183e-07
0,6.110551e-06
1,0.9999362
1,0.9996031
1,0.9999969
0,3.5339525e-07
0,1.997669e-06
1,0.99999994
0,1.9247214e-08
0,2.1162172e-05
0,2.46164e-05
0,1.6076936e-05
1,0.99999565
1,0.9999674
1,0.999937
1,0.9999449
1,0.99999326
0,2.2980103e-07
1,0.99999964
0,0.00024918193
1,0.99999994
1,0.99999994
1,0.9999992
1,1.0
0,0.002590286
1,0.99995214
1,0.99995214
1,0.99995214
0,4.9391986e-07
0,1.6315579e-06
1,0.9999924
0,2.3093711e-05
0,7.7506105e-05
1,0.99997634
0,4.631831e-06
0,0.0007943851
1,0.9999165
0,9.445046e-09
0,2.2299693e-09
0,0.00033370103
0,2.6906127e-07
0,1.2143184e-06
1,0.99999964
1,0.9990312
1,0.998756
1,0.9999977
0,1.2410601e-06
0,4.1961495e-05
0,8.6631306e-05
1,1.0
1,0.99999994
1,0.99999994
0,2.6838086e-06
0,5.2454016e-05
0,4.3894502e-07
0,5.0124007e-09
0,0.00013773747
1,0.99927646
0,2.3981343e-07
0,4.129845e-05
0,3.538843e-05
0,5.421495e-06
1,0.9999997
0,0.00012895608
1,0.99999666
0,6.9893424e-05
1,0.9999824
1,0.999996
1,0.9999974
1,0.99999994
0,2.1005238e-09
1,0.99999815
1,0.9999857
1,0.999989
1,0.9999111
1,0.9999933
1,0.99999994
1,0.9999996
1,0.99999684
1,0.99999917
1,0.9999944
1,0.99999905
1,0.9999588
1,0.9999989
1,0.99999815
1,0.9999997
1,0.9999475
1,0.99999845
1,0.99947673
0,0.0006501427
1,1.0
1,0.9999611
0,2.053241e-07
0,1.5158072e-06
0,3.8766766e-06
1,0.99996024
0,1.3172348e-07
1,0.99997914
1,0.9980091
0,3.6483012e-08
0,4.6384565e-07
0,1.3551303e-08
1,0.9999597
1,0.99999195
0,3.1690462e-08
1,1.0
1,0.9998119
1,0.99971265
1,0.9999217
0,6.867375e-05
0,3.076911e-05
1,0.99999905
1,1.0
1,1.0
1,0.9999996
1,1.0
0,0.0001053561
0,1.1241605e-05
0,3.1641457e-07
0,5.240821e-05
0,2.7579122e-07
0,0.0005072873
0,0.0002459492
0,0.00011992542
1,0.99996024
0,5.6384797e-05
1,0.9999878
0,1.8348019e-05
1,0.9999976
1,0.9999973
0,9.226114e-08
1,0.9999876
1,0.9999998
1,0.99999976
0,0.0006219501
1,0.9999998
1,0.99999607
1,0.99999595
1,0.9999998
1,0.9999998
1,1.0
1,1.0
1,1.0
1,0.99999523
0,2.1726996e-07
0,5.1012077e-05
0,1.9756762e-05
0,5.688968e-07
0,5.3457825e-05
0,0.00029202664
1,0.9999638
1,0.9999993
0,2.7632248e-07
0,1.5332686e-05
0,7.385344e-06
1,0.9999998
1,0.99866843
1,0.99999946
0,0.0007158544
0,0.00021314548
0,3.31132e-06
1,0.9999849
1,0.99999976
0,0.00065650267
0,4.6125013e-08
0,3.2400052e-08
1,0.999347
1,0.99999017
1,0.9999981
1,0.9999998
1,0.99999994
0,5.73961e-07
1,0.99996275
1,0.99999577
1,0.9999979
1,0.99998
1,0.9999384
1,0.9992142
1,0.999617
1,0.9997647
0,7.869097e-05
0,5.0307095e-05
0,0.0012606389
0,0.00030604843
1,0.9999991
1,0.99999756
1,0.99999917
1,0.99999756
0,0.000103434555
1,0.9999998
1,0.99998987
1,0.99997807
0,0.00034906485
1,0.99999994
0,6.5471704e-06
0,3.5811063e-05
1,0.9999996
1,0.99998
1,0.999998
0,0.0008274121
0,1.8396306e-05
0,4.816672e-07
0,1.5829968e-05
1,0.999987
0,0.0023630608
0,0.007287394
0,0.00046226964
0,3.0386358e-05
0,2.6775427e-07
0,1.0032459e-07
0,0.00021600914
1,0.99995935
1,0.9999952
0,1.9805773e-06
1,0.99999875
0,6.535349e-05
1,0.999995
1,0.9999996
0,0.050558865
1,1.0
1,0.99999994
1,0.99999994
0,0.00011062658
1,0.99997735
0,6.024459e-07
0,1.7652504e-06
0,3.225465e-06
0,0.0002474963
1,0.9999971
0,6.118749e-05
1,0.999738
0,5.2259974e-09
0,8.669894e-08
0,1.1725772e-06
0,3.718676e-08
0,9.7925835e-08
0,3.892485e-07
1,0.99999857
0,2.775379e-06
0,2.4217674e-05
0,9.615643e-06
0,1.5392063e-06
1,0.9999401
1,0.9999999
0,9.1125956e-05
0,3.3805336e-05
1,0.99997705
0,7.2077446e-09
0,5.6757678e-08
0,3.5016428e-09
0,7.2826325e-08
0,1.85816e-08
0,3.745509e-06
0,4.8150787e-07
1,0.99999404
0,2.2311988e-09
0,9.631866e-09
1,0.99999994
0,1.2133021e-05
1,0.9999927
1,0.97870314
0,0.0009054263
1,1.0
1,1.0
1,0.99999994
1,0.99999994
0,0.00026477876
0,1.3934881e-07
0,1.784051e-05
1,0.9999533
0,8.618405e-05
0,5.751541e-05
0,1.1577439e-05
0,3.9521404e-09
1,0.9983699
0,2.3502698e-05
1,0.9992448
0,9.073852e-06
0,7.271535e-07
0,5.750318e-06
0,5.3698705e-07
1,0.9999958
0,5.5020337e-05
0,1.4634237e-06
0,6.413152e-05
0,1.1252705e-06
0,4.5851713e-05
0,2.6420394e-06
0,1.7973933e-05
1,0.9999591
0,4.6079026e-06
0,8.6689647e-07
0,7.18273e-05
1,0.99999994
1,0.9999999
1,0.9999999
1,1.0
1,0.99999994
1,1.0
0,1.7376829e-07
0,1.6085893e-05
0,1.3387468e-05
1,0.99999934
0,3.01774e-05
0,1.5039423e-07
1,0.99982625
1,0.9999931
0,4.836285e-06
1,0.9999481
1,0.9998787
0,7.559371e-06
0,2.6358045e-08
1,0.9999917
1,0.99999785
1,0.99991626
1,0.9999937
1,0.99999785
0,3.273128e-05
1,0.9999991
0,0.0003793873
1,0.9999644
1,0.99999964
1,0.9999979
1,0.9999943
1,0.9999386
0,0.00025971877
0,0.0016952364
0,0.00012441943
0,9.602557e-06
0,0.00045164183
1,0.99993217
1,0.9999867
1,0.9999992
0,9.269081e-08
1,0.9999988
0,3.619356e-05
0,5.903885e-06
1,0.9999642
0,1.7770748e-07
1,0.9997165
1,0.99999243
1,0.9999999
1,0.9999997
1,0.9999788
0,1.7830548e-06
0,0.00014516797
0,0.00065300614
0,0.0008191917
0,1.2979939e-06
1,0.99999946
1,0.9999954
1,0.99999976
0,1.8729317e-05
1,0.9999808
0,0.00021987494
0,1.9507199e-05
0,2.0081074e-05
1,1.0
1,0.99999994
0,3.5037272e-06
1,0.9999933
1,0.9999998
0,1.396778e-05
1,0.99999416
0,4.7011962e-08
0,9.321983e-09
1,0.99995005
0,1.8348419e-06
1,0.9999989
0,8.071953e-06
0,6.226511e-07
0,7.263326e-06
1,0.9999978
0,2.560931e-06
1,0.9999992
1,0.9999968
1,0.9999908
1,0.9999982
0,1.8959616e-05
1,0.9998287
0,6.6086835e-07
0,0.0021674773
1,1.0
0,8.1465105e-06
1,0.99989593
1,0.999365
1,0.9999998
0,2.8276605e-07
1,0.9999967
1,0.99999845
0,9.6161086e-05
0,6.3826988e-06
1,0.99996436
1,0.99972826
0,1.4061762e-06
1,0.9998707
1,0.9999815
1,0.9999972
1,0.999959
0,5.9732563e-05
0,0.00015393346
0,5.4032614e-07
1,0.99995553
1,1.0
0,2.6007083e-07
0,0.00019824714
0,3.4828854e-06
0,0.00017475616
1,0.999997
1,0.99999994
0,4.6013476e-05
1,0.9999986
1,0.9999957
1,0.99999356
0,8.955209e-06
1,0.9997507
0,3.516555e-06
0,0.00015412836
0,0.00029767223
1,0.99997437
1,0.9999787
1,0.99999946
1,0.99998593
1,0.99999887
1,0.9998318
1,0.9999998
1,0.99999946
1,0.99999195
1,0.9999782
0,0.001028938
0,9.170467e-06
1,1.0
1,0.9999875
0,3.6373032e-07
0,5.203482e-07
1,0.99981207
1,0.99999005
1,0.99998933
0,3.459454e-05
1,0.99993825
0,5.2252966e-05
1,0.99966663
0,2.767558e-06
1,0.9999989
1,0.99999875
1,0.9999998
1,0.9999226
0,2.1951084e-05
1,1.0
1,1.0
0,5.1519308e-08
0,7.1153327e-06
0,6.7679985e-06
0,1.4338108e-06
0,8.577185e-06
1,1.0
1,0.99999064
1,0.9999974
1,0.999936
0,2.8842587e-06
0,1.8775763e-08
0,2.1793267e-06
0,2.247386e-07
1,0.99999946
1,0.99998987
1,0.9999982
1,0.99999624
0,8.76097e-07
0,3.4795687e-06
0,2.1731692e-05
0,1.24149055e-05
0,1.5546642e-05
0,6.768559e-08
0,5.5593323e-06
0,1.4094862e-08
1,0.9999999
0,6.74466e-07
1,0.9999312
0,7.0577786e-05
1,0.99999994
1,0.99999946
0,2.3624034e-09
1,0.99999994
1,0.9999979
0,5.841913e-08
1,0.99992526
1,0.99999857
0,4.123029e-05
0,1.0687439e-06
0,2.996138e-08
1,0.9999998
1,1.0
1,1.0
1,0.99999946
1,0.9999951
1,0.99999994
1,0.9999998
1,0.999957
1,0.9998479
0,1.2052811e-06
0,1.7475939e-05
0,0.00015507225
0,0.00038285102
0,3.8259444e-07
0,6.471471e-05
0,1.0528621e-05
0,1.7780536e-08
1,0.99995136
1,0.99998796
0,7.428713e-07
1,0.9999999
1,0.9999999
0,1.3260983e-07
1,0.9999998
0,2.654723e-07
0,1.2548782e-05
0,7.7717095e-06
0,3.7895214e-05
1,0.9999915
0,9.936213e-08
0,1.0716113e-05
0,6.275411e-05
0,5.142835e-07
0,0.0014254284
1,0.99999535
0,0.0013123965
0,2.1842591e-07
0,1.1000133e-06
1,1.0
1,1.0
0,0.0013358258
0,4.6990544e-06
0,9.116515e-05
0,7.988687e-05
0,0.00012288625
1,0.99998575
1,0.99999017
1,0.99993706
1,0.99999213
1,0.9999216
1,0.9998958
1,0.99996424
1,0.9999039
1,0.9999496
1,0.9999941
0,2.0427315e-05
0,1.0465482e-05
0,3.4310963e-06
1,0.9999989
0,1.5122263e-06
0,1.4643197e-07
1,0.9999556
1,0.999997
1,0.9999983
0,4.084228e-05
1,0.9999976
1,0.9999974
1,0.9999994
1,0.999991
0,3.9703668e-08
0,0.00069153094
1,0.9998722
1,0.99996585
1,0.9998358
0,0.00064917374
0,7.708891e-06
1,0.99998736
1,0.99999833
1,0.99999887
1,0.99999654
1,0.9999999
1,0.9999999
1,0.9999999
0,2.0941148e-07
0,7.126492e-05
0,0.00011028879
1,0.9999554
0,7.508077e-07
0,1.9198599e-07
1,0.9999995
0,1.3724464e-08
0,2.7948765e-08
1,0.99999934
1,0.99999994
0,4.5831675e-06
1,0.99998856
1,0.9997496
0,8.9964675e-07
0,8.512094e-06
0,2.3049769e-07
0,1.1956844e-07
0,1.4912604e-08
0,2.1138321e-08
1,0.9999998
1,0.999999
0,4.211588e-05
0,5.8374317e-05
1,0.99999964
0,7.358773e-08
0,2.7275593e-05
0,3.6831982e-06
0,0.0020509923
1,0.9997643
0,2.3322158e-05
0,2.8726368e-05
0,0.005608962
0,0.00016261467
0,0.00018948675
0,5.8223904e-06
0,5.5299864e-05
0,2.2656319e-05
1,0.9999974
1,0.99999964
1,0.9996048
1,0.9999266
0,9.051865e-07
0,0.0014603812
1,0.9999799
1,0.99990815
1,0.99920547
0,6.7443966e-06
0,1.1726019e-06
0,2.7055153e-08
0,1.3429614e-05
1,0.99998057
1,0.99997616
0,8.747478e-07
1,0.99999815
1,0.99999815
0,3.3825205e-07
1,0.999993
1,0.9999966
1,0.99999994
1,0.9999999
1,0.99999654
1,1.0
1,0.9999556
1,0.99999976
0,0.000107538595
0,1.5947483e-06
1,0.99999654
1,0.99999934
1,0.9999978
0,2.625186e-07
1,0.99997944
1,0.99999565
0,6.220151e-09
0,1.7339416e-07
0,1.2006167e-05
0,1.3149204e-07
0,6.6417097e-06
1,0.9999944
0,3.5785772e-07
1,0.9990801
0,0.00053685124
0,1.7601364e-05
1,0.9999999
1,0.99996066
1,0.9998883
0,1.07209654e-08
0,4.840336e-08
0,4.0736793e-08
0,0.00016796109
0,3.6595402e-06
1,0.9999997
0,7.059846e-05
1,0.99992794
0,3.2492e-05
0,1.0558908e-06
0,7.604655e-05
0,1.5111061e-06
1,0.9999992
1,0.9998657
1,0.99999434
0,2.825078e-06
0,0.00037333497
0,4.751634e-08
1,0.9999322
0,2.023214e-05
1,0.99999964
1,0.9999805
1,0.99999964
1,1.0
0,2.7982483e-06
0,1.6429597e-07
0,9.9100184e-08
0,2.354594e-06
1,0.9999993
1,0.99999994
1,0.9999999
1,0.9999999
1,0.9996148
0,2.3577736e-06
1,0.9999993
1,0.999995
0,8.906896e-05
0,0.00022681164
0,6.3898183e-06
1,0.9999457
0,1.4165132e-06
1,1.0
1,0.99999875
1,0.9999523
0,0.00054406415
0,5.150008e-05
0,1.990866e-06
0,1.446396e-07
0,7.585672e-06
0,5.7474605e-08
1,0.9999896
1,0.9999985
1,0.9999758
1,0.9999982
1,0.9999996
0,6.9116805e-07
0,7.543245e-08
0,2.1454234e-05
1,1.0
0,0.00015894297
0,7.167353e-07
0,1.0789141e-06
0,6.739343e-08
1,1.0
1,0.99958223
1,1.0
1,1.0
1,0.9999223
1,0.9999994
1,0.9999638
0,1.2424664e-07
0,1.19755105e-05
0,1.4560618e-05
0,1.0880462e-06
0,1.363388e-05
0,5.3739404e-05
0,4.3092627e-05
0,2.0024352e-05
1,1.0
1,0.9999985
0,0.0016448761
1,0.9999986
0,0.00023789122
0,2.1374133e-06
0,3.186249e-06
1,0.9999845
0,2.8306222e-05
1,0.99995124
1,0.9999985
0,1.7103022e-05
1,0.9999848
1,0.99991435
1,0.9999995
1,0.9999998
0,2.5463438e-05
1,0.99905735
1,0.9997156
1,0.99999994
1,0.99999964
0,2.864667e-07
0,0.0014075516
1,0.99999565
1,0.9999997
1,0.9999999
0,4.790711e-06
0,3.164512e-06
1,0.99978966
1,0.9999953
1,0.9999907
0,9.16657e-07
0,6.1342275e-06
1,0.9999879
1,0.99999994
1,0.9999997
0,4.3606775e-07
0,1.8349047e-08
0,8.0425156e-07
1,0.99999976
1,0.99990785
0,0.00016869973
1,0.99999595
1,0.99999905
1,1.0
0,6.2319305e-05
0,2.465354e-06
0,2.9063312e-06
0,2.5213343e-05
1,1.0
1,1.0
1,1.0
1,0.99999815
1,0.9999861
1,0.9998796
1,0.99972135
1,0.9999508
0,8.27543e-06
0,0.0001235792
1,0.9999998
1,0.9999936
1,0.99999464
0,4.742589e-08
1,0.999996
1,0.9999922
1,0.99999964
1,0.9992855
0,0.00020963087
0,6.1433e-05
0,0.00010222242
0,2.5730931e-05
0,2.1088377e-05
0,1.5243386e-05
0,2.9934941e-05
0,1.9932026e-05
1,0.99999213
0,3.847122e-05
0,3.9722943e-07
1,0.99982303
1,0.99999976
0,3.5787743e-05
0,1.1150855e-06
0,3.8535327e-07
0,0.002695148
0,2.5443117e-09
1,0.99994624
1,0.9999249
1,1.0
0,1.8405679e-07
0,5.06197e-05
1,0.99999917
0,8.374997e-06
1,1.0
0,6.382921e-05
0,1.1099221e-05
0,0.0003511024
1,0.99999994
0,6.831503e-05
1,0.99996006
1,0.99985504
1,0.99982595
0,0.00024897675
0,0.00032449682
0,0.00764493
0,9.780805e-08
1,1.0
1,1.0
1,1.0
1,1.0
1,1.0
1,1.0
1,0.9999999
0,6.441623e-06
0,3.9021484e-07
0,1.4202068e-07
1,0.99990547
1,0.9999947
0,0.00062867295
0,3.8176473e-05
1,0.9999995
1,0.99999994
0,1.5446794e-05
0,5.4433576e-06
1,0.99999595
0,0.00044153418
0,2.8550485e-05
0,2.0661994e-07
1,0.9999095
0,0.00038633533
0,1.955102e-06
0,3.0307181e-05
0,0.00015132377
1,0.99999964
1,1.0
0,0.0042663114
0,8.797223e-06
0,2.6223855e-05
1,0.9992492
1,0.9999979
0,4.4390617e-07
0,9.364313e-06
0,3.5807725e-06
0,6.9096575e-07
0,1.8089837e-05
0,3.025137e-07
0,1.5280658e-06
0,9.574391e-08
0,1.7753064e-07
0,0.0025278174
1,0.9999936
1,0.9999942
0,9.059442e-08
1,0.99999976
0,1.03545375e-07
0,8.6257554e-05
0,0.00020043421
1,0.99999356
1,1.0
1,0.99984336
1,0.9998288
0,1.3754291e-07
1,0.99999905
1,1.0
0,0.00029197126
1,0.9999998
0,2.4754047e-05
0,4.146529e-07
1,0.9997394
1,0.99999774
1,0.9999946
0,3.217375e-07
0,0.00056320464
0,7.1297054e-06
1,0.9999946
1,0.99999255
1,0.99999356
1,0.99998087
0,4.602966e-06
0,2.4840954e-05
1,0.9999925
1,0.9999948
0,3.034247e-07
0,1.3218545e-07
1,0.9999381
0,0.0028701418
0,0.00064886786
0,9.691974e-06
1,1.0
1,0.9998158
1,0.9984187
1,0.99956006
1,0.9991382
0,8.3689406e-07
0,1.5244083e-07
1,0.99991715
1,1.0
0,2.9087214e-06
0,0.0004524312
0,2.3429497e-05
0,4.2491058e-05
1,0.99999994
1,0.99999994
1,0.99988663
0,0.00010562892
0,1.1270862e-07
0,6.7145214e-07
0,1.5420861e-06
1,0.9999977
0,1.892643e-05
1,0.99999774
1,0.9999999
1,0.99999726
1,0.99999994
1,0.99999994
1,1.0
0,1.1750379e-08
0,1.5268723e-08
0,1.4920208e-07
0,3.6459267e-07
1,0.99999976
0,1.4085653e-06
0,0.00014796935
1,0.99984646
0,0.00031539993
0,0.00018855082
0,8.637501e-06
1,0.999719
1,0.99999547
0,9.202768e-05
1,0.99999994
1,0.9999997
1,0.99999994
1,0.99999994
1,1.0
1,1.0
1,0.99999994
1,0.9999998
1,0.99999994
1,0.99999994
1,1.0
1,1.0
1,1.0
1,1.0
0,5.001678e-05
1,0.99993557
0,2.0858863e-06
1,0.9999997
1,0.9999999
1,0.99999964
1,1.0
1,0.9995893
1,0.99999976
1,1.0
0,7.6232086e-06
1,0.99999905
1,0.99999946
0,9.15704e-08
0,3.2544685e-07
0,4.635423e-05
0,1.378672e-06
1,0.9999994
0,3.3393658e-07
0,3.6903145e-07
1,1.0
1,0.99999994
1,0.99999994
1,0.9999988
1,0.9999983
1,0.9999969
0,3.2922728e-06
0,0.00010652664
0,0.00038532968
0,2.7445728e-07
1,0.99998385
1,0.9998865
1,0.9999963
1,0.9999911
1,0.99999714
0,4.141199e-09
1,0.99999964
1,1.0
1,1.0
1,1.0
1,1.0
1,1.0
1,1.0
1,1.0
1,1.0
1,1.0
0,1.9958111e-07
0,9.040627e-08
1,0.99998933
1,0.99995756
0,5.703739e-05
0,9.5306525e-05
1,0.99947
1,0.99999887
1,0.9999997
0,1.6276799e-08
0,1.4693767e-07
1,0.9999367
1,0.99999994
1,0.9999766
1,0.99990827
1,0.9999999
0,9.558914e-05
1,0.99999875
0,3.4596724e-06
1,0.9999542
0,4.2764186e-05
1,0.99999994
0,1.3541622e-06
0,2.4277053e-05
0,1.0162561e-06
0,1.7337895e-07
0,5.763258e-06
1,1.0
1,1.0
1,1.0
1,1.0
1,1.0
0,8.4710484e-07
0,2.3938667e-06
1,0.99999326
0,6.5894087e-06
1,0.9987377
1,0.99999857
0,7.8143465e-08
0,3.7736485e-09
0,1.2701893e-08
0,0.029410852
0,0.0006938801
0,0.49578223
0,0.0010876411
1,0.9998178
1,0.9999679
1,0.99945444
1,0.99887145
1,0.49578223
1,0.49578223
0,2.2481874e-05
0,3.407464e-07
1,0.9999979
0,3.6741113e-08
0,2.3681581e-05
0,8.236873e-06
0,5.1502244e-05
0,0.00017813689
1,0.9999992
1,1.0
1,0.9999986
1,0.9999998
1,0.9999956
1,0.9999998
1,0.9999032
0,1.2426739e-05
0,6.922757e-08
1,0.9999302
0,1.4559789e-06
0,0.001095307
0,3.9797105e-05
0,6.3217326e-06
0,0.00016685456
0,5.0239887e-06
1,0.99999964
1,1.0
1,0.9999999
0,1.9516986e-06
0,2.1198255e-06
1,0.9999893
1,1.0
1,0.99999994
1,1.0
1,1.0
1,0.99999994
1,1.0
1,1.0
1,1.0
1,0.9999143
1,0.9999999
1,0.99999994
1,0.9999998
1,0.9999958
1,0.99999994
1,0.9999999
1,0.9999996
1,0.9999999
1,0.9999999
1,1.0
1,0.9999998
1,0.99999964
1,0.99999994
1,1.0
1,1.0
1,1.0
1,1.0
1,1.0
1,1.0
1,1.0
0,1.3440969e-06
1,0.9999999
0,4.7564085e-06
0,1.3784634e-05
1,1.0
0,8.139968e-08
0,8.581473e-06
0,2.472743e-06
0,7.7615994e-08
1,0.99998647
0,0.00022318959
1,0.9998613
1,0.999952
1,0.99999994
0,0.0013397137
1,0.99995494
0,0.002512784
0,4.968215e-07
1,0.99985963
0,0.0029357574
0,1.9440324e-05
0,1.9782162e-08
0,1.6582977e-05
0,3.7360019e-06
0,3.5775845e-06
1,0.9999999
0,1.5843561e-05
1,0.999743
1,0.99999857
1,1.0
0,6.124968e-06
1,0.9999967
1,0.9993114
0,5.749489e-08
1,1.0
1,0.9999992
1,1.0
1,0.99999994
0,1.8285155e-05
0,9.559287e-05
0,4.055541e-06
0,0.00023602982
1,0.99999994
0,5.77003e-09
1,0.99991924
1,0.99999994
1,1.0
1,0.99963915
1,0.9999372
0,1.1267095e-05
0,9.3203504e-08
0,6.294274e-07
0,1.5605123e-06
1,0.99954903
0,5.1919574e-07
0,4.2326024e-06
1,0.9999323
1,0.9999954
1,0.99997044
1,0.9996665
1,0.99999064
1,0.9999916
0,0.0012348861
0,3.4184035e-07
1,0.999921
0,2.9979108e-05
1,0.99897605
0,5.5880446e-05
0,1.4294021e-05
0,9.212382e-05
1,0.99952745
1,0.99998665
1,0.99999714
0,3.092019e-05
0,0.00030906708
0,4.4857684e-06
0,3.535358e-07
1,0.99967813
1,0.9999725
0,2.480984e-07
1,0.99999684
0,0.00013742472
0,1.4053838e-06
0,0.00045640665
1,0.9999911
1,0.9999956
0,1.895521e-08
0,2.1505073e-06
0,3.758809e-08
1,0.99998826
1,0.9997964
0,5.6768874e-07
0,9.646648e-07
0,2.4338328e-07
0,5.3839884e-08
0,2.7878122e-07
0,6.5954424e-08
0,1.818255e-08
0,3.2280746e-05
0,7.5912635e-07
1,0.99999875
0,1.2875075e-05
0,7.416162e-05
1,0.99999446
0,8.062436e-06
1,0.99998957
1,0.99999326
0,0.00028979534
1,0.9999977
1,0.99999875
0,2.5385441e-05
0,1.7635153e-05
1,0.99997604
1,0.9999989
1,0.9999555
1,0.9999996
1,0.9999844
1,0.9999988
0,0.00092242315
0,1.4705764e-05
0,8.358101e-07
1,0.9999997
0,8.8805624e-05
0,4.9180606e-08
0,6.7471814e-07
0,1.1406896e-07
0,7.080038e-05
0,8.8178007e-07
1,1.0
1,1.0
1,0.99999994
1,0.99999994
1,0.9999997
1,0.9999997
1,1.0
0,7.989927e-06
0,1.7773402e-06
0,5.3111944e-07
1,0.99999285
0,5.7502357e-06
1,0.9999992
1,0.999984
0,4.5890364e-08
1,0.9999636
0,1.8114399e-07
0,1.0471693e-06
0,3.3333786e-06
0,0.0005352711
0,2.1491831e-05
1,0.9999694
1,0.9997685
0,2.0518452e-07
0,1.072079e-06
1,0.99995565
1,1.0
1,0.99977744
1,0.9999656
0,1.4718916e-06
0,1.5734816e-08
0,9.411074e-06
0,7.271019e-06
0,2.5040958e-07
0,7.359264e-08
0,1.0338607e-06
0,1.1604809e-05
0,1.4788711e-08
1,0.99995416
0,3.0610776e-05
1,0.9999999
0,4.616911e-08
0,2.131621e-05
0,1.0206307e-05
1,1.0
0,9.008967e-06
0,4.001971e-06
0,9.1964193e-07
0,2.0006086e-05
1,0.9999668
0,0.00010160368
0,3.708745e-08
0,0.00012722999
1,0.99998504
0,2.5603686e-07
0,1.1410882e-06
0,1.6699e-08
1,0.99999964
1,0.99997926
0,1.325346e-07
1,0.99999994
1,0.99999565
0,6.105035e-05
1,0.99980456
1,0.99999994
1,0.9999998
1,1.0
0,6.3557604e-06
0,1.3700303e-07
1,0.9999129
1,0.9999974
1,0.9999879
0,7.728951e-06
1,0.9994924
1,0.99999994
0,9.662589e-10
0,0.000112359165
1,0.9999982
1,0.9999056
0,3.7152697e-07
0,3.5857477e-07
0,4.0010204e-06
1,1.0
1,0.99999994
1,0.99999994
0,6.776733e-05
0,0.00016530472
1,1.0
0,2.6324894e-06
0,1.44483e-05
0,5.3838242e-08
0,3.8790622e-05
0,1.5449944e-08
1,0.99998957
1,0.99997526
1,0.9999975
1,0.9999988
0,0.00071636896
0,1.1784711e-05
0,8.7741224e-05
0,3.015539e-05
1,0.9999998
1,0.9994296
1,0.99999994
1,0.99995214
1,0.9999997
1,0.9999743
1,0.9999983
0,4.166418e-06
0,8.448394e-07
1,0.9995436
0,2.2595502e-06
0,6.4561607e-07
1,1.0
0,2.1722886e-05
1,0.99996006
1,0.99995893
1,0.99999756
0,1.5255355e-05
1,0.99999267
0,0.0005907802
0,1.0056022e-05
0,0.00011392102
0,3.3534504e-06
1,0.9999999
0,0.296626
0,0.296626
0,0.0013998921
0,0.296626
0,0.0002166345
0,0.38471165
0,0.35941437
0,0.0032306886
0,0.006061293
1,0.9996578
1,0.9998987
1,0.296626
1,0.9999893
1,0.999905
1,0.9996863
1,0.9996845
1,0.99992496
1,0.35941437
1,0.38471165
1,0.9998378
1,0.999989
1,0.9998378
0,1.658552e-08
0,4.9655377e-08
0,3.1467673e-07
0,1.0522233e-07
0,9.3958226e-07
1,0.9999434
1,0.9999868
1,0.9998785
1,0.9999069
0,8.139986e-05
0,0.00010689224
0,5.3846395e-07
0,2.3190332e-05
0,0.00010917025
0,1.0213356e-05
0,0.0002619969
0,0.00058964815
0,2.267253e-05
0,0.00014301173
0,3.5599776e-05
0,0.00029561756
0,2.6134554e-05
0,8.088312e-06
0,2.8456732e-05
1,0.9987662
1,0.99997514
1,0.9999976
1,0.9999996
1,0.9999957
1,0.9999988
0,1.2831682e-05
0,1.2930448e-05
0,4.2009597e-07
0,2.7407346e-05
1,0.9999994
1,0.99997056
0,2.3884393e-05
1,0.99999994
0,4.6874256e-08
0,2.273978e-06
0,5.2563155e-07
0,2.6912108e-05
1,0.9999841
0,4.720465e-07
0,3.726021e-07
1,0.99998665
1,0.9999999
1,0.9998135
0,4.4635857e-07
0,6.2348114e-08
0,9.797859e-07
1,1.0
0,3.6603804e-08
0,1.2155894e-05
0,0.00013042746
0,8.960489e-05
1,0.9999931
1,0.9999989
0,6.100071e-05
0,2.000307e-05
0,0.001936939
1,0.9998963
1,0.9998214
0,9.028368e-05
1,0.99999917
1,0.9999997
1,0.9999976
1,0.9999961
0,2.7410729e-06
0,8.831797e-06
1,0.9999512
0,4.1794326e-08
1,0.9999999
0,2.246161e-06
1,0.99993616
0,2.039714e-07
0,2.0847813e-07
0,4.9195484e-07
0,4.7318817e-06
1,0.99999976
1,0.9999986
1,0.99999994
1,0.9999923
1,0.9997288
1,0.9999997
1,0.99995023
1,0.99995285
1,0.9999978
1,0.99960357
1,0.9999977
1,0.9999926
1,0.99999994
1,0.9999952
1,0.9999748
1,0.99998033
0,0.00014255794
0,0.0024583123
1,0.9999196
1,0.99999684
0,5.6110357e-06
1,0.99986917
0,2.3871794e-07
0,1.6878711e-06
0,0.0029825128
0,0.0003025231
0,0.00010340783
1,0.99999976
1,1.0
0,1.1944911e-07
0,1.3965973e-07
0,2.8194611e-07
1,0.9999964
1,0.9999995
0,0.00040828553
1,0.99999994
0,7.749716e-05
0,1.1636559e-05
0,9.352955e-07
1,0.99999964
0,2.4124343e-05
0,4.46317e-06
0,7.871832e-09
0,1.5142209e-07
0,3.9638973e-08
0,1.8153709e-07
0,5.2527403e-06
0,1.6154125e-06
0,7.9658236e-07
0,5.969947e-06
1,0.99999756
0,1.0655185e-05
1,0.9999876
0,0.000101755206
1,0.99969274
1,0.99991167
0,0.00020843225
0,8.855454e-07
0,4.8661235e-09
0,9.1440896e-08
0,1.6304944e-07
0,2.7724642e-05
1,0.9999849
0,3.9177703e-05
0,4.0257102e-05
0,6.907187e-07
1,0.9999943
1,0.99983585
0,2.8699442e-06
0,1.263087e-05
0,0.00016981427
1,0.9998618
1,0.9991906
0,4.2541044e-05
1,0.9999954
1,0.9999998
1,0.9999947
1,0.99997485
1,0.9999264
1,0.9999848
0,2.7098383e-06
1,0.99999964
0,2.3328008e-05
0,4.405955e-05
1,0.9999874
0,1.6383268e-07
0,2.351552e-05
0,2.3436267e-05
0,0.00010648622
1,0.9999902
1,1.0
1,0.9999965
1,0.99999994
0,1.8364388e-05
1,0.9983059
0,2.254543e-07
0,1.9554605e-07
0,2.4215283e-06
1,0.9999997
0,3.6200282e-07
1,0.99999905
0,9.143859e-06
1,0.9999985
0,9.659545e-07
1,0.99999994
1,0.99996483
1,0.9999996
0,4.687341e-06
0,1.515799e-05
1,0.99999994
1,0.9999744
0,8.071503e-05
0,4.102403e-06
0,5.309571e-06
0,2.0710597e-06
0,1.8522084e-06
0,3.4162597e-06
1,0.9999954
1,0.9999999
1,0.9999997
1,0.9999953
1,0.9999983
0,1.357011e-05
0,6.045414e-07
0,2.7573873e-05
0,3.996377e-07
0,9.432129e-07
1,0.99999994
0,5.6381625e-05
0,4.251856e-06
1,0.9999999
1,0.9999997
1,0.9999848
1,0.9999937
1,0.9999992
1,0.9999892
1,0.99999136
1,0.9999996
1,0.99999946
1,0.9999989
1,0.99999624
1,0.9999938
1,0.9999987
1,0.99999523
1,0.99999917
1,0.9999992
0,2.1278909e-06
0,1.2551792e-06
0,2.1083348e-05
0,5.1088653e-05
0,1.4159936e-08
0,2.4454407e-06
1,0.99999934
1,0.99999857
0,0.0016201631
1,0.999997
0,2.868278e-06
0,1.0658828e-06
1,0.9997446
0,7.117588e-07
1,0.99859434
1,0.99946475
1,0.99992
1,0.99999815
1,0.99999243
0,1.3276167e-07
0,0.00020844575
1,0.99999493
1,0.9999973
0,0.00027080998
1,0.9999917
0,9.8104665e-06
0,1.7901437e-05
0,6.2192e-07
1,0.99999845
1,0.9999979
1,0.9998174
1,0.9999998
0,4.4060093e-06
0,2.9917637e-06
1,0.9996784
1,0.99999994
0,6.8612494e-06
1,0.9999628
0,4.802161e-05
1,0.99996406
0,1.8945307e-06
1,0.99990493
0,7.6828435e-08
0,5.459232e-07
1,0.99999934
0,2.2592761e-07
0,1.2636592e-05
1,0.99980545
1,0.9999894
1,0.99969184
1,0.9965214
0,6.7984347e-06
0,0.0019714322
0,1.5505655e-05
0,3.053116e-05
0,2.903201e-05
0,0.00021129624
0,0.0010054073
0,0.0009048932
0,0.00014515067
0,1.7305054e-05
0,3.291201e-05
0,5.682359e-05
0,1.8729907e-05
1,0.99999964
1,0.9999943
1,0.9999989
1,0.9999946
1,0.9999782
1,0.9999947
1,0.99999994
1,0.99999875
1,0.9999989
1,0.9998797
1,0.99999976
1,0.9998829
0,2.2662512e-06
0,1.3394911e-07
1,0.9999964
1,0.99962896
1,0.99989045
1,0.99994934
0,0.00049003994
0,0.0018257154
0,0.00064210116
1,0.999951
0,3.09721e-07
0,2.5233946e-06
0,1.4057869e-07
0,2.6902896e-07
0,1.1234451e-07
1,0.9999994
1,0.9992142
0,1.9526242e-07
1,0.99993044
0,5.694217e-07
0,2.4161034e-08
0,9.9852485e-08
0,3.826123e-08
0,3.3212142e-08
1,0.9999821
0,8.4761814e-05
0,4.1632422e-05
0,3.5962546e-07
1,0.9999999
0,6.108701e-07
1,0.99999887
1,1.0
0,4.5310637e-05
0,3.0926433e-08
1,0.99983335
0,0.0003896358
0,0.00026695823
1,0.99999976
0,3.055127e-07
1,0.99999994
0,4.475257e-06
1,0.9999992
0,5.0097316e-07
1,0.9999987
0,9.4662283e-07
0,3.3547876e-06
0,2.9583357e-06
1,0.999952
1,0.999988
1,0.9998734
1,0.99900424
0,1.3167086e-07
0,0.0007900237
0,3.3692447e-06
0,2.7173146e-05
0,2.4717433e-06
1,0.9999968
1,0.99984044
1,0.9999967
0,9.351882e-06
0,3.791999e-07
0,1.1578465e-07
1,0.9999362
0,9.243229e-06
1,0.9999915
0,4.1618584e-09
0,0.0011168995
1,0.99999726
0,7.7378286e-07
1,0.9999926
0,4.109526e-06
0,3.955714e-05
0,3.913967e-08
0,2.496561e-07
0,1.5012205e-08
0,8.1029117e-07
0,0.00010548567
1,0.99999464
1,0.9999981
1,0.9998336
1,0.9997385
1,0.99999624
0,1.8948414e-08
1,0.9999911
1,0.99997544
0,0.0002302056
1,0.99999464
1,0.9999916
1,0.99997103
1,0.999991
0,3.326514e-08
1,0.9999981
1,0.9999982
1,1.0
0,7.3342846e-05
0,4.4304936e-05
1,0.99999106
0,1.3562749e-05
0,6.3020883e-07
0,3.4931904e-07
0,5.7785735e-05
1,0.99997634
1,0.9999994
1,1.0
1,1.0
1,0.99999994
1,0.99998087
0,0.00012725352
1,0.99999994
1,0.999999
0,6.1501574e-05
0,0.00013240117
0,5.1867357e-08
0,9.025531e-07
0,0.00014748688
1,0.99999934
1,0.9999874
1,0.9999936
1,0.99999535
1,0.9998787
1,0.9997439
0,0.00045612935
0,5.447918e-05
0,1.6916574e-05
0,1.0855888e-06
0,3.0530418e-07
0,4.0333383e-05
0,0.0012733866
0,2.5152133e-07
0,0.00034030018
0,6.952622e-08
0,0.000872035
0,0.0008389788
0,0.0003091564
0,1.7165605e-05
0,1.4657546e-07
0,5.206579e-08
0,9.814228e-06
0,3.286666e-07
0,5.802684e-06
0,9.417451e-07
0,2.3864926e-05
0,3.2513816e-07
1,0.9999715
0,4.837032e-06
0,4.0779472e-08
1,0.9999968
1,0.9999897
1,0.99989676
1,0.99995977
0,6.3231106e-08
1,0.99999994
1,0.9999371
1,0.9999918
1,0.99910927
1,0.9999512
0,2.2729785e-06
0,1.35112e-07
0,1.2542847e-07
1,0.99999994
1,0.99974495
0,2.1104834e-05
1,0.9999657
0,1.9177322e-05
1,1.0
1,0.9999997
1,0.9999997
1,0.999998
1,0.9999902
0,1.9543418e-07
0,7.485463e-07
0,2.782813e-06
1,0.9999994
1,0.99998826
0,0.00017631425
0,0.00021460003
1,0.9999936
0,2.5672938e-05
0,3.0299293e-06
1,0.9999781
1,0.9997826
1,0.99998915
0,8.98373e-08
0,2.3680977e-08
0,2.0176669e-05
1,0.99977636
0,2.593714e-06
0,5.8255614e-07
1,1.0
0,9.309957e-08
0,7.631391e-08
1,0.9999747
1,0.9999978
1,0.99926424
1,0.99996215
0,3.4815857e-05
0,0.0012657131
0,0.000103310944
0,7.944021e-06
0,0.001111569
0,1.3118184e-05
1,0.9999867
1,0.99991626
1,0.9999943
1,0.99998635
1,0.99998695
1,0.99998635
1,0.99998635
1,0.99991626
1,0.9997345
1,0.99998343
1,0.99998456
1,0.9993832
1,0.99987566
1,0.9999973
1,0.9999993
1,0.99999434
1,0.99999994
0,0.00021993072
1,0.99999726
1,0.9999979
1,0.9999922
0,1.7236368e-06
1,1.0
1,0.999956
1,0.9999998
0,0.0005484018
1,0.99999976
1,0.9999985
0,6.124565e-06
1,0.9999837
0,7.862021e-06
0,6.581964e-07
0,3.2046145e-07
0,1.4599026e-06
0,1.1865011e-06
1,0.9999965
1,0.9999932
1,0.9999807
1,0.99999624
1,0.99998575
0,0.00023053685
0,0.00010978314
0,2.8383041e-05
0,0.00032340724
0,1.70278e-05
0,4.433731e-07
1,0.9999964
1,0.999931
1,0.9999999
1,0.9999715
0,1.8323153e-05
0,3.154153e-05
0,1.678293e-05
0,1.8686143e-05
0,2.4442457e-05
1,0.99999815
1,0.99993396
0,8.469346e-08
1,0.99999064
0,1.9504448e-07
1,0.99999994
1,0.9999872
1,0.99999505
0,4.4452568e-06
0,0.004234112
0,9.696365e-05
0,0.0029868903
1,0.999999
1,0.99999964
1,0.99999917
0,6.768423e-07
1,0.99999994
1,0.99999964
0,1.2184807e-05
0,7.5315666e-06
0,3.0236537e-05
0,1.8462564e-05
1,0.99999607
1,0.999999
1,0.9997054
1,0.99996036
0,2.9578337e-06
0,3.833612e-05
0,7.4747913e-07
1,1.0
1,1.0
1,1.0
1,1.0
1,1.0
1,0.99999976
1,1.0
1,0.99999994
1,1.0
1,0.9999998
1,1.0
1,0.9998988
0,7.4814907e-06
0,3.1324168e-09
1,0.99999976
1,0.9999999
1,0.99999994
1,0.99999994
1,0.99999994
1,0.99999994
1,1.0
1,0.99999994
1,0.99999994
1,0.99999994
0,3.738504e-05
1,0.9999999
1,0.9999998
1,0.99999917
1,0.9999996
1,0.99910784
0,3.7900318e-08
0,5.0880145e-09
1,0.9998302
1,0.99999964
1,0.99998164
1,0.99999964
0,3.4401164e-09
1,0.9999524
1,1.0
1,0.99999964
1,0.99999994
0,0.00010237362
0,3.7058904e-05
1,0.9999997
1,0.9997259
1,0.9999949
1,0.9999115
0,2.1300602e-05
0,0.0004148579
1,0.99999887
1,0.9999974
1,0.9999227
1,0.9996618
0,9.539341e-06
1,0.9999986
0,0.0010463797
0,1.1515511e-05
0,5.7635157e-06
0,3.7517548e-05
1,0.99963015
1,0.99999934
0,0.0005525516
1,0.99984646
1,0.9999231
0,3.8334207e-07
1,0.99999964
1,0.9999972
1,0.99999344
1,0.9999977
1,0.9999196
1,0.9999951
0,6.436825e-08
1,0.99999326
1,1.0
1,1.0
0,6.46937e-06
0,8.7030414e-05
0,7.3875264e-05
0,1.9944656e-08
0,0.00019679546
0,1.4340418e-06
0,3.390556e-07
0,1.0419058e-06
1,0.99999815
1,1.0
1,1.0
1,0.99999994
1,1.0
1,1.0
1,1.0
0,0.00039193864
0,1.8358398e-05
0,8.754924e-06
0,0.027593693
0,1.3852406e-06
0,1.0552038e-07
0,5.6020826e-07
1,0.9999993
0,3.3292931e-06
0,0.0004327154
0,3.4228186e-05
1,0.99999577
0,7.40439e-05
1,0.9999966
1,0.99996984
0,1.2547836e-05
0,5.5432183e-09
1,0.99998283
0,6.358992e-06
1,0.99999386
0,3.7264876e-05
0,2.5213518e-07
0,2.1170092e-06
1,0.999903
1,0.99975526
0,0.00012531361
1,0.9999797
1,0.99999666
1,0.9999525
1,0.99999076
1,0.9999995
0,1.2102606e-08
0,2.2138888e-06
0,1.1297163e-07
1,0.99999994
1,0.99999994
1,0.99999994
1,0.99999565
1,0.999899
0,5.9551237e-08
1,0.9999424
0,0.00037780232
1,1.0
1,1.0
0,3.5585495e-06
1,0.99999917
1,0.9999996
1,0.9999947
1,0.9999985
1,0.9999959
1,0.9999939
1,1.0
1,0.9999782
0,1.5054855e-05
1,0.99999845
1,0.9979138
1,0.9999812
0,2.7465705e-07
0,7.3693207e-07
0,5.202837e-07
1,0.9999997
0,5.381626e-07
1,0.99999964
1,0.9999701
1,0.9998751
1,0.999999
1,0.99996156
1,0.99999
1,0.9999997
0,9.139146e-05
1,0.99999946
1,0.99999535
1,0.9999998
1,0.9999997
0,8.563469e-05
1,0.9999987
0,3.031658e-08
1,0.9999914
0,2.943969e-07
0,5.986875e-07
1,0.99977714
0,8.632722e-07
0,2.181943e-05
1,0.99991053
0,7.267532e-06
0,0.0051885857
0,1.08226686e-07
1,0.99999994
0,1.2452067e-05
0,1.31137695e-05
1,0.9999999
1,0.99999875
1,0.99999875
1,0.9998875
0,0.00016536069
0,0.00014207077
0,2.8796692e-05
1,0.9999962
0,1.2040816e-06
1,0.9999977
1,0.9999651
0,1.4361248e-05
0,7.345107e-07
0,3.5570665e-07
0,3.6906877e-06
0,1.06690734e-07
1,0.9999999
1,1.0
1,1.0
0,4.2829524e-06
0,6.3149295e-05
1,0.99997616
0,6.648838e-05
0,6.527619e-06
1,0.9990936
0,0.00067506265
1,0.99886763
1,0.9999991
1,0.99996823
1,0.99999785
1,0.99999076
1,0.99999976
1,0.99999976
1,0.99999976
1,0.99999976
0,1.1192466e-07
1,0.9999991
0,4.6765486e-08
0,4.6191104e-09
0,8.198316e-09
1,1.0
1,0.99940836
0,1.6489776e-06
0,1.7396404e-06
0,1.7921713e-05
0,3.0803372e-07
1,0.9992314
1,0.9999999
0,1.6638552e-07
0,2.8763392e-08
1,0.99998313
0,7.9105143e-07
0,1.8491199e-05
1,0.9999998
0,7.65027e-07
1,0.9999957
0,2.9629366e-05
1,0.9999986
1,0.9999496
1,0.9999988
1,0.999967
1,0.9999634
1,0.9999993
0,0.00024125421
0,0.00010568523
0,2.2274418e-05
1,0.9999898
1,0.9993887
1,0.99986476
0,2.2648014e-06
1,1.0
1,0.9999994
1,1.0
1,0.99999994
1,1.0
0,5.8455466e-08
0,3.570082e-05
0,1.3883781e-05
0,0.0035861454
0,0.07563307
0,0.7723322
0,0.0038024164
0,0.05804418
0,0.03513588
1,0.9978914
1,0.99962246
1,0.99664146
1,0.9992667
1,0.999516
1,0.9980744
1,0.9953922
1,0.9977546
1,0.9969352
1,0.9996986
1,0.9969354
1,0.9986534
1,0.9994116
1,0.99931043
1,0.9959575
1,0.99922633
1,0.9995194
1,0.99944836
1,0.9994434
1,0.9994732
1,0.9996957
1,0.9987606
1,0.99970645
1,0.99833274
1,0.9987445
1,0.9993352
1,0.99954027
1,0.9995479
1,0.9987568
1,0.99954003
1,0.99924785
1,0.9992408
0,3.243732e-07
0,3.9084128e-07
1,0.99999803
0,3.2699398e-07
0,7.798174e-07
0,1.2935922e-05
0,5.1459297e-06
1,1.0
0,3.9986492e-07
0,0.00051253574
1,0.9999596
1,0.9999214
1,0.99994576
0,6.2280576e-09
0,0.0008769033
1,0.99989265
1,0.9999825
1,0.99996024
1,0.9999967
1,0.9999984
1,0.99999964
1,1.0
0,2.6412346e-08
1,0.99999934
1,0.9999996
0,1.2494198e-07
0,1.9469472e-07
1,0.9960243
0,6.7015685e-06
0,2.8945783e-06
0,2.3665998e-06
1,0.9990382
1,1.0
1,1.0
1,1.0
1,1.0
1,1.0
1,0.9998967
0,4.0689415e-06
0,8.62201e-07
0,7.006003e-08
0,1.6185306e-06
1,0.9999728
1,0.99999994
0,2.1153905e-06
1,0.99999833
0,1.8082626e-05
0,7.198334e-06
1,0.9999616
0,0.00033488596
1,0.99995893
1,0.9999621
1,0.99988
1,0.99999654
1,0.99996126
1,0.9999917
1,0.99999326
0,7.7781874e-07
0,1.0342551e-05
0,0.000491233
0,1.734532e-07
1,0.999996
0,8.607955e-08
0,0.00081124564
1,0.99999124
1,0.99997425
0,1.1207894e-06
0,1.9715361e-07
0,3.4682876e-07
1,0.99999005
0,1.6600939e-06
0,1.2242073e-07
1,0.9999951
1,0.99998134
0,2.7721356e-07
1,0.99997675
1,0.9999532
1,0.9999449
0,1.9417587e-06
0,2.3726823e-08
0,7.5510634e-06
0,8.565706e-05
0,1.4809466e-06
1,1.0
1,1.0
1,0.9999487
1,0.9999998
1,0.9999999
1,0.99999994
1,0.9999909
1,0.999992
1,0.9999991
1,0.99997693
1,0.99996626
0,8.941205e-06
1,0.99999964
1,0.99999434
0,8.453487e-07
0,7.892943e-06
0,0.00010421343
0,5.9147715e-05
1,0.9999993
1,0.9999882
0,1.8563074e-06
0,3.5353175e-06
0,1.2228986e-06
1,0.9999834
0,0.000108612134
0,0.003865985
1,0.9999981
1,0.9999958
1,0.99999833
0,3.143154e-05
1,1.0
1,1.0
1,0.99999994
1,0.99983597
1,0.9999893
0,5.0555027e-06
0,1.4009716e-07
0,8.602129e-08
1,1.0
1,0.9999879
0,0.0003278074
0,5.1141537e-06
0,0.00162881
0,0.0002031219
0,1.8158576e-05
1,0.99999094
1,0.9999858
0,1.0213639e-05
1,0.999957
0,6.011918e-07
0,4.9860705e-06
1,0.99986136
0,1.3450189e-06
0,4.089474e-06
1,1.0
1,1.0
1,0.9999999
1,1.0
1,1.0
1,1.0
1,0.99999934
1,0.9999978
1,1.0
1,0.9999997
1,1.0
1,0.99999994
1,1.0
1,0.99999994
1,1.0
0,5.892158e-08
0,1.5024435e-08
0,7.5061655e-07
1,0.9998783
0,2.3743428e-06
0,1.8519245e-07
0,3.797905e-08
0,2.053948e-07
0,2.786935e-06
1,0.9999998
1,0.9999852
0,7.558157e-07
0,3.800197e-05
1,0.9999373
0,1.7617774e-06
1,1.0
1,1.0
1,1.0
0,1.5879978e-06
0,5.2467095e-07
1,0.99999994
1,1.0
1,1.0
0,1.9473873e-07
0,5.553719e-08
0,1.405127e-08
0,2.3145928e-06
1,0.99992365
0,3.697681e-06
1,0.99998844
0,6.1657005e-08
1,0.99999493
1,0.99999994
1,0.9999979
1,0.99995935
1,0.9999832
1,0.9998678
0,6.172066e-05
1,0.9999923
0,6.9340686e-08
0,3.2159996e-08
0,3.331448e-08
0,5.9135044e-08
0,0.0001055696
0,2.1609168e-07
0,3.8399164e-09
0,2.0097163e-05
0,3.689416e-05
1,0.999973
0,0.0005231318
1,0.9999995
1,0.99999976
0,6.8266704e-06
0,5.7267505e-07
1,0.99998534
1,0.99995244
1,0.99994546
0,4.970951e-05
1,0.99999994
0,1.67776e-08
1,1.0
1,0.99999803
0,7.6875345e-08
1,1.0
1,0.99999964
1,0.9999956
0,3.766032e-05
0,2.407913e-05
1,0.9999975
1,0.99999213
1,0.99999034
1,0.9999955
1,0.99999356
1,0.999996
1,0.9999994
1,0.9999998
1,0.99999994
1,0.9999997
1,0.9999844
0,0.00012315337
1,0.9990855
1,0.9999994
0,0.0008405792
0,0.0117663
1,0.9999909
1,0.99999976
1,0.9999945
1,0.99999994
1,0.99999994
1,0.9999984
1,1.0
1,0.99999946
1,0.99999994
1,0.99999994
1,0.99999994
1,1.0
1,0.9999999
1,0.99999976
1,0.99999917
1,0.99999976
1,0.9999999
1,0.9999999
0,8.4134103e-07
0,1.1884194e-06
0,2.5439436e-05
1,0.9999307
1,0.99998546
1,0.9999838
1,0.9999978
1,0.9993278
1,0.99937105
0,4.473358e-06
0,1.9654983e-06
0,3.1883332e-07
0,0.000107255415
0,5.0459954e-07
1,0.9999915
1,0.9999998
0,3.2046442e-05
0,5.248756e-08
1,0.9999616
0,5.4532557e-06
0,7.0289234e-06
0,1.0316446e-05
0,1.2183722e-07
0,0.0002214546
0,0.00033209988
0,9.846757e-07
0,0.0005112323
1,0.99999917
0,2.4066205e-05
0,0.00029197932
0,0.0003461549
1,0.99999976
1,0.99999917
1,0.99989694
0,5.0042876e-05
0,0.00040890346
1,0.99999994
1,0.99999756
1,0.9999945
1,0.9999983
1,0.99999714
0,0.0023203425
1,0.9999998
1,0.99999803
1,0.999999
1,0.9998807
1,0.9999933
1,0.99993473
1,0.9999997
1,0.9999995
1,0.99999857
0,0.00012516887
0,0.00012681127
0,5.440328e-05
1,1.0
1,0.99999994
1,1.0
1,0.9999996
1,0.99995446
0,0.0045266454
1,1.0
0,1.193557e-05
1,0.9999939
0,2.3688688e-07
1,0.99988014
0,1.297217e-08
1,0.9999988
1,0.99917275
0,1.1857436e-05
0,7.486085e-08
0,0.00035678083
0,6.0971416e-07
0,1.4909142e-07
1,0.99998397
0,1.962335e-06
1,0.9999998
1,0.99999934
1,0.9999996
1,0.99999744
1,0.99999994
1,0.9963609
1,0.9999955
1,0.99999225
1,0.99991304
1,0.9997201
1,0.9999999
1,0.999917
1,0.999994
1,0.9999998
1,0.99991524
1,0.9995765
0,8.9685855e-05
0,9.3085424e-07
0,0.000491631
0,0.00026780815
0,0.00028403307
0,0.0003215313
0,7.89889e-07
0,9.407063e-06
0,1.9861578e-07
0,0.00046952337
0,2.9382934e-05
0,0.00014018812
0,2.4266523e-05
0,0.00022709426
0,2.1858605e-06
0,0.0013880486
0,0.00021334393
0,0.0002852646
0,4.3989232e-05
0,0.00023294476
0,7.1714174e-05
1,0.99961734
1,0.99996644
1,0.99994636
1,0.99994665
1,0.999998
1,0.99998605
1,0.99997836
1,0.99989796
0,2.0102064e-07
1,0.9999993
0,2.016932e-05
0,9.0282424e-07
1,0.9999906
1,1.0
0,7.059315e-06
1,0.9999987
0,2.8995842e-08
0,8.490936e-05
1,0.99999976
0,3.4089103e-07
1,0.9997417
0,9.705469e-06
0,2.2515324e-05
0,0.09440851
0,6.636042e-07
0,0.00025801233
0,9.392716e-08
0,0.00028283786
1,1.0
1,0.99991405
0,8.54026e-05
1,1.0
1,0.99999774
1,0.9999977
1,0.9999971
1,0.9999997
0,5.0249614e-06
0,1.7109987e-05
0,4.5011944e-07
0,4.043674e-07
0,7.9191224e-08
1,0.99999607
0,1.545406e-05
1,0.99999946
1,1.0
0,7.000856e-05
0,7.3907763e-06
0,9.036908e-06
0,1.7582324e-06
1,0.9999601
1,0.9999791
0,8.630223e-05
0,2.364878e-07
1,0.9999739
0,3.9322935e-05
1,0.9999999
0,7.8789264e-05
0,9.713106e-05
0,0.00021066879
1,0.9997184
1,0.99998266
1,0.99999994
1,0.99999934
1,1.0
0,6.9420287e-07
0,7.272316e-06
1,0.9999105
0,3.5104297e-06
0,9.2004925e-08
0,2.5572492e-08
1,0.99999917
1,0.99991715
1,1.0
0,1.5090526e-06
0,8.1532846e-08
0,8.560163e-06
1,0.9990712
1,0.99957573
0,1.00309855e-07
1,0.9999337
1,0.99999756
1,0.99999964
1,0.9995926
1,0.99995327
1,0.9999713
0,3.2709097e-05
1,0.9999998
1,0.99996465
0,1.3620676e-05
1,1.0
1,0.9999951
1,0.99999994
1,1.0
1,0.9999591
0,0.00017176928
1,0.9999776
1,0.99999654
1,0.9995449
1,0.99999994
0,6.996317e-10
0,5.6011955e-05
1,0.99999994
1,0.9999997
1,0.99999946
1,0.9999997
1,0.99999946
1,0.9999834
1,0.9999985
1,0.9999958
1,0.999998
1,0.9999686
1,0.9999519
1,0.9999997
1,0.99999666
1,0.99998134
0,2.1447384e-07
0,1.4449525e-07
0,9.014614e-06
0,0.0030080134
1,0.9999323
1,0.99999917
1,0.9999953
1,0.9999914
0,9.350963e-06
0,1.4494766e-05
1,1.0
1,0.99999195
1,0.99995977
0,1.5465707e-06
0,4.927779e-05
0,1.2768094e-06
0,0.00042343722
0,0.00010341236
0,1.4173631e-06
0,0.00016976992
1,0.9999998
1,0.9999997
1,0.99996775
1,0.99999994
1,0.99999934
1,0.9999999
1,0.99999994
1,0.9999976
1,0.9999998
0,8.176189e-07
1,0.99998665
0,0.0002506038
0,7.769376e-05
1,0.9999988
1,1.0
1,0.99999994
1,0.99999964
1,0.99999976
1,0.99999994
1,0.9999987
1,1.0
0,1.1338085e-05
0,0.002240062
0,7.437402e-05
1,0.99994993
1,0.9999988
1,0.99652565
0,9.921241e-07
0,5.6353315e-07
1,0.9998548
0,2.8646393e-06
1,1.0
0,7.436793e-07
1,0.99999994
0,1.5460487e-09
0,3.9055624e-07
1,0.9999943
0,0.00012389236
0,1.3870567e-09
1,0.9999995
0,2.5564264e-06
1,0.9999512
1,0.9999939
1,0.9999911
1,0.99995947
0,1.3374134e-05
0,9.85131e-05
0,2.2373864e-07
0,1.7514753e-07
0,6.2099065e-07
0,1.0261077e-06
0,0.00029749156
0,0.000103718034
1,0.99999857
0,1.4658156e-08
0,2.0253523e-08
0,6.365851e-05
0,3.502815e-06
1,0.99983394
1,0.9999946
1,0.9998625
1,1.0
1,0.9999641
0,2.0779603e-06
1,0.99998105
1,0.9999985
1,0.9999997
1,0.9999673
1,0.99998814
1,0.99997514
1,0.9999947
1,0.9999997
1,0.9999688
1,0.99999964
0,3.086221e-07
0,8.117719e-08
1,0.99997276
1,0.9998209
0,4.1164053e-06
0,6.000319e-07
0,3.3005166e-05
0,2.475964e-05
0,8.853352e-06
0,4.853282e-05
0,6.4983285e-09
0,3.1805112e-06
0,1.8015568e-05
0,3.833206e-05
1,0.99999994
0,3.0315275e-06
1,0.9999999
1,0.99999976
1,0.9999981
0,0.0016055423
0,5.786729e-07
1,0.9999857
0,1.9202374e-05
0,3.493259e-05
1,0.99999934
0,5.508003e-05
1,0.9999842
0,5.8408705e-07
0,0.00016800544
1,0.99990034
1,0.99998116
0,1.714123e-05
0,0.0013657789
0,1.9203708e-07
0,2.0713562e-05
0,1.9389316e-05
1,0.9999959
0,9.689266e-06
1,0.99997395
0,0.00018580808
1,0.99999964
0,3.24031e-05
1,1.0
1,0.9999951
0,4.15695e-07
1,0.9999999
1,0.9999995
1,0.9999998
1,1.0
0,7.505435e-05
1,0.9999961
1,0.9999998
1,0.99996006
1,0.9999877
1,0.99999934
1,0.9999718
1,1.0
1,0.99999976
0,7.5498538e-06
0,6.65036e-05
0,3.920306e-07
1,0.99999934
0,4.5296156e-07
1,0.99999803
1,0.9999805
0,7.753591e-07
1,0.9999982
1,0.9999999
1,0.9999998
1,0.99999887
1,1.0
1,1.0
1,1.0
1,1.0
1,1.0
1,1.0
1,1.0
1,1.0
1,1.0
1,1.0
1,0.99999994
1,0.99999905
1,0.99999565
0,0.00038962538
1,0.99997514
0,5.4637997e-07
1,0.99999416
1,0.9999551
0,2.1001879e-06
1,0.99999887
0,1.8049543e-07
0,3.2536119e-07
1,0.99772197
1,0.9999848
1,1.0
1,0.99997866
1,1.0
1,0.9999627
0,1.1629174e-06
0,1.0071752e-06
1,1.0
1,0.999995
0,5.279282e-06
0,1.6762198e-05
0,7.8531375e-05
1,0.9999998
1,0.99997675
0,8.494659e-06
1,0.9999999
0,1.8541878e-06
0,1.5702766e-05
1,0.9999739
0,4.2109054e-06
0,9.280388e-06
0,6.07179e-05
1,0.9999976
1,0.9999751
0,3.1273016e-06
1,0.9999987
0,1.7709706e-07
0,1.617575e-08
1,0.99997556
1,0.99999994
1,0.99999994
1,0.99999624
1,0.9999517
0,2.4799672e-05
0,6.2598497e-06
0,1.3635349e-05
0,7.986757e-07
1,0.9999852
0,8.8239125e-05
1,0.99999976
1,0.99999017
0,4.0460283e-05
1,0.9999647
1,0.9999996
0,4.3099044e-06
0,1.257898e-06
1,0.9999798
0,5.481438e-06
0,2.4348735e-06
0,4.607153e-09
0,6.709499e-05
0,8.259761e-05
1,1.0
1,0.999999
1,1.0
0,1.2274976e-06
0,9.595285e-09
0,1.1741972e-07
0,5.8089576e-08
1,0.9999968
1,0.99999636
1,0.9999999
1,0.99999994
1,0.99999875
0,1.3097979e-07
0,2.1305335e-05
1,1.0
1,1.0
1,1.0
1,0.9999999
0,1.305125e-06
1,0.9999996
0,4.4197276e-07
0,6.919364e-06
0,8.0836726e-05
0,1.3077776e-06
0,1.5355732e-06
0,3.474034e-05
0,2.3423267e-05
0,0.00019780756
0,0.00014641383
1,0.99999857
1,0.99998915
0,0.000121637204
1,0.9999994
0,4.592714e-06
0,2.940132e-05
1,0.9998796
0,9.282539e-06
0,0.0007380234
0,2.607953e-05
1,0.99996716
1,1.0
0,1.17375e-08
1,0.999974
1,0.9999479
1,0.99969673
1,0.99999905
1,0.9999987
0,1.2129851e-05
0,9.9538354e-08
1,0.9998566
1,0.9999984
1,0.99997205
0,2.4535243e-08
0,0.00035061574
1,0.99999994
1,0.9999999
1,0.9999998
1,0.9999998
0,3.9435818e-05
0,0.00017575898
0,1.4437776e-05
0,5.0614995e-06
1,0.99999124
0,0.0020093722
0,0.0008383108
1,0.99974227
0,4.9962237e-06
1,0.99998796
0,9.0122136e-05
1,0.9999993
1,0.9999811
1,0.9999999
0,3.2647995e-06
0,1.1050004e-05
1,0.9999985
0,0.0001712935
1,0.9999999
1,0.99997705
0,3.994952e-07
1,0.9999828
0,1.7296865e-06
0,9.690337e-08
0,5.141825e-07
0,7.7871533e-07
0,7.074527e-08
0,4.853612e-07
0,4.0021592e-07
0,6.103672e-09
0,2.5204847e-09
1,0.9999996
1,0.9999997
0,0.00020126766
0,0.00025001628
1,0.99999636
1,1.0
1,0.9999801
0,0.00014863837
1,0.9999863
1,0.99999607
1,0.9999397
1,0.9999997
0,5.6056313e-05
0,1.0666994e-08
0,1.2319865e-07
0,1.434911e-08
1,0.9999996
1,0.9997538
1,0.99998933
1,0.9999997
1,0.99999994
1,1.0
0,4.32172e-08
0,3.8144663e-05
1,0.99999255
1,0.99999875
0,1.7933546e-05
0,2.3328502e-07
1,0.99998075
0,3.2967343e-06
0,2.9472812e-07
0,0.00013383731
1,0.9999962
0,1.0277521e-05
0,2.2266843e-06
0,4.0352e-05
1,0.9999911
1,0.9999995
1,0.99999994
1,0.99969214
1,0.99999905
1,0.9997016
0,6.71455e-05
1,0.99999815
0,0.00031675596
1,0.99998397
0,0.0003738448
1,0.9999959
1,0.9999929
0,0.040766906
0,1.7660821e-05
0,4.2981694e-05
1,0.9999259
1,1.0
0,2.543364e-05
0,0.0002285117
1,0.99999994
0,5.760558e-07
1,0.99999666
0,0.0011409159
0,3.5727793e-05
0,1.4530451e-06
1,0.99999994
1,0.9999999
1,1.0
1,0.9999998
1,0.99999994
1,0.99999946
0,2.4071116e-07
1,0.99993527
0,1.168704e-05
1,0.9999999
1,0.99996847
0,2.6253017e-06
0,2.1320523e-09
0,1.0333835e-05
1,0.99999994
1,0.9999948
1,0.99999547
0,0.0007925485
1,0.99996245
0,1.1357089e-05
1,0.9999998
1,0.99999404
0,2.1543406e-07
0,0.0005577282
1,0.9999911
1,0.9999994
1,0.9999991
1,0.99999905
0,9.217167e-07
0,6.7458377e-06
0,2.2978775e-06
1,0.9999997
1,0.99999994
0,0.00023268173
1,0.9999996
1,1.0
1,0.9999953
0,7.4383684e-07
0,2.52127e-07
0,1.0314391e-06
1,0.99993783
1,1.0
1,0.99999964
1,1.0
1,0.9999992
1,1.0
1,0.99997157
1,0.9998299
1,0.9999376
0,0.00021561385
0,0.0014560049
1,0.9999999
0,9.889513e-08
0,3.7048358e-06
0,2.8806278e-05
0,4.0248796e-07
1,0.9999998
1,0.99999994
1,0.9999999
0,1.5501679e-05
0,7.425809e-07
1,0.9999826
1,1.0
0,0.0042720963
0,2.5751524e-06
1,0.99997765
1,1.0
1,0.99997747
0,1.1180843e-05
0,1.368328e-06
0,8.598348e-06
1,0.9999987
1,0.99999344
1,1.0
1,0.99999845
1,0.99994135
0,8.286549e-06
1,0.9999983
1,0.9999999
1,0.9999967
0,1.2912572e-07
0,6.7015736e-07
1,0.99999994
1,0.9999959
0,0.0006868869
0,4.34859e-06
0,2.257656e-08
0,2.5119338e-05
0,1.326562e-08
0,6.806167e-08
1,0.9999995
1,0.99999803
0,3.2708318e-05
0,0.00082888984
0,4.123733e-06
1,0.99999994
1,0.9999635
1,0.99941796
1,0.9999998
0,3.8886262e-07
0,1.2593198e-05
0,1.1021757e-05
1,0.9999986
1,0.99999994
1,0.9999784
1,1.0
1,1.0
1,0.99999994
1,1.0
1,1.0
1,1.0
1,1.0
1,0.99999994
1,1.0
1,0.99999994
1,0.9999944
1,0.99999917
1,0.99999976
1,0.999999
1,0.9999979
1,0.99999994
1,0.99999994
1,0.99999946
1,0.9999985
1,0.99998957
1,0.9999978
1,1.0
1,1.0
1,0.99999994
1,1.0
1,0.9999996
1,0.99999994
1,0.9999999
1,1.0
1,1.0
1,0.99999994
1,1.0
1,1.0
1,0.99999964
1,1.0
1,0.99999964
1,0.99999946
1,1.0
1,1.0
1,0.99999994
1,1.0
1,1.0
1,1.0
1,1.0
1,1.0
1,0.99999243
1,0.9999998
0,2.728959e-05
0,1.5818288e-05
0,1.365854e-05
1,0.9999989
0,0.00042747532
1,0.8704498
1,0.9999969
1,0.0044030673
1,0.68633264
1,0.030573752
1,0.0039893496
1,0.015933448
1,0.00041951405
1,0.9794089
1,0.0014953848
1,1.4297129e-05
1,0.0006484051
1,4.318293e-05
1,0.0052786493
1,1.5484052e-06
1,0.9972204
1,0.521821
1,0.9999744
1,0.9986909
1,0.421573
1,0.99980325
1,0.9999993
1,0.99995273
1,0.99999636
1,0.7184591
1,0.00077216804
1,0.00023865275
1,0.67656004
1,0.49075752
1,0.0064439396
1,0.18418252
1,9.792861e-07
1,0.012325201
1,0.99652076
1,0.16373844
1,7.021448e-05
1,0.999999
1,0.9963111
1,0.9999989
1,0.35928988
1,0.00031702092
1,0.0015366055
1,0.99999803
1,0.9997979
1,0.9999994
1,0.0004637823
1,0.9212205
1,0.99999946
1,0.99575496
1,0.997779
1,0.99990296
1,0.862004
1,0.9994751
1,0.9986837
1,0.99999946
1,0.99337703
1,0.9999948
1,0.99999255
1,0.99991614
1,0.9694416
1,0.9999468
1,0.026164928
1,0.99109435
1,0.99892575
1,0.00033858608
1,0.56374145
1,0.9999814
1,0.9999641
1,0.9979179
1,0.99996257
1,0.9999456
1,0.9999689
1,0.9999994
1,0.0039059494
1,0.9999223
1,0.99999267
1,0.07330353
1,0.9999966
1,0.99997
1,0.9909782
1,0.99843526
1,0.06756602
1,0.9962053
1,0.9999279
1,0.13205235
1,0.9905056
1,0.99999994
1,0.0546011
1,0.9999989
1,0.9988638
1,0.9999994
1,0.9999968
1,0.99983394
1,0.9999982
1,0.98011684
1,0.00026825102
1,7.4601885e-05
1,0.9999998
1,0.99953735
1,2.211723e-05
1,0.99998987
1,0.99934167
1,0.99198157
1,0.99275625
1,0.99999624
1,0.005477456
1,0.99876535
1,0.0007069141
1,0.9930315
1,0.99999994
1,0.00028026573
0,1.7567425e-05
0,0.9932253
0,0.96392864
0,0.746264
0,0.96312445
0,0.0001202496
0,0.023042558
0,0.022780076
0,0.002016457
0,2.1760827e-05
0,0.024670068
0,4.0578678e-05
0,0.19335002
0,0.0053832093
0,0.0044373404
0,6.430918e-05
0,0.99971163
0,1.6701424e-06
0,0.00016390705
0,0.10449678
0,0.98942345
0,0.0111793075
0,0.9995335
0,8.391908e-06
0,8.081337e-05
0,0.93435407
0,0.0021324798
0,5.9480335e-06
0,0.0027452123
0,0.0002992532
0,0.00596754
0,0.00041034765
0,0.00014316072
0,0.9992834
0,3.0373094e-06
0,0.99986744
0,0.0066092378
0,0.9943043
0,0.99952793
0,1.2486164e-06
0,0.08476626
0,0.00089550123
0,0.00090546516
0,0.012575602
0,0.1314295
0,0.28429514
0,0.007236124
0,0.9920374
0,0.8978801
0,0.99816984
0,0.019808268
0,0.948611
0,0.0003478938
0,0.9998123
0,0.99999565
0,0.00036558954
0,0.9999697
0,0.99798983
0,0.99142504
0,0.45220307
0,0.9998178
0,0.99993074
0,0.0033949886
0,0.039222036
0,0.99688363
0,0.9999485
0,0.999972
0,0.99999064
0,0.9958491
0,0.9993816
0,0.005573902
0,0.00030731267
0,0.99970055
0,0.9999468
0,0.00016325132
0,0.0044238935
0,0.009572798
0,0.0022216123
0,0.09185062
0,0.026485695
0,6.510486e-05
0,0.9999841
0,0.015444029
0,0.13536136
0,3.816468e-05
0,0.0049607386
0,0.01760801
0,0.07885653
0,0.9879166
0,0.002024806
0,0.99994427
0,1.9271645e-05
0,0.9928093
0,0.90869534
0,0.7583878
0,0.37153882
0,4.8202565e-07
0,0.99943507
0,1.4178092e-06
0,9.224205e-05
0,0.08053499
0,0.0021830415
0,1.4916929e-05
0,0.00023316144
0,0.0066412445
1,0.9999979
1,0.00072187616
1,0.9999961
1,0.99999917
1,0.9999873
1,0.99999785
1,0.9939727
1,0.9999989
1,0.9999974
1,0.99999744
1,1.0
1,0.99999636
1,0.99994
1,0.99999624
1,0.9999983
1,0.99951625
1,0.99999964
1,0.9999999
1,0.99999005
1,0.5245991
1,0.99647456
1,0.99973714
1,0.9999999
1,0.99999976
1,0.99999994
1,0.9999993
1,0.99976665
1,0.99999934
1,0.99991727
1,0.99959594
1,0.01168456
1,0.5124995
1,0.49175888
1,0.99957556
1,0.9999561
1,0.9972681
1,0.99999994
1,0.99999905
1,0.9993866
1,0.9999998
1,0.99861324
1,0.9999999
1,0.9996594
1,0.9999999
1,0.99965584
1,0.9984584
1,0.13159579
1,0.99617314
1,0.99998295
1,0.9104184
1,0.008035741
1,0.27284217
1,0.013399024
0,4.0884092e-06
0,0.0019589122
0,0.00094676396
1,0.9999992
1,1.0
0,4.6446144e-06
0,1.2459031e-06
0,0.00016074543
0,7.734207e-06
0,4.9848722e-06
0,3.796652e-06
0,0.9999491
0,1.7156485e-06
1,0.008391946
1,0.9999998
1,0.049682323
1,1.3471459e-06
0,1.3464792e-05
1,0.99998444
0,4.7621043e-08
0,3.5996705e-05
0,1.2378479e-07
1,0.99999917
0,0.0028944009
0,0.054366127
0,4.1565022e-07
1,0.9999937
1,0.073165044
1,1.862354e-06
0,0.9791383
1,0.9999891
0,0.9996039
1,0.005982136
1,0.9997342
1,0.9980752
1,0.89397424
0,0.0691191
1,6.8668135e-07
1,0.99995065
1,0.9999091
1,0.99096805
1,0.9991056
1,0.9999978
1,0.9999903
1,0.99953943
0,1.3560051e-06
0,5.983781e-07
1,0.9999998
0,0.9955774
0,0.99895346
0,0.9977004
0,0.99920064
0,0.9888166
0,0.9993169
1,0.99427897
1,0.99999994
0,0.99967694
1,0.99999994
1,0.99999994
1,0.99999994
1,0.9999999
1,0.9999999
1,0.016474394
1,0.00011548663
0,2.7126253e-08
0,3.698954e-07
0,3.6054854e-07
0,8.691002e-06
0,0.67263275
0,0.00026471418
0,0.0001472584
0,3.3437675e-05
0,4.518864e-08
1,9.0220365e-06
0,0.00011505729
0,0.0030050073
1,0.9999991
1,0.28438476
0,0.0003496977
0,0.9991412
0,0.00068086415
0,2.1459805e-07
0,1.6012541e-06
0,7.015069e-08
0,5.654159e-06
0,0.00015583847
1,0.99999976
1,0.99999917
1,0.9999998
0,0.9999712
0,0.00018954603
1,0.8716171
0,0.99989927
1,0.99999994
1,0.9989196
0,4.510805e-05
0,0.9998655
0,0.99999905
1,0.99999905
1,0.0030556663
1,4.2609343e-05
0,4.6659238e-07
0,0.00045490765
1,0.9965266
1,0.93705165
0,6.5639164e-05
0,9.369202e-09
1,0.10765704
0,0.00039521386
0,6.594262e-06
0,0.16022249
0,0.0029360394
0,0.27935058
1,0.9988355
1,0.99996847
1,0.9999925
1,0.0005498404
1,0.99987066
1,0.2994174
0,3.4362702e-06
0,0.999927
0,0.0012869642
0,0.00040554575
0,0.90608275
1,0.99986327
1,0.99998724
1,0.99999976
1,0.999961
0,1.3249938e-06
0,3.03119e-07
0,0.1005397
0,4.901551e-07
0,5.446743e-06
0,0.9638161
1,1.0
1,1.0
1,0.9999999
0,0.9999989
0,0.39281943
0,0.9996488
0,0.99829936
0,0.059533402
1,0.56395376
1,0.99938464
1,0.99884635
1,0.97240186
1,0.99997455
1,0.9999954
1,0.99999684
1,0.9889831
1,0.9999843
1,0.99797314
1,0.9997304
1,0.99993473
1,0.9995027
1,0.99998957
1,0.9999989
1,0.9999985
1,0.9999958
1,0.9999985
1,0.99997675
0,0.05291304
1,0.035729654
0,0.90493065
1,0.00036591743
1,4.8026686e-07
0,0.0012228837
1,0.99888587
1,6.410968e-06
1,2.0115328e-06
1,5.0962088e-05
0,0.0014347485
1,3.408153e-07
0,0.009943078
1,0.9999031
1,0.9996156
0,2.8646951e-05
0,5.7472413e-08
0,2.1198152e-06
1,2.1744322e-08
0,6.1409874e-06
1,0.99972427
1,0.999425
1,0.9999907
1,0.00021740321
1,3.045963e-07
0,0.00017214032
1,0.011493308
0,0.049949408
1,0.71484554
1,0.0019769336
1,1.00799875e-08
0,8.389494e-07
0,3.9245573e-05
0,0.57528627
1,0.9995955
1,7.041685e-05
0,1.5875844e-06
1,0.7380617
1,0.99999946
0,5.201208e-06
1,0.99999994
1,0.99999857
0,0.0021789933
0,0.53412926
0,1.2789483e-08
0,8.984021e-08
0,0.004593981
0,6.957537e-06
0,7.3997164e-08
0,1.1303478e-07
0,2.1776375e-06
0,9.567339e-05
0,2.5560349e-08
1,0.9999517
0,1.161423e-07
0,2.7835767e-08
0,6.5894164e-05
1,0.9999853
0,7.9463925e-06
1,0.9999877
1,0.99999595
0,2.7639175e-08
1,0.9999917
1,0.9983769
1,0.99999803
0,0.023706434
0,4.160611e-05
0,0.025562203
0,0.028523147
0,0.0058066715
1,0.22612578
1,0.99990535
0,1.8097907e-06
0,3.4651734e-06
1,0.9996363
0,0.0035858727
1,1.2727573e-06
0,0.16354167
1,0.9998862
0,0.00043302303
0,0.014850201
0,0.9921249
0,3.87245e-08
1,0.99999976
1,0.99999994
1,0.9999738
0,1.4294345e-07
0,7.5339804e-06
0,2.6015616e-05
0,0.016944205
0,1.1513789e-06
0,0.00011553014
0,0.0010057717
0,2.6312267e-07
1,0.00043329885
1,8.665892e-06
0,1.0859618e-05
0,0.9977657
0,0.0034938578
0,0.9899532
0,1.0
1,0.9999894
1,0.9994585
0,1.8713677e-05
0,0.0004330791
0,6.0415294e-07
1,0.001384705
1,0.017792251
0,4.136762e-05
1,0.9999854
0,0.6788777
1,0.99994004
1,0.99998564
1,0.99998325
0,0.9954615
0,2.021732e-08
0,1.00803156e-07
0,1.7112384e-07
0,7.789466e-08
0,2.8954393e-08
0,5.7196832e-08
0,2.9761678e-09
0,0.99983
0,0.00119675
0,0.931423
0,0.000943248
0,0.005717953
1,0.9999698
0,0.0018515253
0,1.2642058e-06
1,0.99743015
0,0.0011617223
1,0.99827576
0,8.676417e-07
0,1.721805e-06
0,0.00018905544
0,0.037021186
1,0.9997157
1,0.9998975
0,3.2601292e-06
0,1.128854e-05
0,0.0006498184
1,2.633823e-06
1,3.843162e-05
0,3.4280383e-05
0,1.551488e-08
0,0.00034035472
0,6.4867044e-07
0,3.2515247e-05
0,8.697706e-05
0,0.00020118305
0,2.1384785e-05
0,1.00642744e-07
0,2.3896948e-05
0,4.2528227e-05
0,6.7011584e-08
0,1.2116648e-06
0,0.0018292903
0,0.0013196788
0,0.000120576035
0,0.9409831
0,0.97106385
0,9.352027e-05
1,0.9999718
0,0.00024458423
1,0.9999978
0,0.73441344
1,0.09065065
0,0.99884915
0,4.6205323e-06
0,0.9988225
0,2.5857983e-06
1,0.9999998
1,0.9999997
0,1.4258119e-05
1,0.9999997
1,1.0
0,8.288999e-06
0,1.6434619e-08
1,0.98064584
0,3.4862136e-05
0,0.0025810602
1,0.99999946
1,0.9999952
0,1.961667e-06
1,0.99190325
0,0.002491207
0,2.1463356e-06
0,2.875621e-06
0,0.98708063
0,0.01553739
0,0.64437884
1,0.9992086
0,0.0003414532
0,9.3134173e-07
0,2.7714063e-07
0,0.0001831859
1,0.99999744
1,0.9998411
1,4.8249152e-08
0,2.684052e-07
0,2.0369555e-07
0,1.7728723e-08
0,3.5213668e-07
0,5.2701408e-09
0,5.0182566e-06
1,0.99999994
0,0.9999997
1,0.0076135034
0,4.7134208e-07
1,0.9999998
1,1.0
1,0.9993708
1,0.9998487
0,0.9997415
1,0.004511289
0,0.003108973
0,9.982298e-05
0,0.0579242
0,0.8988185
0,0.9998058
0,0.9987283
1,0.94634545
0,0.9999457
0,0.93643576
1,0.31460825
0,0.9988301
0,0.99796283
0,0.5587731
1,0.00018975216
0,3.138877e-05
0,1.3129198e-05
1,1.2727776e-07
1,0.01016651
0,0.8765793
0,0.0009661576
1,0.04879183
0,5.849079e-09
0,2.898208e-07
0,0.00030988705
1,0.98569477
0,9.8041895e-08
1,0.998022
0,0.0010982192
1,1.0
0,0.0016709728
0,0.00055066275
1,0.99998456
1,0.99999934
1,0.9999988
1,0.9999651
0,1.6641054e-05
1,0.99999994
0,1.0390386e-07
0,0.0012578431
1,0.99930173
1,0.9999945
0,0.98057675
0,3.5699093e-06
0,0.9969833
0,0.001452991
1,0.99998814
1,0.99997276
0,1.468902e-06
0,0.99962914
1,0.37552556
0,5.6039744e-07
0,1.5344285e-05
0,0.99997896
1,0.99985945
1,0.9999998
1,0.9880139
1,0.99999964
0,0.004005643
0,0.001175991
1,0.0017354202
1,0.0076619075
1,0.94127005
1,0.99723476
0,0.00040277463
1,0.97859275
0,0.00023861793
0,6.711611e-05
1,0.74753964
0,1.1842515e-06
0,8.011092e-07
0,8.1462275e-08
0,0.016528836
0,0.11260792
1,0.9952211
1,0.98657376
0,0.43790776
1,0.9850578
1,0.94278264
0,0.0010169492
1,0.99997026
1,0.0012800475
0,0.8141443
0,0.49968696
0,0.9999998
1,0.9999998
0,0.00022533703
0,0.013525128
1,0.9999998
0,9.98477e-07
0,1.0628341e-05
1,0.9940843
1,0.999225
1,0.0022386175
1,7.7682496e-05
1,1.0
1,1.0
0,0.98950136
0,0.0004022499
0,0.9723608
0,0.0003222623
0,8.437849e-06
0,0.9882516
0,5.5446145e-09
0,2.4579506e-08
0,0.00054187136
0,0.00026181262
0,1.8575807e-05
1,0.99761325
1,0.0047687227
1,0.99991155
1,0.39655828
1,0.9980299
1,0.99999994
1,0.9999916
1,0.070823684
1,0.9999993
0,5.041241e-09
1,0.00028487813
1,1.7689771e-07
1,0.99999994
0,1.4886573e-05
0,0.0034217557
0,0.99838233
0,0.76562226
0,2.0392588e-07
0,4.5318507e-06
1,0.0698293
1,0.9999999
1,0.9999999
1,1.0
0,0.0013054078
0,2.105177e-06
1,1.0
0,1.2103811e-07
0,0.7439327
1,0.004829192
1,0.9999998
1,0.9999952
0,8.751386e-08
0,0.00012893148
0,4.096306e-08
0,0.07562525
1,1.0
0,0.00013914709
1,0.9999999
0,1.8656551e-06
1,1.5699861e-05
0,5.982069e-08
1,0.00023087647
1,3.179838e-06
1,3.1614527e-05
0,8.878454e-05
0,0.00015818716
0,4.73088e-06
0,0.0009333828
0,2.9418907e-05
0,4.21203e-05
0,0.00042950336
0,9.342157e-06
0,4.3586435e-05
0,0.0013038995
0,0.0011813499
1,0.9997631
1,1.0
0,0.0014089704
0,4.8018865e-05
1,0.9098661
0,7.3007344e-05
1,0.99990946
1,0.88294846
1,0.27802566
1,0.0010785824
0,0.16890693
0,0.9999822
1,0.9955357
1,0.99999994
0,0.00015137932
1,0.9841178
0,0.00010063931
0,0.09943948
1,0.9999871
1,0.9999999
0,0.9988878
0,2.8188023e-07
1,0.029281022
0,0.9997238
1,0.99955136
1,0.99993855
1,0.9999994
1,0.9999996
1,0.9999956
1,0.999999
1,0.9952637
1,0.99999976
0,2.4177543e-05
1,0.9999763
0,0.0014946188
1,0.9999998
0,0.0013689818
0,1.3958219e-05
0,3.133303e-08
0,4.0111718e-06
0,2.9902612e-05
0,0.0031589682
1,1.0
1,7.348281e-07
0,0.230789
0,0.016782356
0,0.039021675
0,0.9377694
0,0.0030165396
1,0.00074438716
1,0.19201411
1,1.2102039e-06
1,1.8431567e-06
1,8.443637e-06
0,0.001974383
1,0.9999996
1,0.9993916
1,0.9999952
1,0.9999238
1,0.9988345
1,0.99999887
1,0.45638165
1,0.99999994
0,8.093374e-06
1,0.9999988
1,0.67946196
1,0.010181753
1,9.6860145e-05
0,5.94029e-07
1,5.6862573e-06
0,0.007405551
1,0.9849447
1,0.98673636
1,0.99999994
1,0.28079867
1,0.9989969
1,0.009782305
0,5.0970837e-05
1,0.99999994
0,1.2888293e-08
0,1.4615823e-07
1,0.9999988
1,0.99402255
1,0.40817875
1,0.9999977
1,0.98969233
1,0.99276006
1,0.9730705
1,0.40770593
0,0.25279436
1,0.99996704
1,0.99999964
1,0.9999995
0,0.00020008117
1,0.99999887
1,0.99999994
1,0.9999998
0,2.9904722e-05
0,0.9999908
0,0.77047443
1,9.3353745e-05
1,0.0089558605
0,8.8410746e-07
0,9.0593e-06
0,1.6142242e-07
0,8.6678074e-07
0,0.97512317
1,0.9999962
0,6.6642465e-06
0,8.1335544e-05
1,1.0
1,0.99999654
0,4.3226983e-06
1,0.99999934
1,0.024175592
1,0.9999995
1,0.9999989
1,0.37072203
0,1.5657877e-05
1,0.0096528195
1,1.6724118e-05
1,0.9999977
1,0.99982136
1,0.010768676
1,0.9999998
1,4.2428127e-07
0,0.9998948
0,0.0019450263
0,0.0017406845
1,0.028925171
0,0.00014156163
0,2.2644192e-06
1,0.999842
1,0.99993724
1,0.9903193
1,0.99999994
1,0.9999999
1,0.0247252
0,0.9999995
0,0.99948984
0,0.9999825
0,9.2688214e-07
0,1.2564841e-07
0,1.922782e-06
1,0.017939692
1,0.99871063
1,0.9993296
0,9.533438e-06
1,0.9997617
0,0.00015978848
0,0.0034454928
1,0.99689054
1,0.98786926
1,0.018895213
1,0.99999994
1,1.0
1,0.9999828
1,1.0
1,0.9999999
1,0.0042036423
0,1.0149785e-06
1,0.99999654
0,0.9999261
1,0.9999487
0,1.9326305e-06
0,3.4129003e-05
0,0.0002618481
1,0.13482986
0,6.91943e-06
1,0.99999946
1,1.0
0,1.0130262e-05
1,0.9999628
1,0.9999986
0,9.7401426e-05
1,0.9999997
1,3.6824713e-06
1,7.2740943e-07
1,0.99999994
0,0.99999964
1,1.0
1,0.9762213
0,0.0007622874
1,0.9874643
1,0.99365145
0,0.99463
0,0.48171574
0,0.0017446014
0,0.7616977
0,0.8123378
0,0.0010905181
1,0.9910577
1,0.9910577
1,0.9999663
0,0.9999999
0,0.00010295818
0,4.2820015e-05
1,0.99999696
1,0.00016961685
1,0.056378525
0,2.1267698e-07
1,0.99972856
0,0.0011866076
0,0.0010330816
1,9.512278e-06
1,0.9999988
1,0.9999933
1,0.00023525086
0,0.006819809
0,0.81820387
0,0.9478167
1,0.9999941
1,0.9999903
1,0.49766564
1,0.61115617
0,0.99908805
0,0.983941
0,0.983941
0,0.93136024
1,0.8827667
0,0.72768664
0,7.3251493e-07
1,0.9966541
1,0.8494332
0,6.881328e-07
0,0.003855505
0,2.2172503e-06
1,0.9996423
0,1.5153013e-06
0,2.4960674e-08
0,2.4816826e-09
1,0.9999991
1,0.9994498
1,0.99998355
0,3.0207916e-06
0,9.9973106e-05
1,0.98715323
0,0.30098355
1,0.007993562
0,1.7038343e-05
0,3.9472317e-05
1,0.9978974
1,0.9999956
1,0.9998835
0,0.00031268498
0,0.3788749
0,0.9999497
0,3.36375e-07
0,5.5781893e-08
0,1.2817658e-07
0,4.415145e-06
1,0.0008536103
1,0.99999845
0,2.6830388e-05
0,1.1302566e-06
0,2.7230424e-05
1,0.9999869
1,0.9999928
1,0.99999523
1,0.99971753
0,0.000701533
1,0.9996295
1,0.99999976
0,0.9999961
1,0.99998313
1,0.99999183
1,1.0
0,6.9283838e-06
1,0.99999994
1,1.0
0,0.99998236
0,0.975377
0,3.7878567e-07
0,1.4152106e-08
0,3.42455e-08
1,2.0531232e-08
0,3.5110787e-07
1,0.98618066
0,1.5040197e-06
1,0.9999876
0,1.3231211e-05
0,0.00040381536
1,0.9999999
1,0.99987936
1,0.97068053
1,0.9999312
0,0.0003502516
0,8.174083e-09
1,0.99999994
1,7.5615935e-05
0,1.544349e-08
0,0.0028517803
0,1.0510635e-06
1,0.87935483
0,6.4581945e-06
0,4.4620037e-06
1,0.99996877
0,5.9862236e-06
1,0.9999489
1,0.00053432316
0,0.0010606874
1,0.0007401814
1,0.9995077
0,6.2050583e-07
0,3.0912302e-06
0,0.00023134009
1,5.851531e-06
1,0.0010324473
1,0.9999993
1,0.9999864
0,1.5282423e-06
1,1.2154372e-07
0,0.00013700184
0,0.0003831955
0,5.0075573e-06
1,0.99982256
1,0.99999994
1,0.8823273
1,4.6917553e-06
0,0.9976397
1,0.87690353
0,0.97010523
1,0.9999933
1,0.99999994
1,0.99999815
1,0.9983306
1,1.0
1,0.9627011
1,0.9999996
1,0.9999998
1,0.9999996
1,0.9999993
1,0.99999994
1,0.999976
1,0.0019059351
1,0.99989426
1,0.9999992
1,0.9999999
1,5.4947322e-06
0,1.5888904e-07
0,0.9938304
1,0.99999964
1,0.999992
0,0.8412733
1,1.9361176e-05
0,4.0876297e-05
1,0.006736749
0,8.4923485e-08
1,0.9999999
0,5.13444e-08
0,1.0363948e-06
1,0.72038305
0,3.981298e-07
0,6.37519e-07
0,5.507325e-07
1,0.99999887
0,0.00014023946
0,0.99860585
0,6.184308e-06
0,0.06968864
0,0.9819665
0,0.99923897
1,0.18778951
1,0.98797
1,0.9995088
0,0.0014922852
0,0.0006164749
0,0.9998782
1,0.99977976
1,0.9977203
0,0.997556
1,0.00815272
0,1.9829687e-07
0,0.00018843885
0,9.4874544e-05
0,6.957734e-05
0,5.282356e-07
0,4.9654805e-06
0,3.864367e-07
0,1.762048e-06
0,0.77495104
0,1.5518437e-05
0,4.8995226e-08
0,1.0826951e-05
0,4.1436746e-08
0,7.1062386e-06
0,0.00015646977
0,0.0006741382
0,1.340516e-07
0,5.2547293e-06
1,0.9993799
1,3.4555208e-06
1,6.7481642e-09
0,6.557773e-08
0,5.110015e-08
1,0.999994
0,8.8329335e-07
0,0.88372326
1,0.9999289
1,0.9999247
1,0.9991306
1,0.99985015
1,1.0
1,0.9999987
1,0.99694306
1,0.99999666
1,0.99536085
1,0.99999505
0,0.020837428
0,0.23315845
0,1.8657152e-05
1,0.00025460898
1,0.00073485053
1,0.00030027062
0,4.195241e-05
1,0.9965989
1,0.9999999
1,1.0
1,1.0
1,0.9979701
0,9.514425e-08
0,0.00024430666
0,0.9525391
1,0.9999986
1,0.9799892
0,0.9998939
1,5.161358e-06
0,0.0043173986
0,0.00017492987
0,1.37233665e-05
0,2.6418328e-09
1,0.9999962
1,0.0045602396
1,0.8014875
0,1.5709243e-06
0,0.86992663
0,5.8798756e-05
0,1.7785142e-07
0,2.439215e-06
0,4.7741636e-08
1,0.9999988
0,0.25132903
1,0.9999088
1,0.9988659
0,0.99994713
1,0.99981487
0,0.0033969108
1,0.00078792794
1,0.99947345
0,1.6439766e-05
1,0.999965
1,0.9971079
1,0.0021452336
0,0.6928768
0,2.7125355e-07
1,0.9999846
0,0.75524116
1,0.99999994
1,1.0
1,1.0
1,0.99999994
1,1.0
1,1.0
0,0.00042196165
1,1.0
1,1.0
1,0.99999994
1,0.9999991
1,0.9999994
1,0.99999905
1,0.9999938
1,0.99999815
1,0.9999997
1,0.9999974
0,1.0
0,8.026097e-06
1,0.9999969
1,0.2921176
1,0.9999945
0,9.635508e-06
0,5.0104954e-06
0,8.689144e-07
1,0.98694885
1,0.99990153
1,0.99999887
0,1.1575709e-06
0,0.99988073
1,0.98779935
1,4.9350174e-06
1,3.7521984e-06
1,0.9999885
1,0.9999858
1,0.0004982969
1,0.9999998
1,0.9999998
0,6.98283e-08
0,0.00030746448
1,0.9999351
1,0.9999899
0,5.050708e-06
1,0.9706951
1,0.99937606
1,0.1838916
1,0.02201302
0,7.8777657e-07
1,4.765519e-05
0,2.3797018e-06
0,7.112578e-06
0,8.663659e-07
0,0.50564027
0,0.9999971
0,6.7959154e-05
0,0.00013504285
1,1.6133098e-09
0,3.799258e-09
1,5.0761605e-06
0,0.9999998
0,3.6764916e-07
0,5.1075494e-06
1,0.9922493
1,0.99730164
1,0.9997311
1,0.9963355
1,0.9668481
1,0.99999917
1,0.9999999
0,0.9560993
0,0.9991204
0,0.99999607
0,0.000537472
1,0.9999577
1,0.99999964
1,0.9999992
1,0.9999995
1,0.99999994
1,0.9999819
1,0.006274554
0,2.1036321e-08
0,1.1940257e-06
0,0.0054539256
0,2.0324285e-07
0,0.0001865857
0,1.5922317e-06
0,0.60397995
0,2.8447543e-08
1,1.0
1,1.0
1,1.0
0,0.0011167979
1,0.9999926
0,0.99999994
0,4.1480776e-06
1,0.27835974
0,0.99999994
0,0.00014118312
0,2.2070606e-06
0,3.9435712e-09
1,0.99999994
1,0.0026777813
0,0.98841757
0,0.055405468
0,0.04472396
1,0.9991986
1,0.99887836
1,0.99999946
1,1.0
1,1.0
1,0.99999994
1,1.0
1,1.0
1,0.004910275
0,0.30403364
0,0.99423283
1,0.99999696
1,0.99998814
1,0.99999857
1,1.0
1,1.0
1,1.0
1,1.0
1,1.0
1,1.0
1,1.0
1,1.0
1,0.5996828
0,6.561877e-05
1,0.00033358685
0,2.7837467e-08
1,1.8996301e-05
0,0.99970436
1,0.9998968
0,0.996099
1,0.9999233
0,0.00013252294
1,0.99997395
1,0.9999987
1,0.9999361
1,0.99503595
1,0.018208517
0,4.6326033e-07
0,0.057126462
0,3.751923e-05
0,6.1208564e-05
0,0.00033316252
1,0.020674942
0,0.009223835
1,0.42672646
1,0.9995979
1,0.988831
1,0.96912247
1,0.029578334
1,0.011403586
0,0.99896246
1,0.99998033
0,4.6766513e-07
0,0.004289055
1,1.9627919e-07
1,1.0
1,1.0
1,1.0
1,1.0
1,1.0
1,1.0
1,0.9999999
0,2.3172912e-05
1,6.3649923e-06
1,1.6241218e-06
1,0.9999999
1,3.9442137e-05
0,0.053359352
0,0.0107331835
0,0.32105577
0,0.35932228
1,7.904807e-05
0,1.313719e-05
0,2.91875e-06
0,0.31901503
0,0.9999679
0,1.055517e-05
1,0.99999964
0,2.3323671e-05
1,0.9999999
1,0.99958277
1,0.00017488602
0,0.91643995
1,0.9999999
0,4.2924385e-06
0,0.00010812119
0,0.30713135
1,0.99999964
1,0.99999917
0,3.0203805e-07
1,0.99799
0,1.1500379e-06
0,0.00086612784
1,0.99999994
1,0.9999978
0,0.9996941
1,0.9992975
1,0.99999964
0,9.898665e-05
0,0.99981946
1,0.8054584
0,0.00197996
1,0.99999905
1,0.99999565
0,8.695745e-06
1,0.002648985
0,5.953987e-07
1,0.9999707
0,0.001038913
0,0.0015185038
1,1.0
0,0.9999424
0,6.898835e-05
0,0.9999981
1,0.99993825
1,0.9999816
0,2.9317312e-07
0,1.800244e-07
0,1.168574e-06
0,1.6338884e-08
0,7.152877e-07
0,1.2949104e-06
1,0.8621714
1,0.9996259
1,0.999977
1,0.99999654
1,0.9945404
0,0.9899457
0,0.9999471
0,0.98715603
0,0.0005335018
0,0.99210125
0,0.01606393
0,0.07734134
1,0.12906593
1,0.9702793
1,0.9187286
1,0.9995016
1,0.99567765
1,0.97798765
1,0.9975631
0,0.20699252
0,0.99957997
1,3.84418e-06
0,2.3100449e-07
0,1.8259067e-05
0,0.9999988
1,0.9992836
1,0.99983984
0,5.0970255e-07
0,7.049171e-07
0,0.9997023
0,0.031438038
1,0.033992436
1,0.99999994
1,0.9999202
1,0.99930567
1,0.9999707
1,0.99998444
1,0.99792045
1,0.9969714
1,0.76779336
1,0.23405623
1,0.9947815
1,0.22286953
1,0.09275604
1,0.10297515
1,0.99986345
1,1.0
1,1.0
1,1.0
1,1.0
0,3.358631e-07
0,0.99333864
0,0.0010032669
0,9.107594e-06
1,0.99977624
1,1.0
0,6.838751e-08
0,1.5031006e-06
0,0.046109516
0,0.9904846
0,0.7656978
1,0.99103904
1,0.9999998
1,0.9679988
1,0.9999998
0,6.924434e-05
1,0.9999999
1,0.9841007
1,0.9905774
1,1.0
0,4.2329124e-05
1,0.99998164
0,0.9671775
0,0.13047367
1,0.0014887177
1,0.99999964
0,0.06755114
0,4.279788e-06
0,4.7325047e-06
0,0.0009032113
1,0.0005664638
0,0.00039657613
1,0.7299617
0,2.7277265e-06
0,0.351787
0,0.00010101563
1,0.99999845
1,0.9998521
0,5.051599e-06
0,0.01074459
1,0.98587143
0,9.547572e-05
1,0.983017
0,9.687749e-08
1,0.82958615
1,0.99998456
1,0.9999984
1,0.9999955
1,0.9999895
1,0.99995834
1,0.9999975
1,0.99998915
1,0.9999838
1,0.999993
1,0.9999999
1,0.99995196
1,0.9996432
1,0.0020294664
1,2.941481e-05
0,8.3581574e-07
0,4.0519726e-06
1,0.99931973
0,0.075008765
0,4.961504e-06
1,0.00048679614
1,0.9980664
0,0.52647424
0,0.017028715
0,2.0444209e-07
0,2.646952e-06
1,0.80984086
0,2.0912083e-05
1,0.99997973
1,0.9998121
1,6.7493056e-05
1,0.0001477646
0,0.0011690251
0,0.0006132229
0,1.2817089e-06
0,2.309594e-06
1,0.0009140253
0,0.99999905
1,0.99844253
1,0.9999996
0,0.00025909822
1,0.99999684
1,0.9999929
0,7.961449e-07
1,0.9701257
0,0.9998548
0,0.814714
0,0.0011899626
0,0.0013451359
1,0.9999355
0,0.0089348
0,7.158395e-09
0,0.016256506
0,2.3770592e-06
0,1.4946676e-05
0,6.6364095e-07
1,0.9999682
1,0.99999994
0,6.530969e-06
0,0.9998459
0,0.76085657
1,0.00038247544
0,0.9999972
0,0.9999984
0,0.9999751
1,1.0
1,0.95786124
0,0.99999845
0,0.9999962
0,0.99999815
1,0.9999998
1,0.9999993
1,0.9999995
1,0.99998736
1,4.75824e-05
0,0.0026948086
1,0.99688447
1,0.0009170758
1,0.0010350883
1,2.2224751e-06
1,0.00018781192
0,0.00059548626
0,5.1526316e-05
0,0.00031946728
0,0.00037826813
0,1.2122052e-07
0,1.1924284e-05
0,1.5035737e-07
0,3.495972e-08
0,0.1839867
0,1.6558482e-05
0,3.869297e-05
0,3.0014544e-06
0,9.868623e-07
0,9.0205875e-05
0,0.0001133075
0,0.40665728
1,0.9996457
0,0.9993689
0,0.00045549386
1,0.9999999
0,0.002746642
1,0.3055939
1,0.024011645
0,0.9999812
0,0.09630043
0,0.00011761521
0,0.00027909968
0,6.967219e-07
0,2.6954456e-08
0,1.6706797e-07
1,0.9999982
1,0.99999726
1,0.9642338
1,1.2508433e-05
0,1.8658709e-07
1,2.29626e-07
1,0.99999994
1,0.999999
1,0.99992967
1,0.9999997
1,0.9999996
0,0.5113938
1,3.385983e-08
0,7.878986e-08
1,0.9999996
1,0.9998365
0,1.9361705e-06
0,1.0054247e-06
0,3.5613638e-07
0,3.6404813e-08
0,2.502523e-06
1,0.99999756
1,0.9999999
0,3.5787345e-06
0,8.874273e-07
1,0.99903864
0,2.3642546e-05
0,0.9999116
0,0.986667
1,0.0037388767
1,4.876743e-05
1,1.8702778e-05
0,0.9999812
0,0.00045665252
1,0.8736885
1,1.0
0,9.145886e-05
0,1.801823e-05
0,0.013842504
1,0.46656373
0,3.2818873e-06
1,0.9999964
1,0.99896055
0,0.99240303
0,0.0003371482
0,0.0019947893
1,0.9999968
0,7.566728e-05
0,0.0001989436
0,0.8664891
0,6.7423257e-06
0,0.1965391
1,0.15660419
0,1.1467544e-05
0,0.021468576
1,3.2769916e-05
1,0.99995536
1,7.731682e-05
1,0.9998992
0,3.0111744e-07
1,0.9996145
1,0.9999541
1,0.9977661
1,0.99999785
0,1.158105e-09
1,1.1404767e-06
1,3.380966e-07
1,0.9893765
0,3.425662e-06
0,0.99566126
0,4.0144872e-07
1,0.0002654623
1,1.0
1,1.0
1,1.0
1,1.0
0,0.99986225
0,0.0029663977
1,0.019138496
0,0.12782314
0,1.903794e-05
0,0.29523194
1,4.0036273e-05
0,7.602133e-06
0,1.0060271e-06
1,9.192287e-05
0,4.74876e-09
0,1.5864117e-07
0,0.99996746
1,0.9999999
1,0.9999992
1,0.99999875
1,0.99999875
1,0.9999999
1,0.99999976
0,0.00087991
0,2.7749744e-05
0,0.22967379
0,2.8905872e-05
0,0.83022195
1,1.0
0,0.9999923
0,4.306938e-06
0,3.739203e-05
0,3.0409667e-05
1,1.0
1,0.99999994
1,0.99999976
1,1.0
1,1.0
0,0.07356224
1,0.026884587
0,3.870615e-05
1,0.9999993
0,7.670137e-05
0,1.3940166e-05
1,0.17269307
0,0.99997616
0,5.3659263e-05
1,0.9999939
0,8.443744e-09
0,2.709841e-06
0,0.0012020452
1,0.99999917
0,0.00012553834
1,0.9999073
0,2.6831873e-05
1,0.9999901
0,0.0022207503
0,0.0005726603
0,7.484687e-05
0,4.0673014e-05
1,1.1597508e-05
1,0.99993753
1,0.9999997
1,0.99999774
1,1.20820205e-05
1,0.99999994
1,0.9999976
1,0.9999566
1,0.99999994
0,0.9999892
0,0.00034044753
0,5.085732e-05
1,0.999998
1,0.0019874591
1,0.23476695
0,0.7059361
1,0.99999994
1,0.9999092
1,1.0
1,0.9999999
1,0.99999994
1,0.99999994
1,0.99999964
1,0.99999994
1,1.0
1,1.0
1,0.9999092
1,0.9999092
1,1.0
1,0.9999998
1,0.99999946
1,1.0
1,0.99999994
1,1.0
1,0.9999779
1,0.99999946
1,3.2131942e-05
1,1.0
1,1.0
1,0.99999994
1,1.0
1,0.99999964
1,0.99999356
1,0.99999994
1,0.99999994
1,0.13757181
1,0.9999888
1,3.3921644e-06
0,0.00066219806
1,0.99977493
0,1.0
1,0.99999887
0,7.37325e-07
0,0.0004901206
0,0.00035992244
1,2.5293784e-05
0,0.00020588428
0,1.0523681e-05
0,0.9999636
0,2.9993974e-08
0,2.739769e-06
1,3.0647075e-07
1,1.0
1,0.0033894721
0,0.022859408
0,0.99763364
0,0.000985672
0,2.60306e-08
1,0.99999887
0,6.10415e-05
0,0.13300945
1,0.99973416
0,8.4509025e-05
1,0.99999994
1,0.95634466
1,0.00089669746
0,9.58442e-07
0,0.00757314
1,1.0
0,3.8880478e-07
1,0.99962157
1,0.98505396
1,0.9999999
1,0.999944
1,0.9994243
1,0.99988914
1,0.9962348
0,1.3318337e-06
1,0.9911885
1,0.47834814
0,0.998848
0,0.0118212
1,0.9999997
1,0.99961907
0,0.00019918711
0,2.0828409e-06
1,0.00012042609
0,7.7950164e-05
0,1.9894944e-07
0,0.0011489448
0,3.1644296e-07
1,3.1550917e-05
0,0.0002763781
1,0.99999493
1,6.1242633e-07
1,0.75488406
1,0.9999993
1,0.01340963
0,0.99999076
0,0.5537383
1,0.9999998
0,9.5871575e-05
1,0.9999995
1,0.22063605
0,0.018872198
0,7.84116e-06
0,8.277735e-06
1,0.9999996
1,0.99999994
1,1.4421244e-08
1,8.0768075e-08
1,0.99993163
0,0.00012107491
1,0.99999976
1,0.99999875
1,4.6529844e-06
0,0.0027096765
0,3.0756968e-05
1,0.97254866
0,1.386806e-08
1,0.99999565
1,2.4603441e-06
0,6.845726e-07
1,0.9951346
0,1.3447211e-05
1,0.99997765
0,4.3703946e-07
0,2.0811592e-06
0,0.0015172312
0,0.013808527
0,0.9958052
1,0.9984245
1,0.89957774
1,0.00037272263
0,0.9985335
0,0.0012083978
0,0.0031107676
0,0.00018133184
1,0.99999565
1,0.9999999
0,0.00019273092
0,0.9999903
1,3.1436132e-06
1,0.9999993
1,0.9999993
0,3.563069e-05
0,2.757056e-05
0,2.746711e-05
0,8.9497085e-09
0,1.1547925e-08
0,0.99978757
1,0.9999932
1,0.9999468
1,1.0322863e-06
0,0.0067766253
0,0.10587455
0,0.95822686
1,0.99931085
1,0.99190336
1,0.7925577
1,0.07388696
0,6.437065e-07
0,7.3177875e-06
1,0.0045608156
1,3.2031267e-07
0,2.3355791e-05
0,9.71279e-07
0,0.009359864
0,6.877539e-05
0,0.000100712554
1,6.8600066e-08
1,0.00014258295
0,2.4300009e-05
1,4.0775e-07
1,0.98495096
1,0.99999976
1,0.9999987
1,0.9927139
0,0.0050947047
0,0.9990717
1,0.9999984
1,0.9935017
0,1.9865853e-05
1,1.0
0,1.4358464e-07
0,0.001272512
0,0.0021790513
1,0.9999896
1,1.0
0,0.0014969192
1,0.9990323
0,0.0005472283
1,1.0
1,0.9998073
1,0.9998073
1,0.99878937
1,0.99999243
1,0.9999912
1,0.9979505
1,0.99994135
1,1.0
1,1.0
0,1.0949778e-06
1,0.99999744
0,0.44313642
1,0.99889624
0,1.3753816e-05
1,0.9999999
1,0.9845968
0,0.005558737
1,1.0
0,0.0005039028
0,2.3732238e-07
0,0.9923213
1,4.45693e-06
0,9.26518e-07
0,3.48408e-05
0,7.190172e-07
0,1.7809556e-08
0,6.0384934e-07
0,2.5718517e-05
0,0.99425685
0,0.22923732
1,0.9999992
1,0.9999987
0,0.7069673
0,0.9993351
0,0.9999541
0,0.99999845
1,0.99999964
1,0.9999994
0,0.34593526
1,0.99999523
1,0.99974394
1,0.9997747
1,0.99998045
0,2.247984e-07
0,0.999573
0,0.00083942304
1,0.60208404
0,8.7760636e-05
0,0.00016583422
1,0.016483543
1,0.99999976
0,7.642558e-06
0,0.00079338235
1,0.99469686
0,0.086044334
1,0.6568266
0,0.99999905
0,1.0608069e-05
0,0.99978745
0,0.00020781529
0,6.542377e-06
0,0.7538847
0,0.9997848
0,7.445406e-05
1,8.513606e-05
1,0.0029239254
1,0.9999664
0,4.238547e-05
0,0.17743343
0,1.1740101e-05
1,0.0001661481
1,0.0077987313
1,0.9999611
0,2.0058907e-05
1,0.00051006925
0,0.0001314988
0,1.0
0,1.7105389e-05
1,3.290598e-05
1,0.9999437
0,0.0005382287
0,0.0006733006
0,9.497307e-09
0,0.017830458
0,6.79093e-07
0,6.1252135e-06
1,0.9999971
1,4.3114874e-06
0,0.00010939012
0,1.9091967e-06
1,0.9999976
1,0.9923626
1,0.99993706
0,0.98586684
0,0.94111335
0,7.1737674e-07
0,1.34642905e-05
0,5.101271e-05
0,3.8214203e-05
1,3.1810917e-08
0,6.1879064e-06
1,0.9999788
1,0.99991304
1,0.99920154
1,1.0
0,0.0006163178
0,0.99994284
0,0.00025519784
1,0.99994797
1,0.99999446
1,0.0011510925
0,3.5908044e-05
0,0.00020681156
0,1.4319919e-05
0,6.4702246e-05
1,0.0002334958
1,0.12422169
1,0.999914
1,0.9999881
0,1.1739989e-05
1,0.99999875
1,0.99999964
0,3.5609963e-05
1,0.9993475
0,7.3899566e-05
1,0.0040689087
0,1.1806942e-07
0,1.7580028e-06
0,0.99903834
1,0.9999894
1,0.9999702
1,0.99998236
0,3.9430364e-05
0,9.4039024e-08
0,0.030070083
1,0.8725681
0,3.9782654e-07
1,0.999999
1,0.8365169
1,0.99685776
1,0.0007053461
1,0.9999964
1,1.0
1,0.9763972
1,0.04432565
0,0.9999998
1,0.99999636
1,0.99999845
0,0.0016747268
0,6.2797466e-07
0,1.4834937e-06
0,0.9955593
0,0.0066210357
0,0.001148866
1,0.99994093
1,0.999994
1,0.011980352
0,0.0019853543
0,1.0
0,0.00034601564
1,0.99996954
0,3.2486665e-07
0,0.9716591
0,1.0958954e-08
1,0.9998825
0,0.0032301391
1,0.99999577
0,1.2901781e-06
1,0.9997702
0,0.9966223
0,0.00746932
0,1.0346936e-07
1,0.00022979443
1,0.007586545
1,0.9977825
1,0.9988185
1,0.99999994
1,0.9999967
1,1.0
1,0.9999989
1,0.99999994
1,0.99999994
1,0.9999898
1,0.9999998
1,0.9999998
1,0.9999954
1,0.9999987
1,0.999952
1,1.0
1,0.9999976
1,0.9999965
1,0.99999994
1,0.9999985
1,0.9999998
1,0.9999986
1,0.99999785
1,0.99999994
0,0.000108532615
1,0.999999
1,0.9999998
1,0.90505534
0,5.1766455e-07
1,0.9999766
0,4.737115e-07
1,0.9998286
0,0.66888136
1,0.002208229
0,1.201338e-06
0,0.9984739
0,1.619867e-05
1,0.9999951
1,0.2334714
1,0.9999938
1,0.00031415722
0,0.99270016
0,0.00016758403
1,0.88852847
0,0.00023874013
0,0.00923327
0,2.5392714e-07
1,0.99999994
1,0.99083745
1,0.999761
1,0.7494759
1,0.9567003
1,0.9999881
1,0.9999385
1,0.99787086
0,1.04854095e-07
0,0.02143289
0,0.02129461
1,0.99999136
0,0.00016461186
1,0.6144004
0,0.06548905
0,0.98914564
1,2.7413212e-06
0,6.503379e-06
0,1.547499e-07
1,0.9999778
1,0.9999957
1,0.99999696
0,0.0013830931
1,0.99565023
1,0.0017206044
1,0.81709903
0,0.99839455
1,0.9853425
1,0.98139524
0,3.3322822e-06
1,0.94525623
0,0.0002280083
0,0.31226346
1,1.7398448e-05
0,1.1566259e-07
0,0.0002595962
0,0.027120307
0,2.4845735e-07
0,1.8489703e-07
0,5.704735e-08
1,8.561641e-06
0,5.5728947e-06
0,2.6679645e-05
0,0.9775038
1,0.80070746
0,8.044819e-10
1,1.0
1,0.99999833
1,0.0017449186
1,0.99999994
1,0.9999995
0,0.999204
0,1.961523e-06
1,0.0020697904
0,3.0169807e-07
0,0.0041805543
0,0.00639618
0,4.442141e-08
1,1.2855617e-05
0,1.3538467e-05
1,0.18865463
0,0.5738994
1,0.9998731
1,0.99999464
0,1.3557619e-06
1,0.9992353
0,2.3668666e-05
0,0.0038695328
0,0.9999163
1,0.99999994
1,1.0
1,0.9999999
1,0.99900144
0,0.0003486837
1,0.99999994
1,0.002376797
0,5.351171e-07
0,1.1725906e-06
1,0.9999621
1,0.9999999
1,2.3802988e-05
1,0.97270274
1,0.99984
1,0.9999998
1,0.99996746
1,0.017000131
1,5.7846937e-05
1,0.8262414
0,3.4166167e-08
0,4.543534e-05
0,0.00010853696
0,0.99998367
0,0.0007588115
1,5.1378393e-08
1,0.99999994
1,0.9939667
1,0.99979794
1,1.3078162e-05
1,0.0026737375
0,8.427581e-06
0,0.0008802475
0,0.99999917
1,1.1435098e-05
0,1.8380559e-05
0,0.01352605
1,0.99301964
0,1.1441695e-07
1,1.0
1,2.0215023e-06
0,0.961036
0,3.5631235e-06
1,0.99999994
1,0.999999
1,0.9999999
1,0.7737479
1,0.99999154
1,0.9911625
1,0.99877733
1,0.0004626274
1,0.99970555
1,0.9989674
1,0.87777054
1,0.8320043
1,0.99999976
1,1.0
1,1.0
1,0.9999997
1,0.9999984
1,0.9940469
1,7.820442e-05
1,0.88347006
1,0.972107
1,0.9998839
1,0.9967855
1,0.023521466
0,0.025343763
0,2.3072818e-07
0,3.3233252e-07
1,0.99999994
1,0.99999946
1,0.9999996
1,0.9999199
1,0.9999995
1,0.99989945
1,0.9999999
1,0.9999996
0,0.9999996
0,0.9999049
1,2.9034834e-06
1,0.99999774
1,0.0012108512
1,1.0
1,1.0
0,8.483551e-06
0,0.99989796
0,3.4685922e-06
1,0.98649704
0,0.013833041
0,3.0505895e-05
0,0.67953634
0,0.999974
0,0.10286238
1,0.22680292
1,1.0
1,0.99999994
0,7.8960916e-08
0,0.9744491
1,0.99999017
0,9.035874e-07
0,0.0014170747
1,0.99999523
