Accuracy,Balanced Accuracy,AUROC,AUPRC,MCC,Precision,Sensitivity,Specificity,F1,Model,Run,Seed
0.826035503,0.82432652,0.894999888,0.872406571,0.67381375,0.761638734,0.955607477,0.693045564,0.847668394,RF_ECFP,1,42
0.837869822,0.836193662,0.897227078,0.872553797,0.697512012,0.771962617,0.964953271,0.707434053,0.857736241,RF_ECFP,2,43
0.818934911,0.817317174,0.895394899,0.870417973,0.656600791,0.758945386,0.941588785,0.693045564,0.840458811,RF_ECFP,3,44
0.8,0.798379054,0.875016809,0.861458023,0.617413549,0.743879473,0.922897196,0.673860911,0.823774765,RF_ESTATE,1,42
0.79408284,0.79238385,0.87470024,0.860660529,0.607032095,0.736940299,0.922897196,0.661870504,0.819502075,RF_ESTATE,2,43
0.798816568,0.797180013,0.87249266,0.860587609,0.615334861,0.742481203,0.922897196,0.67146283,0.822916667,RF_ESTATE,3,44
0.759763314,0.758998409,0.836129227,0.831300076,0.521998598,0.736842105,0.817757009,0.700239808,0.775193798,RF_MACCS,1,42
0.750295858,0.749375266,0.837981017,0.833094454,0.504256105,0.72371134,0.820093458,0.678657074,0.768893757,RF_MACCS,2,43
0.753846154,0.752972388,0.843508371,0.834621486,0.510994466,0.728215768,0.820093458,0.685851319,0.771428571,RF_MACCS,3,44
0.759763314,0.758043098,0.861544409,0.857889937,0.536104749,0.709497207,0.890186916,0.625899281,0.789637306,RF_PHYCHEM,1,42
0.753846154,0.752109527,0.859482507,0.859493292,0.524141854,0.704460967,0.885514019,0.618705036,0.784679089,RF_PHYCHEM,2,43
0.749112426,0.747344181,0.859404066,0.856510502,0.514961552,0.7,0.88317757,0.611510791,0.780991736,RF_PHYCHEM,3,44
0.824852071,0.823004213,0.932481118,0.928600032,0.675454625,0.756410256,0.964953271,0.681055156,0.848049281,RF_RDKIT,1,42
0.817751479,0.815840785,0.929032475,0.926662538,0.662515077,0.749090909,0.962616822,0.669064748,0.842535787,RF_RDKIT,2,43
0.814201183,0.812336112,0.928657074,0.926460085,0.653642546,0.747714808,0.955607477,0.669064748,0.838974359,RF_RDKIT,3,44
