scaffold,mean_shap,coverage,priority,diversity_flag
O=c1cc(-c2ccccc2)oc2ccccc12,0.000275173,45,0.001053539,TRUE
O=c1ccc2ccccc2o1,0.000275879,41,0.001031145,TRUE
c1ccc2c(c1)[nH]c1cnccc12,0.000275838,30,0.000947224,TRUE
O=C1CC(c2ccccc2)Oc2ccccc21,0.000275866,21,0.000852714,TRUE
C1=C2C3CCCCC3CCC2C2CCC3CCCCC3C2C1,0.000275877,18,0.000812303,TRUE
O=c1cc(-c2ccccc2)oc2c1ccc1occc12,0.000275879,16,0.000781624,TRUE
O=c1c(-c2ccccc2)coc2ccccc12,0.000275879,14,0.000747094,TRUE
C1CCC2CCCCC2C1,0.000275879,11,0.000685534,TRUE
