y_true,y_prob
1,0.8955861870258434
0,0.13332621722663593
1,0.7245864306089645
0,0.144597672248659
1,0.928094130282375
1,0.9152350878020886
1,0.7008154581886712
0,0.36025195350394534
1,0.843851692726726
1,0.5422411127035817
1,0.6073985153666807
1,0.9003509713943332
0,0.11587088692740112
0,0.2658965737544777
0,0.37642628693785446
0,0.1282497856778792
0,0.29500376137607237
0,0.0462031256848784
1,0.9853443650153362
1,0.9815225240559889
1,0.9842044546596339
1,0.7123975114200628
1,0.978579797212061
1,0.978579797212061
1,0.7123975114200628
0,0.7427928431285943
1,0.9823343418013465
1,0.8577248609447083
1,0.7427928431285943
1,0.5905820082208453
1,0.7611144678952102
1,0.8038997252096697
1,0.8662257538468981
1,0.2142835294801974
1,0.6074338717634948
1,0.8497172538402658
0,0.23804076489348908
0,0.46618918628968103
0,0.4474051323914419
1,0.5849379316815251
0,0.2947168736301057
0,0.2281022258859223
1,0.9468242705365935
1,0.9306925318747681
1,0.9468242705365935
1,0.9468242705365935
1,0.9475317779980713
1,0.9405074763252376
1,0.9498896282593151
0,0.018897064359027837
0,0.2592665120783321
1,0.8342003072741068
1,0.9132633244759892
1,0.6251811695036765
0,0.6251811695036765
0,0.11115620576060965
0,0.07921526247904923
1,0.8812071427025926
1,0.9070183854873421
1,0.7693177514239216
1,0.8390391671056775
1,0.8161240292254618
0,0.18565714474019815
1,0.4543541687943354
1,0.8709887102152614
1,0.6973126758916391
1,0.547580172474302
0,0.20872067017102336
0,0.33480949928173565
1,0.817232765229782
0,0.22918088837058628
0,0.09867933175257491
0,0.11904709992203512
0,0.1441976261627902
1,0.6715873165123925
1,0.9164029431622196
1,0.717481431770315
0,0.18862374618936173
1,0.9776147180685505
0,0.22527489099905187
0,0.21825877589173429
1,0.5191207188087963
1,0.7373006493050283
1,0.8257385443266198
1,0.5534733666419677
1,0.5191211793181367
0,0.09133024169608532
1,0.5139184582749707
0,0.09964955067985234
0,0.09964955067985234
0,0.3645704709572113
0,0.30406428580232936
0,0.15029663679040509
0,0.2500361430018743
0,0.1415771858792473
1,0.5321815858346765
0,0.28191144902748266
0,0.3030051033310383
1,0.9350353467490778
0,0.11284841626990995
0,0.3164566449623373
1,0.7082147653343859
1,0.14180036424955894
0,0.052410624527983826
0,0.05996198060561952
0,0.09048960460164997
0,0.04552468026433232
0,0.08278227475001544
0,0.04370684795718767
0,0.05204945443582959
0,0.20824674685143085
0,0.07576722072562422
0,0.08505990906981753
0,0.030344597974241137
0,0.266903572462397
0,0.4106455180037011
1,0.4517484058601682
0,0.15918817231401228
1,0.9714185780122693
0,0.07630778245064265
1,0.8332905489041884
0,0.1079880003255044
1,0.6056525206331063
1,0.7874940281054965
1,0.7572827609538492
0,0.26784628063848764
1,0.7382104788525401
1,0.8133307806439133
0,0.11507228288562085
0,0.2533252016058965
0,0.1477040383600208
1,0.42674633854006466
0,0.34934999456841664
1,0.8751708607056612
0,0.06468842759928992
0,0.06468842759928992
0,0.16134182301888925
1,0.8708586734685851
0,0.04953115043820378
0,0.059714600850842604
1,0.9202792743672249
1,0.044618381162280014
0,0.011436677679139631
0,0.011468900116666762
0,0.012869244186965159
0,0.02173837965997718
0,0.02173837965997718
0,0.022828764954033288
0,0.014267871052673525
0,0.014267871052673525
0,0.019646575994167814
0,0.07070650083659047
0,0.016039802702094163
0,0.015653529547470863
0,0.05079956430285109
0,0.013685757173427876
0,0.020821195526385977
0,0.017875813323867503
0,0.019646575994167814
0,0.01660360422662521
0,0.05923325611850352
0,0.0530445689206343
0,0.04955882078869348
0,0.0258261425925845
0,0.05923325611850352
0,0.06399366541573567
0,0.0530445689206343
0,0.01783988899133661
0,0.02892077231488117
0,0.030810739770008387
0,0.0689885045356651
0,0.09466865520473039
0,0.0639386159384342
0,0.0689885045356651
1,0.9945234257904719
1,0.9944204232952477
1,0.3484273227491876
1,0.25332585669525587
1,0.8815936237494956
0,0.07874573825855943
1,0.811724665824643
1,0.9473361246395952
1,0.9301311191060813
1,0.634880019248326
0,0.7732273035402827
1,0.8065302249596666
0,0.6224204445913208
0,0.6259904587493119
0,0.11438898109096327
0,0.28747995416673167
1,0.9670632621255788
0,0.3163109377750025
0,0.08511519680566812
0,0.10079696157097479
0,0.16977260674668546
1,0.7451671441353193
0,0.4804749522651518
0,0.1600749444726257
1,0.1774489240198349
0,0.18783557640586376
0,0.290675196373261
0,0.23681312537381297
1,0.9264193004501285
1,0.9574620682190754
1,0.9304923734292635
1,0.967823739215326
0,0.5211844654232419
0,0.43582155175517073
0,0.045459612902322866
0,0.03834981301316048
0,0.25648275822046956
1,0.9423685960439353
1,0.8441484876843558
1,0.8947526211836161
1,0.7523512745378347
1,0.2748283498314835
1,0.9497782228395332
0,0.0628993607186183
0,0.04624232372844026
0,0.24698005725323316
0,0.15038212357001407
0,0.15183959812869405
0,0.1833511632988495
0,0.07600802430099687
0,0.029894049164700735
0,0.02980505355433818
0,0.18110067018637613
1,0.6357310380925957
0,0.13485840452040654
0,0.20110697845971034
0,0.32759722224812216
1,0.9414013256067849
1,0.7257529345450439
0,0.0995921494660852
0,0.11246126064810288
1,0.7038076321125629
1,0.8110222977736893
1,0.902352026853065
0,0.2621987358205267
0,0.2261556866862028
1,0.7117596158349049
0,0.20253189743728744
0,0.08602175600458707
0,0.10108513127167626
0,0.4117337272040925
0,0.15559516250817293
1,0.7828162706556282
1,0.954012585108096
1,0.9131776662933743
1,0.516591294794166
0,0.5781358655672575
1,0.6299020564636894
0,0.5264321589042458
0,0.5264321589042458
1,0.6623102444554796
1,0.6623102444554796
0,0.20755853417858003
0,0.16883594659758866
1,0.9107089937686785
1,0.9107089937686785
0,0.3933944700600274
0,0.2590571950800696
0,0.4522122866324467
1,0.8709887102152614
1,0.9923692526409138
1,0.989553423964592
1,0.9918538989229907
1,0.981388398761047
1,0.9919453103004245
1,0.9913648569784216
1,0.9927755738433416
1,0.9918671507769526
1,0.9919453103004245
1,0.9875229042266142
1,0.5094141915625354
0,0.28136608738283964
0,0.24047287545553736
1,0.9430886622694729
0,0.11059797051196989
0,0.1616053373059356
1,0.9082755646058166
1,0.6738420579918805
0,0.4361764427313667
1,0.5367676224343852
1,0.2590170581288164
0,0.13187237258179113
0,0.13187237258179113
0,0.14672182612269077
1,0.3898602512008308
0,0.08266195504834314
0,0.06676294243827383
1,0.47158619333771984
0,0.19659020521174503
1,0.7709911655454704
0,0.10579455267518717
0,0.20140290490556234
0,0.22686818082383953
0,0.08049994763298085
1,0.7705309308059054
1,0.34954870105909214
0,0.15629158302150864
0,0.05258763729888334
0,0.06068700990820691
0,0.0663120776318612
0,0.0665399669037424
0,0.0665399669037424
0,0.03960112234803196
0,0.14203843943417885
0,0.09892587982765227
1,0.4967068309862377
0,0.18291809939488218
1,0.897620953125938
0,0.18566369909272723
1,0.820667277917292
1,0.716115104613813
0,0.4097759141645283
1,0.6094499762835748
1,0.3734859409275345
0,0.30546587207459963
0,0.1417887479343406
1,0.31179779909858313
0,0.3635512131884427
1,0.9197492445348343
0,0.1478128874439055
1,0.6278851910811151
0,0.41707266638054685
1,0.43004826075255503
1,0.8766656396503754
0,0.08840236717395406
0,0.06726018751573785
0,0.19524620749407726
0,0.18167860461989013
0,0.23489164929041217
0,0.22895019070925446
1,0.8208755573018482
1,0.8350112005223047
0,0.15306573962395853
1,0.9600298949503336
1,0.9463054733963251
1,0.9591293137518603
1,0.9513756793467525
1,0.9246831145874308
1,0.895573464365855
1,0.9794296813001384
1,0.9539848357601789
1,0.8526410281435047
0,0.3763572766266334
1,0.6872194139226554
1,0.9066660237781645
0,0.13380784682196284
1,0.9001003420383715
0,0.16447705662090584
1,0.6499375364938992
1,0.9234272942439049
0,0.008089868536686569
0,0.11977508129267762
0,0.11977508129267762
0,0.18357172243011252
1,0.7582411371488986
1,0.990638524969198
0,0.143524912929064
1,0.8080625907563089
0,0.17707307299332842
0,0.35222038808351414
0,0.05721686848507272
1,0.9041024735770825
0,0.16731225437620284
0,0.16184226475299437
1,0.2039292937949877
1,0.9371739967813252
0,0.1243779575596917
0,0.16664247397238724
0,0.13971288075925076
0,0.17071933134992218
0,0.13003450411044484
0,0.14081562166493256
1,0.5156749370276018
0,0.293831145004645
1,0.21595335231812016
1,0.7453556356815547
0,0.40406258213547036
0,0.12608098701813095
1,0.6492665451022452
0,0.7454081525410133
0,0.6450553951462137
1,0.6809451067765051
0,0.7102512084702528
0,0.7044020372444524
1,0.7010632727744879
1,0.6809451067765051
1,0.7044020372444524
1,0.7715610687678783
0,0.7010632727744879
1,0.6809451067765051
0,0.6733425675329457
1,0.6733425675329457
0,0.6733425675329457
1,0.7020776280402659
1,0.20247656917725104
0,0.12592055667228091
1,0.9851480521190136
1,0.3118348103968458
0,0.1725081971153389
1,0.7139941330926759
1,0.9948834018613286
1,0.994919517510203
1,0.9942061028653968
1,0.9843133799339572
1,0.9942061028653968
1,0.989569908115389
1,0.9938239755214617
1,0.9926792722261749
1,0.9943013552382463
1,0.9916687203760834
1,0.9892892002028087
1,0.9930780473089688
1,0.9936604503799676
1,0.9924182536649125
1,0.9926792722261749
1,0.9899315110527305
1,0.9889482720683083
1,0.9947057898745683
1,0.9902654055319322
1,0.9937968823991641
1,0.9899315110527305
1,0.8456088169978518
0,0.3569124291345873
0,0.2940593893527865
1,0.6888022773705005
0,0.10901305820238719
0,0.06331892030225839
0,0.3807107254358845
0,0.23318144838871965
1,0.7509193827477166
1,0.7475703471554674
0,0.2619387880730506
0,0.12624627083590226
0,0.060167103138838954
0,0.08339222808673395
0,0.2792325278383803
1,0.7347794500946859
1,0.6293298466678632
0,0.14369690857608752
1,0.8524353187725017
1,0.8524353187725017
1,0.8524353187725017
0,0.20405364486831432
1,0.9335961871339831
1,0.5673110087787676
1,0.4633310871788149
0,0.0767188417650329
0,0.1647598105729298
1,0.65177025242441
0,0.20867571158822357
0,0.13494533375484932
1,0.9205722282525922
0,0.22016270240112135
1,0.8469196850342181
1,0.8709887102152614
0,0.1718060312291346
0,0.17653507170052632
0,0.32755978868385005
0,0.2562847982036844
0,0.1565137757891072
0,0.1499049804456073
0,0.38198336381311265
1,0.9150892175459151
1,0.39306353842212083
1,0.7531490186040662
0,0.19027508880975783
1,0.26157362106690435
0,0.0652171188960125
0,0.07831697795470406
0,0.1265227348489156
0,0.07201477151983841
0,0.16880055583121797
1,0.9146448396134795
0,0.4622455523951322
0,0.039152366252235254
0,0.22372214109367003
0,0.2027316576286992
1,0.8434921780608424
1,0.8645119717247055
1,0.9038063764482062
1,0.9085159863312771
1,0.9126842148470758
1,0.924371652771041
1,0.9394959889311147
1,0.9207342992913202
1,0.9282477423009455
0,0.11387558121880453
1,0.6491087442776216
1,0.48770350342801616
1,0.5788187657965556
1,0.91168976370425
1,0.3599655977622241
1,0.509475182953576
0,0.7429469764620028
1,0.764992452036346
1,0.764992452036346
1,0.764992452036346
1,0.7017416694826847
0,0.03386241701457497
1,0.8417926516329518
1,0.6979688302526493
0,0.3091116437999116
0,0.17987639568630925
1,0.5649874912625628
0,0.2927056493463799
1,0.6982757526423639
0,0.1564392404984768
1,0.9481398896609241
0,0.11503406670546697
1,0.8225037474007355
1,0.8081800778494227
1,0.8139488235110468
0,0.09861288380728526
0,0.38992031813911987
1,0.2356219244592855
1,0.7743817305540998
1,0.6606482004076586
0,0.201834302375617
0,0.0848295757843038
1,0.837188956856712
1,0.8718420009941588
0,0.06766254136062987
1,0.9655099057885869
1,0.650875615324736
0,0.2766136891087494
1,0.249157790490667
0,0.15010779622334008
1,0.3014563971023815
0,0.2288652680678787
1,0.7110870172497573
1,0.8855179733518042
0,0.28661321164578263
1,0.7157772340931848
1,0.6427057399582783
1,0.6598445895354738
0,0.4811719466219252
1,0.845978306743527
0,0.06905193301042245
0,0.44673238604297
0,0.5256575336132013
1,0.7465295741768082
1,0.47551560246613783
0,0.245372612304417
1,0.7172218200932691
0,0.4434047495349777
0,0.3102133026832853
1,0.5916929064883354
0,0.42430399870431684
1,0.8679179708403933
0,0.0999121384483668
0,0.1416456135478397
0,0.1509084065466783
1,0.7886373068662059
0,0.38220527618291855
0,0.6116713575987611
1,0.716956405295386
0,0.12344972808418715
0,0.1563965212510955
0,0.12000465620966862
1,0.8166104274311502
1,0.4004495926109697
0,0.2009809316756416
0,0.31898323878276513
1,0.7069692763619542
1,0.4010436032206206
1,0.8679179708403933
1,0.8939738250918109
0,0.086270463230131
1,0.766535525193137
1,0.9282835240741473
0,0.12613538040912928
0,0.04670832532179906
0,0.04450234498630261
1,0.8403085859936592
0,0.22868378393632122
0,0.06987363213023273
0,0.07118300637827875
0,0.05449092973385782
1,0.6219644934057241
1,0.7097338143191312
1,0.7097338143191312
0,0.11657225820506877
0,0.2679197479424468
0,0.3589385541012461
0,0.017542996389223596
1,0.6462121889854003
0,0.08617591709361926
0,0.2409167183753129
0,0.14686461151365654
0,0.3177994589071442
1,0.8627238591142264
1,0.763870558879979
1,0.8794566726292301
0,0.06762628803996883
1,0.9861956267952207
1,0.8349790570593734
1,0.5844248238450183
0,0.27431258460064495
0,0.32713204385079986
1,0.47184457846216404
0,0.19530035844704538
0,0.31817478402014765
0,0.10214359849987166
0,0.07058246821494121
0,0.0657145508986215
1,0.7449846375242148
1,0.7125528847197223
0,0.1997482510688618
0,0.30447073989232204
0,0.2453250041735802
0,0.0972116537843246
0,0.16889421540883484
1,0.9425742090431957
1,0.9425742090431957
1,0.9503481880961311
1,0.9918669102131111
0,0.056001625757735304
1,0.6561031614187424
1,0.49827137247663866
1,0.559595340475723
1,0.5671934485128326
1,0.6172348929216559
1,0.9217471041571919
1,0.9149987515639839
1,0.9417536808686785
1,0.9339957057510231
1,0.948896397861501
1,0.9143035658864238
1,0.9193452736363557
0,0.56426520820747
1,0.6985029275147733
1,0.6985029275147733
0,0.08553174870652107
0,0.022609368846503528
1,0.4908913464238749
0,0.1315318877197334
0,0.167372614602252
0,0.21614074985445877
0,0.12833063030462802
0,0.32698638755674647
0,0.09147336280086439
0,0.07179288027755866
0,0.34305734470380245
1,0.8874012842527188
0,0.011128904279390955
1,0.4833215445804979
1,0.9266886332905919
1,0.7875240509046542
1,0.39055057066938653
1,0.9425425798591429
1,0.7331125903613004
1,0.2493274210294237
1,0.5930752264481213
1,0.6147603820433717
1,0.4085877701105802
1,0.322297560175962
0,0.22027632798529972
0,0.381552080043007
0,0.10626509608647623
1,0.8288513672019395
0,0.12309431662678783
0,0.056749108202454435
0,0.07665908105776835
1,0.9952129223191934
1,0.9414225002654548
0,0.07789078265359042
0,0.15486442696662278
1,0.8430766236021914
1,0.28121683627296873
1,0.7483150249522132
1,0.33891480093586046
0,0.15744195875254127
1,0.4470117450177676
1,0.9749785747987463
1,0.385978423831603
1,0.22581818808956894
1,0.859012899988635
0,0.27143161531625737
0,0.1990554608365945
0,0.06723999583664665
0,0.1281174612475421
0,0.1704704006652335
0,0.1771958430820811
0,0.42089691343470237
1,0.8072119218834045
0,0.05444618874375707
0,0.3976608111155055
1,0.7022043140816835
1,0.3196974472422924
0,0.19071579253215643
0,0.022221561641875658
0,0.05786085327051749
0,0.16917939959734057
0,0.01940463129578652
0,0.01940463129578652
0,0.058110052617844396
1,0.8955908656959579
0,0.1292623561849524
0,0.33702125649303244
0,0.40366354747324873
1,0.7884068378530692
0,0.08544748618960023
1,0.9011394554047708
1,0.3954824756272673
0,0.24390892763181524
1,0.812987749852951
1,0.839866843461211
1,0.4169163298579398
0,0.1819290214315199
1,0.20141758505003607
1,0.7783230962112133
0,0.27842409825803893
0,0.101060834431501
1,0.13904731529868308
0,0.21726679041380367
0,0.042420351829713474
0,0.09237012334431373
0,0.6097513702953741
0,0.6211554049702311
1,0.522668815867769
1,0.74891133432524
1,0.5348838067581765
1,0.5955831987752016
0,0.38010479458140595
0,0.1490821339020221
1,0.6002791683520752
0,0.16973388956596566
1,0.5490568003520051
1,0.6008374794250193
1,0.8920762122307136
0,0.23486515817678305
0,0.08085396523888574
0,0.23517361768914488
0,0.061586400921287865
1,0.8297954334021486
1,0.7557739733977092
1,0.8006447922736375
0,0.1804023790824264
1,0.3648045610172188
0,0.3175863660940516
1,0.9719984225349486
1,0.9719984225349486
0,0.3033753728499742
0,0.18637418759315214
1,0.9434000149996761
1,0.4104391833759776
0,0.12625042802085942
1,0.969208240520485
1,0.8815581321306594
0,0.10362173233083048
0,0.10463301260899217
1,0.8402516441779093
1,0.8279819341372692
1,0.8535179917118465
1,0.9548517537376742
0,0.07073990462316736
1,0.7203615985479235
0,0.5376720647505955
1,0.32507521022406627
0,0.03309005290181295
0,0.16961406450310504
1,0.917717998511361
1,0.6057965198420915
0,0.174950678072564
1,0.8707027454470452
1,0.9176510341267589
1,0.9603907053655506
1,0.9643369868614926
1,0.9567592463245542
1,0.8560634553905778
1,0.8948449493344506
1,0.9616428861167686
1,0.9791810476182806
1,0.937296003454392
1,0.8850198463192298
0,0.2010926256393102
1,0.9705736914206113
1,0.9203784952827883
1,0.8941481804926182
1,0.8325737332656075
1,0.9148149628587979
1,0.967725097092033
1,0.9358931078572071
1,0.9599330713698293
1,0.9694440102911982
1,0.9691406558809251
1,0.969856096225687
1,0.9479461486438783
1,0.9575889735260367
1,0.9575889735260367
0,0.08803118848658907
1,0.7510782653155554
1,0.7199601054694356
0,0.11282537822198054
1,0.6986720271230511
1,0.5700413418851379
0,0.07978527517096687
0,0.4350320888706017
0,0.2034377391000101
0,0.02497737213911999
0,0.07287475580153832
0,0.5309027679818166
1,0.5169906990612309
0,0.35839465186003644
0,0.3350438550868985
0,0.2563607655661763
0,0.03965407698140979
0,0.13309407815707278
1,0.8295881520100566
0,0.27901929763118427
1,0.41266680496180425
1,0.6398391703568841
1,0.6136512794175351
0,0.14525667550977645
1,0.38106242845270777
0,0.1038513674313334
0,0.27593559617434754
0,0.22963778041961241
0,0.19624323487819229
0,0.387550544537044
1,0.7547589894333134
1,0.5973316524364937
1,0.34376169733891104
1,0.7485896784987811
1,0.4151050132784814
1,0.6742952068807194
1,0.7553569158063129
0,0.31485059699334333
0,0.4079580013733826
0,0.18051400507276275
0,0.5358557054405773
0,0.48881800679820353
1,0.5516609519333827
0,0.17557185859437152
0,0.26101412967515086
0,0.091640466113771
0,0.0830142248443109
1,0.9741522067488638
0,0.3444518080025242
0,0.4328238237848684
1,0.7400592208384419
0,0.4897397475599166
0,0.21702659656596227
1,0.9041267877795056
1,0.7907177769690423
1,0.8337832424333116
0,0.27895852826641365
0,0.31764050181509473
0,0.6421980603755827
1,0.4970962866230999
1,0.7459820772184886
1,0.9811541468689986
1,0.9022559607913986
0,0.28586221965844144
0,0.04103621526799462
0,0.19973986933946325
1,0.7233635345379762
1,0.48595753727859403
1,0.8571639098669419
0,0.2505873759370072
0,0.26863484140700233
0,0.18863065099750773
0,0.17224841504467328
0,0.38758680101515364
0,0.43705511892509535
1,0.8820532219939217
1,0.8656858279996895
1,0.8656858279996895
0,0.2805144782812771
1,0.3128264811663221
0,0.06749114123386052
0,0.1364425097373133
1,0.6866521161678519
1,0.9945555738418204
0,0.16220805420904438
1,0.8050348679557658
1,0.7425859594493694
1,0.5670806549152745
0,0.34213257715429046
1,0.8395288813615597
1,0.5972601613764564
1,0.7944567165523185
1,0.6894006619999806
0,0.41366841111117403
1,0.3774459561401049
0,0.45616146630820115
0,0.30905954464462515
0,0.5742521625202225
0,0.7479418408063249
0,0.26315719317804864
1,0.6646734402657
0,0.5990724800141951
1,0.8765600864795894
1,0.5778256946130589
0,0.38193272705871467
0,0.12280581561383065
1,0.5537344999023631
1,0.2994941630133228
0,0.25494252198831835
0,0.094365878216387
0,0.11049744094361978
1,0.9661103656187606
0,0.5327867421207653
0,0.5537330287210478
1,0.4409081623861628
0,0.3734358928955028
0,0.3564689370738355
0,0.32643722891532784
0,0.11455121472293231
0,0.28338180117180933
1,0.7595261728930377
1,0.7551922879801515
1,0.8254950488227212
1,0.9459085258878555
0,0.283531651607729
0,0.1943455047948353
0,0.1943455047948353
1,0.29376514925695846
1,0.3833032854594583
0,0.05141007424561286
0,0.0612892828747559
0,0.0741662944631833
0,0.04779376208932317
0,0.2353693976669116
0,0.5885605959599796
1,0.829496872806554
0,0.04109400100630448
0,0.030406949764595455
1,0.5602847816420304
1,0.9659007787774928
0,0.41442197504910433
1,0.6544504204678192
0,0.055088879931328
1,0.5049929807587491
0,0.43609322150478663
0,0.4775475094647445
0,0.1940193151540402
0,0.2142891867678925
1,0.6583628995139292
1,0.6583628995139292
1,0.6583628995139292
0,0.15952511929879207
0,0.11250891820190191
1,0.7000603106506047
1,0.7886177834771574
0,0.07365770233505368
0,0.08962034943158739
0,0.08962034943158739
0,0.39087604232944667
0,0.8563618339198852
1,0.8880990436862793
1,0.8701919781781707
1,0.9333009984129989
1,0.9333009984129989
1,0.896050636219178
1,0.8701919781781707
1,0.8655802872182753
1,0.9333009984129989
1,0.890096418945757
1,0.8674652806078103
1,0.8946684091526154
0,0.4085370297860173
0,0.2588119683836869
1,0.49955203152013616
0,0.18267376890094777
0,0.3617000042186366
0,0.24892224029702023
1,0.8323675763769387
1,0.8253887083614823
0,0.4657947572461515
1,0.5069024660829573
1,0.49003291052487524
0,0.29295319880443765
0,0.31297316280449416
0,0.24393677117402823
0,0.18758069206184536
1,0.6575754275286045
1,0.6860443979816936
0,0.6806590861234453
1,0.7562200696052488
0,0.23470819825588002
1,0.6984852421850666
0,0.2016150258985067
0,0.8776956790734639
1,0.7391118985277103
0,0.24387118395667232
1,0.8804647213361408
0,0.042920426605680045
0,0.08036710331445004
0,0.43347434468385665
0,0.38870064620090644
0,0.7733015329233673
1,0.6251153125213739
1,0.884669918668778
1,0.8825822786723225
0,0.1138648720235051
1,0.840234547572914
1,0.4238069162507665
1,0.5122147865213537
0,0.0781364705803897
0,0.2888954334772601
0,0.10574618883055625
0,0.11750573676133283
1,0.6491798096546088
1,0.508764468844608
1,0.837271330423613
0,0.1529221969555501
0,0.26098589144220763
1,0.6440266884175807
1,0.9636109830948344
1,0.8820597795828161
1,0.8792208201046772
1,0.8792208201046772
1,0.7875550432017723
1,0.9827104065065839
0,0.14641982634185152
0,0.2960246361335286
0,0.3763802606445074
1,0.8397936636544556
0,0.036163361478460755
0,0.03790937738130226
1,0.7510811694042723
1,0.826447991105847
1,0.1308766791907857
1,0.6162631198428113
0,0.6416168756858223
0,0.10470056581451433
0,0.33297165490446773
0,0.5755792481005064
1,0.8434067718206438
1,0.8061308097044909
0,0.2119099055674094
0,0.2619639917542251
0,0.20980255249347476
0,0.23070239011933752
0,0.180010450689952
0,0.25556004118583286
1,0.9421245980875741
1,0.9634219713496058
1,0.9421245980875741
1,0.9421245980875741
1,0.869462631238901
1,0.4569613379488526
1,0.9404264105003857
1,0.37656560401638284
0,0.21060894561025914
0,0.07428554623690062
1,0.7921138676645261
0,0.18293522026142625
1,0.6221715011119446
0,0.12461522436403644
0,0.15054653811799257
0,0.1514535910261296
0,0.08150673159861709
1,0.8293253433723287
0,0.17310609729523319
1,0.9551472881123352
0,0.05321152238130476
1,0.8749926052396113
1,0.8603196274996081
0,0.5556315297861124
0,0.07326687532918516
0,0.06749114123386052
1,0.830510118440704
1,0.7438960560393301
0,0.04326227817455318
0,0.1093066467178058
1,0.92464311747974
1,0.8136430636124115
0,0.22948801397770605
0,0.3662040598603525
0,0.28654235566914227
0,0.22363641069679052
0,0.36673782429837265
1,0.5774880306279925
1,0.7366063376275891
1,0.7089562824008777
1,0.9523263037049824
1,0.8484812470325461
1,0.8528795166283597
0,0.14754355889184922
0,0.16608615197430138
0,0.16396304425623226
0,0.16608615197430138
1,0.6420422776474507
0,0.09412956598276859
0,0.09932216715926866
0,0.17377813658152919
1,0.682429278124589
0,0.22267729654176657
0,0.17878707607897812
0,0.2105586490092107
0,0.1648749348544526
0,0.2596146621152606
1,0.6215646810946246
0,0.23555279605691037
0,0.2019992500866769
0,0.739858845052602
1,0.6109133601102841
1,0.36814514330267667
0,0.31663965328875965
1,0.2795103153664457
1,0.6915327276554991
0,0.5006744500392176
0,0.1375069241936883
0,0.049608559087652146
1,0.604994471589805
0,0.19865797773704413
1,0.7491421315085465
0,0.2407568227842068
1,0.9608431305617245
1,0.9763505424456467
1,0.9771936799565689
1,0.9804054663639592
1,0.9756195055300189
1,0.9804054663639592
1,0.988809789276574
1,0.9804054663639592
1,0.9780731113222831
1,0.9723724969068248
1,0.9625664516443853
1,0.9723724969068248
1,0.9591831197114689
1,0.9723724969068248
1,0.9545474054336411
1,0.9763505424456467
1,0.9387857256917435
1,0.9625664516443853
1,0.952147304769922
0,0.22475539107607753
1,0.37790549892192643
0,0.19699737690596314
0,0.3363481912004105
0,0.35501385569498245
1,0.5521549406289538
1,0.2386746242595768
0,0.18611821108263285
1,0.8603496686918571
0,0.1324322206795731
0,0.276645889261762
1,0.6451478341333138
1,0.9718967611846999
0,0.07638193309374691
0,0.1109936876620086
0,0.19172036621813232
1,0.9017735879821378
1,0.9689763649885705
1,0.9689763649885705
1,0.9697015407225907
0,0.3255654368785047
0,0.07824781528587532
0,0.14735658644394709
0,0.3716068132648083
0,0.16365005253915602
0,0.15126189510172017
0,0.2072057290579929
0,0.10033407710120346
0,0.2759949899848861
1,0.9518280904034268
1,0.950016257312432
1,0.9235976725513364
0,0.4227698414537205
0,0.5735956432026835
1,0.8765531079815898
1,0.9045113231157293
1,0.9045113231157293
1,0.9045113231157293
1,0.8640429201467718
1,0.8813420298904252
1,0.8813420298904252
1,0.8813420298904252
1,0.884833632942298
1,0.8701269597687439
1,0.8226783716153935
1,0.8107233160847508
1,0.8924652361639036
1,0.9040593177176863
1,0.9040593177176863
1,0.8256726614574675
1,0.8256726614574675
1,0.8025256048699598
0,0.6908275634273533
0,0.4667077058896055
0,0.05466624344494881
1,0.8248656037062784
0,0.10527894567975644
1,0.6641875083109583
0,0.21336160906156484
0,0.14302787998538416
0,0.09975514280524522
0,0.25161941765063117
0,0.06801958330182865
0,0.04033540175724084
0,0.0930866553431568
0,0.06417124916418544
1,0.7406507473711392
1,0.7999945028692977
1,0.2854785087967969
0,0.1922039625397359
0,0.2974391291127263
0,0.060475936650464725
0,0.06410532693503865
0,0.22695171150107785
0,0.08045963238452856
0,0.08399012618528062
0,0.3706556463716956
0,0.37930237142710266
0,0.23595541924608335
0,0.23595541924608335
0,0.27775828403650554
0,0.19984868875486322
0,0.6053709810229104
0,0.24993057013206701
0,0.4006250978085355
1,0.8334989663561141
1,0.9068822221087273
1,0.8818071515261992
0,0.3110193603673346
1,0.7275009385580035
0,0.1609448544370633
0,0.5703774185848137
0,0.3091578222034363
0,0.06365744116833688
0,0.1653024286615692
1,0.690561334499131
1,0.9614136167694388
0,0.0529630945285621
1,0.5246736416609203
0,0.2801123952982203
0,0.3998850739250085
0,0.2502691110284729
0,0.08779349638655098
0,0.12291944769117066
0,0.07686422293061416
1,0.1929390703518596
1,0.6520353717100489
1,0.8265700046799189
0,0.31892429525347576
1,0.985658154909965
0,0.6721572671876593
0,0.04998512319466844
0,0.15396694208570744
1,0.2910645601627682
1,0.9488578308274137
1,0.8232191329505484
1,0.7114484635013572
0,0.32905268780016117
0,0.15170551334206214
1,0.500042656716853
0,0.481021179642845
1,0.8539343231256775
1,0.705959318052732
1,0.9300304520568117
0,0.08810213035245705
0,0.34433517156657933
0,0.12179520415389351
1,0.8883239466642774
0,0.1332016795479782
1,0.8246442961483393
0,0.2702972950287258
0,0.533692848030324
1,0.8243407729019017
0,0.02135332152572683
0,0.10448983290024486
0,0.6479759435819635
1,0.7766235639404452
0,0.4501394381752989
0,0.4227625961397754
0,0.3819002247014567
0,0.4149154215635131
1,0.6270455642364704
0,0.14283879448916878
1,0.591998814087745
0,0.4078230313516427
0,0.43836203392401313
1,0.7903746935021151
1,0.8940905422628507
1,0.6836633251599217
0,0.12052301031852314
1,0.3648920919075443
1,0.8343365948218046
0,0.2344061011915882
0,0.33506589971716355
0,0.32444316144575097
0,0.050657583313673586
0,0.19031710233455493
0,0.1901999737618643
0,0.3409924572129661
1,0.8663963015691347
1,0.7388843819711403
1,0.8091457704553662
0,0.052622742087647605
1,0.31213007993003666
1,0.5606682084546394
1,0.37728308734173793
1,0.8509057960802541
0,0.22041163066849143
1,0.8509627284562227
0,0.38089641748819675
1,0.21240421123819886
1,0.8342599921363043
1,0.7945408837279304
0,0.2703795886397689
0,0.4093125626286758
1,0.9470607170423797
1,0.8389637740152992
0,0.01121853439983566
0,0.0828330489571075
1,0.9584380117809789
1,0.6150400646792703
0,0.1471153700497736
1,0.764289601082667
1,0.4285713272115487
0,0.2657774782090273
1,0.46759486193551764
1,0.7541953795369396
0,0.5770264686121576
1,0.7446690337365746
1,0.5552458557560069
1,0.656548382173451
0,0.2887586049425975
1,0.44243008890645724
0,0.09341611145266283
0,0.09681324381946704
1,0.987011184464849
1,0.8921492622782965
0,0.020813486349536937
0,0.2512126611126847
0,0.3789977092241305
1,0.35015552213823525
1,0.9867553605615516
1,0.9783670888516441
1,0.9783670888516441
1,0.9867553605615516
1,0.9783670888516441
0,0.38346668324308747
0,0.08376521631403593
1,0.791256789315495
0,0.30915928180533053
0,0.019352039296533324
1,0.42990557882620567
0,0.09153374089871322
0,0.09201194830650718
0,0.048746006050568745
0,0.3085086669044149
0,0.21459065172116595
1,0.4501451763321304
0,0.16571157745720394
0,0.20608220115872317
0,0.1257601367775172
0,0.2489054982535198
0,0.31543828716500005
0,0.3226081743301332
1,0.7300894420601457
0,0.16672020059635728
0,0.23914616780332823
1,0.37340881505589807
0,0.04144583068611748
0,0.2539928419867431
0,0.269993013956355
0,0.269993013956355
0,0.19707804292482456
0,0.09817153164916236
1,0.7865761208539881
0,0.33084405240620246
0,0.5198095244337052
0,0.5198095244337052
0,0.15302004967431537
0,0.48440250735525126
0,0.2274646632429333
1,0.5234149118310998
0,0.1306835634909171
1,0.9473274845492201
0,0.4686082716652075
1,0.895174105492757
1,0.8609533555278391
1,0.7454273250035622
0,0.02881096378112771
0,0.04290678649797162
0,0.03282347022465726
1,0.9187460177812256
1,0.9341061672395061
0,0.20842859711357256
0,0.2159932780908253
0,0.185054459340806
1,0.8144704511971564
0,0.3636069140612372
0,0.12933431676364207
1,0.6781334736617091
1,0.7378877479368164
1,0.9940529848572772
1,0.9924987909770329
1,0.9918173627029985
1,0.9926268829597424
1,0.9884720982253656
1,0.9901186512660667
1,0.9911076356887875
1,0.9850781436048586
1,0.9956855752156232
1,0.9914737439542124
1,0.9933463345116584
0,0.13805072128400328
0,0.2597422448243683
1,0.8420709835825455
0,0.4566116783285551
1,0.8269658670092295
1,0.7409296063212726
1,0.6638410867616522
0,0.46332788498539895
0,0.12764227242585077
0,0.08140168965038867
1,0.9514784316180912
1,0.8934843362068169
1,0.8917423030863753
0,0.0740716081274465
0,0.06862723012520772
0,0.3952397839104023
1,0.6889361186856773
1,0.9929500586399699
0,0.1321117053907254
0,0.10716636467251565
0,0.1253202516725348
0,0.21766555269996227
1,0.43183830257046724
1,0.9177671058673073
1,0.8602625986694941
0,0.11301901695370924
0,0.3550707581562747
0,0.15447141426397723
0,0.10769077898028524
0,0.1242637396455924
1,0.6507593351233538
0,0.06162120157719619
0,0.4048923461451265
1,0.902631220718983
1,0.9465908777349089
1,0.7429919138603492
1,0.48901420607957735
0,0.37763120267453454
0,0.10483252617298151
1,0.8207272791304555
0,0.2735331647310914
0,0.3376498005053878
0,0.31381953727082
0,0.2735331647310914
1,0.9392467121255416
1,0.9359282505657226
1,0.9594700386652211
1,0.9359282505657226
1,0.919523263694635
1,0.9753444779659954
1,0.9765250937856377
0,0.259711284835584
0,0.5464793905363403
0,0.6622646783173861
1,0.725718135267995
1,0.9689694714414097
1,0.7899477725138315
0,0.21154143473166082
1,0.7283966302364224
0,0.25579751030822057
0,0.02298492564987521
0,0.019565296088261314
0,0.13693630287990052
0,0.14130915256656335
0,0.13738174724208158
1,0.8928092466465809
0,0.03171529722397706
0,0.10476752520377436
0,0.353211029793534
0,0.10681899956825164
1,0.9835167783969498
1,0.97943967936478
1,0.9490995270618731
1,0.9432024288080006
1,0.96233079606547
1,0.97943967936478
1,0.9514707012494396
0,0.30910613529236924
1,0.5093392670375133
1,0.933117158780308
1,0.7889965895980726
1,0.7737450145110878
1,0.9102596826254414
1,0.9169642770599535
1,0.8410781578925153
1,0.9114471077511229
0,0.04555210134303979
0,0.04581356826418225
0,0.2320833472457985
0,0.17643442989720726
0,0.2303851571999187
0,0.23178799976564116
0,0.31364219345304845
1,0.6157358696143215
0,0.18827350349764851
1,0.7602885419315195
0,0.08422277657475767
1,0.6776374854961447
1,0.9083343668906148
0,0.22513103457493797
0,0.22874339729846743
0,0.2767801081029688
0,0.1492454292463017
1,0.9940216061273324
1,0.41757879983172314
0,0.09036287912554922
1,0.8954698024610226
1,0.8954698024610226
1,0.6434611880450105
1,0.8451312363968698
1,0.9929226988930525
1,0.8295504253582916
1,0.7785380641764311
1,0.8285624315249315
0,0.1511756955260745
1,0.05933168939575964
0,0.049314525121825416
0,0.057885361773997696
0,0.13378002068104708
0,0.05085216185385487
0,0.05261727531546099
1,0.941464036513931
1,0.9446001426995069
1,0.9736893332935579
1,0.9513278337862018
1,0.9513278337862018
1,0.9736893332935579
1,0.9071823649849821
1,0.9446001426995069
1,0.9335494295434038
1,0.6760474037952091
1,0.8306040250528999
0,0.08929755842987665
0,0.2067115855080166
0,0.3795695225063305
0,0.567230326467594
0,0.08438791968970136
1,0.8039555789323118
0,0.03894211818847931
0,0.038627681274848794
1,0.8058461241378058
1,0.9755790931962967
1,0.958633276221009
1,0.9780941133554535
1,0.9503381319206915
1,0.9560948310547311
1,0.9805983701131323
1,0.9854041486062167
1,0.9566675377647039
1,0.9564014320686367
0,0.7952976949300791
1,0.9499412238566314
1,0.8265536904993519
1,0.8273168901934511
1,0.8274207478919804
1,0.8350854538949356
1,0.9677253506352704
1,0.571343587523845
0,0.7082123453157717
1,0.6979901451641584
1,0.7068374531417668
0,0.6979901451641584
1,0.7926284658117027
0,0.5905820082208453
0,0.5693925767114677
0,0.5693925767114677
0,0.6979688302526493
1,0.22062540120912108
0,0.3593557964419625
1,0.782688880763222
0,0.37079414424646456
0,0.1536956489832964
0,0.06853627762425311
1,0.5660490636147759
1,0.7062881059346169
0,0.14430649836286485
0,0.09006888373461103
0,0.06133652835470021
1,0.5584420465895558
1,0.38227794164773105
1,0.811745826144324
1,0.8694498559475293
0,0.08509826905498989
0,0.19171508185432506
0,0.40084097508653027
0,0.1119870351470241
0,0.1954234227934906
1,0.4607459195364524
1,0.21387374499665238
1,0.5737071420783635
0,0.2556570196678085
1,0.7997869324975757
1,0.6637429793325739
1,0.9937707034158104
1,0.9933749597688675
1,0.993919115942384
0,0.30865822853136665
0,0.1417814907734953
0,0.34882326286557447
1,0.4042837880924546
0,0.17712471820608539
1,0.600199159814758
1,0.600199159814758
0,0.07330514606732144
1,0.7822442369755436
0,0.2514177872411125
1,0.7310327607828909
1,0.7755985265461627
0,0.03739952887941327
0,0.061220967783445615
1,0.7109779651623562
0,0.21136863062641845
0,0.06388564403537456
1,0.6377125288104223
1,0.9035109619246229
1,0.936786512274983
0,0.06913813571962828
1,0.9317029918392079
0,0.13418571429989942
1,0.8554417726540227
0,0.06525914661205373
1,0.23145891737785285
1,0.9212321208166484
1,0.47373497444567325
0,0.35955784685602393
0,0.2450931160981562
0,0.2189687784110982
0,0.5353028937345713
0,0.17023598563551073
1,0.9473131521217925
1,0.9264561178409525
1,0.9658930888028423
0,0.18110282942749842
0,0.2630754424071904
0,0.253830803004347
0,0.059014655462469
1,0.9141746666973921
0,0.1817927728571422
1,0.7961212892884469
1,0.5724505431435776
1,0.5372505048142214
0,0.41162271593982935
1,0.3562330567072267
1,0.31194557837203735
0,0.27945074684217197
0,0.18175493177323057
0,0.18208489894958219
1,0.8607585679278117
1,0.8607585679278117
0,0.18141061718398252
1,0.9141797465144176
0,0.4375118448151697
0,0.1642879921131656
1,0.8662886778936648
1,0.7874539884865429
0,0.17381629118861058
1,0.721676670360487
1,0.721676670360487
1,0.9660072136977507
0,0.10109797753463955
0,0.2171675014488184
1,0.8824225316919205
0,0.0770896513331174
0,0.05341260637637953
0,0.058389576346002066
0,0.22076073821815526
1,0.8298691126281116
0,0.3104860792196911
0,0.05906016194814518
0,0.05538999796014189
0,0.21072110422480209
0,0.13621061075591698
1,0.6478040906126528
1,0.9970656521129277
1,0.8416542083792631
1,0.8238931450719145
0,0.13347642895023776
0,0.16425447406936466
0,0.2821430806777465
0,0.5278265990619904
0,0.1143391189496287
0,0.1544463075288843
0,0.04409965173238173
0,0.26636817327467416
0,0.1416715338892371
0,0.13727765471050715
1,0.883782015035463
1,0.9042468494182205
1,0.8297817060287307
0,0.4260662188009583
0,0.1788732103090811
0,0.2583978808487272
0,0.2700825712511732
0,0.1569389368144843
1,0.39737574432757
1,0.336280287918594
1,0.7223094180609514
1,0.9590757850120903
0,0.49642218940540006
1,0.996580295246403
1,0.9957330098657202
1,0.9955780170531799
1,0.9938711930678881
1,0.8553529342458183
1,0.7074546255077224
1,0.8242113123221791
1,0.6501018090030358
1,0.86507902448285
1,0.8125954727453698
1,0.8720144372189617
0,0.7229919975673273
0,0.20265036082440469
1,0.7761058749219646
0,0.566503510351929
0,0.11158254097389833
0,0.0423117487515989
0,0.28868998103752386
0,0.19143339452895908
0,0.3098210620369864
1,0.9771385800207008
0,0.025739134250173684
1,0.49304218706255687
0,0.08454355756315511
0,0.1695902923028794
1,0.7619802231935147
0,0.538764457228836
1,0.832289017823049
0,0.07176158386217883
1,0.30966580289857726
1,0.9921814442001337
1,0.9035337155409694
0,0.06388536178550651
1,0.9314693726231418
1,0.8306255541704187
1,0.6462729390575905
1,0.7525995750614618
0,0.14534092189159978
0,0.23104092209148958
0,0.4064014600573346
1,0.7993783193232209
1,0.8729255235562523
0,0.04972909464647683
0,0.046308748174237094
1,0.40602431685310475
0,0.4359079375099277
0,0.4383248790323383
0,0.2638641691812874
1,0.9851982605794664
1,0.7097996283183134
1,0.846514215970961
1,0.6323631479065261
1,0.3476687155416533
0,0.19453407005941928
0,0.22225992923840382
0,0.38555854098486936
0,0.062130013882562216
0,0.097108188809533
1,0.8819803727005204
0,0.20808803415696844
0,0.33722459775925673
1,0.9033170124062669
0,0.3087932084479358
0,0.3087932084479358
0,0.4317689853927073
0,0.4817211598205862
1,0.5448859992282264
0,0.38682190192789795
0,0.38682190192789795
0,0.23007165415566055
1,0.7507068862754556
1,0.8517677978012583
1,0.9045976334586763
0,0.3953740586450462
1,0.36284605843732554
0,0.4346316644115483
0,0.5708662841723486
0,0.12377343096902091
1,0.48201532088152915
0,0.24621615732740787
0,0.17510850201383407
0,0.14429599792963396
0,0.1409704758947811
1,0.12197532428162126
0,0.06257552986117661
0,0.06285463259510343
0,0.05523531653256564
0,0.042990039395993954
0,0.08460163309886025
0,0.1747229752733864
0,0.12754890933768506
1,0.6144046558732296
1,0.6481066898979496
1,0.9083896804088712
1,0.8373721808333853
1,0.8363256930904885
1,0.8618877871926275
1,0.8258456911036092
0,0.17824807772151188
1,0.8465331344972907
1,0.8389486527065948
0,0.09083913595907571
0,0.08884247567906249
0,0.12646316465439425
1,0.9144917323209673
1,0.9561830931375596
0,0.1732859816128947
0,0.10827294449205316
1,0.9760128331856062
0,0.4451838630691324
1,0.6030810480094062
0,0.6030810480094062
0,0.6262891171396017
0,0.46938881434746565
0,0.6955105290412575
1,0.7044653461508734
0,0.10837610616761964
0,0.13736733188324213
1,0.9364147926692543
1,0.8437971550456291
1,0.2869870508510117
0,0.46946890398746055
0,0.5306377805773264
0,0.1731803572546462
0,0.15608125391926744
0,0.021475698096014056
0,0.018655172242886837
1,0.40213832066484395
0,0.1152322948711695
0,0.1333874358344211
0,0.1837034189217553
0,0.3416133384058189
0,0.2322124511050453
0,0.3229308475229197
0,0.4057758267113407
1,0.5397757705576636
0,0.36601107716394055
1,0.28490126673755833
1,0.26304581409433686
0,0.11782751375851447
0,0.12777977002758506
0,0.4151422947269008
1,0.8980028717850098
0,0.09481764257612042
1,0.7955269093067722
0,0.03227253461464414
0,0.18236777487675934
1,0.9336206641550102
1,0.9515317379857459
0,0.2526724340422624
0,0.20281039227267092
0,0.09603911291942166
0,0.09603911291942166
0,0.3723598958063909
1,0.9805615172563567
1,0.9682158155675376
1,0.9716984612519703
1,0.9716984612519703
1,0.7698184730502604
1,0.2906417908006958
0,0.24583440919669933
1,0.8530240488396025
1,0.924138451230943
0,0.6830375814246381
0,0.6801153926486674
0,0.6744057413693236
1,0.6787836634968464
0,0.0210744919295445
0,0.226327090748739
0,0.16256247378521613
0,0.1578274744818
0,0.06847461646856262
0,0.4248397949475043
0,0.3376311809552373
0,0.4307321546678477
0,0.27061602938776347
0,0.165473679251434
0,0.4790850714402789
0,0.27061602938776347
0,0.24525073398494443
0,0.21057405721950323
0,0.3929894291760411
0,0.43742380378783
1,0.4790850714402789
1,0.8425214106458674
1,0.4414010292202218
0,0.15524292925185185
0,0.15379072240080968
0,0.10074007602180796
1,0.8361661384122921
1,0.7947740434469565
0,0.22184935355871438
0,0.24014989675129536
0,0.27820202818171225
0,0.14254110478752527
1,0.7650126218128539
0,0.1562894573051452
0,0.05185124571146734
1,0.8431355269302143
1,0.7803933370325075
1,0.6392421181490946
1,0.7581366636140671
0,0.16102796979343076
0,0.34965907360588167
1,0.9650835666415672
1,0.6897631190257012
1,0.4448444363938651
1,0.3699898910867951
1,0.9705207121356716
0,0.06297112906370671
0,0.1293423341230732
1,0.7652872617186645
1,0.8426938879448158
0,0.34628822859175873
1,0.980039061177815
1,0.8915365771335926
0,0.24783202084598743
1,0.8577370816537983
0,0.2089574707413696
1,0.50111789980995
0,0.12422381353343179
0,0.1654256322300434
1,0.8061040049105426
0,0.16637659148736525
0,0.14172767954521603
0,0.14068721000851223
1,0.7119746793384243
1,0.567443783628711
0,0.16130592418592646
0,0.29728983721112157
1,0.9696427827381218
0,0.2340831454141052
1,0.8963680010718899
1,0.4483323274799489
0,0.04360557671789442
0,0.23002249939133754
1,0.826724031745412
1,0.8545686427450832
0,0.1422595208971383
1,0.9626327178407544
0,0.24499586235468945
1,0.9117942426996591
1,0.9126005354838991
0,0.02421568325412194
1,0.9268992229155807
1,0.7227581866629202
1,0.9099546820418115
0,0.0629878392528055
1,0.6413458739679141
1,0.547843103321687
1,0.9950870263068327
1,0.9949037789765518
1,0.9950870263068327
1,0.9949037789765518
1,0.9949037789765518
1,0.9651773738498519
1,0.9774810944797108
1,0.924735506045723
1,0.8988367978912419
0,0.053412540228188796
1,0.7219717643777104
0,0.33303944290408294
1,0.8269453256884559
1,0.7543647543445593
1,0.7929808907852671
0,0.24911409178243538
0,0.05133282446956523
1,0.3113456504548572
1,0.3002060082142461
0,0.3791347918565695
1,0.8494688131835308
1,0.43650352523901725
1,0.46119592513945973
1,0.7639517581960382
0,0.6561512111645956
0,0.5453323522546215
0,0.13819410405284813
0,0.6518496940550835
0,0.6004861839326086
0,0.2757764655474595
0,0.44099026752478676
0,0.5255046016702117
0,0.527341130225174
0,0.473049840847929
1,0.7083811643567314
1,0.46045786747610956
1,0.49330223681888535
1,0.48430983374805536
0,0.12964751425785603
0,0.3873507506654559
0,0.3528040189506846
0,0.05304946867924994
0,0.1371958428346795
1,0.8664942611029464
0,0.35751204183596397
0,0.4496188502751847
0,0.13363606271891892
0,0.2818020862859744
1,0.5822926447672869
1,0.957601375549213
1,0.957601375549213
1,0.927813152226774
1,0.8359427125374465
1,0.8166381050298285
1,0.9249126445092206
0,0.359042540851323
0,0.37265869646009303
1,0.6956771997399979
1,0.9705462169808795
0,0.5195252784317211
0,0.13191858989393276
0,0.29201348072599265
0,0.24833848445801018
1,0.5890174651398506
0,0.030105511276199082
0,0.16031667093007362
0,0.3413458790491806
1,0.32711963463201427
0,0.24126780103366044
1,0.2682078625260628
0,0.3185602349310673
1,0.8852985208590841
1,0.9506634056229349
1,0.6522828252066439
1,0.5711411172476643
1,0.5462058409469239
0,0.10863216126611609
0,0.10735235538042011
0,0.6103380436082457
0,0.2785982051486514
0,0.40895966357783364
0,0.36167608003664675
1,0.6426907087946111
1,0.9098527355557724
1,0.9098527355557724
1,0.7183789177822595
0,0.38421774964611577
1,0.49530668820093704
1,0.8396354817737992
0,0.585204959366976
0,0.039580000186420446
1,0.8322274697343168
1,0.18024939738690388
1,0.9617389965651352
1,0.9664357692905079
1,0.9540137503832749
1,0.9664357692905079
0,0.24340663318411945
1,0.8759521970719043
0,0.5097156418505999
0,0.5699486258457467
0,0.6426398865375219
1,0.646410362594684
0,0.13200230911281333
0,0.051694640781440655
1,0.6074481064689256
1,0.8354890402453219
0,0.24917002576804326
1,0.9075380187615836
1,0.9075380187615836
0,0.39887794577625396
1,0.8031494954835717
1,0.22298593210411533
1,0.7938457379612174
0,0.06853372689488786
1,0.7045740157884522
1,0.7045740157884522
0,0.1738766450269216
0,0.20202343041862644
1,0.23752672741354713
1,0.9495657522736642
0,0.17947544651876676
0,0.21232231498170231
1,0.3197639880129158
0,0.18741310917626308
0,0.030850155513514367
0,0.34275812764793184
0,0.5118626652010289
1,0.574922813100275
0,0.09083137449800179
0,0.06939250789536094
1,0.8147404201992869
1,0.8774870313528349
1,0.8993364487278169
0,0.09344771801397764
0,0.1546155364184483
1,0.24258691378810765
0,0.6843636306776164
0,0.5604576815722968
1,0.9061169875076991
0,0.05194372737256904
0,0.14246713954185958
0,0.5223716614581949
0,0.2026881599654218
1,0.9198550728241289
1,0.8434260570020842
1,0.674863099891856
0,0.13981114172819303
1,0.8233622250457049
1,0.30714436263774875
0,0.0938783559897675
0,0.06056393552785627
1,0.8535773092144483
0,0.19804157727563024
0,0.14500645455606037
0,0.10251686478983596
0,0.12766959101572262
1,0.4084380910565009
1,0.6558606969217975
0,0.18661467764821807
0,0.39436647310590833
0,0.04711233138985679
1,0.8188938218761534
1,0.983991804366962
0,0.36749517274149546
0,0.19084630797708563
1,0.6836492174195906
1,0.938749532364071
1,0.938749532364071
1,0.9171109801789965
1,0.3897060978722764
1,0.28464998325916663
0,0.10569528914118315
0,0.09599882526091857
0,0.2180692513705769
0,0.16098288835369115
1,0.8060020230579005
0,0.15394522936652338
0,0.48055849440627707
1,0.9606573596134803
1,0.6051861574070765
1,0.6051861574070765
1,0.7121405222816811
1,0.43982714122299693
0,0.46498039777858974
1,0.9411336336000652
1,0.9383010920759131
0,0.5054148640283227
1,0.7164848902917624
0,0.022241279068366003
1,0.8748878112650542
0,0.21646647694827947
1,0.7567908791709994
1,0.9522504305605033
0,0.680961503709023
1,0.8303580103167493
0,0.20315279823259788
0,0.09812181395137638
0,0.1459296380197199
0,0.5815878108388985
0,0.16895317700376847
1,0.8199073179675719
0,0.10966268170330339
1,0.9619801105735774
0,0.09462215043394548
1,0.9486817824402929
0,0.4496654612826548
0,0.16179524775553153
0,0.20241634563582148
0,0.5539938337279761
1,0.9614835322451358
1,0.7553764849214778
0,0.30983745598011986
0,0.35744586160196834
1,0.878044261779483
1,0.9485428113173442
0,0.12528607332076883
0,0.15536381607963384
0,0.08788061128430862
1,0.7103236313751741
1,0.7162337432756778
1,0.7509689865550232
0,0.08240448044355923
0,0.4639626344532804
0,0.1534317250425541
0,0.2085721282047442
0,0.267955556760018
0,0.2914477354396197
0,0.10593657310834882
1,0.9838052757039786
1,0.9840831582604407
1,0.794282257549322
1,0.8499114928888389
1,0.5861332092821319
1,0.6173223734084594
0,0.14350883389456007
1,0.90950094253648
1,0.8042806411121864
0,0.5901570113356508
0,0.11408720236633832
0,0.04957063664451647
0,0.12331366428734536
1,0.7930595036820136
0,0.07989863407708112
0,0.06278219689311149
0,0.0696618146010589
0,0.03884046177547469
0,0.05643971260388527
0,0.03970565158263483
1,0.7088757197675528
1,0.5565659639713514
1,0.41121703945427507
0,0.15988353557679044
1,0.8986022912649552
0,0.34634678279788844
0,0.23517678561477756
1,0.34206071846020436
1,0.9216813293191572
1,0.8901102002302498
1,0.939395581436474
1,0.8479087246230786
0,0.82180102296973
0,0.475779000867453
1,0.46575641640919824
1,0.8573973537169102
1,0.8337821645144607
0,0.09510945521756842
1,0.8211325964238588
1,0.46341693224948827
0,0.2909453264996915
1,0.8905266763993778
1,0.2022545158981213
0,0.06175817998598448
0,0.04026295072506858
0,0.04026295072506858
0,0.1362437525094273
0,0.05614288396765045
0,0.08727487752871231
0,0.12014347821841201
0,0.1987422144216997
1,0.8580584159728449
1,0.8580584159728449
0,0.11597056934889302
1,0.3492918471208469
0,0.16710525040345872
0,0.17470334031524457
0,0.11048380289359765
0,0.10905780016393377
0,0.06960650657849053
0,0.5297850815726316
0,0.15315589428575996
0,0.06883744438688583
1,0.6133634245383288
1,0.5435861811987533
0,0.25819958976240137
0,0.2136322232192732
0,0.36312003406611265
1,0.6898268846835917
0,0.2388857200547537
0,0.17939251125657382
0,0.22535712561268706
0,0.12843385326072718
0,0.39270926085684627
1,0.9619775336891827
1,0.8832554167645474
1,0.7311973829653152
1,0.8719383853829804
1,0.8168674493510221
1,0.5855197524949999
0,0.1692508583253274
1,0.7480570213972962
1,0.3370507736419291
1,0.9823696273317237
1,0.9928257501938649
1,0.7780148344045481
0,0.24163748034306118
1,0.7644596960768137
0,0.0881072526625837
1,0.854432812457063
1,0.8057167557572553
0,0.1334896066464899
0,0.07407833005241561
1,0.967235117436451
1,0.16894802237832443
0,0.19976044309642058
1,0.9092672015539714
1,0.7257345723623587
1,0.8349183846644925
0,0.03500257408041535
1,0.7166288989532942
1,0.9456522359225413
1,0.9661362803303475
0,0.20487326302234607
0,0.167617318965395
1,0.8823368097237687
0,0.09181797604387609
1,0.7710242338582112
1,0.43604455327292346
0,0.13153908511378445
0,0.2368102007347543
1,0.658059606541664
1,0.9389300650859967
0,0.053936878983062174
0,0.12843113180013782
0,0.1018439274329253
0,0.0784337934671364
1,0.27854648270911336
1,0.7809757745487135
0,0.07610567068951768
0,0.21521182797335425
1,0.8061419117999842
0,0.1521349277042649
0,0.38205461121032713
0,0.0812085671074874
1,0.7190349193779435
0,0.08252344906620682
0,0.08396359616044528
0,0.1732294598356681
0,0.1622062131367896
1,0.6601584519278725
0,0.26703613839149454
1,0.6297875307089158
0,0.1934251046270706
0,0.1447622223576097
1,0.14806212631231366
0,0.11408501108387627
0,0.14577220070322788
1,0.8644142784593567
0,0.2215353662480677
0,0.13049091638174096
1,0.5708262871590757
1,0.49367531794942443
0,0.1851073509947121
0,0.19696675218386023
0,0.22719362614013353
0,0.5293442224950364
0,0.2587890229338452
0,0.24677808512433755
0,0.10661354643752242
0,0.26666521611011723
0,0.1678582547006597
0,0.08677574404726335
1,0.8597503690075982
1,0.9455253208367285
1,0.9455253208367285
0,0.32176254725505554
1,0.899898601868175
1,0.9385248991628192
1,0.9322670078618596
1,0.5544334191779754
1,0.6934260300632599
0,0.6175499599672988
0,0.050122461266265426
1,0.3461965929020989
0,0.1655657942034015
1,0.3642477594293371
1,0.6495517301070323
1,0.6771493504704733
1,0.9340329925774669
0,0.21294638595644816
0,0.302939187968689
1,0.3409496030034432
1,0.8388882992885658
0,0.4939290613306035
0,0.20714503394952466
1,0.9895630734815865
1,0.9663137011125644
1,0.9876081077320447
1,0.5531793004181741
0,0.06704217632478064
0,0.21732598577789497
0,0.28349724325770087
0,0.27366580536575663
1,0.7039065865542615
1,0.9310848201840793
0,0.4534850732316401
1,0.5807251476261893
1,0.5745660399754905
1,0.6752453484760038
0,0.2752919364813765
0,0.1865757023685542
0,0.27655193935103367
0,0.05533790365369294
0,0.540031058035961
0,0.31942084143901667
1,0.8325205908505542
0,0.35520285358713105
0,0.32688789123024187
0,0.0611426563048624
1,0.8802578800229272
0,0.1599293106678635
0,0.39538442487673797
0,0.297684952725892
0,0.06056791323412902
1,0.909081124407484
0,0.06557632765669408
0,0.0676925059770237
0,0.13511208486460563
0,0.10796481339080871
1,0.7971773654497126
0,0.28011958380150603
0,0.044622792276579865
0,0.12777493394994005
1,0.8006373600866681
1,0.8682202717101022
0,0.14772994047716417
0,0.16540374179639383
0,0.22467304740304164
0,0.12473241052779983
0,0.17378719307889834
0,0.12189182260848339
0,0.22771321606610553
0,0.2097130949053395
1,0.9773524341507167
1,0.9773524341507167
0,0.02514659003220389
1,0.8243805552611013
1,0.45958892345633384
0,0.28624782738396437
1,0.5737558690371438
1,0.7312402768929136
0,0.005889378043334483
0,0.06890064309039942
1,0.9346986243945085
1,0.8536793411542019
1,0.36120212650108724
1,0.7236698038601702
1,0.9315155853138813
0,0.17175432622981426
0,0.2299255912919836
1,0.7856477977017693
0,0.15415943643932542
0,0.16972952431200353
1,0.8906554432474479
1,0.8932378329052928
0,0.08384849257849501
1,0.8107067767602525
0,0.3141478862597958
0,0.22489724102729225
0,0.1962443056926683
0,0.30271435721992146
0,0.3557470741213332
0,0.13703031504120475
1,0.5796848083820555
1,0.7601696685016478
0,0.31085031560793314
1,0.948612621508086
1,0.7921760071432147
0,0.11564226447869219
0,0.08408029574800865
0,0.07806140031339577
0,0.1443680616382117
0,0.06383512490856605
1,0.9900710774957905
1,0.8533077095162737
0,0.20308910556217807
0,0.14766059054086758
0,0.07133047571726546
0,0.1389731557460843
0,0.10171358883198613
0,0.27522405400076916
1,0.7133932086961351
0,0.12232365274501153
1,0.5664658831311308
0,0.20027440734949672
1,0.9154782200395752
0,0.09150381282458739
0,0.09036464920698478
1,0.9925533867273173
1,0.9776645745212837
1,0.9936870848280257
1,0.9880864709364082
1,0.9776645745212837
0,0.014474446575443093
0,0.018878251621237695
0,0.15187903230647826
0,0.4658508588306923
1,0.7804913282897745
1,0.7354377045110774
1,0.8919931195051634
1,0.9234021283762335
0,0.2849111837399451
1,0.7810326310539331
1,0.9671328623517699
0,0.2051621290769306
0,0.20714574469307986
1,0.548168709084464
1,0.23384497214787617
1,0.2557479741014013
1,0.7831954294227729
0,0.14133734476766674
1,0.870313914566743
1,0.9650061345775528
1,0.6827100728092995
0,0.15261903291970214
1,0.5422850429383745
0,0.2407447574889799
0,0.17144212729666491
0,0.10346866370563478
0,0.1801925699718092
0,0.22916081713169217
1,0.6882805269636251
1,0.9915988270615659
1,0.7338444115934015
1,0.7338444115934015
1,0.8257351810636796
0,0.4405764566931869
1,0.18658876617242875
1,0.9342502723547244
0,0.1413455911569866
0,0.2555435066843853
1,0.829769205987082
0,0.32754479024346694
1,0.38230194240688203
1,0.6091537142610596
1,0.9060276569274299
0,0.5115562090114831
1,0.5116462989360853
0,0.6203026864710653
0,0.6817551145728489
1,0.6459641301935033
1,0.6640298111628551
1,0.7384801407591802
1,0.9111204551954606
1,0.9935277625629677
0,0.19953811599941673
1,0.8491513087761343
1,0.9777889880453873
1,0.952032739581313
1,0.9710053302287397
1,0.9777889880453873
1,0.942126936492583
1,0.9781889203273253
1,0.9777889880453873
1,0.9274222289196222
1,0.9669163722270429
1,0.9796429891754185
1,0.9256726198302939
1,0.9541038451646436
1,0.9771833402181354
1,0.9746519343756658
1,0.6407044312263572
1,0.48959277922857175
1,0.8058144263689422
1,0.5429487784238196
1,0.6914990694615751
1,0.9963189037090247
1,0.9891957422923219
1,0.9615464885935922
1,0.9509239877488572
1,0.7847816182839311
0,0.027918480633992288
0,0.024257207304662916
0,0.11551352719991984
0,0.25174561643378135
0,0.3443848380819377
1,0.7333809319034991
1,0.7965171191052323
0,0.5112134757302946
0,0.0484042511719115
0,0.24012272476386834
0,0.20648651067866922
1,0.9041892179075626
0,0.0843036706822298
0,0.05363624095414617
0,0.039810051011183276
0,0.04272692238799006
0,0.04216618390135451
1,0.7770502479310603
1,0.7274603719445806
1,0.9782474979202588
1,0.9837486651529402
1,0.6806291539169481
1,0.6806291539169481
1,0.5512442134886916
1,0.7517524173561627
0,0.6284135073547913
1,0.29401634373173624
1,0.9033170124062669
0,0.44883105532593176
1,0.8738826008962635
0,0.14280677261806698
1,0.5157175464159564
1,0.6490462510441973
0,0.21107158983902496
0,0.3636789706656214
0,0.13970047948286365
0,0.15556493009069136
1,0.5261092372082845
1,0.6177025545586194
1,0.7505127128635971
0,0.28099449800308207
0,0.022786484846543213
0,0.039501083177178826
1,0.590899486377838
0,0.08590531620973484
1,0.2980394493038983
0,0.4742565884866832
1,0.27304123525727636
1,0.40670288944376
0,0.14836106431368246
0,0.17423112304607194
0,0.0862772236739912
0,0.17423112304607194
1,0.5969108680144803
1,0.5592733336154916
0,0.12145612386667771
1,0.30600909185991293
1,0.7053342056950934
1,0.5661692036813435
1,0.7678146337410959
1,0.7158878539244238
1,0.7148356146789896
1,0.8718720228452443
0,0.3181693088709448
1,0.7960215260084905
0,0.20437913606748406
1,0.8883056659155183
1,0.6212282668770546
1,0.878091854130634
1,0.5975139427596793
0,0.11561825563898594
0,0.16424655579987577
1,0.820194626035422
0,0.0813658988637617
0,0.1365729542727632
1,0.20058587574045558
1,0.35976749085801224
0,0.07537014174224785
0,0.3733683377181575
1,0.7073358190195069
1,0.5415962059022568
0,0.15252012018979713
1,0.912457089585664
0,0.4035420977164207
0,0.10978955925642189
0,0.10657558388242903
0,0.018081521260439923
0,0.28220909595433963
0,0.48827803397499775
0,0.47505060380838454
0,0.22308100286263166
0,0.21003982136491614
0,0.1707816737519712
1,0.4488236168455752
0,0.4488236168455752
1,0.4578215571801599
0,0.5612975768186124
0,0.5784433910747155
0,0.34093928629966863
1,0.6401250597408695
0,0.09641168062224535
0,0.08797916239905347
0,0.09641168062224535
1,0.6401250597408695
1,0.38617931808333805
0,0.238725213924513
0,0.2208591322445453
0,0.2916529152908402
0,0.06333213997030467
1,0.7669358808224542
0,0.1354941382292097
1,0.28052003101334694
0,0.15843704120982108
0,0.35649598400029
1,0.8969073575935024
1,0.868636788101778
0,0.6718584123334898
0,0.8213623198347481
0,0.6619595933495688
1,0.8213623198347481
1,0.8192200604542063
1,0.8150902179752544
1,0.8652368556527934
1,0.5585623853835584
0,0.12912043416816138
0,0.13597587495108462
1,0.6495973316603811
0,0.3509158240137286
1,0.8638590252676426
1,0.8379719595228743
1,0.91708479431594
0,0.09659690175328628
0,0.23952184372145563
1,0.6298353253022845
1,0.8437021096985615
0,0.2273520732233894
0,0.22980057103742202
0,0.25114929281801385
0,0.14820706244222176
1,0.1489577186395645
0,0.1827993432151972
1,0.6297031828142908
1,0.938749532364071
1,0.5966678248978111
1,0.8965075231099193
0,0.6705023902054804
0,0.3480004417349783
0,0.1872863768373164
0,0.3435501795687644
0,0.25183544690279186
1,0.8364852536228824
1,0.8798605140656813
1,0.8798605140656813
0,0.23866788095098518
1,0.5379348025539025
1,0.5305120334556664
0,0.18309611931798125
0,0.13069660824407156
0,0.054725446172462174
0,0.08261889249652361
0,0.15868489118027373
0,0.07213865553088952
1,0.6719432400812891
0,0.06574521743668021
0,0.35496139615335326
1,0.7617063443757041
1,0.7617063443757041
1,0.7978283672204701
1,0.7978283672204701
0,0.08827498389941774
0,0.4515300672004678
1,0.8338437620715548
0,0.5762985585514476
1,0.9732946914283604
1,0.9604135507500489
0,0.059425974318679846
0,0.13249416596034505
0,0.5166763959656956
0,0.027598764870380255
0,0.026091613022597146
1,0.6455878227148163
1,0.9216905050521257
0,0.14433725740963624
0,0.24465099360942844
0,0.4166582118526937
0,0.5442193813165586
0,0.5172478945873874
1,0.9359705530252277
1,0.9160990061906394
1,0.9059920993649109
1,0.7845298918268228
0,0.6999983300232673
0,0.32441231153246103
1,0.9088665265159226
1,0.9586331223549361
1,0.9388060475021025
1,0.7935239373722529
0,0.17105607259238473
0,0.07534577633892019
1,0.8198578642576408
1,0.8227416862068941
1,0.6873512065949817
1,0.6135990179444403
0,0.13676865203344266
1,0.9550740656859991
1,0.9045988302189479
0,0.03653680432552688
0,0.40564784550422195
0,0.027125035027475868
1,0.4747431987287984
1,0.592771460739062
0,0.11105928735366558
0,0.11912270347956291
0,0.5556643305439168
0,0.08669373141040754
1,0.8666697091996212
0,0.14672032170873928
0,0.14847628065574728
1,0.8017801783209634
0,0.15133558833731334
0,0.1804850921419529
1,0.3651729390117145
1,0.9028454663096722
0,0.06885519757115523
1,0.8046654987992897
1,0.8471940252499165
1,0.9534811016513369
1,0.957903904844265
0,0.3695087430122283
1,0.9329856927194523
0,0.4893389551289772
0,0.2799863360421182
1,0.9864346794923848
1,0.9280411080866812
1,0.9150163052444301
0,0.24540828908507387
0,0.41461780640379886
0,0.0961210648670603
0,0.5251692279573635
1,0.6887407718660408
1,0.7822360264967285
1,0.8847252230908754
0,0.6008904691642571
0,0.012728572219950322
0,0.25796758783825047
0,0.2087107333841931
1,0.9814883659213756
0,0.31514371123733637
1,0.9651553643284844
1,0.34425143697372185
0,0.11036720245281968
0,0.2950348049497981
0,0.048811631591566346
0,0.205211294917431
0,0.23581991940528732
0,0.02021115423623849
0,0.5269001152961331
0,0.12561298192305273
0,0.12561298192305273
0,0.12561298192305273
1,0.8344488178758023
0,0.12080605569500649
0,0.1764841498049399
0,0.2891133933298838
1,0.8051272987033699
1,0.5471231461440664
1,0.536752314665836
1,0.9087852676939825
1,0.7439094034578612
1,0.9278045783866963
0,0.2699089297158668
1,0.9569806076760806
1,0.6892518907392384
0,0.22660650234897356
0,0.22660650234897356
1,0.909776461796691
0,0.35697007709500045
0,0.3415208968341836
1,0.7691596899552934
1,0.5050624947698338
1,0.954217054810803
1,0.9843020814080851
1,0.9834939778158682
1,0.9641533494735055
1,0.9848889424284768
1,0.9848889424284768
1,0.9848889424284768
1,0.9638122250369465
1,0.9641533494735055
1,0.9638122250369465
1,0.9468754026217387
1,0.9610131083962561
1,0.9843020814080851
1,0.9848889424284768
1,0.9848889424284768
1,0.9848889424284768
1,0.9832165657233178
0,0.19170339486010762
1,0.2734456021134204
1,0.6840102419888408
1,0.7098625795710441
0,0.1604694731234762
0,0.177936416038067
0,0.10917628441454758
1,0.750170666565164
1,0.6274566535864742
0,0.17708623355395137
0,0.17708623355395137
1,0.8999512999101393
1,0.6438939188018347
1,0.8848140977567848
1,0.6576884713969569
0,0.17644671668766634
0,0.06563883371525867
0,0.12928495409528606
0,0.25592984697516985
1,0.2827733611514138
1,0.7317487734319607
1,0.7934558572032046
1,0.8509896598635143
1,0.8509896598635143
1,0.7710961414174038
1,0.8235531563606169
0,0.17096117990283527
0,0.5024342810603422
0,0.3138783790796678
1,0.7614049777652606
1,0.9750328815467209
0,0.12399223630999406
0,0.12449988106701441
0,0.12517056561451298
0,0.17353643741459984
1,0.9653946628022221
1,0.9602163222910813
1,0.24083784398452615
0,0.1730103284948354
0,0.08557551481530762
1,0.6758778228623437
0,0.5076826414482529
1,0.3525547216182969
1,0.9820748557717621
0,0.15123974258394915
0,0.1880225721877824
1,0.7403337658972434
1,0.9756587785365768
0,0.25697439193387567
0,0.022241279068366003
1,0.9397396667846368
0,0.5597622254936359
1,0.8750508876323903
1,0.9698584417046533
1,0.5488487071498248
1,0.5488487071498248
0,0.17497062801306423
0,0.1269107533675013
1,0.5525752666410048
0,0.1200728170968423
1,0.7243238359352182
1,0.6201473560505256
1,0.6488832054138907
0,0.1952876222588912
1,0.3187821464475615
0,0.24711464956564136
0,0.1809568735009899
0,0.10379201796087506
0,0.08789240312888909
0,0.08789240312888909
0,0.11522918705390811
1,0.9707959813164031
0,0.2688085497831446
0,0.31560184594756
1,0.829389628479444
0,0.2686015263480188
1,0.8698276748616687
1,0.5786564607661407
1,0.7838365976663603
0,0.6529767057219916
0,0.3613059330924872
0,0.16696961894976664
0,0.18017789041796164
0,0.17086618501834058
0,0.2583547921620186
0,0.26541930486954546
0,0.49083663386550486
0,0.5819984649616239
0,0.1643926281179181
0,0.0935712992203153
0,0.31906303453926677
0,0.0674096777730788
0,0.6952057288578738
0,0.6952057288578738
0,0.6360643694304395
0,0.6235604313928125
0,0.5501561968917467
1,0.7544497732188297
1,0.7368440445147353
1,0.6210236063621449
1,0.8239552060856259
1,0.6952057288578738
1,0.6952057288578738
1,0.7149776562976722
1,0.6952057288578738
1,0.7033907054744446
0,0.29256090069553464
0,0.1153640793138974
0,0.44715628851744416
1,0.9758181705116468
1,0.8634903143279301
1,0.7608872373948419
0,0.5205715118573842
1,0.3727271006509078
1,0.6912402099154356
1,0.913006480676782
1,0.640686272119657
1,0.640686272119657
1,0.640686272119657
1,0.7459030883441763
1,0.7157799399258442
1,0.721105298429137
1,0.6607100374874609
1,0.8613315031130729
0,0.5306727113691565
1,0.7546802897415991
1,0.9010108115086416
1,0.8455627085674873
1,0.9009925464673807
1,0.8756130403760717
0,0.3854529986839121
0,0.4567175610451598
0,0.23343851190811302
0,0.11819962633550755
0,0.10297212234367172
1,0.8034010030153507
0,0.5685947433441773
1,0.948061430317301
1,0.9098663298873255
1,0.7197055796146594
1,0.6102556154515439
1,0.8618238511827766
1,0.6042857665503576
0,0.15763925545783156
0,0.13043858932662672
1,0.8571325506577997
0,0.2565432311295466
0,0.2565432311295466
0,0.35194898279289466
0,0.042137247067752785
1,0.6890100395832442
1,0.9133888490825625
1,0.8989828220132104
1,0.8918558480476445
1,0.7589880625840677
1,0.6960594130558702
1,0.7047512654731093
1,0.9075380187615836
0,0.22977020758019043
0,0.23745444074350663
0,0.2614806207661467
0,0.5125505537393245
1,0.40887450182812257
0,0.2506425772804402
1,0.4704555507393154
1,0.9233316391810416
1,0.24829118628749353
0,0.0880093299333089
1,0.7518371824016785
0,0.5774650971131996
1,0.5777781539720279
1,0.7994402866025029
0,0.043481625825267774
1,0.9015675966127856
0,0.43896589739760733
0,0.10479546883645564
1,0.4611510495032507
0,0.21907696593395737
0,0.17739924610901703
0,0.147024604460602
1,0.8875004525372969
1,0.4754569105493069
1,0.6989448892336262
0,0.3249039215207455
0,0.37149639252230643
0,0.18368360787829796
0,0.0989159719327848
0,0.15368271997162206
1,0.6182664162814964
1,0.7544611438902756
0,0.16222374794056751
0,0.22431026258545628
1,0.7242156300683211
1,0.8726003004042752
0,0.1373546301920326
0,0.0390038714033538
1,0.9057077119411852
1,0.9354286223469248
1,0.9094894603274453
1,0.8898095497920285
1,0.9368217302899268
1,0.9400620675080834
1,0.42454104022712164
0,0.27487072832867765
1,0.9598546266959918
0,0.3706118512521207
0,0.08023082276177675
0,0.017341176807517678
0,0.017341176807517678
0,0.017341176807517678
0,0.017341176807517678
1,0.46644578116471525
1,0.6319730627746152
0,0.46791908971349766
0,0.26048804619911226
0,0.28153904762906523
0,0.20950222382063036
0,0.12263619111780684
1,0.7985485801727988
0,0.17609577187681696
0,0.24013076729875818
0,0.2854415442339963
0,0.1298335158666554
0,0.17063637870436849
0,0.09868164995693461
0,0.049983732614521686
0,0.06832187572701183
0,0.2755522219984359
0,0.11525629259729739
1,0.7647592326689424
0,0.07976824423414815
1,0.4150160390995214
0,0.12942605870493915
0,0.06422112548071637
0,0.1356015517746351
0,0.17454123345308953
0,0.1541946271267978
1,0.8891075984340522
0,0.555164823199342
0,0.24988696033837987
0,0.25994029838345195
0,0.2021735410772068
0,0.2507308475968794
0,0.09855481525578992
1,0.9682529901721341
1,0.992019555958472
0,0.3455492194114653
0,0.09107438925652286
1,0.9545124956555823
0,0.21057391662276617
0,0.09987808117491993
0,0.06963054393988255
0,0.06613392771061964
0,0.19608699121166775
0,0.08510534907513806
0,0.1265331282426771
0,0.06110108500299037
0,0.2273969315955711
0,0.1491631077874822
0,0.1491631077874822
0,0.14032396442218434
0,0.16271853498091812
0,0.23105582877785708
0,0.11579510819040277
0,0.537275082961048
0,0.4206382871597762
0,0.22959118969765466
1,0.4908241025375962
1,0.2052634646927167
1,0.24587158581933438
1,0.5290367406907275
0,0.5997527720135455
0,0.19796286479145267
0,0.23769395301437754
0,0.2216483352633036
0,0.22298901866931717
0,0.011411293112711218
0,0.011411293112711218
0,0.1673116435525593
1,0.7880943704772712
1,0.9543374581064422
1,0.2049462380117057
0,0.5410435013973627
1,0.8744380898953124
1,0.45397196343237534
0,0.3428788976814628
1,0.7873114489466412
1,0.6794471421895305
0,0.04671264485090653
0,0.03863602448942264
0,0.3068773896856243
1,0.9330938789649267
0,0.19200994973228497
0,0.3825233395711193
1,0.41306254588466174
1,0.6401671043929701
0,0.08122875159562873
0,0.07470494761291911
0,0.1362596667246704
0,0.15986845832560245
0,0.17626472830449172
0,0.08368449824500965
0,0.12924538754825748
0,0.07075692850108575
0,0.10912622069803304
0,0.14701724513883616
0,0.5974924085585884
1,0.5310055985537365
1,0.825621641218858
1,0.8132519012977252
1,0.8912844322164774
0,0.1772811857643211
0,0.17942443918675735
0,0.16787499221361973
0,0.08075091769457457
0,0.04904020401053747
1,0.9544939283110595
1,0.6335733539083381
0,0.09903693257033808
1,0.6375439222903854
0,0.20066368028665657
0,0.23461718143985097
0,0.17901027280424006
0,0.33591077420971344
1,0.954407853680402
0,0.14558857151817256
1,0.7647641619544194
1,0.8053976480293431
1,0.6845353886539881
1,0.6798467552693819
1,0.863504900609191
1,0.8886937069879122
0,0.38911252719085015
0,0.20539991868849156
1,0.9500282276553021
1,0.26613575444800636
0,0.18625203970795015
0,0.16633663383809486
0,0.1895018621170004
1,0.5212531336807318
1,0.9081340903360782
0,0.31189541871017906
1,0.833274946657327
0,0.05580882974823263
1,0.5305819350350871
0,0.06899694056165995
0,0.4432264142265552
0,0.16796584865338046
0,0.1781097080044835
1,0.5753488771506088
1,0.9788089690880433
1,0.9664397790182304
1,0.9690499111233665
1,0.9445860752944049
1,0.9672684279443148
1,0.9678896925766673
1,0.9732941679911068
1,0.9664397790182304
1,0.9801379602668076
1,0.9801379602668076
1,0.9384414849480441
1,0.663581828785501
1,0.8780833296646654
1,0.9081469651683324
1,0.8925874476846414
1,0.830187230459712
1,0.8953483047407939
1,0.7961374299347516
1,0.8496924076583277
1,0.9347230290059401
1,0.8168940283316654
1,0.9408161225037304
1,0.8705103998220768
1,0.8874903332762162
0,0.5895486916753412
0,0.7755370900040134
0,0.4681947105613199
1,0.7286857492989104
1,0.7112380391217892
1,0.9446136061560605
0,0.18932189192200652
0,0.18932189192200652
1,0.7686498650499366
1,0.7759926419968054
1,0.9198339615334656
0,0.33195664854479556
1,0.7745693580746225
0,0.09801894757623938
1,0.8872857484756193
0,0.3122686963426583
0,0.32351650091843914
0,0.34723638037626964
0,0.34723638037626964
1,0.9390976005732636
1,0.9936074060011338
1,0.7918008419918893
0,0.1721857662612008
1,0.32087971827421397
0,0.3206410105552457
0,0.35877867672346275
0,0.05809583090208962
0,0.10558952638285002
0,0.36952568163913985
0,0.6348659619560069
0,0.8045864255390769
0,0.6531517581074676
1,0.7501145896615226
1,0.8112883981471909
1,0.6335761494474521
1,0.8003483505832296
1,0.8045864255390769
1,0.8045864255390769
1,0.7275359137317139
0,0.051486437940389145
1,0.9166429283294291
0,0.04337085248499795
0,0.2646933056491932
0,0.1885095068562432
0,0.27751243919212043
0,0.2240083535965561
0,0.25822123418890797
0,0.24458706422260448
0,0.29268560652829134
0,0.031824827092196376
0,0.14418994111105013
0,0.1275982792776828
0,0.2731057679375644
0,0.34858275425787627
0,0.05708164637141668
1,0.9223189011280264
1,0.9879201880589786
1,0.9310344036499436
0,0.16743595293110314
0,0.27147565539080054
1,0.8571490917493724
1,0.42675718184314027
1,0.9780597888280728
1,0.9522734877095682
1,0.7236698038601702
0,0.15265503089978275
0,0.1643403568577278
0,0.15887578590677576
1,0.8956109046736523
1,0.8956109046736523
1,0.8705691683315143
0,0.15581888052472823
0,0.141723774613502
1,0.9191925883272446
1,0.8916530284567236
0,0.10609940819546677
1,0.522987713904811
1,0.48269531732728144
1,0.3268570017295304
1,0.49763834838703574
1,0.9176017344777285
0,0.17669088931348187
0,0.08801742850913459
0,0.3163667887139162
1,0.4696676258265886
0,0.2981533335487748
1,0.7956356298663289
0,0.196109537687912
0,0.049180322427124515
0,0.3977608456944104
0,0.39397591192930326
0,0.4228660410200654
1,0.6365057312310449
0,0.1747939327650117
1,0.9471731012662702
1,0.8673900367344525
0,0.7660504175633129
1,0.48818317162431063
0,0.07376858177558114
0,0.043551833586909096
0,0.3038998474513389
1,0.5162114212164622
1,0.6505735354126562
1,0.2554740632597247
0,0.3826358774795604
0,0.2521743451824644
1,0.6767737344257323
1,0.9875945151782947
1,0.5868803416373286
1,0.6938032696912467
0,0.3130459801250933
0,0.23410512934243763
0,0.1153941422951919
0,0.19402086426336937
0,0.10692687189723007
0,0.1724160118902429
0,0.449088049686405
0,0.23160379420621857
1,0.9100547320407496
0,0.2347856019124728
0,0.267820896829914
1,0.5613541490594429
1,0.675445532941984
0,0.2833423539538318
0,0.2221987487976151
0,0.45084504475178133
0,0.25049317767296886
0,0.12030737241788683
0,0.1445263818727849
0,0.13247019264608495
0,0.07370537739969293
1,0.8528682560134196
0,0.02337918357279374
0,0.26305855888717994
0,0.20649070902646274
0,0.7530124594276141
1,0.7574821693626105
0,0.3283124843170951
1,0.7949394604825393
1,0.9783398776634583
0,0.09372159473487467
1,0.973692700080525
1,0.9826262311701519
0,0.1169047671854261
0,0.09673116736958631
1,0.8510095273724594
1,0.8130891042287
1,0.755898261370265
0,0.18190653521555053
1,0.9205791003119932
1,0.7532927131577898
0,0.020568350002504964
0,0.12131354426081184
1,0.8565938483120391
0,0.21715891248246283
0,0.07486796005634153
0,0.19233501825702295
0,0.037267842848972624
0,0.06165574416264393
1,0.9756587785365768
0,0.31135411713827676
1,0.8303621865237197
0,0.13819956163999358
1,0.9754191972984885
0,0.06961910710344138
0,0.12249298777599255
0,0.427052897800213
1,0.987552407896573
0,0.03534344360729574
0,0.04516738718464506
1,0.8491431289929913
1,0.8671824594286454
1,0.8671824594286454
1,0.7772119806804241
0,0.03054060354733919
1,0.7837164094439263
1,0.9533284265463586
0,0.29951074705948144
0,0.3512924209228483
1,0.9062433682810141
0,0.045537778265037826
0,0.046832923853373544
0,0.09822637854516462
1,0.7553209839035622
1,0.9206856382915624
0,0.17359815554048333
1,0.8766265153550076
0,0.24635214762193947
1,0.9767075195346354
0,0.21176434412382164
0,0.08475741797761732
0,0.33603522680251374
1,0.2677995294087216
1,0.2798506125137158
0,0.16038439518038575
1,0.4119011743871114
0,0.20424265635598207
1,0.6794813296080656
0,0.11531495236311362
0,0.24192812953126033
0,0.19994099350605782
1,0.4722916245138195
0,0.13788647099681683
0,0.14460118407286368
0,0.06830228163330856
1,0.5542568226112898
0,0.08258399229863371
0,0.08258399229863371
0,0.12727211753820028
1,0.8406386331205241
1,0.6148023773311044
1,0.5665084820724761
1,0.41593259143424705
0,0.28942710948995276
1,0.2063619861958439
0,0.3872790254773416
1,0.685921513884133
0,0.47828004817034925
1,0.7404279993234809
1,0.7633915265402862
0,0.31760394874198417
1,0.8240442137647798
0,0.1046389697886752
0,0.07509254010093785
1,0.7970117834120374
0,0.34061932470770884
1,0.3626010047414176
0,0.051050925399681146
0,0.10254895733809279
0,0.05148543896500637
1,0.2612103606919591
0,0.17314255163244688
0,0.21142020078582266
1,0.6828436369501428
1,0.7302188310471863
0,0.38335693666247256
0,0.18650082179277191
0,0.32508191906753264
0,0.15951138149210178
0,0.4154756750850118
0,0.2951838767955593
0,0.7609799234505323
0,0.2060375107000872
1,0.686182824636085
0,0.2497353577056983
0,0.1459144219386645
1,0.8136221833068421
1,0.2748541186694076
0,0.17416068817665742
0,0.19989105007644303
1,0.4687337784347099
0,0.14663868280388484
0,0.1995218778409387
1,0.6379675270821885
0,0.06947664556622367
0,0.06948823687141992
0,0.40562773737809643
0,0.20518215609128734
0,0.7081620553501452
0,0.43904536384812043
1,0.5834054611228667
0,0.15915627411157043
0,0.019502346387483726
1,0.9764272979851917
1,0.49930032116514267
1,0.9353344322630431
1,0.9182752584255045
0,0.44496993300752335
0,0.23302383595194867
0,0.12720847080539435
1,0.9734387046775898
0,0.23302945666285466
1,0.7435120751303916
1,0.8792318051819128
1,0.6214346153179613
1,0.3474771969906808
1,0.5365535936155658
0,0.15681643225186623
0,0.05100259678582993
1,0.9259063764697628
0,0.3385857733205854
0,0.08540394229994279
0,0.13174297296327325
0,0.11802821229937684
0,0.22636867786451
0,0.16091008801390708
0,0.1805390493396305
0,0.1343393526287988
1,0.8301112418869238
0,0.20942188923108082
1,0.7317772609226089
0,0.5162682004982533
1,0.9645674471198312
1,0.7209232012864719
1,0.8768005844454083
1,0.7525027144735338
1,0.7080576248097249
0,0.4940780899154819
1,0.9298131958446622
1,0.8359456799026784
0,0.7479418408063249
0,0.26151593968303277
0,0.08621298657853473
0,0.061208419245484244
0,0.12435464782266636
0,0.272147041218324
0,0.272147041218324
0,0.3607463054074447
0,0.272147041218324
0,0.41979150259080467
0,0.4652331972525296
0,0.6401250597408695
0,0.8889967182556475
0,0.39728551851267413
1,0.8889967182556475
1,0.8774738813991216
1,0.272147041218324
1,0.8617495522965843
1,0.8218109190873264
1,0.8016424977280702
1,0.8241601835832565
1,0.8043753199445722
1,0.6401250597408695
1,0.4652331972525296
1,0.7067393820716399
1,0.8941115730250884
1,0.7067393820716399
1,0.6073453685565929
1,0.863721333881281
0,0.1991102481919409
0,0.17273339940917917
0,0.02404504407045992
0,0.2565064061083124
0,0.10432381096089603
0,0.1240787435891662
1,0.4980844345160778
1,0.8937167732250683
1,0.4726254562674059
1,0.8709887102152614
1,0.9026738752173896
1,0.6874228057343065
0,0.3853093048936167
0,0.09247972508405732
0,0.07946048460618178
0,0.11153007400137926
0,0.07865794155390601
1,0.36536041732322
1,0.7080220955967391
0,0.5038616706655362
0,0.3866315043675882
0,0.08537155438584654
0,0.2115089310453519
0,0.18546680009810187
0,0.03567894956253692
0,0.09425641002470694
0,0.27522427888173423
1,0.4792610835609943
1,0.7733396966119902
1,0.5085547238724685
1,0.5973579842198298
0,0.474354266123018
0,0.22026507843986962
1,0.6896540893911912
1,0.8138812784639354
1,0.8994115995700435
0,0.18136260527801348
0,0.10935950505516716
0,0.10155645260906605
0,0.13302907975071374
1,0.49242571989052475
1,0.9167205821183798
1,0.8285195099865034
0,0.4231260750785519
0,0.4383678939004837
1,0.39344642401138197
1,0.8271621460236817
0,0.0843979762601359
1,0.3481640375376896
0,0.23975085821195855
1,0.7520354287719513
1,0.846164560594971
1,0.8140365687858785
0,0.14439972670921172
1,0.7140700499977358
1,0.8048289937224442
1,0.3871311028724954
1,0.47271730031242143
1,0.6120347968886364
1,0.4699853371600657
1,0.6831606715824519
1,0.9501478120572451
0,0.18140783374992944
0,0.19664729474722512
0,0.23760922471848958
0,0.13744962032420135
1,0.7234024923916416
1,0.7954644997676216
1,0.9925934814584935
1,0.825189714639208
0,0.33734618977318703
0,0.33734618977318703
0,0.7666743368298191
1,0.9158117581689468
0,0.26513667116175954
1,0.9087852676939825
1,0.8111823495105652
1,0.9087852676939825
1,0.9044183331981229
1,0.9087852676939825
1,0.9087852676939825
1,0.9087852676939825
1,0.9044183331981229
1,0.9044183331981229
1,0.9792670559242757
1,0.9792670559242757
1,0.8246866291600089
1,0.8246866291600089
0,0.5256054387855055
0,0.7826443745566992
0,0.14271517615769386
1,0.8419022674493525
0,0.36689681564079984
0,0.11510363561128754
1,0.938808989270018
0,0.19834008028866604
1,0.9850605932960124
0,0.1810498712062033
0,0.10331090685467194
0,0.01276649970877064
0,0.013585621611423529
0,0.013585621611423529
1,0.6821473413149644
0,0.08944388480167746
1,0.9442758173474018
0,0.24644302803453555
1,0.3489701149201014
1,0.16714647004672842
1,0.7794187584222888
0,0.07025944806559532
1,0.9131102244180775
1,0.9131102244180775
1,0.4892184102615408
1,0.38603721192119433
1,0.7835132784789474
1,0.6131232968961944
0,0.20912373211596785
0,0.3098646008610447
0,0.10328668702037508
1,0.9623994346695363
1,0.9623994346695363
1,0.9623994346695363
1,0.7988332112033921
1,0.9875928960216657
1,0.9293548104963196
1,0.9601796222563295
1,0.9371753035427751
1,0.958146326076849
1,0.9432590104145695
0,0.300782816334024
0,0.07004607292885316
0,0.0646576951855254
0,0.41099476087589293
0,0.08138828959834292
0,0.37141219497534095
1,0.8462104841081015
1,0.7723353630500782
0,0.36815020824210903
1,0.6252215435390394
0,0.16593485515307516
0,0.06487481493181743
1,0.3433382620197718
1,0.6376422133530072
1,0.6543599641361323
1,0.4728973203420485
0,0.22064855684182774
0,0.4340929251334204
1,0.7450715373567766
0,0.5189446679295476
1,0.558199576405367
0,0.4582770158008465
0,0.48759183867739464
0,0.31206753661472714
0,0.05079207125904983
0,0.15973645615940124
0,0.06833078201875813
0,0.09142715799275344
1,0.8062700283785418
0,0.01689532533857541
1,0.6029507493392473
0,0.14495798802187743
0,0.3956779979135513
0,0.10664117839864272
0,0.19616531772925608
1,0.8075320384553013
1,0.8932378329052928
0,0.8331961374235649
0,0.044930410914010316
0,0.17083266204467953
1,0.8542404748744353
0,0.24247491329898074
1,0.8393306991166816
0,0.09396296868732901
1,0.9752800438321565
1,0.7546376716040984
0,0.2767541829689614
1,0.19842350025371033
1,0.06197207612415986
1,0.2819861598822738
0,0.06197207612415986
0,0.07263818305776601
0,0.0703226002781243
1,0.8478759837902913
0,0.3373179176940936
1,0.9143534312816811
0,0.07598093410030625
1,0.9372876139918209
1,0.9758482554773736
1,0.2863643204667241
0,0.16598490912047245
1,0.8620185405937247
1,0.6138051426574695
0,0.2858837906263677
0,0.05369088915433603
0,0.675950188931243
0,0.1242637396455924
0,0.17217791177091032
0,0.19144253284950175
0,0.16790343163549667
1,0.5660110327163945
1,0.6421411943399975
0,0.19210517248031514
0,0.6372851975622873
1,0.7642710414893397
1,0.9683350041664996
0,0.3228622787897656
0,0.4437903368824039
1,0.9310848201840793
0,0.09624958552461074
0,0.2506110273549863
0,0.04417559556489039
1,0.6487592947666478
0,0.08117847703405909
0,0.11315153957668113
0,0.11580792582125136
0,0.08770039835456239
0,0.22065766418815763
0,0.0986814688816047
0,0.12427245420575636
0,0.10252919751518255
1,0.4392853842680322
1,0.36614799563898554
1,0.9329815559052884
1,0.9322222682819293
1,0.8992333447526517
1,0.9310848201840793
1,0.9322222682819293
1,0.9898576681660486
0,0.5423872774762438
0,0.06199683585897066
0,0.029976359326864644
1,0.8546555460542933
0,0.09074743253436794
0,0.505232882688198
0,0.25297552398542833
0,0.37028645801345655
0,0.042446105438630206
1,0.95237968747661
1,0.8539030776759531
0,0.11398409839046399
0,0.056713001112024514
0,0.06623237168970338
0,0.07969661935324411
0,0.17037953042150153
0,0.4881778743160163
1,0.8742405176520809
1,0.5372183661590618
0,0.14243066755876593
1,0.9385949324647276
1,0.28127485418333575
0,0.14608893422768307
0,0.16829632076678672
0,0.14304661653999604
1,0.8160429424010068
1,0.9589251971100529
1,0.8454846157990044
1,0.8991596359715448
1,0.5483835061038806
0,0.11993953176779851
0,0.6210781997136446
1,0.7226723786964985
1,0.779587962234068
0,0.10515650776282175
0,0.30806767716420264
1,0.9310455277166225
1,0.8023920817348306
1,0.8023920817348306
1,0.7310599324066422
0,0.11884278069401011
0,0.1862100114828522
1,0.460327174081412
1,0.43406898932156396
0,0.15847740134407864
0,0.594140727031089
1,0.5874924270616028
1,0.710837604934429
1,0.6741422684626213
1,0.6945376086801045
1,0.7663432352400401
0,0.16261342675952162
0,0.3672091087027028
0,0.21300421200642158
0,0.21300421200642158
1,0.7883917751702395
0,0.21901331352286635
0,0.14150603257695896
1,0.47728362439517213
1,0.5952483133723301
0,0.26559225224066496
0,0.024709076402035103
0,0.16426306164287457
0,0.09051740422375926
1,0.6687368833742021
0,0.700352944178748
0,0.27539693205811416
0,0.24254884279783803
1,0.9300002280811898
0,0.26949938769831744
0,0.11501757280140743
0,0.22131956181272142
0,0.19701399384615895
0,0.12828681597536393
1,0.6523913028445599
0,0.1237269244754511
0,0.05063132650159122
0,0.0577896309168183
0,0.4843757813335009
1,0.2978482928094321
1,0.9398327016356677
1,0.5668615580856428
1,0.7607220317261184
1,0.9031679208392547
1,0.6951309076869315
1,0.8936818685435292
1,0.900634901200301
1,0.8936982257941618
1,0.8359827123997842
1,0.3478487020852925
1,0.6329848550858195
0,0.06766254136062987
1,0.8834475907076463
1,0.931701328189804
1,0.931701328189804
1,0.9081658809543336
1,0.8947731255333922
1,0.9129674403658083
1,0.955213738167905
1,0.9807420368580314
1,0.4640165017609869
1,0.3515011038513476
1,0.9253444262118329
1,0.939056216429436
1,0.5232258203987271
0,0.45675458153684567
0,0.33983055645276805
0,0.33983055645276805
1,0.6459160769326522
0,0.1919160271698375
1,0.6339860735312943
1,0.722224424066516
1,0.7015358844607511
1,0.5368665534481646
1,0.7131083294987257
1,0.900750620775343
1,0.8986845584414556
1,0.7945152739408149
1,0.8565360817390507
1,0.8479740321745397
0,0.20346044167599003
0,0.2691579784369139
0,0.4426592188371876
0,0.3634176760805385
0,0.21024540755424348
0,0.3535100045045104
0,0.3750217519594702
0,0.2610793442734469
0,0.3590449617178781
0,0.24535279489167533
0,0.525233748783636
0,0.3934181426591182
0,0.3004959571676841
0,0.4522808668255713
0,0.5930714098692118
0,0.48697338629629283
0,0.4277999261119005
0,0.45126952395657316
0,0.4415348640867652
0,0.3872764673057782
0,0.48697338629629283
0,0.35334256875641434
0,0.30224098625320767
1,0.4056381232381531
1,0.29315489086236657
0,0.5344337343638648
0,0.3545397501080942
0,0.30452321456881926
0,0.3062147251243544
1,0.6177466352627912
1,0.6283852688873661
0,0.21003180149525794
1,0.9600393221908647
1,0.9559079723648144
1,0.9559079723648144
1,0.9226438184787341
1,0.9262475086788144
1,0.9559079723648144
1,0.9262475086788144
1,0.9559079723648144
0,0.013887044228011956
0,0.1500494063489687
1,0.5151100915126513
0,0.16092487249342655
0,0.6289201153385533
0,0.08997228301967272
0,0.11142682146888648
0,0.06879907857656668
1,0.5866630742677631
1,0.7563426913430719
1,0.5412253143875431
1,0.6145163509727645
0,0.18263827131121194
0,0.050729529905581924
1,0.6398730854095245
1,0.7713548550865368
1,0.37996927962331956
0,0.1643040981398324
0,0.10025514855112895
0,0.07264765379068884
1,0.760202418448398
0,0.16941643745072946
0,0.07154248260068258
0,0.11393720578706408
1,0.6401212234613556
1,0.660286906925367
1,0.7979099093075129
0,0.07808544034474728
0,0.16303946875619937
1,0.6121270688767547
1,0.7510995071718446
0,0.1147583348512822
0,0.08924883569555833
1,0.7003648987072751
0,0.524460916657461
1,0.3415720264224969
0,0.3501891761502579
0,0.29000445885739784
0,0.24656023028522847
0,0.191307493007124
0,0.12226719865475084
0,0.1270672476931313
0,0.13959003738418058
0,0.04888840688174709
1,0.8259905428774842
1,0.7187736685435732
1,0.5632586768749439
1,0.9178769326523157
0,0.15582266608566
0,0.062330793476946963
0,0.05382160401249127
0,0.18353547181065577
0,0.0878627963130371
0,0.0878627963130371
0,0.07475714247250048
0,0.11928212342872761
0,0.03357209888866999
1,0.926726382874012
0,0.24117627858323779
1,0.9271549276242138
1,0.8781589457075726
1,0.798761210770231
1,0.9253777007651856
1,0.8007035030079157
1,0.798761210770231
1,0.895539339007024
1,0.7872221923990781
1,0.9202796530666542
1,0.9542900347847785
0,0.04160506696581185
0,0.2853407693927729
1,0.6485406803995972
1,0.4477258493577555
0,0.07704254431760482
0,0.13398347263660204
1,0.6595915249802206
0,0.09109295653751884
0,0.09925757719971601
0,0.09925757719971601
1,0.44546197542576366
0,0.09368020961701258
1,0.8394517861587842
0,0.18204262473805466
1,0.926133346091224
1,0.37135897537893187
1,0.6744941512616387
0,0.1668006928501735
0,0.39356685924157864
0,0.19439333501465292
0,0.062854369253438
0,0.12533257470458126
0,0.3157319683373708
0,0.16291995141101068
0,0.29390574756389354
1,0.7367894100548736
0,0.17926401332718825
0,0.3620835683443554
0,0.26866131284509137
1,0.7510161443651078
0,0.17878899286118297
0,0.4460883919259667
0,0.3449469248583871
0,0.4809201581077756
1,0.5560239036857185
1,0.8466488831709003
1,0.9287113478570627
1,0.8316179989976702
1,0.47946844735298916
1,0.7231596552266315
1,0.742733694996457
0,0.37827247410833637
0,0.10546629949648983
0,0.10546629949648983
0,0.11956072328266716
1,0.7567819444885423
0,0.3915777939061167
1,0.8158644144814484
1,0.8935081816011755
1,0.9485096171389653
1,0.9470326160817689
1,0.8949494548317247
1,0.7553754886679378
1,0.7613738733552493
0,0.33159958863332595
0,0.24844703042929867
1,0.5970529767677233
0,0.30303919165258125
1,0.6690714781862417
0,0.2562238600980668
1,0.9838124640234385
0,0.039723168074141356
0,0.03607953367025326
0,0.032567556371368996
1,0.8477848474429207
0,0.19313727172012646
0,0.08749990545269389
0,0.08433646523480716
0,0.42885933675688986
0,0.35713553199402526
0,0.35713553199402526
1,0.7275921390998163
1,0.8480812080073308
1,0.8820798958789862
0,0.1962703271100169
0,0.18204262473805466
0,0.44717048649901586
1,0.8109551820277309
1,0.6124011703176903
1,0.20144797624412586
0,0.10979279334716943
0,0.15407379546202135
0,0.2488074090550636
0,0.16135299645701032
1,0.9617700572268568
0,0.11192232720346869
0,0.11590807026211561
0,0.1140697429602759
1,0.3521987867651396
0,0.07611509058237258
0,0.21871748753470877
1,0.9743387704089183
0,0.40818653401153177
1,0.8989141054296079
0,0.48778028302896687
1,0.6973250935532085
1,0.7071491053724238
0,0.1398340097516895
0,0.41352426393297437
0,0.1669414049725286
1,0.9319450186534339
0,0.08425290619066993
1,0.9642534695207506
0,0.19994682307941594
0,0.2155054635693553
0,0.5476463899457359
0,0.2734364197383957
0,0.19196702272479127
1,0.7677708831148382
0,0.16564837693597378
0,0.2511953649546454
0,0.3753235866181684
0,0.14057006190151772
0,0.3922237343874636
1,0.5916860820174693
0,0.13285398708825286
0,0.2663883927921712
1,0.7037669628990251
0,0.5448512294169876
1,0.8911346500124973
1,0.8635192727245952
1,0.9024873107083742
0,0.3036650273569055
1,0.7262117949849423
1,0.7732273035402827
0,0.13349023471942703
0,0.4262220196935263
0,0.14950541583970156
1,0.6061749681670546
0,0.1943868701530563
0,0.18889525895728257
1,0.5240263863938283
1,0.820667277917292
1,0.806234015138489
1,0.7434783733664369
0,0.18622517260579566
0,0.22658114831899331
0,0.2994453439511482
0,0.24625761129146187
1,0.6610567588472388
0,0.40308085701977686
0,0.12358786490731385
1,0.453905497850017
1,0.8970014492907209
0,0.2226419987259563
1,0.4298864544133759
1,0.6486608705211325
1,0.9275715576371186
1,0.6974070681059046
0,0.031011477220444606
0,0.2699910212845771
0,0.5017287927396064
0,0.2660000161734216
0,0.7090370285809606
1,0.6178501764682784
1,0.7853258593692783
0,0.11538141341443034
1,0.6823858198114519
1,0.7908304067824418
1,0.9074655004716088
0,0.2631203305075661
0,0.23474118235397268
1,0.32131763332877683
0,0.3288434972920807
0,0.0946729796167389
0,0.3053127969389246
0,0.16725828971131748
0,0.21815032142526783
0,0.24955605521175234
0,0.16725828971131748
0,0.46010872462765945
0,0.4990915665605827
0,0.5457585546954794
1,0.33930602230944207
1,0.3574199810959243
1,0.596140093388967
0,0.3123251986219119
0,0.23515736968130632
1,0.8158760062869477
0,0.24024448409192925
0,0.29996722158819783
1,0.22766981298657094
1,0.930183299172706
1,0.4403404047889198
0,0.12544753798721608
1,0.47394066485825026
1,0.7231139051864016
1,0.7865761208539881
1,0.8606108657364033
1,0.2938279044107839
1,0.6976006386774649
1,0.939813413921322
1,0.7466767257375141
1,0.5717200353324647
1,0.48767497976918545
0,0.28731624772356296
0,0.23806656084214486
1,0.576800761278116
0,0.341489351215712
1,0.9874821559932642
1,0.8875774194633091
0,0.052958391429022283
0,0.28644158797146413
1,0.613607830155396
0,0.13257787277442062
0,0.10390529129992292
0,0.27197462513293114
1,0.9218469318280866
0,0.11541726860928418
1,0.4653627643452266
0,0.24327643804764623
0,0.3032932507191892
1,0.9651716147971238
1,0.6227106708052079
0,0.1369200257890862
1,0.9092700657987945
0,0.18464779134975295
1,0.6254294099299859
1,0.985406558333601
1,0.9867239200596771
1,0.9867239200596771
1,0.9877322448150662
1,0.8091909664937433
1,0.7573006337506448
1,0.25048946348759576
0,0.5384727749880753
1,0.919559740740512
1,0.9594392771799641
0,0.4013125567434297
1,0.7089945917355377
0,0.15260584822058681
0,0.5251754361431962
1,0.6992375726337493
1,0.9907056656697172
1,0.9899587196476825
1,0.9893794655989544
1,0.9825225523408029
1,0.991520609305479
1,0.9347859380100272
1,0.8894332100245845
1,0.9754937323180257
1,0.991730527454589
0,0.1645018438909363
1,0.8270598921044691
1,0.6267184873367085
1,0.502464900798213
0,0.3002432718993416
1,0.5915993972640061
0,0.25424254139999275
0,0.25344977842099375
0,0.018878251621237695
0,0.20506098655151525
1,0.7596150425928392
1,0.9403004614086722
1,0.9403004614086722
1,0.9456070554546683
1,0.7926754687720599
1,0.9288832527858939
1,0.9145945451628806
1,0.6478490125366724
0,0.6392577826851886
0,0.17526506664159797
0,0.630292044040425
0,0.8028611139742462
0,0.17383371290829555
0,0.18141779967089514
0,0.1471818584583429
0,0.2227255206283008
1,0.963502455214942
1,0.8071935010354582
1,0.49295214921746366
0,0.10161030649108659
0,0.3065586346650777
0,0.3788258706117779
0,0.1454422881401088
1,0.9026652735490879
1,0.838140757657451
1,0.9102866218410358
1,0.8273580339916702
1,0.8215031042266032
1,0.9041482307323846
1,0.961068904255872
1,0.8392170473504538
1,0.9361753039481123
1,0.9744544963879639
1,0.8464274292607373
1,0.9313137254595146
1,0.8039516707930083
1,0.9669705432498059
1,0.9131186653950876
1,0.8094114523008357
1,0.8583018317023571
1,0.8565033424943999
1,0.15374724556849093
0,0.2596129965247072
0,0.18793519020896954
1,0.36232756599053684
0,0.48739492676973567
1,0.623703319793097
0,0.27655193935103367
1,0.638755978790666
0,0.3287985670316168
0,0.1060155123119509
0,0.18503567972479953
0,0.12650984837232063
1,0.4832342980476093
1,0.9089416473676314
1,0.5709855057006796
1,0.8198249556200162
1,0.857275312709473
0,0.6865942496608812
1,0.735333827009596
1,0.8504140704993873
1,0.7658854249444395
1,0.8137338753689508
0,0.026380052041429083
1,0.6715873165123925
0,0.6715873165123925
1,0.7175356418793156
0,0.03527172046478969
1,0.743717000052706
1,0.6198910300841552
0,0.1769223639149771
1,0.6963546705383378
1,0.7098200826628471
1,0.8697620057656381
0,0.1528072813227977
0,0.26851675504158606
0,0.05069380436620622
1,0.7052493499667657
1,0.7052493499667657
1,0.8093065354036985
0,0.33796989394380234
1,0.8765955486117247
1,0.9802427740393425
0,0.07344520102409721
0,0.06084567025017451
0,0.2961952741060181
1,0.7358110686972953
0,0.11784442631653982
0,0.19362268476788264
0,0.4261929458626337
0,0.1536415233837234
0,0.10381726739444436
1,0.6608604395010492
0,0.04336345080272279
0,0.07260781787744366
1,0.47682680879406636
0,0.12564485566491757
1,0.8711531553471548
1,0.8945549959378314
1,0.8945549959378314
0,0.393044604864652
1,0.6655244202024339
1,0.5908905471387594
0,0.05710804862302516
1,0.8575695475208134
1,0.7899396557245842
0,0.16551049866671452
1,0.9942189155622625
1,0.9857618820426544
1,0.9859847148108798
1,0.9789636509693869
0,0.013695043892134728
0,0.136096996446937
0,0.3163215426827734
0,0.289487465112339
1,0.852160680510215
1,0.852160680510215
0,0.7401793215483199
1,0.32467060752901084
0,0.05172857763047581
0,0.3237831139889373
1,0.5719423507946482
1,0.7127753321430587
0,0.4636816128144073
1,0.7252552229015501
1,0.798886705755115
0,0.09544402132536658
1,0.9644054764733619
1,0.7832326779021486
0,0.3453846779628384
0,0.4199502407660512
0,0.04234644563014771
1,0.6882168422193804
1,0.9573771285757721
1,0.940365080444916
1,0.949847946338838
0,0.35834667022391914
0,0.0857582833088477
0,0.06827109648654055
0,0.19650672046298806
0,0.21630678013046845
0,0.18313273171732242
0,0.0971765106467375
0,0.04710102331212929
0,0.05700188749051699
0,0.27877467576194903
0,0.44076315901756785
0,0.06460891439380696
0,0.12298882534667226
0,0.10811753023457547
1,0.9843278537423945
1,0.9843278537423945
1,0.9843278537423945
1,0.9843278537423945
0,0.19006812681066002
0,0.11720150750341632
1,0.7891829633474156
0,0.17163219150408907
0,0.17363076765545252
1,0.7012110001008761
1,0.9166846638104106
0,0.5692622953980375
0,0.04074047377999866
0,0.04294719253519681
0,0.04294719253519681
1,0.9763348694079955
1,0.9758965715130273
1,0.9763348694079955
1,0.9763348694079955
0,0.03846583868229233
1,0.29769917605420665
0,0.12393369928898561
1,0.9533063785006451
1,0.358176069048625
0,0.09512062419737626
0,0.20507339092880672
1,0.7714780949998615
0,0.2751220726956915
1,0.6257942459130454
1,0.6267822111757569
1,0.782159504165777
0,0.3187696012296638
0,0.1821547758624398
0,0.3032423884035869
1,0.42878634489554396
1,0.9298647295467436
0,0.5378842588655689
0,0.05769339881570615
0,0.2544861703153327
1,0.9085133425090266
0,0.1645590561794045
1,0.648650376769785
0,0.5993409469930311
0,0.27095495880390524
0,0.2330087030808873
1,0.9774810944797108
1,0.8988367978912419
1,0.9744299951129132
1,0.9788258303739008
0,0.293628285401837
1,0.8725444063875157
1,0.9717401725189373
1,0.9717401725189373
1,0.9525578807391798
1,0.9584815388102083
1,0.9500436515744942
1,0.9282132411040483
1,0.8766787651181368
1,0.7434440638740304
0,0.1586551069892103
1,0.6136114191948451
1,0.7674590814342412
1,0.9060641168119209
0,0.9170105370505232
1,0.2590084482904371
1,0.5221937516880937
0,0.01012155443670983
0,0.3150508497669573
0,0.10817398162046657
0,0.27020081113938427
0,0.1504775235007783
0,0.22914321450964228
0,0.3112997430563411
0,0.3194018724931222
0,0.31029179048609373
0,0.20457447031497147
1,0.43034660681663606
0,0.21414149578406041
1,0.8160749893061517
1,0.956051230765135
1,0.9601171275352511
1,0.9601171275352511
1,0.9902396372055902
1,0.9902396372055902
1,0.9595952750216931
1,0.9277301632290172
1,0.9350346186585928
1,0.860309897081706
1,0.6435362640085648
0,0.10376677709471306
1,0.9818184040502269
1,0.9253482717156594
0,0.10214614913946007
1,0.5242082667708865
0,0.07531583379194366
0,0.10026325876680178
1,0.5776517174993397
0,0.2075712519007372
0,0.19865951058809236
0,0.12991410628608896
0,0.47243550482508334
1,0.8901661210022068
0,0.4929310339966433
0,0.5085777048212372
0,0.6611192852324161
1,0.906169331304669
1,0.8736264624007719
1,0.8541676283702232
1,0.8507621340276516
1,0.883380945076625
1,0.9216790922540148
1,0.883380945076625
1,0.8908473896877459
1,0.9317561691652726
0,0.49936369926324786
0,0.09397088496354535
1,0.7495876311630381
0,0.19334474783357164
1,0.767083745163397
0,0.07729547605055748
1,0.44404642850513304
0,0.10307144304098112
1,0.9751380613517532
1,0.9752642450400879
1,0.6313743714723599
0,0.31138535819933955
1,0.74725108397919
0,0.044154409120962086
0,0.2737505737620962
1,0.6266663644397281
0,0.15171332456180447
0,0.4489134453886672
0,0.08258121717585507
0,0.03226506282312048
0,0.40058899957744754
0,0.10708285407286479
0,0.10047582195520363
1,0.40336495887196705
0,0.07330539788195689
1,0.9753164387248081
1,0.42055470569489134
0,0.3583226773614705
1,0.7603096192412383
0,0.349178721876766
0,0.03350258823114444
1,0.4590637354045647
0,0.25126354072140256
1,0.8645593763160396
0,0.17475339164382367
1,0.5405623596615146
0,0.2662870356931514
0,0.4232953667660416
1,0.708839503062362
0,0.40583858738989537
0,0.38997304119895887
0,0.2687102326606127
1,0.7134645035504883
1,0.6485217985061883
0,0.7303783559011121
1,0.9520880447627994
0,0.07915963953702011
0,0.13860705030875478
0,0.19983379574338409
0,0.15800959216079083
1,0.7183160229007148
1,0.6569278113825207
1,0.5305032814215813
0,0.3740883178464483
0,0.1796544560996317
0,0.0333829098612922
0,0.6288053804561169
0,0.6743530841298456
1,0.8101062207882626
1,0.8672346969946705
0,0.7592507109833988
0,0.46593070462025965
1,0.6721169236582049
0,0.07995486519076547
0,0.13080339816575998
0,0.3528536192164847
1,0.7968733246793914
1,0.8408572065435775
0,0.1640658203561089
1,0.9344766957465412
0,0.10059178003656147
1,0.9059821395949204
1,0.9316097620236562
0,0.08963923379799082
0,0.07848449081283916
1,0.8770897578859435
0,0.20277488148882794
1,0.5929087046203395
0,0.1897096857270727
0,0.06027027752182269
0,0.19987085908141108
0,0.2074751131262916
0,0.4527430210240412
1,0.7277515742150339
0,0.15816591505997987
0,0.17075678999427096
0,0.043496191565576645
0,0.03506811802265269
0,0.026008975651356087
1,0.9775953102549224
0,0.1635306737337695
0,0.26163972100050004
1,0.6476230752581781
1,0.7806552300620363
1,0.31583739097777425
1,0.9336654847554438
1,0.6065755505719489
1,0.9884061995043818
0,0.17061821590998968
0,0.16048920772776676
0,0.05009128037500576
1,0.6461311910860968
1,0.8026704177766951
1,0.9122288063657881
1,0.8650810145967928
0,0.19370325033184627
0,0.5439606562154042
0,0.08428249317756367
0,0.39171453670084816
1,0.917703622305805
1,0.917703622305805
0,0.4081257049102081
1,0.9847601674479961
1,0.8814813715456428
0,0.30899221109200764
0,0.2708813911471864
0,0.2578141906752466
1,0.45253387813183793
0,0.27012036404337986
0,0.18590284612343494
1,0.7324654529478902
1,0.605060255274702
0,0.6341757282067317
1,0.8541615138721841
0,0.44475726214254396
1,0.8309305236192204
0,0.12450306310729115
1,0.8183364138079519
0,0.28905986550845464
0,0.29383321255302186
0,0.40151012264412983
1,0.9578475779592489
1,0.8992281982455748
1,0.7942204615052737
1,0.8065818477506682
1,0.7887729743281716
1,0.8264027016387603
1,0.8223487772415451
1,0.7816610085061105
1,0.7147017648059273
1,0.698133725405716
1,0.8066645069083473
0,0.07370787210057546
1,0.39744941654263527
1,0.8122816529116339
1,0.8517723749299747
0,0.06633455384832151
1,0.9224734436125864
1,0.8705521026567313
1,0.834609819578318
0,0.16604349866613788
1,0.7059323281666323
0,0.06998969641540811
0,0.06998969641540811
0,0.26650360886911173
1,0.29654976704766445
1,0.7347810609486393
1,0.8764143422586098
0,0.09958609538337182
0,0.0696809778902381
0,0.0988529252162103
0,0.04923309228939252
0,0.044154409120962086
0,0.23840296089156854
1,0.4136817244512113
0,0.28540992228453
1,0.7110586491635486
0,0.9039437580674872
1,0.9393130168632037
1,0.9398483223184784
1,0.9350394203982241
1,0.9235918433181934
1,0.8431816041898268
1,0.9341037411555004
1,0.9039437580674872
1,0.9307807491589709
1,0.8275516182878367
1,0.9307807491589709
1,0.9039437580674872
1,0.8991250554050007
1,0.8274824486476516
1,0.8363690990844209
1,0.9039437580674872
1,0.9629948511451628
1,0.9362820953068155
1,0.9407076102605838
1,0.9307807491589709
1,0.8991250554050007
1,0.9664510239306985
1,0.9368594905276133
1,0.9593703850421831
1,0.9039437580674872
1,0.8990761699444009
1,0.9664510239306985
1,0.9039437580674872
1,0.9101333898730022
1,0.9196417240647664
1,0.9631751615453583
1,0.8990761699444009
1,0.9592396820897712
1,0.9664510239306985
1,0.9593703850421831
1,0.9368594905276133
1,0.9593703850421831
1,0.9593703850421831
1,0.8625423961788108
1,0.2464989517710806
1,0.8268442063047895
0,0.4004313716088345
0,0.47271056337368483
1,0.9735691725148461
1,0.8938543777299311
1,0.8802569498085032
1,0.9412684003633793
0,0.20273813120063872
0,0.4683511348797609
0,0.11978476550621886
1,0.5652190315677907
0,0.14080185861282613
0,0.27171824895648083
0,0.2568121832287045
0,0.25233550835310325
1,0.9488119472798029
0,0.08152637144086533
1,0.7148006418389912
1,0.9815771407694749
1,0.9407374707001186
1,0.8214936576037181
1,0.19153932290856
0,0.12571658612736444
0,0.11489702714483753
0,0.377803408028718
1,0.47704042613988945
0,0.6733906314334321
1,0.47704042613988945
0,0.47704042613988945
1,0.7934532478092504
1,0.7100747690262098
1,0.6583017652103728
1,0.6487143929374559
1,0.6487143929374559
1,0.6161353949396975
1,0.631657404114287
0,0.2411982840091629
1,0.9406792024470947
1,0.9662637900170241
1,0.9485746117318833
0,0.18123583069973365
1,0.6948858666998451
0,0.14454296434720168
1,0.8484184588351411
1,0.9843627239270212
1,0.9937503321492691
0,0.13076694896710525
1,0.5957117793587876
0,0.11017375826816089
0,0.14962752358514997
1,0.472726219927666
1,0.8036715010197361
0,0.15915627411157043
0,0.04422897382665154
0,0.05007458572370278
1,0.9298670743968303
0,0.26909173786691826
1,0.8777585303075117
1,0.9306865130129856
1,0.888947898552813
1,0.9125794908965463
1,0.9209773761496267
1,0.8762330962486817
1,0.9256767624238286
1,0.8762330962486817
1,0.8954163167678787
1,0.9350783243003004
1,0.9097800012295302
1,0.9316013122373458
0,0.09223997014373565
1,0.8546743837224637
1,0.8553874981292827
0,0.2882685677184965
0,0.1644648265564883
0,0.24098474694007124
1,0.3604753782593319
1,0.8736570416915392
1,0.7903766083257963
1,0.8489564798843758
1,0.5611219576934126
1,0.7807539561929632
0,0.13933336674090815
0,0.16696845617239853
1,0.9412684003633793
1,0.3691204232288606
1,0.8583737326362954
0,0.39572527895289916
1,0.09599089819576186
0,0.790296732135605
1,0.8347052631723029
0,0.7395198312324782
1,0.9762042999883501
1,0.9442623335163748
1,0.963446011382769
1,0.8226605469062951
0,0.30045538465077604
0,0.34159896967051123
1,0.34082826772679525
0,0.3916583111578116
0,0.30465811308987534
0,0.20690756856226408
0,0.17180479794513517
0,0.2344720649200728
0,0.4087584995596635
1,0.6946164657200006
1,0.8564318023762888
0,0.031116344154297815
0,0.1401527755047332
0,0.22534372446112172
0,0.1401527755047332
0,0.2835845977281403
0,0.15874049348162886
1,0.937753647545436
0,0.5258113564160782
0,0.4674451298380003
0,0.12160733910894465
1,0.7640852898851836
1,0.6645948199183371
0,0.3242324006291078
0,0.31895128453916216
1,0.19906499813217488
0,0.17975153249159703
0,0.045522280831749265
0,0.03309005290181295
1,0.5847690785263633
1,0.9340712382842419
0,0.1331883696813263
1,0.7311578503028668
0,0.12811247448950455
0,0.40030431804985384
1,0.9259263610693708
1,0.9570336835354222
0,0.2619238413636038
0,0.018978344931608108
0,0.39563595698841575
0,0.15756658552705907
0,0.07541815229669453
0,0.38765160909712565
1,0.9502832597461313
0,0.3314965633412146
1,0.6081618770097529
0,0.12964751425785603
1,0.6788751870088716
0,0.17138050181931647
0,0.2457635153068447
0,0.2174447224306093
1,0.848961726014941
1,0.848961726014941
1,0.887919434150367
0,0.38159339886670884
1,0.2927505216546714
1,0.8189741431074533
0,0.21110299863057244
0,0.3951821478836113
0,0.32650267240206665
0,0.16983181848143777
0,0.15877256979801666
0,0.08574843406636701
0,0.2442748756844679
1,0.8837724646729422
1,0.7879060037298615
1,0.5783134509447388
0,0.46782119219330975
0,0.12649055520705627
0,0.15810633056340578
0,0.25502768820759975
0,0.6104570178172699
1,0.8742134684238654
0,0.07490730876554008
0,0.07490730876554008
1,0.6977063501681979
1,0.6520919760191479
0,0.3240565903846201
0,0.22138374360528842
1,0.6258245054814366
1,0.4540268532665996
0,0.7151471072329755
1,0.8356366415041802
1,0.6820298849323267
1,0.9111208581303494
1,0.8209620793688596
1,0.7862749979076366
1,0.6635057219925319
1,0.8749149544293048
1,0.9380966803339762
1,0.8749149544293048
1,0.7879339031616537
1,0.8401302804083691
1,0.709306971134538
1,0.7501880464400967
0,0.20421798370449018
0,0.2504401875477778
0,0.7240939547447995
0,0.5071231933675088
0,0.584636421181784
0,0.15254640065346856
0,0.1724875767713464
1,0.6286269207645163
0,0.11223119875973828
0,0.445416106069479
0,0.3256665249738749
1,0.9834224074336132
0,0.1416730011055747
0,0.2652018157684645
1,0.6551184837253523
1,0.280943931771322
0,0.36283596283575686
0,0.19724680674496414
0,0.4148946086912628
0,0.2821455100528274
1,0.596483075413944
0,0.3947850897287932
1,0.9759562812495844
0,0.08328751115100948
0,0.05108021102328757
0,0.11944822499261584
0,0.06960650657849053
0,0.0740007590214559
0,0.267820896829914
1,0.9888180532764727
0,0.48410684585687336
1,0.9140076503215366
1,0.6585779787048534
1,0.6585779787048534
1,0.916870434940327
1,0.99439621519937
1,0.9828626230596837
1,0.9804227063933122
1,0.9830397560126031
1,0.9828626230596837
1,0.9830397560126031
1,0.9809256827204397
1,0.9828626230596837
1,0.9777302548687207
1,0.977699360741845
1,0.9830397560126031
1,0.9541242220997882
1,0.9830397560126031
1,0.9828626230596837
1,0.9830397560126031
1,0.9830397560126031
1,0.9840595744888923
1,0.977699360741845
1,0.977699360741845
1,0.9830397560126031
1,0.9809256827204397
1,0.97990564353114
1,0.9541242220997882
1,0.8670679228980446
0,0.06851696376082257
0,0.11755909030859932
1,0.8342223409308536
0,0.3777089670945365
0,0.239200581492723
0,0.17428356709644782
1,0.7438795263602249
0,0.20434905936740838
0,0.15335433970111664
1,0.8293465724840079
0,0.12512085490762537
0,0.08491990735672957
0,0.11335490077559432
0,0.14315767051043823
1,0.5685337960497348
0,0.3920620283560844
0,0.12987049041433726
0,0.2926014673172166
0,0.2494018866335187
0,0.5048119817168729
0,0.32582368928590805
1,0.5091149454896808
1,0.5670038204571339
1,0.5061309527791208
1,0.4112143615147074
1,0.6024144972227563
1,0.6317917049974635
1,0.9283230845452394
0,0.8319157250647436
0,0.31131948483385635
0,0.059626019981964734
0,0.2291031320737369
0,0.1757979879972279
1,0.35284292667043726
0,0.12224789712996428
0,0.11773883426811024
0,0.06946284761982767
0,0.18367737654006816
0,0.07006950700990168
0,0.12075097398961367
0,0.15568424332409067
1,0.8898785349185278
1,0.808025188280684
1,0.801943787701508
1,0.6387151230060377
1,0.6865071967914286
1,0.7837822688070087
0,0.30045538465077604
1,0.5394671064537943
1,0.9967142363123938
0,0.2357322616115684
1,0.8927636214842909
1,0.39829776599205263
1,0.9205722282525922
0,0.15732843741786692
0,0.14764431541112463
0,0.03130332840491343
0,0.1759345270547316
1,0.5232428061286638
1,0.7088351997574374
1,0.4453913411296936
1,0.8073087280639697
0,0.23087952391270203
1,0.6536417601511771
1,0.9242307458202632
1,0.9371746287823496
1,0.9322158465200502
1,0.886503101743929
1,0.9255773292461297
0,0.022498372824067744
0,0.03878461071141304
0,0.029758053763910983
0,0.2354526438367565
1,0.8456208617841691
1,0.8995044457755553
1,0.8693276681630122
1,0.9836415516966895
1,0.6897979465979706
1,0.37569608157786877
1,0.37569608157786877
1,0.845945653390121
1,0.883300693784067
0,0.11899190331530335
0,0.35293302432015894
0,0.42418629018786
1,0.42418629018786
0,0.12308766377826853
0,0.3640014199128905
0,0.2895196581759397
1,0.9970015763408632
0,0.5419601253195727
1,0.9813791957071157
1,0.6758352525765775
1,0.9944055697068808
0,0.1242584152697144
0,0.10578755933482895
1,0.8516931837767089
0,0.24447288562366262
1,0.8973207631276291
1,0.620815843870116
1,0.6293214318071252
0,0.2480558286274739
0,0.17241289498780066
0,0.17241289498780066
1,0.594182197610638
0,0.04045304681012909
0,0.03936916538617596
0,0.09201357917522908
1,0.6627175739111056
1,0.7947874602956099
0,0.45032432213314516
0,0.20315063926753826
0,0.2748833284783086
0,0.3837292112734453
0,0.46843737237349514
0,0.46796411685661454
0,0.22075775536323544
0,0.763030605332573
1,0.7317078612287915
1,0.5984335385030211
1,0.5469368256525219
1,0.5129260435490897
1,0.7981705380861247
0,0.37706405856700476
0,0.5463950296258654
0,0.426738927216859
0,0.4423788312705206
0,0.47218670483349107
0,0.5129260435490897
1,0.5994332149659742
1,0.5994332149659742
0,0.3839139914772448
0,0.4758055144077885
0,0.279920119152412
0,0.5802038901905731
1,0.760166307867379
0,0.457958673629323
1,0.6645087835316936
1,0.5585971847633079
0,0.48364372745280454
1,0.6421347126594302
1,0.49206624266859444
1,0.5756940686958013
1,0.5076337687711421
0,0.279920119152412
0,0.3951311654002722
0,0.3945538310016569
0,0.44752392426000476
0,0.44583682524057305
1,0.48364372745280454
1,0.6952236324728305
0,0.6182743916217526
0,0.2839740194466041
0,0.49503067876709117
1,0.49807107988280364
0,0.24896848827694912
0,0.20675078289058846
1,0.6165683583181724
0,0.08915334640587814
0,0.4174559955546843
0,0.3627437367833118
0,0.08124473517890643
0,0.15752858993802835
0,0.2637045843660699
1,0.9758965715130273
0,0.24811363803188222
0,0.1599408004128627
0,0.5865570893755053
1,0.7401521356752855
1,0.6498930990898243
1,0.6785755788082708
1,0.4038915949025665
1,0.8364582817056496
0,0.657589982752466
0,0.249034143714607
0,0.05598439394755313
0,0.06394932187043204
0,0.0879764830232339
0,0.5479721555880899
0,0.4050000759293115
1,0.6982317667653152
1,0.7253320780410383
1,0.7253320780410383
1,0.7253320780410383
1,0.7253320780410383
1,0.7253320780410383
0,0.2533726458726343
0,0.1465906480406918
0,0.5179005841062972
0,0.06811367192388042
1,0.12706289661416192
0,0.4986678651400316
0,0.589453178244571
1,0.7902670052102178
1,0.5243350166179866
0,0.05610275494959817
0,0.49689789141894325
0,0.2520775257276715
0,0.4306017283868596
1,0.9554382495852469
1,0.9554382495852469
0,0.2703006043546488
0,0.6852166023999574
0,0.37903270412017276
1,0.9811198949305076
1,0.640880800359656
1,0.640880800359656
0,0.4789081398161958
0,0.16854005389324694
1,0.9792472196802051
0,0.10936580327895107
0,0.3318769531104681
0,0.041844533442440754
0,0.12074666186773576
0,0.08254889061903954
0,0.06653697103947889
0,0.056711355998879075
0,0.04348738247816428
0,0.22435269939428265
0,0.03436201112212345
0,0.04697140841809942
0,0.1445606520734815
0,0.05390550585394007
0,0.057792591661198246
0,0.41711868290807286
1,0.45518302387730997
0,0.4434990686023077
0,0.5602404784707676
0,0.17859508990308337
0,0.12124437380160845
0,0.43743212345738874
0,0.23555571884403573
0,0.1998628981984453
0,0.14620427141245038
1,0.48060494583697627
1,0.9328239406351592
1,0.5204263825532781
0,0.3070632618586785
1,0.8829922589389165
1,0.48301200359821306
0,0.052027860269749746
1,0.7088836135051741
1,0.6375183430915212
1,0.6047422943385691
1,0.9183429040707818
1,0.40295014448304606
1,0.3499681001683251
0,0.3755357241430937
1,0.9836158488780254
1,0.7429546645884485
0,0.297243021123435
0,0.20929805071024737
0,0.14257935260493296
1,0.7934372374537965
1,0.8916832593710736
0,0.4226848179223843
1,0.9142577576981072
1,0.9362264152662425
0,0.32454498327538306
0,0.4362952434532814
0,0.30868086312067555
0,0.07881132738871854
1,0.26463984441429333
1,0.6671166759761259
1,0.9148228882595817
1,0.7184645024786853
0,0.45370504014942653
1,0.9723223215097292
1,0.9701575757587714
1,0.18083116529702944
1,0.6911140408723714
1,0.8776956790734639
1,0.8776956790734639
1,0.8776956790734639
1,0.8776956790734639
0,0.570986495286204
0,0.23343269416689763
0,0.25779760549397507
0,0.5602443911401207
0,0.26529646985889366
1,0.5033900668537011
1,0.6237852779885763
0,0.2204768339191823
0,0.2469790888496732
0,0.16168564350540565
0,0.0837979966842273
0,0.14942781845586492
0,0.24532240714866937
0,0.2256888183079874
0,0.35658284116902556
0,0.15924155807912918
0,0.18479326173008764
0,0.25893495739724687
1,0.695632660738599
0,0.027525035851972444
0,0.2526005107206355
1,0.8549462898751206
1,0.8494677293912911
0,0.09405683362087837
0,0.17882744719279534
0,0.1736231527128315
0,0.029053472704359967
0,0.13745992372859675
1,0.8978427363488518
1,0.8955168188459552
0,0.05161645592031878
1,0.8285815253485879
0,0.15008817726735454
1,0.5478151866093051
0,0.5337960855201472
0,0.5646987859923643
0,0.43781117272984243
0,0.6831442763964519
1,0.8829922589389165
1,0.7041546190149218
1,0.48301200359821306
1,0.6648735782817637
1,0.6831442763964519
1,0.8829922589389165
1,0.8829922589389165
0,0.24637874077680977
1,0.7267967578232923
1,0.7894077980210377
1,0.7526371239419337
1,0.4411017464721164
0,0.2515772982687829
1,0.5358839583600391
0,0.3036515392702248
0,0.13955775717846217
0,0.1227096780175429
1,0.5123917198427419
1,0.8392066457955426
1,0.7076321867988887
1,0.34510869845125713
1,0.9568207360208483
0,0.17281948964016997
1,0.8013000179168179
1,0.769667321169897
1,0.8008099462729171
1,0.5817958629545906
1,0.43629094115437755
1,0.4815717865645396
1,0.9343379419607014
0,0.03485740825238311
0,0.25024282130283704
1,0.8300904985625951
0,0.44642446454894547
0,0.2981891077865652
0,0.07176564891280912
0,0.28370143581836227
0,0.2437305726724501
1,0.716598905169881
0,0.08432989357110753
0,0.1616601718593157
1,0.8366557005309264
1,0.7925036205417767
1,0.8028316653080619
0,0.4486273288735948
0,0.3201536084255515
1,0.9581406956424409
1,0.9492533112555952
1,0.9817880630169724
0,0.33548505196496503
1,0.7963429617213729
0,0.5081587124135585
0,0.3708784557382777
0,0.41542130773775054
1,0.9942576429660451
1,0.994439537971348
1,0.9945283452704851
1,0.9951822397707087
1,0.9974244683582076
1,0.994520410852626
1,0.9967750117520519
1,0.993770080830906
1,0.9944967585424767
1,0.9933794301453688
1,0.996625828289594
1,0.9942576429660451
1,0.9277069169197112
1,0.4774826064288556
0,0.20069350968497673
1,0.7740824378207172
0,0.3388121299374825
1,0.5583936995051799
1,0.8009235951583084
1,0.8294080132203521
0,0.19602445433331198
0,0.3342147417076147
0,0.0912232650925796
0,0.06307543049319916
1,0.9125671146248309
0,0.52882206200619
1,0.5787854458503462
0,0.35795756554463226
1,0.922218995141911
1,0.9770673035527465
1,0.9794538873244577
1,0.9703808088716498
1,0.9705207121356716
1,0.9779619445603723
1,0.9727395738655328
1,0.925453983260548
1,0.9661175680747587
1,0.9674711109713615
1,0.9716652947267804
1,0.9681210715657642
1,0.9681210715657642
0,0.07487239889926461
1,0.5160238263256894
0,0.11360355247051701
0,0.15075940346724012
1,0.4048090362558843
1,0.3431680248172518
0,0.12962749015781594
0,0.503057625068835
0,0.21238005023743706
0,0.5378184025577952
1,0.6154057809687643
1,0.9220934925291603
0,0.1871503375457349
1,0.8760348588123293
1,0.5983516751276109
1,0.8713560015313627
0,0.10260346119809484
0,0.17068001401249305
1,0.8838547270677537
0,0.06639619793988755
1,0.5468052769882401
0,0.19569292434554458
1,0.7463583509315727
1,0.5447864959286167
0,0.04570847671711279
1,0.9070253066826619
1,0.8044678790325381
0,0.11592181950821798
1,0.7594568109986969
1,0.9144321089071493
1,0.6880752974615028
1,0.8477185046257824
1,0.7174995708996147
1,0.772601951878935
1,0.7888564940877159
1,0.9918601866891664
0,0.3366078159474437
0,0.630605369469105
1,0.7848246017887768
0,0.15379503513827192
1,0.6855338650267182
0,0.17977865114596864
1,0.44632801832911306
1,0.9135831303881067
0,0.40842653806903667
0,0.36457242068121604
0,0.1363381227908534
0,0.019664788225769444
0,0.2386490538410527
0,0.20742154438722446
0,0.22533464986669205
0,0.2525473926475076
1,0.6081171122328085
0,0.14659131673827908
0,0.04459619747053116
0,0.08517879181576193
0,0.42630617244331187
1,0.8887279066329037
1,0.9978753815268675
1,0.9978753815268675
1,0.9978753815268675
1,0.9974698200231814
1,0.9353270229705597
0,0.41221181240376664
1,0.5608560762524192
1,0.5109728663957124
0,0.2343317571249056
1,0.5608600660657787
1,0.9726144057072709
0,0.10549409826486035
0,0.20185856552811512
0,0.1904907135108542
1,0.9267344559986465
1,0.9267344559986465
1,0.96216290406238
1,0.9643369615951318
1,0.96216290406238
0,0.3115756890160549
0,0.2726412593001538
0,0.22114945849824477
0,0.709988454139012
1,0.435750600428688
0,0.06529286876467319
0,0.15090932468536097
0,0.3425248218434031
0,0.09620218025645028
1,0.875104609675413
1,0.9888604185805808
1,0.8738346191861533
1,0.9416668415886666
0,0.5638322624926845
0,0.12788481980705832
1,0.8132328146197718
1,0.8997502499524054
0,0.36737538630414096
0,0.47323756620809726
0,0.3326568394762248
0,0.04164069306187847
0,0.6385351700221852
1,0.46606240571205926
1,0.8962757035317916
1,0.31605850022532017
1,0.4546872466335676
0,0.013455666708329383
0,0.014180762589277566
1,0.8642298313664333
1,0.8418409880546751
1,0.9483639239512951
1,0.8727074703133973
1,0.876602218697834
1,0.20128402093000913
0,0.10201993163600405
0,0.1300738342596409
0,0.4344760354858112
0,0.282658814552297
1,0.6192447926587583
0,0.1789239677439713
1,0.9645364388877149
1,0.7885243214389536
0,0.1306132927681998
0,0.1133807608959646
0,0.20875853522703613
0,0.06654220517316753
1,0.9259998437143369
1,0.6332213664241707
1,0.9691861851652405
0,0.2306112525704207
0,0.15153555688588763
0,0.24935977163698808
1,0.29111997193892264
0,0.09543605319591054
0,0.09616133387566603
0,0.06755218479562004
1,0.5781305342834535
0,0.2356623133470898
1,0.5596080633319922
1,0.8322724351007824
1,0.6882825951119087
0,0.4108807607958544
1,0.7994761542410481
1,0.7639983163094651
1,0.7946530350637285
1,0.8342555521413588
1,0.752836874527881
1,0.6039681841745138
1,0.6039681841745138
0,0.5241407580161815
0,0.5241407580161815
0,0.5241407580161815
1,0.7816711454524203
0,0.16920229765283515
1,0.39399135690403475
1,0.9774252447916063
0,0.10088043207742164
0,0.24292045497477166
0,0.12309220532786515
0,0.7177460755933763
1,0.6804074190085946
1,0.6410657063123927
0,0.023796123448327423
0,0.04291642705922709
1,0.6739562053902247
1,0.6059665911216165
1,0.9174724295734855
0,0.08584514368814306
1,0.7227581866629202
0,0.12914876905265738
1,0.5419538963230139
0,0.04956727093873509
0,0.14210563443462243
0,0.08461100536362258
0,0.0952483563799997
0,0.2611347883538284
0,0.2176140941324381
1,0.44692157493700113
1,0.9543269437806973
1,0.9468545187370047
1,0.9535859283192684
1,0.9491509251385714
0,0.2076739209395582
0,0.09539468831028555
0,0.2617157193287863
0,0.25864647096387905
0,0.11845991653668043
0,0.09083716356382879
0,0.2513342340493376
0,0.27210635374701814
1,0.6503284980629163
1,0.9398969584030815
1,0.6591427360455369
1,0.8495750037691595
1,0.8722060371225533
1,0.5927917714303355
0,0.09596697697932037
1,0.28137629844731343
0,0.39758117400927884
0,0.15116832112641418
0,0.2381924133125481
0,0.5958544399277739
0,0.5757803316134078
1,0.6726582657030467
1,0.7879200170177207
0,0.49308359570021604
1,0.7475967203592898
0,0.36171764264227
1,0.8114708058915053
1,0.8649062518676157
1,0.8687164694315036
1,0.7536618393533491
1,0.8398383419498555
0,0.16482733963442356
1,0.8982041142385625
1,0.8976483799050563
0,0.4659004664643312
0,0.15800959216079083
0,0.13931030955449458
1,0.8995734780833818
1,0.09298510224215784
0,0.18154946931588875
0,0.10074092746679517
0,0.3149530202808878
1,0.6456746350985848
1,0.7184568455434338
0,0.7901007285674131
1,0.8906649519278041
1,0.8349850843537046
0,0.23816416323048856
0,0.28341644871496857
1,0.7654848039384526
1,0.4629321112403737
1,0.2826258844207419
0,0.07983508240633409
1,0.868622859509533
0,0.33819202970801965
0,0.44742888697525274
1,0.6585684410587687
1,0.3693591601545742
1,0.8853797233301768
0,0.18104264450667873
0,0.5278229071991691
1,0.5278229071991691
1,0.7557972955221178
1,0.8822862795859275
0,0.08726739273993092
0,0.12754345702697026
0,0.09154489129629886
0,0.14375206284488104
1,0.831890491798543
1,0.831890491798543
1,0.727489908145927
1,0.9485543390246527
1,0.7474836577984502
1,0.8097178896591753
0,0.1015781258340238
0,0.28573105346496885
0,0.44388862875032375
1,0.7619802231935147
1,0.6697952825092243
1,0.24903093191245174
0,0.24903093191245174
0,0.16412849109128622
0,0.19468188677140372
0,0.04234597046102595
1,0.5027288935999613
0,0.19775465743017107
0,0.13937965387978538
1,0.7110248012087518
1,0.7306442626197518
1,0.7306442626197518
0,0.15560705777517153
0,0.5649880084997639
0,0.22691143590945465
1,0.9081709665719084
1,0.9137749103737547
1,0.9209743517419383
0,0.5123802141899819
1,0.9077242761000395
1,0.9025437655146397
1,0.7186615743038013
1,0.6642928717843128
1,0.7452423572472061
1,0.6231679173040957
0,0.27716882801175174
0,0.08248686933514343
0,0.11651245205645488
0,0.12499198708863617
0,0.27000705725584595
0,0.27558112884109526
1,0.6731511606287873
0,0.2648613714459475
0,0.17670715180091712
0,0.1875871748360161
0,0.1875871748360161
0,0.4261420807464113
1,0.8851884376278745
1,0.7602311504942785
1,0.7533052284477552
1,0.5984860294127473
1,0.8242685308617144
1,0.8242685308617144
0,0.5045517175620737
0,0.05431003310268209
0,0.1979396813875284
0,0.2743534997817901
1,0.5183714583375342
0,0.10528179873812657
0,0.21264098753571353
0,0.249285173998534
1,0.44500074658122657
1,0.5965585118975694
1,0.400502741118429
0,0.36398906938251235
1,0.7013964447886798
1,0.5323168530093504
0,0.1828837324937442
0,0.2632100621357408
1,0.7678214632911051
0,0.4532542053370738
1,0.7056058836693421
0,0.39246425647009536
0,0.3753000418313218
0,0.39961264411744934
1,0.4748471526632957
1,0.7890060827466937
1,0.42055106231565464
1,0.6496243922007948
0,0.7312028760946959
1,0.769849521680354
0,0.09506155240440071
1,0.6838089058032057
1,0.8161478832933018
0,0.34675227757801624
1,0.8579726100596489
1,0.7358106266812795
0,0.3425180624970493
1,0.7078287817440349
0,0.08993225178904174
0,0.1797267504348321
1,0.6912301898678478
0,0.22115231306807637
0,0.15444074600708102
0,0.25223219977446415
0,0.2127046604692401
0,0.10961768025969422
0,0.08064067202957396
0,0.4331623332979753
0,0.3389318795821268
0,0.1458079733546589
0,0.3398872933561662
0,0.4888280025397464
0,0.4683279214102244
0,0.4102135704518534
1,0.6390180639800518
0,0.6267174323699294
0,0.24293787743554418
0,0.12529766960169897
0,0.09026771430113933
0,0.08797755408535828
0,0.08437936775777252
0,0.1213518938473608
0,0.08437936775777252
1,0.5366075584231037
1,0.7737771317347781
1,0.9952908461876468
1,0.9952908461876468
1,0.9952908461876468
1,0.9952908461876468
1,0.9952908461876468
1,0.9952908461876468
1,0.8807176619656458
0,0.12953542211008529
0,0.07478466763882402
1,0.7045727535803092
1,0.7364603203235608
1,0.2641337605773345
0,0.2062348234704288
0,0.5539136895025164
1,0.4754165520316649
0,0.1885157406450054
0,0.14319555258130953
0,0.18150965031445182
0,0.3268547524732204
0,0.2146460034127753
0,0.34406628366691444
0,0.16296839508475217
1,0.47829313946088603
0,0.2937972306403028
0,0.14627844295664422
1,0.8541217948027128
0,0.06655554488272018
0,0.06386576776841836
1,0.9426206293221471
1,0.9182974107868608
1,0.9183140122999331
0,0.038666767228793815
1,0.6027584230268322
1,0.6251622491866841
0,0.08781366611394475
0,0.18580508089550815
0,0.25320923943406387
1,0.8008141091095319
1,0.5594545908409086
0,0.031244578740976463
0,0.2067802599143657
0,0.1572265655106817
1,0.7727834852674014
1,0.8973108809630691
0,0.10577668114678454
1,0.7424946066200329
1,0.7218125685131468
1,0.835439122737363
0,0.14457332232077497
1,0.659585590910075
0,0.6398795924434721
0,0.48718092381273914
0,0.5167695659536061
0,0.08424168030491819
0,0.23163742734768034
0,0.047275358721761265
1,0.9257240423323932
0,0.26615379308665493
1,0.7751083593081595
1,0.785956900881591
1,0.8604202173505742
1,0.9172253037503698
1,0.8368531187676789
1,0.8239823122698691
1,0.8538152909473006
1,0.785956900881591
1,0.7872180111378174
1,0.8424490472648216
0,0.7813873867683772
0,0.5629679642196661
1,0.2539928419867431
1,0.45519512359550474
1,0.6585934706318518
0,0.19599848466301875
1,0.687276723847244
1,0.39316338911252363
1,0.3845698273349504
1,0.46952079725746615
1,0.7343751559907296
0,0.4555552224994727
1,0.8063711636421123
1,0.23873209668857046
1,0.49372459492972925
0,0.18811675023594604
0,0.3896784145394037
0,0.3206465033634723
0,0.4455467272364749
0,0.19466157859177655
0,0.10134188967445658
0,0.13944496037599433
1,0.951020310322929
0,0.0628254187975154
0,0.07824792438209299
0,0.06634154347521974
1,0.8834980933634115
0,0.15324045816698065
0,0.15737484812798286
0,0.18053953717323082
0,0.18848063329498288
0,0.23244389530098072
0,0.2167228064838832
0,0.43922510802314474
1,0.6965418260508685
1,0.7846198396522699
1,0.6965418260508685
1,0.7899057116809325
1,0.792177588239059
1,0.792177588239059
1,0.6965418260508685
1,0.7269988070529484
1,0.9692130445070185
1,0.8953053502770059
0,0.1427030043664949
1,0.8763762612497987
1,0.6006342644166645
1,0.8199553516625003
0,0.5191295549420605
1,0.6358462829482144
0,0.4876249792157075
0,0.6469938868876172
0,0.13502727096258607
0,0.056970011083151965
1,0.42184768471052075
0,0.09989932131283266
0,0.20211306246873362
0,0.16170926265817925
0,0.07148220586864111
1,0.5800360263266859
0,0.1131549256454424
0,0.13870165382492858
0,0.11568787556229775
0,0.3830518674713942
0,0.11568568546474035
1,0.4154224776170169
0,0.32135640816538746
1,0.18657810603961558
1,0.8858255650189893
1,0.9313567170691587
1,0.8593860703953874
1,0.9134411154479319
1,0.9299401301313868
1,0.9472706882421374
1,0.9430155254031988
1,0.9126638109408749
1,0.8471447090090226
1,0.9134411154479319
1,0.900550684556315
1,0.9322854386730546
1,0.9254367241025152
1,0.9491294420727832
1,0.9126638109408749
1,0.8593860703953874
1,0.9254367241025152
1,0.9651757524340361
1,0.9260246083426953
1,0.8715917423183955
1,0.9482866362217115
1,0.891440276665534
1,0.8858255650189893
1,0.8062254486873567
1,0.8885288467684963
1,0.9430155254031988
1,0.9627952396740913
1,0.8122680406630293
1,0.9408098063438234
1,0.8858255650189893
1,0.9472706882421374
1,0.8062254486873567
1,0.9491294420727832
1,0.9651757524340361
0,0.9322854386730546
0,0.8062254486873567
1,0.7823093587820141
0,0.28307540623703314
1,0.5379389863275095
0,0.4174188194503454
0,0.13934331715301598
0,0.0576196517649853
0,0.03159764953990922
1,0.6540421162448004
1,0.22781073525745846
1,0.1895584778350303
0,0.2843698227471219
0,0.07094590412890509
1,0.7152585621021655
1,0.7244226961753292
0,0.25630412172126127
0,0.11298018480565802
0,0.28698471501272277
0,0.3043336229379281
0,0.32843636037547513
1,0.921343869438246
1,0.8859953399833057
1,0.8351248606012357
1,0.5880143454305511
0,0.08195664098815078
0,0.08727160826467321
0,0.21043174439001944
0,0.1362649338269291
1,0.23082451647556226
1,0.8192974882432543
0,0.11157987917494892
0,0.30541190764791226
1,0.9161743484775311
1,0.7636008025845533
1,0.7992315266378166
0,0.12157790823247393
0,0.29725195649750585
1,0.6002185012487158
1,0.710459963829305
0,0.43592784853962324
1,0.5894848155844994
0,0.13495446614784581
0,0.15086406176403294
0,0.06570370938105302
0,0.23776456900312326
0,0.09652670408826662
0,0.06412279939584427
0,0.06412279939584427
0,0.09016221749847346
0,0.06570370938105302
0,0.07739054036753967
0,0.11402262825383551
0,0.15093141263706078
0,0.061453246078527354
0,0.058991975781144346
1,0.5943431556934073
1,0.5943431556934073
1,0.10628795597525513
1,0.8680674112191479
1,0.40898735473121695
1,0.9666552766406112
1,0.959545272339872
1,0.5851665030026691
1,0.8884876733693018
0,0.20930417967110634
0,0.4749421916288102
0,0.08364545467546503
1,0.9266416531240534
0,0.3771869780694291
0,0.11430673625249917
1,0.8286110859567175
0,0.19066985071755208
0,0.2580826352550432
0,0.41369357137277674
1,0.9624374617030136
1,0.6675971001933085
0,0.15753208672850266
0,0.1149257773839274
0,0.27377713475945187
1,0.71123550253908
1,0.7793893404461002
1,0.9967886312083567
1,0.9967886312083567
1,0.9971467893327233
1,0.9971467893327233
1,0.9967886312083567
1,0.9967886312083567
0,0.09453961834428663
1,0.866276094210223
1,0.8573565715262845
1,0.8501956662350133
1,0.866276094210223
0,0.13360871664546656
0,0.10981485002113857
0,0.1908353216011483
1,0.9732874265733428
1,0.9732874265733428
0,0.01442123684282853
0,0.014641575961912274
1,0.9181380482493978
1,0.9150700966616526
1,0.9181380482493978
1,0.9150700966616526
0,0.08762115020669592
0,0.12168422578056551
1,0.9441406302825218
1,0.849956746939286
1,0.8722939721943708
1,0.44434450790738567
1,0.48822958657536186
0,0.19421686750844094
0,0.2102274618078642
0,0.14560855208198858
0,0.13934638054642742
0,0.04457386397154546
0,0.04609612350877455
0,0.10766245126846488
1,0.621594825605527
0,0.036305491527476676
0,0.21708631551086024
0,0.22604108058348013
0,0.608405206809095
0,0.18223810746284633
0,0.21031201192609614
0,0.4133239317209645
0,0.33139043840737936
0,0.608405206809095
0,0.49944393780445534
1,0.625423285864134
1,0.587763701727962
1,0.608405206809095
1,0.608405206809095
1,0.7130784563409387
1,0.9251426636880484
1,0.7449870093452233
0,0.4824623721275689
1,0.9226649742980242
0,0.2735256744537568
1,0.9111088659840554
1,0.7323114136631402
0,0.5754250220064585
0,0.33088180150241875
1,0.5552529175805049
1,0.6446241759821034
0,0.7290744824929154
0,0.18968355843857648
0,0.3940022301990172
0,0.3940022301990172
0,0.734184253064293
0,0.3940022301990172
1,0.9158437773315707
1,0.37287353835404824
1,0.9158437773315707
0,0.07793996934974097
1,0.20216787314533569
1,0.9490045941930336
1,0.847857426035098
1,0.38320161939117503
1,0.2892935343341275
1,0.8550492284554482
0,0.28208808060497687
1,0.7828141720164392
1,0.7658536182572973
0,0.27712329662977037
1,0.8166763598285386
1,0.4407605478152931
1,0.6038356196984667
1,0.9614230754006483
1,0.9234728089485043
1,0.9221599368880151
1,0.9221599368880151
1,0.9180427990484714
1,0.9221599368880151
1,0.9180427990484714
0,0.2491372079057924
0,0.0652995084570757
0,0.049036921216176504
1,0.7797547685410594
0,0.6064082011476731
1,0.941848182016667
0,0.10585619400804812
0,0.22091987893857998
0,0.2010048351148797
0,0.16543702675711036
1,0.7100900291224963
1,0.7211169737111208
0,0.3622225413751243
0,0.15263229544063472
0,0.12683242397471967
1,0.11290232914056851
0,0.39756630658185316
1,0.52627453165551
1,0.479316543824874
0,0.479316543824874
0,0.479316543824874
0,0.3884487612394134
0,0.28122661516818653
1,0.7654679443623124
1,0.8298834917817687
1,0.6930200673353147
0,0.5590001764447244
0,0.09967777096198704
1,0.6013015722882182
0,0.3877811284361522
0,0.3877811284361522
0,0.30737155027216395
0,0.45912641012230815
0,0.3755559314979249
1,0.9113311726774577
1,0.9121544212004279
0,0.05906016194814518
0,0.05906016194814518
0,0.08433698344014727
1,0.9935379909702439
1,0.9930088672799307
1,0.9826119156575859
1,0.9957020273400337
0,0.20693688415309652
1,0.8239777063207286
0,0.3976089458705258
1,0.9835135879875118
0,0.23769930336961498
0,0.15011776425710166
1,0.6052979376164128
0,0.07293307982676102
0,0.27539411635236627
0,0.11653208680637869
0,0.21924809041041604
0,0.3109196222695414
0,0.22477714483861258
1,0.6840945711703215
0,0.587350361007335
0,0.19244173759159736
0,0.32800552208717515
0,0.4355097430641307
0,0.342569335290646
0,0.07621983642887542
0,0.0354708152028519
0,0.04652235753611352
1,0.26783660421480215
0,0.21993029800867003
0,0.10027380845814306
1,0.9341565707073394
1,0.9260884439240623
1,0.5533498525223565
1,0.29248964165548447
0,0.01650355016097664
0,0.013037111972726004
1,0.7312213436478473
1,0.6099843969271773
0,0.16277801428742858
0,0.21858219171246804
0,0.12505086939268814
0,0.38057846816655355
0,0.22588953804102258
1,0.9353396803445343
1,0.43001291049556845
0,0.35921209455019465
1,0.9214094382675055
1,0.5259982211391347
1,0.8708304665617533
0,0.25778294002482793
0,0.2462170898477118
0,0.18029421370857052
0,0.33372583895585717
0,0.09922243583467727
1,0.8634068674680053
0,0.2535757318736187
0,0.35140681903008203
1,0.8745850495078854
1,0.7618551055564184
1,0.4790039478742984
1,0.7101810825526279
0,0.20701127356006788
1,0.7230465268409941
0,0.09063033851623761
0,0.05605214730213791
1,0.5384392490871387
0,0.2919887905642743
0,0.16618242859567975
0,0.15782412390819073
1,0.9347950896020284
0,0.06751857027496995
1,0.7475400159789987
0,0.04662694799841511
1,0.8674832558541289
1,0.8674832558541289
0,0.21747778831802397
0,0.2165878951769173
0,0.016490159727316902
0,0.16223850875251003
1,0.8704878928516061
0,0.571697609601332
1,0.8280861251829605
0,0.07410585638684329
0,0.033604329394601444
0,0.061458612616790705
0,0.1480758026027618
1,0.5572508024877956
1,0.5914244179717004
1,0.8174842871312001
1,0.829833198248823
1,0.7826115699622732
0,0.44125473798421416
1,0.4025221907033814
1,0.7593534148380462
0,0.09541218739763166
0,0.05877107159297536
0,0.2760439738282162
0,0.14584053958783672
1,0.9953205235724606
1,0.39090116353890897
0,0.34794545284156225
0,0.11962006965278893
1,0.2944634423086392
0,0.26122339881845
1,0.46857279948141406
0,0.030250170956138148
1,0.9813791957071157
0,0.6846715693176808
1,0.5612834520326367
1,0.47060618142683613
1,0.3649221228764992
0,0.2859875162559019
1,0.7726478365852907
0,0.4906857869748524
0,0.1264193021274923
0,0.18688068096489857
0,0.12134907965089273
0,0.26854425241375074
0,0.21547547132536338
1,0.8395927870635572
0,0.15057161861724666
1,0.9540189822133274
1,0.9291567451175374
0,0.2620469616897147
0,0.08211577615865583
0,0.17471218739226962
1,0.3971242018879474
0,0.16733599291116885
0,0.1666140030473032
1,0.8657859887749692
1,0.4023112622915432
0,0.12779089695402684
1,0.5466816429234646
0,0.24836681995901488
0,0.028196500534134784
0,0.20380564262969253
1,0.8678154711271333
1,0.6828553132861599
0,0.11195538355154885
0,0.2358672407410494
1,0.9106692902712376
1,0.9216193756476799
1,0.9106692902712376
1,0.9216193756476799
0,0.3039627225650806
0,0.3039627225650806
1,0.9528689395820149
1,0.8710521021574773
0,0.3169110274304441
0,0.2035228183698466
0,0.12826823667773882
0,0.22589081410451278
1,0.9476441264131574
0,0.06397588822957644
0,0.6118674520975554
0,0.13959133348073785
1,0.8395496042791871
0,0.15306521153961813
1,0.780539803310573
0,0.14992525408628707
1,0.8877801623005341
0,0.03409735246720892
0,0.15669007103809085
1,0.21829397271406226
1,0.8217563755149545
1,0.718486557686052
1,0.9609652556835434
1,0.9515103148380977
1,0.8124125579527771
0,0.242751875778915
1,0.5088377136223229
1,0.9557381481343015
1,0.9557381481343015
0,0.3018764478775499
0,0.2596422760365291
1,0.356706815579179
1,0.7758029714924981
0,0.06571179814279152
0,0.0750495848048394
0,0.0750495848048394
0,0.15209268657825326
1,0.9036668972591877
0,0.5141140750977504
1,0.694593759110185
1,0.9330472828576228
1,0.57664094071991
1,0.31914603158616
0,0.3162421930441054
0,0.1727148020757731
1,0.8244700022141092
0,0.08398293088335854
1,0.9792525953607502
0,0.15439939863777094
1,0.3820482753895292
0,0.4959264397380128
0,0.09885844347403647
0,0.4027829831580627
0,0.5640470462193654
1,0.49541735822473587
1,0.5798723515048421
0,0.11467784123435802
1,0.8030358629821905
1,0.9192799425443772
0,0.48409159751079334
0,0.5267945555968134
0,0.1650739196670993
0,0.10846940952511691
0,0.29363619942952757
1,0.9279237767393028
1,0.9279237767393028
1,0.9279237767393028
0,0.5475246994433387
0,0.0884090512204123
0,0.16585104731461703
1,0.5896222706435853
0,0.516048670130705
0,0.26252977738396027
0,0.2453260110037629
1,0.7593601990703819
1,0.7253320780410383
1,0.7253320780410383
1,0.30057361903003593
1,0.8780089379135969
1,0.5877107726383056
0,0.36404685772594336
1,0.8148466434844575
0,0.46359268068249937
1,0.766743325506093
0,0.08319632590528392
0,0.0865693941597697
1,0.6170753300404943
1,0.7960200162620258
1,0.6078759994373034
1,0.3323574692016974
1,0.9323705140980875
0,0.1828770330636355
0,0.3505354860111436
0,0.1629984220014195
0,0.3298506010494399
1,0.22082624953350727
0,0.13671744487593376
1,0.9783177741539745
0,0.18977100735587152
0,0.27650679769505804
0,0.173610244697796
0,0.17112367740275772
0,0.17995928121794919
0,0.1318419280950973
0,0.5750233144519032
0,0.23046917379981982
0,0.3357564552366725
0,0.7421443670028025
1,0.7115837077202589
1,0.9970273876350603
1,0.9970273876350603
1,0.9970273876350603
1,0.9944806754022918
1,0.997358988240733
1,0.997358988240733
0,0.01794635585828922
1,0.8994064649625643
1,0.8393560397698111
0,0.13880125802123816
0,0.3210751916568686
1,0.9286417399023409
1,0.819932283866601
0,0.26659870811427727
1,0.9719993659248498
1,0.8495535698606191
1,0.7920401523204111
1,0.8230801019971464
0,0.2213564036043571
0,0.1769037099093953
0,0.2409817513862469
0,0.05715325899464276
0,0.09631175907779405
0,0.06422626936495428
0,0.0614622253088431
0,0.09565703018748457
0,0.10121572801968397
1,0.9681858086415925
1,0.9964836670127952
1,0.9964836670127952
0,0.2928652741628702
1,0.8694871017201456
1,0.5034041107478586
0,0.34435329641456414
0,0.05502033573845364
0,0.33048045622972366
0,0.08943917676359912
0,0.11958772244649092
0,0.11212157612659882
1,0.7381070112828084
0,0.34745977435613684
1,0.7754606734407692
0,0.054667066504039824
1,0.5439784161084358
1,0.674948451507958
1,0.762851749813217
1,0.7046813068472396
1,0.7046813068472396
1,0.868891171397994
1,0.6389185812937376
0,0.2429753617313397
0,0.26535020534289033
1,0.5612996536863037
1,0.5743922736928999
1,0.4299573998922759
0,0.349705920049007
0,0.061645033420926726
0,0.36280862010285947
0,0.21412484008710997
0,0.1977542244504975
0,0.1933618748652497
0,0.09303889860922625
0,0.14776384611228188
1,0.4319529368523311
0,0.19428227538272344
0,0.10665126686372217
1,0.25426789646604436
0,0.15311512029605526
0,0.06377696869040361
0,0.06794195380509022
1,0.31289491934815494
1,0.9100344507312466
1,0.9164309239636442
1,0.9425742090431957
1,0.2561787605706447
1,0.6761060564481463
1,0.985676902822333
1,0.687495963143349
0,0.1347988763538649
0,0.11391574793681948
0,0.5589439873580536
0,0.18958208151958755
0,0.1284762796140343
0,0.42572466277787985
1,0.7001472768338353
0,0.07503349594146129
1,0.9356549063349991
0,0.09044637201879878
0,0.0813615796511374
0,0.12359111728483803
1,0.9648668744006351
0,0.14690520956461142
1,0.5769666840801199
1,0.6238166301773257
0,0.25979617821695594
0,0.21360760580283975
1,0.788896384064471
1,0.12674511386451254
0,0.11892132650193186
0,0.08396446765861626
0,0.3824113699018142
0,0.1733231085836033
0,0.1686943687251871
1,0.4714474023809073
1,0.4231874423249826
1,0.537755520202983
1,0.9570864365992039
1,0.8433802494637663
1,0.8003010041570645
1,0.7529005319569211
1,0.3318763343908446
1,0.9228036796970255
0,0.3940261978650792
1,0.6639747799066833
1,0.9493281672471356
1,0.947585015466662
1,0.990017916648058
1,0.9918551137746168
1,0.983123582923986
1,0.9944749431720254
1,0.9873988989709659
1,0.9938381786940862
1,0.9938381786940862
1,0.9938381786940862
1,0.9938381786940862
1,0.9742070542563033
1,0.9868652221982593
1,0.9938381786940862
1,0.9903537584806226
1,0.9928907905509369
1,0.9637601265882737
1,0.9824283359112919
1,0.9891854984109882
1,0.9895493237153727
1,0.9938381786940862
1,0.8729955715539744
1,0.9374803007029439
0,0.31597339172032934
0,0.7006058306568071
0,0.6649892107289938
0,0.4833591631556573
1,0.8196438040095931
1,0.8851256579996968
1,0.8894317729207175
1,0.8098101985914385
0,0.7613923674349559
1,0.9147870422368048
0,0.3380837468718571
1,0.6171946052385643
1,0.6171946052385643
0,0.6823837440427386
0,0.34606106544112597
0,0.44770307373243645
1,0.6943995161937317
1,0.9455253208367285
1,0.9673108673859175
0,0.25770775591055245
1,0.5739571605485994
0,0.43766249314525313
0,0.06012265823257311
0,0.1629470109726533
0,0.05539672140193862
0,0.0730197858585894
0,0.1502985197001651
0,0.2476420135033249
0,0.27864671685922376
1,0.9046833733557608
0,0.07942920589935834
0,0.04723153090869013
1,0.672470931387965
0,0.5280854174564209
0,0.23235718570928612
1,0.8592545478924938
1,0.8081381107597266
0,0.11122254102363052
0,0.2072095058171333
0,0.18129818226705546
0,0.14975680106578532
1,0.8333448447961108
0,0.19452863179226515
0,0.280838823584765
1,0.8604566691483042
0,0.1399311033218433
0,0.1837775584226928
0,0.10135678187934088
0,0.1411616048187776
0,0.13725146226339846
0,0.10891995808443404
0,0.10891995808443404
0,0.10161685920585
0,0.09871892773137059
0,0.09871892773137059
0,0.1429091834772487
0,0.13725146226339846
0,0.5359786808028452
0,0.5015884211983596
0,0.19291307702609653
1,0.7888403477658462
1,0.9620748743432251
1,0.7635462392844156
1,0.8759960773554879
1,0.6087574342538142
0,0.31538165522588985
0,0.18697905950371255
1,0.8427943993299278
1,0.8721168105062557
1,0.9027323320867029
1,0.9027323320867029
1,0.9072524019826195
0,0.20875788847033783
1,0.7478131878014276
0,0.3257711618396328
1,0.9472610374354148
0,0.12152945583367647
1,0.9942413877772335
0,0.24996412113017866
1,0.5413237186366797
1,0.5536886279552484
1,0.5118787242116712
0,0.36456450712076416
1,0.3814082732820791
0,0.3621994552024356
0,0.15325265621127476
0,0.20532958406578777
0,0.17654523667702712
0,0.17654523667702712
0,0.20509961023474932
1,0.8202528278862744
1,0.6176328861552626
1,0.6638100139723504
1,0.6754478601984387
1,0.6940667668700999
0,0.022058787291110493
0,0.09249873271430827
1,0.7483568158650072
1,0.22880324837562643
1,0.6438385398098351
1,0.8744901427411587
1,0.7655565938479296
1,0.4875113630834521
1,0.5009682915002427
1,0.7712862279023023
0,0.04561106587030042
1,0.45588922049778724
1,0.7995287943663215
1,0.8362625778027206
1,0.6961836962863618
0,0.24545532650237667
0,0.16355970341406906
0,0.39843901777114354
1,0.5630919205993844
0,0.1202688292250117
1,0.823089627143311
0,0.22833617009382912
1,0.7135610860310135
0,0.6194678261993054
0,0.4156225232475227
1,0.3882302201635448
0,0.35518306987951903
0,0.05604681837571781
1,0.9001269129262727
1,0.7608004894815207
1,0.5704015186631803
1,0.758394536900094
1,0.8306409747258217
1,0.7898953501243874
1,0.7942522760222454
1,0.9394100959973197
1,0.9394100959973197
0,0.18055668509258527
1,0.9042896409461536
1,0.7824419594257304
0,0.09237903813321553
0,0.19764423892437058
0,0.07422975257014028
1,0.831788699533029
1,0.37754944787696343
1,0.7222632165901879
0,0.20474701318784477
1,0.9095376720788396
1,0.8843525325091841
1,0.9281455845737574
0,0.17055776570528589
0,0.15240318325654464
0,0.08120547929949658
0,0.13043858932662672
1,0.1018739741485029
1,0.9411144581297195
0,0.1284125711253435
1,0.834237751015704
0,0.058576184602075324
1,0.9394208194979091
1,0.8791421594113846
1,0.8424519119811192
1,0.7462137349760433
0,0.615110320016867
1,0.8813653453339063
1,0.8047099695508286
1,0.8977533567693918
0,0.38051431498698035
1,0.8293465724840079
0,0.23345415086571086
0,0.5668956329246351
1,0.3179520475300015
0,0.08162983386917358
1,0.6843902002868612
1,0.4902836242122277
0,0.23886097017933666
0,0.3031888798771315
0,0.10665428991034907
0,0.08294351865533163
0,0.020075607771086263
1,0.6930017316082212
0,0.3989047418622194
0,0.32272925647189604
1,0.8595743617132307
0,0.4253848612405296
0,0.269881420599533
1,0.7220190368812509
1,0.7112765346008453
1,0.700537001199926
1,0.700537001199926
0,0.2972734755855238
0,0.08367131942562521
0,0.2872798844229291
0,0.2967655570121041
0,0.2116233614919389
1,0.6190761579462729
0,0.41974538779181125
0,0.3542509017685267
0,0.5981155245079018
0,0.29666575813704993
1,0.8355791135954289
0,0.23214980262106558
1,0.9504685334389388
0,0.01941547442447637
0,0.3543167244068721
0,0.3543167244068721
1,0.7087651642981286
1,0.34354154823667155
1,0.32813945421688606
1,0.6773537052903963
0,0.21601986620312494
0,0.5588668174226441
0,0.2649685277276162
0,0.451266992126432
0,0.2649685277276162
0,0.5151397045280023
0,0.28169611775130854
0,0.29355438183906607
0,0.30296357901024656
0,0.29355438183906607
0,0.2590058112344053
0,0.29122612800782216
0,0.2590058112344053
0,0.2218415912391494
1,0.4458807731448727
1,0.25485299918240917
1,0.5151397045280023
0,0.11019648971138954
1,0.6655468732984751
1,0.8809200846846416
0,0.5754952396872117
1,0.8099258824447781
1,0.7311080104081299
0,0.4898537442042634
0,0.45091347002636695
0,0.4021438922442101
0,0.14664390861530344
0,0.16057003908635067
1,0.9241309820765367
0,0.11910641183365812
1,0.9354583223430641
1,0.7951150081842132
0,0.4385881313308421
0,0.055245819186326574
0,0.065614738446002
1,0.9464990697667065
1,0.812427385318203
0,0.09804308290022896
0,0.2039155161802933
1,0.6531201586216371
1,0.6206475431372025
1,0.8297164958596821
1,0.8018948531112129
1,0.6616231494695849
1,0.8775074240655852
1,0.7627266250790851
0,0.2022878985691052
0,0.25669741312523353
0,0.1939181284495527
0,0.20459486828438797
0,0.1728131300300267
0,0.18829576663326333
0,0.08313832253033268
0,0.1338101151442872
0,0.1135925726925704
0,0.16837548926625634
1,0.8445625520816371
0,0.13925759553588848
0,0.03048953613470167
1,0.6240594331281972
0,0.22181766673223244
0,0.2785320490235285
1,0.8295082020051949
0,0.30373882739048874
0,0.1466100435062975
0,0.1466100435062975
0,0.26703613839149454
0,0.10001242455152828
0,0.16186070916870393
0,0.05484515747105638
0,0.019930308393142068
0,0.0941535519143402
0,0.05098640989805146
0,0.13637477477911839
0,0.5843445112776913
0,0.15230987552318975
0,0.16090908836502887
0,0.31189353195878694
0,0.18989448123421132
1,0.3807026984774258
0,0.24703105710149847
1,0.8422018488448628
0,0.05566982813212223
0,0.07914798263228134
0,0.07995741126481751
0,0.17994677814231014
1,0.9396166395925463
1,0.9396166395925463
1,0.9396166395925463
1,0.9822537543419242
1,0.9181637483145053
1,0.9822537543419242
1,0.9833005460799441
1,0.9069368525391321
1,0.9181637483145053
1,0.9833005460799441
1,0.9309156245416346
1,0.9266096884396025
1,0.9396166395925463
1,0.5815920098167559
0,0.2825354555036775
0,0.1969236508108362
0,0.22022725615861102
0,0.3244209908861392
0,0.017542996389223596
0,0.0608586163172866
1,0.7668665763951545
1,0.757395132397607
1,0.820667277917292
0,0.20644371759215932
0,0.27888870182483205
1,0.4116563639490411
1,0.2166194599996078
1,0.637866594236604
0,0.2170344354046419
0,0.186189437179734
0,0.30624551296542435
0,0.10601475834665272
1,0.8351016541763641
0,0.6965986012368592
0,0.609016374364981
0,0.2908862390639962
0,0.049936226122762405
0,0.18823314195625793
1,0.9569001626487372
0,0.3562155715582568
1,0.7708831348654124
0,0.5680428471195993
1,0.49437674279543836
1,0.8821992497974901
1,0.9260032305266871
0,0.762032665923874
1,0.784078779063635
1,0.8219729811490942
1,0.7486564620479191
1,0.697205146967429
1,0.7641294939416029
1,0.8529959639399284
1,0.8707096833956386
1,0.8111991777932831
1,0.9342783623227618
1,0.9483382248458684
0,0.07238606343448967
0,0.18913738022991441
1,0.643340461781942
1,0.8907803961972378
1,0.9394245992315478
1,0.888134591424662
1,0.6460691856662522
1,0.9008526154929646
0,0.09046075319247818
1,0.7140469180333188
0,0.10235398659853405
0,0.3607345568767906
0,0.11982858756851768
1,0.9356108867084751
1,0.9215088006618196
1,0.9492161957770591
0,0.21442987997552915
0,0.2387787985818877
0,0.06684175318863285
0,0.09581233505214132
1,0.9293155222036941
1,0.9534317118664871
1,0.897284642268348
1,0.9100932097603719
0,0.05173091654372074
0,0.1033292261665999
0,0.0421438007190931
0,0.1018178890909195
0,0.013695043892134728
1,0.36294762870228536
1,0.8042774324320664
0,0.17954516692252612
1,0.9763779935972257
1,0.7846030399641346
1,0.743560696303364
1,0.6022327264746408
1,0.6138029272570005
0,0.3697223468957402
1,0.8340158727033449
1,0.6628816770009923
1,0.8150101653295937
0,0.5932679598898378
1,0.8331989128550411
0,0.3658343220122874
0,0.11979913099396067
0,0.04204417372990742
0,0.19617681991646854
1,0.7792959035257669
0,0.8213623198347481
0,0.15164840596015441
1,0.666471334865677
0,0.07953542165175075
0,0.06246426571668835
0,0.08440028314093005
0,0.11708404959608518
0,0.08098546051127231
0,0.05534826000972802
1,0.8090149067939065
0,0.19813511135362294
0,0.01733506922678358
0,0.02207362399894501
0,0.01733506922678358
1,0.9576561498296414
1,0.963146212445575
0,0.1294740775142557
0,0.03908001805448167
1,0.8244221861805965
0,0.42229394063582915
0,0.13472344753047116
0,0.11212743460947289
0,0.11002465714439794
1,0.42229394063582915
1,0.8407353201901957
0,0.21111057932882263
1,0.6854442951840717
0,0.30293236096366727
0,0.2972289072423746
1,0.8248249256488694
0,0.25423475274788293
1,0.5784311633182931
0,0.07110535316463368
0,0.08860396135601219
0,0.07110535316463368
0,0.06363358622761889
0,0.36827632893717155
0,0.06960650657849053
0,0.1890806741516802
0,0.5522456715794374
0,0.20723051761530306
1,0.6212927181439187
1,0.7509862776308875
0,0.22711210364042927
0,0.0922671021894686
1,0.6583381595999986
0,0.36026228820925005
0,0.14891031724814888
0,0.05622761086640367
1,0.5330790051672194
0,0.18227719330955702
1,0.8882579768373136
1,0.9486812267683611
1,0.6200541561300434
1,0.8294871936599201
1,0.8676980506735199
1,0.8273450639516833
1,0.7079009289364768
0,0.06021354690527715
0,0.2501256941885543
0,0.2008066583305721
0,0.31021188854514437
0,0.2168538694673539
0,0.24860443915300812
0,0.08589548064071924
1,0.6806644025379737
0,0.08588908723590453
0,0.7042620827492919
0,0.19619970167276582
1,0.6436378645572578
1,0.4843626071451868
1,0.9294844450058485
1,0.9428620779259916
0,0.38231390248480535
0,0.26548680504528593
0,0.4843626071451868
0,0.42060746433510154
0,0.25652962546407815
0,0.40180009979753434
0,0.21050447483306453
1,0.7748631421917258
0,0.17430440998366664
0,0.07306846923183417
1,0.9287448005166147
0,0.20826031957635496
0,0.15853548006799434
0,0.11888577685655563
1,0.9535966383456987
1,0.21113137883235636
0,0.06278404240703483
0,0.0978039137246057
1,0.7754409808392275
1,0.5900105768585551
0,0.12333876795405715
1,0.7579943018588269
1,0.3465837036306788
0,0.023569181017929434
0,0.28624814404629717
1,0.6556440024191007
0,0.17583346780540907
1,0.9087674230122668
1,0.9305652621328748
1,0.9366248414941017
1,0.8829976552806444
1,0.9408220854067688
1,0.9287060202614507
1,0.7681488763861288
1,0.9484554905587302
1,0.9134053988941276
1,0.9321095268990153
1,0.9198276291073633
1,0.9484554905587302
1,0.9321095268990153
1,0.9609432686647411
1,0.7231611030730748
1,0.9602638888831062
1,0.9408220854067688
1,0.9521506400670793
1,0.9521506400670793
1,0.9403425779080001
1,0.9609432686647411
1,0.8853124963420689
1,0.9413506897623914
1,0.9413506897623914
1,0.7715740169001326
1,0.16179629760900485
1,0.7721095275816536
1,0.9478846412439109
0,0.5539919219599246
1,0.9448391435293096
1,0.9320764477531227
1,0.9004493285462568
0,0.1878612700159656
0,0.24449568299596086
0,0.6033912284026286
0,0.16470688917846024
0,0.21294935631820067
0,0.0730113241827911
0,0.8066028992887713
1,0.8271776342719377
1,0.8271776342719377
0,0.8271776342719377
1,0.8271776342719377
1,0.8271776342719377
1,0.7754031674834945
1,0.8140784100254076
1,0.8140784100254076
0,0.08143076503649968
1,0.8331981735985047
1,0.37167822601674116
1,0.3332581626892453
0,0.4289701395179598
1,0.8964843714190239
0,0.1849950486320671
1,0.4388515635706146
0,0.1042996455424929
1,0.830078489104903
1,0.5120051484980381
0,0.35817855939603294
1,0.4214270146586173
1,0.6541625329408167
0,0.12687123691185317
1,0.6866298895225279
0,0.17342231029974386
0,0.22776544000648374
1,0.8614907106106575
0,0.10420950543181697
1,0.9310916187824612
0,0.28498206719961233
0,0.144804308121568
0,0.23657914484889203
1,0.6137955535216367
0,0.2641902485862058
0,0.5568703884766223
1,0.5330905783333023
1,0.9979477626767728
1,0.8131352666563616
0,0.18996101658781003
0,0.2803728787785806
0,0.20017177558561422
1,0.92450742190785
0,0.23700462473221237
1,0.7010632727744879
1,0.6733425675329457
0,0.06748269243841686
0,0.15886379330048928
1,0.7067257895469409
1,0.9132916926431306
0,0.0704488247605736
0,0.1439337591499307
0,0.36915814307918365
0,0.3181134758047813
1,0.45491282630770724
1,0.6777529767143101
1,0.8066974681115205
0,0.1777357603175673
1,0.9387777570897725
1,0.8848329887728339
0,0.10473094166854997
1,0.6010758166833716
1,0.709130440092739
0,0.15241087405804307
1,0.844224988640788
0,0.2537565329615346
0,0.33293549862041594
1,0.6068400486946885
0,0.2633059994124854
0,0.5142585263373742
1,0.7828626576462462
0,0.32122265974127584
1,0.7685885538016163
1,0.751964685521777
0,0.7630927242334046
0,0.7923305393889543
1,0.48657343786144835
0,0.4287978786531029
0,0.5156613116114532
1,0.5343146123091119
1,0.4364308204931348
0,0.44075851140571465
0,0.4059772224928832
1,0.4059772224928832
0,0.4287978786531029
1,0.7232425601743124
0,0.30698069359502167
0,0.8565988708852889
1,0.4305474553999083
1,0.12357267999666392
0,0.014295616742673517
0,0.01834537158687338
1,0.5243535411185102
1,0.7541161619724776
0,0.30208390379117805
0,0.48447471384681656
0,0.21326514442274233
1,0.8528096832127613
0,0.3165823219080957
1,0.4858374562937219
1,0.6487028798220185
1,0.7825459883740277
1,0.8691242510136195
0,0.028272192571402077
1,0.897406018374964
1,0.6865865154471033
1,0.9504224071275588
0,0.1207244667474515
0,0.15804918190889763
0,0.4896607264839351
0,0.17339201531191553
0,0.09107416125608682
0,0.11058786723286157
0,0.06500700627004499
0,0.08234700696348204
1,0.7571533383937074
1,0.9270394416934893
0,0.4194768830019528
0,0.6123127080197942
1,0.8980415067239543
1,0.9057219020705883
1,0.5204306341326643
1,0.7164081182225498
1,0.4736430188743224
0,0.33503363411396575
0,0.10009554844416362
0,0.037479286343746775
0,0.14725727099297992
0,0.12176929072408488
1,0.8751215681887363
1,0.9215951574236954
1,0.8902925337884521
1,0.838304893744224
1,0.9416431210037152
1,0.8626487601472813
1,0.9390149169217643
1,0.957570914473739
1,0.9233919251250265
1,0.9420414808705656
0,0.1935767660728116
1,0.9525516061409254
0,0.18561421749514137
1,0.11446069098081182
0,0.07549824893820449
1,0.9174374925165016
1,0.9226962480608393
0,0.14382672766510066
1,0.8525046558467871
1,0.48341709834825214
0,0.2472574562667238
1,0.9427987180825638
0,0.17745485357685617
0,0.1140125785308173
1,0.6624898708160492
0,0.33618997912455056
0,0.1830150500448814
0,0.12306560888518486
0,0.08969176383052511
1,0.973241048171997
0,0.3307652385963846
1,0.9902568610205202
1,0.8511325171924737
1,0.9841684807729936
1,0.9753327263272039
1,0.6207274643086903
1,0.6207274643086903
0,0.276059411057307
0,0.46310626683501116
0,0.5190723805128135
0,0.13674442864574302
0,0.29727722089745423
0,0.18845896990342545
0,0.26101311134914823
0,0.10542592950306875
1,0.9859375148001298
1,0.9859375148001298
1,0.9859375148001298
1,0.9859375148001298
1,0.7394390095338225
1,0.4776259117360447
1,0.7520529992925853
0,0.5575065809382771
1,0.969823549309207
0,0.3543979307211321
0,0.33173418719317105
0,0.04135869486159811
1,0.19906499813217488
1,0.7427777167678733
0,0.2582155480967934
1,0.47306964990960276
1,0.528322265589277
0,0.3446702237943041
0,0.0951528029746576
0,0.2807533390545183
1,0.3776350243567599
0,0.046675440806500566
0,0.006343917950695552
0,0.007275229439371624
1,0.3787560653026735
1,0.5580778443002908
1,0.8853177319970857
1,0.8684663810671165
1,0.8474342191304829
1,0.8189474268178397
1,0.936173865168506
1,0.962594507192304
1,0.964678264639642
1,0.8891494246993087
1,0.9317835410182985
1,0.8493018283058222
1,0.7523069738923931
1,0.8340837891371031
1,0.8584375899675842
1,0.8176717714763521
1,0.8355867004657446
1,0.8128530927606386
1,0.888364118288191
0,0.14054596684135717
0,0.2007752454946448
0,0.1765645488061598
0,0.22838171215897723
0,0.24057332421360983
1,0.5487835939088734
1,0.9129088612470616
1,0.8951339052125382
1,0.9110844804797192
0,0.07371625675534313
1,0.3855921905555667
1,0.5787817928253152
1,0.7907786077791211
1,0.9911921689934344
0,0.36775548055164065
0,0.30610771398758274
0,0.2868066034614398
1,0.45601885794926356
0,0.4415665504031682
0,0.26680598247262777
1,0.9271175279020734
1,0.7579498613813872
1,0.4563090970064619
1,0.9455253208367285
1,0.9455253208367285
1,0.9455253208367285
0,0.10580166323806216
0,0.2096453855338898
0,0.10708479983843246
1,0.9813791957071157
0,0.14022612676000426
0,0.3828543145189569
0,0.5343312783635891
1,0.7136881103559682
0,0.07300543658462315
0,0.06862254311517955
0,0.0674798076526856
1,0.7091101916804191
0,0.2731758746530091
1,0.9478457441520104
0,0.49246383733400584
1,0.27661511375853254
1,0.9019416377590971
0,0.4451867617214615
0,0.16366930149498432
0,0.2768054717540087
0,0.24765639389723654
0,0.2591656023750004
0,0.33753444277523575
0,0.442829415690199
1,0.6757762699916467
0,0.2613875204125693
0,0.16860293339329765
1,0.5558463136708787
0,0.2377149728556536
0,0.11129011410659385
0,0.08710661158287661
0,0.5192634322050512
1,0.33210702546133947
1,0.8314754326208857
1,0.6295276045694522
0,0.3031483507967982
0,0.2563069446252718
0,0.1931920332100639
0,0.22906985703066557
0,0.24078860161930649
0,0.32813829635140157
0,0.19198457402771948
0,0.14442269735040483
1,0.9384621917196325
1,0.7905724746009788
0,0.07666900133890292
0,0.25539340645018266
1,0.8960702727197568
1,0.8078924469245012
0,0.47817236597847423
0,0.13488641198339163
0,0.20533060803789133
0,0.1238340183645326
0,0.17419892046640778
1,0.11758750850048563
1,0.9675094073143016
0,0.1308234158355038
0,0.3877811284361522
0,0.5399445014686559
0,0.2298591030342243
1,0.9288834391971612
1,0.9288834391971612
1,0.6605967221922662
1,0.4518673513086323
1,0.612226671608456
0,0.4087136980153038
0,0.3100287563007532
0,0.533562335691341
0,0.46293217192392216
0,0.5612033346309897
0,0.48695167930838995
0,0.46293217192392216
1,0.5721096567302795
1,0.8662516086251248
0,0.39203495454209425
1,0.8810590541772516
1,0.4381042378386207
0,0.5394469586645735
1,0.9232934936722134
0,0.08025117063772726
1,0.8530748448007794
0,0.24669424578811522
0,0.11305598489612399
0,0.15347746270429052
0,0.20480014472133426
0,0.11253671063113906
1,0.6538141643766798
0,0.3997715121640401
1,0.7910636871070439
0,0.20669006872873186
1,0.8428197773845437
1,0.9621903675211972
1,0.8127823573708495
1,0.7751585203573971
1,0.9259193905696737
1,0.8213623198347481
1,0.8046521400813418
1,0.8693970211821959
1,0.849296032849035
1,0.7632412056722988
1,0.8213623198347481
1,0.849296032849035
1,0.9087894038836278
1,0.7946062284250608
1,0.8641738728145217
1,0.7816891159533957
1,0.8641738728145217
1,0.8213623198347481
1,0.8693970211821959
0,0.2200629314144439
0,0.16390578110035406
0,0.2709890756078374
0,0.24828795202587609
0,0.139436984475806
1,0.8164967465685783
0,0.3002743517233658
1,0.7473227259773428
1,0.9216409393335394
1,0.8544722198303132
0,0.0779752194414441
0,0.024679394832207838
0,0.16986949414266272
0,0.19246126346050543
1,0.8027266352172451
0,0.33816136488411924
0,0.22856960191599693
0,0.2159752361761091
1,0.9234972067132681
1,0.8510648524033808
1,0.15974472876788043
0,0.03785016885471204
1,0.20034185255425643
0,0.17530953527558227
1,0.2704103322443609
1,0.9682789932711195
1,0.5698649128413682
0,0.156098857699924
1,0.3621196847473202
1,0.6384548363704091
1,0.5502529123049792
0,0.11731383362490014
0,0.21443925681238898
1,0.60258963223463
0,0.06570725657111243
1,0.8775338391759668
1,0.8141622676758828
1,0.7743687614844352
0,0.5122791060647325
0,0.29423652305742215
0,0.11713413396135007
0,0.18865092856004942
0,0.377311618192849
0,0.19450871846416956
1,0.8612521877047415
1,0.8979089616029033
0,0.6982885781619071
1,0.8979089616029033
1,0.9444919892958266
0,0.13572137173418877
0,0.10281393050931473
0,0.20816543732231094
1,0.5021276384119153
0,0.02608790159822008
0,0.32258596265296624
0,0.2548643372142502
0,0.48657704720694994
1,0.7345195430046594
1,0.9755700852596847
1,0.8525813355570843
0,0.7908959618688417
1,0.8773958984094393
1,0.8936659936957287
1,0.8566816889148218
1,0.8066592301041157
1,0.9028531843455246
1,0.8071008242075989
1,0.849156801920433
0,0.4583491185773402
0,0.1970279195646942
0,0.127160346300018
1,0.7597940523286062
1,0.8245711849892228
1,0.8359880463306746
1,0.8540065981498605
1,0.8679054769968435
1,0.8368146302615755
1,0.832805446819267
1,0.8416862577618018
1,0.8241763072704912
1,0.8160832270888925
1,0.795070151568643
1,0.8428878942467183
1,0.8283655757501033
1,0.8620979696242318
1,0.8243463790198011
1,0.8556803093588558
1,0.8304899379987285
1,0.8278866848433483
1,0.7088779747731936
0,0.06001667091852525
1,0.8196974065798808
0,0.4761801456741008
0,0.24742570080786594
0,0.5068757262028287
0,0.06532238257209895
0,0.045934748014360476
0,0.052960888002163586
0,0.04708083321926712
1,0.43981438966416836
1,0.9229972977525998
0,0.2484598333681075
1,0.6979616502612549
1,0.46429952551840026
1,0.5423623299845793
1,0.9126315799744544
1,0.7061697570811852
1,0.7947993567498096
1,0.7688791563038389
0,0.35382815410037816
1,0.551013012312793
0,0.7556465720644683
1,0.6589917894727509
1,0.7152555319481075
1,0.8476696559821286
1,0.931701328189804
0,0.43822929399974714
0,0.14059122011152778
0,0.20856994735696988
0,0.4127852269827164
1,0.9614856697339932
1,0.6536099901250519
0,0.08498237893522695
0,0.18855210161469413
0,0.15056892755406232
1,0.25408992957211984
1,0.8792608462813402
1,0.8678812710584655
0,0.29790176443778227
0,0.23135513610574954
0,0.05797788785947927
1,0.8850198463192298
1,0.6930322877752475
0,0.40058899957744754
1,0.9475650067885341
1,0.8926150315070837
1,0.9522888336967765
1,0.9402033014019637
0,0.19507707682844647
0,0.4808999171059633
0,0.35481451871112357
0,0.28042173591659675
0,0.3798816739646154
1,0.8602640841298164
1,0.8602640841298164
0,0.4337997034697569
1,0.8013801724269621
1,0.7991157011494561
1,0.9330225556285464
0,0.11494764765309265
0,0.05001002164068469
1,0.8741746044431025
1,0.8270771192783268
1,0.641045060960134
0,0.09269678221944824
0,0.09146822256442191
0,0.078278502889888
0,0.4505289472606119
1,0.9283727597975618
1,0.44584177273891973
0,0.525685841386406
1,0.48544248337076684
1,0.6694933211466936
0,0.0996734666613747
0,0.1578753460820619
0,0.08012960595473466
0,0.13959172987967441
0,0.0965831214892696
1,0.750333754281159
1,0.3833596740774029
0,0.26999053603782397
0,0.23192249563062273
0,0.017446658072836782
0,0.26214153258158773
1,0.7567345751769675
0,0.1289608465155013
1,0.9135410320946481
1,0.9143489271251545
1,0.9497890083468646
0,0.21360426031655316
0,0.16471496674338193
0,0.06472552391685776
1,0.7860902115420028
0,0.20102548197320116
0,0.38992384240178346
0,0.507722091347046
1,0.7729768932407273
0,0.15398705568183021
0,0.0657834501799333
0,0.24603434202795213
0,0.2554757724804101
1,0.6510651538938445
1,0.7782495323784386
1,0.7917360809392505
1,0.6844738769297217
1,0.7909775265334363
1,0.882776958881824
0,0.3020999615216265
0,0.2712718987565788
1,0.9601796125880107
0,0.19908022479836845
0,0.298417270664794
0,0.03598693344231155
1,0.8930991026139619
1,0.4590664523319905
0,0.14477024962675622
0,0.10877176721917428
1,0.40397520213845783
1,0.3858913072919448
0,0.15986173967533215
0,0.29192209954226295
1,0.9894232767603184
0,0.1555440623988579
0,0.2928233649982891
0,0.31696135309331114
1,0.7453550853993938
0,0.3917624825543304
0,0.06298019102700825
0,0.3421818951317986
0,0.08942265748679112
0,0.04300842011888448
1,0.9034779422178659
1,0.8647206504186238
0,0.2863288409535628
0,0.21058416310593364
0,0.2567808446322609
1,0.5101394945847101
1,0.8137442133835886
0,0.04497444414551365
0,0.02983552058442758
0,0.487052951480575
0,0.14814663149509824
0,0.12908654056604793
0,0.18296390613713132
0,0.2483666243784146
0,0.19892613199042242
0,0.012784109952122659
0,0.19658769831277073
1,0.4751374962436719
1,0.839358283581379
0,0.06293448645618613
1,0.7317275530061216
0,0.14485044383600806
0,0.22242235238617802
0,0.4497489476344825
1,0.6753722826203226
1,0.6948545980972158
1,0.4036891462394088
1,0.88125398960383
1,0.8663768546624601
0,0.1988398359963025
1,0.7797812343556023
1,0.7797812343556023
0,0.0518800221453711
1,0.911029752387844
0,0.26314203196056263
0,0.19203249769735517
1,0.7693177514239216
1,0.8614622820766263
1,0.7915897931965358
0,0.15082719677061673
0,0.014703284748346606
0,0.10518186125393476
1,0.9709301326976006
1,0.807169724397133
0,0.6642408197061616
0,0.886963509771294
0,0.4576941398775222
0,0.32598334296097736
1,0.16207440375878035
0,0.11874639466194521
0,0.07637193968354157
0,0.13243762955387148
1,0.7351561425332332
0,0.42167774377390066
0,0.12886332613657656
0,0.18599161719782617
0,0.4095474597835791
1,0.09934730159431827
0,0.26672519420581964
0,0.41209938182592
0,0.12002412901736893
0,0.49969617323562826
0,0.32678088593067883
0,0.10622219499305825
0,0.10900534361011427
1,0.5503683224154807
0,0.4693480327161093
0,0.2664184993386148
0,0.22499975399494626
0,0.19675813794243704
0,0.5230222466906954
0,0.44170389992250575
1,0.8882337199475617
0,0.8308010697249815
1,0.8668633617705364
0,0.1715666309205587
0,0.1982961794753722
0,0.07185173883093221
0,0.07179288027755866
1,0.8217169363827423
0,0.09493689080698348
1,0.4755421983195675
1,0.8385055069807931
1,0.5587903389666522
1,0.5032783615090146
1,0.4915109673851265
0,0.4928272482106509
0,0.22943589068064427
0,0.1110487872125074
0,0.30740647449291086
0,0.3357188580199552
1,0.8450504911212852
0,0.26152729660833723
0,0.10965369525649013
0,0.05232523619683275
0,0.07662462764787448
0,0.058741539628763856
0,0.055861764018948
0,0.06268304473802647
1,0.2537432139991606
0,0.12239654971502169
1,0.8265666735601962
1,0.6577927559935973
0,0.20551621167937165
0,0.3837493668496909
0,0.45853647604390596
0,0.29267139355085753
0,0.29749948384197034
0,0.15084760352858773
0,0.43395071791875167
0,0.31474013576132304
0,0.40526719791343946
1,0.9323276381708547
1,0.9345513820703812
1,0.9345513820703812
1,0.9345513820703812
0,0.34344788896292466
1,0.9753933253822435
1,0.42253389929938273
1,0.9493455489494168
1,0.963838227584637
1,0.936258943726533
1,0.9709331857722018
0,0.029820374366972404
0,0.0324307650435099
0,0.0324307650435099
1,0.8729767272055292
1,0.8794577091517972
1,0.8794577091517972
0,0.0951371964822846
1,0.4065542184022276
0,0.2744946339568418
1,0.830516953780295
0,0.0650233942580729
0,0.5563856265497666
0,0.22894820437852503
0,0.4730649071875796
1,0.8398394091754487
0,0.12417234404812906
0,0.10088911652187102
1,0.7944702024289283
1,0.8076764951004765
1,0.7659658677284931
1,0.9040846922458498
1,0.09354419689812302
1,0.7292815525942938
1,0.66455180861341
0,0.2227583282335536
0,0.2701582652039506
0,0.2219213753530718
0,0.3775072993586292
0,0.20309934826465384
0,0.14004647233115206
0,0.13311671862268457
0,0.30427939937421616
0,0.04572237507047672
0,0.0786936874254258
0,0.15768484753832435
0,0.0786936874254258
0,0.0786936874254258
1,0.44588963663648706
0,0.1410900248963039
1,0.3160574327261709
1,0.844609475737643
0,0.47641440337162333
0,0.3292344732670763
1,0.4533876921812812
1,0.5101391102935772
1,0.6228618111280545
1,0.7239600303155795
1,0.695584091127207
1,0.5960553754642843
1,0.6268072034883857
1,0.7055099355288676
0,0.12094311462833635
0,0.25497796769991654
1,0.6167081393813088
1,0.3646320756705751
0,0.26486735647435106
0,0.6674616900015349
0,0.24522704843668996
0,0.31452756549930744
1,0.43916766611639857
1,0.7949498126595854
0,0.2897307218623037
0,0.2897307218623037
1,0.5835220290183993
1,0.8263096266038251
1,0.8883936074218154
1,0.8484982757636943
1,0.7463011717278609
0,0.19105507294314042
1,0.9683947276641754
1,0.3306488856771936
0,0.09123008395337229
0,0.24194193500306882
0,0.08033540703274832
0,0.6166390485622952
0,0.17383693430751476
1,0.6659631347336583
1,0.6689314473827546
0,0.2585193344655774
0,0.15752418735360255
1,0.9189650962340196
0,0.29315862117432634
1,0.7115571062997497
1,0.6871455615558352
0,0.02383610228501278
0,0.03011018032453953
0,0.22016593028772236
0,0.43010781532734355
0,0.19866831155124282
1,0.9748552507555087
0,0.16899933524808075
0,0.187446778459537
1,0.94039732098329
0,0.21278810048570723
0,0.06207312324855726
0,0.19911422821551455
0,0.02937953146076835
1,0.8143373016114791
1,0.9163631999676238
1,0.8605958202869991
1,0.8900332725226741
1,0.9585720715131406
1,0.7991346206543428
1,0.7675017346252493
1,0.3482237764683864
1,0.992133337827955
1,0.7604248709300778
0,0.14014553877691827
0,0.48581320315746684
1,0.32520056009701975
0,0.11137676330315512
0,0.2035478685726391
0,0.2948740145360841
0,0.15535671390233544
0,0.24967831933866186
0,0.18811739504876265
1,0.8059209076054452
1,0.7277376732088278
1,0.8506811108833466
1,0.7220621898896078
1,0.8615059630554626
1,0.21081362006604834
0,0.1276757560441989
0,0.10583540613725703
1,0.9230165957422085
1,0.9266016404113971
1,0.7701671075969242
1,0.9851009993329717
1,0.9607221677823237
1,0.9114898645060945
1,0.926301839094977
1,0.9756386499702179
1,0.9833906681463274
1,0.7639982712179799
1,0.8700426858932963
1,0.9422123581329824
1,0.9508222176137456
1,0.8978528167782125
1,0.8882438100820279
1,0.9122058876701129
1,0.9558441127317688
1,0.9305452667764216
1,0.8607656592325509
1,0.9623212477399357
1,0.8947782855880257
1,0.9406576960227891
1,0.9577230621237687
1,0.9137442536916409
1,0.9189217677276251
1,0.9266016404113971
1,0.9542899679067209
1,0.9562208199740238
0,0.49313910533333194
1,0.6535753098388103
0,0.2563217599934078
1,0.520771179127314
0,0.14570709035649948
0,0.14387151664469705
1,0.6028763804860667
1,0.8213048333954726
1,0.5812568656231748
0,0.46027556872269815
0,0.4558160784841342
0,0.37638519006665616
0,0.7424375784897039
0,0.7494109793829402
0,0.5534321501884524
1,0.8833524839213582
1,0.885798964300928
1,0.941582935956492
1,0.7494109793829402
1,0.8905963657395707
1,0.7494109793829402
1,0.7494109793829402
1,0.8045791495372985
1,0.8107648209947241
1,0.7461777465452519
1,0.8503604590264416
1,0.9029587362434707
1,0.9187259032137594
1,0.7460889328321104
1,0.901697990008465
1,0.9028209276066446
0,0.2597634808811956
0,0.05876505081879793
1,0.7296176690429742
0,0.08397889524960395
1,0.4574580064116171
1,0.6802982874881062
1,0.995254865612748
0,0.08211886333401464
1,0.772099461786587
0,0.5208344628728273
0,0.10089920872275855
1,0.9115143083080646
0,0.28727690500893205
0,0.10637089702337671
0,0.5402986889350287
0,0.5074683751908938
0,0.29843555632579594
1,0.593062678069799
0,0.38958034834078376
0,0.16621858092314123
1,0.8541822773636996
0,0.31688070544522273
1,0.7003675817498292
1,0.7625696499597097
1,0.8416038913197722
1,0.8622628376693947
1,0.7645644671938615
1,0.6996201884301217
0,0.08221846066676221
1,0.8732475503321273
1,0.6198772242001865
0,0.13367274751192001
1,0.7923173229965776
1,0.7389762603489417
0,0.2168986008050822
1,0.625967662876206
1,0.5834080467736611
0,0.32517786903829715
0,0.32517786903829715
0,0.2647060263206885
1,0.702273892975015
1,0.7379329042005806
0,0.3741750819026173
1,0.9725244794267333
0,0.19024070852583097
1,0.5732238327048416
1,0.8901463700787376
0,0.1240665989859345
1,0.9661041406836165
1,0.965115248096723
1,0.9424563629869663
1,0.9448404813697809
1,0.9407549906283988
1,0.9548547160324984
1,0.9618943304986067
1,0.8750737660524123
1,0.9483119630506087
1,0.9693917265889322
1,0.9744893744480584
1,0.9623116469206581
1,0.9433821015367292
1,0.9608366821860538
1,0.9847540396019933
1,0.9623116469206581
0,0.2784523320563998
0,0.04612284588480633
1,0.12168928969642948
0,0.37113047409569033
1,0.8605713635637741
0,0.01847652389952222
0,0.016587388772533487
0,0.16908022876526474
1,0.6611835410571545
1,0.6779439604109059
0,0.6133989136997668
1,0.9494054868804489
1,0.93373121371979
1,0.9313363640112431
1,0.9259750739740101
1,0.9296188794302614
1,0.9494054868804489
1,0.9163845063220055
1,0.9115712381092762
1,0.9494054868804489
1,0.955092839728202
1,0.9296188794302614
1,0.955092839728202
1,0.9503939713394727
1,0.9211748199782794
1,0.9494054868804489
1,0.9494054868804489
1,0.8697358079377897
0,0.5736097966767956
0,0.40745412802017045
1,0.6610243043888598
0,0.14317447083560408
0,0.155215800498756
0,0.12706291452260443
1,0.45070232319752557
0,0.2649380444629236
0,0.24490383414646583
0,0.11653593091588611
0,0.45341148791200075
1,0.5853662147577078
0,0.3906288007569279
0,0.15183428040769584
0,0.38623596396324267
0,0.11325467117762704
0,0.1565559702595619
0,0.8156077526309781
0,0.15075532549721188
0,0.17883037570892518
0,0.012095146436902874
0,0.10968617634297491
1,0.8744924497371199
0,0.14335040818204747
0,0.11274835119836137
1,0.9765167568242696
0,0.5626470534408883
1,0.9078021753143358
1,0.8920811966170478
1,0.8908806587991163
1,0.42350596403983004
1,0.9701511531859298
0,0.13821929924694043
0,0.13422767265205812
1,0.9719165140055276
1,0.8931921678318044
1,0.913269507864607
1,0.9412481368298014
1,0.917648604412278
1,0.9690106498000063
1,0.971660860560255
1,0.9690106498000063
0,0.17254083201599515
1,0.6001346481615237
0,0.18569666662954729
0,0.4984523412965301
0,0.2988199857375045
0,0.29399720741597135
1,0.8087435490247006
0,0.2668690332710614
0,0.2668690332710614
0,0.2357525708700375
0,0.1911940588025354
0,0.05343145962442328
1,0.6989629264373817
1,0.5496853857365511
1,0.8920138099936284
0,0.2655380097830558
1,0.8536918770799307
0,0.31802531707110326
0,0.2112891971976262
0,0.32170935762952935
0,0.09212039820490185
1,0.5668187528344585
1,0.9917966014306042
1,0.666648984685476
1,0.8253388685413696
1,0.7433252062905509
1,0.8283606970406868
1,0.7334306453829478
1,0.666386154851223
0,0.5921941853597552
0,0.5557652642044103
1,0.6178198358111101
1,0.9310848201840793
1,0.8583737326362954
1,0.4505865932481123
1,0.6703095755658199
0,0.32299919750971673
0,0.043341131959339085
1,0.9701204447944743
0,0.302618166082048
0,0.07847274338039523
0,0.015294596817036325
0,0.059054439133019575
0,0.05940693067047134
1,0.8045190056292908
0,0.1888319867672818
1,0.8196551484719896
1,0.8016618483542399
1,0.6058141597388287
0,0.09026878414366295
0,0.15079639111193152
1,0.7168018044611288
1,0.4211386256558556
0,0.26083458691534683
0,0.13192479396024023
0,0.36612625314306346
0,0.15203610584154828
0,0.15737348278023666
1,0.2709839927544946
0,0.47567849451385064
0,0.3252241678901924
0,0.07411645958349196
1,0.8267966377512405
0,0.36079559643488324
0,0.06098612308984668
0,0.0690711310649208
1,0.6484943041068042
1,0.6784219321741778
0,0.2750173530368099
0,0.30613100182764136
0,0.25027150942255605
0,0.08601442238714457
1,0.7925736291271673
1,0.4036278776796855
0,0.24629527961416342
1,0.7312356460914945
0,0.3356443621286359
0,0.18897256610478128
0,0.36861341524009644
1,0.6705501037254726
1,0.7953436248852218
1,0.6372148110985988
0,0.11353710889019143
0,0.8408643192551438
0,0.6446229183918003
0,0.6622994528921696
0,0.6106945339096042
0,0.5710956948555831
1,0.8408643192551438
1,0.8408643192551438
1,0.678908005372795
1,0.8408643192551438
1,0.7051108954989416
1,0.7780745296805506
1,0.7051108954989416
1,0.8616594926910891
1,0.8408643192551438
1,0.9328759533291954
1,0.8984366640022379
0,0.12095134880496071
0,0.5211706727372302
0,0.11420323205837565
0,0.3946705836318049
1,0.6030134388371933
1,0.4967624551289867
0,0.08125618518043978
0,0.03277660981687498
0,0.15672285854635332
1,0.6218936715086687
1,0.6218936715086687
0,0.5852785453469321
0,0.4982826998095829
0,0.29188756753037615
1,0.8970026313576276
0,0.13107812212407655
0,0.11449226387439342
0,0.15332627192481094
0,0.18693089218641837
0,0.025404665734773523
1,0.7904864208194825
1,0.7904864208194825
1,0.8138108771494705
1,0.8138108771494705
0,0.24510237825333048
0,0.14219654431350917
0,0.3669321450000923
0,0.16851753318088725
1,0.7031845375342893
1,0.7618405385725759
0,0.12319662881981508
0,0.12319662881981508
0,0.11012544181914354
1,0.849634289652634
1,0.914230157092681
1,0.8213223819120117
1,0.9466099439824981
1,0.9862756383803839
0,0.28165752573281155
0,0.2901150463304185
1,0.18871542831066299
0,0.13255287618958378
0,0.3757300758014529
1,0.7683417113286525
0,0.4896522648238413
1,0.878518974356609
1,0.42586710430472663
1,0.5189921340238001
1,0.8859200599327072
0,0.17144502442785098
1,0.7834918801679004
0,0.7463996097370008
0,0.18491333764660986
0,0.1312228351517818
0,0.06695612666076615
1,0.6833032895458364
1,0.9163903212433627
1,0.9163903212433627
1,0.9055851081516937
1,0.9163903212433627
1,0.9519063716100095
1,0.9467988666790549
1,0.9795007775134698
1,0.9519063716100095
1,0.937517234064268
1,0.9484767797420507
1,0.9470326160817689
1,0.8942693233866934
1,0.9470326160817689
1,0.9484767797420507
1,0.9470326160817689
1,0.9521248134344793
1,0.9484767797420507
1,0.9753484739398242
1,0.9820463108322639
1,0.935593673110708
1,0.9582121844647055
1,0.9650893726420241
1,0.9802582712767572
0,0.8232792327576846
0,0.2437729331778707
0,0.2437729331778707
0,0.2767769892293012
0,0.15603399362535075
0,0.19138879568162367
0,0.2459810494405279
0,0.12968964175403147
0,0.1288287916402648
1,0.8034941229578747
1,0.8597347658646745
0,0.227101661947602
0,0.21101450694638454
0,0.14143117194679297
0,0.1940693403959076
0,0.14418197963998491
0,0.15005727769429564
1,0.25686498014454245
1,0.2750966381643054
1,0.519283831399922
1,0.3695667361864895
0,0.08887776605187069
0,0.04496956784250767
0,0.06923529280595327
0,0.10762510582603528
0,0.17596421280917549
0,0.11555036147541628
0,0.4858995645399787
0,0.1669791114984149
0,0.07985865358945697
0,0.1123383409351073
0,0.10686391244095843
1,0.7949342487395229
1,0.8528408200174202
1,0.7207381371505219
1,0.8582993388093897
0,0.1352412688162731
0,0.16587893316916447
0,0.0690007226937096
0,0.16996927039882792
1,0.7193819016870082
1,0.9792868296131554
0,0.09486970430077524
1,0.6706110074413069
0,0.053573169136621815
0,0.0637775386556723
0,0.26317138993704015
0,0.573651636484881
1,0.604318065103197
0,0.05436097316783276
0,0.08496802399291159
1,0.9549652885573311
1,0.7317617968883986
1,0.8390346316224935
0,0.07799044138676707
0,0.08290182060332177
0,0.08514142114191181
1,0.8209397196713932
0,0.13644131916397126
0,0.2727982222870704
0,0.10550114996746962
0,0.10910374883203151
1,0.4899372375718281
0,0.4899372375718281
0,0.3533134773042039
1,0.7336970226586988
0,0.0689557675164083
0,0.032197569934572214
1,0.6422181835330262
1,0.923301904891637
1,0.43762708154557833
0,0.11751550368875995
1,0.9654994923164887
1,0.9563707858262863
1,0.9182536673091372
1,0.9605149406683464
0,0.34313799174936116
0,0.326275264006021
1,0.9458158130631588
0,0.15182573708685168
1,0.9834330560681684
0,0.11685137119976967
1,0.7276582954005807
0,0.09078973150107869
0,0.06398633677636179
0,0.04481456046870988
0,0.125230031384121
0,0.2955333109047321
0,0.24832664134592594
1,0.5522776963234078
1,0.7888765574555546
1,0.819045956398209
1,0.9815135350497338
1,0.8952316010988224
1,0.9138616490561038
1,0.9101811835452577
1,0.9138616490561038
1,0.8900410232096398
1,0.6010780621219364
1,0.33001762054898287
0,0.21628970307199663
0,0.037157778862512654
1,0.965730797203666
0,0.11147380669542117
0,0.0700268165061222
0,0.24745679232687268
0,0.2677180856250553
0,0.14217490040285954
0,0.3735323843910621
0,0.3800780703478979
0,0.11352433146212311
0,0.09251636684854325
0,0.09097648190616439
1,0.9709564673243071
1,0.9337505818371553
1,0.9337505818371553
1,0.9438200819437079
0,0.21961795353239097
0,0.1339399062134403
0,0.03446395599336559
1,0.9328149273648354
0,0.3245837233746542
0,0.4004182705842922
0,0.5878381778680498
1,0.43099738415774863
0,0.43099738415774863
0,0.42238800169861546
0,0.28726532447215
0,0.16673268008855024
0,0.3046149036643546
0,0.24078885050077398
0,0.21010903849722237
0,0.04134148550714557
1,0.7147731748843912
0,0.1280607744618827
1,0.7080087811698539
0,0.16522597890271817
0,0.19809392142529944
0,0.03712408767867087
0,0.4063236173987248
0,0.07382445945981438
0,0.12585366103106543
0,0.08363188114709115
1,0.7099150320877738
0,0.22685723654069503
0,0.3018996003298561
0,0.11311695447110513
1,0.4664954291515598
1,0.36534900420922867
0,0.1155940726331665
0,0.23638885594888118
0,0.3861515852633982
1,0.7068052423015226
0,0.1386029649785205
1,0.8579398334262429
1,0.9147054031860317
1,0.42226182722975236
1,0.9262553338830531
1,0.9462493000999976
1,0.9440407615696427
1,0.473996762726024
1,0.9121492546658677
1,0.7244478777576566
0,0.11008576818988898
0,0.450359508322429
1,0.903272315390846
0,0.1564430412664343
0,0.17534136665251596
0,0.21441496183908285
0,0.08338267818008717
1,0.9252611160199381
1,0.7078563230640963
1,0.6456440290318878
1,0.48277139061670676
0,0.13540548011004466
0,0.24130081781212537
1,0.9291574535535587
0,0.16816324102554728
1,0.27166442370040966
0,0.029820374366972404
0,0.0324307650435099
0,0.0324307650435099
1,0.8153290778327001
0,0.15540305295671655
1,0.9943656593345643
0,0.5893007744778965
0,0.147526792459386
1,0.8159633125074713
0,0.16329617736817809
1,0.8700375855093293
1,0.9919407474428897
0,0.573267060348103
0,0.10039811534471728
0,0.33996083450242903
1,0.9883433199619691
0,0.7435188588876683
0,0.03285321575271993
0,0.05059997945496139
0,0.032262845751504614
0,0.1692963236699284
0,0.16518093139285772
0,0.18322012069533264
0,0.1715033265817598
0,0.3840461748328758
0,0.2819523452733945
0,0.2756576668898022
1,0.619942232893611
0,0.2205173136231671
0,0.2638023542384708
1,0.7262679374341915
0,0.4088406836435174
0,0.1827016168048533
1,0.8826351733198633
0,0.21551096826619187
0,0.16020432582689784
0,0.09087959306703765
1,0.5742388923158235
0,0.2150845515291072
0,0.4449508467611967
0,0.34731074607708956
0,0.521069935428404
0,0.5441361603126628
0,0.521069935428404
0,0.521069935428404
0,0.565509536992942
0,0.5677207801404229
0,0.5266330664416292
1,0.6089901805338038
1,0.565509536992942
1,0.5790395155108616
1,0.7097978124424805
1,0.5108209554496602
0,0.029820374366972404
0,0.0324307650435099
0,0.2126916778149922
0,0.18197455805096768
0,0.24771395037899527
0,0.2868817491459798
1,0.7754325821070348
1,0.7563067972653459
0,0.28410765051622056
1,0.6821469668731477
0,0.12221680076274523
0,0.04144381142981793
1,0.7697781754693944
0,0.28155267750281127
1,0.5672164480407006
1,0.5496586682393947
1,0.5472528453629585
1,0.8564544769263563
1,0.8747128297450678
0,0.0739000906666754
0,0.04553955974900001
1,0.6337690928236462
1,0.7648019583718589
0,0.20985037987897268
1,0.9166293134514453
0,0.34188661398635495
0,0.1303827212454584
0,0.3430581574773792
1,0.8315902618045689
1,0.9013401438663812
1,0.7905763927701952
1,0.897750680929187
0,0.2258565660829897
0,0.07032310090185835
1,0.24659455497752822
1,0.6834679603352323
0,0.2560668558042749
0,0.5966617631447516
0,0.3509001127226271
0,0.11394771061794477
1,0.7144801387312019
0,0.11699762103365383
0,0.24279163373939666
1,0.7566709388260628
0,0.16519120437359575
1,0.8116306108276747
1,0.8085018385064366
1,0.8887732677814416
1,0.4648092875497046
0,0.18694164239944752
0,0.09807391589512164
0,0.24090147181797142
0,0.15082954713762287
0,0.18595510801283505
0,0.17941352649868425
0,0.38983310085104267
0,0.34412098866821084
0,0.21460110334433108
0,0.5552969578754973
0,0.19031702051531207
0,0.2366882688108533
0,0.6050736086750154
1,0.5360657263014691
1,0.8134842057245067
1,0.5906136686802632
1,0.916133640951609
1,0.30490175303526074
0,0.4152001048632196
0,0.4152001048632196
1,0.7214752995928058
1,0.9864875237712385
1,0.960331377883742
1,0.5291324314904764
1,0.9547125392745385
0,0.04095098477401747
0,0.16876918539462307
1,0.35062563366717503
1,0.5992692980077854
1,0.08417540155205759
0,0.06137081704204147
1,0.9446422065395866
1,0.44781064532238296
0,0.27325775585398787
0,0.24461161383511226
0,0.36799835703539424
1,0.6950772045627187
1,0.8198148264638916
1,0.9173000254040854
0,0.2599598974575215
0,0.22702823207536246
1,0.9057963388987419
1,0.27690247052235184
0,0.10814363984190264
1,0.4817472031612743
1,0.9556696994478608
0,0.16844297498499386
1,0.9487933846485403
1,0.9545536395786008
1,0.7561765507638253
0,0.26063985695475783
1,0.8202223426714259
1,0.35278566098267145
0,0.17199128608805786
1,0.48275793236526426
1,0.4591205949273033
1,0.8533615313622125
0,0.08630680768747838
0,0.15115460735486105
0,0.22811107612583964
0,0.0858322118296544
0,0.1791117060683973
0,0.14719199532004787
1,0.3962740090056224
0,0.2978213921105198
0,0.34805555797428717
1,0.8636581530658402
1,0.8745901509597336
1,0.8745901509597336
1,0.6939860632769551
0,0.21555140159765301
1,0.5332349276866306
1,0.5174838218526628
0,0.06712977935757845
1,0.38781297269976867
0,0.02956222728763197
0,0.11041502327631743
0,0.12721921453270948
1,0.3520898475867025
1,0.9264597279575558
1,0.3972802129184505
1,0.5657667499308249
0,0.4025948328700023
0,0.3809284555244834
0,0.15341048996897122
0,0.05880763700038169
0,0.057710268746932365
1,0.3774091689295825
1,0.8388052775561959
1,0.6297547982045549
0,0.08489375498446344
0,0.1614687617723453
0,0.5725010232723328
1,0.9535254913099702
0,0.24098480852286167
1,0.97157031945443
0,0.1698933899051776
0,0.2018509611745347
1,0.9286213566289159
0,0.05507399113960324
1,0.6967899759532682
0,0.3600545444192962
0,0.06534677289783526
0,0.18138352819710668
0,0.1830181055439725
0,0.08018288879051856
0,0.08330581248087333
0,0.4541742343005778
1,0.8671134049746686
1,0.5179856642114157
1,0.9187092558270475
1,0.9142991436682181
1,0.9187092558270475
0,0.13111699794761758
0,0.560748737236318
0,0.11899425140872645
1,0.48893021574751183
1,0.48893021574751183
1,0.9825749328443378
1,0.4696524886835481
1,0.6403455947468216
0,0.10677857553697107
1,0.855158842394908
1,0.7691111744661728
0,0.5262423146688776
1,0.8559570309685697
1,0.8559570309685697
1,0.8892533152517685
0,0.30974898286275787
0,0.09161939237864772
0,0.09013345888499841
0,0.34301894079860157
0,0.10535906771770347
1,0.7019141492149187
1,0.8597215197445195
1,0.5132286196738546
1,0.6938737184167079
0,0.2772510279036289
0,0.07383631712875212
1,0.7528476649093606
1,0.6825102458838539
0,0.1934262321148526
0,0.2280337005118783
0,0.3667422775154728
0,0.07822378732438905
0,0.49914214059514833
1,0.5414043825851398
1,0.8120139746601532
1,0.5475719350133955
1,0.8698351441258679
1,0.9605462875656693
1,0.7908736960441559
1,0.7634385450788457
0,0.528674685070692
0,0.436797613126665
0,0.32458429208748574
0,0.21089810518228994
0,0.2109386774289547
0,0.14712148656383817
0,0.07752333091125328
0,0.2363846766950908
0,0.03762014447531999
0,0.049768938170563555
1,0.8808680766341717
0,0.15660490920496373
1,0.826192485732328
0,0.4449056907619445
1,0.9502053753625529
1,0.28220643069929907
1,0.6865680773994627
1,0.6282053185046037
0,0.11275195151124419
0,0.5076955507583396
1,0.2957537910330577
1,0.7439785243092564
1,0.8291875965389477
1,0.6257461751778449
0,0.30735530539134026
0,0.159382769119825
0,0.16266410255884703
1,0.5825539860308405
1,0.9373888429271512
0,0.11443364451167827
1,0.6208812487471759
0,0.0648293947244937
1,0.8523753132197425
1,0.7547690531332534
1,0.7057597968925136
1,0.9032275164971638
1,0.5914584670314279
0,0.0493635622817489
0,0.24052532510742394
0,0.2493302040560117
0,0.214376396015603
0,0.329687286923042
1,0.8202223426714259
0,0.05893374330153921
0,0.4298876865826284
1,0.4050440791559662
0,0.061554597016801445
0,0.1709834943428531
0,0.15343589572123179
0,0.08475372111620746
0,0.07370238120555665
1,0.8742514887749951
0,0.5167640873922555
0,0.629285132300762
1,0.8472203702119242
1,0.854614571771871
1,0.7127357448745373
1,0.854614571771871
1,0.8924402935250005
1,0.8617904060902386
1,0.7623036026375736
0,0.23737466119310371
1,0.43454290828346265
0,0.19917684123807927
0,0.1735346172476982
1,0.4626946871431009
0,0.1773887629686569
0,0.38704399202381023
0,0.30416229000816364
0,0.2915400689667817
0,0.3631740482121288
0,0.2513008141116559
0,0.7426709948488132
0,0.6052019249664252
0,0.5783105343067713
1,0.8653309405908899
1,0.8936385390871112
1,0.8002752699115476
1,0.9228369550495675
1,0.9075375815970451
1,0.9311824889394218
1,0.8658532093891987
1,0.9228369550495675
1,0.9187172656868086
1,0.8605052198782928
1,0.9191925883272446
1,0.9075375815970451
1,0.8528019237511894
1,0.9311824889394218
1,0.9311824889394218
1,0.8928213101910775
1,0.9073061674711702
1,0.8106907390364628
1,0.9311824889394218
1,0.9476715431537738
0,0.08928590360463451
1,0.989614037358503
1,0.9969685552572973
1,0.7979655931553737
0,0.2740424732539613
1,0.711859837133525
0,0.39315248034741923
1,0.7181162921971456
1,0.6777615507196426
0,0.1912807212751186
1,0.9339399487345104
0,0.25991558667484665
0,0.21528118149800987
1,0.8888752846515243
1,0.8124506996851613
0,0.4035558714921691
0,0.12207033872541842
0,0.1558068823285886
0,0.2017330821876391
0,0.3604065106183207
1,0.9732934768049445
1,0.929473528595917
1,0.9112856447273685
1,0.9120550464387557
1,0.7012668429459183
1,0.8585222330972945
0,0.3950489766753164
0,0.13228455395272196
0,0.11831087613891483
0,0.323669890255123
0,0.3452547055893188
1,0.9380906900565646
1,0.26288325813617375
1,0.9226004687121742
0,0.017132584318615803
0,0.01919840828967956
0,0.021080671877332303
0,0.021080671877332303
0,0.03784461026056926
1,0.7694240144473783
1,0.9450904444307312
0,0.14615597746332273
1,0.5810412734487213
0,0.06451663039041365
1,0.6463904554750414
1,0.31169820551959915
0,0.4739715253281033
1,0.3846215516519128
0,0.04610078069700438
0,0.05820158105474187
0,0.20423903456781167
0,0.14331815117207142
1,0.6332164907062808
1,0.7624495289528658
1,0.7438596310561619
0,0.07316987356101358
1,0.9618034963034724
1,0.5524208581977573
0,0.0801303974858404
0,0.04538988126553599
0,0.0801303974858404
0,0.19431585296653558
1,0.8770947561572536
0,0.12533802701446264
1,0.2981911515210286
1,0.5429436173745009
0,0.27590501602019035
0,0.2346483520521859
0,0.11829133820790587
1,0.9657349689197681
1,0.9737397239861321
1,0.9530940038334567
1,0.9657349689197681
1,0.9657349689197681
1,0.9615196679695281
1,0.9624842506372732
1,0.9667969289634519
1,0.828211204185823
1,0.8511088567537474
1,0.9308895978372393
1,0.9642585486273019
1,0.6172847739604124
0,0.12543184899786552
0,0.3092863764714845
1,0.8354466599046871
1,0.9154176931557837
1,0.8837529214785246
1,0.8919379537430618
1,0.888730850373839
1,0.90148547769061
1,0.8987222232501868
1,0.8799405594441294
0,0.8685794301687
1,0.913809032932677
1,0.8832462856449589
0,0.3276202292864766
1,0.863383125888274
1,0.8448811052051872
1,0.9349803752062698
1,0.3676799951293391
0,0.5683760800963435
0,0.22254814364936729
0,0.17720828306719796
1,0.7251978974630292
1,0.9412232539215711
1,0.47872427336054213
1,0.7455932680943157
0,0.22295390088507022
1,0.5960392022249493
1,0.6921395639876918
1,0.7821391898664678
1,0.9243124461419625
1,0.7818429923881546
0,0.13040931437602715
1,0.36418201885879314
0,0.1640787573929978
0,0.1472126484876668
0,0.1357943170348405
0,0.09790869698901648
0,0.3609705140249673
1,0.7953017717678642
1,0.9047593736278303
1,0.5262689740888818
1,0.6964381345968178
0,0.10564279934803684
1,0.6473962221214025
0,0.06600942357804514
0,0.1539456123639439
0,0.09842671312760852
0,0.19141349400450244
1,0.7240161949237063
1,0.5010260575215365
1,0.6045682913170258
0,0.09577093854931927
1,0.3747144814220058
1,0.5899392913268144
0,0.1621042831707413
1,0.8995046503903432
1,0.9404698123174403
1,0.6357712030700984
1,0.7754923928108396
1,0.5888004069979551
1,0.8481378109338057
0,0.2475958641993755
1,0.6670338123014555
1,0.4615694941992923
1,0.4615694941992923
0,0.10085827353218493
0,0.12952502329466
0,0.09067077858299727
0,0.06154470820974168
0,0.34286811670528633
0,0.1330921204057808
0,0.21889700047766056
0,0.32277768776226723
1,0.9250041819935887
1,0.8853880235064956
1,0.9054021138759286
1,0.885108478989284
1,0.922244135859874
1,0.9109466333271549
1,0.9249094263998167
1,0.9249094263998167
0,0.15138861253481734
0,0.23416654100257311
0,0.24365109972279622
0,0.1758323773752125
1,0.8046423471120284
0,0.3973624685094467
0,0.2280086761998673
1,0.444900305766093
1,0.606097292501698
1,0.5964585895520207
0,0.19446105232025668
0,0.07012921181062212
0,0.12200439498831053
1,0.7178729197368338
0,0.10665179705864228
1,0.7748520755571052
1,0.5675581285761649
0,0.10936207878236362
0,0.07341685651457262
1,0.9583720798951709
0,0.7290907414971137
1,0.8213623198347481
0,0.3288544507255569
1,0.6411936920784072
0,0.4297317700323349
1,0.8119647517321837
1,0.36477732841459287
1,0.7479323678425025
1,0.595967445342092
1,0.7940516041978266
1,0.9161766826031529
1,0.6959744634864944
1,0.9111435128116989
0,0.13700316678020172
0,0.3089036251214537
0,0.23079980986290452
1,0.5951204582036176
1,0.5849516088822349
0,0.4254134067527765
0,0.4254134067527765
1,0.5945458934541511
1,0.9124105109497413
1,0.7038755126820321
1,0.37220722557729374
0,0.30886723222580964
0,0.39924037502239834
0,0.3396439986810909
0,0.09438135585932841
1,0.6657018497652328
1,0.9902847928747868
1,0.8316192157959558
1,0.7558883240939962
1,0.9139679823913827
1,0.896983909192099
1,0.994418246606854
1,0.995425062274327
1,0.9775760364538834
0,0.20925822432811084
1,0.8259453147861503
1,0.34320527273393553
1,0.9460344474795093
0,0.055898584581871594
0,0.17788883174870268
1,0.7178629114784911
0,0.03348911904394555
0,0.35163210462228395
0,0.2319517654537552
1,0.8836890483711797
0,0.4484604462795598
1,0.5641527817063304
1,0.8137629828974999
1,0.8104291971949793
1,0.8104291971949793
1,0.8460242237517808
1,0.6200643726932826
0,0.024808603889215897
1,0.9657507570881435
1,0.9657507570881435
1,0.9322992442389876
1,0.9657507570881435
0,0.08877925328226983
1,0.8071047104918209
0,0.2685015211373191
1,0.5609453702106221
0,0.23213494576205013
0,0.13727973825199422
1,0.5474735423852293
1,0.7690660706603635
0,0.1470519450548236
0,0.22101312883027371
1,0.8417871547795124
0,0.15620351945587432
0,0.048599902523061886
0,0.12942951734887084
1,0.870313914566743
0,0.12423680601226533
0,0.13558471571453656
1,0.7476443316943099
0,0.43360212589871355
1,0.5511321676254718
1,0.6127401470656579
1,0.6459110856964773
0,0.08663938681137504
0,0.07654151281061027
0,0.47350593077266667
1,0.8526993802906332
0,0.31113398556976435
1,0.7157635942879385
0,0.21873073320184014
0,0.4109930094621795
0,0.5093057443695341
0,0.18052572562764357
0,0.13987605363134853
0,0.1293361771904005
1,0.9544475500892392
1,0.6252592135433103
0,0.42915601715465374
1,0.9884741841450371
0,0.10601622423492968
0,0.8054781498065484
1,0.8231652459803219
0,0.5351720508941799
0,0.06109833797517923
1,0.7700271034549759
0,0.17955528265541493
1,0.8292503718607482
1,0.8297124577917112
1,0.8726591982735478
1,0.5654425653836772
1,0.8074656409571118
1,0.7115914099530031
0,0.0546279052640176
0,0.21980414732225328
0,0.11467722384174178
0,0.1822332616388077
1,0.839017502174149
0,0.15374654471131108
0,0.15374654471131108
1,0.37394797825488363
0,0.09445184127730244
1,0.906140135592837
0,0.29148810018358595
0,0.044766035105896024
0,0.06886487303307069
0,0.24177289666026613
1,0.37751863463441737
1,0.8726157762742627
0,0.04352570583532622
0,0.12038108564219324
1,0.6846715693176808
0,0.11943577590840836
0,0.11943577590840836
1,0.8034260192233669
0,0.1291877804152707
1,0.9970273876350603
0,0.5369740485526001
1,0.7515902004030638
1,0.707909416239782
1,0.730776668681964
1,0.7515902004030638
1,0.98393713314413
1,0.9866391279300526
0,0.5377962275186152
0,0.024470581043240444
0,0.4870046523769278
1,0.4474508451788423
1,0.4786704792337894
1,0.23032131453921198
0,0.15075428875482363
1,0.14186999937796294
0,0.0907950228547712
0,0.18497731112155924
0,0.14102184604648035
0,0.1194485859607047
0,0.12108462315883772
0,0.3047823224063006
0,0.3200344138957602
0,0.3184501708716552
0,0.7145794396699859
0,0.7169155853769467
0,0.563945537331203
0,0.8552358868855476
0,0.563945537331203
0,0.8656858279996895
1,0.8191566824956662
1,0.8854801701653129
1,0.9070963385423887
1,0.8552358868855476
1,0.9070963385423887
1,0.9070963385423887
1,0.6012214640846303
1,0.8656858279996895
1,0.8191566824956662
1,0.8926233710767976
1,0.803520382800851
1,0.8656858279996895
1,0.8656858279996895
1,0.8496432454817446
1,0.9112683022219078
1,0.8224440519097908
1,0.9070963385423887
1,0.895351927730787
1,0.895351927730787
1,0.8496432454817446
1,0.8854801701653129
1,0.8656858279996895
1,0.922046810634833
1,0.8656858279996895
1,0.8656858279996895
1,0.8799004264165105
1,0.8926233710767976
1,0.9112683022219078
1,0.9088480814605266
1,0.922046810634833
1,0.8766644944014135
1,0.879392044096034
0,0.19226393433301395
0,0.24491946180237206
1,0.6820080164690652
0,0.17708259848427907
0,0.4621718350087321
0,0.31703049993237936
0,0.21165186491154897
1,0.8260702987129055
0,0.04909361857187158
1,0.7957440725047091
1,0.8613892175442665
1,0.8776956790734639
1,0.8566402183588253
0,0.19739926449701267
0,0.4321547404624979
1,0.15532836803918
1,0.6604179828797551
1,0.8457521496240343
1,0.21444913588126394
1,0.5357192083386075
0,0.19958706455282216
0,0.1961282698535108
0,0.21616796233215418
1,0.6485404404856495
0,0.26713295020482014
0,0.15232746893016463
0,0.27157961073360265
1,0.2838705153296949
0,0.09760931010453519
0,0.09760931010453519
0,0.09760931010453519
1,0.5396100824195527
1,0.9116587872477195
1,0.7413168953710291
1,0.8473817477820597
1,0.8198180478698391
1,0.7842506180745473
1,0.36776810445256863
0,0.061363890245225164
0,0.44741759035274586
0,0.3256739132387599
0,0.5610291972265504
0,0.6380144020425845
1,0.9651309766812308
1,0.9569606340327033
0,0.5081479691327643
0,0.13079227393317014
0,0.15605440005969887
0,0.04971115834206234
1,0.5185084200534322
1,0.9356538310130521
1,0.9428676410820163
1,0.959628100134293
1,0.959628100134293
1,0.9356538310130521
1,0.9505001462113459
1,0.9823223968127559
1,0.9658566789988571
1,0.8816834319801682
0,0.07276538016936912
0,0.3096724582546143
0,0.22186315629628794
0,0.09678625867543181
0,0.11949113096576496
0,0.01711717828564687
0,0.08621470391855353
1,0.7097139296449049
0,0.2238507397718736
0,0.12262534434468528
0,0.3116085426392835
0,0.16630254799346503
1,0.8213623198347481
0,0.12041083127962461
0,0.1967207479399403
1,0.7103070034278078
1,0.7145549683768307
0,0.09108150215934144
1,0.9726520605856351
1,0.9880175889492278
1,0.9975308729422487
0,0.1865187381822739
0,0.016616991372948666
0,0.22531518511652202
0,0.18189873544833826
1,0.4903301562945183
1,0.2784066266090294
0,0.2908810698400606
1,0.8553566027350257
1,0.8879529939664756
1,0.6476951591688426
1,0.737368109556621
1,0.7518152046995373
1,0.7015910745816366
0,0.028389537140756562
1,0.9606573596134803
1,0.5868357244819165
1,0.48380567458518636
1,0.8123589343070475
0,0.1256611666353629
1,0.9730903322250621
1,0.9730903322250621
0,0.14609220586672245
1,0.9674319746624017
1,0.7256168470725755
1,0.2902927751092808
1,0.9751430584651086
0,0.3138344065440341
0,0.11225033897334953
0,0.12356618249538769
1,0.6514216131974506
0,0.13392663831656962
0,0.04169959766798392
1,0.6575432206233751
1,0.3634678040028941
1,0.6290898117742019
0,0.27972578319652264
0,0.33124724625863067
1,0.31591392409291674
1,0.6114635572274549
1,0.6930645194062799
1,0.6863928671948336
0,0.24476236177006624
0,0.17271530456403075
0,0.0589944886815846
1,0.7619863812286295
1,0.926507687395951
1,0.9422507597766729
1,0.9443704247540881
0,0.05874848607413087
0,0.19785314337228038
0,0.411807347337175
0,0.2875753258823684
0,0.3300850126485007
0,0.4360014369735872
0,0.6568769963402069
0,0.2565186717323016
0,0.31168202835609066
0,0.13524271924577413
0,0.40455902852183806
0,0.32831777146905494
1,0.6573895203358759
0,0.4050000759293115
0,0.7590639762997978
1,0.7590639762997978
1,0.5971753414062352
1,0.5971753414062352
0,0.5679299869904203
1,0.7056845974602213
1,0.7389449695785453
1,0.7389449695785453
0,0.5971753414062352
0,0.5971753414062352
1,0.5971753414062352
1,0.6490334956473679
1,0.5167695659536061
0,0.46440436429872417
0,0.08696099580214958
0,0.094492231134892
0,0.33852229994720556
0,0.3614374321109177
0,0.19814682924748828
1,0.9427642130229709
1,0.8949834320869704
0,0.06173754118778184
0,0.2386746242595768
0,0.2842050898787327
0,0.18611821108263285
0,0.14086870560091178
0,0.06539120317362516
0,0.3023911148626435
0,0.03335536092641258
1,0.6145691739918077
0,0.5438788854507517
1,0.674212211873692
0,0.3689781986608758
1,0.865518379646034
1,0.8918701871794059
1,0.8997648756079478
1,0.8918487359196119
0,0.12262534434468528
1,0.40513184615415043
0,0.40581179122152683
0,0.5357538483392379
0,0.5810335235412218
0,0.35994855700157735
0,0.3841067310942911
0,0.11065967073834386
0,0.2451235178243446
0,0.12966504519202499
0,0.32845171692911646
0,0.17877730169463824
1,0.8413559812174585
1,0.7658919123207857
1,0.7617318561801902
1,0.7706545255211358
1,0.7485565494202481
0,0.22236775063036396
1,0.957321153952886
0,0.12449429245868902
1,0.9934078490645557
1,0.9932870856396233
1,0.9872101063755543
1,0.9931902612934371
1,0.9887461498573515
1,0.9826056824824221
1,0.9931902612934371
1,0.9773689229417237
1,0.988468650518946
1,0.9963845642033593
1,0.7117052632447413
0,0.5929573851755284
0,0.7297952582546122
0,0.6949940705565506
1,0.6861040148078079
0,0.33434339378761074
0,0.14912752368163595
1,0.6509755665886725
1,0.8369959014756044
1,0.7793563801514184
1,0.6903406383050839
0,0.4549014323069119
1,0.5639765104338808
0,0.4614494202776692
0,0.2960504731841766
1,0.9069394096228716
1,0.9069394096228716
1,0.4652766680289477
0,0.2472783626423804
1,0.9152895083161217
0,0.45310166861770357
0,0.4425996664525921
0,0.2339226863208727
0,0.49469135069533804
0,0.1394354028826271
0,0.24608317340527466
1,0.7944765309390726
1,0.3628905088480891
0,0.14964884083041244
0,0.0776490812729709
0,0.062422737471156696
0,0.06711563371093605
1,0.8141890922083539
1,0.9287127318076815
0,0.09943213239866586
0,0.16622230336419863
0,0.5911239312190414
0,0.21320378985079425
0,0.2074557288532579
0,0.20286299428223756
0,0.16724751254552916
1,0.43962600624800385
1,0.9605737025470633
1,0.7360783914486596
1,0.8832323902426542
1,0.8061293838543525
1,0.9691406558809251
1,0.9805614652159151
1,0.8623632920574316
1,0.9437338181292582
0,0.17567809268965026
0,0.16737255434463394
0,0.2985030763159939
0,0.16299813300320876
0,0.17429105130538697
0,0.0936564529510523
0,0.09118064760897733
0,0.0989090864124065
0,0.0989090864124065
0,0.21609753596827153
0,0.20639114010957746
1,0.7789428849432973
0,0.05138339709358377
0,0.11946015098893363
0,0.07423110014873366
1,0.610881290331096
0,0.1851073509947121
1,0.6849820755763197
1,0.697932355681442
1,0.5781649392758711
1,0.7857092029385574
1,0.9653258561975281
1,0.9661589016397895
1,0.9527756370223351
1,0.9705603744364429
1,0.9336901751076242
1,0.9578641615727451
1,0.9010304069992294
1,0.5454622364876703
1,0.3684683276596551
0,0.3311452466028487
0,0.32545081178070434
0,0.38055156710102567
0,0.29199662820604566
0,0.29995783006595866
0,0.24256423050230613
0,0.22747274955603058
0,0.15699352494940566
0,0.3614131358689427
0,0.13178416216137434
0,0.1378729010298776
0,0.2727387628915035
0,0.12954597371461904
0,0.5780259580148641
0,0.18664848645923196
0,0.2690171049984081
0,0.5731551001504315
0,0.3873116431022999
0,0.19148276650418422
0,0.2523402021588586
0,0.5440934236052455
1,0.524787289830467
0,0.06531935490653783
0,0.30243291546200674
0,0.08784845099217607
0,0.3661690016891038
1,0.2825328354941277
1,0.25499898107024777
0,0.2015781085248725
0,0.20372151923015738
1,0.6360754866317685
1,0.8339294185652762
1,0.8158117510062634
0,0.1114392561161288
1,0.5142992230203718
1,0.607593264908945
0,0.13098138589114006
0,0.05421351690104037
0,0.08892948860472326
0,0.13070231525607395
0,0.06508545304679898
1,0.3695998931148419
1,0.4742752408556772
1,0.5800559585520133
0,0.5697073870372757
0,0.5697073870372757
0,0.4514055738065984
0,0.1243614063521514
0,0.06871264025667254
1,0.7239856693752574
0,0.3649161981978877
1,0.9727900852937306
1,0.9770356436956372
0,0.06211981006220679
0,0.04104702820774268
1,0.3002285289533769
0,0.09155895744330915
0,0.3952749912747455
1,0.6464194478997877
0,0.3940022301990172
1,0.3940022301990172
0,0.03064692697384938
0,0.07394865633956609
1,0.866448695694886
1,0.9503265561833284
0,0.07935377548340318
0,0.11816566979072687
0,0.2973181045819331
1,0.859390928640373
1,0.7437568662354318
1,0.8903715221599787
0,0.24533397308937516
1,0.9597236090103469
1,0.9030489156609689
1,0.8696082297034735
1,0.7652596193280304
1,0.9079641214353585
1,0.8912361099997039
0,0.18739118770002003
0,0.12098852545514449
1,0.879101548102621
0,0.4961325047927115
1,0.9583128883538365
0,0.4753052669378629
0,0.09861694282775495
1,0.7634396906055535
1,0.9399113826465934
1,0.781165236376688
1,0.43360982100989504
1,0.33975930528435144
0,0.05688417825638057
0,0.15855290729650479
0,0.11843739594886664
0,0.6244718915915586
0,0.22417017053015095
1,0.2397008326738982
1,0.9455253208367285
1,0.856773800362193
0,0.399861205199608
1,0.41799811386006597
0,0.1816604827788538
0,0.4528815994388341
1,0.7046187204507102
0,0.12099933742424133
0,0.3472765078081253
0,0.29525262873381586
1,0.7849369196047196
1,0.7997537702056292
0,0.2766359505751738
1,0.31792411146615407
1,0.5938496747949359
1,0.8589667068799128
0,0.26788451888392206
1,0.9374752591131553
0,0.13027950691605447
1,0.7729777878924008
0,0.14092938541932268
0,0.6484787452397393
0,0.04848963417198967
1,0.6511812064926806
0,0.28805037904045605
0,0.41850201467243875
0,0.4394610338312724
0,0.11664348700026601
1,0.549937562491944
0,0.16536178788026598
1,0.9980076585417029
1,0.995803243863119
1,0.7607646501143205
0,0.18024112031263034
1,0.7955269093067722
1,0.8102983193678212
1,0.5533382211625261
0,0.7346234119760326
0,0.6384038580068693
1,0.6653318971758749
1,0.8231106358353643
1,0.4693729615367179
1,0.4790169915671548
1,0.9310986607565328
1,0.5964934168509702
1,0.5892359431189234
1,0.5912935816911682
0,0.10434284338910918
0,0.5881600807877383
0,0.15941831625539754
1,0.8017358249989229
0,0.0925481796573187
1,0.9157929830270519
1,0.9653268920384287
1,0.8794575959658097
1,0.9377771367365406
1,0.9468117771536527
0,0.7165991716936534
0,0.6287549525420979
0,0.6322128033640066
0,0.7041354610525369
0,0.6322128033640066
0,0.6948882182184228
1,0.8225549961768115
1,0.8135539058471334
1,0.6322128033640066
1,0.7165991716936534
1,0.7561067948835016
1,0.8135539058471334
1,0.760499766347545
1,0.6948882182184228
1,0.6322128033640066
1,0.6322128033640066
1,0.6322128033640066
1,0.7359751269630066
1,0.8364952150697113
1,0.7041354610525369
1,0.6560749626915904
0,0.29600409363766866
1,0.6846679250699311
0,0.1451830286107409
1,0.8694211340873361
1,0.8696083108441497
0,0.0649061178512504
1,0.8076227079876903
0,0.13665466356343892
0,0.18511614390093462
1,0.9134150716129624
1,0.8072018890772853
1,0.8454785401196387
1,0.9466094144632902
1,0.7195961982523127
1,0.9193910283856342
0,0.20107839589473334
0,0.237578006613057
1,0.8669230508398701
1,0.8769654684739175
1,0.9405915256848971
1,0.7042291565549446
0,0.37972117236433256
0,0.35281726662087404
0,0.13116024443464955
1,0.9278665916014102
1,0.18695927015517472
0,0.41452409155202274
1,0.6882896477240349
0,0.2711931671348292
0,0.1732138512698402
1,0.6779484584429925
0,0.06237322583852191
0,0.07911172544681434
0,0.03131333060182548
1,0.5458614584244944
1,0.8337892316006099
0,0.28136373933972264
1,0.9666738964352772
0,0.08338776654757608
0,0.3614488174214309
1,0.24507363432044904
1,0.9052697903237235
1,0.9398970151082174
1,0.9514443575641237
1,0.6689599878262379
1,0.42852706090701376
1,0.40540842402873556
1,0.5433692685456204
1,0.4631295121346148
1,0.814765441530223
0,0.16021132200587035
1,0.6381243401711312
1,0.791924722180109
0,0.1551276594614297
1,0.808611226120425
1,0.47840632230381896
0,0.3578612841043083
1,0.6317290881910187
1,0.5849892115597324
0,0.018835896447640263
0,0.24881329520983442
0,0.27024791151359073
0,0.11304560901299955
0,0.13933960836573067
1,0.8800197354451529
1,0.8431750377040029
0,0.3553409218128025
0,0.03453649388830685
0,0.03878195059937796
0,0.050662545920096336
0,0.03334324121001307
1,0.8538184342793053
1,0.8870663747394326
1,0.828309651840828
1,0.4947811038870393
1,0.4947811038870393
0,0.12159909194741188
0,0.43070630472837673
0,0.35098241489651183
0,0.28121912548839595
0,0.3370507736419291
1,0.2910645601627682
0,0.23225318160248778
1,0.9236771719356449
1,0.3298994404068335
1,0.45368417842238
1,0.7937420257059586
1,0.45935591082796184
0,0.295292736428474
0,0.345909855238449
0,0.27371307554500623
0,0.211537875332896
0,0.2916033415597685
0,0.2633727103795281
0,0.3143718770157753
0,0.2203462468450503
0,0.41145224109929307
1,0.8826351733198633
0,0.181779196867362
0,0.13111229770347277
1,0.9276647195170712
1,0.9370384357769671
0,0.32284770393588974
0,0.17994261011313686
1,0.6501615077216695
1,0.6607616777291613
0,0.13825904108125686
1,0.48874461214667597
0,0.17078936022638863
0,0.22394349562496899
1,0.8534140531473862
1,0.9636424411459044
0,0.3238585209180347
1,0.8011024978617259
0,0.19870060467121764
1,0.6779490024249628
1,0.40342981791387195
1,0.7350416285136596
1,0.6800123701229498
0,0.06550085321186709
0,0.30596751750628487
1,0.29193846156487585
1,0.7040080833214354
1,0.6390334173792211
1,0.7485346205044632
0,0.15572335212538724
0,0.2848657936681741
0,0.2416669282068066
0,0.17181716592405513
0,0.1452471487660453
0,0.149572787849545
0,0.7713005781412461
0,0.1614173767633718
1,0.978692964844325
0,0.13153878589418103
0,0.05062063284946161
1,0.9375185802543304
0,0.3476303657625729
1,0.9481171114036389
0,0.0991455969815843
1,0.7430766185093203
1,0.8653536287114774
1,0.9908389344639418
0,0.11931417514260896
0,0.20429429923408168
1,0.6077984452416165
0,0.3472211698865978
1,0.7705884818485774
1,0.7482396015527264
1,0.8744241542397793
1,0.7280911860039966
1,0.19835938909696293
1,0.6538310584489927
0,0.11450939588037447
0,0.15755005327660307
0,0.21163456012134998
0,0.11427081988358091
0,0.09648134265074355
0,0.0884642677411456
1,0.8575152564467602
1,0.7292230993143719
1,0.9008395106917747
0,0.3854830724253514
0,0.13197425012620334
0,0.10549770612899317
1,0.6602190143160145
1,0.8855173424976662
1,0.9527453463352009
1,0.930195883211807
1,0.929914464769323
1,0.930570870637704
1,0.9475699799250216
1,0.9034925791823575
1,0.9364363185466354
1,0.9450325012605396
1,0.9475699799250216
1,0.930570870637704
1,0.9364363185466354
1,0.801361365077713
1,0.9364363185466354
1,0.7545363960034938
1,0.5312223165920068
0,0.15431568461220438
0,0.43204817678259105
1,0.5489248117562257
0,0.2733386711276167
1,0.5647520999729613
0,0.06830228163330856
0,0.21988509871774747
0,0.2302001742042223
0,0.045565423383576796
1,0.9739993160984087
1,0.6056858028366418
1,0.731301413008263
0,0.28506364719367566
0,0.17467169777378283
1,0.8702464868989316
0,0.4284177876087302
0,0.1612942344988472
0,0.24563406384959496
1,0.8866148893642726
0,0.20612804226085843
0,0.09784273793108197
0,0.16959924287480915
0,0.386487313743782
0,0.10672382733650748
0,0.30284689585317465
0,0.21130576041158536
1,0.26266300518683505
1,0.45595724920439773
1,0.3650088824170515
1,0.9315261907368994
1,0.671135785305274
0,0.35921695730197084
0,0.1709580382040193
1,0.9168085075926229
0,0.032546799899750366
1,0.7158921861369865
0,0.29287198071128373
1,0.7001163214809886
1,0.8455533644451712
1,0.6627004524283956
1,0.8519628380400993
0,0.28474298236487866
1,0.49548581838396283
0,0.3393122146350472
0,0.8243463790198011
0,0.2548858127263412
1,0.6677272702179637
0,0.19478810096545296
1,0.43227376175016036
0,0.08272196680261189
0,0.7223842841004053
0,0.08883300046281453
1,0.7158878539244238
1,0.5438788854507517
1,0.5948916620922164
0,0.49198665293181787
0,0.43830632571225986
1,0.9557981298210909
1,0.6535256948511233
0,0.2714305188412649
0,0.0580709415875573
1,0.7637056337499452
0,0.16175667678488292
1,0.8843745257344532
1,0.6686178940183827
0,0.30751050350959386
0,0.08374858280414713
1,0.4515119197296448
0,0.6179620821958229
1,0.6620612479770563
1,0.8704200201623951
0,0.6417079361759396
1,0.9939283145043067
1,0.9153927503465985
1,0.9224631473792995
0,0.05259581542894129
1,0.5782235285209187
1,0.9192012353021976
0,0.2727680812817964
0,0.09731927574919917
1,0.9349496250470566
1,0.9582807844619506
1,0.9349496250470566
1,0.9410169799464241
0,0.23901035405014126
0,0.2156737748799178
0,0.4485685783867617
1,0.885072701053677
1,0.9563744540663892
0,0.20056755579641805
1,0.8528462593752596
1,0.43854075412190285
0,0.15399774982469147
0,0.388645877428061
1,0.9460922860767692
0,0.4947486731743748
0,0.5510030585423026
1,0.7950501908384038
1,0.853515019863473
1,0.7935464329377832
1,0.8184927026769353
1,0.9837684732960114
1,0.8232391137025256
1,0.6251321643131624
1,0.6453411914220182
1,0.6182226441380462
0,0.26475720045265916
0,0.3212089561753425
1,0.8286110859567175
0,0.2523862222490223
0,0.30169387928995145
0,0.5957793294859106
0,0.036140338087741405
1,0.8784295678945852
1,0.8662285333964059
1,0.8836810607281481
0,0.3157288360546349
0,0.26252373619316255
1,0.9892697361607691
1,0.984279464550278
1,0.984279464550278
1,0.9977969139566057
1,0.8930513881524696
1,0.7175356418793156
1,0.7809976035906272
1,0.7809976035906272
0,0.34376169733891104
0,0.27752381921896385
1,0.9035522116982724
1,0.7601271765721915
1,0.9307569975799137
1,0.5026629078053643
1,0.9466681125134224
0,0.43485706441321803
1,0.8511747072008287
1,0.9177550989038683
1,0.7815582961775239
0,0.44278057325730474
0,0.1484073061666147
1,0.2390699952266517
1,0.48350739985806135
0,0.1635621583050509
0,0.26452846154355025
0,0.11697446568772552
0,0.18067974403922404
0,0.18414390210869222
0,0.18414390210869222
1,0.533562335691341
1,0.5721096567302795
0,0.03166293043509519
0,0.22307486191473602
0,0.27859231841882254
1,0.7642950007046764
1,0.8226931563308078
1,0.8058390863576137
1,0.7975008963300877
0,0.24275488447549323
0,0.10044532876252193
0,0.1818373820164042
1,0.8451563879840696
1,0.6897627358474089
1,0.8202350704847406
1,0.8833119646869646
1,0.9581724920476473
1,0.853168078714834
1,0.9608016660156606
1,0.9866031469259016
1,0.9866031469259016
1,0.6977247282531898
0,0.7123975114200628
1,0.7123975114200628
1,0.7123975114200628
0,0.6977247282531898
1,0.8136671999904499
1,0.7413318516855515
1,0.802730288314675
1,0.8428065433095584
0,0.8300383512764512
1,0.8276452471913577
1,0.8300383512764512
1,0.8358861823391895
1,0.8274207478919804
1,0.8274207478919804
1,0.8274207478919804
1,0.7123975114200628
1,0.8274207478919804
0,0.7123975114200628
1,0.7123975114200628
1,0.8428065433095584
0,0.5905820082208453
1,0.6979688302526493
1,0.5693925767114677
0,0.5693925767114677
0,0.5693925767114677
1,0.7611144678952102
1,0.5905820082208453
1,0.6979688302526493
1,0.6979688302526493
1,0.7709779604204867
1,0.8124319860625909
1,0.5905820082208453
1,0.7709779604204867
1,0.769667321169897
0,0.018035964237839285
0,0.04834897330906353
0,0.2640167989690818
1,0.8938299221725514
0,0.20064463918790973
1,0.6204775458430346
1,0.9346160265849744
1,0.5486945071332018
1,0.34516755310079006
1,0.3725827217398567
1,0.7758743212798371
1,0.28896477628648093
1,0.4400799221557516
1,0.7812227627490297
1,0.47168039386193433
1,0.7050156635820124
1,0.6179564718304771
1,0.49812758016421416
1,0.655370028653464
1,0.27380368958088724
1,0.9227794225108596
1,0.8835318919524345
1,0.7552651649203065
1,0.45437169737733213
1,0.5097258205739691
1,0.434345792950596
1,0.45045732219938817
1,0.9671067012117273
1,0.8331329478728247
1,0.9112014533192482
1,0.9112014533192482
1,0.9248047140046687
1,0.8075085666514923
1,0.7136025064742525
1,0.3623714050374113
1,0.4383303237768182
1,0.36270353152936974
1,0.8123111789790017
1,0.7706338958349702
1,0.464650674205095
1,0.8208724665228853
1,0.662017461477452
1,0.4692695267757712
1,0.7503275871219234
1,0.7104737010981992
1,0.7660108964194929
1,0.7000770204344087
1,0.7697153410967813
1,0.9634291929592764
1,0.9620654496937152
1,0.9212337482874595
1,0.9815636505735698
1,0.9262294709443654
1,0.9724113938587325
1,0.9780976863268974
1,0.9292103079009009
1,0.9595144987860806
1,0.9622204911547217
1,0.9555014619984165
1,0.9620654496937152
1,0.9752397845566886
1,0.9132845153914991
1,0.9759145579233665
1,0.9848300168786974
1,0.9815636505735698
1,0.9255063499193439
1,0.9224009100489925
1,0.978497510678366
1,0.9647722531352491
1,0.9623417345416977
1,0.9597250617796395
1,0.9761806450737509
1,0.9657931353428055
1,0.9738158778304714
1,0.8990065339912096
1,0.9590913512702439
1,0.9724113938587325
1,0.9683321959245673
1,0.9863818894029791
1,0.9744780468114942
1,0.9671636869024188
1,0.9541813790615322
1,0.9530018367943175
1,0.9848300168786974
1,0.9752397845566886
1,0.9689410627055028
1,0.9531199129957588
1,0.9683321959245673
1,0.9829191200310223
1,0.9687483203852986
1,0.9634833805486986
1,0.9292103079009009
1,0.9008705713695345
1,0.9693498480382803
1,0.7010421480068193
1,0.754579140888363
1,0.617444755801555
1,0.9067402786041053
1,0.8491785578633437
1,0.8814933889327485
1,0.8262529431023599
1,0.7571467186114571
1,0.8864404116691388
1,0.9075030095937404
1,0.9742896317327037
1,0.8659449713019788
1,0.9704339121592552
1,0.8984838085853883
1,0.9167479900935276
1,0.9126370277990181
1,0.8941438713664475
1,0.9734666478251686
1,0.7825476615231454
1,0.6171474865133916
1,0.6300718234831931
1,0.8540934867475856
1,0.937154232302613
1,0.7800848338142904
1,0.5458960793877906
1,0.4233032182674862
1,0.9612213997712923
1,0.8774369260473734
1,0.8977906760855702
1,0.7870575908421782
1,0.8533430914698642
1,0.9840542383865327
1,0.9516078803820123
1,0.6864427361792533
1,0.8082071799443025
1,0.8127734965976641
1,0.9243461747802696
1,0.8875506610683013
1,0.6446865881736271
1,0.6524720592509681
1,0.6615569780467755
1,0.5436078009032553
1,0.6501268782537318
1,0.8153477271455194
1,0.6182960754049956
1,0.9689200749130801
1,0.8909118961179074
1,0.904565374835635
1,0.9261913468277383
1,0.965302643125909
1,0.8875506610683013
1,0.9676607158040679
1,0.9053797732740092
1,0.9053797732740092
1,0.8803033797686355
1,0.865367988012816
1,0.6949172975305274
1,0.8642633932053023
1,0.5648740574939806
1,0.7980394841955449
1,0.45103799616197676
1,0.9799764633217305
1,0.5755499111079277
1,0.5972623498208198
1,0.3510602381578602
1,0.44744229406434277
1,0.9270321927967883
1,0.5655832587876855
0,0.4430494200323316
0,0.37862386250986174
0,0.4341429577657383
0,0.3223758804358735
0,0.25589503648002954
0,0.35129476124759806
0,0.1490281672084502
0,0.3213572949755384
0,0.1454248547297739
0,0.10487023199769353
0,0.35069283429699
0,0.11826019765294336
0,0.34490190432106627
0,0.2557764923390746
0,0.3792623023341333
0,0.18452643965188364
0,0.13009644437976636
0,0.15101365303357428
0,0.12170661867106694
0,0.2429892921161638
0,0.309837990124725
0,0.19660725666567944
0,0.3420441711269868
0,0.22860034694467482
0,0.25358863481334293
0,0.5818652200314915
0,0.13514268753300118
0,0.10827191629315967
0,0.17414145851244625
0,0.0821295062202452
0,0.16495413105004506
0,0.13065242543775693
0,0.2762694576160367
0,0.35499134329981763
0,0.2503194654907053
0,0.3785353269627349
0,0.2769802336933092
0,0.16093489721976612
0,0.39306582910073773
0,0.13405550492719986
0,0.2819020946948965
0,0.34263849324560497
0,0.2662919933457016
0,0.299696167958028
0,0.20415866705346783
0,0.1898089409693895
0,0.23712549959638257
0,0.28247500325495156
0,0.1563413023991738
0,0.28973680263318663
0,0.1397367585720478
0,0.3131310640493278
0,0.17957417017299837
0,0.38699195484353416
0,0.6111959251052179
0,0.4149695824269387
0,0.20012303508067594
0,0.5134997044225064
0,0.4555002693755271
0,0.2524794216659218
0,0.24270461464422577
0,0.2269933641322624
0,0.23613358060899609
0,0.17480297379193643
0,0.6150609472253593
0,0.1716630066840874
0,0.19345995737932453
0,0.1183853433411523
0,0.21450566002173266
0,0.09999528608349603
0,0.16555162123044956
0,0.4783170075759383
0,0.2411141976226217
0,0.43673257903498575
0,0.19754818082205955
0,0.16885445578838443
0,0.43325876553457443
0,0.3092394034634621
0,0.166411185825266
0,0.11287344978896643
0,0.4729374151138532
0,0.143236937612828
0,0.42928473405974943
0,0.1714358957016994
0,0.2788923804846189
0,0.5118359550654813
0,0.15478508931497525
0,0.23922392704624762
0,0.6347178113155398
0,0.2846594858506604
0,0.16810758575348947
0,0.19710216332922587
0,0.17778843186787688
0,0.1445069142254488
0,0.07986831762481938
0,0.2168205362042649
0,0.3333758235540659
0,0.4495691263690923
0,0.35411099319303313
0,0.2878150345805454
0,0.11553343983569014
0,0.206451450223022
0,0.27853286187368337
0,0.2806807840322386
0,0.23904187181584963
1,0.8218695089773883
1,0.5794081014708985
1,0.9087971626647781
1,0.8750518250083134
1,0.8896978859392114
1,0.8936365063051049
1,0.8730452535193298
1,0.8750518250083134
1,0.8936365063051049
1,0.8936365063051049
1,0.8201565502641966
0,0.4280058003484176
0,0.4471748999170172
1,0.47951150934368475
0,0.3775590029736888
1,0.9028546463767461
0,0.5087094323929962
0,0.5087094323929962
1,0.8766358433425782
1,0.8766358433425782
1,0.7588860741784995
0,0.33693978229557375
0,0.37169789551484006
1,0.7047246010539303
0,0.18179228006792453
0,0.3426152301617434
0,0.2485202379285439
0,0.3689779891607671
0,0.265664464998337
1,0.4159802789245419
0,0.16602445097832438
0,0.25179255749180446
0,0.5604469931627972
0,0.2400796067689777
0,0.265664464998337
0,0.29603351619679036
0,0.31127668818147647
0,0.6425289103940592
1,0.6011024828289789
1,0.44914330272328
0,0.24014013998555966
0,0.3323197731845649
1,0.6030909901460927
0,0.3088972955772859
0,0.06785964461582404
0,0.2543725110524273
1,0.3038314864465309
1,0.8135051512838966
0,0.4323489127748705
0,0.26331429336151324
0,0.026063249630419217
0,0.050875018836122714
0,0.3269640817364554
1,0.9465648031996151
1,0.9465648031996151
0,0.0606854477881542
0,0.0510202524355217
0,0.5152566566572137
1,0.8316192157959558
1,0.8316192157959558
1,0.8316192157959558
0,0.25661511425817324
0,0.167534826132511
1,0.9211226335945363
1,0.9219070300503863
1,0.8883566987551748
1,0.8152524406862692
0,0.18543310732953047
1,0.6705456564182967
0,0.15984688345014164
0,0.1939755446331535
0,0.15029700588928768
0,0.5229966663577157
0,0.11226752970673284
0,0.13264456896645632
0,0.26658223030217515
1,0.7601780271615554
1,0.8081108200744737
1,0.9354090282444348
0,0.5832465171197606
1,0.8712249525983103
0,0.06918101435960876
1,0.7826045339437068
1,0.10326118169208155
1,0.9882192299546406
1,0.9918618986348868
1,0.9818402253482181
1,0.9916811597610925
1,0.6737203270105264
0,0.20153576337955814
0,0.2429823781688164
0,0.13747944121178207
1,0.9501890721087617
1,0.8776757970165319
1,0.7172560167843743
0,0.22526640276337187
0,0.18141779967089514
1,0.8761161645409631
0,0.25430730949786606
0,0.4194089997274706
0,0.39996519088873245
1,0.9558745385738155
1,0.8114133104364191
0,0.6521005407522337
1,0.9845839902254454
1,0.9814363744811758
1,0.9814363744811758
1,0.9836263739352065
1,0.9836263739352065
1,0.9814363744811758
1,0.36878980448044774
1,0.3920256766665214
0,0.20053657611730016
0,0.12466565992974309
0,0.1254655246054732
0,0.16640119386791294
0,0.2158883086024564
0,0.06635056118469178
0,0.37153997070141803
1,0.83004232099617
1,0.8491544036878106
1,0.9393288949606261
0,0.28193708644886073
0,0.03346717011994143
1,0.8776956790734639
1,0.2794578441730329
1,0.3547765962103009
0,0.1751264776086511
0,0.022131511016792973
0,0.30414726522733976
0,0.5178160791390761
0,0.2665332448370663
0,0.28253512049800655
0,0.09022821917052722
0,0.041151431630340705
0,0.0441334084352449
1,0.32953267611152176
1,0.22897960729760902
0,0.1276905481973402
0,0.258903772878485
1,0.9821392348663615
1,0.9821392348663615
1,0.9096700876550369
1,0.5822163117113408
1,0.8078775208383979
0,0.2953077673707345
0,0.13324318101079607
1,0.7810770517572311
1,0.8359302510076463
1,0.8020976678409727
1,0.8663647255684943
0,0.25029813059083966
1,0.756675023009411
1,0.8599654944067076
0,0.39625541503043143
0,0.43413442933447083
1,0.22250989618041622
0,0.25435780915282596
0,0.4683554100674947
0,0.7420750282738068
1,0.8232131624173166
1,0.8192974882432543
0,0.1400220166557254
0,0.22287379478311117
0,0.15159618575448103
0,0.2511735748439263
0,0.20155577695866556
0,0.13240340240476936
0,0.11583457789463057
0,0.5584397409071202
1,0.5775495884380389
1,0.5691434086464816
0,0.2888486534372288
1,0.6533454004325687
1,0.6533454004325687
1,0.5860325883232894
1,0.3015130195225751
0,0.6470624391944458
0,0.09298465571937177
0,0.1831926706987705
1,0.549561355843994
0,0.3179855883594497
0,0.3572021375546541
1,0.6209799489547974
1,0.7719757304563928
0,0.5123031171762474
0,0.06807298489213541
1,0.9355627066004629
1,0.9341183345718225
1,0.9297235130394609
1,0.9080969586089864
1,0.9102384632965488
1,0.8306242570929198
1,0.8481094139436972
1,0.8980194762779329
1,0.8930864664943698
1,0.9432399547330481
1,0.9102384632965488
1,0.9162926640684281
1,0.9162926640684281
1,0.9102384632965488
1,0.9261331056191887
1,0.8350008632275696
1,0.9003507972616368
1,0.9261331056191887
1,0.9261331056191887
1,0.9162926640684281
1,0.8342781532481455
1,0.8350008632275696
1,0.9361427995456366
1,0.6902673884267647
1,0.9173044756684937
1,0.9361427995456366
1,0.9609250539804991
0,0.280361549627906
1,0.8635943608394254
0,0.07037976120170603
1,0.6007534535977276
1,0.8248901611289571
0,0.07187476248168538
1,0.4611765503734521
1,0.3330223415874827
0,0.32519550260983904
0,0.22811461827378637
0,0.10358851902814978
1,0.18878898832346663
1,0.7913490715766403
1,0.8074986218762215
1,0.9129622809749484
0,0.20627581124202535
0,0.3736489654374894
0,0.13642897760552547
1,0.7212929280107626
0,0.16773250258269362
1,0.3702492032031087
1,0.4616203288603649
0,0.3198797025656906
1,0.723099004556178
1,0.3912968710002296
0,0.07720069240048973
1,0.9142999805044535
0,0.07336047639360342
1,0.6448162353604271
1,0.5935479904347992
1,0.8182318414822998
0,0.25230666558816295
0,0.10468803199082478
0,0.07308972897502618
1,0.6912366646559223
1,0.6029110382594404
0,0.0469828596962001
0,0.2515772982687829
0,0.3962450086054028
1,0.7154167741093238
1,0.9858131845033293
0,0.501262927642803
0,0.08080851695611045
0,0.16651640967718848
1,0.866212773434294
1,0.866212773434294
1,0.866212773434294
1,0.866212773434294
1,0.866212773434294
1,0.9819628541482044
1,0.9819628541482044
1,0.9819628541482044
1,0.9819628541482044
1,0.3945147770850183
1,0.7887729743281716
1,0.8264027016387603
1,0.8223487772415451
1,0.7816610085061105
1,0.7147017648059273
0,0.308820618398054
1,0.766177723924029
0,0.056209314299660876
1,0.8086602892011245
1,0.9457549693103194
0,0.30504889119195866
0,0.6812590046746386
1,0.9047420419324259
1,0.8712880954931177
1,0.8712880954931177
0,0.1658895456996857
0,0.1313679025669558
0,0.22684093501006006
1,0.7909575101130549
1,0.9750423665571775
0,0.1739704176173125
0,0.31865179336666205
1,0.4316208969352417
0,0.5485976804529274
1,0.8998528060806912
0,0.10340006109303278
0,0.43256373638062606
0,0.35225643738335793
0,0.32682075134298894
0,0.3024280440400319
0,0.20549784127752893
1,0.9798157856147728
1,0.9798157856147728
1,0.9892641744302887
1,0.9331410714456689
1,0.9584755358175756
0,0.29917340531660674
0,0.5260256496177433
0,0.5837341640218658
0,0.5845278422276611
0,0.5111113147018571
1,0.7971663000551069
1,0.491989595482597
1,0.31851428066233656
0,0.15008701849114925
0,0.28350505962147315
0,0.4669401981724169
0,0.6817507689064685
0,0.12876862682799056
1,0.6973250935532085
0,0.48778028302896687
0,0.07075692850108575
0,0.06360166756146754
1,0.8533025135458008
1,0.8364667017449662
0,0.2185901543877725
1,0.9007699206435513
0,0.3219770280381115
1,0.7925850372051424
1,0.7412663328775347
1,0.7533403928031418
0,0.2268687593659463
0,0.33635272216594264
0,0.49812831018852477
0,0.10697779151613154
0,0.4239440947616637
0,0.38943149743254835
0,0.39582510917215485
0,0.17470705348844817
0,0.18883025975274131
0,0.19761205253528746
1,0.8441303599746208
0,0.15632695402995966
0,0.3050915357507073
0,0.19614643691958547
0,0.38070002852932017
1,0.8134734731462556
0,0.26560865414645507
0,0.16616432632375722
0,0.03392797312352806
0,0.07333530147952777
0,0.3359159617509499
1,0.39244338343877444
0,0.3504598411086299
0,0.37723494796913726
0,0.07212838702940537
0,0.14030200529826808
0,0.14245139999302583
1,0.9950121748112755
1,0.9900322005869278
1,0.9865741726593673
1,0.9688406915006168
1,0.9938835841987418
1,0.991571393586355
1,0.996564050939174
1,0.9953159051094105
1,0.9919222017090481
1,0.9935209442592676
1,0.9879232399012242
1,0.9958399759033097
1,0.9954626642394246
1,0.9971994400677245
1,0.991571393586355
1,0.996952658756553
1,0.9912506611255316
1,0.996952658756553
1,0.996564050939174
1,0.9938978389936307
1,0.9958490767345213
0,0.1248045896582367
1,0.6250762314065651
0,0.07057722848839397
1,0.8033456480596064
0,0.055635398011582654
1,0.9381010991654394
0,0.24799167947836998
0,0.09246921727044125
0,0.03817324582687482
0,0.25136427427917174
1,0.8541682496993088
1,0.708962152653886
0,0.04104028033120417
1,0.35072833464641684
0,0.15553584785376678
0,0.13164614645970932
0,0.06127809410238545
1,0.4038141825128478
0,0.04561071170090857
0,0.2183838010267955
1,0.9423643266754245
1,0.9614790228514589
0,0.3849947915245661
1,0.9572268934851893
0,0.052410288191082795
0,0.20019718133896564
0,0.10915330983524363
0,0.6527809990292771
0,0.31485603179534866
0,0.2091803968045185
1,0.8621265786374276
0,0.026863807728857637
0,0.2771095005003556
0,0.2771095005003556
0,0.20613406373772597
1,0.8223544975719778
1,0.46678692248325987
0,0.1391755690770362
0,0.1392481724568388
0,0.1771095421188765
0,0.4057297599323776
0,0.2340777164730766
0,0.1843750944400531
0,0.0694247430611237
1,0.27517795875157613
0,0.254097658599467
1,0.3744852885079692
0,0.1853188586697999
1,0.8198032297435434
1,0.8780201415805018
1,0.834700558235696
1,0.19783390476038173
0,0.11350151682950117
1,0.3858838058073477
0,0.3139494666535196
0,0.20146420005405405
1,0.5192855225644311
0,0.2522925046662219
0,0.18630245170610302
0,0.23491305170498777
1,0.8877319897489072
0,0.2523848603843095
0,0.2644571418322676
1,0.768945216565813
0,0.5402625581459936
0,0.1433953709595261
0,0.1433953709595261
1,0.8012825060053487
0,0.3841837711917668
0,0.28518408003491136
1,0.697142784761563
1,0.5656504904635217
0,0.21708362116049365
0,0.21708362116049365
1,0.8122816529116339
1,0.7600798511461457
0,0.2927377245341134
0,0.1549999068866304
1,0.3502731446308347
0,0.1277547654755252
0,0.3155130172558725
1,0.7596146916276137
0,0.22207055467622874
0,0.15352551141111165
1,0.796795713256632
1,0.8133387156703747
0,0.24274580331113757
1,0.8956369668537665
0,0.3171959322744104
1,0.9075380187615836
0,0.12082357281057136
0,0.5654329334148129
0,0.28209983970282376
1,0.9011394554047708
0,0.014474446575443093
0,0.21282966337763015
0,0.08550170446492265
0,0.26090846396574213
1,0.9428519041735515
1,0.9513850367690708
0,0.6027133423642069
0,0.11077924271482716
1,0.31229265195250594
0,0.18504776893916344
0,0.05248093737584553
0,0.07732370160128689
1,0.76455572350627
1,0.76455572350627
1,0.7759256584370964
1,0.6549620920510236
0,0.15119830047205218
0,0.18363241273795383
0,0.09584667516447809
0,0.36392090464133614
1,0.8688966636026435
1,0.854289418886544
1,0.8182006617639316
1,0.7144405630792258
0,0.554155960174822
1,0.4783141746829802
0,0.1688958090516494
0,0.3482271009449588
1,0.8743613917828451
0,0.26660591842312525
0,0.1389744421941365
0,0.33558682509338966
0,0.2004059812610273
0,0.017660106416915664
1,0.5574805286775475
0,0.34855304842217494
0,0.3603408835417583
0,0.311600060518594
1,0.6923903693033955
0,0.04389589170663376
1,0.9507664908495457
1,0.7072073918761558
0,0.16416225616910157
0,0.23243389145123824
0,0.19753697249030086
1,0.7924575930654346
0,0.15837584491905066
0,0.13474712084288287
0,0.19537562539552505
0,0.1260273644945629
0,0.11839196714202689
0,0.1001593747118004
0,0.08217902056536092
1,0.8247368012825573
1,0.9736191906878783
1,0.8974532988392552
1,0.9817832596361233
1,0.4423541943906126
0,0.1943802017164256
0,0.20156778596173835
0,0.24604163859320824
0,0.21679757444422917
0,0.14138714110527134
0,0.2513791334796867
0,0.07544830364825554
0,0.0752452160697797
0,0.10323624646634748
0,0.12352347209330222
0,0.2630287852731538
0,0.4440280328878736
0,0.31916146625397185
1,0.8815592233759384
1,0.8696064210365352
1,0.7307277459536916
1,0.7904785104795473
1,0.8284132577940121
1,0.8532326509771134
1,0.8101539106185977
0,0.32351203566124215
1,0.6417721034667974
1,0.455101431297507
0,0.16204152148215675
1,0.4732533885129461
1,0.9493956598802437
1,0.8482905682777492
0,0.08561030168550861
0,0.18738518444222504
0,0.171913254215791
0,0.18011762315632782
0,0.30714343971905417
1,0.7333347207621944
1,0.8319595902130824
1,0.7073761459023145
1,0.7290933121968751
1,0.8830641506340966
0,0.22206833273796955
0,0.13122771735170524
1,0.972395740577732
0,0.05551902556093189
0,0.2586959823922326
1,0.5287920544139642
1,0.9358476917233802
1,0.8943546602269923
0,0.018267044847573678
0,0.0728862403952303
0,0.2212177113984928
0,0.2935189917941071
1,0.6082955664399503
1,0.8382039155450657
1,0.4330190199379275
0,0.20742154438722446
1,0.5820505774357351
0,0.09889900909106437
1,0.8087611481268399
1,0.8860415650446771
1,0.872095543955063
1,0.8860415650446771
1,0.8860415650446771
1,0.8492180921438929
1,0.926541630226399
1,0.8860415650446771
0,0.07049122006319049
0,0.11863755370507942
0,0.11863702796062692
0,0.1291306467194663
0,0.11879112891829796
0,0.06277186402643536
1,0.8462611016671693
1,0.7722288361376647
1,0.8958990662817363
1,0.7817982143404333
0,0.24706354527685243
0,0.30884417333204794
1,0.9672102500082761
0,0.10518168941994786
0,0.051287945188413134
1,0.9632867253721554
0,0.49555986519882306
0,0.3199436197789059
0,0.10054310971595853
1,0.7429591932016967
1,0.9832227834796291
1,0.6217399027404785
0,0.16183311713841053
1,0.9170133404315975
1,0.21598905271290023
0,0.6478871916666967
1,0.44498244885137683
1,0.3765258352707417
1,0.8593652609841845
0,0.11673059912726447
1,0.9409417207137873
0,0.28452827529935876
0,0.10488072771942199
1,0.9667753363451959
1,0.9660177698814838
1,0.949615572807991
1,0.9402472079946999
1,0.9589484118118762
1,0.9703966110409888
1,0.943099867597013
1,0.9752582943535003
0,0.2223032784323768
1,0.7911976075258962
0,0.14046134361261456
1,0.8293465724840079
0,0.19628804691605153
0,0.10937119938325945
0,0.09669033507782533
0,0.319504185562744
0,0.38025905385799386
0,0.5765242947934371
1,0.8921632681687092
1,0.9667149885281806
1,0.9578685472126014
1,0.9588199513963415
1,0.9516087895674467
1,0.9501320164127363
1,0.9210230743865692
1,0.5095265821279892
1,0.941996825359017
1,0.9554824109098805
1,0.2763457471486537
0,0.2810400339830197
0,0.13482342540399017
1,0.2989035141000706
0,0.09297694902931886
0,0.11379376161515177
0,0.15549265079661265
0,0.3842237312694817
1,0.6153452754950927
1,0.9082380567596496
1,0.9801379602668076
0,0.2742701662643901
1,0.3605689249249026
1,0.7524037441880169
1,0.5881154162859068
0,0.1717154683021169
0,0.3024298989224059
0,0.253454515821112
0,0.24073184193535394
1,0.9094316635661917
1,0.8505783201217496
1,0.8505783201217496
1,0.869684548398867
1,0.753593193416954
1,0.8300288066125978
1,0.6384937167717459
0,0.06003316748958698
0,0.06584985437336223
1,0.42969919388071637
0,0.16549118595783885
1,0.8837818329063152
0,0.14278456075705817
0,0.1267241547180787
1,0.8138840249945357
1,0.8798275084155598
1,0.7701591556604394
1,0.3957828941521571
0,0.30084610872562034
0,0.2335931716019346
1,0.9936604503799676
1,0.8248249256488694
0,0.2292687217506185
1,0.7207871868832028
1,0.7540751346114011
0,0.3076694414615047
0,0.35949592033318506
0,0.1629257965444339
1,0.7178629114784911
1,0.7306442626197518
1,0.7306442626197518
0,0.3020152907603276
0,0.2310681982822548
0,0.10686263881371781
1,0.8098640489937952
1,0.7957546345438942
0,0.10585641947057811
1,0.497400184984372
0,0.2480630439024427
0,0.08795515397820494
0,0.20320842825706253
1,0.7236882247043114
0,0.48037803644565824
0,0.6031800746453398
1,0.9876733786566787
1,0.45862723232655384
0,0.08736059332218835
1,0.5934856179433715
1,0.4470435366812185
1,0.6759654863075598
1,0.5199868416282725
1,0.8553566027350257
0,0.21039189827984503
1,0.135476185531801
0,0.12026710370213915
1,0.7933952233259405
1,0.7830486012325609
1,0.8369391785603736
1,0.6769823409913108
1,0.42906539198747123
0,0.22908507609266657
0,0.26353481567604226
0,0.28458309551980027
1,0.6883175641055517
0,0.2837974684997663
0,0.1598757215235854
0,0.44379271338882864
1,0.6337278957081279
1,0.6337278957081279
0,0.6652938877329928
0,0.3273721815698103
1,0.6702933708707101
0,0.32919365117669713
0,0.4525867991404362
0,0.46543623740632917
0,0.1727880781472079
0,0.04805043012293305
0,0.05308102901429607
0,0.12363437413550117
1,0.9425349601579354
0,0.13856022876343949
1,0.8863634289003596
0,0.15143700430499146
0,0.3177157304683313
1,0.7589033884291809
1,0.8457879344297017
1,0.8526332706622974
1,0.6193512915341876
1,0.7828230543258817
0,0.2266529687451315
1,0.9455962359842012
1,0.8883898273192218
1,0.8824023640149913
1,0.43354232104641316
0,0.3363331769606176
1,0.8719879282719188
0,0.06623237168970338
1,0.5407233214151582
0,0.1586104159422865
0,0.18225749827720364
0,0.051044901116528665
1,0.6012818169119484
0,0.13990490408953918
1,0.9510345532163772
1,0.7196813412812594
0,0.10411945533309468
1,0.9744017199268433
1,0.9744017199268433
0,0.6535753098388103
0,0.6471850008300145
1,0.38227140553665007
0,0.15335433970111664
1,0.7031802426203024
0,0.07665395922376061
1,0.7760532206380771
1,0.9331775018004133
1,0.8123097213497885
1,0.7678920125064632
1,0.5836356285965907
0,0.42908058924140596
0,0.18719585903370314
0,0.15316596172936453
0,0.08995332948895257
0,0.1344133883912035
0,0.20366814408026734
0,0.31469235409595725
0,0.2787072811326843
1,0.9320532552824227
1,0.9525583394430891
1,0.7559566547977867
1,0.8224098019191368
0,0.13686712699141054
0,0.20005895052865572
1,0.7893656132851206
1,0.6803847932636524
0,0.24053282780397606
0,0.19412395379260364
1,0.5878969230866342
0,0.14105981822750713
0,0.08603384639018337
1,0.5004383841395337
1,0.735769442718907
1,0.752196448441939
1,0.5712903808709938
0,0.061306962032125545
0,0.20732506305028695
0,0.047395197523099626
1,0.419272010584748
1,0.7191969741756054
1,0.3251261098133593
1,0.3888892376301701
1,0.2782492559469487
0,0.29106573331983493
0,0.1116968704852181
0,0.11591273174492465
0,0.17157645244323766
1,0.7009778275088347
1,0.5823682093064461
0,0.18616802424833698
1,0.3251422564707223
1,0.844164802894914
0,0.090576680414361
0,0.08830770373905497
0,0.08830770373905497
1,0.9831793961744909
0,0.24942017257046104
0,0.04419666985680256
0,0.07916113502030556
1,0.6210175062571527
1,0.661032518679846
1,0.864979960836301
0,0.15674568482012283
0,0.04759635339894718
1,0.686825045835516
1,0.6736044829646612
1,0.9364967703267719
0,0.18651680993437264
0,0.09914148128712087
0,0.3300150399142813
0,0.4403560321410542
1,0.8921860682128779
0,0.1272488807427714
0,0.1272488807427714
0,0.40163528004723864
0,0.22698868530779798
0,0.08316747494205022
0,0.08774331783625419
0,0.1564277158868507
0,0.1225180668551143
0,0.09731497956132537
1,0.26272127747101753
1,0.8190961208662885
0,0.35711735632882097
0,0.16538350771073318
0,0.15339720739958845
1,0.791818583789841
1,0.8803901927592834
1,0.8135200540005447
1,0.8612937011735216
0,0.5589945244219715
1,0.9179745265053746
1,0.9641002887818428
0,0.03557872127190475
0,0.25020186041166376
0,0.2544046591183666
1,0.8764253022449096
0,0.09213619308581217
1,0.8714653588134696
0,0.4529698515234547
0,0.0747630187045279
0,0.09794939253780505
0,0.0794229921820617
0,0.07828745631602434
0,0.2192332977631566
0,0.20532958406578777
0,0.3639680559077772
0,0.2533547458178816
0,0.668635709402699
0,0.20312634775457974
0,0.25889765558721656
0,0.12642166242585032
1,0.4987575355815547
1,0.6099492468890826
1,0.8100493316694923
0,0.32055342861361696
0,0.26041612820570464
1,0.8405365174987334
1,0.349412396414876
0,0.10245765451814134
0,0.30656243675430683
0,0.13924261133660307
1,0.37051041738862595
0,0.2759423214156248
0,0.24540075470522402
1,0.8882285166675948
0,0.07886719383995125
1,0.5138748517297806
1,0.7242648091154564
1,0.720823864724519
0,0.11407182810065493
0,0.1066122331489004
0,0.14433372544816064
1,0.8736229278230814
1,0.9329350185483558
1,0.9329350185483558
1,0.9329350185483558
1,0.5832602566188769
1,0.6062811685441483
0,0.04778490073807908
1,0.9748391183859481
0,0.09738500798594707
0,0.05108722274763017
0,0.09244353657196987
1,0.19751218758615774
1,0.8629957474345946
1,0.8489729584582516
0,0.20386805994993204
0,0.15163344996554118
1,0.39379606301538134
0,0.15486759942692174
1,0.40097941460651415
1,0.5786488079484229
1,0.2501491264081061
1,0.19341692548109013
0,0.12626113940111
0,0.1462355486161895
0,0.0609753274212439
0,0.07951190573620236
0,0.14171404657554454
0,0.07499605965823156
0,0.020879457546090146
0,0.06592134353669706
0,0.2799863360421182
0,0.07989895076495317
0,0.053215976890921605
0,0.09913411046887025
0,0.11638678961620626
0,0.11061696454474206
0,0.18224627082757494
1,0.7240687185474537
0,0.039550325870821815
0,0.17886243716719727
1,0.8474187257836113
1,0.7885240601613148
0,0.05519946067045916
1,0.5071639484690159
1,0.6877557925697307
0,0.14376080025750249
1,0.9917966014306042
0,0.2642508275798391
0,0.38785781081380527
0,0.6269676598558539
1,0.8833657950818332
0,0.5380689365407947
0,0.11284841626990995
1,0.7780390730337144
0,0.18120902444090262
0,0.17450379524529816
0,0.194302663295788
0,0.1635987199471397
0,0.25546810995442315
0,0.16650193332215169
1,0.1398292998780277
0,0.11849131034052116
0,0.10266326810967402
0,0.09703706235366219
0,0.12298946366550297
1,0.6671330437446664
1,0.5050789630171268
1,0.37500681016307486
0,0.1333641264973597
1,0.7654240973692389
0,0.1329631760479044
0,0.22748078077721415
0,0.12369089414109369
0,0.13384635322024674
0,0.09016785190774575
1,0.734532941022803
1,0.47323519320864343
1,0.5398201945725499
0,0.3951498336241907
0,0.4673374782232591
0,0.28820046955232326
0,0.4678658069359438
0,0.24828334676050715
0,0.30952848265726185
0,0.5410805195516001
0,0.07647408246737125
0,0.14048998450227582
0,0.23542200705298938
0,0.4222941179912006
0,0.18889792994561033
0,0.19060150358628725
0,0.3806713088458014
0,0.13250136288420694
0,0.13610620340879717
1,0.5033596023534634
0,0.5984413480278549
1,0.6826492672325568
0,0.5548472473265846
1,0.7162786186857781
1,0.8718110176054863
1,0.8051619126698908
1,0.8431676994533434
1,0.9067578023225862
1,0.5576244138106486
0,0.5178790417733892
1,0.28914190200115875
1,0.5650876756359264
1,0.39931692264242497
1,0.7622921946547921
0,0.25796935653846115
1,0.6400598648844971
0,0.09513334311404749
1,0.42606945156314574
1,0.9515984616182088
1,0.7142373627136774
0,0.05369088915433603
0,0.2629642347792353
0,0.49796896899414156
0,0.49796896899414156
0,0.5471296315949267
1,0.4966845289101473
0,0.2223516513637602
0,0.03465458349095635
1,0.8684035199279126
1,0.959233121852383
1,0.8557746784760423
0,0.3411599668694753
1,0.3058587425906988
0,0.27762328785487894
0,0.14489497799938536
0,0.2330629007158548
0,0.12053306442704473
1,0.6431175109137925
1,0.8960937720872021
1,0.6535784040994518
0,0.1405668549370521
0,0.06939255489974054
0,0.1448742678110256
1,0.3396484827781242
0,0.17885708108755966
0,0.16891730017516027
0,0.19218022609298502
0,0.27237861206218617
0,0.19347962932089596
1,0.7056259197939241
0,0.0369535888985922
1,0.23668317941980602
1,0.23895162023311217
0,0.3848942228852426
1,0.9361242382120991
0,0.14273478070877643
1,0.6749067248906293
1,0.9294670564809158
0,0.027168651200101156
0,0.1011091752507195
0,0.10546824631790137
1,0.9166429283294291
1,0.9166429283294291
0,0.12378721441884512
1,0.866039925298189
0,0.2428927246767033
1,0.9870230763307429
1,0.9860429871995648
1,0.9909303460574748
1,0.9903346772161044
1,0.9822691905113553
1,0.9867264800732114
0,0.09738791801012671
1,0.9671571861124904
1,0.9518189352291795
1,0.9470006523077732
0,0.3309901869003998
0,0.324839751201105
0,0.24015005959016197
0,0.277528660786751
0,0.31237969290502154
0,0.5147991977264718
0,0.3011780099440008
0,0.10770374240367725
0,0.25199854130613963
0,0.5984054574293689
0,0.7285174127657437
0,0.7285174127657437
1,0.7513199631018169
1,0.8301660231739467
1,0.8198032297435434
1,0.9521096182699599
1,0.8888938574878402
1,0.8301660231739467
1,0.8888938574878402
1,0.7265660691981699
1,0.8198032297435434
1,0.8925916728819167
1,0.9160002923808465
1,0.8686447560634324
0,0.046187431935846054
0,0.04061713746272818
0,0.04061713746272818
0,0.1777963578065461
0,0.21073912924558083
1,0.5770268746907359
0,0.17163842323119913
0,0.31527756981187127
1,0.5928319086154011
1,0.7709504587538629
1,0.2923899010879347
1,0.9466433108722214
1,0.20888769840013158
0,0.12349950794044977
0,0.2655717210337176
0,0.08252265716537951
0,0.0804228190172463
1,0.6506445510511795
0,0.24994261953331115
0,0.108428381077921
1,0.6875195590385585
0,0.09012475257132088
0,0.1038392848189033
1,0.2544916595985865
1,0.7716540073196874
1,0.9106482782647997
0,0.026523797189061164
1,0.9597718937376695
1,0.9651551592336507
1,0.9580326611067435
1,0.9457618465953567
0,0.37946407694818163
0,0.30011172039027795
0,0.08170609158157659
0,0.03934894511836803
0,0.356252700931871
0,0.26023208928081554
0,0.36092803730143197
1,0.7102070180233891
1,0.6477617980683276
1,0.7057465108538824
0,0.41328800662563636
1,0.664660793512481
0,0.6838751109053447
1,0.9673839453476264
1,0.9798834966180426
1,0.9689101911094128
1,0.9398930195144248
1,0.9790442573991289
1,0.9761524252735146
1,0.9743687739197481
1,0.9743687739197481
1,0.9563437525756426
1,0.9469318263442009
1,0.9790442573991289
1,0.975477070417548
1,0.9555610056774834
1,0.9790442573991289
1,0.975477070417548
1,0.975477070417548
1,0.959066442040935
1,0.9728476038160256
1,0.9673839453476264
1,0.5454988283746598
0,0.34152836633164263
0,0.3170041060867423
0,0.4855327288914419
1,0.5394182659357024
1,0.37711260030768173
0,0.07944616690560319
0,0.4005127751677489
0,0.16531048918870686
1,0.6548476759266619
1,0.6548476759266619
1,0.718540999514778
0,0.32491652859038966
1,0.7868889837026709
0,0.4402281528460822
0,0.5876359999327396
1,0.5230398883662591
0,0.3840772676947822
0,0.4396962476471279
0,0.4476490083305981
0,0.16960687853834785
1,0.6500023305895125
1,0.44125989010010175
0,0.0554807357659473
0,0.11980705994522248
0,0.8010077477859047
1,0.8260509961460968
1,0.5433421145686805
1,0.2979787064172538
1,0.5920949032131294
1,0.5942241037442776
0,0.10604135896615333
0,0.21777405153612805
0,0.18267651596868403
0,0.25564268071688145
1,0.9610188915506025
0,0.11257898456800558
0,0.35546766411300545
0,0.20527571739698752
0,0.21101167072826116
0,0.15808491521276685
0,0.17543199936711254
0,0.20527571739698752
0,0.19931163865507112
0,0.20527571739698752
0,0.18765232827447698
0,0.19931163865507112
0,0.21101167072826116
0,0.19931163865507112
1,0.27732238186673347
1,0.2943626255966539
0,0.039030837207948754
1,0.3887429490769011
0,0.27217486367242116
1,0.9126026511367333
0,0.18734653691043265
0,0.2695635003853036
0,0.04529722778197818
1,0.6326616793963152
0,0.018210282697236842
0,0.3587133856783391
0,0.2575374399996186
1,0.988942631049962
1,0.9838203031517853
1,0.46043563425485046
0,0.13574904057500586
0,0.16810010770032716
0,0.17347774876071104
0,0.14012161858257483
0,0.1452897013028366
1,0.9074776283178463
1,0.9689592249778408
1,0.9719274813368759
1,0.9638054145694112
1,0.9500509515977439
1,0.96733406607573
1,0.9606106509532057
1,0.9495763796389368
1,0.6572291727210781
0,0.28005257051899557
0,0.3409383318604164
1,0.8894091862438274
1,0.6705311838706411
0,0.38335699766660813
0,0.6278315015157474
0,0.2670265572114425
0,0.21757514066301423
1,0.5425315028561356
1,0.7128192497427329
0,0.17858980119563217
1,0.6590322518535309
0,0.48962242296089314
1,0.6828095225904558
1,0.9791970373001991
0,0.0873566377559847
0,0.029212456631062124
0,0.4157614569456541
1,0.5086803893051404
0,0.20999522271090015
0,0.1456969432475417
0,0.12100206108643279
1,0.7541880322095527
0,0.18169772459552702
1,0.48105637044299965
0,0.04453752969093749
0,0.16991205774924953
0,0.14140530134779933
0,0.5230943828388969
0,0.48649947099130325
1,0.9011284252023224
0,0.06684673796587946
0,0.04125597860606923
0,0.377206489251911
1,0.9171638534709355
1,0.9192008652100789
0,0.25105018406487906
1,0.8910889152710102
0,0.16763324772748123
0,0.36405912404348617
1,0.8647980887799743
1,0.4961624542999413
0,0.0946287970517945
1,0.7449484917738506
1,0.6148350633944496
0,0.33455605663454324
0,0.5467702583905387
1,0.7653626004520548
0,0.280969623281222
1,0.662594870950801
1,0.9518843278287736
1,0.7682404928190003
0,0.33902492599653655
1,0.9764593062668652
0,0.2509757350778713
0,0.1969522560707729
1,0.807386306818155
0,0.11155489191054646
0,0.2061607684443821
0,0.3066290066826854
1,0.8693343969610903
0,0.058046583015285765
0,0.42296481440885886
0,0.10579491739405877
0,0.07624864036028733
0,0.11330015050373866
0,0.09856554228942568
1,0.9756587785365768
1,0.9551447731120768
1,0.9551447731120768
1,0.9760903782410678
1,0.9745613011889677
1,0.8449824184359849
1,0.9150700966616526
1,0.9181380482493978
1,0.9150700966616526
0,0.5036983110102603
0,0.4068959509993955
1,0.4080740990910825
0,0.09494243041395303
0,0.16375879652667633
0,0.5084078675075079
1,0.5139282342750233
1,0.7024133113674922
0,0.31792473090631135
0,0.6757080497723648
1,0.871770686050265
1,0.8272532372251433
1,0.6763946724321975
0,0.17063148385004423
0,0.06755948177981835
1,0.4546261057205161
1,0.9915272044332931
1,0.5868807099692003
0,0.3526714528421862
0,0.11824390167772195
0,0.15644428483099987
1,0.1307112713548958
0,0.11073309933159028
0,0.09145990322742248
0,0.0529462813193323
0,0.2546457711234464
0,0.03357364316016502
0,0.038773464050375996
0,0.14672016238113403
1,0.8745497448397415
1,0.9883845776848318
0,0.11473504574634202
0,0.0549192049556019
0,0.27408608734426365
0,0.04794746810309857
0,0.38765160909712565
1,0.45819933044854216
1,0.9425742090431957
1,0.9247145061643365
0,0.08294872403213512
1,0.6835190442292097
1,0.7123158953363762
1,0.8138108771494705
0,0.10837373746534616
0,0.10390193251219246
0,0.2071349578672291
0,0.31169679161880165
0,0.21440573882201228
1,0.4754285058448654
0,0.4752943311179901
0,0.16315208471442985
1,0.7148777049664512
1,0.5101654789057916
0,0.22226163521800552
0,0.1309766542925108
0,0.4881138159378285
0,0.28619151576307034
1,0.37677588626209496
0,0.2650507140536677
1,0.8522132694587549
0,0.18543592085535313
0,0.3675120274741684
0,0.1091794005306504
1,0.988113614932251
1,0.8726618905580595
1,0.9035257962433185
1,0.9085352823666332
1,0.6072662489098618
0,0.20809788124313178
1,0.8350283917107013
0,0.2359115610876733
0,0.39864445169686147
0,0.0747797998472667
0,0.09439934737298479
0,0.5693204280084563
1,0.8338826964193156
1,0.7349496208807308
1,0.8287208907116207
1,0.6317903968119958
1,0.7345330728909782
1,0.7483051618709935
1,0.7545077632673701
1,0.8968327562965374
1,0.574647106600765
0,0.13660923323104057
1,0.8529037118120845
1,0.7946172044738726
0,0.14617483570753634
0,0.12228117087351811
1,0.20591891772464102
0,0.14781253773690964
0,0.4018541963387971
1,0.7832326779021486
1,0.7323492355091046
0,0.09538382988277676
0,0.0810676887168668
1,0.947620066541969
1,0.6999101747188446
1,0.9721887436579414
0,0.2160448696833909
1,0.6190096070194749
0,0.1823093408259895
1,0.3046412358639858
0,0.2653798300667278
0,0.2754700985583672
0,0.4120876169975448
0,0.24048613513713774
0,0.06871239634881668
0,0.19957836378024
0,0.280713078900783
0,0.22907885187454202
1,0.4093768580338243
0,0.30305066772849276
1,0.739261132017639
1,0.3844462869616936
0,0.2094303565353415
1,0.8842119172600101
1,0.4517756176782761
0,0.020783183332763175
1,0.9762034267312653
1,0.9502466221413307
1,0.9507920956643119
1,0.9821096897980474
0,0.184247063231288
1,0.6413737911017963
0,0.26115277154504407
0,0.04860752438862075
0,0.047406581429349504
0,0.11879425108804309
0,0.09609064129859013
0,0.1886803075767662
1,0.9195554541237393
1,0.8459847923041101
0,0.1482027782832113
1,0.47263747060486794
0,0.17858997497157858
1,0.43436414083891667
0,0.033819294264893905
0,0.1413526743321003
0,0.3277980270073058
1,0.837019926732988
1,0.7219679638863506
1,0.3686972691397271
0,0.3686972691397271
0,0.35240835270216603
0,0.39429734623809165
1,0.5410401212697618
0,0.4759722509772219
0,0.3029638547375173
1,0.9332569281066886
0,0.4739681544492264
1,0.5584178039540882
0,0.8553211752985576
0,0.566318098977073
1,0.8706496947481407
1,0.8837657290203461
1,0.9141867781484659
1,0.8400916787386628
1,0.8596117837616644
1,0.8139284277349834
1,0.8559954645622634
1,0.7986435655516518
1,0.899937918877112
1,0.8040292663247507
1,0.9167223590873973
1,0.8728961702841574
1,0.9053628823222841
1,0.9259198989430977
1,0.9119642350321996
1,0.9089192034394217
1,0.9440232836999144
1,0.9119642350321996
1,0.9259198989430977
0,0.15842846638161032
1,0.9158323617096988
0,0.06910522328439107
0,0.05640443519669915
1,0.5612087491592851
0,0.18791024095797698
1,0.2780356735062124
1,0.9064750421798362
0,0.09303761026708858
1,0.7622479406551556
0,0.17233580689886716
0,0.23244524368120206
1,0.6238070362583641
1,0.7592941828205098
0,0.5613907725455033
1,0.9399948969080549
1,0.9212650420393674
1,0.9487042057166857
0,0.02361164265977547
1,0.9561049838621478
1,0.8949081185365153
1,0.9222875691982161
1,0.5117528569879892
0,0.5902368463085187
0,0.1205856620743897
1,0.42432081045524256
0,0.28631399644164346
1,0.6263808231533954
1,0.6820858149645024
0,0.1161290294865836
0,0.13965615657502825
1,0.8491641571760765
1,0.8078909374516231
1,0.8550089426550794
1,0.39733540454039173
1,0.9153962969515399
0,0.11184960315218818
0,0.10988162076267184
1,0.7355403582511088
0,0.058464381676007586
0,0.0529835774876975
0,0.0529835774876975
1,0.8998975026153233
0,0.34374582981379775
0,0.4618727086649318
0,0.0644323960473549
1,0.8823879707433206
1,0.5739907168346707
0,0.22798435322216679
0,0.205324451822442
0,0.0347424378729407
1,0.9903361643298001
1,0.9891222223979944
1,0.9691159081392601
1,0.9901782469654895
1,0.5737918052576882
0,0.27590994213613046
1,0.5071881402320592
0,0.17778559814191763
1,0.7337247206315732
1,0.6015260164394794
1,0.7337247206315732
1,0.9641508249959222
1,0.9771130673124776
0,0.08192810342497889
0,0.13482980305507233
0,0.372084558139461
1,0.6152377000647438
0,0.316866992599751
0,0.11796775124823809
1,0.26501422350304044
1,0.6146939604056197
1,0.5661548547740486
1,0.5111343480637475
0,0.015598260592832374
1,0.9316969455010784
1,0.9316969455010784
0,0.2734505359114043
0,0.23494294915490507
0,0.38279054641917776
1,0.9107142298650357
1,0.9884254313855114
1,0.8094739453098818
0,0.36773161122542625
0,0.1304202851628457
0,0.06605259752004365
1,0.7348182655811987
1,0.9014538566100836
1,0.9014538566100836
1,0.9134261736526926
1,0.9134261736526926
0,0.5659951398479797
0,0.32662951055981965
0,0.1568945200971435
1,0.5506401042413762
0,0.09838758769758711
0,0.18331973265572832
0,0.11219437850318624
1,0.9557240106005823
0,0.3059542832579099
0,0.3059542832579099
1,0.8270897502262121
1,0.668804174620772
1,0.7149463803080267
0,0.27978241700523304
0,0.10896979894113423
0,0.09539506517775505
0,0.21728625998489826
0,0.153149705345356
0,0.14211224700450012
0,0.2386976009984341
0,0.21802150406548504
0,0.19094848900606612
0,0.1116957017284182
0,0.37098810990495545
1,0.4054307473467118
1,0.7422012501388883
0,0.46700298867327816
1,0.9032699206652812
1,0.8972661006305783
0,0.2622167180218556
1,0.665369955976389
1,0.9148905470425729
1,0.8217979827344729
1,0.8876331633049511
0,0.7846326264629104
0,0.6980865000002202
0,0.217288777479177
1,0.5387354615548297
0,0.13577683729307366
1,0.7703894956055266
1,0.937147546367574
1,0.7942247856490527
1,0.9132371390683504
0,0.17973002211236494
0,0.13001105416160336
1,0.89757979638291
1,0.9172812248744585
0,0.24496513345655482
0,0.19557975446303436
1,0.8248574424063073
0,0.0774832293436396
1,0.7768964790772979
0,0.1174864747694877
1,0.8479481915214057
0,0.09818586152669793
1,0.8260556955126045
1,0.8692848002732273
1,0.8929089095749586
1,0.23584584255439214
1,0.9136387714312978
1,0.4249255254206802
0,0.41195543991035594
1,0.9560244921458687
0,0.06162157114572699
0,0.05872268304195731
0,0.060304382341525346
0,0.2361039227358243
1,0.6810085855140436
0,0.11411023615254345
1,0.8724819794582515
1,0.8806955841700741
1,0.41962752255853236
0,0.16296245154730582
0,0.4907857660395518
0,0.4907857660395518
0,0.8648522365864679
1,0.8582654542729142
1,0.8683908072540583
1,0.8093615829606331
1,0.8584009115337063
1,0.8683908072540583
1,0.9422193617644802
1,0.8383240137382134
1,0.8546387039940873
1,0.8648522365864679
1,0.9319470420007809
1,0.8582654542729142
1,0.6733415568158758
1,0.8648522365864679
1,0.8599913963182905
1,0.7623288347507501
1,0.8228513857993697
1,0.9035328180880366
1,0.8648522365864679
1,0.7335131297790215
1,0.7604716489934399
1,0.767487998928879
1,0.8495391807937342
1,0.7190811857343546
1,0.8093615829606331
1,0.9319470420007809
1,0.7941855889250758
1,0.8247529513511226
1,0.4006466472284172
0,0.41577118472673624
1,0.8803089941808567
0,0.37525596374470954
1,0.8263848377981109
1,0.7977280164292297
1,0.7928351547686837
0,0.13787882244874408
1,0.7449490163648771
1,0.7449490163648771
0,0.19188856011312705
0,0.1591126940593513
0,0.4334807336816822
0,0.20701964961021974
1,0.6250762314065651
1,0.724400848117913
1,0.9367848565809009
0,0.14284923317428042
0,0.13119871791884297
0,0.08999404491795168
1,0.7693737337215438
1,0.9115419091929686
1,0.8287284595633552
0,0.6372282990793054
1,0.7199916202306799
1,0.8685193234342512
0,0.49101609195114215
0,0.25028719281843986
0,0.1185693686667653
1,0.3235919291989282
0,0.023070955530811278
0,0.12825667129122326
1,0.8829987614114276
1,0.7220393608929033
0,0.1495421026435497
0,0.12990715970370562
0,0.1652869381446303
0,0.08326493430301576
0,0.15589813155052346
1,0.8882228952877631
0,0.12335036671991412
0,0.07320754946972527
1,0.7733015329233673
0,0.060747822440572315
0,0.35109896459970574
0,0.5381011478485631
1,0.6106454800531239
1,0.6106454800531239
1,0.6256878144870142
1,0.675468000093662
1,0.6994367768017343
0,0.24394105219427276
1,0.668219860385489
0,0.49058246942260286
0,0.5305290468543923
0,0.04058044671697796
0,0.03882661309962786
0,0.11312150178228675
0,0.2641459331489765
1,0.788425235190049
0,0.39358867662568214
0,0.08992551048997106
0,0.11824156349592868
0,0.04553267135211589
1,0.9266449187305416
0,0.2818535701162358
1,0.3342160261677263
1,0.15849938594710636
1,0.7590985593282803
1,0.7593158987170627
1,0.7518015397207272
0,0.2570472892512887
1,0.8570310230270716
1,0.735569026676239
0,0.018550334957365487
1,0.9619775336891827
1,0.657548348782673
0,0.18136916094694586
0,0.34784986435341303
0,0.43609322150478663
0,0.1626472110808738
0,0.10584949497764702
1,0.6714474993479931
0,0.166717610821493
1,0.974326452629246
0,0.37850666345019995
0,0.03643590890440763
0,0.08422872056949754
0,0.13943273920343768
0,0.16983260770733544
0,0.09708606263409009
1,0.7101810825526279
1,0.5685869078462666
0,0.22594268489945085
0,0.26590848445628373
1,0.40002511039787575
0,0.29012153680754865
1,0.8209446618068308
1,0.8555943485904784
0,0.2540372093674536
0,0.1715917692946462
1,0.6051933509889499
0,0.14141998346939277
1,0.927941552473539
0,0.5476058786836212
0,0.10047582195520363
0,0.5072574828649703
1,0.9708593315524511
1,0.9347827446555171
1,0.9160999866137342
1,0.8182639070040121
1,0.9910527893876043
0,0.15960610912172665
0,0.3429539249843576
1,0.8156666148453123
1,0.3093688330955654
0,0.08954634002143373
0,0.05935882414819165
1,0.8216124272589118
0,0.599954825124184
0,0.521390308833021
0,0.2465996282603175
1,0.9332940309629726
1,0.9282835240741473
0,0.0688501566104286
0,0.04616456634390162
0,0.18250421082824997
1,0.9419507417719628
1,0.7747018790348583
1,0.3015476519645102
0,0.2515865733647325
1,0.7986302821292275
1,0.9215939650876102
1,0.9706796442695975
1,0.8330930206807978
0,0.3260988153277434
0,0.5530932961648044
0,0.43519735851264707
0,0.16616008675341282
0,0.06793809376796717
1,0.7047446017985073
1,0.9256032313631591
1,0.9256032313631591
1,0.9117502152790105
1,0.9405474713320283
1,0.9172694936538877
1,0.9172694936538877
1,0.546798166554295
1,0.8760607102812232
0,0.26792837980929324
1,0.9516591269625112
1,0.7229919975673273
1,0.8720144372189617
1,0.4954574970389232
1,0.5765423896985192
0,0.5368489368883325
1,0.9676403175670337
1,0.8101581293806291
0,0.02531207623539882
1,0.8581006397553415
0,0.41826488004272017
0,0.025061290009928926
0,0.06669630966915774
0,0.12132351290992299
0,0.18300711894574118
0,0.438707951431818
1,0.7462027663076467
0,0.06354480166102824
1,0.6691835459469011
0,0.3855867158590375
0,0.33382475538714634
1,0.27042808674330454
0,0.2080189291245078
0,0.3131070663098238
0,0.17166899173262423
0,0.26342645461251984
1,0.901498811928907
1,0.901498811928907
0,0.20318544825135343
1,0.3626892048163374
0,0.16537093386938065
0,0.08342490107965814
0,0.24947293063183354
0,0.22265374787630038
1,0.49183118835399015
0,0.22115231306807637
1,0.7686357362588261
0,0.1909559511832402
1,0.9309297313359821
1,0.13304801097158506
0,0.15488093231038702
1,0.7763860308714944
0,0.14257632105975782
0,0.0842595130252928
1,0.916826085552057
0,0.828309611886314
1,0.8372717489517362
0,0.5065150581959503
0,0.5406551423742542
0,0.5362386740478229
0,0.25113266891555436
1,0.3997244574889346
0,0.30896383316044185
1,0.48116444666278463
0,0.307050356937645
0,0.40211316362185723
0,0.3494943890013856
0,0.21437709939604999
0,0.38984006978998836
1,0.8171066162551898
1,0.7997674535979978
0,0.1066426435287772
0,0.044752978039015484
0,0.05626951343736657
0,0.06462949592154692
0,0.3429346367499816
0,0.0207917065015571
0,0.020589646712159623
1,0.9379044026286347
0,0.05248093737584553
0,0.09138820807891959
0,0.32466587479468717
0,0.1453618168016479
0,0.26947850062201306
0,0.12891536366938483
1,0.6878379752133197
0,0.2653133897181228
0,0.28894926410881183
0,0.2817966833789612
0,0.03958375469272131
0,0.39695190865852764
1,0.14341224202643632
0,0.10783923883607419
0,0.12376884862834082
1,0.9963200675244774
1,0.9945354398127143
1,0.9935372460212488
1,0.9235108753807734
0,0.21866472089519798
0,0.2707170005639091
0,0.28802513025698073
0,0.7315564121120091
1,0.9109854848496884
0,0.18095285596890381
1,0.7762879488271015
0,0.32714914182779253
0,0.5773368591483843
0,0.12744535963275988
0,0.06571826761063237
0,0.019032380250794102
0,0.02153577845375899
0,0.2368332224813613
0,0.17095887616245628
0,0.15998181651049248
0,0.14089378507378716
1,0.8569845703505546
1,0.7653935039729064
0,0.18980510892488464
1,0.6855615104289077
1,0.8209556240235343
1,0.44830342116215705
0,0.0651801562539772
0,0.11088745484999017
0,0.0892334003325015
0,0.13610739733465413
0,0.4632005047400934
0,0.09089822764685955
1,0.8712970137630713
0,0.06157010594742975
0,0.2004895141417319
1,0.2937264572465414
0,0.12387555539370634
0,0.19908255889142756
0,0.1424508173807092
0,0.3364385173577604
1,0.8076558675015655
1,0.9389328227107826
1,0.9593448813750868
0,0.03694912766929103
0,0.6047985033318997
0,0.49408821643064443
1,0.848934625670619
1,0.9732723403020305
1,0.9649771501099319
1,0.945432458648454
1,0.9798251657842637
1,0.9518655180838069
0,0.2659450126876877
1,0.6942837040107833
1,0.9462116012156873
0,0.16875012285648971
0,0.13791301698413025
1,0.7088836135051741
1,0.699674152127457
0,0.09656197970150575
1,0.5602909179949307
0,0.3298358072889305
1,0.14377071271997519
0,0.06138851666496621
0,0.11005445873138159
0,0.31135284335360597
1,0.8074769691081202
1,0.7536610320763946
0,0.37588684140911555
1,0.7729808526661044
1,0.7987438442938638
0,0.12498476787403534
1,0.8752797093711915
0,0.07551057490766608
0,0.6808779393685856
0,0.6751146612218879
1,0.6808779393685856
1,0.6763632567281597
1,0.7105017206587323
1,0.6811002065149432
1,0.9695347976676443
1,0.874176827294744
1,0.7184014897855866
1,0.3345103147898971
1,0.9554005735825373
1,0.9818357798779521
1,0.9119337889775365
1,0.8301660231739467
0,0.7084743005730398
1,0.8453459263622802
1,0.8856607191829619
0,0.11598671221677981
0,0.40249948326227614
0,0.3213008267858158
0,0.12132247916820035
0,0.17618578496918894
0,0.16792008572270783
1,0.8257588126538072
0,0.5626399061616767
1,0.44089134932692536
0,0.23814540875941353
1,0.23657638383091822
0,0.2125310355283569
1,0.9128232754586946
0,0.2409515561744499
0,0.49076274450156665
0,0.10744715483048584
0,0.24245638136938855
0,0.5367811783953708
1,0.8364696527052853
0,0.11567640632864729
0,0.1879948277915522
0,0.7224569466685242
0,0.10954558738117229
0,0.1235014300893543
1,0.9331203203045476
1,0.8754484281040307
1,0.2906681840982918
1,0.5739733046418481
1,0.9082897011313652
1,0.49486730199257395
1,0.6885175178132905
1,0.8123808464048696
1,0.821282619180613
1,0.7792095797360008
1,0.9699841122575568
1,0.8294016196174298
1,0.48898913849476594
0,0.459852321644228
0,0.3710664090562039
0,0.34744588132746645
0,0.6289702661188753
0,0.6339406955029239
0,0.46232090724202773
0,0.5543870259865792
0,0.6166595232907727
0,0.3808162617598812
0,0.5683756461410202
1,0.7065084262247535
1,0.8291891283098812
1,0.6647304488995024
0,0.14160023965190613
1,0.9482748896030688
1,0.9223139343701341
1,0.8877957433507121
0,0.1331687768027816
0,0.6543073556697219
0,0.6611413949265887
1,0.7442884925154506
0,0.2301440588264718
1,0.9610960881627482
1,0.5399445014686559
0,0.3877811284361522
1,0.3877811284361522
0,0.5029143708075731
0,0.5029143708075731
1,0.4643502606234484
0,0.284633154392766
0,0.2343153681032632
0,0.3291891389356917
1,0.528102367813641
1,0.9145778127379929
1,0.8575478165759295
1,0.6367080989806064
0,0.48013746340042285
0,0.14670428444136652
1,0.9033259632213869
0,0.20085132978718445
0,0.4100302993289382
0,0.10360030275444139
1,0.2903690966695641
0,0.2635839132402751
0,0.3971226745721194
0,0.5400352575427229
1,0.5400352575427229
0,0.3848633431880676
0,0.29796598074853986
0,0.4372521250933819
1,0.34138437499552127
0,0.29049083291763367
1,0.431604484105395
0,0.261217788412387
0,0.2621259954796253
1,0.8528588686222286
0,0.30524656338812023
0,0.1553789985799089
1,0.8600361376579525
1,0.9410475715245615
1,0.8466086194735042
0,0.17344599027900084
0,0.16851485449847156
1,0.6035830002504408
1,0.4224430603458733
0,0.407624768807262
1,0.7063884208775885
1,0.84284407321377
0,0.2407048012555354
1,0.7085812635736464
0,0.21355219080052668
0,0.061547280424375246
0,0.04264986169341704
0,0.035291648619109696
0,0.033857160693261654
0,0.23973782515489264
0,0.09436378165170452
0,0.21977632581942427
1,0.6792992930955699
0,0.08853610217493436
0,0.05729823932285339
0,0.0675774181296671
1,0.5750372751501804
0,0.021520661843928434
1,0.7922453622393472
1,0.48243265413787983
1,0.2999113281326893
1,0.858600599052226
0,0.16260215086525237
0,0.3480383589804821
0,0.22155265752256004
1,0.8671794208419222
0,0.27044719738421874
1,0.6982473646202187
0,0.45713836722704104
0,0.48301200359821306
1,0.9877187535534592
0,0.37860726377494247
1,0.16444870497880074
0,0.13372426964334613
1,0.4625062789227858
1,0.8564864331267174
0,0.04777296706625613
1,0.8626852582080067
1,0.5926583395033649
0,0.5033201073446844
0,0.5761909809092782
0,0.11369350096591155
0,0.07507087292905355
0,0.07677544678060216
1,0.7412709735519935
0,0.2555317573546693
1,0.8867218491501155
0,0.3141763117898642
0,0.06960650657849053
1,0.28757201289111634
1,0.9268383721662437
1,0.8114156741006111
1,0.6476708172489063
1,0.6632750473149365
1,0.7885236247084545
1,0.6780792617414277
1,0.9315856911076816
1,0.9501320164127363
1,0.9534910654212138
0,0.06265833149592835
0,0.024004143145992158
0,0.22287209989047327
0,0.08523298887568241
0,0.3291311810118615
1,0.8929003670580854
1,0.8381994431764739
1,0.738958369276792
0,0.2925098498705556
0,0.12030171852295553
0,0.18539999815445296
0,0.2629968255740818
1,0.9718664230280651
1,0.9724986512320506
0,0.22848343090439868
0,0.22068552565548083
0,0.0733789087191913
0,0.11636251258198907
0,0.06502495386234515
1,0.09085600159046966
0,0.03958705329038634
1,0.6085503079426074
0,0.21196532654737701
1,0.6412953515462028
1,0.24319812295384174
0,0.5834063131474311
1,0.782037527699237
1,0.9522964281026687
1,0.9260032305266871
1,0.9077901491453975
1,0.9570969763896352
1,0.5669338892365731
1,0.44973842251966184
1,0.9273461170181305
1,0.36259473021151595
0,0.2841348995078963
0,0.12549282043442544
0,0.14145474709445766
0,0.10398529061168159
0,0.10556211678626547
0,0.1154514188035977
1,0.867508281810047
1,0.8780839051595252
1,0.08899535798461546
0,0.0948921551038723
0,0.11255683773191118
0,0.10745765217414863
0,0.0880361254930982
0,0.089759384897316
0,0.18735308765583367
1,0.8396245342320163
1,0.437372110608272
1,0.8897911127846896
0,0.3346705426557369
0,0.3640394581972711
0,0.33699945511785995
0,0.29419462422740356
1,0.5311277506424797
1,0.47069669770817135
0,0.19923116516251516
0,0.1372292190506087
0,0.13870533570732005
0,0.14380935118559632
0,0.1739299783385528
1,0.8527771269560463
1,0.8358721960634026
1,0.6816142949660624
0,0.2192118893554169
0,0.06952837980457828
0,0.2370898793521503
0,0.1747204193024925
0,0.12561526708558235
1,0.9772237548280827
