y_true,y_prob
1,0.8788992661774611
0,0.19443816435152486
1,0.8552342364459702
0,0.17336438467695306
1,0.5894217248540662
1,0.9086557981022061
1,0.8007059097411784
0,0.17528973491552075
1,0.5936816577768049
1,0.7361948302037664
1,0.41460471293007684
1,0.7924163217323741
0,0.21409479581565227
0,0.47440695474134276
0,0.7257923323495845
0,0.2886106560042547
0,0.16096385635107735
0,0.05920249673118524
1,0.9931833436188001
1,0.9918231244954276
1,0.9561545001501094
1,0.8534336280820497
1,0.9785441602722168
1,0.9770996143793662
1,0.8534336280820497
0,0.687362984432336
1,0.9762031435911962
1,0.687362984432336
1,0.687362984432336
1,0.8646607485879126
1,0.8206272779531799
1,0.7171953676686037
1,0.7353325553280765
1,0.18651972388357804
1,0.5741657788141877
1,0.9592952972732133
0,0.35925275109195276
0,0.31240103058340235
0,0.6227052178627457
1,0.3928509437278459
0,0.42894360867415876
0,0.31053254220090065
1,0.9134540188445273
1,0.868476689018069
1,0.8956505849092887
1,0.898855208527656
1,0.8905946257946737
1,0.8754438494779392
1,0.9033112661902946
0,0.012341327825243581
0,0.08600855437148587
1,0.9101974039208458
1,0.6450350317008684
1,0.5182299795373367
0,0.7209406388634699
0,0.13275636289019302
0,0.17617299638929979
1,0.9724702395230297
1,0.9489451857862791
1,0.7291692458460834
1,0.6350257181542369
1,0.9454871114829307
0,0.08678244461651127
1,0.501254175527189
1,0.9326740697194366
1,0.5118456226864696
1,0.757445182514047
0,0.3109713705634714
0,0.5161119673596714
1,0.8993971258167204
0,0.29492083514585105
0,0.09353794542624158
0,0.09975699325940944
0,0.27446491469855405
1,0.6993642551403553
1,0.8236808609954768
1,0.7152374601836039
0,0.1907381353090031
1,0.9978681227451034
0,0.3663380900781566
0,0.1584083077377099
1,0.9291476838336364
1,0.9597928131744634
1,0.963043644210684
1,0.9260998422597225
1,0.4922832786237124
0,0.15687884605618732
1,0.7653137200242447
0,0.09853615523121859
0,0.09853615523121859
0,0.2663385837469353
0,0.4893259441212861
0,0.19852934213558415
0,0.2475328095092311
0,0.15495582636999908
1,0.7166791358266272
0,0.145670515987495
0,0.17496839682357143
1,0.8269470259943567
0,0.06145138907479388
0,0.42385641097542903
1,0.4407285773128412
1,0.052736011235425866
0,0.08165602668620826
0,0.06316827931381729
0,0.052230166686973
0,0.12860958574711032
0,0.19146017227333226
0,0.16643480584202844
0,0.06281013334942978
0,0.3159990380698178
0,0.05254989029097911
0,0.20897653355218343
0,0.06604904164738688
0,0.3016174568887535
0,0.259303229297487
1,0.8455688749361957
0,0.3503193673880612
1,0.8845904395667568
0,0.1059102792138003
1,0.9638296264779581
0,0.10806124020914304
1,0.6922592270588146
1,0.9692062044673945
1,0.9445855156357451
0,0.254141080655488
1,0.6834647573226846
1,0.7347895205877797
0,0.07939416936468133
0,0.17362513353361808
0,0.18624194279539133
1,0.7266217566875193
0,0.35786533985992963
1,0.6298067988141437
0,0.06260036108214669
0,0.06260036108214669
0,0.11998685082811517
1,0.7419121996549766
0,0.05917703900255337
0,0.05050879540481236
1,0.9605126519887854
1,0.08702366762372056
0,0.00967215316904743
0,0.0190387113286103
0,0.02475238038773423
0,0.029980832337342868
0,0.01815175212493839
0,0.029000823080282005
0,0.018429053417240347
0,0.018429053417240347
0,0.010692777776476394
0,0.03133773306365961
0,0.029000823080282005
0,0.021930638269487778
0,0.0716306222254186
0,0.010626287377264754
0,0.018429053417240347
0,0.010692777776476394
0,0.010626287377264754
0,0.00810847318978624
0,0.01410698545868125
0,0.01410698545868125
0,0.02596902460734646
0,0.046529576367066366
0,0.01410698545868125
0,0.0716306222254186
0,0.01410698545868125
0,0.025132151223446243
0,0.02795966061805262
0,0.03598753560706043
0,0.08766545330642762
0,0.038729102610933035
0,0.03010875701678626
0,0.038729102610933035
1,0.9886139590592278
1,0.9892343265840062
1,0.4205304382883656
1,0.42980508743277634
1,0.7578830420248238
0,0.127916316047966
1,0.4689535522606607
1,0.9248592007993407
1,0.8053524890526792
1,0.6711888382426345
0,0.7088509954864929
1,0.7414352883836834
0,0.6167352671385409
0,0.5051443433355258
0,0.31550691445834234
0,0.26875368818299555
1,0.9546200082645621
0,0.32710421431452624
0,0.17377302105139045
0,0.20611980516433434
0,0.17169026035572718
1,0.32456080525099235
0,0.3586090588262522
0,0.2598956369695211
1,0.32778813873664825
0,0.20641357929707968
0,0.38595711091683976
0,0.16069560570398214
1,0.750952660178588
1,0.8302711475967749
1,0.8119060096052784
1,0.9137926286276636
0,0.2859553520326138
0,0.2636473865276569
0,0.12727086072059865
0,0.035277991233916076
0,0.11450192059727109
1,0.8637198299553352
1,0.7756103058972333
1,0.8993402540809512
1,0.8372432069825136
1,0.45872361092329944
1,0.8981456068155843
0,0.18610010934533866
0,0.0893220487485762
0,0.19422147280824834
0,0.14691252930391024
0,0.16308672855035716
0,0.16308672855035716
0,0.0974717711825439
0,0.0905704459991211
0,0.026916696358379042
0,0.0723449688358118
1,0.7606281047875433
0,0.14618433635652558
0,0.16883968053188153
0,0.11077104902761906
1,0.9707641578905823
1,0.3802258504121834
0,0.2848412789800944
0,0.2848412789800944
1,0.8439216817434148
1,0.5362551267324523
1,0.7966083182887164
0,0.21142749477217174
0,0.14071618776781436
1,0.7686735608491599
0,0.2277236408171127
0,0.2641862335728541
0,0.2928281420470679
0,0.38414909866979424
0,0.16805483338647095
1,0.7198223692237812
1,0.9237014895555181
1,0.894081547624951
1,0.7270638486849982
0,0.3951597739500975
1,0.49539014134795245
0,0.3274110888737957
0,0.3274110888737957
1,0.6962055499007148
1,0.6962055499007148
0,0.23998385979340506
0,0.16500039802374605
1,0.6818651341910327
1,0.6818651341910327
0,0.49791773767428993
0,0.3567009896528643
0,0.3603238075870187
1,0.9640364863307803
1,0.9712830457595962
1,0.9742142741667272
1,0.9763708690935281
1,0.9841637908732133
1,0.9829935869637569
1,0.9894209467646452
1,0.9796971899638802
1,0.9772958095259537
1,0.9829935869637569
1,0.9706820390073908
1,0.5575441825469669
0,0.2279898808054629
0,0.17526165437288893
1,0.7526354097550452
0,0.15722752160706477
0,0.1936993548586906
1,0.732495850400056
1,0.5726574134685394
0,0.4720544679236514
1,0.36095527605488265
1,0.15311014606632192
0,0.1801949528200195
0,0.38631961377996027
0,0.2117850030908139
1,0.22102388801012307
0,0.06228117166134393
0,0.1712029451546261
1,0.31198836586796636
0,0.19513827652872742
1,0.986914400480614
0,0.1742682328957713
0,0.16057699902820224
0,0.33305007319734775
0,0.19935561135224605
1,0.509750956956773
1,0.319075836404771
0,0.5548156655889465
0,0.06166236627981075
0,0.08126305448240605
0,0.04736154027217656
0,0.07184159290311552
0,0.07184159290311552
0,0.0596858440930379
0,0.1646689913778957
0,0.14330837039843664
1,0.757843709046532
0,0.2736180089563276
1,0.92678414387265
0,0.2802082377648257
1,0.8270119870815271
1,0.7418807773812824
0,0.201320482917617
1,0.765494742923468
1,0.34971292316612135
0,0.35200908375278755
0,0.4386616945422967
1,0.26205416360564926
0,0.41002497524546044
1,0.7328871989595581
0,0.13600375407421653
1,0.6282001151397498
0,0.27480540870248826
1,0.39915838845912566
1,0.8111046378166747
0,0.09052843715382355
0,0.10622862888334403
0,0.24243905718324604
0,0.2186851947792243
0,0.1268472384021729
0,0.37186284340234954
1,0.9162640101843644
1,0.7949031119654906
0,0.13476815781563564
1,0.9325876216932526
1,0.9231642982979164
1,0.9471100605596801
1,0.9280594141508166
1,0.9101659014196588
1,0.810711962696859
1,0.9469636932150001
1,0.9152081855220948
1,0.9032596355615126
0,0.33845018939550303
1,0.8057412569352238
1,0.8427850734598162
0,0.09666113281094539
1,0.9179106014562328
0,0.09412739368720986
1,0.6318452363767121
1,0.7226624734684023
0,0.014796381391970944
0,0.09094284881957758
0,0.09127203723579777
0,0.2899299745222
1,0.6084436808159708
1,0.8301208984991914
0,0.1946167578057767
1,0.987373073646713
0,0.052082274087786554
0,0.471188336739386
0,0.08449607149824204
1,0.7899585521641029
0,0.3061643818405553
0,0.12717273372740212
1,0.5176314231144927
1,0.9135810362736424
0,0.12336736919071833
0,0.15899439003421015
0,0.36868179514179095
0,0.160878944337028
0,0.1714108968950112
0,0.14771988346255627
1,0.6124953606917184
0,0.21828064157910623
1,0.21547242569020394
1,0.5487045140389908
0,0.49821163800013657
0,0.23751091247295675
1,0.8033667934837821
0,0.6881908471226771
0,0.5208177185993902
1,0.7031708581654607
0,0.7031708581654607
0,0.5615366672598906
1,0.5208177185993902
1,0.7031708581654607
1,0.5615366672598906
1,0.7031708581654607
0,0.5208177185993902
1,0.7031708581654607
0,0.6142555586630217
1,0.6142555586630217
0,0.6142555586630217
1,0.6015543304165868
1,0.6989517282632192
0,0.12519698848526678
1,0.9195982377371335
1,0.30309863185883706
0,0.40368169482083177
1,0.37077071505891945
1,0.9947028093934981
1,0.9971322727769187
1,0.9978419114449157
1,0.9966352071722203
1,0.9844862453529584
1,0.9981300521208746
1,0.996562886194482
1,0.9977896572655326
1,0.9976472982756182
1,0.9966571164348866
1,0.9951961217137092
1,0.9974215476824271
1,0.9971814130338202
1,0.9976472982756182
1,0.9977896572655326
1,0.9976472982756182
1,0.9976472982756182
1,0.9991109204564006
1,0.9976472982756182
1,0.9961820351449138
1,0.9976472982756182
1,0.742684028405216
0,0.4706570945554089
0,0.44747285311171037
1,0.48227002638679645
0,0.09247282903416489
0,0.11019143499888336
0,0.28139066222972187
0,0.21646369382548175
1,0.7844011581877542
1,0.7826588200950058
0,0.21694028470677426
0,0.18595937133072932
0,0.09142291071658798
0,0.10019148260499576
0,0.4306122445547566
1,0.6359419416997534
1,0.571128811530051
0,0.09906163156142274
1,0.8067930936778206
1,0.8067930936778206
1,0.8067930936778206
0,0.22461752960495013
1,0.9817244599145344
1,0.35851055762620365
1,0.5080388398646775
0,0.19437640898742795
0,0.33223957544914184
1,0.9538488232380465
0,0.27239059661206794
0,0.23068336330591363
1,0.839613357487772
0,0.22019849546117834
1,0.773780130584321
1,0.9425048040140246
0,0.04488802667502757
0,0.0598049590548093
0,0.17488554181166333
0,0.11558559969791454
0,0.0598049590548093
0,0.1209610069719781
0,0.17356872154022762
1,0.7648683115769146
1,0.2871108225613493
1,0.9525570046608922
0,0.0980972277319424
1,0.2550575119815871
0,0.2122163914109625
0,0.24995731388453507
0,0.200935381587359
0,0.18507799696895752
0,0.200935381587359
1,0.7009479730202843
0,0.19282207623858252
0,0.07270639516979124
0,0.07599791080712172
0,0.19798962340199394
1,0.28138390263886537
1,0.6386632872025058
1,0.6893399329511257
1,0.6720939305981339
1,0.8469362800525366
1,0.8514589418202305
1,0.6667895110480035
1,0.6364300061297674
1,0.8310594845652768
0,0.2817826863098712
1,0.5323964828269423
1,0.666880961487361
1,0.5861018150948434
1,0.8803943886197931
1,0.2995208994557867
1,0.6493825463447092
0,0.7936958347789741
1,0.8869256391994094
1,0.8869256391994094
1,0.8869256391994094
1,0.8803294355787723
0,0.02815173965075003
1,0.9400637715555658
1,0.9245488201477987
0,0.23414727384307613
0,0.10979860195720434
1,0.568001083146433
0,0.11670258442443432
1,0.6766512858196733
0,0.2631893463862162
1,0.9196185570919212
0,0.04455572440532125
1,0.8130183528557736
1,0.7798874631775052
1,0.7359184280014532
0,0.09826034499977936
0,0.2984327276859121
1,0.17262172642152449
1,0.6485724930893751
1,0.6454408458082523
0,0.18785413442482982
0,0.08328599858129622
1,0.9069585779573345
1,0.6800216351988733
0,0.06091980213098355
1,0.7382305312533152
1,0.6753915642506175
0,0.20499058539843007
1,0.30355717916606023
0,0.14462178695359973
1,0.30777702023691383
0,0.15858857029310178
1,0.720273919263256
1,0.8768391183325263
0,0.35070040515218515
1,0.6271614504244901
1,0.6262700013536253
1,0.30217070680426805
0,0.7847056953048936
1,0.7752458199044691
0,0.039570519050323
0,0.249742764847333
0,0.6013202098471373
1,0.6493868321475681
1,0.533374283422795
0,0.1763089812371482
1,0.601098497867209
0,0.14091467772039643
0,0.5286025267141612
1,0.545789354362712
0,0.4058915011182059
1,0.8971460012590716
0,0.19968324718225222
0,0.2576839294012816
0,0.2632600584683286
1,0.784336166504205
0,0.4511822675130503
0,0.47801376407449325
1,0.8608065775046595
0,0.04048469430970001
0,0.05884354726533399
0,0.20184294861660387
1,0.6625433473363223
1,0.5096858704213137
0,0.11183357081572187
0,0.2068537451413424
1,0.5750234193037671
1,0.327485359146027
1,0.962917607125229
1,0.9780198143522733
0,0.06741282759671066
1,0.4352903421494364
1,0.8679284038139594
0,0.14237626935870362
0,0.04297561218670928
0,0.06557981806946903
1,0.5652546351211296
0,0.625620974194621
0,0.08651817309631278
0,0.1477167051619052
0,0.026907056898796723
1,0.7681538491286689
1,0.7186984832309876
1,0.7186984832309876
0,0.20148382344984433
0,0.36777513683709245
0,0.418673428090182
0,0.08774644775243183
1,0.8821079932257967
0,0.054528069614148425
0,0.6043866736134456
0,0.16801803646997046
0,0.16801803646997046
1,0.7012412509194926
1,0.7144470610861192
1,0.8890084293603406
0,0.08394490103065168
1,0.9363052223917546
1,0.6742310421963763
1,0.7418972328129749
0,0.6232372010021769
0,0.34913362332362247
1,0.3254858855542485
0,0.21351345252813722
0,0.8303637112268007
0,0.14927233032629325
0,0.1469137496935034
0,0.22223304252146578
1,0.795069296520316
1,0.7962363561719346
0,0.2558551603081505
0,0.40333404291560226
0,0.18952312066052796
0,0.18432340953420798
0,0.3128896829392055
1,0.9023975640063779
1,0.9023975640063779
1,0.9168253316488761
1,0.9552037094478554
0,0.08942433172065181
1,0.6578752612470427
1,0.5643614450887863
1,0.2625903376903871
1,0.5387153170430278
1,0.6809545945026118
1,0.9666708090422981
1,0.8439785827679551
1,0.899182972123991
1,0.9820917057430306
1,0.9882871115233872
1,0.9788466867556205
1,0.9595284122291007
0,0.44004195010978964
1,0.8366577558031644
1,0.8366577558031644
0,0.06068622952945524
0,0.033767232736669046
1,0.4932709529184152
0,0.2667179705583509
0,0.2636026514116372
0,0.20259953576689874
0,0.09982975956425089
0,0.3159546992713781
0,0.11279215089248536
0,0.11894498492010305
0,0.3137838491174461
1,0.6758520510928293
0,0.13124127169176872
1,0.5200770392019527
1,0.7341646844518612
1,0.6361698470679286
1,0.3376293022195624
1,0.9875824044475012
1,0.576091321729019
1,0.27254652753155073
1,0.7207212749815076
1,0.7256252126845252
1,0.2458469737559494
1,0.22890602237121974
0,0.2178405972501659
0,0.6746906823116359
0,0.10825328758749063
1,0.5955591660440274
0,0.09704565543327806
0,0.07695966969443163
0,0.0685007249107157
1,0.9764232607538977
1,0.9992879064288068
0,0.11305573280098917
0,0.15859906517013128
1,0.7911414289589
1,0.5340823389165478
1,0.4175318659294429
1,0.1637471767266761
0,0.2058231411253762
1,0.37483588613128926
1,0.9231566021924233
1,0.49182886049927027
1,0.31137590701734585
1,0.6031512031017724
0,0.3490558792040644
0,0.28848516170975363
0,0.04660358712909268
0,0.10480128065863463
0,0.0460613386613673
0,0.04784251622465237
0,0.3160742952742453
1,0.49112876075895445
0,0.09980737947980405
0,0.2956793403745716
1,0.690376970521715
1,0.18368691243070792
0,0.2268470136254239
0,0.02294538036406494
0,0.08992989063886697
0,0.20811707223374018
0,0.028939980922755407
0,0.028939980922755407
0,0.15282846598205252
1,0.8749823397532864
0,0.24248614352822026
0,0.34538979129915565
0,0.26333847491700907
1,0.8694015228634611
0,0.07464067819216258
1,0.9109675069056312
1,0.5597300309890546
0,0.1522182778555992
1,0.8335418066212932
1,0.7447286123304995
1,0.5018090585095435
0,0.4014672217288045
1,0.6033096600451836
1,0.39895139025213533
0,0.345911304079166
0,0.23932182241198618
1,0.25281773011916314
0,0.3604826815244875
0,0.22524076838335508
0,0.2605944672971738
0,0.49394728360595375
0,0.42630445346718304
1,0.45361746282451554
1,0.5054878577792552
1,0.4285428230774711
1,0.4013135158500027
0,0.3055685038621785
0,0.3040590788599679
1,0.6106744181321581
0,0.15151567223516782
1,0.35524890819347904
1,0.7770272524552322
1,0.868303404996454
0,0.33423610174982504
0,0.027981223031604885
0,0.16510620252046304
0,0.21576194917272037
1,0.9037207159949576
1,0.8188236521116671
1,0.917508547822522
0,0.19022520666267828
1,0.6795546988162638
0,0.6783868736988629
1,0.9514296539174747
1,0.9514296539174747
0,0.1923044894056905
0,0.2774026845496858
1,0.9235158474139151
1,0.31512490977033925
0,0.27255063397196877
1,0.7240791550334972
1,0.9745407473795425
0,0.18812840432461467
0,0.1380811819564872
1,0.9083972100580147
1,0.8812591342948413
1,0.9067173024422539
1,0.8141612973505109
0,0.05726838174850619
1,0.7045437407892365
0,0.6191515470254926
1,0.7338236526388985
0,0.1094685823510767
0,0.11506847057162788
1,0.5614670274372064
1,0.7813476612117538
0,0.35978784454844104
1,0.9462201203799727
1,0.9541832647849872
1,0.9141197196888565
1,0.941780053246045
1,0.6968170764695172
1,0.7189402343534208
1,0.6747819829742491
1,0.715325830935169
1,0.8524527231423965
1,0.9155522505381635
1,0.8620560182257421
0,0.27927214705978315
1,0.9867251337564066
1,0.9713170120146001
1,0.9527509115033813
1,0.9960784029368202
1,0.9730487847201095
1,0.9896323845336151
1,0.9671061117463937
1,0.9904295303511561
1,0.9920142118458075
1,0.9660273710904145
1,0.9914053843062071
1,0.9919978701101999
1,0.9724242132809205
1,0.9724242132809205
0,0.07981053149137705
1,0.753562319667672
1,0.5195156936574656
0,0.1952856075559902
1,0.43018688578609965
1,0.48528829162993253
0,0.18907176947692872
0,0.3582110023692643
0,0.23687435145046945
0,0.04469277372688324
0,0.2530372496188696
0,0.691242412576691
1,0.9268052976371507
0,0.5574969937079469
0,0.3484024902098383
0,0.4155954167659089
0,0.06615365428364502
0,0.23912870018071272
1,0.9209516597905081
0,0.29845023141884947
1,0.6245039816678583
1,0.8858317797899287
1,0.8535517614919381
0,0.17165224200535126
1,0.2734714799165863
0,0.16041886884239442
0,0.11052131132020739
0,0.21872016659157678
0,0.15429148205887203
0,0.370259329249427
1,0.6412899437719511
1,0.5239012960230355
1,0.44267201470200107
1,0.6751534182823375
1,0.41240947413481965
1,0.6873599078932183
1,0.7692955442857157
0,0.43680561718225974
0,0.18766032666524415
0,0.2775742745058791
0,0.6877348850613839
0,0.42098473383651447
1,0.8638981481940022
0,0.19627743932143432
0,0.42174902652878427
0,0.2026784957914173
0,0.2033306622329684
1,0.9440529910464297
0,0.42605762584926665
0,0.6034957716926338
1,0.7884296418809866
0,0.17078299417010212
0,0.038414924501634515
1,0.8236128888298214
1,0.8157338961300675
1,0.7160508606989642
0,0.2648162481262168
0,0.34392628819046633
0,0.7167100244796206
1,0.6764256191908354
1,0.4064312187638685
1,0.9524321169320311
1,0.9828815287302084
0,0.3391164688975726
0,0.07104679681136482
0,0.2602030259219138
1,0.7477931274139646
1,0.21429165903356628
1,0.41272317134387326
0,0.25424132804964433
0,0.11708629288078577
0,0.03177806399473736
0,0.09450568814083736
0,0.1925585813851525
0,0.2636473865276569
1,0.65340888375851
1,0.783575656660539
1,0.9421357415065457
0,0.4415093551311034
1,0.43932859714705574
0,0.3146177354930457
0,0.16947464529477416
1,0.7461217885516943
1,0.8516478053460863
0,0.23172649009841018
1,0.6155381326415773
1,0.9475242240161327
1,0.5640311291848256
0,0.35759591486601533
1,0.8165181951391866
1,0.6784878462351046
1,0.7818240703783946
1,0.8260479583469883
0,0.39124039289496615
1,0.5735276429973876
0,0.15909693927560783
0,0.49131121966943186
0,0.19009881428105846
0,0.7873445735212103
0,0.37371715901949726
1,0.2793197970043189
0,0.5884857117483735
1,0.8517707870753051
1,0.5458035396623662
0,0.6058506899659426
0,0.2720800673826789
1,0.3924528016116887
1,0.1676657794854435
0,0.16475528637196996
0,0.14381645080127148
0,0.201810758713239
1,0.9761916115644287
0,0.7030984312014529
0,0.8055127802708908
1,0.3977983914624593
0,0.2010451289102308
0,0.3459860408302928
0,0.2641632481973155
0,0.05177743431527414
0,0.3592995949804341
1,0.7069520595615104
1,0.8405995532817216
1,0.9829938332355476
1,0.9179860736339105
0,0.16577770052550825
0,0.1907658222810431
0,0.1907658222810431
1,0.3644969334250559
1,0.24650932647684243
0,0.08852291972684032
0,0.09109877773594793
0,0.05485650501176955
0,0.0914867534856537
0,0.41255373705137105
0,0.3338964781516576
1,0.7115664066480526
0,0.04465121200669638
0,0.05578300479198508
1,0.5803183715731367
1,0.833176148513286
0,0.26475772579243195
1,0.32291171191144435
0,0.05364423629910185
1,0.5317707984002505
0,0.2222170266222941
0,0.35622152863095335
0,0.27928845187638396
0,0.16081172181381012
1,0.9266674745543426
1,0.9266674745543426
1,0.9266674745543426
0,0.12625644847117212
0,0.15949939142803427
1,0.9511155420788598
1,0.6581536056512266
0,0.36711058098173216
0,0.26500534789496166
0,0.06788989105965779
0,0.3046148454695985
0,0.7619322400616826
1,0.7457748831330403
1,0.6916194837854546
1,0.7297148958056794
1,0.7297148958056794
1,0.7619322400616826
1,0.6916194837854546
1,0.7711955104348532
1,0.7297148958056794
1,0.7382235926322138
1,0.7305985304000748
1,0.7619322400616826
0,0.3484164303068834
0,0.5476565375612643
1,0.7567171040929833
0,0.2628920106432961
0,0.5333458495258787
0,0.609887902200394
1,0.8960633876943326
1,0.6203241017901486
0,0.39266777443610673
1,0.5688804558949128
1,0.23959891549401582
0,0.22085519099963777
0,0.5101026071806604
0,0.38406666319100186
0,0.38357263823714816
1,0.7105859009208991
1,0.6931348170207268
0,0.6169079527371563
1,0.6879878022649429
0,0.12693905680343578
1,0.6307431478177514
0,0.3198645790495616
0,0.6311882423292449
1,0.7770525439985067
0,0.3726568189844327
1,0.8334393672925994
0,0.033241937436269624
0,0.05061611870256057
0,0.24118935336180652
0,0.5762012418838459
0,0.8088537492032404
1,0.6996353502528223
1,0.8716807600203431
1,0.8706780997298355
0,0.11195469557231992
1,0.944048849034939
1,0.22673260264621187
1,0.3229739798729249
0,0.24902821107721773
0,0.20974516911208194
0,0.1668133756702822
0,0.13652116196961378
1,0.7681538491286689
1,0.27866963520408344
1,0.7804404230002799
0,0.4161996790333088
0,0.285778279923774
1,0.48595182596193576
1,0.8380977622070043
1,0.7102481179694101
1,0.7852085473850919
1,0.7852085473850919
1,0.7523748836895844
1,0.8287697168945861
0,0.3288980958432246
0,0.27653406391418334
0,0.37928196399638225
1,0.9434207334323268
0,0.0761035963845402
0,0.033402525811672724
1,0.9449045252143119
1,0.807707585724621
1,0.13256176139099352
1,0.8111995715811995
0,0.8208362018008555
0,0.12050126726410794
0,0.14238370350242321
0,0.4190961289422473
1,0.7407386843580689
1,0.7658003580962761
0,0.4746557395651109
0,0.44865525590046607
0,0.24800266849607278
0,0.3414616549097491
0,0.24158272891729407
0,0.20992940750005817
1,0.8625034445210421
1,0.7954483035665861
1,0.8625034445210421
1,0.8625034445210421
1,0.8167691513907173
1,0.33481170024893586
1,0.7681962649819908
1,0.4717691996731551
0,0.24338442322392514
0,0.1481084305804202
1,0.8899282995035521
0,0.44280045517594885
1,0.7466166270528336
0,0.04291261878022426
0,0.16218194041172343
0,0.1502059455382929
0,0.13943059472101155
1,0.8454742352249541
0,0.19077318966797266
1,0.997220565782908
0,0.12606981676754606
1,0.92005750273321
1,0.8963840820630739
0,0.6115808624877409
0,0.1786341643623963
0,0.21510833886857658
1,0.6830247398518456
1,0.5319121844540183
0,0.13254193000023287
0,0.04966124886044358
1,0.8070260742284614
1,0.7183688595762514
0,0.23263457840684643
0,0.17098719687077893
0,0.23523114236429035
0,0.3628075077618658
0,0.5494624485969518
1,0.7960584254301696
1,0.7080440964479666
1,0.9148779539200095
1,0.962798182471014
1,0.9832579180263826
1,0.9916258851243667
0,0.17080509621812992
0,0.23541754054025554
0,0.16439821520472783
0,0.23541754054025554
1,0.9817967521074689
0,0.07628968410709233
0,0.29423937117910764
0,0.33136929171874535
1,0.5364502212951208
0,0.2093594642730193
0,0.11574826059811344
0,0.0649768559529802
0,0.0794442240775671
0,0.07898716008522404
1,0.5376300190938708
0,0.46090273069118537
0,0.1296904030309603
0,0.442609152410137
1,0.5409855365696794
1,0.3154857537959445
0,0.23124532446034665
1,0.48441976910749357
1,0.7582205375488316
0,0.5389853068907157
0,0.0775854801087083
0,0.13511960365989067
1,0.5259826787698071
0,0.23599065658794788
1,0.45874972257918945
0,0.5675942683542456
1,0.9886290651779469
1,0.9878131006584407
1,0.9851454929243613
1,0.9909651365656098
1,0.9758218485260827
1,0.9957700146825628
1,0.9880595790186515
1,0.9909651365656098
1,0.9808403369113443
1,0.9937922843824606
1,0.9833665348655174
1,0.9897672381654863
1,0.9915198550926404
1,0.9897672381654863
1,0.9928440412314874
1,0.9878131006584407
1,0.9860094597885909
1,0.9833665348655174
1,0.9910344020652146
0,0.08168776031739769
1,0.2521056012720531
0,0.3538533239923064
0,0.19469618624385296
0,0.3059646494369232
1,0.8875252854785458
1,0.3339001102398746
0,0.1591451830011928
1,0.7222485210986921
0,0.08536750576274774
0,0.22897804375510333
1,0.9854071276339731
1,0.9742348995601434
0,0.04393641270934429
0,0.4091237297733533
0,0.1345756389054098
1,0.7144779046489927
1,0.7405895966439844
1,0.7405895966439844
1,0.824544813702999
0,0.41854664680855125
0,0.05999925474925266
0,0.25599182703281576
0,0.5600761789683708
0,0.3039561736615901
0,0.18532419978130973
0,0.14065191387727058
0,0.2767880511253016
0,0.30300077942516823
1,0.9215993196652891
1,0.9331166980496126
1,0.8871732017988014
0,0.34212695387899034
0,0.4630256198065246
1,0.7279394794762153
1,0.8600732001772342
1,0.8600732001772342
1,0.8600732001772342
1,0.8708109142552046
1,0.8481343639696147
1,0.8481343639696147
1,0.8481343639696147
1,0.8130672471330161
1,0.8130672471330161
1,0.8502547272615725
1,0.8502547272615725
1,0.8502547272615725
1,0.7170107517984878
1,0.7170107517984878
1,0.5076050855981585
1,0.5076050855981585
1,0.4787050631170175
0,0.6364850428548303
0,0.39474196658653465
0,0.13611133179253146
1,0.6030438027611597
0,0.3871951793101982
1,0.8204757448516486
0,0.14771427988787364
0,0.28029901695191295
0,0.13424222383359447
0,0.3416293690506822
0,0.12700688289321907
0,0.051244114498691956
0,0.035374599531948
0,0.039819168573759806
1,0.7530543107236138
1,0.5960997872902564
1,0.16332225795629324
0,0.2277785879800211
0,0.12452185331641703
0,0.17132490747054388
0,0.20425131305711322
0,0.16658726933860135
0,0.01855841110175745
0,0.01855841110175745
0,0.3438380748116888
0,0.595904576535262
0,0.42077359777351414
0,0.42077359777351414
0,0.34723425973811745
0,0.14308007831012062
0,0.6269418247600149
0,0.21962080026049904
0,0.22895135563569288
1,0.5034312588215608
1,0.8942826173275845
1,0.9242000090056206
0,0.2737151308029147
1,0.7223612493626058
0,0.134006648354259
0,0.4495398984868972
0,0.23469102153729393
0,0.17047441310934955
0,0.15807031524512388
1,0.8643688139038582
1,0.7715538917250848
0,0.03376634428377585
1,0.9969674235002782
0,0.21535834153527506
0,0.49945448743946186
0,0.17248877063527285
0,0.14236749281657057
0,0.2243484638836327
0,0.13911859934847806
1,0.3063836297677487
1,0.4264666176074823
1,0.8200527729051487
0,0.29330799000220503
1,0.9812729566913843
0,0.594224949254073
0,0.15764232737115552
0,0.08567033615478611
1,0.6308522228006561
1,0.9992259579619373
1,0.940283718873261
1,0.676740329547795
0,0.38201391749926505
0,0.11532491920647463
1,0.407335598593834
0,0.2519064207442866
1,0.8853933804831476
1,0.8923360451601117
1,0.9083065209540261
0,0.42912523133488895
0,0.45519008188797955
0,0.17942697658593532
1,0.8254338186140847
0,0.19896895049649735
1,0.914897857421519
0,0.2691448335323472
0,0.47433459531917016
1,0.9570081024930349
0,0.023984432534992453
0,0.029446648095888837
0,0.7741998691559485
1,0.4954416089929749
0,0.5793846291022697
0,0.4266318662837124
0,0.3536097344222566
0,0.30579040276537794
1,0.5366504870941872
0,0.17685400546473962
1,0.6819154703693887
0,0.447146825180017
0,0.18119299129300998
1,0.42614947703246964
1,0.9161655439572618
1,0.5600840517010356
0,0.07156371611062474
1,0.25330658193360805
1,0.8734551867435131
0,0.34764575183849244
0,0.24780000171375707
0,0.4293968195779035
0,0.04488270560264359
0,0.18363059787191852
0,0.28185139378160984
0,0.3369795842319332
1,0.7008752455368377
1,0.50924919965771
1,0.515300845818335
0,0.04763922452755989
1,0.30924207496239253
1,0.4140364410352767
1,0.4975719091394191
1,0.901033175847187
0,0.25652946403529875
1,0.3976232149609057
0,0.23064793348693213
1,0.34575428144358816
1,0.9208039201665615
1,0.5964743064779312
0,0.28461432424438654
0,0.3585067843525151
1,0.9184842625937706
1,0.6412114096260856
0,0.014538459936322785
0,0.4160474278400937
1,0.9489124343394165
1,0.34339410463713316
0,0.17848154577942393
1,0.9638592811655401
1,0.3406457901380825
0,0.21339673471076337
1,0.2263104112275913
1,0.8025263185136621
0,0.5004176934561736
1,0.8978641970053998
1,0.621235186400936
1,0.6158369523757193
0,0.33863159173715046
1,0.2843630783647146
0,0.1489710143827538
0,0.16246341913603787
1,0.9827681664520461
1,0.9214108742790319
0,0.050569464465192976
0,0.6868411180442281
0,0.6140660815021354
1,0.24426006501622527
1,0.8844960438834195
1,0.9149238145733243
1,0.9149238145733243
1,0.881171040499854
1,0.9149238145733243
0,0.5829184779631348
0,0.25648616359793086
1,0.8739465947562977
0,0.3335380032857232
0,0.20038665184592414
1,0.22117597043298703
0,0.11294522404220735
0,0.06867140348286686
0,0.10256714737567725
0,0.2702377765512841
0,0.07156382909193976
1,0.6610213069797228
0,0.3206897943103371
0,0.3965657336904384
0,0.3799999835805662
0,0.6510143234456316
0,0.2867199985060384
0,0.3213899224318424
1,0.5997671760589796
0,0.38647084027030604
0,0.5972436840062592
1,0.3089251257366004
0,0.04078083679169538
0,0.05565893879652016
0,0.11501459710500585
0,0.03385833049953082
0,0.03680133818856223
0,0.14927233032629325
1,0.7292658754013929
0,0.25522605739515924
0,0.34509616778183916
0,0.34509616778183916
0,0.1737510062513027
0,0.7737398133968639
0,0.2779814855566363
1,0.7672415440823228
0,0.169747640480317
1,0.9103697140753503
0,0.5496931513175631
1,0.5524419450440606
1,0.8996035314482393
1,0.8868997101933205
0,0.05491911693154332
0,0.09250634128004745
0,0.07480869079079029
1,0.9827705114014815
1,0.9756932340752182
0,0.411773770032399
0,0.23943940286438142
0,0.18521853719706052
1,0.8961922806820681
0,0.32933743708140784
0,0.06525936540649947
1,0.8256319170560216
1,0.7808178685600646
1,0.993886151313969
1,0.9970280547137306
1,0.9967711363170776
1,0.9979589690569511
1,0.9979058628664904
1,0.9920066183984715
1,0.9974407388677835
1,0.9945127091837203
1,0.996100527504124
1,0.9970280547137306
1,0.9929354652910526
0,0.09567382877316123
0,0.2704684420249379
1,0.6837620596872294
0,0.6484774682564053
1,0.8673278487415836
1,0.4994238268954526
1,0.46172670909802505
0,0.7653252939917816
0,0.07392204746241846
0,0.1137196272101604
1,0.8593396624994734
1,0.6978367024371668
1,0.8214221069966037
0,0.07526172812621239
0,0.163182092282907
0,0.23993548947441143
1,0.9520004095070106
1,0.8896823650428712
0,0.09036221495658102
0,0.14003953937551974
0,0.12242645322780012
0,0.08600129937198558
1,0.37730353159368113
1,0.7602456293368105
1,0.7864214746629121
0,0.14066281133664302
0,0.5194695151687073
0,0.16740505271138112
0,0.1569545418069025
0,0.13702338612515244
1,0.7639647417212238
0,0.08328536325013533
0,0.22939731410067246
1,0.9149695310485118
1,0.9403456783766811
1,0.4772488789116941
1,0.7510988586905796
0,0.6942644470670659
0,0.12465322497651456
1,0.7233888630926792
0,0.32402724111668246
0,0.5022523729178897
0,0.24110815236327135
0,0.32402724111668246
1,0.8984956974166006
1,0.921016022926839
1,0.8922629924549375
1,0.921016022926839
1,0.8566406350036292
1,0.9631089429900914
1,0.9469556497870537
0,0.39646495436103746
0,0.5405537780098304
0,0.759098921650708
1,0.7209864384488168
1,0.8903775701532338
1,0.645454408876371
0,0.19477719117928843
1,0.5297115365032017
0,0.4296983806417426
0,0.021682496653401252
0,0.013143793940165903
0,0.19467358346024646
0,0.2322024576373568
0,0.26190119531733047
1,0.9597536275717271
0,0.11467618980334157
0,0.29015899130078
0,0.3564119474819891
0,0.05300049027673154
1,0.7915846537939835
1,0.7274269620950391
1,0.5733599587360878
1,0.603714576676209
1,0.5616861491215437
1,0.7274269620950391
1,0.48635389404543755
0,0.06974864064757243
1,0.41128891496685677
1,0.7863407934050103
1,0.6574726487623802
1,0.6005751145956959
1,0.8629600601364539
1,0.8629600601364539
1,0.7776178067911504
1,0.8288735193501672
0,0.09680606411835185
0,0.07459894657394012
0,0.31795535703431776
0,0.24955150599461534
0,0.29766420909326224
0,0.27922404921821986
0,0.4851823445579898
1,0.5112790878400989
0,0.20676848496709915
1,0.6408432514165987
0,0.26492813853330316
1,0.5606210162044135
1,0.5139129110132074
0,0.29398262368440214
0,0.3986251008465273
0,0.14249037044800256
0,0.17921491641140108
1,0.6368977134623037
1,0.48014500824687995
0,0.11433545332278568
1,0.9969529825869973
1,0.9969529825869973
1,0.6095504237243056
1,0.5512685828603349
1,0.9812792915552089
1,0.8827367587084184
1,0.8993446253036599
1,0.8601206823172406
0,0.3721213370787398
1,0.15713382580470087
0,0.10138576809451347
0,0.13199899092168704
0,0.17671327050770472
0,0.05319557072035819
0,0.060445231226087665
1,0.7213547362343888
1,0.9799664715153331
1,0.9439816324535883
1,0.9112612559835115
1,0.9931994166211683
1,0.9439816324535883
1,0.7257897866196721
1,0.9120661965480868
1,0.9730576232910542
1,0.3284280452958776
1,0.914897857421519
0,0.18790333617995342
0,0.31569703330629123
0,0.31622346468583645
0,0.37866540487036915
0,0.29690750957898526
1,0.6870844774343012
0,0.12115272203696197
0,0.12924461891743144
1,0.846548275704919
1,0.9601492429829148
1,0.9076238919317527
1,0.9778309316060897
1,0.9636491447353865
1,0.8933852060129349
1,0.9378852059173219
1,0.9917355742278666
1,0.8847014537353332
1,0.9411947364315636
0,0.5303747549128975
1,0.9892422648099418
1,0.5046475226148356
1,0.5303747549128975
1,0.5541132213018848
1,0.4542298170312419
1,0.8305373341745247
1,0.6343642198134183
0,0.4085398346182714
1,0.8040917879612425
1,0.6125138095869102
0,0.6125138095869102
1,0.550416271202302
0,0.2838944182056409
0,0.4363035033036822
0,0.46412303041317626
0,0.4363035033036822
1,0.66928472506223
0,0.2144965399646079
1,0.760300481630029
0,0.2290603631230962
0,0.3801905406428584
0,0.10768112345650861
1,0.45272156869950936
1,0.9914174147169454
0,0.12686347503319048
0,0.09378382946525368
0,0.07090909134683664
1,0.26991411744345467
1,0.33476947418053105
1,0.8966054674799803
1,0.8638461688496086
0,0.08449749391262946
0,0.32858028408073925
0,0.4251117281750844
0,0.2697811576254653
0,0.5323985251806054
1,0.17458844137249718
1,0.1645477058675786
1,0.5451698752604929
0,0.2389193223665427
1,0.42745666369428076
1,0.4388188720770085
1,0.8617050471334375
1,0.9718421019251764
1,0.9718421019251764
0,0.10216276448639308
0,0.15690957258981378
0,0.40820684404430535
1,0.4719805201659491
0,0.4409034138770292
1,0.6855412686112148
1,0.6855412686112148
0,0.2035549637166429
1,0.8120324144521763
0,0.42077359777351414
1,0.8453726553330584
1,0.7604973052421989
0,0.10473009332004309
0,0.1460693317737345
1,0.37026763000649654
0,0.17856351104784582
0,0.051342268610866854
1,0.5362846612158634
1,0.8918267814818607
1,0.8477398356428191
0,0.10578440158464553
1,0.9932619607739795
0,0.37076882508588827
1,0.9271432931212915
0,0.16688568557492087
1,0.3847189104889012
1,0.7829384778136748
1,0.4960530801169997
0,0.35680534763874394
0,0.31538944174014805
0,0.1709700632230588
0,0.275465285848825
0,0.08741113216300898
1,0.7441589609668637
1,0.7614610400414132
1,0.7441589609668637
0,0.1564588723684528
0,0.10792707805134927
0,0.3022092884068863
0,0.0785525467683205
1,0.8573636713695229
0,0.24979122217770391
1,0.9421338597804574
1,0.6292835260935263
1,0.5765088010942988
0,0.46226145999419527
1,0.2301610809942986
1,0.21998954348666933
0,0.17113581477458598
0,0.24285325262927973
0,0.274695339738145
1,0.9550238088228866
1,0.9550238088228866
0,0.14688571474127235
1,0.9709096092332445
0,0.20829197084580325
0,0.10066071108178161
1,0.9309307892630789
1,0.8627696056752007
0,0.5652378341771599
1,0.9677917875522467
1,0.9677917875522467
1,0.9470721525904596
0,0.13131013015336998
0,0.23410655625485025
1,0.9352453750736659
0,0.19184394302800858
0,0.0720528520345798
0,0.06604425776897899
0,0.15068701313169566
1,0.9818760992379542
0,0.7224839276611917
0,0.06175141876795067
0,0.0935428919231683
0,0.23022409822598955
0,0.2893705479059534
1,0.682579257789683
1,0.8025842143738819
1,0.838779108589673
1,0.8421842490816681
0,0.12534094088805153
0,0.37471821308063996
0,0.28924090056653096
0,0.37356157484241687
0,0.1489022974011049
0,0.2975347514573862
0,0.03768329140893697
0,0.4547973868841662
0,0.10323293615939205
0,0.21564373512928753
1,0.8571058578306168
1,0.8713177745890334
1,0.8816159566489624
0,0.45913525279684003
0,0.5761553210563769
0,0.53036878520543
0,0.4762766916350252
0,0.2208745848041849
1,0.6364703551924509
1,0.574999178771069
1,0.5480754110575937
1,0.7639109876118731
0,0.6144978933043893
1,0.8998175392687903
1,0.9260346028084864
1,0.8855334560843469
1,0.9302559696198848
1,0.796016949422466
1,0.7931295359405481
1,0.9554034809044388
1,0.6006916196460327
1,0.893624456529597
1,0.7172249199794775
1,0.937580122819944
0,0.8380235889355556
0,0.42258897434918435
1,0.5966462172892902
0,0.42014813884024427
0,0.021613185514213224
0,0.023053368956542756
0,0.20158084175593616
0,0.1638536069294422
0,0.2275298209502758
1,0.9280989731806158
0,0.030678733142218844
1,0.2845237204717111
0,0.1737469123867534
0,0.20307446329522855
1,0.8565733125938827
0,0.7545997147464827
1,0.926336124829948
0,0.10861019866064338
1,0.468260191432262
1,0.9977855512113599
1,0.7964832509705555
0,0.10484072820862143
1,0.7354667839536162
1,0.6806638116668112
1,0.41379684648012677
1,0.7495995895438727
0,0.33105049074178605
0,0.21618825744085857
0,0.5444362951984083
1,0.5320651155616817
1,0.8160528012903915
0,0.0439713371406158
0,0.03492225442306604
1,0.41123233772742435
0,0.23352435782677242
0,0.39329459266205463
0,0.27068336613278876
1,0.9280078902118215
1,0.7276899510394014
1,0.6853912270886584
1,0.7791756080122102
1,0.9056704292339658
0,0.05285317994289366
0,0.3624259145739716
0,0.3653287851645637
0,0.24316402073435878
0,0.28412295489903466
1,0.8060258358628756
0,0.5399333219687077
0,0.1462934870381881
1,0.819921273051922
0,0.21560334514178117
0,0.21560334514178117
0,0.1760061577670221
0,0.4786258425148868
1,0.360864019322111
0,0.4436903907053573
0,0.5495295076458669
0,0.1538169005065362
1,0.5101513386240386
1,0.7819590640085557
1,0.8715380209936514
0,0.32968760895544746
1,0.3286619585408983
0,0.36735446603746413
0,0.36002537893810105
0,0.07279906845632225
1,0.49674842954929616
0,0.38474670513266807
0,0.20467008233357475
0,0.11768423709165551
0,0.10518680434199142
1,0.16238717969651173
0,0.12333177321442886
0,0.10539437986779748
0,0.16238717969651173
0,0.12333177321442886
0,0.20010336470154522
0,0.20812335242687124
0,0.20063635600992838
1,0.6007373235574373
1,0.6435423457520008
1,0.8963076912563159
1,0.8136705880227472
1,0.7922528266403708
1,0.8261484375979306
1,0.8099909703956392
0,0.3136768946363186
1,0.7890243326663376
1,0.8435296559914527
0,0.12115823497612739
0,0.10496143629335118
0,0.17750524227653283
1,0.9412423046314163
1,0.9809757141137246
0,0.10730512503903111
0,0.22555215243015872
1,0.8095138210379624
0,0.42346091364894134
1,0.7247050241683044
0,0.5659914746273347
0,0.593028488679157
0,0.4896014857541898
0,0.4949225031949121
1,0.8684204291262646
0,0.1678373412254782
0,0.23414538072782407
1,0.6881620861740795
1,0.5249203582555104
1,0.3752264875681495
0,0.6263657822427
0,0.14206324685075675
0,0.025232082862695022
0,0.23673025231557632
0,0.01759086072979438
0,0.01759086072979438
1,0.1525404108570898
0,0.15088267773518774
0,0.16215421799956894
0,0.1723542283903102
0,0.14682782516055376
0,0.2986936979470024
0,0.3396513611243177
0,0.41457641737083895
1,0.7120062721107598
0,0.49488683939904543
1,0.3811572006720631
1,0.4948394858806106
0,0.4115642836275246
0,0.50833159391321
0,0.2685138807509572
1,0.7794726066763495
0,0.022138470468407064
1,0.773417966428797
0,0.048263037678944194
0,0.11927906923814767
1,0.5663590766308264
1,0.9481094150527456
0,0.46302020544972317
0,0.14770268502400646
0,0.10557830172252879
0,0.10557830172252879
0,0.4365011889379345
1,0.6701203241876121
1,0.5235848129830729
1,0.6848259431529801
1,0.6848259431529801
1,0.7856537731327043
1,0.13554384051689322
0,0.5803350211886356
1,0.8868893012233048
1,0.752277596678193
0,0.5900829977070003
0,0.71892705409693
0,0.5156193580806148
1,0.6422948959188743
0,0.020519440977242183
0,0.3390340293042421
0,0.2781829653339312
0,0.12957883675658127
0,0.06863656461168377
0,0.5399497684230781
0,0.3475719460806873
0,0.5777982306265741
0,0.4939029618386298
0,0.3476163769722776
0,0.25480138906786776
0,0.16408277671614707
0,0.3146632238813212
0,0.36430551249210524
0,0.3666775366628164
0,0.2624962609540692
1,0.7034403801878473
1,0.7876620461444489
1,0.3104365768900015
0,0.1513029278624416
0,0.1181441849844752
0,0.1343647991904735
1,0.6845149170297957
1,0.8503846333289136
0,0.28742595276445776
0,0.16405666347322692
0,0.288760952355746
0,0.4109706518761647
1,0.9546591498165162
0,0.20536877641998008
0,0.1235643566441941
1,0.6676954840256832
1,0.6725565727491791
1,0.42910505427628065
1,0.6207014657573888
0,0.24853115416387206
0,0.2196127334275439
1,0.6761975330086639
1,0.8572398664851824
1,0.31479656772263587
1,0.3046923619806522
1,0.7202110238639483
0,0.14323428509799896
0,0.24469033456910314
1,0.9102770182334118
1,0.5093552507038788
0,0.2799311073387478
1,0.7420293626770954
1,0.878313371838925
0,0.1425547262846714
1,0.9809402338258932
0,0.31285098520956806
1,0.3936195011153373
0,0.08893527271016499
0,0.12690277623210755
1,0.6275500159273525
0,0.30909085042791185
0,0.19902907514971233
0,0.12571167097070113
1,0.7853414161663681
1,0.6021878594245316
0,0.22064646355555917
0,0.1999110269770196
1,0.9442055908385953
0,0.24399206830916254
1,0.9576624494581528
1,0.9481902526234453
0,0.03413828577565258
0,0.12261600726726796
1,0.9886578351338805
1,0.9508376502183644
0,0.11438187778833576
1,0.6583140383931119
0,0.06840460230492723
1,0.7756145194815077
1,0.8468131514964667
0,0.03831240390747707
1,0.9716834058924058
1,0.7207406603467069
1,0.8901963347988398
0,0.36808910077032386
1,0.9375718643803805
1,0.5261052877486907
1,0.9365996353250021
1,0.955762028147629
1,0.9365996353250021
1,0.940085930362975
1,0.940085930362975
1,0.9836993187049659
1,0.933938509329889
1,0.9316808229616751
1,0.9608463998731998
0,0.09445499994708412
1,0.8055800787012041
0,0.33692252279115126
1,0.8128942592017113
1,0.8204522440787053
1,0.7319331577680779
0,0.2730366795206121
0,0.10316668255726166
1,0.2365187477139385
1,0.4648956920924881
0,0.0846303173450405
1,0.5913512708275208
1,0.2473038267565051
1,0.3533445620554123
1,0.508454777237923
0,0.5956147841556745
0,0.3907485035985369
0,0.3122830689471155
0,0.12478624795488301
0,0.5559461185411976
0,0.2566128042864167
0,0.6920590373483804
0,0.20853054274451097
0,0.4336707067386162
0,0.38969618085800956
1,0.4200482901858036
1,0.6516663281760472
1,0.26817208356921596
1,0.5787114081444263
0,0.1767544721445583
0,0.49545029739671426
0,0.2762614504841004
0,0.09304227984224617
0,0.11545320686719021
1,0.8718332329616029
0,0.37271898051063657
0,0.575341387332172
0,0.2815792118291511
0,0.18058702161831056
1,0.5234874986264294
1,0.8711039529951106
1,0.8711039529951106
1,0.8597898800065258
1,0.9148269622658547
1,0.793286105996055
1,0.9011860345791941
0,0.3397522775053193
0,0.25865193062292374
1,0.5789811963331775
1,0.6904775894686881
0,0.362194972224265
0,0.3297638308166553
0,0.426098899324048
0,0.2172142304876335
1,0.6984263800513196
0,0.047321385122495584
0,0.5061384119798821
0,0.2583468720553975
1,0.3107262987024928
0,0.3469284068496076
1,0.28038010423910703
0,0.30967025633848083
1,0.76689238179778
1,0.8100291455867259
1,0.2648847121028913
1,0.2754902312898636
1,0.5775827923133586
0,0.1327927404965897
0,0.33319536339047684
0,0.382038299576249
0,0.27474287003550624
0,0.4706186532927703
0,0.5294367831827861
1,0.8409996433759054
1,0.9064959374814693
1,0.9064959374814693
1,0.9662369459820085
0,0.568447590593098
1,0.5487504494877073
1,0.79030916709604
0,0.6148543297053582
0,0.041047680461478546
1,0.8276022195558651
1,0.2070600051233683
1,0.8533517726131439
1,0.8996165826362928
1,0.8082175656926486
1,0.8996165826362928
0,0.39041298419612097
1,0.8708387497684338
0,0.3804549286596684
0,0.3562606972961684
0,0.6797684558078951
1,0.7874709054841988
0,0.15670753385057476
0,0.1039695363524249
1,0.7422238188129783
1,0.9957362671982306
0,0.3733695922579034
1,0.8907496582262842
1,0.8907496582262842
0,0.3743905084510626
1,0.5012262891019288
1,0.15136874059079194
1,0.6349672686785219
0,0.05501132947911228
1,0.9906179295289192
1,0.9906179295289192
0,0.19262054173652848
0,0.14770314398279916
1,0.5692198875574024
1,0.9205223741926568
0,0.11817215906062067
0,0.1437828838627431
1,0.3227866089351956
0,0.09529761499383112
0,0.07104971890908243
0,0.5746863162115556
0,0.5159170420815288
1,0.7477430883966139
0,0.12718947857577317
0,0.1351384114688932
1,0.704377024325959
1,0.9008510649925214
1,0.8989377774278426
0,0.14781588218191
0,0.2865722256822663
1,0.22853626857901202
0,0.6424581053926209
0,0.7701030848561543
1,0.8671402376352128
0,0.11118023159491142
0,0.1276355665361234
0,0.613720383845342
0,0.3334285528626397
1,0.9108757840857196
1,0.800759341421902
1,0.9007095174272457
0,0.1873072305792397
1,0.7328892986753472
1,0.30858369794071355
0,0.21297456604477125
0,0.05294075753088834
1,0.8378787225714963
0,0.04746938078932696
0,0.22008143468798533
0,0.21752479618817994
0,0.26681577092695596
1,0.9096715453860943
1,0.48001977113974625
0,0.27934508187346074
0,0.32620606889071496
0,0.054133426463357705
1,0.6835404832988249
1,0.7496669208103873
0,0.2846085547616652
0,0.30017627135486125
1,0.7060726932392536
1,0.9924329777736407
1,0.9924329777736407
1,0.9351888664139252
1,0.41588510573227805
1,0.4833544893608185
0,0.045520434016341656
0,0.08135443613721101
0,0.2022315932169148
0,0.2437019359264064
1,0.7673413510410424
0,0.24573463449069854
0,0.23316424398506994
1,0.7759956619523555
1,0.631295457637011
1,0.5117269450153675
1,0.811961768508585
1,0.42974610570113597
0,0.2567680424409521
1,0.9596182582833781
1,0.9879172287307737
0,0.7563461691494705
1,0.8432816619923307
0,0.12001622294837336
1,0.9534775522720923
0,0.26361692837729606
1,0.7363445352133398
1,0.8474028580766364
0,0.5615625708967087
1,0.7811909064206884
0,0.16306155597400188
0,0.09824236491296326
0,0.09044176217298858
0,0.22823110749509376
0,0.34728008358310214
1,0.9490228292001376
0,0.23554023512757974
1,0.9109087748472701
0,0.09190473912005542
1,0.8384677598466357
0,0.3405365124668537
0,0.08419279193145239
0,0.23945810121254751
0,0.21289382124064127
1,0.9424980076568243
1,0.5094569851598995
0,0.10368075202836531
0,0.2980041500618735
1,0.8974719929324979
1,0.8663837208165286
0,0.14088504700959018
0,0.17882068798443618
0,0.06408030524569734
1,0.552230826420179
1,0.63714711279305
1,0.7399691616082048
0,0.06150208003375683
0,0.3901177200945454
0,0.20761291967183523
0,0.15053057833965394
0,0.2624249246111695
0,0.20798542357189886
0,0.28657935735671297
1,0.9811333611377573
1,0.9811333611377573
1,0.9112142652661827
1,0.9403030459248044
1,0.856266295513119
1,0.8723060246730175
0,0.44024373438964487
1,0.8647012082101144
1,0.6297765250750916
0,0.5945537029223146
0,0.39058184575604504
0,0.10568371831103324
0,0.06930367434120041
1,0.7581989494912315
0,0.11731858102788165
0,0.12194619047616714
0,0.055650958290110755
0,0.10791390121754167
0,0.11308850281042719
0,0.10648288421003536
1,0.8701529056514202
1,0.8067220970016591
1,0.8071590820137052
0,0.3573480023499615
1,0.8792531592733244
0,0.34386080501921495
0,0.2905918843444586
1,0.39133454453258915
1,0.8516640217326509
1,0.7828218058272367
1,0.7677851801442374
1,0.8060451003233889
0,0.6538400956436855
0,0.41608409209863995
1,0.7742133128337059
1,0.7799649870628123
1,0.59139270969987
0,0.13181385672713308
1,0.9109683779324526
1,0.2912475413261519
0,0.33049980559891384
1,0.9643444455945646
1,0.15833942332969167
0,0.08432154157729571
0,0.050948621544507675
0,0.050948621544507675
0,0.1115726584864701
0,0.07682358061874536
0,0.04087444558571002
0,0.06483634228998647
0,0.06766671697456333
1,0.8533846570458631
1,0.8843110039077585
0,0.2532994602504208
1,0.1788858483368773
0,0.21237352324808692
0,0.25306537714002736
0,0.22778534486412005
0,0.11738603563066843
0,0.07091679738160744
0,0.16335279174433837
0,0.37774537278691533
0,0.11171658422730943
1,0.27742798479447023
1,0.46531080109355033
0,0.2753975219806173
0,0.5293510006340942
0,0.5122818591243703
1,0.6921119424973656
0,0.22166009560349417
0,0.38959680126999024
0,0.36265524879127087
0,0.38959680126999024
0,0.43792131522734334
1,0.9839235976037555
1,0.8613582454583729
1,0.9675253824244765
1,0.9441071384028032
1,0.6487852726399361
1,0.15179792928586827
0,0.278344030565901
1,0.5408210048648024
1,0.5693689112178862
1,0.8617109572531525
1,0.8838321346354089
1,0.7944734779571533
0,0.18947296842127792
1,0.3331790060916822
0,0.16989348413634733
1,0.9838550053061628
1,0.90027372893051
0,0.08572340808864537
0,0.10426027796425007
1,0.9478066285438825
1,0.15596783075417564
0,0.12764682140361566
1,0.6991395116904672
1,0.5046736899264043
1,0.9316006332648021
0,0.15142876146219586
1,0.7671186381359755
1,0.5878280715620965
1,0.8649454381646623
0,0.2220648514482593
0,0.5164650055036646
1,0.8482531053351872
0,0.18337208744508177
1,0.8799649828411801
1,0.889394379849124
0,0.18313684234297378
0,0.3251391536552904
1,0.43539963440614743
1,0.7091913744630554
0,0.09706127518626038
0,0.11676224014931189
0,0.09757049243414412
0,0.1053268808759022
1,0.32417334821145444
1,0.44433758318823496
0,0.08467554469573008
0,0.1906442691297328
1,0.4759166549897107
0,0.15685886179876188
0,0.28810536630647504
0,0.30773678043756925
1,0.7850253566610883
0,0.10829697967887376
0,0.10829697967887376
0,0.2418699625364202
0,0.09945373020543795
1,0.7491949242490846
0,0.12434714488752519
1,0.4682158040510132
0,0.20029434159404735
0,0.2306001461380996
1,0.1370318739318368
0,0.11951749666791227
0,0.15475998862674928
1,0.8511368472556886
0,0.2966816336343421
0,0.491912412805014
1,0.5831392198390625
1,0.5489704136082834
0,0.25630246574348153
0,0.5224756873173309
0,0.44876037313680883
0,0.30037605196203265
0,0.29846016832912287
0,0.21506778431176987
0,0.02948427640421516
0,0.13730261096321683
0,0.4220764213995255
0,0.08535406650793542
1,0.758489343536481
1,0.9594078999766321
1,0.9594078999766321
0,0.21822695811979334
1,0.9265980690913795
1,0.9874657942008259
1,0.934225815727174
1,0.4836912131641986
1,0.4416001760954492
0,0.3034802092651677
0,0.03172970519286999
1,0.3981529928667996
0,0.3381952007555067
1,0.6200907179029186
1,0.7098666655424527
1,0.6975030639863202
1,0.6769005101979797
0,0.22752802498261102
0,0.1586644519657907
1,0.6605409612149874
1,0.8055068470020001
0,0.45771113699919175
0,0.31189957802491575
1,0.6772382165722105
1,0.7375746743828222
1,0.7375746743828222
1,0.3145386126967516
0,0.04395240849444541
0,0.15625196861638935
0,0.4319532624072238
0,0.07079485001848856
1,0.5983943082780642
1,0.792690470800875
0,0.6333363550423314
1,0.2922366713748883
1,0.2922366713748883
1,0.836202756531538
0,0.1882751113101411
0,0.25362697700628156
0,0.15042518524308957
0,0.06327785168504221
0,0.564109163043735
0,0.5331978316887349
1,0.5081105048305077
0,0.30996951523733685
0,0.23561485517100997
0,0.06465365395883364
1,0.8175780109217871
0,0.2086166526322956
0,0.0989708027775262
0,0.34917240642136066
0,0.23773177073805776
1,0.7262682161456808
0,0.24088961253233224
0,0.16495046994960938
0,0.19364135565227567
0,0.23410011775945325
1,0.6665674705425537
0,0.1325306352495028
0,0.09551689277864478
0,0.13453012429059816
1,0.6879323976706821
1,0.9600753453329751
0,0.1276438413467576
0,0.17117064385100106
0,0.38454615436237044
0,0.018888949979885165
0,0.27926993195035665
0,0.3730789667782924
0,0.2674853774799479
0,0.38925548934346865
1,0.9904036826094749
1,0.9919013228346131
0,0.15417228553918172
1,0.46646966520105876
1,0.31121935679833007
0,0.1569210291274705
1,0.6814888941040347
1,0.8716210001790636
0,0.02461641525073654
0,0.024010850589246808
1,0.9395437352164058
1,0.9065304458938058
1,0.5991387499098375
1,0.5408798351224278
1,0.9896168640777859
0,0.21223827668049958
0,0.2220192678204121
1,0.9675397303824781
0,0.20039235192467772
0,0.1749752215956338
1,0.9787931140271167
1,0.9876163998338503
0,0.22468229579270152
1,0.44570544532578577
0,0.393641178169268
0,0.7517706475496593
0,0.17884715587637737
0,0.2844926309227764
0,0.4046838207301061
0,0.21159392753186493
1,0.7835749313907383
1,0.6674600146754385
0,0.3160062703132366
1,0.9597494150177435
1,0.6788086309571902
0,0.13508152532402828
0,0.25544064945053696
0,0.18146304901178162
0,0.16352395398733485
0,0.10223950500734832
1,0.878961491458274
1,0.6917302874119691
0,0.19459764207463043
0,0.19459764207463043
0,0.15471786437935847
0,0.5888523142760418
0,0.19053449282898324
0,0.4237097339445129
1,0.89008732105946
0,0.2126469503053187
1,0.6368502990409874
0,0.46363896672966054
1,0.8869524836056764
0,0.2576904601617409
0,0.14889732744078923
1,0.7184215254189161
1,0.9463872926235015
1,0.7184215254189161
1,0.730978425695976
1,0.9463872926235015
0,0.04111488269770453
0,0.03790144303645009
0,0.10856763345029512
0,0.5226953789111606
1,0.8741070019031488
1,0.9669776357905189
1,0.9080872199151635
1,0.8516901762847241
0,0.2021985910966068
1,0.8970120966864527
1,0.9436436247320363
0,0.7190628162456963
0,0.17172601620116687
1,0.6117398458279687
1,0.3713237365168027
1,0.18687775794574712
1,0.60763878304874
0,0.5165138014070113
1,0.9350448456205309
1,0.8581410214085787
1,0.5772130740584078
0,0.1575615767290899
1,0.34719658920600716
0,0.32609404919276364
0,0.2526818556129864
0,0.44755158212539886
0,0.3377874625491096
0,0.17017394411656242
1,0.455022473682738
1,0.9788295425676157
1,0.986683897711085
1,0.9846431649701484
1,0.4494274848448469
0,0.33353649508194827
1,0.04495223617129807
1,0.7140703950880034
0,0.13326650857181427
0,0.06128116109192814
1,0.7987997032234039
0,0.14652524967483183
1,0.17430814563816527
1,0.9387555591186945
1,0.9785758188306675
0,0.23472431650550737
1,0.6049188466864046
0,0.4886505443479294
0,0.5557848172920006
1,0.3443084679624519
1,0.5944946076484801
1,0.9733338093506085
1,0.9830079927629892
1,0.9900048356375865
0,0.16420785451147688
1,0.9250388831753144
1,0.9730665845303185
1,0.9666902909326535
1,0.9594633588886533
1,0.9730720698679712
1,0.8452879878046385
1,0.9578283137058247
1,0.9735902407307794
1,0.9451057122182271
1,0.9564121694878783
1,0.7836394874928526
1,0.47986019816014497
1,0.8788967403055018
1,0.768188090097513
1,0.8779707594659185
1,0.42710330061452967
1,0.3461246022275066
1,0.8461391915427817
1,0.7496456688941429
1,0.8429515765960247
1,0.9444385923737509
1,0.876525666666263
1,0.9904066628132884
1,0.965376214531838
1,0.7191662792106613
0,0.09568094164280316
0,0.07905066265172289
0,0.11875024212346243
0,0.15581410756195108
0,0.17211481906139037
1,0.5893821565434519
1,0.42747443884526704
0,0.5027789516846051
0,0.09636129386764578
0,0.13068098712696938
0,0.13007115135535938
1,0.8855453493132154
0,0.07487969963877705
0,0.07023854104590994
0,0.06918051645520552
0,0.07756874056500787
0,0.14753808078585698
1,0.3958485318989653
1,0.4048850259639255
1,0.8345979285223534
1,0.8552563666835512
1,0.5788770172035587
1,0.5793917265138552
1,0.5973713967563619
1,0.3956588268904131
0,0.5720456668435161
1,0.31311216117449236
1,0.819921273051922
0,0.3240343539199825
1,0.7690264677414569
0,0.08531949649605082
1,0.286648035027981
1,0.23427635311725867
0,0.29343820134388876
0,0.41691629790726076
0,0.32580246692331566
0,0.21071166259269827
1,0.590955955330258
1,0.6649763693598949
1,0.553555662844996
0,0.27987941574249914
0,0.07147801003872312
0,0.12115272203696197
1,0.306973467465385
0,0.12165466687390708
1,0.19814969994438653
0,0.37973218265875813
1,0.4842936446626508
1,0.6789138419239795
0,0.24749677332584408
0,0.14378614369877732
0,0.10545010218594064
0,0.14378614369877732
1,0.9159349825893566
1,0.7429483393216764
0,0.1850996924450154
1,0.33620890271822756
1,0.645541245851499
1,0.7736424123978232
1,0.9487069546350806
1,0.9792738563432891
1,0.8784779620683612
1,0.9302456147119571
0,0.6678135171376205
1,0.8870052458595872
0,0.08798621510531272
1,0.840330479034148
1,0.3542795390863406
1,0.788829850272149
1,0.8735927810651726
0,0.34592432172230225
0,0.36296796965789896
1,0.8637581765522131
0,0.05985660373646142
0,0.2533157951281985
1,0.2279879881591438
1,0.20000600834662788
0,0.07447929232434232
0,0.5143151700755428
1,0.33473296430904925
1,0.7105337653653154
0,0.3387731526201792
1,0.8389850490494237
0,0.4878268348726892
0,0.20050458107007157
0,0.140238745153892
0,0.025559470784298093
0,0.5970881960621198
0,0.26483137343208646
0,0.46512043478979426
0,0.1501283939202986
0,0.24011644034961135
0,0.10805544177389521
1,0.2570021649105746
0,0.2508307561861817
1,0.6616265312287262
0,0.4366597084845438
0,0.2164807267757581
0,0.2786205337258637
1,0.645541245851499
0,0.1619385710324015
0,0.11574397353091316
0,0.06357232911599932
1,0.6256053234476691
1,0.3830090201045999
0,0.2506875559031398
0,0.35785660471622904
0,0.3279794626632889
0,0.07085173248038461
1,0.5595793762246116
0,0.3779117695576898
1,0.3568115871069959
0,0.4988364347620736
0,0.6485419994874839
1,0.7689660170802326
1,0.8695051219417808
0,0.44234276811968076
0,0.43253771289457393
0,0.39655638340593785
1,0.43253771289457393
1,0.8556444949209749
1,0.83840047519051
1,0.901541931949516
1,0.409311929017172
0,0.17004779150707086
0,0.1364284039380836
1,0.4270052788832089
0,0.19157289252157733
1,0.906315397258093
1,0.7807809050955327
1,0.8968221022098724
0,0.28289520568032767
0,0.20548009834891953
1,0.5399747700015823
1,0.9359682558283048
0,0.25080958064615827
0,0.2601528213661465
0,0.35715828604425526
0,0.15599749087639073
1,0.5083514346391583
0,0.4255173258804035
1,0.45033901025674766
1,0.9506077228313865
1,0.5071884397892817
1,0.726252326612449
0,0.5214260309212397
0,0.30934180970958813
0,0.16733339380067674
0,0.38008230471476545
0,0.340607719219881
1,0.7367921048525048
1,0.784018927895134
1,0.784018927895134
0,0.20653905921169347
1,0.43198037387334715
1,0.1115534047090497
0,0.23222199165620258
0,0.2075732282279917
0,0.11475054683012693
0,0.20134236989830204
0,0.23755781671892282
0,0.3352803777408697
1,0.8030803371629214
0,0.18559188303635438
0,0.4916069367973979
1,0.8845210836016526
1,0.8845210836016526
1,0.8580450748223588
1,0.8580450748223588
0,0.05318175146409968
0,0.42030934002659126
1,0.634378235738948
0,0.4037312781393499
1,0.7636222837269612
1,0.9316727267834993
0,0.16904080848826492
0,0.4049564278167763
0,0.3611254639961856
0,0.05315649909113988
0,0.05315649909113988
1,0.388775882534692
1,0.847031123469572
0,0.1627171297067914
0,0.19494231289529731
0,0.5733763687236707
0,0.43236547688446686
0,0.57821344930577
1,0.8495776951043101
1,0.9121930601076584
1,0.6732167951117135
1,0.8517461239060282
0,0.6175232261023618
0,0.32932356511612965
1,0.9361601530491656
1,0.9215229819554148
1,0.7845337798165608
1,0.772749525731893
0,0.09614808508868733
0,0.11680244173732093
1,0.9892197074485771
1,0.9920140485745839
1,0.8530614661323582
1,0.7301024487075968
0,0.3217024127677507
1,0.45810021794280736
1,0.9708535128858862
0,0.05912243803771291
0,0.16896670139138342
0,0.08654887155600231
1,0.6293608860051084
1,0.645209400293348
0,0.09530053017869272
0,0.48436788070422093
0,0.7138260672411502
0,0.17818703732669386
1,0.8106957214766473
0,0.2627112124120152
0,0.3555673016787689
1,0.8351248515743768
0,0.3619012463786081
0,0.3097809903435808
1,0.40320652421772835
1,0.9866025805818776
0,0.04198788641063684
1,0.8145991374082079
1,0.6961275288893768
1,0.9107741762673578
1,0.9049012786197252
0,0.405972088761436
1,0.8793573514018433
0,0.4942049529448165
0,0.19402048266883828
1,0.9066489481280477
1,0.9055652688419297
1,0.9003783555421184
0,0.29957978116653533
0,0.40292485031205033
0,0.21745416329882739
0,0.43671968082510704
1,0.8327369561579171
1,0.9747123701797075
1,0.866168185860763
0,0.8397365515951248
0,0.03537318534765687
0,0.2987024724153409
0,0.27287728633448466
1,0.947608826703086
0,0.29836593746717915
1,0.9221090452029402
1,0.682867679266359
0,0.10251018904784805
0,0.39830822011166434
0,0.08664928156346083
0,0.39801732079347685
0,0.05503189355965359
0,0.22406417414397922
0,0.5678315249323783
0,0.14215061281474944
0,0.14215061281474944
0,0.1278199820962359
1,0.7841180991912069
0,0.1928256472126259
0,0.20601885293251695
0,0.24524232090032094
1,0.8382135359395654
1,0.7868362921784267
1,0.5666382980718345
1,0.7610787829767849
1,0.7613238337357481
1,0.9147938818127278
0,0.28892260323123914
1,0.9287670304442469
1,0.6204238809202337
0,0.24575783564403264
0,0.2626147496996066
1,0.9400615192579136
0,0.24190790739097537
0,0.20853124442892998
1,0.8258985460593258
1,0.9175617744516344
1,0.9212846816138506
1,0.9198137007011228
1,0.8286493529436117
1,0.92098970314307
1,0.9310222689564949
1,0.9310222689564949
1,0.9310222689564949
1,0.8619981041026125
1,0.92098970314307
1,0.8619981041026125
1,0.8911168528485832
1,0.8592529982731243
1,0.9198137007011228
1,0.9310222689564949
1,0.9813402954014924
1,0.9772587119752624
1,0.9488743827663301
0,0.32440377039956253
1,0.15569601462228538
1,0.6773551901160723
1,0.46717315328399445
0,0.21475420445968096
0,0.18786487319408365
0,0.20338082568927676
1,0.7396424138699464
1,0.7500304970485907
0,0.2286892841768742
0,0.2286892841768742
1,0.9726390748290201
1,0.3511169257044146
1,0.7930111465268636
1,0.5890667942010214
0,0.2336401236180605
0,0.018485287537711042
0,0.03446895140362571
0,0.36743364305911375
1,0.38221148088116363
1,0.5752997929935398
1,0.7320460425653019
1,0.9313344338444105
1,0.9313344338444105
1,0.8545000747978088
1,0.9495493441606412
0,0.27137013287274087
0,0.590364756388539
0,0.1714314139148977
1,0.9540337349058952
1,0.9138169168794887
0,0.11925598649362107
0,0.19007284231491575
0,0.138318157655254
0,0.08297036874302927
1,0.9117931104619666
1,0.8947935642479334
1,0.31500427538524917
0,0.16073267184066978
0,0.14781588218191
1,0.8106003047742234
0,0.32028517926044237
1,0.7231538452423137
1,0.9784514895624734
0,0.180844162318338
0,0.25236924801396265
1,0.7821062829104941
1,0.9752025353706271
0,0.15025912553439477
0,0.10181358438673456
1,0.845403510048626
0,0.3042919298064349
1,0.8128523972527038
1,0.969673834837637
1,0.4589314325503161
1,0.38738001771932234
0,0.23441897457030966
0,0.09520722131692468
1,0.4524794556787682
0,0.19106071455748705
1,0.8349278288549548
1,0.7135449221215339
1,0.7967495799853366
0,0.18364513010240743
1,0.20056045527630664
0,0.1965734204609858
0,0.2130512842515827
0,0.08467643735276097
0,0.19175722624861513
0,0.19175722624861513
0,0.2433356306014884
1,0.6813303151676181
0,0.21580533038170163
0,0.2166248721434888
1,0.970687110376642
0,0.364166268232385
1,0.7615286381650991
1,0.8507963091093452
1,0.7925693978146509
0,0.6618613078141056
0,0.4596507678651968
0,0.20230791703777984
0,0.20248925804157394
0,0.20606507814675087
0,0.2564081207778993
0,0.5083892836360645
0,0.591351695485811
0,0.7145573193407073
0,0.06908461407826708
0,0.06330585038796377
0,0.49506257626675465
0,0.41886976030169126
0,0.5465408373253142
0,0.5465408373253142
0,0.36706656837274865
0,0.4809515162700833
0,0.5744184750696508
1,0.9016690296497292
1,0.938843309337659
1,0.6566743271631174
1,0.9599509083274316
1,0.5465408373253142
1,0.8882569807978183
1,0.8132869451489135
1,0.912586921342114
1,0.9096356447901257
0,0.1962571904456293
0,0.2839563988959056
0,0.2441684242983235
1,0.9833140080786672
1,0.8679523411990765
1,0.3844407584835872
0,0.4933475148156757
1,0.3817257906203392
1,0.7481203093808116
1,0.9797743149118606
1,0.9828014992809139
1,0.9828014992809139
1,0.9828014992809139
1,0.6279606709043262
1,0.7122667405677301
1,0.6077230891829895
1,0.633462504035818
1,0.7764315099985647
0,0.4981887450466543
1,0.574635715584675
1,0.9102044141893912
1,0.6751991711041401
1,0.8212155347930312
1,0.9140591706062458
0,0.4567816729757535
0,0.6201765624951768
0,0.1854382718944889
0,0.1854382718944889
0,0.08968037918540393
1,0.48701726858448646
0,0.5813633663686667
1,0.9890497977325621
1,0.8712773576075109
1,0.8812976564495502
1,0.6294798059410152
1,0.5457322069236106
1,0.6626155142468518
0,0.13868986005503783
0,0.1657153610644127
1,0.7071280149916541
0,0.2290519471485183
0,0.2290519471485183
0,0.20104394961067645
0,0.037742579677552145
1,0.39711433669388685
1,0.8907496582262842
1,0.9071026021476044
1,0.9390473949633089
1,0.8286325343335792
1,0.8226952258875267
1,0.9109603187227445
1,0.8907496582262842
0,0.2559959209650409
0,0.21372126513765835
0,0.28005200482198106
0,0.33498363754261606
1,0.30789828649743517
0,0.1916086998127654
1,0.2926909147663961
1,0.9445132266514484
1,0.21073315752859875
0,0.036565198324762946
1,0.41075800346411695
0,0.7569787058748411
1,0.5448149575438824
1,0.8742437124466176
0,0.08634450517426207
1,0.9356595727315451
0,0.3891551958987222
0,0.2417761068554106
1,0.2077182074223795
0,0.06639927626959827
0,0.23504753790025587
0,0.3821588065913099
1,0.6264713130893348
1,0.5622824845267389
1,0.9363092379310718
0,0.5159642578282484
0,0.5440390591421728
0,0.4002208759482882
0,0.413739730215152
0,0.08644695780112241
1,0.6250417114460903
1,0.9683931538688453
0,0.15489032677040854
0,0.4038727888829625
1,0.7397201282856208
1,0.8796011336392501
0,0.3895738360402539
0,0.06334829643215904
1,0.9536277265105333
1,0.943531905528297
1,0.9665348632658698
1,0.9517288379781109
1,0.9261631376761326
1,0.8681381652616599
1,0.8409083303060675
0,0.269215621217457
1,0.8480885331622449
0,0.26833281164879863
0,0.07304335706842141
0,0.032602973543496575
0,0.051458687965160434
0,0.032602973543496575
0,0.051458687965160434
1,0.39891533112076283
1,0.29469405360884016
0,0.36985515494304294
0,0.22902064548477985
0,0.1572952046266961
0,0.26523496768065186
0,0.142604651361758
1,0.5832189009802601
0,0.10149195099544
0,0.2698310634861945
0,0.3292559124162689
0,0.21523932454425507
0,0.09944634378230463
0,0.08110842300910485
0,0.040161382192510565
0,0.04457484446517216
0,0.229939033530818
0,0.23424104962792439
1,0.903990670099409
0,0.07173191900035443
1,0.20661948610218617
0,0.26265130968268074
0,0.10378964439387335
0,0.06474174241647164
0,0.047414168937871475
0,0.06352293240796511
1,0.8855467292834139
0,0.48312904235509413
0,0.19616712669340478
0,0.21073244172989847
0,0.23885439908404438
0,0.38725009789888293
0,0.25212867749236895
1,0.8348109764493982
1,0.9133664307890822
0,0.3587783776326075
0,0.15330703277740032
1,0.9252499784339063
0,0.12811767711548383
0,0.12597845668212834
0,0.22288839616948253
0,0.24113688826980084
0,0.3756767252734025
0,0.355840322961588
0,0.30876997514256255
0,0.14814007948428562
0,0.18822292483442074
0,0.2204452835777753
0,0.22797181186826118
0,0.14372448508673594
0,0.3890127853468833
0,0.3235563494699036
0,0.20748720162485215
0,0.6486033578319438
0,0.5512425741580964
0,0.1483384546606133
1,0.7487672719692922
1,0.3252772204241106
1,0.24989952536916682
1,0.40098219973318033
0,0.3659944018735752
0,0.06890390632149053
0,0.19967997508530722
0,0.07652852290059245
0,0.11683216060406641
0,0.046553701345984015
0,0.05496774735653381
0,0.16705712785289328
1,0.6802379949922083
1,0.8615607267557907
1,0.49811404990879554
0,0.300907014858515
1,0.8967045817900691
1,0.5183344321155139
0,0.08786902851782785
1,0.9404578022562217
1,0.8162773414978239
0,0.058761013948546506
0,0.06744430045903936
0,0.7403241570810337
1,0.33552403919761853
0,0.42333698556984906
0,0.17670864545053666
1,0.40481110185703073
1,0.7898575796351408
0,0.09545567397899825
0,0.09876381153616869
0,0.1980311973671787
0,0.29103722444926833
0,0.09752056593270744
0,0.08069080618271454
0,0.051604669283388034
0,0.026898230702398336
0,0.10441529209310808
0,0.45269053288130434
0,0.4760974796126723
1,0.6186846259787999
1,0.7790335179937075
1,0.9178552296210163
1,0.8039011181195045
0,0.47097801752559654
0,0.3964804810758356
0,0.15325613196599783
0,0.28718023436822077
0,0.08019285728086761
1,0.7997777206992227
1,0.674055223458089
0,0.20707671081911352
1,0.7451271643843367
0,0.1796328236892353
0,0.22008073642343126
0,0.12269905025552998
0,0.08670183284804826
1,0.8049641401013571
0,0.23091101054482713
1,0.8071114184348034
1,0.8071114184348034
1,0.7481745535469965
1,0.6292732992223448
1,0.6040700400223089
1,0.6789283242153774
0,0.45950164686789335
0,0.2774647830720689
1,0.9789607225409794
1,0.4119715350402944
0,0.33532048600742476
0,0.3293495722491599
0,0.2927407955275838
1,0.3560431115268407
1,0.9438550179764471
0,0.2383634479457733
1,0.9078588700087701
0,0.13453866240385665
1,0.5160522125633373
0,0.04678188605279486
0,0.25675258253335864
0,0.24733199785964227
0,0.2589374793336869
1,0.6602056763389396
1,0.9987166438387811
1,0.9965409055266209
1,0.9994133132978517
1,0.9952553489852681
1,0.9993420338934735
1,0.99588513897117
1,0.9992727446169605
1,0.9994964129646402
1,0.9997930077315322
1,0.9997930077315322
1,0.9987705909036906
1,0.7121815918767711
1,0.7221208309859755
1,0.8036287650442542
1,0.8067459173877264
1,0.6861464374474292
1,0.7715763801552333
1,0.6218001849654685
1,0.7419005320589508
1,0.7160022248579494
1,0.7708323090669223
1,0.646971983338292
1,0.667156312730672
1,0.6603966146793357
0,0.6835718876946013
0,0.6414598836797332
0,0.4373726556971809
1,0.6108373593926785
1,0.7516012617901422
1,0.9630119909042651
0,0.24406638629315192
0,0.24406638629315192
1,0.8518768862472254
1,0.84611517110235
1,0.9306815363456448
0,0.3695069609523505
1,0.7498948402022331
0,0.1580182776364541
1,0.6019417712968618
0,0.24709256444365982
0,0.3298447346620271
0,0.27937178755692493
0,0.27937178755692493
1,0.9551385002813269
1,0.9394287739420898
1,0.7461531122827261
0,0.16136340205056937
1,0.2200870043488567
0,0.2839646505599921
0,0.6423834345174225
0,0.0952615746562445
0,0.15883064015972462
0,0.27663937687425766
0,0.4675860385548793
0,0.827746884902065
0,0.7849357895879367
1,0.827746884902065
1,0.8037502638777695
1,0.6900363746787014
1,0.8037502638777695
1,0.827746884902065
1,0.827746884902065
1,0.651042397219529
0,0.06665616172082287
1,0.9706840918752064
0,0.045732690902766396
0,0.3241851460932455
0,0.6170322414239818
0,0.48281162984245174
0,0.4052761224958117
0,0.18298597620442558
0,0.35609695296361105
0,0.24905941642900145
0,0.0868770463695856
0,0.15650011657524474
0,0.1558429934824897
0,0.24244195450606373
0,0.18590185274078627
0,0.04831028923239927
1,0.7707916775064703
1,0.9697847788369619
1,0.9924129816987851
0,0.17139470265139317
0,0.6894484155266523
1,0.8981358437509983
1,0.37261440393177164
1,0.7057228082110899
1,0.623978381009931
1,0.5408798351224278
0,0.05613637951462382
0,0.0464271416068317
0,0.35632700343284973
1,0.8922024231106047
1,0.8922024231106047
1,0.6753758438672243
0,0.10042190364231551
0,0.1668081978686344
1,0.8647901369510196
1,0.7407251140053207
0,0.333894339164418
1,0.47076214193494026
1,0.4962529072714715
1,0.2440840394151904
1,0.7841865975478651
1,0.9544297932717941
0,0.39202255644081146
0,0.21347279969026495
0,0.20222608562692315
1,0.7186834237592965
0,0.20974102272945225
1,0.8351248515743768
0,0.17803880657489962
0,0.18948866453349142
0,0.35816350036090516
0,0.22462554820640562
0,0.2589396637842844
1,0.3523829831574795
0,0.3069614282729566
1,0.9118315775993824
1,0.8726713243390463
0,0.7022053277962518
1,0.7721604388368078
0,0.05213351352123168
0,0.15763904529948825
0,0.12927687261429546
1,0.7429733342780649
1,0.4480211198662198
1,0.6908371119527805
0,0.5270681721693624
0,0.5862918568098215
1,0.7263408516549259
1,0.8401992486393776
1,0.9812048928857054
1,0.5361456928623048
0,0.3073093602109687
0,0.36423130137045234
0,0.3557314277596617
0,0.3427146070340096
0,0.23446706443058357
0,0.1818539535625833
0,0.20713605386619185
0,0.09508843715671038
1,0.920291834770423
0,0.2964309932898459
0,0.21156641831208334
1,0.3608187646823645
1,0.43599483159865765
0,0.1284693929134493
0,0.17463376506710693
0,0.260750085391594
0,0.14646620962837198
0,0.22023163857996025
0,0.21543431854679104
0,0.13623767582960963
0,0.21087506015019764
1,0.8836519650733422
0,0.11300941179803344
0,0.357401436332807
0,0.3089062624191316
0,0.8272786766266307
1,0.9002961134718724
0,0.2117579667278479
1,0.8369517437903502
1,0.8935726525169031
0,0.1333110109363077
1,0.8437350552002507
1,0.641173131464767
0,0.03418355829145388
0,0.041608055082794505
1,0.9707644838037415
1,0.8998841572824355
1,0.7478716442369543
0,0.215998719131128
1,0.9517665748674076
1,0.8783887769790567
0,0.01878057407095237
0,0.42694681505727056
1,0.768762146574815
0,0.1505870613845964
0,0.14782556729467308
0,0.18868934660298717
0,0.08199961130963215
0,0.10680462723657046
1,0.9737525853924831
0,0.09462099239921234
1,0.7198633655181313
0,0.15587310403885118
1,0.9698516382395189
0,0.25893710512655355
0,0.28105107915562944
0,0.18348997358773234
1,0.9944855321480668
0,0.05198417404661922
0,0.06492156971333012
1,0.9210362339027669
1,0.9870234769054738
1,0.9663770753833544
1,0.4102648477766203
0,0.09607490965334742
1,0.9801370853661845
1,0.8229392842244143
0,0.20620769245588066
0,0.16159995391675921
1,0.8615939960434768
0,0.030167684361700493
0,0.030167684361700493
0,0.17959248808854625
1,0.7904147029901971
1,0.9295972604288424
0,0.312583483893169
1,0.9718190714832432
0,0.08580363807957249
1,0.959242699693838
0,0.05511407386728109
0,0.06561385643424132
0,0.3700764813828007
1,0.2614119197766063
1,0.32206573437058106
0,0.17205321833498413
1,0.6359514252856852
0,0.19233523742969685
1,0.4607404693515782
0,0.1506140072015697
0,0.2104200600652709
0,0.08051677866477984
1,0.21170021798468666
0,0.0863191828686573
0,0.14320731090363864
0,0.13604190646320075
1,0.7353134550365109
0,0.22168798692596334
0,0.22168798692596334
0,0.32415888700625306
1,0.9042909504984993
1,0.8089315911129792
1,0.5662901800257828
1,0.2859473770569578
0,0.27851510889479636
1,0.22236847272916688
0,0.40932420290545274
1,0.4650363345231781
0,0.4959124130976931
1,0.8708877797328678
1,0.6871919832709678
0,0.12277049142424361
1,0.6432103545662403
0,0.20443507781387626
0,0.20769472656771318
1,0.8327462138242052
0,0.1943239963491719
1,0.6324913169413092
0,0.062029764887323445
0,0.23233916796746792
0,0.030235483507155055
1,0.13978327995161535
0,0.17891632280868963
0,0.14718868316969022
1,0.7118631417258563
1,0.7178790560118673
0,0.24652750436866472
0,0.22288839616948253
0,0.6378198057572158
0,0.2960380407562753
0,0.3793524929286235
0,0.3348158845512429
0,0.6263340780947955
0,0.2139309447575302
1,0.36208275219739633
0,0.1800238594333665
0,0.1908173135633601
1,0.46958479158504296
1,0.3334134059873969
0,0.2239042409099917
0,0.122635219215342
1,0.33414395032689526
0,0.20705151857931367
0,0.17830930162063044
1,0.8988100987489994
0,0.04567499207633317
0,0.06335607600741376
0,0.6328515991937136
0,0.14747343496430393
0,0.8399591500214119
0,0.863927311487838
1,0.6047429192895712
0,0.16214373718221733
0,0.17385212106880538
1,0.896144109836624
1,0.47247819553266784
1,0.8908896444179748
1,0.7788619255267308
0,0.18371899699644156
0,0.49860215849139145
0,0.10139310154051821
1,0.9096780569296458
0,0.22948472163325215
1,0.5788700904447976
1,0.669164234144707
1,0.37079727640075244
1,0.6983312137220695
1,0.23014987694698583
0,0.06885899896357289
0,0.17162885359490732
1,0.8901915019153562
0,0.23619146762453833
0,0.2215258610654021
0,0.19114979066075485
0,0.28057561284721655
0,0.42545587091197384
0,0.2547844029231907
0,0.1854382718944889
0,0.18342515173349658
1,0.9138963052367055
0,0.37213682047480795
1,0.8359078282564288
0,0.6185163775302183
1,0.9859628772649309
1,0.6820120436393963
1,0.5733649820469354
1,0.5200197427620329
1,0.5639638293679616
0,0.44608273317577884
1,0.8958274870481625
1,0.8564612523762936
0,0.7411480066448468
0,0.1461932987930668
0,0.09399381787673053
0,0.079331069548603
0,0.13298118328815856
0,0.5823648230551793
0,0.5823648230551793
0,0.42743003942664
0,0.5823648230551793
0,0.4243203073277404
0,0.6508516994751472
0,0.645541245851499
0,0.40534779800094933
0,0.2896016826450414
1,0.578252286125405
1,0.7435772367188549
1,0.5823648230551793
1,0.6988109983840828
1,0.5527524152527092
1,0.6748723293778975
1,0.6988109983840828
1,0.651421634275138
1,0.645541245851499
1,0.6508516994751472
1,0.4635277856524547
1,0.8011341977666522
1,0.4635277856524547
1,0.5392136486187354
1,0.8821389047006408
0,0.2768691082000663
0,0.0648772229629955
0,0.04585946494008542
0,0.35421694503355866
0,0.08840700711932271
0,0.08363279386339313
1,0.8784194759204346
1,0.906611721733767
1,0.40053410553167795
1,0.9355046806844441
1,0.6991995248730002
1,0.7780646423523021
0,0.36360527344575094
0,0.16811849720234312
0,0.1838350077547477
0,0.18895047914069124
0,0.14016067858746997
1,0.33129346688281347
1,0.31284788396568947
0,0.32062077381105303
0,0.5879902489318795
0,0.12144413086047619
0,0.17927034367385516
0,0.23982880598110734
0,0.09224486554357872
0,0.2322836824626505
0,0.3358223371910492
1,0.7749694637211627
1,0.36690315910742377
1,0.2871108225613493
1,0.568118274884985
0,0.29257478922106933
0,0.27126527610119633
1,0.2912830936616468
1,0.4297354055418655
1,0.4911389763277007
0,0.08801971616033984
0,0.17801891064470948
0,0.11701211284370161
0,0.3214461166483863
1,0.36999986500909987
1,0.6561715535489849
1,0.7641205020339306
0,0.315270225394311
0,0.8750485879900366
1,0.2356857942440497
1,0.8631933038169729
0,0.2616525440515422
1,0.26105136111692734
0,0.2910003497828611
1,0.814310760042831
1,0.9750453746877789
1,0.6157666121029345
0,0.2140418862420928
1,0.8774280307809029
1,0.9394399720325788
1,0.42614213867107475
1,0.35043844341969016
1,0.5644105124286177
1,0.7618520982526419
1,0.6597623538796648
1,0.6925876819910575
0,0.21851048275529736
0,0.21561187049460606
0,0.2902736284879088
0,0.2073619905305659
1,0.7131495892985393
1,0.7415170408045099
1,0.9812103316008125
1,0.8435806717447809
0,0.488248144143448
0,0.488248144143448
0,0.5082086348276954
1,0.922348311643452
0,0.4330467589425852
1,0.9503097408502283
1,0.9524287928176148
1,0.9575698412515025
1,0.956218701494888
1,0.9575698412515025
1,0.9503097408502283
1,0.9503097408502283
1,0.9512089994752552
1,0.9512089994752552
1,0.9589943531541205
1,0.9589943531541205
1,0.8784794848270038
1,0.8784794848270038
0,0.4599563427145473
0,0.5540611267350086
0,0.4974366823062942
1,0.7400375959654752
0,0.24021015259295406
0,0.1637063379552738
1,0.6076907038033369
0,0.32249435758842426
1,0.735346836025378
0,0.35231999920976387
0,0.34317064909652495
0,0.06322894317930883
0,0.10049408898717785
0,0.10049408898717785
1,0.6089119191840565
0,0.1462083154841389
1,0.9753055116675172
0,0.6438939863468027
1,0.39851160513049605
1,0.701963294221445
1,0.8606757168293849
0,0.16913462916754576
1,0.9653870002976416
1,0.9653870002976416
1,0.4108528684908336
1,0.432195726900227
1,0.7122655356891524
1,0.7481175274234355
0,0.5761977033494626
0,0.4285318875155733
0,0.3670680486584796
1,0.9953896041523792
1,0.9953896041523792
1,0.9953896041523792
1,0.7524944265096567
1,0.9471425169280842
1,0.9093176561309547
1,0.8632921551383917
1,0.8767154788808132
1,0.8767154788808132
1,0.8632921551383917
0,0.31707990032409505
0,0.06850300412546306
0,0.0403050798859769
0,0.5359724077549228
0,0.08013224315484305
0,0.2480866398162681
1,0.939881695711116
1,0.7690234878235958
0,0.46877091197466825
1,0.4164583158883138
0,0.2766482132363969
0,0.06802765724499679
1,0.1375398897605393
1,0.7411398315316989
1,0.723756879887413
1,0.6443893642120412
0,0.26778623160261344
0,0.4772490643019631
1,0.4508976875930726
0,0.5898600471481263
1,0.5853961090393112
0,0.4956897899161348
0,0.23569863117245937
0,0.17854702193914282
0,0.1020470219899424
0,0.20778166898208678
0,0.09677692072373878
0,0.09716893562109365
1,0.7073292890507262
0,0.06473800825515115
1,0.6690834631413753
0,0.1930581033603308
0,0.5383060459423826
0,0.09689854713981023
0,0.13443377653692326
1,0.49674919139467294
1,0.9846596434853655
0,0.5120579389734964
0,0.023066558229216456
0,0.10447694792815786
1,0.9417699225938742
0,0.3473497564477773
1,0.8619649869832274
0,0.042698673886804865
1,0.9753777758962335
1,0.8935696009735151
0,0.556018199244809
1,0.13299227513890402
1,0.08829155543620704
1,0.12389478347844778
0,0.09770033990156327
0,0.0755029516672099
0,0.06762618123011266
1,0.8402899962493677
0,0.5399842399934716
1,0.7873276101383684
0,0.056121251456072524
1,0.9563216898419897
1,0.9883153843435153
1,0.19821713017644874
0,0.3837553267236077
1,0.9614141125389472
1,0.5410503081045149
0,0.14692505201048667
0,0.08097937207627971
0,0.2671422752700562
0,0.13702338612515244
0,0.1573101502219521
0,0.18781099202920395
0,0.2347932927433517
1,0.7978892316819718
1,0.8432403501265258
0,0.16610912468151376
0,0.7307756441316512
1,0.7226778380413738
1,0.9172802781078959
0,0.13952246348127004
0,0.22442640955736257
1,0.792690470800875
0,0.11835960207408269
0,0.2746744764998766
0,0.11250432512582512
1,0.49157246105048213
0,0.1742537881793441
0,0.1306416508524001
0,0.11296768155812693
0,0.04647116043576511
0,0.14062688594796088
0,0.14056293562155672
0,0.12582791526582132
0,0.19196423875907906
1,0.31784962787928017
1,0.508586422477511
1,0.9174739823351284
1,0.9174739823351284
1,0.9141465873728956
1,0.8635898516094286
1,0.9174739823351284
1,0.9397927100480952
0,0.23858217400825024
0,0.02070716809298007
0,0.1041715702257214
1,0.5402146052032414
0,0.1329698388426866
0,0.3344268621880217
0,0.2889665726291179
0,0.37321806696098847
0,0.1470102159942098
1,0.9423651350417787
1,0.7462323290404479
0,0.3401202072795157
0,0.05677151811202477
0,0.11578391383110012
0,0.2116370936252659
0,0.22511500211121566
0,0.3725336303816862
1,0.4433287866375024
1,0.40434432882858173
0,0.36066373510555183
1,0.6564271345900062
1,0.2169532146221717
0,0.07550383403204929
0,0.10971008694186489
0,0.08076740098575666
1,0.6688228707048474
1,0.9495201386402632
1,0.8779391305131582
1,0.8715813492507564
1,0.411428781939421
0,0.21964450704474567
0,0.7012637909759052
1,0.8659962424442641
1,0.7165757821524219
0,0.12385577510941073
0,0.3592506354973413
1,0.7676175531707025
1,0.8160843999290006
1,0.8160843999290006
1,0.871158018682338
0,0.07641749982886768
0,0.19943209899731087
1,0.33349268231809953
1,0.4322921792984287
0,0.14990725759302265
0,0.6285488669873665
1,0.6404929053161319
1,0.8067651525557562
1,0.7171777974064569
1,0.39911067573821024
1,0.7209507644907854
0,0.24830036265245653
0,0.5028990555730215
0,0.29557441411799684
0,0.29557441411799684
1,0.9515079234112161
0,0.2174887588810626
0,0.18841623767333576
1,0.17695161462676745
1,0.6038608874290978
0,0.19234380686436311
0,0.07043852447334936
0,0.25937901477645847
0,0.15285942678498385
1,0.8083616419142631
0,0.7908187258005526
0,0.3840691764423032
0,0.3253781408251371
1,0.8791422834657311
0,0.201237887971184
0,0.2541946639210959
0,0.3626420000273548
0,0.22407049125645934
0,0.2277819824990379
1,0.4294017490584842
0,0.06530485192392547
0,0.08891730851693185
0,0.09991725183646546
0,0.6174830846962683
1,0.36313259739539394
1,0.9779977830344513
1,0.504358389087887
1,0.35248976138651045
1,0.6493695427264903
1,0.5010465978267191
1,0.9004921682673948
1,0.8418629035314117
1,0.8811492792132626
1,0.7283095933807626
1,0.40881004167122603
1,0.8629927998788685
0,0.06926465931663421
1,0.9385676402984425
1,0.9608650972950009
1,0.9840223496277227
1,0.9635881110086586
1,0.9654797402584493
1,0.9619478283248474
1,0.725791121676683
1,0.8360753315687239
1,0.44435328821696085
1,0.29213467442095115
1,0.8208697379925401
1,0.8770490311171065
1,0.6899199212558448
0,0.5258785320028891
0,0.24038831124873936
0,0.24038831124873936
1,0.7573270157730561
0,0.1117137883801213
1,0.3107245551959944
1,0.6032689097974094
1,0.727870412616206
1,0.18272919906689233
1,0.6894174108269604
1,0.7831603201050857
1,0.7407818588386995
1,0.6976247632540912
1,0.5681194893877302
1,0.8167823446065241
0,0.3081864221068983
0,0.21050370941211963
0,0.4911275849283612
0,0.25704953418176324
0,0.2868981450050615
0,0.33739786223177853
0,0.27116763979702174
0,0.23727802302248685
0,0.2556335655124244
0,0.16765212025971554
0,0.18414823604545094
0,0.20848862770427476
0,0.30022636548028897
0,0.424532651297111
0,0.3224318888114401
0,0.43894953573817996
0,0.30056908255901743
0,0.35256443860096387
0,0.30056908255901743
0,0.3528853582136467
0,0.43894953573817996
0,0.28141695207897705
0,0.3445780415908994
1,0.3553453223761044
1,0.27453974288160177
0,0.4423646379868519
0,0.1851500579468156
0,0.19368305489171064
0,0.3584538085279617
1,0.5706091146184287
1,0.868674310477312
0,0.17804008298372548
1,0.8880809404104082
1,0.8942165641189453
1,0.8942165641189453
1,0.8038038381286343
1,0.9094724188272523
1,0.8942165641189453
1,0.8947385876110979
1,0.8942165641189453
0,0.04516134126265469
0,0.3457638389101074
1,0.6096425886093005
0,0.13779209592589603
0,0.5644491118718251
0,0.1151594487711829
0,0.1151594487711829
0,0.1705916601586831
1,0.5910912995883929
1,0.7674429153349355
1,0.6212933187517028
1,0.5735157713326422
0,0.20723504045626678
0,0.058518541357094174
1,0.8572980315800529
1,0.890023600617238
1,0.487759805132158
0,0.23089396547788538
0,0.3468234292608756
0,0.13157368028903335
1,0.5711713149894456
0,0.15467419035649632
0,0.0479818401439517
0,0.16410828552519718
1,0.9211077039484868
1,0.9813811272578261
1,0.9963876452552748
0,0.09045366962239879
0,0.2223237197962961
1,0.7088835212534905
1,0.7624268681682047
0,0.061279475612028955
0,0.0600617818893258
1,0.8279079208807342
0,0.3761530958449903
1,0.31113548639310273
0,0.40213193589318047
0,0.37025906149462173
0,0.3241828545840294
0,0.0989126515402247
0,0.14577805971124946
0,0.28113400764772484
0,0.16095790125324674
0,0.06398853159600176
1,0.71372853042654
1,0.9214185527893063
1,0.8604387946726001
1,0.8882960763421787
0,0.0995312899301497
0,0.1227468009916938
0,0.11819346377694392
0,0.21284513770362512
0,0.21461864368114728
0,0.1866214040507305
0,0.20455728466835887
0,0.17448272887073576
0,0.055014582942251325
1,0.7522201571181935
0,0.4096160067721941
1,0.9702496329720494
1,0.8432531757996838
1,0.8445635324179704
1,0.9087747029565474
1,0.8658460949203715
1,0.8445635324179704
1,0.8795100235118937
1,0.8396167508886843
1,0.8927766935892009
1,0.838098415079885
0,0.20111691749102606
0,0.35361330710406647
1,0.578386756536778
1,0.27799283675467656
0,0.05768626985205061
0,0.22008858570254478
1,0.4003356351551511
0,0.05983024745278175
0,0.14084084716934414
0,0.14084084716934414
1,0.4739715684692436
0,0.17201023666806844
1,0.72530934289658
0,0.24112755016833576
1,0.9136114893092805
1,0.7341969841393146
1,0.8146075621978757
0,0.26182428928105944
0,0.3731506663255749
0,0.18492210686390123
0,0.07033745051085112
0,0.11150873831355367
0,0.5284796014335139
0,0.2375694881314217
0,0.6058236900716294
1,0.4693579135979642
0,0.1394359279950122
0,0.4377738016843376
0,0.41951543342447756
1,0.8927995075905094
0,0.189712091145165
0,0.4085426469221385
0,0.3846337150387669
0,0.25746018233210827
1,0.7112636357853508
1,0.9893294981898365
1,0.7283095933807626
1,0.6808959365927192
1,0.5690000007055762
1,0.7393440316011085
1,0.7990690093199615
0,0.463546159089767
0,0.19354231110247944
0,0.18368249744647525
0,0.030469119798922032
1,0.6200964199645724
0,0.5971472185443385
1,0.925979379963375
1,0.8360297714284844
1,0.8901064617796537
1,0.9358692855540038
1,0.9522440134903011
1,0.7802155826280841
1,0.8856826249261756
0,0.27209435658546205
0,0.3127472276730348
1,0.7762523689497983
0,0.4130895472402409
1,0.250511758209106
0,0.28129636832894855
1,0.9365723673464963
0,0.06623426627684442
0,0.04234277879882627
0,0.044075394049978456
1,0.8630721300046235
0,0.21999199599644542
0,0.06386755340536932
0,0.08654178063010806
0,0.3751650037155178
0,0.4641923349411973
0,0.4641923349411973
1,0.5501892539877437
1,0.7035301536624994
1,0.9022722570076417
0,0.18753202106460232
0,0.2679482495355955
0,0.5661391690849747
1,0.8090618167187156
1,0.5151749578373439
1,0.17591262175601624
0,0.17554385547057902
0,0.04874795562257234
0,0.19884396843330393
0,0.11962526756473384
1,0.904578267960676
0,0.07463352133443574
0,0.3394588436073898
0,0.2006842402732343
1,0.45664141119233914
0,0.18540199372882837
0,0.18713749696319595
1,0.9451977566330713
0,0.5479906037120117
1,0.9255489234981159
0,0.5365354760270741
1,0.5845443418455532
1,0.40223992542571185
0,0.0653283210322688
0,0.3174495798177574
0,0.22192715829381682
1,0.8814029623018286
0,0.18133826792306226
1,0.92203228021622
0,0.13760002617186104
0,0.13760002617186104
0,0.6339038337567838
0,0.33624086670464254
0,0.2280589928735274
1,0.9482762533137
0,0.20768731857146136
0,0.42167984557274696
0,0.26392233874254967
0,0.2187607915016545
0,0.42128499487350496
1,0.8786725582557292
0,0.1617452505310503
0,0.23827581025176695
1,0.7214408689259477
0,0.326811331082453
1,0.724943593813266
1,0.6359025617816698
1,0.7940055980256809
0,0.43921432459066123
1,0.7298077798926291
1,0.816429069918792
0,0.08345410814358144
0,0.37129713424876487
0,0.11857819170274786
1,0.8815054778019293
0,0.1522182778555992
0,0.24767459984403983
1,0.4223188985823494
1,0.9497707634003726
1,0.7524935503230581
1,0.7106503404116697
0,0.3297410558684363
0,0.3675540148565769
0,0.5144541205847946
0,0.27410382529050215
1,0.4150316910334165
0,0.2979790525995767
0,0.15144603439032756
1,0.7470602704408762
1,0.7794826505093119
0,0.29640439474066166
1,0.4686547293875156
1,0.8767200307532362
1,0.7733797260241556
1,0.45588248865818143
0,0.024876786222034045
0,0.1658515106809092
0,0.15755488272718504
0,0.332398844365883
0,0.568556529865809
1,0.6510696251840069
1,0.7629931067976596
0,0.1399590823902935
1,0.9567982613838308
1,0.9651828882091305
1,0.9357027729824107
0,0.2828312229147515
0,0.23492687638857968
1,0.3764704343245806
0,0.4796911161919142
0,0.16198891736941687
0,0.4239035920289215
0,0.21012317542603398
0,0.21012317542603398
0,0.25408581433187966
0,0.21012317542603398
0,0.27352068677543356
0,0.5412524762383063
0,0.6100872103208357
1,0.15532999208631923
1,0.41883337098832885
1,0.8034819927654148
0,0.5009977957501135
0,0.2088974662397391
1,0.9515442124217441
0,0.1784774088849418
0,0.17351610305742024
1,0.15068660407515963
1,0.9648252299072998
1,0.4857873972492651
0,0.1075647563441027
1,0.16922532356216052
1,0.8502742992219745
1,0.7305100309912618
1,0.8016885107665023
1,0.7188457845633716
1,0.8269661489290803
1,0.8314222103090447
1,0.4671956606942176
1,0.876556627090562
1,0.7959535054018756
0,0.8588123294999447
0,0.24529417392550026
1,0.7368416139277274
0,0.35167364907654375
1,0.9840695381549652
1,0.9503656870554495
0,0.03613600625284935
0,0.3226746074152639
1,0.8619964431895237
0,0.08262659332226471
0,0.035137351538566744
0,0.17821459682609242
1,0.9461014062911992
0,0.1562189597752759
1,0.3905368164465362
0,0.39143528636136665
0,0.30129679377687096
1,0.8775788732048921
1,0.6058180156899048
0,0.23437033292861292
1,0.8623181921017745
0,0.2129140469231492
1,0.2720910051230986
1,0.9596101162275172
1,0.9517017466634723
1,0.9517017466634723
1,0.9662904309455388
1,0.8614230024166372
1,0.8374594224897993
1,0.15767747262737403
0,0.42543407787733456
1,0.9043519607959464
1,0.8784588041379007
0,0.3605417281697579
1,0.6279376754217872
0,0.2505586309290027
0,0.6275566699270425
1,0.6895792017702588
1,0.9867120353013689
1,0.9882252061503508
1,0.9879378723430106
1,0.975250825411128
1,0.9909876897138871
1,0.9076151948850986
1,0.9001320835374996
1,0.9424676957598206
1,0.9764944227455793
0,0.162180947517493
1,0.8453336524321886
1,0.6769044320575791
1,0.5591606580905517
0,0.44175551299992843
1,0.29379020960362257
0,0.30316792977900503
0,0.18854669574592725
0,0.02926709683269588
0,0.23554350476607622
1,0.6708905213608569
1,0.9172886689429841
1,0.9172886689429841
1,0.8899655192474308
1,0.6620866911278284
1,0.6311401127014927
1,0.9192049909192536
1,0.40045707890646326
0,0.3046316251828336
0,0.2288022154323479
0,0.6460172000936355
0,0.4707288646768372
0,0.36043758137786597
0,0.26437316726196414
0,0.10131657543297175
0,0.18388300089711493
1,0.9670903379451228
1,0.7955918031080264
1,0.6903411654866719
0,0.06466393554892653
0,0.4659728191122727
0,0.40121196955029265
0,0.1402057707602413
1,0.9211988437916262
1,0.738831212642832
1,0.930794312925242
1,0.8230703123803877
1,0.7921288305481692
1,0.9003398611892073
1,0.9374971229462589
1,0.8019023255784176
1,0.9374971229462589
1,0.8975450691185521
1,0.7309273950208188
1,0.8871086170080753
1,0.792447201822684
1,0.8550532470279986
1,0.7780635717543508
1,0.7921288305481692
1,0.574969112838518
1,0.7717093350697625
1,0.28206217004860057
0,0.28635708081790195
0,0.3900127430586961
1,0.3181164728120233
0,0.19478764540245286
1,0.6080377178224439
0,0.11956044013949942
1,0.7046986648354021
0,0.05490888320358435
0,0.11449248712713805
0,0.2414378748725818
0,0.23607639932613117
1,0.3000473065254282
1,0.8371520578679256
1,0.6353812318956759
1,0.6589277155551804
1,0.6226481257207844
0,0.33063686194469183
1,0.5919945183170169
1,0.8182588801595074
1,0.6103465438393721
1,0.7867270252439108
0,0.030306153514266406
1,0.5941650761117211
0,0.5941650761117211
1,0.8245436098389668
0,0.07913046845943146
1,0.7801417630933514
1,0.6947473021941091
0,0.35504373273858425
1,0.9013008386119613
1,0.6811473154424084
1,0.6954074299143315
0,0.18075790772610048
0,0.1831983402340685
0,0.16780513045069134
1,0.8365736860019102
1,0.8365736860019102
1,0.7815346876974841
0,0.4322966510793392
1,0.7967003351609241
1,0.6897374254309059
0,0.06022349747295134
0,0.0830903628632206
0,0.15838646224687614
1,0.4043546303687071
0,0.19797042640216295
0,0.30843057266772594
0,0.13372627472394855
0,0.4171667061026944
0,0.2248890802472694
1,0.9911637709941528
0,0.06433906242282536
0,0.07905977902543639
1,0.5035384384775121
0,0.06220119238035541
1,0.9687779101671284
1,0.928782105327877
1,0.928782105327877
0,0.2039868487694178
1,0.8064384243241097
1,0.7690381759759907
0,0.03928070098416039
1,0.980482007962809
1,0.97431707461842
0,0.2128755613141144
1,0.8675153116974226
1,0.876411494064532
1,0.876411494064532
1,0.8529267593864802
0,0.014625228997289325
0,0.19932693184478142
0,0.6542595506671751
0,0.17152848899036263
1,0.8714463667524492
1,0.8714463667524492
0,0.44691657582962024
1,0.4367523369782383
0,0.14118200246904417
0,0.21158732477583905
1,0.6186969179831876
1,0.7262080378571883
0,0.4930889786837425
1,0.7819814789887793
1,0.6002423959804302
0,0.14931785206982845
1,0.961315233102651
1,0.8253567920665451
0,0.15189771325375362
0,0.38484480748841626
0,0.10419495584408192
1,0.9593508024660489
1,0.8826015218363024
1,0.943301239663024
1,0.9198600862411203
0,0.32201281012824345
0,0.1298893262287647
0,0.15156618616564052
0,0.12287147527403315
0,0.1754264579012475
0,0.4025360936743327
0,0.20369404667335125
0,0.12860946581293026
0,0.07748048068332539
0,0.24364228474388816
0,0.531605503579976
0,0.13438131634042477
0,0.09946330187079602
0,0.15209267063249585
1,0.9876753163813686
1,0.9876753163813686
1,0.9876753163813686
1,0.9876753163813686
0,0.3398428121727303
0,0.32287203139645726
1,0.915281543156876
0,0.1612067893059227
0,0.144046941366518
1,0.4097831647327088
1,0.9679959159042746
0,0.6040847876299438
0,0.056055632266636166
0,0.04487711522838678
0,0.04487711522838678
1,0.9886367796196612
1,0.9890804293611674
1,0.9688185379227435
1,0.9886367796196612
0,0.05800809531189089
1,0.11259257253971224
0,0.19343832078980266
1,0.8910016630647302
1,0.5099340076229566
0,0.6258955093623212
0,0.5026480470069619
1,0.37722862787389905
0,0.5065748437883532
1,0.7052678513127973
1,0.6170276448885352
1,0.6041590923966507
0,0.3181372260499203
0,0.2457859648486727
0,0.3404706350749953
1,0.2602706685192158
1,0.9550102065338137
0,0.1837431217840555
0,0.07592827162207788
0,0.4019791175612916
1,0.94480561436822
0,0.09733632139142812
1,0.8490727828324377
0,0.6919537348890284
0,0.3383651094261451
0,0.447433838504914
1,0.7930370454328276
1,0.7525939671342733
1,0.9221389918431154
1,0.9533790583156198
0,0.2554494019677686
1,0.6447815513701312
1,0.9576442788360675
1,0.9576442788360675
1,0.9349227577622966
1,0.9815041103298334
1,0.8699585896754539
1,0.898093983804841
1,0.9025441728581544
1,0.7245440433612674
0,0.30821368511574354
1,0.6050967006417044
1,0.9360891403235139
1,0.7338203438270728
0,0.7098752061666302
1,0.28330025246144225
1,0.2417558505127543
0,0.042920609454258477
0,0.12390687524750588
0,0.16224775951827686
0,0.11673768827557798
0,0.08049965941326959
0,0.12889750762396385
0,0.1461843751162772
0,0.2078976217773654
0,0.20979709149835182
0,0.1551453587767623
1,0.1985562207568337
0,0.3461120957415002
1,0.859123075427529
1,0.8941358436245395
1,0.9478167750682327
1,0.9478167750682327
1,0.9644593315088649
1,0.9644593315088649
1,0.8819439257628489
1,0.863781100503445
1,0.9582949196973152
1,0.7778785476556263
1,0.9010697284527109
0,0.10208669895797531
1,0.45167736075910037
1,0.524670932933182
0,0.1641135391898875
1,0.6570639029282919
0,0.14701363300718928
0,0.04915356328021641
1,0.36352459619096306
0,0.3586192041565972
0,0.5160882518014824
0,0.3819062713254145
0,0.7756886763559226
1,0.7490520814122932
0,0.5374736735763163
0,0.78820780543401
0,0.7559652004715852
1,0.9349300440170153
1,0.8266027500962153
1,0.8913209546014809
1,0.8983598877499804
1,0.9349300440170153
1,0.9019471070742062
1,0.9349300440170153
1,0.8948543050842086
1,0.9512757671346154
0,0.4889058126319501
0,0.31610052009564565
1,0.7131748299508597
0,0.1855497195455932
1,0.6199157166194541
0,0.20553371335038045
1,0.22273640681621037
0,0.05339058077598422
1,0.9298491843521223
1,0.9537004279000826
1,0.6886549300745378
0,0.4623004195251432
1,0.5957308496635765
0,0.12343954588237253
0,0.37128289269002485
1,0.5943056333115216
0,0.18027979733826976
0,0.2502794351266223
0,0.1476892245830593
0,0.17148036354970966
0,0.5455244790583994
0,0.17340077910551832
0,0.18924441680629145
1,0.2818552379605344
0,0.12519438142766148
1,0.8776624889526288
1,0.38781812660831105
0,0.37166111535245816
1,0.7337017728183066
0,0.0680249818613709
0,0.06928681999977973
1,0.23710164214750346
0,0.19397613291586957
1,0.9082017270037372
0,0.20995433752675574
1,0.8653844695626463
0,0.16731326165995486
0,0.368985499984423
1,0.64364703743569
0,0.2987938964283649
0,0.22561820927234688
0,0.331106741410173
1,0.5782059730731514
1,0.6212167901373531
0,0.32367319020746904
1,0.9664983572099111
0,0.23977106732929518
0,0.18849750770031826
0,0.20790505843065743
0,0.23773083745842627
1,0.8035122992426091
1,0.6922428017086827
1,0.3885084242961336
0,0.11516701511106253
0,0.16552723374434605
0,0.10111246926706792
0,0.4676407389558372
0,0.2525121351312809
1,0.7978301129294355
1,0.7949031119654906
0,0.6681170447976204
0,0.5411510791419221
1,0.6415180451270899
0,0.13749622348907964
0,0.1525573746909557
0,0.3664178410424664
1,0.6038546568755017
1,0.5896879646294165
0,0.18968530153339766
1,0.8547422611431879
0,0.05880702484575463
1,0.9796489713406649
1,0.9796489713406649
0,0.14945665360532015
0,0.1899859343266211
1,0.8002916085563768
0,0.3247417458798788
1,0.663755200922452
0,0.5227193527996146
0,0.025446341222390194
0,0.17162469149153287
0,0.2591721598898363
0,0.2139433430822028
1,0.6655792355592911
0,0.19457788340337145
0,0.21653156748002278
0,0.08700793412208535
0,0.08801326375099806
0,0.10120624860609874
1,0.6683752481893822
0,0.16717622945706984
0,0.2606921199989834
1,0.8233054142803597
1,0.7829781405156482
1,0.21133913964123696
1,0.8646737458041794
1,0.8676425429672786
1,0.9185348528651882
0,0.25751341421043444
0,0.2098732182140998
0,0.11737334255139696
1,0.9195126379109622
1,0.8781703067628621
1,0.972167793330887
1,0.5595093382725018
0,0.11350708846373102
0,0.42602569481973585
0,0.04134514902915971
0,0.34513740409404786
1,0.9292319037822871
1,0.9292319037822871
0,0.18739342870998957
1,0.7495071167898328
1,0.8619242570402355
0,0.14686723110807096
0,0.2683046186154988
0,0.07202482872597703
1,0.28022308879697183
0,0.3286966745413527
0,0.33200854008906605
1,0.970302917854777
1,0.6106057704416262
0,0.48258025491289436
1,0.9742992866282583
0,0.20331959510181669
1,0.9167769184977709
0,0.21881928808400786
1,0.932941256697318
0,0.22100300338060866
0,0.27655130906904596
0,0.4583757479985811
1,0.8551320840593076
1,0.8692253065320319
1,0.6256580323848089
1,0.6556131555479955
1,0.8540397655661937
1,0.8049735871582543
1,0.6993425804106087
1,0.6432432937762597
1,0.7268694731883624
1,0.7653911781278883
1,0.6742810116147735
0,0.08681332794032404
1,0.3193301331740692
1,0.988079228042473
1,0.8457074368281656
0,0.015148886006042332
1,0.6967781605974179
1,0.9874847666195371
1,0.9714122711996294
0,0.22882870913746742
1,0.931559656263959
0,0.06396131519155455
0,0.06396131519155455
0,0.3663615095615771
1,0.8068650547862988
1,0.8953197365758809
1,0.9612386312972505
0,0.025835074944162203
0,0.3181308085837574
0,0.25108741370754056
0,0.06525915577087546
0,0.12343954588237253
0,0.2861660896663764
1,0.27110494523003337
0,0.26734957647551705
1,0.8386144909989419
0,0.724611686387457
1,0.9721502286837783
1,0.9675499728272177
1,0.9830616589821094
1,0.9629168517064496
1,0.9520561075956656
1,0.9830018129619549
1,0.9700265378402267
1,0.9817715711319619
1,0.8431000197317767
1,0.9817715711319619
1,0.9647816511583532
1,0.9565697592099257
1,0.8843656886144033
1,0.9202617673825723
1,0.724611686387457
1,0.9896310752771651
1,0.9747748504159195
1,0.9579006390719675
1,0.9817715711319619
1,0.9565697592099257
1,0.9896310752771651
1,0.9892149907973621
1,0.9921756953114238
1,0.9700265378402267
1,0.9892755223931166
1,0.9896310752771651
1,0.9700265378402267
1,0.9853808333409311
1,0.9853808333409311
1,0.9921756953114238
1,0.9892755223931166
1,0.9918061604199664
1,0.9896310752771651
1,0.9921756953114238
1,0.9892149907973621
1,0.9921756953114238
1,0.9921756953114238
1,0.7245666717193844
1,0.49475425295076236
1,0.6864713167476751
0,0.5839899153750044
0,0.5531062750916795
1,0.8201953898576605
1,0.842291991287306
1,0.615758615478281
1,0.9991273722339711
0,0.1958053415203143
0,0.3669410506465428
0,0.07314487636565735
1,0.6147851472898194
0,0.1660427929365524
0,0.16411930016364049
0,0.18410985920145653
0,0.16002750245712824
1,0.9759546733036113
0,0.06102716941624338
1,0.6464919952956842
1,0.9584457227785483
1,0.9814917908503107
1,0.9448447777764577
1,0.1313980742607243
0,0.05961067424879172
0,0.11044627483926707
0,0.46361089919508586
1,0.546643587584436
0,0.7039843080982304
1,0.46361089919508586
0,0.46361089919508586
1,0.5319418381857823
1,0.39139999331265785
1,0.6171898273200768
1,0.6937200831063551
1,0.6937200831063551
1,0.6674409634687282
1,0.5909381823792229
0,0.14549855059250466
1,0.9851592820221451
1,0.9342523866684107
1,0.9230296871257451
0,0.25262907009578206
1,0.680684815670214
0,0.16055311036458667
1,0.7339157930265742
1,0.9185348528651882
1,0.9383265207800575
0,0.13047792854965823
1,0.3670342187981016
0,0.1748571437902942
0,0.1104199723993804
1,0.5756260845050714
1,0.72375252525462
0,0.16214373718221733
0,0.041237554542957175
0,0.032153470899230555
1,0.910222610251784
0,0.4438327436064708
1,0.9830441910600467
1,0.9651500267446788
1,0.9765800461996696
1,0.9614603814168372
1,0.9651500267446788
1,0.9656818031236287
1,0.9389318334493822
1,0.9656818031236287
1,0.9698119568546514
1,0.9266755237390027
1,0.9636560117790693
1,0.9581868340161731
0,0.11299847658324391
1,0.7760338088410027
1,0.8921237253778017
0,0.30267711433897754
0,0.13443377653692326
0,0.1173645812696933
1,0.39301537627568267
1,0.7372230675606957
1,0.6812428988338881
1,0.8164299129120511
1,0.8639324657877437
1,0.8165212438524178
0,0.14254363215316004
0,0.17240317164870841
1,0.999713238196671
1,0.479839140728136
1,0.8249473825347609
0,0.33032045932238535
1,0.09339726515190182
0,0.7873887124039067
1,0.9700799457258295
0,0.7568418951259489
1,0.9178514746951869
1,0.9089166955467043
1,0.8921805802714275
1,0.9256536951388252
0,0.5285833855889244
0,0.44681248758801206
1,0.28691666435210256
0,0.27319739767003987
0,0.30706760263299937
0,0.1647698123486952
0,0.12216792567940282
0,0.2047586496844679
0,0.6426986664460725
1,0.6812354816087537
1,0.9110741337952849
0,0.018503168095906852
0,0.2046408828398689
0,0.23115888704827306
0,0.23196699402377244
0,0.20001612490568996
0,0.15435222646076807
1,0.8083644290732763
0,0.8039985553478519
0,0.3675722295868696
0,0.17371806492828282
1,0.613011281691971
1,0.8084859335562468
0,0.34359560262641353
0,0.4310109147394944
1,0.22024332641992453
0,0.11634107807147294
0,0.06900558804132494
0,0.1094685823510767
1,0.5409782646719761
1,0.5329290440825254
0,0.2597387397403862
1,0.6737465550649444
0,0.16501332718853534
0,0.2573592377679099
1,0.842185626305588
1,0.8397235586375664
0,0.07152883618674455
0,0.06555899235596935
0,0.5191177234897814
0,0.3295659924522729
0,0.1286965771298301
0,0.2900126391338643
1,0.939176574767364
0,0.07864775463658952
1,0.5285268275453908
0,0.1767544721445583
1,0.5864949275791707
0,0.16312177087119067
0,0.2203266574802396
0,0.0950508888813728
1,0.8547778782243098
1,0.9104184105084789
1,0.8862869731533708
0,0.4222553491572825
1,0.17022012714158505
1,0.4623096854681838
0,0.34614858920417246
0,0.23085493808784255
0,0.34279006019150227
0,0.19537903745767557
0,0.33804744851306034
0,0.01952152725628855
0,0.31868060123241604
1,0.6874885585936344
1,0.741328933960526
1,0.4365011889379345
0,0.5303866654798975
0,0.3788542847686437
0,0.28312123837875236
0,0.2850306249654097
0,0.779230981933694
1,0.8572683075775485
0,0.2758755319867408
0,0.2758755319867408
1,0.5123739654024803
1,0.26475772579243195
0,0.16583665129062092
0,0.3328477442916193
1,0.6640496667318577
1,0.8681086511459539
0,0.8176943433933442
1,0.9285601973800415
1,0.8160230447642146
1,0.9312459173741756
1,0.9183218545506371
1,0.8804522970165121
1,0.9478845138707191
1,0.8964465744310306
1,0.8949543586992454
1,0.8964465744310306
1,0.8245602194478466
1,0.8868903443260163
1,0.8964615140555163
1,0.8176943433933442
0,0.4050233050445933
0,0.25845712961268424
0,0.6663112160486375
0,0.19821787852153736
0,0.6268037728679542
0,0.19995547825920662
0,0.3975694684464939
1,0.9442580053531803
0,0.19369061369317464
0,0.5784536354829068
0,0.5567718241579935
1,0.9775738651952898
0,0.17789888482994748
0,0.36147308318419263
1,0.8808589918124875
1,0.2166337131044661
0,0.5379806989792292
0,0.1375025555673558
0,0.32386390120690633
0,0.21159392753186493
1,0.25019852272859644
0,0.42026447290333224
1,0.8747412021058055
0,0.5147317854181798
0,0.2768447184027933
0,0.1428324205261078
0,0.08078206385106992
0,0.08739848566057404
0,0.3164118804785966
1,0.9392459226538251
0,0.4352236302268414
1,0.6041615729965792
1,0.8494170533392932
1,0.8494170533392932
1,0.5551055984123751
1,0.9844296139752342
1,0.9842433624801027
1,0.983606753329339
1,0.9826468379721074
1,0.9904454466504452
1,0.9826468379721074
1,0.983606753329339
1,0.9855358413004309
1,0.9741994008838522
1,0.9865165105179116
1,0.9486535474897769
1,0.9472615312813292
1,0.9826468379721074
1,0.9855358413004309
1,0.9880101256714066
1,0.9486535474897769
1,0.983606753329339
1,0.9865165105179116
1,0.9865165105179116
1,0.9486535474897769
1,0.88094718811024
1,0.9741994008838522
1,0.9812749813816891
1,0.8397360512581283
0,0.03770210177200948
0,0.10643579998125387
1,0.8270878243265147
0,0.3916642012291271
0,0.3486384424331844
0,0.15224426529150306
1,0.5158481319692827
0,0.32911370932267964
0,0.227028418226922
1,0.9697714945402367
0,0.2326109391325305
0,0.22422226967790618
0,0.21389541700489897
0,0.49490288801259774
1,0.6950581074356188
0,0.2584320928342404
0,0.30515918999857383
0,0.244548304198403
0,0.12289762363300406
0,0.24538333690906694
0,0.4767982385942734
1,0.41396326236676845
1,0.40355769078811543
1,0.3698165086441253
1,0.3841954560882674
1,0.3069985002306801
1,0.3191942230970277
1,0.9870224879161467
0,0.6303662168146158
0,0.41201961517353863
0,0.10319374265390875
0,0.23570435963129213
0,0.22544368445327534
1,0.3523250377621967
0,0.07888463642518055
0,0.1007669010947477
0,0.061990772666574885
0,0.19824660386257104
0,0.10652602926364811
0,0.1061967484144831
0,0.2139286874584952
1,0.6874885585936344
1,0.48182884552717437
1,0.5745792624243985
1,0.21627015056103077
1,0.27932236408134664
1,0.5122907912873018
0,0.49120135541513893
1,0.4336136157605901
1,0.9956423540537042
0,0.24784703032152355
1,0.8439461645761218
1,0.40401482521633525
1,0.839613357487772
0,0.38747546153953993
0,0.25265608152772717
0,0.07022848999789154
0,0.1211228283868693
1,0.6782889209480231
1,0.8836243112460589
1,0.4964628791366832
1,0.6426644342735427
0,0.22084495462266818
1,0.6055793829562465
1,0.9878758718517812
1,0.9742196938854246
1,0.976736448920302
1,0.9663626787236357
1,0.9701743934963123
0,0.015508843250466408
0,0.015508843250466408
0,0.015508843250466408
0,0.39684586116388487
1,0.31934627252875203
1,0.9009580829760264
1,0.8712158848924866
1,0.9895732346522135
1,0.324995732140338
1,0.6806568618943524
1,0.6806568618943524
1,0.97137359574205
1,0.9625471342900884
0,0.07237688967316952
0,0.5547706891827905
0,0.45841172453555
1,0.45841172453555
0,0.15986290050928148
0,0.6568072131744573
0,0.09629013200753869
1,0.9890794301201963
0,0.4790633901180338
1,0.9331501658308405
1,0.3814058121157776
1,0.9216723433074212
0,0.08979983522225679
0,0.23151293037332954
1,0.8305066263663495
0,0.3395301827667113
1,0.8558535295825558
1,0.5566931835091922
1,0.5604968602123253
0,0.44838133020373966
0,0.21644974629257974
0,0.1817344626798887
1,0.5097137693461327
0,0.05797554574483569
0,0.07770444088525813
0,0.35670701631620005
1,0.35143518866124246
1,0.3640912031108195
0,0.39530632025902973
0,0.21021204457309564
0,0.18723416903356277
0,0.6617580066550033
0,0.23128405413380418
0,0.3097838553335542
0,0.23477192720560264
0,0.5311981429382919
1,0.8281062435352494
1,0.7282367624756096
1,0.7478290530182532
1,0.3562688084709938
1,0.5822774914003622
0,0.2999429216583941
0,0.3294840014105151
0,0.3261570873964679
0,0.347436199258213
0,0.31946034297346154
0,0.34265922869086857
1,0.33121840753635207
1,0.33121840753635207
0,0.33121840753635207
0,0.32313183146169805
0,0.34493208149931054
0,0.44929576697761564
1,0.8094542443931124
0,0.413890982823333
1,0.7295700240005669
1,0.7071641315142869
0,0.35418637863779656
1,0.6980800724322384
1,0.31229561077248713
1,0.5441223965476857
1,0.5666762157517168
0,0.3157121379957504
0,0.3082317752866733
0,0.2121667819798093
0,0.27623868758674736
0,0.39832252456718
1,0.34802029193650275
1,0.4528363870737175
0,0.6060705811322801
0,0.16379256872923287
0,0.2525121351312809
1,0.42686846104839193
0,0.32257376806859417
0,0.44955244775774916
1,0.5839266807955646
0,0.1498285810079213
0,0.23634059935021776
0,0.24827506565589919
0,0.09000953750660529
0,0.38879518426278264
0,0.24527342426024226
1,0.9890804293611674
0,0.0926531458496908
0,0.37873691169988677
0,0.6157595540264936
1,0.8206340249400824
1,0.9294607862845666
1,0.9195025050523099
1,0.781858591571972
1,0.9207842772885174
0,0.3909107161392645
0,0.1501283939202986
0,0.11758403717043885
0,0.11758403717043885
0,0.0966177028385429
0,0.41233991948965815
0,0.4171535910593632
1,0.5999734046708827
1,0.8360855646186485
1,0.8360855646186485
1,0.8360855646186485
1,0.5799716872149018
1,0.49213333228397416
0,0.3322369861654658
0,0.4508008119452303
0,0.39447623908381385
0,0.1845190939389761
1,0.5074577978202288
0,0.4353687518470924
0,0.3805835144819645
1,0.5855477189340935
1,0.6904027627704983
0,0.16095207762374475
0,0.45025123974509934
0,0.4549966147171967
0,0.45205676204861056
1,0.6627430406021303
1,0.6627430406021303
0,0.32322537794263906
0,0.7362665855746414
0,0.3904372653926307
1,0.4956844209982249
1,0.7186984832309876
1,0.7186984832309876
0,0.08171033651612543
0,0.19262054173652848
1,0.9177102518195025
0,0.08063522122948631
0,0.35626144656987946
0,0.10473009332004309
0,0.18855576664207932
0,0.14651033213425632
0,0.15574428647358335
0,0.12068037331977696
0,0.09476792209892237
0,0.28625750371107994
0,0.10460294981233866
0,0.21149545047920576
0,0.34175444000201705
0,0.13302302120838852
0,0.1019829159877223
0,0.40611055641542915
1,0.27557509700484467
0,0.4611367912175675
0,0.2510185655953566
0,0.31612625426756286
0,0.30792891238297565
0,0.26467987052030395
0,0.30098317449733236
0,0.3220660303545278
0,0.43131993108573413
1,0.0951233908590659
1,0.759108648406587
1,0.7962342723793854
0,0.4262619361255909
1,0.7617543552605963
1,0.5680813754356033
0,0.1231754792253251
1,0.9378814042824971
1,0.7336712191136276
1,0.346700121463691
1,0.7835926761536194
1,0.25617210389013306
1,0.17309554129881047
0,0.1979642292198894
1,0.7230279253491362
1,0.6577558957180287
0,0.3445095936494742
0,0.2418699625364202
0,0.39414782774512713
1,0.6432103545662403
1,0.8908181404408695
0,0.5613053053723234
1,0.8593541595036435
1,0.7731489298439569
0,0.3807184662544348
0,0.42177864759061884
0,0.5726543502504091
0,0.2241184394511756
1,0.4714171691017615
1,0.8150323390624428
1,0.9064146288491548
1,0.5880346685392901
0,0.5939373580948076
1,0.8341295701773831
1,0.9195774798333143
1,0.14343381766479354
1,0.6720092369828851
1,0.9691330328093943
1,0.9646148548874366
1,0.9691330328093943
1,0.9691330328093943
0,0.5138846806068774
0,0.08317578356605554
0,0.0781630808685389
0,0.5486477200070216
0,0.42662092690299264
1,0.17961977025967366
1,0.6860964048049882
0,0.2443102878233755
0,0.6922582805544788
0,0.280543063280783
0,0.318933397616772
0,0.3066524120464346
0,0.4138534355320572
0,0.31649534319051575
0,0.6274539811015459
0,0.10399868661254132
0,0.29850366689814095
0,0.15290825377585818
1,0.6189950640771565
0,0.08634450517426207
0,0.2566521474563811
1,0.9231941719251786
1,0.7245442879202973
0,0.07133585852592479
0,0.2642656490803675
0,0.32993183704813345
0,0.019805915095807227
0,0.4772485083885166
1,0.8613615041918451
1,0.675216586161934
0,0.19307329198514828
1,0.7372936165937605
0,0.21416168666363328
1,0.7141788947465153
0,0.6119416440536668
0,0.656889603228325
0,0.5932009721347811
0,0.6119416440536668
1,0.8770322798945241
1,0.6189688552005075
1,0.5348677307558743
1,0.5932009721347811
1,0.6119416440536668
1,0.7169682350655993
1,0.7169682350655993
0,0.1757051409709302
1,0.7622186569690599
1,0.5172064891512863
1,0.8486781239648682
1,0.8386441132509713
0,0.20309068846991793
1,0.27701860795142036
0,0.08643276333287495
0,0.07010551927180933
0,0.18692839162281802
1,0.5876529348373938
1,0.8249473825347609
1,0.9369425633753163
1,0.368525335029589
1,0.5182500111256922
0,0.1556825608761657
1,0.6142718940082398
1,0.760245626189638
1,0.44111080502072525
1,0.26057489005745443
1,0.3073839784071709
1,0.2268783563887814
1,0.9490958043042084
0,0.07534322569045263
0,0.4889587450234397
1,0.9186053717227072
0,0.13208333847448364
0,0.3170776405228826
0,0.09905119910102847
0,0.5506214234337883
0,0.2930825037138011
1,0.8157715189355366
0,0.10930863484282535
0,0.3483923030501424
1,0.6178437633932027
1,0.8422157102916119
1,0.875471940256713
0,0.5032740391014308
0,0.3835044601924681
1,0.9714479948342506
1,0.98924983046902
1,0.969709754287161
0,0.3380659392889838
1,0.826683392453693
0,0.6112480759476566
0,0.43060830239963277
0,0.1942006333382129
1,0.8815113222746155
1,0.8294261284469463
1,0.8294261284469463
1,0.9035876009377755
1,0.9100875041529296
1,0.8899318953756468
1,0.8699155374964888
1,0.8344124632291172
1,0.8778676436940367
1,0.8294261284469463
1,0.9317905213061359
1,0.8815113222746155
1,0.9227232968268073
1,0.39175403573877726
0,0.18394451979847354
1,0.7046093467620057
0,0.17351644663739435
1,0.6628564976529765
1,0.9518771250850088
1,0.968113005400924
0,0.37498652522529935
0,0.443002690793472
0,0.17242370347339786
0,0.10849693237847222
1,0.9161988145612814
0,0.5027789216716112
1,0.6308243975672154
0,0.4808359589026428
1,0.5471566581873609
1,0.6987937468090227
1,0.8334432961279046
1,0.669673828758895
1,0.6086487353978006
1,0.7518295930118417
1,0.7648066546675335
1,0.5586793754210975
1,0.8183963129496823
1,0.8194972947273429
1,0.9189094451874882
1,0.9874192483904078
1,0.9874192483904078
0,0.11246828303117715
1,0.9068662606018306
0,0.2318196176132963
0,0.1920985011392293
1,0.4634496525533062
1,0.45860217131115905
0,0.2736880059130416
0,0.544537252744978
0,0.5094408755364467
0,0.19667422636703363
1,0.7517480290449702
1,0.9337851176368964
0,0.14457090550608157
1,0.7200991910047467
1,0.8179258429479825
1,0.9207842772885174
0,0.11838236848881244
0,0.3464879521073932
1,0.8328827169691768
0,0.286930712036534
1,0.5249241930508762
0,0.10142886548124092
1,0.790826545960814
1,0.7361990905153689
0,0.013078583015648544
1,0.8815301442214034
1,0.6715781595953543
0,0.049346708817027844
1,0.8553918522561288
1,0.9255113578681101
1,0.8406365392366605
1,0.7847925317531159
1,0.9571267857815317
1,0.5104594093637901
1,0.8821253085517942
1,0.9545705875499387
0,0.29976426067169587
0,0.6566301883956412
1,0.9371878853655763
0,0.09990804475424378
1,0.7974996016323123
0,0.18599039306602944
1,0.3388627725934121
1,0.8320158509409956
0,0.368985499984423
0,0.5726773840510353
0,0.3868278517811234
0,0.035774616300475875
0,0.2119500588146879
0,0.1655694983393572
0,0.19765389160293506
0,0.34078274581859175
1,0.5146931053671001
0,0.34982246692350144
0,0.0579818804323786
0,0.08188644589661187
0,0.6051520777723227
1,0.8535673044163411
1,0.9893308558664593
1,0.9893308558664593
1,0.9893308558664593
1,0.9893308558664593
1,0.8576651213922971
0,0.4250495336239399
1,0.4759550351498712
1,0.2890936692108816
0,0.12822984208664454
1,0.8770417793330844
1,0.999876835995161
0,0.054481417737797924
0,0.232973443767085
0,0.15611549283693568
1,0.998178563244318
1,0.998178563244318
1,0.9927558995406288
1,0.9634689281182833
1,0.9927558995406288
0,0.07728180624041275
0,0.05851233399075709
0,0.2769095750804859
0,0.31310627808446945
1,0.408847898354181
0,0.015841121789016557
0,0.16700572719563297
0,0.335810599075563
0,0.12453578163831655
1,0.8416492334826746
1,0.964563054916409
1,0.8910066772292746
1,0.8808945728832691
0,0.730258575110839
0,0.11574397353091316
1,0.7093128030872619
1,0.7656216816680993
0,0.27972128089462583
0,0.28546350450912805
0,0.18323561164705912
0,0.05533127204988403
0,0.5673427005031371
1,0.44582769484227047
1,0.8926883546427152
1,0.17774586710850507
1,0.6783515626505592
0,0.01281199019305323
0,0.015760078401169733
1,0.6836748083755657
1,0.33128632877794173
1,0.6276253289440963
1,0.5195354683822545
1,0.7450089464983555
1,0.4909476505252754
0,0.26336957937943595
0,0.21678484309772486
0,0.3995290165229109
0,0.412982278188325
1,0.6140906601008839
0,0.11224569035648754
1,0.9458853420324123
1,0.8598184920311437
0,0.15087060822593676
0,0.15737659085886882
0,0.26654105192743593
0,0.08759579267065891
1,0.9608686070093311
1,0.4233422562348519
1,0.9043434480196273
0,0.21119154597411927
0,0.21052487561538993
0,0.2350740555362874
1,0.29159836457303423
0,0.10587698211243896
0,0.10161524839023314
0,0.08255190296637349
1,0.3328782860398765
0,0.28814416333004056
1,0.47287090699922857
1,0.7960700248961086
1,0.43822665096427094
0,0.3941238399827181
1,0.8393545060636853
1,0.7305283451378214
1,0.9553645257134779
1,0.8086010770746249
1,0.848446039751616
1,0.7407951711557498
1,0.7407951711557498
0,0.3548232321011526
0,0.3548232321011526
0,0.3548232321011526
1,0.511421126954638
0,0.43791326632239663
1,0.6821295453009151
1,0.9389741732483795
0,0.27275079575988
0,0.24781949772445966
0,0.14991376722121527
0,0.7598782211586662
1,0.6944172820329269
1,0.7681480387787053
0,0.04357384302272335
0,0.03976801726558393
1,0.6660868740984999
1,0.6789697211710312
1,0.776616383321171
0,0.11635740757899946
1,0.7628773261175394
0,0.13831979176803819
1,0.3141737899189245
0,0.06725278623908008
0,0.13008781126746008
0,0.14962848986983804
0,0.32167982712066945
0,0.5122798149327492
0,0.4333893809048091
1,0.5301880961114921
1,0.9436567338138759
1,0.9436567338138759
1,0.9532736409865112
1,0.947648078320805
0,0.28717990857407544
0,0.18445516376466226
0,0.2149269141816216
0,0.3236560103413285
0,0.13582210330999037
0,0.19095757556019155
0,0.41283428614410256
0,0.5340927498567029
1,0.7533042564896322
1,0.9558714873264597
1,0.4663006937476905
1,0.9804932726419836
1,0.5649412404651845
1,0.3434157253936431
0,0.12277528120298824
1,0.26223964081933865
0,0.36531772861509343
0,0.2407329888335961
0,0.42518196981602635
0,0.39810649538533044
0,0.6396390447911875
1,0.9805344434284718
1,0.6597750796438459
0,0.38098632735516313
1,0.815872671024238
0,0.30465979438579005
1,0.9168703492933372
1,0.9213994976628863
1,0.9033469506130521
1,0.9344406552445056
1,0.9557560403694099
0,0.08114730985256656
1,0.9436516330160171
1,0.5422399434115593
0,0.522121783158834
0,0.23773083745842627
0,0.16650905961023488
1,0.9653870002976416
1,0.3511086168740521
0,0.16324217306579375
0,0.13405863659666575
0,0.3637828148585422
1,0.253678367265207
1,0.3559442614038684
0,0.7837556973127001
1,0.9320354375869706
1,0.8404932568791105
0,0.3608231845225418
0,0.44885975823014984
1,0.8579761665457852
1,0.5575481437906598
1,0.4241621621065721
0,0.08218082322341569
1,0.7332414854026266
0,0.3674834904206246
0,0.21991243243294314
1,0.7418266746319697
1,0.15337632853820005
1,0.9414267945133157
0,0.31231292306083674
0,0.5204193467949795
1,0.5204193467949795
1,0.923163395941681
1,0.8521293022692967
0,0.10634409533687926
0,0.06980471511695706
0,0.17251777024941908
0,0.17251777024941908
1,0.8878316538414333
1,0.8878316538414333
1,0.6578790115179247
1,0.8894391698431245
1,0.8775695587278287
1,0.9236388047675259
0,0.13683245888033044
0,0.28973788436916226
0,0.20113440344797467
1,0.8565733125938827
1,0.3900864503228101
1,0.2702642126441171
0,0.2823698880158413
0,0.27361113626622063
0,0.23778095810973496
0,0.03802911315692846
1,0.8324714756982493
0,0.07124134848079991
0,0.13058289321030314
1,0.9837022523722674
1,0.9929150975653541
1,0.9929150975653541
0,0.25862435083994983
0,0.6050294662761104
0,0.26675308811467574
1,0.8821309976792561
1,0.9086426809865737
1,0.8953883261865149
0,0.392217405493864
1,0.9788099078210122
1,0.9821019696150437
1,0.988079228042473
1,0.8066499936012224
1,0.8585234935967786
1,0.6129136478380364
0,0.20169837720389616
0,0.12921865196695684
0,0.10139310154051821
0,0.657459184790503
0,0.36934843055613087
0,0.39532426811363497
1,0.46552335654685606
0,0.14357136581458332
0,0.20797174670204036
0,0.23019231077424487
0,0.20797174670204036
0,0.20797174670204036
1,0.7655784907792371
1,0.618206418098181
1,0.7718134116246711
1,0.6138565995506522
1,0.7686014836774769
1,0.7686014836774769
0,0.24898673148115752
0,0.0808756809235006
0,0.22725655133372974
0,0.1894603621981358
1,0.4365655158743615
0,0.17577511388729358
0,0.22953115591222073
0,0.0894138890552007
1,0.5368215269921611
1,0.7392570767511382
1,0.6149723615905257
0,0.2790833279528481
1,0.5828931811414854
1,0.6331321988731211
0,0.10050460343896861
0,0.24940823532179104
1,0.8865568471796279
0,0.5125099363761904
1,0.8678579412501108
0,0.15995363136549157
0,0.19500039283203216
0,0.2128412167234969
1,0.46581070097154803
1,0.732628403971515
1,0.19134750130591344
1,0.6709211664150068
0,0.7161544307479412
1,0.9114726769458374
0,0.15028584771069914
1,0.17928233041689048
1,0.9100345608495255
0,0.29159836457303423
1,0.6372826875905242
1,0.7934850157217538
0,0.13750966704693648
1,0.5698522162947228
0,0.09749291522744642
0,0.2859756785699337
1,0.8406365392366605
0,0.26610227778191753
0,0.337329510706469
0,0.19867389629170068
0,0.19345724696704425
0,0.16658476079587728
0,0.1713371148875974
0,0.43742870545687274
0,0.2480852108906448
0,0.3657524747156726
0,0.3515557985584808
0,0.19342337292899026
0,0.24135971490919714
0,0.19141571769138932
1,0.6159740858157798
0,0.7587050047875703
0,0.23100402771261244
0,0.2341509368505941
0,0.22451085124926326
0,0.16450376041883982
0,0.1849535332458922
0,0.24073136623200392
0,0.20272766171519177
1,0.4220105010796769
1,0.6584790763835996
1,0.9862570720915212
1,0.9862570720915212
1,0.9862570720915212
1,0.9862570720915212
1,0.9862570720915212
1,0.9862570720915212
1,0.5490994024032688
0,0.14697581206903987
0,0.1465437079032046
1,0.5084863312613298
1,0.8071789866570231
1,0.20086439733385136
0,0.28493490523538767
0,0.35366729981662387
1,0.35461002968547
0,0.19821758844581142
0,0.2846067119708262
0,0.17412680120912236
0,0.28882110720298465
0,0.1665245424885933
0,0.21251739886545387
0,0.2784941748562453
1,0.43010280686730273
0,0.18217819170832608
0,0.10234036080083886
1,0.89573613065023
0,0.1859981606615502
0,0.09298643533056383
1,0.8696278504366356
1,0.879370541724657
1,0.7363467061025107
0,0.15555766647764685
1,0.7542239136126436
1,0.591587765472253
0,0.23541836104413602
0,0.24967484117409214
0,0.3028318229540835
1,0.7018931955951799
1,0.5722622112229226
0,0.0424250560302616
0,0.20645943701932468
0,0.3435311237453913
1,0.8150323390624428
1,0.7848543682356247
0,0.1587204220278933
1,0.507270539501882
1,0.6897939217862531
1,0.7447445089431873
0,0.2781923762387452
1,0.6184019024616416
0,0.3393380568260664
0,0.44802139435810734
0,0.3787888221492713
0,0.18360287326765196
0,0.19952422580101054
0,0.0682737523700738
1,0.7656216816680993
0,0.11887734233128401
1,0.6694588452278804
1,0.7077346955367833
1,0.6189552244815043
1,0.881977004605053
1,0.8411662529970658
1,0.7077346955367833
1,0.8855388245125174
1,0.7150531578234988
1,0.7559311410730193
1,0.8148493616312703
0,0.6694588452278804
0,0.6566077792482581
1,0.5827858611021485
1,0.3401620992378323
1,0.6613602695321983
0,0.3929722185008082
1,0.48600244671198817
1,0.30409087041705796
1,0.2935171873751719
1,0.41752839130059105
1,0.936034784868702
0,0.21061187193681496
1,0.6649105941366017
1,0.2236698029850794
1,0.22856430116580778
0,0.13084222409574417
0,0.21360582551453258
0,0.4144256532030805
0,0.5268394384049445
0,0.10138130087230324
0,0.08661714493331257
0,0.3479814243048195
1,0.7792860879165228
0,0.30861937385768046
0,0.26884643404160635
0,0.04415634620410349
1,0.8267729627684588
0,0.1754493279198145
0,0.27897343007864195
0,0.24633052592396107
0,0.2616934325182159
0,0.15206869936290746
0,0.2722750189928102
0,0.5404333797015803
1,0.8917815584063191
1,0.8840396743531606
1,0.8917815584063191
1,0.9321447553561766
1,0.9327703774685616
1,0.942023691877942
1,0.9470443806964494
1,0.968220521242212
1,0.845924114088823
1,0.7672529185277241
0,0.1094964969634281
1,0.8754816053989732
1,0.9703553560203829
1,0.8759809638953016
0,0.22150694428464196
1,0.7331341393148186
0,0.655849094161312
0,0.6662542358591247
0,0.12139808311610988
0,0.1538481907070886
1,0.6056660562947851
0,0.07056834344122988
0,0.279063259697927
0,0.5043710552299044
0,0.31074659062781684
1,0.7965438082965374
0,0.06709834829077935
0,0.06325909548779213
0,0.06709834829077935
0,0.5999639825249307
0,0.2742336488155947
1,0.4452401434397869
0,0.49498328438233913
1,0.3921623456046752
1,0.9608265464898725
1,0.966392183407537
1,0.953131984899121
1,0.9785376674703145
1,0.9767552026425105
1,0.9805812948281563
1,0.977098465468774
1,0.9559996317844552
1,0.9652564674922472
1,0.8624893620129016
1,0.9491882667806046
1,0.9398013366984342
1,0.9796941134538519
1,0.9808511531076468
1,0.9559996317844552
1,0.9577980864891578
1,0.9835350053704915
1,0.8146704934520456
1,0.9778226808024587
1,0.9647737219875923
1,0.9768476690901895
1,0.9649736143071532
1,0.9261003907746467
1,0.9629987792523323
1,0.8030270768358102
1,0.9418957669557906
1,0.9409005515858961
1,0.9324962660761729
1,0.8619460988228301
1,0.884405030976089
1,0.9805812948281563
1,0.7984108673059658
1,0.9381596804807661
1,0.9828056282040095
0,0.5237379766599569
0,0.45648142088203764
1,0.8186249830976062
0,0.48898462312191054
1,0.5796952365722592
0,0.4478963729747454
0,0.2796155195040146
0,0.05056430726597861
0,0.16104698703147416
1,0.885633954192774
1,0.34179228129268713
1,0.22552386956754458
0,0.1364340035411294
0,0.19429369093859608
1,0.5566458306657034
1,0.39918062429727436
0,0.3915393590666449
0,0.09662126559179225
0,0.2772610150605409
0,0.2578002324888577
0,0.38611565475997184
1,0.7154676339057598
1,0.5704980346095269
1,0.5469624959046542
1,0.5540448433626103
0,0.03467491750425568
0,0.05679458672155314
0,0.22036739101225084
0,0.20352132751323787
1,0.5407887840207392
1,0.9298483120452132
0,0.1977602965797
0,0.145605336770006
1,0.799968567202643
1,0.8619034313379405
1,0.7827108405642171
0,0.36861841710011944
0,0.4156900046644137
1,0.4961410879011997
1,0.9302441489893324
0,0.42755809755843444
1,0.6650744959502713
0,0.4311549282891953
0,0.25970000311248986
0,0.10121014198051252
0,0.127216519906793
0,0.0968208103445226
0,0.1324388489424047
0,0.1324388489424047
0,0.11891841921064757
0,0.10121014198051252
0,0.08526912251474551
0,0.08433889668325739
0,0.43592447270050777
0,0.09054506005451084
0,0.1052420782037754
1,0.6132354036021518
1,0.6132354036021518
1,0.27766015345676087
1,0.7293259415035444
1,0.2729682002764202
1,0.8946025041004189
1,0.9596044114360645
1,0.7716652552406374
1,0.9812976862362267
0,0.4491438033941706
0,0.4296290881786801
0,0.14443736874764532
1,0.9193839985504598
0,0.2830346478103089
0,0.16211595776297552
1,0.9647303241353702
0,0.3394769546089184
0,0.19362791096240023
0,0.7631354181666503
1,0.9792722851156699
1,0.6511918334907464
0,0.11134461445407703
0,0.16021512954562478
0,0.09971401142464136
1,0.8581057077448537
1,0.7267364816319772
1,0.9899041834175151
1,0.9899041834175151
1,0.9899041834175151
1,0.9899041834175151
1,0.9899041834175151
1,0.9899041834175151
0,0.026451887914448836
1,0.6636228713481857
1,0.6708603768912658
1,0.5822615474102327
1,0.6673927730484287
0,0.19939592969131553
0,0.11138999869904175
0,0.17276635290914916
1,0.984446147712479
1,0.984446147712479
0,0.055706070443378025
0,0.03352612280427977
1,0.9800479047085323
1,0.9765889920152335
1,0.9800479047085323
1,0.9765889920152335
0,0.30145826693689187
0,0.36229842962942593
1,0.9501994520520279
1,0.8937937252256851
1,0.9394315675485059
1,0.810606203076797
1,0.39701978838718466
0,0.28696006080830694
0,0.1979762992733364
0,0.2847244287479986
0,0.08466484871552321
0,0.045870725707237686
0,0.0737976836715465
0,0.09583029432649143
1,0.49320160646894473
0,0.07342610524575971
0,0.2556112183581659
0,0.45820924944675284
0,0.518868473897826
0,0.24003196246000025
0,0.23843932547504237
0,0.38951920943515855
0,0.37925848085562225
0,0.5866642877471638
0,0.33067850282572986
1,0.6414555567001885
1,0.2945364384172183
1,0.5866642877471638
1,0.5866642877471638
1,0.7430089560570713
1,0.8664976833672984
1,0.6306460460473436
0,0.3526216392072567
1,0.9536890262074667
0,0.22358937866008716
1,0.8538214100598647
1,0.9306001915776757
0,0.74663492096567
0,0.28516958930044584
1,0.27826301415217963
1,0.7033784998874786
0,0.3456994815552909
0,0.1533154204825886
0,0.3907848514064625
0,0.34292239887597536
0,0.6692304414933758
0,0.35339909762331667
1,0.7792660890163994
1,0.6986760914553148
1,0.7849317826431584
0,0.07337800518351735
1,0.28068373767211463
1,0.9107044571879412
1,0.4541013596071995
1,0.4361070773354385
1,0.504677462521533
1,0.8486791572127969
0,0.33320386114777545
1,0.7338678335223014
1,0.7790181114532618
0,0.6117011896568231
1,0.8493104999712856
1,0.43745862347821196
1,0.6455528314260649
1,0.9984492541269162
1,0.9997591201234783
1,0.999589380528735
1,0.999589380528735
1,0.9988617958942545
1,0.998089076076201
1,0.9988617958942545
0,0.19640200286400844
0,0.06461818120018933
0,0.1037829161278893
1,0.8883527676804706
0,0.2744762090156632
1,0.9878316404075228
0,0.123407565790332
0,0.20658321059654577
0,0.2560402420622986
0,0.22351126576799205
1,0.8614404115480747
1,0.7093833129247598
0,0.17931215992746843
0,0.21386748423237223
0,0.23435832801703116
1,0.4364585939490175
0,0.27115951936025945
1,0.6845335756818959
1,0.470355397254671
0,0.470355397254671
0,0.470355397254671
0,0.27341626695829496
0,0.40267069256963056
1,0.9036021057703644
1,0.8053094755407627
1,0.540344327242658
0,0.23729368070811785
0,0.15751806013496544
1,0.4172086735072578
0,0.38928889234025055
0,0.4255708709153059
0,0.2650634921334003
0,0.32288315292740094
0,0.2035144150239388
1,0.8236416242616025
1,0.844065424607079
0,0.05225014009572927
0,0.06175141876795067
0,0.057897061200812734
1,0.9802783469633403
1,0.9796206639388287
1,0.9574573297805711
1,0.9897264900419332
0,0.17303995997617883
1,0.8875004605162529
0,0.3981621036367186
1,0.9341239640925643
0,0.5187823076955569
0,0.18215604110065933
1,0.9330877061068662
0,0.08251461212353743
0,0.24043476817712434
0,0.13914039849713783
0,0.1367256995189071
0,0.3067280547552659
0,0.39491976760067066
1,0.7903497627815745
0,0.46284704864099185
0,0.22148915116054704
0,0.5464272368036859
0,0.3149975965497334
0,0.28030891131869384
0,0.03288052001458135
0,0.024238512031690085
0,0.030405344552927333
1,0.4428432689665932
0,0.16936906365055304
0,0.16839367515566755
1,0.6738654837611381
1,0.9829750408357651
1,0.6555551003949939
1,0.6981479632078005
0,0.026645196994609276
0,0.028395564195300975
1,0.7938811917422955
1,0.4783679090941481
0,0.401308780031892
0,0.41526713641931046
0,0.2058708514315933
0,0.758617227130534
0,0.2575123662427758
1,0.8671472731161729
1,0.17514709174207754
0,0.19013084917844858
1,0.8763181622800414
1,0.5829888932599022
1,0.9462326955496274
0,0.23967759004633207
0,0.21489413916537317
0,0.27761176059938797
0,0.28977624136019087
0,0.13033521404823767
1,0.8860822976767341
0,0.22547422642800924
0,0.3344309045780064
1,0.9379940820184811
1,0.6844930207299044
1,0.5404934798002035
1,0.7986033216682535
0,0.22954319189783876
1,0.4962860932455142
0,0.18552537854893103
0,0.09113447374969945
1,0.83097672351242
0,0.5478396253745037
0,0.35546223846160246
0,0.4392152792343143
1,0.9498796894978554
0,0.07190088550452947
1,0.7941068051361453
0,0.20351922945209763
1,0.8490731288089812
1,0.9265338197703928
0,0.2800586634609752
0,0.2924635464686638
0,0.037132081756479
0,0.06677148530632449
1,0.8908381098138255
0,0.4405548713705078
1,0.342659347571426
0,0.0624704538005704
0,0.026916696358379042
0,0.12741601048979784
0,0.17459671536542223
1,0.917692829098726
1,0.47052262753450347
1,0.9884564703227612
1,0.9065059107813909
1,0.9601816284062414
0,0.42836510537418826
1,0.4309262126884374
1,0.5323634355345982
0,0.2641573670567907
0,0.1732992358614443
0,0.2268206406161808
0,0.12420585902682607
1,0.9893368585335472
1,0.5912413672588721
0,0.22296544598577958
0,0.32568196081469697
1,0.734191717032026
0,0.44036209772101353
1,0.28967619422458035
0,0.07267483362930023
1,0.9331501658308405
0,0.6440061207082058
1,0.29792575540144034
1,0.3140862552893812
1,0.5109303141596039
0,0.26514018404819284
1,0.659917159850985
0,0.38493197884799196
0,0.17238001661382357
0,0.620417660487322
0,0.15157967090881974
0,0.22666733577305437
0,0.15157967090881974
1,0.8956948415567475
0,0.09545567397899825
1,0.843420159772309
1,0.8401608420162578
0,0.3328521377194654
0,0.1262026833627971
0,0.2340429515745113
1,0.35538941265601953
0,0.1732137358175808
0,0.12497578203451917
1,0.8927919336847676
1,0.38608611587040914
0,0.2062384958570132
1,0.4355011574232092
0,0.2856721252752225
0,0.039264460398423726
0,0.2278364122139795
1,0.9905938266558042
1,0.27576633887448215
0,0.06041117801300764
0,0.3493486807914105
1,0.9520777938638657
1,0.9617245006710996
1,0.9617245006710996
1,0.9494385196240465
0,0.23230499228080392
0,0.23230499228080392
1,0.7199673585875587
1,0.8599075711830672
0,0.18301296047288595
0,0.3220430320556041
0,0.37384356190040563
0,0.08894786979577811
1,0.9765486997095244
0,0.08155501094690717
0,0.5603142587444225
0,0.18787546305535938
1,0.7589654594423341
0,0.2114917190012983
1,0.849201894666766
0,0.2538707302512183
1,0.9534858852738074
0,0.05807429936298232
0,0.28384538416035804
1,0.3420860279451939
1,0.8094052588187459
1,0.4876734832676907
1,0.899155972913943
1,0.9278845470674436
1,0.7946484848609063
0,0.4017636257886429
1,0.3555221135603959
1,0.9340552007147882
1,0.9340552007147882
0,0.35358014410005195
0,0.1836093063231058
1,0.8298425142425594
1,0.8691834750850255
0,0.14159463675476458
0,0.08281137976217971
0,0.08281137976217971
0,0.11031175201044674
1,0.8836138292220764
0,0.7436691769759884
1,0.8398362129928958
1,0.9552431896099068
1,0.5590418919532493
1,0.33732836064689653
0,0.2800157518970637
0,0.17728295101462782
1,0.864788678349258
0,0.19203026693645936
1,0.9742686305251118
0,0.2608805432515706
1,0.3530845637724232
0,0.4588987447272243
0,0.05258061986415867
0,0.24239809148685268
0,0.40028795978395726
1,0.49567657415504623
1,0.7839914863180178
0,0.0972145076789055
1,0.8603341704260509
1,0.9526172107845611
0,0.6414188381856348
0,0.37918835889169117
0,0.17698237143297318
0,0.14025939478570135
0,0.20830938256292586
1,0.9866562084821348
1,0.9866562084821348
1,0.9866562084821348
0,0.44805634686384516
0,0.0969923552333025
0,0.10738222116630552
1,0.603661592980605
0,0.4118300963599775
0,0.3335501934410126
0,0.3934209261784427
1,0.861054586925479
1,0.6507003666388079
1,0.8275848156550158
1,0.3219239135533819
1,0.7346067379835983
1,0.49664631060374426
0,0.4583689432257599
1,0.37328348970517855
0,0.6810012099410695
1,0.8573286633071997
0,0.18639724481288525
0,0.14832473442262262
1,0.7821409310620556
1,0.7040140718841541
1,0.45143523072200026
1,0.458854651190404
1,0.9451082477006347
0,0.1684568064610749
0,0.4068558954688967
0,0.14954637732560744
0,0.21086290981384923
1,0.2575544036757457
0,0.23829473053497163
1,0.9725680774068673
0,0.09780578650268215
0,0.20602605594865325
0,0.45831883409849294
0,0.30266593290993654
0,0.2560070364105256
0,0.3658446501877233
0,0.7301995273143553
0,0.23781450723503939
0,0.6162257110103554
0,0.9102907638192299
1,0.6166767312449706
1,0.9910603808652331
1,0.9910603808652331
1,0.9910603808652331
1,0.9827628258366151
1,0.9910603808652331
1,0.9910603808652331
0,0.03500713885949191
1,0.9507505017366936
1,0.7294398716768838
0,0.4602906778954616
0,0.6457679187896276
1,0.8839648867954915
1,0.8876359524696554
0,0.15288213518974883
1,0.6883495560401948
1,0.5773345153453946
1,0.6701956295592538
1,0.7558221738663765
0,0.43695422176865467
0,0.19914984811648864
0,0.15112581241097245
0,0.13093267026578792
0,0.1917016068974927
0,0.1597989315705604
0,0.20991072820990547
0,0.19815015291322044
0,0.22285070439183408
1,0.8070554936688172
1,0.9352580549458048
1,0.9352580549458048
0,0.3820741284250696
1,0.8397738646535737
1,0.24158734002841434
0,0.3476539338983554
0,0.2216335143881847
0,0.13353293314891537
0,0.15984948463552173
0,0.06950410473285488
0,0.08320537700976817
1,0.9403098448025051
0,0.10367419846807066
1,0.9043922266528233
0,0.3116969892774168
1,0.7740993733127192
1,0.8954755866895914
1,0.9893218444857551
1,0.9892352417946138
1,0.9892352417946138
1,0.9947645181224266
1,0.6859684787680258
0,0.4063320034782717
0,0.19108415800824052
1,0.4774239506323483
1,0.38222693410948505
1,0.35642558162462296
0,0.26754275613586165
0,0.06783442019752993
0,0.276916694808625
0,0.17645577288965358
0,0.18005973933175076
0,0.14379785100819278
0,0.18639956041623995
0,0.1296691200285912
1,0.20579948052162822
0,0.19523379831419793
0,0.12942546900922847
1,0.2722265922573603
0,0.10253304204543608
0,0.05879956952111394
0,0.05461477470048131
1,0.36839590338696643
1,0.9143301245482329
1,0.9143301245482329
1,0.9023975640063779
1,0.24222949523477663
1,0.6779429385352495
1,0.8705217628696933
1,0.9832811302387677
0,0.1779873313661883
0,0.05686346305390812
0,0.519280905917984
0,0.13265925495695224
0,0.12543509286898766
0,0.512135644785951
1,0.9506937939465033
0,0.11105918388613832
1,0.9546714984811726
0,0.0748547641085157
0,0.17122685440584354
0,0.21767796737167036
1,0.9064183198244703
0,0.16305380703005773
1,0.8129431960162606
1,0.32794501362725387
0,0.16455153249736598
0,0.22392658699919205
1,0.672345584148848
1,0.1459420299787199
0,0.16216564245244083
0,0.10702813993485719
0,0.3104474037986633
0,0.16216273446742605
0,0.16216273446742605
1,0.8806679349806277
1,0.6740446109054808
1,0.5660248875954899
1,0.9187853011986342
1,0.7815526089234616
1,0.7890733343169978
1,0.7403774694244675
1,0.715347502564259
1,0.7402604163980924
0,0.2923387955448836
1,0.6194944982153107
1,0.742712515409354
1,0.8768800363351715
1,0.7943092072770289
1,0.8261974103304178
1,0.7603100446507555
1,0.9365186851006817
1,0.8841388645233671
1,0.8768800363351715
1,0.8936630715643715
1,0.8768800363351715
1,0.8768800363351715
1,0.6384666484485884
1,0.7670702392968625
1,0.8835968721239674
1,0.7771676628212388
1,0.8075726760843268
1,0.6746896827860362
1,0.6082176069816764
1,0.934049402935658
1,0.8207783342129196
1,0.8768800363351715
1,0.8765118700254151
1,0.957281333833763
0,0.3005819731486983
0,0.3447567221992548
0,0.6471286600424547
0,0.44412758353406406
1,0.6859178623241959
1,0.7742935635893398
1,0.7742935635893398
1,0.7650397766558323
0,0.7650397766558323
1,0.7840613377878585
0,0.3527359524921397
1,0.8830965502531324
1,0.8830965502531324
0,0.465876790216463
0,0.4590712703035611
0,0.6899963300823668
1,0.48857951056795657
1,0.9250270235396806
1,0.9735736872384293
0,0.289154094618867
1,0.20629173938811574
0,0.23674869490785777
0,0.045280927574468444
0,0.06898815438525918
0,0.051575298721183854
0,0.08778586840452937
0,0.23308010816437974
0,0.2218040461312112
0,0.3979239740632615
1,0.8554188319697534
0,0.6073411367912925
0,0.12161995030230684
1,0.7478605592946491
0,0.3109478531913605
0,0.39084923526405596
1,0.8521268034993352
1,0.696941750288742
0,0.17889837475147224
0,0.329104787228548
0,0.3124784717925438
0,0.21036408717052857
1,0.8458003895339741
0,0.14328699545114595
0,0.1439902193821291
1,0.2509582508235068
0,0.21719363497376484
0,0.3024756961461414
0,0.19665058687802137
0,0.19586599387713227
0,0.3024756961461414
0,0.18172577141757695
0,0.19586599387713227
0,0.19586599387713227
0,0.1475098894201125
0,0.1475098894201125
0,0.0787332986836162
0,0.3024756961461414
0,0.5658021399298878
0,0.5753795233152775
0,0.2253915536580589
1,0.6400129463429112
1,0.8472429410132191
1,0.6087708941062224
1,0.697509201968572
1,0.9019835044337716
0,0.20389722193020016
0,0.20034725672571757
1,0.7213185457382394
1,0.4906591102304791
1,0.4764912724736514
1,0.560326848681676
1,0.75474709134681
0,0.17331930811125673
1,0.5675548827985931
0,0.27365071413703934
1,0.7240966192057875
0,0.21649830786799892
1,0.9477634672803238
0,0.3066029693298512
1,0.8910426135257695
1,0.5960449309358652
1,0.6290720501090514
0,0.47986519914621323
1,0.6472327466901839
0,0.3058375930309915
0,0.10066071108178161
0,0.15957158020120923
0,0.19180017771241686
0,0.19180017771241686
0,0.2661781662996202
1,0.6795060100958109
1,0.5682070613743684
1,0.8291909931411717
1,0.6942110500209056
1,0.5202789818116043
0,0.014538459936322785
0,0.3390103287173307
1,0.8275189974171951
1,0.31601198957488413
1,0.677508635694099
1,0.8919286279609785
1,0.73666645352337
1,0.259604923277403
1,0.5354419157162773
1,0.5524024352400114
0,0.07841564613471758
1,0.9324737528057112
1,0.9335284152237132
1,0.9402886977494449
1,0.8448667224533014
0,0.19678744347358657
0,0.24937755646923587
0,0.27937178755692493
1,0.3298447346620271
0,0.1716396037263875
1,0.8981709069203009
0,0.19838506161092634
1,0.9423619427330567
0,0.7188916708808987
0,0.10558804482351004
1,0.27612911670142576
0,0.1937975745206681
0,0.19796024933602654
1,0.9589539980307817
1,0.6922657480747553
1,0.5586279549396405
1,0.7684795796464821
1,0.9826261966705524
1,0.9086800747074183
1,0.9648107337282694
1,0.9296173048773414
1,0.9296173048773414
0,0.3816762271552491
1,0.8324788723471842
1,0.65418753542481
0,0.18435622631770981
0,0.2938543170080947
0,0.11742979785008054
1,0.8444298260062479
1,0.2441334995875976
1,0.867968042317062
0,0.09446898186442128
1,0.7923328670900611
1,0.7957673573998898
1,0.7556729255951259
0,0.10421651916711218
0,0.4023017288922792
0,0.2016266181536346
0,0.1657153610644127
1,0.1365299645122398
1,0.9836559599999964
0,0.079555513536498
1,0.8055692742362011
0,0.1608389272010998
1,0.8303347787690182
1,0.9055738550922581
1,0.8868396259540238
1,0.6130006499530524
0,0.8440797977501693
1,0.7973764659958688
1,0.8410073015037876
1,0.8111684158233551
0,0.2979788381281102
1,0.9697714945402367
0,0.23105759115263572
0,0.6012270901296788
1,0.3404768113186657
0,0.11788765822633558
1,0.9074865611051243
1,0.2648847121028913
0,0.3975023751068076
0,0.38164684300967644
0,0.10236631490003313
0,0.04868342451177969
0,0.10485811211990892
1,0.9941240004159139
0,0.4585442067258489
0,0.28787229436540296
1,0.8596753630176968
0,0.5993148531619187
0,0.17780355899755346
1,0.7104577011195538
1,0.8220460309118658
1,0.743663004473028
1,0.7479324775053235
0,0.4988141929648667
0,0.04241260520112074
0,0.21176676326672703
0,0.15085357546045414
0,0.20160053253708454
1,0.8351969029267529
0,0.2339567211803458
0,0.4556582617918813
0,0.809891203892143
0,0.20338082568927676
1,0.4792144780672002
0,0.30956817254888713
1,0.8803677000743939
0,0.04226350872710761
0,0.37636992348054593
0,0.37636992348054593
1,0.4023681366988051
1,0.16036140069205304
1,0.1579696944576921
1,0.4985633534481981
0,0.26395797443363866
0,0.43373463683304553
0,0.4505009566312963
0,0.43373463683304553
0,0.4505009566312963
0,0.39197328132942
0,0.40976402017607877
0,0.5073422385412149
0,0.34333855351444753
0,0.5073422385412149
0,0.4139777342129124
0,0.3426881807113042
0,0.4139777342129124
0,0.29563093378078936
1,0.43373463683304553
1,0.5328334585702837
1,0.34333855351444753
0,0.13454888127133915
1,0.9412899769629529
1,0.7748373909853173
0,0.680403806856724
1,0.6824067714534895
1,0.6824067714534895
0,0.6851313140296856
0,0.48163916990892547
0,0.33779213018728793
0,0.16271280164580676
0,0.2411348068692742
1,0.6176023999901259
0,0.10699165773536677
1,0.4988849900828414
1,0.6370616630206112
0,0.37266956902736054
0,0.06839530385887102
0,0.07471380219090051
1,0.9723167793016555
1,0.5056579515899251
0,0.09793157073016463
0,0.19145902267673573
1,0.49737185871227835
1,0.40006040251433805
1,0.7569260358892343
1,0.6753307163072675
1,0.46666615360162006
1,0.42862711675854365
1,0.7200913816816309
0,0.29093402076612107
0,0.3427678107245143
0,0.3712767452697848
0,0.22463174561648822
0,0.4406914588519142
0,0.20737289131524958
0,0.1740479623231759
0,0.2646041885166079
0,0.15528711156312228
0,0.20491428629540784
1,0.5771983564590152
0,0.2894609995546451
0,0.050900526901525474
1,0.5018152667000869
0,0.23131282225093294
0,0.3765857125419604
1,0.9112305664022221
0,0.3434936517694741
0,0.2104676626868059
0,0.2104676626868059
0,0.12434714488752519
0,0.07968656148087576
0,0.26533113355519167
0,0.1324330646111399
0,0.07768365389469746
0,0.18148935545409908
0,0.04674700112297827
0,0.19894607981814338
0,0.14553821732392755
0,0.26748175062024593
0,0.07174947932930645
0,0.30766023497522454
0,0.08735635629507575
1,0.14942069093778465
0,0.38904683667916057
1,0.9805060328766184
0,0.03396407702334828
0,0.2751539353224998
0,0.09513781904091972
0,0.07867455956003355
1,0.9763388386622369
1,0.9763388386622369
1,0.9763388386622369
1,0.9831231504379238
1,0.9723516923343903
1,0.9831231504379238
1,0.9813826371488592
1,0.9721924764365144
1,0.9723516923343903
1,0.9813826371488592
1,0.9763408111059111
1,0.9451777179674482
1,0.9789161077668443
1,0.8818133458533238
0,0.29896167680403035
0,0.3010630663068371
0,0.3345665893536916
0,0.4411252223849688
0,0.08774644775243183
0,0.10914672762602035
1,0.7615069928235085
1,0.9758473695655621
1,0.8405289515210109
0,0.33010648389758546
0,0.30942369969358174
1,0.28577839905886415
1,0.32131675245937436
1,0.7123757056988838
0,0.3470210662584369
0,0.19709243676899454
0,0.2572132423046026
0,0.11850216945120305
1,0.8097292360191406
0,0.5176029878674832
0,0.5162192275117606
0,0.1147588006409892
0,0.025898556131688396
0,0.09101322504984803
1,0.9270866271187679
0,0.2977384750459292
1,0.7825840844062912
0,0.6641619491915924
1,0.6195223706547005
1,0.948505930730466
1,0.9495792518357903
0,0.8324221579451735
1,0.8883509617035077
1,0.8923499122615374
1,0.949178847975414
1,0.7403879936159065
1,0.8992559286010399
1,0.889057331057925
1,0.8871149022958104
1,0.8976555427760701
1,0.34152269952625114
1,0.49979491320092273
0,0.19698639904318127
0,0.2499449246306893
1,0.5441537544338743
1,0.9530335317535353
1,0.972053049747125
1,0.9266643627342485
1,0.15725019142106156
1,0.8141698066781013
0,0.14140080554971357
1,0.5794013213423607
0,0.1784676700176753
0,0.187231161735774
0,0.08898558312951216
1,0.9936838070881531
1,0.9945689000933885
1,0.9936838070881531
0,0.23354193267375886
0,0.13867897858102327
0,0.08680304385443945
0,0.1399898306558035
1,0.9050528980646562
1,0.8877050419394551
1,0.9510703478834804
1,0.9223776665788962
0,0.05882095607230263
0,0.10242999490876291
0,0.04560824831154547
0,0.0856363361745314
0,0.014476791458478555
1,0.2579483206501304
1,0.8002916085563768
0,0.3021399416861885
1,0.966375685654907
1,0.8193585268935999
1,0.9394481041502554
1,0.6846420968010029
1,0.6211653433821741
0,0.23157418309225242
1,0.9827213578097945
1,0.9423514746396244
1,0.9534427191600904
0,0.404113294439958
1,0.6163199804087007
0,0.5128884121842898
0,0.12495213891406119
0,0.08322415637533116
0,0.22737839069737004
1,0.7811039347083083
0,0.768372553356376
0,0.21407270134475845
1,0.769470387939457
0,0.05538870689129001
0,0.09665020074092161
0,0.3481960974918145
0,0.10015244438671539
0,0.16364476064625672
0,0.2224564051152563
1,0.5009281709855723
0,0.20110296054297394
0,0.026676936499105304
0,0.02446544650187506
0,0.026676936499105304
1,0.9443609478185614
1,0.9417950421621928
0,0.32551870792957155
0,0.0703172844246511
1,0.5080533781518515
0,0.3167530759641384
0,0.3603513904975165
0,0.28571319623697244
0,0.2543997289453547
1,0.7194041472163475
1,0.8072521750899125
0,0.25438628841942895
1,0.7820581651666565
0,0.4927821581059079
0,0.30667485286000395
1,0.965367948473129
0,0.4948698084376713
1,0.3466575401527722
0,0.13742143808796695
0,0.13742143808796695
0,0.13742143808796695
0,0.28913689332718573
0,0.4198381030732226
0,0.07091679738160744
0,0.33718337970622836
0,0.3496710646333226
0,0.23399689143238053
1,0.760765050575924
1,0.6488449449144539
0,0.25964468156491005
0,0.3044137685131415
1,0.33080374326189926
0,0.24633748720016757
0,0.10010689217745705
0,0.11321511436654497
1,0.5299642458116046
0,0.17600037437411997
1,0.5198397892648702
1,0.7539553896606846
1,0.5785357353376986
1,0.9162379445687189
1,0.8955476006886044
1,0.8930108250363948
1,0.8458314401994484
0,0.08395740239457881
0,0.3326114666080047
0,0.23445175681559993
0,0.40944304407261783
0,0.32928628880835303
0,0.17131803007743673
0,0.09146710951038835
1,0.6473249058450052
0,0.08515134717394914
0,0.5026120067731674
0,0.19292033617578597
1,0.7444359010406806
1,0.6831433963255726
1,0.9423449034586802
1,0.9806784755606771
0,0.41283428614410256
0,0.42588362246988287
0,0.5287343730292607
0,0.2255736266112882
0,0.16007089489228363
0,0.3408686403033267
0,0.2557473724854833
1,0.7641869915479451
0,0.20367266513408483
0,0.14848607248094534
1,0.8894533495455073
0,0.24311376266022755
0,0.19554386591945633
0,0.19488908492480314
1,0.9434952277428299
1,0.2492695562684513
0,0.09017761138466368
0,0.03867989507817902
1,0.5989099562938246
1,0.4424241951363213
0,0.10134931832541685
1,0.40428637996848116
1,0.18430300864447488
0,0.11332044032718172
0,0.44793938226740226
1,0.7836472961718319
0,0.3344823977275378
1,0.7910543590502317
1,0.8204502893637067
1,0.7566331754225174
1,0.8096822422400065
1,0.9675355478605133
1,0.9445855156357451
1,0.9348549433603041
1,0.9658106142046505
1,0.9690246802797671
1,0.9690246802797671
1,0.985014529376657
1,0.9658106142046505
1,0.9690246802797671
1,0.9731297406432087
1,0.9481348981472313
1,0.9542081946865462
1,0.9675355478605133
1,0.9878474504694594
1,0.9859236758570009
1,0.9692062044673945
1,0.9731297406432087
1,0.962115779325686
1,0.9880386969278806
1,0.985984657147191
1,0.9654838595339021
1,0.1485127589162616
1,0.6350289408126512
1,0.9624152200823571
0,0.2898798869591198
1,0.8889442618617585
1,0.855698722379306
1,0.8653425970453756
0,0.184674315650755
0,0.6178071317344938
0,0.48629997527555063
0,0.22230111550524692
0,0.18507647606351116
0,0.08522658243003442
0,0.8684994777106619
1,0.8655069889940508
1,0.8800593065295309
0,0.8735277658872512
1,0.8735277658872512
1,0.8800593065295309
1,0.8870225905123008
1,0.8735277658872512
1,0.8735277658872512
0,0.11784472042232212
1,0.8132558666498311
1,0.648035949240879
1,0.31645617784209146
0,0.19995547825920662
1,0.8690230962380571
0,0.0926465718948242
1,0.16705056714301544
0,0.19828281051211577
1,0.73861120123649
1,0.481564470364449
0,0.22166470193799565
1,0.3178403540787642
1,0.7170694903751429
0,0.2888995059593006
1,0.8803830658332733
0,0.335410410808449
0,0.35849681948962364
1,0.743686130750965
0,0.07105532346452188
1,0.8720283790132014
0,0.5360385123274576
0,0.18611830060047885
0,0.17022666926505745
1,0.40922153561900904
0,0.17415645036470723
0,0.3840247019455102
1,0.8991554174463869
1,0.9126842475204219
1,0.8074534728441142
0,0.20826052664280015
0,0.18824848092463967
0,0.10543604618158674
1,0.94147193097289
0,0.24392028885694222
1,0.5208177185993902
1,0.6142555586630217
0,0.12272542711867829
0,0.10356530740785762
1,0.7516067879822174
1,0.9590265991579018
0,0.0332333763508051
0,0.18837424623097898
0,0.23010739162446653
0,0.27079085789953583
1,0.40099756658637536
1,0.7090092159991188
1,0.7804836438952625
0,0.24182625529579457
1,0.5530043204731895
1,0.6594342489395658
0,0.2972583061894167
1,0.7474612101587207
1,0.6263020664759846
0,0.15989237227352013
1,0.9193126265310777
0,0.22740904048649957
0,0.4327098701612475
1,0.4545345699412706
0,0.30970369986202323
0,0.7663753720555454
1,0.7077765095132588
0,0.31427031866847543
1,0.668439011539781
1,0.5597201388339761
0,0.6981647000622293
0,0.42091945035310924
1,0.6922763971633713
0,0.3851204527209333
0,0.3851204527209333
1,0.491280439879096
1,0.491280439879096
0,0.5665360982617769
0,0.3851204527209333
1,0.3851204527209333
0,0.3851204527209333
1,0.7229159550593257
0,0.5324576252653569
0,0.8907496582262842
1,0.5775540960322636
1,0.13665979873600234
0,0.03203799385879258
0,0.02877792269428725
1,0.4276894257450838
1,0.5647355023312692
0,0.11968688933754006
0,0.5081304365727326
0,0.15255843677982306
1,0.48842309507650455
0,0.24397731789623153
1,0.7140029706072809
1,0.7743339062434692
1,0.5471820156338595
1,0.8770842216569804
0,0.02599924703352961
1,0.4902117394080674
1,0.5108566178273864
1,0.9636433095460214
0,0.2847367811582139
0,0.2597240626709476
0,0.5482228588622476
0,0.17351156151620822
0,0.0949817636964961
0,0.08765159661726807
0,0.0463459820660148
0,0.057675084705813784
1,0.672764428040508
1,0.9420859223772909
0,0.5863711330369723
0,0.5293534809658657
1,0.8120129211670747
1,0.9862889981687885
1,0.18030591284015327
1,0.6073605877083891
1,0.5682220117951147
0,0.1812112378306594
0,0.2953395288524247
0,0.4160474278400937
0,0.19668713155278572
0,0.32618174172834924
1,0.9492910827994391
1,0.9510233628166274
1,0.9154130583344704
1,0.8365286447725961
1,0.9138043326082501
1,0.8091225300871223
1,0.961885188267751
1,0.9655415913940881
1,0.9366138563530273
1,0.9168677973728673
0,0.6210327155445533
1,0.8789433231694128
0,0.19989433749169275
1,0.11809266621783801
0,0.12045346013105923
1,0.9256830813340031
1,0.8311616617730185
0,0.29945561166255996
1,0.9441276613752229
1,0.5339814463539458
0,0.5621789688173687
1,0.9456393444761101
0,0.43496856755785623
0,0.2761770163231182
1,0.7008940845811582
0,0.1611107648699297
0,0.09539815014048023
0,0.2992330192114331
0,0.1861645607189998
1,0.9579895363926777
0,0.3766838741428296
1,0.7752434162912104
1,0.7709555814082328
1,0.9690814366065895
1,0.9504992162996854
1,0.6930145181207227
1,0.6930145181207227
0,0.3493370151387096
0,0.36132739529318175
0,0.38860997385384105
0,0.1351156972584166
0,0.4116564562933687
0,0.2935433813124425
0,0.17535720080153494
0,0.05572987379318548
1,0.9335809282705633
1,0.9335809282705633
1,0.9335809282705633
1,0.9335809282705633
1,0.5073572222205602
1,0.22006855528698463
1,0.6178150548994524
0,0.6142676035993555
1,0.9602707139873722
0,0.5220923233582825
0,0.3106758620505918
0,0.13351209452364513
1,0.17301134093545256
1,0.934516659600652
0,0.26500000291113707
1,0.7000450378742336
1,0.8279989159362493
0,0.3836005303137228
0,0.24763913264443274
0,0.19752356001706325
1,0.2845600054944899
0,0.06193346664632452
0,0.04511552778009325
0,0.06164311770421906
1,0.3943657509383291
1,0.5246654210651658
1,0.8148400795094775
1,0.7586094829892078
1,0.698196818086135
1,0.6969906942619252
1,0.8992838494668184
1,0.8954623855087783
1,0.9097149804659952
1,0.9390621415931169
1,0.9066995041803574
1,0.5912200731314258
1,0.6888716060299379
1,0.7239397581604761
1,0.764102567925364
1,0.8506277554674506
1,0.8347270604779538
1,0.7577363494743414
1,0.7571147909472726
0,0.1782222993902585
0,0.32192355170607684
0,0.20139265679445875
0,0.23076161331000153
0,0.055443704809564974
1,0.8103413769891314
1,0.8605564986376425
1,0.768186877431805
1,0.8491500540137558
0,0.07487026692739593
1,0.6336304279258019
1,0.39167883304274437
1,0.7338935072115568
1,0.9418150055681703
0,0.24536277243265647
0,0.3576071604939726
0,0.6934763580818806
1,0.20676808749194583
0,0.5664343132094254
0,0.45193600388099103
1,0.8661403243137805
1,0.6877519062335916
1,0.4608240102280796
1,0.9352910504525025
1,0.9352910504525025
1,0.9352910504525025
0,0.270856432319683
0,0.5289856062985799
0,0.26498664886151635
1,0.9331501658308405
0,0.17928463621426957
0,0.4103517666357747
0,0.6527386867123737
1,0.7488720439336486
0,0.35962407277222846
0,0.35962407277222846
0,0.265593684975579
1,0.4908863052480281
0,0.49633145052081845
1,0.8988582401849068
0,0.5579084186588082
1,0.18044843553378598
1,0.9777319244513462
0,0.24155512776202917
0,0.17216143567721123
0,0.2781749508628877
0,0.20261028129378572
0,0.08487976096638025
0,0.285585170464792
0,0.7535911998172812
1,0.35012215303250493
0,0.2483357650096413
0,0.6202855982616252
1,0.5509378404523547
0,0.2951969415561936
0,0.18246633757389238
0,0.13145643290929807
0,0.39143311139100784
1,0.3270068990023437
1,0.8346085051313177
1,0.6898037715236417
0,0.43995794607726574
0,0.2963400196691698
0,0.2684359682257121
0,0.5319676702810671
0,0.4470381312445132
0,0.24712088142020341
0,0.3085754348895727
0,0.3610570336405999
1,0.8297614926662868
1,0.6588276903815985
0,0.24148845961091003
0,0.3165083447024027
1,0.8308843321292161
1,0.7472519411949762
0,0.48162341858638164
0,0.37018541272868116
0,0.2615531785092516
0,0.16437666287418917
0,0.1690307936591894
1,0.4607906197030899
1,0.9996435253015951
0,0.11197964681944186
0,0.5080196521054784
0,0.39349170368247915
0,0.0779852417890849
1,0.8283865743623587
1,0.8283865743623587
1,0.50172491814968
1,0.46022330438464676
1,0.658544207099791
0,0.22537551540316128
0,0.2880192986750584
0,0.44838395147521476
0,0.47566444955731135
0,0.49688082217260043
0,0.4558394556598548
0,0.4907211182107654
1,0.7361315718502219
1,0.6303154666263061
0,0.24741981536371432
1,0.9356631700733802
1,0.3552087221693301
0,0.3863276096290233
1,0.6481988012451765
0,0.14010128503518615
1,0.9524586548038247
0,0.16855181337497316
0,0.17437902987584888
0,0.17548300444153925
0,0.20987034603499885
0,0.30693059159234337
1,0.5861355221585883
0,0.416392010995904
1,0.3621937256836905
0,0.11019754535456759
1,0.6406948057791058
1,0.8902926531964862
1,0.755912110900253
1,0.878540521822742
1,0.9897662512368832
1,0.8704163305090411
1,0.9178444149206669
1,0.9626983906809314
1,0.9522457192577941
1,0.9186055588464094
1,0.9138963052367055
1,0.9233699817653445
1,0.9293488958217745
1,0.878540521822742
1,0.9822059393702309
1,0.905960983130439
1,0.9822059393702309
1,0.9138963052367055
1,0.9626983906809314
0,0.23684956513137181
0,0.21286692193930085
0,0.22944212814980416
0,0.4999619682830494
0,0.06896579112322342
1,0.8898120566435758
0,0.28050649976143704
1,0.45292030858707294
1,0.8668749106932385
1,0.6963549702785782
0,0.3326734596441564
0,0.03379171292357568
0,0.0882907349576259
0,0.3002980611323942
1,0.9736230955981949
0,0.21232169952022925
0,0.16576921638602257
0,0.21356624247053768
1,0.8429805585411789
1,0.4814331736393451
1,0.170288369646723
0,0.041936988841587225
1,0.23110284985608173
0,0.16309468994365417
1,0.39963284594590753
1,0.9136872692516942
1,0.3826587745484697
0,0.1889994468080503
1,0.20809729774668667
1,0.7207474469336159
1,0.61769499283435
0,0.10260048390345665
0,0.21988695396266467
1,0.6426563824724721
0,0.03417869043950425
1,0.8713686502856806
1,0.950188502646632
1,0.9206872108835661
0,0.27368137155940786
0,0.26638147012929675
0,0.13770805666711472
0,0.18204424010053158
0,0.23698387245783378
0,0.10173668444264077
1,0.8987159691337375
1,0.9074093744947014
0,0.8682203459982808
1,0.9074093744947014
1,0.8479439868686066
0,0.13088155686592245
0,0.13088155686592245
0,0.15034277828227305
1,0.47384699474896824
0,0.061170522655718595
0,0.28230745920100686
0,0.3457292925602907
0,0.24953892867163632
1,0.9308572045919246
1,0.5011971663644035
1,0.7962319467241488
0,0.600618104420356
1,0.5932126227894681
1,0.6522177516596454
1,0.7014964253645584
1,0.7573395184715992
1,0.7904675742435099
1,0.7427250273237044
1,0.6638144519203274
0,0.4997442474788194
0,0.18128961201959234
0,0.16845349112697805
1,0.9122739059490238
1,0.851985563789827
1,0.9050717714454563
1,0.7803283333758865
1,0.8657551035941959
1,0.9315980405759111
1,0.8710786913587968
1,0.9352337912639284
1,0.8884777794891815
1,0.9011014353404319
1,0.9536945879593643
1,0.8772990823897954
1,0.8707445541092576
1,0.9141862616733396
1,0.8860822976767341
1,0.8528188434310082
1,0.9301530494075513
1,0.8855890211764866
1,0.6084922553371598
0,0.05753674629836582
1,0.7734546210620613
0,0.2573125729023037
0,0.5620678061996652
0,0.6802439521060993
0,0.06187088887980739
0,0.055650958290110755
0,0.06187088887980739
0,0.11405885448973095
1,0.2831396737380647
1,0.7346125199745758
0,0.11853609311489641
1,0.9020209441045215
1,0.35509549300482374
1,0.8088308327924749
1,0.8353032286776553
1,0.7791742581890736
1,0.8660127782938237
1,0.693359965070722
0,0.36953165032176344
1,0.4938610284207131
0,0.63491498949784
1,0.8881080312257278
1,0.857552014693748
1,0.6468905142999058
1,0.7237979794865402
0,0.30112851020229825
0,0.22797645544982997
0,0.26236361784695056
0,0.3881427553074941
1,0.9981250357826078
1,0.6703811282852553
0,0.18907176947692872
0,0.21423792460455207
0,0.27903976800595715
1,0.4039612929394758
1,0.855412603192489
1,0.8678667503296361
0,0.31134099122282893
0,0.40550597213155937
0,0.037725975461629126
1,0.8620560182257421
1,0.7949031119654906
0,0.5455244790583994
1,0.9816552900582824
1,0.8203831259050316
1,0.8681730507774178
1,0.8583928069122655
0,0.3286870531029157
0,0.3843711800411791
0,0.3536710724570507
0,0.22488322894335103
0,0.39474297732111097
1,0.8471177220129391
1,0.8471177220129391
0,0.250695113015795
1,0.8117992956163197
1,0.7803697251458921
1,0.8853144718520968
0,0.19363623937080715
0,0.09891275580270724
1,0.6315002602214008
1,0.8479657656156347
1,0.5152629232500167
0,0.14593965905659934
0,0.11955082430111878
0,0.1445699316543455
0,0.28045560009530984
1,0.9470387434007149
1,0.4664623244327418
0,0.43439510067331705
1,0.41121846163138603
1,0.2802167104549696
0,0.12224229831919346
0,0.11676224014931189
0,0.11933823258622947
0,0.23951167376191623
0,0.07881780048263679
1,0.7975066035870764
1,0.3619086192460439
0,0.4768269728216828
0,0.41695082963846003
0,0.02343193596475538
0,0.21493406414946226
1,0.9274287427565981
0,0.2457873078756886
1,0.944621476600351
1,0.9480464901503202
1,0.8731757092368108
0,0.26021419214542524
0,0.3796665374223605
0,0.0895121878420733
1,0.6148046614974779
0,0.4229219634576046
0,0.4644322308351605
0,0.49213333228397416
1,0.9784378685622079
0,0.29177492729355203
0,0.11279741938625805
0,0.3829444697253352
0,0.1058190365538987
1,0.6046826749526966
1,0.5483130109363418
1,0.599076518132172
1,0.5082150576185951
1,0.5800918367066012
1,0.6309674627422645
0,0.2645009755936166
0,0.16043505270236616
1,0.8729722899119773
0,0.5084392441050104
0,0.2534470622322322
0,0.04389065791728443
1,0.8025282183884382
1,0.3074449955053927
0,0.36036778612972553
0,0.17525246787963375
1,0.8109517097967164
1,0.5218234257055261
0,0.33200854008906605
0,0.39569442340573485
1,0.9617067632186336
0,0.16505894293899193
0,0.24753994186398584
0,0.06727216299640783
1,0.796323901261799
0,0.3814247101015938
0,0.05137231988015558
0,0.29946536634981363
0,0.11200822777385903
0,0.063106422802627
1,0.8571928847175899
1,0.9328207159276554
0,0.18579837805365798
0,0.31475346234688706
0,0.5391498082002678
1,0.680776551001367
1,0.42402222918533794
0,0.05518728864353158
0,0.05111439825777288
0,0.35232895130055225
0,0.269001232975304
0,0.2555059753831586
0,0.26346776831500685
0,0.4063183830938038
0,0.5243238411470609
0,0.03158879813114791
0,0.2299060322692608
1,0.18338514447803153
1,0.9721266159966792
0,0.16826358050817747
1,0.5099668490420577
0,0.23640708217491457
0,0.2457544581542552
0,0.31310208765227376
1,0.48567640245529997
1,0.39698599884110664
1,0.2830375400339415
1,0.862795872814277
1,0.9675976338807534
0,0.26549915711272326
1,0.8002185769670381
1,0.8002185769670381
0,0.0484285337821028
1,0.902545670258753
0,0.282063124270925
0,0.269954017625647
1,0.7291692458460834
1,0.8365203726793501
1,0.9387375106836688
0,0.29448787338190147
0,0.014563494213925382
0,0.2470612777542138
1,0.9918989742925959
1,0.9287740991040042
0,0.22373635502982206
0,0.6066534944825791
0,0.5245518994479828
0,0.09716423840063002
1,0.39132545933788593
0,0.25755521700852924
0,0.11187296660228409
0,0.14561130583571225
1,0.6411544821123586
0,0.46283511887015594
0,0.2503423416903998
0,0.3329378378538046
0,0.1862355287922024
1,0.24686778581904076
0,0.24353536706160342
0,0.23607533228116967
0,0.270472404129707
0,0.4312063037464796
0,0.3507436266041344
0,0.16690236046699994
0,0.09119051334641505
1,0.2871108225613493
0,0.22220937570079524
0,0.6470800695829505
0,0.268772402825107
0,0.20416186991454224
0,0.5667046241508875
0,0.54487411421998
1,0.9706986262884815
0,0.7238962641219969
1,0.8316412724221567
0,0.11323573820234742
0,0.3512403685276131
0,0.13066123081182815
0,0.11894498492010305
1,0.7311860658197291
0,0.16844071208266312
1,0.7562966001528783
1,0.7432517332668348
1,0.7687614244746884
1,0.6214580988880853
1,0.5480476930415255
0,0.5200083728545868
0,0.31553821809217136
0,0.12072074940750963
0,0.2150187832415504
0,0.22849329025052476
1,0.9630160411313095
0,0.1250517399816417
0,0.13068369466503324
0,0.08388890251822559
0,0.12671940483754626
0,0.0920692421341622
0,0.0896739674704237
0,0.09835786472287542
1,0.37992687793083896
0,0.3483881268854504
1,0.7966026420684901
1,0.6743760396148785
0,0.33005337374589155
0,0.3927496587105205
0,0.5631719845136508
0,0.35480974407898247
0,0.376720645738047
0,0.32069197690954715
0,0.42610602207326026
0,0.2727450107619655
0,0.4934365011645423
1,0.9800965161064817
1,0.984717743535744
1,0.9858158130076178
1,0.9877218971892877
0,0.3079117300604685
1,0.9888675423631266
1,0.4293273999641447
1,0.9119801380388127
1,0.8787827586631226
1,0.9049974797576851
1,0.9091744413188764
0,0.09319595317083391
0,0.0700657273050655
0,0.08510695649398722
1,0.9757383049484447
1,0.8387975949399991
1,0.8884495856564453
0,0.23043251655444963
1,0.3715233613260164
0,0.1698767385564613
1,0.5455684207619171
0,0.13557528756755763
0,0.5622395595430209
0,0.2324930477758677
0,0.3759913930752345
1,0.596928213818673
0,0.19435861722178394
0,0.23950914931452902
1,0.6942861770923908
1,0.6686692675251148
1,0.7288544033461452
1,0.7030900288309158
1,0.2255463745794234
1,0.56357067959217
1,0.489920265162123
0,0.27466422681972713
0,0.29036558553498026
0,0.2753322497371842
0,0.3560776828590566
0,0.25958084762255995
0,0.14886629820593325
0,0.12059445420881765
0,0.6465084934711082
0,0.13077350533983595
0,0.1945612052015822
0,0.101148167547124
0,0.16189939203550627
0,0.16189939203550627
1,0.7156693567210874
0,0.15968741067382194
1,0.17121229122951773
1,0.898229842466452
0,0.6016982545170771
0,0.28471449126079956
1,0.6798015565966854
1,0.6469816344088754
1,0.721912743324509
1,0.7558423744829227
1,0.5782790053095866
1,0.7306031672886076
1,0.7389146111355794
1,0.7446351114113386
0,0.09252815319633886
0,0.1672920592181809
1,0.3357368804291891
1,0.4079133042223197
0,0.3264568741913811
0,0.48633702710024357
0,0.06220791062807387
0,0.06214072027489612
1,0.6704502142703537
1,0.9201040970428828
0,0.3461075424931799
0,0.3461075424931799
1,0.6448714138062184
1,0.928014890781959
1,0.963685666616379
1,0.9417847789178082
1,0.5868237797377664
0,0.18511857748710905
1,0.8578146834794212
1,0.5168148342228127
0,0.14354725120313816
0,0.2899366747190087
0,0.13492432893698122
0,0.453886379699717
0,0.2410033774121575
1,0.4873556675997804
1,0.6858445426102248
0,0.23608246712457653
0,0.21325883556531064
1,0.9434475477758293
0,0.2308703085119185
1,0.5295364000346118
1,0.5893008168916846
0,0.1090577252995951
0,0.17178214769179756
0,0.2362611259575988
0,0.4659376624556351
0,0.1635192925636131
1,0.8796092241723877
0,0.13277913190737337
0,0.11537118894569386
1,0.9526819879403877
0,0.13910361556712683
0,0.04762051785660705
0,0.1401970994323864
0,0.014160346860556837
1,0.33531455141843935
1,0.654530709229014
1,0.4320552874737932
1,0.6387864343416703
1,0.9176417782208363
1,0.7658418118638138
1,0.4874189729946289
1,0.3820741284250696
1,0.9483839402947992
1,0.7009317071374354
0,0.138627270362174
0,0.3595410554448537
1,0.558192386950495
0,0.11015275732655162
0,0.26212111681423617
0,0.32641197449219883
0,0.21942650401161737
0,0.31095766567339916
0,0.20141178871541343
1,0.9142848156502899
1,0.8897942231616148
1,0.9051977762874395
1,0.8399591500214119
1,0.8584753611000462
1,0.3257306871289439
0,0.28021589266490304
0,0.23340466099651794
1,0.7124336594769691
1,0.9607280958812255
1,0.8126029952129068
1,0.9401823953120589
1,0.958353942765511
1,0.9033238699411709
1,0.9143022318699986
1,0.8944639343382307
1,0.9190123237560481
1,0.9035551962347956
1,0.8380558862315463
1,0.9402810302916741
1,0.9148742295057589
1,0.9204366083479726
1,0.9053679632260395
1,0.891635651988386
1,0.922977093412016
1,0.9701113035530302
1,0.9590895191278742
1,0.9191323427283385
1,0.916731890354295
1,0.9673589539264942
1,0.9898556616318125
1,0.9143022318699986
1,0.9127355454913725
1,0.8877414522320314
1,0.9177041913470375
1,0.9003297987538584
0,0.3884826837644452
1,0.41901202400694865
0,0.16688088395817743
1,0.7308932377764358
0,0.37495267930386683
0,0.37744384520191976
1,0.8832406813350094
1,0.6897289690015542
1,0.4394006750973138
0,0.5105681892738487
0,0.6737319834927541
0,0.6203904792488002
0,0.8312251883256466
0,0.7980192053880366
0,0.5442609115127032
1,0.5730298060485999
1,0.8672629900876186
1,0.24121271555933144
1,0.7980192053880366
1,0.5661689319407722
1,0.7980192053880366
1,0.7980192053880366
1,0.8796625927607087
1,0.7948374227426604
1,0.8571067651279306
1,0.8290822852986947
1,0.8287556156564777
1,0.8264216660989158
1,0.8166144409701677
1,0.8197149313180315
1,0.8274155121781438
0,0.35400229399037764
0,0.03826416175818415
1,0.7661602226508856
0,0.20146516993750938
1,0.5455244790583994
1,0.7622880511593151
1,0.9633797572017962
0,0.040681135042788655
1,0.8103032581054823
0,0.4774253176125283
0,0.09672655488477268
1,0.7690271012932413
0,0.38093885533877814
0,0.16061741881464847
0,0.2759212153998848
0,0.3680459380889193
0,0.36217445880333377
1,0.5084868839235878
0,0.37257227999655096
0,0.1451986503832155
1,0.908617031911845
0,0.42572362719133344
1,0.8737161050185974
1,0.7274129073636884
1,0.8143961462347048
1,0.7729762826887325
1,0.7173268000099917
1,0.7172980546643243
0,0.1370724224428897
1,0.8820688775472745
1,0.5992731617536534
0,0.23488871401028996
1,0.8432403501265258
1,0.8641913784120964
0,0.2998636924091666
1,0.8710705646160642
1,0.5408076179196569
0,0.2855460281210187
0,0.2520258237169932
0,0.34156866275961345
1,0.9832694368857342
1,0.9944612329655671
0,0.08601307996596304
1,0.9755518351208994
0,0.2331146341066217
1,0.8807208821821803
1,0.942933899028783
0,0.28202664225695373
1,0.9882931749423891
1,0.9742501807501319
1,0.9772451447621303
1,0.9862040881880737
1,0.9840409634988041
1,0.97133055172512
1,0.9002203797587398
1,0.841531619243516
1,0.901033175847187
1,0.8788967403055018
1,0.8707345164897522
1,0.8342887988509454
1,0.8514070259086025
1,0.9054481203981811
1,0.9071852017027962
1,0.8342887988509454
0,0.21259518141398345
0,0.1319228192800215
1,0.11729276428910551
0,0.38735963109532406
1,0.7291692458460834
0,0.03332417521798089
0,0.043393378023615696
0,0.1522385004765438
1,0.6708083879033021
1,0.6333876672268592
0,0.42491573256446113
1,0.983749807574473
1,0.9855674125575823
1,0.981563491696388
1,0.9784964696328111
1,0.9788839296910455
1,0.9924709483160976
1,0.9812210941286752
1,0.9693744496831531
1,0.9924709483160976
1,0.9852567367439787
1,0.9865945960446793
1,0.9852567367439787
1,0.9784964696328111
1,0.9784964696328111
1,0.983749807574473
1,0.983749807574473
1,0.731796931864688
0,0.46646333140951923
0,0.23531797936945018
1,0.6959453203188547
0,0.16777443550675805
0,0.18491572855101093
0,0.17520249862477558
1,0.46645057675491897
0,0.3586547978335978
0,0.21356191244138556
0,0.09645623529498044
0,0.3713492006153558
1,0.9265524550815786
0,0.548799038918496
0,0.06389655772095075
0,0.2360477678107258
0,0.1860367502324781
0,0.2590288356153887
0,0.8426549290482636
0,0.28990351289208666
0,0.31745785464531445
0,0.020585887011908905
0,0.16891066372599287
1,0.944486252697554
0,0.17511569856791437
0,0.20192671394123876
1,0.9746204073418276
0,0.5888001956795901
1,0.8338753211512351
1,0.7703069989143829
1,0.8492968801961999
1,0.7513276708596623
1,0.9441590697683667
0,0.09046008858272503
0,0.0848623240898049
1,0.6911342480777294
1,0.5292742327102906
1,0.5743193692817012
1,0.9406565386700098
1,0.6128996257526456
1,0.7325131657779191
1,0.7325131657779191
1,0.7325131657779191
0,0.23249463191862282
1,0.849742715021784
0,0.18437539173084583
0,0.7681559947081892
0,0.33982224842770187
0,0.29007782165690676
1,0.9282246074706856
0,0.338502181135975
0,0.338502181135975
0,0.14119631617578285
0,0.1538796410124137
0,0.03730599380467041
1,0.9588113712644343
1,0.643125233851017
1,0.8990564459716996
0,0.2973025723267916
1,0.8326191923282759
0,0.7462684305617161
0,0.21945737672468585
0,0.2877813815919013
0,0.27373320526142586
1,0.26234967077505394
1,0.9993861695297862
1,0.659408808625335
1,0.9282202489604794
1,0.6623156497092613
1,0.698875240994375
1,0.7148390738985926
1,0.7171953676686037
0,0.3304993392537056
0,0.7905092254564647
1,0.9512760327861449
1,0.792690470800875
1,0.8249473825347609
1,0.7768849901229914
1,0.6400808827943912
0,0.3900981516732344
0,0.06921983219239507
1,0.9490395345039856
0,0.261204129242509
0,0.18305352573974926
0,0.037730558393702485
0,0.19624280343905676
0,0.19899111881823905
1,0.83096977096655
0,0.178212377390072
1,0.964204552092851
1,0.9782658113883191
1,0.4688474496263444
0,0.23599088054266754
0,0.23599088054266754
1,0.7827837949440878
1,0.5251012028062412
0,0.39053853663678095
0,0.18491476819728034
0,0.11640445745409703
0,0.3372611342725486
0,0.17367881595182472
1,0.061944231731263615
0,0.3232026110709266
0,0.4104368518493789
0,0.3994849514997624
1,0.9689312053286374
0,0.11605122194165128
0,0.03413388427109099
0,0.060445231226087665
1,0.6330415635064365
1,0.8714202198697374
0,0.25564084860381164
0,0.3668770245450771
0,0.2777623348191589
0,0.1782584071013846
1,0.6692718903909558
1,0.5705169946292791
0,0.5353407115479666
1,0.6312201921279631
0,0.532033017319243
0,0.1190211497400094
0,0.2594124448028517
1,0.6910635042888184
1,0.7978855270430405
1,0.7907421123985131
0,0.22243475420421002
0,0.6229644208317878
0,0.630332920603498
0,0.6586276224527126
0,0.5779861732064879
0,0.3035946131822847
1,0.6229644208317878
1,0.6229644208317878
1,0.6586845911357702
1,0.7864147231935381
1,0.6586845911357702
1,0.6113436528650013
1,0.6586845911357702
1,0.558911125323848
1,0.7864147231935381
1,0.7334948920841895
1,0.9268106387015583
0,0.15875256237366928
0,0.3160560089103059
0,0.15525947335131146
0,0.42178879616291365
1,0.3838248758070095
1,0.20082521107802478
0,0.1282183361479155
0,0.10370125838375463
0,0.199314551963546
1,0.899668268779871
1,0.714452573880704
0,0.6549239530517054
0,0.5325502362210439
0,0.3415662910031607
1,0.8537246444742392
0,0.29215660754245476
0,0.263910131356155
0,0.1040057014048314
0,0.42408381336104495
0,0.043942810153010506
1,0.8931909918327501
1,0.9056298928237196
1,0.8971217454332312
1,0.9100801690819528
0,0.17084809218796257
0,0.203201713950815
0,0.23454683327140877
0,0.14770314398279916
1,0.5635036585537151
1,0.925979379963375
0,0.1562030406628145
0,0.1562030406628145
0,0.17813936599028224
1,0.9841477160038632
1,0.7365085937495033
1,0.7219739982786048
1,0.9427123955098402
1,0.8674620580055361
0,0.22082749470403454
0,0.30589178046793525
1,0.24080429807887332
0,0.04106932378408084
0,0.3849986208478795
1,0.7079765687991195
0,0.46274382520943047
1,0.9625157483866459
1,0.5064343774027558
1,0.6035538621168389
1,0.8931940332310714
0,0.12559546807095276
1,0.8601001713814473
0,0.8220634983486769
0,0.31645950590316374
0,0.38782437795054975
0,0.08815136010475436
1,0.7719785213910525
1,0.9091441948863711
1,0.9091441948863711
1,0.959078925490898
1,0.959078925490898
1,0.8746480892989462
1,0.9758239784906233
1,0.9316079860199025
1,0.8942192012534711
1,0.9677535856640389
1,0.9677535856640389
1,0.9758239784906233
1,0.950159337010817
1,0.9758239784906233
1,0.9677535856640389
1,0.9758239784906233
1,0.961774565601705
1,0.971789094795891
1,0.9648612653968919
1,0.9682989335433094
1,0.9213994976628863
1,0.9707562906955839
1,0.9557700495436953
1,0.9619796499822059
0,0.7586145983750858
0,0.06598951938078931
0,0.06598951938078931
0,0.04763206599099736
0,0.21507311157222606
0,0.21223937608569352
0,0.30557039092036864
0,0.19290239860555747
0,0.19290239860555747
1,0.8139924444340649
1,0.8186412282540725
0,0.207745475216975
0,0.14872014730315172
0,0.4436541354665704
0,0.47949574204150425
0,0.1271829908410482
0,0.21543129420139293
1,0.2368715385557152
1,0.3272261593725855
1,0.6212901571293793
1,0.24056965978337472
0,0.23228972075986357
0,0.0803433610082062
0,0.2006118152007062
0,0.1831980695764802
0,0.3153134430253943
0,0.10537333540631956
0,0.2711318353247277
0,0.2091323778325765
0,0.13379482205143547
0,0.28773270187356464
0,0.19287424043692122
1,0.4094246185466426
1,0.394156098521944
1,0.4619424736948539
1,0.9439717826956491
0,0.21091395826475048
0,0.21094662593555322
0,0.11253963848471914
0,0.305130879169108
1,0.6359635146884715
1,0.6666960402418738
0,0.06879903715012282
1,0.5478772209646758
0,0.16248161892492022
0,0.1605222651828382
0,0.4990218584552498
0,0.2657616452463259
1,0.8487986717828866
0,0.09945502971109284
0,0.24910846428816627
1,0.7786866594434417
1,0.8635717755644262
1,0.4922319710581905
0,0.2643882713504115
0,0.25544170521866455
0,0.03314254090216756
1,0.8815100366409475
0,0.07115263054493166
0,0.3503694634995355
0,0.05662918873235581
0,0.0553333234530207
1,0.8130915922875891
0,0.3587679069682214
0,0.5386870666685416
1,0.8088537492032404
0,0.1279585354734237
0,0.18471308724478963
1,0.4134418189591505
1,0.8908896444179748
1,0.35279959322104865
0,0.2452752140467413
1,0.9571528679736788
1,0.9625538757372873
1,0.8554782484722148
1,0.8645549872068814
0,0.3412060275643185
0,0.5438044935861952
1,0.9542712159520558
0,0.050466511980857526
1,0.9660524489105585
0,0.1783905928435033
1,0.7084822579311839
0,0.19114521100659204
0,0.20857766273340259
0,0.1807858107997054
0,0.23568568193405956
0,0.2564622066425333
0,0.25875746389932797
1,0.8438265980029748
1,0.8958068531169993
1,0.9779320221714857
1,0.7452911431675887
1,0.6905889440578904
1,0.9319827911900224
1,0.8948114668081374
1,0.9319827911900224
1,0.7437734341817682
1,0.7312372627805891
1,0.28094952003737883
0,0.2345219370138326
0,0.03169760760401235
1,0.9295254850707366
0,0.2171766644804963
0,0.16769618442011539
0,0.3153728089697613
0,0.17544303321422405
0,0.06463985815281477
0,0.34475384521228214
0,0.5081872509629506
0,0.04250005679053681
0,0.05704635845633617
0,0.06762606330127158
1,0.9588460867247667
1,0.9884733284656345
1,0.9873915606494995
1,0.9510377678635892
0,0.2751010497946
0,0.3274099930832008
0,0.09564077794302933
1,0.9282917449750757
0,0.3701150923757332
0,0.21155969262735475
0,0.5471282119419503
1,0.4003876284979851
0,0.4003876284979851
0,0.36096209757480996
0,0.3801873955000337
0,0.17745103523064726
0,0.23161546981603834
0,0.14754904290972007
0,0.23098627787257867
0,0.1634509689721951
1,0.8248480843296266
0,0.30317612763664736
1,0.15785269588307982
0,0.13185561747591779
0,0.15311671823405631
0,0.07854373244914374
0,0.5700943737126706
0,0.07612838298683205
0,0.14070134279822383
0,0.10042564537228568
1,0.8340013839807555
0,0.1956087458099547
0,0.18038883553387164
0,0.08096190072851518
1,0.4976725632994277
1,0.6348494998825233
0,0.14223513242223446
0,0.2672740780585689
0,0.5696240180927944
1,0.8477348729353624
0,0.19713930652254125
1,0.7753659482912545
1,0.8196954971407875
1,0.3937849771723995
1,0.9494334662446118
1,0.9219227342553192
1,0.9441655557931233
1,0.734149426531841
1,0.7922824358931767
1,0.5131296186502552
0,0.11656633925903868
0,0.24057068664995962
1,0.6683788218445191
0,0.17349260232361616
0,0.22775695599336973
0,0.32567323221690003
0,0.2115518287134342
1,0.5540670291336637
1,0.5369477614005547
1,0.5447826522746193
1,0.7630733222595362
0,0.247699957833795
0,0.266244123513663
1,0.9853997902619663
0,0.37137573716453676
1,0.4742923764644226
0,0.08994305541692327
0,0.08510695649398722
0,0.09319595317083391
1,0.9322404304876515
0,0.13170000642537477
1,0.9711918808099483
0,0.4416673408271639
0,0.20144790570791796
1,0.7538187770788443
0,0.25840751815562885
1,0.864192450045948
1,0.9555221822634287
0,0.4329228155777142
0,0.09584568494475319
0,0.31645931021351764
1,0.9294626781812584
0,0.7272031209297353
0,0.019881905035534508
0,0.03763149975556318
0,0.03930107726495544
0,0.3719800786585883
0,0.36391554182497643
0,0.360864019322111
0,0.3054435670959823
0,0.49917207002446196
0,0.3090525896363699
0,0.5092751998879048
1,0.47797983950371076
0,0.2691600878775967
0,0.497943365540376
1,0.5005902174226068
0,0.457266911484193
0,0.3384848041746159
1,0.7511110027200906
0,0.2406838104837351
0,0.2576349595535799
0,0.02878716767097668
1,0.4201574630040562
0,0.10474949287541487
0,0.41576878373552917
0,0.37763181273412927
0,0.6331348672522775
0,0.4125456210771314
0,0.6331348672522775
0,0.6331348672522775
0,0.6376987714914261
0,0.6376987714914261
0,0.442437052312955
1,0.7982207100899654
1,0.6376987714914261
1,0.8073089711474036
1,0.6987877602990331
1,0.37151767698538646
0,0.11043491503814501
0,0.08994305541692327
0,0.15625156377387212
0,0.19558383776679883
0,0.27144477469985673
0,0.15324567248398993
1,0.7493760735418558
1,0.6448874944142542
0,0.219403896318737
1,0.3630708310034719
0,0.1669150829305906
0,0.08287312926699057
1,0.7371342593826545
0,0.21406414124733958
1,0.37040456082808854
1,0.30777668812014086
1,0.296612183086973
1,0.8770228462355878
1,0.989896149969666
0,0.0418776183171637
0,0.04669972528745118
1,0.697394624168557
1,0.5014807304085664
0,0.1798892569721742
1,0.9916063606546477
0,0.20271663983066252
0,0.2713897971247126
0,0.14698190870937955
1,0.817186172106906
1,0.7680623058019721
1,0.6520423354323025
1,0.8086512739847316
0,0.34507495062300425
0,0.05894446607049173
1,0.3829633765336869
1,0.8190872050269898
0,0.30188156893645524
0,0.7439586123587787
0,0.49575121710162173
0,0.21114432566132274
1,0.8999985142344405
0,0.19361511352179994
0,0.18986208502718765
1,0.672118455301287
0,0.16668626549080154
1,0.44232758063346533
1,0.8607854660833857
1,0.6298238002429419
1,0.4666030323833194
0,0.2157937092506657
0,0.103295083381984
0,0.13337413951286065
0,0.23508720143837689
0,0.09418657441567645
0,0.4522832449560987
0,0.6188656194214232
0,0.4317119188598525
0,0.27008912247484257
0,0.5089868972685969
0,0.25557453395176344
0,0.31743887534453524
0,0.4113145007601781
1,0.6557262353011244
1,0.6304170910844872
1,0.5526882051621063
1,0.8833389291891398
1,0.513646457046012
0,0.28093795971589336
0,0.342615253101003
1,0.7715678114423412
1,0.7644817246875867
1,0.7177719951652085
1,0.7141873596866778
1,0.850375376193886
0,0.038459313375883646
0,0.01471482849424568
1,0.2538500993414335
1,0.8292161740180957
1,0.1384182474623528
0,0.12022697938696297
1,0.9185939676540364
1,0.49708373970237135
0,0.29268379174528164
0,0.14353497228074183
0,0.23001940358251677
1,0.33763076454406715
1,0.7175601606248913
1,0.6280436897251395
0,0.34076644809629275
0,0.4494889928135084
1,0.8359302752897603
1,0.2086433199307129
0,0.11923541668102439
1,0.6687389530586181
1,0.8568568388335266
0,0.24795032635640302
1,0.8639345586995988
1,0.8869535467801143
1,0.9059395653617438
0,0.10050557980122689
1,0.9214832519993429
1,0.27146824788290985
0,0.21827589229177075
1,0.6179133869747347
1,0.7019082691819172
1,0.9294622049568948
0,0.12424506908722496
0,0.3307988119099265
0,0.22769882258564608
0,0.15596783075417564
0,0.33978771328436463
0,0.322675808348345
1,0.16167611305309704
0,0.17121229122951773
0,0.17529171955641848
1,0.9378666971076584
1,0.8702294055198356
1,0.8771152473413737
1,0.6902394352388211
0,0.34127266958727265
1,0.39401261230375373
1,0.4122243697724699
0,0.12813381280895542
1,0.6166299492746551
0,0.03759871629752083
0,0.15607244896899375
0,0.13209798067434592
1,0.21262751427816287
1,0.7363866960191119
1,0.7422342318446687
1,0.7531719862696167
0,0.4521201232680325
0,0.42052555198729974
0,0.12194840358350374
0,0.0930048329102173
0,0.11276668095553095
1,0.3697518373317787
1,0.7832359179051613
1,0.4032333496111958
0,0.1339116626464089
0,0.12439302480430546
0,0.5429956772458144
1,0.861297681041049
0,0.31044508269327736
1,0.9811628981359156
0,0.11080183265378475
0,0.2920026879565458
1,0.9665679705180649
0,0.09569888001231328
1,0.7272816121446113
0,0.3336107988512929
0,0.13627983599116425
0,0.12233029331545893
0,0.13416366520137327
0,0.14115719120129253
0,0.15387372238946376
0,0.34135158532131676
1,0.7797354572298059
1,0.4102411543764061
1,0.9454770340999323
1,0.9188174115209885
1,0.9454770340999323
0,0.26520304881904216
0,0.17456210121559315
0,0.19189372522512851
1,0.6468657466639394
1,0.6468657466639394
1,0.9974364422300777
1,0.8831097068133623
1,0.6822527847213429
0,0.17863689977257413
1,0.8769000394708563
1,0.9419700166196319
0,0.608081666454937
1,0.9657686234149909
1,0.8898801380494685
1,0.9543068650687857
0,0.37258566353177325
0,0.17754040983394467
0,0.17754040983394467
0,0.39930404600320235
0,0.2723674262339797
1,0.4151641426081061
1,0.44041611697859734
1,0.5250428426050382
1,0.7065405516978652
0,0.6908895545265575
0,0.15219351865851666
1,0.8714911561614513
1,0.8743770687777205
0,0.15941182523829675
0,0.3803157636499492
0,0.4937305080853295
0,0.08809159792007078
0,0.6459352130845817
1,0.3494604313176207
1,0.8047591158759047
1,0.30796254601610196
1,0.6570519702516321
1,0.6723340544056137
1,0.8628954600900441
1,0.7021303695601234
0,0.3534901763203902
0,0.6300879893528184
0,0.19671061764022518
0,0.15081632646504123
0,0.2987070601105564
0,0.31769796624394536
0,0.20957693647618036
0,0.16077839838174823
0,0.1765137128009551
0,0.29731327531274254
1,0.9551018241842404
0,0.18862260702508382
1,0.6094536609112421
0,0.35020748372243254
1,0.8739211608237297
1,0.29771659640876846
1,0.28525466102488345
1,0.3770071547315813
0,0.24008872960812994
0,0.2629985564438164
1,0.37663342680871525
1,0.49705466729071995
1,0.7863471586475996
1,0.33218695382206725
0,0.1341816152552925
0,0.14353497228074183
0,0.19192536133835975
1,0.6023361452585966
1,0.9556184887501087
0,0.27873986591867317
1,0.4327006259679599
0,0.08021211902249202
1,0.8286822872001535
1,0.8001835329231851
1,0.8893861876405162
1,0.6233256475347461
1,0.6925237615130276
0,0.03487042683145383
0,0.4302443120395277
0,0.30392970381693424
0,0.6242403986624798
0,0.5607894166480314
1,0.9214832519993429
0,0.06095572375598221
0,0.2703586065464062
1,0.6272689483623245
0,0.01930819752857343
0,0.21014085739836524
0,0.3169856632564973
0,0.23822577609600024
0,0.2930748771937799
1,0.9292409804461768
0,0.63032480138389
0,0.4074731419089168
1,0.7368849771338021
1,0.8908489279556712
1,0.8325153104732108
1,0.8908489279556712
1,0.8448415561188541
1,0.7934339946795227
1,0.8259735741832872
0,0.20678487552067357
1,0.44621213416957806
0,0.3031081004335317
0,0.14085129018910197
1,0.7209350089211145
0,0.22483283675412175
0,0.4683196271204812
0,0.20270013403408674
0,0.32142016388493033
0,0.6012947629625897
0,0.46940639153533825
0,0.4834590138835136
0,0.7751876010449855
0,0.7854956846566108
1,0.9075790530338419
1,0.7965921920641221
1,0.7652483069022444
1,0.9219555042430267
1,0.8919928372018123
1,0.8823915157586439
1,0.8016277147967001
1,0.9219555042430267
1,0.8460813443681791
1,0.8378050742485267
1,0.8100563441611957
1,0.8197716318101144
1,0.6802955788930991
1,0.8703207009967904
1,0.8197716318101144
1,0.8242500127298623
1,0.8464137646061969
1,0.7652483069022444
1,0.8647901369510196
1,0.9643859567186951
0,0.3321207211505947
1,0.8616167699389554
1,0.957051288999229
1,0.89099055883217
0,0.1025873516383151
1,0.796607531782529
0,0.4373675755250246
1,0.988079228042473
1,0.5200589421247822
0,0.2845179282634032
1,0.8653033758099526
0,0.1681632039311814
0,0.1681632039311814
1,0.7508977744730201
1,0.7871730617360728
0,0.15499920449612192
0,0.27756985087446645
0,0.17519018882619544
0,0.17519018882619544
0,0.6163629229326356
1,0.956746264015793
1,0.7804840959270445
1,0.9191723136399955
1,0.7962395894082124
1,0.9022939098546857
1,0.6341856261365804
0,0.2595648289020444
0,0.10466742097534844
0,0.1050403031410597
0,0.5241261849662754
0,0.24733055058758438
1,0.8032163328292304
1,0.18533719213012173
1,0.942500235621613
0,0.04862739055457046
0,0.02531867280694031
0,0.02573083270694194
0,0.02573083270694194
0,0.14665075388169144
1,0.712047143431457
1,0.9847803187191713
0,0.22581294155086173
1,0.7262357488876199
0,0.12185219406689464
1,0.5722202108056343
1,0.4823278195450166
0,0.4183585801467216
1,0.651494521209714
0,0.050900526901525474
0,0.04302543168698487
0,0.2135645237997915
0,0.49937215411196934
1,0.7929267000207839
1,0.693941606816463
1,0.8262427196197554
0,0.1172332917588453
1,0.799798405295354
1,0.46208991024046236
0,0.16171519772575477
0,0.11198379285634782
0,0.16171519772575477
0,0.27295145674625676
1,0.9215659754349337
0,0.15827414776974788
1,0.3020014731501736
1,0.41087085894646186
0,0.4750419840116409
0,0.35019570553217355
0,0.14834232509214546
1,0.861406510689653
1,0.9511473395542462
1,0.9494301834368172
1,0.861406510689653
1,0.8743724264025193
1,0.8919918483557453
1,0.8918247673955786
1,0.8286187332157756
1,0.8344063083887253
1,0.8169724923587404
1,0.8896364444984866
1,0.8743724264025193
1,0.7984350579161101
0,0.10348898834883721
0,0.5474193154103685
1,0.8002178684821439
1,0.9458877688593766
1,0.8580314951119121
1,0.9618842989045913
1,0.9637439130301715
1,0.8833327489668895
1,0.9061052126856947
1,0.8054715491237279
0,0.8054715491237279
1,0.9911978754828314
1,0.9276086860453547
0,0.4647484093924413
1,0.8789921056290897
1,0.879534832520256
1,0.7403613427205106
1,0.5995400083606929
0,0.17619593598679592
0,0.25426029492315033
0,0.230077653936026
1,0.6087005655882627
1,0.9532832280393116
1,0.5513425351265697
1,0.579342536279111
0,0.3035462598424416
1,0.36788979576471703
1,0.7193759725793551
1,0.7510462890135551
1,0.8432284873020051
1,0.6325658043954073
0,0.16624074427733504
1,0.26657347839744316
0,0.10090321039537943
0,0.1619700274579743
0,0.14657030319398226
0,0.050881407422791354
0,0.2298040617019663
1,0.8537143325335007
1,0.8083920152827748
1,0.3608187646823645
1,0.3621937256836905
0,0.04597329944024079
1,0.44995929089706177
0,0.04092828976906817
0,0.27687288437709423
0,0.1842905537273281
0,0.40258201940903
1,0.521611161124218
1,0.37396584210341155
1,0.7237428057555761
0,0.16232132314701764
1,0.2115255657374306
1,0.7497522511525861
0,0.20211614027169528
1,0.9978572002467639
1,0.9627379342272642
1,0.5870421121385277
1,0.7186427873628545
1,0.7785005674963315
1,0.7338317791842746
0,0.1521025712395718
1,0.7393625090273831
1,0.4297641589418558
1,0.4297641589418558
0,0.1404478821263837
0,0.12499519062822241
0,0.1698916166993294
0,0.22578739350345486
0,0.14805839816134367
0,0.22964700998102106
0,0.22797648353983382
0,0.3544824252328594
1,0.6638587168561905
1,0.8590652354323115
1,0.7498041326179947
1,0.9191723136399955
1,0.7962395894082124
1,0.8014012626148418
1,0.7804840959270445
1,0.7804840959270445
0,0.18385508170842646
0,0.06779378494607631
0,0.14426585697658006
0,0.3515578699621363
1,0.9083610311937026
0,0.21093758488764033
0,0.22058023458612605
1,0.5498575637600204
1,0.8798225485881916
1,0.926491912616066
0,0.2885357818378255
0,0.05982690398464531
0,0.10437649658549286
1,0.7431166386562642
0,0.07786091607627332
1,0.9965324573006514
1,0.3420589883339805
0,0.08985755205859457
0,0.1316282159908187
1,0.968921307589709
0,0.8893046823081064
1,0.9138963052367055
0,0.3224383390665039
1,0.40858790252632615
0,0.5111034476735972
1,0.9030820296212754
1,0.500726761426353
1,0.8999392811516476
1,0.9535685332943985
1,0.9264220271664676
1,0.8996708669044912
1,0.9660986509335971
1,0.9332379094168304
0,0.205877825165297
0,0.46165934376654194
0,0.24661289664951594
1,0.8760586783711479
1,0.5561988230053816
0,0.47976176432237605
0,0.47976176432237605
1,0.29921799031808505
1,0.7403038160714045
1,0.7603663648349656
1,0.6211318213964467
0,0.3278232884008685
0,0.28319127839721003
0,0.23010739162446653
0,0.29341502467216385
1,0.5398530577708773
1,0.9063544922092521
1,0.9177967310803796
1,0.32345772814995566
1,0.991278367253627
1,0.9558845332922883
1,0.9646032563964659
1,0.9501775111073485
1,0.9927155576655599
0,0.09094210267310457
1,0.7217319797609986
1,0.25262734357902655
1,0.792369704896864
0,0.08526493290887925
0,0.2873011397241344
1,0.9869671034143588
0,0.0464294188431267
0,0.3533228953018241
0,0.25965433106749164
1,0.7826091166114093
0,0.585730664903589
1,0.7392098586097653
1,0.8550173441749485
1,0.8142059904025026
1,0.8142059904025026
1,0.88379733248828
1,0.1631406637994939
0,0.025214948928592343
1,0.9222574306460944
1,0.9222574306460944
1,0.776593048699416
1,0.9222574306460944
0,0.24671264453326647
1,0.6105411552137998
0,0.30023244344751154
1,0.5344961207246829
0,0.17042981006030677
0,0.1815765782407139
1,0.7785706479939691
1,0.510785330816588
0,0.17728295101462782
0,0.17170696641654015
1,0.765444238168376
0,0.0591945479640293
0,0.08753996469024994
0,0.19652528255944154
1,0.9394335700046565
0,0.23369278868368826
0,0.081088279483383
1,0.9109761958804053
0,0.2758591041817974
1,0.5526403861069611
1,0.5107246534612795
1,0.5155304194937194
0,0.0633375781445879
0,0.058378734528240224
0,0.4030738302967545
1,0.8254557816386209
0,0.35567226824622716
1,0.596254615487918
0,0.1538023189774518
0,0.29741637705246826
0,0.2855606831044776
0,0.22041770138157535
0,0.1454087784285408
0,0.20905582310963253
1,0.9761966805943532
1,0.6631702395702019
0,0.4582474512367038
1,0.721449643091786
0,0.18594952604310547
0,0.8153755715947938
1,0.5688936173451156
0,0.20829467616156006
0,0.02604903029513637
1,0.6827927364862059
0,0.20375244916989474
1,0.7856369857724768
1,0.8285383306817314
1,0.6517288388280233
1,0.8488923187100693
1,0.6627333244238172
1,0.31097960424617793
0,0.14459698525406542
0,0.4064562885577322
0,0.17925371559911749
0,0.1039236769422826
1,0.7609254078194214
0,0.17594888789896665
0,0.17594888789896665
1,0.38734913894232204
0,0.13375283433896318
1,0.9765889920152335
0,0.30834221038465104
0,0.05400887869854587
0,0.051430246242924776
0,0.3326778199569655
1,0.4473340915383314
1,0.9929400727046105
0,0.051992930202946354
0,0.20818338208703335
1,0.7438222332117157
0,0.09903443979725113
0,0.09903443979725113
1,0.8736741342249739
0,0.1311507072534228
1,0.9910603808652331
0,0.6991590440225518
1,0.7520239392355984
1,0.7520239392355984
1,0.633706980052242
1,0.7520239392355984
1,0.7053128472392852
1,0.424241308432756
0,0.767089407104567
0,0.035579975710219564
0,0.6346970791122788
1,0.8344457793684688
1,0.4962714371293211
1,0.2055722402853992
0,0.160876306787002
1,0.22136074689166854
0,0.1334299975275997
0,0.18020950863884577
0,0.17937158742613263
0,0.15342037931589145
0,0.27833350758665815
0,0.07894673844399802
0,0.22889399991360423
0,0.21927186292772793
0,0.5346251711049025
0,0.7085858631871905
0,0.6825115526094513
0,0.6857118341113098
0,0.6825115526094513
0,0.8037838257159058
1,0.7844872588738062
1,0.8039541736063647
1,0.847949500042941
1,0.6857118341113098
1,0.960091370250567
1,0.847949500042941
1,0.7716262476413128
1,0.783575656660539
1,0.7844872588738062
1,0.8217491062197525
1,0.7844872588738062
1,0.8037838257159058
1,0.9606352667944916
1,0.9081709645997497
1,0.9422193485636348
1,0.9081709645997497
1,0.960091370250567
1,0.9214830530382597
1,0.9214830530382597
1,0.9081709645997497
1,0.9569824565142606
1,0.783575656660539
1,0.9422193485636348
1,0.8037838257159058
1,0.783575656660539
1,0.960091370250567
1,0.9569824565142606
1,0.9422193485636348
1,0.7507199690548504
1,0.9422193485636348
1,0.9569824565142606
1,0.9214830530382597
0,0.3512925775298429
0,0.40223449138122364
1,0.7220684386074164
0,0.14902646180127146
0,0.37878357041944083
0,0.6407730181743433
0,0.2657616452463259
1,0.8031635037213272
0,0.019058274034650827
1,0.9394783613586144
1,0.9397671549786426
1,0.9691330328093943
1,0.9319743099273985
0,0.06982689602776172
0,0.30854707157475797
1,0.3114348794199596
1,0.8500724608663458
1,0.9403779665398819
1,0.24488815066859468
1,0.5903781913694179
0,0.23660887924168222
0,0.23818362064900386
0,0.35572827199619217
1,0.44971373145339233
0,0.43541206251951564
0,0.13601305154781493
0,0.14752741371674116
1,0.4613023919846812
0,0.09997645047371627
0,0.09997645047371627
0,0.09997645047371627
1,0.3613129771517847
1,0.9031983002034825
1,0.8490082805117076
1,0.889201890296182
1,0.9245016124776635
1,0.8981709069203009
1,0.35615532203201966
0,0.07359555360908414
0,0.2921022425998927
0,0.5469233527840288
0,0.5519689573148042
0,0.3157352735492409
1,0.8272654364625098
1,0.8830362294787718
0,0.5153899103550262
0,0.16814706435258753
0,0.18182158889826258
0,0.11848980444250476
1,0.4679361688303179
1,0.9392590163535185
1,0.7999084571776459
1,0.8432911763580822
1,0.8044734470765255
1,0.8695625869126903
1,0.7543262507436913
1,0.9090773228343401
1,0.822772329368034
1,0.7868007785369368
0,0.07437976718442924
0,0.16657394269501705
0,0.11885216127589086
0,0.19414863843058816
0,0.13985683424247197
0,0.16454069475549016
0,0.07606067872894168
1,0.9067608954941188
0,0.3911768130039917
0,0.14539763271855197
0,0.1767488032765463
0,0.2770095498902554
1,0.768372553356376
0,0.2501209076834105
0,0.4321804919377564
1,0.8390499952622007
1,0.8114693893653798
0,0.237686652934592
1,0.7114650758924609
1,0.7352251355460184
1,0.8590984171398193
0,0.24484946614230205
0,0.07646573769672457
0,0.19199465582958658
0,0.18590278566371699
1,0.5824758355735646
1,0.6612285919909148
0,0.27264583286857075
1,0.953839062184264
1,0.6772674098029328
1,0.731842009208297
1,0.7889325592813179
1,0.7274547217369012
1,0.8497175897507949
0,0.018358611756908418
1,0.7759956619523555
1,0.5079904209397177
1,0.6790646553561639
1,0.6511706592300112
0,0.34388243484209097
1,0.9518640307280714
1,0.9518640307280714
0,0.25404436469223046
1,0.92203228021622
1,0.6874770973377621
1,0.19307378125448785
1,0.923389713155576
0,0.26490693462078635
0,0.24589842095496595
0,0.263622756008869
1,0.5871533520447906
0,0.3840360235848365
0,0.0765859818718024
1,0.461840489646895
1,0.14574885772923615
1,0.32666638921851854
0,0.4937450988497264
0,0.49156081218510733
1,0.3580289562108073
1,0.4132004291074576
1,0.7940804678663637
1,0.5685214027555403
0,0.20714153308943986
0,0.43698343967112907
0,0.061687265752208106
1,0.9158124752171328
1,0.8589725601076561
1,0.9238414934532708
1,0.8522856017239733
0,0.15135670949197727
0,0.36910142113857
0,0.27453403414962657
0,0.5810634740190231
0,0.3271057076533991
0,0.46974172305934553
0,0.7382796425132387
0,0.1611114969298719
0,0.20468745497042484
0,0.20450206411046062
0,0.24749133130870235
0,0.18969476282118483
1,0.7419040160784343
0,0.305992897457502
0,0.5662747965219017
1,0.807074210963147
1,0.7419040160784343
1,0.7419040160784343
0,0.5662747965219017
1,0.6681217745457497
1,0.7256037686416952
1,0.807074210963147
0,0.5223322712146725
0,0.5223322712146725
1,0.5223322712146725
1,0.5360261451343948
1,0.4227130456294128
0,0.24673717666163317
0,0.11561906906565783
0,0.17348776643060201
0,0.5623372933515034
0,0.6185589584742319
0,0.18466021711071878
1,0.9537771277838283
1,0.8665895803707483
0,0.06797782972383382
0,0.21065526729407702
0,0.1873839063875941
0,0.15995065888918292
0,0.04719658280290071
0,0.03728326223082072
0,0.2462027342732674
0,0.1510796823453434
1,0.5913358871047656
0,0.4714363234841945
1,0.4053658647495472
0,0.2691151638966065
1,0.9737945874704904
1,0.9639188978498012
1,0.9748874016285413
1,0.9748874016285413
0,0.11198294980707314
1,0.2931930614497555
0,0.4235203738447911
0,0.19202839510591616
0,0.2646007923067567
0,0.23434046503925607
0,0.08069757153623952
0,0.09947244186616815
0,0.5477848886312651
0,0.30389392394135467
0,0.38703522270118074
0,0.13059580137506097
1,0.767478683043973
1,0.7362456943935853
1,0.36687337174857837
1,0.3391375688064308
1,0.2842986214968554
0,0.2139695262717767
1,0.8656031615888048
0,0.14086825400307104
1,0.8485766719960223
1,0.8863083865512302
1,0.8795141618258306
1,0.893042182156172
1,0.7606967951877105
1,0.8027125730899202
1,0.888175807627421
1,0.9087714558982605
1,0.772562143382139
1,0.878961491458274
1,0.7154916290750303
0,0.581941869300352
0,0.8048098814237437
0,0.7023901946499416
1,0.8132365733397696
0,0.4658377824465529
0,0.2690847591516109
1,0.768899037121533
1,0.9790958844225457
1,0.7166388474221033
1,0.6637751312986462
0,0.31274585321298826
1,0.8426101103953504
0,0.17566297717609117
0,0.23392484427690705
1,0.935948333718701
1,0.935948333718701
1,0.7936094200049569
0,0.27157255293969346
1,0.7180333542193075
0,0.5485938893812103
0,0.35161150601509633
0,0.35783123074372
0,0.23526380929798665
0,0.13998154433325996
0,0.1567997712721979
1,0.8693953582764504
1,0.36816000562578216
0,0.12497578203451917
0,0.07714290929105146
0,0.05059272190108189
0,0.07714290929105146
1,0.6799169972890949
1,0.7973347772245325
0,0.3761948450385209
0,0.13455794724958495
0,0.43441237245385783
0,0.336475056133071
0,0.22029573243652195
0,0.09798672967993836
0,0.185027896417778
1,0.9009557927619609
1,0.9856316381516055
1,0.3206221407704692
1,0.5545932596995276
1,0.43627261009880197
1,0.9660273710904145
1,0.7420904265679172
1,0.9519515802344557
1,0.9388456955332062
0,0.13187221644865524
0,0.12820979512941053
0,0.1956663984848219
0,0.15111259107926683
0,0.12285887441618167
0,0.10138576809451347
0,0.12279079467167997
0,0.13199899092168704
0,0.13199899092168704
0,0.10495537283742838
0,0.27637822366942055
1,0.7427172269318782
0,0.0554236825299954
0,0.2095714724950188
0,0.159705939820331
1,0.9393204789906674
0,0.25630246574348153
1,0.768945703851866
1,0.8334311890899336
1,0.5172597137797976
1,0.8566181335401716
1,0.5162926199973942
1,0.5461227160837445
1,0.5677818529505845
1,0.8647016626786922
1,0.8758305910209012
1,0.8732355907184023
1,0.8313280871025566
1,0.4190162464737095
1,0.32129703047460534
0,0.27612902740763895
0,0.12416773201729932
0,0.2900689288066656
0,0.2669189371573943
0,0.173672705139088
0,0.1883465662304738
0,0.3715838142607022
0,0.23854659997224664
0,0.374795313504453
0,0.1823386235160153
0,0.11373234837049032
0,0.17083945261578756
0,0.3683941502690109
0,0.31349573653687446
0,0.09647362174819266
0,0.4798129883486897
0,0.5099521935906424
0,0.304818035113697
0,0.15589436106980206
0,0.24538797553820604
0,0.4394575305758834
1,0.5790949458456082
0,0.19047140456326106
0,0.1609909000027992
0,0.19182439356134856
0,0.509542102616874
1,0.5416756345063629
1,0.2693641654606922
0,0.24946368070080382
0,0.22487722494748108
1,0.8208807727321477
1,0.7050975126998905
1,0.8646763280847303
0,0.03408373821775256
1,0.8517774216247856
1,0.1642303465247471
0,0.056735707956883534
0,0.11081899311397322
0,0.20593669124236605
0,0.0933378296505698
0,0.06688406402695937
1,0.3428139190044281
1,0.4222020423053394
1,0.5986490964345008
0,0.5010085696938481
0,0.3261233265773946
0,0.6401290066228094
0,0.045794461311114
0,0.022851970498027705
1,0.8295746022034209
0,0.287607451521888
1,0.9352318979362314
1,0.9166968047197573
0,0.021862031542217237
0,0.015508843250466408
1,0.1755500056488431
0,0.047823270799958024
0,0.8635061123955227
1,0.6256619390810316
0,0.35339909762331667
1,0.3907848514064625
0,0.18872112912788755
0,0.20972868810226428
1,0.7798360447600262
1,0.9512675590487647
0,0.17759373393789477
0,0.14455516804194496
0,0.21793621446934006
1,0.9176381832564373
1,0.6732546905175909
1,0.9417021196914425
0,0.2616102267344685
1,0.9952154514354136
1,0.9378533596943646
1,0.8671187440779883
1,0.7361272512723478
1,0.9809422756246506
1,0.8922557435430142
0,0.3003329829805825
0,0.09319827156613886
1,0.9848789754456886
0,0.17530769421661505
1,0.8695299810348123
0,0.24634345716691838
0,0.13455057891605707
1,0.7901433251081044
1,0.8532222337198407
1,0.6940794152248518
1,0.6001121708829829
1,0.330570596418531
0,0.13096698159378858
0,0.1436371205570104
0,0.2660776023569962
0,0.7055631655477691
0,0.5712560651627953
1,0.23701155957320316
1,0.9283936742389428
1,0.8505990369440151
0,0.45367841455542324
1,0.43965191481827426
0,0.17486474881284617
0,0.3608187646823645
1,0.3621937256836905
0,0.22033340931610512
0,0.2713336841219495
0,0.31583926846704125
1,0.41233355577661635
1,0.42477816074595076
0,0.2662776524971318
1,0.29160137863195496
1,0.6868155335892425
1,0.6543598200112357
0,0.16081097904740613
1,0.8986451910074156
0,0.22256638808003365
1,0.5753422848952714
0,0.34838117432480703
0,0.6016002781678339
0,0.22269645461559706
1,0.826072095262671
0,0.12154621620956556
0,0.48319105351855934
0,0.27863073604727906
0,0.1515593124310926
1,0.4612624777920665
0,0.25945814550827634
1,0.9956551655695945
1,0.9827568139557237
1,0.3888017305821275
0,0.09168115848273614
1,0.773417966428797
1,0.4200266717710269
1,0.41606793691425575
0,0.5847424422824736
0,0.5737087242316982
1,0.7689466231121594
1,0.7090566292773749
1,0.440270943630581
1,0.7480539654576526
1,0.9993816585431847
1,0.4285883196200231
1,0.45774873499720564
1,0.34578946966636825
0,0.2643421030412264
0,0.28659700810671174
0,0.1365109684620521
1,0.52590543538243
0,0.14093280100391695
1,0.8947490144876264
1,0.9360477975602706
1,0.7603600852728603
1,0.9630160333570312
1,0.9313309902252634
0,0.7162417602449123
0,0.5239647707671135
0,0.7024182028592906
0,0.7858494839901017
0,0.7024182028592906
0,0.7154138312355146
1,0.7810537820510757
1,0.8404827875352425
1,0.8765746115832971
1,0.7162417602449123
1,0.7917885008750442
1,0.8404827875352425
1,0.803455695923504
1,0.7154138312355146
1,0.8765746115832971
1,0.7024182028592906
1,0.8765746115832971
1,0.8235226952952224
1,0.8913745697601477
1,0.7858494839901017
1,0.49838937740308575
0,0.5049047394580479
1,0.8194734174411358
0,0.09965310702738975
1,0.9253037846023845
1,0.8607537726218476
0,0.3174660946099635
1,0.7644667579376683
0,0.20210340413369626
0,0.14680806154508053
1,0.8445822459122765
1,0.6035355482615028
1,0.4435887546668413
1,0.7967515105674772
1,0.6993044835697184
1,0.756544750502732
0,0.2043308519724823
0,0.21824026019273488
1,0.7468507298027434
1,0.8657484135053128
1,0.8779082954306844
1,0.32926709878321664
0,0.3863945488820874
0,0.23515690331923456
0,0.22589273604475493
1,0.9593624549215841
1,0.2454366987173057
0,0.4706449796712108
1,0.4024053615759558
0,0.5837296563096354
0,0.30330478480264866
1,0.7047823661340732
0,0.11037414008476493
0,0.11758528088212455
0,0.09350986402532988
1,0.547722522658373
1,0.8754858072307339
0,0.11710388903132711
1,0.9162859084365145
0,0.11287048461814388
0,0.32650996790259684
1,0.7757733242579166
1,0.8031908139598866
1,0.9318924200195471
1,0.8452671512334254
1,0.8342302203530756
1,0.4078368817778501
1,0.43542002011545095
1,0.4223137087302345
1,0.5561310724104671
1,0.9161655439572618
0,0.20488057041378913
1,0.7162718228512175
1,0.7697722647183309
0,0.2600311890903931
1,0.8657935530850689
1,0.5719418177968827
0,0.5074369093358083
1,0.6034069673679029
1,0.19388450034072996
0,0.0291941808982029
0,0.29948332710398684
0,0.2882460613326223
0,0.0862365385029614
0,0.11067542769309205
1,0.8531233519045796
1,0.992796898938635
0,0.260442099728188
0,0.05242312756744773
0,0.0236977545467642
0,0.04762631236483471
0,0.013747018238670947
1,0.8835544559659284
1,0.7547899888626317
1,0.6393987968818674
1,0.6822969963066231
1,0.6822969963066231
0,0.49910828308522154
0,0.718078711868462
0,0.2850967097590607
0,0.23411904462246336
0,0.4775777642329769
1,0.538389493487127
0,0.21177282864167216
1,0.9334982230705879
1,0.34593673727882623
1,0.7479498399858915
1,0.48430692504796247
1,0.6744483716102554
0,0.23034702020799616
0,0.2561607658870817
0,0.22212413641189774
0,0.5041362172918293
0,0.23866031176334113
0,0.3162660827567883
0,0.3832207427520622
0,0.3032826225612048
0,0.185069734666648
1,0.8720925088599442
0,0.12177106694735904
0,0.10459874016888256
1,0.9280264480141064
1,0.8890068417911453
0,0.4873894449106896
0,0.15295896759996935
1,0.9645369788691585
1,0.5408076179196569
0,0.24066516896195086
1,0.850185692575966
0,0.2206500739110021
0,0.28075827712888246
1,0.44881434353957056
1,0.5959000834472423
0,0.4213446416450625
1,0.9683861798679319
0,0.21802756405402865
1,0.38517826496888474
1,0.28490570978057944
1,0.8790200613432159
1,0.7566510826667552
0,0.08009836246314496
0,0.49129264825948765
1,0.11785974779039568
1,0.9131133599965429
1,0.9913540183506055
1,0.9217836233400356
0,0.15547322629915325
0,0.09951451493549894
0,0.34202229037344595
0,0.2464254762842771
0,0.18681090021444138
0,0.3828123283230067
0,0.5823522703110002
0,0.0904913636927609
1,0.7230625400941917
0,0.17295695532883668
0,0.01516727054998066
1,0.968918600558581
0,0.5695185495175742
1,0.9388285887843405
0,0.1214869058772476
1,0.7484061645951938
1,0.9777889680215183
1,0.8905594739159924
0,0.20876899143919941
0,0.16741402739719344
1,0.7380032102433604
0,0.46847711095966027
1,0.7733669361962412
1,0.5386201700323034
1,0.7311006443036212
1,0.7727099927830823
1,0.5252694239776413
1,0.3494604313176207
0,0.09185023206832381
0,0.37834630441174993
0,0.10193696232170753
0,0.12215643354533116
0,0.07026600608606864
0,0.12234865107724653
1,0.6569814331047723
1,0.542009113156963
1,0.7476887225457818
0,0.5938911855173995
0,0.5101214098781497
0,0.5207843095521759
1,0.8551723318370827
1,0.9114981768929709
1,0.9256885472836921
1,0.8451792915776145
1,0.8724645572213717
1,0.8766705368375962
1,0.8925630545687876
1,0.8545993386319644
1,0.9250840994403811
1,0.8925630545687876
1,0.8925630545687876
1,0.7533224935397189
1,0.9250840994403811
1,0.7372259241746835
1,0.9250840994403811
1,0.32840555877018557
1,0.6475889904039713
0,0.22493277799663236
0,0.32813693547432965
1,0.5417042869545671
0,0.2364530330487111
1,0.6731165422810336
0,0.13604190646320075
0,0.30045249567305465
0,0.2148941563360067
0,0.07523059917692022
1,0.7546883417108634
1,0.5946523913893731
1,0.766058526067858
0,0.3200745129637564
0,0.17724050441720174
1,0.8451643081597084
0,0.4796155839856119
0,0.2889344997854683
0,0.5626575070093316
1,0.9798251595874898
0,0.3222794513640838
0,0.2711285442691168
0,0.23254420100833656
0,0.649913371516753
0,0.23444583032717847
0,0.3364378840394349
0,0.3574670405198868
1,0.22885181993887416
1,0.4627294583463382
1,0.4863395594064308
1,0.848985383615726
1,0.7044740552501982
0,0.6783640163633294
0,0.16735258796913047
1,0.6771638292032589
0,0.07534671631061819
1,0.5021511406938042
0,0.1326345458410963
1,0.6458631748751436
1,0.8947659496798329
1,0.8411852033539023
1,0.588819052581105
0,0.6344369827687204
1,0.29243905129679965
0,0.329260845695614
0,0.8860822976767341
0,0.28039560443390094
1,0.8973957054857341
0,0.09499319435918774
1,0.8368867872587045
0,0.2661097548985525
0,0.7965734734928026
0,0.07766283648966531
1,0.8392599473249596
1,0.4714363234841945
1,0.7153357658315663
0,0.4714363234841945
0,0.45016152023289224
1,0.9742764729156812
1,0.4364737396252884
0,0.3844312485044006
0,0.14191276008266793
1,0.8609915863483661
0,0.27614850973031013
1,0.9754247269670032
1,0.821303128332953
0,0.5957644412260144
0,0.13286778074355599
1,0.5172821146667018
0,0.28542374733675074
1,0.5339008903848294
1,0.7605452956473429
0,0.37923468930305176
1,0.8858587999361226
1,0.9368691317654785
1,0.9607722971105697
0,0.07550275943101464
1,0.34017848746700213
1,0.9489895869704703
0,0.36268663400613477
0,0.07914502790934705
1,0.8234052040918544
1,0.7737706836706947
1,0.8234052040918544
1,0.8460211315327033
0,0.16533936126579896
0,0.36652087039059333
0,0.5306296206586847
1,0.5139137265011426
1,0.6960154119339116
0,0.2344844736023376
1,0.9674821548321032
1,0.36233134502324227
0,0.15556692781397383
0,0.19209727873673016
1,0.44626606731741986
0,0.47955496024347677
0,0.5286247715914132
1,0.713994602447279
1,0.7602944545716853
1,0.621210263592783
1,0.7391453427655352
1,0.7879059875406768
1,0.6136157204273633
1,0.6549766818430147
1,0.6546481807182097
1,0.8500909525715858
0,0.3757212946966166
0,0.28678865811917426
1,0.9647303241353702
0,0.42986849446458925
0,0.35470707859733763
0,0.5796703080059833
0,0.11350613877192986
1,0.8561980054454574
1,0.8024337322188209
1,0.8624536647295376
0,0.4165481230388805
0,0.1531408746921394
1,0.9654250405689319
1,0.9468498588009239
1,0.9468498588009239
1,0.9638920378730331
1,0.8883527676804706
1,0.7600092047077281
1,0.8401992486393776
1,0.8401992486393776
0,0.36307643594191924
0,0.2734927263760398
1,0.6960800402046571
1,0.72509737245731
1,0.8008301278607802
1,0.3886970514848588
1,0.9173032613213471
0,0.2482002229379907
1,0.966460719206612
1,0.7117894855649514
1,0.6103465438393721
0,0.29409775001887617
0,0.2603816316454236
1,0.2842767210301849
1,0.4622569214093878
0,0.3176156532446076
0,0.48220431684763143
0,0.25468633473773145
0,0.20063527309663395
0,0.09672485110560661
0,0.16876890090891936
1,0.7840326224375277
1,0.9100635892479371
0,0.09456778233172737
0,0.27684823186004465
0,0.4368570076966222
1,0.6983805275128903
1,0.6028233308158398
1,0.6870343709829771
1,0.7496270426502863
0,0.24900764142412093
0,0.10980743930584476
0,0.13344369483558816
1,0.9466012960032933
1,0.6200568782766237
1,0.5881971860942097
1,0.8009946867402923
1,0.9516176773682633
1,0.687362984432336
1,0.941458402499846
1,0.9918231244954276
1,0.9918231244954276
1,0.9097128977130714
0,0.19138751611934493
1,0.687362984432336
1,0.9097128977130714
0,0.19138751611934493
1,0.9033404622873412
1,0.9097128977130714
1,0.9033404622873412
1,0.7311260836018315
0,0.4890058247756953
1,0.7370646383134158
1,0.6044707864678889
1,0.6623156497092613
1,0.8892316040103581
1,0.595439547667659
1,0.5999862312969911
1,0.8534336280820497
1,0.5999862312969911
0,0.8534336280820497
1,0.9097128977130714
1,0.8852973615703069
0,0.18057856264370659
1,0.8646607485879126
1,0.8646607485879126
0,0.2732689841525422
0,0.8206272779531799
1,0.8646607485879126
1,0.8646607485879126
1,0.8206272779531799
1,0.7171953676686037
1,0.8206272779531799
1,0.7171953676686037
1,0.8206272779531799
1,0.7171953676686037
1,0.4974828941718664
0,0.024010850589246808
0,0.023643295683908886
0,0.34176870829806943
1,0.9346352893193917
0,0.3422162843060417
1,0.7613912403286586
1,0.7995077251365765
1,0.5182136049251392
1,0.31050625877239196
1,0.3914977193536746
1,0.709103812558751
1,0.32662706206429465
1,0.28103175680403764
1,0.7313973641187757
1,0.4360289733748414
1,0.4154563280255694
1,0.3900549573210571
1,0.679298749447423
1,0.4143084428945743
1,0.36247454561268927
1,0.572557335144072
1,0.7300647606180317
1,0.7876181779716771
1,0.46062107618488185
1,0.7432633299680044
1,0.31398004053214595
1,0.48318221527634125
1,0.7999756541499936
1,0.7888675782515185
1,0.5329699436078916
1,0.5329699436078916
1,0.5328469184036416
1,0.7646752913207359
1,0.3748838640693575
1,0.22310470112347996
1,0.3787459530917101
1,0.21345887516935508
1,0.625427262601042
1,0.6347945409878166
1,0.360743342750639
1,0.8989621475769867
1,0.6383746250010105
1,0.875197173294351
1,0.6497921918055999
1,0.669824711946211
1,0.37623540191716015
1,0.5221843206681797
1,0.6390366885239417
1,0.6818972370456418
1,0.8949080654789173
1,0.9069919439769355
1,0.8518357936777955
1,0.8102567428731534
1,0.863269050176908
1,0.8505032118764847
1,0.6670852333767647
1,0.8704593797055534
1,0.8354844495536944
1,0.7671327333773695
1,0.8949080654789173
1,0.8850588171043898
1,0.8773825345875413
1,0.8505032118764847
1,0.8819389124221869
1,0.8518357936777955
1,0.9069919439769355
1,0.885583247230363
1,0.9155313180058825
1,0.8704593797055534
1,0.7671327333773695
1,0.9005099863577596
1,0.8903715263056485
1,0.8117654470929239
1,0.8518357936777955
1,0.6675408113737985
1,0.8726224512437427
1,0.863269050176908
1,0.9154004882774351
1,0.6659055056981836
1,0.9003851393197747
1,0.8998006524566418
1,0.9049065969586237
1,0.9049065969586237
1,0.8819389124221869
1,0.8850588171043898
1,0.8717891415826982
1,0.7979134259583937
1,0.9154004882774351
1,0.8819389124221869
1,0.8299453533650047
1,0.8174872879303321
1,0.6670852333767647
1,0.9044666561609457
1,0.8354844495536944
1,0.6224930805639757
1,0.5895655949326778
1,0.30046439506936096
1,0.6582124264351532
1,0.8729249720322108
1,0.5730885806829823
1,0.6703018619586499
1,0.7446920373585966
1,0.575926110445563
1,0.8247778024972217
1,0.9411518845939276
1,0.5736222937357132
1,0.5329632139564254
1,0.93009848903392
1,0.9170307502833562
1,0.6348160966326012
1,0.8403692021014729
1,0.6535982537186187
1,0.8178858281557384
1,0.860381451971348
1,0.7634671676569389
1,0.899749229199742
1,0.5846035497808397
1,0.4805520112017564
1,0.5932444044534712
1,0.757571499854151
1,0.5043004786620833
1,0.7727668950726514
1,0.7954872634834891
1,0.8664003656789657
1,0.546224622878324
1,0.9368884899841888
1,0.9158318896732073
1,0.6166724982751273
1,0.780191392892495
1,0.5710742911958592
1,0.8442483663017449
1,0.8032707540045735
1,0.6645326431097472
1,0.41030634811835326
1,0.6551049020108172
1,0.3256169063706584
1,0.8500420591471501
1,0.5850184567130685
1,0.6228502677089652
1,0.9238704116391749
1,0.8088487050982969
1,0.9008935943561257
1,0.9341208161225562
1,0.9309037116142054
1,0.8032707540045735
1,0.4846231248734174
1,0.4503246217435863
1,0.4503246217435863
1,0.8910361765162466
1,0.54971027974911
1,0.7832619751880323
1,0.7522060371908558
1,0.6311812036011676
1,0.7739568132775351
1,0.5867891898613212
1,0.8620152210242326
1,0.45576726373928533
1,0.2567164807751427
1,0.3353060841983081
1,0.46624880297107596
1,0.5584942458053501
1,0.6523267812148799
0,0.3951694553888651
0,0.21126605028906206
0,0.28844558333556913
0,0.2818611680979519
0,0.10880639433658645
0,0.3045610592080958
0,0.29454773344314195
0,0.3113614688780366
0,0.33258120909683603
0,0.16903119927971424
0,0.27374758995192294
0,0.1356474279079825
0,0.29414033955403757
0,0.26234252068630215
0,0.3257923305885868
0,0.3080062618223042
0,0.35190135752601215
0,0.315754883186504
0,0.2953427265781094
0,0.2735679912330259
0,0.6586936246465367
0,0.2391202567090782
0,0.3699490144119381
0,0.28269673821113456
0,0.25432369024641993
0,0.3908093485879714
0,0.35154079626836426
0,0.2650121455482444
0,0.3809794799772796
0,0.13530854425043165
0,0.39907430673384126
0,0.2085601465132781
0,0.24715602926180907
0,0.49694889244317336
0,0.24057479582546756
0,0.3914461521564273
0,0.5737856815709308
0,0.3473407549127193
0,0.21466779148369403
0,0.2086743974887693
0,0.34010589906078126
0,0.2998628761074595
0,0.17327332402212386
0,0.26439155978723405
0,0.3202862352942443
0,0.4664271543313558
0,0.22131017297812924
0,0.444087975166977
0,0.2203522958052444
0,0.32668311360296604
0,0.159552319599837
0,0.4190279633742609
0,0.31292820033323643
0,0.5538906148422037
0,0.48946354205633075
0,0.41655536068745147
0,0.4121496876071963
0,0.30128719850311425
0,0.5584384929162843
0,0.3193546858947729
0,0.4681879545631827
0,0.3455548687048805
0,0.24787396652933893
0,0.30836711440207176
0,0.3591802026769594
0,0.5215400706504898
0,0.40224193276766945
0,0.4681879545631827
0,0.34175541730621983
0,0.10420301528574429
0,0.14202174342628449
0,0.34061383118250077
0,0.5169428702783327
0,0.25186484179594787
0,0.21825966100911662
0,0.3744832456557776
0,0.4266150142874046
0,0.5026249739804418
0,0.1867459969674103
0,0.17374995153086276
0,0.3865923109802094
0,0.3312067505742529
0,0.43292768445594043
0,0.27540066088566584
0,0.27222779275933945
0,0.4412720069312672
0,0.2687198644715826
0,0.3156750942063828
0,0.5384746112152798
0,0.2674932501826704
0,0.15380374029739893
0,0.19469509599754442
0,0.2854378226001019
0,0.4588106223228005
0,0.16333045771493324
0,0.0851615360100359
0,0.30086688691767305
0,0.40723056832670435
0,0.22726850378211455
0,0.2633478957302192
0,0.3103769154222079
0,0.349800682282535
0,0.14160793974407446
0,0.2527227933615026
0,0.3565054553548652
1,0.5508585748371617
1,0.2723510340920152
1,0.9265722389759931
1,0.8097724207703255
1,0.8777261538698304
1,0.8777261538698304
1,0.527292998663212
1,0.8296253796489615
1,0.8625569192328664
1,0.8777261538698304
1,0.8870900206936252
0,0.4323060947085257
0,0.5207026937407727
1,0.3840709577729838
0,0.2548884262336588
1,0.7632210918881105
0,0.43662029996282437
0,0.3303513171681193
1,0.7130269143642441
1,0.6527908720492865
1,0.5927835469928453
0,0.31105373974394124
0,0.5769651176831939
1,0.7922051954419407
0,0.39883241824696203
0,0.6150371738557396
0,0.6129796217128476
0,0.5769651176831939
0,0.23215091155957507
1,0.44577570906534636
0,0.1894972063374264
0,0.5146652231155655
0,0.2844385323028577
0,0.22966325819036082
0,0.23215091155957507
0,0.27091834135160564
0,0.3132457320200964
0,0.5499300526493632
1,0.5747496057875647
1,0.5425092492630562
0,0.5466816895788714
0,0.17241009074238287
1,0.6000244920168577
0,0.50403925479151
0,0.18069236937087832
0,0.4298214175595797
1,0.27615263899091164
1,0.7354123255957465
0,0.586101262155395
0,0.2325518004952918
0,0.10773803450292632
0,0.2720422667580535
0,0.30528576049636186
1,0.948058093209366
1,0.948058093209366
0,0.08400507341183512
0,0.09262818721384855
0,0.8057723576754678
1,0.9177967310803796
1,0.9177967310803796
1,0.9177967310803796
0,0.18824631089566718
0,0.09221751948979472
1,0.9101577395536647
1,0.9371415776536007
1,0.8528347113231064
1,0.7967003351609241
0,0.17979683378585076
1,0.6199454533712656
0,0.18366814271795281
0,0.1489618259229562
0,0.26086094463560255
0,0.13832747207287374
0,0.21034591952015358
0,0.22055713691365825
0,0.15729137549756692
1,0.7911927092635616
1,0.8335381779604438
1,0.7305861086607226
0,0.6039585995411232
1,0.7510201264952988
0,0.12770156060582924
1,0.9210610325806664
1,0.11814575519004723
1,0.9752872604183627
1,0.9806115563675394
1,0.972275358137025
1,0.9890006316772998
1,0.7527657118013116
0,0.10186232834888753
0,0.36596670851851615
0,0.17063760133647737
1,0.8435605590621594
1,0.8435084605509034
1,0.9451858256059561
0,0.1657519725708206
0,0.16689562913460537
1,0.867527180678937
0,0.3437502860193191
0,0.7384675499062449
0,0.5690646093566335
1,0.8516035307051426
1,0.38204685054301313
0,0.5346591111962922
1,0.9932338629482809
1,0.9939288251783444
1,0.9939288251783444
1,0.9894705396019075
1,0.9942433744100762
1,0.9939288251783444
1,0.2541858707227713
1,0.2672018479389852
0,0.2607807077096461
0,0.10447045475603257
0,0.06980471511695706
0,0.23272317739133153
0,0.12104715054596236
0,0.15567011214442045
0,0.24024139024841962
1,0.7819100241864381
1,0.8437048682991652
1,0.7660912324897532
0,0.4439120979259774
0,0.035282138842397746
1,0.9666810546684425
1,0.39162085386550105
1,0.43179564642565177
0,0.20814431747570886
0,0.04473908784567097
0,0.1876984986955428
0,0.6380526118917683
0,0.4154940954921034
0,0.3679784790385237
0,0.15207280026850087
0,0.07619962554004257
0,0.0753833331275157
1,0.35652591892147323
1,0.31368883520690827
0,0.17139844102194157
0,0.21464364769473826
1,0.9978830454775197
1,0.9978830454775197
1,0.7651829259279853
1,0.3011599019968682
1,0.42924752475251804
0,0.4286260984855097
0,0.2166337131044661
1,0.6223741062152981
1,0.7494138990992637
1,0.7494138990992637
1,0.8524729628362372
0,0.10707100524983564
1,0.8742153463421862
1,0.9296129134249445
0,0.337998204230162
0,0.5676458630046749
1,0.45316059870577097
0,0.37521379025132956
0,0.7702042134274907
0,0.6517724060059991
1,0.6169647631191886
1,0.7805378649438974
0,0.22909194890996473
0,0.211743177564221
0,0.19090564390724493
0,0.2648794410044422
0,0.211743177564221
0,0.22909194890996473
0,0.1866366686958681
0,0.44029648376384345
1,0.324353255871001
1,0.3685300099591967
0,0.25661478832046564
1,0.7092147274667764
1,0.7092147274667764
1,0.7092147274667764
1,0.2398675544394219
0,0.539782982482514
0,0.17303361097320746
0,0.15322050315962332
1,0.5859732706831552
0,0.24612756589905865
0,0.26685221609709703
1,0.6599636792605306
1,0.5951431311917557
0,0.39830959556831014
0,0.1501933426511112
1,0.9381926922821763
1,0.9482743483315046
1,0.9525458235808063
1,0.9229032395991218
1,0.9819072766251462
1,0.8236077777149382
1,0.9396867199260112
1,0.8992286711437517
1,0.9628394693626424
1,0.9807674362777322
1,0.9819072766251462
1,0.9515757593032682
1,0.9515757593032682
1,0.9819072766251462
1,0.9668887079387434
1,0.9074324931595614
1,0.8881065401491011
1,0.9668887079387434
1,0.9668887079387434
1,0.9515757593032682
1,0.9644673671047588
1,0.9074324931595614
1,0.9216711809990739
1,0.9468442787435872
1,0.9179956218402519
1,0.9216711809990739
1,0.9595775701102536
0,0.32907586517225756
1,0.6600452727955056
0,0.12197696819051068
1,0.6837720925423153
1,0.8863161928528863
0,0.04385956820555445
1,0.7221218158968743
1,0.49038919936855074
0,0.49548527368517653
0,0.27298823248486503
0,0.05029630211220917
1,0.2532666400946964
1,0.3860940835048877
1,0.40550785382627536
1,0.7004693839600394
0,0.283924852104245
0,0.2085982843079421
0,0.17263257672924673
1,0.5181400317620312
0,0.14837160071741268
1,0.2440840394151904
1,0.24213836574154313
0,0.1714918288810167
1,0.701475198886004
1,0.8587467212561433
0,0.09651771263072799
1,0.9108757840857196
0,0.2792744999847766
1,0.6821504338574893
1,0.3450156057529179
1,0.9490072133494853
0,0.2183348864091412
0,0.1997203812909765
0,0.17979640884891568
1,0.6145416681044437
1,0.34122265796566564
0,0.027296062190499515
0,0.2325836757806628
0,0.36308397703556966
1,0.9801750387787311
1,0.8876377520811902
0,0.5410160278621942
0,0.06241965635841061
0,0.274533344960747
1,0.9960891421212753
1,0.9960891421212753
1,0.9960891421212753
1,0.9960891421212753
1,0.9960891421212753
1,0.9971438253007067
1,0.9971438253007067
1,0.9971438253007067
1,0.9971438253007067
1,0.7723907203378753
1,0.8537777432835962
1,0.8611195239336775
1,0.8224009242318808
1,0.7532998087979113
1,0.7129936671307058
0,0.3110591919760445
1,0.8419557415195654
0,0.08003637980191292
1,0.9430562104102204
1,0.9513561614724317
0,0.32165167913064546
0,0.7357712129068351
1,0.4240114502779062
1,0.9272169737062321
1,0.9272169737062321
0,0.12362602763242603
0,0.11569722652520958
0,0.12521474953977801
1,0.4734452595899232
1,0.7878457552412795
0,0.3619086192460439
0,0.6487062179249105
1,0.34734122971781334
0,0.47154763482750023
1,0.7456122741457273
0,0.10189943601311002
0,0.30444185776949834
0,0.5677656567465799
0,0.3845017644422536
0,0.5281497085999748
0,0.41715443922443163
1,0.9737182993595446
1,0.9737182993595446
1,0.8097855088791581
1,0.8464342640888973
1,0.8791230007810192
0,0.10759510011278263
0,0.3378334052926303
0,0.23159912475525432
0,0.2180867347137139
0,0.3167152599604852
1,0.9406651569379673
1,0.5686648625352395
1,0.37300723470833785
0,0.13144258450730772
0,0.06054493307722363
0,0.09014448641426778
0,0.5831193449122826
0,0.2865933438238508
1,0.47795617398978246
0,0.39932932678425065
0,0.07174838014907245
0,0.054485828595216994
1,0.9120094683334181
1,0.8365286447725961
0,0.1915292971720483
1,0.8504770367549627
0,0.5052259529140557
1,0.8766077562849198
1,0.9162568096779649
1,0.9678306782433694
0,0.1716576814728243
0,0.0939304359768219
0,0.1085601499859339
0,0.19348955664496462
0,0.5573443283140525
0,0.28915329786913246
0,0.6153098974879632
0,0.14264581520593564
0,0.14685372015420653
0,0.3011953072984364
1,0.8789066152251511
0,0.13288804242104466
0,0.15747581668066532
0,0.3402460858112877
0,0.22227058749310827
1,0.5397731250460457
0,0.11887006730546766
0,0.1338831747533504
0,0.19097657728334708
0,0.24346944374150462
0,0.39778350765761095
1,0.27701223508255823
0,0.2935702517148549
0,0.29449157518832814
0,0.04056708173938631
0,0.1835901297489926
0,0.2602658884575475
1,0.907222156695204
1,0.907222156695204
1,0.920558761504486
1,0.9237917934602984
1,0.9504204388403413
1,0.8706990220600312
1,0.9504204388403413
1,0.9067971881520119
1,0.8441705998241975
1,0.9012584127344758
1,0.8714362929092718
1,0.9073776775232248
1,0.9346949540644515
1,0.9504204388403413
1,0.8706990220600312
1,0.9483839402947992
1,0.9142971157511991
1,0.9478066285438825
1,0.9504204388403413
1,0.9521645589979915
1,0.9499445456700786
0,0.21067071628146106
1,0.31960308518096137
0,0.04132227100001232
1,0.9637766786720189
0,0.048802552794848894
1,0.8544285628678481
0,0.4162421207461997
0,0.131952587308841
0,0.035820316476063124
0,0.5163938704654977
1,0.9028759567612199
1,0.44899341310653923
0,0.12179325046410545
1,0.44634207630072875
0,0.19678433346595958
0,0.27015036601969794
0,0.11798483927082692
1,0.5851335547165991
0,0.06593761914054455
0,0.11044331345474954
1,0.8933979981649586
1,0.9971867495066618
0,0.41126526647846373
1,0.8984323730426638
0,0.054672491958930224
0,0.10318558856976923
0,0.09415038795873676
0,0.7359641289117372
0,0.14510056217755574
0,0.5942884933272545
1,0.8924668485741276
0,0.02794791725966668
0,0.23660105418721006
0,0.23660105418721006
0,0.1887409358156073
1,0.7207797948025291
1,0.31961798943784053
0,0.06748880555827116
0,0.07833466893704744
0,0.09659034264522877
0,0.3222213654327783
0,0.2852044027837443
0,0.07729369662206409
0,0.07539503116018244
1,0.10266186967477545
0,0.08886803829538392
1,0.43831427270815004
0,0.22249361820445956
1,0.9202165040500083
1,0.8753387234388692
1,0.9451826362308768
1,0.1727037146433361
0,0.15817655176083076
1,0.7302571681378606
0,0.2329356507622584
0,0.23142989346207304
1,0.3287141652057134
0,0.4855264044446606
0,0.26681948093343427
0,0.1537129513337748
1,0.9722791926214931
0,0.23856825721362382
0,0.1618798828864965
1,0.9727340113094338
0,0.7506808049447082
0,0.15990675449825248
0,0.15990675449825248
1,0.6890687907024782
0,0.4132514864963545
0,0.3365852274245769
1,0.6564913142019303
1,0.37160199250550424
0,0.2609471713672929
0,0.31241779559927163
1,0.9930533648939973
1,0.497088550412349
0,0.44672698461005333
0,0.21866892902976823
1,0.4354450399625286
0,0.4817093730272536
0,0.33955496396309326
1,0.4507355971499211
0,0.2043715027117091
0,0.20418724922556658
1,0.6190833747376391
1,0.6471354455968005
0,0.31218622243517713
1,0.978142015756691
0,0.24509102591440549
1,0.9390473949633089
0,0.09791499395950073
0,0.326247397597362
0,0.15735238508689853
1,0.9109675069056312
0,0.03790144303645009
0,0.2134019860195126
0,0.17541143300815049
0,0.4191098178452961
1,0.9802295107134233
1,0.9384266263147943
0,0.5664319513225101
0,0.3259404239782647
1,0.18460356456675112
0,0.8648661335798767
0,0.0700323221975138
0,0.17087604336700266
1,0.9212627998887405
1,0.9212627998887405
1,0.7587915069793605
1,0.8526419117749654
0,0.2980774131954232
0,0.2980774131954232
0,0.3352179123726584
0,0.2418817881486813
1,0.9097946972312841
1,0.9309307892630789
1,0.9391450959191869
1,0.6082453307380752
0,0.7181454301844977
1,0.4586422602699464
0,0.27684939638628775
0,0.2541626130634165
1,0.9258959693213055
0,0.24748029492092824
0,0.10650839296032004
0,0.3320278794830946
0,0.24733178311697782
0,0.06987362868061935
1,0.3619579253118704
0,0.34293500327670434
0,0.3227488136425047
0,0.2633039532250216
1,0.6400257150124267
0,0.03278629584319403
1,0.877609407387786
1,0.7047557591902633
0,0.22059797964605704
0,0.2308793565787806
0,0.22077198056247516
1,0.8849865337821029
0,0.45442013081040333
0,0.23261473650860748
0,0.23588288143548164
0,0.1090568050666135
0,0.21074768171056604
0,0.08326597733112696
0,0.1338172739663271
1,0.7862334956354571
1,0.9971447167240409
1,0.8421217739524975
1,0.9544096889418626
1,0.4809815997552351
0,0.24948447415113048
0,0.3242631493357004
0,0.17500647472673173
0,0.27230729798869974
0,0.2073690754276109
0,0.35003554679553966
0,0.10096582110970821
0,0.06999905477952693
0,0.17818599464588203
0,0.10435087428952647
0,0.13705822892289635
0,0.43639867429938767
0,0.3825571616147418
1,0.7277759820506642
1,0.8379962169549212
1,0.6235929991249727
1,0.6425616761859302
1,0.6235929991249727
1,0.8379962169549212
1,0.8217955070963333
0,0.27266691779179353
1,0.6724627615084372
1,0.7476097389698614
0,0.23061456606989772
1,0.6457114300404339
1,0.8124889429841133
1,0.9939860612811469
0,0.10142389802486071
0,0.28763276397147686
0,0.23942409462520556
0,0.2963123620730888
0,0.47934329458442204
1,0.5055059822386841
1,0.5371369035550906
1,0.8166885570031364
1,0.8314716176162713
1,0.7544561959211352
0,0.2669526096392746
0,0.3586305278548748
1,0.9965186157077675
0,0.11414781048752715
0,0.26264672110343273
1,0.5794150401463781
1,0.8487031726467267
1,0.8497664641504168
0,0.038164803658173825
0,0.08755027106771256
0,0.27816241329656627
0,0.3312110033741302
1,0.44965268491276805
1,0.9004312113542345
1,0.4624992994208603
0,0.1522182778555992
1,0.40483745099586393
0,0.3162179341302922
1,0.9263323621645797
1,0.9491032490913859
1,0.872661736860647
1,0.9091493428767252
1,0.9491032490913859
1,0.9058112444649956
1,0.9543953966817594
1,0.9091493428767252
0,0.06570113886516835
0,0.11544541506403239
0,0.12369379056429218
0,0.12522028557229395
0,0.06496099675031676
0,0.06496099675031676
1,0.6965588453344492
1,0.840804426096329
1,0.709974565060022
1,0.7797250247350163
0,0.2316498178142665
0,0.45520174452616646
1,0.9939419445700413
0,0.08827045311140341
0,0.06114335838607622
1,0.71730846536216
0,0.46214879291437166
0,0.3886510295865946
0,0.19870139819250207
1,0.7224398970888167
1,0.960793086530084
1,0.38237735469282874
0,0.2665285854131948
1,0.800817916084125
1,0.4464190886721233
0,0.7307623485350704
1,0.6663946095173963
1,0.349222501006891
1,0.3384472424471388
0,0.36424737145643454
1,0.946458350488317
0,0.3006926369672418
0,0.5332050860938099
1,0.9461009074121772
1,0.9564121694878783
1,0.8452879878046385
1,0.9451057122182271
1,0.9666902909326535
1,0.9594633588886533
1,0.959100186870031
1,0.9730665845303185
0,0.1824852816537934
1,0.7328420601788085
0,0.12709321633646586
1,0.9697714945402367
0,0.20992913459925988
0,0.11366595076989171
0,0.141465509549135
0,0.3307336764679886
0,0.2840669081452411
0,0.5195292816795252
1,0.9286012323510031
1,0.963692726867193
1,0.9742793874126042
1,0.9742793874126042
1,0.9743894016886219
1,0.9743894016886219
1,0.9402783921201706
1,0.6421669580004585
1,0.9529597656418998
1,0.9651144114660628
1,0.18826340211325948
0,0.33431072099181064
0,0.2628304236204374
1,0.43126742285503755
0,0.13007503776416499
0,0.12174531277661937
0,0.1304645942527472
0,0.5622198539164712
1,0.845937175792949
1,0.746228127440769
1,0.999713238196671
0,0.20360738095031308
1,0.15246886398501147
1,0.6938233654937187
1,0.5056914840917891
0,0.2319379108845707
0,0.5603842086497204
0,0.17561576857427327
0,0.12662382207083125
1,0.8210962358481774
1,0.7910721765950725
1,0.7910721765950725
1,0.880432079729773
1,0.8017455664819283
1,0.3998068447945268
1,0.19361798481767614
0,0.12693898806640785
0,0.12062530411367185
1,0.5370638489546059
0,0.20079666068052587
1,0.8355898392431984
0,0.22891349213169335
0,0.20378971234029974
1,0.9666810546684425
1,0.9592265930271956
1,0.715940696203345
1,0.23167456405093514
0,0.1870112421848844
0,0.312388457507192
1,0.9988234277009094
1,0.9277221304111757
0,0.18158929533278215
1,0.555030559561419
1,0.8331959785641845
0,0.24213724259226266
0,0.3357635385406533
0,0.4230081576007803
1,0.9664347190234697
1,0.9929150975653541
1,0.9929150975653541
0,0.3466809938728778
0,0.3713066757885688
0,0.18851319706801786
1,0.8372814419889737
1,0.8491173498501021
0,0.12072367922436134
1,0.3682675981260776
0,0.3456113137835475
0,0.13185374569956473
0,0.34314409021136244
1,0.8361479729975092
0,0.48751427086300014
0,0.5969239470439053
1,0.7950825736182385
1,0.6857975203101735
0,0.1691307163217994
1,0.7308730667508773
1,0.19344384999428577
1,0.7521634799180908
1,0.35510579434045014
1,0.953839062184264
0,0.43193341323818124
1,0.19393568547834358
0,0.17897140749825763
1,0.49650259191982465
1,0.7517291900007198
1,0.6233049313435501
1,0.5876181450454374
1,0.48524230687072195
0,0.378938359438818
0,0.5188893889249937
0,0.3472567039694636
1,0.736589236230992
0,0.33350976945275257
0,0.19096103211264046
0,0.3867125651606298
1,0.9211385886501203
1,0.9402056049231525
0,0.706262681516322
0,0.24051529798504612
1,0.49347716492133176
0,0.24731872998056884
0,0.2882068244768516
0,0.6186969179831876
0,0.3974158252045517
0,0.08255237950575937
0,0.08932037223550884
0,0.27897189502373926
1,0.9829197815106009
0,0.3679583926528518
1,0.8302419691947688
0,0.3151342351916231
0,0.27586920434993434
1,0.6719902730470714
1,0.9703581212307341
1,0.9150046706412329
1,0.5079072005237607
1,0.4154006490649028
0,0.2689429487953409
1,0.8241295913026734
1,0.9300205115688088
1,0.9292210246777045
1,0.6021216561176694
0,0.3309310297701905
1,0.8282146933110592
0,0.12142510084595033
1,0.5190670204313229
0,0.18431672636680257
0,0.23345718963235462
0,0.10591030852657186
1,0.8331283333470105
0,0.1414118324847237
1,0.8037088542767898
1,0.8152518778147942
0,0.046230200890119214
1,0.9650867794842592
1,0.9650867794842592
0,0.41901202400694865
0,0.48907714898884413
1,0.5728455811793919
0,0.22182539965664058
1,0.320885239278723
0,0.08216117914088944
1,0.713229259620258
1,0.9645629818468323
1,0.9676229751302583
1,0.8555867855085785
1,0.5696051725009793
0,0.37649305985380505
0,0.32892759592323945
0,0.14069445159217236
0,0.07096863790273185
0,0.32213096501709787
0,0.5471327972223814
0,0.3204823734269719
0,0.14797858383556506
1,0.8621146002051301
1,0.9827454213690111
1,0.745295936996239
1,0.8434244235801894
0,0.4683050304262343
0,0.29023131634968324
1,0.757540536023916
1,0.8014409162408221
0,0.18764498114437625
0,0.47012667332178676
1,0.5115953743893037
0,0.17812811487128594
0,0.24158079384852305
1,0.48472181468872555
1,0.8761468441045511
1,0.9102604105571881
1,0.8935156486910338
0,0.04166242500236983
0,0.5979238212821221
0,0.07802228870080412
1,0.1953328664711712
1,0.3435565777917554
1,0.29712379497287317
1,0.17727650575191595
1,0.3037562565209293
0,0.27289617749741385
0,0.14943983839222985
0,0.21609544904767208
0,0.15611800136851828
1,0.8048440450082491
1,0.5035827803318262
0,0.12046641566248519
1,0.6244323013995532
1,0.9007901542104368
0,0.11764219049924576
0,0.1224162969529428
0,0.1224162969529428
1,0.9157954520832143
0,0.1183880758085988
0,0.15535115235632882
0,0.34176136499818593
1,0.7373848936444485
1,0.15537617774838758
1,0.8213085130049838
0,0.2749051054915888
0,0.5354297187068587
1,0.7914607744334984
1,0.6123667515246898
1,0.7806816597045415
0,0.10049309085698868
0,0.11659788759497529
0,0.20521813712352985
0,0.46716500694653684
1,0.8600623844454257
0,0.1678289473053554
0,0.1678289473053554
0,0.19623616765020174
0,0.10444431096267029
0,0.15381152583876656
0,0.23127916638076357
0,0.2785130595234575
0,0.15742112609969725
0,0.12166329577090011
1,0.2931444258674073
1,0.9125622750428867
0,0.27780569012251993
0,0.15529553144601815
0,0.1786936673977188
1,0.9388033327499719
1,0.97404040387975
1,0.8433497798035918
1,0.9374615440468403
0,0.5165591383037574
1,0.8578436846179015
1,0.8971471824863806
0,0.13722594065665625
0,0.1413833790908086
0,0.1906277579437479
1,0.9872554226860766
0,0.30462197147193293
1,0.7819615253379806
0,0.4101662022309802
0,0.03603456423563718
0,0.21485095432371046
0,0.22895193562786087
0,0.17637879576161555
0,0.11666472479901357
0,0.2196237954801647
0,0.23616229629433674
0,0.18253085754563075
0,0.6993294562210596
0,0.25887980363687474
0,0.3303308391069785
0,0.051220880100928665
1,0.4234986586830875
1,0.7221071250434019
1,0.7077990240925587
0,0.08821700362198735
0,0.2452145597815587
1,0.866168185860763
1,0.23053884618466733
0,0.18508797952526407
0,0.3375587657387082
0,0.20959840025248663
1,0.4901470374878247
0,0.20413105890077227
0,0.3109937257070236
1,0.7188118255649704
0,0.2630494633282673
1,0.41562547012274936
1,0.7615791163703417
1,0.7138275211279275
0,0.08033054562357546
0,0.09024638750037456
0,0.02297513693745208
1,0.8686649788673799
1,0.9401048622722928
1,0.9401048622722928
1,0.9401048622722928
1,0.9056704292339658
1,0.7256070507051289
0,0.029078160970605955
1,0.9240340213680207
0,0.1018267258679093
0,0.07973600202321814
0,0.06410182051572243
1,0.2665293257512057
1,0.8983316607518932
1,0.8628853517129029
0,0.18192426426873248
0,0.16818708215819614
1,0.40060813753067964
0,0.160794067132718
1,0.21223439944979983
1,0.2708590673307334
1,0.14939208610959523
1,0.2084137978199263
0,0.17461278137432137
0,0.16122776190833063
0,0.2084137978199263
0,0.13583971079199944
0,0.38253970710383356
0,0.14749803799152755
0,0.04368487916872212
0,0.1348566370115647
0,0.1941636392969672
0,0.11145894900995905
0,0.17750819031915127
0,0.12675632540023107
0,0.1922672029165423
0,0.1779175772199466
0,0.21584351797505033
1,0.8611910655076473
0,0.03121961867577945
0,0.12969132940172445
1,0.9125752066048722
1,0.9556506844528908
0,0.13061567113437927
1,0.2872415481954798
1,0.8006987008894655
0,0.06087911334434288
1,0.9993861695297862
0,0.20059922031663988
0,0.2688883213685229
0,0.5473087146667012
1,0.8235794271918256
0,0.28606114117017906
0,0.055972432166553884
1,0.8999655783801689
0,0.2730124751260791
0,0.270792818338619
0,0.3402592866130031
0,0.3262740059501885
0,0.2730124751260791
0,0.15364210219627544
1,0.29301779157024194
0,0.1274497651381844
0,0.16493821489504126
0,0.11503093180825655
0,0.08381674021350768
1,0.5561657132075114
1,0.7652714182446764
1,0.5044379565187345
0,0.1693348679282653
1,0.4588870005737413
0,0.1591018904356549
0,0.25517438058310726
0,0.20032059141637595
0,0.26060092213929814
0,0.22354436972626535
1,0.23700474345992237
1,0.23402638205402476
1,0.24459598929886803
0,0.4698317366077247
0,0.15941726624413927
0,0.12749654487635
0,0.2512954245989323
0,0.09745803747659754
0,0.14185653801173195
0,0.190903247305705
0,0.06704535261805043
0,0.1833660289161595
0,0.0872171561274664
0,0.2881296375392069
0,0.1706956398688232
0,0.28473679683001046
0,0.3339737902985054
0,0.15391810101594222
0,0.12976650409862076
1,0.2925625930481345
0,0.6349150661060519
1,0.8547554527584683
0,0.4659376624556351
1,0.25559564390638523
1,0.34542510881423305
1,0.3324330255908699
1,0.3475973717596758
1,0.38837035710274337
1,0.26794501782607993
0,0.5845757060017293
1,0.6500490667307949
1,0.8373963354139935
1,0.9056704292339658
1,0.9840237462276704
0,0.27114363408990877
1,0.6432791736172623
0,0.17578772568219556
1,0.39584700078574986
1,0.7051564547694452
1,0.8585052161205374
0,0.08097937207627971
0,0.15184993545144085
0,0.1979818025683929
0,0.19218531422339086
0,0.23495950311596078
1,0.6658945969073999
0,0.383953766735238
0,0.08443433032474779
1,0.7686570500644763
1,0.869103073744571
1,0.8107004235689133
0,0.2223994773887124
1,0.3663723274804791
0,0.1911172309820861
0,0.1281502227251587
0,0.36291781890086255
0,0.175146578339239
1,0.9037032555721595
1,0.9954293275716181
1,0.5337946049820227
0,0.30900417180601447
0,0.044101749437641675
0,0.098830177209489
1,0.32858862949699685
0,0.17378969312079892
0,0.3368659305352674
0,0.10456976588192282
0,0.14628771472232166
0,0.15191303674590245
1,0.5982773925149591
0,0.035608746639239464
1,0.23541614310129425
1,0.40073316756626076
0,0.4658764779209429
1,0.8183296080796465
0,0.18471351344515866
1,0.38746129455712747
1,0.9087636629788457
0,0.03358445048507157
0,0.14233989471660208
0,0.192223700363295
1,0.9706840918752064
1,0.9706840918752064
0,0.1776343511139664
1,0.9985984989049641
0,0.29992788116095526
1,0.961729455444786
1,0.9575605271287452
1,0.9672802101464394
1,0.9799110015080139
1,0.9673244369561986
1,0.9771004138081739
0,0.18940035041785372
1,0.8729722899119773
1,0.8913990579523903
1,0.865073336817001
0,0.3778977484607103
0,0.574459230381045
0,0.30939883722382855
0,0.32033863929076767
0,0.32033863929076767
0,0.6261163021482389
0,0.31256213649200393
0,0.20477592679878728
0,0.35833574550681085
0,0.6748314018502297
0,0.4827441353350229
0,0.4827441353350229
1,0.848678553738977
1,0.9133139234310108
1,0.9217584442370821
1,0.7524971786423535
1,0.8297379628130492
1,0.6994483187983623
1,0.834508825493807
1,0.8393812858847908
1,0.9217584442370821
1,0.9010060634258436
1,0.8826822988445064
1,0.834508825493807
0,0.026268865612154683
0,0.026568025454073094
0,0.044108978633124185
0,0.3733760902469742
0,0.5869956333036656
1,0.707111161414866
0,0.14032012548412814
0,0.3294973198601877
1,0.3527578365220428
1,0.9849260922060825
1,0.4670671013552978
1,0.796778316575522
1,0.2931466612759542
0,0.10708214470673069
0,0.27884048422511026
0,0.057079977680192635
0,0.04980357925333297
1,0.580913000519484
0,0.20344807884071311
0,0.12687636298696042
1,0.8165196058125738
0,0.12197308822293516
0,0.12183012992583116
1,0.12932675465846372
1,0.43117736541481516
1,0.9779768601320306
0,0.0536590732801465
1,0.8177262861812346
1,0.926635150204024
1,0.8810862700000462
1,0.9088354101071853
0,0.5828609153833085
0,0.08829782515149927
0,0.0699103444078126
0,0.06984029584431034
0,0.20604799183164826
0,0.2894227067023402
0,0.30402084238062305
1,0.789822978429107
1,0.7564334225408866
1,0.3272303895601258
0,0.8735397664239429
1,0.6292089346255235
0,0.6343573632568229
1,0.9855645293281816
1,0.990101446366905
1,0.9878158806161408
1,0.9870304774676858
1,0.9924109218615903
1,0.9810434840537112
1,0.9893112910260362
1,0.9893112910260362
1,0.9929742067543814
1,0.9920938562708739
1,0.9924109218615903
1,0.9916020864013708
1,0.9944805306268217
1,0.9965933563995992
1,0.9949821359646203
1,0.9916020864013708
1,0.9906791378504588
1,0.9759273357202393
1,0.9855645293281816
1,0.5691868978884167
0,0.27352199086973117
0,0.5115248312353439
0,0.23565980223454028
1,0.5809213931270316
1,0.38310919194181975
0,0.055549143994738905
0,0.4847995440375859
0,0.2299582986995374
1,0.8972568278449288
1,0.7834178200683632
1,0.7954483035665861
0,0.5533600744975009
1,0.7962632544511379
0,0.5939701460195336
0,0.5447621270623998
1,0.28425168400677137
0,0.23845790762576838
0,0.27193072176391536
0,0.33614746433937454
0,0.1306737465087381
1,0.9403473976917096
1,0.41433862916515446
0,0.05586114155255534
0,0.1897188954495835
0,0.4030440113172386
1,0.7351080795488097
1,0.22905254165286396
1,0.5283730885392575
1,0.36398994262701706
1,0.3100894325391634
0,0.23840331243957347
0,0.29077417156565677
0,0.31490399937187746
0,0.3506253044236422
1,0.9841456520726974
0,0.16941612032529232
0,0.26808252550132666
0,0.06978573807226322
0,0.06257852638960755
0,0.06978573807226322
0,0.02601984653468028
0,0.06978573807226322
0,0.07016321925146711
0,0.21433367338650663
0,0.06257852638960755
0,0.07016321925146711
0,0.06257852638960755
0,0.07016321925146711
1,0.316720075296913
1,0.2715514497870779
0,0.18656425016271191
1,0.3243227887828345
0,0.2421095081711793
1,0.9868050978141477
0,0.10278915381699251
0,0.10278915381699251
0,0.035631755819180315
1,0.9705407506805906
0,0.056457193556117544
0,0.38208352308721133
0,0.24112167251109032
1,0.9709035420249386
1,0.9404446336222643
1,0.3294440390598117
0,0.17860788371532635
0,0.37161252793231664
0,0.2465010600697726
0,0.2879741732058662
0,0.21802761648131752
1,0.6210037077181044
1,0.9770932086116374
1,0.9770932086116374
1,0.9686016784188776
1,0.8219771922362648
1,0.9801546587452502
1,0.9137601817642074
1,0.9831636179344241
1,0.8209615067369569
0,0.3388179175431942
0,0.4340130712316073
1,0.7294185252674003
1,0.35198657850957227
0,0.11421787005739187
0,0.15422981590120763
0,0.21621074095800563
0,0.21614183380038124
1,0.36992042707831735
1,0.7462064846128333
0,0.20638961366317926
1,0.49748538273392384
0,0.41437074323973994
1,0.8434206886556738
1,0.7657101541645783
0,0.3078694623334525
0,0.09897592631183608
0,0.15249853384040674
1,0.40977236941304346
0,0.28872555616652285
0,0.20779831349221453
0,0.2086103504561383
1,0.6570362109861433
0,0.22053033000884345
1,0.6689231671644004
0,0.0745980239529804
0,0.2200548099157449
0,0.11801791046865329
0,0.2638354824641164
0,0.5907293002170315
1,0.6172955843895885
0,0.16328458244578084
0,0.1734535831442942
0,0.3191801710747542
1,0.877347880526725
1,0.7656216816680993
0,0.16070820275225758
1,0.7669770997046645
0,0.3424082269735536
0,0.16732269001131514
1,0.9104847358990655
1,0.6785152752570188
0,0.0954276040637562
1,0.5861787251795508
1,0.481120904507565
0,0.3811572006720631
0,0.40403726165785014
1,0.9886373579188624
0,0.4301796348205496
1,0.5589550578031973
1,0.8818524025597565
1,0.7876636144583818
0,0.34216628647816527
1,0.976676959724335
0,0.2412098114372837
0,0.3019005943653815
1,0.9440703056574699
0,0.05968793689786459
0,0.09124028508702252
0,0.41421584258093436
1,0.9541199316091205
0,0.13992062117980458
0,0.3136183502382795
0,0.2479905974144613
0,0.235160469536846
0,0.22366599882465707
0,0.296575836621737
1,0.9737525853924831
1,0.9251889735023615
1,0.8931611634052624
1,0.9751601350717898
1,0.9354721833646152
1,0.850296334237019
1,0.9765889920152335
1,0.9800479047085323
1,0.9765889920152335
0,0.2411500420257575
0,0.3154509824320677
1,0.5386351206501543
0,0.025947911870704988
0,0.37939301627587313
0,0.5513582054565414
1,0.3877275042274263
1,0.4114803073758221
0,0.28649906008570347
0,0.5157003151159596
1,0.6821592905651614
1,0.8615409517838245
1,0.6184465358902459
0,0.13879854407225328
0,0.046873435632332844
1,0.49552916352208215
1,0.9950151781676844
1,0.65871177798917
0,0.1610468494432247
0,0.13443828161801377
0,0.11380966176283437
1,0.13653673866097252
0,0.049305470927431386
0,0.14858360559778896
0,0.031035846340480316
0,0.18755518555892048
0,0.035290589148531545
0,0.0713600117819276
0,0.0414332556826331
1,0.8564408802924002
1,0.6753653761292262
0,0.3241613239276076
0,0.2305600266210593
0,0.22238346047597204
0,0.0673402268258677
0,0.3587008590187855
1,0.7359705326501955
1,0.7955918031080264
1,0.7497022619248429
0,0.24890210894479525
1,0.7584915804513209
1,0.6924739238346775
1,0.9762239068401996
0,0.18497496473619932
0,0.21629052445824018
0,0.533754546353135
0,0.28705761459955825
0,0.3716825173588302
1,0.5349092546383843
0,0.5541319908674417
0,0.24645222141788695
1,0.8404492165781037
1,0.8339338798633532
0,0.31137807407929513
0,0.21720073939697135
0,0.3951646473682717
0,0.45041189895459255
1,0.20122924734353492
0,0.2289605097727309
1,0.2572767574548371
0,0.050466511980857526
0,0.17256354695992449
0,0.18763994767276512
1,0.9458085000225139
1,0.8049017819536162
1,0.8067511242782249
1,0.8673063897117054
1,0.7932509989803345
0,0.24685376439597592
1,0.9407832101375567
0,0.14834268052140265
0,0.3623985298998786
0,0.14419171467624955
0,0.1262641012603645
0,0.49007909275786343
1,0.6528685272453972
1,0.6528685272453972
1,0.6754460179817061
1,0.6303755538363518
1,0.6528685272453972
1,0.6754460179817061
1,0.6754460179817061
1,0.848212870585738
1,0.3884628514789523
0,0.25787774561545124
1,0.9986794613296525
1,0.9151265382318007
0,0.15734375927539548
0,0.2372287156187428
1,0.7512459322356307
0,0.25205317269341465
0,0.39281766598121964
1,0.8235378023261101
1,0.7484823561327152
0,0.054469672116024166
0,0.17768943155998274
1,0.9167243629701063
1,0.8666162353911583
1,0.9680527137333738
0,0.2467076164785766
1,0.5009513419095879
0,0.3656762262510405
1,0.3075658810055101
0,0.15185416675566885
0,0.24818572232005484
0,0.6652441462042932
0,0.2357711869999186
0,0.07112956927353013
0,0.43698991629955586
0,0.3345361898423575
0,0.15620057759135333
1,0.7677447496464715
0,0.29645339748919347
1,0.7206636258008621
1,0.5853830108195439
0,0.1591982043508882
1,0.9173798423971637
1,0.49264910188391214
0,0.01318141199300522
1,0.9231148070907689
1,0.9305814575744757
1,0.8694970470204865
1,0.9280638180350128
0,0.32844055914758674
1,0.35725869096867446
0,0.37504843475564664
0,0.19471069045168174
0,0.11234879627505559
0,0.10918947189998073
0,0.09837061563641854
0,0.5882888640914471
1,0.9334855158079024
1,0.9798696584353644
0,0.2636128843236729
1,0.6968397494276809
0,0.2481177680804239
1,0.3477921054127765
0,0.14223021171439143
0,0.235176720693792
0,0.09007117414992713
1,0.712641351801836
1,0.6454984954849441
1,0.3989633673250557
0,0.3989633673250557
0,0.3437361408460127
0,0.35245767380927573
1,0.35245767380927573
0,0.35245767380927573
0,0.2937036887553767
1,0.9647252761001287
0,0.5143803519586275
1,0.9491097870221985
0,0.8354257253406779
0,0.6397897058210148
1,0.9586987480281847
1,0.9184191317369792
1,0.939503876235256
1,0.9847094671686938
1,0.9365427753319671
1,0.9358045954955718
1,0.9601260976577046
1,0.9198387867244668
1,0.9602687829560678
1,0.9544382901974975
1,0.9732971695695746
1,0.9376110834787623
1,0.9376110834787623
1,0.9361277037414846
1,0.960487771181248
1,0.9493167037110012
1,0.9610161146091739
1,0.9260883082334722
1,0.9361277037414846
0,0.21693967108765128
1,0.840570071675161
0,0.08952111737639175
0,0.08807738611477435
1,0.8666670898524386
0,0.27803746071854035
1,0.5071996019154367
1,0.9121493069081691
0,0.14898235078275426
1,0.5527386400943175
0,0.2176860205321256
0,0.293366712741518
1,0.7982406161749049
1,0.6045965858801342
0,0.5052120135160204
1,0.9378819189522991
1,0.8705204710656831
1,0.9546897953273583
0,0.06001523287062966
1,0.7837091489195657
1,0.7891004793176047
1,0.8456320044640195
1,0.32483901445566343
0,0.4461410618559437
0,0.1155904190884985
1,0.5262462185573543
0,0.15945108126899588
1,0.6725880969486433
1,0.5417301761452291
0,0.03819466280851033
0,0.03483650991460672
1,0.8441705482694813
1,0.8065154026806503
1,0.8246879281119189
1,0.0826019091514274
1,0.8415050586032553
0,0.08474677978884612
0,0.10256554021521898
1,0.8642242396183057
0,0.10694657558043562
0,0.11494786256964046
0,0.11494786256964046
1,0.7984360659792156
0,0.37551098128164595
0,0.43292804474433844
0,0.16341860495835792
1,0.5577805450030463
1,0.596716950588943
0,0.43373458463735604
0,0.10498378085389483
0,0.12163915284821643
1,0.9792215017325314
1,0.9718777976520427
1,0.9265707750473137
1,0.9358821622452957
1,0.25491720153619013
0,0.21947062934476164
1,0.7541919443054164
0,0.2918793599550433
1,0.8078753634132685
1,0.7416797403125468
1,0.8078753634132685
1,0.9510725174180065
1,0.9617736018016487
0,0.13438222890406162
0,0.3459769415616004
0,0.352290090655556
1,0.30058477028004377
0,0.34242823052480315
0,0.21091185020667996
1,0.5466058006718127
1,0.7582805621353763
1,0.5601315185513996
1,0.7292427182170566
0,0.034581532121468986
1,0.9688605135439761
1,0.9688605135439761
0,0.22878175590492844
0,0.18915669871154162
0,0.6513413617946879
1,0.9503304854432127
1,0.9585554580269577
1,0.6378602113893143
0,0.41985441822392205
0,0.37960540954126015
0,0.07332275561639512
1,0.9781645493211876
1,0.8947639405890631
1,0.8375310141417073
1,0.9136438443264834
1,0.9304622038887742
0,0.5532235824925261
0,0.3225109551273334
0,0.16633099771879084
1,0.5790476819603743
0,0.19425874009169705
0,0.11243506499495097
0,0.35848708866045065
1,0.8201152869990411
0,0.29893831077381533
0,0.3950530077248265
1,0.7210949909580838
1,0.7565976902749063
1,0.8855147685937467
0,0.4420080241566717
0,0.21053383795899963
0,0.14922887307277052
0,0.24842860949060483
0,0.20101231339667128
0,0.12213908838056743
0,0.3293043570945145
0,0.3293023911885257
0,0.231526704698951
0,0.13749665111823747
0,0.3176683494051719
1,0.46206979045499136
1,0.7382402547277156
0,0.5701998844683689
1,0.5969308328908824
1,0.5498673352622492
0,0.29605180689882116
1,0.6482766127355206
1,0.9130630511051009
1,0.8420073866666938
1,0.7259220389430706
0,0.45673001426851795
0,0.5610179355990333
0,0.36854844459676134
1,0.665232497936621
0,0.11304393234998242
1,0.8223633341411348
1,0.9366760989690374
1,0.7168725195551758
1,0.8939195441902859
0,0.15659362424038928
0,0.30140972850077635
1,0.8747598901796316
1,0.5404971491189894
0,0.470795057283531
0,0.16783046673329827
1,0.6668450560329737
0,0.0849994753143475
1,0.6857564887949371
0,0.24407640779585796
1,0.5624696010174794
0,0.14140064672960517
1,0.8278735481820676
1,0.8824191784752635
1,0.8728106140966769
1,0.19363623937080715
1,0.9756445068655355
1,0.8299567079005497
0,0.5201115859902
1,0.9660595646187207
0,0.11809266621783801
0,0.11471277524296745
0,0.14647037560065626
0,0.16816458525599165
1,0.6298644103630663
0,0.3182022699684559
1,0.9793511522594175
1,0.6333230947882675
1,0.5197447376525274
0,0.12703368404981144
0,0.38386915300374685
0,0.38386915300374685
0,0.6835338031137668
1,0.7924432279328961
1,0.6256216269748102
1,0.5450525325713487
1,0.5584095836702688
1,0.8216478555533151
1,0.789828178164002
1,0.5466741964708136
1,0.8101603576596091
1,0.9408847917813208
1,0.7587846781721261
1,0.7924432279328961
1,0.4990479091453463
1,0.9408847917813208
1,0.8016059198281239
1,0.49736002325236794
1,0.5925574107886507
1,0.8922802201347264
1,0.6835338031137668
1,0.487588179701737
1,0.3936485870110171
1,0.6193915650516403
1,0.7844208193762653
1,0.628178994900033
1,0.5450525325713487
1,0.7587846781721261
1,0.628178994900033
1,0.8754689863691258
1,0.3565547899319797
0,0.28666780044391926
1,0.9374950545233668
0,0.6990336438008036
1,0.8101780347436015
1,0.557217696152888
1,0.612121928383894
0,0.19791840427992569
1,0.9069669082067138
1,0.9069669082067138
0,0.33886323996333695
0,0.13112536387350693
0,0.385278100994092
0,0.17023742844520237
1,0.3274546145397668
1,0.7088123610016794
1,0.8985734950385867
0,0.21215055435118174
0,0.26120655293957734
0,0.21525242131197536
1,0.5381627317892277
1,0.8027680768969905
1,0.5889465257554045
0,0.6110547867040397
1,0.6528708326450942
1,0.8852309224269569
0,0.44222245785159064
0,0.25211721502294154
0,0.20563392835115682
1,0.4139612894097752
0,0.11688653252248761
0,0.056725298320745625
1,0.8975345330317208
1,0.7342689017236612
0,0.2203123082497655
0,0.13656741775216868
0,0.11126777343142641
0,0.12350659501288459
0,0.1365975512373201
1,0.9095653070942323
0,0.05158652095382637
0,0.10434979643183706
1,0.9138963052367055
0,0.036263319841243806
0,0.2880192986750584
0,0.5027012571653589
1,0.47566444955731135
1,0.4907211182107654
1,0.4558394556598548
1,0.44838395147521476
1,0.49688082217260043
0,0.43560152680178565
1,0.8154938739528071
0,0.2953770280693116
0,0.38161017083637333
0,0.19877982743655842
0,0.10361863368529424
0,0.1732992358614443
0,0.27342118918312713
1,0.7333957027331326
0,0.3631697699114231
0,0.1707388134435222
0,0.11924955773160031
0,0.24697512126811336
1,0.9105145587012987
0,0.15805058680487188
1,0.35066663076089155
1,0.1720656167524119
1,0.8786206674465391
1,0.6557453991114595
1,0.6793711936277739
0,0.29210985006253326
1,0.5596334785246955
1,0.9396255891430604
0,0.04972138719141072
1,0.9839235976037555
1,0.5622945922099307
0,0.23573054681104297
0,0.31982599172086096
0,0.5237527221705586
0,0.46313423661634096
0,0.2807797756154196
1,0.5465723428157025
0,0.2229339374424056
1,0.986270696029118
0,0.23883558457662793
0,0.12208886354405134
0,0.31237722865428774
0,0.11048359210671824
0,0.45572772189747085
0,0.04516676441442682
1,0.8140578903142808
1,0.873740504869328
0,0.17147196015299201
0,0.16320679326987003
1,0.8793933834101066
0,0.24171476521809435
1,0.9121335634662626
1,0.3962601581012435
0,0.19691792441596145
0,0.08600386327530904
1,0.5166251841170434
0,0.4699590796471221
1,0.7296593625690265
0,0.8095065575389444
0,0.17340077910551832
0,0.3458286626927698
1,0.7029560877417064
1,0.7472523044418783
1,0.8744154216909165
1,0.6407279903838107
1,0.9295942332178881
0,0.2908103959015039
0,0.4663315159725188
1,0.8396301032387086
1,0.40877994439914167
0,0.06271471488745087
0,0.0331232049423279
1,0.7137166907727381
0,0.6756495555974652
0,0.630072132589837
0,0.17217150672446271
1,0.9061123102381493
1,0.9061123102381493
0,0.10234817355099786
0,0.07141359908055508
0,0.35353285754799707
1,0.9398121458402017
1,0.8129846872024596
1,0.4685147144895734
0,0.6760392951315778
1,0.6541641737050652
1,0.9355289436648515
1,0.6340731777706488
1,0.7219499003623916
0,0.662862231912752
0,0.4623117415471513
0,0.3840127260386181
0,0.3808519752001991
0,0.27369454480699346
1,0.44353993765982824
1,0.9620361562997526
1,0.9620361562997526
1,0.9606237736732409
1,0.9610272484623633
1,0.9647498657507448
1,0.9647498657507448
1,0.7471157161366893
1,0.451946822514765
0,0.1979938015205441
1,0.9820560747683897
1,0.8380235889355556
1,0.937580122819944
1,0.7599930854754485
1,0.7581517773742545
0,0.18174224944832462
1,0.9900802949142742
1,0.8256568631006912
0,0.09086576803571673
1,0.8143245963900053
0,0.3833037055454644
0,0.02316114430616046
0,0.0963392429829048
0,0.16803108537653869
0,0.05976166949635527
0,0.4110058648520023
1,0.4167232443548316
0,0.17283417884886101
1,0.8051356491422728
0,0.5653062625126254
0,0.5205484951614094
1,0.10386222596959518
0,0.30888175513595373
0,0.1266564121575896
0,0.2029737669011086
0,0.22574120237904496
1,0.9985903889222123
1,0.9985903889222123
0,0.35824577958633125
1,0.10505087617641332
0,0.26170046957782067
0,0.15459639103944386
0,0.17541143300815049
0,0.19146942484552743
1,0.3192369976612055
0,0.2522381073471599
1,0.8729181998138018
0,0.12362122364043944
1,0.9787347548095003
1,0.06623426627684442
0,0.24991804417257624
1,0.7267496122806826
0,0.19887133909710403
0,0.21499225326519147
1,0.8391236928833821
0,0.699509273725481
1,0.9335648221564101
0,0.3839853898496493
0,0.3047038253568486
0,0.28195410390657355
0,0.4428729362510424
1,0.2470658106943864
0,0.14215105335127656
1,0.5724802983226772
0,0.1438403479531519
0,0.2053954313365636
0,0.17777087148580462
0,0.0458392276179484
0,0.34019773388464547
1,0.8024583787327323
1,0.8454939969441595
0,0.1905393145238744
0,0.08401661097220667
0,0.11998694954528659
0,0.1419263272081209
0,0.23758381678012933
0,0.041256322281873654
0,0.02552216761563011
1,0.9750715164462327
0,0.05600927961058488
0,0.1428093469859062
0,0.2509945118140366
0,0.194353216094153
0,0.25080488987849664
0,0.17186617082125488
1,0.4516596851380274
0,0.1267575592815814
0,0.2767607543289142
0,0.5497535369437316
0,0.026972605100372426
0,0.29639108400902575
1,0.12452770016881261
0,0.06248051884419885
0,0.331189750184654
1,0.9970280547137306
1,0.9970280547137306
1,0.9970280547137306
1,0.914229168596277
0,0.15858857029310178
0,0.23251427125963367
0,0.5060088205261536
0,0.4268966965689791
1,0.7847616428334401
0,0.23663050852724898
1,0.8235553974153352
0,0.21348393031892987
0,0.6563428897974573
0,0.3716825173588302
0,0.17636742816663029
0,0.06864672635476897
0,0.06224380042456804
0,0.30949599798346455
0,0.10590624498182019
0,0.16061080050587406
0,0.33327447663899745
1,0.9662828803091711
1,0.7162488470261773
0,0.3987451434998623
1,0.5547112930843495
1,0.9525324605678898
1,0.8778533593802526
0,0.2854310337501434
0,0.15544101560204326
0,0.25342278352855785
0,0.21690192667353186
0,0.7567480308395964
0,0.12552664617281487
1,0.8547074570879539
0,0.09261114587864494
0,0.13091957545801422
1,0.2586050242724761
0,0.25779238738035587
0,0.16689040555747955
0,0.2586050242724761
0,0.3497208117200022
1,0.6701435098447407
1,0.9821918698167789
1,0.8547269901753141
0,0.12247993307761663
0,0.35447034970991664
0,0.3706985325421745
1,0.8969981277903274
1,0.9836469167549633
1,0.9762685640691443
1,0.8577803679262667
1,0.834929167948199
1,0.8852822868518003
0,0.05907287382904893
1,0.8071551897376148
1,0.9656202316428263
0,0.17124437003895193
0,0.38960565581575124
1,0.9358709703213144
1,0.6348601994609374
0,0.10439009803542822
1,0.4197873838894307
0,0.327485359146027
1,0.21241338922217373
0,0.15368619940489947
0,0.310000141112274
0,0.4099238612240445
1,0.8322538187379126
1,0.7728072325501122
0,0.5795195101998941
1,0.6698553805311035
1,0.7411605837967854
0,0.1882822148066874
1,0.9871164993256196
0,0.021589891845083906
0,0.6643662094665364
0,0.5624479236787202
1,0.711482742543988
1,0.711482742543988
1,0.6938915170183672
1,0.7082603124657366
1,0.9642487850190575
1,0.9037999658049497
1,0.672725714207513
1,0.3335509005374179
1,0.9875725779639732
1,0.9775738651952898
1,0.9735921470480414
1,0.9202165040500083
0,0.44417380994912187
1,0.8946543643468421
1,0.8229955126116718
0,0.22960066780187277
0,0.3575005683953907
0,0.6329019466241368
0,0.22228818378981255
0,0.24652888873808482
0,0.3633097191057695
1,0.5797019973413955
0,0.20847577554709396
1,0.27097833630442814
0,0.18339430957853212
1,0.2446115296673816
0,0.13963535276314726
1,0.8492929383587612
0,0.19896749873829261
0,0.372491834961352
0,0.10774538359645003
0,0.12018545989830266
0,0.6092190327866978
1,0.7375217546793276
0,0.19211970510836535
0,0.3067801445565901
0,0.47211961992560886
0,0.1383232451110718
0,0.047531689513330595
1,0.8886758809332345
1,0.8587483665373293
1,0.6507303812283572
1,0.3695032915345091
1,0.8627708739552109
1,0.37321992428375156
1,0.6493025940009172
1,0.7034289961663361
1,0.6691068202823173
1,0.6447739481170982
1,0.9400494498917278
1,0.7975007823480951
1,0.5081171190777568
0,0.28071867190289196
0,0.25917967150554694
0,0.39132211157617824
0,0.8912349971962191
0,0.6032399514865997
0,0.38889180687216357
0,0.46388787237965556
0,0.5211467673825149
0,0.5641513211795859
0,0.662318662962661
1,0.7783272201096222
1,0.7579982422828908
1,0.7181741410118946
0,0.1520619908326455
1,0.8626920738521676
1,0.8078540912978823
1,0.34200123135369365
0,0.45766159581040056
0,0.2367255008193381
0,0.19839893633893746
1,0.8951453888552247
0,0.42363154811276865
1,0.9762770572810594
1,0.6137376015048026
0,0.30323986302765693
1,0.6314804701453857
0,0.3557499121250048
0,0.3557499121250048
1,0.601703085932032
0,0.28524268231565214
0,0.24886510933504583
0,0.2706792839296313
1,0.744299469003061
1,0.9754678324340345
1,0.8610700849277948
1,0.49634442002244517
0,0.492439338020323
0,0.1400387857429447
1,0.8019507623800621
0,0.22354836862783395
0,0.07976285301189402
0,0.1186475944591918
1,0.43628862673045954
0,0.5204169525112637
0,0.5340092628160622
0,0.6386409513232324
1,0.6386409513232324
0,0.19286902515290016
0,0.2526823122717298
0,0.37693865072436866
1,0.4833727390046308
0,0.3024678171201499
1,0.5389878261136583
0,0.31649040730662137
0,0.33522797421724626
1,0.6329087326693195
0,0.16604906237242048
0,0.35844104406633276
1,0.9311653647078871
1,0.9423107642016736
1,0.9757075324745939
0,0.13862149172725466
0,0.10134882814624244
1,0.7375412937266727
1,0.7304175831261952
0,0.4586667624340006
1,0.7311166118958794
1,0.573282445774443
0,0.3344309045780064
1,0.8584053628833829
0,0.3396860650248773
0,0.0968302048866066
0,0.037194860390689116
0,0.029785608477557415
0,0.04654675942912472
0,0.32398874894078433
0,0.15151443772005901
0,0.42858282138996373
1,0.8362004434536813
0,0.0480293889898433
0,0.06827434194387577
0,0.05044883093454029
1,0.47816707588658935
0,0.08154407909462996
1,0.7117102435100104
1,0.8897273453397353
1,0.5668687339145755
1,0.9934158949199253
0,0.2853783396904537
0,0.32559648096729016
0,0.23196565291589588
1,0.7061388961016414
0,0.08431463484698765
1,0.6593478411387886
0,0.35533145341473316
0,0.5348677307558743
1,0.6777902046474923
0,0.8215558373412769
1,0.18751431185847467
0,0.19279298614476473
1,0.3346381790261798
1,0.9266379944797976
0,0.06335607600741376
1,0.8014716012815376
1,0.5385022461399323
0,0.3068725087400418
0,0.3237474411748856
0,0.05237434427029241
0,0.0552889859977372
0,0.048802552794848894
1,0.39139376072618215
0,0.08244772335388054
1,0.9694454280748518
0,0.3220411239017765
0,0.07091679738160744
1,0.34687977280541565
1,0.871411058954075
1,0.8052739094612963
1,0.4885661535384925
1,0.20729906954560054
1,0.7962344958633599
1,0.7531542325423183
1,0.9731294390590621
1,0.9743894016886219
1,0.9711873425109145
0,0.0846986762422767
0,0.055760124847289955
0,0.4394075846862348
0,0.12844742334166942
0,0.26787561764498313
1,0.9288013771667148
1,0.40545287448762213
1,0.7461673518388389
0,0.18223599896211806
0,0.12434090714472545
0,0.17301227415886364
0,0.23430861040502016
1,0.9531220583633839
1,0.9406233072821786
0,0.19172687821008705
0,0.12570798410179904
0,0.02609890888433432
0,0.03225819285387849
0,0.1343698512283317
1,0.21216938721283968
0,0.29778231344182143
1,0.6079544613952711
0,0.1938542861808299
1,0.8497495187736296
1,0.360180938788595
0,0.39159640152993613
1,0.8093433626623948
1,0.9539934278990154
1,0.9495792518357903
1,0.9688737808647875
1,0.9428425534780037
1,0.7936296305548372
1,0.73047072215934
1,0.8569246063725474
1,0.2816868019517834
0,0.1445067310840766
0,0.2930316413538655
0,0.11521840887885045
0,0.24418188833858126
0,0.34491945575043936
0,0.22282190024425566
1,0.5436897308035216
1,0.6187233050880481
1,0.128687207605651
0,0.1266936137258027
0,0.09253263222313102
0,0.11374509775198773
0,0.17915137894441485
0,0.29775877969975695
0,0.44275983304752686
1,0.3500989619493897
1,0.3246189090986533
1,0.863360006850998
0,0.347095428719898
0,0.29321129544782387
0,0.4714720528597217
0,0.20649327487005398
1,0.41270307515966054
1,0.1921154085416088
0,0.2617614929271206
0,0.29211732210667923
0,0.19577046296142495
0,0.13283543189491304
0,0.2737514796380481
1,0.7288742736442417
1,0.8762928830227387
1,0.5683174661517563
0,0.18053169527172355
0,0.21109743152487478
0,0.2686721224463956
0,0.17661229246485702
0,0.4430363747254378
1,0.961363011737803
