y_true,y_prob
1,0.8501777959841103
0,0.11001806071175163
1,0.9825301670649004
0,0.12325029401025148
1,0.6927023578165594
1,0.9299188824690577
1,0.907040673751318
0,0.06320056473295436
1,0.733476790345074
1,0.8372938227571306
1,0.7286203980204091
1,0.9408541535039167
0,0.05696462577067501
0,0.09381213632419072
0,0.11310351113193479
0,0.07717363658888761
0,0.05730958947134285
0,0.0256686355363528
1,0.9703637954892302
1,0.978509792768915
1,0.966259717019591
1,0.8000737238671226
1,0.9714339611419549
1,0.9673638593516385
1,0.9039558204207275
0,0.5995504260488224
1,0.9731036195854631
1,0.9151618691159978
1,0.8363156893633305
1,0.9395076894281443
1,0.9150205286547648
1,0.8137143089912653
1,0.9030959417376627
1,0.661092073482753
1,0.39860165146436455
1,0.8153002481034362
0,0.21890643853005642
0,0.12097183950354551
0,0.17538459986228438
1,0.8946051234613
0,0.05047509630552681
0,0.09284162052244833
1,0.9761270424655928
1,0.9750678794128301
1,0.9761270424655928
1,0.9761270424655928
1,0.9761114167433776
1,0.9748537521502653
1,0.9760160002105219
0,0.012572946102617241
0,0.12943440863249242
1,0.9191895758225117
1,0.882658467254069
1,0.8662549063619858
0,0.35860776836924074
0,0.14311163969336063
0,0.11661955858379135
1,0.9247298475708886
1,0.9096308331522104
1,0.9683902170103789
1,0.9044815456059013
1,0.98305672608779
0,0.08210042159294878
1,0.8942885365079922
1,0.98618760111421
1,0.9238013182935725
1,0.8471776750362465
0,0.182042278741129
0,0.2530698780682657
1,0.8609564766460391
0,0.23917192363001133
0,0.05833046293816793
0,0.058168028336916436
0,0.17881637867408307
1,0.810851921552287
1,0.8843866431032674
1,0.8282698638698297
0,0.0733470676401838
1,0.9913059068641608
0,0.17053120542657998
0,0.134688352761842
1,0.9238469123125662
1,0.9384438181124916
1,0.9138101029814872
1,0.9113654654491579
1,0.7168956153348458
0,0.18041138604480808
1,0.8448700690004136
0,0.04152411067963216
0,0.03822582390827187
0,0.13845593132352105
0,0.12891924980693054
0,0.07318415601861378
0,0.07916365171153071
0,0.26409428267333473
1,0.8901047648793525
0,0.09072167367075004
0,0.18132732882170807
1,0.9142336466243514
0,0.11341227361697229
0,0.09626280169025904
1,0.747263198063818
1,0.38644404003374766
0,0.015587243103756794
0,0.04918586473056147
0,0.049371628617124436
0,0.019012493767570804
0,0.07689493491018005
0,0.06898959698280085
0,0.011246198107517015
0,0.01523118453430269
0,0.04238643914619559
0,0.07284085454173848
0,0.023036043926693645
0,0.15353446362228992
0,0.15072841190186811
1,0.8394646558642644
0,0.2613389256118904
1,0.9588575337376399
0,0.02476335598516821
1,0.8238669907082152
0,0.03596282959353544
1,0.7609075641404881
1,0.9552396687377416
1,0.9758355633082509
0,0.17976574980530224
1,0.750279888854349
1,0.8208160128229466
0,0.07723170628039105
0,0.04634028826859547
0,0.08443674803294718
1,0.8260568448997136
0,0.22719525861960965
1,0.8276128812442395
0,0.030610817485791635
0,0.038808713927175394
0,0.03624757491291414
1,0.8880099012031883
0,0.03577198790424226
0,0.0378850831778415
1,0.9571966547987335
1,0.08225077990047648
0,0.02085700995850543
0,0.03725622905923743
0,0.04281186431678887
0,0.02576506896268758
0,0.02398736427876921
0,0.04027464969042637
0,0.021202449400788418
0,0.025705250553840802
0,0.022825628298945532
0,0.046565225370790185
0,0.027506325181820838
0,0.029519168934807914
0,0.02185025407661911
0,0.01918152152503376
0,0.06384630772241376
0,0.019910919769641648
0,0.03203924876982362
0,0.028572861331973325
0,0.018641195905676936
0,0.020833691975962642
0,0.048876929169841654
0,0.03831496051035318
0,0.023740835743590396
0,0.031088340257414443
0,0.023751515646774284
0,0.017103829702396066
0,0.021472115957784744
0,0.025558795356939737
0,0.022891427509491687
0,0.051034778173068694
0,0.022891427509491687
0,0.029708384537270052
1,0.9746225459115714
1,0.9628297222692351
1,0.848546649921862
1,0.8888020063060654
1,0.8266875910827688
0,0.06343286090762443
1,0.8026421800797433
1,0.8651434391631162
1,0.9403466547789683
1,0.8686677337730326
0,0.2564823333662935
1,0.6618873906967822
0,0.23514579761534618
0,0.20854844314421153
0,0.09991821589642305
0,0.2146685940392358
1,0.9460173283780229
0,0.18273774568015835
0,0.09122927020231761
0,0.0936742418338454
0,0.16423262110852993
1,0.8207485712756327
0,0.30263952890613494
0,0.04506259858828468
1,0.2880948834521498
0,0.10010647445211605
0,0.19344272550786296
0,0.1732370195357463
1,0.9688635883673834
1,0.968695563361914
1,0.9750043336427491
1,0.9816912816248179
0,0.10970640534849083
0,0.08410130680095407
0,0.019193250732390334
0,0.023633696639127757
0,0.06048851458869951
1,0.9311721308392074
1,0.9352721867208886
1,0.9722436740392372
1,0.8236577337753225
1,0.6511909428537512
1,0.9339731017867876
0,0.04888945934621049
0,0.05316067880137421
0,0.10932413833747844
0,0.022267882586831916
0,0.024116643985831163
0,0.018474028049702714
0,0.03343428319117457
0,0.018261389196399996
0,0.021683870355019553
0,0.10767131412169641
1,0.7591316254512984
0,0.09607282589501076
0,0.06192481514749676
0,0.04892582938952774
1,0.9571246891860848
1,0.7498168080120681
0,0.1426123040511017
0,0.12101546457752965
1,0.8693991146141706
1,0.8883687683166401
1,0.6757260610904667
0,0.047722100235414615
0,0.0364288991129236
1,0.8999973976366429
0,0.26897691978818605
0,0.05143861463251552
0,0.049548831198339374
0,0.10366799435413948
0,0.2809349562735067
1,0.9432039466010239
1,0.9465264596794829
1,0.961252701423268
1,0.7129495534990431
0,0.4226166220073556
1,0.6537963685163655
0,0.38874120117649974
0,0.38874120117649974
1,0.7137517848390245
1,0.7137517848390245
0,0.09695124375333858
0,0.224886491530759
1,0.9054192400966379
1,0.91165813926786
0,0.25252360616765307
0,0.13807288127548553
0,0.16944993871242223
1,0.98618760111421
1,0.992255532692776
1,0.995545358148919
1,0.9939589967063387
1,0.9925387517164161
1,0.9952819394230534
1,0.9805099461288984
1,0.9931831314592677
1,0.9952819394230534
1,0.9914177523050354
1,0.9923056945474186
1,0.8391292594838098
0,0.12158569279823919
0,0.043016646773262814
1,0.9615948144678114
0,0.05934876479541483
0,0.09430481422610568
1,0.9312896629863503
1,0.6355991800905556
0,0.16494107528267848
1,0.6896135821486107
1,0.909710538465276
0,0.04668007336606246
0,0.06277041529958516
0,0.08036230182979082
1,0.6305920909468893
0,0.09352710228081917
0,0.059957404139792954
1,0.5923830773997867
0,0.29314270030606265
1,0.8730337746918063
0,0.07700934589246522
0,0.11964515973394495
0,0.23561092187784904
0,0.10494932935981621
1,0.8771293239275758
1,0.9300099139472423
0,0.14830380611274335
0,0.051304710867504905
0,0.05183140064766373
0,0.051414763410294495
0,0.09820090126929883
0,0.08129522351089354
0,0.0577424707526671
0,0.07010191108214056
0,0.010000550510815925
1,0.8191851661055556
0,0.08728855659176958
1,0.8704662206354687
0,0.1384527008334493
1,0.9319217071735317
1,0.8603874953823069
0,0.2342441078525121
1,0.8649244800971327
1,0.7219589812174684
0,0.07568210679915906
0,0.04552529901453245
1,0.629238246251764
0,0.09920839955413766
1,0.9072917317511452
0,0.050559728620163655
1,0.9673446294614718
0,0.08300317785059988
1,0.8126127930892845
1,0.9073339032059164
0,0.06371336028768136
0,0.06492258223024479
0,0.08965605090429037
0,0.06620474809982009
0,0.11004100151718431
0,0.0991076972326968
1,0.8733527524177814
1,0.9305841724654254
0,0.05749644896533903
1,0.9884868617624171
1,0.9805205017107599
1,0.9895805328744649
1,0.9848180893185339
1,0.9777064867401842
1,0.9815725535059134
1,0.9771629466046163
1,0.7989911883328078
1,0.8063127889912329
0,0.107110331523812
1,0.8077164767016994
1,0.8716745949057718
0,0.03852498054143715
1,0.8592873774778751
0,0.10590994251506987
1,0.8127011572018614
1,0.9209868940762065
0,0.009678302616565049
0,0.01939898090220254
0,0.018562236141361602
0,0.16696368485312757
1,0.9162046642847567
1,0.9314074285097778
0,0.09661125939159067
1,0.9582881688827422
0,0.1348580224220537
0,0.20026084454119983
0,0.05513112245143744
1,0.9781518401525305
0,0.04565862688000238
0,0.08635510720968893
1,0.6284533289341303
1,0.9538587245651957
0,0.1269522939425007
0,0.08933076335389623
0,0.06255119599531779
0,0.08210819162576191
0,0.05907496092680492
0,0.06404212306151941
1,0.8905229271628535
0,0.27814283677246776
1,0.7053813712537864
1,0.7826253732418428
0,0.23319272237993555
0,0.0961770383742222
1,0.5922747254217128
0,0.36024198181390615
0,0.45187878504306317
1,0.8912715166822887
0,0.38484108049496896
0,0.6001678998137334
1,0.8016885084950984
1,0.5956222502323043
1,0.7928320863130468
1,0.7441484464333165
0,0.3897537546444104
1,0.6235043338815034
0,0.5393040339796331
1,0.5424780468132148
0,0.6665555046415133
1,0.6221609330751773
1,0.7883609710752006
0,0.009913718585899543
1,0.972242245995066
1,0.6505657132922951
0,0.06305998359513948
1,0.8044998540650569
1,0.9909818747611279
1,0.9913504188004533
1,0.9920517727027434
1,0.9749638487200837
1,0.9932847439355389
1,0.9837613104907158
1,0.9882124239298649
1,0.9827244516763919
1,0.9897906635924739
1,0.9928502779084569
1,0.9690340408196696
1,0.9932847439355389
1,0.9928210780147949
1,0.9834453255284847
1,0.9862792885406103
1,0.9919472475615713
1,0.9789417362452325
1,0.992912057245491
1,0.9801635941233257
1,0.9932205326228959
1,0.9879622263495809
1,0.8477127650900758
0,0.15288151154898433
0,0.05077635626443485
1,0.7863908998441166
0,0.043762407232413494
0,0.08673224492871191
0,0.06908427624657715
0,0.06997969924231387
1,0.9520971150535634
1,0.9530206129404227
0,0.20712321007355355
0,0.09586688144726761
0,0.050940765255915045
0,0.021955252713680075
0,0.0821356986618176
1,0.844676403161567
1,0.7386862552492338
0,0.02105974292098457
1,0.9750039532614204
1,0.9750039532614204
1,0.9750039532614204
0,0.14517567873663023
1,0.9372631354155825
1,0.8832983070419582
1,0.8975182804749536
0,0.0530987308887366
0,0.18189288645784185
1,0.8342469593758868
0,0.1583690651118676
0,0.07195520350865729
1,0.9265687477652497
0,0.03692089519604151
1,0.9521033923024306
1,0.9909729153429421
0,0.017598783498236147
0,0.01645938953807991
0,0.07429046695564095
0,0.021832133613046926
0,0.13204949347353817
0,0.01656885070443751
0,0.042340347160250535
1,0.8521820906933721
1,0.7296814958612825
1,0.9578053871094655
0,0.1701872776975043
1,0.6545974746698109
0,0.04105392879869568
0,0.1381407907970071
0,0.17564236590356763
0,0.16510452971093872
0,0.19192997646671794
1,0.7295473700926456
0,0.21466210512790374
0,0.05531466001391832
0,0.035774706383448394
0,0.11022886873384391
1,0.9854053210648468
1,0.9892255088547982
1,0.9771965058652574
1,0.9909512093420663
1,0.9867292928285291
1,0.9924984035575284
1,0.9899172223074818
1,0.9917691015641965
1,0.9937321249339568
0,0.0883846305983262
1,0.8579110956822275
1,0.9081624646230877
1,0.7416053118562203
1,0.9095660447515045
1,0.6094828199516362
1,0.7856561518276096
0,0.3922490624758985
1,0.9404249705182647
1,0.9466765780630135
1,0.9339390954092399
1,0.9679785160087601
0,0.027286833218609
1,0.9568853362557066
1,0.94450941459202
0,0.10979862146803757
0,0.09621858024879694
1,0.7482692588616938
0,0.15890571796808592
1,0.9296204210360964
0,0.027896584282849884
1,0.9826826458103645
0,0.06850883149792744
1,0.8395807500561066
1,0.8783142830600998
1,0.7835160757228289
0,0.036558097282665555
0,0.10866951839087574
1,0.6227777932633736
1,0.7900762127076673
1,0.9251988635910279
0,0.15539936977259988
0,0.14788302008214302
1,0.9284593755463616
1,0.9247130565480535
0,0.08001144056400653
1,0.8328944543700681
1,0.8649934337741639
0,0.17355716102723018
1,0.758035418287266
0,0.024378360857316428
1,0.6392203493475574
0,0.08955449833127965
1,0.937781380430261
1,0.9549143806282936
0,0.11554375253791077
1,0.7513693388129336
1,0.8668569518063508
1,0.7057265205352862
0,0.23444156852068945
1,0.8118280520337261
0,0.02998268096145473
0,0.3422631914259483
0,0.4023473967166144
1,0.8320017517531869
1,0.8795401099220701
0,0.14126068074911347
1,0.8468019615703567
0,0.23420277945858006
0,0.1648879893398034
1,0.7747871974751797
0,0.4054265442741622
1,0.8868240167464623
0,0.1593130359092726
0,0.08967554312879725
0,0.14640471055493892
1,0.8533037461212164
0,0.20070901333161947
0,0.14473031998416422
1,0.8196937883713845
0,0.03468450408891061
0,0.020040125595198983
0,0.14037915589839525
1,0.7993997453903225
1,0.5612185580754473
0,0.15797617948720874
0,0.18147478212018522
1,0.42794950263223996
1,0.3717589799204941
1,0.9206333774790845
1,0.9511357784830352
0,0.03459249053055633
1,0.8692158775764799
1,0.939826539351906
0,0.03370482484743059
0,0.012783270445899737
0,0.014716722328553707
1,0.8740060201247883
0,0.13315448891864765
0,0.06178852831205361
0,0.043686604640000154
0,0.026669360808822068
1,0.799681459313482
1,0.8410959193680524
1,0.8348547497610586
0,0.13992883544816845
0,0.18815609880610573
0,0.2583002681014911
0,0.017342403092238737
1,0.8495077899034754
0,0.04695526732392278
0,0.2060184462043495
0,0.10452015981085645
0,0.1776840717349552
1,0.959522301807509
1,0.9683334530019846
1,0.9827272694973826
0,0.06590166988893599
1,0.9356579589000446
1,0.8741666388231899
1,0.7892561568790422
0,0.3060792900970628
0,0.2703205727060064
1,0.771156931327295
0,0.16103164037532752
0,0.21086590083118006
0,0.046133350231107595
0,0.022593511466800005
0,0.09217788027592512
1,0.8965488631761847
1,0.9281757050728396
0,0.08870598615301134
0,0.1532423361421925
0,0.10637450997973338
0,0.029995913641393077
0,0.1423553865038761
1,0.9567930134701361
1,0.9567930134701361
1,0.9562603108427257
1,0.938221926152069
0,0.06888676994110388
1,0.9065109296294999
1,0.897111100022747
1,0.6183069892808639
1,0.9192393288415608
1,0.9119838973354808
1,0.9432648213491085
1,0.9231690447462886
1,0.9237774763103116
1,0.9581636701159939
1,0.924891251057492
1,0.9287286257055453
1,0.9105892312186218
0,0.35442194827524137
1,0.688364791813943
1,0.8435758966248573
0,0.059042833874002124
0,0.014130599559211898
1,0.7205520374645453
0,0.054133123924102605
0,0.06419278044644514
0,0.15290101282452015
0,0.08879694111850443
0,0.22484679459123028
0,0.08992103776523884
0,0.1113513641060483
0,0.24314161659702654
1,0.8266132385175711
0,0.06690657552018307
1,0.7265336570845836
1,0.9102528152613427
1,0.7920654826364855
1,0.6794463269938833
1,0.9671096448390869
1,0.7722023809858091
1,0.5635077853575259
1,0.7799614490181606
1,0.6824380578741133
1,0.470462246209781
1,0.7066919077764896
0,0.09109883035877087
0,0.09739746978558259
0,0.03882977256906181
1,0.8954968201711133
0,0.03727582692897606
0,0.05837608069789509
0,0.024609951936019798
1,0.931394419800836
1,0.9903557342540864
0,0.09165705792317261
0,0.0923400723829667
1,0.8912457035838797
1,0.8508192729553594
1,0.9527307981188992
1,0.59485868063027
0,0.2347757018757733
1,0.7277960415406858
1,0.9636412578648881
1,0.7498751755901291
1,0.72622318790205
1,0.9500482673986531
0,0.2762599786766031
0,0.11387475416572472
0,0.06743995597107064
0,0.08650269712900696
0,0.04399904531426688
0,0.04168155098136703
0,0.2120235488144648
1,0.932380625613884
0,0.022074999048055054
0,0.4392468039279902
1,0.8362885722377071
1,0.6801131795820421
0,0.14630807401635532
0,0.04259323050404997
0,0.019620732066055472
0,0.03358554410093044
0,0.009790295394979139
0,0.010543795007963062
0,0.051193080020801515
1,0.9163998470538515
0,0.14200744947024252
0,0.20148111360775
0,0.08349576454524686
1,0.8943422892063098
0,0.06993840811909921
1,0.9276022002586675
1,0.6064864471678483
0,0.0924900708031534
1,0.9540806420369468
1,0.9501270770829187
1,0.5747531006373882
0,0.15699871666464957
1,0.8068124383818356
1,0.8032210932174279
0,0.1833071422162917
0,0.2539807659436945
1,0.23228444408082746
0,0.23887399761669034
0,0.08960161737953762
0,0.0821209305568943
0,0.40342065559852247
0,0.37598114105595865
1,0.655580257170262
1,0.8226222766062035
1,0.9379990062220902
1,0.6632588988869766
0,0.08540602160761275
0,0.11688785818251975
1,0.826626275690799
0,0.060000169719471995
1,0.6225502323663037
1,0.6701201310644223
1,0.9394173025483391
0,0.16938515550460315
0,0.026520555877460633
0,0.0739014555055797
0,0.04454184355036277
1,0.9752855961249753
1,0.9733637853431879
1,0.9527655999878994
0,0.07853628508180707
1,0.6582245818501807
0,0.30866911996819746
1,0.9596126545049022
1,0.9589007480690924
0,0.13224405002621487
0,0.2403462130023374
1,0.8732469149707416
1,0.4890396177765032
0,0.14406887185866765
1,0.618008523970752
1,0.9251531957206988
0,0.07517971671051775
0,0.06211554126424529
1,0.952601286343344
1,0.9163989522514588
1,0.9267729540644896
1,0.9161785258564141
0,0.028227235488005552
1,0.7631562186094416
0,0.283559982799688
1,0.881127967762419
0,0.022090453245966184
0,0.02525158911999178
1,0.877561606477381
1,0.886192520141175
0,0.11612872586174604
1,0.9368836841770467
1,0.97807397631276
1,0.9749934812641854
1,0.9595846846130063
1,0.9801138523436618
1,0.971920980393397
1,0.9556058287608652
1,0.977677165655454
1,0.9653255868073368
1,0.9799851650737739
1,0.9378220100683894
0,0.08911482790367643
1,0.9922539638496025
1,0.9894384016476395
1,0.988247910956385
1,0.9829681092928239
1,0.9746147830855011
1,0.9879769738346615
1,0.9870591888255997
1,0.978998053761367
1,0.9906374427877691
1,0.9925093733271673
1,0.9899367163377288
1,0.97987865760513
1,0.9856002982979284
1,0.9915771767756623
0,0.06344893289434914
1,0.9299152534183308
1,0.8434036098291581
0,0.029829342927074554
1,0.7084448228348701
1,0.8622349722397529
0,0.054173459901364816
0,0.16641021875836096
0,0.1143925857513443
0,0.018768665335138792
0,0.08420151236407376
0,0.4933963017711089
1,0.762919689862961
0,0.19342475255849734
0,0.1306953005660373
0,0.17630322485428906
0,0.02853947779007719
0,0.17597645175986265
1,0.8388020453626831
0,0.04213965372175858
1,0.7226042319436892
1,0.8475387704176692
1,0.8130632496308277
0,0.1218467753671098
1,0.3458512910859592
0,0.3169059207005494
0,0.10383414134468841
0,0.24757318975456183
0,0.14767748172276657
0,0.2340456506272859
1,0.8447783686729662
1,0.676401038844394
1,0.7313674708668956
1,0.8288437751330456
1,0.5737667813837188
1,0.5453650811401678
1,0.8701404905741922
0,0.18919412532273952
0,0.2935075627122332
0,0.06468453349327195
0,0.35915040917081126
0,0.2726397885736348
1,0.5235526789670686
0,0.06302648082811885
0,0.08745985773967399
0,0.037897409223065816
0,0.07069640932361108
1,0.9812186138804901
0,0.14329653681553722
0,0.11613235660714842
1,0.8218814023028628
0,0.06621040331551116
0,0.04933835886815511
1,0.8947612093043517
1,0.8344475036016834
1,0.7631536612090616
0,0.05382763289204038
0,0.05109221966252671
0,0.3059232344907011
1,0.9006304153207058
1,0.8167172489448443
1,0.9524519008044978
1,0.9848116417354472
0,0.09464446938004567
0,0.03246183349668266
0,0.13430661968511054
1,0.916667517077919
1,0.6639135784357306
1,0.6317570292602527
0,0.1629824192325144
0,0.16786520027556187
0,0.145024581929086
0,0.11362976440566123
0,0.1934334808272367
0,0.07777778107015004
1,0.948991571619181
1,0.8984786854693954
1,0.8984786854693954
0,0.12918658677983344
1,0.4526606692585665
0,0.14622690740832694
0,0.05423288808155511
1,0.899142570955718
1,0.9276471555883984
0,0.12485843915265814
1,0.936476733357766
1,0.8877513411558163
1,0.9025094715025392
0,0.22609783208067571
1,0.8681384512872276
1,0.8641065008339135
1,0.9285614773952435
1,0.9249347823022248
0,0.2422720539961351
1,0.7913048461973509
0,0.09243227177207652
0,0.11978051335075378
0,0.20116044677971906
0,0.5992556190592067
0,0.11488700259111881
1,0.827909681396666
0,0.17487635752667438
1,0.9235559214308903
1,0.7817562414658474
0,0.36520142751954204
0,0.1146036179481003
1,0.949992807573741
1,0.3325688015420944
0,0.19075097122164072
0,0.08045360666053916
0,0.06691691439151612
1,0.9844547097708061
0,0.39357038436543995
0,0.3660111564128202
1,0.6824705690052567
0,0.2064370535915927
0,0.43058666205368534
0,0.09122825615413442
0,0.04841743860118229
0,0.11576687128935328
1,0.9836317567241811
1,0.8556029005915441
1,0.8817813865428282
1,0.8736358915756592
0,0.08380281970053637
0,0.05654284076067872
0,0.058177699324766324
1,0.44843014626698147
1,0.6707348828714228
0,0.01589193273015714
0,0.01130529798966664
0,0.019423680933655568
0,0.04881694172367048
0,0.06083777724779508
0,0.6741781103805736
1,0.6381350483794211
0,0.05500299133833653
0,0.024739876652873385
1,0.7342091676484892
1,0.9247348706911448
0,0.22572812499413222
1,0.843790857846443
0,0.05204498197074533
1,0.7274547790544046
0,0.26510213370304386
0,0.16596935944653723
0,0.09881417585809489
0,0.08844593418619527
1,0.8867482047098046
1,0.8774259904869418
1,0.8923191525978472
0,0.036530172581500056
0,0.0405112010038741
1,0.9048272418665232
1,0.866361118543875
0,0.0548155653358837
0,0.09082379984280876
0,0.0651644634676473
0,0.07396891554397297
0,0.33815031659471156
1,0.9709091145371068
1,0.9683876067693481
1,0.9348408082448856
1,0.9569172203646734
1,0.9701789076600614
1,0.9639637320827564
1,0.9580984956342057
1,0.9567155762339467
1,0.9701789076600614
1,0.9489132637825857
1,0.9660118384989137
0,0.2084199174915242
0,0.21981127318167737
1,0.8545030121348135
0,0.08466059205125669
0,0.08441558134464355
0,0.08903913472108804
1,0.8693392091715064
1,0.9251218148418994
0,0.21926984745507092
1,0.3765883551700868
1,0.7009280004497537
0,0.14207881825891353
0,0.11401170776166683
0,0.09467675860259649
0,0.07578351882745575
1,0.8052388262074751
1,0.7952808864479148
0,0.5739795674854106
1,0.8894065984733628
0,0.02363687233332734
1,0.9565343717767684
0,0.22935894096380946
0,0.7184172473176992
1,0.7635261092532697
0,0.0685652509669175
1,0.8327682438432411
0,0.04761367196261695
0,0.02371102517829491
0,0.10999175615266395
0,0.14939398123145128
0,0.3683091367938659
1,0.8721344325975411
1,0.958772581286049
1,0.9647140326058105
0,0.04925990365152945
1,0.9297743090135556
1,0.7370962202885272
1,0.5959088578385697
0,0.05651102090510854
0,0.15165427098831888
0,0.011608736465885986
0,0.022538397500885182
1,0.6925679282715727
1,0.6254600262290853
1,0.9372218165250534
0,0.12084978048012891
0,0.162229046332426
1,0.851943503628687
1,0.9336207178886687
1,0.9090514709231986
1,0.9257876236313085
1,0.9141343106503754
1,0.9174821927072321
1,0.9652081658421734
0,0.21434619649238218
0,0.16937695013004625
0,0.1300097856629152
1,0.9140269727397453
0,0.015587337997692213
0,0.01562577613265263
1,0.880372083154774
1,0.860083578575145
1,0.3284389824143565
1,0.8366280391783438
0,0.23038939153370902
0,0.028770751698400345
0,0.11604877264696055
0,0.3149264993523014
1,0.8897737530460412
1,0.9057613598811161
0,0.1266755318961586
0,0.10000649007481467
0,0.06028566026846402
0,0.08689227913910437
0,0.10470662972493758
0,0.10003003279728258
1,0.9800046479340577
1,0.975146892110602
1,0.9800046479340577
1,0.9800046479340577
1,0.8661176053744993
1,0.9062918835013515
1,0.9077391675695496
1,0.6632163132404753
0,0.43645268876837606
0,0.09728569543614152
1,0.8830867141304506
0,0.05436789510300904
1,0.7835227249933722
0,0.05005006022793937
0,0.06643802353476863
0,0.061738948285565365
0,0.0895110892475727
1,0.9124746743242259
0,0.07215126326955902
1,0.986693174405618
0,0.19879003164707174
1,0.9145785831761033
1,0.9565042505866864
0,0.46845179755534583
0,0.030710365271435815
0,0.04664710500499766
1,0.9624401787446821
1,0.9581763881417178
0,0.025669657991357304
0,0.03647826941969309
1,0.9769591630610359
1,0.9160659615661234
0,0.2428565690737789
0,0.20295347668279232
0,0.06557982262441209
0,0.14834259082052445
0,0.22875707043047347
1,0.8852070589139736
1,0.7343179682527231
1,0.8321161453668795
1,0.9436944391540122
1,0.9702659806667122
1,0.9635787794335847
0,0.050453560394582736
0,0.032966941611349686
0,0.02330321431117407
0,0.019245223297341154
1,0.9418366522405013
0,0.0888446620160457
0,0.05117209730375816
0,0.14079843759773583
1,0.5757097413829264
0,0.10842159641342969
0,0.03871310776560614
0,0.042025813733913064
0,0.04049195301268272
0,0.04028961866763767
1,0.6677810041188358
0,0.3308735547898631
0,0.08999845192122664
0,0.21133841244600235
1,0.8220323935144787
1,0.6791592258021584
0,0.23207942336185444
1,0.7003843147467428
1,0.6534475119611868
0,0.11294796633637215
0,0.037005575607224186
0,0.09172799259982851
1,0.7558546049439955
0,0.13728534206083345
1,0.7961607944476248
0,0.23318140682504293
1,0.9944261662606297
1,0.9895262436016188
1,0.9945489640827947
1,0.9938067987573869
1,0.9913296124685355
1,0.9935631724270242
1,0.9940044933340593
1,0.9946875657279242
1,0.9906248744016305
1,0.9942760937143
1,0.9899201018764932
1,0.994925457153136
1,0.9938940659001027
1,0.9952563466689647
1,0.9910558686583032
1,0.9933336457388072
1,0.9923786815268005
1,0.9941825617961235
1,0.9921354993555674
0,0.1803611664812699
1,0.7263846702181677
0,0.19422000449026416
0,0.14603287793262765
0,0.1390064267335489
1,0.9018697048023148
1,0.3217390365545887
0,0.1958429637209053
1,0.8320599349533547
0,0.12075985856661714
0,0.0929734961947511
1,0.971049684284174
1,0.9002348968725622
0,0.13572216062127485
0,0.07481764794521138
0,0.029298216146199478
1,0.9216684672556101
1,0.957477508683996
1,0.957477508683996
1,0.9376370395843365
0,0.13806864296771298
0,0.045394184472782324
0,0.04798760240144981
0,0.11497346180579092
0,0.10685603374880356
0,0.04063892836605752
0,0.03757628664490062
0,0.16694309955779177
0,0.3338890146313719
1,0.979522510754387
1,0.9280803781121071
1,0.8410512282692661
0,0.1651174228350197
0,0.2546086276824707
1,0.9757868603797295
1,0.9662516831923531
1,0.9672541031515024
1,0.9722582923432073
1,0.9852692647032879
1,0.9660795877443025
1,0.9700109206696422
1,0.9734408195516828
1,0.9515174216038037
1,0.9674245891983196
1,0.9116346799434442
1,0.9577393296002736
1,0.9751771255891659
1,0.9564482788028444
1,0.9540525828297806
1,0.9443648740057569
1,0.9527425607969509
1,0.9504702797721256
0,0.5359108067727676
0,0.22542526739579646
0,0.04687353735246439
1,0.8854699269424234
0,0.11918842046798128
1,0.8394744726254036
0,0.12034354913641616
0,0.20589905806058412
0,0.05134674324103164
0,0.1425467734218919
0,0.054412918675681
0,0.02452529283250469
0,0.025719665259235493
0,0.022037952641086916
1,0.9027585592811167
1,0.8068509223109479
1,0.3592018384289168
0,0.08691770573590996
0,0.3500856627788489
0,0.10449609212333115
0,0.10948248976397908
0,0.10882533320908387
0,0.015379053507036161
0,0.010898618404263852
0,0.3192746877229873
0,0.09465056888341335
0,0.04248127410700736
0,0.045597537792403116
0,0.039313836708071835
0,0.10767142033991099
0,0.2809895814472795
0,0.16897332446918967
0,0.395380856771795
1,0.6535356700706646
1,0.8155090948083212
1,0.9162824569301106
0,0.11846714371010289
1,0.8175193197693297
0,0.03785972086032942
0,0.33870591361774377
0,0.10481618845598738
0,0.06049438218029628
0,0.16511859347874297
1,0.8163355131643634
1,0.9329340756428068
0,0.07583505635939404
1,0.9542694756677746
0,0.21395303094081874
0,0.1938031055045595
0,0.09949859510214357
0,0.033626911911254706
0,0.03334335719887026
0,0.04692839584530939
1,0.6762884183811355
1,0.8180191394201175
1,0.8899868155076314
0,0.1391677933498223
1,0.9637022996810108
0,0.2782206963056328
0,0.08870560977678069
0,0.19314158390524716
1,0.9010837098346237
1,0.9312621175833683
1,0.9276671366060802
1,0.9635530065714717
0,0.16723143192100828
0,0.07233160913066213
1,0.8662144625297882
0,0.5947060030025698
1,0.878633000104258
1,0.7728292534629022
1,0.9298214991263966
0,0.03120369380336268
0,0.08838550934508814
0,0.17610841054972196
1,0.8881517150869306
0,0.07958806455000246
1,0.9282668791346919
0,0.08164897402145634
0,0.15987652022766266
1,0.8535434345645225
0,0.026771507983245568
0,0.24341673109164244
0,0.2241941011114951
1,0.7173844017489792
0,0.282617895712415
0,0.13542023958934418
0,0.10030371758019264
0,0.19788779356887906
1,0.576135852919441
0,0.028678148795199577
1,0.8898642311805136
0,0.10297667319824368
0,0.13422156357747334
1,0.8343974960557901
1,0.9835398583647778
1,0.7742833256281154
0,0.05796375342282152
1,0.6705532210502623
1,0.8932219811994443
0,0.07139774317841559
0,0.21808678457496378
0,0.12488668475466885
0,0.02486998554899902
0,0.13650418281380158
0,0.11558238448129148
0,0.14605688708412334
1,0.966010178055193
1,0.8216232311153131
1,0.9130728329583995
0,0.04037524144760766
1,0.8534435530098787
1,0.8663712786118797
1,0.7147817031466114
1,0.9282912606228624
0,0.16861286324053845
1,0.9426894162406598
0,0.1752817935535586
1,0.635234158224201
1,0.9513845438113216
1,0.870315918330095
0,0.1925939326779765
0,0.22409355439354608
1,0.9773410531558984
1,0.8353689320753076
0,0.01223290062744328
0,0.21806488708596003
1,0.8045815349291846
1,0.8567020245917599
0,0.03511804771053677
1,0.7937152586384242
1,0.8285469919122508
0,0.1053148516894407
1,0.5420152671309215
1,0.7595822717280815
0,0.5099995779580689
1,0.9337593368472111
1,0.8941816354337758
1,0.9486351141312994
0,0.14764130928528132
1,0.6391228631194334
0,0.04555211645435144
0,0.0816946552039703
1,0.979292445746903
1,0.9729719896693283
0,0.042354345316460686
0,0.18550646267116433
0,0.2984992417194163
1,0.47413871487986115
1,0.9882292612591558
1,0.9870030379226135
1,0.987045287610738
1,0.9881941530499303
1,0.9867685774713699
0,0.12505496699682672
0,0.13648229050292607
1,0.85387771182227
0,0.14745838412907844
0,0.09595411482637545
1,0.7269748347446987
0,0.11147183679582322
0,0.030182478693654452
0,0.012908423870604575
0,0.0108047152377447
0,0.04581279320769606
1,0.39564497844576757
0,0.09743613472300708
0,0.08676251660544243
0,0.1021108586170308
0,0.11109904324866501
0,0.09939343985049233
0,0.1239908175907612
1,0.8872802497291532
0,0.07779999082016832
0,0.2742163436025431
1,0.5768340822060033
0,0.013169928623789816
0,0.031773964939380825
0,0.03939319349195676
0,0.03853363862288884
0,0.03553480344836084
0,0.07218037638967126
1,0.9736190253110915
0,0.11499997502984743
0,0.3049650603014619
0,0.28544023051474005
0,0.039352420197077284
0,0.310984429260842
0,0.06517099925676824
1,0.8135557982650988
0,0.12384135539444739
1,0.9268353423150459
0,0.20680545716261775
1,0.7727636019284391
1,0.8912039322503147
1,0.6888440683368346
0,0.05126908411072173
0,0.055134730645915654
0,0.054320646111918475
1,0.958056937472905
1,0.964603020922081
0,0.11729952777470973
0,0.12186292716284301
0,0.12015299896817885
1,0.7942903125529263
0,0.17317372262680925
0,0.1817954143572748
1,0.653249629185266
1,0.7336379720272795
1,0.9932205326228959
1,0.9801635941233257
1,0.9932205326228959
1,0.9918888673638183
1,0.9864571879733826
1,0.9869193745763315
1,0.9899739689846352
1,0.9770947807096175
1,0.99134371866238
1,0.9899396148537871
1,0.9932205326228959
0,0.028712430031943348
0,0.17026395844807862
1,0.8319172402657309
0,0.2483579088966666
1,0.9791283768344504
1,0.914754335621054
1,0.8952149930730807
0,0.26315669072698983
0,0.07239165483013306
0,0.11389064946059313
1,0.9113513957730417
1,0.9214792799876785
1,0.7822501104314994
0,0.024813635708612232
0,0.019287498903562298
0,0.08250685466269955
1,0.7104856940601647
1,0.99239741735089
0,0.06274698903762947
0,0.06870675377667874
0,0.07974099645145706
0,0.11662841366883342
1,0.8399791518903994
1,0.8837307181345893
1,0.8551104623747884
0,0.03857856862429576
0,0.09887325812452992
0,0.020088507208597815
0,0.037792625874373945
0,0.027446470684331644
1,0.8495572851137299
0,0.09657205007710584
0,0.14417760995082185
1,0.967493359784516
1,0.9476424644446559
1,0.8406541404496443
1,0.9729677526901737
0,0.27584403365104426
0,0.10374421473613524
1,0.8187948396654725
0,0.055483676892500465
0,0.07020627266696569
0,0.04645112992183522
0,0.06865842022544097
1,0.9634735075202397
1,0.9580782334972063
1,0.9581865169498092
1,0.9609724496473271
1,0.9774902775090895
1,0.9698376994089001
1,0.9768509233554783
0,0.053306440654856894
0,0.46889377987896985
0,0.48939209701212527
1,0.9116240256516003
1,0.903953301454698
1,0.8850331949968056
0,0.07488086569060715
1,0.9444826983509728
0,0.3279748520417178
0,0.011804915191474292
0,0.006641388515294174
0,0.11238337826534749
0,0.10625473099671404
0,0.07113647716221713
1,0.9187931120443681
0,0.01838251579097406
0,0.10731082966195186
0,0.19348382200204797
0,0.06338911020580054
1,0.9842731679204232
1,0.9818822874754377
1,0.98636798971445
1,0.9865802958216144
1,0.9758200365589885
1,0.9818822874754377
1,0.9780464722766279
0,0.19457815399380834
1,0.7686047955939587
1,0.9310719499092677
1,0.9360804833814313
1,0.9254919192938835
1,0.9373073667139549
1,0.9434195167170979
1,0.9330252296125247
1,0.9245659889456345
0,0.020962167367239774
0,0.013256846240757108
0,0.05227493897643486
0,0.10487730738816561
0,0.062401182501742744
0,0.1464676210385033
0,0.2224936070657144
1,0.7866804939914319
0,0.14600928574459607
1,0.8982636406609694
0,0.15147109361724986
1,0.8279130615655113
1,0.7039223308460283
0,0.08644783494439194
0,0.16231325940003274
0,0.133843571169763
0,0.01327846538227298
1,0.93013434717724
1,0.7956362910030522
0,0.10965877752816591
1,0.9857406408287551
1,0.9857406408287551
1,0.8708140042818694
1,0.958618584675835
1,0.9738178703242474
1,0.9275208529579487
1,0.8149842605192489
1,0.9592260322543192
0,0.17094049948682588
1,0.3025088609313072
0,0.07957862616776244
0,0.14659160175677063
0,0.13615923393270057
0,0.020644932206441584
0,0.02236589385723232
1,0.9911031353664403
1,0.9807561402829736
1,0.9909947035461297
1,0.9840223168651382
1,0.9796099350019725
1,0.9903871471606704
1,0.9904147668728334
1,0.9849864445957246
1,0.9842957103873128
1,0.725950191142336
1,0.898837541933879
0,0.17947127571631522
0,0.16068319182258078
0,0.16358770388794017
0,0.15702010052359933
0,0.1488849892821046
1,0.8244338195338607
0,0.14301766549407446
0,0.2625404113803821
1,0.7635304040584153
1,0.969005706901649
1,0.9569302971298396
1,0.9635606934279821
1,0.9660596353192665
1,0.9662958319021735
1,0.9744247105538069
1,0.9568834744113343
1,0.961417522176555
1,0.9660441770598365
0,0.5956586129069575
1,0.9641586712696586
1,0.6948645459778877
1,0.7062324257258734
1,0.7991084904174265
1,0.8264776467660224
1,0.9654611693461828
1,0.6967193312040191
0,0.44519359184925444
1,0.7924709459500727
1,0.8435870985066908
0,0.6088699633709667
1,0.6823737549280394
0,0.20825749637079638
0,0.12377038653612506
0,0.1313986146227533
0,0.25362285848410365
1,0.727611709490324
0,0.25760606881646925
1,0.8746573094981881
0,0.09809462422168835
0,0.05868215413291309
0,0.020618290894642757
1,0.8027311881974053
1,0.8966649950582695
0,0.07694610131675018
0,0.03610870899504327
0,0.012261954179856394
1,0.8632326812449903
1,0.4482021014838982
1,0.7654792179435153
1,0.6687223496937695
0,0.047201065736886934
0,0.1431162132974034
0,0.2863401603393874
0,0.05284253909711222
0,0.18337517845373832
1,0.7609158522719306
1,0.7060394558351895
1,0.7084818700695306
0,0.07125014129539842
1,0.8513978854636205
1,0.8911506125830967
1,0.9854376077996087
1,0.9641310658466001
1,0.9570136499126045
0,0.073492461112774
0,0.06937535827053394
0,0.13213764590775764
1,0.7665159540825234
0,0.1813668751135582
1,0.7959003473813938
1,0.7995044902561208
0,0.158519901785639
1,0.8730056188754346
0,0.053725796925476854
1,0.7435333278075568
1,0.8796534113958544
0,0.029749983938938015
0,0.042131642914870225
1,0.743505268399484
0,0.09068280794448809
0,0.01994099413338709
1,0.8601918226051731
1,0.8451120808548299
1,0.9525475900214456
0,0.08273757998696855
1,0.9781178784436192
0,0.15604557695590254
1,0.9303445093020265
0,0.05032207955506999
1,0.6547659083014629
1,0.7179048451870328
1,0.6589344819748051
0,0.35524326731121153
0,0.055876712892456
0,0.1559532625982638
0,0.13314985235068028
0,0.0936601796260198
1,0.9571003768060494
1,0.961415738510762
1,0.9642323772984435
0,0.08092277060265864
0,0.08495403642824004
0,0.04660877515824453
0,0.03916655919843459
1,0.9148089541256761
0,0.04959705975902134
1,0.9511383430070087
1,0.6976782129108375
1,0.6923249819788105
0,0.269174969848599
1,0.6199058518205566
1,0.4346754919547618
0,0.07724388375942821
0,0.12727026263410557
0,0.1326536363729568
1,0.8471940034473358
1,0.8436698929104836
0,0.10374112141864444
1,0.9680829824135543
0,0.38705348807033385
0,0.09006048865841468
1,0.929511968906029
1,0.8940595400065473
0,0.08559411366794749
1,0.9802887013103988
1,0.9799088433437012
1,0.9697954517517422
0,0.17769232264411644
0,0.08371575138571688
1,0.8919638941720236
0,0.023185730843535615
0,0.032462361990061694
0,0.032663055707240686
0,0.08293254763717565
1,0.9580684058961042
0,0.12934210929976758
0,0.03916603912851304
0,0.038159796334654016
0,0.08253901671224727
0,0.13621166493918388
1,0.7003365594286358
1,0.9118289601649384
1,0.8443600404273724
1,0.8527751885323066
0,0.12868695746556197
0,0.17208619090080446
0,0.0967602792559811
0,0.23085562380473662
0,0.05895777739947384
0,0.18581910551276348
0,0.047004186827464184
0,0.1593911440701163
0,0.03984855613998165
0,0.07135675870163646
1,0.9360828315936971
1,0.8130302675446209
1,0.9066483742296131
0,0.19785641686356134
0,0.2490487734511351
0,0.28516127195654584
0,0.29219215741986976
0,0.08540490372798154
1,0.9309053701051929
1,0.9341583589783392
1,0.7523826576581936
1,0.9206897649583748
0,0.3212765342711446
1,0.9799875098943136
1,0.9688249204602503
1,0.9710729696657806
1,0.9810707105183937
1,0.9693422105619772
1,0.9741110369633215
1,0.964390260153111
1,0.7764358198124905
1,0.9270708166895454
1,0.8241092478681348
1,0.7362174105233585
0,0.49747872594918074
0,0.22957861257340687
1,0.8144111739010895
0,0.09713942971064124
0,0.0489353273320644
0,0.045854704209462555
0,0.12620801519440977
0,0.12405199157817762
0,0.1285506290149961
1,0.9546812809557575
0,0.018954523051418957
1,0.7803514682111037
0,0.10504683980826436
0,0.18004309289236559
1,0.8507396084178516
0,0.2647630473082987
1,0.8725219207059816
0,0.03962838258128659
1,0.5149819334171623
1,0.9842399737933876
1,0.9173652981058104
0,0.038611143620385514
1,0.9007189357819194
1,0.7497779813660784
1,0.5253330013787232
1,0.883160905115668
0,0.10471582739123782
0,0.09293260523670945
0,0.08207688075036146
1,0.9416296948111732
1,0.9417614894997393
0,0.06386429714469839
0,0.058458466062955176
1,0.7459645097811693
0,0.1790902803332447
0,0.3033706803080284
0,0.13621719297488558
1,0.9009456839370593
1,0.8890328997410247
1,0.8908612914982607
1,0.768609999019018
1,0.8322578581089236
0,0.05021415115130873
0,0.13438561792547382
0,0.11366181086688924
0,0.07739929842401018
0,0.05899220845493571
1,0.9305126443684811
0,0.21462921022510648
0,0.06596560303395746
1,0.9344729343333738
0,0.07640762576323439
0,0.07493866592049214
0,0.12976890284758708
0,0.396558008096166
1,0.7146030934290212
0,0.24970817525825365
0,0.32954058163757105
0,0.2479123400652454
1,0.8197058826624933
1,0.8873223160761299
1,0.937279262365231
0,0.1541677076947541
1,0.4387722702471797
0,0.1560679075688179
0,0.3076903211802559
0,0.058785461556820434
1,0.8063272769517674
0,0.17022631479943637
0,0.146277054258018
0,0.07407817807680227
0,0.10390271214225658
1,0.353519977691819
0,0.04437975540797977
0,0.06530075014110373
0,0.06342553276478281
0,0.040691316200524644
0,0.14529336267596996
0,0.1260844040835127
0,0.12132705260309315
1,0.7451795770142448
1,0.8486738700905607
1,0.8615869357529398
1,0.9387717737597291
1,0.9274874451839026
1,0.889596054945935
1,0.9360567704847867
0,0.16416035048949368
1,0.8906612457255846
1,0.9049790816924123
0,0.035591700205269125
0,0.033079501281050604
0,0.1545595401931125
1,0.9607324728608361
1,0.9333068975370614
0,0.07178964723842154
0,0.08257681881117845
1,0.9938941246082532
0,0.15524569442924077
1,0.45594122786352437
0,0.3858160876274448
0,0.43901571514007587
0,0.387434527280473
0,0.650867775274517
1,0.6803732170764555
0,0.09631217821698848
0,0.05300697451223217
1,0.8531007786633784
1,0.9298287106299457
1,0.807015615535225
0,0.3653702999294581
0,0.14050190619284064
0,0.03124263058254035
0,0.11087235122751823
0,0.017651352081809277
0,0.014239102094865761
1,0.3925606066949104
0,0.10611539185831714
0,0.14469068273481053
0,0.22061852358179523
0,0.14428779984934353
0,0.1269259947070693
0,0.1465779047434586
0,0.1822144841734197
1,0.6814737565427529
0,0.20401668086105254
1,0.584158057368041
1,0.8453043867143358
0,0.044380495055449755
0,0.11986681943069487
0,0.18011983667234333
1,0.9141651552369278
0,0.10407333385878545
1,0.8017579141547774
0,0.01885551153257953
0,0.11848580153319338
1,0.7068151688898726
1,0.8656154652013192
0,0.15715093603185054
0,0.22656936791538296
0,0.06319063483280885
0,0.05481938881997181
0,0.23755981581896418
1,0.8780420752838798
1,0.8785330516123134
1,0.8610499852032365
1,0.8546288342337443
1,0.9093145117028772
1,0.7049136154686532
0,0.23001510755540458
1,0.7127463473413468
1,0.906802559791951
0,0.36747211289898757
0,0.36747211289898757
0,0.4780929728780423
1,0.8881263563854348
0,0.008435745339923141
0,0.1363590538982377
0,0.23925758504115677
0,0.03273494066534394
0,0.024383935925733555
0,0.1611138961115032
0,0.07784353286589464
0,0.2010296875454021
0,0.1296455385242673
0,0.04358378373106717
0,0.1972046915176705
0,0.1610704758228197
0,0.15007225003692554
0,0.16032853414439072
0,0.1426741692370168
0,0.21039284277782955
1,0.4984891230444672
1,0.7706488903065353
1,0.6640664639186932
0,0.08807759757447411
0,0.0615343814125696
0,0.041569464771405065
1,0.7402958090812352
1,0.9373190678261145
0,0.1588106011454202
0,0.104877363540353
0,0.1504664858866111
0,0.14693439650795923
1,0.8920466018154078
0,0.12297121966627857
0,0.1331149962683643
1,0.8916444238650798
1,0.9054329235740485
1,0.7912271710023089
1,0.8333043851793036
0,0.17690806010202487
0,0.2579489870584666
1,0.9545734837948322
1,0.9229135441627615
1,0.6957291793502711
1,0.6555788405119197
1,0.9836326699606387
0,0.03296319384263773
0,0.04115436752650766
1,0.7899531719734533
1,0.8729831685774401
0,0.034811032744917904
1,0.7908415973599299
1,0.920771306293618
0,0.11025101957647422
1,0.9202690242090972
0,0.08438219849979538
1,0.7757486496108645
0,0.1417136699632972
0,0.05395235885371494
1,0.9153137477191953
0,0.04134662942619211
0,0.03979049190418877
0,0.05826384917823817
1,0.7937353439134567
1,0.9237915269553117
0,0.05832507287394123
0,0.19973983281616797
1,0.9923173756766662
0,0.06910205827768098
1,0.9006127213047306
1,0.9825099003916591
0,0.04209892943190935
0,0.1818407551525269
1,0.8664577429582835
1,0.854530975186078
0,0.13690170719459116
1,0.8977314523341132
0,0.09205476745221376
1,0.9608965710304367
1,0.9591299665638804
0,0.024304907902068178
1,0.9651094023005979
1,0.8328825684700141
1,0.9722842858946418
0,0.0635503188960797
1,0.9259605495635488
1,0.6892176670393039
1,0.9502944834211601
1,0.9726759178286837
1,0.9689564656021297
1,0.9600847904976154
1,0.9724416156297034
1,0.9611460372086987
1,0.9020030417173408
1,0.9070448717069712
1,0.9562054876379972
0,0.044284417923629193
1,0.9248167497518643
0,0.10324109711978435
1,0.9287976401053153
1,0.8826093233964178
1,0.9266534895570676
0,0.11646645679115435
0,0.0066061504919123805
1,0.6815592244782607
1,0.4814883240561043
0,0.16234268860160153
1,0.9081818262478065
1,0.7737465589623812
1,0.6733961603179456
1,0.6551645259310289
0,0.2136496167465239
0,0.23968579539785925
0,0.09075190449568109
0,0.18042444507597716
0,0.10125459915084174
0,0.12280672236613926
0,0.36122904972629044
0,0.36115755699812807
0,0.26494903690238475
0,0.2732568634672465
1,0.7844553310060985
1,0.6211986423450081
1,0.722139499017931
1,0.8298969978147089
0,0.15338405744327824
0,0.290743778415057
0,0.1160107297550113
0,0.15204833789768515
0,0.04827318664252264
1,0.9873847259632379
0,0.11252046442129114
0,0.09029818830945063
0,0.10453643436715561
0,0.1220704669275705
1,0.8045052347007425
1,0.9492512369988491
1,0.9419023770915569
1,0.9244535211938038
1,0.8419815933252022
1,0.9273812444010051
1,0.9496309762252895
0,0.3748643123398651
0,0.09651525614143341
1,0.8694150601848841
1,0.9414540344935041
0,0.1585676215753104
0,0.15471935472961312
0,0.41157146245410486
0,0.2646020755241993
1,0.7632881203967633
0,0.022467263924406573
0,0.24422630490452865
0,0.06830382935779201
1,0.6836940499991917
0,0.10876323458274993
1,0.6765703186581968
0,0.2669786677617713
1,0.8315455647180551
1,0.9005741935237352
1,0.6066487281571381
1,0.6371626604028949
1,0.8036953357235684
0,0.14613728873491205
0,0.10029067370330219
0,0.15173584053391417
0,0.051141356185217195
0,0.18891285230687918
0,0.38011699250694125
1,0.5435174633281393
1,0.973756639101451
1,0.973756639101451
1,0.8337864978034889
0,0.18959101041685733
1,0.763289350551397
1,0.8327157217426213
0,0.23927140640249608
0,0.040868962786037036
1,0.8630482890404149
1,0.4447171538275201
1,0.9449767793128953
1,0.9590178415033805
1,0.9724498182498973
1,0.9590178415033805
0,0.13527181372473804
1,0.8231663541152563
0,0.14568392549972844
0,0.19551420342308742
0,0.18801157003105207
1,0.812681951803869
0,0.055278319294875304
0,0.0181693713692334
1,0.7327924017567499
1,0.9780813132206275
0,0.18021086417901555
1,0.9404992718956195
1,0.9404992718956195
0,0.1075412679348032
1,0.8112525695995616
1,0.29419037911866275
1,0.9324438158089692
0,0.026298158522289644
1,0.935058208268939
1,0.9591914760528422
0,0.1563836606861246
0,0.21858512881967923
1,0.6368267498840574
1,0.9723224294824562
0,0.021846737951700987
0,0.1302462027258065
1,0.43283120569520056
0,0.04903195620132523
0,0.09685002519208491
0,0.2550258965010254
0,0.19558925681113362
1,0.7067449902993925
0,0.027440634428219722
0,0.02842458090767514
1,0.9495360548226055
1,0.9498304621018122
1,0.963236977556658
0,0.127008059295545
0,0.09841525530056358
1,0.5777990632147306
0,0.41327673408447274
0,0.12683370980352138
1,0.8299011904355438
0,0.01999931880875354
0,0.06897987561577425
0,0.1774715734312792
0,0.08407152953977708
1,0.9615691752430061
1,0.8034664471235293
1,0.9354717367680174
0,0.18644159707084407
1,0.781215828752196
1,0.7244568686570797
0,0.11399031119983483
0,0.06289263531140551
1,0.9339470098807499
0,0.035684168202171906
0,0.0870658725359496
0,0.056950257618429194
0,0.11855583786515585
1,0.8143560103022535
1,0.8072047337577009
0,0.19996745394292484
0,0.10127031600751267
0,0.017238433409852337
1,0.7864592063151944
1,0.9009958135430153
0,0.16981481152520153
0,0.11737357279937799
1,0.8342854317229419
1,0.980949559253878
1,0.980949559253878
1,0.9708005019820881
1,0.7017196031241042
1,0.7920702530551459
0,0.07594130981366112
0,0.05781562800496782
0,0.11072707093936159
0,0.043265536046087495
1,0.8365999157254151
0,0.15833897411807815
0,0.19383642216511823
1,0.8690061217594975
1,0.8911071336029802
1,0.9164528159890777
1,0.8419414303914958
1,0.8503900485571132
0,0.27885078600495394
1,0.9204882573952025
1,0.827846436025422
0,0.3013636127427464
1,0.7138982370732039
0,0.023809589658479655
1,0.9161262440315038
0,0.08788606074964617
1,0.8229028666660754
1,0.9784277846353739
0,0.29052725830213444
1,0.8182713907548644
0,0.02390917645137408
0,0.019338442706189937
0,0.02138121804714599
0,0.19420076974531483
0,0.0260077620824283
1,0.9112136205726142
0,0.13747521880658134
1,0.8829189666651401
0,0.050842514000313865
1,0.9544212537987712
0,0.1856507989542085
0,0.06329807571848281
0,0.061071173185658106
0,0.22360886639132813
1,0.9732806679669745
1,0.8598068391904772
0,0.046940623622522715
0,0.10583878772531025
1,0.9494142743414272
1,0.8899412783377904
0,0.04933810193778781
0,0.04576628692393233
0,0.019643788856068347
1,0.807130311355303
1,0.6416250987002067
1,0.898110161299951
0,0.04769110577797438
0,0.22626448044262437
0,0.07078682014767018
0,0.09445608370694658
0,0.23571711958733835
0,0.10444443647502921
0,0.15128852853754404
1,0.9592210592715256
1,0.937376524753753
1,0.9558494654773135
1,0.9513219406225871
1,0.8486263967999432
1,0.7178661953058827
0,0.1338324424856374
1,0.9551554196299825
1,0.8598115267336741
0,0.305824206266793
0,0.19561366585129136
0,0.053667768885578386
0,0.06626877569881934
1,0.9491195368896467
0,0.054498234510290504
0,0.023899790996519142
0,0.032041517126315526
0,0.01621336297522749
0,0.01935936474447003
0,0.019454614494184043
1,0.8896684150097735
1,0.8709402592519796
1,0.8621587375359262
0,0.1454294642772116
1,0.9672164291294922
0,0.0953344539412583
0,0.08637605711188721
1,0.8520375877847982
1,0.9142485448978929
1,0.8756434639532048
1,0.9309624512452627
1,0.8897539932907085
0,0.726695903052334
0,0.31597660896288327
1,0.8478160028504967
1,0.8583016434422963
1,0.9342057529419081
0,0.22837028882197058
1,0.9373193315718108
1,0.7182315937530834
0,0.1799186821324482
1,0.9815524000519563
1,0.3520957507420849
0,0.03792707244661958
0,0.021887248104799886
0,0.015337032928946698
0,0.0642040690397627
0,0.06205922717047354
0,0.03628922951760681
0,0.0452600013077433
0,0.0691314848271775
1,0.9053265930250883
1,0.9037663424577965
0,0.1444748196155532
1,0.64503607992308
0,0.08672303142011872
0,0.0699877750716723
0,0.10449534609291895
0,0.03703543371167436
0,0.0344772002467838
0,0.07539831592950845
0,0.10787542668009861
0,0.041950716571096607
1,0.8719825101659279
1,0.780098832583158
0,0.053158165147137094
0,0.18818217714634114
0,0.26067380291366626
1,0.8747806610667884
0,0.06735227394148312
0,0.09848139975252729
0,0.07367797076368954
0,0.10064095183478729
0,0.2533646474458942
1,0.9209823454086045
1,0.8482081131192469
1,0.9818189569223457
1,0.9804227080448162
1,0.8696716232516212
1,0.6932362740330945
0,0.07331378093606017
1,0.8564721786366483
1,0.7186239202046092
1,0.9965626574636192
1,0.9965143680478982
1,0.8822827901905397
0,0.15644216445426767
1,0.7674717922634189
0,0.05790427915554454
1,0.9783802396763318
1,0.973029804346824
0,0.10917470353849772
0,0.033950480151029735
1,0.9922859166543285
1,0.7817280246604777
0,0.05337794729326873
1,0.8605981165899317
1,0.7196512093704803
1,0.9043302549015937
0,0.025473916516222862
1,0.900099995768896
1,0.8532587227508658
1,0.9085042525445728
0,0.07608185362645802
0,0.14161680917507102
1,0.9478752974266664
0,0.07457207642714427
1,0.9421392189150992
1,0.7996316644420138
0,0.061046545840976456
0,0.08658223278689496
1,0.7132635834228161
1,0.9101859804917376
0,0.039463050305800294
0,0.048057998147071956
0,0.035496049686458774
0,0.036203757242349345
1,0.819723658346206
1,0.8009049127109654
0,0.03480124067682844
0,0.19050825063068136
1,0.9816476964505717
0,0.08972825154531341
0,0.16185538324651438
0,0.1345546810223777
1,0.869138703366578
0,0.08881658071609626
0,0.11480890867359518
0,0.07655110138671913
0,0.11898839118525152
1,0.7937377876258869
0,0.08607345923055061
1,0.8575584404286889
0,0.02592780791215992
0,0.02839871899323294
1,0.23962765077156306
0,0.19737101893035927
0,0.19250548700004175
1,0.8437861075232315
0,0.17672329873639242
0,0.0636592252301478
1,0.9007298836714622
1,0.7392507638250662
0,0.08390727735444213
0,0.027056770329894037
0,0.04747322648157974
0,0.10763081138755531
0,0.10594691705557036
0,0.19087065609757914
0,0.05506335402026284
0,0.32600443395413664
0,0.10505711194301359
0,0.041255587894777415
1,0.7819012220125642
1,0.9916359589368139
1,0.9915905533844201
0,0.08592573202639756
1,0.9714164750665669
1,0.9725788876752987
1,0.926169768736
1,0.8293887283887411
1,0.6058368133671852
0,0.3733620574370959
0,0.031673558939505984
1,0.7217581387920299
0,0.0858358177733409
1,0.7746740990318263
1,0.9388944659135853
1,0.9410217779890904
1,0.9653124170510786
0,0.10199283334287061
0,0.040558280828670634
1,0.6952806487521273
1,0.9064694762561892
0,0.07607271874027102
0,0.18589675943607994
1,0.9401182233784768
1,0.9209075028620514
1,0.9111543842413143
1,0.7973866380870984
0,0.05198598339867784
0,0.08496493358360341
0,0.20871728864640796
0,0.286027753171762
1,0.9338630841387645
1,0.9845006082675019
0,0.25722449407505377
1,0.47107716962125756
1,0.5928176331416541
1,0.7527454192762977
0,0.30369962071747586
0,0.14715001331152447
0,0.273518845466938
0,0.025235310968029553
0,0.19755475513753742
0,0.3769615447263209
1,0.8533961135415017
0,0.085569483497043
0,0.17877797741808588
0,0.03171444154980929
1,0.8122672157175992
0,0.14733301128120602
0,0.09130551835864897
0,0.09267414601120327
0,0.15256085473656686
1,0.9311939672964423
0,0.051662592866605794
0,0.08898430757401564
0,0.06067446539911998
0,0.11832251018635677
1,0.9161980235042356
0,0.2941880178555394
0,0.05711376336386702
0,0.04693423147200943
1,0.8914985992146146
1,0.9417373891581619
0,0.08259097387755311
0,0.06605632540343884
0,0.2602741233937611
0,0.05946622911478912
0,0.05838754016717138
0,0.07375051778234962
0,0.2230128687786582
0,0.1472433300800649
1,0.9749201819298039
1,0.9825549534166947
0,0.11062421617046816
1,0.8932997467564145
1,0.890218624352543
0,0.04561139728564704
1,0.5189124746832813
1,0.8741413646596381
0,0.05212125166463836
0,0.022148177090287793
1,0.9193334036774153
1,0.9165122653499408
1,0.3940254261813431
1,0.9183081051685928
1,0.9522002353341962
0,0.0409202053905363
0,0.05711356605345109
1,0.9464084351613288
0,0.027514177338920268
0,0.035938268980407265
1,0.9822936358474942
1,0.9840480010803013
0,0.09683589397446865
1,0.5999778245066459
0,0.12511592654292222
0,0.14883809274338713
0,0.08921567153751091
0,0.16602050066765806
0,0.11470980512703541
0,0.051542043787346586
1,0.6751256139721752
1,0.8459146841086436
0,0.1850159413660898
1,0.951341899095043
1,0.8360683573133799
0,0.048312318723903395
0,0.03281341340953347
0,0.030251234693806663
0,0.04178026258767619
0,0.09593597346869522
1,0.9980032471019666
1,0.9056236368742547
0,0.16502560708847377
0,0.12364971288969473
0,0.02059816818647979
0,0.3069082785904396
0,0.06150119311110432
0,0.19343252012872159
1,0.9125512393058345
0,0.0727317802235031
1,0.8863629847278638
0,0.09427182176135492
1,0.916780438004466
0,0.06623099002633835
0,0.1253659764428444
1,0.9586745858952789
1,0.9556801293059837
1,0.961260963091346
1,0.9695801515535847
1,0.9651475893151366
0,0.0185192129847557
0,0.01782004494526448
0,0.030038546215346927
0,0.2373992831484219
1,0.9686526918025755
1,0.9613397751130388
1,0.9773786450029495
1,0.9460549506388259
0,0.10030715032008902
1,0.9161450772739191
1,0.9569295046407104
0,0.42728751566063483
0,0.12999252283549742
1,0.8117594327025988
1,0.825827556720377
1,0.6993963576056956
1,0.7967999978206249
0,0.09115893909356337
1,0.9334901421532316
1,0.8664958171823071
1,0.635550328223448
0,0.07508980649627346
1,0.6709753465748206
0,0.07177551752858218
0,0.19786980553363856
0,0.06785498493983981
0,0.0802821394230541
0,0.07600664382535582
1,0.8112831433826989
1,0.9763434157535792
1,0.8981193579876438
1,0.8839741894127706
1,0.9446324835907844
0,0.15207671412585977
1,0.5857484017522797
1,0.914877228772705
0,0.09751918029925427
0,0.027783985138163467
1,0.9377834178340412
0,0.06995353772700197
1,0.7223120919380062
1,0.9539144804977757
1,0.9037595223457783
0,0.06226836535511638
1,0.8884580950472544
0,0.2842281779241691
0,0.419207329478892
1,0.5793112082562463
1,0.6894219041361902
1,0.7433796216537514
1,0.9551846106680906
1,0.9800340526705797
0,0.1290598258502771
1,0.9181674375189119
1,0.9813936625288975
1,0.9813936625288975
1,0.9813936625288975
1,0.9805278701310834
1,0.9721234243386545
1,0.9813936625288975
1,0.981192464211716
1,0.9754783605003383
1,0.9808362530725477
1,0.9761775910967797
1,0.9461494952226772
1,0.96201664412629
1,0.9803930582404544
1,0.9734658088510665
1,0.8980472860473393
1,0.7488279043234345
1,0.8831382473673172
1,0.8970001959161908
1,0.8297407456787441
1,0.8728413672720851
1,0.8463615966274746
1,0.9698537785661345
1,0.9598026181641368
1,0.959051853639569
0,0.02856398574519217
0,0.027325970762883334
0,0.16798796423346793
0,0.03700698802051028
0,0.05395241922207594
1,0.8565935796012681
1,0.9633463656842237
0,0.1430004085057904
0,0.021880754152608668
0,0.052282662503714515
0,0.05283729092828569
1,0.9841465346765191
0,0.007932111101825247
0,0.012523559816406911
0,0.012228103721125084
0,0.03300185300363096
0,0.024090835504019557
1,0.8381492087488763
1,0.893901515252008
1,0.9279181049892375
1,0.9354955978923302
1,0.8836059421085094
1,0.895631045141034
1,0.884406897715161
1,0.7772596773609786
0,0.4239233623491824
1,0.6797500962814061
1,0.9355035206885047
0,0.08288561493640015
1,0.9137829632153514
0,0.072326724566445
1,0.9215156658100522
1,0.9334393764112768
0,0.08940533294083014
0,0.3339137609546948
0,0.07142508566175812
0,0.07372959193013108
1,0.9524064852376996
1,0.7110539566136653
1,0.9171048282824297
0,0.2737604969926706
0,0.0754717568472649
0,0.055622057452483206
1,0.8914027491000558
0,0.12080957165843995
1,0.5228169168506084
0,0.13592580244430708
1,0.8301200920030917
1,0.7234898266417947
0,0.10544774087636516
0,0.08925820456885954
0,0.06350236873804976
0,0.06714398521069533
1,0.8768067611790757
1,0.7342980577725277
0,0.2287888320272099
1,0.4909995497188388
1,0.7665642383427329
1,0.8743017730757019
1,0.9429722229555074
1,0.9460934556029482
1,0.9035248211767716
1,0.9120540097989626
0,0.2667447042673178
1,0.8972873863752211
0,0.18651694439596095
1,0.874843401487327
1,0.8814841003129704
1,0.8349456702988766
1,0.7257036395749398
0,0.1033815852653289
0,0.12672173779502618
1,0.8658563318302619
0,0.045874593763032434
0,0.10549826583579633
1,0.5442832845557423
1,0.5562094118569094
0,0.04131779338249986
0,0.30686064783673944
1,0.8346447133174889
1,0.8309975977848211
0,0.14997572191493092
1,0.7757478343261693
0,0.2315898364558593
0,0.07439677562441457
0,0.148943307812864
0,0.023488516903182165
0,0.2717416278812498
0,0.4782743362237028
0,0.21280339044416655
0,0.1678477460061244
0,0.179183229459023
0,0.038323855614659404
1,0.4802092136994122
0,0.22926709922167912
1,0.7836672135036465
0,0.34281342682024424
0,0.24065448040822
0,0.2295302353774025
1,0.7538467922866595
0,0.03742954003094817
0,0.05967756013879626
0,0.03742954003094817
1,0.7512817552179962
1,0.6983228504827508
0,0.11465065997527722
0,0.07800624183492674
0,0.10725147412914449
0,0.0608599753317565
1,0.9615124411761075
0,0.09380800069666498
1,0.37654983550704996
0,0.1323373641474185
0,0.35453124733405844
1,0.897519075790753
1,0.9305903631127501
0,0.3560449881276664
0,0.4491288323176699
0,0.3569736161178052
1,0.5431906210577448
1,0.8233110531471658
1,0.7151999366674576
1,0.7434326639630829
1,0.8132544212192745
0,0.0987689150045028
0,0.03818719631099884
1,0.6935343495054351
0,0.10587679135689403
1,0.9044035478673579
1,0.9074380369992493
1,0.8511099272398127
0,0.12345949841226013
0,0.15495398901578558
1,0.8764254404813256
1,0.8531658041091883
0,0.10020460793674885
0,0.10585695036116612
0,0.14854635975406733
0,0.07884494129783337
1,0.5806135714694823
0,0.09624352974218604
1,0.7117601134633099
1,0.9860711014018172
1,0.7055562640010714
1,0.8618358303532198
0,0.2736157310869771
0,0.2551578683932057
0,0.041441884891350665
0,0.062116128881834196
0,0.10202993552168209
1,0.9134329365228142
1,0.9359230467490929
1,0.9359230467490929
0,0.08608466380628164
1,0.7861978219068225
1,0.7455523491666276
0,0.24783707948703965
0,0.11273864683320171
0,0.15329546226240592
0,0.15978457811502222
0,0.037315916623164094
0,0.03764424380578818
1,0.869985795309054
0,0.08635955656497889
0,0.1691606664928858
1,0.9023141604211813
1,0.8827094919564881
1,0.9332252456347493
1,0.9231570287528476
0,0.017966625307285045
0,0.3348643992246828
1,0.8826942738155623
0,0.12775197998253943
1,0.9337025341660299
1,0.9886569048058482
0,0.03721165712945136
0,0.06486362916728595
0,0.18141173344018663
0,0.01567892642218197
0,0.015418373832977334
1,0.6978473690758491
1,0.8980033767651138
0,0.0712171041461495
0,0.0893033439226119
0,0.10672053127478281
0,0.1984666962643445
0,0.19919500636921192
1,0.9394766715366687
1,0.9239677593293119
1,0.8822877588625333
1,0.7468710362336469
0,0.3503939932862411
0,0.3659430389005556
1,0.833273675043696
1,0.9065672680929622
1,0.8490264899298653
1,0.8263499823638645
0,0.09740229604861486
0,0.02573635335219799
1,0.9206796234922625
1,0.9359659512546535
1,0.9310576121125789
1,0.701976886373166
0,0.08495536119203867
1,0.9861910613690897
1,0.9645420499093579
0,0.03950747573411759
0,0.37594808088439674
0,0.0043751982741687115
1,0.9116016654673864
1,0.9210745968010338
0,0.08444648649836643
0,0.07421999969824035
0,0.1785574686433412
0,0.07232565802894275
1,0.9458258641535674
0,0.06813768143240921
0,0.08588729749995973
1,0.7332262081422288
0,0.054148910060453206
0,0.029456134549944446
1,0.8886784428323561
1,0.9823441050602196
0,0.0200663390408452
1,0.9144302042751404
1,0.9520247035362108
1,0.9398582099850906
1,0.9602415436659381
0,0.2961021752702947
1,0.9107053896711677
0,0.16994162936216844
0,0.08743166575283882
1,0.9949142615287915
1,0.8324365407661541
1,0.8283548395005397
0,0.11432097269838924
0,0.2733374029173124
0,0.08255899397637559
0,0.125809305698409
1,0.8671105523332201
1,0.9654466759304489
1,0.9149193275772383
0,0.25690480341810673
0,0.008475572756211674
0,0.15623381299392414
0,0.16484869066867397
1,0.9697645280658904
0,0.1036554012813688
1,0.9055091984972795
1,0.8980419898346355
0,0.10922698800617893
0,0.11686251955019258
0,0.04049663568376333
0,0.2176329919822272
0,0.0751688149724702
0,0.043318899965921254
0,0.46523231635857276
0,0.02115220462084285
0,0.024358879552642723
0,0.026716725379634047
1,0.7486179098605955
0,0.03760875734934278
0,0.11212768193113119
0,0.1610544215621872
1,0.8599522132915122
1,0.9054155023067829
1,0.7905993393316914
1,0.8879148582228719
1,0.8801699424028402
1,0.9013195467939986
0,0.18212323319287785
1,0.9788858996627786
1,0.8992861615881227
0,0.05800137028219449
0,0.04974408022848183
1,0.9115626034969936
0,0.0767259491203182
0,0.11959522821077645
1,0.8311085570201089
1,0.8990953356641597
1,0.9888003416378313
1,0.9918330121280431
1,0.9918054090635208
1,0.9941672521162596
1,0.9930774203206039
1,0.9930886073110777
1,0.9923836407328445
1,0.9928561210057245
1,0.9944087657794817
1,0.9951694422429063
1,0.9935647744349997
1,0.9927730522615478
1,0.9918330121280431
1,0.9930886073110777
1,0.9923245552606731
1,0.9917519411167465
1,0.9842315109417528
0,0.09639505817828158
1,0.7477274831928078
1,0.8527945497987318
1,0.8069621457653426
0,0.08513206533327004
0,0.1062644971377509
0,0.09471397971486593
1,0.9341835168345075
1,0.9023146639699348
0,0.04620392830711275
0,0.052348286695965446
1,0.9794273201422199
1,0.7629748289053965
1,0.967323212920187
1,0.7659360341846433
0,0.07551937638960048
0,0.020990345211979424
0,0.027233708727751053
0,0.10239214139848359
1,0.7524720793802092
1,0.9280207794772145
1,0.8606629180421191
1,0.9387146766236263
1,0.9492533024833131
1,0.9416566820528233
1,0.832835165708071
0,0.12982177413404608
0,0.2148247752443522
0,0.1141367975559426
1,0.860960209401047
1,0.9585183546213492
0,0.04375332643486249
0,0.04796152229780447
0,0.03671454576895638
0,0.02722890740480977
1,0.9229644536523773
1,0.9227972444930823
1,0.5575870250257337
0,0.35811053491389816
0,0.12329057657318321
1,0.8613809047720316
0,0.27657828898230213
1,0.8048290841687772
1,0.9478924044861831
0,0.06823625751204797
0,0.08445796525160845
1,0.8652006930165862
1,0.9935993832450634
0,0.07635803273394509
0,0.047816414619176385
1,0.9436953762815513
0,0.3701504952115128
1,0.9707713310191564
1,0.9181856775718206
1,0.9292399799065197
1,0.9269612139904843
0,0.16543707229007934
0,0.03467675728415451
1,0.6930130009683488
0,0.16149463747710405
1,0.8679015056162587
1,0.8045027242755426
1,0.8394925623906989
0,0.14430933060452084
1,0.6118419017201211
0,0.28337744774367624
0,0.08761393132860862
0,0.03853142193905575
0,0.03380994435138941
0,0.04070143905217573
0,0.09623287373189228
1,0.9199869896362638
0,0.12265253371314348
0,0.15002063663846948
1,0.9818576223755772
0,0.20309906056562596
1,0.7325808900960188
1,0.9078222960592749
1,0.8926759915438635
0,0.15931124211155254
0,0.11615191693927847
0,0.03602092274233875
0,0.10449872149586587
0,0.09140609960243483
0,0.06622292009400327
0,0.063147688867955
0,0.134046773962612
0,0.3116023640293611
0,0.08763182960497445
0,0.07010671473426927
0,0.1521144196460422
0,0.20260883653405118
0,0.37051648381814817
0,0.31624323578559
0,0.16036730966127877
0,0.48032191094891785
0,0.4149495104712563
1,0.8469775784582648
1,0.8889019029073632
1,0.6078729587906165
1,0.882549995109991
1,0.534858420468582
1,0.8745341986599219
1,0.9038489791336836
1,0.9448352504069699
1,0.8787068821197954
0,0.12460285641787784
0,0.1652386733162012
0,0.11836740232995971
1,0.964032777748049
1,0.8935133890334368
1,0.8371521183359808
0,0.10871963075886226
1,0.8442273786306846
1,0.7992967150675898
1,0.873854730667827
1,0.9599770090838641
1,0.9599770090838641
1,0.9599770090838641
1,0.9379879668340279
1,0.9376622490865145
1,0.7769886701841542
1,0.8132846026600706
1,0.863314016755071
0,0.4583372678840439
1,0.7673558937061502
1,0.9465129042673601
1,0.9661817733801726
1,0.9390969571477138
1,0.9443855823087542
0,0.19641213042173575
0,0.49260997655029287
0,0.021399742047004386
0,0.021552039862613406
0,0.05539711445382071
1,0.7584002711823538
0,0.26823370628677085
1,0.9831216884381089
1,0.9774278493790834
1,0.9754418777646903
1,0.9817208381007011
1,0.9826207951700542
1,0.9678313136016613
0,0.045649033676090196
0,0.045421833304187725
1,0.8050013862576341
0,0.09135992330490919
0,0.09135992330490919
0,0.12435108787749495
0,0.008672639407487331
1,0.8758575788358299
1,0.9266998208870391
1,0.9777060547099077
1,0.9708485165239191
1,0.9468849798020362
1,0.9537082626594334
1,0.9538409419832482
1,0.9710186961534188
0,0.11854860106243849
0,0.11899031373450354
0,0.1250504846448545
0,0.13671657389507144
1,0.8384138415942147
0,0.16862171827688485
1,0.8096423207322754
1,0.9413148478648268
1,0.6603777530175268
0,0.07091223605161685
1,0.8454993692725913
0,0.41769388940426044
1,0.8733285437789478
1,0.8273918509593003
0,0.04397006809486933
1,0.917098470868
0,0.3007028890865435
0,0.16944589010117517
1,0.6741052542125376
0,0.1043603661924264
0,0.08578346081128077
0,0.10643417476405083
1,0.9025729403450304
1,0.9020325796682862
1,0.8853954415423257
0,0.24832740858688254
0,0.21864639881667985
0,0.06603085852548787
0,0.3385903301452263
0,0.048211619753174756
1,0.8870886985088998
1,0.9036182231164812
0,0.0821104387943508
0,0.1754527434970683
1,0.7869669630729518
1,0.9230153785067297
0,0.17165686488769544
0,0.014491776406274472
1,0.977772301728089
1,0.9797646485287618
1,0.9784916756695774
1,0.9808481141975903
1,0.961960220448998
1,0.9811527781669624
1,0.8468327004892099
0,0.12402921234848427
1,0.930771445625161
0,0.10951076798895326
0,0.06455331475428455
0,0.018491818636901563
0,0.019920116497799442
0,0.01826197484204812
0,0.024404853675382053
1,0.554439866069256
1,0.7486557327316279
0,0.315539959106223
0,0.1611241437227877
0,0.2728948035624405
0,0.08667145252193348
0,0.07575004341629743
1,0.8295357954721112
0,0.13753080665106737
0,0.043726993245404966
0,0.043658498374102066
0,0.0431418415972163
0,0.022028853708514175
0,0.03296519062265454
0,0.054062838446254126
0,0.05015490278233348
0,0.0307390057104739
0,0.1060976463411403
1,0.8624709943783962
0,0.017941667458680387
1,0.602560601488729
0,0.06890308566153425
0,0.020499834221290612
0,0.025469038413546512
0,0.0752450147680269
0,0.07035832123574828
1,0.8518369420172418
0,0.27721976926449693
0,0.2383464694591697
0,0.10234023227679605
0,0.04918978572214426
0,0.1301907200669917
0,0.10371629273290305
1,0.8864616506512591
1,0.9487017168831706
0,0.12114258378814628
0,0.08979686758590907
1,0.9681998504075431
0,0.1460993478459004
0,0.06086845971862378
0,0.07229472996189709
0,0.07221141321338036
0,0.07797066368074997
0,0.17414494891276028
0,0.04199164107398381
0,0.11368660727931632
0,0.12540894249085732
0,0.10889775412909869
0,0.05846283735617975
0,0.12056469158772123
0,0.11352752527628342
0,0.22354408914017515
0,0.09935307366834942
0,0.30912883643032935
0,0.09494808125433178
0,0.036905206544033904
1,0.8955611073800166
1,0.7458949918009973
1,0.7173186398780856
1,0.5327767258478335
0,0.4832956711282642
0,0.033052242128820825
0,0.06905147346375554
0,0.15533148600724628
0,0.10435813391911596
0,0.013684135328634996
0,0.01257251513865891
0,0.03284893091026398
1,0.8526509082358471
1,0.98439428535327
1,0.7289751999026262
0,0.2295823197549374
1,0.910417723398932
1,0.7328413638683623
0,0.16883978896122728
1,0.8920715218400128
1,0.9129371709615756
0,0.05596342253961108
0,0.020998978979568223
0,0.31243142371256216
1,0.9901128660444971
0,0.12220834297711339
0,0.12590870129821022
1,0.6144088327373571
1,0.8151057179373599
0,0.037317025238706114
0,0.04839245465872877
0,0.1302522349237853
0,0.21704534795829836
0,0.13613832764686506
0,0.027479258938219443
0,0.01707790835090081
0,0.018625582533057843
0,0.05957945615573426
0,0.20005550660992405
0,0.4887143515482097
1,0.7012678734710719
1,0.7140552080680218
1,0.6430882500549788
1,0.9385953096117395
0,0.1291158190251095
0,0.12380163196838911
0,0.06863108779497117
0,0.0672275708825256
0,0.03669512393601122
1,0.8816595413322141
1,0.7969584434072394
0,0.18910335257572908
1,0.5908346833831598
0,0.16977965960888855
0,0.021857082814575126
0,0.021104153702734354
0,0.018107023969441523
1,0.9139653935401761
0,0.13480032451214244
1,0.8793449719580667
1,0.8794534305480836
1,0.9050908519380126
1,0.7539674709207332
1,0.8251806738865847
1,0.861166712892896
0,0.33001417400720445
0,0.2405307425697587
1,0.9152699472494048
1,0.8280185859871784
0,0.05267940149063505
0,0.05670565556398521
0,0.06555370041241253
1,0.5065940132465467
1,0.8524661847171464
0,0.21083480365092455
1,0.9404385616390133
0,0.0642849759779631
1,0.8101540426954384
0,0.09979212475292962
0,0.13403388720852985
0,0.09591779676212535
0,0.09031493517669528
1,0.6980553513440985
1,0.9901032331093621
1,0.9850590106714969
1,0.992164571631096
1,0.9859331568896574
1,0.9923611267094465
1,0.993123463358773
1,0.9892019077125875
1,0.9916321707091712
1,0.9892019077125875
1,0.9892019077125875
1,0.9827240029727269
1,0.6969649678339194
1,0.919109463474132
1,0.9097627629909782
1,0.9075177246871629
1,0.8905264184115937
1,0.9175262834545864
1,0.8797031804028671
1,0.9137833858954336
1,0.9028306816230546
1,0.8321759655275959
1,0.9019393864734997
1,0.9245947017290704
1,0.91625791522006
0,0.3731746275441021
0,0.9149685361903402
0,0.6735542058818875
1,0.9162780590489649
1,0.9027530785061363
1,0.9383353397367181
0,0.15062975080588284
0,0.15062975080588284
1,0.7428521483910618
1,0.9032496026831421
1,0.8918113685612531
0,0.0966167560599415
1,0.8000636636966134
0,0.061452826673265695
1,0.9906992327414907
0,0.17822880760138438
0,0.23334319322274685
0,0.11480463648551237
0,0.16292955810305643
1,0.9773405096736416
1,0.8638974767353588
1,0.8360905425196201
0,0.17628864294197158
1,0.528974691459206
0,0.10406606600844477
0,0.22205886914772555
0,0.06113700965029174
0,0.1818261352584592
0,0.35364265605762435
0,0.4858130447216596
0,0.7190830051795123
0,0.3926040820279806
1,0.7989034418871206
1,0.8448125131560646
1,0.7569998423760657
1,0.8667476204725336
1,0.7190830051795123
1,0.7190830051795123
1,0.9175709220273455
0,0.017032930924698046
1,0.9685203791548754
0,0.04410005567414988
0,0.28906361655080265
0,0.156432158926239
0,0.3441728090065264
0,0.18590530747371806
0,0.12239618112975038
0,0.07479132525585061
0,0.09946357969554169
0,0.030030418053587797
0,0.07719780555388844
0,0.02985021595746836
0,0.08998358108332438
0,0.18827739082049383
0,0.024800184494331936
1,0.9024447456387646
1,0.8774446364330021
1,0.9444416709970106
0,0.036101874643146376
0,0.2541195777844322
1,0.9230005776355511
1,0.910981260990959
1,0.9010116632823243
1,0.9710823508161353
1,0.9100055165273208
0,0.02562503808069975
0,0.025301449031575704
0,0.08959106350865072
1,0.9550956850749353
1,0.9550956850749353
1,0.9146869425912031
0,0.07322236273627886
0,0.16114937998632775
1,0.79233879666981
1,0.7329965294839956
0,0.05874427118505648
1,0.7248245152328573
1,0.7693421373372947
1,0.5405999098473158
1,0.7386244912094877
1,0.94316550958781
0,0.27301202048992695
0,0.07260759328084122
0,0.11915995191969185
1,0.7257119663877056
0,0.04861015662543014
1,0.7356399339583675
0,0.1593799818554231
0,0.07730053976670942
0,0.12856037157601544
0,0.1797237009370743
0,0.14891518129645792
1,0.8857954737448002
0,0.06985473077424233
1,0.9495516378583866
1,0.8193077044520694
0,0.615334138369712
1,0.6553395915066521
0,0.06275249582767962
0,0.04870809131501339
0,0.16029304146926238
1,0.8070493020061681
1,0.6079270703073969
1,0.6867232150637298
0,0.4818835091618609
0,0.5237907463506786
1,0.8141971865343944
1,0.9051185326997819
1,0.8133458497122816
1,0.844032608689581
0,0.2068482020724431
0,0.11469971837805851
0,0.45020913862364054
0,0.037883534369611345
0,0.027888891683317832
0,0.12599923014705144
0,0.04830202923969071
0,0.05982503702315683
1,0.8578089322688163
0,0.1544297591678774
0,0.05353374140091686
1,0.9298690898374593
1,0.934788635565584
0,0.06157398946612585
0,0.16434261133573647
0,0.17612021407056178
0,0.12255983589630792
0,0.03551926417139827
0,0.034121710836548386
0,0.04403322231319567
0,0.04223140400800315
1,0.9147972542101419
0,0.0107936477799246
0,0.2505972014451091
0,0.20255863932180257
0,0.6440683272651327
1,0.8417692107569585
0,0.15572484569024458
1,0.6847303042878579
1,0.944141673578315
0,0.05348282565426274
1,0.9791016019628108
1,0.967937102504305
0,0.021672416992174152
0,0.02150315163113536
1,0.9607631311474403
1,0.9224269909433828
1,0.6463670198137539
0,0.12088172991626642
1,0.9557532042808655
1,0.9202237707083416
0,0.0056949964346491985
0,0.11063457253174518
1,0.8531564327938179
0,0.10018214007057274
0,0.0489345802186519
0,0.08589024048591513
0,0.022329193858339636
0,0.016924085350633784
1,0.9946825720208272
0,0.14050277363784375
1,0.7485205672648039
0,0.10780298424638482
1,0.9162733136021418
0,0.0687572630269147
0,0.14177786946402787
0,0.18926841771832836
1,0.9278962075390076
0,0.008045266753138712
0,0.009833581953066162
1,0.8952448230242009
1,0.8679179107577594
1,0.9036141181991469
1,0.6733422581353135
0,0.014413874849449258
1,0.9401905544356293
1,0.9155591592432323
0,0.10511979922242878
0,0.034865183540125765
1,0.932054690717102
0,0.013801978637037313
0,0.012781994525876939
0,0.046002350627218
1,0.9281822096491281
1,0.8995162830101665
0,0.19388926273993617
1,0.9039493205560499
0,0.048936560893738365
1,0.9707886012986929
0,0.10205088524545641
0,0.048996817271095686
0,0.23569945221364733
1,0.7551206045036433
1,0.7737528694396785
0,0.13090846077393525
1,0.8356893496816823
0,0.1398425304897394
1,0.7620414320390396
0,0.08040875538626571
0,0.08836189883963252
0,0.09945672926977948
1,0.7460649441815924
0,0.1119066488527441
0,0.13187060692540092
0,0.015477185812568564
1,0.9235687917353304
0,0.0680734392269013
0,0.0680734392269013
0,0.0707214976813584
1,0.8075971803800294
1,0.6470204022793075
1,0.7499630158734583
1,0.41594701877741674
0,0.17918567930904694
1,0.7061562253764059
0,0.4181073883297842
1,0.8464688329173695
0,0.2347420513691195
1,0.878401280189731
1,0.8633698834535063
0,0.09091576521737135
1,0.9259109817940006
0,0.12551995573526353
0,0.02626245329475357
1,0.9374535005690982
0,0.14861492115212419
1,0.8204919042761432
0,0.02349862355467746
0,0.08179043440789349
0,0.02126566157678153
1,0.3317314777062386
0,0.19294948297621242
0,0.2081331105512806
1,0.8664520136142553
1,0.8396097842404561
0,0.24430809721949284
0,0.09023367097919442
0,0.20212462233363646
0,0.2558408174328706
0,0.15551889791601042
0,0.1462554769991524
0,0.37330691768614643
0,0.09858400937674373
1,0.7003911876199902
0,0.2837493248715376
0,0.11295849646844386
1,0.905261806116584
1,0.7679695814407499
0,0.11626181454889037
0,0.12755595120384564
1,0.6805589746474534
0,0.0696265718859642
0,0.10380145768515892
1,0.917002396522355
0,0.01838631298837302
0,0.020486702558138937
0,0.1372847463396614
0,0.04494554661411405
0,0.34477965094353585
0,0.22205970502530184
1,0.6176450608285756
0,0.055407837630725355
0,0.02102306563200347
1,0.950319392717308
1,0.5436400436627143
1,0.9537066814403731
1,0.9355580659005247
0,0.11941988541874479
0,0.22362548957440626
0,0.011288574653351207
1,0.8502950479465924
0,0.10371649143279181
1,0.8820633661595249
1,0.8424797612576743
1,0.728600838250437
1,0.8138691433801953
1,0.5960002928964371
0,0.3812205506566331
0,0.0834071972765842
1,0.9680442690197083
0,0.07846573158615848
0,0.07841222825743337
0,0.08469603783070756
0,0.05573385456563337
0,0.07576922534596862
0,0.1801667388860442
0,0.040082813831816645
0,0.017103892285596292
1,0.9561718442555316
0,0.06726925304419953
1,0.8015465082042721
0,0.5278802576542561
1,0.9393889848097422
1,0.5770679519383174
1,0.6537697922395331
1,0.7817693130909341
1,0.7814454884208268
0,0.14570843374650114
1,0.8896837230411897
1,0.9691213850338911
0,0.6975891679643627
0,0.1282198008747125
0,0.014375637016959148
0,0.01696383711801476
0,0.10781307001175934
0,0.3730016481154688
0,0.3730016481154688
0,0.32997012884793386
0,0.3730016481154688
0,0.1023550330854353
0,0.68908441892318
0,0.7469885758707109
0,0.6309222345132405
0,0.3530945389185067
1,0.6693333221894043
1,0.7368241602192009
1,0.3730016481154688
1,0.7411263213922371
1,0.7045535614750674
1,0.7029182525818345
1,0.737531286666621
1,0.6992772731434116
1,0.7469885758707109
1,0.68908441892318
1,0.8679744672731342
1,0.6892040859099202
1,0.8679744672731342
1,0.866268546441929
1,0.9753299877032913
0,0.34401565199281703
0,0.010427654358331179
0,0.014313990366734423
0,0.19112296511885626
0,0.056299267527017575
0,0.042496365141594064
1,0.7577098439617845
1,0.920374840701997
1,0.79004402486802
1,0.990946830683109
1,0.9210853733030187
1,0.8256927173626858
0,0.19751761199901943
0,0.0508253648474117
0,0.024436028512235745
0,0.0518931515652999
0,0.032738311430357867
1,0.8795301346076172
1,0.8066867624310783
0,0.24723577034228492
0,0.36278069135193614
0,0.03754384349852096
0,0.08626795825587116
0,0.06072718259159723
0,0.1721713702392165
0,0.057512729147247706
0,0.07096545505824431
1,0.7922082831326076
1,0.8700904883633851
1,0.8563694642481643
1,0.8646754732192019
0,0.19000198701364773
0,0.4715486655284846
1,0.9465282790927493
1,0.9713347283816212
1,0.961186063392499
0,0.08170167083147928
0,0.08766124415252007
0,0.1305245632195752
0,0.19516453492822808
1,0.5913800566329203
1,0.8754635402353013
1,0.6606606409093707
0,0.3189956203369612
0,0.2466084469031971
1,0.8267276738597122
1,0.9602571344437831
0,0.1804706586344058
1,0.6629185221571112
0,0.2945848047281632
1,0.8271705359338445
1,0.8799555550792492
1,0.8177209650454206
0,0.09389133162294334
1,0.9253832341366789
1,0.938819322982468
1,0.6630168284641541
1,0.7252230890241137
1,0.7803937426876031
1,0.6919202127353493
1,0.7819364262379785
1,0.8078796700527036
0,0.05573637322153503
0,0.07692207602191856
0,0.07800994649837227
0,0.13748478804211992
1,0.8282685810421705
1,0.7323133303975163
1,0.9783119166816844
1,0.8155392089017547
0,0.1304109586121641
0,0.163144397332239
0,0.28122698330780543
1,0.8547941966230567
0,0.24810142290309634
1,0.9678779755036401
1,0.9704303196988543
1,0.8926046713532219
1,0.9536549901279935
1,0.9733148312406626
1,0.919083725307341
1,0.96086776864608
1,0.9717382354378045
1,0.9706788347942668
1,0.9778680774884673
1,0.9759520842999123
1,0.9537484136140013
1,0.9665627153841861
0,0.36680686609485863
0,0.49988090397776647
0,0.11641881541987337
1,0.7757481470482337
0,0.1200541000755243
0,0.022320951542023165
1,0.8794830694668697
0,0.28654415289385005
1,0.9365769248853464
0,0.06791189238494717
0,0.08694736000883226
0,0.017521336619839872
0,0.013730924532001379
0,0.011989548089551575
1,0.820105792603832
0,0.06320261165556555
1,0.9613492182483847
0,0.1650575278268152
1,0.8330581463695816
1,0.6098108533048983
1,0.8349922851672859
0,0.03899723828244169
1,0.9610109535454892
1,0.9610109535454892
1,0.8306234423328989
1,0.6307851262480612
1,0.8758628703392392
1,0.843244864681289
0,0.1617448049667394
0,0.41599604656048583
0,0.1545260824340236
1,0.9925904192694786
1,0.9888709832015935
1,0.9908110920315043
1,0.8972496877219006
1,0.9137308463126935
1,0.9300785083461226
1,0.9191643769780773
1,0.9542563841746582
1,0.9452937739095151
1,0.9487857063998515
0,0.06798857991452738
0,0.05178874324412983
0,0.03879445303877831
0,0.3071443377971305
0,0.055329033925473434
0,0.1718678831665516
1,0.7911805536072778
1,0.9268711302762933
0,0.16281838230631984
1,0.7164931007640359
0,0.16728104489413215
0,0.060475213164652
1,0.7702824256510575
1,0.5381472967828591
1,0.8838610961672256
1,0.8604550795075682
0,0.0752305393071637
0,0.11536426784268931
1,0.8682119369842608
0,0.21316801708748084
1,0.8338630828612693
0,0.09758057950555425
0,0.14029507087115295
0,0.08736917604955301
0,0.015339017875017883
0,0.11659411390009815
0,0.023089307421444914
0,0.06114448155853544
1,0.8832625679999057
0,0.008975417167049481
1,0.768659094006367
0,0.10711731083856389
0,0.2042936569389966
0,0.017634029479558812
0,0.09361313193586039
1,0.893771072534097
1,0.980949394435811
0,0.3753144574346903
0,0.034569303388864006
0,0.11696227747500278
1,0.7985208414332685
0,0.16136800291405454
1,0.9632312021326055
0,0.11027005647377415
1,0.9360076488496794
1,0.8613414090112833
0,0.16529719081750208
1,0.3947995682245193
1,0.13927303756495302
1,0.40855794433722653
0,0.13526487834427753
0,0.13298210322644366
0,0.1252711988811461
1,0.844271345231009
0,0.2629133629372056
1,0.8781703908245031
0,0.0654413728966632
1,0.8860024722144131
1,0.9829007035909848
1,0.38637134069775386
0,0.1611847891623146
1,0.9426880021516616
1,0.7691856437989548
0,0.06774295833707067
0,0.0400662948018368
0,0.8104726223902988
0,0.013020824184945044
0,0.02610241270006642
0,0.012269934652661395
0,0.011722618142589378
1,0.8814967748229648
1,0.9378367816485056
0,0.08397081196667396
0,0.1736361927374897
1,0.7698666001539655
1,0.8608974752617096
0,0.12486269720836761
0,0.10565249197090748
1,0.982256687508114
0,0.044162166825465414
0,0.12921647246103557
0,0.050151884700059164
1,0.7764526318302971
0,0.11806492230055442
0,0.07076953504383479
0,0.052342592331380625
0,0.07921811800168937
0,0.027363776830665345
0,0.06210782607951408
0,0.06477941041758727
0,0.05506614581769836
1,0.7613263888128321
1,0.6532852798731886
1,0.9838961666597672
1,0.9832870233819568
1,0.9850363146532057
1,0.988022051146258
1,0.9865383521998019
1,0.8842659334376253
0,0.18286136338337944
0,0.08601776037470985
0,0.007383757276903666
1,0.9688737168941939
0,0.09209976072561982
0,0.08707880944732023
0,0.14264467536536193
0,0.4442175135619332
0,0.15333165728673728
1,0.9165055566716502
1,0.8904906420330153
0,0.20809370768706253
0,0.08103393824024298
0,0.04223140400800315
0,0.0388210422230642
0,0.23527591349340793
0,0.39670319354353367
1,0.9896970770005916
1,0.8015846608856766
0,0.1473260925396994
1,0.9810430461314799
1,0.5441892927927865
0,0.12309288416978173
0,0.13721276600278248
0,0.13657620062760406
1,0.9504190935504272
1,0.8777994411087301
1,0.9623001520900045
1,0.9595433961606455
1,0.7051754467499592
0,0.05448700337339936
0,0.23119869815953784
1,0.9265330963061753
1,0.8971899929190005
0,0.043353126225990885
0,0.15135764253132744
1,0.9715865365892106
1,0.9067320433494568
1,0.9289336292693633
1,0.7301853237247362
0,0.03133366156264396
0,0.06279070676262874
1,0.8533338585637735
1,0.863825748925876
0,0.08027715526822893
0,0.6816884905197934
1,0.7273267509014492
1,0.8015582782236739
1,0.8581687220423174
1,0.8419543121857662
1,0.7968525001176255
0,0.1857855856962788
0,0.14261902437211188
0,0.09493996636665702
0,0.09461245335205698
1,0.9309198155676787
0,0.04359043997322326
0,0.06802339496555922
1,0.5936501009691487
1,0.9250324161848592
0,0.12844245933131945
0,0.08159576466884869
0,0.055255563201895036
0,0.04033903590770967
1,0.625147057224338
0,0.3136040796009583
0,0.0939627855382809
0,0.07295578417274569
1,0.9477092679965949
0,0.12699050998179154
0,0.061218880551892355
0,0.18936463866382805
0,0.17838711099682472
0,0.10746315861947658
1,0.6762946106083292
0,0.04632459185336061
0,0.029064546951102388
0,0.044445733155705484
0,0.09975265434638007
1,0.6637970109465227
1,0.9317521030848788
1,0.808434706753298
1,0.9746576379108591
1,0.9823878049658644
1,0.9795767871136692
1,0.9818472832126484
1,0.9712912825935404
1,0.986840197409656
1,0.9796522110720307
1,0.4435931537799005
1,0.8636359172195649
0,0.022854698930368143
1,0.8749235203519647
1,0.973235257941532
1,0.9702067229539767
1,0.9704215678491844
1,0.9806218912328429
1,0.9687555817882723
1,0.9740648647778151
1,0.9569668668734961
1,0.6131952022916602
1,0.657253096567334
1,0.9641999276710224
1,0.9711881323803755
1,0.5349461397658154
0,0.5398651708447122
0,0.1494388531129525
0,0.1910927700662622
1,0.8251396646622707
0,0.09094075288760714
1,0.7426517243945915
1,0.7618681426769297
1,0.8508297901511052
1,0.48522787489836505
1,0.8287234242704887
1,0.8405771731445968
1,0.8651858679095095
1,0.7680891730444702
1,0.9100238279271459
1,0.8687856759161081
0,0.17059800443422604
0,0.2595542607125041
0,0.28594019060103204
0,0.07264373880690166
0,0.14517939065628702
0,0.109982871288885
0,0.07377397068894985
0,0.1031532632101494
0,0.10290259561432812
0,0.13268773798667985
0,0.24616207551627675
0,0.15671127827647788
0,0.13828716815696554
0,0.5162403620765044
0,0.2745253132622707
0,0.3712643755251002
0,0.23550635249449942
0,0.2397513298105899
0,0.4964905763672077
0,0.42548863240517903
0,0.3712643755251002
0,0.37422161123101577
0,0.27823903550992996
1,0.4803181441162164
1,0.5689019966187345
0,0.09449379741892638
0,0.09313243496690148
0,0.09070030599302374
0,0.12224310580199328
1,0.9187822934751729
1,0.9139997310402785
0,0.19142608745894998
1,0.9821501786679547
1,0.9842304293217117
1,0.9849712967063747
1,0.9071102456193543
1,0.9242009639838792
1,0.9809900843963597
1,0.9250292185171397
1,0.9747600007446267
0,0.02054879289440065
0,0.17819576168089027
1,0.7238778533656564
0,0.07652163973057723
0,0.2913073349841737
0,0.027396630784486994
0,0.0476119559744601
0,0.04404944536596835
1,0.9704208567823756
1,0.9651661161853003
1,0.9713500656049716
1,0.9656244216717806
0,0.0794505175965089
0,0.03761559693441532
1,0.8665573375796394
1,0.8787686001391752
1,0.525778121996892
0,0.04104251501158765
0,0.04205676193327789
0,0.06349869970071884
1,0.8947941835489103
0,0.05039271397351403
0,0.07754082080066281
0,0.0873435824772632
1,0.9578493171611978
1,0.9378017382563337
1,0.9470551185827621
0,0.06087130413977148
0,0.15125737735806916
1,0.8182771178904371
1,0.8454074375775227
0,0.030531150884491567
0,0.028586108545415486
1,0.8094950004238549
0,0.21138604405021807
1,0.5001495571228132
0,0.23893464242826604
0,0.2564301219379194
0,0.08783083234982404
0,0.1171765462210272
0,0.04758420854812871
0,0.10964473469830278
0,0.07044267450125694
0,0.01835744596002311
1,0.9090555995216675
1,0.9321126836640873
1,0.6904727634935949
1,0.9314343755093935
0,0.04664834139467266
0,0.03124483502229315
0,0.03249501857591472
0,0.13871402166973848
0,0.0375164834489298
0,0.03665884945826828
0,0.0828420037902536
0,0.03484701773799843
0,0.03957302984421895
1,0.9453723917100492
0,0.0671429403942839
1,0.8905410286872532
1,0.9665227911302434
1,0.9709159383969795
1,0.9693732585051845
1,0.9627976121477346
1,0.9744412103860435
1,0.9698072772418174
1,0.9674884891105139
1,0.9549235078124956
1,0.9802569176731573
0,0.059521197125533505
0,0.20056634017756833
1,0.8180757146689818
1,0.8044487744773365
0,0.08223194988923149
0,0.06418716880731835
1,0.8611764857094736
0,0.013629502171500614
0,0.03768557869557375
0,0.05718746951092671
1,0.8878572401200545
0,0.1002358557124455
1,0.9225397429313826
0,0.22590290306928562
1,0.9471522313334593
1,0.9207826277584803
1,0.8064611109807407
0,0.12959325849948528
0,0.14278164736235033
0,0.04754013688842718
0,0.029003600161245698
0,0.09888800029154009
0,0.1279019559384305
0,0.17894554268084378
0,0.1325507098060141
1,0.7902669630006496
0,0.13077149623001216
0,0.1878671483075203
0,0.1697805346677221
1,0.8544273711898864
0,0.09342833716371132
0,0.2037971061161477
0,0.15846906266947094
0,0.09945535207998715
1,0.7877890668452125
1,0.9249409861338085
1,0.9894867735209179
1,0.9260498341223745
1,0.7707882213258269
1,0.8975485924265938
1,0.9433851800847953
0,0.08321066077699896
0,0.05683896494853747
0,0.05683896494853747
0,0.015371459688766971
1,0.7889542396870393
0,0.22389496228994657
1,0.9817034655286125
1,0.787268008837965
1,0.8992887660717364
1,0.9197381093418101
1,0.9226355829198439
1,0.853456298234856
1,0.9024468337042606
0,0.12311353305071664
0,0.16329794224934793
1,0.8598678068187822
0,0.13677735943618594
1,0.9705253331400622
0,0.0516736511702477
1,0.9745542186856164
0,0.016835776287664746
0,0.012946857298403554
0,0.01464905694937178
1,0.9276090840321433
0,0.10316416420338118
0,0.0648506649460656
0,0.08265243294496308
0,0.10367842605459925
0,0.1054258619240345
0,0.1054258619240345
1,0.8715006294249079
1,0.8859913122436519
1,0.8050078575709759
0,0.16426028922832706
0,0.24006603538130103
0,0.16059433826013478
1,0.9046878184791252
1,0.5347311817267126
1,0.41800321391951767
0,0.2841837969952817
0,0.08861426916075206
0,0.15100282883749114
0,0.061695679669404264
1,0.9672487105601123
0,0.10621131640781242
0,0.15355529697518183
0,0.10943229198687461
1,0.4732301447794378
0,0.07942113359548919
0,0.10815705646839649
1,0.9514020103437488
0,0.22830180933711
1,0.8774568711487553
0,0.4447589552835892
1,0.6609144020320774
1,0.7743864050119125
0,0.055481874351124914
0,0.05715925057343476
0,0.10209151741550285
1,0.969585218929477
0,0.04387935565577983
1,0.9877175870393802
0,0.12673547009538993
0,0.08638442325473807
0,0.1866725227415633
0,0.20962634898328145
0,0.051133617785904535
1,0.8754281769150706
0,0.37722945981771644
0,0.15030828269192548
0,0.17247798298388703
0,0.06363649363038319
0,0.17919992366439289
1,0.9328683617842629
0,0.19831041870829397
0,0.042912946359399295
1,0.7970123336225836
0,0.31319022270733915
1,0.950604207609415
1,0.9614399973138597
1,0.9636220629130443
0,0.09379322824266553
1,0.8182216222543898
1,0.8500112546292323
0,0.07003895745860772
0,0.12677601747077213
0,0.12130654856520826
1,0.8493204487763827
0,0.03652155881261173
0,0.12565166906426398
1,0.7446689198043233
1,0.8906956453251601
1,0.952697293779943
1,0.8979068451042531
0,0.13737630000930107
0,0.2423168653905803
0,0.2509968693190495
0,0.10894327439331494
1,0.7860303250668663
0,0.1788032806609057
0,0.08141244591941266
1,0.7774612344251268
1,0.8658006985181501
0,0.2579930117595488
1,0.6144289785057866
1,0.8587726580612158
1,0.8934405282440772
1,0.7762441959559613
0,0.00933435326025425
0,0.09361321363313799
0,0.11246390843804502
0,0.048734777444164816
0,0.498806485161532
1,0.8103052014900846
1,0.860138601246802
0,0.11833579761090617
1,0.9768614835448676
1,0.9719745052337038
1,0.8171250833145998
0,0.41377644997189383
0,0.16343381657519776
1,0.6238088301897046
0,0.3919861449411962
0,0.039284048966316244
0,0.18697291611709918
0,0.13443667065448536
0,0.176844787056401
0,0.12435562582760176
0,0.17557030685133312
0,0.26078863344557035
0,0.25745698808065526
0,0.29446043876445055
1,0.4288453701790679
1,0.30120054086062437
1,0.887013085741489
0,0.1143570624327518
0,0.0940473611167706
1,0.9521876332816448
0,0.11749379425485801
0,0.12791229726297634
1,0.8871142462401255
1,0.8292958107064443
1,0.8096710839261673
0,0.09439392688791856
1,0.836190015520645
1,0.8288065884786312
1,0.9681841189747099
1,0.874423945174424
1,0.6087158491482021
1,0.8524890851869829
1,0.8998910514975004
1,0.8389211858738622
1,0.8278590008333951
1,0.7391111026280031
0,0.20322739881871416
0,0.1668942281853062
1,0.6894491380426863
0,0.2139816387587723
1,0.946224019347174
1,0.8429912351795367
0,0.0490081841218859
0,0.10197540390441324
1,0.9190764742595908
0,0.061111859745879876
0,0.0455608224364267
0,0.028439821132808994
1,0.9209446837544312
0,0.1819812923610785
1,0.7971551118142214
0,0.213250551830094
0,0.08936842373439026
1,0.9725324193568843
1,0.6937116339929563
0,0.060989111332698805
1,0.8860135333116603
0,0.09726856837064805
1,0.7213949416987303
1,0.9772515162941291
1,0.9802941962378179
1,0.9836460457910674
1,0.9807402621285466
1,0.9129691060637906
1,0.8061581849038107
1,0.46258635331153575
0,0.16484010298834642
1,0.9935100205925376
1,0.9954857140107723
0,0.5266800590433706
1,0.6798144667988687
0,0.2916665121168879
0,0.37903523817977264
1,0.908375314265568
1,0.984184337841035
1,0.9780611318733451
1,0.9843026000178424
1,0.9672610013912608
1,0.9833205417020239
1,0.9345589521285534
1,0.9358273031470494
1,0.9659831033670894
1,0.9689049666623274
0,0.04384914289757812
1,0.8207949099545899
1,0.9094579646424789
1,0.7560052862010628
0,0.1124936378472052
1,0.7853298733676135
0,0.1510636020977191
0,0.11610311484457718
0,0.04626709002176386
0,0.35860778620826805
1,0.7518652677008719
1,0.9418992925599298
1,0.9625321972864287
1,0.9676338741008745
1,0.8356171230233057
1,0.8943632504557646
1,0.8537821919764607
1,0.7383020909195377
0,0.2720841391217867
0,0.3164503005100811
0,0.4478363272187775
0,0.18140799281583883
0,0.1997609072053408
0,0.06935600134099802
0,0.10746998316111514
0,0.08012023798080999
1,0.9697841025290125
1,0.8982497353684966
1,0.793058327639412
0,0.08178519112203755
0,0.2185661946025189
0,0.4049001317476731
0,0.03705867362943163
1,0.8595821713113531
1,0.9550971645899853
1,0.9572053650127752
1,0.9822966638334643
1,0.9002836164448536
1,0.9666822229129532
1,0.9449236833791287
1,0.9772419421445763
1,0.948567339018828
1,0.922310452702891
1,0.9407597881488122
1,0.98352298569495
1,0.978665503487412
1,0.9734502649419524
1,0.924508821265823
1,0.895789138461573
1,0.9428415480074451
1,0.945613298876667
1,0.5749979256143741
0,0.10457797381939063
0,0.17057043944724776
1,0.7497812178238151
0,0.2326444252355051
1,0.7455681310450085
0,0.3890503233197695
1,0.9245569060418498
0,0.10592474273164111
0,0.06917838927764872
0,0.06712113411971665
0,0.016812829953312212
1,0.9202490540757994
1,0.8022428600868277
1,0.8210812663527951
1,0.8810726695617337
1,0.8723654516484646
0,0.5946719884027465
1,0.8611712287512148
1,0.8606500948788447
1,0.7630829947262229
1,0.8140802570528616
0,0.02955428498008866
1,0.6574383861666317
0,0.6574383861666317
1,0.7980139048899627
0,0.028553448937911764
1,0.8024581669414611
1,0.8704567360639197
0,0.1679644597092152
1,0.8136742136237058
1,0.8558044918454667
1,0.8088367992273259
0,0.12972769086537492
0,0.08319943493154766
0,0.03164122946586961
1,0.8720267995458951
1,0.8645368001701844
1,0.9243700222222564
0,0.148700053138973
1,0.9633888024061026
1,0.907443694209961
0,0.07426264387429993
0,0.10242457416381216
0,0.11663257910219137
1,0.7447469280663217
0,0.10831493664469223
0,0.16014404068654794
0,0.18357699109731762
0,0.19256676964118563
0,0.13482972898326598
1,0.9714826416498967
0,0.034016364169829935
0,0.06582329465057658
1,0.7935387385288132
0,0.07293844025197248
1,0.9617352085960053
1,0.9457408607983229
1,0.9457408607983229
0,0.15606195651646482
1,0.9123222076238139
1,0.9315265704893918
0,0.04401662122087079
1,0.9457258792427109
1,0.8731089960165364
0,0.1376202434557135
1,0.9889706158914281
1,0.9883516053511237
1,0.9873201902462246
1,0.9873873385300778
0,0.011386962187155163
0,0.14024845911381872
0,0.12496105333920776
0,0.13438943863909195
1,0.9170997838806485
1,0.9484015179371442
0,0.5218971619455556
1,0.43283382162584216
0,0.021279215744909163
0,0.12496065423230089
1,0.7750257855342427
1,0.6809517974257921
0,0.35863329371452524
1,0.7589334180946345
1,0.8369579698332884
0,0.06465219544394005
1,0.9566610683081913
1,0.9781528715823816
0,0.14008179644677668
0,0.2687532028076449
0,0.023469584440657137
1,0.9261221547917706
1,0.9379485932613749
1,0.927634032294139
1,0.9153758704960281
0,0.16375819735320546
0,0.1403007201574344
0,0.09871867091964395
0,0.07105808600945188
0,0.2151511310012979
0,0.24500079362705784
0,0.10725600426193416
0,0.08334038370806436
0,0.03153561072550209
0,0.10568414988122844
0,0.17703799668746725
0,0.05872096310119639
0,0.043056858909136936
0,0.11263825492602299
1,0.9855586612363267
1,0.9855586612363267
1,0.9855586612363267
1,0.9855586612363267
0,0.12442709607569966
0,0.11014580414764395
1,0.851420544153014
0,0.09050308538060621
0,0.1177325860676643
1,0.8584637265447549
1,0.9746522525828991
0,0.3195613119803533
0,0.005844249343186363
0,0.008486294342183572
0,0.008105796281254971
1,0.9935955896387488
1,0.9938071013939123
1,0.9932694647627205
1,0.9923137566635295
0,0.037922606376524545
1,0.7070713347888723
0,0.10752597188493578
1,0.8981387514473447
1,0.6094740048903946
0,0.19775179756069633
0,0.4337634725741389
1,0.8397289264780319
0,0.2920258059892274
1,0.9100698340971828
1,0.8957732125201386
1,0.8641533824182689
0,0.023840244040140738
0,0.03401287732392624
0,0.10748371138317189
1,0.5755442957319522
1,0.936141858072866
0,0.09302184720617546
0,0.03409814872152631
0,0.32746548460598895
1,0.9228039247711022
0,0.022958676687834845
1,0.8847999235164742
0,0.17669549976947888
0,0.1283861225398032
0,0.09627753130185628
1,0.8997357687316947
1,0.9423885330743598
1,0.8909506270145691
1,0.9615450226135661
0,0.4911896519622639
1,0.9610326136399592
1,0.9708830968410845
1,0.9555912630579925
1,0.9659193917317098
1,0.936776924227238
1,0.962325975855799
1,0.9036758755671045
1,0.9479231602906353
1,0.8992429682638691
0,0.1432681584430351
1,0.9595200014148876
1,0.9251812294976169
1,0.8989474160765958
0,0.5224295336063571
1,0.830843552026147
1,0.8392719122278367
0,0.030007912530701644
0,0.07237527381263739
0,0.1645971064647304
0,0.09108460420445096
0,0.052836847194264625
0,0.15242887376009667
0,0.1395149880262547
0,0.16934717690601564
0,0.18685125779213513
0,0.15560852185160112
1,0.18278721822255659
0,0.14367757529397715
1,0.9837619011642464
1,0.9807918809277034
1,0.9821677661439183
1,0.9891482277174034
1,0.9833890071135416
1,0.9864990864453279
1,0.9899497375616823
1,0.989558845856168
1,0.9883391086157115
1,0.9667431446272389
1,0.8237013259262006
0,0.13588275843147296
1,0.9441708906098504
1,0.8570837708798397
0,0.0170831882827662
1,0.9391218696687034
0,0.028464739307254842
0,0.03670049425459468
1,0.454818124087367
0,0.3497239518804836
0,0.1673312077738552
0,0.14934138916392165
0,0.5047268851447344
1,0.8850959952829186
0,0.3985853969490243
0,0.6118715889837321
0,0.5575645109343615
1,0.8888487824759785
1,0.8587025514819833
1,0.8525596732015092
1,0.8674719412718666
1,0.8856521357566718
1,0.8213857476601111
1,0.904505582636354
1,0.8917061809425453
1,0.8664180637299614
0,0.26152432331908326
0,0.10498142863124221
1,0.9405445061529881
0,0.14401808597759894
1,0.841420018496622
0,0.09959102420980503
1,0.7986291895331191
0,0.07361448987114942
1,0.9899120016889812
1,0.9898025808712216
1,0.8912729001201113
0,0.10958935309926061
1,0.6909652004136723
0,0.027966097930427914
0,0.15509722500208248
1,0.6837677536387952
0,0.09062830683438003
0,0.10538787555921228
0,0.0629077696101556
0,0.04481939946746615
0,0.2779029957083341
0,0.1679969307878841
0,0.24523654333676945
1,0.3358284481679239
0,0.05031466866683398
1,0.9362850639094751
1,0.5762876185581056
0,0.3406487559552106
1,0.9262849623438922
0,0.1043723022863517
0,0.03633901021249575
1,0.7367025785458592
0,0.4903130569851523
1,0.9561087351658444
0,0.08371366401316739
1,0.759342310519067
0,0.10254006043363709
0,0.22975114361320959
1,0.9138313363870314
0,0.13194264426417712
0,0.17528241464665864
0,0.08485465631539588
1,0.7671048341950876
1,0.7977341367880217
0,0.4350755331473386
1,0.939187974571397
0,0.09334758540546854
0,0.07027576796322732
0,0.055695913596317
0,0.05755738286292067
1,0.8411121942852887
1,0.8989155565730358
1,0.8227961715801319
0,0.18380378623045907
0,0.04449709631935896
0,0.006315434508606921
0,0.30916653078909123
0,0.3743774674615836
1,0.8947785259355335
1,0.9455954972157067
0,0.3555667523956923
0,0.18047468133671635
1,0.7427420932402979
0,0.061981950716444155
0,0.0637820752698144
0,0.16169337863742025
1,0.8099147367423161
1,0.7730913884387794
0,0.05377251540145899
1,0.9265173310252368
0,0.06290651772001284
1,0.8854263807443529
1,0.9176046294032594
0,0.07957650279272711
0,0.05461100037300883
1,0.8050139791342791
0,0.11860086483992009
1,0.6410317307300412
0,0.13386075525727836
0,0.024459591064116052
0,0.061026034367808984
0,0.05885129466789851
0,0.2884725456806105
1,0.7849351421752326
0,0.06999749743525036
0,0.11586516570307283
0,0.012866880032543725
0,0.008037634505170055
0,0.005833402782147429
1,0.7849312168803331
0,0.01609678410554442
0,0.15766438927200255
1,0.9256173809202594
1,0.906524956487905
1,0.6128046977453566
1,0.9491614012171877
1,0.9258056282144091
1,0.9976933887286328
0,0.1176466344780648
0,0.09848757767510076
0,0.08909193380681275
1,0.9309464616681551
1,0.8837978949483791
1,0.9553360559431533
1,0.7696497062137644
0,0.10496460503210496
0,0.21915287560747357
0,0.04145527720040911
0,0.1576844116470689
1,0.9457823081703395
1,0.9457823081703395
0,0.07639548008436119
1,0.9634366143530212
1,0.9295531652243072
0,0.04939143547358979
0,0.051957384905635964
0,0.05108181804706832
1,0.6651214692375941
0,0.08160992955993943
0,0.19163657105939447
1,0.9809007235956485
1,0.758456063970767
0,0.607049276895125
1,0.8881355192437089
0,0.23100271989943297
1,0.9364517487648744
0,0.06619113797205681
1,0.9138993471580724
0,0.11016918040302567
0,0.12412990055198563
0,0.14765207792692045
1,0.9807931959241805
1,0.9805126650275067
1,0.8965356350954027
1,0.8885244869271598
1,0.9755714359687001
1,0.9652949151827458
1,0.9669979735659778
1,0.9791573372477557
1,0.9704226633424949
1,0.9756832434040597
1,0.9729302854650879
0,0.13996159473844744
1,0.6921891636287615
1,0.9668611437308534
1,0.913555715497729
0,0.06213124347312778
1,0.8196256038923844
1,0.9610625441546028
1,0.9244117345595627
0,0.10186907091988034
1,0.8950285019336968
0,0.03463823477997798
0,0.05170808095304594
0,0.3846473536917565
1,0.8675725379834589
1,0.8310411580291048
1,0.9130212657366599
0,0.05538728141106455
0,0.0314682554551654
0,0.02872193758738418
0,0.01534349976821152
0,0.008484600696966799
0,0.1936608034401562
1,0.7536442128717196
0,0.31671845093130957
1,0.9065763797578165
0,0.787335701705795
1,0.9785957106566385
1,0.9673229055365451
1,0.9698872624854769
1,0.9727448537903323
1,0.9562046230472265
1,0.9626016923574969
1,0.9725483855202975
1,0.973097678046767
1,0.9762788431123276
1,0.9762498869679722
1,0.9773038231443806
1,0.970987559415359
1,0.9676182439569759
1,0.9208819715205375
1,0.8570199530401188
1,0.9700817183733341
1,0.9713629912865124
1,0.9719603080934438
1,0.9778325887797662
1,0.9704299827043166
1,0.9826768451047683
1,0.9876934766830539
1,0.9858724226508336
1,0.9696950952530885
1,0.9808223923260941
1,0.9856163566916529
1,0.9727941701660326
1,0.9660827430413088
1,0.9672131591045584
1,0.9819520585142787
1,0.9817239116447872
1,0.9872047180476119
1,0.9856163566916529
1,0.9885890849465345
1,0.9889565289623163
1,0.9858724226508336
1,0.9885890849465345
1,0.8334162835166621
1,0.788067753187004
1,0.7720067720943137
0,0.2749192884715062
0,0.30226147363712963
1,0.9283019005147622
1,0.870585073915499
1,0.8089548239310198
1,0.9756544511819355
0,0.08938171172414303
0,0.20690590670753128
0,0.10831062690325068
1,0.8384239837836664
0,0.10197303466263918
0,0.06036751540490906
0,0.11315811024011056
0,0.14143553253722446
1,0.966162414308317
0,0.108958851003378
1,0.8574873317590311
1,0.9468827935478893
1,0.9471694822832778
1,0.9022520887271378
1,0.6989354394385421
0,0.03994558972494832
0,0.04579446696578319
0,0.3720106147540241
1,0.6632269282072366
0,0.6674860098408413
1,0.5823957262741211
0,0.5823957262741211
1,0.8720206468630689
1,0.7177426227958682
1,0.7197594002145267
1,0.6162050325501532
1,0.6162050325501532
1,0.8482223651809477
1,0.7513701159800608
0,0.08122532884054619
1,0.9700807813454614
1,0.9534141686076147
1,0.9804958159688715
0,0.10063938436880485
1,0.8141851591062438
0,0.05789511312431613
1,0.8564312368499474
1,0.9977227031974991
1,0.9975110247119953
0,0.0826783107740939
1,0.9630579210322165
0,0.07518791565674597
0,0.2158217162135465
1,0.6772331095559904
1,0.8898106565232693
0,0.07481646464961886
0,0.0562751155463025
0,0.04369643317004104
1,0.8974550498409696
0,0.03434982951650491
1,0.972754921538379
1,0.9945009403086611
1,0.9820276217815813
1,0.9877334205809339
1,0.9928113575500557
1,0.9813950257424607
1,0.9908670229554775
1,0.9925321518982213
1,0.992066611293438
1,0.9880164901698452
1,0.9671494977795707
1,0.9905665911211655
0,0.0906936721333617
1,0.8764163808865502
1,0.8515920222449831
0,0.14751440521511608
0,0.08983526438419429
0,0.10043580523823309
1,0.7360679156921565
1,0.9248489740725477
1,0.9162692268053448
1,0.938338989182515
1,0.8693365721509435
1,0.9071695043252616
0,0.061226562067199945
0,0.11414444322418424
1,0.9640373319610683
1,0.7195365408808571
1,0.8957148954923471
0,0.10485501122460067
1,0.6745541943617258
0,0.6653360392841273
1,0.9460841976491912
0,0.4338412430339277
1,0.9744589938471276
1,0.957016708911107
1,0.9640907604429233
1,0.8421343750980934
0,0.22421268077539253
0,0.2059367338018911
1,0.8752150780745237
0,0.14348976001346248
0,0.0946492850716035
0,0.04591863484723767
0,0.03611651266133022
0,0.10536845387553721
0,0.23064620750067258
1,0.7743046194285168
1,0.9192419767503435
0,0.022445507319085324
0,0.08103869300259876
0,0.07541965741089646
0,0.07462092708671773
0,0.1140495118488606
0,0.10192376898969137
1,0.9575156760244975
0,0.4197887132381082
0,0.28462983765329436
0,0.12394995820008255
1,0.8873352356310544
1,0.9212185075101665
0,0.18826708189749294
0,0.124985559213286
1,0.5299200770292071
0,0.055627085958029183
0,0.027752714611138995
0,0.034009291885170136
1,0.8171564217974144
1,0.7633979653763711
0,0.053714478848385115
1,0.8656770644496474
0,0.15908799257698025
0,0.20432478322932857
1,0.9691757298503839
1,0.962095084587602
0,0.05077976613443518
0,0.07661438473358778
0,0.1445200390668924
0,0.1282301534103029
0,0.05079817057966916
0,0.3599069834978867
1,0.9186298766725212
0,0.1282619001862939
1,0.855857211208543
0,0.18308466032534926
1,0.8999981089547068
0,0.23100654639802548
0,0.13235704938121226
0,0.14565813965283045
1,0.9085000010537218
1,0.9069207465233708
1,0.9494546933255177
0,0.25705538078877277
1,0.7176857575932516
1,0.9357448685722557
0,0.2900682857072013
0,0.18560968935697586
0,0.1035998753355482
0,0.046828373695040705
0,0.049193219662921436
0,0.01651727189928873
0,0.14447715367982492
1,0.9293683157922755
1,0.8896689433736812
1,0.7403019255487264
0,0.15883206730742758
0,0.20103084674449512
0,0.22791936688477865
0,0.17175914282266122
0,0.36267726353004404
1,0.9134528617950112
0,0.05282285712521207
0,0.04120981337176138
1,0.9359385834736692
1,0.6485607939734992
0,0.20629573640728063
0,0.1094089162344212
1,0.8394341048792162
1,0.8790403021831343
0,0.820304532998983
1,0.8533525914113416
1,0.94659185037085
1,0.8607326417932459
1,0.9516841193954468
1,0.9615247240732375
1,0.9423708544389511
1,0.9375412728173717
1,0.9302244973547854
1,0.9295632160801635
1,0.9285315570888723
1,0.9495355156246585
1,0.951495831605291
1,0.9266868106034778
0,0.1213963066000897
0,0.16385152202438297
0,0.4562433218890981
0,0.08923883920250099
0,0.1745007018763624
0,0.11947661228553046
0,0.28993628718035985
1,0.8813451026020825
0,0.14675358430256039
0,0.07858737029906755
0,0.06631939848783835
1,0.9323901631602742
0,0.09471416792775508
0,0.11290584762479086
1,0.9182740019428168
1,0.556719815585624
0,0.2306052090255098
0,0.09496865545666953
0,0.20646026014446744
0,0.25274626840603415
1,0.6754531949997443
0,0.2702988959027804
1,0.9417997227470509
0,0.11222093823205993
0,0.06537829578860838
0,0.053094020238062534
0,0.03216266446745451
0,0.029639459904558466
0,0.06351657186512803
1,0.9604330660090785
0,0.5400543318397
1,0.8782328154115786
1,0.9474507897689965
1,0.9454411791145855
1,0.9165636758033938
1,0.964290791594204
1,0.9876724662505802
1,0.9861195079271649
1,0.9918634288986025
1,0.9907073235128581
1,0.9953534447050071
1,0.991629735585259
1,0.9906893957175176
1,0.982374849916668
1,0.9942702926368518
1,0.991455653125686
1,0.9746330420178096
1,0.9949533084616032
1,0.9881202783252412
1,0.9945251319841641
1,0.9917993088223541
1,0.9888841813553171
1,0.9941398772687564
1,0.9816994467196356
1,0.996201470748431
1,0.9931236425564045
1,0.9947755132959545
1,0.9861085774527734
1,0.8725450951978497
0,0.1033873657831437
0,0.05832774189043385
1,0.9191806193630736
0,0.18842246168114898
0,0.15693413809142548
0,0.12101501221950611
1,0.7848906237402689
0,0.06538171769768901
0,0.19630064728240143
1,0.9791007337889415
0,0.10327324540045123
0,0.05188889028756954
0,0.04063868216143467
0,0.18247404813753013
1,0.90660146237245
0,0.3306500932894574
0,0.48384901603412533
0,0.12498228529634713
0,0.36298353664874905
0,0.12615241520340137
0,0.44548747583111276
1,0.6915333033161789
1,0.49776649272402046
1,0.6221085173795181
1,0.5475552289044512
1,0.5209253100856569
1,0.6699243473671497
1,0.9826493401507398
0,0.7460139751433834
0,0.2648587928661856
0,0.025567805703476824
0,0.16352192368136645
0,0.16399545486506859
1,0.8178001080865154
0,0.026507395999528453
0,0.02070903967013142
0,0.01767813183937097
0,0.040523431856980145
0,0.02594260131050748
0,0.028237904590441815
0,0.12733439645339298
1,0.9419918082248044
1,0.9845567905123781
1,0.9821736279023171
1,0.9759239555615206
1,0.9844054549656852
1,0.9875605077238602
0,0.5128262424658478
1,0.734651979658195
1,0.9576519887260534
0,0.1258111620532273
1,0.9448975827041887
1,0.7342463543955058
1,0.9147662427054104
0,0.2155971993939414
0,0.050790499472873875
0,0.01384623581591241
0,0.10566327185390739
1,0.8205266520880412
1,0.7660512895479891
1,0.6709445264462823
1,0.8847840427200666
0,0.23698760986964362
1,0.9468871729901145
1,0.9553246298770668
1,0.9741999281407899
1,0.9746377780721119
1,0.9687063258550773
1,0.970370538377484
0,0.006543348170481409
0,0.007138390350683687
0,0.006543348170481409
0,0.08820085522492079
1,0.8013803916341979
1,0.9503472309045108
1,0.9384361906485499
1,0.9418670138470097
1,0.657023971569775
1,0.7351351729079437
1,0.7351351729079437
1,0.9785258265878517
1,0.9629860821561701
0,0.03441690762791755
0,0.3329207639382145
0,0.40974080124945744
1,0.40974080124945744
0,0.04537863745521674
0,0.243617147249249
0,0.14256401798951224
1,0.9905063324970238
0,0.20559056782632742
1,0.9723728138929636
1,0.8391124840250904
1,0.988865982175972
0,0.04078622635716344
0,0.059400931973653495
1,0.894621726701749
0,0.06642517175095074
1,0.7486215563357433
1,0.8285940176875567
1,0.8988430455233026
0,0.2795647950395553
0,0.0829670561180652
0,0.0829670561180652
1,0.8389118855380122
0,0.013377284102751517
0,0.006734499540299216
0,0.0983822728599603
1,0.6788620835948951
1,0.7084352050307706
0,0.28133132734877997
0,0.10803707686082513
0,0.11948931180643804
0,0.20988411871865756
0,0.13490734508111304
0,0.11048191262346234
0,0.13561999867935853
0,0.1287534127716186
1,0.7478926695470219
1,0.7086166937897711
1,0.8224868842313311
1,0.36444829374063087
1,0.7206346025147113
0,0.11635478842874195
0,0.33271865581688176
0,0.08107710400004702
0,0.2536529069664997
0,0.14228166731868014
0,0.2038875247880425
1,0.320012810688889
1,0.5585649707897932
0,0.19022752342255925
0,0.14400058855002934
0,0.2876995571293337
0,0.24779997449455776
1,0.76750198083143
0,0.49706298747979466
1,0.802720025205718
1,0.7603984453160292
0,0.4454218650766943
1,0.7553982668277551
1,0.6195368587257328
1,0.599144956977197
1,0.7255501828209663
0,0.19045162877846733
0,0.1745118889822055
0,0.16345115180040676
0,0.22943903864686918
0,0.2934108472270586
1,0.6563308094328414
1,0.8029209293571198
0,0.39841615084718085
0,0.16774188952342808
0,0.24454870774007928
1,0.5662091749157419
0,0.17361970935827734
0,0.20564868039351455
1,0.8846988076247748
0,0.11068926208692496
0,0.23052165956353216
0,0.2816747441065156
0,0.05493312983470819
0,0.15151977650860854
0,0.18232861870386113
1,0.99230886321548
0,0.056163867351948636
0,0.1652173642202979
0,0.1748906284451514
1,0.9437571696659626
1,0.9324050124377311
1,0.9537172512816825
1,0.4991053833402256
1,0.8325347281149152
0,0.42023177841928927
0,0.17102246731737095
0,0.03405018886628903
0,0.02861905906445031
0,0.022375823545564624
0,0.43000324786696537
0,0.2882430611610952
1,0.872242010419344
1,0.9215239903046276
1,0.9215239903046276
1,0.8982207139234591
1,0.9144650137949121
1,0.841548333427569
0,0.10417589144964093
0,0.2577492904677769
0,0.3429583076845664
0,0.11367537279352831
1,0.6625776943181027
0,0.26771205250570523
0,0.10943139066835868
1,0.9456095600866914
1,0.9112630397419489
0,0.04933372593295839
0,0.22600500476262017
0,0.11550219619497874
0,0.2466568942167654
1,0.9823718431059479
1,0.9823718431059479
0,0.07150924345985485
0,0.20294461769760247
0,0.07010399598300358
1,0.9395351945487436
1,0.8830222067428412
1,0.8149228432722965
0,0.11410032957058173
0,0.05959127583954942
1,0.8912587211317294
0,0.055304639495355544
0,0.14539822586652504
0,0.010241681244268141
0,0.03854218760715602
0,0.026406184406459286
0,0.03194739778544455
0,0.011478412617456635
0,0.024658796056616455
0,0.06636548392549062
0,0.007026768256739245
0,0.07898423254007207
0,0.014329908463431422
0,0.010859115378495408
0,0.02311572873621394
0,0.13328311684896466
1,0.9260585549944519
0,0.14204118100341676
0,0.12759197322256244
0,0.08875010544231435
0,0.06114999031179927
0,0.04668810324608705
0,0.03472057300513903
0,0.04701577506000564
0,0.13420590998689175
1,0.622034776128801
1,0.8289922411019323
1,0.7446247902228065
0,0.421384327309602
1,0.8591376344725042
1,0.6314347566912367
0,0.09583292014196226
1,0.9753705768314075
1,0.8222293204725649
1,0.8752719993495084
1,0.9356392681298836
1,0.5081558273165487
1,0.7011889608657189
0,0.1888175450839903
1,0.9178177485399174
1,0.7850765826780491
0,0.2381839956999446
0,0.10554441294528401
0,0.23231002072531814
1,0.9349467029304809
1,0.7646645591004675
0,0.2032404810834201
1,0.8841227942308622
1,0.8467098600634149
0,0.12408331150290096
0,0.24877900872717923
0,0.14242588682745752
0,0.07347024742344209
1,0.7275556954679809
1,0.9186968671206756
1,0.9720559877479804
1,0.8693258976144969
0,0.29798786532121546
1,0.8758490718182381
1,0.9610606580515023
1,0.749291438363021
1,0.9140547786635677
1,0.9400720464368812
1,0.9332090577747364
1,0.9366925690826251
1,0.9328824949058124
0,0.23384878413066545
0,0.05661580144163741
0,0.050202131893246765
0,0.1816892937214435
0,0.1512366145977984
1,0.821876808793693
1,0.8370652156728168
0,0.13913487703266883
0,0.18557145545141632
0,0.06317406186551196
0,0.1143501872543999
0,0.10801241819596115
0,0.0648498222516737
0,0.09962485441359406
0,0.23011342281588426
0,0.1940274057848849
0,0.06906549537888296
0,0.09168380415674926
1,0.8215020572550685
0,0.031685701631454774
0,0.1138831778293465
1,0.9110753548739654
1,0.91550498526711
0,0.028476279948063784
0,0.14548067920680746
0,0.10390214083828188
0,0.016328942570570902
0,0.09113342692987281
1,0.9761963966182208
1,0.96108647487577
0,0.041639525812308904
1,0.7914731019573161
0,0.03048268813614141
1,0.8318150588340241
0,0.2512870177815542
0,0.3395889455521243
0,0.42006186876716717
0,0.38231863021906587
1,0.9315466856046888
1,0.7325196895688988
1,0.5816004431573001
1,0.7277170169756374
1,0.7716258340681588
1,0.8675053951710682
1,0.8192205849942644
0,0.12848355181591517
1,0.8577156812726543
1,0.9376751237506291
1,0.8910259321070841
1,0.8240023218628512
0,0.08928347560078383
1,0.6858867576636138
0,0.04901233678816493
0,0.04793588635087792
0,0.07493908161930858
1,0.8935742991617565
1,0.8935677864904392
1,0.8580465203044949
1,0.6118378147119659
1,0.7611225797554966
0,0.12524717602061233
1,0.9148388811160875
1,0.8844236755028682
1,0.8729102729455102
1,0.7372484851065901
1,0.7943789606872308
1,0.6086023990075651
1,0.9531207826004174
0,0.049078995833530994
0,0.19842709090778043
1,0.8019839745202921
0,0.17650458427046245
0,0.1525834323083651
0,0.026272938055797616
0,0.15051210064399187
0,0.21236063275642955
1,0.8848538726975613
0,0.08531200793213026
0,0.2307305540077014
1,0.8698957525206399
1,0.8324693610969938
1,0.876057754136272
0,0.2832584473515351
0,0.05802739530032973
1,0.9320448763184385
1,0.9593636378209245
1,0.9611884426364627
0,0.08971012337395914
1,0.9004193225989533
0,0.32834174013933537
0,0.22355607956954632
0,0.3185180256057549
1,0.9775966586336303
1,0.9590866657264625
1,0.9684223361324091
1,0.9686032637733187
1,0.9647731082916856
1,0.9657957353275677
1,0.9494235943358592
1,0.9716027348637655
1,0.9657957353275677
1,0.9389067049479376
1,0.9675172959520515
1,0.9735951804930366
1,0.9256484151200698
1,0.7832012292047832
0,0.24138391860490188
1,0.8643345366496838
0,0.04153787121157592
1,0.6176276312824188
1,0.9392015174184485
1,0.9331899151924707
0,0.1356811766789595
0,0.19354208653199645
0,0.05154964725488735
0,0.029968771697661857
1,0.94733397309252
0,0.38756684288247845
1,0.6927163402739883
0,0.3388110395458474
1,0.980532624158659
1,0.990587878144328
1,0.9922681602013904
1,0.9917648213582394
1,0.9939319589006458
1,0.991525283070247
1,0.9860714573701586
1,0.9831450459078065
1,0.9794582317312753
1,0.9900009552026371
1,0.9948908666413524
1,0.9568028020213257
1,0.9560000795093015
0,0.028194344251295
1,0.8717429287603516
0,0.04507491070217981
0,0.09706038003757408
1,0.7466248671187119
1,0.8322692550583696
0,0.051262933410131044
0,0.12164364553264174
0,0.0884831563386646
0,0.12304010642578427
1,0.7264128368261972
1,0.9533606987697206
0,0.05631800295441611
1,0.8872798863231045
1,0.8769573358431174
1,0.829672691871309
0,0.14279871025427163
0,0.11526646857932524
1,0.8222283795753454
0,0.12543996760160575
1,0.8022767342989909
0,0.17123829397152035
1,0.7227547744626754
1,0.7671174145959777
0,0.026469727438068986
1,0.9009308274442146
1,0.8693668016626543
0,0.08512403553998653
1,0.8331320918751742
1,0.9678666422316389
1,0.9636958885095849
1,0.9675152856137487
1,0.9449084476244254
1,0.9359723616000506
1,0.8027581295023075
1,0.9983942425723523
0,0.1880417191645228
0,0.2690294303080835
1,0.8705769193561944
0,0.10128378559865919
1,0.9170637512461193
0,0.07635511635777407
1,0.626932587495052
1,0.9299516196901364
0,0.282350776482524
0,0.040209918924035803
0,0.06897129967704624
0,0.020728392340627465
0,0.054429949847992785
0,0.03216761307606478
0,0.03289442613161582
0,0.15246009809767483
1,0.8332180999900819
0,0.07565281330498898
0,0.032859660917527816
0,0.06830356256936865
0,0.13665024329966868
1,0.8832095011832761
1,0.989631314007959
1,0.989631314007959
1,0.989631314007959
1,0.9900969742085552
1,0.961340342191733
0,0.15367755495049631
1,0.7615265156159904
1,0.7971605273204112
0,0.03560020060022775
1,0.9454131393407978
1,0.9872275146196561
0,0.04098187144157362
0,0.049367924694630055
0,0.05480523775616788
1,0.9352243760813606
1,0.9352243760813606
1,0.9766851790301128
1,0.9767469437801525
1,0.965054986346605
0,0.11343526961084775
0,0.09636785222078083
0,0.17061501798338943
0,0.1777884959442893
1,0.8317882592326081
0,0.052274102140804225
0,0.10957659488512228
0,0.11089666591431582
0,0.05760356175119386
1,0.9542258113083247
1,0.9680304497515692
1,0.9630264551301525
1,0.9399012704352663
0,0.3104168684106667
0,0.10735412469476999
1,0.9508456244177208
1,0.8906916217064845
0,0.37185822134639074
0,0.06976567623903059
0,0.056084730432593294
0,0.02220955703062756
0,0.24732721361149235
1,0.5700444254842825
1,0.9818316530965943
1,0.739460568802338
1,0.9472845216373073
0,0.011806445162061733
0,0.014628635826680047
1,0.9207002550611437
1,0.8963902914281796
1,0.9570522260431821
1,0.9330964430499583
1,0.9093775873100932
1,0.5552295651038716
0,0.10953606799136542
0,0.18108276209621588
0,0.1243908460915803
0,0.13682730436150373
1,0.8858651170573064
0,0.0482509707189273
1,0.9347505542970969
1,0.9338533291775204
0,0.07153188059383501
0,0.06766523244229972
0,0.14488530483283305
0,0.08418833197702265
1,0.964094844292554
1,0.7669889428189336
1,0.994339372053319
0,0.20048568644121503
0,0.0677296533811879
0,0.08055721909368875
1,0.7489835350520972
0,0.02512646972893881
0,0.026276542985711925
0,0.020190244341646294
1,0.7780673832139785
0,0.07095630893993678
1,0.8673822904781358
1,0.8862274993332376
1,0.7008872733049382
0,0.23077794904107332
1,0.8362031709040249
1,0.7148777790104043
1,0.959880530711759
1,0.9466311307104819
1,0.8824785743327037
1,0.5777804668543401
1,0.6478850955590598
0,0.19105247016303215
0,0.4697538982795284
0,0.23349828295013303
1,0.8132403158546241
0,0.32126922112765294
1,0.7214226086567976
1,0.8951731624861722
0,0.11833211648386271
0,0.12217382479309376
0,0.05214782865911276
0,0.11764234534807828
1,0.9469622450885024
1,0.938670571099945
0,0.02681401833622136
0,0.03887484312883294
1,0.9653687307615969
1,0.9488497132077545
1,0.8606730061489613
0,0.06048866771743408
1,0.7032396953952749
0,0.14505211765034978
1,0.7918680524890115
0,0.04983643552706114
0,0.11755447670361556
0,0.030833500151419186
0,0.09419535640667687
0,0.23476869683757845
0,0.20269773876655053
1,0.6724346256813054
1,0.9850262778124645
1,0.986236075688451
1,0.9877404171909515
1,0.9819835654019402
0,0.11579732209564933
0,0.06645096165849261
0,0.19372134802259353
0,0.1645231878515121
0,0.09417871578535734
0,0.06335323827887711
0,0.2657399148513365
0,0.19273534986670265
1,0.9338312220838635
1,0.9080407183418634
1,0.8611038083433523
1,0.9419050172622951
1,0.910049521407369
1,0.9699353391022454
0,0.1928908564537765
1,0.7458329595265767
0,0.15191467292156982
0,0.06144688048894027
0,0.2397204656073162
0,0.26080333938123923
0,0.4908583479629668
1,0.9763572236121538
1,0.8109124204894791
0,0.12063543159546472
1,0.6779059500656287
0,0.12294851993632719
1,0.9554376214433054
1,0.9673405556937491
1,0.9660969913029783
1,0.9028915306853409
1,0.9312873237205403
0,0.0509344161418222
1,0.834086358144749
1,0.8723881580135464
0,0.2565956599654668
0,0.11650361474773673
0,0.11015304493499264
1,0.9680696684424485
1,0.19162929425575517
0,0.21849868553572702
0,0.08773894486892223
0,0.15017055628687725
1,0.7476992827112832
1,0.7676334671325412
0,0.26783156522081025
1,0.9387065194702124
1,0.9387065194702124
0,0.13658454507276607
0,0.04572448147405263
1,0.9180503605862824
1,0.8819703630193616
1,0.7452228177911531
0,0.02689522765112203
1,0.9710295734628998
0,0.08547600391087588
0,0.16530467356346634
1,0.9165785625661408
1,0.8691606219714526
1,0.835541255240762
0,0.1603545139291335
0,0.5573348813329958
1,0.5867897585811812
1,0.925153269251428
1,0.8799411534043535
0,0.055093861532181106
0,0.030204915542039225
0,0.07410574728759284
0,0.13692540775564435
1,0.904954048172015
1,0.8817419651903496
1,0.6615874710332309
1,0.9392021837546556
1,0.8518026457946666
1,0.8527744483926974
0,0.05979284365889379
0,0.20814929768542678
0,0.18316218219628216
1,0.8004005163063438
1,0.7692112633146316
1,0.42753048872933347
0,0.25479463058196533
0,0.14557323869720643
0,0.1463049533031195
0,0.011424830963263894
1,0.9238753642239691
0,0.051933121782277304
0,0.030528568787016343
1,0.9764365099147428
1,0.9764365099147428
1,0.9764365099147428
0,0.06260236155191176
0,0.20545087270379306
0,0.2016372556272428
1,0.9217309554774566
1,0.9200459797566016
1,0.9130629019320107
0,0.43323410074316904
1,0.9558287689450272
1,0.9713286727033779
1,0.9585597433403774
1,0.8622032032519372
1,0.9693516973040399
1,0.7806610455818463
0,0.20507175596019644
0,0.12134972430112248
0,0.011899107877450318
0,0.18259731868415965
0,0.0969426344926016
0,0.07813500631034323
1,0.7266549055185335
0,0.11309770867766256
0,0.14363067648953243
0,0.1347553861972018
0,0.1423924202215523
0,0.12690781420720254
1,0.9220149005903768
1,0.9233668876911013
1,0.9442771785708618
1,0.919226710154318
1,0.7372510370121239
1,0.9292236760519581
0,0.6309222345132405
0,0.020243096235226347
0,0.16716473164427462
0,0.09680892512968728
1,0.6833554247795208
0,0.17742001461621346
0,0.1722541392959227
0,0.11664132090982303
1,0.7148239727947301
1,0.869650165235568
1,0.8251041404774448
0,0.11359176213938282
1,0.8948083865457592
1,0.932959289374539
0,0.1074496581480651
0,0.166200646587959
1,0.915819958526683
0,0.15429538094952927
1,0.822162213216092
0,0.21763225824195337
0,0.16964609018863688
0,0.22497658188490235
1,0.5166514567045896
1,0.6916742725199075
1,0.5223038802020634
1,0.69528694517741
0,0.5120899982408732
1,0.9698749120992068
0,0.09588705158992586
1,0.931852135312577
1,0.9173074889424971
0,0.251151088257828
1,0.9578734466848005
1,0.9511357883128123
0,0.06982702737494069
1,0.8411711576436512
0,0.08209392202645033
0,0.13347955166035608
1,0.8613605153813413
0,0.07592340535722554
0,0.060003088718596706
0,0.04806156081115601
0,0.06327997113748211
0,0.025700414579628843
0,0.09609081811877712
0,0.24515516002072946
0,0.09417087390643636
0,0.16408207892052187
0,0.1204657829064595
0,0.07446639451457507
0,0.0724165774309438
0,0.09421777004771104
1,0.7665003884787936
0,0.22418180723488323
0,0.09960423158278088
0,0.031397022569867955
0,0.03707442753243247
0,0.052526691907947204
0,0.025681501763330603
0,0.03058775136601114
0,0.034900864230469564
1,0.8656069674541343
1,0.9577716731680583
1,0.9881708000318697
1,0.9881708000318697
1,0.9881708000318697
1,0.9881708000318697
1,0.9881708000318697
1,0.9881708000318697
1,0.7389172124552947
0,0.059558052603794445
0,0.11795884185759463
1,0.6619077567255496
1,0.6519994254193607
1,0.6778287958057594
0,0.15276644273595558
0,0.14893871087666752
1,0.8988124464358808
0,0.04444900796039049
0,0.11720271195930622
0,0.03723643863545407
0,0.0581299141916121
0,0.11049871941219243
0,0.15254147725674735
0,0.047498286370122184
1,0.7867429391832697
0,0.13051905128499666
0,0.059941236221342745
1,0.8932507800931023
0,0.04696555314563596
0,0.0665477595007372
1,0.8233901387245205
1,0.8393761694248564
1,0.8555388589909717
0,0.01270375655526806
1,0.8180010408044494
1,0.7797767085368051
0,0.03036205148318593
0,0.09318280126106056
0,0.06416536796538815
1,0.8890534780453497
1,0.8757926109371329
0,0.014538526505675229
0,0.12126647393370703
0,0.14534838570326541
1,0.9409708602749627
1,0.9465040766728172
0,0.08652961036144127
1,0.9036608564928028
1,0.9308013279217198
1,0.9409725872513471
0,0.03559870488740519
1,0.727556281887431
0,0.30804026196329737
0,0.2956445958197818
0,0.2295697817353598
0,0.037353216711600454
0,0.06210102357912324
0,0.12510280439478938
1,0.9472287607075442
0,0.03393405062659283
1,0.6196874206364944
1,0.895160047153591
1,0.7975633583909284
1,0.9350033322059511
1,0.8690347970617393
1,0.9461023071101283
1,0.9331985081853605
1,0.8608011786474378
1,0.7903570041834937
1,0.8601035587628938
0,0.7124427026172125
0,0.5568311192220406
1,0.5609154521608282
1,0.4996414656951635
1,0.7625829505018608
0,0.15545488081800954
1,0.8320839370960159
1,0.7241833803414292
1,0.5531895294724715
1,0.8347775831868021
1,0.904696061468288
0,0.17209606677847597
1,0.8790866175903607
1,0.3461341389053606
1,0.5839836720798232
0,0.09521175753609883
0,0.09815786239521217
0,0.24135636142248185
0,0.19967506846695027
0,0.08758967478048342
0,0.09862076629859579
0,0.07334010525419556
1,0.9844420298440102
0,0.17222578721558426
0,0.24796306646946162
0,0.09440379544699783
1,0.9645759749403676
0,0.15932537627040966
0,0.17927562208702622
0,0.05687113025747241
0,0.0673326137618617
0,0.08282510705670837
0,0.22688668500181397
0,0.6306936447597532
1,0.9096314200217074
1,0.8783513778651381
1,0.9477876360764909
1,0.9029120182953769
1,0.9440070395806908
1,0.947206962790911
1,0.9767414055620529
1,0.9662750754214632
1,0.8489156774849843
1,0.8217975522915133
0,0.10245996671022471
1,0.9198721331034889
1,0.867171363926336
1,0.9393501224502929
0,0.1423972133472387
1,0.872962083146122
0,0.09323278010557397
0,0.2625365105159435
0,0.11349921279523204
0,0.03540126828114342
1,0.44274348208681663
0,0.06407883845729932
0,0.05802951574329084
0,0.14428111333198898
0,0.2695937722510521
1,0.6459477670548496
0,0.02745337922091351
0,0.032149903149353586
0,0.043053745056919356
0,0.23277489595264855
0,0.09591845220641348
1,0.7663296854616407
0,0.212879717077853
1,0.7370213261515871
1,0.9172288534401457
1,0.9662575182750123
1,0.941125357497596
1,0.9562777655976861
1,0.9690071801824137
1,0.9695956482355593
1,0.9644044416810088
1,0.9546550014210097
1,0.9528576650340421
1,0.9364186527665588
1,0.9250951050481903
1,0.8639719011987567
1,0.9665590155384995
1,0.9639470367388991
1,0.9525380064646495
1,0.9399105367526129
1,0.9597522730425772
1,0.9364699033868051
1,0.980821594753038
1,0.9572459313567778
1,0.9788847238763766
1,0.96559219843889
1,0.9188877881373536
1,0.8920747342426376
1,0.8923239117993487
1,0.9499996746092986
1,0.9366631627893607
1,0.9455079821238164
1,0.9088344553851512
1,0.8972661845563982
1,0.9692766604577007
1,0.8937736117270446
1,0.9642715202738386
1,0.9608544947488173
0,0.7317972102430176
0,0.43682092541047435
1,0.9056876858474713
0,0.11989847694303807
1,0.8918684335180437
0,0.2778389296543631
0,0.12900678636063595
0,0.013681052248748582
0,0.08477806873325429
1,0.8522495348222837
1,0.6047751827092764
1,0.4249622875985121
0,0.09280255921865409
0,0.034883786484883605
1,0.88613423059056
1,0.8719069258707841
0,0.09345710677535025
0,0.07232087140790344
0,0.06358525007533544
0,0.24614267503629234
0,0.25208824083336834
1,0.9365530091454776
1,0.9152384094714574
1,0.9417432090724793
1,0.8843625603996892
0,0.05430360516377643
0,0.030982965995597626
0,0.041200920246233924
0,0.03554821860740105
1,0.44943312649829203
1,0.86780394491965
0,0.15744379256157415
0,0.19487073538782942
1,0.9630063789024835
1,0.9425263067491728
1,0.9550293843166888
0,0.0674967078255653
0,0.11048150119413962
1,0.7544337253303369
1,0.8473761571629294
0,0.1575477373831785
1,0.8851757277853385
0,0.08683380869434684
0,0.07317469292753938
0,0.09127534828718456
0,0.131542664364327
0,0.04276443364152364
0,0.13245930367781197
0,0.049903977582948206
0,0.036714975421787754
0,0.08366157660663662
0,0.04083574663473408
0,0.04276443364152364
0,0.18530760749649122
0,0.044568442169845277
0,0.044568442169845277
1,0.6491215081563468
1,0.8016818546307107
1,0.36058392595775657
1,0.8022409509867325
1,0.5808958729549198
1,0.9522163466692029
1,0.9566465448467381
1,0.8247979145199645
1,0.9648917827295369
0,0.13162685152406142
0,0.1600006586560312
0,0.09895489021500725
1,0.8928268329269081
0,0.048800801210639885
0,0.03989008484123164
1,0.9054789529516366
0,0.1434784614427218
0,0.09037762208579381
0,0.508381084585539
1,0.9687778322051148
1,0.9315330120622334
0,0.038637110360119443
0,0.019668354358920438
0,0.05192997492119369
1,0.9701696814468211
1,0.9714825631596646
1,0.989604289189158
1,0.989604289189158
1,0.9895723474538927
1,0.9895723474538927
1,0.9916757418957721
1,0.9916757418957721
0,0.12250163378550552
1,0.9810380880115093
1,0.9736660685545597
1,0.9721317716847482
1,0.9700183825981386
0,0.11945561044663847
0,0.04152452982585775
0,0.12261791478500773
1,0.9893974041902499
1,0.9893974041902499
0,0.026110315420403856
0,0.013356815370315295
1,0.9758295857993098
1,0.9777803036538825
1,0.9758295857993098
1,0.9777803036538825
0,0.03550032003201384
0,0.02968561750961303
1,0.9567286483391307
1,0.8805333603914215
1,0.8423214018355383
1,0.6849410969793582
1,0.9497594688016227
0,0.13317876821664631
0,0.0867534699697567
0,0.10737362085076738
0,0.07213078236053648
0,0.012712346618689953
0,0.024260251969396848
0,0.03657942075814644
1,0.8872052304602349
0,0.006440815386946484
0,0.09437752126066098
0,0.09219868733314883
0,0.375844837229307
0,0.16596437916369444
0,0.17950503084093344
0,0.1769350033122647
0,0.16386945173120293
0,0.38506446706696446
0,0.45651246671651097
1,0.7365236187994734
1,0.470846782816396
1,0.7592470579810302
1,0.8920435538074057
1,0.7366490610459685
1,0.8457544415185279
1,0.7564038741700871
0,0.08419247709007528
1,0.9216256575630725
0,0.19763839959396362
1,0.8812907202386929
1,0.808893781606392
0,0.3745770473797363
0,0.05092679360800998
1,0.8335710106626002
1,0.8916973773755676
0,0.18816930208643837
0,0.12199802503817542
0,0.23992792984511438
0,0.23992792984511438
0,0.2323432207107907
0,0.23992792984511438
1,0.6198526594492748
1,0.7338966004285142
1,0.6198526594492748
0,0.11713722076663015
1,0.7272989473090997
1,0.8814040441286419
1,0.9257514206144268
1,0.815812383472362
1,0.7696085470294858
1,0.859916198037717
0,0.4482708270290548
1,0.9731905226238597
1,0.9055951322369915
0,0.16474580260439828
1,0.7971731601049096
1,0.6582327204802905
1,0.8912034477192478
1,0.9901107568597111
1,0.9865068222229306
1,0.9922848136036703
1,0.9922848136036703
1,0.989053450063406
1,0.9922508354439681
1,0.9878320500440012
0,0.1823039886657605
0,0.04222012919960123
0,0.03362271970052142
1,0.9431390518230678
0,0.24706635803257437
1,0.9757458730642572
0,0.039106357397490424
0,0.1768538376086939
0,0.142705061905544
0,0.15248755038721995
1,0.8761106961818731
1,0.835127180484709
0,0.27060637125149445
0,0.06256730365703703
0,0.057320143068656904
1,0.6024206222619415
0,0.11134978279582645
1,0.5546186755690738
1,0.553086158244243
0,0.34058943798932034
0,0.32895956011049227
0,0.34007325259949517
0,0.1724045446142785
1,0.8271605475884412
1,0.9009827578993433
1,0.6291418631388782
0,0.14538646689935544
0,0.09664238253651421
1,0.9408355298339851
0,0.09192861207769645
0,0.09070807658978525
0,0.07654011999205294
0,0.10134826896275922
0,0.08123673064149171
1,0.9527748079807694
1,0.9527748079807694
0,0.028274566958825978
0,0.030999495293642296
0,0.038478412309410834
1,0.9826970484444892
1,0.9739133232646047
1,0.9821434581685539
1,0.9839206565636238
0,0.10938453552930853
1,0.9023800761350003
0,0.28858135058576323
1,0.9422382428233663
0,0.20819431013678666
0,0.07152001522853453
1,0.9324268412474979
0,0.049494245273924
0,0.09954885116862684
0,0.09468247183044587
0,0.06748649343210482
0,0.18085420662182786
0,0.19030358703867686
1,0.9327580812611908
0,0.340756795517442
0,0.12825265755486354
0,0.080237683771952
0,0.08535224499556666
0,0.115195408493276
0,0.02433741264601522
0,0.01493885091835659
0,0.017111614384063573
1,0.7474032537708235
0,0.10508348514223315
0,0.06713541921394034
1,0.9253974175364715
1,0.9712364345598941
1,0.8361399114655337
1,0.7119010782232299
0,0.011227811847885084
0,0.017158991010449376
1,0.8453253370103541
1,0.9342246759807006
0,0.08345651457433667
0,0.07126443646211458
0,0.0739201330253807
0,0.1855730704670075
0,0.19097397138551883
1,0.9340493732938189
1,0.6723378723504415
0,0.07926452387023894
1,0.912673519580108
1,0.7999099265893221
1,0.8332177916123711
0,0.09719295225074669
0,0.10654153917243986
0,0.06588591342657847
0,0.19585889764550435
0,0.08921522771107143
1,0.9695297658886227
0,0.17080658935720677
0,0.2160975046483266
1,0.8361649791229212
1,0.9487626263843016
1,0.8947497638149956
1,0.8061668452890066
0,0.13239624950917026
1,0.805480146304095
0,0.16654014404701795
0,0.07862805113015182
1,0.8581278062295007
0,0.3500311065226067
0,0.07368397588606615
0,0.05955456444945673
1,0.9297065076029687
0,0.02953408025271449
1,0.8377978627841766
0,0.03435146421971202
1,0.8986392283489134
1,0.9096225676002268
0,0.1506450004022961
0,0.14348970303333317
0,0.011937093440460242
0,0.0706633245226699
1,0.913188356865923
0,0.46144340734259726
1,0.7087967438252205
0,0.03547791844968762
0,0.030386387056188315
0,0.041084627595132046
0,0.06781253987361265
1,0.7801300798403267
1,0.824082124104176
1,0.9740363895572235
1,0.9529304684012327
1,0.9565871320970114
0,0.17179671056736176
1,0.5704272029563172
1,0.7481847846686659
0,0.07427357796309507
0,0.0754302202862466
0,0.06881459084754313
0,0.04775770637673582
1,0.9876404345495179
1,0.6977333797351096
0,0.1850782891007596
0,0.1567214312005524
1,0.8241030282443129
0,0.10084868393822377
1,0.7675614383378322
0,0.02543706696542787
1,0.9680724367864086
0,0.4038966607778403
1,0.8823150591306821
1,0.8401976983586457
1,0.6493979440815695
0,0.04721091260454062
1,0.9023303849383019
0,0.35281407536926473
0,0.11760457388390441
0,0.13039401141225854
0,0.05586921501052798
0,0.060695271277425536
0,0.020955048401463384
1,0.88535420693463
0,0.046522436517230946
1,0.9266595523488874
1,0.9265124149149498
0,0.21514780974312106
0,0.06152757707194247
0,0.20783515649602194
1,0.759937733080812
0,0.02265366899385427
0,0.054180374717397194
1,0.8896704614928128
1,0.6511866420161309
0,0.07336398375627382
1,0.8829377058410625
0,0.14745640814340358
0,0.03161431101481149
0,0.12998249635740125
1,0.8766250035268386
1,0.9472688812385658
0,0.034870405514489895
0,0.18405728409499786
1,0.9637971419769784
1,0.9708542956786089
1,0.9710923836773123
1,0.9708542956786089
0,0.24331159983724512
0,0.24331159983724512
1,0.8545325558297071
1,0.8791073666960332
0,0.07648988295724894
0,0.02629168047272609
0,0.03460647535640762
0,0.16099610417989452
1,0.9863217956841134
0,0.009449230131745576
0,0.2725333740402256
0,0.17640741906588284
1,0.8145766888077179
0,0.0636301677998595
1,0.8144387853260664
0,0.1211753937809942
1,0.9602056935094252
0,0.024731879966522437
0,0.06539472912473407
1,0.6327567524671466
1,0.8510681603449145
1,0.9209251064416696
1,0.9662245760438933
1,0.9170928863339893
1,0.9563022590788278
0,0.07338647829396622
1,0.7445878632501258
1,0.9459295024105278
1,0.9459295024105278
0,0.05400665253549377
0,0.12515125232957042
1,0.7550175147882722
1,0.9541598383557416
0,0.026785217969162497
0,0.021654437193462057
0,0.022871544855281582
0,0.06780857313655039
1,0.920431140451249
0,0.574546376265206
1,0.8451198812967474
1,0.960487936182882
1,0.8011031754161075
1,0.7687892918463061
0,0.21438335151277696
0,0.10143021528849247
1,0.9173465291743763
0,0.1167462651933209
1,0.8687436499147532
0,0.06456823519661822
1,0.48958450307516077
0,0.1749580452259353
0,0.10290985031056621
0,0.2519782104438575
0,0.2753286527317188
1,0.6120812508600909
1,0.9476638956695851
0,0.07018554286147351
1,0.8553086732712738
1,0.9381018961104785
0,0.11543262446690714
0,0.12116713485869024
0,0.18816678400751613
0,0.12197255782001189
0,0.19290643168641303
1,0.9651384667991447
1,0.9651384667991447
1,0.9651384667991447
0,0.20651953750593902
0,0.05424438683444882
0,0.037752396815694915
1,0.761942183887236
0,0.23590263445094622
0,0.16416950881093728
0,0.09744404200527852
1,0.789968505445369
1,0.8468747110941405
1,0.9340482424339696
1,0.4344910574344557
1,0.9452505498288359
1,0.8052383470189799
0,0.2952548532596732
1,0.6576879532922747
0,0.3386362866461295
1,0.9208924120130492
0,0.02545562281359292
0,0.018241194117999605
1,0.9105067994635961
1,0.9079921001228567
1,0.7136053572787868
1,0.520432594567813
1,0.9857398885624491
0,0.10517440527530321
0,0.24398058197243555
0,0.09642172568880222
0,0.13969292029607114
1,0.44928555704991674
0,0.15265575733047984
1,0.9628547000620902
0,0.05256262077872396
0,0.0653254537519226
0,0.06942373817615757
0,0.14730954578196978
0,0.1620963849580871
0,0.09807150380230897
0,0.42025671589460156
0,0.09090621613948982
0,0.12768074704413876
0,0.3721105171004926
1,0.9147493755418659
1,0.992753538678945
1,0.9909478424516078
1,0.9909478424516078
1,0.9868016075993578
1,0.9905323742119707
1,0.9905323742119707
0,0.014891283343538635
1,0.8247221924719698
1,0.8590018587326785
0,0.14559521841971154
0,0.278508450877388
1,0.9094702332443536
1,0.8925557376746571
0,0.07343113319176053
1,0.8887505646586988
1,0.9463772744919721
1,0.9298154949804285
1,0.891018962491318
0,0.17041954715102303
0,0.19541870999333275
0,0.09431370116880781
0,0.023225872154625838
0,0.011626132789565763
0,0.016921740281055545
0,0.016227620044448575
0,0.0266577472299812
0,0.10663221067929798
1,0.9132469246816559
1,0.9837281042195641
1,0.9837281042195641
0,0.30307408808946346
1,0.94800159839783
1,0.7767332905997077
0,0.13833783743495454
0,0.060689796032543444
0,0.05227109578422449
0,0.07855396587649521
0,0.023206407893967003
0,0.03486258079271135
1,0.9445725518237198
0,0.2552299493404994
1,0.9299766888893373
0,0.10320035724545602
1,0.7502936633435893
1,0.9597511627932388
1,0.9497097523293229
1,0.9371034145408158
1,0.9615259420652786
1,0.9534430989157543
1,0.7416592385040622
0,0.10500096597535322
0,0.09977550879318016
1,0.6584971849018195
1,0.5160549126873056
1,0.34953211185016625
0,0.2239284198570202
0,0.21229927339314245
0,0.17252264180749385
0,0.25328625134833294
0,0.1581813708336039
0,0.18931993935811017
0,0.10499669330858233
0,0.10106952228699123
1,0.5641031712747437
0,0.11328785826284417
0,0.11626653532665346
1,0.7306741839657381
0,0.08551006920589964
0,0.026445617976548978
0,0.01959168298679203
1,0.7993878268408335
1,0.9594578452510065
1,0.9660533022742551
1,0.9813009913608849
1,0.7645843260722949
1,0.7906219984671283
1,0.9385817818666113
1,0.7651003127674078
0,0.06013528609224844
0,0.08660038193634677
0,0.2640907398430484
0,0.07542278898314475
0,0.08917008026268453
0,0.2040916257583179
1,0.9371678101807008
0,0.1084687036381841
1,0.9472471953432611
0,0.029726738499030448
0,0.03901164044011861
0,0.06753580816602552
1,0.9790527085896443
0,0.098818477919203
1,0.7007182428085702
1,0.9008089464877066
0,0.13543915241017457
0,0.12387557703710203
1,0.8074712843371291
1,0.31401431471418384
0,0.12090223066380065
0,0.04595338376599133
0,0.2356431271617307
0,0.09135412814867648
0,0.17224460527054006
1,0.9303475329415355
1,0.7037817346235257
1,0.8101386775883874
1,0.9696775483764076
1,0.9445312902561367
1,0.932449932752162
1,0.948302114381133
1,0.812927753479095
1,0.9521165158264308
0,0.10185211072590382
1,0.9086462525126029
1,0.8877242740559518
1,0.8851345892757387
1,0.959367813825069
1,0.954965390606977
1,0.96636283806635
1,0.9201563205196075
1,0.9777105731856449
1,0.9878977857799461
1,0.9872826231210987
1,0.9747966646404821
1,0.9793541482620748
1,0.9817742369553218
1,0.9683019830870749
1,0.9872826231210987
1,0.9868525759502642
1,0.9879527282560897
1,0.9754480597851548
1,0.976760614017428
1,0.9763187621594649
1,0.974748683623883
1,0.9878977857799461
1,0.9111807771944572
1,0.8495658892483785
0,0.18972531816188737
0,0.3724812449499349
0,0.6052344475276981
0,0.2105908636467633
1,0.6518615111792647
1,0.8933988192643915
1,0.8836337319265265
1,0.8907219211240228
0,0.7140350604983745
1,0.9016478187074491
0,0.1276514860956628
1,0.8288713123132182
1,0.8288713123132182
0,0.4001189036942289
0,0.2765909353872306
0,0.36076761546619845
1,0.8861161419951289
1,0.9916359589368139
1,0.9832024323613477
0,0.1944878564958823
1,0.5638439305672185
0,0.2277609531285994
0,0.030444120532783062
0,0.07019685474345687
0,0.04603834980416953
0,0.032697916917442504
0,0.04209319721753297
0,0.10020303049762007
0,0.17733294328580007
1,0.9517576234387124
0,0.17699213064825695
0,0.03874722811465747
1,0.8798306245745785
0,0.33798084184305677
0,0.1564533581238837
1,0.902324741981252
1,0.8989084768376302
0,0.11225396880699386
0,0.18427944130290985
0,0.07596862315554907
0,0.059648904968785534
1,0.825482031996592
0,0.06575388015412083
0,0.07339220106860896
1,0.8847581716698899
0,0.0396031170057285
0,0.12406565003405384
0,0.06262380242710672
0,0.041779341808811266
0,0.08253635007215088
0,0.05140104497408577
0,0.0955143455696254
0,0.039583504123754915
0,0.07716768467611934
0,0.08636595463703142
0,0.1248879710060771
0,0.0935382523130536
0,0.20636547780467737
0,0.18209908498826294
0,0.07357205424223896
1,0.9069105459998158
1,0.9550094576053462
1,0.8361517228453329
1,0.7996121293718994
1,0.8368151486647462
0,0.07532473172423884
0,0.07632790012652799
1,0.8283414344266573
1,0.5870128669265156
1,0.7362147685150482
1,0.7391318290847918
1,0.9538131954140266
0,0.09612601613503807
1,0.8904003981874957
0,0.1678746683753397
1,0.9697651440099609
0,0.09362262856327538
1,0.945820590427709
0,0.10752910897844635
1,0.9042649888126386
1,0.866583074729575
1,0.7854181647144103
0,0.12895598177559098
1,0.5935554931004666
0,0.4298054119443859
0,0.06458948266590192
0,0.06828966518847347
0,0.06636904830214856
0,0.06636904830214856
0,0.12586879706727142
1,0.7894019138146228
1,0.8332672030052026
1,0.8706591769142673
1,0.8660841168683827
1,0.8902270889414307
0,0.012630096082247811
0,0.05701918302923033
1,0.7971639404735883
1,0.7983463948696037
1,0.7969567870011477
1,0.8513571734472525
1,0.8717060184872508
1,0.6267582897615569
1,0.7850971653320424
1,0.8847637718083678
0,0.04160409813697592
1,0.6673533752311126
1,0.9399861081109433
1,0.9462267773637555
1,0.9175406278178972
0,0.05069606785188139
0,0.039684815224777834
0,0.2823094330569083
1,0.5508786829330369
0,0.04860458531071048
1,0.8607071119265145
0,0.08472107116887288
1,0.8856069300108751
0,0.2862369491534444
0,0.0909563636954717
1,0.6550827865075072
0,0.10171595650205593
0,0.04415608347369078
1,0.8373006936753742
1,0.6527391310115576
1,0.6664921677222095
1,0.6664921677222095
1,0.868839353642291
1,0.924749241247816
1,0.90374956129885
1,0.9016665682505473
1,0.9016665682505473
0,0.16440802531688617
1,0.9147356323819323
1,0.8581032588394986
0,0.16665446973778034
0,0.1662980947357102
0,0.09165511318152143
1,0.8068820864149354
1,0.6216928273446977
1,0.8728367980478764
0,0.08152267483225069
1,0.9218938892191464
1,0.9270674396066438
1,0.8426656722443637
0,0.29319411680096297
0,0.1387161454379875
0,0.05629713100038776
0,0.125461748928667
1,0.45277270713771767
1,0.9405142285749212
0,0.04714108001166995
1,0.8752645094516378
0,0.12719283958318306
1,0.9534782861897798
1,0.9265307920682831
1,0.9069737432272708
1,0.9444733923715403
0,0.3264281329005777
1,0.7663709261916783
1,0.7685564767797742
1,0.8210443258257417
0,0.1834595827062936
1,0.9840164361138077
0,0.10491238854346352
0,0.21420148125310384
1,0.751942073578531
0,0.12571765560149012
1,0.8742700287209468
1,0.5249492717610195
0,0.07150028114849633
0,0.10780083429432116
0,0.06600962245897464
0,0.03662062672537903
0,0.10798583260923691
1,0.8500175098974501
0,0.11011965839313849
0,0.1353443348207989
1,0.8106824073314151
0,0.14974775409211752
0,0.19885354119995424
1,0.8742815383577921
1,0.8682723938521739
1,0.9071596315674865
1,0.9071596315674865
0,0.4096178400638844
0,0.06010261782600968
0,0.030852934839363945
0,0.02294831805901922
0,0.10589935277309687
1,0.8701262767697918
0,0.18440676294644973
0,0.22044289582658042
0,0.15299916822626142
0,0.25870180474828575
1,0.9384348190945199
0,0.10333965928390913
1,0.8482326761480355
0,0.044850237407132225
0,0.517885692904478
0,0.517885692904478
1,0.6945398102437494
1,0.7789428839355077
1,0.8366792617018506
1,0.82254861855821
0,0.1494796211282327
0,0.10236074392735989
0,0.11361450926681645
0,0.1205690229465272
0,0.12082310930586118
0,0.11265234344830032
0,0.13452591311274617
0,0.16730097760309529
0,0.14849502152165392
0,0.10673286204142382
0,0.1348666694547963
0,0.1068576555323459
0,0.13390817101370156
0,0.11659526776518755
1,0.2285823983157445
1,0.13452591311274617
1,0.5625306609900216
0,0.047399951260607386
1,0.947313321844311
1,0.8420094804127268
0,0.2264201489734619
1,0.8883465230697788
1,0.8095144313258034
0,0.3929263570689949
0,0.2316874222906502
0,0.1988417879459309
0,0.12808426795528813
0,0.02977983463011308
1,0.7886988703587585
0,0.06640297414589844
1,0.8543461060781484
1,0.8743173990794946
0,0.18177177576334966
0,0.05344855690217977
0,0.04105805553553315
1,0.9333035782734403
1,0.8708068123429659
0,0.02521606221377387
0,0.10757600839381373
1,0.7483760720231067
1,0.6644270855118739
1,0.8912554805582869
1,0.8256679455523974
1,0.8539521431017134
1,0.8802038676968058
1,0.7705228594245699
0,0.10659346921022614
0,0.25806787029055567
0,0.06470285012355878
0,0.0871225303899969
0,0.08969033628165542
0,0.1629326775088248
0,0.055842641193595735
0,0.08461642694066673
0,0.13673787967838302
0,0.11193490243009527
1,0.8786441544771069
0,0.22836726349198652
0,0.055032720162410176
1,0.8929868518482359
0,0.22730309400310575
0,0.16843239188374734
1,0.8044283372153969
0,0.16884390351646023
0,0.1436078696251166
0,0.11065702771438686
0,0.07093159301544613
0,0.0848026096717481
0,0.08583378455513017
0,0.09374486468341006
0,0.026331086993026453
0,0.028067601169246933
0,0.027184092761520392
0,0.11800495513448106
0,0.28412095507639673
0,0.0985294842102984
0,0.08066029904408006
0,0.19709130673898603
0,0.17016210228160122
1,0.6515178410072381
0,0.09688910057479834
1,0.8048858308419424
0,0.01922850177310899
0,0.04275886440946626
0,0.02532575803689877
0,0.020024602207553723
1,0.9861351187940258
1,0.9869712579631703
1,0.9866870299553202
1,0.9818670577670164
1,0.9869424051359627
1,0.9811336005980335
1,0.9876711121013245
1,0.9875947120475171
1,0.989679870046001
1,0.9780841467303674
1,0.986955302167271
1,0.9703641052006565
1,0.9857429841931903
1,0.8630257950714902
0,0.17954441674232435
0,0.10300593752225934
0,0.15973822920822342
0,0.19878426696691628
0,0.01232478233092591
0,0.036721320696246076
1,0.8793715646787318
1,0.9221348628083547
1,0.9354680184752492
0,0.1933988365438228
0,0.1004842801065739
1,0.7120195798907585
1,0.7949577558259247
1,0.8044483813985871
0,0.19401614058811842
0,0.08131095151605831
0,0.07175075086948286
0,0.15541998878984864
1,0.8891503828600793
0,0.4085001640299746
0,0.46518321498811893
0,0.0826950307695709
0,0.01465990147765428
0,0.05440985925123765
1,0.9131762653781581
0,0.20263941085472617
1,0.8704706010387808
0,0.26186383299983845
1,0.9039115541678532
1,0.9490619767107582
1,0.9533021139424088
0,0.4013179360074532
1,0.9169263326833168
1,0.929627722001563
1,0.9778464773095293
1,0.9593443380830692
1,0.9760514174211368
1,0.9645578948464703
1,0.9380993674779022
1,0.9770741946207535
1,0.5143070467566366
1,0.8077736402341192
0,0.06535419077936605
0,0.05768574463674145
1,0.7803120308785376
1,0.953463369677581
1,0.9724935526308607
1,0.9586261612421135
1,0.4402065888318792
1,0.9208088039576656
0,0.04328945664409419
1,0.8311893825971047
0,0.038654551625809455
0,0.1603475272457595
0,0.11732631080017139
1,0.980581028804037
1,0.9666811307397933
1,0.975196757244762
0,0.17020184902754013
0,0.15883418125981308
0,0.03885862578948357
0,0.08209955226328387
1,0.9117637122436384
1,0.9543499982291638
1,0.9453491460596969
1,0.8805588830587276
0,0.04417087336950759
0,0.0416443852831124
0,0.08108204516691786
0,0.1003379470810627
0,0.008094110819868786
1,0.7273148658489573
1,0.7596450294433885
0,0.22496181283131958
1,0.9825333960859368
1,0.9235944547178653
1,0.8999034801046997
1,0.8433478906411999
1,0.8300910416646444
0,0.14008283119164466
1,0.9453485754657979
1,0.9354051308606958
1,0.9321716341368865
0,0.15195286192370902
1,0.9101615024721476
0,0.17175225601949068
0,0.040816460823643264
0,0.0266231273616891
0,0.03120290281969345
1,0.8749746098825983
0,0.6445874881560513
0,0.14640576930692428
1,0.7924310144444373
0,0.05171276537610476
0,0.08446805644282798
0,0.03540000003563038
0,0.02344163634513365
0,0.060603679174284726
0,0.030225577807304834
1,0.795731956743838
0,0.2068784440335705
0,0.012390953192468301
0,0.013647549066475924
0,0.011977045070014883
1,0.9762365278859153
1,0.9697720490008575
0,0.17765181100554164
0,0.017655802936263624
1,0.7752629199775185
0,0.27252298395593894
0,0.13854192415269298
0,0.11183341623979998
0,0.20264341045017328
1,0.6167162571847198
1,0.721667067074505
0,0.25401942978140785
1,0.7302395651553318
0,0.13227510202297083
0,0.1381179053810079
1,0.9609761267728092
0,0.09077650869609198
1,0.6554598030231471
0,0.03388258426904419
0,0.05847566339626412
0,0.031194757036450707
0,0.018485533127370606
0,0.18331369812533438
0,0.027207357452560834
0,0.25996994035711257
0,0.10993040391504558
0,0.2223240159756698
1,0.9216306276295073
1,0.9469619458083365
0,0.1979188042798045
0,0.10112907071546856
1,0.6838616256117948
0,0.16987119171657802
0,0.025023481514728666
0,0.05669273504387653
1,0.8286007945988996
0,0.10130801556837377
1,0.9376825305671679
1,0.9479355526850615
1,0.9208095916751867
1,0.9515959801063828
1,0.9638138548938836
1,0.9534592758109055
1,0.8138008897965034
0,0.0970953357250859
0,0.12599100322080084
0,0.19033620474580806
0,0.16833871145352883
0,0.1442038472372954
0,0.052627857509465546
0,0.034052423502830484
1,0.5562568098492086
0,0.08310490987445257
0,0.1159150441702162
0,0.09088717235816604
1,0.8788316476496989
1,0.614832970160009
1,0.913084657588242
1,0.9567206675336446
0,0.23978745495004128
0,0.3014409635015444
0,0.45695141745150486
0,0.08966185560498106
0,0.08457155791621546
0,0.16656682012873317
0,0.14198338253701662
1,0.9610391222813184
0,0.0722253077760299
0,0.06698511081295842
1,0.9638776307458058
0,0.03929321925124313
0,0.052822262183461116
0,0.0656293180725804
1,0.9395236892331199
1,0.47288066130308365
0,0.11230046965617566
0,0.051149602526084886
1,0.758627134770085
1,0.5901157712677555
0,0.0981962557543998
1,0.8921362589899446
1,0.6140533668579472
0,0.009783472596904591
0,0.10890082848810317
1,0.9099259391513843
0,0.09380996350273106
1,0.8904343660774521
1,0.9171204653419974
1,0.9062591956583981
1,0.9057322459599377
1,0.9858587033338145
1,0.9891330170565561
1,0.987138805959474
1,0.9876899842995392
1,0.9740126932207703
1,0.9886680137412924
1,0.9841800986916467
1,0.981518564254427
1,0.9891902078701784
1,0.9867517814884574
1,0.9588029850043684
1,0.9750351973504799
1,0.9893306445995271
1,0.9808183119393612
1,0.9805119795199
1,0.9894686276935433
1,0.9847244574048735
1,0.9833769883495601
1,0.9893320149037917
1,0.9898270302680237
1,0.9783359715864585
1,0.4993458361342384
1,0.7882848636280475
1,0.9593888425942202
0,0.19703406010282495
1,0.9778108070499686
1,0.9684674369143302
1,0.8340637747536466
0,0.10090706847412276
0,0.14453715867858605
0,0.12136771899577643
0,0.06413120972634677
0,0.08189628551376678
0,0.027129896325420913
0,0.6941268530985556
1,0.794556580431802
1,0.8698995562878272
0,0.794556580431802
1,0.794556580431802
1,0.8698995562878272
1,0.8185615295584404
1,0.8537247013114203
1,0.8537247013114203
0,0.04657789040043567
1,0.89848293026899
1,0.663411425471285
1,0.6241956941123024
0,0.14341308148320023
1,0.850596401073972
0,0.030151305339187653
1,0.7768535830385774
0,0.06754904273674374
1,0.8654956184724938
1,0.8340110627519414
0,0.15464887943281166
1,0.6901037600087583
1,0.8255201074078279
0,0.13113320958935779
1,0.7869573144917043
0,0.060802640368390164
0,0.09585036012800402
1,0.8787805067047129
0,0.06302215153588998
1,0.9591575893146181
0,0.13899845060098462
0,0.11032878567096861
0,0.051298072946181085
1,0.4373923412623267
0,0.16007004450613038
0,0.362382761932559
1,0.827967689393765
1,0.9892045452878637
1,0.9086271685950623
0,0.12209407012050434
0,0.0915595153747811
0,0.08330030571799445
1,0.8950391060191595
0,0.14644870251268877
1,0.8940776209665939
1,0.8332686877358749
0,0.10943507471940364
0,0.09079306199200547
1,0.788989575535546
1,0.9131093786763265
0,0.027082919390802557
0,0.1491955098366982
0,0.1364573108632554
0,0.2128627501271007
1,0.6334032839113769
1,0.7395947417332731
1,0.9375292998935885
0,0.09753541249776844
1,0.9478622195268921
1,0.954075668526133
0,0.08680007058216505
1,0.8749457701420436
1,0.8138188020923184
0,0.04542029191425453
1,0.976316311160787
0,0.08410443343219831
0,0.22790623276450384
1,0.6836092243597618
0,0.08862711349978673
0,0.1912638333490931
1,0.851508593088405
0,0.22788062704391618
1,0.6854425201653428
1,0.721350192170501
0,0.5576472843612635
0,0.47658787095622357
1,0.5903344286925993
0,0.2942965077727381
0,0.33921325843392486
1,0.47162545845746423
1,0.4305157818796201
0,0.427217632568505
0,0.47503159049821836
1,0.47503159049821836
0,0.3790721919313676
1,0.6917344920783046
0,0.19026044582751092
0,0.7141601236130595
1,0.5869882866904389
1,0.6262140581215584
0,0.01489871361626713
0,0.019798713721672936
1,0.6403541149700607
1,0.8171344845224356
0,0.37234058320223073
0,0.2806987828112376
0,0.2352774332634484
1,0.7492709283630058
0,0.1640499704804288
1,0.822584768518219
1,0.9414031137290614
1,0.8877625117321981
1,0.95479783373851
0,0.020011259258158248
1,0.80537559715373
1,0.8645103929739095
1,0.9256592052838878
0,0.09682349751816265
0,0.035757031379841084
0,0.40611063437327904
0,0.10639104424990055
0,0.009046888066890562
0,0.017634172482935567
0,0.005977240868820749
0,0.008113379436221266
1,0.8872072022854954
1,0.8756215418895045
0,0.4498221990222509
0,0.19787775427097412
1,0.9735750111475207
1,0.9822800731215119
1,0.728840872290266
1,0.8437113697051464
1,0.7862345186662518
0,0.07651004966404823
0,0.08726872998777979
0,0.06802559916018514
0,0.05767956111739151
0,0.0888211149114224
1,0.9529827675458036
1,0.9623744671016478
1,0.9661570566213913
1,0.9624302420119385
1,0.9590621933665713
1,0.9516028712844149
1,0.9680859005906582
1,0.971043683066894
1,0.9516982845670672
1,0.9434014623891425
0,0.1136648374732124
1,0.9218283241604515
0,0.07909669650233637
1,0.3880185616564149
0,0.1339200941897634
1,0.9542434160789074
1,0.7577448843446238
0,0.08403091087886619
1,0.8722266395993262
1,0.7895473526760033
0,0.15649459690421277
1,0.883165594136193
0,0.16917961450718777
0,0.16923169284485856
1,0.8900494490901183
0,0.10457861706913475
0,0.06333234186002694
0,0.11470276924596295
0,0.09008440179724604
1,0.9265216267839887
0,0.1930861645460653
1,0.9404285036137069
1,0.8944758952570374
1,0.9624585321605421
1,0.9566477828546595
1,0.8273769348080272
1,0.8273769348080272
0,0.40694796871933475
0,0.329191220689175
0,0.10492731032736842
0,0.06698118323007324
0,0.2156410061564327
0,0.12534427111869179
0,0.049482582912583215
0,0.03242138722654901
1,0.9712100872860748
1,0.9712100872860748
1,0.9712100872860748
1,0.9712100872860748
1,0.9100010530904636
1,0.8037286106894638
1,0.9297789759262439
0,0.3375388883677057
1,0.9431839658883175
0,0.10629006859115059
0,0.16431430550993964
0,0.02435159753840725
1,0.4502691636419692
1,0.8722311392801023
0,0.06581920453291339
1,0.800523584548162
1,0.8244712113443403
0,0.1413234662732428
0,0.0468311191709718
0,0.13263209684995653
1,0.561685841618495
0,0.07350563339987569
0,0.03700486683928378
0,0.04545842999311652
1,0.7630289653553094
1,0.9673841809736623
1,0.9804686621781349
1,0.9792531913769811
1,0.9084167144899321
1,0.98066995706666
1,0.9744300007197384
1,0.984136397913927
1,0.9820575857872038
1,0.9687440971030695
1,0.9725282050750006
1,0.7926976593042394
1,0.9778224876848156
1,0.9778224876848156
1,0.9879621865368571
1,0.9699239657374096
1,0.9871707950398325
1,0.9803831015082746
1,0.9467444457092652
0,0.045918818220655064
0,0.04635433448589517
0,0.09030627332621263
0,0.08986243662846612
0,0.15302354112048788
1,0.8304838211280104
1,0.9487588461196779
1,0.9479795340693723
1,0.9399122479711958
0,0.02177060110286745
1,0.7334457255521863
1,0.9278429522035425
1,0.9095472549904684
1,0.9234354702933131
0,0.14151102975053775
0,0.16932822664224573
0,0.30563234284551893
1,0.7239430122908369
0,0.4843211131981225
0,0.31694529627910306
1,0.9777097236323271
1,0.9183279333308877
1,0.8085585252824048
1,0.9915905533844201
1,0.989382809508699
1,0.9916359589368139
0,0.08053315257247119
0,0.24346319957424215
0,0.17366344755756907
1,0.9775255644565262
0,0.1269676409009753
0,0.1871098914567899
0,0.31126993534425623
1,0.8826241084954839
0,0.04530861038576829
0,0.05677434266791966
0,0.05417413825111572
1,0.8510014470585413
0,0.19839060919458695
1,0.9382870188870571
0,0.4661985259618425
1,0.8161416448681885
1,0.9695370356804579
0,0.07194828977806125
0,0.0589241884683873
0,0.15344423436882287
0,0.04510954132841875
0,0.049793254782023455
0,0.05485547927875395
0,0.4007301585013904
1,0.8651023628502853
0,0.13308409011135514
0,0.14837990863947415
1,0.8568298158552377
0,0.1986016168335591
0,0.06953201518739442
0,0.06238984360620694
0,0.21625679494798752
1,0.539189398063864
1,0.9570112810027043
1,0.9601777860509807
0,0.12938745026305112
0,0.10890641657105718
0,0.09868830401972158
0,0.07029979226909884
0,0.07290484849120953
0,0.05398980604902557
0,0.11552423754202322
0,0.10477308737776755
1,0.8094467766453052
1,0.8442673043014739
0,0.2698388486446978
0,0.0797257913512566
1,0.923506636818221
1,0.7233968297116011
0,0.22051297639596254
0,0.08159524017100513
0,0.10352461017200855
0,0.0689705389239675
0,0.0790602214789254
1,0.6321119609362996
1,0.9847757739817127
0,0.07562314158191757
0,0.140535837927543
0,0.15336130428250982
0,0.02730541389234809
1,0.920583937154079
1,0.920583937154079
1,0.8535844024998466
1,0.7789745074052797
1,0.9404243861698679
0,0.1300713429177502
0,0.32897366906255904
0,0.33972610575725726
0,0.3129329143416268
0,0.335481938027811
0,0.3104376999271692
0,0.3073857842435402
1,0.340061016233933
1,0.5734202324899293
0,0.21008197101119297
1,0.8927940903363268
1,0.7206637665388175
0,0.3122765713758683
1,0.8953221738302354
0,0.0694323094569545
1,0.9341017392303435
0,0.07636324616137406
0,0.051792194215987346
0,0.0530370224319577
0,0.09546408269638816
0,0.10954122134504952
1,0.6856174974510134
0,0.10297452624066131
1,0.8598351508753894
0,0.09944602155414445
1,0.8849305161593939
1,0.9797357826330706
1,0.8358798715742674
1,0.9708660823657318
1,0.9516383021101372
1,0.9450833835601514
1,0.8899604352736332
1,0.9678144630622898
1,0.9740273253958566
1,0.9031203084625676
1,0.9624131471639402
1,0.9766292119545099
1,0.9121485188277562
1,0.9794768032841973
1,0.9633673863921183
1,0.9096899985553782
1,0.9537026560447401
1,0.9397384602876757
1,0.9756960656781286
0,0.07667719648843378
0,0.03241263337528014
0,0.06664713345614133
0,0.15048252000591164
0,0.019616664586111967
1,0.952280712845507
0,0.14977814845096468
1,0.8770581596313924
1,0.9209008959345213
1,0.9510548937727045
0,0.07496307113476526
0,0.016448276968628005
0,0.1104637057855553
0,0.2992141241278266
1,0.9526228666912387
0,0.1354990046073915
0,0.049350496491369994
0,0.03982226072958481
1,0.8700059816542466
1,0.734183101292652
1,0.5726275480898863
0,0.015124052895094494
1,0.6928811464816103
0,0.05288321524269715
1,0.7367557210980812
1,0.9788127762656446
1,0.8615175596772451
0,0.0399572561051301
1,0.8761197267885779
1,0.9495879454394998
1,0.9694798547364472
0,0.07064244804858413
0,0.22624704564014875
1,0.6726221256053815
0,0.04212448216881566
1,0.9585343555560338
1,0.8807238261527
1,0.8684018955642839
0,0.3892702056475759
0,0.08221940492680586
0,0.07408533899175142
0,0.20523111217480708
0,0.21389138774114594
0,0.05010237838966423
1,0.972605023934023
1,0.8290690133995262
0,0.6275808573381138
1,0.8290690133995262
1,0.8522813671593427
0,0.025562142912091627
0,0.037864161030295995
0,0.15889376684591255
1,0.7160827880575215
0,0.027657319424898134
0,0.07789710972562834
0,0.18908537672997397
0,0.08006927127752685
1,0.9422838651879426
1,0.9423671410618255
1,0.9107464157408041
0,0.6290670914790045
1,0.9030169481050494
1,0.8965956996473694
1,0.9152885598894915
1,0.9379591463683403
1,0.895342505078165
1,0.9296416257997638
1,0.9162052521553621
0,0.19559613868842154
0,0.11682164399380249
0,0.24489977795182788
1,0.982449913832032
1,0.9793473555684746
1,0.9831285920104766
1,0.9783305950667179
1,0.950582372237977
1,0.9476109677071486
1,0.984396261463317
1,0.9861712030311506
1,0.954739701866274
1,0.9890379467659199
1,0.957666372190363
1,0.9543295957700387
1,0.9894070216130746
1,0.9850242613218402
1,0.9858120153146525
1,0.9881651629358609
1,0.9637396765370289
1,0.9503471605802314
1,0.8134153164468821
0,0.0368463138912679
1,0.9654759164192844
0,0.11081031449220047
0,0.2706664321200692
0,0.2042308935188811
0,0.024265464294057956
0,0.013005679504326132
0,0.02206530445785347
0,0.015150395712695844
1,0.6760621234878743
1,0.9854667485194176
0,0.14379576470898645
1,0.9105287733902393
1,0.8570927080075502
1,0.8755338183554381
1,0.8578989297628651
1,0.9477327459489511
1,0.9744743650717036
1,0.9709511201814569
0,0.08115388530851858
1,0.8564667880765371
0,0.3401388796645251
1,0.8522957012807728
1,0.7641345650526016
1,0.9051550622624203
1,0.9705689439075534
0,0.11243472356434264
0,0.08796420680272429
0,0.1263005282214691
0,0.2986096629603469
1,0.9847595325694584
1,0.7839769213010683
0,0.0652673180573837
0,0.16090870922978812
0,0.08404616987185445
1,0.46028906159431154
1,0.9676127590099705
1,0.9710706631762478
0,0.052476210559523305
0,0.09403535108153717
0,0.05061434013233284
1,0.9247671103090571
1,0.925769234402884
0,0.38660116557053165
1,0.9791554752932736
1,0.780952519564746
1,0.9333651329005453
1,0.9215507246664265
0,0.06842001187067556
0,0.1669858279577424
0,0.07332777401378801
0,0.18539225603432416
0,0.23717962359725675
1,0.8345427992635381
1,0.790413885306355
0,0.12648966877318907
1,0.8497016829536116
1,0.8408285574471761
1,0.8701943202273352
0,0.07050346009552462
0,0.10587710449020299
1,0.9330542807197727
1,0.84013757067553
1,0.753706990916252
0,0.02588347745001124
0,0.06237218396538483
0,0.044586302409159465
0,0.1769054400536086
1,0.8739393285584545
1,0.7650730369743278
0,0.39134997040123853
1,0.7415873027738078
1,0.4012534888560735
0,0.02280030446271327
0,0.04355252203344217
0,0.02238152844692637
0,0.08808206853745763
0,0.07440797256931522
1,0.9084978085236574
1,0.6974492885378671
0,0.08872529178130513
0,0.09087751659920786
0,0.015476686589633026
0,0.1800058088477334
1,0.8198876760274009
0,0.027038003442847586
1,0.8622390982838405
1,0.8622390982838405
1,0.8897285357062659
0,0.0700309770818304
0,0.06796480763506058
0,0.024977381097746356
1,0.9270376848369555
0,0.10407205563742665
0,0.27912674765509093
0,0.2592917574976924
1,0.8494357967170479
0,0.047185690662699065
0,0.05882230783595589
0,0.2534928641392006
0,0.06273360844529792
1,0.9663388487681153
1,0.8440265117273095
1,0.9313632303502833
1,0.9620328082823475
1,0.954142751245058
1,0.8211962592420535
0,0.07344844756043532
0,0.06475348797065424
1,0.9564037772653102
0,0.1131071522596766
0,0.23181930022596733
0,0.03888044996256366
1,0.9260395723162012
1,0.689781351147773
0,0.20285085004922618
0,0.04998613735279049
1,0.6519283325493753
1,0.6516816491743787
0,0.38350618692207483
0,0.18110465807764592
1,0.9318246231681491
0,0.17507303473093602
0,0.16685422555900595
0,0.1442070337102653
1,0.8018176850850828
0,0.09535662469497405
0,0.0211094652934249
0,0.23695184878317552
0,0.041341619269791
0,0.08414100851915016
1,0.9187759217970889
1,0.869325722881511
0,0.11007114215788602
0,0.09549870043683496
0,0.09041612783083984
1,0.9447662656437971
1,0.8075808120559944
0,0.03890215829440259
0,0.015453425389038178
0,0.2624768338449018
0,0.036717515171350225
0,0.02756563098938136
0,0.03531032227022143
0,0.10272282369120382
0,0.03655260024602462
0,0.024823371875440123
0,0.09122084105629201
1,0.7814767389182302
1,0.913449509435347
0,0.04600318820090592
1,0.8237047256097355
0,0.15285720396397312
0,0.19393993374539306
0,0.400607964004759
1,0.9451293455553247
1,0.8989056354651127
1,0.9214233322793426
1,0.8691153286750132
1,0.9682779505736894
0,0.12351411503461408
1,0.7166442356346703
1,0.7553696471660853
0,0.04844873497538927
1,0.9688963410889677
0,0.09952645787988694
0,0.1133873451953489
1,0.9659547418869684
1,0.8938406623073926
1,0.9440755614257517
0,0.08561375709907404
0,0.019742935683623866
0,0.057913810463717644
1,0.9666333211809799
1,0.9306663805037115
0,0.660630034332591
0,0.494844627278014
0,0.17693335044464314
0,0.0547526740131317
1,0.5260866321091398
0,0.09390353232866928
0,0.08956565505300722
0,0.17159023496344356
1,0.9215990868379375
0,0.28828745876855427
0,0.07211352241167006
0,0.1744886801390459
0,0.12843753345885595
1,0.6981061370159789
0,0.09616963436536705
0,0.10677433599889884
0,0.13208819936265997
0,0.2878136083127127
0,0.2895186893826312
0,0.06583196541959595
0,0.04838949835482162
1,0.886951130485357
0,0.43882529223162126
0,0.09164111167797692
0,0.10970171265256407
0,0.05743871627994514
0,0.12696769470619163
0,0.2753792110435566
1,0.9244100575348511
0,0.6438368723142038
1,0.9751558053047825
0,0.11450135457774503
0,0.2438019532153264
0,0.036754535280085966
0,0.05321225594632808
1,0.8188073465062253
0,0.089037139157626
1,0.6512006736092136
1,0.9602594623195504
1,0.8499651810164806
1,0.6539238614059311
1,0.5195378757594391
0,0.5026669490110975
0,0.073483268189168
0,0.09720604246436726
0,0.0776647308229135
0,0.07724350224002247
1,0.9113249718174491
0,0.1645617715677268
0,0.024424824441999008
0,0.013759930514056542
0,0.022195356653361628
0,0.011570935921529189
0,0.012544983767118465
0,0.011836068003405635
1,0.9294244098694032
0,0.11164584288128507
1,0.880061928461473
1,0.9002792757391653
0,0.06749764798656581
0,0.2967945286296211
0,0.24087718615092696
0,0.13619763820325154
0,0.05717672992495533
0,0.07778884244904961
0,0.12596150999351152
0,0.24969994671503803
0,0.3916381302718675
1,0.9336179600430663
1,0.94187668870631
1,0.9566981754971765
1,0.9436025912894412
0,0.12907190174496397
1,0.9818557342416434
1,0.5081567341131287
1,0.9725796799943476
1,0.9588601030905016
1,0.9728223325093341
1,0.9484347565125866
0,0.060417024590115484
0,0.06171465498202516
0,0.07912215804296688
1,0.9359732435484299
1,0.9410240164596821
1,0.9621603442961584
0,0.12557349574691457
1,0.5782266130774323
0,0.3291855567232192
1,0.8640689352593208
0,0.0766076229745036
0,0.09866755736397459
0,0.18802035606570333
0,0.15479049988091742
1,0.82429064391392
0,0.07679913607707708
0,0.049589781084033245
1,0.8924537758640195
1,0.8821080418738788
1,0.8933251086887801
1,0.9505624549362339
1,0.5258972380772714
1,0.7195122170278676
1,0.7787568094909737
0,0.10104014202737907
0,0.12498313520817307
0,0.06450838433672046
0,0.1871736110172814
0,0.07994806489621946
0,0.03683012827509165
0,0.053722218394464255
0,0.309206273726365
0,0.007221706916581437
0,0.0246455508030504
0,0.05294982583894153
0,0.024765406971880056
0,0.04417252282944018
1,0.7133628942589435
0,0.07953280947882908
1,0.8495387223537969
1,0.7706486014269495
0,0.3225016789258206
0,0.475857045633389
1,0.9438041392924288
1,0.925826035742412
1,0.9611600087502697
1,0.9627170824604251
1,0.9566082901550965
1,0.9567332971347278
1,0.9566082901550965
1,0.9567064359183105
0,0.07353141322924422
0,0.09498876963007694
1,0.7837890375484429
1,0.5630724357725596
0,0.4304962879454483
0,0.5160366248599537
0,0.03846754580566599
0,0.03846754580566599
1,0.6140540022625042
1,0.8775012435216055
0,0.13206373670381502
0,0.11463168597682598
1,0.7424213091385362
1,0.8971734319188751
1,0.9240838939989776
1,0.9449273592209062
1,0.8038388216677484
0,0.040528437780379054
1,0.9933418730896946
1,0.636272325514023
0,0.03200335211549799
0,0.06658564960586674
0,0.0428777306458213
0,0.33586635347416127
0,0.06456338165151716
1,0.4405978891052931
1,0.5886281460819305
0,0.0815035243715238
0,0.05900187764939663
1,0.9425565961879655
0,0.10436189998178302
1,0.8563798369613207
1,0.7698554750953955
0,0.01080059814896948
0,0.009616816770158878
0,0.08302819669705866
0,0.38284418902858397
0,0.09400791111533817
1,0.9949160691495178
0,0.038615297789159626
0,0.1361047828266839
1,0.8920094293473466
0,0.14236177497967623
0,0.020786144887307123
0,0.09697622472375425
0,0.018841719597169147
1,0.7895032144775412
1,0.9016462481540017
1,0.8835106098253557
1,0.9255818860735561
1,0.9610268696213344
1,0.8488833382554019
1,0.7073412465054928
1,0.6387684234685896
1,0.9987331539996008
1,0.697197836455956
0,0.03858222483106391
0,0.1790117432404864
1,0.7124688312504975
0,0.11217962209083633
0,0.03404694339967227
0,0.04699087591079317
0,0.03192307027894051
0,0.1671923426184706
0,0.10754051089338973
1,0.5338690243190333
1,0.9203037777761465
1,0.947946680999161
1,0.9091931555774955
1,0.9412153652507036
1,0.6899209757132929
0,0.06909307807937852
0,0.12864363218681799
1,0.9489324489149186
1,0.9465115853816761
1,0.9679534697820434
1,0.9681343079557713
1,0.979614977410871
1,0.9619779641101446
1,0.98403042645655
1,0.9662826943525302
1,0.9787172989092672
1,0.9821802522341303
1,0.9538717870095448
1,0.9527413303339538
1,0.9159437314961938
1,0.9747192433347113
1,0.9731582388627812
1,0.9540060201586817
1,0.9864274926905906
1,0.9515167595170024
1,0.9741850126016937
1,0.9808693103283768
1,0.9756890291303688
1,0.9660394145349195
1,0.9841835976703459
1,0.9848049604750935
1,0.9775128156099554
1,0.9763948325145081
1,0.9834325606203634
1,0.9798375604337464
0,0.5101323860340911
1,0.8261780186522515
0,0.06487401201403
1,0.8565690179205513
0,0.07954073578047363
0,0.0845630792515823
1,0.8677899160573251
1,0.851941111574791
1,0.6782967689318307
0,0.3531146488146139
0,0.47517621431870405
0,0.3932270182493926
0,0.7105210622568681
0,0.517826261047506
0,0.2627397377358675
1,0.9191283939272108
1,0.8483803823382537
1,0.7843987812797598
1,0.8553008124547369
1,0.9343260046653571
1,0.8553008124547369
1,0.8553008124547369
1,0.8166552743567262
1,0.8126962601587315
1,0.887048275211311
1,0.9031123838777546
1,0.7944822804611406
1,0.9077287987078527
1,0.914624673842783
1,0.9367259247318938
1,0.8888544161474315
0,0.1042411430572927
0,0.034897537046925636
1,0.9096238859577462
0,0.22630072142359778
1,0.7025078924938104
1,0.7757844596206451
1,0.9685824233798898
0,0.10514168814061778
1,0.8303659820384578
0,0.4121942024359277
0,0.034043023099479784
1,0.8376712777199319
0,0.3379837416228056
0,0.06778279142423356
0,0.37100063839170644
0,0.27683215546834505
0,0.11385602781865109
1,0.5090131517093912
0,0.3575930798683198
0,0.08320498017161805
1,0.8354651936257028
0,0.07370786361587905
1,0.6686329379219994
1,0.9145962338923326
1,0.9410558113276931
1,0.902292933713223
1,0.9227746334169773
1,0.9164436686428178
0,0.10738100654901547
1,0.9285056092300455
1,0.9423243095142049
0,0.11498022990868834
1,0.9447211640368526
1,0.9447211640368526
0,0.21557476563335148
1,0.8330764627717171
1,0.870802012765821
0,0.2742125044638558
0,0.2742125044638558
0,0.2742125044638558
1,0.9897212832559291
1,0.9860275104909311
0,0.12534405340035906
1,0.8297556419451051
0,0.06507693437429525
1,0.8359277023318338
1,0.9317805402162068
0,0.14400910493318828
1,0.9747651313526208
1,0.9740528857631157
1,0.9735849052239777
1,0.9711345846089121
1,0.974698545104413
1,0.9799928941422839
1,0.9783453236631936
1,0.9585625128882255
1,0.9734464579487929
1,0.9772771098289288
1,0.9790514813969076
1,0.9642515724618722
1,0.9770958601714783
1,0.9538151996651146
1,0.979156271121587
1,0.9531598389957712
0,0.13712865109094519
0,0.04938561257036083
1,0.5120740452656724
0,0.11735982232605188
1,0.9696683028784722
0,0.0258239596586319
0,0.028056839608785106
0,0.1529733604324929
1,0.8108540723355094
1,0.7775912760601911
0,0.3875576492778805
1,0.9878113387744397
1,0.9738408569046316
1,0.9803349145955533
1,0.9794536464045824
1,0.9880929745080685
1,0.9872156080635343
1,0.9854023198832524
1,0.9939628556736415
1,0.9870718963923848
1,0.9881351669616275
1,0.9907880690833176
1,0.9875434561942042
1,0.9873229605353812
1,0.991073240403363
1,0.9877256783516842
1,0.988792885026597
1,0.7823488370695973
0,0.2916466709650082
0,0.14147184421035627
1,0.8930562379081358
0,0.10866318543856211
0,0.037787978639295144
0,0.025060614795690796
1,0.5998481383852937
0,0.29170965334244114
0,0.04966201400607423
0,0.036181017941777235
0,0.12623777796796723
1,0.5523466022928841
0,0.2826975641997112
0,0.08945276184426565
0,0.18579737431220952
0,0.06927679803280429
0,0.10465646476464019
0,0.40962913073611606
0,0.12224150396361062
0,0.08490153928577511
0,0.036408300517472784
0,0.03661877685785615
1,0.8844202141120043
0,0.09995334476233464
0,0.12084610455821482
1,0.8901724735429981
0,0.19155309371192744
1,0.9343418659400115
1,0.926515027918817
1,0.9512265520540525
1,0.8337021711247049
1,0.9361078553925083
0,0.05296872159481296
0,0.02579289929723911
1,0.9588692383487948
1,0.951044370848257
1,0.9540511522422965
1,0.9607468107520312
1,0.9193420113988972
1,0.9422282601490392
1,0.93946137419464
1,0.9466168816780824
0,0.05565647334643325
1,0.8511581244341508
0,0.11421265473560843
0,0.23273735332523024
0,0.12348060805247213
0,0.18641384711282638
1,0.8330698279323773
0,0.14668785787069194
0,0.1106330678890911
0,0.12079366219233531
0,0.0915404543873463
0,0.043868006343812015
1,0.8980430019544113
1,0.8167975659645149
1,0.9417572512872905
0,0.19773499631482033
1,0.7630277742476596
0,0.05552273506546091
0,0.12362154629905377
0,0.3344694406284352
0,0.16248147052570247
1,0.847453063838307
1,0.9822072329864922
1,0.8257022117493209
1,0.8421509437478418
1,0.7992194574810123
1,0.8863910134424913
1,0.881204030242383
1,0.8589980958347286
0,0.31204030264993626
0,0.32956835796512884
1,0.8914380436301238
1,0.9615910342011827
1,0.9068147780683101
1,0.7974823629351989
1,0.8399626179245239
0,0.23714448890098558
0,0.02505731532894613
1,0.9608756788869397
0,0.23923524340160968
0,0.060076690320129716
0,0.02331978792782543
0,0.17880666640752457
0,0.12387478126867031
1,0.8975315265413157
0,0.050839696660111566
1,0.9211212327733064
1,0.9259832980965076
1,0.6381061311316257
0,0.0856328715570901
0,0.06172803029879272
1,0.9396558574302143
1,0.7901998145443462
0,0.4312735867202636
0,0.05691576800256723
0,0.056227814738808314
0,0.17261902895054493
0,0.10897909430835456
1,0.6772959929866097
0,0.1681376442968595
0,0.28420226006024296
0,0.09794502516118747
1,0.9601031579576248
0,0.13432022507186223
0,0.020398154495169716
0,0.02564870978152726
1,0.9141057517506973
1,0.8748703223748991
0,0.060066156007485244
0,0.0793444158799026
0,0.07592909576550619
0,0.0802010219758887
1,0.8258981384407662
1,0.7948382421342884
0,0.3053050140338738
1,0.7857372088055694
0,0.3217277366895975
0,0.10051636471491941
0,0.20126464913133288
1,0.9040575022906294
1,0.9083173087119619
1,0.7942699980508192
0,0.13063660033408514
0,0.6780900909828372
0,0.4867420926961275
0,0.5596561962622877
0,0.11328809561201682
0,0.13643084971893674
1,0.8122412637864752
1,0.8481391637339413
1,0.750467003454634
1,0.8472126580369945
1,0.8156484590837889
1,0.8708709667769509
1,0.750467003454634
1,0.907451217282842
1,0.8564057393507144
1,0.7913620312735179
1,0.8162320292758984
0,0.03954355286003062
0,0.2374401031303888
0,0.03700435720939404
0,0.542159838225753
1,0.8845559922269405
1,0.42065861716062813
0,0.08428796720704977
0,0.04732691089516725
0,0.0896217135810347
1,0.7386098605690254
1,0.7858358550205125
0,0.5413556649973357
0,0.17618188721803196
0,0.20564458626294393
1,0.8741894657702904
0,0.1465964554727835
0,0.08328226490886546
0,0.17019220332002533
0,0.1494531873531327
0,0.04994966098976331
1,0.9700874520028271
1,0.9801053490439026
1,0.9737264471045278
1,0.9716659497723006
0,0.09437282486537872
0,0.09203238844101033
0,0.08282312105908322
0,0.037075369220810624
1,0.9482728466344489
1,0.9794605506924839
0,0.03660216184384547
0,0.03150009457156591
0,0.03944741693794816
1,0.8841904479867223
1,0.9319381059885278
1,0.9223660672089085
1,0.9682004867869569
1,0.9175021290247987
0,0.08538712016525202
0,0.08837399400248282
1,0.3228637929032205
0,0.04666115641159581
0,0.2006080104774394
1,0.8027354195559602
0,0.2542052441243437
1,0.8832308130716933
1,0.7530819808490508
1,0.7759304958091261
1,0.8238554134189854
0,0.08311369219862381
1,0.915955530835869
0,0.30353410226359206
0,0.16802158713329374
0,0.15414263522454733
0,0.05995929850984117
1,0.9632954235771527
1,0.9600944161819652
1,0.9741204264587902
1,0.9630963515059533
1,0.975160727676176
1,0.9462069333469315
1,0.9718102225948483
1,0.9549002517581889
1,0.9574307802502
1,0.9691712031418176
1,0.9651737198417811
1,0.9793796494383304
1,0.963892775051788
1,0.9690350281431434
1,0.9749715734770112
1,0.9678925080361862
1,0.9676782790246256
1,0.9663363708252867
1,0.988205905343315
1,0.9890569375473475
1,0.9461464387064734
1,0.9798470373937687
1,0.979174950268745
1,0.9883890337354063
0,0.4839411827878557
0,0.053543859706780154
0,0.03157104830521804
0,0.040206153701617585
0,0.038808914886802874
0,0.041024006899142894
0,0.19125703677807684
0,0.2040275876822987
0,0.18601452948373817
1,0.83389159967031
1,0.8415324526440398
0,0.10014144671198265
0,0.10028115797375822
0,0.12123102699086513
0,0.17282904203780114
0,0.05017633822240012
0,0.05835639457625732
1,0.5058176854443254
1,0.6890551969402741
1,0.5387899472014027
1,0.6546907465206274
0,0.1020245312488089
0,0.04265557467039713
0,0.14625007855891667
0,0.14212144644933614
0,0.14166888806927821
0,0.1562597607730501
0,0.16551160246323754
0,0.1336066098902287
0,0.09690202641144702
0,0.1512248022675033
0,0.16080204920451638
1,0.9579885068978348
1,0.9438713422819501
1,0.9514566492486087
1,0.9726512388519909
0,0.035998711230478916
0,0.052958557912714394
0,0.039849696116859845
0,0.34782581261955914
1,0.8104281792893384
1,0.9096806275732746
0,0.06389305173796146
1,0.8680660712988392
0,0.036399886068094474
0,0.03351431735323855
0,0.3348942365528494
0,0.17561424241711698
1,0.7315783949846487
0,0.0630902223574151
0,0.14893124286024537
1,0.8895929515498286
1,0.8087900867597569
1,0.8043174494018562
0,0.03063501945302604
0,0.03238510774973804
0,0.08604851540586428
1,0.9398894636803585
0,0.010125962515327337
0,0.254607714682767
0,0.05080150923897253
0,0.06602813663514151
1,0.598881465825082
0,0.46745020469058063
0,0.18996999314566795
1,0.8297323674048969
0,0.12194708026702097
0,0.13005680821919044
1,0.6634217420985397
1,0.9643449218760788
1,0.6513482455168
0,0.1937589101373579
1,0.8856596370849814
1,0.9527023539941445
1,0.9256912778610317
1,0.8925841751130398
0,0.19564912738298057
0,0.27163961942028053
1,0.9818580342035271
0,0.04860314347866364
1,0.9384600585973104
0,0.05440598167135296
1,0.9319558987397292
0,0.08283352766647781
0,0.0717174373260611
0,0.07856946406921568
0,0.057635593360885154
0,0.13388365447840217
0,0.20776936637465887
1,0.7950409075809702
1,0.9757766477112243
1,0.9760065827253511
1,0.9635935587450775
1,0.9494595842643327
1,0.9544055612992486
1,0.9403335309851792
1,0.9590600711590496
1,0.9128442917857607
1,0.6750004548679229
1,0.7472754773628597
0,0.11679766800899627
0,0.0397157430700139
1,0.9382735016612964
0,0.13329008752473742
0,0.04385077580560798
0,0.13197930288759546
0,0.2326032440125579
0,0.0942641937160274
0,0.2769413929353684
0,0.37237363950331615
0,0.08966859865619406
0,0.050382524277557364
0,0.0410020670690335
1,0.9731867043442964
1,0.9555375245221095
1,0.9566177775428969
1,0.8856067679964806
0,0.11305657152655407
0,0.18275347911740294
0,0.04206683121426
1,0.8962495132430645
0,0.36399368224124495
0,0.033009089809792676
0,0.23300840731913317
1,0.40605617490576335
0,0.40605617490576335
0,0.0616552647604492
0,0.031500397255496616
0,0.031500397255496616
0,0.03795527903581328
0,0.09646986072168087
0,0.0873711438617328
0,0.04881724578622216
1,0.8861269281112659
0,0.04879756072826761
1,0.6336037858945387
0,0.02865157541996814
0,0.07885053494387764
0,0.024922390032181878
0,0.20388170752078413
0,0.030170430278673565
0,0.1164363316637663
0,0.11192083665749397
1,0.79500301039995
0,0.14074140287261566
0,0.14427973689333132
0,0.025227753572003873
1,0.7188508803357838
1,0.5882943527016394
0,0.07733628801689904
0,0.20208176028776384
0,0.31885675092085763
1,0.9715065326613112
0,0.0988568400863031
1,0.9193678049801453
1,0.9448217717634007
1,0.5928401041897952
1,0.8456950433599131
1,0.9055780118128445
1,0.9246260473928329
1,0.7283443768067255
1,0.9105963385289042
1,0.8118561065604636
0,0.05563577894543588
0,0.0846851790215512
1,0.9383745757329686
0,0.0980621697887217
0,0.04937228794166738
0,0.10241643748013261
0,0.15036939701570223
1,0.9245533925381006
1,0.9058968542883296
1,0.8439435403691706
1,0.9375034117125247
0,0.09044931420849595
0,0.07949792684629463
1,0.9113270105076446
0,0.18530505755269613
1,0.7313802281889031
0,0.06631116388724576
0,0.06981496701232645
0,0.0776270712828402
1,0.854339011223331
0,0.04541244749117146
1,0.9229444876561165
0,0.5225691056388495
0,0.03620801637539014
1,0.898828513165806
0,0.04117698229908916
1,0.9324574734934917
1,0.9967303201337323
0,0.4944103021860108
0,0.022022239726244428
0,0.12377407761820959
1,0.9531379063636917
0,0.2781701295528171
0,0.012297427806766542
0,0.011329535609650613
0,0.011861344141729015
0,0.08184117169033973
0,0.1923362704817975
0,0.1187977202852965
0,0.03826355582357956
0,0.10580793321997081
0,0.179338039237497
0,0.16245412926777575
1,0.7156568671176381
0,0.14764210169848743
0,0.3169439882819861
1,0.5637199563360116
0,0.16265598345476642
0,0.18440735667670605
1,0.9649863901318735
0,0.13798643322884036
0,0.054083276467524595
0,0.01889157999421285
1,0.5893511476504908
0,0.338754526515583
0,0.07675791621344198
0,0.2350928497555098
0,0.24248936929074277
0,0.14955141135671438
0,0.14521475893681612
0,0.16153592647023132
0,0.15691587169502041
0,0.3346449617364974
0,0.1598310783063982
1,0.4612276607211632
1,0.2596477614909928
1,0.9348604227555626
1,0.8007298294702884
1,0.787953764639797
0,0.12410152749129173
0,0.10903187663037914
0,0.07638238490981489
0,0.07603800461216424
0,0.10716796803362708
0,0.06172201975046146
1,0.8486934235883192
1,0.8407458034605351
0,0.15547720580391244
1,0.8558629986097206
0,0.07741452331942475
0,0.03656555985069976
1,0.8978144471599921
0,0.3028914846543669
1,0.9526242643396415
1,0.9442511120217546
1,0.9445943976092078
1,0.7594332139861504
1,0.9844907200384377
0,0.04391043271671348
0,0.07027277983071813
1,0.8534969606533561
1,0.8946640152935066
0,0.3144950334998296
1,0.9494283319587746
0,0.13201608914316248
0,0.19407430422361321
0,0.15670607284678795
1,0.91808335063859
1,0.919625957869458
1,0.9239983498624911
1,0.9410592784005692
0,0.03999478170132888
0,0.02043669203170146
1,0.8667777055047119
1,0.8950052769700078
0,0.10978968248551675
0,0.31467961292985064
0,0.3305720959015317
0,0.11047278567513823
1,0.8469388432253436
0,0.10682297053705296
0,0.09976350442431957
1,0.8511044202639356
0,0.18627542186181048
1,0.550001297773833
1,0.8280534862528703
1,0.8518846036308039
1,0.47152594616930343
0,0.2580186845915126
0,0.13123793218520613
0,0.21103421482820464
0,0.19908746783021114
0,0.15969817155736918
0,0.249442719913267
0,0.28748213480672663
0,0.2840827350428982
0,0.332102820566287
0,0.398385493070983
0,0.20632825188988163
0,0.3221366290208341
0,0.39076759403672756
1,0.7874770766379852
1,0.5681728645517157
1,0.5572078593561726
1,0.7610321930665169
1,0.5090061638344562
0,0.501819801129999
0,0.44724328576158534
1,0.614963424395684
1,0.8189991167539367
1,0.8217705602651632
1,0.712200185786798
1,0.8247291654598322
0,0.02877961624622633
0,0.03467231961621285
1,0.8398143010431665
1,0.9485010917200934
1,0.40669105413502044
0,0.09885784365790108
1,0.9801119866649356
1,0.7768037942791629
0,0.0731196792906438
0,0.035818561159335266
0,0.05064415135649388
1,0.6294482064788733
1,0.8652784155311839
1,0.8555945546652166
0,0.6975198929626006
0,0.13754881370689603
1,0.8634115638127005
1,0.6616672495660073
0,0.1708321449481735
1,0.8609665553331831
1,0.9507280763664983
0,0.1814853294077965
1,0.9504520554715546
1,0.9613789178832087
1,0.8518873827324707
0,0.01861807863560761
1,0.9280733187851072
1,0.6260571939706618
0,0.07903810633817863
1,0.8055618667246254
1,0.8761105067005822
1,0.9183046528493889
0,0.08872746580615679
0,0.07143847246444071
0,0.0996795801621799
0,0.075409834014043
0,0.07894904978534532
0,0.1284469045906894
1,0.2681022722489888
0,0.29615943902101227
0,0.30215904707877245
1,0.9449758495127758
1,0.9296380731496082
1,0.9427535881107107
1,0.8122106053664393
0,0.19414060870506542
1,0.8758023079215268
1,0.7465852934555337
0,0.020144490774301145
1,0.8506218554268898
0,0.022617282113071086
0,0.1743644509317982
0,0.06798853513576954
1,0.7921074900724767
1,0.65489927479165
1,0.9327959966826721
1,0.9286148310386731
0,0.17602864812671992
0,0.13210807756206472
0,0.14416658633224463
0,0.027949109478840335
0,0.05242301637423894
1,0.6884931088711894
1,0.910022542686707
1,0.8909878426918119
0,0.050559375917441966
0,0.05920581681820917
0,0.21082494863602508
1,0.9112432485212592
0,0.1870140523771023
1,0.9400599280458682
0,0.09548178633177434
0,0.10584618274730698
1,0.8788004338690437
0,0.027259600285885796
1,0.8666884023781991
0,0.16997558918293565
0,0.03661930496766728
0,0.033345019229300964
0,0.029096227036723498
0,0.042361097597295255
0,0.021589679943129544
0,0.16592894862439936
1,0.8167607677555012
1,0.8554664553507588
1,0.9812516721458384
1,0.9799367433213363
1,0.9802377630861127
0,0.17619158345488747
0,0.12120395009408669
0,0.05591958788107328
1,0.81002428795917
1,0.81002428795917
1,0.9465631977000791
1,0.7849314156437665
1,0.6913207154074549
0,0.12865480450499728
1,0.9543444016396027
1,0.8617515073790808
0,0.2001830278007394
1,0.9241717010694922
1,0.9241717010694922
1,0.9172792620443442
0,0.14362219720253536
0,0.0834443429437587
0,0.151278417326677
0,0.1505421526761319
0,0.09468457713820524
1,0.8921530857870562
1,0.7840375855527173
1,0.46854881177697427
1,0.9033621336155873
0,0.2666249503320742
0,0.0486528219880444
1,0.8215348337424687
1,0.9532558686029794
0,0.10581786042888812
0,0.09850273991513704
0,0.3068215573554404
0,0.07801237162064716
0,0.31266322237224636
1,0.8790092675685369
1,0.8319273567875222
1,0.8999500645003133
1,0.8005229652897555
1,0.7733807555366619
1,0.8532238568383502
1,0.6795134331292667
0,0.21875664154168808
0,0.21726305461712733
0,0.13476854120438703
0,0.11127030088279641
0,0.08596648191751267
0,0.13050120066595058
0,0.021876230876794613
0,0.1777698062141518
0,0.046919703962253964
0,0.036695941329886426
1,0.8755493939138448
0,0.049748316648738265
1,0.8899614923468936
0,0.11863610991321843
1,0.9321677478288233
1,0.5827797673629376
1,0.6094330310222001
1,0.8389785771388059
0,0.17937651727037235
0,0.2311040707348698
1,0.7146240609415594
1,0.8438496556665085
1,0.9763091264330925
1,0.8088714073330807
0,0.05621903068543454
0,0.02714812766997557
0,0.03857407800466204
1,0.4717537508402233
1,0.9692100911741418
0,0.02094736504217568
1,0.66262453740649
0,0.02616148193878004
1,0.8703719256507929
1,0.9276396037597847
1,0.9367534030145052
1,0.8501110467358095
1,0.826137990869236
0,0.01130231076358721
0,0.10970486927138913
0,0.09176609018531195
0,0.12037336461080973
0,0.31292904575888253
1,0.9076234123083509
0,0.03847002930022096
0,0.31148616588336425
1,0.8345059863391063
0,0.07022516859832133
0,0.15468877881759321
0,0.07966663627885916
0,0.05326822125189411
0,0.059286024220883984
1,0.9405834408917205
0,0.4868517098902385
0,0.4431426650605174
1,0.774353270293189
1,0.8569960037142378
1,0.8773642687768736
1,0.8803609518309103
1,0.9001687426538989
1,0.9036982025800764
1,0.7301673905662202
0,0.0927585546472516
1,0.46908690023356525
0,0.1920169926039282
0,0.10544708861331557
1,0.8143247057966086
0,0.036367888124154736
0,0.10022062543749674
0,0.06317622962509349
0,0.0742215187790687
0,0.5234442422720419
0,0.34590828132211454
0,0.4536947167725765
0,0.3439829974987718
0,0.5496231334127124
1,0.9254868946781928
1,0.7904392218816043
1,0.9461604262254724
1,0.9421838043845265
1,0.8855767868808293
1,0.9306942936248952
1,0.9515527600304127
1,0.9394756694488147
1,0.9262486965673358
1,0.7829465793487643
1,0.914496080779623
1,0.8465130104119439
1,0.9473081226462358
1,0.9307454081367974
1,0.9340681648602165
1,0.9297760237568092
1,0.9247802268614057
1,0.9409320218736036
1,0.9274891254388068
1,0.9789663786322617
0,0.03332557813309699
1,0.9497134407422646
1,0.9591439800830937
1,0.7855643220941538
0,0.1538698181680854
1,0.8407339119309363
0,0.20632284890166622
1,0.9648696061954458
1,0.9306677242684814
0,0.11618471577505302
1,0.8377843085365351
0,0.13151245292831917
0,0.05699166557824938
1,0.9144856400026811
1,0.9084965496629158
0,0.28422788379456587
0,0.12797541444457225
0,0.04969338630382348
0,0.04511780741243459
0,0.22603372779192638
1,0.8908745069238048
1,0.9610310948711178
1,0.9561941351093061
1,0.9530802422230493
1,0.9382034303811504
1,0.8959885863641124
0,0.040245084369889016
0,0.03018640135816158
0,0.043759062737241096
0,0.350938091307838
0,0.09551154068333585
1,0.949696970600531
1,0.8814237625492148
1,0.941471901246449
0,0.00650561570062066
0,0.009810010788159105
0,0.008534157475410298
0,0.008128215444688907
0,0.03721592681004958
1,0.8902715551701191
1,0.9825939069852184
0,0.19417333966329883
1,0.779547761950008
0,0.2045889925314707
1,0.8495059831099852
1,0.9268801342962721
0,0.37180254317675315
1,0.80620462299867
0,0.029934245299436196
0,0.029148156662678556
0,0.21751994073012645
0,0.16583154106678438
1,0.8953636677231953
1,0.8699077671752787
1,0.8769699046537408
0,0.07814466543760837
1,0.8902447028667758
1,0.6607645543718058
0,0.08398908636281167
0,0.02539629381760823
0,0.06698928868745845
0,0.07284126163242093
1,0.9766805586690334
0,0.08797534446136049
1,0.7679108062268797
1,0.7283372229971741
0,0.17626720012277847
0,0.14750400020478052
0,0.1697201546856069
1,0.9544387301576852
1,0.9702693974246277
1,0.9603354184743406
1,0.9596818123141315
1,0.9393733517231324
1,0.9559720234806268
1,0.9560262581703092
1,0.9523066337199446
1,0.9486110117623522
1,0.9025350449551559
1,0.9163328577206493
1,0.9111348462049692
1,0.9056285455197914
0,0.08823322132273871
0,0.17636140703383132
1,0.8730923158423101
1,0.978421885420628
1,0.9552825179106487
1,0.9751442529933082
1,0.9787701862671596
1,0.9747847614933919
1,0.9784619787598473
1,0.9662149674069314
0,0.7117147279447275
1,0.9785587278914437
1,0.9606401353895806
0,0.15568799279828244
1,0.9214539277356966
1,0.9113377268277826
1,0.8708933240674056
1,0.7546273049537883
0,0.17282333285759274
0,0.11620095510868746
0,0.17195820752015895
1,0.8106680798663572
1,0.9556216454960511
1,0.8246800967684657
1,0.859664449422751
0,0.16375748050303648
1,0.6613963992450342
1,0.9134967403404769
1,0.8668500834111003
1,0.9708853492577325
1,0.9653340475473609
0,0.06765670325107838
1,0.4057487053949301
0,0.06584088631955187
0,0.0448151117100937
0,0.029251820569715547
0,0.08624624268506109
0,0.10235275417168908
1,0.9511879703905465
1,0.9480036846880457
1,0.9092761646358514
1,0.938036188181724
0,0.024871027866294946
1,0.7803325517566311
0,0.1025552248362079
0,0.09587104586223612
0,0.14112739368167754
0,0.07558347467259346
1,0.8930534261948198
1,0.8449022262683962
1,0.8192622074883724
0,0.05127566454913845
1,0.785361592633975
1,0.6806445767010897
0,0.08038596339884506
1,0.9106129668247811
1,0.8578620142877592
1,0.7611021779115957
1,0.7474685299380234
1,0.8145368959080537
1,0.896247753765412
0,0.05061528659115635
1,0.859802463522267
1,0.8807377426776408
1,0.8807377426776408
0,0.08163196549272998
0,0.09793059716980182
0,0.15304615458222756
0,0.08232012853624666
0,0.21953270456292812
0,0.071787301973371
0,0.22546082898747935
0,0.36375553515136544
1,0.8411857662291713
1,0.9806574474604914
1,0.9748100180326456
1,0.9800142403180127
1,0.9785334348601237
1,0.9780512481694317
1,0.979743181203524
1,0.9689983311237736
0,0.04969962171748336
0,0.08791609923500915
0,0.08246662659841844
0,0.025078274849376664
1,0.896028207375316
0,0.08589751151231842
0,0.10911947614751571
1,0.9051958846463442
1,0.9152329262873475
1,0.9011068605910009
0,0.1207069607949849
0,0.20092836682290177
0,0.03671587418597011
1,0.9109486849818718
0,0.022868918641467496
1,0.9814945504673278
1,0.6251394931929765
0,0.06652571351918336
0,0.033613635268383624
1,0.9568300901760702
0,0.494048471732266
1,0.9196107307674234
0,0.08094495707924809
1,0.811940476084192
0,0.194189881780256
1,0.8824077124714015
1,0.5970047158261147
1,0.9668158881959452
1,0.9765612047720073
1,0.9635352451509482
1,0.9673541821088304
1,0.979291079736963
1,0.9469011114453105
0,0.18245534303709762
0,0.14575512165984
0,0.11340504866779356
1,0.9042192500906768
1,0.5114213791291823
0,0.3329238630674977
0,0.3329238630674977
1,0.9283202785673813
1,0.9089283779498742
1,0.9030520164177976
1,0.5967939973175151
0,0.12621938623111667
0,0.15282467946666217
0,0.1364573108632554
0,0.05639862767564419
1,0.8862628832170688
1,0.9973748834708115
1,0.9055718580216535
1,0.8528203719239159
1,0.9585664853727849
1,0.9031771930526721
1,0.909486265215782
1,0.9260652095665837
1,0.977553121973886
0,0.06213356889267704
1,0.8888486602431186
1,0.4180923200340146
1,0.9357424984183859
0,0.07320686116358985
0,0.10393995471560719
1,0.9686408856151674
0,0.03572162749294911
0,0.2118902819929481
0,0.10233501935340931
1,0.7482720295405236
0,0.3986547131510969
1,0.9310793555387803
1,0.8413361698197135
1,0.9178213686742263
1,0.9178213686742263
1,0.915089337969591
1,0.7379205177142876
0,0.061610479843103395
1,0.9871334051596176
1,0.9891926558360665
1,0.9928482811327857
1,0.9913782635093262
0,0.07837971169849584
1,0.9162517941052818
0,0.10228516737706912
1,0.8286248685554469
0,0.13845236583633283
0,0.12571100551120357
1,0.900982688079013
1,0.658422556026267
0,0.0866182161425495
0,0.12293816432181981
1,0.7851090206383248
0,0.07895755350735795
0,0.05540474233254501
0,0.09984066146521993
1,0.9212983360530086
0,0.06246382205577986
0,0.060666902980352426
1,0.8584267111023253
0,0.38636980353494627
1,0.8245265517657354
1,0.8243116465030191
1,0.7820017718618978
0,0.005240115307634886
0,0.00590377036415144
0,0.16174571225171294
1,0.9138334126325127
0,0.07224766696048456
1,0.7629939173707355
0,0.17645536993763145
0,0.11921698009210908
0,0.12398106886149542
0,0.05375902365688887
0,0.10770791082219298
0,0.05408837175180179
1,0.8635278671554129
1,0.8030252500477149
0,0.4912766148535257
1,0.9386551760056893
0,0.13918766411306532
0,0.30002305180816474
1,0.9681796940684089
0,0.13908116842547108
0,0.020993129907675767
1,0.7068324855235922
0,0.13846718157615334
1,0.9522359908866836
1,0.9391336783596039
1,0.9520526835329416
1,0.8801286866086023
1,0.7763111940302002
1,0.6374855899624415
0,0.04375491468072969
0,0.10568317007812243
0,0.16818944841597688
0,0.05644580177285727
1,0.9132652740153038
0,0.0722396885150917
0,0.07344200414530058
1,0.537976221316118
0,0.1955823598067686
1,0.9714392337579807
0,0.24431087086886055
0,0.06528661638251976
0,0.08963604571571049
0,0.03145431673414492
1,0.6003668616648821
1,0.9755574912777306
0,0.019370021496637333
0,0.02630367271491746
1,0.6209981390591718
0,0.022193195143717308
0,0.027597602187966936
1,0.9134188598552331
0,0.051257448894331877
1,0.9596884516019869
0,0.6139651101128863
1,0.9276259839070407
1,0.9215761852275548
1,0.9361039469659409
1,0.9347987193756652
1,0.9835434105463301
1,0.8886695889395203
0,0.24611084803509853
0,0.03351035914358728
0,0.1890518797476126
1,0.815494874836023
1,0.665078315537551
1,0.6036235664860863
0,0.06942169261363551
1,0.3409135634688493
0,0.06123035520720183
0,0.10481411182477822
0,0.10351322798847948
0,0.03849243263508774
0,0.12635940194547265
0,0.1494415371388374
0,0.08943393309923092
0,0.09551625005124983
0,0.8204638273608194
0,0.4200439549354012
0,0.4943701665645094
0,0.7491821140160767
0,0.4135013521148878
0,0.886761632751255
1,0.8842346141694201
1,0.886761632751255
1,0.8569299791162382
1,0.7651082671517173
1,0.8823150765968452
1,0.8823150765968452
1,0.5309106974037192
1,0.886761632751255
1,0.8072155951417886
1,0.9017451307690839
1,0.8950379022744668
1,0.886761632751255
1,0.886761632751255
1,0.8277790287911284
1,0.9494372932288115
1,0.846177711476448
1,0.8960600883950779
1,0.880165354239407
1,0.8443305483192576
1,0.8833130835605019
1,0.8476134542471042
1,0.886761632751255
1,0.9521470238523649
1,0.886761632751255
1,0.886761632751255
1,0.9055357057626078
1,0.8953780941227182
1,0.9397636893706165
1,0.8963779213204707
1,0.9228829426712833
1,0.8564039244109695
1,0.7992298681729595
0,0.06170709063865358
0,0.07163013044104764
1,0.9423401912810654
0,0.14033658244049055
0,0.057689227026693435
0,0.10553642072203981
0,0.09850387753687996
1,0.8924024640181636
0,0.023863043990199288
1,0.9634945598948068
1,0.9658628513956463
1,0.9540153078325603
1,0.9543290338519286
0,0.060976131754335534
0,0.1460517265207116
1,0.7380051042086342
1,0.8698355859678899
1,0.8652587658260527
1,0.3972753695317982
1,0.6110045537013101
0,0.053627617800332476
0,0.12762448280484534
0,0.09404530901035066
1,0.739794973918737
0,0.21527802936395213
0,0.06286594112389951
0,0.07001177411052119
1,0.673255217813706
0,0.03560433038486178
0,0.0409264530223075
0,0.04647254128514519
1,0.791694553017365
1,0.8120280271217513
1,0.9062656961523244
1,0.9393643813711606
1,0.9268804432935714
1,0.8959724169925086
1,0.7858593017591968
0,0.09568531814418399
0,0.09701952181025263
0,0.16572335397210525
0,0.0907396526947298
0,0.10602839453502705
1,0.9032299021400738
1,0.9577713043833271
0,0.2182954874274332
0,0.07474810506551792
0,0.17924097989693438
0,0.009962764569545013
1,0.49531822397430436
1,0.9835483624331415
1,0.9714966836548645
1,0.9814306310714365
1,0.9787087825464323
1,0.9844214081681124
1,0.9695368734806866
1,0.9817481067305167
1,0.9841972732201864
1,0.9901865163732412
0,0.14358861719779473
0,0.15756235290662782
0,0.04170358948155316
0,0.04490493921860732
0,0.07017767616655099
0,0.12643932342987058
0,0.011345838274458599
1,0.7706422721102886
0,0.08843203741696315
0,0.018529166169822895
0,0.14012248423020535
0,0.17687915856912273
1,0.8156527420568456
0,0.02533840193696994
0,0.07724965073404579
1,0.9656937769631192
1,0.8516894425711262
0,0.07897017154088617
1,0.9765874532520675
1,0.9778522354293515
1,0.9782195015382584
0,0.040342392919167885
0,0.060285949743162835
0,0.07561867099587985
0,0.12266443795374528
1,0.6781650291040301
1,0.5002629885983992
0,0.13746587365008447
1,0.9814273646403325
1,0.8802581850781197
1,0.9126225580334286
1,0.8970758396892528
1,0.8229096326714949
1,0.7648462225838315
0,0.005364779614187022
1,0.860819281397027
1,0.7349337186426638
1,0.8520561809703575
1,0.9325622214883267
0,0.08290949217457588
1,0.9594226787361219
1,0.9207963715100386
0,0.07967328051052355
1,0.9826377765690948
1,0.8811743527677482
1,0.5695026684482579
1,0.9111437949448036
0,0.05089584203703189
0,0.061237667747089844
0,0.08007482479235778
1,0.7392023982429295
0,0.2516619245253332
0,0.016142860975863437
1,0.88574089080486
1,0.8416093911977479
1,0.8799375705013177
0,0.25769315811213234
0,0.4345394619173732
1,0.9003490836078599
1,0.7240043955333926
1,0.736244161453814
1,0.8553470592646266
0,0.12656544946470458
0,0.2360504717411663
0,0.019862915363811056
1,0.9387992676334103
1,0.8025858028730716
1,0.8892132345473116
1,0.8816773002152434
0,0.1595627235482773
0,0.09548717480943454
0,0.10441027829277406
0,0.24643017183121235
0,0.0852584459586861
0,0.14151765390821805
0,0.40588160064221857
0,0.16200165152718227
0,0.17062221867527208
0,0.13635977891904144
0,0.17610817297552875
0,0.12437848251248472
1,0.65581546903705
0,0.22321943857545645
0,0.6400830288018805
1,0.6839767335636481
1,0.5821777814372976
1,0.5821777814372976
0,0.5661157469663796
1,0.6635577145697926
1,0.6400830288018805
1,0.6361028725211718
0,0.595361529744867
0,0.595361529744867
1,0.595361529744867
1,0.6188782505989503
1,0.6573065118474268
0,0.34068732648146477
0,0.04050742232256216
0,0.028207301753140176
0,0.16811444820309115
0,0.1348443972935214
0,0.11571455267384287
1,0.9151413565223016
1,0.8892124480540239
0,0.07760379106506513
0,0.2416231059099701
0,0.215099555314562
0,0.17500967223225483
0,0.014994377722941179
0,0.022322572403771914
0,0.14828643270178749
0,0.17411629288796168
1,0.761386467246297
0,0.26241821966314155
1,0.7195283940436359
0,0.11411072462646023
1,0.9388420397453677
1,0.9548267781719069
1,0.9411041128183992
1,0.9230720023825697
0,0.009039733230618876
1,0.45089876347249586
0,0.27084855156965554
0,0.21088248949637722
0,0.3241466086272174
0,0.05535265883367673
0,0.21696120795820736
0,0.052654347521378334
0,0.14572031195715443
0,0.13087996565517496
0,0.14396127362617156
0,0.2212191954866524
1,0.9138297561745213
1,0.93717062430442
1,0.914588502136514
1,0.9086034158881536
1,0.9088971183377306
0,0.09444960174558163
1,0.971684482645574
0,0.06528966537777389
1,0.9962059208968795
1,0.9974494180194787
1,0.99621289324093
1,0.9975850902031693
1,0.9907711270387497
1,0.993823372069075
1,0.9977967876081003
1,0.9972785313179531
1,0.9921831781409921
1,0.9954647322978687
1,0.7488058583108506
0,0.4485060004097035
0,0.2904137830683496
0,0.29130086350107376
1,0.8216948990991257
0,0.06358935070032791
0,0.12879148220220968
1,0.7123325367935406
1,0.8577534526664591
1,0.8212886286091308
1,0.6908246739609827
0,0.2594145269073509
1,0.8048428704532147
0,0.18111424525699688
0,0.09437968014950449
1,0.9233402210367456
1,0.9233402210367456
1,0.7026852625030724
0,0.0921501585266161
1,0.8202558389085548
0,0.21537552060402512
0,0.09729938522865335
0,0.18366356507157444
0,0.120033026745689
0,0.11478788605587784
0,0.10475807038390586
1,0.9009297371493512
1,0.7923961641758394
0,0.04780135148206077
0,0.02416553171739313
0,0.02034869683801192
0,0.023179862275748368
1,0.9106090689960987
1,0.9252807653060476
0,0.23934856056192583
0,0.04773981971625099
0,0.3167707975493461
0,0.2737972958996153
0,0.12438693818697916
0,0.06502646433762113
0,0.18528623840954514
1,0.8769311317054147
1,0.9397464213614448
1,0.8877831602810649
1,0.8902140477889308
1,0.8627140071824808
1,0.9621901783057365
1,0.9967003550969081
1,0.9653519635752191
1,0.9670908419103815
0,0.03644621247762591
0,0.05626884661917728
0,0.1711413887615735
0,0.08777099647208143
0,0.1013847188232214
0,0.04363036948717448
0,0.042447586147411356
0,0.045954621131305676
0,0.04035596229366742
0,0.14104934983775397
0,0.23574976002063447
1,0.8529535675571609
0,0.06637672165120635
0,0.08939239956142302
0,0.06999096457074162
1,0.8738710394614202
0,0.048662996170076925
1,0.8785863172773333
1,0.881642151399354
1,0.39437875698178204
1,0.7143232889595837
1,0.8825809231955276
1,0.8354914135341293
1,0.8744321114299483
1,0.9168690552299463
1,0.873437236939243
1,0.8833174764355181
1,0.7652787915835008
1,0.6681817754599425
1,0.344436973337546
0,0.24524671741970294
0,0.10888252653441259
0,0.38690660317648123
0,0.10179078305019326
0,0.14070394532364208
0,0.20949862173074135
0,0.15882154734951215
0,0.24535100788809375
0,0.299367158886137
0,0.06348510286038657
0,0.06328912428862289
0,0.0995692624859242
0,0.16501961661863282
0,0.16353598009218004
0,0.07625476298838134
0,0.33210668620845046
0,0.28736110828897
0,0.30210935551099644
0,0.09208632380925563
0,0.4415266916335833
0,0.5157426706457326
1,0.7818501276998577
0,0.2144833018959255
0,0.24524585823548847
0,0.19359392002285583
0,0.3868355519564621
1,0.4085300633602769
1,0.5217985866839924
0,0.4109732849299247
0,0.12040123633789108
1,0.8099614125087509
1,0.7599075525699068
1,0.8594094437445552
0,0.06073552848132397
1,0.9203076587616352
1,0.9078716502153793
0,0.17049486457465535
0,0.0670923826748404
0,0.06917861933290621
0,0.07345167811527212
0,0.03519534619656268
1,0.746099018107271
1,0.802754036320863
1,0.5240927554500261
0,0.10600771625761189
0,0.12791015345068416
0,0.3376529482793187
0,0.051201765340055085
0,0.04178321384898283
1,0.807414330971723
0,0.11709470788759993
1,0.9333961169606686
1,0.9443701421750266
0,0.03414992954979909
0,0.009562184214205767
1,0.7436017232719736
0,0.02926501837233287
0,0.20465380563453803
1,0.7597909738613905
0,0.507127146384402
1,0.507127146384402
0,0.07442886057150394
0,0.05372395642625239
1,0.8708897085829574
1,0.8258687341422817
0,0.10202510311754516
0,0.1021472053166889
0,0.07218169027715624
1,0.9310243275386264
1,0.7678063525626877
1,0.8162672482810928
0,0.04962394888349414
1,0.9915674541994978
1,0.8892520935046775
1,0.9503746978151871
1,0.843398291890394
1,0.9604552119619214
1,0.8683753217723168
0,0.12466003915041257
0,0.08681870967919457
1,0.9824577860196747
0,0.21051695708017096
1,0.9101294414254707
0,0.1665737542306433
0,0.026357152663614346
1,0.9508494823057495
1,0.967057850871814
1,0.8886878515593868
1,0.7112434179993817
1,0.6417414649175842
0,0.02488926663524937
0,0.04643872256302777
0,0.08012600600599531
0,0.1639541197544202
0,0.11600504122587592
1,0.7573118239439102
1,0.989382809508699
1,0.8951452817385518
0,0.20226103463562098
1,0.48080041479761265
0,0.3878796791514375
0,0.38484004427941143
1,0.673722118774681
0,0.0754575738626459
0,0.1493733390998461
0,0.15627177573826062
1,0.9063730645551031
1,0.9264748805853308
0,0.16530944593904026
1,0.7130412164404069
1,0.8527093976032933
1,0.8957768367135699
0,0.07560916281019321
1,0.95196284082128
0,0.10826964635725464
1,0.7738908730021665
0,0.16584361114856655
0,0.29749110270388
0,0.12450655270829362
1,0.9519433753607114
0,0.3921343446020292
0,0.2633065852385897
0,0.11794468756898972
0,0.05705630784948353
1,0.8046257735254524
0,0.07732785389009054
1,0.9772317369576927
1,0.9706500582380293
1,0.7743713587036506
0,0.036977673204207875
1,0.7571401274722465
1,0.9874439610111161
1,0.7754821104356587
0,0.5678378374915808
0,0.23381422158138626
1,0.9605389157193774
1,0.9649309908047943
1,0.5330620319491863
1,0.7242667147335186
1,0.989197918065415
1,0.7821492080959047
1,0.9354835717138927
1,0.9163259398856722
0,0.0385552740121269
0,0.11340315909938121
0,0.07395431198722856
1,0.726991541305797
0,0.041840948106510824
1,0.9608966873095026
1,0.9646146643944125
1,0.8966846541146164
1,0.9130505252181069
1,0.8324678300568965
0,0.5617734146259374
0,0.6343504318176071
0,0.6488392288433341
0,0.540921261397311
0,0.629442535539591
0,0.513249135534546
1,0.8296253145245293
1,0.7696667791197077
1,0.7363373898384197
1,0.731872837759347
1,0.7695185880960724
1,0.6352444517151962
1,0.8101298354267089
1,0.7427261208763962
1,0.7219156062838007
1,0.7017926898820196
1,0.7192640279040396
1,0.8283071561908636
1,0.8128882395690977
1,0.8232389720353526
1,0.8488319253721858
0,0.12725759531096154
1,0.9264279170788641
0,0.15034317237838052
1,0.9484257004958251
1,0.9411602015261095
0,0.1395144687273706
1,0.9266907410251131
0,0.0953943749307877
0,0.042229732191502355
1,0.9169791188732364
1,0.9428208640901273
1,0.8754780633651856
1,0.9212873124220714
1,0.7817794082962999
1,0.9064374044642621
0,0.04329563033763716
0,0.06748048739027773
1,0.9159365791135596
1,0.980901094447287
1,0.9824298616615551
1,0.8143397171005636
0,0.2570030523421857
0,0.23756838903215388
0,0.11618736222138247
1,0.8437393489876333
1,0.6309298455352352
0,0.10053949770889932
1,0.7594329242468074
0,0.13584119893825367
0,0.05037063750379416
1,0.8130707902990565
0,0.01802712825713933
0,0.013584192132860834
0,0.0178922128015913
1,0.7972477538722871
1,0.8530108559911898
0,0.2847252809075937
1,0.9564675384770708
0,0.1102900478201217
0,0.07760009626867134
1,0.7020092482460726
1,0.8029063959551087
1,0.9521769091122185
1,0.905608676356998
1,0.9145379893513422
1,0.5380307656819171
1,0.725939215082668
1,0.6865639265259982
1,0.539244950920343
1,0.9791439651220799
0,0.08023574860879357
1,0.9131914726505161
1,0.7967871155429797
0,0.16179319132338113
1,0.793896389501274
1,0.8706889286349656
0,0.28190668788032824
1,0.5199716721168974
1,0.7850666592050944
0,0.02251993604490714
0,0.1529981292244701
0,0.16832317514108042
0,0.0317103378998723
0,0.04107149302671425
1,0.9170260188450078
1,0.9789206302670613
0,0.2101400897821313
0,0.013620576680861115
0,0.024520459031265283
0,0.020293424648362833
0,0.010747067267414027
1,0.934285421342282
1,0.8567717527674098
1,0.9231134198046992
1,0.9098570346888522
1,0.9098570346888522
0,0.15871523474403484
0,0.09876867571124391
0,0.17861851419612187
0,0.13433360439728353
0,0.26368902786929826
1,0.8316294170707833
0,0.07372432524373962
1,0.8737591340868502
1,0.5291216133441615
1,0.843230176800151
1,0.8346910795723939
1,0.7438238597777731
0,0.21883174438686304
0,0.18759320374281205
0,0.1404542239730561
0,0.16281058457528305
0,0.3326294599214049
0,0.1681480075749727
0,0.18989557886777209
0,0.46635575597827716
0,0.11558381453849868
1,0.9756880566318161
0,0.022039546954444402
0,0.023020959513019926
1,0.942404445539783
1,0.9428833361242548
0,0.18065585139659845
0,0.10979723036871482
1,0.6652837997752696
1,0.8821216459866902
0,0.1633670955277343
1,0.7149928146091538
0,0.12933931442123858
0,0.24349540593062008
1,0.8237233830923739
1,0.8347948058385894
0,0.338113552610093
1,0.851414261939028
0,0.08861120760155299
1,0.7556298486201336
1,0.6440941433167413
1,0.9439117118589261
1,0.9539188920068173
0,0.029562531319662286
0,0.16756709498349218
1,0.4303432228365893
1,0.9797522253866185
1,0.9858909266675713
1,0.9620004339940722
0,0.04999749025682
0,0.07009037208656957
0,0.2439346498738326
0,0.1290898731972427
0,0.03917161776107136
0,0.10759713247586826
0,0.3403199675289455
0,0.027712553412596822
1,0.9331187881147978
0,0.10158994934602696
0,0.041901772530006515
1,0.9880000504089415
0,0.30460510401442864
1,0.980074316342433
0,0.06925214964160949
1,0.8670426850832459
1,0.9062328841739365
1,0.8866845053739836
0,0.050065732901047724
0,0.08869693189884664
1,0.9085853738896004
0,0.3402074257651548
1,0.816411559834971
1,0.8772804237878465
1,0.8969492965303523
1,0.9167505168891213
1,0.8064550878166328
1,0.7825911272985605
0,0.05240747023889429
0,0.19104352485989076
0,0.04361108690589363
0,0.06027454211030005
0,0.04502488404727974
0,0.038971256431092005
1,0.9332038442935557
1,0.8424006351891365
1,0.9362861637939791
0,0.16127312906544736
0,0.10611738154867562
0,0.11400460011362347
1,0.9201815226976316
1,0.7822554894499609
1,0.972035260884074
1,0.9255290105963989
1,0.9636201235154671
1,0.970939431013304
1,0.9538129501900319
1,0.9461270411523367
1,0.9729576680141825
1,0.9319904275972898
1,0.9593736023511464
1,0.9696194565502207
1,0.9661594143294239
1,0.9395068329746972
1,0.9630418573806173
1,0.8560506864983648
1,0.8145182405471688
0,0.08671013196307452
0,0.10163372793436846
1,0.5478248533564348
0,0.20852494278402464
1,0.7340925690593081
0,0.030177642904301517
0,0.211592905079158
0,0.12168243426532337
0,0.10661036571580729
1,0.9618646671524214
1,0.7979246498113522
1,0.8175854458625849
0,0.14206506626231782
0,0.15820015261828727
1,0.8611296530364777
0,0.243018567284277
0,0.05035657891390335
0,0.16946687113408446
1,0.9461038567058042
0,0.12910731627704738
0,0.15420512245539808
0,0.045039842557178564
0,0.26688582216154255
0,0.20867513458362336
0,0.10091508723155654
0,0.16874822997137495
1,0.7711357527615339
1,0.8219489342135946
1,0.8201758316802011
1,0.9396096659526689
1,0.6856787614877216
0,0.3027429893503938
0,0.19455260472941457
1,0.8307354520382847
0,0.0319354139571812
1,0.594508947624689
0,0.2071242860797933
1,0.779974388880203
1,0.9040976935859037
1,0.8582757846397085
1,0.7589370639793798
0,0.41895297355153854
1,0.7768222963164073
0,0.14359930662187806
0,0.45190531741896933
0,0.08835230917942884
1,0.8265318260903501
0,0.08563199294286364
1,0.7900998192459815
0,0.10083535633629143
0,0.26790636753044356
0,0.06758837013398541
1,0.7418755764938686
1,0.7103868240318327
1,0.6946540515345091
0,0.30287098837638937
0,0.2669540676912959
1,0.8737143474275045
1,0.7784708364317533
0,0.16612909718985416
0,0.011237622637588974
1,0.8471967927907829
0,0.08214845586567222
1,0.9871925669045768
1,0.9537659718837658
0,0.3319157750243744
0,0.09131842010475896
1,0.789612898920288
0,0.29983183979282824
1,0.8436086255784708
1,0.8357647111182056
0,0.2865121974610183
1,0.8717021308362695
1,0.9247755213272105
1,0.9082827871627674
0,0.04718650348631423
1,0.6933926355868406
1,0.9272485960656414
0,0.13351797840810345
0,0.03186571120450271
1,0.9377706344058279
1,0.9223585868205412
1,0.9377706344058279
1,0.9377706344058279
0,0.11448470674418136
0,0.15300760986688197
0,0.2246977805635478
1,0.9085251369824272
1,0.9211360646388687
0,0.19495414794396354
1,0.8626325279364119
1,0.6833085120936789
0,0.045047350316812396
0,0.08592209605515927
1,0.8504530423040678
0,0.36884929921346377
0,0.4067077407776128
1,0.8579306523722415
1,0.8620642567783151
1,0.8469688481740544
1,0.8556334604663144
1,0.8361630731826987
1,0.8458464922391753
1,0.8930588931741108
1,0.8922134024415931
1,0.8053710770122554
0,0.26087601790806364
0,0.2772097864482029
1,0.8854383911206039
0,0.10919643917188268
0,0.16203368761378634
0,0.2109368862714655
0,0.033044151508205624
1,0.8239417519253237
1,0.9381060425320181
1,0.9153185294297754
0,0.13633148759125113
0,0.17277291338396827
1,0.9132602399499731
1,0.9699379062667065
1,0.9699379062667065
1,0.991921945785442
1,0.9830651490858401
1,0.735529689113397
1,0.9509691466723922
1,0.9509691466723922
0,0.2889436751489725
0,0.1615405510380043
1,0.9202573277394395
1,0.8911358269436604
1,0.9079506849195237
1,0.8808646970997366
1,0.842897328741315
0,0.2162615969737887
1,0.8923451031356021
1,0.8260420315356777
1,0.8237482463669182
0,0.2391909461434954
0,0.03747400017732606
1,0.620986055077668
1,0.8740666723585472
0,0.04232011285350697
0,0.19171540053569264
0,0.11479589058176619
0,0.20717233072627905
0,0.0555882159799097
0,0.06609075120994053
1,0.8299550109336721
1,0.8196397660123897
0,0.053074483610630954
0,0.1012730636247407
0,0.14034428051794187
1,0.8740529883842492
1,0.8865259841035075
1,0.7508912923892649
1,0.8749846650760503
0,0.08325612851904828
0,0.05677872966447751
0,0.06761653744526573
1,0.9285525856552336
1,0.8677939629054267
1,0.9314299413631487
1,0.9536214996977471
1,0.9576152951525642
1,0.9407211148774897
1,0.8096513541533265
1,0.9552106607701353
1,0.9634455126808558
1,0.7382508830675593
0,0.5503039422505506
1,0.9428232450194777
1,0.6770120007289727
0,0.5637373241151615
1,0.5879339153008998
1,0.63533380165112
1,0.7294683467555326
1,0.7790112475349915
0,0.7517453925515809
1,0.9502938219581523
1,0.9328222682040547
1,0.9466286789765227
1,0.7961870644954502
1,0.8187867636345033
1,0.9202327280644929
1,0.9469089627163348
1,0.9097497464788158
0,0.4284695943458671
1,0.6226292395912705
1,0.7794123587386621
0,0.5109073002094879
1,0.6881226810224265
1,0.4223815871014487
0,0.2997433083379266
0,0.4402412447561363
1,0.9123950779467838
1,0.9493944737526301
1,0.9549806530635528
1,0.936385675846423
1,0.935757789385097
1,0.9454282595165394
1,0.9574319641655329
1,0.944691602893776
1,0.9543556990757971
0,0.02374042262032731
0,0.09261495796200808
0,0.10501109433390352
1,0.8145589159131111
0,0.11899458349789811
1,0.8962089884278058
1,0.913129637152243
1,0.5313895459688918
1,0.6171414751102368
1,0.7539887559542892
1,0.8613038230911767
1,0.6634112517562741
1,0.512823109688576
1,0.822108108488724
1,0.8669377818399276
1,0.7578895076777954
1,0.6057056341384441
1,0.5404515059198415
1,0.5720465194141918
1,0.5609765628235505
1,0.7237224097525261
1,0.762145520666457
1,0.7954866039441819
1,0.47605002943861885
1,0.5604324397874433
1,0.59235714851735
1,0.6117218932301426
1,0.9092238890133307
1,0.9494886862666349
1,0.940564619609976
1,0.9142134041918156
1,0.8835937538083993
1,0.6697244227636828
1,0.7311386264089935
1,0.5261890035080163
1,0.6546695254860366
1,0.5808136739328879
1,0.7049933083019024
1,0.8612627672345678
1,0.6839968484328032
1,0.711615657562806
1,0.7950287022833573
1,0.7498812071958172
1,0.7979930825958128
1,0.6052062763407067
1,0.48704306699567657
1,0.5010375127250317
1,0.781306728859753
1,0.9269952516565861
1,0.9744059309152028
1,0.9596550253484271
1,0.9680998181273661
1,0.9122585698437581
1,0.9695136262690106
1,0.9711871660172269
1,0.9287420325361211
1,0.9700574594963199
1,0.9416166810873081
1,0.8783371395023571
1,0.9697072560707527
1,0.9475203175663199
1,0.9680746612930421
1,0.957229218580828
1,0.9439838467972181
1,0.9631441772712922
1,0.9615524613683456
1,0.947592798356066
1,0.9684842426389649
1,0.8394609290465118
1,0.8660922176077368
1,0.979017030133688
1,0.8165300871959771
1,0.9633496049206184
1,0.9571622520773777
1,0.9439168473033448
1,0.9778938210500293
1,0.964865603958722
1,0.9768331192018884
1,0.9256542849293959
1,0.9708293581417912
1,0.9534137265338709
1,0.954369458131251
1,0.976551114380564
1,0.9543028026728029
1,0.9686171833419412
1,0.9265974003245623
1,0.8976311133473344
1,0.9495303384175797
1,0.9612528213067769
1,0.9370265006445057
1,0.960565518919184
1,0.9407030744542072
1,0.9629894638691553
1,0.9641933947823212
1,0.9303544483360651
1,0.649666898881276
1,0.6546766501561238
1,0.8883193925101983
1,0.9383119887338414
1,0.6874185022834491
1,0.8833499823628027
1,0.5530707701242309
1,0.8564527385820868
1,0.829014507625616
1,0.9351390396086341
1,0.8602600475341963
1,0.8180650927731907
1,0.9128170085277433
1,0.9241002027517298
1,0.6122289312590495
1,0.8913417113711292
1,0.9332505091166837
1,0.7792455329052503
1,0.7917924851316643
1,0.7873155533207875
1,0.9070495938202819
1,0.8389426001923971
1,0.8225958827178856
1,0.5802426184076249
1,0.7961299790004445
1,0.8215972482557697
1,0.9188056905101187
1,0.9101492301520098
1,0.9495680381217165
1,0.9216622975390134
1,0.9339316280391307
1,0.9472888720288913
1,0.6622347179444176
1,0.7924709624370369
1,0.8038029566672472
1,0.8425301481683554
1,0.9086093440387911
1,0.530158763209326
1,0.47194951523614415
1,0.952413998446117
1,0.5987306891883296
1,0.7371303655893189
1,0.7626491974537695
1,0.6857759479826925
1,0.9012236976719328
1,0.9510783498408069
1,0.9816009555289105
1,0.9062388551424055
1,0.8443094847265616
1,0.9072991848672564
1,0.8450301098456912
1,0.7699873371954615
1,0.8339714273055888
1,0.8905474602610638
1,0.9253575935517141
1,0.6666567289798816
1,0.7671828813651007
1,0.594234375861464
1,0.847635393337072
1,0.8401356945193323
1,0.9114522282193264
1,0.6689940676568978
1,0.6197337240319085
1,0.4559530368785311
1,0.4780976794207636
1,0.9351299293993195
1,0.889155863255401
0,0.27860190268902496
0,0.28577859307453823
0,0.21223221217005384
0,0.2945975995981245
0,0.15927903191887546
0,0.2237140963207269
0,0.2920096790525852
0,0.2214819350852103
0,0.22352414315952035
0,0.177680278699377
0,0.2257469502212092
0,0.10689311725816791
0,0.31313797798509896
0,0.125373312763938
0,0.5495419167978148
0,0.08307747059865296
0,0.19103770278456128
0,0.24574071139135906
0,0.16290577109096913
0,0.2801142895081782
0,0.38111615723968906
0,0.42613160519176363
0,0.46284289100987536
0,0.07083852695685529
0,0.362731362930173
0,0.3101057229240945
0,0.1797851842542507
0,0.08279878284046963
0,0.14698101811258746
0,0.24508704551862473
0,0.06312497022616091
0,0.07432597518105184
0,0.12952051866357475
0,0.34571731296724717
0,0.10110443246955404
0,0.2662054466742581
0,0.20450397812167875
0,0.14889938748238046
0,0.13691677525370066
0,0.3339566446744431
0,0.28383995415990765
0,0.19494243371629172
0,0.1297116251758255
0,0.16471887575324237
0,0.18040508939178468
0,0.307240646553139
0,0.1267311125118946
0,0.12570338289420674
0,0.10207863332311581
0,0.21252667596483643
0,0.1915264540501207
0,0.3095074544340003
0,0.10731251394930832
0,0.25073892803838277
0,0.5538144749392009
0,0.1396360982045367
0,0.16641941506020305
0,0.3550568478080856
0,0.2402108034110136
0,0.40170505676392015
0,0.16725870962485342
0,0.15348990034781526
0,0.3900497488165093
0,0.3330070209389134
0,0.6529278484115736
0,0.24685794429009258
0,0.19068994831949693
0,0.2160955993451292
0,0.2004918797610009
0,0.20485250367270924
0,0.23158161695775986
0,0.27592036005758763
0,0.4094010722700917
0,0.25459001001962206
0,0.18018287923610277
0,0.26102018652081266
0,0.38472306559259756
0,0.18605340600820233
0,0.06794584885791786
0,0.0980866705674459
0,0.39220261550634145
0,0.210317232162476
0,0.40742217164699496
0,0.12936873328937135
0,0.27693680565888873
0,0.16559957600622918
0,0.1951059848200798
0,0.20315944404879457
0,0.7182237250525968
0,0.19426590484440023
0,0.320585110721793
0,0.05808819904498021
0,0.20009602069265534
0,0.21787928917033908
0,0.1583436488547761
0,0.12650419117199704
0,0.1534582805894437
0,0.16791419246536227
0,0.27949251977903317
0,0.21528905533627368
0,0.16472419942799005
0,0.19036191748608283
0,0.13804948541833248
0,0.17846154393753022
0,0.0485778617020769
1,0.7721776274854079
1,0.6971380299274594
1,0.8744623816669241
1,0.8775485756798542
1,0.8856452355444037
1,0.8949576229847411
1,0.7793223806187408
1,0.8775485756798542
1,0.8949576229847411
1,0.8949576229847411
1,0.8269134176265828
0,0.29671066960750625
0,0.4506600152170687
1,0.5850580523822715
0,0.6335456706788947
1,0.7757772612723304
0,0.22761281277185422
0,0.22417079601107992
1,0.6189461515713678
1,0.6189461515713678
1,0.6705960190407855
0,0.26361376628012173
0,0.6490939566294414
1,0.9286436423712334
0,0.21465896341526286
0,0.46971223036206367
0,0.3490328240138692
0,0.46899600149179577
0,0.24785859405236813
1,0.4039543661597917
0,0.14574548252286038
0,0.6098702291228386
0,0.3555052121769654
0,0.23932580614015525
0,0.41199961050338524
0,0.5616748001561216
0,0.3078181941899224
0,0.8125054341144493
1,0.6915103231316555
1,0.7430505231926758
0,0.19015100276288915
0,0.4623959841228169
1,0.6638534192005264
0,0.6326406637893937
0,0.3454411879805915
0,0.27023480563275254
1,0.3510480745318908
1,0.7648617816227239
0,0.4079954745771698
0,0.5658989021026736
0,0.011878391828234884
0,0.24973535815842826
0,0.11195808859333063
1,0.9451563853709009
1,0.9279330060380281
0,0.02704457478381633
0,0.025659128082723102
0,0.6147457539146067
1,0.8965909734678278
1,0.8965909734678278
1,0.8965909734678278
0,0.07597342722845662
0,0.058227415984072724
1,0.8779774366997987
1,0.9411105076521102
1,0.823282675723131
1,0.9368147966850119
0,0.07162573176133946
1,0.6369314462213272
0,0.17454513157939988
0,0.08553476211697716
0,0.08067988710198394
0,0.11333767421571521
0,0.06913870961600048
0,0.12240672539375551
0,0.19049155552046798
1,0.8504575804058646
1,0.7988203523886496
1,0.940624496779503
0,0.2657320260941477
1,0.8798236663053502
0,0.09521697563592038
1,0.9136416581762377
1,0.4176937899501781
1,0.969454441778575
1,0.9513881257165665
1,0.9712720408186288
1,0.9485347618380271
1,0.8321063198598584
0,0.10982574367674208
0,0.051710440904739405
0,0.10187436091788935
1,0.889103472177706
1,0.8901128071501831
1,0.8140905493712652
0,0.1530223461023934
0,0.08816109401552312
1,0.8461816798280167
0,0.16677141589486286
0,0.2298701642870252
0,0.22879975007964856
1,0.9863772494439628
1,0.8675028025063618
0,0.16352065509389885
1,0.9934862689791204
1,0.9804761606911316
1,0.9804761606911316
1,0.9750329145238397
1,0.985759219765339
1,0.9804761606911316
1,0.55218131494563
1,0.7780309182416132
0,0.049041491396424414
0,0.04522908975376626
0,0.035095788657803335
0,0.04243298247527872
0,0.11468458230577482
0,0.08615936543427308
0,0.12824004330013145
1,0.8900490844938255
1,0.9094690714502122
1,0.8769209366121533
0,0.19819649349718774
0,0.020433082194298673
1,0.9381425959061191
1,0.6906663637984056
1,0.7096930203496612
0,0.2059148726584214
0,0.018589434308118873
0,0.07980562343864128
0,0.3285994947378774
0,0.1790309960882547
0,0.3062268426387877
0,0.1170647660506216
0,0.0176512008659765
0,0.01563511154095098
1,0.8592950359843965
1,0.9155105981958199
0,0.12181474698234408
0,0.07571785629144623
1,0.9642530712592823
1,0.9642530712592823
1,0.9299551335089485
1,0.7788591595145378
1,0.7702574195678532
0,0.3686300152730532
0,0.23558630662319913
1,0.8427002996045195
1,0.9686782291671631
1,0.9657520740519577
1,0.9754025534321885
0,0.08371864357662905
1,0.61482430727363
1,0.762850178227703
0,0.17453832708477005
0,0.12242455697294571
1,0.727455607098164
0,0.19900456988086443
0,0.3436374900463286
0,0.4452914442180098
1,0.8683813410597345
1,0.8065930168460801
0,0.041609476172138865
0,0.046497398235366014
0,0.06787993672117953
0,0.07269245778884183
0,0.0572491087569718
0,0.04934071334961946
0,0.03814018396248947
0,0.1460554071559214
1,0.8983650922848947
1,0.915897259565191
0,0.13436747769489676
1,0.897959866327
1,0.8817041888553935
1,0.8938718836466171
1,0.2774727613566536
0,0.2933605579780595
0,0.11769455911667698
0,0.27284849727235366
1,0.7848695823669346
0,0.153273683740959
0,0.1196206588975267
1,0.642519258425779
1,0.8507693431824679
0,0.1586979654997845
0,0.2126796420929289
1,0.9855304685690591
1,0.9872479999283233
1,0.9883054473961428
1,0.9901219455922561
1,0.9872365849014274
1,0.9760315423440684
1,0.9815367936927074
1,0.973889370277941
1,0.9872365849014274
1,0.9858737565661174
1,0.9872365849014274
1,0.9872365849014274
1,0.9762617331164469
1,0.9872365849014274
1,0.9894256196769845
1,0.9879909971347399
1,0.9883386987720773
1,0.9878979364982724
1,0.9877860890404784
1,0.9872365849014274
1,0.9812622764328729
1,0.9877319582207903
1,0.9893173018829983
1,0.9721927054360455
1,0.9906027943495589
1,0.9913046982076238
1,0.991962908276976
0,0.06706365089406216
1,0.8620527542022237
0,0.010208488282077962
1,0.9510621054998201
1,0.9462055756956433
0,0.09644251273710101
1,0.7318918487620272
1,0.7851673936611963
0,0.18573749628183622
0,0.13067499664903712
0,0.05532103608860646
1,0.7530885105908841
1,0.7682631990541983
1,0.8505853520551447
1,0.8829549925588005
0,0.1566361702867928
0,0.14493565177637988
0,0.0549034927026205
1,0.6229898411715019
0,0.05155043132356408
1,0.30328861610811025
1,0.5517860327070738
0,0.2500666093206232
1,0.8348188279301618
1,0.8017489385404724
0,0.00892538976691785
1,0.9155924834184136
0,0.025537670042282478
1,0.6220852687815518
1,0.5787211579810878
1,0.849038086408032
0,0.05167822341108727
0,0.050999136965333015
0,0.03272078122166419
1,0.9359072235913617
1,0.41274003629150896
0,0.05245689472036838
0,0.08928347560078383
0,0.13912179967579508
1,0.8828567049090105
1,0.8798665548751158
0,0.14058571570786704
0,0.02914258749499005
0,0.21182916289832354
1,0.9906465442708974
1,0.9906465442708974
1,0.9906465442708974
1,0.9906465442708974
1,0.9906465442708974
1,0.9914814156455499
1,0.9914814156455499
1,0.9914814156455499
1,0.9914814156455499
1,0.7357001017491781
1,0.9782779355883373
1,0.9724175076319506
1,0.9653178573424451
1,0.9771851147885104
1,0.9579417037420895
0,0.18706405894280245
1,0.8185426656151237
0,0.07732912639097558
1,0.9652877764245208
1,0.9637023688798986
0,0.08322729342776201
0,0.2091944332821982
1,0.9486176038590667
1,0.9585231708840309
1,0.9585231708840309
0,0.013396233251677091
0,0.014318510596972074
0,0.07167467608872233
1,0.9080147264359298
1,0.8991797585262165
0,0.06012553450096604
0,0.19706117294096007
1,0.7500729175881848
0,0.1727122772924599
1,0.9368235137457859
0,0.039292173893798195
0,0.13463447670684378
0,0.05064998987684292
0,0.0668820030007459
0,0.1369099340492179
0,0.16542978971363206
1,0.9683892029884101
1,0.9683892029884101
1,0.9332709067990645
1,0.8631839207569236
1,0.8618025800420166
0,0.07747824437247382
0,0.4925567272768605
0,0.27996933622305475
0,0.21341568455427332
0,0.5195294359474791
1,0.6493602106414385
1,0.7263881125635641
1,0.6942456057811576
0,0.19541194201354012
0,0.10237832615333517
0,0.10167636862651899
0,0.3415895883577031
0,0.17055705865197607
1,0.6820877825145718
0,0.4193004631773074
0,0.0192246381927732
0,0.07945848183958377
1,0.8290066101850696
1,0.9203762737468782
0,0.056644395675452146
1,0.7830004358904574
0,0.09364287283471545
1,0.9799990676902659
1,0.9867069923986056
1,0.9852025293657832
0,0.1074883604813373
0,0.04923085032904488
0,0.026119125016218478
0,0.026052405647656485
0,0.08509178723523236
0,0.11393430752462116
0,0.3261254480826912
0,0.21691810932249858
0,0.10405695386636506
0,0.06730076063780066
1,0.9315396902966937
0,0.08970722349141723
0,0.16378312036732642
0,0.159805298700178
0,0.09512547974741507
1,0.92507112029189
0,0.054952417250171956
0,0.047095790323489206
0,0.05329342846704444
0,0.027858210910126312
0,0.19524967545998118
1,0.6396195039621556
0,0.12851944856968514
0,0.11527575298431092
0,0.011488297927787603
0,0.09873812152909102
0,0.11274515730998215
1,0.9959938060295981
1,0.9984489426442866
1,0.9972026684348938
1,0.9978427173591193
1,0.9964576130743347
1,0.9857517218084523
1,0.9985393033442155
1,0.9978950249875576
1,0.9982558831380696
1,0.9842304552148229
1,0.9952280939532359
1,0.9964923715544372
1,0.9984101050891157
1,0.9989348660788956
1,0.9951160660494579
1,0.996700017029371
1,0.9961329527715517
1,0.9972077099927684
1,0.9985393033442155
1,0.9989866583094993
1,0.9970901275197499
0,0.10042948063550276
1,0.8945787577927518
0,0.0589403362434884
1,0.8412023749235099
0,0.08670732027676768
1,0.9041695499805994
0,0.19981771312588573
0,0.08902335689768222
0,0.024669911264802308
0,0.23032467414450417
1,0.8637267535257627
1,0.8586232989159978
0,0.014837920693571286
1,0.5534000349182844
0,0.14644616852767828
0,0.1841159860956152
0,0.02725310797131521
1,0.6894105852192058
0,0.07100958655999273
0,0.06992351372539679
1,0.916172185426511
1,0.9886123430397492
0,0.20850383008524753
1,0.8563971013360033
0,0.04070760297027402
0,0.09225440871656407
0,0.03754370974117514
0,0.1969070805078706
0,0.16352657554011496
0,0.10918385177248839
1,0.9592775667012122
0,0.0550705621465222
0,0.0798406815849071
0,0.07616627136606452
0,0.04358730960790362
1,0.8084966098432137
1,0.506339992335211
0,0.026108998740597106
0,0.02837265918225642
0,0.02745789923175722
0,0.03412678826487478
0,0.035439062872391014
0,0.027545706373577766
0,0.13492754764405504
1,0.257801682276886
0,0.0846858633913881
1,0.8321348547469996
0,0.13448354348253086
1,0.8595611589795166
1,0.9747563657656487
1,0.8725843130693637
1,0.5133147355596659
0,0.053263494430333576
1,0.865755198280669
0,0.1317577651311209
0,0.2023285109007528
1,0.5231918066738134
0,0.130103001943899
0,0.07370773941248875
0,0.1134633501886834
1,0.9439969806049964
0,0.2124079960075878
0,0.14518090250327853
1,0.8826768467114836
0,0.23895545760425707
0,0.045220349608840756
0,0.06860688552149147
1,0.9171443359413328
0,0.2308193705505938
0,0.0994821518349261
1,0.8221917833491944
1,0.7540153801180146
0,0.09663623768325308
0,0.06480995944160228
1,0.9746828312560994
1,0.8093983463084049
0,0.1505759967635649
0,0.05197236947849244
1,0.8404055613860558
0,0.059526146353004204
0,0.17487924484548115
1,0.9419940502892296
0,0.06744607370194863
0,0.14432125449168484
1,0.9124414400668498
1,0.8152915908797338
0,0.3220321106261833
1,0.953881368904356
0,0.15657176427231942
1,0.953817673816143
0,0.08803644767252188
0,0.34337569332136686
0,0.13658967947377695
1,0.9465846878077426
0,0.012788069438564073
0,0.1303211645827195
0,0.06002639133623145
0,0.10365887650066888
1,0.9548088436987989
1,0.9653858502347673
0,0.2784063256677454
0,0.046481326061484175
1,0.5440248953386666
0,0.12050339151358577
0,0.02258793232670913
0,0.0971111465544533
1,0.9387253634966359
1,0.9505540729097899
1,0.9666021708227301
1,0.9591707595315835
0,0.07156230615768129
0,0.09016581286141329
0,0.021524067251145373
0,0.13611334611836073
1,0.980367225712301
1,0.9713766576481201
1,0.9586004058406195
1,0.920499948731847
0,0.3264920725342428
1,0.5286497988502178
0,0.07446441797546634
0,0.07460896971971223
1,0.9190671105726822
0,0.12093759360199115
0,0.16088023188426737
0,0.08656930729187982
0,0.05844964473951955
0,0.018608578338529618
1,0.5640477515129118
0,0.46461784344024726
0,0.10886823162307409
0,0.19053647540828844
1,0.8448051540157102
0,0.017489619325917406
1,0.9677233854794419
1,0.9303594524741668
0,0.11565326935712263
0,0.14316287359343965
0,0.17554601946408604
1,0.8816195975903556
0,0.2365040996164709
0,0.0800116136894871
0,0.11928816765319528
0,0.14277173675028992
0,0.05965880407295651
0,0.07363232288329774
0,0.14409247510735274
1,0.9466588154398307
1,0.8750288136909935
1,0.8248205416839839
1,0.978329508997655
1,0.5608682336747384
0,0.337590447816985
0,0.11403521751536491
0,0.12660001258344344
0,0.06187828482646435
0,0.04964831860909134
0,0.14394329779527604
0,0.027746493162632682
0,0.05837482136887767
0,0.1090625841922689
0,0.052931698066343603
0,0.1710929408040033
0,0.03467116197488824
0,0.0207002109022916
1,0.8610017372512556
1,0.9295581051616072
1,0.9358332099998095
1,0.8952347751258388
1,0.9196078967270386
1,0.9174286173145746
1,0.9493666022415693
0,0.16776383115280552
1,0.9133755178175699
1,0.8506613219027095
0,0.1828437674625169
1,0.8045047884359352
1,0.976896485554828
1,0.9860094905566057
0,0.03577701710425655
0,0.05456871970255604
0,0.05303493377070808
0,0.05366970101435483
0,0.1925958096427605
1,0.7763969157716656
1,0.8489019857266228
1,0.9546835965009022
1,0.9392110285255613
1,0.9431650363087655
0,0.14164486821688504
0,0.23011990060593426
1,0.9855454550865975
0,0.060039285471014586
0,0.08618205612262109
1,0.5717497733522579
1,0.9876627331396084
1,0.9051362053945413
0,0.009465289956860232
0,0.03064479258857659
0,0.05331355706993991
0,0.23857007481289855
1,0.8097617355767429
1,0.835485586281333
1,0.7722981951475626
0,0.045810689475277215
1,0.48581312762468143
0,0.05086970622613445
1,0.9026506534902472
1,0.969600834866902
1,0.9704688780751686
1,0.9541257583107198
1,0.969600834866902
1,0.9533223435325683
1,0.9803680421399472
1,0.9541257583107198
0,0.033588432679155934
0,0.0499619015182558
0,0.06375974774995313
0,0.043680524117393406
0,0.03367990133503778
0,0.02551460577477506
1,0.9315395467847316
1,0.9031162232099393
1,0.9203030912345901
1,0.9275342837265625
0,0.26078806721996695
0,0.10267800771020759
1,0.9481166060930871
0,0.019710971934805584
0,0.03401495005701036
1,0.6638368664582395
0,0.18802771525880096
0,0.2739139597894812
0,0.0789536449005603
1,0.9199690814635406
1,0.9968198623957585
1,0.8348726430641671
0,0.08564744720973436
1,0.9271355365189021
1,0.8737057331762246
0,0.42725432686311104
1,0.6704884233955858
1,0.59769848992405
1,0.7348537889835357
0,0.056686727740979354
1,0.8650840024659275
0,0.2035002516369537
0,0.18016082528045888
1,0.9703332539500454
1,0.9810131261985224
1,0.9625700625300041
1,0.966259645737766
1,0.9827018505268171
1,0.9822355512802927
1,0.9797039098043075
1,0.9822355512802927
0,0.1013224675853822
1,0.7534841705729209
0,0.08545159077385854
1,0.9810688230472472
0,0.10064844248489131
0,0.013345272070243868
0,0.03417228212560423
0,0.13583937206548025
0,0.0907545082871346
0,0.27538753185356235
1,0.9227997690079418
1,0.9816702975320656
1,0.9792130896907227
1,0.9765264700698033
1,0.9679089869538844
1,0.9752398582346402
1,0.9687882246476727
1,0.5594428766081632
1,0.8566207246421781
1,0.93138294456575
1,0.36100875037913593
0,0.1066388693835745
0,0.23181674348030654
1,0.5959894896971639
0,0.06769490558306777
0,0.14816150714236848
0,0.09939953282164828
0,0.16882963266695478
1,0.7527668607344675
1,0.9492624188516818
1,0.9912468550959476
0,0.23283275484595586
1,0.8044813211467231
1,0.9150128215017479
1,0.8612310901034179
0,0.232516022170575
0,0.1410004727596283
0,0.06837124568502988
0,0.058473068348638114
1,0.8730406614423183
1,0.9194855733938169
1,0.9335006509193026
1,0.910800680424589
1,0.8468971179322208
1,0.7915741815952283
1,0.9032024071832168
0,0.04246299361645869
0,0.052682213651137365
1,0.7734943140338066
0,0.09224734341344579
1,0.9310734209774462
0,0.0903949243855343
0,0.0756230149937283
1,0.8835243405260272
1,0.9118333762204057
1,0.8564957580407497
1,0.6765613497304964
0,0.16038061833939185
0,0.0737790903501719
1,0.9802878320492725
1,0.9736973610836909
0,0.17450399842789246
1,0.8757826933368863
1,0.8842739566852157
0,0.403115268439875
0,0.2489036575307286
0,0.10049328718278125
1,0.9619773028379702
1,0.9679975492505181
1,0.9679975492505181
0,0.15290588650827905
0,0.099249419840694
0,0.11241922748036104
1,0.9782225572107086
1,0.9671322793734054
0,0.14276007565248042
1,0.631202338662028
0,0.11177255057323232
0,0.04085880413988409
0,0.07118270107341865
1,0.8855201206516599
0,0.2910636381900943
0,0.4064139050767657
1,0.9966669839315099
1,0.862032712902262
0,0.08879554365697571
1,0.8207227979125815
1,0.714496698051753
1,0.8277862429256585
1,0.8221176475034032
1,0.9792771022174365
0,0.07295482967447271
1,0.38199981784409404
0,0.1676180001206532
1,0.9513631535998547
1,0.9439543435475645
1,0.9262119191775084
1,0.8980092943852888
1,0.6725648747296756
0,0.19756799257994825
0,0.17674401247441446
0,0.16666631183706304
1,0.8099452299040172
0,0.120989776271827
0,0.1430639309945376
0,0.16426248632601395
1,0.7533422928057157
1,0.8795439214345132
0,0.41237897364966547
0,0.18421563031219182
1,0.8864448265463097
0,0.14389934144598157
0,0.1289067785339725
0,0.0819807248985145
0,0.10192848121423877
0,0.055078008614578164
0,0.04656348272062774
0,0.2075936175962065
1,0.9587941719157878
0,0.04809282153024359
1,0.9716544209899366
0,0.042947193263818045
0,0.1140129251931844
1,0.9668434557488055
1,0.873473507407211
1,0.9585990219340467
1,0.7962208582248936
1,0.8503802549092605
0,0.21241730319401772
1,0.950039661608663
1,0.8181679549953423
1,0.8181679549953423
1,0.8232706665773932
0,0.12261195525535959
1,0.9115547734070282
0,0.04597205606797534
1,0.8568276551323949
0,0.06182735310464727
0,0.14012208652999084
0,0.08036054913371571
1,0.5850777814488476
0,0.020414675301619174
1,0.9444799280522252
1,0.912750144341886
0,0.01925791163233849
1,0.9840630961360749
1,0.9840630961360749
0,0.31822000008874396
0,0.7083067652384486
1,0.4028252940966776
0,0.19630064728240143
1,0.8786958002805593
0,0.01928484872890716
1,0.9254880877001936
1,0.9499127817451677
1,0.952398181274894
1,0.8697489998823222
1,0.8473044664443121
0,0.25893541713868473
0,0.30042138069569563
0,0.05705336925966423
0,0.10607500846665928
0,0.08410457225593951
0,0.16155755885113882
0,0.22878987169507714
0,0.10137858450120994
1,0.9648268776411137
1,0.9756807759620645
1,0.9517322581128798
1,0.9579190099330527
0,0.13284264974208604
0,0.09105541071989774
1,0.9750281996870297
1,0.931812323322785
0,0.07163541183069655
0,0.08725252845369026
1,0.8131258555575822
0,0.08082336299465212
0,0.048995795698321354
1,0.7054124673580161
1,0.9612135105018139
1,0.9384196047182325
1,0.9353551463074425
0,0.032265205855523886
0,0.2536252623057992
0,0.02044764252495038
1,0.5180986024767382
1,0.551864103609456
1,0.7829066766848479
1,0.6616170171608149
1,0.5448029082466086
0,0.23012275655623687
0,0.05076467705359516
0,0.13073697415746655
0,0.19481006872678824
1,0.8166891481633575
1,0.7886480201522649
0,0.11421004615314793
1,0.7056887667946791
1,0.7843377748477061
0,0.054950056975138696
0,0.039585616433909614
0,0.041852194561978126
1,0.9882678589168723
0,0.07714797384927068
0,0.07060892887003424
0,0.10923851116882298
1,0.7446595717187388
1,0.789080349936043
1,0.8976278212798847
0,0.12263004629558268
0,0.2441342443698993
1,0.8636878060087133
1,0.8573590456809678
1,0.7236807726522734
0,0.028708920461589488
0,0.026736128547940847
0,0.09027452657049896
0,0.12221675721208215
1,0.8575134898358072
0,0.08724233665029205
0,0.11094063360259011
0,0.16969486616599921
0,0.09128513952620108
0,0.14265557182072527
0,0.08444058265226277
0,0.12048444151740603
0,0.08749962362118331
0,0.0673862163314535
1,0.8016228085661463
1,0.9146043376563474
0,0.1320902720977586
0,0.04363679423871232
0,0.03841005252498476
1,0.958129506467671
1,0.9465243050145847
1,0.9631425472761611
1,0.9451481721347853
0,0.14245522745440706
1,0.8728212638485843
1,0.806331762097245
0,0.04903620100706614
0,0.10270519025910448
0,0.10868381886617354
1,0.8675595320680202
0,0.06171335158317704
1,0.8224611792351004
0,0.07784062522074199
0,0.07577350651089687
0,0.18606118829835733
0,0.029540238633380032
0,0.021957080478165542
0,0.1490520305906094
0,0.09836330676148745
0,0.1387423506038569
0,0.018968801783390277
0,0.18900345438960178
0,0.06199534587909882
0,0.07632106839419958
0,0.03185970734935686
1,0.8868744645136307
1,0.8605807548521435
1,0.7773834467892446
0,0.06747240955277917
0,0.09407726329035447
1,0.9458607596103815
1,0.411251642513336
0,0.05974965048964916
0,0.06972200564094456
0,0.06609490333378296
1,0.90362913634567
0,0.13033807593870472
0,0.09292722722267867
1,0.9094315379079111
0,0.09928087022885429
1,0.7780037611589208
1,0.8895037326802555
1,0.875071253183764
0,0.0363855232949639
0,0.03925108443656243
0,0.011538713406042577
1,0.9418551227038041
1,0.9562130673170717
1,0.9562130673170717
1,0.9562130673170717
1,0.8065338982795566
1,0.799253990196494
0,0.00989638235904542
1,0.9087697621755245
0,0.016255329065887697
0,0.10401276819038131
0,0.093639932317676
1,0.7685963070823922
1,0.8858202013782759
1,0.8684219936362092
0,0.07785637714019208
0,0.07683042100960646
1,0.860897265478106
0,0.07740758582555192
1,0.6498301894404959
1,0.7254569009020218
1,0.4695550945274221
1,0.40469316803556965
0,0.042354911932215765
0,0.12347384282980205
0,0.030459277414662252
0,0.05248873952871994
0,0.08553460582995724
0,0.036822436429505376
0,0.025141500411297316
0,0.04026239803161067
0,0.33755149453943273
0,0.05520710018715314
0,0.02314034515343473
0,0.0562156275049653
0,0.0792697351134775
0,0.05899493019055407
0,0.07008605818904323
1,0.8985489120591198
0,0.018172018790347938
0,0.05382707431744596
1,0.9400814539920977
1,0.975013997338351
0,0.025933131295360175
1,0.876501575368223
1,0.8348666793522105
0,0.04844858483138463
1,0.9851929432171692
0,0.06866119884781967
0,0.1432664201876734
0,0.2626444687872955
1,0.8370764662030946
0,0.06398150657989943
0,0.062034390752314233
1,0.9107940877921349
0,0.23890452739659324
0,0.27269649573397564
0,0.13875859941678456
0,0.19101970345639102
0,0.2773561273692023
0,0.09127456265803287
1,0.33583395998504934
0,0.10802733028125665
0,0.07617351871715594
0,0.09233922598449067
0,0.07487765996087628
1,0.782831336035629
1,0.7404673657951909
1,0.8699343723156431
0,0.2228696769674937
1,0.8337553009784285
0,0.19484045771275604
0,0.05568146751554206
0,0.05142809820008388
0,0.053171359040526105
0,0.08392978697937663
1,0.5929921379204864
1,0.3826752267350386
1,0.8155276523777305
0,0.05840422436454285
0,0.10855810725644383
0,0.11757597905958483
0,0.09683234796317947
0,0.016007973366097796
0,0.14167303088713634
0,0.3303487987679483
0,0.03295915563771203
0,0.05356216039422792
0,0.0243784566861476
0,0.08894065451113506
0,0.13932433005699243
0,0.05720698053509481
0,0.10610241986539895
0,0.042869396724133396
0,0.0543488552523904
1,0.9553644507644962
0,0.3770007075626051
1,0.716287791390139
0,0.1964111163278527
1,0.8965073224245635
1,0.7101898568407569
1,0.8993862757478392
1,0.9182205069579781
1,0.9159589221755411
1,0.5552856353419521
0,0.18711108523658251
1,0.8382077660641493
1,0.7941836554338629
1,0.8633656647853282
1,0.910766492450311
0,0.2286752318614199
1,0.6421553795671539
0,0.14751352898236372
1,0.6051997281128821
1,0.9229961278730516
1,0.9001533093159856
0,0.06235461012439294
0,0.209387329165804
0,0.12048197816554458
0,0.12048197816554458
0,0.10403643984346908
1,0.8683283099787777
0,0.08828526434927905
0,0.033625568846394484
1,0.7689822779902522
1,0.8180831110234777
1,0.8676560843914243
0,0.18426425305298388
1,0.40772072847190527
0,0.1020325619667201
0,0.06530955502742189
0,0.13447869522862668
0,0.13622578139411326
1,0.8463074868456881
1,0.9861412078390722
1,0.8209763432426631
0,0.2711860874020785
0,0.027042191661822163
0,0.07714048088057987
1,0.5305185381127724
0,0.17785422094143089
0,0.355596417609866
0,0.10453437356948261
0,0.09267478953130963
0,0.13550460273380457
1,0.7080787237832725
0,0.04290587176311961
1,0.8773592747258305
1,0.777062907042703
0,0.3855743772079943
1,0.9256733486462981
0,0.10408150221741684
1,0.7299118947589547
1,0.9767302914687234
0,0.037914960940640716
0,0.10312659462725358
0,0.07917742870889018
1,0.985341490231018
1,0.985341490231018
0,0.04468783759630132
1,0.9858081520649967
0,0.09670177069952204
1,0.9814627246611811
1,0.9877385015588767
1,0.9876180172002443
1,0.9834446020887145
1,0.9885670617620194
1,0.9882703100485647
0,0.0696920469826234
1,0.9686190736146749
1,0.9598569857719084
1,0.9463273248028787
0,0.10646600684773182
0,0.10668696744135713
0,0.06587528278531189
0,0.08057347079399357
0,0.10244879815504002
0,0.11827753412717376
0,0.08007221409000946
0,0.13363891427003607
0,0.35054211176182004
0,0.5084709515466227
0,0.3941363197281845
0,0.26840631115414726
1,0.8387781212678764
1,0.9020181756368689
1,0.9075828433897761
1,0.8766432104489189
1,0.9667448933767213
1,0.9075302945408591
1,0.9490665904473347
1,0.9336153985881176
1,0.9365484908404436
1,0.9436961500939308
1,0.9659799997677202
1,0.9303791530986277
0,0.012258372074669724
0,0.007407631693980962
0,0.007157742471167418
0,0.15169422292946863
0,0.15403472708376634
1,0.8333311627864208
0,0.023099910033012955
0,0.11936002215069207
1,0.8484831416523131
1,0.8715773596098146
1,0.7761543515751823
1,0.8573533209244679
1,0.553226616567572
0,0.10801590963339781
0,0.10910303534146736
0,0.036038476794753846
0,0.034766750937805235
1,0.8879429012476172
0,0.08309068683707928
0,0.0935895788959752
1,0.8366151983846692
0,0.14580822490408815
0,0.032034855108648126
1,0.7780622368262431
1,0.9108505950066027
1,0.9765733353256647
0,0.025138351990114247
1,0.9018973240209056
1,0.9622551332967735
1,0.9446678356204166
1,0.9643455747977401
0,0.1896774026182365
0,0.16770252535446886
0,0.05204300117270249
0,0.035181312148601554
0,0.13958427271521995
0,0.16037670192112316
0,0.16150348977996534
1,0.9299091847891738
1,0.8476535342171387
1,0.7339526089675721
0,0.29118683870372297
1,0.5271840602340329
0,0.47251660758392433
1,0.9929890437570893
1,0.9915300435019451
1,0.9926893343619947
1,0.9907708533023255
1,0.9930792162199509
1,0.9877172574004801
1,0.9886710765410988
1,0.9919093687346401
1,0.9928809296377014
1,0.9904768606233514
1,0.9917989123286728
1,0.9935400892075223
1,0.9891990917635625
1,0.9920082542694307
1,0.9925572012539351
1,0.9929608803116501
1,0.9938317584763027
1,0.9887359477906703
1,0.9896497199891287
1,0.8406496939037916
0,0.11954378590164047
0,0.1843994010774101
0,0.15318856019881513
1,0.9151761782947967
1,0.8733462424084077
0,0.055065949829268226
0,0.2190088203850885
0,0.14792627910836792
1,0.9622510422444499
1,0.9632023929719395
1,0.9732565739008964
0,0.14882416594176054
1,0.5404161506466256
0,0.44667143349878435
0,0.4494038524438629
1,0.6717278528411544
0,0.1398156213337251
0,0.07087410628403575
0,0.031182129427272665
0,0.08489682386218367
1,0.9143206138411564
1,0.521445860511991
0,0.07356577566874063
0,0.07814238645953307
0,0.10077710517131314
1,0.7545777759240963
1,0.7877849329030654
1,0.7936093535177001
1,0.7656880235085726
1,0.7524221287051134
0,0.07329873115315773
0,0.18284488769294283
0,0.07693629196694099
0,0.2606567893391922
1,0.9758731660457381
0,0.11047412753313775
0,0.052513819051456856
0,0.06428036632157448
0,0.10151636792262102
0,0.08050816873675623
0,0.08130482043704318
0,0.09309697505552438
0,0.11858943598914748
0,0.0627683318300775
0,0.11139699352172694
0,0.12524573071344966
0,0.12903804270258878
0,0.12246646622650548
1,0.10115122053594913
1,0.462950846739532
0,0.013303470240105858
1,0.515987570965481
0,0.13270223779870197
1,0.8694484485489272
0,0.09036657474247883
0,0.0700267229073533
0,0.024671257781234388
1,0.9085749574700607
0,0.011218339658091856
0,0.07914403869765918
0,0.06704572419882819
1,0.9480603794336909
1,0.945853359158901
1,0.8017761717163003
0,0.06315291518569083
0,0.08646912183112788
0,0.13987545891097922
0,0.2024528327034199
0,0.07660309012834252
1,0.9286458387589541
1,0.971804772080854
1,0.9704688671666329
1,0.9784752557640708
1,0.9552332758493363
1,0.9771208468487431
1,0.9698668031349644
1,0.975575566275999
1,0.8987725796502354
0,0.056961188635568774
0,0.05581195845610326
1,0.757426916896129
1,0.7967959263366557
0,0.06748010224387951
0,0.15724484684717174
0,0.06319920979531675
0,0.12339590005512213
1,0.7248276935715502
1,0.8915491227678836
0,0.12371836000864345
1,0.6745103944077735
0,0.31504087614420095
1,0.7647993637687651
1,0.823942147796054
0,0.09794961571908319
0,0.011398994519054758
0,0.04349610474896925
1,0.5341458789443703
0,0.1331942982162916
0,0.05886267188279617
0,0.08115941196697107
1,0.6547211079831444
0,0.029777259949993768
1,0.8139835735227442
0,0.08921210835252213
0,0.041701211025823186
0,0.05325310287564133
0,0.3551785142638602
0,0.18705539156148548
1,0.8672900796965228
0,0.06736664926929346
0,0.04285371031623188
0,0.2245528739037339
1,0.9290795069362847
1,0.9158601469411405
0,0.07769606323765119
1,0.9300568527164274
0,0.24409863670263504
0,0.15606748084501962
1,0.8935024607760237
1,0.8579756785891808
0,0.0336252737274136
1,0.8003922954873793
1,0.7590779068777438
0,0.15343134364620903
0,0.2235274021754209
1,0.9040050458032768
0,0.29301723138801367
1,0.7380499495770442
1,0.9516574591570978
1,0.8578820684200349
0,0.24969175907220903
1,0.9355996425265911
0,0.03920372436993453
0,0.08099584614465241
1,0.8990640618748508
0,0.12081317217742568
0,0.08466789630776497
0,0.09461619914824514
1,0.8300553093339081
0,0.08231277165336927
0,0.2629114871456233
0,0.02509403682305481
0,0.12051119374427638
0,0.10464064883485337
0,0.10680393852190428
1,0.9944533823627496
1,0.9868185630407179
1,0.98879423711961
1,0.9944533823627496
1,0.9936328296268866
1,0.8382262128862216
1,0.9770828021733907
1,0.9722702150348123
1,0.9770828021733907
0,0.037479860912116116
0,0.03819506724848479
1,0.7933935493892629
0,0.08904034200488718
0,0.1783436053237565
0,0.7568286740095203
1,0.6855742313527607
1,0.7793816182630748
0,0.07055394684247185
0,0.2086107252212279
1,0.949977130689119
1,0.9273786046807969
1,0.8846474088640348
0,0.11332168281137683
0,0.04327610564827805
1,0.8887565801311971
1,0.9774774105861084
1,0.9206556597200644
0,0.0557078370039862
0,0.04167371376028229
0,0.042605944727704494
1,0.366834224531832
0,0.07261300969796816
0,0.04023574666440285
0,0.040764737132996234
0,0.06932207544359743
0,0.04231403652315424
0,0.01692278006137793
0,0.06325988178813904
1,0.9594829713810105
1,0.9312006003068245
0,0.08621063969609132
0,0.04736129518444858
0,0.06518684593798878
0,0.055272832726816004
0,0.4327997422523642
1,0.9333968567351189
1,0.9378310273433582
1,0.914222218585393
0,0.15422709007109725
1,0.9093847962719275
1,0.9420218907133975
1,0.9730193043205666
0,0.11568870980787402
0,0.15846099736842154
0,0.17888581291158218
0,0.10703285836664662
0,0.28846101114492845
1,0.62475968385487
0,0.2951723274077124
0,0.11128424198569177
1,0.7801243126661307
1,0.9117396400414409
0,0.03639501953355872
0,0.23558128725706579
0,0.2392331392904698
0,0.1263791753845089
1,0.6968432436023819
0,0.07834539552724225
1,0.8012342727359758
0,0.061030029238888464
0,0.15238004387240456
0,0.04001703140118561
1,0.9422018530229205
1,0.9514831247368427
1,0.9446106743014733
1,0.8961911494607118
1,0.8135932526925564
0,0.0594050616349394
1,0.9099524555980643
0,0.1502904143004385
0,0.21784092131967325
0,0.08954098465469204
0,0.11285328043225937
0,0.48876727993360547
1,0.7826757671085878
1,0.7947823785477844
1,0.765688282451936
1,0.7623188189353527
1,0.7997048747105824
1,0.7864331646154037
1,0.7663038518853564
1,0.8760049623210086
1,0.6511620750887843
0,0.33964028466525414
1,0.9532161955637026
1,0.8519675411840066
0,0.07877788049190236
0,0.0233678020431142
1,0.8554514973295726
0,0.11049331255881475
0,0.3145166083246803
1,0.9784474624297331
1,0.8118894429408849
0,0.03598308430920808
0,0.11250723008013219
1,0.9475072802688349
1,0.8654822110537477
1,0.9802547245717138
0,0.07785773794869712
1,0.5672785106732616
0,0.1315237017748189
1,0.4050916855164657
0,0.3123515472535541
0,0.05829410671819857
0,0.21136297786868002
0,0.10229467369203224
0,0.03472828024664198
0,0.19456245461365365
0,0.15313492110223043
0,0.13166286904490057
1,0.8465373974778736
0,0.1841396622296388
1,0.8680328235300196
1,0.6308012227467468
0,0.23432770712700837
1,0.8722064568096313
1,0.598553906333827
0,0.009508130894363045
1,0.9489943594336073
1,0.9751590322906896
1,0.979857820902997
1,0.9687245251074147
0,0.056925690777713145
1,0.8284320984003773
0,0.11339361510858435
0,0.03170023259695012
0,0.0262968134322776
0,0.032174292726789046
0,0.04878657384829982
0,0.32972029417749055
1,0.8135776495589335
1,0.9366201488365407
0,0.14445132427878968
1,0.7163267960695969
0,0.12442362141452128
1,0.7122429090393125
0,0.04733876973960308
0,0.07409977239997992
0,0.08380639246008174
1,0.8591476088241904
1,0.8285573226348938
1,0.4422821895989811
0,0.2363863707019652
0,0.2436035033222344
0,0.12030860854588622
1,0.5805694075825796
0,0.18101461079955777
0,0.18930917394907495
1,0.8982159482758341
0,0.23524788645977615
1,0.8389251146617717
0,0.753198892243011
0,0.5450705574644457
1,0.9672834283931089
1,0.965093839786098
1,0.9515373117788859
1,0.9307188387036677
1,0.9260856687137884
1,0.9155286794065691
1,0.9024442501421358
1,0.9071437600271373
1,0.9477876321021323
1,0.9658427720385181
1,0.9614847229645317
1,0.9565511635116541
1,0.9407574841528312
1,0.95630034394377
1,0.9680783608134751
1,0.9562636497285603
1,0.959573741657141
1,0.9649781435811388
1,0.9664765288157467
0,0.07404621092013239
1,0.9538415794477308
0,0.024761411842407974
0,0.02160014285172772
1,0.7203043489903546
0,0.1050001260195144
1,0.8512964306693528
1,0.9300138110735101
0,0.11797992478017115
1,0.8054458103970114
0,0.10047000704088482
0,0.26613675509979123
1,0.7326899468352629
1,0.7896028151187917
0,0.6243064435841417
1,0.9846310522367488
1,0.9849716218560607
1,0.944371692623143
0,0.031449223424521944
1,0.9046308228729505
1,0.8775301310083263
1,0.8350783224109927
1,0.6869513982157928
0,0.13204317526606715
0,0.06048471988682412
1,0.8614894638429129
0,0.13279939947421365
1,0.8060124456901985
1,0.6845582723857365
0,0.026503721597942516
0,0.02801945805856454
1,0.9815162329519539
1,0.9787610817419213
1,0.975219751124039
1,0.8242247963885735
1,0.859604975156947
0,0.12658605637894407
0,0.11342732148581944
1,0.8466994779973597
0,0.04860005561339774
0,0.03416913226376646
0,0.044321412151695994
1,0.8889938059075331
0,0.3159632410258598
0,0.33058688196012925
0,0.021893876120321624
1,0.7951632233765384
1,0.8170782783406868
0,0.2332938575548276
0,0.1469154899996847
0,0.007519834681472164
1,0.9728061321357466
1,0.9456881234991132
1,0.9698765062016973
1,0.8914046937550256
1,0.6978735528602097
0,0.20516194369212065
1,0.8817903457581039
0,0.0538021988387832
1,0.8832048903288648
1,0.8997851958705478
1,0.9092354699854925
1,0.9768669523905291
1,0.9758540564428337
0,0.03876522043479488
0,0.13968524708306698
0,0.10969418453556956
1,0.8522899741801502
0,0.16294560399396607
0,0.06470346532954717
1,0.5463052363696795
1,0.7365880248188579
1,0.8379922227132902
1,0.8276666858917167
0,0.0264208293453726
1,0.9475607750533327
1,0.9527228743861978
0,0.194573773292503
0,0.09594903288034749
0,0.17482724167560262
1,0.967156419006396
1,0.8962545375622849
1,0.9631575352068585
0,0.1840466392990452
0,0.15595673840975216
0,0.11589927689724931
1,0.8881223549444918
1,0.9220017057085216
1,0.9216365994279065
1,0.933618395223095
1,0.9291964915197943
0,0.3233457754233533
0,0.2157411104701806
0,0.0713461391738084
1,0.9103094253173508
0,0.016100150303340426
0,0.15512738072223614
0,0.0733732556533388
1,0.8213746783719902
0,0.10639805812075141
0,0.13313281456235163
1,0.8571537023774112
1,0.8770285927492945
1,0.8506892028996268
0,0.2988151161720679
0,0.057079468779006305
0,0.04339411489238255
0,0.21702611312321857
0,0.06004788979371148
0,0.05764253685486107
0,0.17716547997030963
0,0.12127769081298134
0,0.15145334523949444
0,0.14017780854781312
0,0.13300387432242203
1,0.5395489369196661
1,0.9385991214404275
0,0.25695290277481486
1,0.8996328383685367
1,0.8814618772775416
0,0.14577764457153125
1,0.8621820720792993
1,0.948531863085377
1,0.9354182069921799
1,0.6649767745477679
0,0.2648795265219481
0,0.334421153762288
0,0.20728595939772454
1,0.8984110615501346
0,0.10866715119091166
1,0.9616936403212554
1,0.9244661938890374
1,0.9596126588595923
1,0.7747087781257131
0,0.10068894828437415
0,0.1806437486711497
1,0.8848219188885953
1,0.7765900404742176
0,0.2533398016331819
0,0.09889089915133582
1,0.8499010319463184
0,0.03711182530821263
1,0.7512766570230159
0,0.22692748722010586
1,0.8986679865693653
0,0.09082418488396964
1,0.9171905680309274
1,0.9250871500371541
1,0.9338128300554028
1,0.469404814350423
1,0.9268018378686494
1,0.754092833479943
0,0.27005901957520073
1,0.9765415700435608
0,0.03073437527215183
0,0.03683032729785587
0,0.05598591580079492
0,0.15437519283241247
1,0.8336084531765559
0,0.17022918232949188
1,0.9833980618948838
1,0.8487018338896473
1,0.9006443936252114
0,0.06869842295981181
0,0.1615096684042947
0,0.23646788393055745
0,0.9447347883927278
1,0.970078535064564
1,0.929288625831799
1,0.9643659559809367
1,0.9341006774388931
1,0.9156100364960577
1,0.9193412841949457
1,0.9176237383101942
1,0.9339314135646998
1,0.9371546189150151
1,0.9736576845978464
1,0.974331153313365
1,0.9712190982701772
1,0.9523850681179036
1,0.9701810435613638
1,0.9557869822404516
1,0.9585435268442387
1,0.9600864037754534
1,0.9568549666587471
1,0.9425216913394535
1,0.9710649751251083
1,0.9565306004951524
1,0.9714054395674707
1,0.9098712853744343
1,0.9380849042990418
1,0.9523794132866168
1,0.9740768182010775
1,0.8721664766274562
1,0.8760589334187924
0,0.2443756147336692
1,0.9391769643672758
0,0.15429641555357634
1,0.9248835972360928
1,0.7147233709165794
1,0.8168332269283214
0,0.06166673463686028
1,0.9655687870238686
1,0.9428123588746596
0,0.09805720726544377
0,0.0880212274968489
0,0.18360486191246317
0,0.08668136292699372
1,0.6180393075973208
1,0.9647397791209175
1,0.9276618946922999
0,0.10190455983732868
0,0.1254658320597024
0,0.11826380928125407
1,0.8463967658981962
1,0.9058688791889608
1,0.8330702603881489
0,0.5476786665610738
1,0.8658212153278518
1,0.8114331278216643
0,0.23455438880919555
0,0.1985558594275056
0,0.07894480070167548
1,0.7236588267102367
0,0.025295311785841545
0,0.018092723333651
1,0.9624945711062337
1,0.8780086907196512
0,0.12720749504752968
0,0.02629146107784785
0,0.03430144705115701
0,0.0307659124828565
0,0.03287774105778739
1,0.9374060089454181
0,0.04447740527540708
0,0.10073860039089934
1,0.8712980555862705
0,0.04412216637303053
0,0.6294590040450392
0,0.6294590040450392
1,0.7197276082234656
1,0.7197276082234656
1,0.654981466831419
1,0.7366937755637514
1,0.7234212324788296
0,0.120784429145258
1,0.8792541019126487
0,0.0900626991099073
0,0.16983242597807488
0,0.05838849491549316
0,0.07504579962136779
0,0.26201341365433534
0,0.2181882207471009
1,0.7514962807564534
0,0.08607387624891277
0,0.16067525882717945
0,0.12890985213776077
0,0.03670148183486802
1,0.8909075754719507
0,0.11351845126433155
1,0.49582531782412004
1,0.6432862438812007
1,0.9141453557067276
1,0.8465979990115958
1,0.8592465403586963
0,0.11674259296149912
1,0.9168196073183089
1,0.8969041431933437
0,0.04708251201633932
1,0.9351286479949255
1,0.4641249748466522
0,0.11688231835598022
0,0.10296068155094401
0,0.2697570147831391
0,0.2236419064188431
0,0.25194119521054675
1,0.5899444024995198
0,0.37308950959008386
1,0.9826294422521271
0,0.23236875831283893
0,0.08073407791579233
0,0.13789764996738882
0,0.11319637844168629
0,0.25744766850451534
0,0.06010430329481294
1,0.877948226452137
1,0.8375709270870603
0,0.09759829477388303
0,0.05885620315332865
1,0.9348804300217789
0,0.15216363638018035
1,0.8934019236120915
1,0.7458546877721741
0,0.12367198767486573
0,0.024288554594878255
1,0.6518352686480617
0,0.16117127569319822
1,0.8002372879349336
0,0.2671751532630151
0,0.2587653787668182
0,0.4501079983015691
1,0.9227746824129545
1,0.9256188717122192
1,0.8386040096294941
1,0.9392758317939278
1,0.9391514180048628
0,0.11383300865152253
0,0.190694088972312
1,0.866751831375226
1,0.62870641955196
0,0.05650329874369519
0,0.08549908213446963
1,0.739662787447728
0,0.4345912981981255
0,0.3868821959402843
0,0.06446056897806031
1,0.9307149786231906
1,0.936581258355098
0,0.05455402307449524
0,0.05854798359326489
0,0.1595250362727485
1,0.9559383381679203
1,0.9022162396393673
1,0.7583133560879165
0,0.406110062947534
1,0.6572511961422163
1,0.911908045250557
1,0.6956297380530613
1,0.8481519575898528
0,0.35149155832420975
0,0.5138230259843934
0,0.2583280177813413
0,0.10196531044588979
0,0.11045481309858289
1,0.7785881897952646
1,0.9657338534898104
1,0.96210578153733
1,0.964252880313384
1,0.9197650993292331
1,0.9669393467856146
1,0.962062476529018
1,0.7587127786131933
1,0.8889190531093457
0,0.1516035211614323
1,0.9703189016976494
1,0.859101691059516
1,0.937501875441332
1,0.8411950184107906
1,0.8262949701401004
0,0.12611601052058938
1,0.9505554496692896
1,0.9617946533551919
0,0.026438765896506598
1,0.906647342805338
0,0.19361023640757713
0,0.01305352868958954
0,0.014170658983109652
0,0.06713443883445418
0,0.051537201262703176
0,0.19160340879957719
1,0.8451314727927246
0,0.042846232963408386
1,0.8880517001359883
0,0.11058697786303066
0,0.22117754834698625
1,0.575741604846333
0,0.09235581982131125
0,0.11618718751075227
0,0.11870163991251133
0,0.22435453190672
1,0.9797879416895415
1,0.9797879416895415
0,0.13577184068904313
1,0.668579477850424
0,0.06813410819348023
0,0.05634449271668986
0,0.32858777088711216
0,0.10053738443401997
1,0.4722312413374356
0,0.06123152601624478
1,0.8412156862043327
0,0.049484466504915205
1,0.9839330996106245
1,0.5813439564846555
0,0.09943745202853828
1,0.8863521092801017
0,0.13012333054682776
0,0.07972896498303216
1,0.8858209741936097
0,0.4898232198149866
1,0.900730379777054
0,0.3471078956998405
0,0.13329461907441403
0,0.12921355995306608
0,0.05239916016450156
1,0.5680122652153363
0,0.173916490184408
1,0.5517920380301246
0,0.11160289910948434
0,0.07054383352635961
0,0.1114895110237778
0,0.14337655242474323
0,0.11075575985461215
1,0.8454623724256747
1,0.8763323904916347
0,0.11820198592159753
0,0.06398899279539204
0,0.03557796069338436
0,0.04089242540778411
0,0.24268154400056202
0,0.022143560509010323
0,0.033219850370927166
1,0.958100486314668
0,0.015886843024907164
0,0.05699538069134293
0,0.0978408415448937
0,0.04469613363006994
0,0.19912517895957246
0,0.09150978920019155
1,0.8946201883197435
0,0.29942088605326217
0,0.19182064174879992
0,0.13730954452874727
0,0.007568593414536198
0,0.2581351517471574
1,0.27539910825915503
0,0.16873618415858258
0,0.14066892435144757
1,0.9889994887730478
1,0.9810185824583257
1,0.9783016906918268
1,0.9204275778464877
0,0.07039143262803162
0,0.1603391911719658
0,0.2152633485046357
0,0.24983875915916495
1,0.8895481782305326
0,0.12644861043507274
1,0.7679579646177197
0,0.18959583094474014
0,0.23539529317731087
0,0.02411903010907446
0,0.04408004892339183
0,0.030060865279073416
0,0.02969997013550538
0,0.12910214706343856
0,0.0872965574180525
0,0.13336227839087483
0,0.1635827791858777
1,0.8569169252492514
1,0.8941199563556002
0,0.13011489383040203
1,0.7684483632311071
1,0.9848454040286911
1,0.7632939956420326
0,0.15421427776309088
0,0.1454377517975244
0,0.06791282386664621
0,0.05158672595601904
0,0.3043826099149121
0,0.052017313909395
1,0.9724326480849407
0,0.02856091659103198
0,0.053466660754579336
1,0.19582884010793544
0,0.059738373012282686
0,0.14391165773442313
0,0.18075848050494764
0,0.27455152501858043
1,0.8926824674861723
1,0.9678525541899405
1,0.9454499910750576
0,0.026476487260677417
0,0.3354620530390245
0,0.2042179632133551
1,0.9282982441696409
1,0.9090129659216489
1,0.93239739326755
1,0.9853847216057866
1,0.9821617616387034
1,0.9726295778371107
0,0.08945340736669047
1,0.8569282340172475
1,0.9338702396019953
0,0.06869158948963223
0,0.1053339255250266
1,0.9450121057433297
1,0.7705596619241543
0,0.07066118198656132
1,0.7452141439208679
0,0.10234236375122639
1,0.3273860125035746
0,0.059126570848766075
0,0.16075527688824576
0,0.1213781853970394
1,0.9367342394806764
1,0.8395981852348009
0,0.14160750358972474
1,0.9044530113739864
1,0.9114788941663097
0,0.06409435484157523
1,0.9675713755479307
0,0.025803395471747172
0,0.7675682650999959
0,0.8650762853311995
1,0.8150501954812001
1,0.8323399419877278
1,0.8273677290869221
1,0.7935561555740552
1,0.9928136736916007
1,0.9561790538529155
1,0.8273246549272026
1,0.6086077242148519
1,0.987182041140576
1,0.9263892863586933
1,0.8402581717061561
1,0.9165133225756664
0,0.5396572132158872
1,0.9255778120372996
1,0.9268512082062119
0,0.12102876729941629
0,0.18372987055280915
0,0.1930064389121303
0,0.07354218097376855
0,0.05779760443950057
0,0.040962155903580426
1,0.6167068615344917
0,0.4243485409481582
1,0.8012381105867264
0,0.07178595865776004
1,0.6398112787682283
0,0.10452212696926176
1,0.8994944593697306
0,0.12030770444488625
0,0.3360814367224138
0,0.08504913251312507
0,0.21545379257693786
0,0.1843957984871443
1,0.7778304743376033
0,0.23014401162992135
0,0.20529641535795812
0,0.3777028696248846
0,0.051369385894783355
0,0.07827535796321884
1,0.9276501635873108
1,0.9554982461140809
1,0.7127711069847792
1,0.6498636455683757
1,0.9668182049587855
1,0.8418016798225679
1,0.6921068979452842
1,0.7356233929831416
1,0.8387454236619647
1,0.883358761554455
1,0.9253826919824247
1,0.8328370618543511
1,0.632370394388923
0,0.1968514639523453
0,0.16636765563184203
0,0.2373016853534292
0,0.3678846023850793
0,0.7232754637564708
0,0.31067941314354997
0,0.18632825884876966
0,0.2921991651730791
0,0.2618272072263753
0,0.144149694227293
1,0.8297917109491664
1,0.7924686480071519
1,0.695487016767081
0,0.08395306224452309
1,0.9149379248194699
1,0.929768534481899
1,0.8681021694733584
0,0.1394353065659167
0,0.133767235490202
0,0.1396990779222859
1,0.749242164865938
0,0.06527270500469352
1,0.9069807626139349
1,0.6633603031247677
0,0.2575692632917123
1,0.5318123213699426
0,0.43922255054208
0,0.3464785300298774
1,0.7623926490082481
0,0.12181247038615402
0,0.11542301768007386
0,0.2628939749644833
1,0.5513454104282013
1,0.9310640124374802
1,0.9121502144104228
1,0.8861822068520637
0,0.237106246671286
0,0.14038153188175237
1,0.8272084184098755
0,0.1495850139238144
0,0.07172318526171359
0,0.07116589649351558
1,0.8430903343849553
0,0.18755412829228602
0,0.28947827161684947
0,0.20384454880423405
1,0.5062682764874428
0,0.12420553946039038
0,0.07071296762222444
0,0.1718472116053411
1,0.6429982951645986
0,0.18320686635478986
1,0.7256322599228643
0,0.0680069155678998
0,0.0905846668233337
1,0.8974226200262995
0,0.1515850958333918
0,0.08698248335899715
1,0.8946533230284517
1,0.925455787076082
1,0.936309365374025
0,0.01809403791124242
0,0.023572558063085305
1,0.7611256299913154
1,0.7444244479273349
0,0.15457842859069704
1,0.8539379152252979
1,0.7868806708582582
0,0.19950703933272446
1,0.8444659529758293
0,0.13880505399799775
0,0.03408543232918548
0,0.014190196689045313
0,0.012127418855689066
0,0.010354813149375303
0,0.12203067999286848
0,0.048916442984173865
0,0.08915709775868642
1,0.8220288815356452
0,0.03036606870614273
0,0.027496827437340225
0,0.033325412778327186
1,0.8682189525817018
0,0.019102311625766834
1,0.9176763291347447
1,0.8147178824622314
1,0.5352290484230464
1,0.9836513072642378
0,0.16420461060201608
0,0.09126706685659146
0,0.029553055134215047
1,0.8532634321660797
0,0.12174933782387184
1,0.8777154028256381
0,0.22833005007749624
0,0.40292115397324746
1,0.8553432785412434
0,0.21177406663684117
1,0.6569666459728958
0,0.03346372410845165
1,0.6618800272847692
1,0.8534360586938556
0,0.029818036141259475
1,0.9328031639641512
1,0.46721429879499415
0,0.20010772083466954
0,0.09159894196517003
0,0.02530019199920324
0,0.022081361559535218
0,0.02578203946037251
1,0.7576716184584774
0,0.18450160510941532
1,0.8774923509291214
0,0.04197906564866614
0,0.03366046968477105
1,0.6637134607699351
1,0.8783996608538361
1,0.9089653049077854
1,0.8089746154745777
1,0.8904839922653697
1,0.8587798425420231
1,0.9017003898890813
1,0.9562874203330639
1,0.9575129109591198
1,0.9566751047659185
0,0.06998471986468566
0,0.09293175951530373
0,0.06820265386293013
0,0.07669000065950862
0,0.16310948162147873
1,0.9188858061783132
1,0.6194523083094894
1,0.8326843897314155
0,0.027753245760587197
0,0.032158388221801414
0,0.0372142248168385
0,0.03068480758405528
1,0.9618056681188359
1,0.9489185178712954
0,0.19492545365762928
0,0.09026025454469154
0,0.08465270227247457
0,0.21500561683766875
0,0.0907813724489584
1,0.22349248530926102
0,0.06157108826323675
1,0.8333349211240075
0,0.28795283626235724
1,0.8958390194088542
1,0.4710680447769054
0,0.29893006885888296
1,0.9000970507047126
1,0.9468575508248133
1,0.8925197808256546
1,0.936400991988919
1,0.939238031937735
1,0.8340351952067574
1,0.7168137250994568
1,0.8521062929821317
1,0.6118197887063489
0,0.13041139592332618
0,0.033746754903166164
0,0.11362106936550563
0,0.046011991155624765
0,0.043899918366087934
0,0.23275922917296435
1,0.9683725474504423
1,0.9704621548694904
1,0.3034151638626944
0,0.09636821447211484
0,0.08013163462095577
0,0.08116860582971967
0,0.08340052098749726
0,0.11052875637617801
0,0.17986353791850326
1,0.7426049121708647
1,0.7565428246120978
1,0.8846992351096306
0,0.05515148466325041
0,0.12419397322756252
0,0.1451323163830593
0,0.06494737920752655
1,0.8242467265053834
1,0.459197342975259
0,0.09121438584727663
0,0.10815168004884641
0,0.06878917340478323
0,0.09208042307526369
0,0.08970714422538621
1,0.8548830979921019
1,0.9005455910533593
1,0.9666649025533387
0,0.12996866749002614
0,0.1712497677042882
0,0.11160294739110767
0,0.07031248932088635
0,0.2060032924730608
1,0.9769638512188183
