y_true,y_prob
1,0.466971
0,0.30934706
1,0.3234634
0,0.28991866
1,0.7013662
1,0.4264858
1,0.6514039
0,0.31607902
1,0.3745092
1,0.6679959
1,0.3863476
1,0.56937045
0,0.23626162
0,0.38287818
0,0.45288384
0,0.38849387
0,0.48730862
0,0.2804337
1,0.72361195
1,0.6926801
1,0.6784892
1,0.62461686
1,0.6389098
1,0.6364655
1,0.62461686
0,0.6203886
1,0.65211684
1,0.6203886
1,0.6203886
1,0.6340728
1,0.63580084
1,0.651932
1,0.6886278
1,0.3844096
1,0.6706999
1,0.3758079
0,0.55053484
0,0.5015689
0,0.64338076
1,0.6766635
0,0.60349977
0,0.58017445
1,0.5794356
1,0.6071077
1,0.57997924
1,0.57921124
1,0.57940114
1,0.48093927
1,0.5792223
0,0.2790283
0,0.5478132
1,0.7319122
1,0.70088583
1,0.7331822
0,0.73437244
0,0.23741212
0,0.25186974
1,0.48497626
1,0.33418775
1,0.62955654
1,0.4977245
1,0.70804775
0,0.60351294
1,0.70405746
1,0.6448985
1,0.2923296
1,0.68758434
0,0.7294789
0,0.7121351
1,0.28894454
0,0.30066887
0,0.27979895
0,0.2448185
0,0.38523036
1,0.69114816
1,0.55048263
1,0.7103263
0,0.6422651
1,0.6902299
0,0.57269585
0,0.33771953
1,0.60809636
1,0.63775206
1,0.70629036
1,0.6922195
1,0.71276927
0,0.33491918
1,0.7033336
0,0.3445514
0,0.3445514
0,0.37646127
0,0.51679134
0,0.38838476
0,0.44270757
0,0.2951331
1,0.5951679
0,0.23661442
0,0.2692288
1,0.42430443
0,0.3374699
0,0.59555626
1,0.6800257
1,0.23474541
0,0.26356936
0,0.23058675
0,0.22582184
0,0.23445152
0,0.35147482
0,0.28115773
0,0.23259635
0,0.2987069
0,0.2177257
0,0.36421582
0,0.24389306
0,0.68279445
0,0.654629
1,0.4654725
0,0.6150973
1,0.64754874
0,0.6467042
1,0.7207376
0,0.3509557
1,0.50124085
1,0.6301178
1,0.5678891
0,0.43301636
1,0.41501036
1,0.6256038
0,0.26963463
0,0.3375487
0,0.41142493
1,0.4173948
0,0.26993448
1,0.60839933
0,0.26196402
0,0.26874608
0,0.24106488
1,0.3956
0,0.21721122
0,0.21813501
1,0.59225833
1,0.20510715
0,0.20505814
0,0.20505981
0,0.20505509
0,0.20506583
0,0.20506267
0,0.20508277
0,0.20508298
0,0.20508298
0,0.20505433
0,0.20509346
0,0.20507066
0,0.20505513
0,0.20516436
0,0.20505355
0,0.20508298
0,0.20505433
0,0.20505355
0,0.20505854
0,0.20507888
0,0.20507888
0,0.20511986
0,0.20505343
0,0.20507888
0,0.20516436
0,0.20507888
0,0.20506671
0,0.20506342
0,0.20508474
0,0.20517136
0,0.20512356
0,0.205078
0,0.20512356
1,0.39335987
1,0.52563965
1,0.41541845
1,0.28494382
1,0.2979607
0,0.33449835
1,0.57620335
1,0.7054339
1,0.49639177
1,0.44820085
0,0.61509985
1,0.60622334
0,0.56336653
0,0.6115849
0,0.53727114
0,0.52841747
1,0.5736475
0,0.41433942
0,0.5182033
0,0.36659285
0,0.26822057
1,0.632955
0,0.6001327
0,0.30074775
1,0.4380062
0,0.29254657
0,0.32861403
0,0.6277665
1,0.45821282
1,0.4927151
1,0.5554917
1,0.69899523
0,0.36243975
0,0.31268927
0,0.24097995
0,0.23051342
0,0.4626789
1,0.5572032
1,0.64647436
1,0.6367091
1,0.679449
1,0.44320458
1,0.6493677
0,0.3783817
0,0.241523
0,0.37895915
0,0.36166885
0,0.3614942
0,0.3614943
0,0.3054628
0,0.28259125
0,0.25609586
0,0.38705194
1,0.40977374
0,0.22304572
0,0.32837358
0,0.29577735
1,0.63161784
1,0.5929755
0,0.57401776
0,0.5742151
1,0.705515
1,0.24645154
1,0.7031388
0,0.5778797
0,0.4093659
1,0.677775
0,0.6057782
0,0.49829528
0,0.50337845
0,0.6282829
0,0.60396314
1,0.7008705
1,0.637632
1,0.47969064
1,0.5989256
0,0.7181258
1,0.71337247
0,0.6459234
0,0.6459234
1,0.7053753
1,0.7053753
0,0.2955972
0,0.3584698
1,0.32380804
1,0.32380804
0,0.65222853
0,0.2699142
0,0.6145461
1,0.6933612
1,0.6214409
1,0.64534044
1,0.6121491
1,0.64323616
1,0.6291745
1,0.6082159
1,0.6238464
1,0.62759244
1,0.6291745
1,0.63582754
1,0.37853137
0,0.45027322
0,0.31811595
1,0.3721685
0,0.2780898
0,0.2589082
1,0.62917376
1,0.549631
0,0.4895272
1,0.47054628
1,0.6774674
0,0.35068917
0,0.3733867
0,0.30890563
1,0.22521481
0,0.3769436
0,0.21639535
1,0.5082604
0,0.40525818
1,0.46664214
0,0.37303495
0,0.54253936
0,0.6177187
0,0.2665797
1,0.629472
1,0.38152748
0,0.51370347
0,0.23235393
0,0.257986
0,0.22976056
0,0.31470254
0,0.31470254
0,0.23857173
0,0.3693223
0,0.27076042
1,0.3890581
0,0.38915232
1,0.6957158
0,0.4323861
1,0.7313737
1,0.5413425
0,0.5458878
1,0.36594775
1,0.4731581
0,0.59368265
0,0.6905956
1,0.35610119
0,0.42417324
1,0.7109629
0,0.31165016
1,0.3423633
0,0.28843203
1,0.61200386
1,0.54184055
0,0.27704182
0,0.34097475
0,0.205728
0,0.20740783
0,0.29491407
0,0.5422698
1,0.6949105
1,0.39179495
0,0.48538482
1,0.59975135
1,0.59179336
1,0.6184344
1,0.5948094
1,0.6153655
1,0.48877245
1,0.7121099
1,0.3162931
1,0.5078862
0,0.388515
1,0.7207173
1,0.6860244
0,0.29863364
1,0.6631266
0,0.3855857
1,0.40521422
1,0.512624
0,0.24102224
0,0.2777582
0,0.27893344
0,0.41710213
1,0.59299827
1,0.5589387
0,0.26188838
1,0.6052338
0,0.57502985
0,0.41572422
0,0.28114304
1,0.38378644
0,0.2196386
0,0.35690942
1,0.38888988
1,0.35526255
0,0.30407637
0,0.5082394
0,0.6083624
0,0.5091138
0,0.5906732
0,0.44287387
1,0.6757697
0,0.6734997
1,0.33368695
1,0.43293506
0,0.34991628
0,0.57153225
1,0.62471366
0,0.671386
0,0.62761134
1,0.54106605
0,0.54106605
0,0.4348414
1,0.62761134
1,0.54106605
1,0.4348414
1,0.54106605
0,0.62761134
1,0.54106605
0,0.6709626
1,0.6709626
0,0.6709626
1,0.6765493
1,0.66174215
0,0.67148924
1,0.6620697
1,0.50843
0,0.24538873
1,0.4700051
1,0.6493315
1,0.45997816
1,0.6368256
1,0.32008472
1,0.4758977
1,0.4154112
1,0.36105895
1,0.46393472
1,0.37527928
1,0.44572836
1,0.45852914
1,0.5732591
1,0.39680147
1,0.37527928
1,0.46393472
1,0.37527928
1,0.34515247
1,0.41247258
1,0.37527928
1,0.3532521
1,0.37527928
1,0.4457157
0,0.5959342
0,0.6143282
1,0.45391265
0,0.29500094
0,0.39656973
0,0.37926614
0,0.46268174
1,0.56938493
1,0.49961668
0,0.6223369
0,0.25647697
0,0.2663022
0,0.34378505
0,0.24903385
1,0.6310195
1,0.66717744
0,0.5379257
1,0.41369554
1,0.41369554
1,0.41369554
0,0.33231503
1,0.73180693
1,0.3656528
1,0.6331227
0,0.3305325
0,0.5191749
1,0.67153287
0,0.45929962
0,0.6246288
1,0.36165008
0,0.5954343
1,0.23016883
1,0.66975343
0,0.26021978
0,0.29038617
0,0.35290545
0,0.3550568
0,0.3441977
0,0.3575928
0,0.3926247
1,0.46905518
1,0.3321146
1,0.6030418
0,0.21958438
1,0.36181423
0,0.22642277
0,0.29459897
0,0.43108916
0,0.4091741
0,0.43108916
1,0.48891303
0,0.6464366
0,0.2306251
0,0.6397641
0,0.3738382
1,0.5024696
1,0.346055
1,0.5929371
1,0.58678746
1,0.45960042
1,0.61395174
1,0.5892719
1,0.48031548
1,0.5839947
0,0.3312533
1,0.48839223
1,0.46106514
1,0.40321726
1,0.54098123
1,0.2552485
1,0.40424314
0,0.6956964
1,0.63145196
1,0.63145196
1,0.63145196
1,0.62219
0,0.2313298
1,0.62578905
1,0.6375685
0,0.4938377
0,0.4265098
1,0.67839956
0,0.27538836
1,0.5810646
0,0.3594406
1,0.71308255
0,0.3803272
1,0.720875
1,0.47574064
1,0.6282402
0,0.37514523
0,0.41913542
1,0.21594329
1,0.69126135
1,0.64649487
0,0.35665467
0,0.22205397
1,0.6886443
1,0.7137675
0,0.21436125
1,0.5388032
1,0.6130333
0,0.5221249
1,0.26288712
0,0.3079562
1,0.2886582
0,0.3399381
1,0.6349417
1,0.56559074
0,0.44417554
1,0.44583184
1,0.7008037
1,0.306359
0,0.47791332
1,0.39201412
0,0.27780005
0,0.67344594
0,0.68022454
1,0.5982446
1,0.655512
0,0.3754481
1,0.3413193
0,0.7223214
0,0.6205559
1,0.487445
0,0.41019225
1,0.6581756
0,0.31289667
0,0.6719347
0,0.35772708
1,0.7278742
0,0.57260394
0,0.46594137
1,0.70256615
0,0.22906528
0,0.24966677
0,0.61591744
1,0.61395395
1,0.6111203
0,0.6927024
0,0.7299137
1,0.7242682
1,0.7264738
1,0.6681195
1,0.6350094
0,0.27600253
1,0.46893442
1,0.69343233
0,0.4171037
0,0.41706085
0,0.4885292
1,0.64093924
0,0.57010245
0,0.59419906
0,0.5612894
0,0.30331102
1,0.70016646
1,0.35593316
1,0.35593316
0,0.4845141
0,0.36415455
0,0.6206517
0,0.21528095
1,0.67663264
0,0.33368152
0,0.5093712
0,0.5366304
0,0.5366304
1,0.7205657
1,0.36903504
1,0.6499079
0,0.2499785
1,0.5820315
1,0.61119056
1,0.6309643
0,0.5479543
0,0.44797266
1,0.56448704
0,0.47981867
0,0.6807412
0,0.69884145
0,0.7287252
0,0.28659147
1,0.68497413
1,0.69773966
0,0.4823204
0,0.39317554
0,0.4777656
0,0.40861955
0,0.34379026
1,0.5788286
1,0.5788286
1,0.7024668
1,0.73009574
0,0.28548992
1,0.31914982
1,0.39739743
1,0.48865807
1,0.47765625
1,0.40073937
1,0.67517847
1,0.6673708
1,0.65062344
1,0.67597616
1,0.6630594
1,0.689947
1,0.64204925
0,0.5808121
1,0.6321456
1,0.6321456
0,0.31535304
0,0.2265465
1,0.6614005
0,0.44169047
0,0.387287
0,0.63425803
0,0.45537004
0,0.70655125
0,0.3389292
0,0.37884066
0,0.63873005
1,0.624259
0,0.26429006
1,0.30552816
1,0.72338784
1,0.7021797
1,0.38281307
1,0.39000687
1,0.6878457
1,0.38011408
1,0.720585
1,0.7215664
1,0.31557953
1,0.36124706
0,0.56239843
0,0.6924503
0,0.2157712
1,0.44451427
0,0.39975345
0,0.36275718
0,0.36946762
1,0.5670757
1,0.7317449
0,0.27464694
0,0.35870063
1,0.6858103
1,0.4045913
1,0.3353158
1,0.23749073
0,0.37549716
1,0.39058542
1,0.73091114
1,0.6156751
1,0.42083347
1,0.4342683
0,0.7014311
0,0.6022049
0,0.21743923
0,0.23077941
0,0.21974652
0,0.2192175
0,0.56258106
1,0.4284943
0,0.2541617
0,0.29982513
1,0.4439963
1,0.31420016
0,0.3083731
0,0.28498474
0,0.40959713
0,0.5311036
0,0.2330254
0,0.2330254
0,0.33796903
1,0.341492
0,0.5862627
0,0.5903623
0,0.6075963
1,0.6248181
0,0.22232698
1,0.70191574
1,0.4159431
0,0.32006332
1,0.5983389
1,0.591405
1,0.40630215
0,0.4959305
1,0.32254255
1,0.71044123
0,0.6342019
0,0.5953393
1,0.3489677
0,0.44359556
0,0.35936466
0,0.29914635
0,0.4180789
0,0.32489297
1,0.34736845
1,0.5904784
1,0.42325157
1,0.6872791
0,0.48840818
0,0.39801177
1,0.53520554
0,0.27163905
1,0.35055628
1,0.6255293
1,0.63366026
0,0.40151095
0,0.32344678
0,0.3655065
0,0.27817035
1,0.4486542
1,0.44848382
1,0.5809128
0,0.4488375
1,0.58144796
0,0.6241429
1,0.411256
1,0.411256
0,0.51072276
0,0.5900154
1,0.356192
1,0.5992398
0,0.42710617
1,0.42385533
1,0.31758577
0,0.28503147
0,0.30770305
1,0.2897588
1,0.34554413
1,0.39401555
1,0.40696916
0,0.33072254
1,0.43757665
0,0.69275254
1,0.40312228
0,0.5052761
0,0.38943812
1,0.6438838
1,0.70316553
0,0.45462358
1,0.35519174
1,0.5678241
1,0.4607762
1,0.52225477
1,0.4365129
1,0.5003272
1,0.3268659
1,0.39676306
1,0.40047142
1,0.716092
1,0.71976125
0,0.314273
1,0.733446
1,0.72830755
1,0.7262749
1,0.72236454
1,0.72873783
1,0.7340238
1,0.7324625
1,0.7312745
1,0.73224056
1,0.73089546
1,0.7324693
1,0.73139733
1,0.7301109
1,0.7301109
0,0.27468133
1,0.6529139
1,0.378427
0,0.3805109
1,0.40660402
1,0.6211324
0,0.5969107
0,0.4092562
0,0.49101675
0,0.29269627
0,0.3942593
0,0.6329745
1,0.6286484
0,0.3335577
0,0.41905954
0,0.35267034
0,0.21088068
0,0.41645476
1,0.7219754
0,0.31356192
1,0.6065719
1,0.32980075
1,0.26625985
0,0.31122467
1,0.22167782
0,0.62309825
0,0.57011974
0,0.6313236
0,0.5969825
0,0.6026704
1,0.60637593
1,0.6322516
1,0.6232876
1,0.58751506
1,0.61752397
1,0.6336235
1,0.3125877
0,0.46182242
0,0.6389743
0,0.30795875
0,0.73032665
0,0.7340663
1,0.73417443
0,0.40241995
0,0.5114068
0,0.5238917
0,0.40446582
1,0.57469726
0,0.70904255
0,0.69086266
1,0.7148051
0,0.36983526
0,0.25583586
1,0.6501721
1,0.5127411
1,0.49889478
0,0.39531007
0,0.53123915
0,0.37487584
1,0.60251176
1,0.3766937
1,0.6140371
1,0.36229014
0,0.32794836
0,0.24073862
0,0.33811405
1,0.6656221
1,0.32541254
1,0.37293038
0,0.37418172
0,0.2613116
0,0.28962728
0,0.42495516
0,0.4140323
0,0.31512305
1,0.66026026
1,0.63704747
1,0.6370635
0,0.3946873
1,0.25493172
0,0.27448282
0,0.41349468
1,0.7116504
1,0.35088375
0,0.31511605
1,0.4314738
1,0.59784144
1,0.27186757
0,0.5070081
1,0.573087
1,0.55549616
1,0.263166
1,0.33135545
0,0.46136504
1,0.5218789
0,0.29435372
0,0.6977767
0,0.43972322
0,0.71646523
0,0.3707134
1,0.36008158
0,0.40870795
1,0.6370081
1,0.3405584
0,0.314662
0,0.4446278
1,0.6365409
1,0.4471296
0,0.46611103
0,0.55982625
0,0.4032579
1,0.62874377
0,0.546893
0,0.5837916
1,0.38689244
0,0.58124137
0,0.4302131
0,0.44458807
0,0.23039503
0,0.45316476
1,0.3854103
1,0.68875456
1,0.6119517
1,0.47458863
0,0.48484495
0,0.5479082
0,0.5479082
1,0.25646257
1,0.2852126
0,0.27920306
0,0.27295372
0,0.2828724
0,0.27546835
0,0.5614588
0,0.6801779
1,0.70214236
0,0.26664078
0,0.28333595
1,0.60079086
1,0.3000634
0,0.55745864
1,0.29906264
0,0.24500617
1,0.44334978
0,0.47378007
0,0.39079478
0,0.57378817
0,0.24090056
1,0.70828474
1,0.70828474
1,0.70828474
0,0.30328363
0,0.42325038
1,0.71470916
1,0.49270618
0,0.6102601
0,0.30223364
0,0.32855362
0,0.49272963
0,0.40141356
1,0.38518065
1,0.32209015
1,0.36910412
1,0.36910412
1,0.40141362
1,0.32209012
1,0.4311098
1,0.36910412
1,0.35903424
1,0.42433217
1,0.40141356
0,0.5734728
0,0.71469176
1,0.44618446
0,0.4434985
0,0.38300222
0,0.6437522
1,0.70631677
1,0.70116675
0,0.38556346
1,0.43396246
1,0.6147605
0,0.5657165
0,0.53824085
0,0.7225925
0,0.5776461
1,0.63977623
1,0.64837134
0,0.5944334
1,0.6679958
0,0.22812344
1,0.46306327
0,0.2811246
0,0.71289897
1,0.6119803
0,0.37433398
1,0.6368233
0,0.23692869
0,0.27003628
0,0.30222753
0,0.7051055
0,0.7181543
1,0.47166005
1,0.58484936
1,0.585058
0,0.24708536
1,0.7267598
1,0.3469795
1,0.6386521
0,0.25106975
0,0.35875663
0,0.39412543
0,0.30422327
1,0.7106166
1,0.43834573
1,0.67816305
0,0.61037344
0,0.5911167
1,0.70574653
1,0.6489172
1,0.6124934
1,0.62641937
1,0.62641937
1,0.5905384
1,0.690351
0,0.5093518
0,0.5533198
0,0.3615117
1,0.72871625
0,0.4302106
0,0.35161817
1,0.7028353
1,0.24168138
1,0.35832962
1,0.65810114
0,0.7169146
0,0.6131543
0,0.69735694
0,0.64531446
1,0.55141544
1,0.5506568
0,0.5617744
0,0.62694496
0,0.47735482
0,0.5878654
0,0.66691124
0,0.52274954
1,0.57157934
1,0.5687165
1,0.57157934
1,0.57157934
1,0.2546505
1,0.61726654
1,0.6722495
1,0.5063304
0,0.53593653
0,0.28974485
1,0.63627243
0,0.6034491
1,0.3813557
0,0.39323482
0,0.30402222
0,0.27762687
0,0.2544702
1,0.63225627
0,0.2617105
1,0.63656265
0,0.32995918
1,0.49137348
1,0.6309283
0,0.6501894
0,0.23508288
0,0.21736164
1,0.5701823
1,0.5683811
0,0.36493403
0,0.22499907
1,0.37347245
1,0.45216522
0,0.39137495
0,0.25644985
0,0.31459415
0,0.41615933
0,0.47819018
1,0.44984204
1,0.300401
1,0.33480436
1,0.4028636
1,0.54674983
1,0.58587146
0,0.38455427
0,0.43244246
0,0.38428047
0,0.43244267
1,0.6325669
0,0.2383209
0,0.39649802
0,0.6897887
1,0.6326832
0,0.42010537
0,0.44447148
0,0.48689649
0,0.4127895
0,0.56261635
1,0.28669435
0,0.66754967
0,0.27953926
0,0.664906
1,0.4782896
1,0.52970266
0,0.53594315
1,0.59093046
1,0.61102283
0,0.24988447
0,0.39450145
0,0.33464748
1,0.6826858
0,0.61410475
1,0.5707705
0,0.67069435
1,0.6038075
1,0.6477957
1,0.7194736
1,0.6805754
1,0.70279944
1,0.7181257
1,0.7190879
1,0.6805754
1,0.7095527
1,0.71831334
1,0.62409866
1,0.67990994
1,0.6351986
1,0.67990994
1,0.63122153
1,0.6477957
1,0.54544276
1,0.62409866
1,0.6121133
0,0.28822267
1,0.2988946
0,0.6025374
0,0.55898976
0,0.4814861
1,0.63707983
1,0.56510895
0,0.55390877
1,0.45400783
0,0.39702407
0,0.44616786
1,0.6513417
1,0.55131614
0,0.27594447
0,0.4062869
0,0.31047928
1,0.7313358
1,0.68260396
1,0.68260396
1,0.72242737
0,0.3689071
0,0.32781076
0,0.3084774
0,0.56644744
0,0.5477974
0,0.389204
0,0.23679815
0,0.5372679
0,0.65233946
1,0.51537955
1,0.4454957
1,0.4673704
0,0.37933633
0,0.41482127
1,0.6264699
1,0.6977229
1,0.6977229
1,0.6977229
1,0.7240238
1,0.6670644
1,0.6670644
1,0.6670644
1,0.66266716
1,0.66266716
1,0.5582956
1,0.5582956
1,0.5582956
1,0.6185238
1,0.6185238
1,0.5709665
1,0.5709665
1,0.43094268
0,0.57114327
0,0.7115203
0,0.67788124
1,0.46118817
0,0.6454186
1,0.5881326
0,0.26687115
0,0.3611202
0,0.30017865
0,0.36528447
0,0.46722215
0,0.30149123
0,0.23448052
0,0.31671658
1,0.5463762
1,0.52342826
1,0.306223
0,0.3952414
0,0.31596446
0,0.34505093
0,0.32533702
0,0.27514866
0,0.33348602
0,0.33348602
0,0.54502356
0,0.574517
0,0.5202539
0,0.5202539
0,0.45327735
0,0.71106625
0,0.36973712
0,0.24358618
0,0.27434343
1,0.31687832
1,0.5368644
1,0.5863652
0,0.37880138
1,0.44189292
0,0.35806116
0,0.6041764
0,0.51006806
0,0.28556618
0,0.23690432
1,0.58715606
1,0.67451084
0,0.3831041
1,0.67613155
0,0.29120842
0,0.6421945
0,0.25495383
0,0.3516044
0,0.414321
0,0.25502756
1,0.22878735
1,0.5995859
1,0.67573357
0,0.36606872
1,0.50571394
0,0.6086103
0,0.3395448
0,0.3418307
1,0.52568376
1,0.6195462
1,0.6969484
1,0.60057443
0,0.6899489
0,0.47439373
1,0.30346438
0,0.38190198
1,0.39686373
1,0.5806979
1,0.6151912
0,0.71853393
0,0.38463542
0,0.40047064
1,0.27778095
0,0.46016145
1,0.63702106
0,0.5411836
0,0.6230285
1,0.6281475
0,0.287349
0,0.28905007
0,0.62291354
1,0.7106708
0,0.63032305
0,0.4652151
0,0.6846757
0,0.54034215
1,0.5635098
0,0.624433
1,0.50774527
0,0.515701
0,0.37316504
1,0.47182986
1,0.716565
1,0.6421882
0,0.2375769
1,0.3491077
1,0.6937474
0,0.44701445
0,0.23304905
0,0.5760273
0,0.37909642
0,0.5675844
0,0.6155474
0,0.28378487
1,0.50185573
1,0.5770557
1,0.46003813
0,0.23014483
1,0.5993824
1,0.41768217
1,0.49716082
1,0.6474799
0,0.4062218
1,0.40844724
0,0.510162
1,0.40212184
1,0.64116585
1,0.6877588
0,0.404226
0,0.30344057
1,0.34280908
1,0.68503416
0,0.2241141
0,0.44690573
1,0.51469064
1,0.63710725
0,0.24440238
1,0.6410891
1,0.62904966
0,0.45663786
1,0.28438947
1,0.68831193
0,0.6085633
1,0.6689693
1,0.65675247
1,0.4623748
0,0.49360976
1,0.46963844
0,0.28264174
0,0.23003644
1,0.6378194
1,0.49144652
0,0.25153354
0,0.6183045
0,0.6072154
1,0.22934003
1,0.636747
1,0.6038052
1,0.6038052
1,0.57606244
1,0.6038052
0,0.5727409
0,0.49510357
1,0.6652894
0,0.31891772
0,0.57540923
1,0.35092336
0,0.24909128
0,0.33034077
0,0.35473403
0,0.43752852
0,0.3281196
1,0.37931287
0,0.62334865
0,0.5498133
0,0.54940665
0,0.6394808
0,0.67232704
0,0.3072886
1,0.7044225
0,0.5692351
0,0.55162513
1,0.5769805
0,0.20815827
0,0.5810138
0,0.4596888
0,0.36234236
0,0.62059534
0,0.69884145
1,0.3523274
0,0.36705518
0,0.6318673
0,0.6318673
0,0.45228174
0,0.5726384
0,0.41000247
1,0.71167547
0,0.2967579
1,0.6618313
0,0.6906915
1,0.41770917
1,0.62459004
1,0.27711922
0,0.3151858
0,0.3923994
0,0.35585213
1,0.6696248
1,0.6351261
0,0.3948103
0,0.5871122
0,0.49781165
1,0.5755281
0,0.33187243
0,0.31303585
1,0.55406547
1,0.6446372
1,0.3159467
1,0.33524403
1,0.38467872
1,0.3429782
1,0.32721704
1,0.3180471
1,0.3836297
1,0.39387712
1,0.38711253
1,0.33524403
1,0.3140406
0,0.25021672
0,0.48611888
1,0.5075086
0,0.6112944
1,0.6704185
1,0.42441013
1,0.49498954
0,0.330584
0,0.369662
0,0.32713157
1,0.7105807
1,0.7089125
1,0.26277927
0,0.331905
0,0.23692098
0,0.681351
1,0.72709787
1,0.52280635
0,0.2689502
0,0.24267307
0,0.25178397
0,0.24319047
1,0.28124723
1,0.60241985
1,0.42159554
0,0.3540155
0,0.6568445
0,0.3929916
0,0.35143757
0,0.3175115
1,0.5886023
0,0.26687592
0,0.31516835
1,0.51664555
1,0.68754935
1,0.5281951
1,0.4856933
0,0.5143161
0,0.38607654
1,0.6750672
0,0.6055893
0,0.6383335
0,0.56393075
0,0.6055893
1,0.4955054
1,0.61126685
1,0.6619015
1,0.61126685
1,0.49646032
1,0.68722916
1,0.6903237
0,0.49558085
0,0.692881
0,0.6996815
1,0.7169437
1,0.73396647
1,0.726625
0,0.4321562
1,0.27768174
0,0.25802162
0,0.25538465
0,0.28092578
0,0.36078295
0,0.6242481
0,0.6206236
1,0.72649276
0,0.21809511
0,0.38198033
0,0.70303106
0,0.42342806
1,0.5512674
1,0.5518616
1,0.38443416
1,0.4272357
1,0.39032593
1,0.5518616
1,0.4351699
0,0.23787996
1,0.45633358
1,0.7074399
1,0.60382646
1,0.41391632
1,0.5922641
1,0.5922641
1,0.65085644
1,0.64010906
0,0.25753626
0,0.24242856
0,0.4080201
0,0.50599337
0,0.6252192
0,0.6462712
0,0.42685884
1,0.6116414
0,0.28108972
1,0.49187195
0,0.38684833
1,0.6131809
1,0.3689796
0,0.5317645
0,0.5515707
0,0.2978991
0,0.3733324
1,0.5961681
1,0.54888046
0,0.2451027
1,0.72468305
1,0.72468305
1,0.49494112
1,0.21516997
1,0.7293039
1,0.6064724
1,0.3062775
1,0.57818806
0,0.33784133
1,0.4083734
0,0.41040656
0,0.47678965
0,0.21609826
0,0.2286028
0,0.24210836
1,0.36434767
1,0.37804413
1,0.57381064
1,0.44449744
1,0.56776285
1,0.57381064
1,0.36427355
1,0.3713274
1,0.34918335
1,0.27759442
1,0.63701075
0,0.46387342
0,0.45858413
0,0.69846666
0,0.6762259
0,0.29576313
1,0.5276153
0,0.30411896
0,0.34011552
1,0.64211494
1,0.6691948
1,0.6977922
1,0.6689205
1,0.69013655
1,0.71508014
1,0.72827315
1,0.67131734
1,0.71999454
1,0.7301175
0,0.61821985
1,0.7214894
1,0.566378
1,0.61821985
1,0.32855713
1,0.40914547
1,0.6963649
1,0.5892919
0,0.65515554
1,0.6337469
1,0.63380146
0,0.63380146
1,0.6444881
0,0.6324811
0,0.6282574
0,0.6216595
0,0.6282574
1,0.5597831
0,0.41198164
1,0.6174003
0,0.44204593
0,0.34807092
0,0.28494713
1,0.6851411
1,0.6157985
0,0.27829227
0,0.43402854
0,0.37892106
1,0.52631426
1,0.32726067
1,0.32743776
1,0.28756237
0,0.36292934
0,0.4422877
0,0.38585472
0,0.43384677
0,0.49373922
1,0.346562
1,0.36026156
1,0.44341314
0,0.6022916
1,0.43119717
1,0.66516256
1,0.4324263
1,0.66185117
1,0.66185117
0,0.40334105
0,0.47859845
0,0.5765937
1,0.70024765
0,0.25916177
1,0.29930606
1,0.29930606
0,0.2662948
1,0.7148762
0,0.5202539
1,0.65405023
1,0.44690892
0,0.23855008
0,0.43925753
1,0.46606326
0,0.4137733
0,0.2719537
1,0.58582103
1,0.72905916
1,0.59073985
0,0.35875663
1,0.6243068
0,0.2427988
1,0.6569654
0,0.39989293
1,0.37425238
1,0.29309657
1,0.5636903
0,0.6252709
0,0.43456757
0,0.26473594
0,0.3735549
0,0.43661654
1,0.38817137
1,0.6371138
1,0.3896685
0,0.3734465
0,0.32770574
0,0.42400622
0,0.21921769
1,0.61037487
0,0.56700253
1,0.526958
1,0.395285
1,0.64629185
0,0.42080563
1,0.3131293
1,0.31439346
0,0.710467
0,0.6170073
0,0.7137434
1,0.6187755
1,0.6187755
0,0.35900208
1,0.27712545
0,0.5600672
0,0.47679862
1,0.672928
1,0.63673794
0,0.38487744
1,0.51605725
1,0.5160574
1,0.6185568
0,0.66713214
0,0.3515335
1,0.575004
0,0.38036263
0,0.2148733
0,0.22068766
0,0.38417578
1,0.6503833
0,0.2691102
0,0.34248915
0,0.37588596
0,0.35921618
0,0.22915822
1,0.4301669
1,0.31883043
1,0.6204781
1,0.55961215
0,0.35495204
0,0.33855605
0,0.57188356
0,0.32639548
0,0.53507113
0,0.32187223
0,0.29171395
0,0.2399556
0,0.24285482
0,0.3225724
1,0.7192732
1,0.53531206
1,0.30043414
0,0.47361022
0,0.55574787
0,0.590652
0,0.6330115
0,0.36407465
1,0.2827652
1,0.33163065
1,0.2494854
1,0.26315072
0,0.6708369
1,0.5892117
1,0.49927393
1,0.5681524
1,0.60400164
1,0.5759678
1,0.54277396
1,0.63136244
1,0.41495407
1,0.6875652
1,0.5402541
1,0.6887692
0,0.6997094
0,0.50447285
1,0.37865618
0,0.41884878
0,0.26714137
0,0.25841376
0,0.29545972
0,0.4580148
0,0.3159264
1,0.64533734
0,0.23306072
1,0.44665888
0,0.2420531
0,0.39060774
1,0.71887
0,0.63380957
1,0.7276815
0,0.5212431
1,0.4708554
1,0.3108994
1,0.3867629
0,0.23807323
1,0.33378482
1,0.5986735
1,0.39061093
1,0.4904648
0,0.41746965
0,0.50688195
0,0.43045375
1,0.33686876
1,0.30809093
0,0.23744063
0,0.23649533
1,0.5885086
0,0.39795783
0,0.4552623
0,0.36599347
1,0.6120094
1,0.5820368
1,0.5520426
1,0.43168703
1,0.65227604
0,0.31817892
0,0.5369743
0,0.39001885
0,0.27989897
0,0.27682847
1,0.51950145
0,0.7286585
0,0.46603644
1,0.33992198
0,0.60714746
0,0.60714746
0,0.591756
0,0.40202576
1,0.607478
0,0.69087887
0,0.7008308
0,0.44508818
1,0.31517592
1,0.3075196
1,0.60024405
0,0.60041714
1,0.6321807
0,0.7036203
0,0.6496506
0,0.2763306
1,0.63136303
0,0.56244296
0,0.34996444
0,0.22782795
0,0.21454155
1,0.36595562
0,0.56422377
0,0.23956053
0,0.32528135
0,0.58371997
0,0.5088243
0,0.495077
0,0.34448043
1,0.681956
1,0.7067236
1,0.6331426
1,0.630069
1,0.62330335
1,0.63351035
1,0.620905
0,0.6130402
1,0.72369057
1,0.6805585
0,0.26710695
0,0.29534677
0,0.37374917
1,0.7030395
1,0.43780762
0,0.31201237
0,0.3836989
1,0.40889117
0,0.57900256
1,0.6574172
0,0.6459496
0,0.684536
0,0.7219423
0,0.6829864
1,0.68183446
0,0.6558846
0,0.4100428
1,0.4394312
1,0.35449275
1,0.61414456
0,0.5780201
0,0.58592105
0,0.590817
0,0.44400266
0,0.29906714
0,0.29906714
1,0.29285648
0,0.3015181
0,0.43156067
0,0.44087046
0,0.56651103
0,0.3969508
0,0.5239563
0,0.67655134
1,0.6999397
0,0.35388696
1,0.6477319
1,0.5035329
0,0.6125053
0,0.33570245
0,0.5233314
1,0.38513008
0,0.3354559
1,0.66643465
0,0.2219676
0,0.4123749
1,0.34363386
1,0.34461057
0,0.6140243
0,0.2942909
0,0.65125155
0,0.65125155
0,0.56589484
1,0.60761786
1,0.6652907
1,0.6929885
1,0.6929885
1,0.30107635
1,0.26759243
0,0.6986212
1,0.55783975
1,0.26623204
0,0.37343782
0,0.4152371
0,0.4813563
1,0.41586024
0,0.21077065
0,0.3828859
0,0.28647646
0,0.43783647
0,0.32719848
0,0.68776035
0,0.65242
0,0.52058864
0,0.6599022
0,0.55016625
0,0.6726123
0,0.7276974
0,0.5257478
0,0.4601688
0,0.5974679
0,0.4878227
1,0.61379707
1,0.4309781
1,0.49860168
0,0.23032479
0,0.24788827
0,0.2407888
1,0.63830507
1,0.54278994
0,0.4149969
0,0.57220316
0,0.22882724
0,0.2606655
1,0.73274684
0,0.42055306
0,0.23684773
1,0.36384088
1,0.7277367
1,0.25140283
1,0.6640495
0,0.31040615
0,0.3730704
1,0.2851479
1,0.58607924
1,0.5887595
1,0.37664694
1,0.3854051
0,0.3319054
0,0.37010664
1,0.5285317
1,0.38762328
0,0.54276294
1,0.28691277
1,0.334109
0,0.45849904
1,0.608655
0,0.56475115
1,0.48785287
0,0.26482224
0,0.6079254
1,0.67461437
0,0.3896919
0,0.29889253
0,0.32021362
1,0.39407995
1,0.46155053
0,0.52767944
0,0.42525867
1,0.6447084
0,0.44272974
1,0.62880963
1,0.29321194
0,0.2726721
0,0.47132424
1,0.72425175
1,0.60855705
0,0.6236074
1,0.7088679
0,0.40832373
1,0.6347968
1,0.67288077
0,0.3214431
1,0.48205987
1,0.6927364
1,0.62363505
0,0.22934207
1,0.50933313
1,0.64515746
1,0.3723949
1,0.43506032
1,0.3723949
1,0.4307101
1,0.4307101
1,0.57250935
1,0.73277485
1,0.7193278
1,0.73270285
0,0.32993847
1,0.6257847
0,0.5513164
1,0.50741637
1,0.42979863
1,0.49586448
0,0.56343013
0,0.3904497
1,0.30603406
1,0.6172347
0,0.3509824
1,0.57783985
1,0.26273218
1,0.5591818
1,0.5644888
0,0.6931617
0,0.6345971
0,0.2897317
0,0.5825672
0,0.5806003
0,0.5807823
0,0.59451574
0,0.33746412
0,0.47042435
0,0.6414863
1,0.7092862
1,0.71213746
1,0.28665978
1,0.44963562
0,0.35949442
0,0.34996817
0,0.34050465
0,0.3872546
0,0.46009785
1,0.5905435
0,0.41390428
0,0.59774196
0,0.535813
0,0.26274735
1,0.41767967
1,0.72782457
1,0.72782457
1,0.7251025
1,0.43823907
1,0.69548166
1,0.71296024
0,0.61785555
0,0.35638833
1,0.6953372
1,0.5633818
0,0.5573982
0,0.27814537
0,0.2910944
0,0.43934247
1,0.6909931
0,0.22982161
0,0.5168259
0,0.3442526
1,0.32368717
0,0.48131377
1,0.3266421
0,0.34300947
1,0.33957294
1,0.65292007
1,0.26920196
1,0.43517017
1,0.38658714
0,0.59587455
0,0.4566584
0,0.5903681
0,0.5477742
0,0.57016015
0,0.6203418
1,0.62027407
1,0.39473906
1,0.39473906
1,0.7154387
0,0.4852238
1,0.41489148
1,0.5789448
0,0.5727695
0,0.24182895
1,0.69885135
1,0.31991655
1,0.5832263
1,0.63289577
1,0.58398557
1,0.63289577
0,0.727062
1,0.64267623
0,0.7002465
0,0.6628211
0,0.5751914
1,0.40482274
0,0.36992034
0,0.29702643
1,0.6869767
1,0.72764945
0,0.61698395
1,0.5990232
1,0.5990232
0,0.59609747
1,0.43873507
1,0.4026267
1,0.32296973
0,0.25522614
1,0.6247689
1,0.6247689
0,0.27373132
0,0.30448017
1,0.5261402
1,0.63383526
0,0.3589833
0,0.36012855
1,0.5429645
0,0.39882314
0,0.37436932
0,0.35509428
0,0.35037476
1,0.58533007
0,0.32189795
0,0.30990672
1,0.5675498
1,0.460862
1,0.4185704
0,0.3624609
0,0.273517
1,0.36707458
0,0.6674732
0,0.4601725
1,0.63673836
0,0.40501916
0,0.28700748
0,0.70214653
0,0.57766867
1,0.6863841
1,0.71273005
1,0.36729035
0,0.34514
1,0.72273254
1,0.3425545
0,0.31653416
0,0.22184788
1,0.5960313
0,0.23706904
0,0.38602072
0,0.4206931
0,0.47167104
1,0.60719424
1,0.32491314
0,0.6248187
0,0.27583632
0,0.23088214
1,0.47012344
1,0.34376368
0,0.54567397
0,0.2941072
1,0.43675622
1,0.7348465
1,0.7348465
1,0.6002865
1,0.69591236
1,0.27102572
0,0.45866156
0,0.2980002
0,0.41023698
0,0.38130677
1,0.62845886
0,0.46115014
0,0.62874305
1,0.5942637
1,0.65754795
1,0.6886033
1,0.5309229
1,0.3354754
0,0.52570367
1,0.7294869
1,0.46583974
0,0.5850115
1,0.5691857
0,0.2248424
1,0.64777106
0,0.70166695
1,0.7276797
1,0.5966482
0,0.6531
1,0.640218
0,0.36415386
0,0.3646902
0,0.36443743
0,0.6120404
0,0.49596915
1,0.6925703
0,0.28396976
1,0.30712572
0,0.6304128
1,0.30732846
0,0.4157388
0,0.58633006
0,0.3825012
0,0.2803479
1,0.64376736
1,0.6525758
0,0.3172795
0,0.5623723
1,0.70620203
1,0.4190913
0,0.4922344
0,0.52015686
0,0.3074767
1,0.5475036
1,0.4117866
1,0.7267344
0,0.2800973
0,0.40285206
0,0.51656866
0,0.50744915
0,0.5792875
0,0.602711
0,0.61722684
1,0.4789415
1,0.4789415
1,0.537063
1,0.61642003
1,0.5870447
1,0.67509913
0,0.6506018
1,0.73336536
1,0.6626904
0,0.66470325
0,0.40982863
0,0.30887267
0,0.20926793
1,0.3099503
0,0.3079807
0,0.35815215
0,0.4098439
0,0.28666964
0,0.27809656
0,0.28542206
1,0.5064764
1,0.64781046
1,0.70570016
0,0.30815303
1,0.56268173
0,0.4696962
0,0.5229485
1,0.45293713
1,0.5826715
1,0.661417
1,0.5944184
1,0.6220237
0,0.7021611
0,0.51962817
1,0.6215154
1,0.50109816
1,0.6799017
0,0.58218277
1,0.3565816
1,0.728518
0,0.28002998
1,0.7181752
1,0.27059865
0,0.28182164
0,0.23429124
0,0.23429124
0,0.22670802
0,0.24832807
0,0.21162859
0,0.31253827
0,0.23757422
1,0.6278666
1,0.6284872
0,0.44843325
1,0.321978
0,0.3481299
0,0.38841823
0,0.29381537
0,0.4124302
0,0.24373554
0,0.3240289
0,0.7313693
0,0.4579646
1,0.37223428
1,0.38100275
0,0.38159534
0,0.6357416
0,0.69657093
1,0.70283043
0,0.5814714
0,0.59051883
0,0.5401863
0,0.59152246
0,0.5977398
1,0.69776094
1,0.69695365
1,0.33865955
1,0.30029538
1,0.37820783
1,0.4479301
0,0.6262697
1,0.3744812
1,0.653642
1,0.51690483
1,0.56844467
1,0.7102447
0,0.31357536
1,0.543362
0,0.27697766
1,0.5515548
1,0.70496917
0,0.34126678
0,0.28454947
1,0.5908917
1,0.25237814
0,0.27368313
1,0.635846
1,0.7081157
1,0.5412182
0,0.2505276
1,0.5578358
1,0.4420544
1,0.6278007
0,0.57030034
0,0.5004792
1,0.4003118
0,0.3184845
1,0.38817602
1,0.45004603
0,0.41231063
0,0.46326947
1,0.5111524
1,0.68743455
0,0.30825046
0,0.27301255
0,0.2463289
0,0.24962008
1,0.5435524
1,0.64245343
0,0.41517824
0,0.3990074
1,0.31206745
0,0.2708538
0,0.37724122
0,0.41309917
1,0.4797469
0,0.3098422
0,0.3197239
0,0.64750636
0,0.46713665
1,0.6341938
0,0.49657866
1,0.35015932
0,0.35715926
0,0.4221031
1,0.2302887
0,0.2311019
0,0.32602736
1,0.5852088
0,0.49950218
0,0.32249877
1,0.3853358
1,0.5930307
0,0.3120663
0,0.6300754
0,0.46488768
0,0.6719111
0,0.33645606
0,0.33108625
0,0.35512465
0,0.34943599
0,0.5701181
0,0.34379795
1,0.59037125
1,0.73079884
1,0.73079884
0,0.5722517
1,0.39009947
1,0.6219931
1,0.5891516
1,0.4908666
1,0.5956669
0,0.52149004
0,0.38869357
1,0.6104529
0,0.4492939
1,0.60950625
1,0.44879967
1,0.40611658
1,0.55528593
0,0.43614423
0,0.36378533
1,0.41240433
1,0.59840643
0,0.6826369
0,0.26646334
1,0.27465603
1,0.2532153
1,0.2532153
1,0.71639556
0,0.42945537
0,0.57671
0,0.70373034
0,0.3762459
1,0.62126595
1,0.7293306
0,0.61678106
1,0.32769468
1,0.32769468
1,0.22816004
0,0.70844376
0,0.5762995
0,0.6231775
0,0.27689397
0,0.714365
0,0.68436503
1,0.59423494
0,0.53805166
0,0.29586574
0,0.22895965
1,0.51168084
0,0.22183125
0,0.4699646
0,0.43472385
0,0.29351825
1,0.35518008
0,0.62080514
0,0.6008632
0,0.62712926
0,0.3377867
1,0.3077172
0,0.53824604
0,0.27726403
0,0.37249354
1,0.5977621
1,0.62920344
0,0.30545458
0,0.38293877
0,0.46007666
0,0.3091669
0,0.26513228
0,0.22819896
0,0.6044019
0,0.4754239
1,0.5584737
1,0.42659718
0,0.2614984
1,0.5674324
1,0.5457405
0,0.3494186
1,0.40566185
1,0.41876724
0,0.22835283
0,0.27552372
1,0.72910225
1,0.67232704
1,0.6058048
1,0.48803335
1,0.51144564
0,0.36802584
0,0.37892696
1,0.42619708
0,0.34000596
0,0.30349582
1,0.62846625
1,0.68329495
0,0.30838916
1,0.413627
0,0.5378114
0,0.63732123
0,0.46649215
0,0.29550022
0,0.6499332
0,0.59272933
1,0.37155506
1,0.65174437
0,0.40457687
1,0.635064
1,0.6216268
0,0.25148952
0,0.30054125
0,0.3334554
0,0.2794481
0,0.29066694
1,0.6312095
1,0.5057845
0,0.5557033
0,0.5557033
0,0.40723318
0,0.7060704
0,0.22911416
0,0.5123251
1,0.6787697
0,0.50970936
1,0.61095655
0,0.5052899
1,0.7046701
0,0.35303834
0,0.37028897
1,0.3394658
1,0.341794
1,0.3394658
1,0.29492682
1,0.34179398
0,0.22705497
0,0.22630443
0,0.31658143
0,0.6435483
1,0.4428297
1,0.594047
1,0.56682706
1,0.3823782
0,0.37862
1,0.5438922
1,0.7081724
0,0.49753562
0,0.40784553
1,0.46592495
1,0.38001752
1,0.38103244
1,0.5927625
0,0.2415379
1,0.37201208
1,0.59851015
1,0.48109332
0,0.2718466
1,0.37916836
0,0.31504598
0,0.38612163
0,0.626279
0,0.41871542
0,0.3259989
1,0.56448734
1,0.6451222
1,0.37252438
1,0.4604034
1,0.29834306
0,0.445217
1,0.2235689
1,0.350176
0,0.54055214
0,0.30768004
1,0.38765213
0,0.24725576
1,0.34554005
1,0.6776484
1,0.622228
0,0.42411622
1,0.5500024
0,0.65020233
0,0.71500707
1,0.39986658
1,0.41102532
1,0.7097485
1,0.73044
1,0.4377282
0,0.24252023
1,0.6853404
1,0.6125307
1,0.6215519
1,0.61271155
1,0.6124424
1,0.62335896
1,0.612621
1,0.6123578
1,0.62994903
1,0.61280084
1,0.6997801
1,0.58307505
1,0.63807523
1,0.6798519
1,0.35510978
1,0.30105636
1,0.25370306
1,0.3839651
1,0.6397171
1,0.7088084
1,0.5607211
1,0.29414263
1,0.62378204
1,0.60080755
1,0.39233017
0,0.39182246
0,0.3444433
0,0.590868
0,0.402105
0,0.4992499
1,0.5886935
1,0.27695537
0,0.23979962
0,0.37605897
0,0.24385706
0,0.32402626
1,0.2641048
0,0.5443386
0,0.3651246
0,0.36533698
0,0.30505064
0,0.3343198
1,0.5494795
1,0.6137141
1,0.517204
1,0.5776745
1,0.59697425
1,0.65778613
1,0.638615
1,0.24970518
0,0.42325824
1,0.34019336
1,0.33992198
0,0.3974359
1,0.6026789
0,0.24597776
1,0.39398956
1,0.39231858
0,0.5437833
0,0.5498361
0,0.4214333
0,0.38595524
1,0.4396724
1,0.71089834
1,0.6043644
0,0.40871802
0,0.279047
0,0.30411896
1,0.51814586
0,0.36798057
1,0.39601755
0,0.34646127
1,0.3680145
1,0.64609325
0,0.41020298
0,0.278126
0,0.2974224
0,0.278126
1,0.67947984
1,0.700341
0,0.3410913
1,0.5713906
1,0.32169142
1,0.40998226
1,0.5659964
1,0.446022
1,0.686849
1,0.5970156
0,0.40859655
1,0.72000045
0,0.34180892
1,0.70184964
1,0.40209523
1,0.30979186
1,0.71500415
0,0.55603904
0,0.5910635
1,0.62704873
0,0.28543645
0,0.29857293
1,0.333852
1,0.2737818
0,0.6070869
0,0.7016784
1,0.28502145
1,0.64405835
0,0.634312
1,0.62327445
0,0.6113876
0,0.4066225
0,0.29501316
0,0.22445032
0,0.3623399
0,0.4263843
0,0.4698394
0,0.45953265
0,0.56445384
0,0.30450994
1,0.4636832
0,0.46552017
1,0.6124871
0,0.6681781
0,0.44900408
0,0.54674435
1,0.37540942
0,0.25588217
0,0.32525906
0,0.2727706
1,0.3767873
1,0.42265138
0,0.53504926
0,0.67141783
0,0.6705372
0,0.43318412
1,0.38527116
0,0.48450008
1,0.27600238
0,0.36186722
0,0.6001042
1,0.6235961
1,0.60095626
0,0.73175514
0,0.7329197
0,0.72974086
1,0.7329197
1,0.72974086
1,0.72240514
1,0.7322552
1,0.5174233
0,0.438589
0,0.30938074
1,0.62984383
0,0.44436306
1,0.6928143
1,0.23261026
1,0.5383286
0,0.3881745
0,0.3551573
1,0.5996834
1,0.29675114
0,0.42327696
0,0.604145
0,0.32234162
0,0.3538914
1,0.5540991
0,0.5232268
1,0.25179642
1,0.7265226
1,0.67887634
1,0.3442104
0,0.44024137
0,0.487666
0,0.42398557
0,0.3457036
0,0.5567589
1,0.6107631
1,0.61187756
1,0.61187756
0,0.31987858
1,0.2588261
1,0.34461856
0,0.5812192
0,0.25734973
0,0.39602676
0,0.3320747
0,0.30473432
0,0.39779708
1,0.57757235
0,0.4003433
0,0.40339985
1,0.6363288
1,0.6363288
1,0.6367074
1,0.6367074
0,0.41546258
0,0.6206073
1,0.71666074
0,0.6969347
1,0.5437857
1,0.7008562
0,0.40200463
0,0.54478335
0,0.5798564
0,0.23806442
0,0.24310283
1,0.60549486
1,0.7067497
0,0.33550364
0,0.596999
0,0.5031518
0,0.63354224
0,0.43684602
1,0.602224
1,0.5425488
1,0.59508145
1,0.50809854
0,0.5844451
0,0.27417746
1,0.619076
1,0.61647767
1,0.64028925
1,0.701044
0,0.34734282
0,0.3694316
1,0.6129135
1,0.53289306
1,0.66412723
1,0.38568088
0,0.24151516
1,0.43365106
1,0.43470505
0,0.26068726
0,0.37600628
0,0.23324595
1,0.626764
1,0.5285144
0,0.21924782
0,0.6009479
0,0.6631701
0,0.31415617
1,0.37839624
0,0.66609085
0,0.62953377
1,0.68707395
0,0.5653515
0,0.42494464
1,0.5959667
1,0.5510528
0,0.36156064
1,0.66211313
1,0.61573327
1,0.7218869
1,0.72850454
0,0.6314613
1,0.7243708
0,0.28467634
0,0.25037912
1,0.4125914
1,0.72308254
1,0.7269637
0,0.6214536
0,0.67390066
0,0.4459243
0,0.6335393
1,0.6832942
1,0.6299417
1,0.4778738
0,0.71089166
0,0.34881264
0,0.4478656
0,0.4288437
1,0.621464
0,0.6691971
1,0.64405763
1,0.6483269
0,0.24161541
0,0.7090175
0,0.24794671
0,0.24428466
0,0.38729164
0,0.3463801
0,0.64637715
0,0.38715792
0,0.38715792
0,0.3478319
1,0.6179929
0,0.68921345
0,0.52938557
0,0.67430615
1,0.72255665
1,0.35389698
1,0.47716433
1,0.71867245
1,0.28994548
1,0.66958606
0,0.5766315
1,0.57272124
1,0.26237315
0,0.4159453
0,0.49038512
1,0.48866576
0,0.5971644
0,0.48622695
1,0.3723337
1,0.69698095
1,0.43292165
1,0.6742233
1,0.5768343
1,0.6538485
1,0.6296133
1,0.6296133
1,0.6296133
1,0.5205096
1,0.6538485
1,0.5205096
1,0.63246804
1,0.63680625
1,0.6742233
1,0.6296133
1,0.64772415
1,0.66973144
1,0.5500473
0,0.5170916
1,0.2523734
1,0.34072623
1,0.29351103
0,0.36668772
0,0.3545459
0,0.3125471
1,0.55068076
1,0.6592071
0,0.48845795
0,0.48845795
1,0.5221635
1,0.5144743
1,0.46613055
1,0.68249834
0,0.36688772
0,0.20964016
0,0.21584335
0,0.65882885
1,0.51997876
1,0.72301406
1,0.6718052
1,0.6872548
1,0.6872548
1,0.6158372
1,0.62654376
0,0.68025404
0,0.33137885
0,0.55038726
1,0.6201153
1,0.40393662
0,0.4059522
0,0.47500098
0,0.41701603
0,0.31778055
1,0.24124034
1,0.27931607
1,0.3899074
0,0.34538758
0,0.48246646
1,0.69523215
0,0.73385954
1,0.31898162
1,0.61835337
0,0.35007155
0,0.35390103
1,0.26727447
1,0.3860019
0,0.3394145
0,0.21219249
1,0.58221227
0,0.6317977
1,0.46573272
1,0.40537098
1,0.32468674
1,0.2908396
0,0.5428773
0,0.30144063
1,0.6237209
0,0.4122247
1,0.63205665
1,0.31503153
1,0.3075025
0,0.2955246
1,0.301787
0,0.2657406
0,0.57351315
0,0.47939762
0,0.5402243
0,0.5402243
0,0.4066212
1,0.38157544
0,0.5821401
0,0.5529812
1,0.55017954
0,0.54003835
1,0.6046729
1,0.52159655
1,0.62008345
0,0.65800244
0,0.48873714
0,0.40556306
0,0.33930925
0,0.43695483
0,0.46128497
0,0.37821236
0,0.5291908
0,0.56059515
0,0.36347452
0,0.34968275
0,0.63476133
0,0.531734
0,0.44481605
0,0.44481605
0,0.4150661
0,0.34934875
0,0.34802797
1,0.50560486
1,0.6940782
1,0.3865551
1,0.6194996
1,0.44481605
1,0.38093212
1,0.4552183
1,0.43209824
1,0.38333192
0,0.40594825
0,0.38781264
0,0.62301075
1,0.32186082
1,0.71014917
1,0.53984547
0,0.5004931
1,0.5896087
1,0.6510619
1,0.6376496
1,0.7189515
1,0.7189515
1,0.7189515
1,0.5769609
1,0.5258689
1,0.4189059
1,0.5649538
1,0.6530037
0,0.7009808
1,0.7113387
1,0.688412
1,0.68331075
1,0.6565198
1,0.5888866
0,0.72305596
0,0.6392669
0,0.40398052
0,0.40398052
0,0.31290108
1,0.3302032
0,0.6930306
1,0.50408196
1,0.46592757
1,0.54660165
1,0.53727037
1,0.45237386
1,0.37486815
0,0.30846456
0,0.3613723
1,0.6173563
0,0.6370758
0,0.6370758
0,0.57340837
0,0.33941513
1,0.5158441
1,0.5764843
1,0.6355064
1,0.5987781
1,0.67650867
1,0.46035627
1,0.5932132
1,0.5990232
0,0.58109635
0,0.49421367
0,0.6179531
0,0.38064283
1,0.39069813
0,0.249669
1,0.45750418
1,0.69596654
1,0.28321922
0,0.39514437
1,0.570634
0,0.73039126
1,0.6136051
1,0.58541906
0,0.24001032
1,0.43488503
0,0.63278484
0,0.6372602
1,0.25206786
0,0.44568405
0,0.6375357
0,0.57306975
1,0.6616428
1,0.2815844
1,0.49698493
0,0.5172103
0,0.5844085
0,0.47216618
0,0.63637894
0,0.28497708
1,0.6586287
1,0.6561636
0,0.40939438
0,0.62181
1,0.45189565
1,0.3752361
0,0.57271254
0,0.40778947
1,0.72697604
1,0.6245576
1,0.6715745
1,0.72646487
1,0.5979434
1,0.6278821
1,0.30055815
0,0.35839933
1,0.6174122
0,0.43162492
0,0.2497281
0,0.27436692
0,0.25153303
0,0.27436692
0,0.25153303
1,0.59438753
1,0.46239644
0,0.6185442
0,0.6288105
0,0.3009207
0,0.36607763
0,0.30285552
1,0.5215219
0,0.4066292
0,0.37662402
0,0.26273045
0,0.25338343
0,0.2860885
0,0.26766366
0,0.29277265
0,0.29258028
0,0.3342406
0,0.44129726
1,0.49640325
0,0.2439341
1,0.42253888
0,0.34760746
0,0.21146218
0,0.21459085
0,0.29812565
0,0.27578238
1,0.6916908
0,0.62114924
0,0.6259491
0,0.3982485
0,0.47855943
0,0.2741602
0,0.3103591
1,0.6163711
1,0.62191486
0,0.44120672
0,0.25749242
1,0.73194396
0,0.35275373
0,0.35931027
0,0.28122792
0,0.27997842
0,0.2873053
0,0.4765704
0,0.62770456
0,0.42944688
0,0.4303525
0,0.49506214
0,0.42859265
0,0.23551661
0,0.39888188
0,0.39175376
0,0.35219097
0,0.40578353
0,0.48491618
0,0.28941804
1,0.6338326
1,0.27095157
1,0.39688462
1,0.4476331
0,0.732478
0,0.65564626
0,0.7024981
0,0.4329429
0,0.30805463
0,0.28370422
0,0.25825858
0,0.4749196
1,0.56236386
1,0.3027852
1,0.6457962
0,0.5540093
1,0.6345209
1,0.4579579
0,0.28643486
1,0.5296046
1,0.528978
0,0.22995174
0,0.21411632
0,0.7050733
1,0.30862635
0,0.36366507
0,0.638669
1,0.32081586
1,0.70627666
0,0.4689019
0,0.46936616
0,0.29988566
0,0.5002271
0,0.26257008
0,0.23447278
0,0.24480866
0,0.24889751
0,0.47728473
0,0.63072896
0,0.26525578
1,0.38403976
1,0.6030951
1,0.62264407
1,0.39178818
0,0.42380583
0,0.49991322
0,0.33082154
0,0.29414678
0,0.29325223
1,0.59019095
1,0.62331676
0,0.5130383
1,0.55910295
0,0.29544678
0,0.71567225
0,0.6883442
0,0.42847753
1,0.5095719
0,0.49086875
1,0.7294259
1,0.7294259
1,0.35977274
1,0.6162141
1,0.63739014
1,0.64282095
0,0.59853125
0,0.44272527
1,0.72492135
1,0.4671634
0,0.39964348
0,0.39964718
0,0.6604105
1,0.62150806
1,0.6011226
0,0.63076746
1,0.702518
0,0.3797298
1,0.4103413
0,0.3667169
0,0.39434606
0,0.35877618
0,0.5607598
1,0.67326754
1,0.618075
1,0.66482484
1,0.6781323
1,0.7139641
1,0.6349425
1,0.72149813
1,0.6938729
1,0.6785983
1,0.662817
1,0.662817
1,0.69230455
1,0.6578064
1,0.5384881
1,0.3915809
1,0.41919822
1,0.47418687
1,0.5961138
1,0.7212847
1,0.5958099
1,0.5382638
1,0.7280427
1,0.4313738
1,0.5515171
1,0.55124414
0,0.685917
0,0.59849715
0,0.5800965
1,0.62141854
1,0.70491314
1,0.6830429
0,0.57408094
0,0.57408094
1,0.7257747
1,0.6415783
1,0.6324177
0,0.67508185
1,0.60226756
0,0.41132763
1,0.37515607
0,0.46496212
0,0.24417932
0,0.27986416
0,0.27986416
1,0.60343224
1,0.6837256
1,0.60180473
0,0.33522144
1,0.35540614
0,0.30705205
0,0.6166626
0,0.4003234
0,0.5176696
0,0.6395495
0,0.625516
0,0.6480316
0,0.6529808
1,0.6480316
1,0.6186293
1,0.63687533
1,0.6186293
1,0.6480316
1,0.6480316
1,0.42297438
0,0.2575228
1,0.2913923
0,0.26239187
0,0.24408206
0,0.64953876
0,0.4415027
0,0.6049849
0,0.3721695
0,0.65601164
0,0.36674276
0,0.21266739
0,0.34469858
0,0.41968197
0,0.36035454
0,0.6296296
0,0.28626168
1,0.6921747
1,0.58520544
1,0.55554074
0,0.37184826
0,0.3762957
1,0.6817277
1,0.46227393
1,0.28502432
1,0.2783654
1,0.48803335
0,0.21420538
0,0.22014003
0,0.65183645
1,0.5987604
1,0.5987604
1,0.36443368
0,0.4568687
0,0.3553159
1,0.6584724
1,0.6275488
0,0.43916482
1,0.24269295
1,0.24693435
1,0.30632755
1,0.38836285
1,0.64231956
0,0.52665424
0,0.30623224
0,0.25902876
1,0.70900035
0,0.2650886
1,0.68707395
0,0.3440938
0,0.3660491
0,0.55351245
0,0.517046
0,0.5590242
1,0.67221415
0,0.5659178
1,0.42442095
1,0.60993075
0,0.6544293
1,0.4233217
0,0.26191393
0,0.33129925
0,0.24551663
1,0.42546758
1,0.50630856
1,0.6162003
0,0.44708973
0,0.58562475
1,0.7056476
1,0.3306594
1,0.32489502
1,0.6256848
0,0.56767994
0,0.5840508
0,0.67866015
0,0.41415942
0,0.5491537
0,0.56543475
0,0.6721742
0,0.6379669
1,0.43773523
0,0.31322634
0,0.39217678
1,0.3969441
1,0.56353164
0,0.42096475
0,0.41668156
0,0.5695553
0,0.42308575
0,0.6673906
0,0.6237817
0,0.693827
0,0.62183875
1,0.5694673
0,0.43668646
0,0.29864803
0,0.39173657
0,0.71620893
1,0.6253339
0,0.38900024
1,0.43338895
1,0.47453454
0,0.34140107
1,0.66867507
1,0.5626563
0,0.26049238
0,0.24288619
1,0.6221803
1,0.55561787
1,0.7073474
0,0.32005087
1,0.34050098
1,0.44079533
0,0.3354502
0,0.50773203
1,0.3200684
0,0.42105076
0,0.32127267
0,0.27445582
0,0.21568981
0,0.29646623
1,0.3863341
0,0.5176307
1,0.3641734
0,0.3154208
1,0.6604146
0,0.28333655
0,0.38719332
0,0.2808141
1,0.6297215
0,0.2311475
0,0.23276985
1,0.31580988
1,0.5557378
1,0.49942765
1,0.39159107
0,0.2984963
1,0.6732694
1,0.5606472
0,0.41077858
0,0.33903903
1,0.38136578
0,0.4021641
0,0.4144396
0,0.24409065
1,0.38654622
1,0.598079
0,0.29052517
1,0.59411585
0,0.24455598
1,0.72930014
0,0.29978865
0,0.357224
0,0.33480957
1,0.3919243
1,0.4677953
0,0.5352311
1,0.63003373
0,0.42988303
1,0.68901783
0,0.25173604
0,0.27263814
0,0.570423
1,0.6132357
0,0.6173583
0,0.5970024
0,0.40097618
1,0.37266544
0,0.61419183
0,0.61419183
0,0.59594285
1,0.6331638
1,0.630343
1,0.35692865
1,0.35410157
0,0.3213664
1,0.37523547
0,0.40136603
1,0.5841712
0,0.67944074
1,0.7273409
1,0.47929364
0,0.3713729
1,0.5987737
0,0.42972374
0,0.37579286
1,0.7304809
0,0.49115393
1,0.67718804
0,0.28132737
0,0.311141
0,0.22056538
1,0.39436382
0,0.5172632
0,0.3404433
1,0.5517171
1,0.5017785
0,0.64422643
0,0.39115706
0,0.6651416
0,0.47497135
0,0.39782786
0,0.36228386
0,0.49643752
0,0.448281
1,0.40410793
0,0.39679894
0,0.50690997
1,0.6540201
1,0.414439
0,0.5878544
0,0.310795
1,0.3403208
0,0.46245408
0,0.37967318
1,0.72400594
0,0.2989198
0,0.3296354
0,0.64327216
0,0.30511507
0,0.7307238
0,0.26299307
1,0.62115717
0,0.48964435
0,0.41738173
1,0.3982137
1,0.5010252
1,0.38126236
1,0.43609414
0,0.49063867
0,0.5443383
0,0.48909152
1,0.5508615
0,0.4133127
1,0.4092616
1,0.55820644
1,0.41522443
1,0.4323677
1,0.338918
0,0.2781304
0,0.35263607
1,0.72316796
0,0.2956893
0,0.37081966
0,0.34552422
0,0.41683516
0,0.5043011
0,0.60337234
0,0.4039805
0,0.38934422
1,0.7281533
0,0.29958263
1,0.417674
0,0.41088328
1,0.7336097
1,0.38433036
1,0.42863318
1,0.2962995
1,0.4413931
0,0.40521526
1,0.31080115
1,0.4645883
0,0.6975266
0,0.26418516
0,0.25125688
0,0.21793783
0,0.3086736
0,0.43156427
0,0.43156427
0,0.5102525
0,0.43156427
0,0.36437568
0,0.32138544
0,0.37612155
0,0.3266738
0,0.3320014
1,0.32502973
1,0.3945023
1,0.43156427
1,0.24408795
1,0.27832398
1,0.32326683
1,0.24408795
1,0.27793404
1,0.37612155
1,0.32138544
1,0.2789764
1,0.24600406
1,0.2789764
1,0.5037827
1,0.33727187
0,0.61633253
0,0.43518522
0,0.23117182
0,0.26229158
0,0.33597562
0,0.3781036
1,0.71328723
1,0.5817528
1,0.45338827
1,0.62049544
1,0.37849995
1,0.5536052
0,0.66274357
0,0.23751053
0,0.30300376
0,0.26632002
0,0.22353454
1,0.40308475
1,0.5369051
0,0.62946504
0,0.6808088
0,0.3478713
0,0.31273907
0,0.39251623
0,0.363911
0,0.582936
0,0.56252646
1,0.55250895
1,0.4089648
1,0.3321146
1,0.610286
0,0.67399204
0,0.6251261
1,0.44211107
1,0.5792281
1,0.69526196
0,0.23782077
0,0.3319709
0,0.40462407
0,0.52393425
1,0.37335414
1,0.4164784
1,0.58958787
0,0.6429174
0,0.6643634
1,0.30207697
1,0.5362828
0,0.43603483
1,0.62669635
0,0.5420463
1,0.59243876
1,0.7332597
1,0.6255168
0,0.27967295
1,0.49952328
1,0.4334736
1,0.38249034
1,0.28526673
1,0.33110034
1,0.6866594
1,0.7153208
1,0.65929186
0,0.64673173
0,0.64987195
0,0.6310899
0,0.6132797
1,0.69845355
1,0.615662
1,0.5146721
1,0.44086087
0,0.6472924
0,0.64729244
0,0.593171
1,0.72914785
0,0.6854534
1,0.7306006
1,0.73226213
1,0.7334329
1,0.72608244
1,0.7334329
1,0.7306006
1,0.7306006
1,0.7243551
1,0.7243551
1,0.7334867
1,0.7334867
1,0.70684206
1,0.70684206
0,0.70309013
0,0.71681154
0,0.52803457
1,0.2895783
0,0.30568188
0,0.4113788
1,0.5573797
0,0.29134816
1,0.49718657
0,0.66581404
0,0.7080345
0,0.26267868
0,0.28478733
0,0.2847873
1,0.66212654
0,0.26240337
1,0.52719927
0,0.5358324
1,0.5479127
1,0.40129167
1,0.5672432
0,0.26918525
1,0.6193601
1,0.6191616
1,0.59459996
1,0.39343306
1,0.6316426
1,0.7214565
0,0.47564942
0,0.61880356
0,0.47622788
1,0.73312604
1,0.73312604
1,0.73312604
1,0.68621224
1,0.5975291
1,0.46722886
1,0.352851
1,0.39880404
1,0.39880404
1,0.352851
0,0.3711614
0,0.35258904
0,0.3916932
0,0.7110382
0,0.2234775
0,0.47891256
1,0.64139605
1,0.59615725
0,0.6342219
1,0.48833352
0,0.45539302
0,0.4815399
1,0.25921556
1,0.5653608
1,0.40776807
1,0.32498443
0,0.61321896
0,0.55184746
1,0.43139434
0,0.69864595
1,0.366903
0,0.39813247
0,0.5486276
0,0.5851108
0,0.21284184
0,0.2170557
0,0.21596111
0,0.32243988
1,0.36627948
0,0.3174907
1,0.626533
0,0.3627278
0,0.61324143
0,0.6841244
0,0.3179849
1,0.42177528
1,0.6327437
0,0.62226236
0,0.28160927
0,0.21668088
1,0.4024935
0,0.29975188
1,0.4640305
0,0.218874
1,0.62764084
1,0.40266225
0,0.63387203
1,0.21892823
1,0.21963833
1,0.22242329
0,0.2201942
0,0.25203383
0,0.2278864
1,0.63548577
0,0.57558405
1,0.60590297
0,0.25667778
1,0.38952038
1,0.51089025
1,0.31334093
0,0.63702226
1,0.73182815
1,0.5911622
0,0.3802862
0,0.23125353
0,0.3416275
0,0.3175115
0,0.47448266
0,0.56311274
0,0.6238134
1,0.5866094
1,0.5144616
0,0.32559347
0,0.22092457
1,0.6087615
1,0.38592678
0,0.3401317
0,0.2103617
1,0.7293306
0,0.24079399
0,0.5803528
0,0.4204174
1,0.5550532
0,0.29359946
0,0.58342004
0,0.5793161
0,0.29926333
0,0.39185417
0,0.37042063
0,0.32732233
0,0.31791106
1,0.2196694
1,0.32100305
1,0.7326361
1,0.7326361
1,0.733933
1,0.73372495
1,0.7326361
1,0.5124773
0,0.46393633
0,0.2721973
0,0.33765596
1,0.47024807
0,0.31223896
0,0.6785816
0,0.56561565
0,0.6729417
0,0.37896594
1,0.6052418
1,0.5913973
0,0.591014
0,0.22546615
0,0.59391844
0,0.61885643
0,0.22396623
0,0.6790881
1,0.5990748
1,0.2609726
0,0.27266204
1,0.6272186
1,0.37223518
0,0.2559853
0,0.29667923
0,0.29176626
1,0.69712424
1,0.6010745
1,0.69406193
1,0.72928596
1,0.678033
0,0.2604658
0,0.6031663
1,0.59068465
1,0.6145242
0,0.62324655
0,0.39759365
1,0.6234161
1,0.7242855
1,0.7242855
1,0.7185668
0,0.26717755
0,0.6251097
1,0.55456895
1,0.6694274
0,0.47454572
0,0.690663
1,0.6330044
1,0.6466321
1,0.6938674
1,0.44916126
1,0.68985116
0,0.41576737
0,0.6540565
0,0.24623622
0,0.24623622
1,0.6522496
0,0.29502323
0,0.3962447
1,0.41787314
1,0.3004939
0,0.4668757
0,0.27544415
0,0.602129
0,0.3906551
1,0.53091383
0,0.39690948
0,0.46414864
0,0.4651677
1,0.63391316
0,0.44947144
0,0.5238155
0,0.3345254
0,0.7189145
0,0.46240288
1,0.4557976
0,0.2598761
0,0.294397
0,0.25794414
0,0.61926657
1,0.2704164
1,0.6366917
1,0.6297395
1,0.6542122
1,0.6847214
1,0.4991031
1,0.6329709
1,0.70116377
1,0.68450665
1,0.65224695
1,0.5427723
1,0.719711
0,0.23994963
1,0.7266216
1,0.71908176
1,0.72970486
1,0.72213924
1,0.7020221
1,0.72565925
1,0.3276502
1,0.3300991
1,0.37878022
1,0.29691854
1,0.42022336
1,0.38728034
1,0.38016322
0,0.421017
0,0.6658733
0,0.6658733
1,0.55309874
0,0.29852712
1,0.69002587
1,0.70281845
1,0.70526326
1,0.329501
1,0.58105034
1,0.68630767
1,0.70628095
1,0.72133434
1,0.5269102
1,0.6902503
0,0.58564585
0,0.65561104
0,0.4369556
0,0.37744546
0,0.50759876
0,0.68575305
0,0.6105855
0,0.49502718
0,0.6526059
0,0.41998568
0,0.47709057
0,0.41842413
0,0.32448488
0,0.40886235
0,0.4227623
0,0.40960872
0,0.42258686
0,0.35708973
0,0.42258686
0,0.669782
0,0.40960872
0,0.42521435
0,0.73301333
1,0.5377192
1,0.23560819
0,0.5441849
0,0.3835634
0,0.4192505
0,0.6939027
1,0.55976844
1,0.59375
0,0.2185824
1,0.55493104
1,0.56212133
1,0.56212133
1,0.44847664
1,0.4957345
1,0.56212133
1,0.56170315
1,0.56212133
0,0.23788157
0,0.6368456
1,0.7019031
0,0.30821022
0,0.55846643
0,0.29635492
0,0.29635492
0,0.28453618
1,0.36041272
1,0.5188873
1,0.49682537
1,0.43234143
0,0.54848397
0,0.27407935
1,0.6674131
1,0.6491183
1,0.31226674
0,0.2391425
0,0.31280303
0,0.49291563
1,0.66419834
0,0.26186994
0,0.2751742
0,0.32038417
1,0.6053461
1,0.5466354
1,0.6362146
0,0.25894114
0,0.3791725
1,0.64336765
1,0.700495
0,0.28425634
0,0.27781963
1,0.69204986
0,0.6318685
1,0.48105568
0,0.5214149
0,0.683214
0,0.58053225
0,0.37143585
0,0.30732352
0,0.6986594
0,0.26909003
0,0.31287572
1,0.5956192
1,0.7316201
1,0.63707936
1,0.72314143
0,0.2547171
0,0.2836978
0,0.2849043
0,0.5062524
0,0.30526358
0,0.2725487
0,0.3136594
0,0.27155972
0,0.2736089
1,0.7046584
0,0.43769225
1,0.7229401
1,0.46847913
1,0.5352881
1,0.6762945
1,0.5994846
1,0.5352881
1,0.59147453
1,0.5167564
1,0.6923373
1,0.35113457
0,0.44299746
0,0.644351
1,0.6241502
1,0.39466038
0,0.38110194
0,0.37462792
1,0.5015147
0,0.3056767
0,0.2885762
0,0.2885762
1,0.4079671
0,0.627124
1,0.5479866
0,0.7228093
1,0.6906979
1,0.3052252
1,0.5700003
0,0.41160342
0,0.5919937
0,0.24750091
0,0.3615709
0,0.23018336
0,0.6922579
0,0.37855285
0,0.50269556
1,0.41161102
0,0.38976774
0,0.6154067
0,0.3825051
1,0.6371105
0,0.63144267
0,0.45538104
0,0.41494077
0,0.3379727
1,0.7249167
1,0.7245622
1,0.6322447
1,0.59008956
1,0.56395125
1,0.6626397
1,0.6339899
0,0.46243834
0,0.63079995
0,0.46194172
0,0.24014452
1,0.33136418
0,0.42313677
1,0.45781
1,0.7301804
1,0.72945726
1,0.7026835
1,0.7074259
1,0.6409664
1,0.67314565
0,0.49796504
0,0.30753168
1,0.4206903
0,0.43824828
1,0.34921485
0,0.3681204
1,0.40900853
0,0.33447954
0,0.33601373
0,0.33525828
1,0.35155255
0,0.30795988
0,0.32147452
0,0.29404053
0,0.71840346
0,0.6720346
0,0.6720346
1,0.59582186
1,0.5993024
1,0.5777695
0,0.59959966
0,0.724087
0,0.73196006
1,0.7339869
1,0.3517503
1,0.63784254
0,0.56775683
0,0.33538088
0,0.6219103
0,0.288394
1,0.7036525
0,0.22386439
0,0.5928359
0,0.3526705
1,0.41378888
0,0.33521384
0,0.33184558
1,0.6530443
0,0.6710867
1,0.6996501
0,0.71526396
1,0.70809865
1,0.5153798
0,0.38021135
0,0.3604667
0,0.55173856
1,0.34007254
0,0.5531664
1,0.51896507
0,0.34589928
0,0.34589928
0,0.49990773
0,0.540305
0,0.3735491
1,0.4226142
0,0.40161464
0,0.47804806
0,0.3420942
0,0.35535714
0,0.52254593
1,0.60649914
0,0.63114834
0,0.24889018
1,0.7105786
0,0.6887281
1,0.62875366
1,0.7053205
1,0.63776803
0,0.6506088
1,0.6669794
1,0.60746354
0,0.2121181
0,0.4363354
0,0.3896071
1,0.63777995
0,0.2940593
0,0.5853542
1,0.63190866
1,0.7257004
1,0.37512344
1,0.3218609
0,0.6032965
0,0.54800767
0,0.69234
0,0.58354616
1,0.7102075
0,0.47169414
0,0.45424888
1,0.5245277
1,0.70124936
0,0.3526028
1,0.66248935
1,0.69881856
1,0.7105385
1,0.38475883
0,0.21634781
0,0.5211376
0,0.39702076
0,0.20835109
0,0.62230873
1,0.6685536
1,0.6295377
0,0.59346104
1,0.6370796
1,0.63707924
1,0.68575096
0,0.50681716
0,0.38898405
1,0.62132937
0,0.6424017
0,0.53108025
0,0.66587067
0,0.6032746
0,0.6032746
0,0.590417
0,0.6032746
0,0.29105482
0,0.35826135
0,0.69160706
1,0.3134894
1,0.35596392
1,0.68252873
0,0.27909097
0,0.37522703
1,0.6146139
0,0.44866833
0,0.33454922
1,0.23711692
1,0.654997
1,0.33886868
0,0.27198395
1,0.44485968
1,0.72525406
1,0.38315645
1,0.7040832
1,0.5688596
1,0.7199221
1,0.4692945
1,0.3764404
1,0.45723474
1,0.42339525
0,0.68395185
0,0.38810903
1,0.55858266
0,0.58953094
1,0.6290807
1,0.4761166
0,0.24355967
0,0.2905889
1,0.4078135
0,0.248134
0,0.22690794
0,0.47231692
1,0.70143247
0,0.64967954
1,0.2908156
0,0.33648854
0,0.5807049
1,0.60248125
1,0.57491183
0,0.5606671
1,0.4659863
0,0.40970626
1,0.5094732
1,0.69598305
1,0.6702404
1,0.67024046
1,0.6353058
1,0.6890065
1,0.5864333
1,0.36857557
0,0.60261625
1,0.61896837
1,0.4580806
0,0.62980795
1,0.27634874
0,0.24352871
0,0.26609403
1,0.6360202
1,0.3975341
1,0.48005703
1,0.372726
1,0.43982586
1,0.54401857
1,0.609858
1,0.5574838
1,0.71608776
1,0.4157096
0,0.61969566
1,0.69914585
1,0.5041313
1,0.23447548
0,0.6272185
1,0.65395296
0,0.44955793
0,0.29738998
0,0.23399226
0,0.6073532
1,0.4972645
1,0.41019675
1,0.4101967
1,0.5199064
1,0.6264721
1,0.68650925
1,0.48072377
1,0.5492392
0,0.5722796
0,0.6156459
0,0.71244466
0,0.7341041
0,0.6512235
0,0.5050583
0,0.3259976
0,0.25545684
1,0.6484276
1,0.58946455
1,0.32251623
0,0.26204345
0,0.60945404
0,0.5225626
0,0.6669568
1,0.7212044
1,0.6440701
1,0.42314997
1,0.63658035
1,0.5975354
1,0.7092706
1,0.64756614
1,0.608538
1,0.64756614
1,0.70777786
1,0.70561564
1,0.6556387
1,0.6083844
1,0.7005553
1,0.700469
1,0.5975354
1,0.68622756
1,0.70666313
1,0.3262376
0,0.23690534
0,0.69643867
1,0.49342334
0,0.25585946
1,0.6258863
0,0.63004565
1,0.35133308
0,0.34665632
0,0.34439227
0,0.47783777
0,0.4203195
1,0.43403372
1,0.60032284
1,0.38247713
1,0.44557163
1,0.29948854
0,0.41495407
1,0.35888815
1,0.44018075
1,0.36423117
1,0.36359328
0,0.21811137
1,0.6805904
0,0.6805904
1,0.6749207
0,0.27334026
1,0.69934094
1,0.63614017
0,0.6991995
1,0.7087221
1,0.7188716
1,0.6443384
0,0.24229346
0,0.21898654
0,0.36907268
1,0.71459806
1,0.71459806
1,0.7162747
0,0.66231835
1,0.3800521
1,0.45411518
0,0.21495743
0,0.21793048
0,0.21326953
1,0.66526914
0,0.3043846
0,0.6155666
0,0.3211975
0,0.4153926
0,0.45446292
1,0.7087206
0,0.32045436
0,0.26579043
1,0.34000564
0,0.21726122
1,0.63947034
1,0.34859046
1,0.34859046
0,0.41111207
1,0.61040545
1,0.5293627
0,0.26329818
1,0.6190802
1,0.52062976
0,0.37511435
1,0.34717515
1,0.3783821
1,0.40399548
1,0.45237753
0,0.21412814
0,0.31261626
0,0.57613015
0,0.6337409
1,0.73281205
1,0.73281205
0,0.56617725
1,0.7019587
0,0.34136847
0,0.5509965
1,0.6351539
1,0.7172843
0,0.6177969
1,0.67301273
1,0.34574646
0,0.43170655
1,0.70919764
1,0.28673977
0,0.31277198
0,0.3607764
0,0.28021705
1,0.6491896
1,0.7263402
1,0.553793
1,0.62819064
0,0.58283895
0,0.25794446
0,0.28344354
0,0.25987935
0,0.40398955
0,0.4190547
0,0.23555009
0,0.22193588
0,0.22822165
0,0.5022119
0,0.65515417
0,0.21766041
0,0.32092378
0,0.30189317
1,0.6506657
1,0.6506657
1,0.6506657
1,0.6506657
0,0.44832197
0,0.50116485
1,0.3641614
0,0.27714416
0,0.25540674
1,0.37132838
1,0.6105417
0,0.67175114
0,0.3873976
0,0.42458302
0,0.42458302
1,0.39222282
1,0.3863341
1,0.3990185
1,0.39222282
0,0.29609588
1,0.30690116
0,0.6105304
1,0.57735753
1,0.29680726
0,0.7251955
0,0.5553309
1,0.37566426
0,0.700378
1,0.6892298
1,0.65803605
1,0.5417828
0,0.43101528
0,0.28360453
0,0.6261383
1,0.3143934
1,0.3708491
0,0.44701728
0,0.278447
0,0.63696563
1,0.63523954
0,0.26147738
1,0.69053143
0,0.66961735
0,0.43112072
0,0.3160266
1,0.7278112
1,0.7105528
1,0.7051849
1,0.6320324
0,0.60046244
1,0.6390861
1,0.7322192
1,0.7322192
1,0.7225069
1,0.7275976
1,0.72325397
1,0.70800126
1,0.6358923
1,0.7070417
0,0.6339272
1,0.37167895
1,0.70862484
1,0.6446364
0,0.49994406
1,0.23768973
1,0.24334784
0,0.23788707
0,0.29669502
0,0.3944523
0,0.66078675
0,0.5944459
0,0.4823399
0,0.683916
0,0.47734836
0,0.6477047
0,0.60653114
1,0.53018636
0,0.58306605
1,0.26166156
1,0.29694995
1,0.39978516
1,0.39978516
1,0.53039885
1,0.53039885
1,0.36792314
1,0.306654
1,0.27685714
1,0.26336116
1,0.6377878
0,0.26879746
1,0.55548704
1,0.38907382
0,0.33017397
1,0.65295583
0,0.6211871
0,0.24133651
1,0.3131213
0,0.501674
0,0.639429
0,0.63641465
0,0.6366709
1,0.41390806
0,0.6588378
0,0.6204283
0,0.64318717
1,0.6959399
1,0.5635225
1,0.5561821
1,0.6723279
1,0.6959399
1,0.64687884
1,0.6959399
1,0.6963401
1,0.7167412
0,0.5212255
0,0.5575758
1,0.40800685
0,0.41124952
1,0.6821394
0,0.41349566
1,0.56049657
0,0.20782039
1,0.36338818
1,0.39515302
1,0.5969204
0,0.5983733
1,0.44201943
0,0.28052863
0,0.63536716
1,0.6023568
0,0.2922232
0,0.5686215
0,0.37777
0,0.3540371
0,0.29334924
0,0.3371963
0,0.33694956
1,0.29613242
0,0.32005957
1,0.7214414
1,0.3631688
0,0.42430538
1,0.27575558
0,0.42415994
0,0.24246466
1,0.3792553
0,0.24780247
1,0.70990515
0,0.3789987
1,0.61422384
0,0.29799592
0,0.3929196
1,0.3826798
0,0.499334
0,0.5627473
0,0.25104368
1,0.5755391
1,0.6920768
0,0.5360075
1,0.48638162
0,0.28914595
0,0.32226524
0,0.647446
0,0.64936674
1,0.6424575
1,0.6964785
1,0.6002676
0,0.405411
0,0.4250688
0,0.25349316
0,0.6046843
0,0.5724317
1,0.5447763
1,0.39179495
0,0.7019033
0,0.7227353
1,0.729877
0,0.33191916
0,0.34013075
0,0.71752524
1,0.62577134
1,0.68479675
0,0.5913199
1,0.72887254
0,0.35773066
1,0.29146945
1,0.2979383
0,0.28583318
0,0.27591652
1,0.6216545
0,0.5813516
1,0.47980222
0,0.2695349
0,0.24244407
0,0.4985039
0,0.5654813
0,0.591822
1,0.6201817
0,0.44502747
0,0.38599735
0,0.25463432
0,0.25298804
0,0.39429468
1,0.7174269
0,0.5632416
0,0.6928321
1,0.57482016
1,0.72056395
1,0.67855334
1,0.6381265
1,0.6369483
1,0.5296347
0,0.42977864
0,0.36240214
0,0.33821106
1,0.6058969
1,0.68791854
1,0.6342235
1,0.43115768
0,0.26690584
0,0.6965101
0,0.28304192
0,0.6045004
1,0.51018757
1,0.51018757
0,0.58958375
1,0.6566713
1,0.4329458
0,0.32192135
0,0.6636842
0,0.28987905
1,0.42943105
0,0.47415394
0,0.36772186
1,0.37757674
1,0.41671747
0,0.61672485
1,0.30818948
0,0.38253576
1,0.63683355
0,0.3969414
1,0.36944035
0,0.32329682
0,0.40228114
0,0.54798925
1,0.40012118
1,0.48297298
1,0.5880855
1,0.6739831
1,0.5714171
1,0.5464261
1,0.44974864
1,0.5420644
1,0.34564352
1,0.39749783
1,0.54269457
0,0.3909095
1,0.2543332
1,0.65230405
1,0.67990935
0,0.2304758
1,0.637678
1,0.655518
1,0.6810103
0,0.5690864
1,0.69123745
0,0.34900525
0,0.34900525
0,0.40326315
1,0.3730396
1,0.45105594
1,0.7338075
0,0.260491
0,0.455136
0,0.38629907
0,0.26002127
0,0.28052863
0,0.5013802
1,0.26183265
0,0.36947823
1,0.71767724
0,0.7161453
1,0.73090005
1,0.7229792
1,0.7318298
1,0.72331023
1,0.7004223
1,0.7315586
1,0.71516806
1,0.71279824
1,0.71227753
1,0.71279824
1,0.713926
1,0.7198713
1,0.7270624
1,0.72492087
1,0.7161453
1,0.62086666
1,0.7195966
1,0.7233149
1,0.71279824
1,0.7198713
1,0.62086666
1,0.7012507
1,0.67511976
1,0.71516806
1,0.7009337
1,0.62086666
1,0.71516806
1,0.7290919
1,0.7290919
1,0.67511976
1,0.7009337
1,0.67783874
1,0.62086666
1,0.67511976
1,0.7012507
1,0.67511976
1,0.67511976
1,0.66136897
1,0.420039
1,0.44656506
0,0.6185603
0,0.69388616
1,0.71358097
1,0.5489399
1,0.67974615
1,0.46683857
0,0.33444983
0,0.61319184
0,0.40241703
1,0.629256
0,0.5335456
0,0.42101008
0,0.65859437
0,0.43043658
1,0.7338445
0,0.45215425
1,0.71529496
1,0.42147097
1,0.28620258
1,0.7183655
1,0.27257285
0,0.23620461
0,0.27593374
0,0.67894363
1,0.73070824
0,0.7161197
1,0.67894363
0,0.67894363
1,0.663973
1,0.6895677
1,0.715901
1,0.68694144
1,0.68694144
1,0.5025071
1,0.4615065
0,0.39211965
1,0.42477882
1,0.6043581
1,0.5445905
0,0.52429366
1,0.68479675
0,0.5989183
1,0.52387244
1,0.5818251
1,0.60730433
0,0.43548188
1,0.40597007
0,0.38957673
0,0.3369707
1,0.24752168
1,0.6648357
0,0.48964435
0,0.2066232
0,0.22143176
1,0.31657013
0,0.4278667
1,0.72892535
1,0.7300496
1,0.71609795
1,0.7271297
1,0.7300496
1,0.7271012
1,0.728038
1,0.7271012
1,0.72706413
1,0.72811943
1,0.72200835
1,0.705233
0,0.20611809
1,0.6833689
1,0.5741961
0,0.42215642
0,0.3289519
0,0.34276292
1,0.62530756
1,0.54871416
1,0.47285312
1,0.60574317
1,0.59372973
1,0.35974252
0,0.3002967
0,0.30773488
1,0.56919307
1,0.67758524
1,0.57918143
0,0.5963429
1,0.26927593
0,0.72002304
1,0.73444706
0,0.72529817
1,0.6100801
1,0.6857699
1,0.5893187
1,0.6981593
0,0.61921877
0,0.6093706
1,0.3106998
0,0.4352585
0,0.5913656
0,0.31569424
0,0.28694442
0,0.30929643
0,0.7050184
1,0.64155793
1,0.72520447
0,0.21656334
0,0.686198
0,0.65029156
0,0.6530932
0,0.37409177
0,0.6053672
1,0.6799518
0,0.6474587
0,0.69002414
0,0.399708
1,0.4679284
1,0.486341
0,0.62237173
0,0.5385748
1,0.6158671
0,0.25717127
0,0.3276245
0,0.5052761
1,0.35221127
1,0.39486742
0,0.35514218
1,0.64468944
0,0.26231164
0,0.6511002
1,0.62237537
1,0.6443479
0,0.26783764
0,0.27551273
0,0.6831503
0,0.3575521
0,0.33862013
0,0.51703167
1,0.6439947
0,0.36376232
1,0.41175964
0,0.31616035
1,0.5053259
0,0.4592255
0,0.50520265
0,0.34595865
1,0.5938964
1,0.59771514
1,0.72867215
0,0.46011406
1,0.39070475
1,0.43134123
0,0.5868814
0,0.55446714
0,0.6202208
0,0.6719538
0,0.6966975
0,0.24472225
0,0.26867247
1,0.69234204
1,0.2763329
1,0.5755596
0,0.6404809
0,0.26986608
0,0.2269038
0,0.25128937
0,0.45586142
1,0.40390375
0,0.3697727
0,0.36977273
1,0.42678213
1,0.55745864
0,0.22681227
0,0.28855562
1,0.7107011
1,0.7171731
0,0.64556956
1,0.677311
1,0.66558474
1,0.59565276
1,0.6206821
1,0.6720152
1,0.60106665
1,0.68976104
1,0.62249815
1,0.68976104
1,0.66379917
1,0.67118174
1,0.62191606
1,0.66176426
0,0.38928238
0,0.5378841
0,0.6599058
0,0.3514814
0,0.56137276
0,0.5338844
0,0.5045476
1,0.58080304
0,0.3616015
0,0.63982767
0,0.6923132
1,0.46167707
0,0.40505242
0,0.637697
1,0.50735205
1,0.38401234
0,0.48257744
0,0.35141042
0,0.61700565
0,0.6183044
1,0.31239974
0,0.554845
1,0.4718271
0,0.32697353
0,0.56550455
0,0.24173275
0,0.22271086
0,0.23553434
0,0.5664365
1,0.7194835
0,0.6971613
1,0.6864878
1,0.7071692
1,0.7071692
1,0.58550894
1,0.5804275
1,0.711817
1,0.6574348
1,0.6836028
1,0.7002994
1,0.6836028
1,0.6574348
1,0.6518476
1,0.6171249
1,0.6430156
1,0.6387296
1,0.6636952
1,0.6836028
1,0.6518476
1,0.7194804
1,0.6387296
1,0.6574348
1,0.64301574
1,0.64301574
1,0.6387296
1,0.63266903
1,0.6171249
1,0.70734036
1,0.4187062
0,0.21199699
0,0.3905872
1,0.4478225
0,0.60156703
0,0.26316702
0,0.5613017
1,0.6804478
0,0.6247999
0,0.45036355
1,0.55006367
0,0.3658924
0,0.39403236
0,0.35970113
0,0.63708806
1,0.35948068
0,0.6330479
0,0.3706181
0,0.5584054
0,0.3889935
0,0.47494912
0,0.43060267
1,0.57139087
1,0.4279298
1,0.62529415
1,0.5679934
1,0.46910572
1,0.47266775
1,0.60775036
0,0.5543399
0,0.5620036
0,0.22943306
0,0.5149141
0,0.30471906
1,0.41655356
0,0.44537196
0,0.31442526
0,0.2521015
0,0.37570214
0,0.21515588
0,0.38954946
0,0.6582693
1,0.69234204
1,0.40910578
1,0.50160706
1,0.28612104
1,0.3563944
1,0.40148365
0,0.6234759
1,0.6145015
1,0.598898
0,0.4476949
1,0.6540489
1,0.39177635
1,0.36165008
0,0.27110386
0,0.61011016
0,0.3458426
0,0.21669763
1,0.53938437
1,0.54816663
1,0.67853737
1,0.38974446
0,0.36080286
1,0.55565965
1,0.6938263
1,0.6258394
1,0.63254297
1,0.59588337
1,0.6404081
0,0.28202343
0,0.28202343
0,0.28309697
0,0.28860676
1,0.64360714
1,0.6325587
1,0.6103744
1,0.7057209
1,0.5595101
1,0.5043695
1,0.5043695
1,0.6673765
1,0.6397515
0,0.27598304
0,0.7060337
0,0.64501584
1,0.64501584
0,0.5955677
0,0.7021903
0,0.23291975
1,0.6727197
0,0.48367614
1,0.31465706
1,0.39078432
1,0.5651635
0,0.6049082
0,0.3746296
1,0.39290342
0,0.41252744
1,0.5812137
1,0.5147357
1,0.37603393
0,0.66817343
0,0.63698995
0,0.6368989
1,0.5001446
0,0.3684477
0,0.33037606
0,0.39757824
1,0.6379832
1,0.5982755
0,0.4885588
0,0.6204045
0,0.3369565
0,0.7098857
0,0.40433693
0,0.35626215
0,0.5478097
0,0.7065642
1,0.61421645
1,0.59769213
1,0.48920935
1,0.38886008
1,0.52692914
0,0.37510082
0,0.3921573
0,0.4240439
0,0.38810968
0,0.47836277
0,0.3459964
1,0.3243633
1,0.3243633
0,0.3243633
0,0.4100264
0,0.35042554
0,0.3979479
1,0.5956195
0,0.6083139
1,0.34212598
1,0.51524866
0,0.3071236
1,0.31680605
1,0.32639506
1,0.48155272
1,0.25527263
0,0.3916366
0,0.3234136
0,0.42845607
0,0.36568138
0,0.5659465
1,0.3435632
1,0.47505954
0,0.4576254
0,0.31756243
0,0.5724317
1,0.58547807
0,0.6164436
0,0.6938726
1,0.6274873
0,0.23807438
0,0.5905031
0,0.38681582
0,0.25213328
0,0.60248923
0,0.6011191
1,0.3863341
0,0.28430992
0,0.5863742
0,0.4781697
1,0.60516006
1,0.51390743
1,0.5029849
1,0.4633507
1,0.2883316
0,0.31514406
0,0.45953265
0,0.28457728
0,0.28457725
0,0.26949582
0,0.6630366
0,0.6490153
1,0.6387524
1,0.6416608
1,0.6416608
1,0.6416608
1,0.6375176
1,0.6652634
0,0.24705689
0,0.32301974
0,0.4249708
0,0.29394126
1,0.40177825
0,0.42068785
0,0.5330187
1,0.5817391
1,0.62697923
0,0.4847678
0,0.66284394
0,0.46797803
0,0.7266449
1,0.46220836
1,0.46220836
0,0.4430299
0,0.4427581
0,0.37905505
1,0.27097762
1,0.35593316
1,0.35593316
0,0.2678873
0,0.2725708
1,0.49726826
0,0.5980514
0,0.40166688
0,0.2572778
0,0.2593923
0,0.29171085
0,0.29293007
0,0.24367009
0,0.24958993
0,0.30743688
0,0.23204978
0,0.37277377
0,0.33274212
0,0.3365161
0,0.23134328
0,0.42121926
1,0.52219385
0,0.42699856
0,0.38379171
0,0.340368
0,0.41887102
0,0.43892628
0,0.4235291
0,0.6338335
0,0.43591622
1,0.26629302
1,0.6119008
1,0.35010132
0,0.5174775
1,0.5302061
1,0.517693
0,0.26205376
1,0.6210846
1,0.64664483
1,0.6118423
1,0.73307776
1,0.48857623
1,0.34386146
0,0.40098757
1,0.66473293
1,0.63139737
0,0.33502418
0,0.64750636
0,0.26734865
1,0.61818445
1,0.640826
0,0.71482587
1,0.38088617
1,0.46982366
0,0.6370522
0,0.64929605
0,0.6654401
0,0.3433115
1,0.4302156
1,0.40560448
1,0.6829583
1,0.6313436
0,0.7057431
1,0.553444
1,0.58452076
1,0.3451041
1,0.6830603
1,0.73088574
1,0.7288526
1,0.73088574
1,0.73088574
0,0.6091125
0,0.2411223
0,0.25541472
0,0.6546283
0,0.6136919
1,0.5748539
1,0.4334094
0,0.4525379
0,0.7290011
0,0.50681424
0,0.3630943
0,0.4591549
0,0.344781
0,0.38126865
0,0.4285024
0,0.2903343
0,0.56348974
0,0.42537442
1,0.61069083
0,0.22298506
0,0.6391919
1,0.7160263
1,0.47228947
0,0.3594229
0,0.49873406
0,0.41624305
0,0.21279046
0,0.3170773
1,0.6842751
1,0.71426576
0,0.36129552
1,0.33330575
0,0.37076086
1,0.5767688
0,0.5560273
0,0.6720999
0,0.5980699
0,0.5560273
1,0.64101243
1,0.63695717
1,0.6034479
1,0.5980699
1,0.5560273
1,0.62081766
1,0.62081766
0,0.2804957
1,0.5547167
1,0.4769804
1,0.6188244
1,0.6013302
0,0.30613217
1,0.46361357
0,0.31679583
0,0.31763235
0,0.2922326
1,0.49658856
1,0.57918143
1,0.72347915
1,0.6057546
1,0.3894759
0,0.29238534
1,0.68070024
1,0.7192704
1,0.61553
1,0.60197073
1,0.37168685
1,0.3870789
1,0.34636617
0,0.2400636
0,0.557323
1,0.27658814
0,0.38982016
0,0.43563795
0,0.47495314
0,0.36834735
0,0.31264508
1,0.6291455
0,0.27644148
0,0.38175905
1,0.3541438
1,0.7219058
1,0.6156342
0,0.5105603
0,0.6172971
1,0.47320384
1,0.62531483
1,0.5073066
0,0.4670643
1,0.69965434
0,0.56761086
0,0.5892155
0,0.38429448
1,0.3001961
1,0.2720619
1,0.2720619
1,0.36130244
1,0.4281316
1,0.3983413
1,0.31355575
1,0.35094717
1,0.34253606
1,0.2720619
1,0.5325204
1,0.3001961
1,0.29673338
1,0.53097486
0,0.5479007
1,0.6353133
0,0.36011392
1,0.6293436
1,0.6407538
1,0.6860386
0,0.4685777
0,0.46014705
0,0.2269881
0,0.29241523
1,0.51645744
0,0.6279987
1,0.56230044
0,0.6120249
1,0.3705549
1,0.4104072
1,0.6068938
1,0.48367417
1,0.46932375
1,0.64232945
1,0.41801372
1,0.3357171
1,0.49620503
1,0.56274
1,0.43651107
1,0.6512674
1,0.6512674
0,0.28754857
1,0.45792678
0,0.46727878
0,0.45277444
1,0.41247678
1,0.5157756
0,0.26837164
0,0.71976364
0,0.72143304
0,0.25695398
1,0.6666819
1,0.6801403
0,0.45576066
1,0.6656035
1,0.6668795
1,0.3217728
0,0.59887856
0,0.5760212
1,0.64378756
0,0.344709
1,0.59248364
0,0.22167234
1,0.69112694
1,0.6169577
0,0.26637638
1,0.65550256
1,0.6045742
0,0.28309852
1,0.63177043
1,0.4070313
1,0.7247442
1,0.727648
1,0.40038186
1,0.6757201
1,0.63621235
1,0.44390243
0,0.43929434
0,0.7167283
1,0.68470824
0,0.43034214
1,0.5761613
0,0.4332938
1,0.34464723
1,0.6069349
0,0.3929196
0,0.57604
0,0.27560478
0,0.3470581
0,0.43025416
0,0.25127396
0,0.27730092
0,0.63479674
1,0.49744907
0,0.55134606
0,0.28725323
0,0.37355363
0,0.7021487
1,0.6294882
1,0.54921556
1,0.54921556
1,0.54921556
1,0.54921556
1,0.49293998
0,0.55977905
1,0.65208334
1,0.36870053
0,0.35705522
1,0.4480951
1,0.71953416
0,0.2732162
0,0.3874297
0,0.52977395
1,0.7091918
1,0.7091918
1,0.5965317
1,0.5618277
1,0.5965317
0,0.6501262
0,0.5976281
0,0.31676248
0,0.54510474
1,0.6763493
0,0.50950646
0,0.70367837
0,0.70004123
0,0.44091687
1,0.60735077
1,0.5978836
1,0.6353028
1,0.6092405
0,0.65748215
0,0.26583487
1,0.62630945
1,0.6264579
0,0.73026085
0,0.44148237
0,0.31802085
0,0.28088796
0,0.35239097
1,0.34089854
1,0.5939729
1,0.3870437
1,0.37022212
0,0.28761452
0,0.28447133
1,0.58926624
1,0.47218743
1,0.64492565
1,0.3711257
1,0.5618113
1,0.52469546
0,0.38202712
0,0.41469786
0,0.59186983
0,0.5723552
1,0.720503
0,0.27543506
1,0.7255826
1,0.6836774
0,0.34206706
0,0.33895668
0,0.56921434
0,0.30310616
1,0.50958747
1,0.57559294
1,0.60324347
0,0.24302706
0,0.59865427
0,0.40701872
1,0.37099573
0,0.36885768
0,0.30578622
0,0.32718125
1,0.6401684
0,0.61739004
1,0.48634592
1,0.6470153
1,0.4495241
0,0.70325387
1,0.5539143
1,0.5232891
1,0.57092357
1,0.55200565
1,0.5441673
1,0.61045533
1,0.61045533
0,0.56421983
0,0.56421983
0,0.56421983
1,0.6242619
0,0.24388322
1,0.44706175
1,0.36566755
0,0.2703728
0,0.6495266
0,0.35190377
0,0.5575931
1,0.40853596
1,0.4453712
0,0.22911012
0,0.24696888
1,0.7110274
1,0.6771909
1,0.69885385
0,0.28804913
1,0.66121686
0,0.30813724
1,0.57152766
0,0.23919024
0,0.6264653
0,0.61284983
0,0.3873721
0,0.5828539
0,0.6334796
1,0.5678446
1,0.58876204
1,0.58876204
1,0.5574574
1,0.43234405
0,0.47305632
0,0.52664286
0,0.4771824
0,0.40946776
0,0.4003444
0,0.52386034
0,0.68240476
0,0.7218038
1,0.48587695
1,0.72976595
1,0.5649326
1,0.4424978
1,0.41564795
1,0.47055998
0,0.35363513
1,0.253298
0,0.47753996
0,0.32343832
0,0.5181676
0,0.55178523
0,0.621596
1,0.69294953
1,0.70604813
0,0.5386714
1,0.71578294
0,0.28316602
1,0.7188676
1,0.6356824
1,0.73419416
1,0.7215537
1,0.7149271
0,0.3003935
1,0.69986427
1,0.41865483
0,0.6446423
0,0.6685338
0,0.40143785
1,0.6191617
1,0.32111916
0,0.29563954
0,0.23885739
0,0.46071053
1,0.39593682
1,0.43454286
0,0.6908888
1,0.6527318
1,0.6325595
0,0.6573745
0,0.37655878
1,0.56779563
1,0.4120524
1,0.6150658
0,0.28127146
1,0.502048
0,0.41586313
0,0.35097423
1,0.31042594
1,0.2350631
1,0.48116356
0,0.5859718
0,0.63316524
1,0.63316524
1,0.71525854
1,0.70451796
0,0.38666293
0,0.27780363
0,0.36710036
0,0.36710036
1,0.57545865
1,0.57545865
1,0.6935691
1,0.6838211
1,0.7062148
1,0.7189987
0,0.22545935
0,0.483024
0,0.4581252
1,0.71887
1,0.47546846
1,0.41050547
0,0.59921515
0,0.27606592
0,0.3187583
0,0.2222558
1,0.6361048
0,0.32735577
0,0.28869107
1,0.56095207
1,0.59748155
1,0.59748155
0,0.34434044
0,0.63198507
0,0.30315694
1,0.61912817
1,0.5717331
1,0.46679935
0,0.6005993
1,0.6482729
1,0.68952054
1,0.65230405
1,0.6089048
1,0.60300213
1,0.5518059
0,0.5008398
0,0.3548373
0,0.48909152
0,0.7292702
0,0.42364013
0,0.370936
1,0.72101057
0,0.54552877
0,0.6019448
0,0.6217314
0,0.6019448
0,0.6019448
1,0.67203987
1,0.5708195
1,0.63956106
1,0.60273844
1,0.70702684
1,0.70702684
0,0.41232094
0,0.27576536
0,0.28922048
0,0.57983136
1,0.70201415
0,0.28189638
0,0.63686025
0,0.47028658
1,0.35965264
1,0.36620647
1,0.4899823
0,0.60881984
1,0.6622989
1,0.6187817
0,0.40540344
0,0.44749478
1,0.73205185
0,0.67733455
1,0.72274256
0,0.72915757
0,0.64911795
0,0.7195722
1,0.7291014
1,0.5544015
1,0.32791466
1,0.64288586
0,0.640416
1,0.6927036
0,0.22109032
1,0.35593235
1,0.36829185
0,0.37099573
1,0.2647437
1,0.54784745
0,0.37572002
1,0.3169812
0,0.59814394
0,0.49384674
1,0.7247442
0,0.3827554
0,0.39156908
0,0.50378263
0,0.6573376
0,0.27920693
0,0.53717417
0,0.22939217
0,0.41755393
0,0.42914808
0,0.55658674
0,0.2649179
0,0.2977604
0,0.28592393
1,0.6903288
0,0.65391237
0,0.38710916
0,0.31127724
0,0.2735677
0,0.24521102
0,0.256095
0,0.3103564
0,0.24211107
1,0.3267189
1,0.27923104
1,0.69409037
1,0.69409037
1,0.69409037
1,0.69409037
1,0.69409037
1,0.69409037
1,0.36544627
0,0.32156476
0,0.26741135
1,0.7063966
1,0.29428846
1,0.36825755
0,0.3046922
0,0.59319985
1,0.55336905
0,0.38934097
0,0.42559585
0,0.38691986
0,0.5217469
0,0.3725177
0,0.31809127
0,0.61939216
1,0.38232043
0,0.41561514
0,0.3235679
1,0.7280513
0,0.32947966
0,0.3378492
1,0.7007246
1,0.62255514
1,0.47185686
0,0.3157415
1,0.63307524
1,0.619523
0,0.3794026
0,0.42351463
0,0.49865568
1,0.61754155
1,0.61600375
0,0.23407657
0,0.48400986
0,0.39614037
1,0.5000082
1,0.6947734
0,0.51294136
1,0.72317284
1,0.5188708
1,0.43443334
0,0.44902825
1,0.6606777
0,0.69666743
0,0.66014963
0,0.70448613
0,0.43815297
0,0.37858117
0,0.22023457
1,0.6264579
0,0.47177988
1,0.4324955
1,0.35221058
1,0.6469637
1,0.6020858
1,0.4406884
1,0.35221058
1,0.6564044
1,0.3233663
1,0.38952556
1,0.6707399
0,0.4324955
0,0.4175467
1,0.5287545
1,0.41400936
1,0.3968092
0,0.40956888
1,0.54246867
1,0.30306536
1,0.2549255
1,0.51472247
1,0.4491502
0,0.64519775
1,0.6530056
1,0.63200384
1,0.42983794
0,0.47453466
0,0.43087742
0,0.6673554
0,0.7294357
0,0.37532496
0,0.37552372
0,0.3889208
1,0.59176695
0,0.6410083
0,0.60273135
0,0.23636383
1,0.3033805
0,0.36283684
0,0.5111656
0,0.4474275
0,0.33085674
0,0.6126702
0,0.467483
0,0.33642784
1,0.41571844
1,0.33361915
1,0.41571844
1,0.40895382
1,0.64395165
1,0.6997651
1,0.49624604
1,0.40650138
1,0.23944469
1,0.3418457
0,0.3722366
1,0.37159488
1,0.6631572
1,0.7231118
0,0.39386228
1,0.49829495
0,0.43588617
0,0.5597486
0,0.39206803
0,0.43627346
1,0.4456762
0,0.25361896
0,0.2828881
0,0.35732624
0,0.32940587
1,0.70620733
0,0.32097083
0,0.2931763
0,0.33099374
0,0.5013368
0,0.6446921
1,0.41450882
0,0.6275364
1,0.3959524
1,0.72178364
1,0.7247951
1,0.7170904
1,0.71901083
1,0.7281492
1,0.73099726
1,0.72930944
1,0.72418165
1,0.721262
1,0.7094723
1,0.6961405
1,0.71795726
1,0.72540796
1,0.70433843
1,0.72418165
1,0.7161536
1,0.72346455
1,0.7307442
1,0.655891
1,0.66490304
1,0.7120631
1,0.7084043
1,0.7256979
1,0.709146
1,0.72000325
1,0.72690773
1,0.7123808
1,0.7159122
1,0.7244774
1,0.7207457
1,0.73099726
1,0.7052655
1,0.6819099
1,0.7224013
0,0.72728455
0,0.71189535
1,0.34117854
0,0.62653774
1,0.33664057
0,0.5859275
0,0.38342348
0,0.2962507
0,0.26235515
1,0.6655952
1,0.26623192
1,0.33704665
0,0.3638642
0,0.25446063
1,0.6223559
1,0.60707986
0,0.3014366
0,0.2743714
0,0.4279212
0,0.40016723
0,0.5195205
1,0.6960207
1,0.68832254
1,0.70554125
1,0.3415783
0,0.2517456
0,0.22501267
0,0.4662941
0,0.32333866
1,0.29077813
1,0.7240269
0,0.4204244
0,0.27795982
1,0.68869126
1,0.724857
1,0.6263535
0,0.44538623
0,0.70974386
1,0.22651626
1,0.6748836
0,0.6164397
1,0.66954136
0,0.41911528
0,0.40350178
0,0.5378094
0,0.69118845
0,0.5125948
0,0.6193733
0,0.6193733
0,0.59060824
0,0.5378094
0,0.5043849
0,0.52596617
0,0.6618223
0,0.51817966
0,0.49710044
1,0.72744477
1,0.72744477
1,0.3258253
1,0.62998295
1,0.29546982
1,0.28020868
1,0.36266458
1,0.6057718
1,0.73453414
0,0.6405008
0,0.6283314
0,0.23823486
1,0.533638
0,0.4917893
0,0.4219894
1,0.637079
0,0.30221957
0,0.23773344
0,0.717579
1,0.65007794
1,0.7016326
0,0.36341727
0,0.46060896
0,0.3093275
1,0.5890596
1,0.5646399
1,0.6008234
1,0.6008234
1,0.6008234
1,0.6008234
1,0.6008234
1,0.6008234
0,0.22224146
1,0.32508045
1,0.34538162
1,0.39261487
1,0.32904378
0,0.30074868
0,0.2754698
0,0.28721076
1,0.6635194
1,0.6635194
0,0.21104534
0,0.25435147
1,0.6364099
1,0.69138086
1,0.6364099
1,0.69138086
0,0.39780673
0,0.45071205
1,0.55774
1,0.7179918
1,0.63346535
1,0.6068506
1,0.47446522
0,0.5472334
0,0.3080031
0,0.35863385
0,0.34869745
0,0.20758066
0,0.2674505
0,0.36147958
1,0.59523755
0,0.3466669
0,0.3817196
0,0.34167817
0,0.7109395
0,0.40510136
0,0.40433052
0,0.54899526
0,0.5524305
0,0.6618484
0,0.358955
1,0.6531879
1,0.4035669
1,0.6618484
1,0.6618484
1,0.44252685
1,0.71230376
1,0.54059696
0,0.3427417
1,0.6637094
0,0.33198765
1,0.6024381
1,0.70072895
0,0.6915126
0,0.4652546
1,0.61270106
1,0.4169062
0,0.6649215
0,0.41972074
0,0.25321212
0,0.2554295
0,0.45991218
0,0.25655836
1,0.33497417
1,0.23704602
1,0.32927412
0,0.24662496
1,0.343401
1,0.53851134
1,0.6216192
1,0.4034611
1,0.35819042
1,0.7177776
0,0.7111474
1,0.6173015
1,0.63720787
0,0.51059747
1,0.7072222
1,0.30043337
1,0.55169797
1,0.6960733
1,0.6615261
1,0.73183274
1,0.73183274
1,0.7306731
1,0.72925067
1,0.7306731
0,0.33386293
0,0.27631602
0,0.24879095
1,0.44495708
0,0.62773967
1,0.4708613
0,0.6074861
0,0.6378175
0,0.6915714
0,0.3646958
1,0.66755736
1,0.30334327
0,0.4983444
0,0.32262355
0,0.5377804
1,0.26645157
0,0.6717166
1,0.6371686
1,0.6865735
0,0.6865735
0,0.6865735
0,0.6781217
0,0.3300229
1,0.5369087
1,0.70676994
1,0.2620066
0,0.5081608
0,0.27021518
1,0.35304758
0,0.6323843
0,0.6320887
0,0.5839243
0,0.576664
0,0.5646899
1,0.43397233
1,0.43358433
0,0.31286037
0,0.34248915
0,0.29123634
1,0.4061046
1,0.38809237
1,0.53115404
1,0.40639803
0,0.36562747
1,0.6946194
0,0.5312607
1,0.72014654
0,0.6197974
0,0.31161964
1,0.62785053
0,0.32132336
0,0.6055511
0,0.33228177
0,0.6027804
0,0.5073943
0,0.5608822
1,0.73022807
0,0.40756455
0,0.27803802
0,0.6201235
0,0.38446116
0,0.36475593
0,0.26350993
0,0.26953197
0,0.29673997
1,0.3949207
0,0.41908273
0,0.24515314
1,0.39861038
1,0.6171324
1,0.37755466
1,0.32021034
0,0.22760497
0,0.23935257
1,0.69159305
1,0.24781188
0,0.40849268
0,0.48693722
0,0.5534682
0,0.67248046
0,0.6441941
1,0.66879493
1,0.22667435
0,0.2636182
1,0.6345547
1,0.36190176
1,0.7178925
0,0.43817794
0,0.38371995
0,0.29853573
0,0.3436017
0,0.40420088
1,0.7075164
0,0.5358243
0,0.6982014
1,0.72386545
1,0.40682986
1,0.67441463
1,0.70737165
0,0.72639966
1,0.38752475
0,0.32669154
0,0.41850588
1,0.37606174
0,0.64020395
0,0.58956444
0,0.4079497
1,0.33459926
0,0.24452116
1,0.30870485
0,0.49328136
1,0.6336421
1,0.6327373
0,0.55217135
0,0.5706254
0,0.28759876
0,0.3657664
1,0.45897764
0,0.682426
1,0.28198224
0,0.24716362
0,0.23188171
0,0.29037157
0,0.43517902
1,0.72932744
1,0.6910963
1,0.70811194
1,0.6354642
1,0.57880926
0,0.68327993
1,0.29170352
1,0.42933154
0,0.37371054
0,0.31587297
0,0.21572393
0,0.2761228
1,0.6722357
1,0.31321377
0,0.38713482
0,0.53275734
1,0.69951326
0,0.6349217
1,0.54337484
0,0.25224543
1,0.31465706
0,0.59342396
1,0.33574462
1,0.4480756
1,0.59379244
0,0.5572728
1,0.35664278
0,0.7303598
0,0.5433757
0,0.3873665
0,0.30547577
0,0.47320488
0,0.30547577
1,0.48878112
0,0.3650088
1,0.47551206
1,0.40613455
0,0.28637737
0,0.43846232
0,0.7182847
1,0.49549404
0,0.42878368
0,0.4913691
1,0.7157658
1,0.3812737
0,0.5847807
1,0.68964183
0,0.5272347
0,0.24032347
0,0.36692888
1,0.7118771
1,0.31485277
0,0.5691006
0,0.2683617
1,0.5839341
1,0.582765
1,0.58335257
1,0.58217204
0,0.7028558
0,0.7028558
1,0.6956581
1,0.59754264
0,0.2900638
0,0.35432667
0,0.31783742
0,0.32663873
1,0.63063073
0,0.26780313
0,0.3571257
0,0.6289406
1,0.7125933
0,0.61925805
1,0.7336717
0,0.4566755
1,0.63277984
0,0.2279729
0,0.6200192
1,0.35480803
1,0.37316978
1,0.38282853
1,0.35572293
1,0.39461252
1,0.39256576
0,0.5292708
1,0.5461873
1,0.3789588
1,0.3789588
0,0.40111944
0,0.5667354
1,0.5903623
1,0.5149179
0,0.24797918
0,0.26483205
0,0.26483205
0,0.3497129
1,0.67772424
0,0.61180806
1,0.6332688
1,0.30854055
1,0.69628525
1,0.38505375
0,0.6760212
0,0.43380734
1,0.58287203
0,0.3287642
1,0.69151556
0,0.5673063
1,0.4700538
0,0.34751537
0,0.5151341
0,0.49996796
0,0.45980713
1,0.5570756
1,0.4687276
0,0.206436
1,0.6857981
1,0.6669058
0,0.68918216
0,0.5629666
0,0.30612382
0,0.33090416
0,0.22760367
1,0.6525284
1,0.6525284
1,0.6525284
0,0.707292
0,0.3473692
0,0.28664592
1,0.3041624
0,0.26911506
0,0.60648274
0,0.56473124
1,0.2818064
1,0.6394242
1,0.6371531
1,0.37094134
1,0.5022476
1,0.46371502
0,0.693984
1,0.41150007
0,0.39565504
1,0.6276748
0,0.3031638
0,0.2657416
1,0.7105428
1,0.7275722
1,0.6177249
1,0.37914944
1,0.72585285
0,0.306926
0,0.6027825
0,0.36773768
0,0.4363845
1,0.41769662
0,0.47400373
1,0.5824168
0,0.26404747
0,0.24791281
0,0.6443949
0,0.4506729
0,0.6376027
0,0.5770973
0,0.64512753
0,0.31302038
0,0.63407046
0,0.6370446
1,0.62780887
1,0.64001215
1,0.64001215
1,0.64001215
1,0.5865114
1,0.64001215
1,0.64001215
0,0.28945825
1,0.7194071
1,0.6999154
0,0.4948406
0,0.63337606
1,0.5888245
1,0.5660095
0,0.55080307
1,0.36207795
1,0.40674785
1,0.45969218
1,0.39518484
0,0.40676874
0,0.29944527
0,0.56612873
0,0.23072271
0,0.41304204
0,0.22400501
0,0.25986055
0,0.27834302
0,0.29220584
1,0.23102987
1,0.5699972
1,0.5699972
0,0.62545705
1,0.58405894
1,0.26245964
0,0.35564423
0,0.411942
0,0.373154
0,0.3870455
0,0.26783273
0,0.2964172
1,0.396971
0,0.22416714
1,0.5125301
0,0.21070746
1,0.32205743
1,0.60475165
1,0.632365
1,0.62465334
1,0.62465334
1,0.63619506
1,0.35302234
0,0.36577624
0,0.46449894
1,0.72095203
1,0.55252314
1,0.22428326
0,0.39302778
0,0.20987134
0,0.33645293
0,0.39541218
0,0.38775456
0,0.45132527
0,0.20983101
0,0.27473003
1,0.4443608
0,0.3166299
0,0.3175964
1,0.20983358
0,0.389443
0,0.25620508
0,0.22913615
1,0.6860895
1,0.5167918
1,0.5167918
1,0.5788286
1,0.3390959
1,0.64074993
1,0.60871756
1,0.65588915
0,0.3643859
0,0.23355086
0,0.72769845
0,0.41087794
0,0.3340391
0,0.63494974
1,0.72106135
0,0.47907054
1,0.7078107
0,0.3334543
0,0.30806527
0,0.3519287
1,0.44550818
0,0.26224712
1,0.7152804
1,0.31840825
0,0.4172116
0,0.40977615
1,0.70100963
1,0.2188881
0,0.22536373
0,0.22004813
0,0.5035517
0,0.3777592
0,0.3777592
1,0.7268125
1,0.6324804
1,0.47850582
1,0.7157814
1,0.67318416
1,0.7033783
1,0.67013156
1,0.5749152
1,0.636569
0,0.5490272
1,0.7093792
1,0.7137072
1,0.7001236
1,0.66535556
1,0.71371996
1,0.6931599
1,0.7248987
1,0.7061209
1,0.687531
1,0.6908556
1,0.687531
1,0.687531
1,0.67336965
1,0.64243376
1,0.6939689
1,0.680377
1,0.68402314
1,0.7119792
1,0.66941905
1,0.61609864
1,0.63490224
1,0.687531
1,0.536629
1,0.73142403
0,0.54470754
0,0.73298967
0,0.72138476
0,0.5186554
1,0.6267421
1,0.7188467
1,0.7188467
1,0.6869139
0,0.68691397
1,0.63433504
0,0.64912
1,0.63351285
1,0.63351285
0,0.63470876
0,0.48989922
0,0.4862373
1,0.3197418
1,0.73235345
1,0.6098342
0,0.6099036
1,0.46451345
0,0.48540133
0,0.25141746
0,0.26988804
0,0.2633856
0,0.2674638
0,0.34478852
0,0.473997
0,0.6968115
1,0.3726947
0,0.32374698
0,0.33720464
1,0.6640582
0,0.7279575
0,0.39997765
1,0.64427793
1,0.7224421
0,0.55469936
0,0.3860001
0,0.5819205
0,0.5978316
1,0.644603
0,0.3680077
0,0.28826922
1,0.2534991
0,0.2932153
0,0.54252076
0,0.3200023
0,0.4295058
0,0.54252076
0,0.38184273
0,0.44706815
0,0.44706815
0,0.4016214
0,0.4016214
0,0.4319229
0,0.54252076
0,0.60691977
0,0.40068927
0,0.2275808
1,0.61024237
1,0.65953124
1,0.31755105
1,0.5740311
1,0.6270742
0,0.6068205
0,0.60762376
1,0.5677872
1,0.27150238
1,0.28218707
1,0.28343263
1,0.5965772
0,0.48047492
1,0.41068769
0,0.41797385
1,0.7225299
0,0.57140255
1,0.3694294
0,0.25044754
1,0.6702279
1,0.70664376
1,0.6372453
0,0.3283415
1,0.33153257
0,0.7302352
0,0.47679862
0,0.443054
0,0.39533472
0,0.39533472
0,0.62743294
1,0.4382396
1,0.23672092
1,0.63863575
1,0.6425245
1,0.6397495
0,0.2621346
0,0.51904917
1,0.6976613
1,0.3656266
1,0.66110516
1,0.29951656
1,0.6599164
1,0.52219653
1,0.5913254
1,0.66979504
0,0.25149956
1,0.72086453
1,0.6883162
1,0.6859263
1,0.6788964
0,0.5121286
0,0.35570562
0,0.27986416
1,0.24417932
0,0.40660125
1,0.67498195
0,0.2751642
1,0.7314705
0,0.43119538
0,0.6535127
1,0.40539157
0,0.24319088
0,0.44346508
1,0.2588195
1,0.6300825
1,0.6262892
1,0.61495686
1,0.64099205
1,0.4354141
1,0.5428269
1,0.6294163
1,0.6294163
0,0.71484095
1,0.21890713
1,0.61420304
0,0.514634
0,0.43005842
0,0.3378009
1,0.35965827
1,0.51033455
1,0.67691547
0,0.2419027
1,0.6623544
1,0.6653464
1,0.67561936
0,0.25816295
0,0.272983
0,0.30818045
0,0.3613723
1,0.30521762
1,0.63907504
0,0.30051294
1,0.4113951
0,0.2329141
1,0.31443045
1,0.6175792
1,0.6272696
1,0.4868194
0,0.49424657
1,0.6900508
1,0.66745937
1,0.7176192
0,0.630923
1,0.55006367
0,0.37815627
0,0.6437333
1,0.300821
0,0.27138433
1,0.7103206
1,0.27640986
0,0.52004755
0,0.4858036
0,0.21826217
0,0.41545168
0,0.21875338
1,0.68811214
0,0.64535964
0,0.5693053
1,0.5019071
0,0.51972926
0,0.52606237
1,0.6265129
1,0.30445358
1,0.30942866
1,0.34014863
0,0.6446177
0,0.23687616
0,0.6299827
0,0.5792737
0,0.6281346
1,0.45892358
0,0.51964384
0,0.6980894
0,0.6913898
0,0.38905287
1,0.6687175
0,0.5543214
1,0.6155156
0,0.28111833
0,0.35949793
0,0.359498
1,0.61451244
1,0.3033538
1,0.3060876
1,0.40525067
0,0.39594227
0,0.6143829
0,0.6966785
0,0.6143829
0,0.6966785
0,0.7281934
0,0.63094676
0,0.705683
0,0.7142159
0,0.705683
0,0.6747325
0,0.6848343
0,0.6747325
0,0.61785924
1,0.6143829
1,0.6697993
1,0.7142159
0,0.22762778
1,0.52885485
1,0.6855418
0,0.66796684
1,0.66728437
1,0.66728437
0,0.6540512
0,0.65435195
0,0.57167155
0,0.57227623
0,0.34514725
1,0.71965194
0,0.42698523
1,0.55990136
1,0.70691633
0,0.6812637
0,0.22227901
0,0.23217167
1,0.5993639
1,0.4479654
0,0.23425399
0,0.7305428
1,0.51994264
1,0.62849003
1,0.49222377
1,0.42586774
1,0.56315315
1,0.38630477
1,0.64762115
0,0.30345592
0,0.39586705
0,0.6623524
0,0.6026249
0,0.5487733
0,0.3256158
0,0.53977835
0,0.45250452
0,0.29819953
0,0.6930827
1,0.658909
0,0.56901336
0,0.23283418
1,0.5674584
0,0.3850154
0,0.3357631
1,0.6795776
0,0.42655462
0,0.58233225
0,0.58233225
0,0.49657866
0,0.30067578
0,0.5061281
0,0.25513235
0,0.2519158
0,0.2265879
0,0.32381752
0,0.5028765
0,0.72398794
0,0.35509032
0,0.2280545
0,0.4088363
0,0.26472202
1,0.23444073
0,0.5677355
1,0.60784227
0,0.27759486
0,0.3552445
0,0.2938804
0,0.5679908
1,0.7320955
1,0.7320955
1,0.7320955
1,0.73412585
1,0.7297106
1,0.73412585
1,0.7340011
1,0.7319268
1,0.7297106
1,0.7340011
1,0.7279742
1,0.7148106
1,0.7339816
1,0.27091977
0,0.37622735
0,0.366704
0,0.55014
0,0.57768536
0,0.21528095
0,0.40304652
1,0.6616583
1,0.7320206
1,0.73352
0,0.5306613
0,0.2976562
1,0.595168
1,0.2890985
1,0.53659815
0,0.6609778
0,0.53709245
0,0.666847
0,0.2334946
1,0.2657349
0,0.5350989
0,0.6892426
0,0.31739134
0,0.252656
0,0.2601781
1,0.7309453
0,0.6184393
1,0.7240112
0,0.44286874
1,0.50872505
1,0.71451163
1,0.6708063
0,0.6165682
1,0.68281305
1,0.6147514
1,0.5348502
1,0.38500476
1,0.61038494
1,0.6795049
1,0.6111033
1,0.60438347
1,0.5472802
1,0.59583044
0,0.38825393
0,0.5158427
1,0.53949916
1,0.57333016
1,0.72684914
1,0.6508148
1,0.39642522
1,0.6687521
0,0.37533864
1,0.52216375
0,0.41671202
0,0.44419023
0,0.34159663
1,0.41997865
1,0.3506171
1,0.4199786
0,0.657649
0,0.30279458
0,0.24799602
0,0.4610443
1,0.7238207
1,0.7307582
1,0.7316712
1,0.72072625
0,0.2296012
0,0.32913736
0,0.2844053
0,0.35188416
0,0.22179852
1,0.65170777
1,0.6229206
0,0.4878429
1,0.58854365
1,0.57974833
1,0.6250974
1,0.3945963
1,0.3555902
0,0.67309195
1,0.57799196
1,0.54148906
1,0.59583384
0,0.38585836
1,0.4496135
0,0.70983416
0,0.2879243
0,0.265788
0,0.44344842
1,0.64094156
0,0.73166424
0,0.5961631
1,0.69270283
0,0.3298386
0,0.2627126
0,0.3833254
0,0.45473763
0,0.28844744
0,0.30702612
1,0.36591345
0,0.4371321
0,0.40962076
0,0.46308288
0,0.40962076
1,0.5740133
1,0.6113868
0,0.4124017
0,0.26827574
1,0.3397168
0,0.66758764
0,0.60214275
0,0.47036606
0,0.41197515
1,0.599586
1,0.39380816
0,0.40744224
1,0.71192193
0,0.36333305
0,0.29669294
1,0.68541276
0,0.65861934
1,0.44090334
0,0.4611348
0,0.4611348
0,0.4611348
0,0.40528604
0,0.7315674
0,0.24373554
0,0.5967345
0,0.4806904
0,0.568383
1,0.6023907
1,0.6320704
0,0.46710262
0,0.580397
1,0.21381226
0,0.22190847
0,0.37260696
0,0.41484746
1,0.6807789
0,0.24859312
1,0.3746295
1,0.5374874
1,0.36540326
1,0.37568927
1,0.40586054
1,0.36783198
1,0.7287035
0,0.30892956
0,0.62349015
0,0.25619978
0,0.6362572
0,0.6274111
0,0.26220575
0,0.28986046
1,0.61420774
0,0.35965028
0,0.6634425
0,0.38510808
1,0.69548965
1,0.71739805
1,0.48593095
1,0.6310868
0,0.6854098
0,0.7023244
0,0.67701143
0,0.61227417
0,0.31392276
0,0.47694024
0,0.42053953
1,0.59997255
0,0.3161391
0,0.2528839
1,0.6830373
0,0.5875071
0,0.5392927
0,0.5953392
1,0.59983355
1,0.30443156
0,0.39047986
0,0.45344323
1,0.44656533
1,0.4400285
0,0.49239603
1,0.38219088
1,0.28491727
0,0.2992223
0,0.5573097
1,0.6491927
0,0.59688294
1,0.5521567
1,0.6640208
1,0.6222803
1,0.6593089
1,0.60195696
1,0.5678891
1,0.57924575
1,0.5788485
1,0.5662473
1,0.5662473
1,0.59539115
1,0.5788485
1,0.5662473
1,0.6825417
1,0.6227504
1,0.6936841
1,0.60195696
1,0.64617324
1,0.66538703
1,0.6301178
1,0.6825417
1,0.5069337
1,0.7207508
1,0.68607813
1,0.6168376
1,0.32546806
1,0.67870843
1,0.6511401
0,0.43465057
1,0.4170644
1,0.4505535
1,0.43573382
0,0.3003721
0,0.38817656
0,0.6798863
0,0.36346832
0,0.28874925
0,0.21857212
0,0.6353084
1,0.6361034
1,0.63661397
0,0.63657135
1,0.63657135
1,0.63661397
1,0.6360736
1,0.63657135
1,0.63657135
0,0.3367381
1,0.39829406
1,0.5398387
1,0.37819442
0,0.66599274
1,0.62705183
0,0.26403886
1,0.35969406
0,0.22467141
1,0.7134942
1,0.6725862
0,0.43634534
1,0.42711452
1,0.6816125
0,0.25382707
1,0.5716853
0,0.5608397
0,0.47762552
1,0.6198778
0,0.35788587
1,0.5049856
0,0.71230984
0,0.46676654
0,0.3547123
1,0.3731377
0,0.25665677
0,0.73138106
1,0.7212501
1,0.56106275
1,0.41509467
0,0.4188529
0,0.25035182
0,0.26847655
1,0.6258035
0,0.46512863
1,0.62761134
1,0.6709626
0,0.2390634
0,0.37644973
1,0.70986646
1,0.4411826
0,0.22339287
0,0.49769035
0,0.29643816
0,0.34662053
1,0.6339357
1,0.6794289
1,0.36789197
0,0.2742116
1,0.5691874
1,0.70400834
0,0.22281149
1,0.61933815
1,0.5866065
0,0.2330211
1,0.33322924
0,0.27803507
0,0.68956673
1,0.3697976
0,0.36463866
0,0.70563924
1,0.63292694
0,0.67633677
1,0.56836575
1,0.6040735
0,0.61766946
0,0.63191247
1,0.7017865
0,0.67520916
0,0.67520916
1,0.70742023
1,0.70742023
0,0.6971849
0,0.67520916
1,0.67520916
0,0.67520916
1,0.7063352
0,0.7034122
0,0.5990232
1,0.38344064
1,0.42276695
0,0.23761761
0,0.2564574
1,0.2403964
1,0.61923254
0,0.7146045
0,0.68844223
0,0.5227274
1,0.38085923
0,0.6209004
1,0.6042
1,0.687581
1,0.6495606
1,0.58670723
0,0.35383755
1,0.43125665
1,0.26357207
1,0.26062188
0,0.34722626
0,0.22562774
0,0.39363384
0,0.39167646
0,0.29860255
0,0.37574315
0,0.28972292
0,0.27236044
1,0.6930574
1,0.3695416
0,0.69082123
0,0.26866013
1,0.712486
1,0.60207975
1,0.2592927
1,0.63055044
1,0.35773015
0,0.7191895
0,0.327057
0,0.38390422
0,0.52328366
0,0.21714574
1,0.6705321
1,0.57568824
1,0.68575454
1,0.6568589
1,0.6097921
1,0.6860682
1,0.72689366
1,0.705428
1,0.6847576
1,0.730397
0,0.25974277
1,0.38488746
0,0.4294395
1,0.32632744
0,0.30404967
1,0.71118176
1,0.35693467
0,0.6775874
1,0.66210806
1,0.4386841
0,0.62308973
1,0.6480682
0,0.48171523
0,0.65640724
1,0.55799294
0,0.33567178
0,0.37396228
0,0.2346418
0,0.26517844
1,0.66888946
0,0.60499346
1,0.5286603
1,0.65098596
1,0.70096004
1,0.40965372
1,0.73012286
1,0.73012286
0,0.6405253
0,0.5209171
0,0.40527344
0,0.35009953
0,0.70653987
0,0.29019752
0,0.364311
0,0.3483956
1,0.47621024
1,0.47621024
1,0.47621024
1,0.47621024
1,0.5923729
1,0.3621901
1,0.60161436
0,0.62516093
1,0.38592687
0,0.45909587
0,0.42510512
0,0.27365002
1,0.62231445
1,0.5221178
0,0.43362874
1,0.46431848
1,0.62218046
0,0.5841392
0,0.41248176
0,0.68395025
1,0.5235721
0,0.25570202
0,0.3018378
0,0.3368508
1,0.4155377
1,0.23986812
1,0.7259197
1,0.6914144
1,0.64586747
1,0.711113
1,0.52055645
1,0.6374839
1,0.51731455
1,0.60097224
1,0.6345704
1,0.62948895
1,0.6154395
1,0.61248887
1,0.66237175
1,0.72581464
1,0.6996499
1,0.6925926
1,0.40407154
0,0.40669394
0,0.518919
0,0.42050073
0,0.5918876
0,0.28779766
1,0.6960269
1,0.636441
1,0.47062805
1,0.6760479
0,0.38419485
1,0.65571207
1,0.4379677
1,0.5027783
1,0.42793098
0,0.41370353
0,0.43893886
0,0.54864216
1,0.24945785
0,0.61453044
0,0.46915543
1,0.5475131
1,0.61843526
1,0.3489622
1,0.72244847
1,0.72244847
1,0.72244847
0,0.26773456
0,0.56919193
0,0.5617225
1,0.31465706
0,0.39122856
0,0.5386291
0,0.723994
1,0.5724112
0,0.38033623
0,0.38033623
0,0.41570076
1,0.61713433
0,0.705727
1,0.6456103
0,0.6659603
1,0.2584638
1,0.3670444
0,0.37975103
0,0.33754763
0,0.68408144
0,0.29378578
0,0.3571548
0,0.4093413
0,0.2706851
1,0.36131307
0,0.27032885
0,0.477094
1,0.46337593
0,0.37908092
0,0.25694638
0,0.2752956
0,0.38821742
1,0.4094039
1,0.6679239
1,0.5236486
0,0.635256
0,0.45864823
0,0.45544606
0,0.5047029
0,0.7157299
0,0.47529987
0,0.47485268
0,0.47405842
1,0.61549985
1,0.69413185
0,0.28202596
0,0.2647458
1,0.6913688
1,0.7082567
0,0.6760818
0,0.29750052
0,0.72768617
0,0.35081613
0,0.60083866
1,0.22852255
1,0.64397466
0,0.33212373
0,0.6314714
0,0.63134813
0,0.3219171
1,0.56326103
1,0.56326103
1,0.631427
1,0.39258978
1,0.42548472
0,0.5702275
0,0.3847003
0,0.36714593
0,0.39487523
0,0.6209159
0,0.4543641
0,0.3184829
1,0.35513356
1,0.32573235
0,0.5998777
1,0.5977596
1,0.6222773
0,0.7243861
1,0.66248006
0,0.46468973
1,0.73225677
0,0.60880506
0,0.44891492
0,0.4479413
0,0.44499868
0,0.3440917
1,0.69126105
0,0.35882995
1,0.5030967
0,0.526348
1,0.7273968
1,0.627666
1,0.46202612
1,0.7190151
1,0.6883687
1,0.72867453
1,0.70331514
1,0.69486904
1,0.71661067
1,0.7238723
1,0.7281533
1,0.7185526
1,0.7325314
1,0.7190151
1,0.7075126
1,0.7185315
1,0.7075126
1,0.7281533
1,0.69486904
0,0.36661437
0,0.29835737
0,0.32771444
0,0.68008804
0,0.6125574
1,0.48464164
0,0.6448835
1,0.52807605
1,0.42293662
1,0.646376
0,0.5268055
0,0.27190006
0,0.40039268
0,0.39127326
1,0.72782874
0,0.24299842
0,0.4107939
0,0.36398336
1,0.451469
1,0.60684216
1,0.6691463
0,0.28518242
1,0.46061242
0,0.44775912
1,0.34424773
1,0.3860333
1,0.4906693
0,0.41598156
1,0.5621799
1,0.52094436
1,0.4443422
0,0.4263365
0,0.32370418
1,0.59756255
0,0.29626444
1,0.29550126
1,0.72242665
1,0.72255015
0,0.7214446
0,0.34042028
0,0.3788677
0,0.5510993
0,0.4954222
0,0.30326334
1,0.4632142
1,0.59600055
0,0.6040071
1,0.59600055
1,0.28488088
0,0.24603866
0,0.24603866
0,0.38240594
1,0.45296332
0,0.25891504
0,0.40727115
0,0.59053093
0,0.5536107
1,0.7231045
1,0.41042268
1,0.6172019
0,0.40067136
1,0.4553619
1,0.45929974
1,0.36148542
1,0.3163252
1,0.572779
1,0.27207482
1,0.36536342
0,0.72953457
0,0.3824512
0,0.57415724
1,0.6011622
1,0.7009033
1,0.6339775
1,0.62423044
1,0.7137265
1,0.71559596
1,0.5042619
1,0.51933396
1,0.7252511
1,0.6621893
1,0.5858257
1,0.69992757
1,0.586797
1,0.5860181
1,0.7075164
1,0.68065834
1,0.72303104
1,0.7235035
1,0.45307535
0,0.2907993
1,0.72144485
0,0.49221352
0,0.61692
0,0.6816344
0,0.38983274
0,0.5620065
0,0.38983274
0,0.62836945
1,0.44057754
1,0.6471764
0,0.34001502
1,0.5395973
1,0.6283238
1,0.7074065
1,0.2881688
1,0.4556704
1,0.69342816
1,0.4128562
0,0.6809168
1,0.35656363
0,0.6152152
1,0.62477756
1,0.6143929
1,0.72922087
1,0.64955765
0,0.37384602
0,0.34348947
0,0.4741161
0,0.34237996
1,0.7307464
1,0.62980783
0,0.5969107
0,0.7096024
0,0.4225392
1,0.5119925
1,0.7131871
1,0.6986881
0,0.68388176
0,0.5165984
0,0.21975556
1,0.71976125
1,0.39179495
0,0.29334924
1,0.63631094
1,0.4499573
1,0.7213505
1,0.7226621
0,0.35474306
0,0.49807665
0,0.27613214
0,0.40301168
0,0.55363786
1,0.719788
1,0.719788
0,0.4158214
1,0.44256756
1,0.4906588
1,0.4789806
0,0.3394336
0,0.2943832
1,0.69579756
1,0.40764767
1,0.6270513
0,0.63157856
0,0.27724385
0,0.30782956
0,0.5276894
1,0.5107224
1,0.5924212
0,0.5066503
1,0.41804123
1,0.5042619
0,0.24238431
0,0.27301255
0,0.24341217
0,0.56489027
0,0.2741711
1,0.70702755
1,0.43762755
0,0.4105347
0,0.6163318
0,0.23143932
0,0.487961
1,0.5795002
0,0.35368568
1,0.50744784
1,0.56745976
1,0.6077539
0,0.6209495
0,0.6330201
0,0.23384912
1,0.61409175
0,0.44399875
0,0.6503539
0,0.6652634
1,0.4956375
0,0.63854873
0,0.33431676
0,0.7242476
0,0.3347835
1,0.29299498
1,0.38702032
1,0.2464135
1,0.33094302
1,0.38936386
1,0.39164332
0,0.72471756
0,0.6791477
1,0.33042488
0,0.41329047
0,0.43967193
0,0.27659535
1,0.6108157
1,0.6014433
0,0.35676676
0,0.25824675
1,0.5367745
1,0.49515694
0,0.421922
0,0.45532852
1,0.67082334
0,0.5868814
0,0.46435255
0,0.5899129
1,0.68667257
0,0.26525798
0,0.42904302
0,0.35905638
0,0.29410368
0,0.38768873
1,0.6349946
1,0.68414044
0,0.32028493
0,0.45016646
0,0.51747656
1,0.5813465
1,0.28237045
0,0.2347427
0,0.21213448
0,0.6029501
0,0.41912976
0,0.3735459
0,0.38519248
0,0.48509935
0,0.607382
0,0.21307118
0,0.47903094
1,0.42149547
1,0.70470726
0,0.3604374
1,0.30520296
0,0.39244777
0,0.46931055
0,0.7021438
1,0.70768726
1,0.26373893
1,0.27584812
1,0.5792186
1,0.41236395
0,0.6267533
1,0.6510541
1,0.6510541
0,0.23690298
1,0.5835076
0,0.41065845
0,0.2846896
1,0.62955654
1,0.7219116
1,0.4883926
0,0.4125621
0,0.31772637
0,0.27699032
1,0.327045
1,0.37630564
0,0.5722624
0,0.48452517
0,0.7197546
0,0.26295745
1,0.3448241
0,0.3571762
0,0.25752893
0,0.5761904
1,0.71467346
0,0.7135099
0,0.643757
0,0.2821038
0,0.6749625
1,0.3801232
0,0.41017362
0,0.4122434
0,0.66243637
0,0.6067851
0,0.66473746
0,0.3066191
0,0.27845222
1,0.3321146
0,0.4093613
0,0.5234442
0,0.3943091
0,0.4413882
0,0.6577611
0,0.61749995
1,0.64005953
0,0.62644184
1,0.73026156
0,0.34883437
0,0.32170337
0,0.45385104
0,0.37884066
1,0.7290684
0,0.6158518
1,0.6087352
1,0.7161876
1,0.48665693
1,0.5222838
1,0.6031164
0,0.45791367
0,0.38136366
0,0.5829562
0,0.4824159
0,0.48328266
1,0.6742639
0,0.22990699
0,0.31517115
0,0.30661103
0,0.40253973
0,0.34459755
0,0.31577614
0,0.3555873
1,0.38107082
0,0.23062448
1,0.714448
1,0.6748063
0,0.65410125
0,0.6631919
0,0.7048316
0,0.5616298
0,0.6503583
0,0.6579205
0,0.56102353
0,0.40295377
0,0.691921
1,0.7302543
1,0.7300476
1,0.72898424
1,0.72953594
0,0.5098398
1,0.4421898
1,0.27420747
1,0.57209116
1,0.46399662
1,0.4075109
1,0.7058356
0,0.4046806
0,0.405422
0,0.40505233
1,0.73343444
1,0.71923435
1,0.7323032
0,0.3135468
1,0.32704878
0,0.26794982
1,0.40841785
0,0.5300335
0,0.7174157
0,0.2951653
0,0.35834616
1,0.6385144
0,0.33035684
0,0.43200472
1,0.44206208
1,0.53334355
1,0.5275463
1,0.55367947
1,0.32725534
1,0.4164455
1,0.34611773
0,0.36660194
0,0.36431777
0,0.2549231
0,0.6062418
0,0.2968953
0,0.363318
0,0.41219765
0,0.6457969
0,0.23026697
0,0.29851878
0,0.27427286
0,0.33897978
0,0.33897978
1,0.25349227
0,0.25431278
1,0.28808045
1,0.67429197
0,0.6882974
0,0.39570567
1,0.34946752
1,0.2921343
1,0.47382605
1,0.45346904
1,0.40296
1,0.40500283
1,0.40465045
1,0.4542638
0,0.4198035
0,0.2681189
1,0.6172208
1,0.5643431
0,0.56230354
0,0.57103574
0,0.26987958
0,0.26751545
1,0.36116016
1,0.6509651
0,0.67486197
0,0.67486197
1,0.71404624
1,0.6872771
1,0.44666725
1,0.32180712
1,0.4038734
0,0.6786252
1,0.60069364
1,0.44539505
0,0.44025618
0,0.47980416
0,0.41974354
0,0.6893437
0,0.3374631
1,0.21770392
1,0.22495334
0,0.59403634
0,0.44184443
1,0.7123263
0,0.56511706
1,0.59883493
1,0.71695435
0,0.22966848
0,0.2541324
0,0.34123763
0,0.6711564
0,0.36662787
1,0.4128269
0,0.5209436
0,0.25756025
1,0.6370653
0,0.2286681
0,0.22696038
0,0.2875563
0,0.36758277
1,0.59361356
1,0.630051
1,0.71988404
1,0.72775924
1,0.6432674
1,0.733011
1,0.71710694
1,0.62545705
1,0.58897877
1,0.24737117
0,0.3094819
0,0.6866747
1,0.27458063
0,0.3227461
0,0.314039
0,0.31974703
0,0.28196156
0,0.5215869
0,0.31273293
1,0.6890333
1,0.7278266
1,0.7313796
1,0.7307238
1,0.7290571
1,0.3912328
0,0.47680002
0,0.2523616
1,0.70423436
1,0.27650875
1,0.3828956
1,0.70364517
1,0.7286296
1,0.4640564
1,0.627251
1,0.7153462
1,0.6231147
1,0.23247375
1,0.6848401
1,0.71862507
1,0.47403985
1,0.51381373
1,0.6615016
1,0.69395494
1,0.4424
1,0.62902915
1,0.66993797
1,0.7218455
1,0.6239947
1,0.61604595
1,0.67100173
1,0.627251
1,0.5819736
1,0.33983687
1,0.6349745
1,0.6434616
0,0.58891284
1,0.5278619
0,0.29758686
1,0.36753786
0,0.51104534
0,0.36982262
1,0.5569705
1,0.70683396
1,0.5090753
0,0.66496706
0,0.612743
0,0.64406705
0,0.71580005
0,0.7014215
0,0.6967044
1,0.530658
1,0.6807074
1,0.49227896
1,0.7014215
1,0.53361404
1,0.7014215
1,0.7014215
1,0.6796296
1,0.71054053
1,0.71400833
1,0.7045369
1,0.65442985
1,0.7074247
1,0.7170718
1,0.7189336
1,0.6701337
0,0.47047314
0,0.25223285
1,0.55626875
0,0.3016471
1,0.30335695
1,0.5669005
1,0.69649535
0,0.29790968
1,0.7149929
0,0.72560346
0,0.26812485
1,0.54636586
0,0.6819081
0,0.43020424
0,0.3209294
0,0.5334579
0,0.4029284
1,0.57816267
0,0.53346884
0,0.56740594
1,0.6288966
0,0.3921263
1,0.7196889
1,0.68460613
1,0.70694214
1,0.7178791
1,0.61264867
1,0.6852263
0,0.37573382
1,0.6907723
1,0.53373754
0,0.292473
1,0.5719271
1,0.4357261
0,0.38661227
1,0.7283544
1,0.5839834
0,0.70866704
0,0.70872533
0,0.7086347
1,0.6799684
1,0.7012339
0,0.27537853
1,0.3517335
0,0.34036505
1,0.6666431
1,0.71941364
0,0.65595126
1,0.46573374
1,0.5312923
1,0.53132343
1,0.46553567
1,0.49486655
1,0.397201
1,0.66793317
1,0.5225113
1,0.6195131
1,0.6247934
1,0.56460536
1,0.60183126
1,0.66262937
1,0.6952558
1,0.6473527
1,0.60183126
0,0.2686636
0,0.2569774
1,0.28122956
0,0.42737967
1,0.6295565
0,0.2721158
0,0.25678945
0,0.39962256
1,0.34515268
1,0.33021444
0,0.40961778
1,0.7284316
1,0.5799676
1,0.6320164
1,0.6818936
1,0.6175546
1,0.73315364
1,0.7107077
1,0.6753638
1,0.73315364
1,0.7312455
1,0.6439556
1,0.7312455
1,0.6818936
1,0.6818936
1,0.7284316
1,0.7284316
1,0.38892654
0,0.59363556
0,0.49640796
1,0.62895405
0,0.48885205
0,0.35642186
0,0.39441776
1,0.6848557
0,0.54942155
0,0.3516881
0,0.28304997
0,0.7087645
1,0.4521373
0,0.72921765
0,0.2396857
0,0.4006376
0,0.35201222
0,0.3716471
0,0.7271129
0,0.62977433
0,0.6153728
0,0.21501599
0,0.33728668
1,0.73232627
0,0.4090768
0,0.43450364
1,0.6184124
0,0.5633011
1,0.59588873
1,0.40097213
1,0.5956497
1,0.55322874
1,0.6387018
0,0.53391266
0,0.37795612
1,0.5346701
1,0.3972121
1,0.4454391
1,0.37879562
1,0.36143357
1,0.3571893
1,0.35718933
1,0.35718933
0,0.49785542
1,0.674147
0,0.37632516
0,0.4497171
0,0.6251687
0,0.61719656
1,0.63162434
0,0.65917194
0,0.65917194
0,0.5745199
0,0.6806946
0,0.2873078
1,0.53542876
1,0.4844729
1,0.5547193
0,0.31182718
1,0.4257044
0,0.6821626
0,0.5515917
0,0.6754271
0,0.6735376
1,0.31762812
1,0.4146862
1,0.6168586
1,0.59036314
1,0.6262032
1,0.66695684
1,0.7012796
1,0.651932
0,0.56703043
0,0.35076216
1,0.52313006
1,0.7293306
1,0.57918143
1,0.54440796
1,0.5574912
0,0.2744154
0,0.26475888
1,0.5377501
0,0.34921294
0,0.31068718
0,0.21796452
0,0.5751166
0,0.30996132
1,0.70401233
0,0.34163672
1,0.63251114
1,0.60913587
1,0.36225176
0,0.33722615
0,0.33722615
1,0.60429174
1,0.32273388
0,0.40768936
0,0.40506768
0,0.3180219
0,0.23764797
0,0.47660094
1,0.25061175
0,0.36469388
0,0.52138126
0,0.5599148
1,0.4904257
0,0.3481998
0,0.2250383
0,0.24920475
1,0.5808185
1,0.6479615
0,0.43176463
0,0.7138381
0,0.71245694
0,0.52847517
1,0.3814131
1,0.26483753
0,0.67657495
1,0.3255607
0,0.35099664
0,0.68669623
0,0.63311696
1,0.58392215
1,0.37461126
1,0.6998984
0,0.40374258
0,0.6271635
0,0.71840966
0,0.6898097
0,0.7094183
0,0.7184061
1,0.6271635
1,0.6271635
1,0.6435668
1,0.64928615
1,0.64888036
1,0.5280112
1,0.64888036
1,0.7042633
1,0.64928615
1,0.7206195
1,0.7199092
0,0.4720207
0,0.5529511
0,0.4196823
0,0.35747704
1,0.7017822
1,0.24740815
0,0.23933052
0,0.21307194
0,0.24911615
1,0.6112993
1,0.43225238
0,0.5270971
0,0.61245
0,0.4508662
1,0.7081238
0,0.55624884
0,0.3948658
0,0.49464536
0,0.35740617
0,0.2189052
1,0.6369709
1,0.63686395
1,0.63681525
1,0.6365561
0,0.5567926
0,0.43634292
0,0.38493758
0,0.30448017
1,0.63560474
1,0.3855325
0,0.54294074
0,0.54294074
0,0.6079161
1,0.49010423
1,0.6561488
1,0.7094507
1,0.4887846
1,0.34680894
0,0.43966776
0,0.54455876
1,0.22234921
0,0.23429328
0,0.67408156
1,0.31075805
0,0.5993383
1,0.30164692
1,0.61614764
1,0.67297685
1,0.72025573
0,0.49912822
1,0.39050972
0,0.66842735
0,0.4771283
0,0.42730638
0,0.28573787
1,0.2917412
1,0.73291445
1,0.73291445
1,0.72828364
1,0.72828364
1,0.5976286
1,0.7118603
1,0.6503601
1,0.48746258
1,0.68462265
1,0.68462265
1,0.7118603
1,0.70852876
1,0.7118603
1,0.68462265
1,0.7118603
1,0.60745347
1,0.6552615
1,0.6237731
1,0.61371386
1,0.6628907
1,0.6615045
1,0.6514796
1,0.6316348
0,0.71169704
0,0.64088434
0,0.64088434
0,0.6832731
0,0.58513904
0,0.60367
0,0.6937826
0,0.46187267
0,0.46187267
1,0.48536134
1,0.53594255
0,0.4698582
0,0.45656514
0,0.36379862
0,0.31340417
0,0.2753851
0,0.30644387
1,0.34591714
1,0.44107628
1,0.58007556
1,0.6137821
0,0.6382329
0,0.3912374
0,0.5988715
0,0.6773392
0,0.3519732
0,0.31920376
0,0.64479315
0,0.42662883
0,0.29284093
0,0.7239994
0,0.63847077
1,0.60211325
1,0.60596204
1,0.6953952
1,0.58407986
0,0.24153651
0,0.37730372
0,0.2931639
0,0.35473514
1,0.5282334
1,0.6813506
0,0.26489285
1,0.64358574
0,0.30688694
0,0.31047493
0,0.6179743
0,0.31986183
1,0.53897476
0,0.24152337
0,0.5384712
1,0.65790653
1,0.37600905
1,0.22483264
0,0.42455387
0,0.61945343
0,0.29428852
1,0.5706183
0,0.31262097
0,0.44831812
0,0.41072544
0,0.48395607
1,0.5844118
0,0.48200783
0,0.7272264
1,0.7181543
0,0.4598278
0,0.6065681
1,0.38118926
1,0.38064432
1,0.39088407
0,0.5595281
1,0.7340983
1,0.6154239
1,0.7132102
1,0.72646916
0,0.69277453
0,0.4836739
1,0.5601337
0,0.29265326
1,0.4991145
0,0.41785747
1,0.40345782
0,0.5015199
0,0.5037364
0,0.60465807
0,0.59769356
0,0.66644394
0,0.7289223
1,0.37255284
1,0.30797595
1,0.2923727
1,0.42833817
1,0.57204616
1,0.5717214
1,0.5506879
1,0.5506879
1,0.48054546
1,0.7272442
1,0.28854498
0,0.3889544
0,0.27853703
1,0.45366007
0,0.37255913
0,0.29347226
0,0.60239327
0,0.36267772
0,0.33494958
0,0.6188923
0,0.6261451
0,0.31196067
0,0.21735415
0,0.25673488
1,0.50212777
1,0.6282725
1,0.44718352
1,0.63516796
0,0.28451735
0,0.44485918
0,0.2731765
1,0.619292
0,0.40599322
0,0.2209566
0,0.5682688
1,0.6358602
0,0.6358602
0,0.62574637
0,0.61214006
0,0.5830734
0,0.59118235
0,0.6080261
0,0.57948565
0,0.21677624
1,0.4157864
0,0.6410714
1,0.32836783
0,0.27389976
0,0.4108216
0,0.36773768
0,0.2414153
0,0.2883732
0,0.38478035
0,0.26524106
1,0.5265887
0,0.29254353
0,0.39498395
0,0.31332043
1,0.29020238
1,0.3748135
0,0.35808024
0,0.44244242
0,0.37526345
1,0.25907308
0,0.51828986
1,0.7179736
1,0.37409386
1,0.54533374
1,0.52767277
1,0.32100028
1,0.5835885
1,0.23618226
1,0.6825528
1,0.6615014
0,0.35932335
0,0.55485487
1,0.47570044
0,0.20838457
0,0.26217666
0,0.31610078
0,0.2934121
1,0.6761874
1,0.700548
1,0.6574719
1,0.38047704
0,0.36331075
0,0.5672731
1,0.5224353
0,0.3864267
1,0.38134658
0,0.40430117
0,0.40505233
0,0.4046806
1,0.6329409
0,0.41497177
1,0.65554106
0,0.6857585
0,0.6369398
1,0.7144319
0,0.27689812
1,0.4995141
1,0.34752896
0,0.6106138
0,0.27173305
0,0.70480394
1,0.72207916
0,0.67573434
0,0.32144123
0,0.36007965
0,0.3519976
0,0.4076598
0,0.5795162
0,0.48609075
0,0.31565145
0,0.56882536
0,0.4303333
0,0.46793905
1,0.44135863
0,0.28221646
0,0.68830395
1,0.55891323
0,0.6560812
0,0.5576494
1,0.6176666
0,0.5349505
0,0.4250654
0,0.23689441
1,0.2821694
0,0.23810585
0,0.64986426
0,0.5190499
0,0.5024197
0,0.37062913
0,0.5024197
0,0.5024197
0,0.6018826
0,0.6018826
0,0.62833226
1,0.6291136
1,0.6018826
1,0.6631882
1,0.72369456
1,0.69918656
0,0.40390816
0,0.40430117
0,0.4209197
0,0.32311425
0,0.2886324
0,0.24780105
1,0.23340596
1,0.25154063
0,0.3890966
1,0.6328682
0,0.39277148
0,0.25707307
1,0.72434425
0,0.23902506
1,0.35612234
1,0.3958617
1,0.3961922
1,0.39560652
1,0.61543477
0,0.292339
0,0.33153298
1,0.49784914
1,0.36583543
0,0.47777873
1,0.6658031
0,0.6796925
0,0.4136148
0,0.4429718
1,0.731591
1,0.7304009
1,0.7293837
1,0.7321229
0,0.34531164
0,0.26622185
1,0.3083085
1,0.6094297
0,0.6579863
0,0.31090277
0,0.4009243
0,0.32613435
1,0.70092297
0,0.5890782
0,0.53918433
1,0.6797991
0,0.3081615
1,0.25465766
1,0.34289265
1,0.37011492
1,0.24011451
0,0.3483267
0,0.20889248
0,0.60770947
0,0.31410074
0,0.28578788
0,0.21280853
0,0.36181864
0,0.39166903
0,0.42156798
0,0.6382261
0,0.3044764
0,0.2587144
0,0.56818116
1,0.62990105
1,0.35394844
1,0.30309793
1,0.34398648
1,0.6034843
0,0.5582781
0,0.49353358
1,0.2645185
1,0.24145736
1,0.24057117
1,0.45453167
1,0.31627563
0,0.3024379
0,0.34812137
1,0.5029294
1,0.67612386
1,0.3228124
0,0.27213335
1,0.72796345
1,0.38301256
0,0.39935008
0,0.47097835
0,0.4926538
1,0.3707616
1,0.63409173
1,0.7091863
0,0.60558397
0,0.55766106
1,0.6659461
1,0.3098405
0,0.2982607
1,0.5815451
1,0.5748992
0,0.45969984
1,0.6056775
1,0.43702972
1,0.64951456
0,0.24441198
1,0.7310431
1,0.39979374
0,0.6007042
1,0.46964893
1,0.5393281
1,0.66849875
0,0.2969544
0,0.36165577
0,0.34758678
0,0.24673952
0,0.29389197
0,0.4129832
1,0.3263179
0,0.3250746
0,0.36627778
1,0.59923494
1,0.62013197
1,0.6186248
1,0.61729443
0,0.3713472
1,0.32642308
1,0.3139333
0,0.24769649
1,0.5427271
0,0.24881618
0,0.24514355
0,0.28178686
1,0.28032672
1,0.32841235
1,0.556896
1,0.5599906
0,0.62407863
0,0.5537106
0,0.5492608
0,0.30433384
0,0.48729888
1,0.32023844
1,0.7344483
1,0.37059033
0,0.2524218
0,0.3886074
0,0.61007893
1,0.31975406
0,0.5689701
1,0.65358794
0,0.25322753
0,0.51656926
1,0.71140134
0,0.4501396
1,0.68886924
0,0.42174008
0,0.4187209
0,0.4384509
0,0.43874374
0,0.50500494
0,0.41870698
0,0.37997866
1,0.48162317
1,0.35428205
1,0.688812
1,0.6653619
1,0.688812
0,0.38379252
0,0.5406147
0,0.35186663
1,0.24814723
1,0.24814726
1,0.70061636
1,0.57907486
1,0.5396118
0,0.35081968
1,0.7326739
1,0.70386696
0,0.57362795
1,0.6232387
1,0.6094732
1,0.72979677
0,0.4440662
0,0.23612338
0,0.23612338
0,0.4943798
0,0.32192862
1,0.41450837
1,0.505413
1,0.7262502
1,0.7161799
0,0.5237208
0,0.44247416
1,0.7313541
1,0.5772253
0,0.5026397
0,0.46377692
0,0.62477326
0,0.30323553
0,0.6201316
1,0.5144404
1,0.6853566
1,0.43980333
1,0.72513777
1,0.5972284
1,0.6568452
1,0.6881888
0,0.3723347
0,0.48023045
0,0.66339946
0,0.6675037
0,0.6127397
0,0.37047884
0,0.34634578
0,0.43144885
0,0.36806718
0,0.41611248
1,0.4677127
0,0.32510084
1,0.717834
0,0.5415413
1,0.58555865
1,0.29836997
1,0.3914817
1,0.40148473
0,0.2781021
0,0.6939443
1,0.30511916
1,0.6258739
1,0.46380043
1,0.30466133
0,0.35200822
0,0.43871275
0,0.36995497
1,0.31009227
1,0.43839636
0,0.4904913
1,0.5755389
0,0.24511376
1,0.6308437
1,0.72437227
1,0.48725897
1,0.69559777
1,0.69603014
0,0.21980824
0,0.53746593
0,0.4117722
0,0.6380205
0,0.6961204
1,0.7310431
0,0.2768907
0,0.69676757
1,0.5182298
0,0.34331745
0,0.45907152
0,0.6097343
0,0.36664844
0,0.41256377
1,0.6222862
0,0.40587598
0,0.6274115
1,0.6090133
1,0.6138239
1,0.5956265
1,0.6138239
1,0.57744825
1,0.53052574
1,0.58469784
0,0.59432656
1,0.37142766
0,0.5567585
0,0.39056665
1,0.53516984
0,0.29818404
0,0.3761226
0,0.34205738
0,0.38297644
0,0.6734638
0,0.71141124
0,0.710729
0,0.6256105
0,0.669683
1,0.6974004
1,0.6699157
1,0.52790844
1,0.698115
1,0.7065946
1,0.668579
1,0.6476991
1,0.698115
1,0.6730308
1,0.6850007
1,0.6698226
1,0.69686043
1,0.5976555
1,0.6689987
1,0.69686043
1,0.6473428
1,0.66962874
1,0.52790844
1,0.6693506
1,0.5490937
0,0.6110945
1,0.57914025
1,0.6603968
1,0.7109029
0,0.28984773
1,0.58763653
0,0.443371
1,0.65230405
1,0.4272381
0,0.3739405
1,0.29985043
0,0.26492015
0,0.26492015
1,0.69347703
1,0.6323347
0,0.61752963
0,0.6068369
0,0.42892745
0,0.42892745
0,0.6296071
1,0.48018163
1,0.6971731
1,0.7066338
1,0.6613084
1,0.55043685
1,0.6096389
0,0.6159003
0,0.4018895
0,0.40425864
0,0.6118965
0,0.28899512
1,0.41609004
1,0.35977107
1,0.5150598
0,0.2796946
0,0.26204774
0,0.2667428
0,0.2667428
0,0.39844897
1,0.63706595
1,0.63061583
0,0.6549178
1,0.6108383
0,0.6145362
1,0.27766442
1,0.43427548
0,0.34802046
1,0.63268095
0,0.23531924
0,0.28049013
0,0.5709382
0,0.60583806
1,0.654628
1,0.5704201
1,0.6027789
0,0.6001301
1,0.6717993
1,0.41994926
0,0.33651683
0,0.22523318
0,0.3365167
0,0.2636153
1,0.6881748
0,0.46790934
1,0.67227286
1,0.31159192
0,0.3429328
0,0.5463071
0,0.5308058
1,0.63191557
1,0.5994723
1,0.59616214
1,0.63191557
1,0.65036476
1,0.65493506
1,0.6564471
1,0.6336466
1,0.586449
1,0.589579
1,0.60912883
1,0.65036476
1,0.4555633
0,0.30740514
0,0.5801023
1,0.42640793
1,0.7160183
1,0.70444906
1,0.73170185
1,0.72465265
1,0.72449404
1,0.72056925
1,0.6921071
0,0.6921071
1,0.7144954
1,0.656166
0,0.65541935
1,0.70191157
1,0.7105441
1,0.5083188
1,0.5231266
0,0.57268375
0,0.38114667
0,0.32666174
1,0.510965
1,0.7283875
1,0.48243034
1,0.3969174
0,0.5439638
1,0.4533207
1,0.6043788
1,0.68523055
1,0.31112397
1,0.23973376
0,0.35625783
1,0.341169
0,0.25995174
0,0.5866331
0,0.64095205
0,0.238184
0,0.49605376
1,0.59253097
1,0.622384
1,0.3969441
1,0.5030967
0,0.24708696
1,0.66584265
0,0.25656655
0,0.4223661
0,0.35567963
0,0.53204507
1,0.63039064
1,0.5582394
1,0.64557385
0,0.3428739
1,0.38989797
1,0.62783647
0,0.44802198
1,0.7131921
1,0.58229524
1,0.661576
1,0.5224464
1,0.49030504
1,0.62738776
0,0.26603872
1,0.6828046
1,0.5724712
1,0.5724712
0,0.38721082
0,0.38799816
0,0.3319733
0,0.5399749
0,0.41646168
0,0.3151662
0,0.3403595
0,0.5714531
1,0.6957904
1,0.7149632
1,0.7177322
1,0.7066338
1,0.6613084
1,0.71092176
1,0.6971731
1,0.6971731
0,0.44163203
0,0.2954312
0,0.38620833
0,0.5647652
1,0.6166151
0,0.5581
0,0.46300206
1,0.6037668
1,0.54125834
1,0.62960756
0,0.46115416
0,0.23036923
0,0.26809707
1,0.34862748
0,0.23089492
1,0.7275256
1,0.23620813
0,0.36032194
0,0.2128299
1,0.73368883
0,0.72545004
1,0.7281533
0,0.4232869
1,0.22817266
0,0.21920079
1,0.32893223
1,0.3623616
1,0.4526826
1,0.40853733
1,0.3997855
1,0.35391432
1,0.3876895
1,0.35868225
0,0.309853
0,0.42165366
0,0.22197637
1,0.5416814
1,0.7119727
0,0.709997
0,0.709997
1,0.5870998
1,0.53474593
1,0.6101907
1,0.505334
0,0.6268314
0,0.3133213
0,0.2964382
0,0.5286002
1,0.5161799
1,0.35626397
1,0.70654047
1,0.6424041
1,0.7224455
1,0.39565694
1,0.6948054
1,0.718971
1,0.55776095
0,0.20705974
1,0.589548
1,0.42367706
1,0.5898485
0,0.29995826
0,0.6229253
1,0.5007608
0,0.22128408
0,0.514362
0,0.3247548
1,0.5257484
0,0.3669923
1,0.6326451
1,0.6767942
1,0.65802693
1,0.65802693
1,0.63348085
1,0.35221708
0,0.2168386
1,0.3716103
1,0.3716103
1,0.36447906
1,0.3716103
0,0.3229431
1,0.32765853
0,0.37803483
1,0.35302663
0,0.6521322
0,0.59969074
1,0.3701386
1,0.55510783
0,0.43380755
0,0.32033795
1,0.34793818
0,0.31663144
0,0.25143078
0,0.29729924
1,0.34835523
0,0.37536162
0,0.5557906
1,0.7014233
0,0.43256715
1,0.3978165
1,0.39798197
1,0.49315682
0,0.2570582
0,0.2526585
0,0.66392326
1,0.4232434
0,0.33003774
1,0.52356124
0,0.25395614
0,0.43297884
0,0.5055972
0,0.31453386
0,0.2875727
0,0.35953134
1,0.56669354
1,0.5629694
0,0.393228
1,0.5642693
0,0.36519274
0,0.689988
1,0.45804518
0,0.33570865
0,0.23940448
1,0.56434685
0,0.33869058
1,0.56702244
1,0.4384971
1,0.5043471
1,0.50327367
1,0.64749944
1,0.54388845
0,0.3504563
0,0.45323664
0,0.5944019
0,0.37836537
1,0.7038143
0,0.5222949
0,0.5222949
1,0.34844312
0,0.27001452
1,0.69138086
0,0.46313396
0,0.3531338
0,0.38941318
0,0.5399704
1,0.31927457
1,0.71802115
0,0.34916028
0,0.34015664
1,0.52165437
0,0.64283776
0,0.64283776
1,0.3489301
0,0.2472262
1,0.6520066
0,0.71485025
1,0.62057674
1,0.62057674
1,0.656543
1,0.62057674
1,0.6188921
1,0.60142934
0,0.5785828
0,0.25746435
0,0.6275713
1,0.67359006
1,0.608914
1,0.23283537
0,0.5668216
1,0.4066743
0,0.262132
0,0.31157702
0,0.35379717
0,0.40263495
0,0.24489667
0,0.38462198
0,0.31810793
0,0.318735
0,0.637033
0,0.6370555
0,0.6370313
0,0.6370482
0,0.6370313
0,0.63702357
1,0.6370203
1,0.63704693
1,0.6369711
1,0.6370482
1,0.63702476
1,0.6369711
1,0.63701653
1,0.63704747
1,0.6370203
1,0.63706136
1,0.6370203
1,0.6370229
1,0.6370637
1,0.6370553
1,0.6370497
1,0.6370553
1,0.63702476
1,0.63706756
1,0.63706756
1,0.6370553
1,0.6370598
1,0.63704747
1,0.6370497
1,0.6370229
1,0.6370478
1,0.63702476
1,0.6370598
1,0.6370497
1,0.63705266
1,0.6370497
1,0.6370598
1,0.63706756
0,0.6287475
0,0.58530086
1,0.43908566
0,0.2886784
0,0.61103475
0,0.6015483
0,0.39245015
1,0.72271115
0,0.3084698
1,0.7285782
1,0.7301841
1,0.73088574
1,0.7297159
0,0.33774897
0,0.33910462
1,0.4166737
1,0.55495846
1,0.6882998
1,0.55955374
1,0.22639345
0,0.57764876
0,0.22232383
0,0.6348885
1,0.6380875
0,0.40636188
0,0.3959403
0,0.36098087
1,0.63693637
0,0.396324
0,0.396324
0,0.396324
1,0.6896006
1,0.6098596
1,0.64370793
1,0.6410227
1,0.6445738
1,0.6711036
1,0.46828997
0,0.234183
0,0.33043584
0,0.38363492
0,0.45330727
0,0.5887492
1,0.44488123
1,0.5082816
0,0.69657975
0,0.27428728
0,0.376162
0,0.3628923
1,0.6125432
1,0.73192
1,0.6029537
1,0.5582553
1,0.60068345
1,0.7243048
1,0.48630103
1,0.70224583
1,0.7021418
1,0.40588188
0,0.39254028
0,0.22422343
0,0.5688753
0,0.4522167
0,0.23025897
0,0.5681572
0,0.3893944
1,0.34180892
0,0.29839307
0,0.3905221
0,0.31913206
0,0.33797124
1,0.73166424
0,0.5776018
0,0.6145737
1,0.41474614
1,0.6459501
0,0.39101484
1,0.41871324
1,0.357935
1,0.3692281
0,0.5055189
0,0.20772468
0,0.2625253
0,0.41413173
1,0.7075541
1,0.6898437
0,0.6395912
1,0.6583441
1,0.57186
1,0.6095545
1,0.6579757
1,0.670249
1,0.64064515
0,0.33546075
1,0.5942637
1,0.5777979
1,0.35786587
1,0.24038856
0,0.5581125
1,0.45654675
1,0.45654675
0,0.45103288
1,0.51896507
1,0.596202
1,0.32699856
1,0.6299852
0,0.410351
0,0.3582745
0,0.40548924
1,0.622035
0,0.5575777
0,0.24969622
1,0.2971562
1,0.25011107
1,0.25551546
0,0.6517911
0,0.6139256
1,0.30766135
1,0.6297839
1,0.68217176
1,0.5506944
0,0.25351065
0,0.42276898
0,0.36266053
1,0.5005542
1,0.54487205
1,0.6276647
1,0.6444527
0,0.29875612
0,0.62323236
0,0.37756503
0,0.6820259
0,0.6653683
0,0.5657139
0,0.6894777
0,0.5984057
0,0.42877576
0,0.3480021
0,0.25952643
0,0.58817345
1,0.6800723
0,0.6948824
0,0.64148057
1,0.6374989
1,0.6800723
1,0.6800723
0,0.64148057
1,0.6417121
1,0.6410449
1,0.6374989
0,0.64502585
0,0.64502585
1,0.64502585
1,0.70456505
1,0.7035933
0,0.7060206
0,0.5291414
0,0.44911584
0,0.43879926
0,0.28203285
0,0.5079887
1,0.43284774
1,0.6173082
0,0.359551
0,0.54038656
0,0.47217166
0,0.52333397
0,0.29498142
0,0.35703412
0,0.57374185
0,0.21689865
1,0.581514
0,0.43888515
1,0.34122673
0,0.425679
1,0.4924526
1,0.40819466
1,0.4833742
1,0.4833742
0,0.42357638
1,0.39171934
0,0.4711333
0,0.73382676
0,0.73380125
0,0.4708237
0,0.60698617
0,0.3286145
0,0.485024
0,0.54576945
0,0.44351766
0,0.23478787
1,0.54691166
1,0.7234945
1,0.6258702
1,0.56913483
1,0.6234076
0,0.57057464
1,0.52288926
0,0.2602122
1,0.60210276
1,0.7249062
1,0.71662384
1,0.681705
1,0.42843914
1,0.39372036
1,0.648945
1,0.66892886
1,0.38277093
1,0.6312095
1,0.3178006
0,0.4114435
0,0.6483172
0,0.43989843
1,0.64519477
0,0.6717905
0,0.39297298
1,0.7208936
1,0.6039807
1,0.6044846
1,0.66267043
0,0.3748227
1,0.5928231
0,0.65222704
0,0.68939763
1,0.5502423
1,0.5502423
1,0.5559213
0,0.5928077
1,0.60466766
0,0.6678504
0,0.41628674
0,0.65114886
0,0.69388217
0,0.6063665
0,0.6438637
1,0.57553864
1,0.31333718
0,0.47209573
0,0.31999162
0,0.348862
0,0.31999162
1,0.3957128
1,0.41969088
0,0.6282455
0,0.29358947
0,0.5069194
0,0.34443724
0,0.41043994
0,0.27273566
0,0.7068237
1,0.6497307
1,0.7165017
1,0.58160913
1,0.64593816
1,0.38049752
1,0.73089546
1,0.56680727
1,0.6127353
1,0.62184596
0,0.22524306
0,0.2163219
0,0.3570964
0,0.38639304
0,0.28745103
0,0.3567649
0,0.39815116
0,0.39486912
0,0.39486912
0,0.40343624
0,0.5227047
1,0.50749874
0,0.22872871
0,0.29854304
0,0.3502883
1,0.70334446
0,0.29128358
1,0.588302
1,0.60943776
1,0.7129985
1,0.7322249
1,0.68524194
1,0.5494789
1,0.58613724
1,0.45245442
1,0.32118842
1,0.32014433
1,0.5530596
1,0.6088729
1,0.596335
0,0.62548757
0,0.28573084
0,0.55514634
0,0.39690632
0,0.49644074
0,0.3686152
0,0.5766299
0,0.49144217
0,0.6915052
0,0.49880993
0,0.5957982
0,0.60421884
0,0.5654852
0,0.6408162
0,0.7310512
0,0.6813621
0,0.7249093
0,0.71530396
0,0.35902494
0,0.5431243
0,0.5895784
1,0.65343475
0,0.60051155
0,0.62418735
0,0.6248407
0,0.5929971
1,0.5707604
1,0.63677406
0,0.6352168
0,0.2583347
1,0.41593835
1,0.2586901
1,0.71892554
0,0.39876604
1,0.53244734
1,0.34341767
0,0.22447771
0,0.28620392
0,0.37535036
0,0.4464451
0,0.36424574
1,0.22954747
1,0.34744266
1,0.48243636
0,0.72460544
0,0.6993135
0,0.70144564
0,0.42028445
0,0.34086686
1,0.64569616
0,0.43278134
1,0.63928497
1,0.6699654
0,0.33266234
0,0.25405985
1,0.3218306
0,0.2439154
0,0.6890758
1,0.71545756
0,0.25655836
1,0.25321212
0,0.6187283
0,0.59284526
1,0.4584246
1,0.5581073
0,0.39823774
0,0.43534407
0,0.3294653
1,0.68624103
1,0.63670385
1,0.726928
0,0.4227697
1,0.70921993
1,0.35402355
1,0.645683
1,0.61732376
1,0.55884004
1,0.62693894
0,0.57241094
0,0.2119909
1,0.552081
0,0.58019614
1,0.48653662
0,0.65598303
0,0.45967868
1,0.57214665
1,0.67837745
1,0.7016602
1,0.6808864
1,0.37578478
0,0.23501772
0,0.35503182
0,0.24843952
0,0.68364143
0,0.25621575
1,0.398513
1,0.6940119
1,0.70754683
0,0.62015283
1,0.554716
0,0.3288301
0,0.3969441
1,0.5030967
0,0.33921728
0,0.3786817
0,0.5097147
1,0.43482128
1,0.65039766
0,0.5580977
1,0.33953476
1,0.5446647
1,0.30316943
0,0.40361997
1,0.73249865
0,0.35603875
1,0.698743
0,0.5297352
0,0.6850126
0,0.27188632
1,0.42125
0,0.24218197
0,0.37695685
0,0.40841287
0,0.25029987
1,0.25106296
0,0.29157913
1,0.7201287
1,0.72373796
1,0.3326794
0,0.49504223
1,0.66643465
1,0.69243896
1,0.41420498
0,0.58955127
0,0.58484936
1,0.3684983
1,0.33509275
1,0.62851584
1,0.55322057
1,0.728487
1,0.4914037
1,0.5931444
1,0.5755469
0,0.23786432
0,0.34380206
0,0.28327563
1,0.69788086
0,0.6925555
1,0.45341817
1,0.5219753
1,0.72578466
1,0.60536313
1,0.4159931
0,0.62191725
0,0.63952255
0,0.6799655
0,0.6554692
0,0.6799655
0,0.6555912
1,0.7116446
1,0.6745994
1,0.71749556
1,0.62191725
1,0.6225859
1,0.6745994
1,0.72240055
1,0.6555912
1,0.71749556
1,0.6799655
1,0.71749556
1,0.65858394
1,0.68097407
1,0.6554692
1,0.28849027
0,0.6027009
1,0.6509849
0,0.5638845
1,0.64085233
1,0.6338038
0,0.6416253
1,0.6726504
0,0.49372864
0,0.4360807
1,0.6720467
1,0.37883747
1,0.6588465
1,0.4172865
1,0.6008965
1,0.43220097
0,0.27738166
0,0.28500438
1,0.5957101
1,0.33102652
1,0.4377954
1,0.27797145
0,0.49547565
0,0.5167711
0,0.5785394
1,0.59032047
1,0.26138723
0,0.40907782
1,0.37900293
0,0.6210552
0,0.45836648
1,0.6458454
0,0.25434425
0,0.25780803
0,0.34905735
1,0.2966164
1,0.733436
0,0.34785396
1,0.68536747
0,0.22851224
0,0.5809233
1,0.6522006
1,0.72909653
1,0.72692907
1,0.3829336
1,0.233758
1,0.4553653
1,0.40232018
1,0.4020424
1,0.5756517
1,0.716565
0,0.49398652
1,0.4362253
1,0.5876354
0,0.5786876
1,0.6645265
1,0.6170231
0,0.54324174
1,0.599233
1,0.2340899
0,0.24135448
0,0.5374677
0,0.5988037
0,0.41999766
0,0.35076606
1,0.4033565
1,0.622174
0,0.37349293
0,0.33613166
0,0.29139185
0,0.31602478
0,0.21421291
1,0.5670438
1,0.6857089
1,0.6171566
1,0.5995319
1,0.5995319
0,0.7269834
0,0.32350576
0,0.6718697
0,0.6456757
0,0.65064603
1,0.4326029
0,0.38755408
1,0.59133315
1,0.59462786
1,0.6207405
1,0.33569464
1,0.72542846
0,0.39817703
0,0.55607605
0,0.30309784
0,0.6413697
0,0.6061856
0,0.48245883
0,0.5755894
0,0.69198
0,0.4690037
1,0.700626
0,0.63675463
0,0.58160573
1,0.69952834
1,0.71581465
0,0.3454725
0,0.28625414
1,0.5381847
1,0.6518309
0,0.23381914
1,0.5621666
0,0.36456025
0,0.62225634
1,0.60857356
1,0.72061396
0,0.63744605
1,0.36449105
0,0.51706576
1,0.36892125
1,0.21281911
1,0.66596967
1,0.7327484
0,0.49904442
0,0.34775588
1,0.28297898
1,0.40574014
1,0.436967
1,0.40743774
0,0.45068425
0,0.6044061
0,0.2860268
0,0.42416888
0,0.33250138
0,0.34257305
0,0.7059356
0,0.3289256
1,0.43149754
0,0.2820625
0,0.258598
1,0.6332091
0,0.7221849
1,0.5736295
0,0.29148915
1,0.59747636
1,0.5714284
1,0.58279544
0,0.41087028
0,0.4781229
1,0.31975394
0,0.6407284
1,0.6368852
1,0.39122915
1,0.2676368
1,0.33652171
1,0.397291
1,0.4412076
0,0.29912862
0,0.6465241
0,0.5569854
0,0.59609956
0,0.3792051
0,0.5005441
1,0.71080685
1,0.6073708
1,0.6840519
0,0.2806394
0,0.46490595
0,0.5671953
1,0.6576327
1,0.57784265
1,0.7237239
1,0.6982918
1,0.71993387
1,0.7258241
1,0.6858218
1,0.6551001
1,0.71223557
1,0.6858218
1,0.6858218
1,0.7188003
1,0.7122356
1,0.7154347
1,0.71223557
1,0.61100245
1,0.5782665
0,0.5952676
0,0.4065672
1,0.42639396
0,0.3740561
1,0.5926329
0,0.40097618
0,0.3022235
0,0.3330718
0,0.34825692
1,0.4270724
1,0.65550613
1,0.6543727
0,0.37477538
0,0.2676745
1,0.40165636
0,0.7298044
0,0.383402
0,0.59988743
1,0.57949936
0,0.5978297
0,0.5700439
0,0.5623307
0,0.60463965
0,0.6159433
0,0.63966846
0,0.6358502
1,0.32308
1,0.44310397
1,0.6227995
1,0.6199697
1,0.5520153
0,0.6915065
0,0.38495958
1,0.33412305
0,0.2909763
1,0.2069371
0,0.4197294
1,0.67036545
1,0.6540669
1,0.7161589
1,0.5377241
0,0.69726574
1,0.23571987
0,0.6942859
0,0.7075164
0,0.40976092
1,0.6360525
0,0.29305822
1,0.7131784
0,0.27389795
0,0.7076149
0,0.24537231
1,0.571132
1,0.43888515
1,0.38885817
0,0.43888515
0,0.52844226
1,0.5964085
1,0.55383897
0,0.5434511
0,0.50224686
1,0.6557986
0,0.5991468
1,0.70764524
1,0.5658759
0,0.53964984
0,0.3090582
1,0.6678344
0,0.5838219
1,0.4369192
1,0.6879891
0,0.51496524
1,0.36671776
1,0.6042711
1,0.4977979
0,0.2619609
1,0.28058577
1,0.6546099
0,0.6897875
0,0.52159166
1,0.56894636
1,0.48151216
1,0.56894636
1,0.48502725
0,0.6077826
0,0.69982886
0,0.7100971
1,0.28360978
1,0.28819257
0,0.43761653
1,0.5355643
1,0.598462
0,0.3669058
0,0.39349142
1,0.6429908
0,0.58587074
0,0.5848532
1,0.64817476
1,0.653082
1,0.6659322
1,0.65051585
1,0.64666796
1,0.63947576
1,0.26958606
1,0.27211693
1,0.71389055
0,0.5810439
0,0.39661092
1,0.637079
0,0.41403803
0,0.6167861
0,0.6487504
0,0.39135665
1,0.71920514
1,0.71962506
1,0.73243284
0,0.5935296
0,0.2978139
1,0.51033604
1,0.65041816
1,0.65041816
1,0.65553486
1,0.44495708
1,0.65614533
1,0.40749338
1,0.4074933
0,0.6287236
0,0.2816383
1,0.59601057
1,0.5533824
1,0.5378921
1,0.5685829
1,0.72811425
0,0.53676426
1,0.71479523
1,0.25517878
1,0.36423117
0,0.69444263
0,0.56246936
1,0.25193495
1,0.5904926
0,0.36272085
0,0.3257134
0,0.559695
0,0.4259555
0,0.40255383
0,0.45656887
1,0.3635886
1,0.3549186
0,0.36916256
0,0.5101924
0,0.65448236
1,0.4322074
1,0.30871418
1,0.66553795
1,0.3788798
0,0.62549365
0,0.3262677
0,0.2900439
1,0.6764661
1,0.5466107
1,0.6693235
1,0.7025702
1,0.6288343
1,0.6203886
1,0.62955433
1,0.6926801
1,0.6926801
1,0.6299832
0,0.6333988
1,0.6203886
1,0.6299832
0,0.6333988
1,0.6244966
1,0.6299832
1,0.6244966
1,0.5527475
0,0.4100618
1,0.5902909
1,0.47376755
1,0.6262032
1,0.29156703
1,0.3188119
1,0.35686877
1,0.62461686
1,0.35686877
0,0.62461686
1,0.6299832
1,0.4897971
0,0.63626575
1,0.6340728
1,0.6340728
0,0.63517153
0,0.63580084
1,0.6340728
1,0.6340728
1,0.63580084
1,0.651932
1,0.63580084
1,0.651932
1,0.63580084
1,0.651932
1,0.6770485
0,0.23563349
0,0.23542956
0,0.35939342
1,0.66369724
0,0.4502573
1,0.72595966
1,0.5806701
1,0.45807278
1,0.40813258
1,0.49094388
1,0.7065864
1,0.49152178
1,0.36178294
1,0.44411358
1,0.38122216
1,0.46889743
1,0.29348022
1,0.2368282
1,0.70985854
1,0.32847172
1,0.72034836
1,0.69085777
1,0.6044061
1,0.70841277
1,0.29102078
1,0.5489353
1,0.4973535
1,0.5710261
1,0.73040855
1,0.45085168
1,0.45085168
1,0.23626886
1,0.6101031
1,0.40804884
1,0.4034741
1,0.57724047
1,0.28348935
1,0.6478827
1,0.68537426
1,0.3969885
1,0.5907805
1,0.4261851
1,0.7261447
1,0.37739637
1,0.43002975
1,0.40514836
1,0.42962548
1,0.30364943
1,0.35828757
1,0.3123875
1,0.42308864
1,0.27689946
1,0.25607932
1,0.25897172
1,0.33829153
1,0.35609478
1,0.32010418
1,0.25198627
1,0.2362657
1,0.31238744
1,0.39333957
1,0.4184909
1,0.33829153
1,0.45286188
1,0.27689946
1,0.40714914
1,0.52195334
1,0.410494
1,0.32010418
1,0.2362657
1,0.35610372
1,0.35328123
1,0.346647
1,0.27689946
1,0.40212843
1,0.37270832
1,0.25897172
1,0.3025519
1,0.46238083
1,0.3172855
1,0.37711257
1,0.49110898
1,0.49110892
1,0.45286188
1,0.39333957
1,0.3353421
1,0.2292572
1,0.3025519
1,0.45286188
1,0.31972256
1,0.27861038
1,0.35609478
1,0.42075062
1,0.25198627
1,0.72271645
1,0.20505187
1,0.59004045
1,0.57577205
1,0.6348665
1,0.6233698
1,0.4611325
1,0.71713054
1,0.37953427
1,0.39235663
1,0.590925
1,0.69144356
1,0.58274317
1,0.38439617
1,0.38486305
1,0.6763277
1,0.4119603
1,0.48691815
1,0.7177826
1,0.7195033
1,0.61983234
1,0.38490653
1,0.39715955
1,0.61180764
1,0.5871259
1,0.6116758
1,0.48755115
1,0.7299589
1,0.61395496
1,0.42741686
1,0.45852333
1,0.59085965
1,0.5370689
1,0.23537678
1,0.6200446
1,0.73491
1,0.4751653
1,0.6049541
1,0.4578057
1,0.6150969
1,0.6708634
1,0.28188115
1,0.6146728
1,0.72979724
1,0.6331488
1,0.40261596
1,0.5592016
1,0.5875341
1,0.61944324
1,0.5703529
1,0.604954
1,0.45582733
1,0.45610538
1,0.45610538
1,0.30909276
1,0.48287
1,0.6392339
1,0.72831357
1,0.7142134
1,0.6229921
1,0.7325529
1,0.6250726
1,0.63367677
1,0.62128675
1,0.36007085
1,0.45899597
1,0.6562128
1,0.6388842
0,0.45491868
0,0.5534848
0,0.49613285
0,0.3627714
0,0.302014
0,0.7155671
0,0.26478362
0,0.30073133
0,0.7186359
0,0.24002337
0,0.42968085
0,0.28461406
0,0.7000797
0,0.23412168
0,0.35737595
0,0.24234638
0,0.6444635
0,0.68228865
0,0.5086749
0,0.6208029
0,0.48711464
0,0.47867036
0,0.3520365
0,0.23261757
0,0.45252874
0,0.48109818
0,0.65695655
0,0.53474873
0,0.3355419
0,0.3448353
0,0.5961461
0,0.27371264
0,0.60806024
0,0.6293138
0,0.2796718
0,0.69396603
0,0.22132969
0,0.3875993
0,0.56425667
0,0.43498603
0,0.43464187
0,0.22170882
0,0.70836586
0,0.3081576
0,0.498931
0,0.41432527
0,0.42360783
0,0.44623366
0,0.5553196
0,0.6755192
0,0.6179653
0,0.6942599
0,0.23499501
0,0.5596552
0,0.72300065
0,0.6453948
0,0.49282223
0,0.6256565
0,0.5899745
0,0.60891855
0,0.49479586
0,0.57654595
0,0.46036544
0,0.67476404
0,0.5779651
0,0.4969725
0,0.57731676
0,0.49479586
0,0.5770842
0,0.5276093
0,0.267121
0,0.39308
0,0.6925142
0,0.64210224
0,0.39255866
0,0.6465014
0,0.68232155
0,0.7180619
0,0.34837964
0,0.2867284
0,0.435839
0,0.3418663
0,0.66669476
0,0.33666375
0,0.37693164
0,0.65938807
0,0.32119688
0,0.7343203
0,0.6538019
0,0.34664074
0,0.27417356
0,0.53889
0,0.3652157
0,0.65533173
0,0.5277567
0,0.3761734
0,0.28319657
0,0.5673353
0,0.24907584
0,0.6240492
0,0.6963259
0,0.33872548
0,0.40408424
0,0.32396707
0,0.3176045
1,0.6036348
1,0.57257736
1,0.6269872
1,0.6289799
1,0.56030124
1,0.55611944
1,0.6773664
1,0.6431408
1,0.5521381
1,0.56030124
1,0.2855147
0,0.39915088
0,0.48152858
1,0.3008584
0,0.5866131
1,0.45841733
0,0.5630323
0,0.4736655
1,0.39538312
1,0.3938192
1,0.556265
0,0.42102438
0,0.55522513
1,0.68121195
0,0.58853793
0,0.5932085
0,0.4598303
0,0.5495788
0,0.3114316
1,0.5005602
0,0.3392425
0,0.6510478
0,0.39923167
0,0.26570648
0,0.3114316
0,0.45538905
0,0.29729834
0,0.550667
1,0.48883468
1,0.56348956
0,0.59351325
0,0.4228389
1,0.6124885
0,0.5667858
0,0.45126098
0,0.6258648
1,0.60753083
1,0.40557685
0,0.5301193
0,0.5334784
0,0.38510323
0,0.42752144
0,0.4330118
1,0.726478
1,0.726478
0,0.3108487
0,0.34528545
0,0.6982907
1,0.70654047
1,0.70654047
1,0.70654047
0,0.41068414
0,0.3126879
1,0.3513078
1,0.5310079
1,0.49842072
1,0.32526726
0,0.29105636
1,0.6127176
0,0.29803613
0,0.26207113
0,0.24246801
0,0.43374622
0,0.33759683
0,0.28991285
0,0.39324751
1,0.58544976
1,0.4577084
1,0.473545
0,0.45266333
1,0.7283974
0,0.27295765
1,0.40877062
1,0.2745784
1,0.7025113
1,0.70674163
1,0.50553393
1,0.6755712
1,0.54095495
0,0.45139605
0,0.3538541
0,0.23516993
1,0.72641563
1,0.67067635
1,0.7281853
0,0.396479
0,0.355763
1,0.71067536
0,0.44987032
0,0.510152
0,0.64102054
1,0.69351953
1,0.58504844
0,0.35341004
1,0.7167125
1,0.6908913
1,0.6908913
1,0.7112348
1,0.72706443
1,0.6908913
1,0.4454205
1,0.4030365
0,0.3301938
0,0.3382565
0,0.27780363
0,0.29624853
0,0.27987933
0,0.2303427
0,0.30973312
1,0.36691058
1,0.51966715
1,0.5147703
0,0.22297268
0,0.25939476
1,0.72455156
1,0.38360453
1,0.39670888
0,0.33144766
0,0.21308438
0,0.34459576
0,0.6146065
0,0.2884611
0,0.33520105
0,0.31261343
0,0.26874098
0,0.26753417
1,0.43477148
1,0.5188277
0,0.2632826
0,0.35229462
1,0.7322993
1,0.7322993
1,0.61267734
1,0.54234236
1,0.61201936
0,0.6107835
0,0.28814173
1,0.53974533
1,0.5586504
1,0.5586504
1,0.49925393
0,0.22804262
1,0.6751436
1,0.7172604
0,0.6780072
0,0.6943134
1,0.21022308
0,0.56276023
0,0.70355994
0,0.72385645
1,0.7229305
1,0.72509694
0,0.651578
0,0.64553416
0,0.6482725
0,0.7068839
0,0.6455342
0,0.651578
0,0.29593322
0,0.56848073
1,0.36059132
1,0.3606391
0,0.4561593
1,0.5978049
1,0.5978049
1,0.5978049
1,0.25629845
0,0.72710186
0,0.28580272
0,0.34420037
1,0.52629673
0,0.33690202
0,0.6220605
1,0.28161898
1,0.41751763
0,0.3019657
0,0.2347133
1,0.72637177
1,0.7061911
1,0.6876353
1,0.6850798
1,0.60172534
1,0.3375392
1,0.4990212
1,0.41902068
1,0.65355116
1,0.6749339
1,0.60172534
1,0.5223237
1,0.5223238
1,0.60172534
1,0.61253124
1,0.68059886
1,0.6793206
1,0.61253124
1,0.61253124
1,0.5223238
1,0.58695805
1,0.68059886
1,0.67924154
1,0.65990627
1,0.6822784
1,0.67924154
1,0.62258077
0,0.48629725
1,0.41030163
0,0.2490092
1,0.6610418
1,0.7013481
0,0.2962303
1,0.53775394
1,0.640397
0,0.67496336
0,0.37281474
0,0.22983733
1,0.5109465
1,0.27569634
1,0.33666652
1,0.40788013
0,0.37427208
0,0.42316377
0,0.28381845
1,0.52019536
0,0.61314505
1,0.49698567
1,0.4235283
0,0.42016235
1,0.2778636
1,0.6425599
0,0.43786058
1,0.6863841
0,0.38753524
1,0.6605684
1,0.5524874
1,0.73374856
0,0.4553945
0,0.34286517
0,0.33076662
1,0.43832934
1,0.53820044
0,0.28818357
0,0.27020916
0,0.61076593
1,0.6977936
1,0.7238843
0,0.62416023
0,0.38229233
0,0.38904124
1,0.65804625
1,0.65804625
1,0.65804625
1,0.6580461
1,0.6580461
1,0.5952537
1,0.5952537
1,0.5952537
1,0.5952537
1,0.64551675
1,0.50834
1,0.47547808
1,0.40876627
1,0.47360182
1,0.3215828
0,0.39251658
1,0.58379114
0,0.5367621
1,0.5923289
1,0.67943794
0,0.6464819
0,0.36326146
1,0.5775354
1,0.43510672
1,0.43510672
0,0.69497883
0,0.6974686
0,0.5061469
1,0.30928683
1,0.43379495
0,0.4472922
0,0.46077344
1,0.2863501
0,0.71871626
1,0.6275399
0,0.58596313
0,0.6314386
0,0.597377
0,0.5825258
0,0.60968924
0,0.34046862
1,0.66710454
1,0.66710454
1,0.4558305
1,0.5654004
1,0.53168166
0,0.33740482
0,0.73336387
0,0.73140407
0,0.7292925
0,0.7327893
1,0.7223482
1,0.62322307
1,0.57554966
0,0.43672302
0,0.3682448
0,0.44845256
0,0.65362525
0,0.48026848
1,0.72169167
0,0.7224208
0,0.34240094
0,0.254956
1,0.57321095
1,0.6568589
0,0.31578022
1,0.6487977
0,0.7201791
1,0.34089145
1,0.30711946
1,0.29152098
0,0.3707856
0,0.59419787
0,0.61984634
0,0.24522261
0,0.57376206
0,0.5216087
0,0.39896366
0,0.45830685
0,0.52675736
0,0.24814922
1,0.4651227
0,0.61326134
0,0.48305053
0,0.3990429
0,0.6747143
1,0.44752002
0,0.28131667
0,0.28760496
0,0.23150289
0,0.34639788
0,0.5260589
1,0.35496116
0,0.52164876
0,0.5389286
0,0.39195082
0,0.3361767
0,0.35974488
1,0.6221998
1,0.6134912
1,0.49036542
1,0.51065445
1,0.58885837
1,0.41149387
1,0.57759446
1,0.42092735
1,0.61530733
1,0.4381118
1,0.29553828
1,0.42226538
1,0.62229156
1,0.57759446
1,0.41149387
1,0.48238882
1,0.33062845
1,0.54717433
1,0.57759446
1,0.5292623
1,0.483652
0,0.5479915
1,0.27494067
0,0.6285547
1,0.72998106
0,0.26745698
1,0.35942817
0,0.28111115
0,0.27491868
0,0.33230272
0,0.64032185
1,0.7142006
1,0.49769065
0,0.2744001
1,0.41487172
0,0.33275762
0,0.3126635
0,0.2490374
1,0.60830307
0,0.26688406
0,0.2743575
1,0.61375725
1,0.7032937
0,0.7204984
1,0.61548626
0,0.24699333
0,0.33694854
0,0.38595638
0,0.6186801
0,0.31426254
0,0.49284947
1,0.6658621
0,0.22108899
0,0.41574734
0,0.41574734
0,0.41013598
1,0.32377365
1,0.27909815
0,0.24857974
0,0.26487476
0,0.26368707
0,0.25992367
0,0.26110148
0,0.2474771
0,0.22370277
1,0.24640307
0,0.372896
1,0.3425463
0,0.28242585
1,0.7156588
1,0.53984034
1,0.558009
1,0.30630428
0,0.31258774
1,0.49801606
0,0.67257273
0,0.4340835
1,0.41718882
0,0.33541763
0,0.44526625
0,0.33416522
1,0.6936123
0,0.3088925
0,0.29744917
1,0.64133394
0,0.7306728
0,0.3959302
0,0.3959302
1,0.52388334
0,0.59984565
0,0.28070953
1,0.5672511
1,0.37109947
0,0.32270503
0,0.40529606
1,0.71490026
1,0.43612665
0,0.41276482
0,0.6579955
1,0.4344994
0,0.32516572
0,0.59405863
1,0.44341028
0,0.29971674
0,0.29128093
1,0.70405924
1,0.68896294
0,0.49519768
1,0.55030406
0,0.29947478
1,0.54881644
0,0.3882453
0,0.557679
0,0.6302253
1,0.70191574
0,0.23087117
0,0.5699663
0,0.2847957
0,0.39134252
1,0.4169555
1,0.44942933
0,0.6543514
0,0.23235244
1,0.47163576
0,0.50815403
0,0.26581794
0,0.28690237
1,0.70422834
1,0.70422834
1,0.5917313
1,0.66405535
0,0.4943781
0,0.4943781
0,0.54880786
0,0.41631752
1,0.6264001
1,0.672928
1,0.63677305
1,0.65041363
0,0.41997397
1,0.2815133
0,0.4348175
0,0.3541822
1,0.42497608
0,0.48401296
0,0.27882588
0,0.7073449
0,0.41868156
0,0.30836216
1,0.39939865
0,0.40108898
0,0.5430267
0,0.57439554
1,0.6294217
0,0.2091424
1,0.44656098
1,0.3435234
0,0.6678053
0,0.71478426
0,0.23323965
1,0.62907803
0,0.5971422
0,0.5701326
0,0.3474455
0,0.58441556
0,0.29098147
0,0.32526952
0,0.33528492
1,0.5431018
1,0.73103946
1,0.4112491
1,0.6067667
1,0.4555901
0,0.3911251
0,0.34194335
0,0.6051496
0,0.26095068
0,0.48356467
0,0.46460724
0,0.25403717
0,0.45583296
0,0.47951534
0,0.38110298
0,0.4104773
0,0.7107531
0,0.69465494
1,0.71604884
1,0.5543473
1,0.38831934
1,0.68042815
1,0.38831934
1,0.5543473
1,0.6711165
0,0.3521029
1,0.36403328
1,0.37268266
0,0.5138534
1,0.6189357
1,0.40223643
1,0.722122
0,0.30366015
0,0.64223385
0,0.41161555
0,0.63965213
0,0.71131
1,0.48881847
1,0.5061244
1,0.6520723
1,0.6482507
1,0.680648
0,0.6101515
0,0.63492626
1,0.5824164
0,0.3855686
0,0.35471353
1,0.24856317
1,0.4676764
1,0.62106144
0,0.33859032
0,0.42562762
0,0.536726
0,0.5944071
1,0.6443862
1,0.47011632
1,0.34771279
0,0.2940593
1,0.37939188
0,0.28997815
1,0.6059599
1,0.5691903
1,0.4995896
1,0.56754434
1,0.5691903
1,0.52423763
1,0.57667977
1,0.56754434
0,0.39940873
0,0.31123978
0,0.2669602
0,0.32465428
0,0.3223299
0,0.3223299
1,0.49644762
1,0.6898776
1,0.47553188
1,0.62064266
0,0.5252682
0,0.6075247
1,0.54511166
0,0.21612544
0,0.21629661
1,0.43127546
0,0.31950384
0,0.30633113
0,0.35050356
1,0.43075106
1,0.4465384
1,0.41894644
0,0.29984137
1,0.5608839
1,0.287552
0,0.6640384
1,0.5061239
1,0.31509072
1,0.37370604
0,0.33760628
1,0.60989606
0,0.62414694
0,0.4656428
1,0.6128871
1,0.61280084
1,0.62335896
1,0.62994903
1,0.6215519
1,0.61271155
1,0.62380886
1,0.6125307
0,0.55451435
1,0.22420703
0,0.30329403
1,0.55006367
0,0.33868375
0,0.24086493
0,0.5533372
0,0.35115406
0,0.4104986
0,0.7155354
1,0.6449119
1,0.6588013
1,0.6454198
1,0.6454198
1,0.7084335
1,0.7084335
1,0.6530413
1,0.57697135
1,0.5733226
1,0.7202323
1,0.22766238
0,0.42883185
0,0.6456745
1,0.6072533
0,0.31822225
0,0.40372255
0,0.3158303
0,0.72422445
1,0.5805298
1,0.68763065
1,0.56919307
0,0.53835773
1,0.3253184
1,0.53960276
1,0.33149183
0,0.35567126
0,0.5207213
0,0.33659804
0,0.32787493
1,0.71048224
1,0.39205122
1,0.39205122
1,0.3514932
1,0.67772746
1,0.31628752
1,0.39927074
0,0.321492
0,0.3614799
1,0.30391195
0,0.40843973
1,0.24709487
0,0.38312614
0,0.42443132
1,0.72455156
1,0.68510246
1,0.62923276
1,0.3181017
0,0.484372
0,0.30777937
1,0.5003463
1,0.7051686
0,0.27264848
1,0.25895247
1,0.24513802
0,0.33578932
0,0.2860367
0,0.46214518
1,0.568871
1,0.59748155
1,0.59748155
0,0.64381874
0,0.36540854
0,0.3263778
1,0.690487
1,0.34690425
0,0.35375574
1,0.2637484
0,0.65915954
0,0.4717781
0,0.65485466
1,0.72987175
0,0.4236855
0,0.5833714
1,0.62278295
1,0.5957611
0,0.32293266
1,0.70627826
1,0.49885353
1,0.68424
1,0.33590618
1,0.6583441
0,0.4219549
1,0.31406838
0,0.28748757
1,0.6661432
1,0.65186024
1,0.6746535
1,0.6271157
1,0.5302471
0,0.3419641
0,0.38395345
0,0.69062144
1,0.2697214
0,0.47329253
0,0.52357316
0,0.4095779
1,0.4518148
1,0.66380966
0,0.6369049
0,0.5168458
1,0.5568336
0,0.63695085
0,0.6893649
0,0.6351539
0,0.3274515
0,0.39911464
0,0.35472846
0,0.3688146
1,0.62983716
0,0.21821027
1,0.30948448
0,0.635067
0,0.7174611
1,0.4545007
1,0.72821546
1,0.5431193
1,0.2526473
1,0.2991971
0,0.36286008
1,0.6319431
1,0.58979857
1,0.46557853
1,0.56802344
0,0.41766834
1,0.34212357
0,0.64051294
1,0.31738606
0,0.28761145
0,0.3207368
0,0.24209568
1,0.7086362
0,0.4177162
1,0.7296211
1,0.61346805
0,0.47017127
1,0.62047786
1,0.62047786
0,0.5278619
0,0.6037619
1,0.3305916
0,0.39567035
1,0.5797369
0,0.28429833
1,0.31413043
1,0.2951348
1,0.29586428
1,0.46353048
1,0.5595008
0,0.6528807
0,0.302812
0,0.42570934
0,0.3119525
0,0.41293603
0,0.6701463
0,0.5414807
0,0.35083723
1,0.6260445
1,0.6188524
1,0.59675205
1,0.53711927
0,0.6231448
0,0.33666018
1,0.5438431
1,0.376746
0,0.32639754
0,0.5030902
1,0.25376704
0,0.54117286
0,0.39955428
1,0.6433547
1,0.6493099
1,0.63577086
1,0.62313825
0,0.23403382
0,0.66105413
0,0.29687792
1,0.21407369
1,0.36378458
1,0.31125793
1,0.30012494
1,0.29871583
0,0.27339756
0,0.2136429
0,0.2487313
0,0.2416768
1,0.70864487
1,0.30113935
0,0.3149688
1,0.59217495
1,0.62725794
0,0.49589434
0,0.41292116
0,0.41292116
1,0.57917583
0,0.33991
0,0.40945154
0,0.6136175
1,0.5683404
1,0.31533235
1,0.70821947
0,0.32151946
0,0.43240434
1,0.5352627
1,0.4845754
1,0.673204
0,0.22280806
0,0.64834696
0,0.45992768
0,0.686518
1,0.6831758
0,0.6140623
0,0.6140623
0,0.23593085
0,0.31219837
0,0.29640415
0,0.29058024
0,0.36149254
0,0.30795574
0,0.24554695
1,0.28060523
1,0.699376
0,0.47778666
0,0.33061957
0,0.33406815
1,0.5409037
1,0.53817755
1,0.5093152
1,0.59801966
0,0.6168308
1,0.22928707
1,0.23927958
0,0.23717768
0,0.29354396
0,0.37152955
1,0.52486885
0,0.32916158
1,0.4697731
0,0.5418718
0,0.21066688
0,0.5086066
0,0.2816595
0,0.27494746
0,0.25887737
0,0.43058577
0,0.44349772
0,0.4789707
0,0.7083659
0,0.40428948
0,0.49456102
0,0.26455626
1,0.2753612
1,0.68931085
1,0.2765587
0,0.4722084
0,0.575027
1,0.4778738
1,0.30850857
0,0.38521641
0,0.31164604
0,0.38808933
1,0.56405425
0,0.4361347
0,0.54714364
1,0.40610477
0,0.3537153
1,0.42232472
1,0.65088856
1,0.5745307
0,0.25975728
0,0.24406628
0,0.4260402
1,0.7256044
1,0.73014414
1,0.73014414
1,0.73014414
1,0.61866343
1,0.5599718
0,0.4735604
1,0.3685478
0,0.47120312
0,0.23083512
0,0.2618889
1,0.2731502
1,0.5704813
1,0.43953598
0,0.3905848
0,0.39945593
1,0.30404544
0,0.63781154
1,0.31800202
1,0.21616036
1,0.21235915
1,0.22479975
0,0.27709967
0,0.2520107
0,0.24826065
0,0.3195494
0,0.37442896
0,0.38333547
0,0.2389053
0,0.21690226
0,0.26027012
0,0.28703257
0,0.23824961
0,0.23141852
0,0.23236053
0,0.4476953
0,0.39588487
1,0.7141055
0,0.21588604
0,0.2602962
1,0.6886269
1,0.6385788
0,0.25059876
1,0.60788524
1,0.5782236
0,0.24707171
1,0.4146862
0,0.23178019
0,0.70142645
0,0.45701987
1,0.40400407
0,0.4576299
0,0.28902423
1,0.7190338
0,0.5311446
0,0.5455816
0,0.36455777
0,0.43689707
0,0.5311446
0,0.5707274
1,0.2597783
0,0.28734618
0,0.3178363
0,0.28848466
0,0.24413188
1,0.6497432
1,0.6045748
1,0.30550906
0,0.6929112
1,0.49386245
0,0.37435228
0,0.57687134
0,0.45214364
0,0.5636784
0,0.33738872
1,0.48376665
1,0.6450996
1,0.61453533
0,0.69206387
0,0.4862028
0,0.44414157
0,0.6362959
0,0.52184224
0,0.6190297
0,0.6573414
0,0.4852197
0,0.545309
0,0.3515266
0,0.55553067
0,0.3859179
0,0.3655024
0,0.6811534
0,0.6012363
0,0.5656984
1,0.36686507
0,0.4991601
1,0.3724688
0,0.6711564
1,0.5631687
1,0.29836574
1,0.36689588
1,0.3676637
1,0.36839223
1,0.59959394
0,0.6736969
1,0.5579074
1,0.39557272
1,0.65227604
1,0.73320025
0,0.34423563
1,0.517858
0,0.5982951
1,0.64619225
1,0.44480413
1,0.56749845
0,0.23125353
0,0.28424644
0,0.3972827
0,0.4302125
0,0.46292487
1,0.7110609
0,0.41610774
0,0.2239444
1,0.6236102
1,0.61195445
1,0.65010697
0,0.44897044
1,0.25186497
0,0.40950376
0,0.26798996
0,0.44775003
0,0.30547595
1,0.7268485
1,0.73284507
1,0.66792166
0,0.46311164
0,0.2118828
0,0.29940486
1,0.3166463
0,0.36254966
0,0.5318434
0,0.30927655
0,0.34713593
0,0.3615876
1,0.5575057
0,0.279025
1,0.43010783
1,0.3421113
0,0.6370301
1,0.47644663
0,0.28615656
1,0.3685393
1,0.7232821
0,0.5114836
0,0.30218497
0,0.33364117
1,0.2913923
1,0.2913923
0,0.30637076
1,0.7294365
0,0.37486053
1,0.62266874
1,0.5760968
1,0.58439076
1,0.6065607
1,0.6373598
1,0.61112875
0,0.5861116
1,0.51885587
1,0.511603
1,0.42656127
0,0.5704279
0,0.64803886
0,0.5965657
0,0.606039
0,0.606039
0,0.6678251
0,0.59675145
0,0.31139743
0,0.49854538
0,0.688177
0,0.6740935
0,0.6740935
1,0.6942877
1,0.6994411
1,0.72447723
1,0.578799
1,0.66688967
1,0.63455355
1,0.6698445
1,0.71374893
1,0.72447723
1,0.7251407
1,0.7293795
1,0.6698445
0,0.3006248
0,0.35733387
0,0.3925442
0,0.5872495
0,0.4196243
1,0.6788508
0,0.240877
0,0.59745836
1,0.4974905
1,0.7096615
1,0.48639748
1,0.34171212
1,0.45073014
0,0.49792635
0,0.56923354
0,0.22203164
0,0.22142957
1,0.47951445
0,0.47787267
0,0.28270152
1,0.6366457
0,0.66098416
0,0.33525163
1,0.32138944
1,0.49655202
1,0.6832571
0,0.2155751
1,0.70559585
1,0.67114466
1,0.5955424
1,0.5717715
0,0.568651
0,0.3705755
0,0.29680246
0,0.3188658
0,0.3944163
0,0.22774091
0,0.65832365
1,0.6577903
1,0.5576055
1,0.47565192
0,0.48655704
1,0.66612726
0,0.69396734
1,0.62069666
1,0.7171959
1,0.71835256
1,0.54477596
1,0.6767943
1,0.7070809
1,0.64500225
1,0.64500225
1,0.63342464
1,0.61160094
1,0.6767942
1,0.6765078
1,0.630868
1,0.71614814
1,0.71714026
1,0.6765078
1,0.6012581
1,0.7013225
1,0.62069666
1,0.52440196
0,0.5896675
0,0.64396346
0,0.21890697
1,0.4167465
1,0.40076017
0,0.33863506
0,0.64183927
0,0.62546474
1,0.5502619
1,0.58153725
1,0.5687165
0,0.6794057
1,0.35666212
0,0.48306593
0,0.7291348
1,0.4165096
0,0.3300352
0,0.53309184
0,0.606753
0,0.23115757
1,0.7283459
1,0.6425057
0,0.25762263
0,0.27444094
0,0.5207106
1,0.7143498
1,0.28856775
1,0.37806243
1,0.38678426
1,0.38608515
0,0.54590905
0,0.5798855
0,0.48968244
0,0.2994956
1,0.72746336
0,0.34461612
0,0.5717794
0,0.48654026
0,0.6052416
0,0.48654026
0,0.6471983
0,0.48654026
0,0.7085159
0,0.5607586
0,0.6052416
0,0.7085159
0,0.6052416
0,0.7085159
1,0.65468645
1,0.5506205
0,0.3508585
1,0.24905565
0,0.5477357
1,0.72767925
0,0.6637169
0,0.6637169
0,0.32754636
1,0.6996661
0,0.31340688
0,0.62061286
0,0.6015258
1,0.62019926
1,0.55100214
1,0.33180022
0,0.3476209
0,0.56736004
0,0.4192836
0,0.661514
0,0.5147951
1,0.6161969
1,0.5796866
1,0.5796866
1,0.62163675
1,0.6559799
1,0.6409032
1,0.5808842
1,0.62927365
1,0.51532686
0,0.45337382
0,0.46657544
1,0.4911768
1,0.7211154
0,0.29785526
0,0.54271305
0,0.4527894
0,0.25054735
1,0.6527738
1,0.47839946
0,0.5016608
1,0.64128745
0,0.60573536
1,0.64665496
1,0.24202976
0,0.37371746
0,0.31485355
0,0.2752697
1,0.41454452
0,0.46810323
0,0.31409797
0,0.28800973
1,0.2282204
0,0.6360966
1,0.7267741
0,0.2996997
0,0.3316813
0,0.29536813
0,0.71696675
0,0.72716963
1,0.5589324
0,0.354007
0,0.2713746
0,0.3034206
1,0.40130365
1,0.6264579
0,0.6609963
1,0.6712806
0,0.6218591
0,0.40814164
1,0.7230401
1,0.7197702
0,0.30698693
1,0.5274056
1,0.5821986
0,0.6477319
0,0.5748098
1,0.73461413
0,0.6046923
1,0.7250464
1,0.63684916
1,0.62202966
0,0.654752
1,0.60632265
0,0.58610666
0,0.6785332
1,0.51159954
0,0.27901533
0,0.37621915
0,0.6216407
1,0.7265486
0,0.29247722
0,0.4731405
0,0.49179378
0,0.23763736
0,0.37127897
0,0.42171198
1,0.38633394
1,0.3210115
1,0.34280908
1,0.36021
1,0.3708491
1,0.7147676
1,0.69138086
1,0.6364099
1,0.69138086
0,0.66838855
0,0.6844969
1,0.5990859
0,0.34324986
0,0.72982717
0,0.42612004
1,0.42271313
1,0.34287727
0,0.42566872
0,0.60159814
1,0.6014594
1,0.42175707
1,0.72478783
0,0.29973587
0,0.5764867
1,0.51432014
1,0.72700053
1,0.3772004
0,0.4270311
0,0.45963842
0,0.3964833
1,0.26097637
0,0.22366726
0,0.39276502
0,0.20961015
0,0.40546915
0,0.24009803
0,0.2652523
0,0.29570672
1,0.5364906
1,0.2699145
0,0.30194822
0,0.24883373
0,0.56290233
0,0.30743626
0,0.37157002
1,0.4418868
1,0.58946455
1,0.5843834
0,0.3632171
1,0.6152182
1,0.37563258
1,0.63704365
0,0.6489885
0,0.67860734
0,0.63228774
0,0.7254504
0,0.58434683
1,0.6479091
0,0.56119955
0,0.33629334
1,0.6296381
1,0.5977979
0,0.54861736
0,0.6159096
0,0.35738412
0,0.5786455
1,0.43226138
0,0.68166363
1,0.5958313
0,0.29265326
0,0.34735522
0,0.36476701
1,0.45497185
1,0.72706604
1,0.42703697
1,0.5688215
1,0.7279502
0,0.33149165
1,0.6062626
0,0.27813578
0,0.7185551
0,0.645352
0,0.6660416
0,0.6253723
1,0.6575463
1,0.6495844
1,0.71335566
1,0.6968622
1,0.6495844
1,0.7103312
1,0.7103312
1,0.655169
1,0.4153176
0,0.3182282
1,0.63617516
1,0.25590485
0,0.31164372
0,0.66133726
1,0.46743065
0,0.23714928
0,0.3655554
1,0.32583094
1,0.65261817
0,0.38080913
0,0.33123532
1,0.7338675
1,0.6566931
1,0.731959
0,0.3863667
1,0.35240948
0,0.39668876
1,0.69196856
0,0.66845256
0,0.44519895
0,0.5599479
0,0.6153343
0,0.33846503
0,0.424962
0,0.39914656
0,0.29552966
1,0.54081476
0,0.43584898
1,0.5195526
1,0.24511752
0,0.4659871
1,0.46083894
1,0.42842835
0,0.31884795
1,0.39006078
1,0.63600767
1,0.70171
1,0.7030277
0,0.43263596
1,0.38214162
0,0.6171764
0,0.3793377
0,0.3310389
0,0.25601962
0,0.2302382
0,0.70070046
1,0.53841424
1,0.37815747
0,0.22676438
1,0.6718386
0,0.3401865
1,0.428255
0,0.36823174
0,0.428401
0,0.21213214
1,0.6457313
1,0.53917617
1,0.4254653
0,0.4254653
0,0.3209507
0,0.37506697
1,0.37506697
0,0.37506697
0,0.44646147
1,0.6250976
0,0.34216124
1,0.3910703
0,0.72040653
0,0.7175766
1,0.7252139
1,0.7264734
1,0.7312015
1,0.7296258
1,0.7304978
1,0.72467667
1,0.7234085
1,0.72015464
1,0.7292584
1,0.7331778
1,0.6785955
1,0.72042716
1,0.72042716
1,0.7332764
1,0.7289766
1,0.73092914
1,0.66703326
1,0.73164845
1,0.7332764
0,0.35399622
1,0.59413964
0,0.22806826
0,0.22875804
1,0.32134387
0,0.45580012
1,0.5626648
1,0.6107627
0,0.42466366
1,0.68009245
0,0.5001347
0,0.62280667
1,0.7167119
1,0.6881571
0,0.6752104
1,0.69458306
1,0.61669064
1,0.3990185
0,0.39009193
1,0.33293626
1,0.6370686
1,0.6370708
1,0.31583798
0,0.58108836
0,0.26175132
1,0.2519463
0,0.3118847
1,0.48000976
1,0.60263634
0,0.57510906
0,0.5846753
1,0.5283037
1,0.45425668
1,0.39945138
1,0.2462061
1,0.3314991
0,0.3750388
0,0.24423657
1,0.54904574
0,0.2263718
0,0.31905884
0,0.3190588
1,0.7343986
0,0.57577276
0,0.6327914
0,0.59360707
1,0.376449
1,0.5111407
0,0.3510894
0,0.46637872
0,0.25540283
1,0.5986837
1,0.61422336
1,0.4786486
1,0.52506614
1,0.43621182
0,0.51327455
1,0.6006214
0,0.44009477
1,0.36262915
1,0.3192415
1,0.36262915
1,0.59470856
1,0.6217208
0,0.29249638
0,0.48826185
0,0.42903346
1,0.55754215
0,0.41367808
0,0.40423208
1,0.43376997
1,0.6516645
1,0.6719849
1,0.69580686
0,0.25283554
1,0.6564797
1,0.6564797
0,0.33014712
0,0.2291852
0,0.71053565
1,0.6169522
1,0.73186016
1,0.33123115
0,0.616004
0,0.55903816
0,0.5083038
1,0.69534117
1,0.6020131
1,0.6024128
1,0.6016092
1,0.6012008
0,0.60319924
0,0.41576278
0,0.5016146
1,0.7127266
0,0.272156
0,0.29920366
0,0.22648844
1,0.4083478
0,0.6220776
0,0.6441894
1,0.6111988
1,0.44822878
1,0.5343323
0,0.7284667
0,0.44512042
0,0.3974665
0,0.57043755
0,0.40070647
0,0.38637048
0,0.54379946
0,0.529518
0,0.4603323
0,0.3674458
0,0.60574967
1,0.6282562
1,0.5637279
0,0.34321138
1,0.6422844
1,0.6620219
0,0.48402837
1,0.60107124
1,0.37112814
1,0.43694302
1,0.5887885
0,0.55781287
0,0.57468754
0,0.36284688
1,0.70903033
0,0.35373253
1,0.47390005
1,0.7280601
1,0.5240246
1,0.51264167
0,0.47557127
0,0.63733584
1,0.4481105
1,0.37088397
0,0.47777143
0,0.6466437
1,0.3760916
0,0.33780175
1,0.54885983
0,0.46340227
1,0.40327084
0,0.2762143
1,0.688714
1,0.6451573
1,0.7000425
1,0.28906956
1,0.67922574
1,0.64572346
0,0.43690616
1,0.6041851
0,0.3602973
0,0.36044806
0,0.39760894
0,0.5210261
1,0.5314896
0,0.32753286
1,0.5191945
1,0.45154947
1,0.65216243
0,0.42960113
0,0.5079776
0,0.5079776
0,0.6977916
1,0.7131293
1,0.6370045
1,0.6530235
1,0.65830004
1,0.70112467
1,0.72530854
1,0.67254233
1,0.7276412
1,0.7239462
1,0.72453856
1,0.7131293
1,0.576818
1,0.7239462
1,0.6704936
1,0.6673943
1,0.61467516
1,0.5762722
1,0.6977916
1,0.56371284
1,0.63186705
1,0.6999918
1,0.61139697
1,0.6239902
1,0.6530235
1,0.72453856
1,0.6239902
1,0.636611
1,0.31290025
0,0.55780745
1,0.6400098
0,0.43431026
1,0.64814305
1,0.415448
1,0.62662673
0,0.5243139
1,0.48804107
1,0.48804116
0,0.32999626
0,0.24093458
0,0.66092575
0,0.59098494
1,0.286446
1,0.6837948
1,0.43157592
0,0.33463472
0,0.540836
0,0.45742416
1,0.46923444
1,0.39250448
1,0.30298355
0,0.5733304
1,0.682431
1,0.645195
0,0.67310786
0,0.61073184
0,0.43856895
1,0.33369792
0,0.21863374
0,0.2516498
1,0.6318824
1,0.61376977
0,0.26712784
0,0.39582282
0,0.3184397
0,0.31685063
0,0.3586492
1,0.73335606
0,0.22661415
0,0.23060437
1,0.7281533
0,0.30160728
0,0.3847003
0,0.39273998
1,0.39487523
1,0.3184829
1,0.4543641
1,0.36714593
1,0.6209159
0,0.72118354
1,0.58038735
0,0.29319417
0,0.49450964
0,0.2938703
0,0.26903662
0,0.59306246
0,0.6697601
1,0.6773181
0,0.5967894
0,0.5387938
0,0.3071887
0,0.2069143
1,0.5656072
0,0.26915494
1,0.5527793
1,0.4024751
1,0.46698675
1,0.5083792
1,0.70701987
0,0.53590286
1,0.46371514
1,0.6501242
0,0.21337098
1,0.69776094
1,0.63139474
0,0.4418982
0,0.66269124
0,0.6619946
0,0.28167546
0,0.43020236
1,0.65245426
0,0.5054803
1,0.7301508
0,0.6232906
0,0.3679483
0,0.7043563
0,0.70496124
0,0.4288019
0,0.38861036
1,0.70302355
1,0.5758842
0,0.3695016
0,0.39997998
1,0.61265004
0,0.55144984
1,0.34978873
1,0.37241673
0,0.43558457
0,0.3434379
1,0.64783853
0,0.5329713
1,0.7106762
0,0.63372195
0,0.3371963
0,0.41069406
1,0.5878087
1,0.58773565
1,0.6129275
1,0.59810466
1,0.5304557
0,0.63853455
0,0.46452048
1,0.7143755
1,0.4365169
0,0.21005648
0,0.27826327
1,0.31727585
0,0.38760903
0,0.35105327
0,0.37839246
1,0.6401346
1,0.6401346
0,0.29265866
0,0.23227899
0,0.24190706
1,0.675756
1,0.72335565
1,0.30593213
0,0.66253996
1,0.66716385
1,0.5935455
1,0.7027868
1,0.62667716
0,0.7273935
0,0.6815787
0,0.72950214
0,0.5313128
0,0.44041088
1,0.6969898
1,0.5900534
1,0.5900534
1,0.54104906
1,0.583658
1,0.41104516
1,0.41104516
1,0.5742545
1,0.6523591
0,0.40523022
1,0.6719107
1,0.6997094
1,0.6887692
1,0.3968946
1,0.3047069
0,0.31404048
1,0.67456186
1,0.6043427
0,0.28406307
1,0.6933888
0,0.4202046
0,0.24466911
0,0.33482593
0,0.36407387
0,0.26549974
0,0.6645564
1,0.41243857
0,0.35170186
1,0.6610184
0,0.7226345
0,0.70507586
1,0.25704747
0,0.34508252
0,0.38352636
0,0.43722996
0,0.5878247
1,0.7337413
1,0.7337413
0,0.72152984
1,0.2688507
0,0.366684
0,0.3037102
0,0.27931112
0,0.34110168
1,0.4287486
0,0.31763622
1,0.25068942
0,0.3265532
1,0.65005744
1,0.2928479
0,0.4408932
1,0.7033687
0,0.40939847
0,0.41264674
1,0.6829927
0,0.64952195
1,0.57007444
0,0.6197114
0,0.56706685
0,0.60033
0,0.4596164
1,0.53301466
0,0.27669474
1,0.653049
0,0.6408466
0,0.62191546
0,0.6919527
0,0.7093016
0,0.71638286
1,0.7264403
1,0.708149
0,0.23330468
0,0.22666864
0,0.4668107
0,0.28601858
0,0.6110674
0,0.23100926
0,0.2196645
1,0.71551967
0,0.289368
0,0.22606419
0,0.5554509
0,0.4098356
0,0.34215546
0,0.47568476
1,0.36278555
0,0.48279917
0,0.34666324
0,0.37571883
0,0.28974673
0,0.45999283
1,0.2474027
0,0.25744355
0,0.59626603
1,0.33524403
1,0.33524403
1,0.33524403
1,0.28636834
0,0.31287956
0,0.47613668
0,0.47544858
0,0.34933773
1,0.45172125
0,0.42306724
1,0.46172884
0,0.41418326
0,0.38762048
0,0.62615764
0,0.468087
0,0.41376156
0,0.37592715
0,0.48050207
0,0.3500907
0,0.5329918
0,0.62839824
1,0.47159165
1,0.7230234
0,0.54485685
1,0.45681715
1,0.7064283
1,0.72044855
0,0.4219412
0,0.33447444
0,0.26650602
0,0.29939112
0,0.6841715
0,0.51930517
1,0.5686382
0,0.33547822
0,0.3959004
1,0.24575447
0,0.2517674
0,0.25785366
0,0.35710225
0,0.30359566
1,0.6255635
1,0.72319555
1,0.66587526
0,0.36656952
0,0.6634426
0,0.61975163
1,0.61876917
1,0.73486954
1,0.6164863
1,0.3470732
1,0.38950792
1,0.3547933
0,0.34134704
1,0.6284562
1,0.689905
0,0.23466943
0,0.30127612
1,0.63946843
1,0.5896039
0,0.24674344
1,0.47512758
0,0.6928685
1,0.32272995
0,0.36261576
0,0.5695323
0,0.3494655
1,0.6277236
1,0.6412691
0,0.4959966
1,0.7244365
1,0.7021803
0,0.31252265
1,0.6753935
0,0.34258357
0,0.6370292
0,0.63704276
1,0.63703305
1,0.6370325
1,0.63700044
1,0.6369921
1,0.3870524
1,0.624438
1,0.7079855
1,0.5810558
1,0.7341396
1,0.46297082
1,0.7091987
1,0.7156588
0,0.3834301
1,0.3275878
1,0.3268259
0,0.29803827
0,0.5434722
0,0.41573226
0,0.6891372
0,0.60260826
0,0.353824
1,0.7218839
0,0.68136895
1,0.29247108
0,0.32078296
1,0.3220862
0,0.3462104
1,0.543031
0,0.40673774
0,0.6610466
0,0.26583505
0,0.3893037
0,0.44609275
1,0.72943926
0,0.2396328
0,0.5694845
0,0.6704608
0,0.30917016
0,0.255566
1,0.70141673
1,0.7131461
1,0.53380907
1,0.52566123
1,0.62477005
1,0.43888515
1,0.63974696
1,0.48918796
1,0.72545207
1,0.7325176
1,0.64922225
1,0.70788264
1,0.66462624
0,0.49281922
0,0.59056866
0,0.6368325
0,0.65816903
0,0.55436397
0,0.54802287
0,0.62907696
0,0.7172123
0,0.58779734
0,0.7094147
1,0.49422845
1,0.6052252
1,0.58580863
0,0.44422054
1,0.38079894
1,0.692735
1,0.6207526
0,0.28793573
0,0.606826
0,0.609814
1,0.70319974
0,0.23330402
1,0.69535625
1,0.6318179
0,0.6309644
1,0.6314714
0,0.62634724
0,0.62634724
1,0.63429064
0,0.33621508
0,0.37087947
0,0.28348562
1,0.6984215
1,0.7083348
1,0.4026093
1,0.6487705
0,0.48839405
0,0.29183552
1,0.6768915
0,0.37133464
0,0.26865828
0,0.3106172
1,0.32722804
0,0.6319889
0,0.64451855
0,0.6929885
1,0.6929885
0,0.49579462
0,0.31471798
0,0.680861
1,0.45282766
0,0.6127982
1,0.5820853
0,0.3523043
0,0.3518384
1,0.674947
0,0.32479262
0,0.48377603
1,0.7193862
1,0.717806
1,0.72967184
0,0.56736827
0,0.50192916
1,0.6765204
1,0.47642273
0,0.58982444
1,0.70238507
1,0.4658322
0,0.692874
1,0.6053208
0,0.6003672
0,0.41183
0,0.28689176
0,0.26284885
0,0.2541958
0,0.44109333
0,0.28086933
0,0.6098442
1,0.33788556
0,0.27824768
0,0.26679134
0,0.29436043
1,0.58788294
0,0.24790436
1,0.72184527
1,0.683571
1,0.3217115
1,0.7310134
0,0.21465006
0,0.638226
0,0.31453142
1,0.6855669
0,0.22009763
1,0.6257043
0,0.42886022
0,0.6034479
1,0.3616732
0,0.38692647
1,0.2560752
0,0.65841484
1,0.49782142
1,0.7290916
0,0.35699448
1,0.5986664
1,0.41866344
0,0.5216229
0,0.616976
0,0.2857887
0,0.2880935
0,0.28694308
1,0.64132285
0,0.25430807
1,0.64799637
0,0.32275823
0,0.24373554
1,0.37940365
1,0.6487378
1,0.5782513
1,0.49577147
1,0.41606164
1,0.60814905
1,0.5799326
1,0.73033077
1,0.7084335
1,0.688941
0,0.27396348
0,0.22542107
0,0.55852073
0,0.4144977
0,0.4397039
1,0.69420874
1,0.561156
1,0.71861255
0,0.5146326
0,0.6001115
0,0.5930215
0,0.7023499
1,0.5416651
1,0.4163185
0,0.31618413
0,0.3094653
0,0.29219592
0,0.29872954
0,0.32001764
1,0.32769266
0,0.33413973
1,0.38003838
0,0.27954885
1,0.3780669
1,0.24023408
0,0.7195541
1,0.6628105
1,0.61567664
1,0.6708063
1,0.695289
1,0.54283476
1,0.36099702
1,0.3902186
1,0.5603485
1,0.34978116
0,0.5670543
0,0.3637031
0,0.29968488
0,0.4919251
0,0.6390795
0,0.5440588
1,0.60156405
1,0.6546593
1,0.4983728
0,0.41775292
0,0.37473184
0,0.40921274
0,0.50827074
0,0.6961731
0,0.6270361
1,0.34810138
1,0.28970957
1,0.64098877
0,0.45611912
0,0.40869898
0,0.3662459
0,0.6454316
1,0.34713998
1,0.34882152
0,0.57714355
0,0.4304761
0,0.33108965
0,0.28033826
0,0.2742766
1,0.400463
1,0.42144695
1,0.33298206
0,0.30977207
0,0.29043117
0,0.5452254
0,0.32822698
0,0.5943172
1,0.67006886
