y_true,y_prob
1,0.99960256
0,6.714829e-07
1,0.9999396
0,4.11149e-06
1,0.999775
1,0.9998611
1,0.9999294
0,1.4480675e-05
1,0.9986345
1,0.99994206
1,0.99995375
1,0.99994606
0,6.7964443e-06
0,4.230051e-05
0,0.00027525547
0,2.2576787e-06
0,4.1128264e-05
0,1.8505736e-05
1,0.999962
1,0.9999414
1,0.9999917
1,0.99994826
1,0.9998562
1,0.9999621
1,0.9998246
0,0.00011325382
1,0.99998575
1,0.9991694
1,0.99969107
1,0.9999417
1,0.99979794
1,0.9996766
1,0.999961
1,0.9987134
1,0.99900734
1,0.999608
0,9.6129465e-05
0,1.3529279e-05
0,6.237722e-05
1,0.9999471
0,5.6806683e-05
0,0.00012709115
1,0.9999931
1,0.999992
1,0.9999877
1,0.9999818
1,0.9999869
1,0.9999181
1,0.9999878
0,3.756745e-08
0,4.7677895e-06
1,0.99994594
1,0.9999701
1,0.99834603
0,0.000106852705
0,3.4443445e-05
0,0.00050223456
1,0.99998283
1,0.9999701
1,0.99980575
1,0.9998869
1,0.9998513
0,4.6269872e-07
1,0.9998214
1,0.999998
1,0.9883472
1,0.99968916
0,2.7673686e-05
0,0.000874246
1,0.9997762
0,3.5896076e-06
0,0.0026209513
0,3.8791995e-07
0,8.624858e-05
1,0.99934596
1,0.9996735
1,0.99972296
0,2.6384098e-05
1,0.99999607
0,7.002135e-06
0,0.0006887285
1,0.99996406
1,0.99943846
1,0.9999551
1,0.9997645
1,0.999984
0,0.005872948
1,0.9999481
0,7.938954e-06
0,7.57773e-07
0,0.00037971098
0,0.0015328696
0,0.00024984445
0,1.1303213e-05
0,1.9364703e-05
1,0.9999905
0,7.364167e-05
0,2.827083e-06
1,0.9999775
0,5.8954447e-05
0,7.327258e-05
1,0.9963257
1,0.999945
0,4.3633608e-07
0,1.8077158e-07
0,1.9930341e-07
0,7.686751e-06
0,0.00013495043
0,1.7694047e-05
0,2.3781197e-07
0,1.7404044e-07
0,5.580935e-08
0,1.1753699e-05
0,4.6749523e-08
0,2.3405022e-05
0,3.9670584e-05
1,0.9999018
0,6.888202e-06
1,0.99973863
0,2.1265589e-07
1,0.9999779
0,2.3117273e-06
1,0.99896747
1,0.99999017
1,0.9999855
0,0.00013308493
1,0.9999532
1,0.99995655
0,1.6329495e-06
0,6.594367e-07
0,6.687389e-06
1,0.99822074
0,3.1533634e-08
1,0.99986815
0,9.0689736e-07
0,2.1357935e-06
0,1.5687131e-06
1,0.999457
0,6.314927e-07
0,6.1121364e-06
1,0.9999758
1,0.9087169
0,6.432224e-05
0,0.00038924007
0,3.523857e-05
0,0.00015071033
0,4.2072047e-06
0,0.00013916896
0,4.9331622e-05
0,0.00019050941
0,0.0002574459
0,0.00037377726
0,1.60294e-05
0,0.00245986
0,1.521302e-05
0,2.3683231e-05
0,0.15455288
0,3.8993647e-05
0,1.0220898e-05
0,0.00026732244
0,8.911908e-05
0,2.1474358e-05
0,0.00080496137
0,6.7143446e-05
0,0.0003214286
0,5.727006e-05
0,0.0002955212
0,2.1779888e-05
0,5.5534874e-06
0,0.00026092303
0,0.0001741834
0,0.0014591995
0,4.5954525e-06
0,0.00024987996
1,0.99996835
1,0.99992263
1,0.99994844
1,0.99870765
1,0.99113
0,0.002586342
1,0.9908514
1,0.9999845
1,0.9999489
1,0.99990654
0,4.1012063e-06
1,0.9982498
0,4.844219e-05
0,4.773586e-07
0,7.969472e-06
0,4.305636e-06
1,0.9957616
0,3.4350317e-06
0,7.585474e-07
0,3.8230737e-06
0,0.00010337787
1,0.9997254
0,0.011907715
0,2.9831293e-05
1,0.9999383
0,1.5969163e-05
0,9.375672e-05
0,0.00012972605
1,0.99984175
1,0.9999633
1,0.99991053
1,0.99998057
0,0.000100160236
0,0.00010492759
0,4.3463743e-07
0,2.856537e-06
0,4.6569753e-06
1,0.9998715
1,0.99932003
1,0.9999933
1,0.9998272
1,0.9997253
1,0.9973938
0,1.5272342e-05
0,5.7130325e-08
0,1.3027275e-06
0,9.1940194e-08
0,7.697644e-08
0,1.4582145e-07
0,1.23718e-07
0,7.7243676e-08
0,2.2827967e-07
0,4.77398e-05
1,0.9998796
0,6.9361254e-06
0,6.1599035e-06
0,9.786625e-09
1,0.999983
1,0.9995755
0,1.0034581e-06
0,1.8762374e-05
1,0.9998332
1,0.9999582
1,0.9997838
0,1.02882395e-05
0,0.00014862519
1,0.99996436
0,1.32886225e-05
0,6.7994138e-06
0,0.6061271
0,0.0075093834
0,1.1827988e-06
1,0.9999514
1,0.99940306
1,0.99989367
1,0.99953735
0,7.072777e-05
1,0.9992603
0,4.6609508e-05
0,4.6609508e-05
1,0.9999677
1,0.9999677
0,0.00013252963
0,0.00034200656
1,0.99984986
1,0.99992126
0,2.9170803e-06
0,1.4589506e-06
0,1.0966293e-05
1,0.9999976
1,0.999968
1,0.999993
1,0.99997985
1,0.99997836
1,0.99936116
1,0.9999519
1,0.9999672
1,0.99993443
1,0.9997789
1,0.99993896
1,0.9996171
0,2.236348e-06
0,2.4725214e-06
1,0.9999402
0,4.3427738e-07
0,5.770198e-06
1,0.999987
1,0.99789715
0,6.130721e-07
1,0.9954009
1,0.9998826
0,6.061646e-06
0,1.2169002e-06
0,0.00010023935
1,0.99856627
0,5.459417e-06
0,6.241452e-05
1,0.999491
0,2.8191058e-05
1,0.99998
0,0.00024049905
0,5.8575224e-06
0,0.0005001513
0,1.898033e-05
1,0.99833614
1,0.99999213
0,3.1926076e-05
0,1.3310298e-05
0,1.8053282e-05
0,0.00072397565
0,1.3412633e-06
0,3.280257e-06
0,0.005962213
0,1.60806e-05
0,6.700775e-08
1,0.99992734
0,2.3351915e-05
1,0.99889636
0,4.4898633e-07
1,0.9999491
1,0.9998098
0,0.00025428896
1,0.9998192
1,0.9996006
0,5.4767028e-05
0,0.0009593844
1,0.9989073
0,2.1316769e-06
1,0.9992622
0,4.6287973e-06
1,0.999993
0,3.0895121e-06
1,0.9958892
1,0.9971488
0,5.744305e-06
0,1.5051158e-06
0,1.889266e-06
0,3.4508907e-05
0,1.6632473e-06
0,7.478559e-05
1,0.99998796
1,0.9999279
0,1.79271e-05
1,0.9998106
1,0.99998665
1,0.9999885
1,0.9999878
1,0.9999653
1,0.9999208
1,0.99988556
1,0.9999057
1,0.9999933
0,0.00015060733
1,0.99774903
1,0.9999885
0,6.903367e-07
1,0.99993443
0,2.5801872e-05
1,0.999974
1,0.99997854
0,3.3663166e-08
0,4.93338e-06
0,1.2082217e-05
0,7.3325195e-06
1,0.9997235
1,0.99977815
0,5.220669e-05
1,0.99999493
0,3.8261376e-08
0,0.00040260723
0,1.8538982e-07
1,0.99993926
0,9.445415e-07
0,6.916204e-06
1,0.9996905
1,0.99993765
0,1.06349e-07
0,1.0105166e-06
0,4.483197e-07
0,1.5567943e-05
0,9.199402e-07
0,3.9928827e-06
1,0.9999111
0,0.00010619073
1,0.99975294
1,0.999958
0,1.927076e-06
0,2.1628995e-05
1,0.99951077
0,0.0011170113
0,0.004489769
1,0.99989766
0,0.003524043
0,0.0011274123
1,0.999706
1,0.99162143
1,0.9994225
1,0.9975803
0,0.0027108921
1,0.9988579
0,0.009828529
1,0.99430674
0,0.001194139
1,0.99585474
1,0.99924195
0,5.6489824e-07
1,0.99993515
1,0.99971974
0,6.955653e-06
1,0.9992863
1,0.99999636
1,0.9999952
1,0.9999938
1,0.999997
1,0.9999945
1,0.99999785
1,0.9999955
1,0.99999434
1,0.99998885
1,0.99999535
1,0.99999297
1,0.9999964
1,0.99999017
1,0.9999919
1,0.99999774
1,0.99999404
1,0.9999959
1,0.99999744
1,0.9999971
1,0.99999577
1,0.999995
1,0.99995893
0,5.865516e-06
0,3.224005e-05
1,0.9981384
0,1.4101499e-06
0,3.8239818e-07
0,0.00013067869
0,5.105051e-06
1,0.9999659
1,0.9999675
0,1.5141586e-06
0,1.8099373e-06
0,4.4951726e-06
0,2.5455543e-06
0,4.7902417e-05
1,0.999518
1,0.9998183
0,1.3115083e-05
1,0.9999894
1,0.9999894
1,0.9999894
0,6.820678e-05
1,0.99999267
1,0.9986258
1,0.99933755
0,1.7524053e-06
0,0.00010319851
1,0.99999535
0,0.00015734219
0,6.200048e-07
1,0.9999523
0,1.969226e-06
1,0.9998489
1,0.9999985
0,2.2101146e-06
0,1.6926868e-05
0,3.367156e-05
0,0.00018128064
0,3.3993423e-05
0,2.5691084e-05
0,0.00015891875
1,0.99997693
1,0.99975115
1,0.9999342
0,0.0009175119
1,0.9991002
0,2.3455951e-07
0,4.7890575e-07
0,0.00042295855
0,4.7235684e-05
0,0.0033671113
1,0.9980899
0,7.802863e-06
0,1.5876135e-07
0,6.310304e-07
0,0.00039621073
1,0.999912
1,0.99987066
1,0.9999496
1,0.9999415
1,0.9999846
1,0.9999691
1,0.9999189
1,0.9999398
1,0.9999734
0,2.9909136e-06
1,0.99653924
1,0.9998618
1,0.9979066
1,0.9988908
1,0.9989042
1,0.99996597
0,5.968604e-05
1,0.9994947
1,0.9994064
1,0.99912286
1,0.9993555
0,2.64371e-07
1,0.9993049
1,0.9982479
0,0.00035826504
0,9.111761e-05
1,0.99944836
0,0.00021083259
1,0.99999374
0,5.3234963e-08
1,0.99983484
0,1.9263782e-05
1,0.9998049
1,0.99990845
1,0.9998684
0,1.2321644e-06
0,1.1381972e-05
1,0.99922115
1,0.99986714
1,0.9999776
0,1.679239e-05
0,3.1265859e-06
1,0.99967325
1,0.99893737
0,2.7658191e-07
1,0.9996337
1,0.99719125
0,0.005516709
1,0.99989253
0,6.184364e-07
1,0.9999795
0,3.3722102e-07
1,0.99937755
1,0.9998017
0,1.4176281e-05
1,0.9999503
1,0.98928887
1,0.9901124
0,1.6336911e-05
1,0.999959
0,7.155392e-05
0,0.0005859567
0,0.00061498693
1,0.9998617
1,0.9987649
0,0.0005486949
1,0.99992335
0,1.7943988e-06
0,1.4908729e-06
1,0.995791
0,0.0020492538
1,0.999444
0,5.9271708e-05
0,9.078457e-06
0,3.8806724e-07
1,0.99902874
0,8.056978e-06
0,1.9351794e-06
1,0.99970794
0,3.452372e-06
0,4.6747695e-07
0,0.00012033528
1,0.9996871
1,0.99992687
0,0.00012636404
0,6.8837995e-05
1,0.99911135
1,0.9965841
1,0.99996537
1,0.99997747
0,0.00018312637
1,0.99963707
1,0.9999776
0,7.6053936e-07
0,1.3518458e-07
0,1.2406394e-07
1,0.9982596
0,1.576979e-05
0,6.586159e-07
0,2.035633e-07
0,1.9157937e-06
1,0.9997073
1,0.9998693
1,0.99993473
0,5.550906e-07
0,1.2967321e-05
0,1.1196091e-05
0,4.0068642e-07
1,0.9999521
0,6.4666915e-07
0,3.6224802e-07
0,1.104165e-05
0,2.892277e-05
1,0.99941546
1,0.9999262
1,0.99997896
0,0.0010205805
1,0.99882567
1,0.99989134
1,0.9997394
0,3.5010082e-06
0,0.00022299263
1,0.9995099
0,5.499804e-07
0,1.1080742e-06
0,2.4088845e-07
0,3.045446e-07
0,2.4707747e-06
1,0.99997014
1,0.99970824
0,1.846452e-06
0,0.00031680826
0,1.84979e-06
0,1.41883e-07
0,0.0009054741
1,0.9997746
1,0.9997746
1,0.99996626
1,0.9999552
0,1.2167523e-07
1,0.99833673
1,0.9983131
1,0.9988937
1,0.9988538
1,0.99974686
1,0.99991417
1,0.99997586
1,0.99998575
1,0.9999796
1,0.99999267
1,0.9999316
1,0.9996108
0,0.00030930174
1,0.99988556
1,0.9998801
0,6.128435e-07
0,3.022449e-08
1,0.9968258
0,0.00031454625
0,0.00045423908
0,3.5982495e-05
0,1.7589851e-05
0,9.7265176e-05
0,2.0938082e-06
0,1.4449887e-06
0,1.365365e-06
1,0.99983764
0,6.214895e-07
1,0.9998893
1,0.99971545
1,0.9992852
1,0.99921095
1,0.9999679
1,0.9958866
1,0.9980649
1,0.9999151
1,0.9999265
1,0.99998754
1,0.9999852
0,9.704237e-05
0,2.2147562e-05
0,2.3891137e-06
1,0.9999436
0,6.333989e-06
0,6.3922727e-07
0,8.242473e-08
1,0.9999955
1,0.9999965
0,7.4626287e-06
0,0.00052125036
1,0.9989277
1,0.9982966
1,0.99676687
1,0.9998932
0,0.0006876427
1,0.9995736
1,0.9999541
1,0.99975365
1,0.9993643
1,0.99984103
0,0.00040124878
0,1.3134383e-05
0,8.2383986e-07
0,2.2818463e-06
0,1.25135875e-05
0,2.8424874e-06
0,2.7697846e-05
1,0.9999912
0,8.77939e-08
0,1.6386842e-06
1,0.9987547
1,0.99971354
0,0.0007648636
0,1.2837007e-05
0,5.941718e-07
0,3.0784406e-05
0,8.547079e-08
0,7.5205755e-08
0,4.540286e-06
1,0.99790394
0,2.5659128e-06
0,1.01614e-05
0,1.3983916e-06
1,0.9995798
0,0.014952078
1,0.9996243
1,0.9994168
0,0.00010269569
1,0.9999675
1,0.9999154
1,0.9987048
0,0.00019483783
1,0.9992691
1,0.9997469
0,1.2251666e-05
0,4.82302e-06
1,0.9991586
0,7.3475417e-06
0,3.1109101e-07
0,2.1725008e-07
0,1.4171551e-05
0,2.7476803e-05
1,0.9999596
1,0.99940157
1,0.99966574
1,0.9979769
0,2.8214029e-06
0,6.387369e-06
1,0.9998162
0,1.064177e-05
1,0.9948607
1,0.9976918
1,0.99934316
0,0.0001677746
0,6.017252e-07
0,5.2564574e-05
0,1.3058404e-07
1,0.999955
1,0.99973106
1,0.99998254
0,0.00021793907
1,0.98451805
0,7.861481e-06
1,0.99988467
1,0.9998337
0,6.6507037e-06
0,5.6931485e-06
1,0.99993366
1,0.99950737
0,3.4703457e-06
1,0.9999826
1,0.9999974
0,4.9880346e-06
0,2.850493e-06
1,0.9943505
1,0.9996605
1,0.999908
1,0.9999895
0,1.831129e-06
1,0.998581
0,0.00071968697
1,0.9999594
0,5.562777e-07
0,6.4147275e-07
1,0.9990038
1,0.9998255
0,0.00021663387
1,0.9997752
1,0.99999166
1,0.99994016
1,0.9999578
1,0.99937946
1,0.9998004
1,0.9998827
1,0.9999812
1,0.99996936
1,0.99974114
1,0.9999315
0,2.4222095e-06
1,0.9999948
1,0.9999823
1,0.9999548
1,0.999996
1,0.9999819
1,0.9999924
1,0.9999676
1,0.9999823
1,0.99998975
1,0.9999725
1,0.9999944
1,0.9999697
1,0.9999549
1,0.9998711
0,2.844782e-07
1,0.9992877
1,0.99558276
0,1.0251413e-05
1,0.99999136
1,0.99977565
0,1.3434751e-05
0,0.00047171838
0,7.988175e-06
0,1.4855523e-06
0,3.088861e-06
0,0.00023007703
1,0.9999288
0,0.0001717755
0,2.3613538e-06
0,4.525778e-06
0,2.8556738e-07
0,1.9234523e-05
1,0.9999775
0,5.5321754e-05
1,0.9990889
1,0.9995664
1,0.99887997
0,0.0016307443
1,0.9991004
0,0.00514441
0,0.00062665273
0,0.002957851
0,0.0011273355
0,0.0017923701
1,0.010969666
1,0.0020023172
1,0.07762118
1,0.11939624
1,0.069707274
1,0.0062609985
1,0.99976563
0,5.402847e-06
0,0.0024978374
0,5.0310605e-06
0,4.600119e-05
0,5.1361087e-05
1,0.9909295
0,1.5425082e-06
0,1.6541044e-06
0,4.2023444e-06
0,5.5687e-07
1,0.99995923
0,8.5038255e-06
0,8.428143e-06
1,0.9996836
0,2.1603637e-06
0,0.00012811541
1,0.9998887
1,0.9997638
1,0.99912894
0,3.9828087e-06
0,2.0501571e-05
0,0.0001257936
1,0.9997484
1,0.99771947
1,0.99999076
1,0.9999688
0,0.00011035527
0,6.632101e-07
0,1.3308342e-05
1,0.99994403
1,0.9991118
1,0.99867547
0,3.128626e-06
0,0.00027248356
0,3.7262591e-06
0,6.0108665e-05
0,6.5937165e-05
0,0.00011657613
1,0.9998794
1,0.99436164
1,0.9905567
0,0.00035886889
1,0.99987894
0,2.14269e-07
0,0.00018353593
1,0.99999064
1,0.999966
0,1.7579794e-05
1,0.99997145
1,0.9995403
1,0.998337
0,0.00015643534
1,0.9999778
1,0.9967253
1,0.9999714
1,0.9998882
0,5.0087133e-06
1,0.99945694
0,0.00047365655
0,2.5306872e-06
0,0.0010792619
0,8.842585e-06
0,0.00015593776
1,0.999214
0,8.873325e-05
1,0.99426186
1,0.99985945
0,3.634686e-05
0,5.7935813e-05
1,0.99989766
1,0.9952442
0,0.0011413367
0,2.467949e-05
0,1.7051965e-05
1,0.99995804
0,0.00016737611
0,6.2325846e-05
1,0.99996036
0,1.9885469e-05
0,0.00087624544
0,0.00012230981
0,2.4351413e-08
0,2.0687856e-05
1,0.9999083
1,0.9990564
1,0.9999737
1,0.99991035
0,0.00014470996
0,8.1327395e-05
0,0.00011920293
1,0.9999491
1,0.9995395
0,2.8408292e-07
0,9.957956e-08
0,5.2125415e-07
0,2.3538055e-07
0,3.1562173e-05
0,1.3097858e-06
1,0.99947816
0,5.4616925e-05
0,3.8809525e-05
1,0.99991894
1,0.9999855
0,0.00014928976
1,0.9984544
0,6.5606383e-07
1,0.9944359
0,0.00011431593
0,5.162762e-07
0,0.00039464104
0,5.68061e-06
1,0.9992582
1,0.99998724
1,0.9997067
0,2.6095609e-06
0,4.595882e-06
1,0.99998057
1,0.9995113
0,5.201274e-07
0,1.6848502e-05
0,6.6452253e-07
0,1.2539929e-05
0,0.00035304256
1,0.99966806
1,0.99936813
1,0.99955076
1,0.9997697
1,0.99995744
1,0.9998913
1,0.9999357
1,0.9999236
1,0.9999125
1,0.99992734
1,0.9998751
0,0.00041826084
0,4.4448145e-05
1,0.99890155
0,0.00068593014
0,1.059147e-05
0,0.00015777441
1,0.999929
1,0.9995722
0,0.00043627303
1,0.9993378
1,0.99921286
0,3.1652123e-06
0,3.76711e-05
0,4.7969975e-06
0,0.00030277533
1,0.9998121
1,0.9101404
0,0.0010165351
1,0.99957466
0,3.5623652e-05
1,0.99991614
0,2.4756879e-05
0,0.999741
1,0.9999633
0,6.736682e-07
1,0.9999027
0,4.6291107e-06
0,5.1312192e-08
0,1.3767293e-05
0,2.9749728e-05
0,4.937191e-05
1,0.9999725
1,0.99996656
1,0.9999295
0,4.479627e-05
1,0.9999859
1,0.99939966
1,0.99338555
0,0.00011575719
0,2.1559263e-06
0,9.329546e-08
0,1.3025394e-07
1,0.99572736
1,0.99963677
1,0.9995112
0,4.5457623e-06
0,0.00018068288
1,0.998218
1,0.99878436
1,0.99974656
1,0.99998295
1,0.9999709
1,0.9999596
1,0.9975416
0,2.001114e-05
0,0.000101915146
0,1.3143995e-06
1,0.99961215
0,3.0665933e-07
0,7.860118e-08
1,0.99996674
1,0.9999346
1,0.99896485
1,0.9998951
0,8.3890345e-06
0,1.9417202e-07
0,1.4676558e-06
0,0.00016763758
1,0.99988663
1,0.9997683
0,0.000118328186
0,8.706545e-05
0,1.0151684e-05
0,4.662827e-05
0,3.40527e-05
0,6.822693e-07
1,0.99991065
1,0.9985671
1,0.99991065
1,0.99991065
1,0.9982338
1,0.99978226
1,0.9999479
1,0.994492
0,0.00041029393
0,4.2969197e-05
1,0.9999953
0,0.0032209756
1,0.999686
0,1.6826303e-07
0,0.00013780869
0,6.38333e-07
0,8.182515e-07
1,0.99988085
0,2.3257423e-06
1,0.9999922
0,7.980069e-05
1,0.9996423
1,0.9997824
0,9.132099e-05
0,4.913607e-08
0,2.8901544e-05
1,0.99994123
1,0.9999044
0,3.835472e-06
0,1.02890635e-05
1,0.9999096
1,0.999922
0,0.00014967061
0,0.0015819005
0,6.06012e-06
0,1.5529022e-05
0,8.810094e-06
1,0.9983236
1,0.9978055
1,0.99942225
1,0.999856
1,0.9999552
1,0.99881667
0,5.659692e-07
0,5.2237385e-07
0,2.05579e-07
0,1.0564947e-07
1,0.9999843
0,2.4176898e-05
0,1.3908111e-05
0,1.4023274e-06
1,0.99632996
0,4.8924767e-06
0,4.661285e-07
0,6.419588e-05
0,3.944856e-06
0,1.0179283e-06
1,0.9974202
0,0.00017312088
0,8.061617e-08
0,6.3789605e-07
1,0.99963385
1,0.9996116
0,5.755991e-05
1,0.99991345
1,0.99638754
0,0.00014730851
0,3.5458997e-06
0,8.713317e-07
1,0.99914587
0,1.8333309e-05
1,0.99992317
0,3.375341e-05
1,0.99992335
1,0.99999297
1,0.99998873
1,0.9999788
1,0.9999886
1,0.99997854
1,0.99998724
1,0.9999719
1,0.99999136
1,0.99990255
1,0.999992
1,0.9999423
1,0.9999729
1,0.9999431
1,0.9999837
1,0.99998295
1,0.99997413
1,0.99997735
1,0.9999647
0,0.00014024803
1,0.9998588
0,0.0005781881
0,0.004328548
0,0.00018098806
1,0.999991
1,0.979595
0,0.00025874173
1,0.9999395
0,7.34135e-06
0,7.3701885e-06
1,0.9998547
1,0.9998994
0,0.00013424581
0,1.686916e-05
0,0.00013155674
1,0.9999562
1,0.99896437
1,0.99896437
1,0.99962693
0,0.00061207457
0,2.186388e-06
0,4.541962e-06
0,5.3019817e-06
0,1.5898571e-06
0,7.7500745e-06
0,0.00016071601
0,7.970452e-06
0,0.0001973799
1,0.9994983
1,0.999933
1,0.99866337
0,2.1191968e-06
0,2.3654807e-06
1,0.9999577
1,0.99987364
1,0.9998178
1,0.9999622
1,0.99996346
1,0.9998172
1,0.9999091
1,0.9999779
1,0.99992543
1,0.9998357
1,0.9998005
1,0.99979585
1,0.999937
1,0.9999587
1,0.9998585
1,0.99989516
1,0.9998796
1,0.99959505
0,0.00013635203
0,0.00010311726
0,1.0350647e-07
1,0.9999352
0,0.0001889255
1,0.9970693
0,2.5966712e-05
0,8.029855e-07
0,5.951665e-06
0,7.510956e-05
0,3.426256e-07
0,1.3569802e-07
0,9.235434e-07
0,9.7396814e-08
1,0.9999418
1,0.9974237
1,0.9999118
0,1.642906e-05
0,0.00010602187
0,1.3168988e-06
0,1.5057138e-05
0,1.1702643e-05
0,1.2626876e-06
0,1.9376298e-06
0,4.6388417e-05
0,0.12196032
0,0.0002723246
0,0.0038236736
0,9.149697e-05
0,1.2071091e-05
0,2.1831793e-05
0,3.8613794e-05
0,0.0023163843
1,0.9988527
1,0.9999517
1,0.9999598
0,3.727241e-05
1,0.9996595
0,2.5398516e-05
0,3.6275356e-05
0,2.6719795e-07
0,3.4112227e-07
0,7.8069184e-05
1,0.9986985
1,0.9994321
0,4.6834735e-05
1,0.9999911
0,1.8780958e-06
0,0.007890491
0,2.3945736e-07
0,4.7300006e-07
0,7.699685e-08
0,5.165933e-08
1,0.99917936
1,0.9987737
1,0.9999451
0,1.574817e-07
1,0.9999887
0,0.000114959796
0,6.4619013e-07
0,0.0031718293
1,0.999817
1,0.9999729
1,0.9999958
1,0.99954695
0,4.502828e-05
0,2.4059786e-06
1,0.99983966
0,0.023053799
1,0.99997956
1,0.9990331
1,0.99983793
0,3.6056778e-07
0,4.475295e-06
0,1.7325083e-05
1,0.9982012
0,4.8818224e-06
1,0.99992955
0,5.900784e-06
0,0.00025835424
1,0.9999701
0,5.465927e-08
0,1.0861348e-05
0,0.0005281158
1,0.99868953
0,7.600399e-05
0,5.9621414e-07
0,0.00048039612
0,0.00071893603
1,0.99982727
0,3.5968196e-08
1,0.9994504
0,5.8921007e-05
0,2.3052082e-05
1,0.99990237
1,0.9999755
1,0.9994705
0,2.4665631e-05
1,0.95860946
1,0.9998438
0,6.198213e-05
0,0.00068786065
0,0.00015729733
0,4.15077e-08
0,1.8024718e-06
0,3.476099e-07
0,0.0001227077
1,0.9996947
1,0.99966216
1,0.99990547
0,3.0162524e-05
1,0.9985569
1,0.99909145
1,0.9999308
1,0.9999883
0,2.2948288e-05
1,0.99986094
0,1.2414219e-05
1,0.99974215
1,0.99988645
1,0.9993323
0,8.272894e-05
0,6.4362684e-06
1,0.9999691
1,0.9992761
0,2.637573e-07
0,6.745779e-07
1,0.9999583
1,0.9975221
0,1.9769805e-06
1,0.9998795
1,0.99954814
0,2.1088115e-05
1,0.99837506
1,0.99683064
0,0.00056822266
1,0.9975916
1,0.99986666
1,0.999175
0,6.945213e-05
1,0.9994849
0,7.780772e-06
0,0.00010954806
1,0.99994683
1,0.9999531
0,1.9106083e-06
0,0.00015437383
0,0.0001737178
1,0.998799
1,0.9997472
1,0.9997622
1,0.99966747
1,0.9996149
1,0.9990578
0,7.6503035e-05
0,3.9594233e-06
1,0.99985105
0,0.00034087463
0,2.2248454e-05
1,0.9994764
0,1.3639166e-06
0,0.00013164394
0,8.4741615e-08
0,7.175499e-07
0,6.575654e-06
1,0.99711436
0,6.9060006e-06
0,0.00022419587
0,2.0396867e-07
0,3.8406375e-05
0,1.0869067e-05
0,2.1180544e-05
1,0.9999153
0,0.0003770658
0,7.554784e-07
1,0.998808
0,1.6574566e-05
0,3.3621374e-05
0,0.00010921096
0,9.705127e-06
0,1.3870071e-05
0,0.0010864482
1,0.9992524
0,3.6712285e-05
0,4.6148034e-05
0,1.2894599e-06
0,4.0610532e-05
0,1.3231413e-05
0,5.5284877e-06
1,0.99994993
0,4.3966743e-06
1,0.9999823
0,1.8183357e-05
1,0.99962085
1,0.99930453
1,0.9998002
0,3.0356077e-07
0,7.0335986e-08
0,2.004276e-07
1,0.9999961
1,0.9999956
0,0.0001498404
0,4.9662078e-05
0,6.885145e-05
1,0.99997663
0,3.4652095e-07
0,0.00049757713
1,0.9998683
1,0.99987876
1,0.99999696
1,0.99999624
1,0.99999624
1,0.9999968
1,0.999997
1,0.99999183
1,0.9999964
1,0.99999535
1,0.99999845
1,0.9999967
1,0.9999965
0,6.531666e-07
0,4.479736e-06
1,0.99867487
0,2.473943e-07
1,0.99998
1,0.9999074
1,0.99233043
0,1.9357813e-07
0,9.4799964e-07
0,8.177631e-06
1,0.9989959
1,0.99888146
1,0.99210155
0,7.901197e-06
0,1.9232864e-08
0,4.15997e-06
1,0.9959203
1,0.9979984
0,2.7191268e-06
0,6.165208e-05
0,1.3960025e-06
0,1.7166419e-06
1,0.9988747
1,0.99981123
1,0.9996857
0,4.7348067e-08
0,1.4269928e-06
0,2.790999e-07
0,8.89063e-06
0,1.4215501e-06
1,0.99949723
0,1.7539702e-06
0,0.0002475388
1,0.9996945
1,0.9998031
1,0.99732757
1,0.99990594
0,2.1399697e-05
0,2.391815e-06
1,0.9999595
0,2.5548185e-05
0,6.518406e-06
0,2.8974396e-06
0,6.777367e-05
1,0.99990386
1,0.9999809
1,0.9999958
1,0.99997836
1,0.999963
1,0.99994886
1,0.9999504
0,8.620204e-06
0,0.00035965437
0,0.0006099548
1,0.99962133
1,0.99993885
1,0.9998603
0,0.000120858866
1,0.9992263
0,0.0012307175
0,8.1018686e-07
0,5.0739544e-07
0,1.8672657e-05
0,1.2934282e-05
0,1.0568093e-05
1,0.9999583
0,1.4744806e-07
0,1.1199167e-05
0,0.00030850302
0,1.7192601e-06
1,0.9999302
1,0.999904
1,0.99957967
1,0.9996967
1,0.99989617
1,0.999904
1,0.99881554
0,6.598188e-05
1,0.9910284
1,0.99981457
1,0.9997242
1,0.99911696
1,0.99995846
1,0.9998526
1,0.99997085
1,0.9999311
0,4.0848054e-08
0,1.0955758e-07
0,0.00045383457
0,3.291011e-06
0,3.0280603e-06
0,1.0019273e-05
0,2.0727175e-05
1,0.9999393
0,1.3567057e-05
1,0.9999083
0,0.0001136992
1,0.9995333
1,0.999627
0,4.127805e-05
0,2.1683454e-06
0,2.477634e-05
0,2.5543242e-08
1,0.99909264
1,0.9994516
0,0.00018699517
1,0.9999092
1,0.9999092
1,0.9999084
1,0.9999741
1,0.9999802
1,0.9999171
1,0.9996283
1,0.99998975
0,3.106296e-06
1,0.99945354
0,2.915086e-05
0,0.00018062998
0,4.2309885e-06
0,3.993758e-06
0,3.9954307e-06
1,0.9999924
1,0.99996376
1,0.9998831
1,0.9999756
1,0.99985564
1,0.9999861
1,0.9999783
1,0.9999818
1,0.99992406
1,0.9996111
1,0.9999138
0,4.6315217e-06
0,0.0004439552
0,0.00058935536
0,1.4908581e-05
0,0.0001109655
1,0.99602574
0,2.8519667e-06
0,5.5810244e-07
1,0.99993724
1,0.99982566
1,0.9999679
1,0.9999637
1,0.99998415
1,0.9999809
1,0.9999947
1,0.9998344
1,0.99981546
1,0.9998626
0,0.0007934969
1,0.99904734
1,0.9994484
1,0.99986714
1,0.99970186
1,0.99957776
1,0.9999488
1,0.9997474
0,2.3686755e-05
1,0.9989682
1,0.9998656
0,0.0021611617
1,0.99900293
0,0.00014249868
0,0.0011209195
0,6.987823e-05
0,0.0007014123
1,0.9997647
0,0.00028949464
1,0.99984324
0,0.00024954713
0,2.2244344e-06
0,0.00019712393
1,0.99717957
1,0.9999742
0,1.7161872e-05
0,3.745627e-07
0,6.207105e-08
1,0.99912196
1,0.9978489
1,0.99992406
1,0.9984464
0,1.13498e-06
0,0.00056686054
0,0.0009819798
0,3.0935404e-05
0,0.0006399986
1,0.9995057
1,0.9948297
1,0.99709904
0,0.00055378873
1,0.9977553
1,0.9998456
1,0.99928933
1,0.99998987
1,0.99999833
0,2.4069212e-07
0,2.3466102e-05
0,4.6310928e-05
1,0.9985579
0,7.2612274e-06
1,0.9998316
1,0.99926114
0,0.0853044
1,0.99888384
0,0.012307803
1,0.9946715
1,0.99653834
0,2.7532503e-06
0,6.1506085e-05
1,0.99718064
0,6.3895335e-05
0,1.8932014e-06
1,0.9999433
1,0.99999464
1,0.9999743
0,0.00010305679
1,0.9999904
0,7.98102e-08
1,0.9998329
0,9.624928e-06
1,0.9978396
1,0.999024
1,0.99839413
0,0.0002534735
0,1.0886216e-05
0,1.4396474e-05
0,9.2119866e-05
0,8.3039083e-07
1,0.9999656
1,0.99978995
1,0.9999128
0,1.0396368e-06
0,5.0282597e-07
0,1.4408371e-06
0,7.740746e-06
1,0.9999562
0,1.596362e-05
1,0.99999213
1,0.9998307
1,0.99987155
0,0.00012589786
1,0.9991331
1,0.99996334
0,0.0010076334
0,9.197647e-07
0,5.497662e-06
1,0.99932355
1,0.9999914
0,3.0100484e-05
1,0.9999058
0,1.8826358e-05
0,3.3401062e-05
1,0.9999895
1,0.9999931
0,2.5069347e-05
1,0.9999595
1,0.99997646
1,0.99931026
0,2.0786145e-05
0,1.7131015e-05
1,0.99998385
0,2.069927e-07
0,1.8808041e-06
0,3.6903286e-06
0,3.023397e-05
1,0.99971396
0,9.249568e-06
0,9.596159e-06
0,4.0520047e-07
0,1.5026978e-06
0,3.3056895e-05
1,0.9999736
1,0.9984527
1,0.99975175
1,0.9989197
0,4.409515e-06
0,4.632082e-07
0,1.5286609e-05
0,0.000104391955
0,3.1411313e-05
0,8.992083e-05
0,0.000110844834
0,4.758086e-05
0,3.8890075e-06
0,4.398683e-06
1,0.99956584
1,0.99987966
1,0.9952794
0,0.0006909585
0,0.00015603162
0,1.8802602e-05
0,1.5175144e-05
0,0.00019391486
1,0.99986243
1,0.9997164
1,0.9988199
1,0.9999863
0,4.128475e-06
1,0.9999926
1,0.9999934
1,0.9999948
1,0.99998784
1,0.9995685
1,0.99965334
1,0.99985987
1,0.99989784
1,0.99958897
1,0.99988127
1,0.99981683
0,0.00205394
0,0.00024991116
1,0.99951094
0,7.947224e-05
0,1.902362e-05
0,2.8651366e-06
0,3.0947765e-05
0,5.477148e-06
0,0.0001560203
1,0.99998796
0,3.6353023e-07
1,0.99995655
0,2.8961551e-06
0,5.076349e-06
1,0.94423497
0,1.3577761e-05
1,0.99998826
0,1.4470169e-07
1,0.9994344
1,0.99999803
1,0.9999015
0,3.424822e-07
1,0.99998057
1,0.99960697
1,0.98770654
1,0.99796027
0,0.20661752
0,0.00013436978
0,0.00025266927
1,0.99999076
1,0.9999937
0,6.9915535e-07
0,5.1696734e-06
1,0.9991686
0,8.586413e-05
0,7.4466407e-06
0,6.36369e-05
1,0.99992406
1,0.9998668
1,0.99899584
1,0.99854904
1,0.9995548
0,1.4221152e-07
0,3.1737807e-05
0,4.5387827e-07
0,1.3655174e-06
0,2.3258416e-07
1,0.9999872
0,0.00066364394
0,0.0004100417
1,0.99973464
0,3.0193172e-05
0,5.3526637e-05
0,1.7026323e-05
0,2.7236087e-05
1,0.9942666
0,3.4269594e-06
0,3.6116765e-07
0,1.8010147e-06
1,0.99843377
1,0.9999365
1,0.99776334
0,3.2847947e-05
1,0.981527
0,1.9713004e-06
0,1.6200183e-05
0,3.8009162e-07
1,0.991686
0,0.0007280637
0,0.0008911832
0,5.89431e-06
0,2.6229283e-05
1,0.99899817
0,6.644345e-06
0,0.00061160635
0,0.00037019563
0,5.7557877e-06
0,5.2789546e-06
0,2.013127e-05
0,8.4191413e-07
1,0.9979886
1,0.9999114
1,0.99388
1,0.99840915
1,0.99995536
1,0.9999161
1,0.99963534
0,3.3945413e-05
1,0.99955165
1,0.99997103
0,4.453739e-06
0,4.9571304e-07
0,0.0005207954
1,0.99994755
1,0.9999927
0,2.220011e-05
0,2.1893904e-06
1,0.9994504
0,6.832728e-05
1,0.9964667
0,2.1225878e-05
0,0.00046969927
0,1.0149158e-05
0,1.4537752e-05
1,0.9999718
0,3.8628085e-07
0,4.4651428e-05
1,0.9983176
1,0.999983
1,0.9976755
0,0.00043313447
0,4.170998e-06
0,3.141818e-06
0,4.238922e-07
0,1.0246655e-08
0,4.0756067e-08
1,0.9981688
0,1.395408e-05
0,0.0010689929
0,0.005581383
0,1.7443652e-06
0,3.7926777e-05
0,0.0005988842
0,0.0012820887
1,0.9995578
0,3.199917e-05
1,0.99997497
1,0.9997595
0,2.4970232e-05
0,1.8308376e-05
0,3.7845455e-06
1,0.9995122
0,1.6365977e-06
1,0.9999518
0,5.4851876e-06
0,8.475521e-06
1,0.9990911
1,0.9994352
0,0.0006410663
0,9.6698e-05
0,1.9305658e-07
0,5.3879333e-08
0,9.384859e-05
1,0.9998589
1,0.99993074
1,0.99981016
1,0.99979955
1,0.99969697
1,0.9999042
0,0.00023120272
1,0.99973726
1,0.9995995
0,0.00036776677
0,2.676402e-05
0,0.0008885005
1,0.9999248
0,3.0741884e-08
0,9.121746e-07
0,1.539227e-05
0,9.617697e-06
0,3.6896988e-06
0,1.6046468e-05
0,5.5096523e-05
0,0.00021700184
0,0.00032205807
0,0.00015049032
0,0.0040574973
0,0.00016990512
0,0.00037623834
0,5.863531e-05
0,0.00042849916
0,0.00019738385
1,0.9993019
1,0.9997119
1,0.99421155
0,7.992282e-06
0,1.3085273e-06
0,2.3619177e-05
1,0.99975234
1,0.9996209
0,7.517118e-05
0,2.0753027e-05
0,0.00034483473
0,7.052848e-06
1,0.9980751
0,0.0016062655
0,3.9521015e-05
1,0.99922764
1,0.9998205
1,0.9983159
1,0.9994363
0,0.00035491976
0,0.002736455
1,0.9999608
1,0.9999313
1,0.9998318
1,0.99921155
1,0.9999643
0,1.0180287e-07
0,6.528346e-07
1,0.9998024
1,0.9934772
0,4.2954548e-07
1,0.99616355
1,0.99999577
0,4.140725e-05
1,0.9999924
0,8.182853e-05
1,0.9984614
0,6.363372e-06
0,1.7160887e-06
1,0.99987423
0,7.101797e-07
0,1.6201606e-05
0,1.5677589e-06
1,0.9990278
1,0.99999005
0,5.2064694e-05
0,2.7702251e-06
1,0.9999104
0,0.00024683718
1,0.99993324
1,0.9999853
0,0.000110940215
0,2.1111257e-05
1,0.99995106
1,0.9999801
0,2.0523463e-07
1,0.9998866
0,8.50175e-06
1,0.9999657
1,0.9998769
0,7.556686e-07
1,0.9999483
1,0.97940505
1,0.99993414
0,1.0349404e-07
1,0.9999717
1,0.99976903
1,0.99982995
1,0.99997777
1,0.9999027
1,0.9999785
1,0.9997901
1,0.999675
1,0.9998045
1,0.9995229
1,0.9998138
0,3.5738844e-07
1,0.9998876
0,6.0464e-07
1,0.99990016
1,0.9997652
1,0.99988
0,1.5494643e-05
0,5.7637853e-06
1,0.9985329
1,0.9997759
0,0.0016243915
1,0.99994457
1,0.9985713
1,0.99841017
1,0.999051
0,2.4061224e-05
0,0.00020728713
0,9.955035e-05
0,2.3757202e-05
0,9.872601e-05
0,1.1785712e-05
0,0.00058985496
0,2.9424182e-05
0,0.00013358153
0,0.00010758761
1,0.9983965
1,0.99566406
1,0.9998705
1,0.99973977
0,4.0542145e-06
0,9.447478e-05
0,0.0010267567
0,6.849298e-05
0,3.5748321e-06
1,0.99995327
0,0.0019800353
0,6.927526e-05
0,3.0941944e-06
0,0.00032749661
1,0.99977785
1,0.99998343
1,0.99988765
1,0.9999581
1,0.99980825
1,0.99994606
1,0.9999252
0,8.238451e-05
0,0.0002440957
1,0.9979201
1,0.9986128
0,0.0006386489
0,0.0047747437
0,6.546359e-06
0,1.8160516e-05
1,0.99991393
0,3.9882816e-06
0,0.00043025118
0,2.9385237e-06
1,0.99976766
0,1.45706745e-05
1,0.9797296
0,8.336446e-05
1,0.9999126
1,0.9828405
1,0.99236906
1,0.9997997
1,0.99607056
0,1.7050902e-06
0,1.6427306e-05
0,2.461957e-05
0,5.5873785e-05
0,7.1142014e-05
0,1.6796972e-05
1,0.99629235
1,0.99990153
1,0.99990153
1,0.99983245
0,6.523045e-05
1,0.9995995
1,0.99873173
0,0.0007908315
0,1.7776098e-06
1,0.9999256
1,0.9997053
1,0.99895805
1,0.9994233
1,0.99893016
1,0.9994233
0,0.00033132857
1,0.9999843
0,3.709214e-05
0,4.45279e-05
0,0.0006003335
1,0.9994899
0,2.4112725e-07
0,7.8733416e-07
1,0.99909717
1,0.9999951
0,0.00019877142
1,0.99995303
1,0.99995303
0,1.5409572e-05
1,0.9999769
1,0.9989538
1,0.9999088
0,9.940023e-08
1,0.9999313
1,0.99999094
0,2.8550608e-06
0,4.17556e-05
1,0.9999423
1,0.9999708
0,3.9448713e-07
0,1.0674162e-05
1,0.99701434
0,8.977937e-05
0,3.2362768e-06
0,3.0901352e-05
0,4.7243928e-05
1,0.9986437
0,4.0662465e-07
0,2.8950535e-07
1,0.99996614
1,0.9999685
1,0.99998385
0,1.4905872e-06
0,0.00268739
1,0.9970307
0,2.829432e-05
0,1.306298e-05
1,0.99804723
0,1.6658286e-06
0,1.0926654e-05
0,0.00023037489
0,5.7063407e-06
1,0.99996716
1,0.9999446
1,0.9996721
0,8.542374e-07
1,0.99983853
1,0.99984443
0,7.0906626e-06
0,7.0300903e-06
1,0.99989545
0,4.0615025e-05
0,0.0006058453
0,4.3183627e-05
0,6.492627e-07
1,0.99993867
1,0.99989676
0,1.2622838e-05
0,1.2204345e-05
0,1.00380275e-05
1,0.9983924
1,0.99927247
0,6.635992e-05
0,5.94602e-06
1,0.99992603
1,0.99999696
1,0.99999696
1,0.9995932
1,0.9960155
1,0.99995244
0,1.3862634e-06
0,7.857168e-05
0,4.9173716e-05
0,7.2888824e-06
1,0.999988
0,5.5981786e-07
0,1.4317119e-05
1,0.9994298
1,0.9956055
1,0.9980658
1,0.9999858
1,0.99140954
0,0.0005718533
1,0.99981374
1,0.9999626
0,0.00013243414
1,0.9997688
0,2.1985381e-06
1,0.9999955
0,2.094821e-06
1,0.99994296
1,0.99996614
0,0.00032381664
1,0.9978289
0,0.0004962369
0,0.00021346885
0,0.00022751382
0,1.8694343e-05
0,1.3296314e-07
1,0.9999872
0,2.4485119e-06
1,0.99995494
0,3.513428e-05
1,0.9995369
0,5.098191e-06
0,6.066164e-07
0,3.646556e-06
0,2.5780866e-05
1,0.99999285
1,0.99773204
0,4.9927226e-06
0,0.0003764098
1,0.9999944
1,0.9999024
0,4.6174523e-07
0,4.6593877e-06
0,4.1624744e-06
1,0.9997777
1,0.9994179
1,0.9997715
0,3.008536e-06
0,0.00026907914
0,8.645616e-07
0,5.9957816e-05
0,9.221412e-06
0,2.164868e-05
0,8.536779e-07
1,0.99996126
1,0.9999759
1,0.9999797
1,0.9999064
1,0.99995476
1,0.9987649
0,3.6572723e-07
1,0.99994516
1,0.9994925
0,7.566866e-05
0,0.0015832064
0,1.5125235e-07
0,0.0001097352
1,0.9999384
0,8.063651e-07
0,1.6447057e-06
0,6.209788e-07
0,3.6617218e-06
0,5.5488243e-05
0,6.509901e-06
1,0.99797565
1,0.9971377
1,0.99962395
0,6.693411e-07
1,0.9999426
0,0.000571888
0,0.0009884929
1,0.99981225
1,0.99991226
1,0.99982196
1,0.9999726
1,0.99994403
0,0.0002109667
0,0.0009939725
1,0.99980545
1,0.99887383
1,0.9997046
0,2.015333e-06
1,0.9999527
1,0.9999482
0,0.0002635997
1,0.99999017
1,0.9985489
0,7.921915e-06
0,1.0961755e-05
0,6.908577e-07
0,8.4978456e-05
0,0.00044614924
0,2.4388335e-06
0,8.689975e-06
0,4.0215204e-05
1,0.99785376
1,0.9934031
0,1.6909132e-07
1,0.9994258
0,5.5670835e-06
0,1.3895728e-05
0,0.00010600721
0,6.252407e-05
0,0.0001260003
0,1.0430867e-05
0,1.2175061e-05
0,0.00033801282
1,0.99873066
1,0.9982578
0,9.406397e-05
0,4.570819e-06
0,2.0671097e-05
1,0.9999051
0,8.338361e-06
0,5.8313177e-05
0,1.7137012e-05
0,1.3061597e-05
0,5.1624287e-05
1,0.99998707
1,0.9995385
1,0.9999884
1,0.9999788
1,0.99993503
1,0.99882597
0,1.8162592e-07
1,0.99950373
1,0.99951804
1,0.9993683
1,0.9988143
1,0.9998219
0,0.00013809504
1,0.9892444
0,1.4820995e-06
1,0.99987453
1,0.9999863
0,7.450767e-06
0,6.4217864e-05
1,0.9994944
1,0.9999498
0,0.00064927427
1,0.9999811
1,0.99807465
1,0.99998
0,9.404297e-08
1,0.9999502
1,0.9988791
1,0.99999154
0,1.2679441e-06
0,2.71482e-05
1,0.9999708
0,2.3851182e-05
1,0.99995404
1,0.99884254
0,4.243137e-05
0,3.9036473e-05
1,0.99923384
1,0.99996555
0,1.5586142e-05
0,3.5493745e-06
0,3.4838454e-06
0,0.00019104018
1,0.99992234
1,0.9994629
0,5.9834896e-05
0,5.768183e-07
1,0.99998605
0,1.4542717e-07
0,0.0005043208
0,1.0405214e-05
1,0.99962276
0,1.9047711e-05
0,2.4769299e-05
0,8.734077e-05
0,0.00089708035
1,0.98604846
0,3.9628985e-06
1,0.99974763
0,7.508886e-05
0,4.5834575e-05
1,0.99863726
0,7.562252e-07
0,4.2730804e-05
1,0.9987474
0,8.96191e-08
0,4.1164327e-05
1,0.99891603
1,0.99977964
0,0.0001429587
0,1.5451512e-07
0,8.11592e-07
0,1.6012136e-05
0,3.6175575e-06
0,3.6682683e-05
0,7.382295e-06
0,0.0003853238
0,3.2867829e-06
0,1.1227643e-06
1,0.9999562
1,0.99999076
1,0.9999953
0,1.6435548e-05
1,0.9998444
1,0.9999881
1,0.99338835
1,0.99863297
1,0.9990927
0,5.659878e-06
0,3.4266714e-07
1,0.9926287
0,7.5675725e-06
1,0.9980794
1,0.9996772
1,0.9998831
1,0.9998565
0,6.5547414e-07
0,2.771222e-05
1,0.9996208
1,0.9999102
0,6.8375965e-07
0,2.5278543e-05
1,0.999971
1,0.99985164
1,0.99998325
1,0.9610832
0,2.358806e-06
0,3.0137651e-05
0,7.934185e-07
0,0.00060035725
1,0.99990785
1,0.9999956
0,6.693661e-06
1,0.9996888
1,0.9996796
1,0.9995588
0,7.420286e-05
0,0.8849519
0,0.00016419533
0,1.5457718e-07
0,0.00025459685
0,0.0006638812
1,0.99987936
0,3.2230942e-06
0,7.745135e-05
0,8.413621e-08
1,0.99980754
0,1.5232415e-05
0,3.82186e-07
0,2.7538674e-06
0,7.449741e-07
1,0.99991184
0,1.6355632e-06
0,8.122711e-05
0,2.0150158e-06
0,6.1721204e-07
1,0.99987215
0,8.900562e-05
0,3.0568568e-05
0,1.4485788e-06
1,0.99993044
1,0.9997065
0,1.173624e-07
0,7.271553e-06
0,0.0013133655
0,3.7041143e-08
0,2.4681583e-06
0,6.558624e-05
0,7.0441985e-07
0,2.0423146e-05
1,0.9999922
1,0.99999595
0,3.419829e-06
1,0.9998577
1,0.9997525
0,1.6920172e-05
1,0.99987346
1,0.99994326
0,0.00014473259
0,5.738237e-07
1,0.9997303
1,0.99679995
1,0.9877133
1,0.9997592
1,0.9998977
0,6.184721e-06
0,5.4463276e-06
1,0.999416
0,0.00055255997
0,2.5621891e-06
1,0.9999867
1,0.99997216
0,2.4916091e-05
1,0.9973571
0,1.8253999e-07
0,2.8051738e-06
0,6.6075636e-06
0,1.5195081e-07
0,4.7686877e-05
0,3.2226117e-06
1,0.99980944
1,0.9990452
0,6.142626e-05
1,0.9999391
1,0.9998874
0,3.7635943e-06
0,5.6198182e-06
0,1.1409902e-06
0,1.7836222e-05
0,2.132122e-06
1,0.99927956
1,0.9954101
0,3.624209e-05
0,3.1405645e-07
0,9.00433e-07
0,4.139123e-06
0,3.2765774e-06
0,1.8490103e-06
1,0.99994874
0,7.519459e-06
1,0.99808425
0,0.000845686
1,0.9999906
0,1.2868211e-06
0,3.1768036e-06
1,0.9999818
1,0.99979347
1,0.9999672
1,0.99997884
1,0.99997604
0,2.4031474e-08
0,2.250235e-06
0,2.9177452e-06
0,8.957968e-06
1,0.9997701
1,0.9999705
1,0.9999833
1,0.99988824
0,8.457374e-07
1,0.99944973
1,0.99998295
0,0.00062751607
0,7.704672e-06
1,0.9995327
1,0.99993587
1,0.9990818
1,0.9998035
0,3.0749002e-06
1,0.999973
1,0.9999892
1,0.9996703
0,0.00014717557
1,0.994221
0,0.00017214246
0,0.00043419687
0,8.7450855e-05
0,7.519255e-05
0,0.0010594532
1,0.9999073
1,0.9983863
1,0.99991715
1,0.9998247
1,0.9999189
0,0.013110081
1,0.99221027
1,0.99992925
0,5.004364e-05
0,1.1168662e-05
1,0.9997366
0,0.00018069286
1,0.9999919
1,0.9999542
1,0.9980741
0,9.8658305e-08
1,0.99997705
0,0.00014472625
0,7.476883e-05
1,0.99936205
1,0.99736536
1,0.99992937
1,0.9999651
1,0.99995625
0,3.810318e-05
1,0.9998912
1,0.9999503
1,0.9999754
1,0.99973065
1,0.99991345
1,0.99986285
1,0.9999034
1,0.9999592
1,0.9995569
1,0.99981284
1,0.9999747
1,0.9998024
1,0.99998367
1,0.9999839
1,0.99992937
1,0.99974716
1,0.9985702
1,0.99997735
1,0.9981925
1,0.9992482
1,0.9998865
1,0.9999521
1,0.99983644
1,0.99980557
1,0.9988588
0,0.00020182363
0,8.600825e-06
0,0.00010290469
0,0.0001372546
0,0.0003931123
1,0.99813503
1,0.9998592
0,7.5128714e-06
0,0.0001389568
0,5.1379135e-07
0,8.931838e-06
1,0.99997777
0,9.329137e-08
0,1.110211e-06
0,1.1740453e-06
0,9.6324555e-08
0,8.637213e-08
1,0.9974994
1,0.9993319
1,0.9998257
1,0.99987596
1,0.9995347
1,0.9995359
1,0.99951935
1,0.9980282
0,0.0020663922
1,0.99993896
1,0.9999211
0,0.0026069076
1,0.99982876
0,2.0756437e-07
1,0.99743724
1,0.998861
0,2.8383962e-05
0,8.522703e-06
0,3.852489e-06
0,6.220021e-06
1,0.9999631
1,0.9996587
1,0.9996695
0,1.5941863e-05
0,3.2618461e-06
0,1.5193384e-06
1,0.9999022
0,1.2689844e-06
1,0.99860615
0,0.00013391874
1,0.9999402
1,0.99961704
0,0.00010165125
0,3.4334207e-05
0,6.552916e-05
0,9.655339e-06
1,0.9999968
1,0.999997
0,5.469239e-05
1,0.99990815
1,0.52021015
1,0.9994109
1,0.9994408
1,0.99955434
1,0.998846
1,0.9997659
0,3.624803e-06
1,0.99986106
0,1.110876e-06
1,0.9999725
1,0.9994988
1,0.9993953
1,0.99997073
0,4.9246506e-07
0,8.4559065e-07
1,0.9996453
0,1.0110332e-05
0,1.9387242e-06
1,0.9997562
1,0.9997983
0,1.6467978e-06
0,8.604927e-06
1,0.99632543
1,0.99950725
0,0.00011117256
1,0.9990921
0,6.661442e-05
0,4.5587814e-08
0,1.5718743e-06
0,6.028619e-08
0,1.9516876e-05
0,0.016693741
0,0.00020596752
0,0.00033886507
0,0.0006234736
0,1.3171336e-05
1,0.99965143
0,3.5108175e-07
1,0.999644
0,1.1233272e-07
0,1.6454572e-06
0,0.00016725918
1,0.991602
0,3.3294264e-06
0,1.0989658e-06
0,7.327308e-05
1,0.9857849
1,0.99799675
0,0.00043208682
0,2.4952835e-06
0,1.3012971e-06
0,5.1403526e-06
1,0.99998504
0,6.183314e-07
1,0.99962074
0,0.00010336594
0,9.441588e-05
1,0.99993724
1,0.9999664
0,0.0005850585
0,0.0008107121
0,0.00013858061
1,0.9997192
1,0.9998397
1,0.99941087
1,0.9992741
1,0.9996437
0,0.0003031751
0,9.822512e-07
1,0.9987524
0,2.169452e-06
1,0.99994224
1,0.9996349
1,0.9959657
0,7.7356424e-05
0,5.6320837e-06
1,0.99998915
1,0.99952495
0,0.00023552422
0,7.950182e-06
0,0.00016565848
0,0.0010034087
1,0.9998417
0,1.04852525e-05
1,0.99998116
1,0.9999917
1,0.999479
1,0.9998338
0,0.0026057214
0,7.2106894e-07
0,4.136416e-06
0,0.000107718704
0,9.194269e-06
1,0.99999577
1,0.9999949
1,0.9999949
0,4.94286e-06
1,0.9995037
1,0.99734974
0,0.00032447858
0,5.6045324e-06
0,0.0007301874
0,0.00051435176
0,1.3518652e-05
0,1.7447363e-05
1,0.9996456
0,4.7984067e-06
0,3.2004267e-05
1,0.9999536
1,0.9986354
1,0.9995728
1,0.9998095
0,0.0010484203
0,2.9968553e-06
1,0.9992561
0,1.1237445e-06
1,0.99868983
1,0.99996156
0,9.3400486e-05
0,2.600986e-05
0,6.6197167e-06
0,7.146468e-07
0,1.7300336e-07
1,0.9998561
1,0.9998051
0,8.984431e-06
0,8.492018e-06
0,9.027278e-06
0,0.00023183957
0,7.2365133e-06
1,0.99898016
1,0.99975675
1,0.99980193
1,0.999232
0,2.8776902e-05
0,0.0006503922
1,0.9998455
1,0.9998942
1,0.99982244
1,0.9999436
0,4.7474628e-06
0,6.256731e-08
1,0.9999273
1,0.99909097
1,0.99949497
1,0.9986825
0,4.118757e-05
1,0.9987401
1,0.99988467
0,6.8967275e-08
0,1.6410459e-05
0,6.14464e-07
1,0.9999073
1,0.9998717
0,6.388845e-05
0,4.1889325e-06
0,1.8632672e-05
0,9.4753756e-05
1,0.99994874
0,0.00016346177
0,8.920968e-07
1,0.9999538
0,3.7480424e-07
0,3.2473047e-06
1,0.99970895
1,0.99989194
0,4.4413455e-06
1,0.9992215
1,0.9979267
1,0.9999288
1,0.9998174
0,3.9089973e-06
1,0.99995255
0,0.00017049376
0,0.00013386436
1,0.9991074
1,0.99709904
1,0.99928075
0,0.00037901857
0,0.0019559348
0,9.611728e-06
0,1.21363655e-05
1,0.9988513
1,0.99994093
1,0.9998801
0,1.7519742e-06
0,5.017085e-07
0,0.0029675472
0,8.205498e-05
1,0.9999644
0,4.1120184e-05
1,0.9999834
1,0.99960506
0,3.9266592e-06
0,3.7682705e-05
0,1.0891044e-05
0,6.426865e-05
0,3.7715527e-05
0,5.3260663e-07
0,0.00017031582
0,3.623182e-06
0,5.2110136e-06
0,1.533691e-06
1,0.99984884
0,5.5494826e-07
0,7.615017e-07
0,0.0002137658
1,0.9991184
1,0.99998945
1,0.9917051
1,0.99989164
1,0.99810994
1,0.99740887
0,2.4570762e-05
1,0.999956
1,0.9999233
0,4.852344e-07
0,7.2957147e-07
1,0.9999375
0,0.00023235782
0,0.00012506495
1,0.9999468
1,0.9998971
1,0.9999432
1,0.9999461
1,0.9996344
1,0.999893
1,0.99986774
1,0.9999301
1,0.99996656
1,0.9999043
1,0.99996954
1,0.9992713
1,0.99960107
1,0.9999334
1,0.9999461
1,0.9999301
1,0.9999163
1,0.999948
1,0.99931186
0,5.06479e-05
1,0.9977064
1,0.9994899
1,0.99995273
0,5.941645e-08
0,0.0004989582
0,8.506837e-05
1,0.99996656
1,0.99869114
0,4.7960366e-06
0,1.4832611e-05
1,0.99970895
1,0.9981032
1,0.99994624
1,0.99995047
0,4.442481e-06
0,1.3859034e-07
0,1.0083371e-06
0,0.0014637024
1,0.99796665
1,0.9995993
1,0.99935174
1,0.9998467
1,0.99990195
1,0.9997893
1,0.99998194
0,5.2199026e-05
0,2.8897405e-06
0,0.00015802056
1,0.9999139
1,0.9996611
0,2.1265956e-05
0,1.1877328e-06
0,1.1634939e-05
0,7.271979e-07
1,0.99995637
1,0.9988264
1,0.9990332
0,0.00035995897
0,1.0452774e-05
1,0.9998392
0,1.9623276e-06
1,0.999646
1,0.99998623
0,3.284864e-05
0,1.4979747e-06
1,0.99977565
1,0.999986
0,0.0003893818
0,9.909866e-07
1,0.9977568
0,2.2717502e-05
1,0.99996394
1,0.9999313
1,0.9974938
1,0.9978708
0,3.5721867e-05
0,5.413766e-06
1,0.9989376
0,2.149179e-05
1,0.99913013
1,0.9998438
1,0.9999548
0,3.28982e-05
1,0.99999166
0,2.3056964e-05
0,2.20115e-06
0,4.4738306e-07
0,1.3527953e-06
0,8.706912e-07
0,0.000335603
1,0.9994341
0,0.0011165034
0,0.00033294442
1,0.99999434
0,0.00029863388
1,0.99999547
1,0.9999086
1,0.9999062
0,9.292511e-05
0,0.00073853025
0,4.010583e-06
0,0.00019166034
0,6.0559225e-05
0,0.0001028882
0,0.00911672
0,0.00022770608
0,3.3788645e-05
0,0.0012343264
0,6.0037416e-07
0,3.8392314e-05
0,8.433619e-06
0,3.451101e-05
0,3.0091645e-05
0,3.4070337e-05
0,5.841278e-06
0,4.1757474e-05
1,0.99864286
1,0.9997064
1,0.99885577
1,0.9999553
1,0.9998362
1,0.99984723
1,0.9998697
1,0.9998991
1,0.9998726
0,5.598528e-06
0,3.2872217e-06
0,7.727401e-05
1,0.999986
1,0.9999879
1,0.9997596
0,0.00016531828
1,0.9999249
1,0.99494475
1,0.99995786
1,0.999956
1,0.999956
1,0.999956
1,0.9999626
1,0.9999915
1,0.99981153
1,0.9976683
1,0.9994872
0,4.3946377e-05
1,0.99959064
1,0.9998835
1,0.9948543
1,0.998851
1,0.9998487
0,3.195047e-05
0,0.00026348716
0,2.4121235e-07
0,7.2426374e-06
0,1.5132247e-06
1,0.9995505
0,2.6201007e-05
1,0.99997544
1,0.99991465
1,0.9998412
1,0.9999401
1,0.99989635
1,0.99977
0,1.8753128e-06
0,2.950427e-06
1,0.9995707
0,6.1252485e-06
0,6.1252485e-06
0,9.8190485e-06
0,8.173975e-07
1,0.9990377
1,0.9998498
1,0.99998045
1,0.9996821
1,0.99995846
1,0.99991935
1,0.9998478
1,0.9999464
0,3.173363e-07
0,0.00030146618
0,0.0015392269
0,1.531023e-05
1,0.9998493
0,7.0563806e-06
1,0.99784994
1,0.9999955
1,0.99928707
0,1.0684448e-05
1,0.9998168
0,8.598294e-05
1,0.99702764
1,0.99908835
0,2.937135e-07
1,0.9999842
0,0.0015293821
0,0.00015226805
1,0.99766785
0,4.2286624e-07
0,3.226004e-05
0,0.000101545265
1,0.99978197
1,0.9997042
1,0.9998054
0,1.0331224e-05
0,0.00018889434
0,3.2450323e-05
0,3.4769168e-05
0,1.7371676e-07
1,0.99927175
1,0.99995637
0,3.7669088e-07
0,7.0697715e-06
1,0.9996649
1,0.99996936
0,4.340501e-05
0,1.1834995e-06
1,0.9999932
1,0.999926
1,0.9999788
1,0.9999892
1,0.99976176
1,0.9999927
1,0.99950886
0,8.375213e-06
1,0.9997421
0,7.9756755e-06
0,1.1086466e-07
0,5.3889302e-08
0,4.110754e-08
0,2.0448635e-07
0,4.883205e-08
1,0.99957055
1,0.9999357
0,5.8309673e-05
0,0.00011787772
0,0.00018632862
0,1.4908808e-05
0,6.851488e-06
1,0.9938676
0,1.314241e-07
0,3.5364877e-07
0,4.8176877e-05
0,6.275279e-05
0,1.3993215e-06
0,2.9233126e-05
0,3.2540555e-07
0,3.9097365e-08
0,8.2152224e-07
0,1.3454728e-05
1,0.999605
0,2.5333024e-06
1,0.99037415
0,1.7921894e-07
0,6.6490287e-07
0,4.3880607e-07
0,5.2520983e-05
0,0.00011785344
1,0.999943
0,0.000100837766
0,3.224245e-05
0,3.139299e-05
0,5.6738518e-08
0,6.748005e-07
0,4.5618635e-05
1,0.9999425
1,0.9955052
0,0.0003328784
0,7.01517e-05
1,0.9999971
0,1.1245577e-07
0,7.189927e-05
0,0.00032497547
0,5.7386214e-06
0,1.5693489e-06
0,0.00090166746
0,0.0007249115
0,7.670977e-05
0,2.2574039e-05
0,1.6010708e-06
0,2.806097e-06
0,4.9753948e-05
0,0.00011471221
0,3.8548416e-05
0,7.572871e-06
0,0.00048645685
0,2.6258776e-06
0,4.0440753e-08
1,0.99886847
1,0.99816203
1,0.98243666
1,0.99521375
0,7.7843346e-05
0,1.0370889e-06
0,5.948136e-07
0,0.00013720043
0,1.0473212e-06
0,1.6762526e-07
0,5.2481557e-08
0,1.6506581e-05
1,0.99803483
1,0.9999851
1,0.9988729
0,0.0009095044
1,0.9999954
1,0.99957687
0,7.3045776e-05
1,0.99972486
1,0.99994886
0,1.4053732e-06
0,4.706688e-06
0,0.00016192488
1,0.9998687
0,1.600461e-05
0,2.233735e-06
1,0.9997726
1,0.99984527
0,1.6450007e-05
0,5.821039e-05
0,0.0004078891
0,0.0026249283
0,2.2040184e-07
0,2.8731738e-05
0,4.1607538e-07
0,7.72971e-06
0,0.00026797876
0,0.00012002038
0,0.00023458117
1,0.9983961
1,0.9933483
1,0.9998089
1,0.9999639
0,6.9055005e-07
0,3.1565597e-07
0,0.00078209385
0,0.0001911198
0,8.7827704e-07
1,0.99876213
1,0.989586
0,1.5262034e-05
1,0.9998903
0,9.8221e-05
0,0.0007537284
0,5.405733e-06
0,0.00075231475
1,0.9982468
0,4.0421673e-05
1,0.99996644
1,0.9999147
1,0.999997
1,0.9996859
1,0.99982274
1,0.9999563
0,8.5758824e-05
0,2.2676228e-05
1,0.9999928
1,0.9995828
0,8.410896e-06
0,7.181793e-05
0,5.869097e-06
1,0.9996118
1,0.999081
0,5.6444964e-07
1,0.9996825
0,9.443309e-05
1,0.9998042
0,7.416912e-05
0,1.0478326e-05
0,0.00013073014
0,0.00012327945
1,0.9999669
1,0.9999933
1,0.9999941
1,0.9999967
1,0.9999937
1,0.99999607
1,0.99999374
1,0.9999973
1,0.9999948
1,0.9999971
1,0.9999971
1,0.99999267
1,0.99987316
1,0.9990101
1,0.9999568
1,0.99963194
1,0.9996238
1,0.99980944
1,0.9997325
1,0.9988766
1,0.99959165
1,0.9994282
1,0.9992435
1,0.9999265
1,0.9997628
0,0.00013243174
0,0.00017916357
0,0.00017064874
1,0.9997249
1,0.9996298
1,0.99998426
0,6.623708e-05
0,6.623708e-05
1,0.9999652
1,0.9999618
1,0.99999285
0,8.836624e-06
1,0.99918455
0,8.173046e-06
1,0.9999628
0,0.00016767913
0,3.9258153e-05
0,2.2616027e-06
0,3.6513584e-06
1,0.99999046
1,0.99996823
1,0.99995995
0,0.00014842903
1,0.9969261
0,7.719924e-05
0,6.303594e-05
0,0.0005319544
0,9.3226413e-07
0,1.03009925e-05
0,0.00045488292
0,0.66201675
0,0.0006127523
1,0.9982317
1,0.9991016
1,0.9994113
1,0.99294716
1,0.66201675
1,0.66201675
1,0.99898493
0,1.6279381e-06
1,0.9999157
0,3.1213544e-06
0,7.960626e-05
0,4.3105207e-05
0,3.419923e-07
0,7.5288255e-05
0,1.2931089e-05
0,7.217257e-06
0,3.4570667e-06
0,3.2303677e-07
0,4.0068144e-07
0,3.6057847e-06
0,7.3274314e-06
0,9.058938e-07
0,6.430434e-06
1,0.99992913
1,0.9999359
1,0.9999972
0,1.7843238e-06
0,2.010531e-05
1,0.99981785
1,0.99898267
1,0.9996909
1,0.99964917
1,0.9994724
0,4.2233974e-06
0,2.4563053e-05
0,7.776511e-07
1,0.99958783
1,0.99958783
1,0.99939775
0,2.2151999e-05
0,0.00011860835
1,0.99979705
1,0.99959826
0,3.3393892e-06
1,0.999678
1,0.99965876
1,0.9994271
1,0.9998653
1,0.99981165
0,0.00029582847
0,8.435147e-06
0,0.00022406146
1,0.9987349
0,0.00016689308
1,0.99974304
0,2.985126e-06
0,5.1479776e-07
0,0.00066120736
0,4.796531e-06
0,2.1862359e-05
1,0.9997536
0,0.00020980024
1,0.99996597
1,0.9998642
0,0.00011759547
1,0.9997459
0,0.00030424702
0,2.5321762e-07
0,6.6735e-06
1,0.9999085
1,0.9997877
1,0.9997148
0,9.9187906e-05
0,0.00018647985
1,0.9983254
1,0.99998075
1,0.9991976
1,0.9996933
0,2.5765207e-06
0,1.8092062e-05
0,0.0008046956
0,1.6210552e-07
0,5.818804e-07
0,0.0012493851
0,2.525011e-05
0,9.075359e-05
1,0.9999839
0,4.831131e-07
0,1.9084812e-06
1,0.99945015
1,0.9998293
0,4.7246092e-05
0,5.5745255e-05
0,1.3984836e-06
0,1.6337784e-05
0,4.5216744e-08
0,6.576054e-07
0,2.4672963e-07
0,2.0342475e-05
1,0.9999496
0,0.00010648145
0,1.4236246e-05
0,6.141238e-05
0,2.118402e-05
1,0.9999864
0,0.0005581281
1,0.9989691
1,0.99594384
0,2.330622e-07
1,0.9998644
1,0.9992698
0,3.5463597e-07
0,1.1473885e-07
1,0.99998957
1,0.9999032
1,0.99949414
0,1.2951791e-07
1,0.9999031
1,0.9999558
0,2.578127e-08
0,1.0776291e-05
1,0.9993313
0,1.0912588e-07
0,9.228591e-06
0,9.532501e-06
0,2.394439e-07
0,1.9210577e-07
1,0.9999699
0,4.2350207e-06
1,0.99855554
0,0.0002044714
1,0.99990237
0,3.4420424e-05
0,1.7981126e-06
0,0.0001237665
1,0.9999949
0,1.1400588e-07
0,8.3439915e-08
1,0.9991536
1,0.99985415
1,0.99998325
1,0.99917233
0,4.543071e-06
1,0.9998838
1,0.9910941
0,0.00019524847
0,4.2845495e-06
1,0.9999416
0,1.42034005e-05
0,1.323169e-05
0,3.856761e-05
1,0.9990404
1,0.9995334
0,0.0018812733
1,0.99969846
0,0.00031973264
1,0.9999853
0,2.251714e-06
0,0.000116885785
0,9.790922e-06
1,0.9998569
1,0.999862
0,6.1372506e-05
1,0.9996306
0,1.6287211e-05
1,0.9984148
0,2.337034e-05
0,0.00010585508
0,6.8221275e-06
1,0.9973886
0,2.1192918e-06
0,2.078989e-06
0,4.505631e-07
1,0.99966854
0,7.429127e-06
0,7.429127e-06
0,4.3022497e-05
1,0.9999436
1,0.999976
1,0.99904543
1,0.99955034
0,0.0010706389
1,0.99981725
0,1.9072031e-05
1,0.99977857
0,0.00010052
1,0.99996513
1,0.9994907
0,4.384963e-05
1,0.999943
0,9.5935846e-08
0,1.5577571e-06
1,0.9992513
0,6.8891844e-05
1,0.9992729
0,1.65612e-06
0,4.9944947e-07
0,7.1086247e-06
1,0.98492074
0,5.9874624e-06
0,0.00013497732
1,0.99992496
1,0.9985507
0,0.0020111362
0,9.364726e-05
0,0.00058879
0,0.0014398183
0,0.00019705083
0,0.00078142347
0,0.0027252238
0,1.4660549e-05
1,0.9993825
0,1.6850082e-06
0,0.0007678399
1,0.9995851
1,0.99925786
0,1.8312985e-05
0,7.738987e-07
1,0.9994472
0,8.212283e-06
0,0.0009296298
1,0.9999929
0,8.199775e-08
0,1.4862805e-07
0,8.612258e-06
0,1.3845225e-05
0,8.5052634e-05
0,0.00010352307
1,0.9993271
0,1.7368621e-06
0,9.0863305e-06
1,0.9999752
1,0.9998138
1,0.9999338
1,0.99995637
0,2.2709633e-06
0,6.5672875e-06
0,9.838027e-07
1,0.9999525
0,2.1166618e-06
1,0.99998057
1,0.99491364
1,0.9995832
1,0.9996112
1,0.99581385
0,5.954265e-06
0,3.7010697e-05
1,0.99997795
0,8.275174e-05
0,1.8519966e-05
0,4.029095e-06
0,0.0005322031
0,0.00058190996
0,0.00047201436
0,8.484655e-05
0,2.7844192e-06
1,0.99996865
0,1.1163816e-05
1,0.99998546
0,0.0032094715
1,0.99988365
1,0.9995952
1,0.99956375
1,0.9996867
1,0.9994857
0,0.00019500383
1,0.9997826
1,0.9999941
0,0.003615333
0,4.3359764e-06
0,4.8188224e-07
0,2.419173e-07
0,4.1555018e-06
0,0.21631667
0,0.21631667
0,0.030362103
0,0.21631667
0,0.0001436848
0,0.30104858
0,0.40151653
0,0.005235911
0,0.00055910676
1,0.9435804
1,0.9685021
1,0.21631667
1,0.9965563
1,0.9932241
1,0.9236245
1,0.9836358
1,0.9952299
1,0.40151653
1,0.30104858
1,0.9905504
1,0.993261
1,0.9905504
1,0.99908984
1,0.9999849
0,0.0022672594
0,2.6248975e-08
0,7.381443e-06
0,1.5896896e-05
0,6.673296e-07
0,2.152625e-05
1,0.99788797
1,0.9998965
1,0.9996516
1,0.99999154
1,0.9999718
1,0.9999832
0,4.0474824e-05
0,2.1248977e-06
0,9.366844e-07
0,1.968259e-06
0,6.694104e-05
1,0.99927944
1,0.9998054
0,0.00016172582
0,0.0001589865
0,3.4056888e-05
0,3.953828e-05
0,0.00033643396
0,4.5672965e-05
0,6.878788e-06
0,7.4247095e-05
1,0.99973834
1,0.9988817
1,0.9998221
1,0.99794203
0,5.2435666e-06
0,7.6814016e-05
1,0.9987011
1,0.99905765
1,0.9997407
0,8.020473e-06
0,2.3657758e-07
0,7.223633e-06
0,3.810407e-07
1,0.99971735
1,0.9996904
1,0.9992783
0,5.1308805e-05
0,5.164201e-05
1,0.99994445
1,0.9996372
0,8.143847e-06
1,0.99993134
0,0.00054906216
1,0.9997799
1,0.9997194
1,0.99904406
0,4.848748e-05
1,0.99997395
1,0.99991226
1,0.99965215
1,0.99981266
1,0.9997797
1,0.9997648
1,0.99926883
1,0.99965566
0,3.7775426e-05
0,2.0275793e-05
0,7.971055e-05
0,0.000106288186
1,0.9996442
1,0.99986035
1,0.99997467
1,0.99965817
0,0.00025267506
0,0.00025184167
0,0.0001155026
1,0.999634
0,0.0007942121
1,0.9999421
1,0.99997807
1,0.9999689
1,0.9999937
1,0.99998224
1,0.9998492
1,0.9999681
1,0.99999136
1,0.99998856
1,0.99996185
1,0.99997145
1,0.99991083
1,0.9998008
0,7.36284e-05
0,9.359682e-05
0,7.47637e-06
1,0.99920684
0,0.00018866934
0,1.489594e-06
1,0.9989961
0,6.3933835e-06
1,0.99955994
0,4.863588e-06
0,2.2130296e-06
0,6.841008e-08
0,1.9680063e-07
0,7.883481e-08
1,0.99904305
0,5.917876e-07
1,0.99989796
0,0.0002799463
1,0.9989725
1,0.9997473
1,0.99926335
0,2.3490452e-06
1,0.99997914
1,0.9999923
1,0.99915123
1,0.9999385
1,0.999987
1,0.99869734
0,0.0014582479
0,0.0001280679
0,1.1625279e-05
1,0.9999911
1,0.9999901
1,0.99998975
1,0.99722946
1,0.99975324
1,0.99975
1,0.99943197
1,0.9977269
1,0.9996154
1,0.9974915
0,9.968434e-07
0,1.5275369e-06
0,2.5432556e-07
0,0.00032042444
0,4.972902e-06
0,2.1171254e-05
1,0.99937314
1,0.99996
0,0.0004903341
1,0.99938935
0,5.7053214e-05
0,2.701504e-05
1,0.9988126
1,0.9999025
1,0.9999562
1,0.99976665
0,2.703406e-06
0,2.0693954e-06
1,0.9981444
0,0.0021894458
1,0.99993473
0,1.12174985e-05
0,2.2633081e-05
0,1.1080311e-05
0,3.7166234e-07
0,3.0340814e-06
0,4.1378067e-07
0,7.0550145e-06
1,0.9997532
0,9.545144e-08
1,0.99705726
0,5.8456803e-06
0,1.0149388e-06
0,2.1081051e-07
0,8.5491985e-05
1,0.99986845
1,0.99998033
0,8.625015e-05
0,3.3677798e-06
0,5.643546e-06
1,0.9999092
0,0.0021666503
1,0.99999255
0,1.2288865e-05
1,0.99998814
1,0.9998014
0,3.5467114e-05
1,0.99978316
1,0.9999003
1,0.9997339
0,0.00039043705
0,0.0001086226
0,4.149401e-05
1,0.9992024
0,0.00016873352
1,0.99997866
0,7.3905476e-08
1,0.998854
1,0.99999577
1,0.9999268
0,0.0012291654
1,0.9999543
1,0.9991455
0,2.5372942e-06
0,4.135588e-06
0,0.0001502019
0,2.052405e-07
0,2.4393913e-07
0,1.7757325e-06
0,2.3814901e-07
1,0.9999719
1,0.9999837
0,7.579821e-05
0,0.002288708
1,0.99627346
1,0.9997891
0,2.1632048e-05
0,4.391923e-05
1,0.99999493
0,7.907778e-05
0,2.8132942e-07
0,4.7011386e-06
1,0.9962032
0,1.6338815e-07
0,1.1010705e-05
0,3.4476012e-05
0,2.0066017e-07
0,3.2285106e-07
0,1.2581417e-06
0,2.4742362e-06
0,1.3763454e-06
1,0.9958735
1,0.9999594
1,0.99991643
1,0.99999285
1,0.99999636
1,0.99999607
1,0.9999916
1,0.999822
0,5.7878933e-05
0,5.883566e-07
0,1.1741377e-05
1,0.998731
0,2.1851413e-06
0,2.2474414e-05
0,1.5999933e-06
0,2.1734904e-05
0,4.925139e-07
1,0.9999541
1,0.999873
0,0.000278111
0,4.4995726e-08
0,2.7756969e-05
0,6.6625053e-06
0,2.4620414e-05
0,0.0001209722
1,0.99991
1,0.9999757
0,0.00011371189
1,0.9998661
1,0.9999324
0,1.8963196e-05
0,0.0001317105
0,0.000119871795
1,0.99982756
1,0.99999714
1,0.9998684
1,0.9998125
1,0.9998399
0,0.00025420243
0,0.00030348828
1,0.9997596
1,0.9998539
0,4.0114637e-07
0,0.00049695646
1,0.9997133
1,0.9999561
1,0.99989724
1,0.9995286
0,2.0182917e-07
0,2.2675066e-07
1,0.99507844
1,0.9998895
0,1.3344639e-05
0,0.000566664
1,0.99399906
1,0.9997288
1,0.9993079
1,0.9912957
1,0.9999751
0,1.1900867e-06
0,8.216655e-06
0,4.3356827e-06
0,1.7534083e-05
1,0.9999585
0,3.1999461e-06
0,0.00011231964
1,0.99982774
1,0.99974436
0,3.2059302e-06
0,1.3101144e-06
0,2.2786371e-05
0,4.391323e-06
1,0.99989337
0,4.2772928e-07
0,0.000104291066
0,0.00049496023
1,0.9995614
0,0.00025041014
0,2.8885617e-05
0,0.00029866406
0,1.41931505e-05
0,3.1792424e-05
1,0.9998294
0,3.726117e-06
0,6.657124e-05
0,9.618009e-06
0,1.9402407e-06
1,0.9997337
1,0.9999211
1,0.9957268
1,0.99994
1,0.99997747
1,0.9998085
1,0.9999805
1,0.9997739
1,0.9999623
1,0.99995935
1,0.99994475
1,0.99913347
0,1.1134863e-06
1,0.99997085
1,0.9998873
1,0.9999685
1,0.99992466
1,0.9999133
1,0.9998797
1,0.99993366
1,0.9999634
1,0.99972415
1,0.99986947
1,0.9999699
1,0.99995327
1,0.99849564
0,0.0004801803
0,0.00072989037
0,0.0006614529
1,0.9952877
0,0.00010039499
1,0.998914
1,0.9996065
1,0.9971463
1,0.999684
1,0.9999522
1,0.99982256
1,0.99957234
1,0.99973214
1,0.99975467
1,0.99994767
0,9.213032e-05
0,0.0005838074
0,0.0019067345
0,1.2285159e-07
0,6.107184e-06
0,2.3885827e-06
0,0.00010301043
0,0.00051642064
0,1.0249136e-05
0,0.020703698
0,0.0002826241
0,0.001631034
0,0.003618801
0,0.00015413144
0,0.0004467944
0,2.2451279e-05
0,0.0003153699
0,3.7939404e-05
0,6.435494e-05
0,0.00021249148
0,2.2451279e-05
0,0.0002481705
0,0.00028031864
1,0.9964524
1,0.9997655
0,0.00016123419
0,6.931702e-07
0,1.3078087e-06
0,3.7903824e-06
1,0.9999591
1,0.9999683
0,7.6282195e-06
1,0.99998057
1,0.9999874
1,0.99996525
1,0.99997145
1,0.999977
1,0.9999807
1,0.99997693
1,0.9999796
0,2.2925161e-07
0,7.397091e-07
1,0.99962616
0,3.4373676e-07
0,0.00047279813
0,1.7647108e-07
0,1.6955943e-06
0,5.2369165e-07
1,0.99993527
1,0.9997516
1,0.99995667
1,0.99998266
0,8.236551e-05
0,3.921497e-05
1,0.99999315
1,0.9999133
1,0.99809724
0,0.00085155864
0,3.1637878e-06
0,3.5187728e-05
1,0.9995752
0,1.7440858e-06
0,5.889618e-06
0,2.5672418e-06
1,0.99997026
1,0.99998534
1,0.99997365
0,6.34234e-07
0,3.1238858e-06
1,0.9992811
1,0.998422
0,2.7434633e-06
0,1.6420225e-06
1,0.99987286
0,7.1041e-05
1,0.99985313
0,0.0004720236
0,0.00011557189
0,0.0006096442
0,9.97278e-06
0,5.8978976e-06
0,5.787624e-06
0,2.9623109e-06
0,4.4857593e-08
1,0.9994903
1,0.99749535
1,0.9999975
1,0.9999886
0,0.00023881478
0,5.8451413e-05
0,1.089521e-05
0,9.923095e-07
0,7.281208e-07
0,6.500948e-07
0,2.1317683e-06
0,1.0713022e-06
0,5.9731934e-07
1,0.9999925
0,5.0837475e-06
1,0.99996936
1,0.9999864
1,0.9999658
1,0.999992
1,0.9999922
1,0.9999924
1,0.99998826
1,0.9999745
1,0.9999793
1,0.9999382
0,3.163736e-05
0,9.7310454e-05
1,0.9935431
1,0.9957413
0,1.0646347e-07
0,6.5748827e-06
1,0.9997103
0,2.329245e-06
0,2.9673504e-07
0,1.90404e-06
1,0.999586
0,5.1768686e-05
1,0.99989355
0,0.00010270597
1,0.9999073
1,0.99997246
1,0.9992121
0,9.098712e-06
0,1.02006545e-08
0,1.8752964e-05
0,4.8352426e-06
0,0.00010917296
0,0.00081309804
0,5.965697e-05
0,0.00017448892
1,0.99990416
0,6.1992185e-05
0,3.1970434e-05
0,0.00013235612
1,0.9999286
0,3.2750404e-06
0,0.00018860388
0,1.3430421e-05
0,0.000121436475
1,0.99985945
1,0.9999633
1,0.99999124
1,0.999963
1,0.99961334
1,0.999886
1,0.99995595
0,1.2832869e-05
0,1.6418738e-06
0,2.2773484e-06
0,1.053398e-07
1,0.9998546
0,0.00015999447
1,0.99995
1,0.9965678
1,0.99997985
1,0.999815
1,0.99995434
1,0.99997026
1,0.9997593
0,2.9501175e-06
0,1.7739683e-05
1,0.9974843
0,9.595573e-06
1,0.999608
0,1.1361225e-06
1,0.9999907
0,0.00015006475
0,5.3477706e-06
0,1.6247512e-05
1,0.9997026
0,3.9942533e-06
0,3.3210516e-05
0,0.00012320997
0,6.2118643e-06
0,5.5474116e-05
0,5.5474116e-05
1,0.9994168
1,0.99139
1,0.9998469
0,1.0353258e-05
0,2.2787256e-06
0,0.0022753929
1,0.99997395
1,0.9999601
1,0.99691564
0,3.6335248e-06
0,2.5844645e-05
0,1.2185957e-05
0,0.00030782318
1,0.999902
0,4.131459e-05
0,0.0004869349
0,5.168708e-07
1,0.999026
0,2.0528526e-06
0,3.1089899e-06
1,0.9995051
0,0.00035691643
1,0.9987815
0,0.00069760485
1,0.99302506
1,0.99995124
0,4.473993e-07
0,9.163746e-05
0,3.922017e-05
1,0.99992216
0,2.485692e-07
1,0.99992365
0,1.4269261e-05
0,8.654964e-06
0,0.00019373892
0,0.000866913
0,5.756083e-07
1,0.9999911
0,1.5636929e-06
0,7.265848e-06
0,6.5709577e-07
0,0.0003519548
0,0.0007207183
1,0.99973506
0,7.3896417e-06
0,1.4633247e-06
1,0.9967719
0,3.0007506e-05
1,0.9999858
1,0.9999034
1,0.9999915
0,0.0001616728
1,0.9998172
1,0.9996915
0,0.00026813647
0,9.6624804e-05
0,8.69396e-07
1,0.9999491
0,2.3973255e-06
0,1.5386502e-05
1,0.9996921
1,0.9999503
1,0.9999226
1,0.99973285
0,8.859568e-06
0,2.30975e-05
0,0.00071628706
0,3.185722e-05
1,0.9999436
0,0.0032206404
0,1.0848905e-05
1,0.9999693
1,0.9991248
0,0.0005920344
1,0.9998711
1,0.9999295
1,0.99989945
1,0.9999201
0,3.3341854e-07
0,4.5445177e-05
0,7.317616e-07
0,3.0382423e-06
0,2.3917963e-07
1,0.99395025
1,0.99469894
0,5.5265955e-06
1,0.99999857
1,0.99999774
1,0.999956
0,5.3477757e-05
0,1.3974025e-06
1,0.99869066
0,2.3669705e-05
0,1.0549769e-06
0,4.566125e-05
0,1.6900456e-06
0,0.0004411751
0,2.0547235e-05
0,0.0005588838
0,0.0012764706
0,1.4091809e-05
0,0.00013048679
1,0.99993235
1,0.99868035
1,0.99996126
0,0.0022805138
0,5.444703e-05
1,0.99997056
0,7.230829e-06
0,1.331473e-06
1,0.9989528
1,0.99983335
1,0.999858
0,3.895574e-06
1,0.99612546
1,0.9999697
1,0.9997426
1,0.99996775
1,0.9538177
1,0.9999924
1,0.99982303
1,0.99996656
1,0.9999437
1,0.99316245
0,8.585619e-05
0,2.2854312e-05
1,0.99992085
0,5.8642456e-07
1,0.9999923
1,0.9999938
0,3.1590352e-07
0,0.000586191
1,0.9999905
0,7.535712e-06
0,7.1283935e-06
0,5.041719e-07
1,0.9997889
0,5.626173e-06
1,0.9996194
0,0.00028564318
0,4.556418e-06
1,0.99979216
1,0.9997148
0,8.6525364e-07
1,0.9998502
0,5.354093e-05
1,0.99941313
1,0.99996233
1,0.99996114
1,0.9999509
1,0.9999805
1,0.99998116
1,0.99982285
1,0.99819005
0,8.378281e-06
1,0.9993999
1,0.9999033
0,9.874924e-06
1,0.9986161
0,1.0079679e-05
0,0.00034185383
1,0.9999319
1,0.9998962
1,0.99997157
1,0.99998134
1,0.99906665
1,0.99999195
1,0.99908286
1,0.9998049
1,0.9999581
1,0.99962384
0,2.1669131e-05
1,0.9991728
1,0.99965894
1,0.99975413
0,9.077869e-07
1,0.99954516
0,4.3926015e-05
0,1.9542635e-05
0,3.1841245e-07
0,2.2843844e-07
1,0.99916863
1,0.99991184
1,0.99927396
1,0.99941427
1,0.9974198
1,0.99998087
1,0.9999613
1,0.99772245
0,0.0010749174
0,0.00034857486
0,0.00013698776
0,0.00066739693
0,0.0015599754
0,5.303251e-06
0,3.7219237e-05
0,0.00012906494
1,0.9999934
1,0.99880934
1,0.98986197
0,7.631784e-08
0,1.7412074e-05
0,0.00031431898
0,1.4610349e-06
1,0.9999924
1,0.9993283
1,0.9999748
1,0.9992856
1,0.9995765
1,0.99967176
1,0.9997492
1,0.99844277
1,0.9997195
1,0.99997497
1,0.9998444
1,0.994431
1,0.9981968
1,0.999868
1,0.9999861
1,0.9999339
1,0.9997301
1,0.999926
1,0.99995625
0,0.0002188741
0,5.630216e-05
1,0.9999228
0,0.00010158052
1,0.99665105
0,1.217433e-05
1,0.9991454
0,0.0003717007
0,0.000487969
0,2.1223288e-05
0,2.5861678e-07
1,0.99932534
1,0.9999083
1,0.99915993
1,0.9993606
1,0.9999822
0,3.0789397e-05
1,0.9987643
1,0.9992079
1,0.9988989
1,0.99985313
0,1.771345e-06
1,0.6910249
0,0.6910249
1,0.9953784
0,3.324696e-05
1,0.99984956
1,0.9999663
0,0.00018974963
1,0.999894
1,0.99508095
1,0.9937827
0,0.00046273283
0,0.00019794417
0,0.00043913806
1,0.99832535
1,0.99931556
1,0.99965656
0,4.753887e-06
1,0.9999883
1,0.9970098
0,4.7206137e-07
0,1.4826954e-05
0,1.405156e-06
1,0.9992123
0,1.10259016e-07
0,1.7740715e-05
0,0.007127082
0,0.0012473488
0,5.706214e-07
1,0.9999694
0,4.9043945e-05
0,1.1698864e-06
1,0.99991286
0,0.0013951727
1,0.9999936
1,0.9998222
1,0.9998222
0,0.0020013703
1,0.9998705
1,0.99873775
0,9.042331e-07
1,0.9996284
1,0.9987177
0,3.1008774e-05
1,0.99958956
1,0.9992281
1,0.99978566
1,0.9993776
0,1.4692351e-07
0,5.9278176e-07
0,0.00020699501
0,1.9662295e-06
1,0.996843
1,0.9999336
0,6.116387e-05
1,0.9980677
0,9.848918e-06
0,0.0008643524
1,0.9995777
1,0.9952958
0,0.00010922461
1,0.9998637
1,0.9979538
0,1.3010017e-06
1,0.99997795
1,0.9999196
0,0.00012232055
0,0.0005569808
0,5.4704346e-06
1,0.99987406
1,0.99999136
1,0.9999906
1,0.9997922
0,1.00019655e-07
0,5.118346e-07
0,0.0010673185
0,4.6259287e-05
0,0.0031945275
0,1.6908839e-06
0,1.6868984e-05
0,2.285529e-06
0,2.660456e-07
0,4.094133e-06
0,1.6705451e-05
0,2.6198268e-06
0,2.8118373e-05
0,0.0005847823
1,0.9999937
1,0.9999937
1,0.9999937
1,0.9999937
0,0.00010116996
0,4.2497537e-05
1,0.99990547
0,1.7746383e-05
0,2.8775714e-06
1,0.999939
1,0.99999183
0,0.0036630263
0,6.481182e-07
0,6.301752e-08
0,1.3933769e-06
1,0.99998933
1,0.9999052
1,0.99999046
1,0.99997985
0,7.8948307e-07
1,0.9997768
0,0.00014568452
1,0.99989665
1,0.9958605
0,0.00015882982
0,3.0320103e-05
1,0.99944043
0,0.0010105127
1,0.99630696
1,0.9989577
1,0.9980752
0,1.2930552e-07
0,2.7962503e-06
0,4.139039e-05
1,0.9994692
1,0.99991834
0,4.0639203e-05
0,1.2244648e-06
0,0.0015978706
1,0.9998403
0,3.1130472e-07
1,0.9999507
0,5.201765e-08
0,5.890135e-06
0,2.209887e-06
1,0.9997305
1,0.9995119
1,0.9998186
1,0.9999347
0,8.1588165e-05
1,0.998871
1,0.99999267
1,0.9999088
1,0.9993464
1,0.9999874
1,0.9968408
1,0.99988663
1,0.99993753
1,0.99412787
0,0.000113305985
1,0.9999485
1,0.99986476
1,0.9997474
0,0.00017311593
1,0.99991876
1,0.99967223
0,8.524806e-08
0,4.956473e-07
0,9.898136e-05
0,1.0485224e-06
0,4.4988494e-05
0,0.00061801245
0,1.2683831e-06
0,4.6834197e-05
0,9.049707e-06
0,3.5126806e-05
1,0.9991032
0,2.6645066e-05
1,0.9999447
1,0.9999818
1,0.9999899
1,0.9999733
1,0.999982
1,0.9999934
1,0.9999905
1,0.9997179
1,0.9999576
1,0.9999766
1,0.9999511
0,1.04408855e-07
1,0.99945
1,0.998693
0,6.865314e-06
1,0.99998975
0,9.795514e-07
0,7.197595e-07
1,0.9993729
0,0.0010190562
0,0.00046209432
0,0.0009837684
0,4.716429e-06
1,0.99996406
0,0.0001243204
0,0.002380041
0,0.00015302435
1,0.99928814
1,0.9999475
1,0.9996571
1,0.9997348
1,0.9998094
1,0.9986616
1,0.99863607
1,0.999953
1,0.9999149
0,6.955751e-05
0,3.1981217e-06
1,0.99992985
0,1.1996414e-06
1,0.997704
0,6.905641e-05
1,0.9999877
0,1.1231681e-06
1,0.99998015
1,0.99998504
1,0.9994508
0,2.3823357e-06
1,0.99996436
0,1.754872e-05
0,0.00017957369
1,0.99993545
0,0.001238621
0,0.0016638845
0,0.0013629645
0,2.923335e-05
0,0.0002884983
0,4.4447086e-05
0,6.362565e-06
1,0.9998099
0,0.00012271506
1,0.9999814
1,0.9990879
0,3.214601e-05
1,0.9999815
0,2.1484839e-06
0,5.998528e-07
1,0.9995947
0,1.9480187e-06
1,0.9998674
0,2.4556207e-06
1,0.99997777
0,6.0872517e-05
0,6.5816675e-05
1,0.99994713
0,0.00088502315
0,0.00025735216
0,2.155028e-05
1,0.99962574
1,0.9997133
0,0.00020692595
1,0.99999213
0,1.4117351e-06
0,0.00017642138
0,2.2210297e-05
0,2.6000142e-05
1,0.99892575
1,0.9998935
1,0.999761
0,8.545253e-06
0,4.4769763e-07
0,2.790637e-07
0,0.0009311856
0,0.00010736368
1,0.9996666
1,0.9999292
0,9.240845e-05
0,1.6926134e-06
1,0.9999516
0,0.00011142919
0,1.4548569e-05
0,8.711781e-06
1,0.9999156
1,0.9866982
0,1.01261385e-05
1,0.99996245
0,3.7356036e-05
1,0.99997234
1,0.9999798
0,7.902433e-06
0,9.5199323e-07
1,0.999809
0,0.00014605088
1,0.999815
0,5.494308e-06
0,1.1084222e-05
0,1.5402418e-07
0,2.856627e-07
0,0.005001542
1,0.9989011
0,3.6857282e-06
0,2.3541606e-06
0,1.5772768e-05
0,2.4823075e-06
0,2.7398539e-05
1,0.9984716
0,1.2392517e-06
0,8.482899e-05
1,0.9999631
1,0.99969625
1,0.9970831
1,0.9999591
1,0.99980855
1,0.99766177
0,0.0008938594
0,4.3783486e-05
0,3.9039017e-07
1,0.999991
1,0.99952245
1,0.9999964
1,0.9976572
0,3.53721e-05
0,4.5476605e-05
0,8.933048e-06
0,3.7730747e-06
1,0.9999499
1,0.9999499
0,2.032663e-07
1,0.99951124
1,0.9981385
0,0.000108673354
0,2.181995e-06
0,5.543468e-07
1,0.9997326
0,5.6434772e-05
0,2.7029935e-05
1,0.99992585
1,0.99996936
0,1.0537951e-05
1,0.9997203
0,6.25598e-05
1,0.9999798
0,2.8356286e-05
1,0.9998068
0,0.0010038567
0,0.00045749664
0,5.810751e-05
1,0.9998295
1,0.99978405
1,0.99994373
1,0.9999592
1,0.9997298
1,0.9989035
1,0.99947083
1,0.99942195
1,0.9997994
1,0.9998718
1,0.9985102
0,0.00016216237
1,0.99569505
1,0.99998766
1,0.99975747
0,1.4114613e-07
1,0.9999949
1,0.99999225
1,0.9999812
0,5.298787e-06
1,0.9955972
0,1.5002126e-05
0,1.4917377e-06
0,3.7590783e-06
1,0.99956423
1,0.9998271
1,0.99975425
0,6.6316454e-07
0,0.00016701056
0,0.00018295636
0,8.935454e-08
0,3.6403772e-08
0,0.00012723992
1,0.9984534
0,3.666708e-05
1,0.99998933
0,0.00013492315
1,0.99995804
1,0.9998472
1,0.9999918
1,0.99996644
1,0.9999128
1,0.99997705
1,0.9998859
1,0.9999377
1,0.9999495
1,0.99980634
1,0.9999778
1,0.99993277
1,0.9999902
1,0.9993844
1,0.9999715
1,0.9999304
1,0.9999614
1,0.99996245
1,0.99996275
1,0.99994844
1,0.9998159
1,0.99930173
1,0.9999689
1,0.9999832
1,0.99930805
1,0.9999927
1,0.9999529
1,0.99998814
1,0.999932
1,0.9999127
1,0.99999356
1,0.9999973
1,0.9999927
1,0.9999931
1,0.99998856
1,0.9999689
1,0.9999931
1,0.99945915
1,0.99988174
1,0.9996046
0,4.7276102e-05
0,0.00033416838
1,0.99945533
1,0.9996748
1,0.9999456
1,0.99999714
0,9.626723e-07
0,9.26511e-05
0,2.0408165e-06
1,0.9999004
0,5.802108e-07
0,3.5890394e-06
0,1.5088871e-06
0,2.831529e-05
1,0.9999945
0,4.1067715e-06
1,0.99876463
1,0.99996257
1,0.999943
1,0.9996959
1,0.9998715
0,7.223695e-06
0,1.7916407e-06
0,0.0063830563
1,0.9968922
0,0.00041874716
1,0.43500644
0,0.43500644
1,0.99814665
1,0.9994549
1,0.9817067
1,0.996422
1,0.996422
1,0.9999977
1,0.9978825
0,1.3959777e-05
1,0.99999076
1,0.99999106
1,0.9999578
0,0.0036470576
1,0.99715227
0,1.3750407e-05
1,0.99914324
1,0.99920756
1,0.99956393
0,3.6422776e-07
1,0.9983986
0,3.711962e-07
0,7.1958595e-05
1,0.9995804
1,0.99999136
0,2.5037543e-05
0,0.0002479309
0,5.904458e-05
1,0.99989325
0,9.712048e-07
1,0.99998724
1,0.99996406
1,0.9999453
1,0.99998254
1,0.9999866
1,0.99999255
1,0.9999916
1,0.9999874
1,0.999974
1,0.99999124
1,0.99997777
1,0.99998534
0,5.277865e-05
1,0.99984866
1,0.9997929
0,1.3117171e-06
0,2.2894951e-06
0,3.609459e-06
1,0.99989605
1,0.9984313
1,0.9998989
1,0.99977326
1,0.9999807
1,0.99987197
0,0.00022848687
0,1.0019617e-05
1,0.99999344
1,0.99605584
1,0.9998385
0,7.1139366e-05
1,0.99987775
0,0.0012145941
1,0.99720234
0,3.0069728e-05
1,0.9998083
1,0.9998611
1,0.9997696
1,0.99873346
0,0.0010016136
0,2.0421023e-05
1,0.9992459
0,5.189235e-05
0,5.785377e-07
0,9.812038e-06
0,0.00019786152
0,2.1796324e-05
0,1.6091539e-05
1,0.9999227
1,0.99997574
0,5.2134755e-08
0,4.9347727e-06
0,0.00045480358
0,9.871271e-06
0,1.4451911e-05
0,4.113521e-06
1,0.99707377
0,3.9056053e-05
0,2.3322145e-06
0,6.4164483e-06
1,0.9998245
1,0.99951184
0,2.1045548e-06
0,2.6301734e-06
1,0.99986863
0,3.069243e-06
0,4.405172e-07
0,1.9309539e-06
1,0.9997149
1,0.9992662
0,0.00026666213
1,0.99815696
0,9.373707e-07
0,1.4926321e-05
1,0.9999435
1,0.9999727
0,1.1346706e-05
0,2.2554441e-07
0,3.9943375e-06
0,6.9666735e-06
0,0.0001746494
0,0.00036626644
1,0.9996259
0,2.1266674e-06
1,0.99968237
0,4.3903683e-06
1,0.99955314
0,0.00012359535
0,0.00029096034
0,0.00095702725
1,0.9999651
1,0.99995863
1,0.99999577
0,1.9609524e-05
1,0.99985445
1,0.9997599
0,1.0163697e-05
0,1.1445844e-05
0,5.4045347e-05
0,9.351676e-06
0,4.2434647e-05
0,1.510805e-06
0,0.0015663645
1,0.99915576
1,0.999861
1,0.99997854
0,1.1771841e-07
0,6.461839e-05
0,0.00018662377
0,3.6378028e-06
0,0.00011943253
1,0.99694645
0,1.14131335e-05
0,0.00014753695
1,0.99450004
1,0.9994169
0,2.6388086e-06
0,2.5269926e-06
1,0.99988794
1,0.9981917
0,0.0005483764
1,0.99986947
1,0.99998003
1,0.9997583
1,0.9999071
1,0.9997833
1,0.9998408
1,0.9999838
1,0.9999709
1,0.99993753
1,0.99901795
1,0.99991286
1,0.99962157
1,0.9999811
0,6.895044e-08
0,4.646354e-05
0,0.0016016015
0,0.0013389119
0,2.0214816e-07
0,1.3520936e-06
0,7.580956e-05
1,0.9999766
0,0.00056866964
0,0.00025457135
0,5.1916186e-06
1,0.9999729
0,7.324206e-05
0,4.3542213e-06
1,0.9999655
1,0.99900985
0,7.625965e-06
0,3.4566874e-05
0,0.0005351372
0,0.00030529304
1,0.9993406
0,0.00029467602
1,0.9999488
0,2.2282074e-06
0,9.100901e-07
0,6.6804855e-06
0,9.071577e-06
0,6.6380235e-05
0,1.177919e-06
1,0.9999652
0,1.5077651e-06
1,0.99926466
1,0.99940413
1,0.99953437
1,0.9987324
1,0.99996644
1,0.9999234
1,0.99980295
1,0.99991286
1,0.9999683
1,0.9999178
1,0.9998556
1,0.99994624
1,0.9998238
1,0.9996011
1,0.9999637
1,0.9999609
1,0.9999806
1,0.9999034
1,0.9999502
1,0.9998127
1,0.9999052
1,0.9997481
1,0.9999654
1,0.99984026
1,0.99994034
1,0.9998192
1,0.999789
1,0.9999888
0,8.6603904e-08
0,3.2931018e-06
1,0.99909186
0,4.9570615e-05
0,6.0793333e-05
0,2.1675143e-05
1,0.99027485
0,2.1826027e-05
0,3.4068064e-05
1,0.9999255
0,1.1493941e-05
0,0.0005584251
0,0.00052467256
0,0.0025753193
1,0.9998366
0,1.36369235e-05
0,0.0018126398
0,0.0017878686
0,1.0538826e-05
0,0.0013889365
0,0.0005912717
1,0.98381907
1,0.9989542
1,0.99075145
1,0.9929166
1,0.9971586
1,0.9970675
1,0.9998213
0,0.00032266378
0,0.00010791961
0,1.0806621e-07
0,8.96413e-06
0,1.3109126e-07
1,0.99844223
0,8.554556e-06
0,4.5450256e-06
0,8.633623e-06
0,4.9036982e-05
0,1.2883867e-06
0,6.635701e-05
0,7.996742e-07
1,0.99954736
1,0.99977994
1,0.9994709
1,0.9989203
1,0.99967796
1,0.9998104
0,0.65149295
1,0.99995804
1,0.9988295
0,7.884804e-05
1,0.9999946
1,0.99985194
1,0.99979085
0,0.004827808
0,5.022575e-05
0,1.7252562e-08
0,8.08192e-06
1,0.9995042
1,0.9999497
1,0.99847615
1,0.9948301
0,9.135322e-05
1,0.99981374
1,0.99999285
1,0.9999963
1,0.9999847
1,0.99997234
1,0.9995681
0,8.500759e-08
0,2.1274668e-06
0,7.329678e-08
0,1.0100138e-07
1,0.99996537
1,0.99998635
1,0.99962103
1,0.99996734
1,0.99996376
1,0.99572676
1,0.99572676
1,0.99997604
1,0.9999832
0,2.125604e-07
0,0.006935399
0,0.596604
1,0.596604
0,0.00014905052
0,9.6808995e-05
0,2.2876704e-06
1,0.9999953
0,3.8190433e-06
1,0.9997931
1,0.9999319
1,0.99997795
0,8.521532e-06
0,7.136897e-05
1,0.9999827
0,2.249619e-06
1,0.9999564
1,0.999129
1,0.9997812
0,0.00021691166
0,8.920232e-05
0,4.788789e-05
1,0.99706185
0,3.4081113e-06
0,4.0674827e-06
0,2.7923277e-06
1,0.9986555
1,0.99941254
0,0.00051914033
0,2.7290553e-05
0,2.0049388e-06
0,0.00056048174
0,2.4021108e-06
0,0.00037851217
0,1.0939959e-05
0,4.9189704e-05
1,0.99982214
1,0.9994664
1,0.99973357
1,0.9995777
1,0.99914926
0,1.0110159e-05
0,1.1855446e-05
0,0.00012785532
0,0.000702301
0,0.0001482159
0,0.00013789807
1,0.99982584
1,0.99995446
0,2.8336119e-05
0,0.00037718244
0,0.00020695239
0,9.765188e-05
1,0.99984336
0,3.2534077e-05
1,0.99889815
1,0.99910206
0,0.00012285192
1,0.99978787
1,0.99961835
1,0.9988503
1,0.9998626
0,0.00011218007
0,9.5179485e-06
0,5.5525976e-05
0,0.0022102913
0,0.00012027518
1,0.9964058
1,0.9915687
0,8.186186e-05
0,9.533138e-06
0,0.0002066633
1,0.9996468
0,0.00015111512
0,5.8663554e-05
1,0.99991137
0,3.352564e-05
0,0.0001549781
0,0.0012813996
0,2.8086029e-06
0,1.3397702e-06
0,1.248133e-06
1,0.9999799
0,1.7897306e-05
0,0.00015467589
0,3.0797062e-05
1,0.9997601
1,0.999756
1,0.99995315
1,0.9997176
1,0.9999572
0,9.9263125e-05
0,6.937078e-06
0,1.0260269e-07
0,2.7291915e-07
0,3.161145e-07
0,6.919443e-07
0,2.7747994e-06
1,0.99974257
1,0.9998966
1,0.9998966
1,0.99982375
1,0.9996569
1,0.99961436
0,1.685834e-05
0,0.004412953
0,9.2053226e-05
0,0.000118453725
1,0.99764854
0,0.0020819183
0,0.00033597017
1,0.9997184
1,0.9999467
0,1.5148109e-08
0,9.36237e-05
0,9.708161e-05
0,2.7733262e-05
1,0.9994774
1,0.9994774
0,0.00026420684
0,8.418528e-06
0,4.056949e-06
1,0.99977344
1,0.9999356
1,0.9998656
0,3.485615e-05
0,7.162833e-05
1,0.999906
0,1.6147873e-06
0,0.00011750692
0,4.3000555e-06
0,1.7505629e-06
0,1.956822e-06
0,8.732725e-07
0,1.062494e-06
0,2.870062e-06
0,0.00023399167
0,1.2244338e-07
0,1.5323842e-05
0,2.2808454e-06
0,3.587888e-05
0,1.7151086e-06
0,1.5557109e-05
1,0.99978346
0,3.2631175e-07
0,3.0038084e-06
0,3.5157266e-06
0,4.3806222e-07
0,0.00018753386
0,4.8798443e-06
0,1.8676151e-06
0,2.1473306e-06
1,0.9952251
1,0.9998465
1,0.9983191
0,1.2480741e-05
1,0.99991196
1,0.9991529
0,7.237476e-07
1,0.9996397
1,0.94241434
1,0.99909854
1,0.9999806
1,0.99843985
1,0.99820775
0,6.6887987e-06
1,0.99972624
1,0.99877906
0,1.4704282e-06
0,2.7511962e-05
0,7.4808173e-07
1,0.999477
1,0.99985015
0,0.00036519187
1,0.9999443
1,0.99998194
0,0.00010318404
0,2.9213952e-05
0,2.516823e-05
0,1.7996059e-05
1,0.99837095
1,0.99933577
1,0.9997157
1,0.9998141
0,0.00023942102
1,0.9996027
1,0.9999794
1,0.996472
1,0.99968475
1,0.9999977
1,0.9999966
1,0.9999944
1,0.9999945
0,0.00014077162
0,2.6959811e-05
0,3.8328184e-05
0,1.5580732e-05
0,0.006857783
1,0.9997866
1,0.99111474
0,2.317415e-05
0,0.002376907
0,0.00058694935
0,0.00036311903
0,0.001565072
0,8.749724e-06
0,0.00089121115
0,0.00028066256
0,8.8048347e-07
0,0.0001067534
0,0.00018803358
1,0.9998645
0,7.6758134e-08
0,1.2499192e-05
1,0.99975306
1,0.99998885
0,3.348956e-07
0,0.00029465917
0,2.8436452e-06
0,2.622229e-06
0,1.3920864e-05
1,0.9999195
1,0.9987876
0,1.4973148e-07
1,0.9969267
0,1.3564642e-06
1,0.9986553
0,0.00021171471
0,0.0001437747
0,0.00013923892
0,0.00065230415
1,0.99993443
1,0.9993739
1,0.999853
1,0.9996194
1,0.99926525
1,0.99976027
1,0.99887544
0,2.2232378e-05
1,0.9936699
1,0.9975995
1,0.9999171
1,0.99354625
0,6.588334e-06
1,0.99845433
0,5.6723165e-06
0,1.13394535e-07
0,0.00061942654
1,0.99981797
1,0.9999588
1,0.99920136
1,0.99992317
1,0.9998114
0,0.00042413737
1,0.9997044
1,0.9999777
1,0.9938372
1,0.99954754
1,0.9997266
1,0.999485
1,0.9999931
0,1.7311553e-06
0,1.5291698e-05
1,0.99985933
0,7.144647e-05
0,3.617859e-05
0,3.332924e-06
0,3.11624e-07
0,3.46475e-05
1,0.9997157
0,9.780364e-07
0,2.6521355e-05
1,0.99984217
1,0.99970657
1,0.99971604
0,2.525765e-05
0,2.1565907e-05
1,0.9997625
1,0.9999934
1,0.9999605
0,0.0009425033
1,0.9997137
0,3.2580156e-05
0,6.9857884e-07
0,0.00016117502
1,0.99992704
1,0.9998494
1,0.9999008
1,0.99998397
1,0.9997303
1,0.99985355
1,0.99988216
1,0.9992715
1,0.9999775
1,0.9995197
1,0.9999688
1,0.99994946
1,0.9999455
1,0.9999202
0,2.1104854e-05
1,0.9996032
0,0.00098936
1,0.9986867
1,0.99992406
1,0.99946535
0,8.870009e-06
0,0.00024904535
0,5.835578e-05
0,5.5141604e-06
1,0.9998348
0,0.0005527331
1,0.99883336
0,5.7475986e-06
1,0.99990433
1,0.9998105
1,0.9999225
1,0.9999848
1,0.9998951
1,0.99974495
1,0.9999418
1,0.99965227
1,0.9999635
1,0.9999604
1,0.9999466
1,0.99999416
1,0.9999955
0,3.2448374e-06
1,0.9974437
0,5.2340503e-08
0,0.00057579426
1,0.99979335
1,0.999382
0,7.484635e-07
0,8.3315444e-07
0,5.0063547e-05
0,0.1093787
1,0.9998724
1,0.9999872
0,4.294142e-05
1,0.9998944
1,0.99961543
1,0.9998435
0,0.0041786446
0,1.7710291e-06
1,0.9997082
0,3.0348827e-05
1,0.9951433
0,0.0001962152
1,0.9996038
1,0.99937665
0,9.877392e-05
1,0.9998151
1,0.9999669
0,6.28679e-06
1,0.99995345
1,0.99997085
1,0.99982107
1,0.9999203
1,0.9999843
1,0.9999059
1,0.9983879
1,0.99873865
0,0.0012211099
0,0.0008384921
1,0.99998325
0,1.426703e-06
1,0.99995095
0,2.1414193e-07
1,0.9995219
1,0.9999748
0,7.720697e-05
0,0.000202157
0,0.000120497876
0,1.0206203e-07
0,0.00038827874
0,8.6137334e-07
0,7.222231e-07
0,0.0006838711
1,0.99958456
0,2.532126e-06
0,3.0703217e-05
0,1.1123899e-06
0,0.001964396
1,0.99968547
1,0.9999957
1,0.9999957
1,0.9999957
1,0.99999404
1,0.9999534
0,0.0003326037
1,0.9967539
1,0.9998308
0,6.77479e-07
1,0.9999927
1,0.9999971
0,1.7951508e-05
0,6.4480076e-07
0,7.9991696e-05
1,0.9999767
1,0.9999767
1,0.9999869
1,0.99998504
1,0.9999897
0,4.4442424e-07
0,7.850391e-07
0,8.3807055e-07
0,5.3277257e-05
1,0.99973905
0,8.928551e-06
0,4.1751343e-07
0,1.9506565e-06
0,8.8403585e-06
1,0.9994538
1,0.9997683
1,0.9999632
1,0.99963176
0,0.0002461594
0,8.061026e-05
1,0.9998129
1,0.99987894
0,3.0919542e-05
0,1.7481056e-05
0,3.2571645e-06
0,2.112749e-05
0,0.00022691114
1,0.9974306
1,0.99999017
1,0.9995607
1,0.9998428
0,4.65527e-08
0,1.186155e-08
1,0.99991757
1,0.9998117
1,0.99989504
1,0.9997221
1,0.99412
1,0.99960107
0,1.760165e-05
0,5.142686e-05
0,2.8694498e-05
0,5.0910444e-06
1,0.9990486
0,6.001681e-08
1,0.9999874
1,0.99925655
0,8.650573e-07
0,4.6182413e-06
0,1.0407795e-05
0,3.734495e-07
1,0.99995834
1,0.9999807
1,0.999617
0,2.7291134e-07
0,4.604362e-06
0,4.9656983e-06
1,0.9998377
0,3.081181e-05
0,3.8429704e-07
0,9.3460534e-07
1,0.9991525
0,1.368882e-05
1,0.99930763
1,0.9998854
1,0.9994944
0,0.0003347337
1,0.99974597
1,0.99999374
1,0.9999779
1,0.9999925
1,0.9994671
1,0.99930155
1,0.99894816
0,2.7044011e-06
0,5.7447764e-06
0,3.5641465e-06
1,0.99928564
0,0.00029923866
1,0.9998593
1,0.99903595
0,1.6535347e-05
0,2.20693e-06
0,2.8089485e-07
0,9.2534465e-05
1,0.9995411
1,0.99989396
0,3.001051e-08
0,4.2667367e-08
1,0.9989344
1,0.99960804
1,0.9995928
0,1.9844519e-07
1,0.99572504
0,3.5584028e-05
1,0.9994976
0,3.7446839e-07
0,1.5229001e-05
0,2.7872193e-06
0,6.6501256e-05
0,0.00024428754
0,0.0009822297
1,0.99978733
1,0.9997983
1,0.9999337
1,0.99981844
1,0.9999317
0,1.8275008e-05
0,1.15867714e-07
0,3.0386682e-06
0,0.0006145423
0,7.719851e-07
0,1.1782504e-06
0,0.00026141826
0,0.00022084458
1,0.9999209
1,0.9999852
1,0.9960022
1,0.9999847
1,0.9993359
1,0.9997939
0,4.6592228e-07
1,0.99980325
0,8.4674175e-06
0,2.7840076e-07
0,0.021751529
0,0.000107373
0,0.00013408819
1,0.9999468
1,0.99991715
0,2.9159897e-05
1,0.9992942
0,7.436946e-06
1,0.99999624
1,0.9999935
1,0.99999434
1,0.9991024
1,0.9999942
0,9.913637e-07
1,0.9998569
1,0.9998518
0,0.0008075728
0,6.472391e-05
0,1.2883106e-06
1,0.9999919
1,0.99966216
0,2.0660356e-05
0,5.715791e-06
0,3.045761e-05
1,0.99748266
1,0.9994056
0,0.0011049659
1,0.9999372
1,0.9995816
0,8.885509e-05
0,0.00029977065
1,0.9999761
1,0.9964923
1,0.9967381
0,1.79582e-07
1,0.9998778
0,1.003999e-05
0,2.945199e-07
1,0.9999887
1,0.99784356
1,0.9935977
0,4.917512e-05
0,1.5567399e-07
1,0.00064119033
1,0.9999899
1,0.99991786
0,7.0387387e-07
0,1.0839142e-05
0,1.4374193e-07
0,1.0876409e-05
1,0.997817
1,0.99979043
1,0.9999321
1,0.999977
1,0.9973935
1,0.9982331
0,9.612599e-06
0,0.00037922367
0,3.2354532e-05
1,0.9990531
1,0.9998118
1,0.99971956
0,0.00010200498
0,0.00015813136
0,1.2823327e-05
0,4.7112948e-08
1,0.99997425
0,7.87035e-08
0,0.0002833644
1,0.99994236
1,0.99991757
1,0.99991757
0,3.5777755e-06
0,1.8802001e-07
0,0.0003461201
1,0.99988174
1,0.9999967
1,0.9999416
0,0.0008742385
1,0.99989706
1,0.9999655
1,0.99999416
1,0.9997975
1,0.9999285
1,0.99939215
0,0.00065890345
0,4.1658794e-05
0,6.8572854e-07
0,1.1398439e-05
0,1.1815248e-06
0,4.1536277e-06
1,0.99961245
0,2.0183057e-05
0,6.1174433e-06
0,3.68468e-05
0,5.244177e-06
0,0.00020757488
1,0.999771
1,0.9999901
1,0.99992883
1,0.99994
1,0.997195
1,0.9998739
0,0.0023996297
0,5.850467e-05
0,2.3337714e-07
0,7.640867e-06
1,0.99785507
0,0.0011858485
0,0.00046433343
0,0.0001612608
1,0.99915123
1,0.9956138
1,0.99910104
0,9.900827e-06
1,0.9999482
1,0.99609995
0,4.249537e-06
0,0.00048952835
1,0.9995651
0,1.6234466e-06
1,0.99977386
0,0.00013644411
0,4.1453866e-05
0,6.842821e-05
1,0.99978286
1,0.99838847
1,0.9958768
1,0.99896026
0,0.00046889271
1,0.999718
0,2.128795e-05
1,0.99916387
1,0.9999208
0,7.3237595e-07
1,0.9999336
1,0.9998309
0,0.00014320592
1,0.99993265
0,0.00027765371
0,4.094466e-07
1,0.99983156
0,2.9484047e-06
0,0.00011558799
0,3.5695e-05
0,0.0014443062
0,3.4075376e-05
0,2.5714224e-05
0,0.00014729658
0,4.389877e-07
0,8.655088e-05
0,0.00020229873
0,1.1686359e-05
0,3.148972e-05
0,4.3955756e-06
1,0.9999622
0,4.8566893e-05
0,1.0484253e-05
0,2.8472641e-05
0,1.733209e-05
0,1.2727396e-05
0,0.0001440832
0,1.8864244e-05
0,1.2766905e-05
1,0.9998451
1,0.9999802
1,0.99999416
1,0.99999416
1,0.99999416
1,0.99999416
1,0.99999416
1,0.99999416
1,0.999317
0,5.9009913e-06
0,1.0077094e-05
1,0.9996627
1,0.9998979
1,0.9997215
0,0.00036349014
0,0.0013174961
1,0.9999409
0,1.4723718e-06
0,1.0366399e-05
0,3.5090568e-07
0,0.00039101165
0,9.560053e-05
0,1.4183407e-06
0,6.196901e-05
1,0.99791837
0,2.5342256e-06
0,4.031846e-05
1,0.99985665
0,2.211865e-06
0,9.853503e-06
1,0.9998367
1,0.999812
1,0.9999133
0,5.60712e-06
1,0.9999966
1,0.9984338
0,3.5143015e-07
0,1.5049795e-06
0,3.2937725e-05
1,0.99996185
1,0.9994963
0,1.3133957e-06
0,7.358319e-06
0,6.6620334e-05
1,0.99995387
1,0.9995391
0,1.6083156e-06
1,0.9966197
1,0.9999534
1,0.9998878
0,1.61631e-05
1,0.9976832
0,8.7550325e-06
0,1.192541e-05
0,6.160241e-05
0,1.7091348e-05
0,3.251609e-06
0,1.6759822e-06
1,0.99997175
0,5.865628e-06
1,0.9963084
1,0.9999555
1,0.9993758
1,0.99950737
1,0.99609274
1,0.9997695
1,0.9994113
1,0.99288714
1,0.99686587
1,0.97306997
0,0.0013595348
0,0.004645132
1,0.9999936
1,0.9997403
1,0.99989945
0,1.5078995e-05
1,0.99819803
1,0.9958779
1,0.99291176
1,0.9965175
1,0.9999847
0,1.2241668e-05
1,0.9984933
1,0.99992704
1,0.9991978
0,3.9596805e-05
0,6.0405154e-07
0,0.00025305597
0,8.536274e-07
0,1.6986613e-06
0,3.2945428e-07
0,1.4900606e-05
1,0.99986327
0,3.2882206e-05
0,0.0007607725
0,3.1400985e-05
1,0.9981695
0,7.874515e-06
0,0.00021658679
0,0.00010854141
0,2.9426286e-05
0,4.7303706e-07
0,0.00018494322
0,0.0032544625
1,0.99995774
1,0.99985445
1,0.99981594
1,0.9999561
1,0.9999562
1,0.9999841
1,0.99998057
1,0.9999918
1,0.9987655
1,0.9983536
0,6.41183e-06
1,0.9999451
1,0.99998677
1,0.999982
0,0.0004363768
1,0.999428
0,2.3290384e-06
0,1.4794446e-06
0,0.00076386315
0,1.2274845e-05
1,0.9994754
0,1.083017e-06
0,0.00024473283
0,0.0001403129
0,8.897999e-05
1,0.99993086
0,7.4637217e-07
0,2.936084e-06
0,6.34725e-06
0,4.086098e-05
0,6.0049833e-06
1,0.99938214
0,7.7721255e-05
1,0.9996508
1,0.99990404
1,0.999984
1,0.99997795
1,0.9999622
1,0.9999748
1,0.9999763
1,0.9999803
1,0.9999853
1,0.99994445
1,0.9997661
1,0.9996409
1,0.9998539
1,0.9999759
1,0.9999762
1,0.9999106
1,0.9998845
1,0.99998116
1,0.99979705
1,0.99970055
1,0.999448
1,0.9989217
1,0.9990657
1,0.99955726
1,0.9998427
1,0.9993386
1,0.9999854
1,0.9999519
1,0.9999733
1,0.99989665
1,0.99983186
1,0.99998856
1,0.9989699
1,0.99993914
1,0.9999779
0,0.00012637513
0,4.2976528e-05
1,0.999714
0,0.0005616074
1,0.99245286
0,0.00031937286
0,0.00015612626
0,3.8636816e-07
0,1.2733308e-05
1,0.9997844
1,0.9998229
1,0.99977726
0,5.5143727e-07
0,2.3557373e-06
1,0.99693334
1,0.9998873
0,0.00025874618
0,7.3137846e-05
0,3.4513614e-06
0,8.125206e-06
0,6.0016628e-05
1,0.89260596
1,0.9960008
1,0.99958754
1,0.99997735
0,3.5771648e-06
0,1.8053244e-07
0,3.2863315e-06
0,1.1858997e-05
1,0.99870163
1,0.99998903
0,5.271622e-07
0,1.8227627e-05
1,0.99951494
1,0.99995154
1,0.999897
0,2.9553607e-06
0,4.747779e-05
1,0.99991673
1,0.9999575
0,7.912652e-06
1,0.9992077
0,2.7832086e-06
0,4.8771522e-05
0,1.96837e-05
0,3.926931e-05
0,0.00032025648
0,5.187637e-05
0,2.5091304e-05
0,3.480019e-05
0,5.2886975e-05
0,1.6723943e-05
0,6.520825e-05
0,4.2873537e-05
0,4.3640135e-05
0,7.625281e-06
1,0.9940872
1,0.9976905
1,0.9998555
1,0.99985725
1,0.9934953
1,0.9999761
1,0.9999267
1,0.9977647
1,0.99995214
0,0.0004062527
0,0.0010849445
0,8.544381e-05
1,0.9997736
0,2.1638649e-05
0,9.987372e-05
1,0.9993302
0,6.3998976e-07
0,8.935471e-05
0,0.00012988992
1,0.9999556
1,0.9985536
0,0.00015596837
0,5.8061382e-06
0,1.6037733e-05
1,0.9999611
1,0.99992996
1,0.99999577
1,0.99999577
1,0.9999954
1,0.9999954
1,0.999992
1,0.999992
0,1.5601445e-05
1,0.9999268
1,0.9999686
1,0.999989
1,0.9998289
0,3.0477311e-05
0,2.9702302e-05
0,5.263005e-06
1,0.99999404
1,0.99999404
0,1.0881868e-07
0,2.7199667e-08
1,0.99999475
1,0.99999565
1,0.99999475
1,0.99999565
0,2.2948618e-06
0,4.3125227e-05
1,0.9999759
1,0.9998738
1,0.9880303
1,0.9999229
1,0.9994704
0,3.444893e-06
0,2.7625802e-05
0,1.822589e-07
0,0.004942653
0,2.3868674e-07
0,1.0608969e-05
0,5.791709e-07
1,0.9988511
0,1.884708e-07
0,1.6494527e-05
0,0.0018129296
0,0.000106196705
0,0.0001760018
0,0.00036635343
0,1.9115498e-05
0,1.8221945e-05
0,0.00018721816
0,0.0004839879
1,0.9997289
1,0.9941993
1,0.99975824
1,0.9998965
1,0.9961651
1,0.99960035
1,0.9995141
0,5.7597636e-06
1,0.9997267
0,8.955629e-05
1,0.9999851
1,0.9976959
0,6.027294e-05
0,3.477558e-07
1,0.9994735
1,0.9994439
0,2.2186461e-05
0,6.6314756e-06
0,7.914975e-05
0,6.675078e-07
0,0.005908963
0,2.3095743e-06
1,0.99990696
1,0.9998855
1,0.99981743
0,6.118633e-05
1,0.99954784
1,0.9998912
1,0.9889611
1,0.9999065
1,0.99726117
1,0.9998026
0,6.581988e-05
1,0.9999613
1,0.9999794
0,5.0751833e-08
1,0.9993636
1,0.98824453
1,0.9997389
1,0.99999475
1,0.9999956
1,0.9999949
1,0.9999949
1,0.9999966
1,0.9999953
1,0.9999951
0,1.5972688e-06
0,3.6981887e-06
0,5.6896365e-06
1,0.9999642
0,3.9262795e-05
1,0.99991506
0,1.3030457e-05
0,4.031244e-06
0,0.00010366324
0,3.0978743e-05
1,0.99997276
1,0.9999868
0,5.9822058e-05
0,9.359384e-06
0,1.3336775e-07
1,0.9999206
0,5.9500668e-05
1,0.9991707
1,0.99996203
0,0.00014009552
0,1.2647069e-05
0,1.884398e-05
0,3.1051386e-05
1,0.9998125
1,0.99998546
1,0.9991078
0,2.8753257e-05
0,1.3905748e-06
1,0.9997521
0,3.9984624e-07
0,4.4243667e-08
0,0.00017902012
0,0.005726893
0,0.00049378007
1,0.9979202
1,0.99937886
0,4.7255458e-06
0,1.12026754e-07
0,5.4539682e-06
1,0.9999924
1,0.99997926
1,0.9999961
1,0.99998754
0,2.5654793e-07
1,0.99899983
0,0.00032584785
1,0.9999735
0,5.036673e-07
0,2.8884895e-06
1,0.99998724
0,6.0710126e-06
0,5.7755486e-05
0,3.4523222e-05
0,0.00011772696
0,3.5985775e-06
0,1.869155e-07
1,0.9999911
0,3.804122e-07
0,1.5090559e-05
0,2.6289747e-06
0,0.0001897433
0,0.0016686677
0,9.882364e-07
0,1.0686405e-07
0,1.0384259e-06
1,0.9998767
0,2.0932652e-05
0,6.371306e-07
1,0.99989027
1,0.9999916
1,0.9997526
1,0.99996656
0,1.7427396e-07
0,7.5755715e-08
1,0.9994282
1,0.9999587
0,5.796489e-07
0,2.041714e-06
0,4.699072e-06
0,8.4873545e-06
0,0.0050096856
1,0.99985963
1,0.99957085
0,7.035946e-05
1,0.9999787
1,0.9994488
1,0.99963754
0,0.0007104219
0,9.376789e-05
0,0.00029533022
0,1.35558175e-05
0,2.058075e-05
1,0.9999547
0,0.00027588656
0,3.6146135e-05
1,0.99999404
1,0.9999761
1,0.9997102
1,0.9999779
0,0.00021026545
1,0.9997906
0,9.595133e-05
0,6.49298e-07
1,0.9993482
0,0.00028881867
0,6.6997604e-06
0,9.636901e-05
1,0.99995434
0,2.1045105e-06
1,0.9998864
0,2.6866053e-07
1,0.9996661
1,0.9998748
0,0.00012419895
0,6.203233e-06
0,3.5473903e-08
0,1.2904742e-07
1,0.9999532
0,0.0014143977
1,0.99491304
0,2.5121736e-07
0,4.4744247e-06
0,6.0406514e-06
0,4.0491428e-05
1,0.9992547
1,0.99986213
1,0.99931985
1,0.99975944
1,0.99995697
0,0.00016590681
1,0.9991721
1,0.99994266
0,3.0003073e-07
0,2.0890473e-06
0,2.809098e-05
0,3.824646e-06
1,0.99999464
1,0.99973226
0,1.1480171e-05
0,9.911124e-05
1,0.9985721
0,5.2191454e-06
1,0.999926
0,2.8822158e-06
1,0.99996436
0,2.957951e-05
1,0.99994314
1,0.99991816
1,0.9995854
0,1.5126865e-07
1,0.9979186
0,1.6504566e-05
0,4.7466743e-05
0,2.080062e-05
0,8.915763e-07
0,8.914845e-07
0,1.5149111e-06
1,0.9987273
0,2.005204e-05
1,0.9998538
1,0.99990135
0,4.4945224e-05
0,2.8001198e-06
0,4.3571774e-07
1,0.9993567
0,6.2553927e-06
0,1.7015878e-06
1,0.9999935
1,0.9976928
0,0.0014242682
1,0.9992417
0,5.92602e-07
0,9.963264e-07
0,1.3876192e-06
1,0.99996877
1,0.9970452
0,1.2798897e-07
0,0.0008164202
1,0.999983
1,0.9999589
1,0.9999824
1,0.9999803
0,4.3917178e-05
0,4.3917178e-05
1,0.99995273
1,0.9995671
0,9.348728e-07
0,2.7678729e-05
0,0.00018164088
0,6.0479897e-06
1,0.99999243
0,5.2799532e-08
0,4.9197356e-06
0,0.0012230638
1,0.9999816
0,1.1695725e-05
1,0.99995434
0,1.7942996e-06
1,0.99997866
0,2.0631298e-07
0,7.471107e-07
1,0.9924114
1,0.9999909
1,0.9999716
1,0.9999885
1,0.9999751
1,0.99999255
0,0.00077173696
1,0.9998624
1,0.9998922
1,0.9998922
0,3.213306e-07
0,4.943735e-05
1,0.99949
1,0.99998784
0,6.5095276e-07
0,1.1722518e-06
0,5.75206e-07
0,1.8122447e-06
1,0.99992466
0,0.00017772058
1,0.99978715
1,0.9999839
1,0.9970324
1,0.98733556
0,1.1251333e-05
0,8.860363e-06
1,0.9999494
0,0.00015229855
1,0.9999366
0,0.00037569692
1,0.9996584
0,6.864548e-07
0,5.780729e-06
0,0.0001319735
0,0.19133595
1,0.99995345
1,0.99999124
0,3.1916e-05
1,0.9996381
1,0.99997765
0,0.00028491425
0,0.002371393
0,4.378591e-05
0,3.1465333e-07
0,2.0117912e-05
1,0.9999855
1,0.9999855
1,0.9999855
0,0.00025607942
0,0.00010314007
0,0.00020555865
1,0.99988765
0,3.4364082e-05
0,2.1177635e-05
0,2.9261864e-07
1,0.9996873
1,0.9975909
1,0.99913245
1,0.9991671
1,0.9999866
1,0.99584997
0,0.0015139704
1,0.9955337
0,0.00017391404
1,0.99975395
0,3.1709073e-06
0,1.9917356e-06
1,0.9999109
1,0.9999855
1,0.9998161
1,0.99366885
1,0.9999968
0,5.202683e-07
0,3.8586e-05
0,0.00014477578
0,1.3298218e-05
1,0.9998534
0,5.703793e-05
1,0.99999297
0,0.00020504932
0,0.0005838369
0,0.00038042493
0,0.00010814398
0,4.7997983e-05
0,2.4151582e-06
0,0.0002952365
0,2.1266655e-06
0,0.0022544533
0,0.09526613
1,0.9999388
1,0.99999493
1,0.9999966
1,0.9999966
1,0.99999416
1,0.9999965
1,0.9999965
0,7.1192915e-08
1,0.9985748
1,0.999209
0,1.2186201e-05
0,1.9910329e-05
1,0.9999904
1,0.9999959
0,3.0183842e-06
1,0.9995457
1,0.99819225
1,0.9995922
1,0.999791
0,0.00090870954
0,1.5288926e-07
0,6.345023e-06
0,1.0823768e-06
0,8.086299e-07
0,8.593885e-07
0,1.3652279e-07
0,1.3617741e-05
0,3.925538e-05
1,0.99998105
1,0.9999815
1,0.9999815
0,0.0015865458
1,0.99980557
1,0.99977463
0,1.1275199e-06
0,4.9098458e-06
0,1.7589671e-06
0,2.9038905e-05
0,2.508415e-05
0,1.924481e-06
1,0.9999893
0,3.9877603e-05
1,0.9999835
0,3.5239234e-06
1,0.99984753
1,0.9999331
1,0.99997205
1,0.9999626
1,0.99995375
1,0.9999777
1,0.9994807
0,0.00033597308
0,2.4440021e-06
1,0.99036646
1,0.99521196
1,0.9995741
0,9.5333835e-06
0,2.0763084e-05
0,3.260492e-05
0,0.0002791018
0,0.0002223008
0,0.00028179563
0,2.7998954e-06
0,6.1731623e-07
1,0.99959373
0,1.0863295e-05
0,7.3071345e-07
1,0.997821
0,2.735528e-05
0,7.9324144e-07
0,1.3685481e-07
1,0.97918344
1,0.99892586
1,0.99847895
1,0.99978304
1,0.99856806
1,0.9997376
1,0.9999414
1,0.99971974
0,1.646933e-05
0,4.4055682e-06
0,2.2889451e-05
0,4.4328815e-05
0,8.3218234e-05
0,0.00017264494
1,0.9999887
0,0.00013798672
1,0.9999938
0,0.00013016618
0,5.7337584e-06
0,2.1328104e-05
1,0.9976607
0,3.4199883e-07
1,0.99959815
1,0.99887764
0,0.0032377339
0,0.00012474564
1,0.9990659
1,0.99894965
0,0.00066885224
0,0.001279703
0,2.6272191e-05
0,9.739836e-05
0,1.507617e-06
1,0.99937195
1,0.99548894
1,0.9994876
1,0.999997
1,0.9997112
1,0.99970263
1,0.99983484
1,0.99884516
1,0.9999161
0,0.00033927092
1,0.9933487
1,0.9999781
1,0.99999046
1,0.9999024
1,0.9999054
1,0.9999367
1,0.9999428
1,0.99990416
1,0.99996555
1,0.99988484
1,0.99848914
1,0.9999835
1,0.9999731
1,0.99988025
1,0.9998342
1,0.9998521
1,0.99994457
1,0.99984026
1,0.9998493
1,0.9999421
1,0.9997603
1,0.99996555
1,0.99959856
1,0.99998516
0,1.7967122e-06
0,0.00012953937
0,0.001065469
0,3.231623e-05
1,0.99896544
1,0.99468505
1,0.99976254
1,0.9995623
0,5.5732176e-05
1,0.99800956
0,2.1645562e-06
1,0.99871075
1,0.99871075
0,0.0024825318
0,0.00014471314
0,0.0002072051
1,0.99996144
1,0.99999475
1,0.99997455
0,0.0009000075
1,0.9998527
0,1.1023258e-06
0,2.0922193e-06
0,9.3392355e-06
0,1.7521012e-05
0,6.8368007e-07
0,6.5023996e-06
0,2.1102258e-05
0,2.9264843e-06
1,0.9999022
0,6.88287e-07
0,0.00014568855
1,0.99994516
0,8.637509e-05
0,7.888345e-06
1,0.9988005
1,0.9990687
0,3.4867537e-06
0,0.0014652644
0,2.7804626e-07
0,4.0379062e-05
1,0.99919295
0,2.131625e-05
0,1.5221549e-06
1,0.9996414
0,5.234548e-05
0,3.7650484e-06
0,1.009329e-05
0,1.4536855e-06
0,3.754131e-06
0,1.3714044e-06
0,4.484591e-07
0,5.815758e-07
0,5.6023255e-06
0,2.1762114e-06
0,4.022998e-06
0,1.6676263e-06
0,1.9891938e-06
0,0.0001934425
0,2.7648487e-06
1,0.9996582
1,0.99904525
1,0.999702
1,0.9995046
1,0.9994066
0,2.832966e-05
0,9.5210424e-05
1,0.9997282
1,0.9982545
1,0.9937515
1,0.99023455
1,0.99999493
0,6.9988266e-05
1,0.9992107
0,1.92971e-05
1,0.9992599
0,1.0301002e-06
1,0.9999774
0,0.00018273442
1,0.9995166
1,0.9976144
1,0.98871374
0,3.0852912e-05
1,0.99986875
0,0.000109964705
0,0.00032045163
0,0.00060170406
0,3.5355875e-05
0,3.5355875e-05
0,0.00022602947
1,0.9993443
1,0.9993382
1,0.99803996
1,0.99969715
1,0.99993724
0,2.4433749e-07
0,1.8880397e-07
1,0.9977534
1,0.9999629
1,0.99999064
1,0.9959189
1,0.99990547
1,0.9989345
1,0.9995446
1,0.99929875
0,3.6520373e-06
1,0.99934554
1,0.9999866
1,0.99998486
1,0.9988961
0,2.16125e-05
0,0.00041246592
0,1.4775559e-05
1,0.99920154
0,6.1443296e-07
1,0.98799074
0,8.4401756e-05
1,0.99984324
0,1.5602724e-05
0,6.3553034e-07
1,0.9996481
0,1.0636721e-06
0,3.8893264e-05
1,0.9999429
1,0.987536
1,0.9999541
1,0.9995314
1,0.99990124
1,0.9997948
1,0.99992913
1,0.99998367
1,0.99998367
0,1.3781715e-05
1,0.99998873
1,0.999994
0,1.9753523e-05
0,9.254143e-05
0,4.5952465e-06
1,0.9997996
1,0.99950254
1,0.9999454
0,4.1509506e-06
1,0.9995987
1,0.99961543
1,0.9998692
0,5.2077656e-05
0,2.221159e-05
0,9.962266e-07
0,8.1571205e-05
1,0.9990504
1,0.99958515
0,0.0010727011
1,0.99992
0,4.8385637e-06
1,0.9998794
1,0.99995315
1,0.999944
1,0.9960627
0,2.9294186e-05
1,0.99764895
1,0.9999526
1,0.99929756
0,3.507352e-05
1,0.99999696
0,6.650208e-05
0,4.789488e-05
1,0.99968493
0,0.00013110529
1,0.9998455
1,0.9977164
0,1.3493354e-05
0,2.3626079e-07
0,0.000117744814
0,7.3847633e-07
0,1.8002094e-06
1,0.99988675
0,0.00087500474
0,0.0006007296
1,0.99983263
0,0.00030620632
0,2.0033906e-06
1,0.9999905
1,0.99956745
1,0.999971
1,0.9998694
0,0.00030711907
0,4.3229272e-07
0,1.6045733e-05
0,3.2298658e-07
0,1.6221516e-05
1,0.9999292
0,6.4208297e-07
0,0.00015333445
0,6.854106e-05
0,2.9769564e-05
1,0.99961483
0,2.9792332e-06
1,0.9999921
0,2.6181854e-07
0,0.0005305679
0,0.0005305679
1,0.9989829
1,0.9998921
1,0.999846
1,0.9992638
0,0.00025106347
0,0.00012736909
0,0.00011971041
0,6.664619e-05
0,0.0002912634
0,1.4622624e-05
0,3.544649e-05
0,2.3128753e-07
0,3.91484e-06
0,5.5032353e-07
0,1.3553482e-06
0,0.00030790537
0,2.421449e-07
0,0.00010503009
1,0.999237
1,0.99913734
1,0.9959148
0,0.0010316652
1,0.99999183
1,0.99999154
0,4.0863952e-07
1,0.9993328
1,0.9970667
0,0.0028718605
0,4.1579886e-05
0,0.00016139878
0,0.000118462085
0,5.6348566e-05
1,0.9999688
0,5.5993915e-08
1,0.99975395
1,0.99998504
0,5.7769653e-06
0,4.6933274e-05
0,0.00013572848
1,0.9999799
1,0.9998065
0,3.1901363e-05
0,0.0011431798
1,0.99991196
1,0.999215
1,0.9996222
1,0.99877876
1,0.9975823
1,0.9954168
1,0.99534833
0,4.6250334e-06
0,0.02250311
0,0.0010649118
0,0.00010807665
0,7.095843e-06
0,0.00026198916
0,8.0303515e-05
0,0.0012681626
0,3.2485244e-05
0,0.0011010382
1,0.9969711
0,2.661066e-05
0,9.180093e-06
1,0.99599874
0,7.1250834e-06
0,6.728882e-05
1,0.99890757
0,6.0318598e-05
0,0.0006250905
0,1.5000982e-05
0,4.624813e-05
0,1.0198669e-05
0,0.00015929893
0,4.6879487e-07
0,6.8604514e-08
0,1.5897024e-06
0,9.956095e-08
0,7.06301e-05
0,0.0012088738
0,0.0025093025
0,1.8674192e-06
0,1.3079533e-05
0,3.7811395e-05
1,0.99959856
0,7.9176424e-08
1,0.9998994
0,5.342141e-07
0,3.947423e-07
0,3.6746444e-06
0,4.6370325e-05
1,0.9992628
1,0.99994344
1,0.99997455
1,0.9999223
1,0.9999599
1,0.99998915
1,0.999976
1,0.9993094
1,0.9999254
1,0.99996895
1,0.99992067
1,0.9996755
1,0.9999398
1,0.9999224
0,1.21507255e-05
0,1.4141538e-06
0,1.7977543e-06
0,1.4772156e-06
0,1.7877908e-07
0,1.572846e-06
1,0.9999441
1,0.99965703
1,0.9999932
0,5.5724584e-05
0,0.0001562533
1,0.9999191
1,0.9833124
1,0.9985559
0,1.0122546e-06
0,5.2363123e-07
0,7.7589027e-07
0,4.4260345e-05
1,0.9999477
0,1.1191682e-05
0,0.00044018772
0,3.5299104e-06
0,3.3700687e-08
0,2.66033e-05
1,0.9999933
0,5.947166e-07
1,0.9999326
0,0.0004572026
1,0.9999517
1,0.9998958
1,0.9996629
0,2.622338e-05
1,0.9995997
1,0.99999124
1,0.9999796
1,0.9999915
1,0.99999064
1,0.99997985
1,0.99997276
1,0.9999897
1,0.9983028
1,0.99575496
0,3.2578944e-05
0,1.2649512e-06
1,0.99981606
1,0.99998736
1,0.99998915
1,0.9999848
1,0.9988566
1,0.9999256
0,1.4802715e-06
1,0.9971742
0,1.9566876e-06
0,1.7037914e-06
0,0.0011859664
1,0.99999213
1,0.99999434
1,0.9999892
0,0.00044439832
0,2.2060822e-05
0,0.0009850754
0,1.7568212e-06
1,0.99984187
1,0.9999569
1,0.99975574
1,0.9999632
0,3.082509e-05
0,0.0002732239
0,1.2590556e-05
0,0.0007239818
0,3.9013038e-08
1,0.99923223
1,0.99983567
0,2.1377568e-07
1,0.9999573
1,0.9998987
1,0.99996567
1,0.99859256
1,0.99618876
0,2.4161664e-05
1,0.9998144
1,0.9999208
1,0.9996632
0,3.421552e-05
1,0.99996907
0,9.839633e-06
0,4.2218267e-06
0,2.3663156e-06
0,4.6406998e-07
1,0.99985045
0,7.205775e-05
0,4.9393293e-05
1,0.9998966
0,0.00028678818
0,1.1741165e-07
0,2.3763814e-06
0,1.8643958e-06
0,2.5281224e-07
0,1.112313e-07
1,0.9998632
0,5.2748306e-05
0,3.9265885e-08
0,1.1104815e-07
0,4.1012076e-08
1,0.9999457
1,0.9999834
0,2.276149e-07
0,2.843849e-07
1,0.99991596
0,0.000492424
0,0.00070279033
0,0.0015395713
0,3.287142e-05
1,0.99956566
1,0.99974763
0,2.2710896e-05
1,0.99986845
0,2.2497835e-07
0,2.9991918e-07
1,0.99998784
0,2.7477428e-05
1,0.9995166
0,7.41484e-07
0,8.589862e-07
0,1.2096789e-06
0,2.6511734e-07
0,0.00018048212
0,3.158792e-05
0,5.926398e-06
0,0.00018129431
0,1.7498583e-05
1,0.99997944
1,0.99997425
0,1.1865034e-06
0,4.9728833e-08
1,0.9953659
0,7.9363184e-05
0,3.8249192e-07
0,1.2470753e-06
1,0.996629
0,1.8663296e-06
1,0.9998592
1,0.9996779
1,0.9998012
1,0.9999249
1,0.9999493
1,0.9999366
1,0.9992595
0,5.042358e-08
0,0.0009148712
0,0.0004365062
0,0.0075313244
0,4.910895e-06
0,1.4267682e-06
0,9.749438e-07
1,0.99927306
0,0.00041981853
0,0.00013631888
0,4.036241e-06
1,0.9994013
1,0.98728913
1,0.99803793
1,0.9999674
0,7.513614e-05
0,2.1612725e-06
0,6.941379e-06
0,7.4547086e-07
0,9.540346e-07
0,7.3307447e-06
0,8.148974e-06
1,0.9999597
0,2.507463e-07
0,2.4399006e-07
1,0.999877
0,2.4444695e-05
0,1.0621907e-05
0,3.5227462e-08
1,0.9994688
1,0.99723864
0,4.5734505e-05
0,3.654849e-05
1,0.996644
1,0.9945282
0,5.889247e-05
1,0.9994135
1,0.9998105
0,3.2983215e-07
0,8.9871115e-05
1,0.99962026
0,0.001371505
1,0.99994487
1,0.9999271
1,0.9986066
1,0.99996823
1,0.999993
1,0.9999882
1,0.99999124
1,0.999974
1,0.9999942
1,0.9999735
1,0.9999265
1,0.9999954
1,0.9999898
1,0.9999816
1,0.9999255
1,0.99992514
1,0.9999919
1,0.9999768
1,0.9999828
1,0.9999903
1,0.9999904
1,0.9999887
1,0.99998957
1,0.9999703
1,0.9999944
1,0.99866486
1,0.99966913
1,0.9999246
0,5.2253312e-05
1,0.99998254
1,0.99992555
1,0.99998385
0,0.003059591
0,7.6206284e-06
0,2.2350157e-06
0,0.0003535035
0,0.00039807073
0,7.7227156e-07
0,0.0040741386
1,0.994515
1,0.9993394
0,0.5487394
1,0.5487394
1,0.9993394
1,0.9997524
1,0.9993023
1,0.9993023
0,7.5385196e-07
1,0.9998415
1,0.99716413
1,0.9993953
0,8.8188484e-05
1,0.9986336
0,1.6567245e-08
1,0.99982816
0,2.8756052e-05
1,0.9998567
1,0.99978167
0,7.803569e-05
1,0.9995109
1,0.9998989
0,3.7510213e-06
1,0.99619275
0,0.00066340365
0,1.37891175e-05
1,0.9998962
0,2.0629625e-07
1,0.9999499
0,3.8170047e-06
0,0.0017132863
0,1.43954585e-05
1,0.9997661
0,1.6440754e-05
0,2.8398963e-05
1,0.99984497
1,0.9999729
1,0.99984413
0,0.0002466779
0,0.00014377003
0,0.00790376
1,0.9998864
0,0.00352519
1,0.99870646
1,0.9999307
0,7.42047e-05
0,6.481938e-06
1,0.9998688
1,0.99979997
0,4.104596e-08
0,9.823551e-05
0,8.769505e-06
0,7.965855e-06
1,0.9987997
1,0.99346334
1,0.9998613
0,7.649959e-06
1,0.9998209
1,0.9999429
0,6.694589e-05
1,0.9999614
1,0.9990632
0,2.1113535e-06
1,0.9999447
0,4.0661806e-05
0,0.007897019
1,0.99952537
0,1.3094111e-06
0,8.700515e-06
1,0.99980265
0,2.6643718e-05
1,0.99941826
1,0.9995459
0,6.0006954e-05
0,0.00014910795
1,0.9900332
0,0.000500473
0,0.002181349
1,0.9654767
1,0.994348
0,0.0008168696
0,0.5435423
1,0.5435423
0,0.00010893554
1,0.9783792
0,4.6012996e-05
0,8.51734e-06
1,0.999903
1,0.99980664
0,6.343949e-08
0,4.245055e-08
1,0.999969
1,0.999989
0,1.99768e-05
0,0.0071201106
0,0.00085565797
1,0.99998826
0,3.4567963e-06
1,0.9999082
1,0.9998471
1,0.99771965
1,0.999839
0,3.1160194e-08
1,0.9877215
1,0.9940218
1,0.9999773
0,2.9817982e-05
0,1.6951976e-08
0,5.2902156e-05
0,6.4298392e-06
0,6.4002336e-07
0,1.19444845e-08
0,7.978326e-08
0,2.970853e-07
1,0.999984
1,0.9997456
0,0.0022473028
0,7.430052e-08
1,0.99999774
1,0.9999789
1,0.9997537
1,0.99913496
1,0.99983144
0,2.2850476e-05
0,1.6264297e-06
0,0.00092049164
0,1.5946638e-05
0,4.579039e-06
1,0.99944204
1,0.999879
1,0.9998797
1,0.99992865
1,0.9999506
1,0.99988
1,0.9999307
1,0.99990845
1,0.9998548
1,0.9998094
0,4.0506707e-06
1,0.9999949
0,2.0731622e-06
1,0.99997103
0,7.6950215e-07
1,0.99979603
1,0.99979067
0,8.549182e-06
1,0.9999479
1,0.99874514
0,0.00030872045
1,0.9999573
0,0.0002688486
0,0.00020962488
1,0.99937904
0,0.00014719466
0,1.0075998e-06
0,2.047816e-05
0,1.7369848e-05
1,0.999991
0,1.678224e-05
1,0.9996207
1,0.9995418
1,0.9999494
1,0.99994797
1,0.9995833
1,0.9995833
0,0.0032560998
0,0.0009074044
0,3.137321e-05
0,2.9166293e-05
0,5.3376007e-06
0,5.8152373e-06
0,0.0001638208
0,1.2167911e-06
1,0.99999493
1,0.99999493
1,0.99999493
1,0.99999493
1,0.99774456
1,0.9996901
1,0.9992846
0,1.0629984e-05
1,0.9999725
0,1.2471157e-06
0,1.0771164e-05
0,2.6632291e-05
1,0.99989694
1,0.99993384
0,4.025339e-06
1,0.9992184
1,0.99668264
0,6.7213914e-05
0,0.00041409596
0,7.4545096e-07
1,0.9998341
0,2.486994e-07
0,6.0649725e-08
0,3.4729368e-08
1,0.9983981
1,0.9982102
1,0.99992806
1,0.9998714
1,0.99932295
1,0.9997751
1,0.9999815
1,0.9999946
1,0.9999827
1,0.9999815
1,0.99996656
1,0.9996752
1,0.9998574
1,0.9999178
1,0.99947166
1,0.9999162
1,0.9999368
1,0.999849
1,0.9999622
0,6.155192e-05
0,4.1447183e-05
0,2.425507e-05
0,4.3253032e-05
0,7.714501e-05
1,0.99988985
1,0.9998528
1,0.9986143
1,0.99998534
0,3.2436028e-06
1,0.9999694
1,0.99998426
1,0.9999168
1,0.9999681
0,1.4079609e-06
0,0.0008193771
0,7.2563403e-06
1,0.9977969
0,0.00023364302
0,0.00031278635
1,0.9999471
1,0.9973796
1,0.9993541
1,0.9999941
1,0.9999891
1,0.9999794
0,2.4084022e-05
0,0.000103227736
0,0.009679312
1,0.99994254
0,7.806301e-05
0,2.3154826e-06
0,3.946524e-05
1,0.99973994
0,3.0109986e-05
0,3.7099308e-06
0,7.8269695e-05
1,0.9997739
0,3.9004334e-07
1,0.99997354
0,0.006978732
1,0.99991214
1,0.9998541
0,1.981968e-06
0,5.842464e-07
0,0.00022410463
0,4.315554e-07
0,2.8412787e-06
0,6.6751295e-06
0,0.0003942923
1,0.99920374
0,9.688404e-07
0,0.0011544944
1,0.99912137
0,2.0976756e-06
0,3.1999157e-06
0,4.0908003e-06
0,0.00033680847
1,0.99926096
1,0.9999578
1,0.9999856
0,2.0140512e-06
0,0.0017292529
0,5.8774317e-06
0,5.0793133e-06
0,0.000112688154
0,2.5253024e-05
0,1.431896e-07
0,3.136009e-07
1,0.99990994
1,0.9997486
0,4.0315266e-05
0,1.5404548e-05
1,0.9991039
1,0.9998075
0,0.00011843757
0,5.352225e-05
0,0.000316519
0,2.1953731e-08
0,4.4811036e-06
1,0.99931884
1,0.9999984
0,1.3701857e-07
0,7.1711685e-07
0,8.261895e-08
0,1.5791132e-06
1,0.9992697
1,0.9992697
1,0.9997427
1,0.98829937
1,0.99961185
0,1.36246645e-05
0,0.015695611
0,0.028859457
0,0.008416459
0,0.03220283
0,0.00826123
0,0.029835425
1,0.93250775
1,0.9522352
0,5.989496e-07
1,0.99978995
1,0.99854803
0,0.00015257734
1,0.99998814
0,6.3680345e-06
1,0.99997026
0,4.0206046e-06
0,3.2245705e-05
0,5.538868e-06
0,1.402635e-06
0,7.2681614e-05
1,0.9984673
0,1.208739e-06
1,0.99808526
0,2.0767022e-06
1,0.9983463
1,0.99987453
1,0.9989266
1,0.9999583
1,0.99996716
1,0.99994004
1,0.99979293
1,0.9999543
1,0.9999515
1,0.9997322
1,0.9999312
1,0.99995685
1,0.9997736
1,0.99987906
1,0.9999293
1,0.99976444
1,0.99969
1,0.9998833
1,0.9998958
0,4.8327714e-05
0,1.2671577e-05
0,3.7793698e-06
0,0.0004951868
0,2.0139419e-06
1,0.99998903
0,0.000101652215
1,0.99981946
1,0.9999485
1,0.99989206
0,4.5820463e-05
0,1.3013424e-07
0,1.0733315e-05
0,7.389026e-05
1,0.9997761
0,1.4130748e-07
0,6.18995e-05
0,3.7423636e-06
1,0.9994643
1,0.99723667
1,0.99935514
0,3.3681383e-07
1,0.99984837
0,7.522698e-07
1,0.9999644
1,0.9998638
1,0.9967601
0,6.1138912e-06
1,0.9995881
1,0.99979717
1,0.99992645
0,2.6376323e-05
0,2.3241425e-08
1,0.9889057
0,3.554059e-07
1,0.9999859
1,0.99998385
1,0.99933255
0,0.00015413291
0,6.948293e-05
0,5.712672e-07
0,5.0018833e-05
0,2.135839e-05
0,4.795113e-06
1,0.9999907
1,0.9999731
0,5.0217086e-06
1,0.9999731
1,0.9996611
0,2.9936703e-06
0,3.3258182e-06
0,9.307264e-07
1,0.99884963
0,3.973526e-08
0,4.6069636e-05
0,6.25533e-05
0,3.169821e-05
1,0.99851924
1,0.9995693
1,0.99986255
0,0.00015225267
1,0.9995887
1,0.99962455
1,0.99986
1,0.99991834
1,0.9994119
1,0.9998431
1,0.99976754
0,1.4351376e-05
0,1.6352767e-07
0,0.00036063546
1,0.99997634
1,0.99993366
1,0.99994636
1,0.99985796
1,0.99992734
1,0.99997777
1,0.9999855
1,0.9999824
1,0.9999603
1,0.9998709
1,0.9999763
1,0.99993414
1,0.99997675
1,0.9998694
1,0.9999893
1,0.9999744
1,0.99997103
1,0.9999078
1,0.999974
0,2.0999725e-07
1,0.99956644
0,1.3207372e-05
0,8.592531e-05
0,1.1324663e-06
0,3.8344515e-06
0,5.905473e-07
0,1.0956976e-06
0,5.8809803e-07
1,0.99819607
1,0.99913865
0,1.313647e-07
1,0.9999819
1,0.9988681
1,0.99990886
1,0.9996654
1,0.9994655
1,0.9999928
1,0.9997375
0,3.5189664e-06
1,0.99996424
0,0.0007287512
1,0.9997532
1,0.99981576
1,0.9998698
1,0.999724
0,7.2411334e-05
0,8.2131385e-07
0,1.04262035e-05
0,1.038315e-05
1,0.9999906
1,0.9983093
0,1.8861141e-07
0,1.7253292e-06
0,1.5459056e-05
1,0.99986386
1,0.99998856
1,0.99998593
0,5.148837e-07
0,1.135505e-06
0,2.9253968e-07
1,0.99991924
1,0.99994135
0,0.0004262369
1,0.9999471
1,0.99977607
1,0.9999534
1,0.9999785
0,6.1584e-06
0,1.6550366e-05
0,1.0679691e-05
0,8.877243e-05
0,0.00016934729
1,0.99946856
1,0.9998608
0,2.287435e-05
1,0.9998741
1,0.9999578
1,0.9995809
0,1.214425e-05
0,0.0008749256
1,0.99993825
1,0.9998675
1,0.9987919
0,1.725894e-07
0,3.3612598e-06
0,1.0943859e-06
0,0.00027383937
1,0.9998988
1,0.9982325
0,0.00017601541
1,0.99898815
1,0.99983126
0,2.5937112e-07
0,5.7385396e-06
0,3.6310612e-07
0,2.6442018e-07
0,0.001412091
1,0.9996771
1,0.9998761
0,6.2876614e-05
0,0.0001563369
0,1.03837884e-07
0,1.7996861e-07
1,0.99999094
0,1.7870077e-06
1,0.9999033
1,0.9999899
1,0.9999904
0,1.1674356e-06
0,3.8870132e-07
0,2.7854123e-06
1,0.9997447
0,2.7364524e-06
0,2.5045878e-05
0,4.9870214e-06
1,0.9999955
0,9.636133e-06
0,8.269592e-06
0,2.158856e-06
0,1.06610585e-07
1,0.99991447
1,0.9999777
1,0.99961495
1,0.9997619
1,0.99996704
1,0.9999874
0,1.6897992e-07
0,3.4364832e-06
1,0.99853885
0,0.0006549766
0,3.246921e-05
0,6.0941474e-08
1,0.9992014
1,0.9984194
0,0.0001748325
0,3.3109086e-07
1,0.99992967
1,0.997877
0,3.925285e-06
0,4.7238154e-06
1,0.999998
0,1.705147e-06
0,3.1381707e-05
0,1.5216136e-06
1,0.9997466
0,0.00060078857
0,8.535818e-07
0,0.0002934492
0,1.2538858e-06
0,3.0487372e-06
1,0.9981972
1,0.9996923
0,0.0002014005
0,0.002346137
0,1.6392705e-05
1,0.9994861
1,0.9984521
0,0.00013019994
0,1.670208e-07
0,1.5176591e-05
0,0.00017246118
0,7.743864e-05
0,3.7994482e-06
0,1.1567694e-05
0,2.4297935e-06
0,3.1101827e-08
0,9.751064e-07
1,0.9991366
1,0.9995772
0,0.00012115888
1,0.99989164
0,2.118732e-06
0,0.00050924317
0,5.963295e-07
1,0.9994037
1,0.9998817
1,0.9986584
1,0.9996547
1,0.9998064
0,0.00059659395
1,0.8344234
1,0.9419912
0,1.3071137e-07
1,0.99998707
0,2.2154784e-07
0,7.7291554e-07
1,0.99997985
1,0.99980885
1,0.99906415
0,5.64818e-07
0,1.2811425e-07
0,0.005173395
1,0.99998826
1,0.9993335
0,1.8628034e-06
0,2.0091413e-05
0,0.00012511028
0,1.1926957e-05
1,0.99968624
0,0.00010156162
0,4.561944e-06
0,1.4866242e-05
1,0.99964774
0,0.0020518037
0,0.00018185403
0,7.671233e-06
0,7.687102e-05
1,0.9999047
0,2.252573e-06
0,0.00011354166
0,1.7685093e-06
0,9.0465684e-05
0,0.01733472
0,3.1163047e-05
0,3.4093802e-05
1,0.9993654
0,9.340696e-06
0,3.4410743e-06
0,0.00016625457
0,3.834426e-06
0,3.5770248e-07
0,6.050726e-07
1,0.99999374
0,0.0005032773
1,0.9999922
0,6.2571407e-06
0,0.00020678768
0,1.5972448e-07
0,6.852951e-07
1,0.99589026
0,0.0002816525
1,0.9999885
1,0.99967635
1,0.9981184
1,0.99980646
1,0.9986414
0,0.007801599
0,0.0020585477
0,0.00024563982
0,2.8696386e-05
0,3.9502356e-06
1,0.9999818
0,9.021417e-06
0,3.560012e-05
0,7.2448233e-07
0,4.4008428e-07
0,1.6256129e-07
0,9.900939e-07
0,8.0022836e-08
1,0.99990034
0,0.0011957239
1,0.99991137
1,0.99852407
0,1.5800172e-06
0,0.00018631262
0,0.0024025901
0,0.0016280272
0,1.0313701e-05
0,0.00011520243
0,0.0016684944
0,8.076145e-05
0,4.2412557e-05
1,0.99989384
1,0.99997455
1,0.9999684
1,0.99996984
0,0.00010123791
1,0.9999959
1,0.99665546
1,0.99996465
1,0.9998925
1,0.99993473
1,0.9999473
0,2.5478762e-06
0,4.4587837e-06
0,3.5244982e-06
1,0.99997205
1,0.9999865
1,0.9999665
0,1.087093e-06
1,0.99940544
0,0.0095678
1,0.9963439
0,3.9528736e-06
0,0.004240701
0,0.00012982232
0,7.007653e-06
1,0.99736255
0,1.2983611e-07
0,6.196696e-08
1,0.9916262
1,0.99641687
1,0.9991584
1,0.9999687
1,0.999818
1,0.9998236
1,0.9998138
0,0.00036415277
0,1.6905533e-06
0,1.1445899e-05
0,3.2760636e-05
0,7.8355966e-05
0,5.258343e-05
0,1.3905601e-06
0,0.0018305628
0,2.2686746e-07
0,3.707338e-07
0,2.7201776e-07
0,5.2161465e-07
0,4.637294e-06
1,0.9987074
0,1.8193728e-05
1,0.9904161
1,0.99997693
0,0.00032317947
0,0.0019026262
1,0.99987775
1,0.99996877
1,0.9999693
1,0.99994546
1,0.99981725
1,0.9998698
1,0.9998432
1,0.9999599
0,2.4485758e-05
0,4.2675212e-05
1,0.9922652
1,0.980335
0,0.00016875812
0,1.9260635e-06
0,7.4985314e-07
0,1.6210197e-07
1,0.9996891
1,0.99995124
0,0.00048802572
0,5.0504797e-05
1,0.9997551
1,0.9998094
1,0.9996483
1,0.99991596
1,0.99918854
0,1.6173894e-05
1,0.9826554
1,0.9987253
0,4.4072604e-07
0,2.0275658e-05
0,1.2912462e-07
0,9.062249e-05
0,7.406299e-06
1,0.9984176
1,0.99976146
0,7.0584265e-06
0,1.0781462e-07
1,0.99998397
0,2.6520749e-05
1,0.99969757
1,0.99993724
0,1.5635693e-07
0,8.2436645e-07
0,0.018374981
0,0.0004820624
0,2.8305394e-07
1,0.9994769
0,1.755925e-06
0,2.5961665e-06
1,0.99989045
0,2.4600035e-07
0,0.0011380239
0,6.388112e-06
0,1.4077259e-06
1,0.99939066
1,0.9993591
1,0.99987924
1,0.99983436
1,0.9998557
1,0.9983
1,0.99923253
1,0.033238415
1,0.9995572
1,0.9963997
0,7.71804e-07
0,0.00017192643
1,0.9984284
0,0.00021736548
0,0.0001478348
0,0.00024980443
0,0.00030422557
0,2.7587222e-07
0,0.00010440848
1,0.99990404
1,0.99956274
1,0.9999892
1,0.9999326
1,0.99996614
1,0.99944896
0,0.00015049751
0,1.0385427e-05
1,0.9996308
1,0.9999213
1,0.99992824
1,0.99997807
1,0.9999839
1,0.9998734
1,0.99994665
1,0.9999697
1,0.9999887
1,0.99998504
1,0.9981008
1,0.999991
1,0.9999201
1,0.9995162
1,0.9997839
1,0.9998894
1,0.9999323
1,0.9999866
1,0.9999807
1,0.99996835
1,0.99998635
1,0.99997896
1,0.99998957
1,0.9999439
1,0.9999808
1,0.999967
1,0.99999213
1,0.9999644
0,0.0006661115
1,0.9959783
0,2.0134226e-05
1,0.9999052
0,3.1001087e-05
0,0.00014949589
1,0.9980727
1,0.9999487
1,0.9996538
0,0.0003770009
0,0.00012984486
0,0.00016936327
0,0.00012759338
0,6.514385e-05
0,0.0007702657
1,0.9992702
1,0.9994569
1,0.9998107
1,0.9993831
1,0.99997115
1,0.9993831
1,0.9993831
1,0.99984276
1,0.9998134
1,0.99976
1,0.999678
1,0.999584
1,0.9997479
1,0.9999606
1,0.998344
1,0.9999502
0,2.7751462e-06
0,6.466543e-05
1,0.99995506
0,6.1699925e-06
1,0.99735636
1,0.98963475
1,0.999711
0,6.199604e-08
1,0.9994298
0,4.6666883e-05
0,1.7976761e-05
1,0.9991377
0,7.2999535e-07
0,2.1831938e-05
0,0.00041353717
0,0.0002362036
0,0.00019350687
1,0.99992913
0,0.000101060716
0,3.6490607e-07
1,0.9999988
0,4.9764625e-05
1,0.99683
1,0.99994737
1,0.9993043
1,0.9999735
1,0.99913025
1,0.99745893
0,0.00022660673
1,0.99998665
1,0.9976298
0,4.4191303e-05
1,0.99993753
1,0.99993104
0,0.00018182368
1,0.9998729
1,0.99974453
0,3.035352e-06
0,0.0008866163
0,1.4981133e-06
1,0.9999849
1,0.999993
0,0.00012731431
1,0.999966
0,0.00025510078
1,0.9958824
1,0.99998707
0,4.6773207e-06
1,0.9997916
1,0.9998234
1,0.9999903
1,0.9999652
1,0.9999579
1,0.9999362
1,0.9999614
1,0.9998969
1,0.99990326
1,0.9999737
1,0.999989
1,0.9997714
1,0.9997198
1,0.99993724
1,0.9999832
1,0.9999676
0,0.0005880603
0,6.6512935e-06
1,0.99831516
0,2.1123944e-05
1,0.9999462
0,5.853167e-08
0,5.107472e-08
0,0.000108156666
1,0.99854624
1,0.998475
0,0.0011642893
1,0.9999515
1,0.99998546
1,0.99998415
1,0.9999087
1,0.9998419
1,0.9999781
1,0.9999901
1,0.99994034
1,0.9999923
1,0.9999959
1,0.9999733
1,0.9999763
1,0.9999864
1,0.99999076
1,0.99996006
1,0.99998707
1,0.9999695
0,0.002706184
0,6.4907785e-05
1,0.9999026
0,8.18322e-05
0,8.476576e-07
0,1.2005444e-06
1,0.9994826
0,3.546823e-07
0,7.341386e-05
0,1.3632814e-05
0,0.000109896784
1,0.99596775
0,0.0008207814
0,7.445565e-07
0,1.0795929e-07
0,1.8815379e-06
0,0.00011527506
0,3.5431583e-06
0,1.1580267e-05
0,0.00014600855
0,2.027076e-08
0,4.276741e-05
1,0.99985623
0,4.5301176e-06
0,9.8807184e-05
1,0.9999569
0,0.00012597772
1,0.9998167
1,0.9989863
1,0.9997207
1,0.99916226
1,0.9999481
0,0.00011804093
0,2.534008e-06
1,0.99968815
1,0.9931228
1,0.9992673
1,0.9992187
1,0.999603
1,0.9987652
1,0.9902408
1,0.99870986
0,1.0873132e-05
1,0.9994726
0,0.00013108403
0,2.0396168e-05
0,0.00058702327
0,4.916945e-06
1,0.99988854
0,2.2932036e-05
0,5.4755747e-05
0,1.5022657e-05
0,2.472918e-05
0,2.2243829e-07
1,0.9999816
1,0.99789745
1,0.9979842
0,0.0001301313
1,0.9977978
0,1.5981572e-06
0,5.6530945e-07
0,0.00019991146
0,4.0651985e-06
1,0.9998371
1,0.9999968
1,0.9988831
1,0.9999054
1,0.99950564
1,0.99623203
1,0.9983698
1,0.99985075
0,0.00014569743
0,0.0004402645
1,0.99940026
1,0.9999944
1,0.9996121
1,0.99989676
1,0.99973655
0,1.4062781e-06
0,3.5529712e-07
1,0.9995225
0,1.6177606e-06
0,2.049267e-06
0,1.9323707e-06
0,1.5874159e-05
0,6.324204e-05
1,0.9998342
0,4.0942778e-06
1,0.9975189
1,0.9998686
1,0.99976057
0,3.439158e-07
0,8.1041713e-07
1,0.999884
1,0.99919784
0,1.0683022e-05
0,1.138208e-06
0,1.743996e-06
0,4.0032224e-05
0,3.998492e-05
1,0.9996904
0,2.2920926e-06
0,0.00014563909
0,0.001582171
1,0.9999921
0,3.7879142e-06
0,1.6106853e-06
0,1.7436134e-06
1,0.9991657
1,0.9998841
0,8.3508865e-05
0,5.6706664e-05
0,0.00058410765
0,0.00016977219
1,0.9999101
1,0.9989104
0,0.00027990577
1,0.99997073
0,5.578116e-06
0,0.00020518248
0,0.0005514262
1,0.9997564
1,0.9993597
1,0.9999523
0,5.2297395e-07
0,0.0002906875
0,0.00019616431
0,7.854268e-05
0,0.0007109739
0,5.3592474e-05
1,0.9998957
1,0.99972385
1,0.9985632
1,0.9998543
1,0.9999399
1,0.99907523
1,0.99992776
1,0.9999182
1,0.99974173
1,0.999938
1,0.99985224
0,3.092796e-06
0,1.7805263e-06
0,2.6262833e-06
0,0.00062963594
1,0.9997853
1,0.9998953
0,0.00091477967
0,4.877129e-05
0,5.3256877e-06
1,0.9984669
1,0.9992686
0,6.466389e-05
0,5.2395944e-07
0,1.6282455e-06
1,0.998337
0,3.4799637e-06
0,1.6610994e-06
0,0.00023334133
0,0.00019411411
0,8.821973e-06
1,0.999938
1,0.9999838
1,0.9999873
1,0.99999124
0,3.5636192e-05
0,0.00010944887
0,0.0020224073
0,0.00065274665
1,0.9998978
1,0.9999608
0,1.8020201e-07
0,3.7707366e-07
0,1.1728534e-06
1,0.9999968
1,0.9999944
1,0.999991
1,0.99999756
1,0.9993083
0,2.2707569e-07
0,4.7735335e-05
1,0.9997115
0,8.7774197e-07
0,0.0002944494
1,0.9945844
0,0.0018200272
1,0.99989295
1,0.9978678
1,0.9999834
1,0.9998194
0,2.8128377e-05
1,0.9999601
0,0.00031337974
0,0.00025309843
0,8.259154e-05
0,6.94844e-07
1,0.9997748
1,0.9999971
1,0.99999774
1,0.99999803
1,0.99994266
1,0.9999563
1,0.99999326
1,0.9999931
1,0.9999146
1,0.9999907
1,0.99999505
1,0.99998945
1,0.99999255
1,0.9999967
1,0.99998635
1,0.9999919
1,0.99999386
1,0.9999921
1,0.999996
1,0.99999386
1,0.99999547
1,0.99998665
1,0.99999464
1,0.9999876
0,0.0004420006
0,1.132089e-07
0,2.1793724e-06
0,5.1568566e-07
0,7.67285e-06
0,3.5800782e-05
0,8.0249396e-07
0,2.7795937e-05
0,4.687173e-05
1,0.99686694
1,0.9983183
0,0.00016478931
0,7.178479e-05
0,1.0047855e-05
0,5.411239e-07
0,2.8491993e-06
0,0.0010924299
1,0.999323
1,0.9976553
1,0.99996126
1,0.9987549
0,0.00033974138
0,8.34113e-06
0,0.0011888179
0,9.320106e-06
0,4.254821e-06
0,6.357279e-05
0,2.9015098e-06
0,5.603645e-06
0,1.1224904e-05
0,4.4432083e-05
0,2.46753e-05
1,0.9999544
1,0.9999386
1,0.99980825
1,0.9999882
0,2.1733234e-07
0,0.0009438188
0,9.313327e-06
0,0.00023423675
1,0.9998946
1,0.9979169
0,2.5568622e-07
1,0.9995833
0,1.2720034e-07
0,6.379753e-06
0,0.00018426483
0,9.406596e-06
1,0.99973494
0,4.556974e-06
0,2.2283151e-05
1,0.9998935
1,0.9999816
1,0.9998477
0,4.3481032e-07
0,2.4916922e-05
0,1.3598071e-06
1,0.999937
0,2.9932191e-06
0,0.00016031745
0,8.8153206e-07
0,5.1620873e-07
1,0.99869716
0,1.45013755e-05
0,1.1589989e-05
1,0.99996287
0,2.9180208e-06
0,0.00012117042
1,0.9991367
1,0.9992746
1,0.99953014
0,1.752539e-05
1,0.9999193
1,0.99993336
1,0.9999724
1,0.99995774
0,0.0002555621
0,2.53395e-06
1,0.9999162
0,6.1960377e-06
1,0.99972063
0,1.60923e-06
1,0.99994475
0,7.747776e-06
0,3.3271854e-06
0,2.0106295e-06
0,5.156197e-06
0,4.2961452e-05
0,1.4965668e-06
1,0.9996406
1,0.999972
1,0.9999902
1,0.99989796
1,0.9999587
1,0.99999464
1,0.99999595
1,0.99998194
1,0.9996803
1,0.9967401
1,0.9995624
0,6.944485e-08
0,1.1056719e-05
1,0.9997939
0,1.3408615e-05
0,2.844166e-06
0,4.6443037e-07
0,1.1117866e-05
0,2.2224512e-07
0,8.185246e-06
0,4.579836e-05
0,1.4110192e-05
0,3.3323414e-07
0,1.9350854e-07
1,0.99999034
1,0.99997866
1,0.9999123
1,0.9999247
0,3.6061298e-05
0,1.1246311e-06
0,3.9825548e-07
1,0.9986435
0,8.149736e-06
0,3.1947117e-08
0,5.5538334e-09
1,0.23072161
0,0.23072161
0,6.3191765e-05
0,2.0977515e-05
0,2.095546e-05
0,0.00022142609
0,3.579144e-06
0,1.0653305e-05
0,1.5704719e-06
1,0.9997183
0,4.545038e-05
1,0.9988079
0,1.0875486e-05
0,1.0977695e-06
0,2.0078058e-07
0,0.00035549625
0,4.7908757e-06
0,3.702697e-05
0,1.0870539e-05
1,0.9999749
0,8.235452e-06
0,7.2567072e-06
0,3.1709487e-07
1,0.99942106
1,0.99948525
0,5.132397e-05
0,2.3947774e-05
0,7.0666814e-05
1,0.9999536
0,1.7707268e-06
1,0.9998489
1,0.9969094
1,0.99791473
1,0.99997073
1,0.99992573
1,0.9999294
1,0.9991171
1,0.9999883
1,0.9997204
0,2.9405946e-05
0,0.00017471384
1,0.99969137
0,8.723161e-07
0,1.07021315e-05
0,8.3681505e-07
0,8.381086e-06
1,0.9986777
1,0.99786633
1,0.9996775
1,0.9997999
0,2.7092598e-05
0,1.3956702e-05
1,0.9986421
0,1.7302111e-06
1,0.99836266
0,6.3129783e-06
0,5.063643e-06
0,1.0068612e-05
1,0.999937
0,1.3815053e-07
1,0.9999885
0,0.0001440766
0,1.1228823e-05
1,0.9999622
0,6.891895e-06
1,0.9999911
1,0.998611
0,0.00010327816
0,7.7854034e-05
0,7.877332e-06
1,0.999958
0,1.1674563e-05
0,6.276292e-07
0,1.0675908e-06
0,1.8893542e-06
0,0.00048148082
0,0.00011075693
0,2.1232763e-05
0,6.9099934e-07
0,0.0005476611
0,0.0011237373
0,0.00020930932
1,0.9998786
0,2.8405653e-05
0,0.0020716428
1,0.9995539
0,0.0008379598
0,4.3318555e-06
1,0.99991924
0,1.1474337e-06
0,1.4809805e-06
0,4.0418928e-07
1,0.9996979
0,0.00011751723
0,9.0260555e-06
0,0.00014852446
0,4.186697e-07
0,1.603918e-06
0,5.0846114e-07
0,2.224008e-06
0,1.229331e-06
0,2.9271625e-06
0,7.303418e-06
1,0.9461678
1,1.4373372e-05
1,0.9999584
1,0.99992895
1,0.9990857
0,2.1295462e-05
0,4.178507e-05
0,1.3298918e-06
0,2.1391936e-06
0,2.1704207e-05
0,5.0985956e-05
1,0.99966145
1,0.99993575
0,0.004249481
1,0.99887943
0,1.7867503e-06
0,7.731559e-07
1,0.99959207
0,0.0012335319
1,0.9995532
1,0.9996124
1,0.99942464
1,0.9999038
1,0.9999826
0,3.8721842e-07
0,1.221694e-07
1,0.99940115
1,0.9978349
0,0.0001097845
1,0.9999817
0,4.192845e-06
0,2.7703183e-05
0,4.5646075e-06
1,0.9999617
1,0.9999549
1,0.9998689
1,0.9999914
0,0.00015972421
0,2.46748e-07
1,0.9994646
1,0.9996798
0,5.2944604e-05
0,0.00067957176
0,0.0015963408
0,0.00012230806
1,0.99992657
0,1.3750334e-06
0,3.7817026e-06
1,0.9995704
0,1.0205848e-06
1,0.99973714
1,0.99971414
1,0.99672425
1,0.9918257
0,5.3591655e-05
0,0.0020217202
0,0.0005625492
0,0.00041749477
0,9.1836046e-05
0,5.972271e-05
0,0.0011599355
0,0.00013703712
0,0.0018197655
0,3.8782895e-07
0,0.0003771492
0,0.0036867089
0,4.573773e-05
1,0.99982595
1,0.9996
1,0.996873
1,0.9999835
1,0.9989931
0,1.6403481e-05
0,1.3911131e-06
1,0.999989
1,0.99923325
1,0.9855681
1,0.9998644
1,0.999953
0,4.5034744e-07
0,2.6513048e-06
1,0.9998395
1,0.9999566
1,0.9995376
0,8.4543615e-05
1,0.99999565
1,0.99905056
0,3.3461367e-07
0,1.8279329e-07
0,1.7167811e-06
1,0.99486715
1,0.9987832
1,0.99993515
0,0.00027493498
0,5.9583263e-06
1,0.9996446
1,0.9978945
0,7.297984e-05
1,0.9993833
1,0.9999885
0,1.4913885e-05
1,0.99945295
1,0.9992679
1,0.99974126
0,1.9354673e-06
1,0.9999205
1,0.99990237
0,1.1147917e-07
1,0.9992462
1,0.9998482
1,0.9978429
0,4.091639e-05
0,1.1211696e-07
0,9.806547e-06
0,8.94079e-08
0,2.6719617e-06
0,0.00089153607
1,0.9958387
0,0.0026354769
0,2.7727681e-05
1,0.9999546
1,0.99998415
1,0.9999289
1,0.9999746
0,3.3524336e-06
1,0.9999536
1,0.9997889
0,8.017405e-05
1,0.99987423
0,2.451647e-07
0,0.000115972194
0,2.5497142e-05
1,0.9999455
1,0.99986756
1,0.9999922
1,0.9999338
0,3.5671113e-05
0,2.6050154e-06
0,2.4029816e-06
0,8.823639e-07
0,8.2988333e-07
1,0.9997821
1,0.999992
1,0.99916327
0,2.377202e-06
0,1.1795517e-05
0,6.136946e-05
1,0.99997383
0,4.6112706e-05
1,0.9999178
0,1.0058084e-05
0,0.0026591052
1,0.99994487
0,6.487403e-07
1,0.99986285
0,1.0604063e-05
0,1.3545044e-06
0,9.807741e-07
0,2.722051e-06
0,0.00014436775
0,3.2093378e-06
0,1.4034501e-05
1,0.99953
1,0.99730086
1,0.99998987
1,0.9999919
1,0.9999674
0,4.985904e-06
0,8.098223e-06
0,4.6462133e-06
1,0.9985903
1,0.9985903
1,0.99967164
1,0.99985725
1,0.999377
0,5.205988e-05
1,0.99981505
1,0.99999714
0,5.9769944e-05
1,0.9999987
1,0.99999696
1,0.9996022
0,1.1733553e-05
0,1.8351484e-05
0,0.001549188
0,7.317313e-06
0,7.6946264e-05
1,0.99995184
1,0.99998546
1,0.9987841
1,0.9999793
0,0.0012838795
0,2.8675922e-05
1,0.9999673
1,0.999992
0,1.7939727e-06
0,0.0005590047
0,6.800259e-05
0,6.1383906e-07
0,0.6112181
1,0.9994112
1,0.9997925
1,0.99948263
1,0.999832
1,0.9996156
1,0.9999225
1,0.99394053
0,0.0051604216
0,9.860704e-06
0,0.0001529695
0,0.00016371226
0,1.3657772e-05
0,7.148237e-05
0,1.5442994e-05
0,0.0004380366
0,2.435173e-06
0,6.0426223e-06
1,0.99990016
0,0.0005725757
1,0.999561
0,0.0010121998
1,0.9990454
1,0.99954426
1,0.9998803
1,0.9999917
0,2.7178462e-06
0,0.00016626298
1,0.9998714
1,0.99889624
1,0.99966687
1,0.9997797
0,6.378892e-05
0,7.3554185e-07
0,8.9383235e-07
1,0.9992407
1,0.99998975
0,1.946028e-06
1,0.9974517
0,6.7787005e-07
1,0.9999894
1,0.9996916
1,0.99973094
1,0.99988014
1,0.9945326
0,2.1612807e-06
0,4.049481e-06
0,5.7413978e-05
0,0.0012162769
0,0.00047159498
1,0.99993914
0,5.160601e-07
0,0.0011468901
1,0.9995864
0,2.551375e-06
0,0.00013408384
0,8.530712e-05
0,1.6635808e-07
0,1.4758298e-07
1,0.9999495
0,1.53028e-05
0,3.35544e-05
1,0.9998485
1,0.9999302
1,0.9990927
1,0.9998125
1,0.9997878
1,0.9999327
1,0.99977005
0,7.512986e-06
1,0.9945454
0,0.0017374404
0,6.5270588e-06
1,0.999657
0,0.000105154155
0,0.00035689224
0,1.8829487e-06
0,6.83005e-06
0,0.0025877752
0,0.002109787
0,0.0013029659
0,0.010547539
0,0.004131678
1,0.9998334
1,0.99907774
1,0.99995613
1,0.9999338
1,0.9999691
1,0.9998681
1,0.9997861
1,0.999632
1,0.9999717
1,0.99669045
1,0.99966
1,0.99995196
1,0.99988306
1,0.99986446
1,0.99997145
1,0.99997187
1,0.99981946
1,0.99984235
1,0.99997276
1,0.99997026
0,1.8756723e-06
1,0.99988484
1,0.9998825
1,0.9994981
0,0.00012343399
1,0.9998587
0,0.00035820593
1,0.99998623
1,0.999565
0,0.00014285784
1,0.9996596
0,1.3104005e-05
0,3.4935672e-06
1,0.99972355
1,0.99921775
0,6.8371985e-05
0,1.5158216e-06
0,0.0013908504
0,4.4797212e-05
0,5.301933e-05
1,0.99992985
1,0.9999598
1,0.99997276
1,0.99988055
1,0.9997768
1,0.9989614
0,1.3919987e-05
0,2.7473816e-05
0,0.00018850103
0,1.586767e-06
0,3.8214384e-05
1,0.9999762
1,0.9999351
1,0.99997437
0,2.4040216e-07
0,0.00012759642
0,3.4116886e-06
0,3.4398795e-07
0,1.3516537e-07
1,0.9876787
1,0.9999941
0,7.9395136e-07
1,0.9991722
0,2.7426522e-06
1,0.99964416
1,0.99982494
0,0.00020296469
1,0.9990863
0,5.266886e-06
0,8.424214e-06
0,2.5013107e-05
0,9.316636e-05
1,0.9996759
1,0.99765795
1,0.99943835
0,2.1808755e-06
1,0.9989744
1,0.9995397
0,6.314801e-07
0,2.7336824e-07
0,0.00011069336
0,3.4747604e-06
1,0.9999605
0,0.0005007404
1,0.99965215
1,0.9996644
0,2.317663e-06
0,3.9428898e-05
0,4.136051e-07
1,0.99988025
1,0.9999458
1,0.999751
1,0.9998697
1,0.99974215
1,0.9998381
1,0.99807906
1,0.999976
1,0.9998386
1,0.9999912
1,0.999637
1,0.9998851
1,0.9999356
0,1.9735971e-05
0,8.10506e-06
1,0.99907917
1,0.99965066
1,0.99995583
1,0.99999684
1,0.99999225
1,0.9999837
1,0.9999701
1,0.9996256
0,5.2850024e-05
1,0.9999502
1,0.9999764
0,0.000130156
1,0.9998684
1,0.99990034
1,0.99970317
1,0.998527
0,3.283088e-05
0,9.651092e-07
0,2.4235637e-06
1,0.9998281
1,0.9999743
1,0.99815154
1,0.9998446
0,3.0227888e-05
1,0.99684143
1,0.99522555
1,0.9876228
1,0.9999032
1,0.99997115
0,0.0011279832
1,0.9991907
0,7.724927e-06
0,4.095055e-06
0,2.2376305e-06
0,9.407296e-06
0,0.00013621741
1,0.9999488
1,0.9999811
1,0.9991208
1,0.99429464
0,8.4165904e-08
1,0.99997467
0,2.768804e-07
0,1.2341033e-05
0,7.3585335e-07
0,3.4814536e-07
1,0.9997411
1,0.999824
1,0.9999644
0,5.4421894e-06
1,0.9961397
1,0.99619496
0,3.1267446e-05
1,0.9999764
1,0.99996006
1,0.99451023
1,0.997751
1,0.99935156
1,0.9991845
0,3.0434342e-07
1,0.9996897
1,0.99954796
1,0.99954796
0,1.5968641e-07
0,2.0108756e-07
0,4.0164005e-06
0,8.454447e-07
0,6.421969e-07
0,4.7793255e-06
0,0.00016701629
0,8.903354e-05
1,0.99991184
1,0.99999464
1,0.9999762
1,0.99999464
1,0.99999475
1,0.99998677
1,0.99998903
1,0.99998593
0,3.246323e-06
0,0.00013475546
0,2.5457004e-05
0,0.0029759381
1,0.99996483
0,8.706541e-06
0,0.00010709355
1,0.9983198
1,0.9999628
1,0.9999638
0,1.727794e-06
0,1.3881796e-05
0,8.51211e-06
1,0.9999396
0,1.1994064e-07
1,0.99996454
1,0.9996052
0,9.209846e-06
0,1.1724878e-06
1,0.9999913
0,2.9538889e-05
1,0.99996895
0,2.3870798e-05
1,0.9999881
0,5.9182075e-05
1,0.9998003
1,0.9995979
1,0.999973
1,0.9999359
1,0.9999334
1,0.9996294
1,0.99997526
1,0.9998344
0,0.0007528814
0,5.4708835e-06
0,8.199648e-05
1,0.999658
1,0.99988776
0,1.9671763e-06
0,1.9671763e-06
1,0.99984723
1,0.99996096
1,0.998773
1,0.9999029
0,3.135236e-06
0,3.2438968e-06
0,1.2937353e-06
0,0.00027939494
1,0.9997542
1,0.9992432
1,0.9999851
1,0.9999063
1,0.9999388
1,0.9999219
1,0.9999111
1,0.999961
1,0.99837935
0,2.4415176e-05
1,0.9999039
1,0.99963695
1,0.9999051
0,2.1563974e-05
0,4.27714e-06
1,0.9999795
0,0.00011213386
0,1.5904182e-06
0,2.236072e-05
1,0.9998987
0,5.788992e-05
1,0.9999661
1,0.99947804
1,0.9996899
1,0.9996899
1,0.9998778
1,0.99996924
0,2.4449603e-06
1,0.999995
1,0.999986
1,0.99998844
1,0.99999005
0,2.8197487e-06
1,0.9998293
0,0.00024906482
1,0.99966186
0,0.00020564433
0,1.7557969e-07
1,0.9998657
1,0.9991181
0,1.0188093e-05
0,8.027704e-06
1,0.9993107
0,6.622375e-05
0,2.5233604e-07
0,2.7208385e-05
1,0.99999064
0,4.9725036e-06
0,1.6929e-05
1,0.9985239
0,8.940756e-05
1,0.9999434
1,0.9998929
1,0.99992746
0,1.2006733e-07
0,2.6396432e-08
0,3.0875162e-05
1,0.9999764
0,3.065791e-06
1,0.9991332
0,8.442631e-06
0,0.0006343081
0,7.079757e-06
0,7.8383243e-07
0,1.703069e-05
0,6.5211614e-05
1,0.9999352
1,0.99958575
0,1.2714852e-05
1,0.993422
0,1.2539906e-05
0,0.00040619672
1,0.9998637
0,0.0015250412
0,3.8803243e-08
1,0.99831116
0,8.87413e-06
1,0.9997671
1,0.9999089
1,0.9997253
1,0.9999692
1,0.99906075
1,0.9996285
0,9.858916e-07
0,1.1935229e-05
0,1.136088e-05
0,1.146293e-06
1,0.9995635
0,1.2952366e-05
0,3.4225693e-07
1,0.99771607
0,4.975898e-05
1,0.99996066
0,5.156075e-07
0,4.8142476e-07
0,2.2504247e-08
0,1.2375163e-05
1,0.99960774
1,0.9999942
0,3.0789467e-06
0,4.7200464e-07
1,0.99995416
0,3.482025e-07
0,8.183978e-08
1,0.9998643
0,1.7096738e-06
1,0.9999951
0,0.00017640016
1,0.9999877
1,0.9998826
1,0.99998105
1,0.9999741
1,0.99997497
1,0.9997699
0,0.0016939006
0,1.3320461e-08
0,0.00029658133
1,0.99977386
1,0.99991506
1,0.99642575
0,6.895951e-06
1,0.99989825
0,0.0014654883
0,2.625482e-06
0,0.00028393965
0,0.00035698205
0,0.0024532883
0,2.2414783e-07
0,2.0230643e-06
0,3.971779e-05
0,0.115060955
0,0.19388805
0,0.5136124
0,0.191456
0,0.17672315
0,0.27397394
1,0.93129164
1,0.9989225
1,0.9474611
1,0.9758478
1,0.9950516
1,0.96537364
1,0.9472983
1,0.9580183
1,0.94437724
1,0.9990139
1,0.9218565
1,0.9865294
1,0.9926021
1,0.9956058
1,0.9433465
1,0.990496
1,0.994706
1,0.99201626
1,0.9958687
1,0.9855655
1,0.9944567
1,0.97997177
1,0.9951404
1,0.9698586
1,0.97791356
1,0.9933619
1,0.9941253
1,0.9936513
1,0.9949974
1,0.9953074
1,0.9924294
1,0.9900131
0,4.2192105e-06
0,0.0001779013
1,0.99996835
0,3.9010797e-06
0,5.9574642e-05
0,9.371174e-06
0,4.9476557e-06
1,0.99732053
0,9.0364165e-06
1,0.9999802
1,0.99998575
1,0.9999786
1,0.9999957
0,5.9262857e-07
0,5.396593e-05
1,0.9999113
1,0.9999498
1,0.99956083
1,0.99933827
1,0.9987054
0,0.0004605787
0,0.00024505667
0,1.5897191e-06
1,0.998251
0,9.8711884e-05
0,2.9513012e-05
0,2.1633039e-05
1,0.9993706
0,1.6424099e-07
0,6.7289704e-07
0,8.631202e-08
1,0.99598175
1,0.9998502
1,0.9997544
1,0.9999408
1,0.99959767
1,0.9985597
1,0.9994526
0,6.7351866e-06
0,0.004060053
0,6.3286575e-06
0,5.756732e-06
0,3.7321886e-05
1,0.9997721
1,0.99994254
0,0.00015905079
0,2.960989e-06
0,4.7451307e-05
0,3.1751892e-06
1,0.98505586
1,0.99993867
1,0.9998243
1,0.999748
1,0.9999592
1,0.99997115
1,0.99988014
1,0.9999691
1,0.9998813
1,0.99994886
0,1.1366233e-05
0,4.387999e-06
0,8.28487e-05
0,4.3634536e-06
0,1.9910556e-05
0,5.3030994e-06
0,1.4055648e-06
1,0.9987914
0,0.0011505092
0,7.443985e-06
0,3.32533e-05
0,7.937569e-06
1,0.999416
0,2.4803e-07
0,4.9693035e-06
1,0.9999296
1,0.9997841
0,4.6332133e-07
1,0.99982053
1,0.9999082
1,0.99994004
0,0.00020129491
0,2.2942855e-07
0,0.00054828654
0,3.5347617e-05
1,0.9996443
1,0.99969804
0,0.00034497236
1,0.9999945
1,0.9997605
1,0.9999882
1,0.99996454
1,0.9995973
1,0.9997518
0,2.401094e-06
1,0.9997574
1,0.9993635
1,0.9999529
1,0.99998194
0,3.6918177e-06
1,0.99912614
1,0.9994392
0,2.8959976e-06
1,0.9998383
1,0.9986906
1,0.99850214
1,0.99998194
0,1.7890146e-06
0,7.0528023e-07
0,1.4352087e-05
1,0.9998857
0,5.29762e-06
0,1.9881628e-07
1,0.9998773
1,0.999492
1,0.99991304
0,2.7653446e-06
0,0.0003268291
1,0.99853724
1,0.9999647
1,0.9996801
1,0.9897292
0,0.00019604838
0,2.3512022e-05
0,4.3358835e-07
1,0.99997765
1,0.99951255
1,0.9999717
1,0.9999499
0,0.004094065
0,7.5905845e-08
0,1.6549451e-05
0,0.00028364095
0,0.00035058544
0,0.00021116593
0,3.2026157e-05
0,4.716721e-07
0,0.0001222628
0,3.8965928e-07
0,5.450981e-07
0,8.060357e-05
1,0.999265
0,0.00011818475
0,0.00021570556
1,0.9926157
1,0.9957699
1,0.9957699
0,0.0010325644
1,0.9983968
1,0.99906313
1,0.9935584
0,0.3227305
0,0.3227305
1,0.3227305
1,0.9982663
1,0.9983479
0,0.00020954995
0,1.2563235e-07
0,9.273366e-07
0,1.170011e-05
0,0.00017911165
0,2.4853844e-05
1,0.99998647
1,0.9999684
0,2.5802732e-05
0,0.0003666163
0,2.3816998e-05
0,3.7563157e-05
0,3.0328297e-07
0,2.573112e-07
0,3.0087338e-06
0,6.8864745e-07
1,0.9990644
0,0.00039930176
1,0.9720797
0,2.0058033e-06
1,0.99822015
1,0.9991867
1,0.99948674
1,0.9982741
0,1.5572418e-07
1,0.9988345
0,0.001405549
0,8.0492966e-05
0,4.273552e-06
0,0.0001197152
0,1.7898517e-05
0,3.8460172e-07
0,0.0010696107
0,6.1036963e-06
0,1.9832025e-06
0,1.1379594e-06
1,0.99997133
1,0.9999299
1,0.9996507
1,0.9999411
1,0.9998871
0,2.4482363e-06
1,0.9996422
0,1.4295017e-06
1,0.99978334
1,0.99991244
1,0.9999684
1,0.99977905
1,0.9991603
1,0.9994805
1,0.9998403
1,0.9974623
1,0.9998778
1,0.9982761
1,0.9979814
0,0.00047985633
0,0.00033032085
0,2.1198557e-06
1,0.99996245
0,2.2177593e-07
0,2.062708e-06
1,0.99985516
1,0.99996656
1,0.99873364
1,0.9987966
0,0.00089611753
1,0.9999366
0,5.1463845e-05
0,6.586313e-05
1,0.9999187
1,0.9999187
1,0.99993336
0,2.1767013e-05
1,0.9957695
0,0.00013661935
0,6.498453e-05
0,2.7953118e-05
0,6.27911e-05
0,2.6913904e-07
0,5.0975505e-05
1,0.99983513
1,0.9988348
0,7.000119e-06
0,5.9790345e-06
0,1.3640305e-05
0,1.18857615e-05
1,0.999954
1,0.99989736
0,4.1456574e-06
0,0.00022143242
0,0.00028245492
0,3.1859318e-07
0,9.69964e-06
0,1.38138885e-05
0,3.158635e-05
1,0.9996496
1,0.9999484
1,0.99555594
1,0.9978896
1,0.9998014
1,0.9999374
1,0.99801904
1,0.9996996
1,0.9999949
0,0.0007032818
0,0.00018162253
0,0.00020366898
0,6.4075207e-06
0,1.1060189e-05
0,6.2573795e-06
0,0.00021242809
0,0.00012744089
0,3.8117043e-06
0,7.8855555e-05
0,6.703162e-05
1,0.99976784
0,9.970032e-06
0,2.8760442e-05
0,1.1330809e-06
1,0.9997967
0,2.2847837e-06
1,0.9921453
1,0.9996234
1,0.9995146
1,0.9999281
1,0.9977048
1,0.9946667
1,0.994225
1,0.99986583
1,0.9998455
1,0.99987954
1,0.99947137
1,0.99963355
1,0.99985826
0,0.0005122567
0,2.1112087e-06
0,0.00010798023
0,0.000487882
0,0.00029578898
0,4.1191455e-05
0,8.7577704e-05
0,9.981249e-06
0,0.00048482738
0,1.9171773e-06
0,2.8195068e-06
0,0.00014558772
0,0.0049805376
0,0.00046847205
0,2.3668621e-05
0,0.00042006854
0,0.0013989359
0,4.3116226e-05
0,0.00015090403
0,0.012684707
0,1.7571127e-06
1,0.9996617
0,5.897284e-07
0,0.0011639323
0,0.00029644562
0,0.00047889265
1,0.9616917
1,0.9989877
0,0.0007116511
0,3.193186e-05
1,0.9997282
1,0.99996954
1,0.9997629
0,1.3623592e-06
1,0.99996763
1,0.9983626
0,9.253054e-06
0,8.574371e-06
0,8.177701e-06
0,3.0345532e-06
0,1.4541389e-06
1,0.99695706
1,0.99990755
1,0.9989098
0,0.000113416674
0,0.0011437805
0,0.00027439737
0,4.6786587e-07
0,6.0886334e-05
1,0.99982125
0,5.586754e-07
1,0.9999623
1,0.99994993
0,1.2939192e-05
0,8.553129e-08
1,0.9995636
0,1.2826793e-07
0,3.092227e-06
1,0.9968529
0,7.739834e-05
1,0.99943656
0,6.532526e-06
0,0.0004543209
1,0.99905646
1,0.9994295
0,6.4919286e-06
0,5.0468596e-05
0,0.00013129019
1,0.9999859
1,0.99997526
1,0.9997916
0,0.00015039895
1,0.9999913
1,0.99989885
1,0.99991864
1,0.9999293
1,0.99999726
1,0.9994661
0,4.2540782e-06
0,6.312009e-06
1,0.99994123
0,9.378738e-06
1,0.9999546
0,4.197394e-05
0,9.4436047e-07
1,0.99985164
1,0.99998176
1,0.9989715
1,0.9995976
1,0.99550724
0,8.0968556e-07
0,3.7412037e-06
0,1.6049509e-06
0,0.0015058547
0,1.4621013e-06
1,0.9985806
1,0.99998647
1,0.9999692
0,0.0012761933
1,0.9994159
0,3.708963e-05
0,2.7468943e-05
1,0.9841357
0,2.2382803e-05
0,8.155474e-06
0,5.2370397e-05
1,0.99321365
1,0.99991083
0,1.1665859e-05
1,0.9991265
1,0.99888915
1,0.99683666
0,2.6690386e-05
1,0.99971586
0,0.00015728142
1,0.99745524
0,1.1735254e-05
0,8.879616e-06
0,2.210768e-05
1,0.99998546
0,0.00095658103
0,7.8395795e-05
0,1.244327e-05
0,2.430774e-06
1,0.99998003
0,4.9917668e-05
1,0.9999678
1,0.99999684
1,0.999962
0,8.3598985e-05
1,0.99996406
1,0.9994938
1,0.9993939
0,5.0551156e-05
0,8.4918596e-05
1,0.9999536
1,0.99991316
1,0.9996691
1,0.9994631
1,0.99999607
1,0.99794316
1,0.9992709
1,0.99994534
0,5.179628e-07
0,1.3665283e-06
0,6.0797043e-05
1,0.9984058
0,8.484813e-06
1,0.9999464
1,0.9999203
1,0.9990489
1,0.99996907
1,0.9997096
0,0.00027684832
0,0.0006743753
0,9.396159e-05
0,0.00046939135
0,0.0007040077
0,0.00028423296
1,0.99895626
1,0.9989827
1,0.999052
1,0.9986803
1,0.999778
1,0.9826984
1,0.9995928
1,0.9992321
1,0.9979395
1,0.9997965
1,0.9993411
1,0.9994881
1,0.9998845
1,0.99985534
1,0.9991195
0,0.00016188707
1,0.9999149
0,0.0006526356
1,0.9999965
1,0.9999969
0,0.003975771
1,0.9997251
0,6.8576646e-06
0,3.2024343e-06
1,0.9999731
1,0.9999287
1,0.9916899
1,0.9987009
1,0.99892694
1,0.998534
0,1.0127821e-07
0,1.7237766e-06
1,0.99983686
1,0.99980104
1,0.99997973
1,0.99998796
0,7.622736e-06
0,2.670935e-06
0,0.00047615674
1,0.9986902
1,0.9993893
0,1.3136739e-05
1,0.9998226
0,8.3647385e-05
0,1.5033271e-06
1,0.9994368
0,1.8428264e-05
0,1.3274335e-05
0,2.1218752e-07
1,0.9942111
1,0.99990666
0,9.700481e-06
1,0.9999899
0,1.8114852e-05
0,6.9665475e-07
1,0.9995235
1,0.9999505
1,0.9999807
1,0.9996512
1,0.99939746
1,0.9969865
1,0.99986094
1,0.9997867
1,0.9996818
1,0.9991695
0,6.9790744e-06
1,0.998226
1,0.9980757
0,0.00024981349
1,0.9988573
1,0.99992573
0,3.288258e-05
1,0.99921477
1,0.99933463
0,3.8744375e-08
0,0.00013591537
0,0.00013950033
0,0.00012991234
0,2.3741959e-05
1,0.9999444
1,0.99998903
0,0.0005409999
0,3.3642027e-05
0,3.7855528e-07
0,2.0802245e-06
0,3.270229e-08
1,0.99913865
1,0.99998873
1,0.99994516
1,0.9999356
1,0.9999356
0,4.3704058e-05
0,2.6466264e-06
0,9.884325e-07
0,0.0003907383
0,1.5393269e-05
1,0.9998175
0,1.7075934e-07
1,0.9997971
1,0.9938765
1,0.9999212
1,0.9990317
1,0.99972415
0,0.0059347455
0,2.5923859e-05
0,3.7838883e-05
0,0.00035732833
0,1.58239e-05
0,0.00014247205
0,0.001474577
0,0.00062565313
0,1.0705337e-07
1,0.9999808
0,4.11994e-06
0,1.722007e-06
1,0.9999936
1,0.9999838
0,0.000104124316
0,0.0005525897
1,0.99961174
1,0.99995846
0,6.132391e-06
1,0.9997804
0,5.9089148e-06
0,9.323249e-05
1,0.9994226
1,0.9995211
0,8.0355996e-05
1,0.9999553
0,1.1993623e-06
1,0.9999083
1,0.99869525
1,0.9997935
1,0.99985516
0,6.9775106e-06
0,4.0616652e-07
1,0.99992937
1,0.999991
1,0.9999625
1,0.99998844
0,0.00014265747
0,8.6501274e-07
0,5.080483e-05
0,0.00010733921
0,2.4661583e-06
0,5.3879183e-05
0,3.334218e-06
0,5.674993e-07
1,0.99975777
0,2.5380518e-06
0,5.708219e-06
1,0.999952
0,0.00047463077
1,0.9999881
0,7.1159093e-06
1,0.9996915
1,0.99996704
1,0.999966
0,6.1199057e-06
0,9.1959197e-07
1,0.9997876
0,2.3659937e-05
1,0.9999824
1,0.9999789
1,0.9999635
1,0.9999295
1,0.99783343
1,0.999584
0,1.2974891e-05
0,3.2123273e-05
0,2.0221314e-07
0,5.3242707e-06
0,6.9605085e-05
0,9.942828e-07
1,0.99990773
1,0.9996146
1,0.99947655
0,0.0002139673
0,6.4616295e-05
0,0.0023277602
1,0.99975383
1,0.99868363
1,0.9999911
1,0.99999064
1,0.99996275
1,0.99997395
1,0.9999845
1,0.99987483
1,0.999771
1,0.99983436
1,0.9999561
1,0.9998765
1,0.9998224
1,0.9999938
1,0.99997145
1,0.99992895
1,0.99840474
0,0.00020405579
0,3.720684e-07
1,0.992211
0,2.125886e-05
1,0.99996954
0,2.9325467e-06
0,7.057134e-06
0,0.00010499264
0,1.00750874e-07
1,0.9939527
1,0.9951411
1,0.99957067
0,7.1448844e-06
0,2.8881126e-05
1,0.999703
0,0.00011942365
0,0.00019956028
0,4.145418e-07
1,0.99999595
0,0.00014326272
0,0.0001936898
0,4.428809e-06
0,0.00013462757
0,3.7549078e-05
0,0.00042683844
0,0.00011603669
1,0.9996305
1,0.99884194
1,0.99747723
1,0.9999447
1,0.999155
0,1.2261916e-05
0,7.874372e-06
1,0.9997843
0,1.0853352e-06
1,0.99892586
0,0.00015033988
1,0.9999399
1,0.99983865
1,0.9999149
1,0.9997954
0,2.5514364e-05
1,0.9997296
0,0.00049515354
0,0.00021979697
0,8.518355e-06
1,0.9999114
0,9.3649134e-05
1,0.99984795
0,1.2040381e-06
0,8.39605e-05
0,7.244422e-08
1,0.9999217
1,0.9997658
1,0.99869543
0,0.00072735624
0,0.004628562
1,0.9999632
1,0.9994222
0,0.000744606
0,6.568265e-06
1,0.99965215
0,4.9048856e-05
1,0.9999902
1,0.9993894
0,7.304905e-05
0,3.5932242e-06
1,0.9980202
0,2.6567188e-06
1,0.9985447
1,0.9989866
0,0.00018435482
1,0.9998949
1,0.9993989
1,0.99991596
0,2.8147165e-06
1,0.99958223
1,0.99983865
0,4.7488476e-05
0,4.005741e-07
1,0.9993485
1,0.9996359
1,0.9993485
1,0.99990547
0,9.476164e-07
0,0.00047991922
0,1.6497925e-05
1,0.9999102
1,0.9998542
0,7.662751e-06
1,0.9999704
1,0.9307568
0,7.73027e-06
0,8.011726e-07
1,0.99873126
0,0.00023404989
0,5.683448e-05
1,0.9996711
1,0.9998949
1,0.9996766
1,0.9995241
1,0.9999342
1,0.99986506
1,0.9991176
1,0.99952537
1,0.9997666
0,5.728018e-07
0,8.2535415e-05
1,0.9994905
0,5.3689208e-05
0,9.047535e-05
0,5.080209e-06
0,4.7135057e-08
1,0.999944
1,0.9995209
1,0.9999559
0,3.7432774e-06
0,1.4932258e-05
1,0.9999785
1,0.99998665
1,0.99998665
1,0.99999785
1,0.99991715
1,0.9520217
1,0.99996424
1,0.99996424
0,0.00028244252
0,4.023902e-05
1,0.99997294
1,0.9997998
1,0.99993885
1,0.99723065
1,0.9995564
0,7.400351e-05
1,0.99989516
1,0.9995653
1,0.99931335
0,1.9709533e-07
0,0.00038554025
1,0.99952835
1,0.98691434
0,2.9939185e-06
0,4.71557e-06
0,8.283863e-06
0,5.1536732e-05
0,5.1140855e-06
0,1.3583538e-05
1,0.99993336
1,0.999892
0,1.2578195e-05
0,0.00010594475
0,6.387919e-05
1,0.9997751
1,0.9999638
1,0.9997962
1,0.9991241
0,2.8906638e-06
0,2.7020785e-06
0,5.4733385e-07
1,0.9998955
1,0.9999566
1,0.998102
1,0.9998811
1,0.9999794
1,0.9999494
1,0.99594504
1,0.9999652
1,0.9999581
1,0.9991722
0,0.0005412302
1,0.99976015
1,0.99929965
0,0.00022634739
1,0.98644775
1,0.99927634
1,0.99838984
1,0.99787927
0,0.00036851785
1,0.9991466
1,0.9969193
1,0.99876016
1,0.999825
1,0.9994742
1,0.99993664
1,0.9999185
1,0.99242
0,0.0011770109
1,0.999155
1,0.99948055
0,2.592989e-05
1,0.9999286
1,0.99840087
0,0.00010715167
0,0.0020937955
1,0.9999444
1,0.99992347
1,0.99927616
1,0.9932723
1,0.9999331
1,0.99939847
1,0.99946916
1,0.9999459
1,0.9996299
0,3.8500834e-06
0,6.394852e-07
0,1.911415e-05
1,0.9996417
0,5.5200286e-05
1,0.9956302
1,0.9986502
1,0.9998143
1,0.9985369
1,0.9997173
1,0.99530846
1,0.99982995
1,0.9993109
1,0.9978011
1,0.9962045
1,0.99611914
1,0.9933661
1,0.99784714
1,0.0010854106
1,5.458912e-06
1,0.8113921
1,0.875066
1,0.87859285
1,0.24586962
1,0.9985756
1,0.0025745318
1,0.9999709
1,0.99762136
1,0.10552117
1,0.99887
1,8.398176e-06
1,0.00012437697
1,0.9949117
1,0.9544635
1,0.005883707
1,0.0028833135
1,3.8425014e-07
1,0.06934052
1,0.530434
1,0.03329439
1,0.9992266
1,0.9999065
1,0.99971914
1,0.024009312
1,0.9655919
1,0.29752472
1,0.22657192
1,0.99968874
1,0.35783795
1,0.000484014
1,0.3020273
1,0.9989878
1,0.99562496
1,0.9655286
1,0.9991096
1,0.91740495
1,0.9970876
1,0.9984961
1,0.7898718
1,0.99422294
1,0.9796461
1,0.011402382
1,0.9939877
1,0.9462455
1,0.9775734
1,1.2873492e-05
1,0.64349264
1,0.9964136
1,0.23190624
1,0.9966718
1,0.90558517
1,0.8086575
1,0.03261021
1,0.9592056
1,0.3790517
1,0.96119356
1,0.9913367
1,0.9987526
1,0.053422894
1,0.9853647
1,0.82985973
1,0.94185555
1,0.92649466
1,0.9615567
1,0.9997459
1,0.9996991
1,0.999793
1,0.99972177
1,0.99973285
1,0.5341472
1,0.9723361
1,0.44177443
1,0.003984489
1,0.95475227
1,0.079668365
1,0.9999601
1,2.8708047e-05
1,0.2079008
1,0.18336311
1,0.91335845
1,0.999466
1,0.99754894
1,0.9912812
1,0.99804413
1,0.99979985
1,0.60216427
1,0.9976503
1,0.93594277
1,0.9666642
1,0.99551743
1,0.9930075
1,0.99893594
1,0.97613347
1,0.08928752
1,0.233498
1,0.99888074
1,0.9975476
1,0.7680898
1,0.9990498
1,0.7218032
1,0.99614054
1,0.9996757
1,0.5764258
1,0.99505526
1,0.6738596
1,0.9990492
1,0.99990565
1,0.99911237
1,0.6781773
1,2.375104e-05
1,0.88600767
1,0.9995683
1,0.8820164
1,0.005950974
1,0.9999957
1,0.0005690817
1,0.99791694
1,0.9999955
1,0.0027593328
1,0.7315265
1,0.75048816
1,0.999983
1,0.99751234
1,0.0071702423
1,0.9997221
1,0.5422371
1,0.0037030193
1,0.8078621
1,0.99990296
1,0.9041747
1,0.00041847918
1,0.9931933
1,0.3425873
1,0.0014060304
1,0.00688601
1,0.9998784
1,0.007260574
1,0.9902921
1,0.030348867
1,0.31132686
1,0.9986452
1,0.9970097
0,0.000111132715
0,0.72489506
0,0.49028158
0,0.96889573
0,0.29144937
0,0.00010363054
0,0.0009853082
0,0.00020596772
0,0.91129154
0,0.9284358
0,0.99097353
0,0.0045241816
0,0.99607646
0,0.04934866
0,0.3116993
0,3.2992994e-05
0,0.33019635
0,1.4570995e-05
0,0.0007784836
0,0.08057044
0,0.66995674
0,0.78660375
0,0.98042065
0,2.6020753e-05
0,2.8716287e-05
0,0.77898526
0,0.00049594167
0,0.00019508638
0,0.0024344504
0,0.0065480713
0,0.0007615232
0,4.165798e-06
0,0.05382924
0,0.009035209
0,9.852821e-05
0,0.99781823
0,0.0037801692
0,0.9605002
0,0.9872557
0,2.144529e-06
0,0.02186025
0,0.009995328
0,0.007023245
0,0.9955282
0,0.9973574
0,0.46781203
0,0.03847422
0,0.0077217924
0,0.9945594
0,0.9306182
0,0.0011059132
0,0.97859037
0,0.07447778
0,0.6769273
0,0.99994105
0,0.00748153
0,0.995624
0,0.99992406
0,0.99996394
0,0.8926489
0,0.9978785
0,0.9968327
0,0.6597668
0,0.006127919
0,0.96560776
0,0.99367964
0,0.9914256
0,0.99571204
0,0.5079304
0,0.011113777
0,0.18623543
0,0.007880673
0,0.99841267
0,0.045884643
0,0.0024775325
0,0.007352916
0,0.9998038
0,0.9701254
0,0.0366417
0,0.0001589974
0,0.00015912222
0,0.9999401
0,0.9989838
0,0.00023161597
0,0.000975634
0,0.9899192
0,0.9675864
0,0.99984723
0,0.9666884
0,0.0041158353
0,0.97903174
0,0.00024383425
0,0.59580815
0,0.4786258
0,0.0004483919
0,0.07068494
0,0.00011474251
0,0.9933459
0,9.585823e-05
0,0.006661941
0,0.005125786
0,0.0001460705
0,0.3338066
0,0.9850842
0,0.01880074
1,0.7824805
1,0.45426676
1,0.996184
1,0.9970753
1,0.99978787
1,0.9999267
1,0.018176343
1,0.998507
1,0.99972075
1,0.9998781
1,0.999934
0,0.99782056
0,0.98628926
1,0.71741974
0,0.2786641
1,0.9967254
0,0.9997161
0,0.99941146
1,8.3950006e-05
1,4.3744425e-05
1,0.99975806
0,0.9750303
0,0.99931914
1,0.09321233
0,0.08218984
0,0.9935212
0,0.99955964
0,0.9482901
0,0.9906878
1,0.57811934
0,0.08730101
0,0.16132417
0,0.13117594
0,0.005682447
0,0.30277747
0,0.28802738
0,0.18080981
0,0.9999232
1,0.16341585
1,0.99980485
0,0.0022619597
0,0.9867221
1,0.9998367
0,0.3578282
0,0.2705349
0,0.11633383
1,0.1023533
1,0.1370148
0,0.99865836
0,0.25594676
0,5.3080137e-05
0,0.022665514
0,0.0042135147
1,0.99991524
1,0.9992872
0,1.5270172e-05
0,0.0007998293
0,0.9906759
1,0.99975955
1,0.99975955
1,0.99975955
0,0.0050541973
0,3.5822785e-07
1,0.9998928
1,0.9999427
1,0.999923
1,0.99994147
0,0.9178957
1,3.0622945e-07
0,0.13892709
0,5.3811264e-06
0,4.1236626e-06
0,0.0005399171
0,2.1544217e-06
0,0.00044220284
0,0.0019016324
1,0.9974327
1,0.99995375
1,0.9997475
0,0.99997836
1,0.9991142
0,0.99743336
1,0.68170404
1,1.8698823e-07
1,0.99996495
1,0.9999559
1,0.99774635
1,0.9999686
1,0.99779606
0,4.265772e-05
0,0.00031047492
0,6.440849e-06
1,0.99992365
1,0.9405832
1,0.33350536
0,0.9986617
0,6.393728e-05
1,0.9999268
0,0.017958757
0,0.992964
0,0.9999411
1,0.997025
1,0.000101308106
0,0.090154655
1,0.99998456
1,0.99999285
1,0.99999285
1,0.9999644
1,0.9999733
1,0.99999285
1,0.00791244
1,2.0192683e-05
0,7.592996e-05
0,5.013799e-07
0,4.962229e-07
0,0.00083578954
0,9.2378383e-07
0,1.8022364e-06
0,2.386381e-06
1,0.9985709
1,0.99953574
1,0.99994195
0,0.0008680546
0,9.996797e-08
1,0.9999929
1,0.99824613
1,1.0512968e-05
0,0.006873604
0,1.1257064e-05
0,0.0029030452
0,0.9986662
0,8.521129e-07
0,0.99971074
0,1.4128813e-06
0,1.4818166e-07
0,4.7392884e-08
1,5.0772473e-05
1,0.00035617352
0,0.99214154
0,1.4269316e-06
1,0.9999962
1,0.9999962
1,0.99997157
1,0.05014932
1,0.13621196
0,0.0034886487
0,1.5259022e-05
1,0.9989112
1,0.99884725
1,0.9960198
1,0.9996125
0,0.0110134045
1,1.834886e-05
1,1.5994372e-05
0,8.505872e-05
0,0.016155865
1,5.8529267e-06
0,0.9999243
0,0.1600742
0,0.99998623
1,0.99982363
1,0.99992263
0,4.836525e-07
0,4.1582345e-05
0,2.8677582e-06
0,2.408625e-05
0,1.2770505e-06
0,2.0160307e-06
0,7.13591e-05
0,0.7651298
1,0.00031964248
1,1.9164743e-05
0,0.98304605
1,0.86950326
1,0.6347687
1,0.9984249
1,0.99658823
0,0.9996925
0,1.9981468e-05
0,0.51877177
1,3.2634038e-05
0,0.0021169197
0,0.9975321
1,0.0051744212
1,0.0008899519
0,0.9840283
0,4.860073e-06
1,0.9999892
1,0.9999923
1,0.9999078
1,0.9999879
1,0.9999633
1,0.99997956
1,0.9999756
1,0.99995077
1,0.99998546
1,0.9999583
1,0.9999633
1,0.999962
1,0.99975896
1,0.9999633
1,0.9999785
1,0.99992496
1,0.99998605
1,0.99997467
1,0.9995984
1,0.99994767
1,0.99997246
1,0.9999875
1,0.9999887
1,0.9999238
1,0.99998546
1,0.9999792
1,0.9999691
0,0.018803827
1,0.9956734
0,2.1576076e-07
1,0.9986535
1,0.48679477
0,5.508444e-07
1,2.695683e-05
1,0.9968686
0,0.9925232
0,1.664347e-06
0,1.5528313e-07
1,0.9749427
1,0.93337065
1,0.0009503324
1,0.99485034
0,0.00014289831
0,0.989023
0,4.3351743e-06
1,9.66665e-07
0,0.0021014253
1,5.4638654e-06
1,2.1670887e-05
0,0.99886775
1,0.9999623
1,0.99987894
0,1.6307304e-06
1,0.9999667
0,0.00073037256
1,0.003919529
1,0.013918979
1,0.999938
0,0.001010722
0,0.9970212
0,1.0531836e-06
1,0.0027513024
1,0.011343156
0,6.058296e-07
0,6.632842e-06
0,0.9944289
1,0.9999961
1,0.99980503
0,0.99951863
0,5.7434825e-08
0,2.0917847e-05
1,0.68378913
1,0.68378913
1,0.68378913
1,0.683789
1,0.683789
1,0.9997067
1,0.9997067
1,0.9997067
1,0.9997067
1,0.00496514
1,0.9982316
1,0.9974658
1,0.99836886
1,0.9929253
1,0.9991826
0,8.2303406e-05
1,0.99830496
0,1.0282197e-06
1,0.9999923
1,0.9999966
0,9.059181e-05
0,0.24370193
1,0.5527674
1,0.06558528
1,0.06558528
0,6.797118e-07
0,0.0020518154
0,0.17251168
1,0.00031999187
1,0.9874746
0,1.0393226e-06
0,0.9889401
1,0.0008163451
0,0.0583795
1,0.99953717
0,4.144175e-06
0,0.022551602
0,0.007270352
0,4.1031934e-05
0,0.99309003
0,0.9679309
1,0.9999978
1,0.9999978
1,0.99999386
1,0.9644455
1,0.12908503
0,0.9986475
0,0.9999952
0,0.99999464
0,0.99998814
0,0.99999243
1,0.99999213
1,0.059982747
1,0.06422886
0,0.015207541
0,0.9895434
0,0.22955981
0,0.99891144
0,6.738989e-06
1,0.9988743
0,0.22522299
0,1.5062753e-05
0,0.002412173
1,0.9999806
1,0.9997971
0,1.6685359e-05
1,0.07589459
0,0.0021892209
1,0.9999959
1,0.9997091
1,0.9999684
0,0.14043903
0,4.7967653e-05
0,0.0006344649
0,0.0022412604
0,0.03282438
0,0.0035219889
0,0.9998576
0,0.70466185
0,1.5325668e-05
0,3.776095e-07
1,0.99996275
0,9.583185e-07
0,9.814534e-07
0,0.00012590231
0,1.084495e-06
1,0.75785846
0,0.17654362
0,1.968798e-06
0,1.3180067e-05
0,1.7856624e-07
0,0.3735695
1,5.1516785e-05
0,0.9936542
0,0.9823745
0,5.664613e-05
0,5.9026286e-05
0,0.10276223
1,0.9992372
1,0.9997336
1,0.9912688
1,0.99388814
1,0.9945448
1,0.10149986
1,0.5272132
1,0.99293935
1,0.90321296
1,0.94007826
1,0.9102831
1,0.9929301
1,0.99932444
1,0.9967399
1,0.98953694
1,0.9660986
1,0.999862
1,0.9465759
1,0.5272132
1,0.9992819
1,0.99736935
0,0.0018432067
1,4.780506e-06
0,0.023839556
1,0.99996656
0,0.0013970274
1,0.99585116
0,0.99713755
0,0.14114943
0,1.3794961e-07
0,0.04777659
1,0.0018998348
1,0.9999069
0,0.00037131007
1,7.651474e-07
0,4.3260616e-07
0,0.9984469
0,1.2605881e-06
1,1.9743522e-05
0,2.8173968e-06
0,8.444491e-05
1,0.99944395
1,0.99998724
0,0.9313846
1,0.9952106
0,3.085765e-07
0,0.9356651
0,7.157278e-07
0,0.9914242
0,0.00017303802
0,0.002036865
1,0.99985445
0,3.2899832e-05
0,0.00023672351
0,0.0016258028
0,2.944659e-06
1,0.00059267826
1,5.539135e-07
0,0.0010584419
0,1.5134517e-05
0,1.7689457e-05
0,0.0007317875
0,0.00014121569
0,0.07041014
0,2.1720669e-05
1,1.1951813e-05
0,0.00023602464
1,0.0013239465
0,0.9692886
1,0.9996561
1,0.99981683
1,0.900533
1,2.4940177e-06
0,5.78326e-06
1,8.575269e-05
0,0.00080426177
0,0.029941974
1,4.4220337e-07
0,0.49958375
0,0.016511373
0,1.1563327e-05
1,0.9999555
0,6.0692197e-05
0,0.17999299
1,0.9999537
0,0.0026049654
0,2.3476488e-05
0,1.6606478e-05
1,4.160054e-06
0,0.99019253
0,0.99435544
1,0.0016423737
1,0.9912171
0,0.1044289
0,0.0019757366
1,0.9999966
1,0.0204382
0,5.0523056e-05
0,0.98990417
1,0.015130827
0,0.0002795481
0,0.99793077
1,0.9994265
0,0.0053194817
0,4.669875e-05
1,0.96448714
1,0.83409166
0,0.0054444084
1,0.5607338
0,0.00049825606
1,0.9998907
0,2.707573e-05
0,0.46680337
0,0.004155099
1,0.99883217
0,1.8881131e-08
0,0.9827958
0,8.8282126e-05
0,6.289012e-07
1,0.9990994
1,0.9999459
0,0.9997098
0,1.1525354e-05
1,0.16638817
0,3.0297537e-07
0,1.6426804e-06
0,0.020293677
1,0.94243973
1,0.9409528
1,0.8755352
1,0.9526394
0,0.019327914
0,0.0012027795
0,3.4886645e-05
0,5.195948e-06
1,0.99997586
1,0.99991083
1,0.9999871
1,0.0017730319
0,0.9999618
1,0.0034543013
0,6.044026e-05
0,0.000119289805
1,0.99993604
0,1.9055378e-05
0,1.2057779e-05
0,1.1379248e-05
0,5.026475e-05
0,1.048701e-07
1,0.004636962
0,0.0009229287
0,0.91939944
0,0.00067008357
1,0.9999522
0,3.249152e-08
1,0.9999632
1,0.99994785
0,0.99924314
0,0.99381626
0,1.963649e-05
1,0.9999796
0,1.7410795e-05
0,0.57576275
0,0.030262046
0,0.0005927094
0,1.1894025e-06
0,1.5296159e-07
0,0.8880592
1,0.99938637
1,0.9999957
1,0.99352986
1,0.9997374
1,1.4028679e-05
0,0.004427011
0,0.013145441
0,2.7095e-07
0,4.381717e-07
0,9.826562e-06
0,0.00020222562
0,2.8700374e-06
0,3.939777e-07
0,0.99623287
0,0.92255324
0,0.9850522
0,0.00026925726
0,3.1869073e-05
1,0.99450225
1,0.015081366
1,0.89463705
1,0.93884516
1,0.9883299
1,0.95906186
1,0.99430066
0,0.0032230648
1,2.3902938e-05
1,0.9995622
0,3.8511083e-05
1,0.999912
1,0.9992684
1,0.99999523
0,8.490178e-08
0,0.004921336
0,0.00036520214
0,0.009323613
0,1.4852817e-06
1,0.005540482
1,0.9980806
1,0.9912177
1,0.9997351
1,0.9996908
0,0.9997242
0,0.00027635437
1,0.9999973
0,3.8673755e-07
0,1.4896892e-06
1,0.0001265209
1,0.99995685
1,0.99973774
0,2.3547614e-08
0,9.896324e-06
0,0.0005247456
0,0.513259
1,0.0057142405
1,0.9929567
1,0.2702655
0,5.0387335e-08
1,0.0002978298
0,5.4397573e-05
1,0.99990964
1,0.9994032
1,0.944578
1,0.99904364
1,0.9994032
1,0.9996573
1,0.99892765
1,0.99904364
0,0.9976975
0,0.00060495903
0,2.8560466e-06
0,2.3033668e-05
0,0.0001734973
0,0.0006272135
1,0.9998464
1,0.99556404
1,0.99998254
1,0.99996144
0,0.71256244
0,0.000904714
1,0.9999368
0,5.798833e-07
0,2.1355397e-07
1,0.8800038
0,0.8786238
0,0.031822365
0,7.4481606e-05
1,0.055945765
1,0.99976456
1,1.1432252e-05
0,8.83538e-05
1,0.99996865
1,4.4504177e-05
0,0.9999943
1,0.005165222
1,0.47412297
1,0.9997849
0,0.048299056
1,0.9978282
0,0.9987326
0,0.9987678
1,0.99907786
1,0.9983055
1,0.9946111
1,0.63057125
1,0.9998966
1,0.9899124
1,0.9988756
1,0.9998732
0,0.0014867152
1,0.9983918
0,8.188965e-05
1,0.99979866
0,1.5378491e-06
0,1.1101275e-05
0,1.8946121e-06
0,0.9998664
0,0.015738508
0,0.063723624
1,0.94265485
1,0.99997735
1,0.9999581
1,0.99867016
1,0.9999315
1,0.9999593
1,0.999991
1,0.9979999
1,0.99294496
1,0.9985205
1,8.860852e-06
0,0.0001473733
0,0.9210293
1,3.0452125e-06
0,0.002425738
0,0.8877422
0,0.42513117
0,0.9999902
1,0.9998758
1,0.999856
1,0.9999982
0,0.24875559
1,0.0001955555
1,0.49643573
1,0.91546834
0,0.9151591
0,0.8923291
0,8.7559674e-05
0,0.00034729
1,0.99913496
1,0.00035459202
1,0.999886
1,0.9550393
1,0.005291497
1,9.340582e-07
1,0.9998184
0,3.831531e-07
0,1.0570542e-05
1,3.41543e-05
0,8.2769775e-06
1,0.99999243
0,0.0004730165
0,0.9768805
1,0.9999123
1,0.012848261
1,0.99878675
1,0.00026119355
0,0.00033006747
0,8.6685846e-05
1,0.9999916
1,0.9999354
0,0.000719972
1,0.9999537
1,0.9999882
0,0.9999797
0,0.99997216
0,1.2857735e-06
1,0.9998953
1,0.9999502
1,0.9999502
0,0.21723644
0,0.8640822
0,8.1727776e-05
1,0.999972
1,0.99993885
0,4.873059e-06
1,9.900071e-05
0,0.9999812
0,1.3062444e-06
0,1.7345216e-06
1,0.9832765
0,0.999617
0,0.0018793519
1,0.9998129
1,0.004650053
0,3.87941e-05
1,1.464846e-05
1,5.3529398e-06
1,0.9995227
1,7.613028e-05
1,0.28718337
0,2.1994797e-06
1,0.11951133
0,1.3504709e-05
1,0.9994503
1,0.9999
1,0.049131032
1,0.0010831578
1,2.3086202e-05
0,0.18222754
0,0.99944186
0,0.9946486
1,3.6150536e-06
0,2.8556231e-05
0,8.491569e-07
0,0.00023885761
1,0.48238286
1,0.93997353
0,0.99898565
0,0.007862414
1,0.99979013
0,0.0008876776
0,0.95260924
0,0.0017452158
0,0.027668301
0,2.8822817e-06
0,7.5125246e-07
0,5.7827845e-07
1,0.9967814
0,2.2258598e-07
1,0.9996557
0,0.42250448
0,3.4001898e-06
1,0.99994045
1,0.9989112
1,0.9999716
1,3.6389032e-05
1,0.99992317
0,0.038457107
1,0.99894214
1,0.99914175
1,0.9996841
1,4.849335e-05
0,0.0013116886
1,0.9998468
0,4.7470046e-05
1,0.9975481
0,1.04918445e-05
0,0.6919558
0,1.5493153e-07
1,0.99458754
0,1.1593916e-06
1,0.99959064
1,0.00086280255
0,3.2955234e-07
1,0.97584707
1,0.97584707
0,0.93746585
0,0.9998633
1,6.181991e-05
0,3.4068064e-05
1,0.8543159
0,0.00018347504
1,4.08318e-06
1,0.99999285
1,0.9992075
1,0.99773663
1,0.00018422479
0,0.1427991
0,2.5445308e-05
0,2.0790447e-05
0,1.1826323e-05
0,1.6576863e-07
0,0.0041312226
0,1.3012747e-06
0,1.9537154e-06
1,0.9999822
1,0.9999947
1,0.0010448048
1,0.99974847
0,0.9869116
0,0.00023010114
1,0.9999712
1,0.9749363
0,0.0017495812
0,0.0002273902
1,0.9928529
0,0.59227556
0,6.682999e-05
1,0.0001131176
1,0.9619582
1,0.99845546
1,0.9909496
0,2.0406362e-05
0,0.7923598
0,9.1667914e-08
1,0.0003529758
1,0.99992657
1,0.000103363476
1,1.1874929e-05
1,6.296055e-05
0,0.12279679
0,2.903957e-05
0,0.0010457265
0,0.00022692909
1,0.73656344
1,1.3397507e-05
0,1.0605914e-05
1,0.3174428
1,0.9993859
0,1.4848447e-05
0,3.643108e-05
0,6.307503e-05
1,0.9998703
0,0.00032998
0,0.00043667993
0,0.0038709333
1,0.72589386
1,0.99934983
1,0.91952443
0,0.15885858
0,4.1875677e-07
1,0.020522354
1,0.0033666377
1,0.9984431
0,2.862744e-06
0,5.6390004e-06
0,7.689139e-06
0,6.13978e-05
1,0.06807987
0,0.00012234341
0,3.2718592e-06
0,0.042284027
0,4.9434584e-06
0,1.6917591e-05
0,2.4738329e-05
0,0.0005011145
0,1.0060473e-05
0,0.00046037612
1,0.002825555
1,0.9997212
0,0.002007183
0,0.0037223827
0,0.00012641464
1,0.99995863
1,0.99989647
1,0.9999839
1,0.999978
0,0.9881596
1,0.5714966
1,0.99519557
0,3.5467318e-07
0,1.9225077e-05
0,1.4886383e-06
1,0.9999675
0,0.6422008
1,0.9988954
0,0.15774155
0,0.68012905
0,6.0914503e-05
0,0.9610934
0,0.017485281
0,7.095004e-06
0,8.2510974e-07
0,0.017847978
0,0.0070301956
0,0.64519197
0,3.240069e-05
0,8.49807e-06
0,2.958033e-05
1,0.9885294
1,0.02873509
1,0.9899906
0,7.0811926e-05
0,0.003299736
1,0.999304
1,0.0022614796
0,2.5885221e-05
0,0.06330025
0,0.005567292
1,3.3893543e-06
0,2.0556645e-05
0,0.9999753
1,0.9435566
0,0.95243603
1,1.3326354e-06
1,0.00034655444
1,0.9815351
0,1.9976042e-06
0,8.220774e-08
0,1.0602489e-06
1,0.9999312
1,0.9573427
1,0.9573427
1,0.9573427
1,0.9891025
1,0.8600298
0,1.0735189e-05
1,0.9919861
0,6.489685e-08
0,4.6611694e-07
0,0.0015293246
1,0.28426406
1,0.9999444
1,0.99982876
0,0.001823796
0,0.041564077
1,0.8416967
0,1.2563156e-06
1,8.383612e-06
1,0.97416025
1,5.1731204e-06
1,5.0601434e-06
0,1.630247e-05
0,2.2474242e-05
0,2.2205156e-06
0,1.6300419e-05
0,1.3257435e-06
0,0.00017512882
0,1.1615441e-06
0,1.1796863e-06
0,5.5894143e-05
0,2.1134563e-05
0,2.372874e-05
0,1.4988135e-06
0,7.2243015e-06
0,0.117259875
0,0.0002525296
1,0.9999829
0,4.5531906e-06
0,0.25012207
1,0.999976
1,0.9999764
0,0.0015118936
1,0.0064082276
1,0.99887353
0,0.0019332828
1,0.9999962
0,0.0014574921
0,0.121502906
0,0.00035145003
1,0.80846554
0,0.99476933
0,0.00030624424
1,0.00018604386
0,0.9994556
0,0.9992512
0,0.99865305
0,0.8522117
0,0.99989325
0,5.38351e-07
1,2.7275828e-05
0,7.510944e-06
0,5.8561927e-06
0,2.8899143e-07
0,8.914385e-06
1,1.1901652e-05
1,0.98727673
1,0.98472184
0,0.00088232674
1,0.0008624051
0,1.1131964e-06
0,3.067923e-06
0,7.367862e-06
0,5.572629e-06
0,0.00033521975
1,0.82335633
1,0.00010207115
1,0.8144789
0,0.9854769
0,0.4729043
0,0.00049552385
0,2.3281205e-05
0,9.281778e-06
0,3.2525357e-05
0,0.0053825765
0,0.00026223634
0,2.7307458e-06
0,8.708548e-07
0,0.028584402
0,5.4310072e-05
0,0.016735898
0,0.00048140512
0,2.6577427e-06
0,0.5918445
1,0.999752
0,0.97448087
1,0.008995297
0,0.24841554
1,0.8862134
1,0.9927773
1,0.5842388
1,0.09464078
1,0.96082157
1,0.6618545
0,0.010400082
1,0.45927292
1,0.9999657
1,0.0011669446
1,0.9998693
0,0.97763306
1,0.00230108
0,1.536376e-05
1,0.9425707
1,0.9997832
1,0.9996111
0,3.2084351e-06
0,0.9701708
0,0.99959755
0,0.99994725
0,0.9997263
1,0.9998659
0,0.997501
0,3.298486e-06
1,0.01057224
1,5.310624e-06
1,0.9914456
0,0.006376053
1,0.00032543464
0,0.0016180095
0,6.977848e-05
0,6.667416e-05
0,9.293832e-05
1,0.99952024
1,0.00056296954
1,0.99907565
0,0.0007632145
0,3.5054684e-06
0,2.517877e-05
1,0.0002762885
0,7.2844286e-06
0,0.98084146
0,1.6868195e-05
0,8.852043e-06
0,0.32566988
1,0.9953706
0,1.7341566e-07
1,0.0025290379
1,1.4616733e-06
0,0.9121737
1,0.99320126
0,0.00027936324
1,0.00032754842
1,0.04624153
0,6.840414e-07
0,7.405696e-05
0,4.203643e-06
1,0.9998957
1,0.9998957
0,1.205848e-05
1,0.9996283
0,0.98084825
1,0.9997965
1,0.99997187
1,0.9885214
1,0.9999667
1,0.99373823
1,0.9999658
0,4.9960247e-05
1,0.99940264
1,0.99749964
1,0.9992407
0,3.7180784e-05
0,2.5147692e-05
0,0.0070983265
0,0.00017317089
0,0.00034223878
0,5.139573e-06
0,9.96144e-06
0,0.9993723
0,0.11029451
0,0.29736143
0,0.9999877
0,0.9999642
1,0.9998467
1,0.9998869
1,0.99998623
1,0.99963593
1,0.9998241
1,0.99978137
1,0.99596107
1,0.99998003
1,0.9999705
1,0.9999715
1,0.9999758
1,0.99989796
0,4.4008974e-07
0,5.2432227e-08
0,5.8772514e-07
0,0.005459681
0,0.0328596
1,0.99826515
0,0.00028844882
0,6.517554e-06
1,0.036751356
1,0.9999539
1,0.00012910545
1,0.011890924
1,0.00010561662
0,0.47265846
0,0.009454894
0,1.120798e-06
0,4.4847664e-07
1,0.00011160955
0,0.00078634446
0,0.95997316
1,0.9929606
0,0.2067757
0,0.00026808964
1,0.046415843
1,0.99395597
1,0.99996763
0,1.6783137e-05
1,0.99995506
1,0.99999404
1,0.9999681
1,0.99993837
0,0.0003995706
0,4.2669686e-07
0,1.2878543e-07
0,2.4522478e-07
0,0.017996999
0,5.3778364e-05
0,0.0035624427
1,2.2436661e-05
1,6.38554e-07
1,0.9318409
0,0.9827123
1,0.99791455
0,0.95470756
1,0.999258
1,0.99981123
1,0.9996269
1,0.99915165
1,0.99977934
1,0.99996996
1,0.99995786
1,0.9997875
1,0.9996822
1,0.99902296
1,0.99600935
1,0.99922526
1,0.99996674
1,0.99994576
1,0.9998198
1,0.9976286
1,0.9991031
1,0.9997716
1,0.99994576
1,0.78022844
0,1.887667e-07
0,0.006221723
0,4.566053e-06
1,0.00021981688
1,0.0023988262
0,0.00018733459
0,0.99915075
0,0.9744908
1,0.99976355
1,0.9988991
1,0.99995905
0,0.002621744
1,0.9999951
0,0.9974498
0,0.99990094
1,4.6144287e-06
0,0.98001385
0,5.1312818e-05
0,0.02368236
0,0.111152254
1,0.99995965
1,3.2031287e-05
0,9.834962e-08
0,0.0001519284
0,0.99983805
1,0.90670425
1,0.0035490284
1,0.032987367
1,0.0002727029
1,0.0016795754
0,0.0018278995
0,0.01851548
0,0.00024043511
0,1.4966901e-05
1,0.99997413
0,0.52623355
0,0.00026720547
0,0.0030015009
0,0.96987486
0,0.032368522
0,0.22712186
0,0.9863235
0,0.99118704
0,0.08013191
0,0.9738252
0,0.64412355
0,0.9996656
0,0.99864584
1,0.9936975
1,1.8385855e-07
0,1.8354895e-06
1,0.51826155
0,3.837118e-06
1,0.99941194
0,0.00021703847
0,0.0011570409
0,9.4837155e-08
1,0.99985933
0,3.2745916e-08
0,0.9932051
0,0.999921
1,0.9997221
1,0.99974346
1,0.009917181
0,1.5202679e-05
0,0.8380082
0,0.00092207827
0,0.99650615
0,0.024598364
1,0.9982039
1,0.9999504
1,0.9133338
1,0.99996674
1,0.99998
1,0.9999932
1,0.9999886
1,0.9999882
1,0.9997038
0,0.020269984
0,0.9295153
1,0.0012130603
1,0.99979687
0,2.935851e-05
0,7.755612e-06
0,3.4602958e-06
0,0.015227406
1,0.03629409
1,0.99879974
0,2.5464897e-05
1,0.30279738
0,0.97612983
1,0.9999387
1,0.99889505
0,0.99013823
0,4.4529267e-07
0,4.50138e-06
1,0.013433789
0,0.0073516774
0,5.6236007e-07
0,1.2281206e-06
1,2.400556e-06
0,0.0013371655
1,0.962204
0,1.989261e-07
0,5.3317785e-07
0,6.6607635e-07
0,0.9999891
0,0.42471552
1,0.0015876339
0,0.0018563997
0,0.00035397478
0,0.9958498
1,0.99999267
1,0.99998975
0,1.0884834e-05
1,0.99980044
0,0.00057907193
0,0.0004058068
1,0.99998885
1,0.9179015
0,0.000658904
1,0.0022956193
1,0.95924836
0,0.00090156874
0,0.0020982735
1,0.999921
0,0.9993635
1,0.0015055098
1,0.9999405
1,0.99984294
0,0.77585375
1,0.9999891
0,2.528931e-06
0,4.017937e-06
1,0.9920013
0,2.9927967e-06
0,6.563622e-05
0,0.9988285
1,0.9997637
0,0.99822915
0,0.99970394
0,0.015628243
0,0.0038896592
0,0.99278456
0,3.5675126e-05
1,0.9999849
1,0.62729573
1,0.9999307
1,0.99995446
1,0.9999897
1,0.99889624
1,0.9999937
1,0.9999887
1,0.9999937
0,4.3609493e-06
0,1.2677379e-05
1,0.00015651083
0,2.9109885e-06
0,0.00032221896
0,0.99537385
1,0.99896204
1,0.9998455
0,1.9227014e-06
0,0.9887864
1,0.89283353
1,9.1164575e-06
1,6.835367e-05
0,0.013793217
0,9.600167e-06
1,0.9810273
1,0.9999955
1,0.0013607409
0,4.430215e-05
0,2.7642009e-05
0,8.5829615e-06
1,0.00021217202
0,1.191588e-06
0,4.9617697e-08
0,1.5568481e-06
0,0.00071630103
0,5.4879692e-08
0,1.6299533e-07
0,1.343487e-06
1,0.9997337
1,0.99975514
0,5.269139e-07
0,1.1270319e-06
0,3.4126615e-06
0,2.3745791e-08
0,0.9987665
1,0.9952434
1,0.99777836
1,0.9996276
0,0.002384406
1,0.99751276
1,0.6751765
1,0.9999225
0,0.0024772356
0,0.0053436416
0,0.9998391
0,0.8572147
0,6.140605e-05
1,7.694443e-05
0,0.016648497
0,5.4789683e-07
1,0.98175377
1,0.9976074
0,2.855222e-07
0,0.014479526
0,0.023618065
0,2.2362407e-05
1,0.97983104
0,2.1233905e-06
1,0.99938786
0,8.978185e-05
0,0.9902744
0,0.00544368
1,0.9998512
1,0.9991925
1,0.9934418
1,0.9975185
1,2.3359876e-06
0,7.4632163e-07
1,0.9999484
0,0.4752905
0,0.9573007
0,2.0176554e-05
0,5.426396e-07
0,0.007424222
1,0.9930093
1,0.0021033017
1,0.96234804
1,0.12865214
1,0.9827418
1,0.8307878
1,0.7218666
1,0.9999528
1,0.124149874
0,0.97554684
1,0.98955214
1,0.9997343
0,0.9961983
0,3.4234537e-07
1,1.6084588e-05
0,0.00045759024
0,3.696024e-06
1,0.9999027
1,0.9950034
0,0.0076100132
0,3.328897e-05
1,0.99987745
1,0.33481696
1,0.99993926
0,0.99970275
1,0.041791007
0,0.010004333
1,0.12813579
0,2.9396486e-07
0,0.020923514
0,0.99629
0,2.9538693e-05
0,9.5089284e-08
0,2.55287e-05
0,0.00039494724
0,4.6390765e-06
1,0.0013185495
0,5.8289876e-05
1,2.9842073e-07
1,2.1284539e-07
0,0.16624236
1,0.9999823
1,0.00017127112
0,8.385222e-07
1,0.9968737
1,0.99636644
1,0.99997187
1,0.99999094
0,0.000719243
1,0.9806155
0,0.95059204
0,2.7224218e-05
0,3.982346e-07
0,9.746109e-07
0,4.4881044e-06
0,0.03617007
1,0.0010030073
1,0.0028962344
0,0.02666072
1,0.99924093
0,4.9097664e-05
1,0.00011538239
0,7.3285105e-07
0,2.953152e-06
0,5.394267e-05
1,0.99992925
1,0.9990516
1,0.013474846
0,0.13311128
0,0.001988745
0,0.0022703162
1,0.2741737
0,0.00026360046
0,5.1083047e-05
1,0.9996621
0,0.6373598
1,0.9999522
0,0.9998175
0,0.99913394
1,0.99989057
1,0.9989542
1,0.9995154
1,0.99979645
1,0.99922
1,0.9989741
1,0.9999376
1,0.99935746
1,0.99986356
1,0.99698806
1,0.9998335
1,0.9995446
1,0.0034524305
1,0.9998333
1,0.99985987
1,0.9998128
1,0.9999624
1,0.9991912
1,0.99959433
0,2.6618645e-07
1,0.9910752
0,5.0165913e-06
0,9.2654715e-05
1,0.9670172
0,8.4172626e-07
1,8.344625e-07
1,0.35651132
0,0.97288966
1,0.9939013
0,0.00010724519
0,2.1378117e-05
1,0.99800694
1,0.9977925
0,0.54444945
1,0.9981695
1,0.9800855
1,0.999977
0,9.6171455e-08
1,0.6422321
1,0.992596
1,0.99983543
1,0.997841
0,0.19806561
0,0.00050723006
1,0.99992675
0,0.0578249
1,0.0035453122
1,0.7989526
0,0.00015120217
0,2.05984e-06
1,0.99991137
1,0.9999243
1,0.9999015
1,0.9999729
1,0.0043474417
0,0.0005149453
0,0.00013707177
1,0.9998884
0,6.461543e-05
0,2.419753e-06
0,3.0341075e-06
1,0.9999762
0,0.9999825
0,0.99969554
0,0.12041908
1,0.9901222
1,0.9991391
0,0.9511421
0,0.9443537
0,3.3738863e-07
1,0.99992794
1,0.9999385
1,0.9940674
1,0.9999864
1,0.0018659792
0,0.0021400922
1,0.00015348919
0,7.8479246e-08
1,0.9841065
1,0.0015589189
1,0.0030312457
1,0.99999297
1,0.99988836
0,0.42013842
0,0.00034005794
0,0.039506573
1,0.8966713
0,0.0017143524
0,6.359392e-06
1,0.0007458772
1,0.97889775
1,0.9441253
1,2.6034679e-05
0,1.2250167e-07
1,0.99855787
1,0.99998164
0,0.00077053806
0,1.628086e-05
0,0.86666554
1,0.9999956
1,0.9999854
1,0.9999911
0,0.9985579
0,0.000874491
0,3.858641e-06
1,0.99937713
1,0.9999712
1,0.9999821
1,0.99995565
1,0.999976
0,0.9979471
0,0.06398482
0,1.5224674e-05
1,0.019722302
0,1.7323345e-06
0,7.690203e-05
0,0.5315329
1,0.99976385
0,3.9782117e-05
0,7.00827e-05
1,0.037838288
1,0.86330426
1,0.99250984
0,0.99992275
0,0.9941048
0,0.6654253
0,0.57588255
0,7.892717e-06
0,0.99144024
0,0.39490914
0,5.3447373e-05
0,0.8611003
0,0.0012053291
0,0.056693543
1,0.9998223
1,0.9999976
0,0.99996716
1,0.631945
1,0.98012877
0,0.87005967
1,0.02754479
1,0.9989284
1,0.9997373
1,0.0074375966
0,0.00020055618
0,0.53889525
0,0.0055926954
1,0.99878985
0,6.217293e-06
1,0.9726977
1,0.9999877
1,0.999257
1,0.9726917
0,1.2703305e-07
0,0.9440335
1,5.2964833e-06
1,0.03766546
0,0.99947846
0,0.9998882
1,0.00034311562
0,0.2846581
1,0.41478476
0,0.9998615
1,0.9999302
0,4.543188e-06
1,0.9997746
1,0.99943763
1,0.9994521
1,0.10067052
1,0.99998844
1,0.88004357
0,0.0003948332
1,0.99998266
0,1.511121e-05
0,1.3834997e-05
0,9.265401e-05
0,4.1789824e-07
1,0.05799825
0,0.99739563
1,0.9999813
1,0.99776536
1,0.000100927035
0,8.1660744e-07
0,0.005867561
0,0.98914176
0,0.9999485
1,0.9999295
1,0.99569947
1,0.9998627
1,0.99981505
1,0.9997962
1,0.99983203
1,0.99929225
1,0.99995494
1,0.99987614
1,0.9999408
1,0.99997663
1,0.99986833
1,0.9999106
1,0.99995106
1,0.9998826
1,0.9997829
1,0.99994886
1,0.9995114
1,0.99699163
1,0.9983964
1,0.99932516
1,0.9999689
1,0.9997887
1,0.9998694
1,0.9999502
1,0.99996203
1,0.9987518
1,1.7848406e-05
0,0.9994505
1,0.9802494
0,1.946769e-05
1,0.99997073
1,0.99520093
1,0.99624205
0,0.00049735565
1,0.00039136183
1,7.0553847e-06
0,0.0024220878
0,0.07412118
0,0.096904576
0,0.0077227056
1,0.00025371744
1,0.99987847
1,0.9999387
0,7.6196886e-07
0,0.0030183913
0,2.8036278e-05
1,0.99656945
1,0.9998806
1,0.9994816
0,0.9999809
1,0.0061267694
1,0.9995923
0,0.9979385
0,0.054631542
0,0.81147933
1,2.1417947e-05
0,1.44746215e-08
0,0.030810185
1,0.99999315
1,0.00022722331
0,0.0006339666
0,0.0002357563
0,1.4495932e-06
0,0.004239654
0,0.00021111681
1,0.9999699
0,1.9879556e-06
0,0.00021196254
1,0.96704787
0,0.00032756996
0,0.6934657
0,0.97771275
1,0.2576527
1,0.99577016
1,0.98678654
1,0.9312327
1,0.9889064
0,0.00091285503
1,0.08313414
0,0.93940526
0,0.0009423771
0,0.971763
0,0.033640023
0,0.0014293895
0,0.00037289484
1,0.61202747
0,0.00028136236
0,0.9979188
0,0.9112443
0,1.234334e-05
1,0.1212598
0,0.021916684
1,0.015130317
1,2.9272178e-05
1,0.9999115
1,0.54925156
1,0.9993718
0,9.513646e-05
1,0.0033741596
1,0.0011727548
0,3.863501e-08
1,0.9999838
1,1.0716931e-05
0,0.9948806
0,9.592415e-05
0,0.99982977
0,0.99113375
0,0.9999386
1,0.99785525
0,0.00010259302
1,0.99999386
0,0.065534525
0,3.4655197e-05
0,0.0036470108
0,4.837986e-05
0,0.9860368
0,3.6222005e-07
1,0.9987322
1,0.9999023
0,3.6861957e-06
0,0.020754274
1,0.9996368
0,0.011485758
1,0.99988276
1,0.99906164
0,0.0034835269
0,1.7555634e-06
1,0.0074963737
0,3.787452e-06
1,0.99802244
0,0.9998229
0,1.4334498e-06
0,0.99696714
1,0.9287599
1,0.9506257
1,0.9995557
1,0.99150294
1,0.9986715
0,1.2739636e-05
0,0.9876941
1,0.9999277
1,0.9962273
0,0.892606
0,7.375982e-05
1,0.9999706
0,0.9999258
0,0.43689483
0,3.8335496e-05
1,0.99975574
1,0.99950284
0,1.8374706e-07
0,2.4778367e-07
0,2.5927372e-06
1,0.9999898
1,0.9999547
1,0.50377965
0,0.99226284
1,0.45190758
1,0.011663269
1,0.99496144
1,0.9999429
0,0.127803
0,0.9885621
0,0.9998182
0,0.9572643
0,1.6313089e-06
1,0.9968982
1,0.99919677
1,0.9995007
1,0.0054195286
1,0.999902
1,0.9733416
1,0.9992925
1,0.00054143433
1,0.9964795
0,0.32854778
1,0.99998856
1,0.9996004
1,0.99995124
1,1.5579368e-06
1,1.0969627e-06
0,0.008694846
1,0.9999936
1,0.99996644
0,1.3039221e-08
1,0.99313474
0,3.310415e-05
0,1.9308975e-05
0,4.638766e-08
0,4.9510536e-06
0,6.3911066e-05
0,0.81303513
1,9.041282e-05
0,8.7145963e-07
1,0.9999841
0,0.8007567
0,0.53470236
1,3.0798262e-07
0,2.8934771e-06
0,0.001229581
0,0.0040645963
0,0.9990123
1,0.9973822
1,0.9973822
0,5.9000904e-05
1,0.00024624742
0,0.0028070228
0,0.85506254
0,0.9999221
0,0.09683297
1,8.1140475e-05
0,9.579454e-06
1,0.9999086
0,9.9263125e-05
1,0.99998456
1,3.6451165e-06
0,0.10175183
1,0.99792624
0,6.297166e-05
0,6.373058e-06
1,0.9999119
0,0.18308342
1,0.9997789
0,0.9999776
0,8.042669e-06
0,8.1125465e-05
0,0.18760252
1,4.6457917e-05
0,0.021210378
1,0.00047491267
0,0.95889264
0,0.9900154
0,0.8386422
0,0.79486316
0,0.9986954
1,0.999979
1,1.3296126e-05
0,8.459822e-06
0,2.7609176e-06
0,4.1302465e-05
0,1.930768e-06
0,0.9938574
0,1.9940162e-05
0,4.1002065e-07
1,0.9999892
0,5.247991e-07
0,9.934478e-07
0,0.03278691
0,0.018091382
0,0.9779041
0,0.00037175755
1,0.99551255
0,1.5814925e-05
0,1.9909685e-06
0,0.36659697
0,9.902688e-08
0,0.0035978958
1,7.5324755e-07
0,3.7304377e-05
0,0.998649
1,0.99999464
1,0.9999912
1,0.9999931
1,0.99990225
0,4.7587996e-06
0,0.00029845032
0,0.9925953
0,0.999984
1,0.99905574
0,2.8559525e-05
1,0.38159204
0,0.00024914675
0,0.9999478
0,4.6341243e-06
0,2.1830898e-05
0,2.2680283e-06
0,1.365533e-06
0,2.043466e-05
0,0.0011742796
0,0.001323332
0,0.5617704
1,0.99936867
1,0.99998903
0,7.789147e-05
1,0.99971145
1,0.9999897
1,0.99943036
0,0.008803586
0,0.059863005
0,0.9943996
0,0.9896241
0,0.51917994
0,1.950041e-06
1,0.9999284
0,0.99725324
0,6.9652856e-07
1,0.010048835
0,0.0016331231
0,0.012920235
0,0.003274138
0,0.83176136
1,0.00060305145
1,0.29180518
1,0.005052505
0,0.00017467319
0,0.1817383
0,0.9994827
1,0.99999213
1,0.99992794
1,0.9999961
1,0.99996966
1,0.99993277
1,0.9999814
0,2.835304e-05
1,0.99604136
1,0.99999416
0,4.0708903e-05
0,0.00012319212
1,0.999978
1,0.3685408
0,2.7227676e-07
1,0.0055918
0,0.017903144
1,4.1948223e-07
0,7.665229e-05
0,0.00012157759
0,0.9557609
1,0.99924105
1,0.9974041
0,0.50200623
1,0.99989927
1,0.9994667
0,0.9974406
1,0.99997663
0,8.457239e-05
0,0.9998627
0,0.9347343
1,0.99996084
1,0.9999125
1,0.9999484
1,0.9998909
1,0.9999947
1,0.99996215
1,0.8780253
1,3.799766e-05
1,0.99999684
1,0.9999567
1,0.99984556
1,0.9999933
0,0.99979866
1,0.9995383
1,0.9999442
0,1.884123e-05
0,0.992834
0,0.9325623
0,0.8080826
0,8.6727705e-06
0,1.286934e-06
1,0.0063881055
0,3.8310573e-05
1,4.8133245e-07
0,9.988047e-07
1,0.00053752755
0,1.0180701e-06
1,0.999279
0,7.277404e-07
0,0.99918914
0,1.954433e-05
0,0.00010667729
0,0.90803576
1,0.0144008
0,0.3127377
0,0.0011712137
0,0.99933046
0,3.9223272e-05
0,0.00043099173
1,0.99990994
1,0.9968221
1,2.4385785e-05
1,7.9314086e-05
1,0.9998243
1,0.13926291
1,0.99965733
1,0.99835783
1,0.9990582
1,0.6888616
1,0.9978002
1,0.9752177
1,0.99826175
0,0.7447183
0,0.00022415376
0,0.1541605
0,0.9997015
0,0.002240368
0,0.9590142
0,0.9987997
0,0.026200186
0,0.99986637
0,0.96631944
1,0.001956844
1,0.0010574496
1,0.0001300049
0,0.0017993589
1,0.9896389
1,0.53192
1,0.0033829515
0,2.4499927e-06
0,6.177688e-06
0,4.4621686e-07
1,0.4623101
0,0.97433513
1,0.99913806
1,1.6904244e-06
0,7.1500103e-06
1,5.121011e-06
0,6.843735e-05
0,5.7128586e-06
1,4.267382e-06
0,0.0030520426
0,0.36529386
0,0.9995906
1,0.9999746
1,0.99991304
1,0.99997985
1,0.015976286
0,0.999982
0,0.00028652308
1,0.99221593
0,3.975223e-06
0,2.3211108e-07
0,0.9741551
1,0.050756935
0,0.77050376
0,0.0027716493
0,0.07935841
1,0.9997631
0,4.6872565e-06
0,5.338408e-07
0,8.3130835e-05
1,7.807707e-07
0,0.023542924
1,0.21846151
0,0.022923568
0,0.0050092507
1,0.0014085298
0,0.8240117
0,0.9953394
1,0.9999145
1,0.99999404
1,0.9951181
0,2.0728994e-05
0,5.8282903e-06
1,0.0005416565
1,0.0080529405
0,0.99618316
1,0.00064160477
1,0.9926465
0,0.14979155
1,0.99760944
0,0.9996622
0,1.9660174e-05
0,7.2027994e-08
0,9.1502116e-05
0,1.0360735e-05
0,0.00014308661
0,0.00014331534
0,0.000101895035
1,0.99672675
0,1.0761231e-06
0,6.1938463e-06
0,0.00010461547
1,0.9355105
0,6.262785e-08
1,0.9967679
1,0.9999403
1,0.00014786229
1,0.9999869
0,0.0006732063
0,5.17598e-05
0,9.284975e-05
1,0.9996962
0,0.9987993
1,0.9945718
0,0.9884396
0,0.99897736
1,0.9989079
0,0.9962608
1,0.10396453
0,8.179738e-07
1,1.12888e-06
1,0.99988985
0,1.7330291e-07
1,0.9994592
1,0.9998818
0,0.0009354104
0,8.060513e-06
0,4.3238433e-05
0,2.2526814e-05
0,0.005277708
1,0.00019946192
0,0.00026192123
1,0.9929257
0,1.44001e-05
0,1.1689775e-06
1,8.368499e-06
1,0.00010692742
1,0.99995893
1,4.106235e-06
1,6.332254e-05
1,0.0004311436
1,0.9989965
1,0.9990707
1,0.9998993
1,0.9999727
0,9.217576e-05
0,8.895973e-06
0,0.0028572339
0,0.00036046858
0,0.010232644
1,0.99802804
1,0.5227344
1,5.527167e-07
0,0.00094971876
0,7.713588e-07
0,6.0450856e-07
0,1.6331239e-06
1,0.99997556
1,0.99994516
0,8.587179e-06
0,5.5317585e-05
0,0.00029418478
0,2.5716505e-05
0,1.9008843e-05
1,6.766101e-06
0,8.345588e-07
1,0.00048359338
0,0.53372794
1,0.99617916
1,9.619243e-07
0,0.9999022
1,0.33559048
1,0.996678
1,0.9965751
1,0.00897769
1,0.9214249
1,0.000114650305
1,0.009928175
1,0.99996454
1,0.46894696
0,0.012472751
0,0.12139261
0,9.052074e-05
0,0.9517287
0,0.79022235
0,0.003509905
1,0.99995327
1,0.9999547
1,1.7667997e-05
0,0.007306419
0,1.6954698e-06
0,4.799592e-06
0,0.00024476595
0,1.5654205e-05
0,0.14584497
1,6.112077e-05
1,0.9928808
1,0.9690904
0,1.6086377e-06
0,1.9746025e-05
0,0.9696454
0,0.45426834
1,0.00074410695
1,8.650738e-07
0,0.84087247
0,6.139986e-06
0,0.17868643
0,9.816818e-05
0,0.0004099102
1,0.99485433
1,3.4059246e-06
1,0.9997465
0,2.942059e-05
0,0.024550678
0,0.9989094
0,0.0011679176
0,0.99338204
1,0.99999595
