y_true,y_prob
1,0.7154105
0,0.0047208285
1,0.99952704
0,0.0003347704
1,0.89305604
1,0.99906975
1,0.89681745
0,0.0022902566
1,0.41472694
1,0.9542905
1,0.58167815
1,0.9982673
0,0.017008716
0,0.0046586334
0,0.04534899
0,0.024098726
0,0.00027814336
0,0.0045662154
1,0.9582759
1,0.90852463
1,0.9915562
1,0.9100908
1,0.99236363
1,0.99509704
1,0.856915
0,0.24709253
1,0.993058
1,0.97629434
1,0.81032324
1,0.9705934
1,0.9801689
1,0.71259606
1,0.86313003
1,0.24301933
1,0.998513
1,0.7956651
0,0.0004357053
0,0.034276012
0,0.7085511
1,0.8713325
0,0.1900454
0,0.30322486
1,0.943776
1,0.9623661
1,0.943776
1,0.943776
1,0.9529337
1,0.8815756
1,0.94646084
0,0.0066031357
0,0.06097158
1,0.997202
1,0.99976856
1,0.99205536
0,0.04817283
0,0.0005991851
0,0.00077246164
1,0.92668796
1,0.99106807
1,0.98598063
1,0.6120492
1,0.9430414
0,0.014334868
1,0.31172663
1,0.99331576
1,0.5728556
1,0.70976377
0,0.07760728
0,0.22216588
1,0.9666303
0,0.00391871
0,0.026182806
0,0.038706906
0,0.00020201075
1,0.47909138
1,0.69881034
1,0.30581594
0,0.036964294
1,0.9296285
0,0.27267367
0,0.00077132566
1,0.47620633
1,0.48471063
1,0.6179755
1,0.44930795
1,0.9061418
0,0.00022513389
1,0.51443493
0,0.005041325
0,0.0032579931
0,0.07930235
0,0.0046607475
0,0.032880466
0,0.023288004
0,0.015874797
1,0.67670846
0,0.14217198
0,0.028529478
1,0.74719363
0,0.21631287
0,0.057672944
1,0.82706666
1,0.007646945
0,4.9751623e-05
0,5.604423e-05
0,0.0015285464
0,9.630442e-05
0,3.0404186e-05
0,3.889775e-05
0,3.2681008e-05
0,2.5973499e-05
0,0.00064749306
0,1.9673735e-05
0,0.0008932379
0,0.045048337
0,0.043010946
1,0.8677191
0,0.05599231
1,0.9999064
0,0.0003575047
1,0.9982241
0,0.00245637
1,0.42999658
1,0.9880489
1,0.92499155
0,0.050256312
1,0.9484245
1,0.5087838
0,0.016330764
0,0.009662525
0,0.31083727
1,0.9987767
0,0.42316666
1,0.4217376
0,0.036780857
0,0.05279458
0,0.03176683
1,0.9093468
0,1.8168259e-05
0,0.00012582417
1,0.9989544
1,0.001115098
0,0.0015783709
0,0.0011167427
0,0.0006812734
0,0.0009864235
0,0.0026642391
0,0.0010368397
0,0.0023193448
0,0.001566644
0,0.0011064981
0,0.0038055792
0,0.0028149465
0,0.00075840915
0,0.007475832
0,0.0011574907
0,0.0010678066
0,0.0016112883
0,0.0015707547
0,0.0014924174
0,0.00348033
0,0.0043367962
0,0.0020614443
0,0.0003958143
0,0.0019766695
0,0.008832574
0,0.004564304
0,0.0027189483
0,0.0019078292
0,0.0015548873
0,0.0033962796
0,0.001900656
0,0.0033962796
0,0.0033769088
1,0.9518459
1,0.948749
1,0.6012578
1,0.993063
1,0.91623896
0,0.0006142445
1,0.4893986
1,0.94771516
1,0.99943364
1,0.77212363
0,0.017828638
1,0.22327521
0,0.0344653
0,0.08898388
0,0.001075514
0,0.1764743
1,0.93451566
0,0.0012211564
0,0.0057476796
0,0.00914789
0,0.026707092
1,0.9608372
0,0.0070215925
0,0.00057961943
1,0.9450914
0,0.008560017
0,0.0032647774
0,0.010712197
1,0.99936265
1,0.9996385
1,0.9963751
1,0.999541
0,0.0012439349
0,0.0011379046
0,0.0026680534
0,0.0022557843
0,0.002841561
1,0.99940526
1,0.9997463
1,0.99982995
1,0.99471277
1,0.9606971
1,0.99998623
0,0.00013358549
0,0.004306383
0,0.003028509
0,0.0004954198
0,0.00041308877
0,0.00042922972
0,0.0003777503
0,0.00023713848
0,0.00096518797
0,0.031671952
1,0.94396126
0,0.00028455074
0,0.01317653
0,0.009952729
1,0.94748175
1,0.2679056
0,0.23063722
0,0.13543576
1,0.6983408
1,0.9787011
1,0.97889864
0,0.093088046
0,0.040140674
1,0.079017065
0,0.0098530715
0,0.0054605487
0,0.0053460854
0,0.004122341
0,0.007625752
1,0.65853155
1,0.9981781
1,0.9542444
1,0.94500035
0,0.43476334
1,0.7837098
0,0.30061245
0,0.30061245
1,0.7188207
1,0.7188207
0,0.16266954
0,0.52463984
1,0.68193495
1,0.80223817
0,0.350565
0,0.048571073
0,0.035034604
1,0.99513537
1,0.9927214
1,0.99907297
1,0.99588525
1,0.99161774
1,0.9980558
1,0.9955968
1,0.9964661
1,0.9981772
1,0.99931026
1,0.9962329
1,0.52543914
0,0.028381769
0,0.0005001897
1,0.9873974
0,0.00025905002
0,0.0001322388
1,0.9992353
1,0.99236226
0,0.0028993192
1,0.7393284
1,0.7345544
0,0.0017041025
0,0.0067503485
0,0.0006750949
1,0.50338084
0,0.00074373407
0,0.010035078
1,0.998591
0,0.000954599
1,0.2508397
0,0.0012563393
0,0.07851261
0,0.05004177
0,0.0005426929
1,0.9367349
1,0.8956367
0,0.010753206
0,0.00064125634
0,0.012358919
0,0.007173098
0,0.11271996
0,0.079330996
0,0.0021242888
0,0.017083425
0,0.00017970438
1,0.5639256
0,0.035683945
1,0.99041384
0,0.023347555
1,0.9982917
1,0.9961055
0,0.39808846
1,0.6150814
1,0.01977098
0,0.2404884
0,0.15655927
1,0.48717076
0,0.0074651116
1,0.9287932
0,0.00606204
1,0.99974746
0,0.0011358188
1,0.9375935
1,0.999623
0,0.12284653
0,0.097534075
0,0.00015273296
0,0.00013574904
0,0.085283205
0,0.009736896
1,0.6364211
1,0.5904109
0,1.730928e-05
1,0.9997626
1,0.9981234
1,0.9998126
1,0.99979645
1,0.99900913
1,0.9995487
1,0.9997089
1,0.9969767
1,0.40406257
0,0.28813857
1,0.65947384
1,0.09360818
0,0.0021876164
1,0.9998902
0,0.0009146354
1,0.09934946
1,0.58344114
0,0.0017547387
0,0.00116194
0,0.0011420338
0,0.0126304785
1,0.9993566
1,0.7331754
0,0.0001546694
1,0.50418836
0,0.022267783
0,0.61812216
0,0.0058956
1,0.99976665
0,0.044701185
0,0.018561525
1,0.33396423
1,0.99975556
0,0.0019263121
0,0.011401193
0,0.022146031
0,0.02228504
0,0.016047826
0,0.009278645
1,0.58937484
0,0.0117343
1,0.1665591
1,0.46721363
0,0.29259455
0,0.0042010727
1,0.3091544
0,0.42224157
0,0.28612295
1,0.5401589
0,0.31149852
0,0.3046708
1,0.34536326
1,0.40821555
1,0.34763187
1,0.65466475
0,0.330777
1,0.30349556
0,0.38131785
1,0.4675589
0,0.60177314
1,0.35185948
1,0.3402229
0,0.0023438635
1,0.99959576
1,0.17407447
0,0.05841066
1,0.9415181
1,0.9969963
1,0.99805945
1,0.9997317
1,0.97879446
1,0.99936366
1,0.99168164
1,0.9980266
1,0.98844916
1,0.99469686
1,0.99845743
1,0.993845
1,0.99904555
1,0.99899375
1,0.99933887
1,0.99213904
1,0.99893874
1,0.9851164
1,0.9990069
1,0.9954714
1,0.99819374
1,0.99898773
1,0.99597764
0,0.39195156
0,0.04831699
1,0.2072268
0,0.0021958265
0,0.16260599
0,0.007129039
0,0.005110126
1,0.42339718
1,0.41939658
0,0.055679727
0,0.0034424064
0,0.0027774984
0,0.0010801114
0,0.0037956203
1,0.89745075
1,0.7665173
0,0.0007943382
1,0.9798453
1,0.9798453
1,0.9798453
0,0.4445486
1,0.9932723
1,0.70928574
1,0.66030645
0,0.060068257
0,0.0863996
1,0.36183092
0,0.068646796
0,0.0013779622
1,0.41104302
0,0.0018987502
1,0.4851151
1,0.9949193
0,0.00011527451
0,0.00011493645
0,0.00018698072
0,0.00013428087
0,0.00069035456
0,0.00011262648
0,0.00015470067
1,0.4800065
1,0.4722233
1,0.82493913
0,0.11856747
1,0.9626188
0,0.0026007823
0,0.0003848809
0,0.011789076
0,0.016727423
0,0.04200949
1,0.96974665
0,0.16611809
0,0.00013358842
0,0.011197824
0,0.0011476289
1,0.93953365
1,0.9993443
1,0.9648633
1,0.99969465
1,0.9995634
1,0.9978492
1,0.99964225
1,0.99822307
1,0.9998924
0,0.001150832
1,0.6775607
1,0.9812548
1,0.1490887
1,0.9088061
1,0.80549276
1,0.33872464
0,0.6213589
1,0.98065066
1,0.96972424
1,0.9788478
1,0.98991805
0,0.00043979552
1,0.9532065
1,0.68794817
0,0.051555816
0,0.052472018
1,0.8619892
0,0.078723446
1,0.7899368
0,0.0047341962
1,0.99956685
0,0.0057836073
1,0.3223197
1,0.98745406
1,0.9997125
0,0.005682156
0,0.023736862
1,0.22723137
1,0.36244303
1,0.9215081
0,0.05653945
0,0.045446288
1,0.820584
1,0.75864375
0,0.012851013
1,0.75146204
1,0.68401223
0,0.41156888
1,0.39396968
0,0.0046727317
1,0.36495936
0,0.0112477215
1,0.99952227
1,0.9983587
0,0.06701456
1,0.4173213
1,0.41839436
1,0.9740497
0,0.0063161897
1,0.9037138
0,0.00066126
0,0.1088625
0,0.13018325
1,0.7935381
1,0.93008685
0,0.0012584374
1,0.06436962
0,0.015072417
0,0.0453627
1,0.54144156
0,0.013748752
1,0.96870995
0,0.00046961644
0,0.014279725
0,0.042317368
1,0.98183733
0,0.00046877316
0,0.019354278
1,0.61474735
0,0.0012096035
0,0.001551511
0,0.052567072
1,0.62924397
1,0.90450746
0,0.05699973
0,0.09219386
1,0.30732867
1,0.19435261
1,0.9974999
1,0.9992768
0,0.0013872683
1,0.9890434
1,0.9907392
0,0.011112572
0,0.001800147
0,0.001225926
1,0.952916
0,0.027375365
0,0.004801479
0,0.0018953977
0,0.006751611
1,0.81951535
1,0.966737
1,0.9040668
0,0.034988087
0,0.00072981836
0,0.030371819
0,0.0006389668
1,0.8472868
0,0.0091838995
0,0.020437479
0,0.11910123
0,0.38037336
1,0.33882636
1,0.9892415
1,0.96254593
0,0.0015511601
1,0.8770171
1,0.9015654
1,0.39550516
0,0.16366096
0,0.015342368
1,0.9891516
0,0.0006590869
0,0.5820236
0,0.015258391
0,0.015163272
0,0.00025088666
1,0.81732595
1,0.79014015
0,0.2482999
0,0.033988383
0,0.040656637
0,0.0124311065
0,0.031469833
1,0.99968594
1,0.99968594
1,0.9999746
1,0.99976104
0,0.01550969
1,0.9964573
1,0.55867094
1,0.22966857
1,0.65740716
1,0.80292535
1,0.9941392
1,0.9321272
1,0.9277233
1,0.94892186
1,0.9768426
1,0.8943195
1,0.828099
0,0.43550658
1,0.78023034
1,0.93138576
0,0.009792985
0,0.0025489442
1,0.6169386
0,0.0003901441
0,0.0008575018
0,0.0012918477
0,0.0022675605
0,0.41745022
0,0.0090441415
0,0.01634012
0,0.1734835
1,0.70870364
0,0.0025760715
1,0.7193096
1,0.9995632
1,0.99640405
1,0.37693524
1,0.54522336
1,0.35582653
1,0.035794932
1,0.99442303
1,0.997726
1,0.9355713
1,0.15475991
0,0.00029226398
0,0.0012755395
0,0.0013278063
1,0.96721977
0,0.015927874
0,0.006717002
0,0.0011923374
1,0.9836684
1,0.9769936
0,0.0006231864
0,0.00810474
1,0.9971795
1,0.86305094
1,0.88047314
1,0.81714666
0,0.014874036
1,0.5675238
1,0.99987024
1,0.52715063
1,0.15306216
1,0.98305887
0,0.013828905
0,0.072562896
0,0.01628979
0,0.008010911
0,0.009477893
0,0.0075106174
0,0.00028021043
1,0.55709183
0,0.00019076042
0,0.53108466
1,0.32375902
1,0.99849504
0,0.021946227
0,0.021946866
0,0.00045516575
0,0.0056543835
0,0.0006001399
0,0.0006368923
0,0.0054530287
1,0.9847289
0,0.14194809
0,0.004244496
0,0.026814692
1,0.9718082
0,0.00015820254
1,0.9939693
1,0.44487837
0,0.005815377
1,0.8490759
1,0.7798006
1,0.25595534
0,0.035898626
1,0.73637986
1,0.74893713
0,0.020060284
0,0.18030822
1,0.20227142
0,0.05887415
0,0.0010518618
0,0.01289331
0,0.4285826
0,0.43175665
1,0.50351834
1,0.8509868
1,0.7364519
1,0.82517225
0,0.09068901
0,0.0124326395
1,0.81158304
0,0.0055338494
1,0.51980394
1,0.012169919
1,0.8961998
0,0.14686243
0,0.00066180824
0,0.0043109446
0,0.00078857964
1,0.9818721
1,0.97690994
1,0.9706359
0,0.0064841053
1,0.35364175
0,0.38388687
1,0.99979174
1,0.9996615
0,0.0023850491
0,0.006267235
1,0.5796863
1,0.38400376
0,0.029038468
1,0.6581526
1,0.42641932
0,0.0007176666
0,0.048484866
1,0.42470202
1,0.4278538
1,0.42017695
1,0.98573107
0,0.004571939
1,0.95544803
0,0.053466868
1,0.9796452
0,0.025892604
0,0.022202644
1,0.8457221
1,0.71952945
0,0.00014729069
1,0.9952766
1,0.9976004
1,0.99823564
1,0.97318035
1,0.9993879
1,0.9981819
1,0.99092764
1,0.99915355
1,0.99941176
1,0.9998488
1,0.8030224
0,0.0076178
1,0.99847955
1,0.9987948
1,0.9991567
1,0.9935789
1,0.9995029
1,0.999158
1,0.99968475
1,0.99793226
1,0.9988639
1,0.9985667
1,0.9987246
1,0.9981637
1,0.909847
1,0.99886286
0,0.00035690382
1,0.5027212
1,0.3167557
0,4.0323845e-05
1,0.8910105
1,0.3350886
0,0.0013488876
0,0.013431817
0,0.046935048
0,0.00462389
0,0.009185652
0,0.5064088
1,0.39817962
0,0.38968015
0,0.020072235
0,0.3084694
0,6.459935e-05
0,0.0007238122
1,0.99609417
0,0.0046852226
1,0.36940518
1,0.97713006
1,0.9150033
0,0.03585856
1,0.99821234
0,0.3893849
0,0.39654338
0,0.10582314
0,0.4058135
0,0.398097
1,0.45912963
1,0.38064718
1,0.3662012
1,0.48118624
1,0.34269407
1,0.43263218
1,0.9752615
0,0.27945083
0,0.08302946
0,0.012125509
0,0.26457027
0,0.23056237
1,0.33101308
0,0.030998187
0,0.018053662
0,0.1404082
0,0.013383483
1,0.9996769
0,0.008848149
0,0.00532944
1,0.46716928
0,0.009109469
0,0.0015803514
1,0.98908305
1,0.9499128
1,0.9755097
0,0.012290074
0,0.02717883
0,0.00836126
1,0.3541904
1,0.98493826
1,0.9957809
1,0.9995124
0,0.0024679997
0,4.4083255e-05
0,0.055064023
1,0.9950598
1,0.97636795
1,0.9098279
0,0.06295347
0,0.002503605
0,0.028123772
0,0.0040060827
0,0.027168361
0,0.0036512115
1,0.51292026
1,0.49043965
1,0.49043965
0,0.021112971
1,0.0047522285
0,0.0017822989
0,0.00038287547
1,0.50885147
1,0.7931833
0,0.12043498
1,0.99686915
1,0.9449644
1,0.99834156
0,0.0063483715
1,0.8132335
1,0.60103
1,0.11629037
1,0.07412201
0,0.71864986
1,0.50623417
0,0.1262066
0,0.005897716
0,0.021272654
0,0.40664592
0,9.558166e-05
1,0.9694058
0,0.074268065
1,0.8092312
1,0.958227
0,0.27104956
0,0.00060544384
1,0.9961157
1,0.9186449
0,0.8847065
0,0.013872386
0,0.004162046
1,0.9531527
0,0.06920081
0,0.00764387
1,0.76624095
0,0.02394336
0,0.15444714
0,0.10042701
0,0.0021163325
0,0.0019559602
1,0.9685499
1,0.44615147
1,0.39641953
1,0.43713826
0,0.0073010256
0,0.009280425
0,0.0037651975
1,0.008775205
1,0.6895702
0,0.00030075395
0,0.00016715267
0,0.00035828564
0,0.004317762
0,0.030456852
0,0.6322231
1,0.49960628
0,0.0013949901
0,0.0006170366
1,0.99914765
1,0.989222
0,0.0008742335
1,0.1007597
0,0.011668085
1,0.9602646
0,0.051133376
0,0.03808756
0,0.012959267
0,0.0011220787
1,0.9366317
1,0.94522846
1,0.95090663
0,0.0032240974
0,0.0020840184
1,0.7495834
1,0.5254328
0,0.005162065
0,0.011005232
0,0.003445234
0,0.007541536
0,0.42361632
1,0.639218
1,0.6210765
1,0.602795
1,0.60295427
1,0.6213695
1,0.7008276
1,0.7313951
1,0.60194445
1,0.60390323
1,0.5737195
1,0.61454207
0,0.6989995
0,0.037647784
1,0.34351674
0,0.0007222112
0,0.0013836398
0,0.0024390474
1,0.8908729
1,0.9959681
0,0.01167375
1,0.34808046
1,0.9883741
0,0.009013674
0,0.000458323
0,0.21929865
0,0.0006983282
1,0.43192303
1,0.43159753
0,0.43028262
1,0.65931225
0,0.001110798
1,0.45070517
0,0.05004075
0,0.23432863
1,0.0880484
0,0.008327024
1,0.442003
0,0.0012188246
0,0.00069985987
0,0.0027185953
0,0.10727697
0,0.47024715
1,0.51940715
1,0.9380873
1,0.94830894
0,0.0042000837
1,0.63269293
1,0.21794724
1,0.9957314
0,0.015572349
0,0.06374503
0,0.00013986167
0,9.094712e-05
1,0.97083044
1,0.45684808
1,0.9636417
0,0.097128205
0,0.00017515103
1,0.8029434
1,0.8974199
1,0.5583714
1,0.5402436
1,0.6202872
1,0.45670164
1,0.99930423
0,0.01233811
0,0.0029308093
0,0.0030713344
1,0.79763097
0,0.0014687983
0,0.0011258051
1,0.5321051
1,0.9243338
1,0.029880965
1,0.97238976
0,0.15700495
0,0.0005390216
0,0.0017886832
0,0.4346258
1,0.45066655
1,0.44344875
0,0.0012879545
0,0.017875263
0,0.023219373
0,0.038904984
0,0.0006651107
0,0.0055646105
1,0.99992186
1,0.9993653
1,0.99992186
1,0.99992186
1,0.57756186
1,0.49554312
1,0.99284893
1,0.34686133
0,0.31376833
0,0.0032913566
1,0.6668517
0,0.0038565176
1,0.9394325
0,0.0075782132
0,0.062199872
0,0.053905137
0,0.023803025
1,0.9998415
0,0.0015698256
1,0.94243246
0,0.015199808
1,0.50671893
1,0.9810475
0,0.002194142
0,0.0006805956
0,0.0004285649
1,0.53801215
1,0.5966928
0,0.0011456278
0,5.25902e-05
1,0.99964255
1,0.34502077
0,0.007886689
0,0.025968907
0,0.13873975
0,0.016556885
0,0.08030183
1,0.99948305
1,0.978697
1,0.9816319
1,0.9989039
1,0.48297527
1,0.46100923
0,0.01993285
0,0.001673458
0,0.0031276706
0,0.0011440346
1,0.996036
0,0.012681924
0,0.0010359733
0,0.004497293
1,0.9977692
0,0.021420192
0,0.011550777
0,0.0029122408
0,0.0053430507
0,0.0033307087
1,0.423609
0,0.010253397
0,0.00097477075
0,0.24270591
1,0.21767959
1,0.8694268
0,0.05435936
1,0.011918441
1,0.3777521
0,0.0122855995
0,0.001168719
0,0.030584525
1,0.27102584
0,0.015351056
1,0.17247947
0,0.04695888
1,0.99924856
1,0.99970317
1,0.9994137
1,0.99973404
1,0.9975144
1,0.9998695
1,0.9997506
1,0.99979633
1,0.99889624
1,0.9997622
1,0.99934876
1,0.99923134
1,0.99972385
1,0.9995157
1,0.9997745
1,0.9997721
1,0.99938214
1,0.99938786
1,0.9996457
0,0.07334406
1,0.72014713
0,0.05003446
0,0.12537429
0,0.18575555
1,0.9353474
1,0.33970377
0,0.3382484
1,0.97441846
0,0.019995825
0,0.03947238
1,0.63023216
1,0.9526281
0,0.0010816489
0,0.039930467
0,0.002361243
1,0.9989209
1,0.92337465
1,0.92337465
1,0.98383784
0,0.024189511
0,0.0030467908
0,0.0065978016
0,0.010586996
0,0.037134863
0,0.0036380428
0,0.00089187
0,0.0022152246
0,0.3642965
1,0.9993907
1,0.992018
1,0.9986982
0,0.13043565
0,0.02065395
1,0.99433535
1,0.9989435
1,0.99272
1,0.997338
1,0.996976
1,0.9923576
1,0.97735685
1,0.99546736
1,0.9844351
1,0.994311
1,0.98391736
1,0.99759763
1,0.98194635
1,0.9994966
1,0.99835473
1,0.994699
1,0.9954698
1,0.9743758
0,0.44721958
0,0.12189528
0,0.008321915
1,0.9246979
0,0.01695408
1,0.96113825
0,0.00023864728
0,0.15248004
0,0.00243816
0,0.001964552
0,0.0057184873
0,0.001041435
0,0.0009113881
0,0.00083441054
1,0.64154124
1,0.2690485
1,0.0689905
0,0.32285494
0,0.06528622
0,0.27155972
0,0.10821445
0,0.046549145
0,0.0013666885
0,0.000935209
0,0.004799695
0,0.0048860367
0,0.0057230196
0,0.0059150886
0,0.007284693
0,0.027608834
0,0.043223046
0,0.005908229
0,0.80229795
1,0.8205818
1,0.970659
1,0.99885446
0,0.030217202
1,0.9945319
0,7.2019598e-06
0,0.43562034
0,0.0036642342
0,0.0039012895
0,0.3180893
1,0.24216989
1,0.99993926
0,0.036152683
1,0.5988934
0,0.26493666
0,0.0003758282
0,0.032497067
0,0.0014485265
0,0.0011873698
0,0.0006626416
1,0.21662574
1,0.83302665
1,0.5539752
0,0.45297357
1,0.99710405
0,0.42598084
0,0.030965382
0,0.046167664
1,0.50714886
1,0.9379636
1,0.9322179
1,0.69857675
0,0.5266657
0,0.009171649
1,0.7562762
0,0.5305539
1,0.5024264
1,0.34866047
1,0.9140153
0,0.013888918
0,0.0061165225
0,0.0006034594
1,0.97745806
0,0.009859861
1,0.8981482
0,0.19683926
0,0.05407817
1,0.7496336
0,0.006574711
0,0.0059081474
0,0.29842916
1,0.75853723
0,0.15159707
0,0.02751791
0,0.0009347532
0,0.0030040732
1,0.94896126
0,0.00046061643
1,0.680794
0,0.00090120797
0,0.010899771
1,0.7618737
1,0.93065715
1,0.5336844
0,0.0024857481
1,0.55023634
1,0.9822339
0,0.0072455355
0,6.0970935e-05
0,0.10271724
0,0.0056552705
0,0.048557688
0,0.050928436
0,0.0012872904
1,0.99852437
1,0.57772976
1,0.4986939
0,0.0022727263
1,0.5672337
1,0.6867962
1,0.061649844
1,0.5723856
0,0.01698066
1,0.93093807
0,0.016300092
1,0.99980706
1,0.9952166
1,0.83371407
0,0.0004540858
0,0.15864637
1,0.99586797
1,0.86512005
0,0.0019230868
0,0.03367385
1,0.99315435
1,0.44510174
0,0.0038026602
1,0.17062593
1,0.72436666
0,0.00046150162
1,0.6694473
1,0.9966997
0,0.9038179
1,0.87756264
1,0.43428624
1,0.7758928
0,0.009223895
1,0.9577201
0,0.00017080258
0,0.0069386144
1,0.99989337
1,0.9897135
0,0.011563975
0,0.007895222
0,0.018208474
1,0.07004442
1,0.99764997
1,0.99781746
1,0.9974987
1,0.9975455
1,0.9994602
0,0.00094629277
0,0.0003777609
1,0.98564667
0,0.07098673
0,0.0036599005
1,0.83866763
0,0.026216634
0,0.0021187065
0,0.00023627322
0,0.0002638607
0,0.07205638
1,0.2818992
0,0.026379602
0,0.028946634
0,0.0062079867
0,0.00766185
0,0.01752772
0,0.027791422
1,0.848771
0,0.0020474205
0,0.46357268
1,0.61582524
0,1.0099847e-05
0,0.034536026
0,0.050203003
0,0.0532439
0,0.06421024
0,0.031327896
1,0.9988966
0,0.12740988
0,0.097649686
0,0.052097186
0,0.0036226495
0,0.07695276
0,0.015239652
1,0.8472654
0,0.00013445155
1,0.62548745
0,0.07208707
1,0.40751266
1,0.99913335
1,0.39745986
0,0.003562211
0,0.013693939
0,0.013216936
1,0.99413824
1,0.9970923
0,0.00050325424
0,0.0049116802
0,0.0015346959
1,0.94743276
0,0.13142772
0,0.012660198
1,0.9995862
1,0.99565756
1,0.9980945
1,0.99475783
1,0.9980945
1,0.9989584
1,0.9993446
1,0.99888486
1,0.9980238
1,0.9985016
1,0.9995693
1,0.99861354
1,0.9980945
0,0.00063903525
0,0.05308426
1,0.5738804
0,0.19932167
1,0.8855181
1,0.84608203
1,0.85196614
0,0.01628806
0,0.00047975688
0,0.009046415
1,0.52688587
1,0.56362855
1,0.6944354
0,0.00020523924
0,0.00029666536
0,0.0018351935
1,0.6166395
1,0.9988488
0,6.5105916e-05
0,0.0009285901
0,0.0001583515
0,0.0044191075
1,0.42600995
1,0.9976172
1,0.9988902
0,4.3285712e-05
0,0.00016526516
0,4.932673e-05
0,4.3843902e-05
0,6.3963795e-05
1,0.42802373
0,0.005138837
0,0.013543776
1,0.99986523
1,0.9999177
1,0.99313784
1,0.73043054
0,0.002047392
0,0.0009779243
1,0.28979373
0,0.005176005
0,0.005482081
0,0.0030244284
0,0.006435306
1,0.997221
1,0.9927649
1,0.9963533
1,0.99480677
1,0.9988168
1,0.9983513
1,0.999321
0,0.025174031
0,0.028298015
0,0.03388896
1,0.94765085
1,0.9996895
1,0.88410723
0,0.0316063
1,0.98666316
0,0.0035889
0,0.0009626812
0,0.0011384722
0,0.071961574
0,0.037488468
0,0.017831827
1,0.52262574
0,0.00010582409
0,0.0076296176
0,0.061951965
0,0.002442749
1,0.9764854
1,0.9665205
1,0.85622776
1,0.8651002
1,0.6831741
1,0.9665205
1,0.7583376
0,0.040903777
1,0.9520955
1,0.8353766
1,0.60405785
1,0.73139656
1,0.9957463
1,0.9712947
1,0.9312044
1,0.92980283
0,6.388656e-05
0,0.00019734829
0,0.1005775
0,0.12125333
0,0.00063962326
0,0.017954929
0,0.12803474
1,0.8518044
0,0.00906296
1,0.98998666
0,0.0005065355
1,0.5009261
1,0.21082534
0,0.0002052271
0,0.00020046404
0,0.25156876
0,0.00010280004
1,0.49422237
1,0.5333159
0,4.4799967e-06
1,0.9801194
1,0.9801194
1,0.40420046
1,0.59402883
1,0.99955773
1,0.99506205
1,0.87961185
1,0.47033098
0,0.013080408
1,0.033611033
0,0.03530561
0,0.054276083
0,0.0017654694
0,0.00071249943
0,0.0008071985
1,0.99867773
1,0.9131264
1,0.99688214
1,0.99486226
1,0.99872845
1,0.99242586
1,0.9839168
1,0.98471683
1,0.98578495
1,0.42091718
1,0.7922986
0,0.0040626954
0,0.027111448
0,0.016982084
0,0.13496026
0,0.017301667
1,0.38694325
0,0.008981666
0,0.10932032
1,0.6727519
1,0.8750179
1,0.9343027
1,0.6551222
1,0.854747
1,0.8853661
1,0.9070315
1,0.8457322
1,0.83447266
1,0.8842928
0,0.4649952
1,0.8442911
1,0.6802959
1,0.59705234
1,0.7432618
1,0.72228277
1,0.85551226
1,0.54287755
0,0.28875175
1,0.739439
1,0.7059045
0,0.46366537
1,0.5387041
0,0.4819826
0,0.07059277
0,0.0686442
0,0.5368154
1,0.92613256
0,0.004639912
1,0.98916924
0,0.0053609135
0,0.033799734
0,0.0025369306
1,0.26488477
1,0.19457392
0,0.00048664794
0,0.000479683
0,0.00039183593
1,0.12185691
1,0.99387765
1,0.9970448
1,0.9993679
0,7.172176e-05
0,0.012431838
0,0.40530235
0,4.9499762e-05
0,0.00015008808
1,0.61125386
1,0.081805676
1,0.4131124
0,0.006236198
1,0.98743325
1,0.9962155
1,0.9816078
1,0.9990071
1,0.974558
0,0.0034829641
0,0.04237622
0,0.07847071
1,0.82256675
0,0.018245714
1,0.3566162
1,0.36810645
0,0.06424397
1,0.93731344
0,0.012983352
1,0.48011178
1,0.9999313
0,0.0004921139
0,0.0014342942
1,0.94192404
0,0.18929158
0,0.000852892
1,0.36433303
1,0.7218691
1,0.9943707
0,0.036532406
1,0.9688518
0,0.0006832646
1,0.8589155
0,0.0037993253
1,0.23204462
1,0.957982
1,0.6651645
0,0.015567337
0,0.00028875118
0,0.22332169
0,0.09634974
0,0.026459455
1,0.9885438
1,0.9952716
1,0.88560665
0,0.0024284243
0,0.062165458
0,0.0021587927
0,0.001341574
1,0.96810937
0,0.014211834
1,0.99943835
1,0.23900378
1,0.9338225
0,0.51719165
1,0.54065144
1,0.94420767
0,0.097482435
0,0.14714721
0,0.032475173
1,0.4081605
1,0.3874197
0,0.0043785553
1,0.9853006
0,0.2109958
0,0.04699798
1,0.9819053
1,0.90448534
0,0.034947883
1,0.9641402
1,0.9288205
1,0.369285
0,0.13327308
0,0.0015732792
1,0.9952639
0,0.000107063424
0,0.026918504
0,0.03445633
0,0.16212139
1,0.99973124
0,0.11847054
0,0.0073708445
0,0.015726686
0,0.037602328
0,0.0010475243
1,0.67809737
1,0.99921227
1,0.4102781
1,0.35258114
0,0.020829935
0,0.19829436
0,0.061086424
0,0.087524444
0,6.525472e-05
0,0.029181782
0,0.015882472
0,0.024852611
0,0.00012537983
0,0.00088361604
1,0.99170554
1,0.9561352
1,0.99368644
0,0.0022364403
0,0.0008588003
0,0.00056670763
0,0.0004361279
0,0.027425596
1,0.45578393
1,0.44061965
1,0.2305162
1,0.99736667
0,0.43049377
1,0.9406668
1,0.9008841
1,0.9443496
1,0.9319501
1,0.996306
1,0.9673377
1,0.99581164
1,0.9108243
1,0.98779804
1,0.39398107
1,0.20889404
0,0.019797042
0,0.02183624
1,0.76345575
0,0.0059814556
0,0.0002275071
0,0.00012043608
0,0.028009739
0,0.00037638773
0,0.0002108742
1,0.9731988
0,0.0020172892
1,0.24293612
0,0.00023392361
0,2.3104858e-05
1,0.7329093
0,0.39318585
1,0.95347923
0,0.0020018779
1,0.98053294
1,0.98995674
1,0.99920094
0,0.0026014047
1,0.983261
1,0.98275465
1,0.95901054
1,0.9946251
0,0.07782454
0,0.009021255
0,0.00295737
1,0.8975396
1,0.7449546
0,0.010115666
0,0.0061341748
1,0.37711197
0,0.018403364
0,0.019862145
0,0.06911298
1,0.3869351
1,0.7708112
1,0.8381949
1,0.991438
1,0.659908
0,0.009012977
0,0.19200878
0,0.031321086
0,0.0050280755
0,0.00022591357
1,0.8423532
0,0.0005205818
0,0.00035838646
1,0.5563462
0,0.03306707
0,0.03242227
0,0.0351293
0,0.20523928
1,0.02820419
0,0.037053727
0,0.026471628
0,0.45493406
1,0.04909572
1,0.6355013
1,0.776135
0,0.03020533
1,0.17489725
0,0.06458395
0,0.33185115
0,0.007316892
1,0.4170555
0,0.021450184
0,0.0029215424
0,0.08250042
0,0.041248996
1,0.030524043
0,0.0019276665
0,0.0019372652
0,0.0016693581
0,0.0025181237
0,0.0013727406
0,0.0018758159
0,0.010517837
1,0.44385293
1,0.6237928
1,0.9909409
1,0.96213007
1,0.96792305
1,0.9663415
1,0.96060437
0,0.004520717
1,0.8546243
1,0.43561283
0,0.003016611
0,0.0020815164
0,0.020463662
1,0.9947153
1,0.9999417
0,0.012694952
0,0.0029813533
1,0.9955952
0,0.04552403
1,0.17764273
0,0.13635531
0,0.11154787
0,0.31424564
0,0.37337157
1,0.39584213
0,0.004329146
0,0.014996705
1,0.97929007
1,0.41822898
1,0.2916923
0,0.010399135
0,0.34598756
0,0.032446582
0,0.0071312026
0,0.005775932
0,0.0030308375
1,0.1538617
0,0.04363362
0,0.013244634
0,0.0034590745
0,0.012179477
0,0.31560552
0,0.36242163
0,0.38220516
1,0.40478966
0,0.11819134
1,0.76891965
1,0.33028105
0,0.022894386
0,0.37195358
0,0.050771527
1,0.7153348
0,0.00055719825
1,0.7306596
0,1.7764078e-05
0,0.0049547004
1,0.8643121
1,0.61579585
0,0.015241843
0,0.0015415262
0,0.00030530468
0,0.00016607919
0,0.39553976
1,0.995276
1,0.99374217
1,0.9918454
1,0.9939093
1,0.9011596
1,0.51247144
0,0.007356527
1,0.14408602
1,0.9993913
0,0.007619429
0,0.007619429
0,0.0025371055
1,0.44086075
0,0.0007562574
0,0.29117292
0,0.3108003
0,0.0029234693
0,0.0006822691
0,0.02624539
0,0.0042387103
0,0.08922639
0,0.017744532
0,0.009114205
0,0.0049851476
0,0.006013615
0,0.018971628
0,0.052126057
0,0.08995436
0,0.03913962
1,0.20113306
1,0.38392034
1,0.72084206
0,0.00178584
0,0.0018902591
0,0.00026932708
1,0.9076749
1,0.9847723
0,0.0134316655
0,0.021544212
0,0.079432525
0,0.08439217
1,0.15545844
0,0.008866321
0,0.008339532
1,0.40135077
1,0.97310346
1,0.13534959
1,0.6458549
0,0.011581032
0,0.11351992
1,0.9985968
1,0.9729169
1,0.08067001
1,0.020106541
1,0.99995327
0,0.00074946176
0,0.0010606945
1,0.3398283
1,0.5738679
0,0.0008977674
1,0.39116308
1,0.9896803
0,0.002353964
1,0.9940723
0,8.315683e-05
1,0.3843155
0,0.002178191
0,0.018234147
1,0.8146292
0,0.0050955215
0,0.024661114
0,0.038989604
1,0.61339605
1,0.9783009
0,0.0068029123
0,0.020059643
1,0.99974066
0,0.07236169
1,0.88581276
1,0.9625298
0,0.0006063268
0,0.016385917
1,0.96957034
1,0.9362809
0,0.15802987
1,0.41924006
0,0.009743518
1,0.9932489
1,0.98487794
0,0.004636389
1,0.9790077
1,0.55905426
1,0.8213711
0,0.0029429416
1,0.70739365
1,0.99282825
1,0.9997178
1,0.9998818
1,0.9998139
1,0.9993218
1,0.9996484
1,0.97586095
1,0.7070092
1,0.94322866
1,0.5892861
0,0.0001659209
1,0.99813306
0,0.0428973
1,0.9260875
1,0.91371596
1,0.9423232
0,0.01228641
0,0.0041710264
1,0.37308407
1,0.13013195
0,0.09807252
1,0.99850637
1,0.44689012
1,0.80312896
1,0.69966567
0,0.2518781
0,0.11731545
0,0.016706325
0,0.002174605
0,0.025377017
0,0.0010678525
0,0.02906191
0,0.050708175
0,0.31066054
0,0.0018737654
1,0.32556674
1,0.859005
1,0.6274942
1,0.974442
0,0.45318133
0,0.42817447
0,0.00010765504
0,0.039346706
0,0.0014014783
1,0.9840067
0,0.0008392835
0,0.0012725907
0,0.038466122
0,0.032117903
1,0.68337023
1,0.99495053
1,0.9838283
1,0.9845119
1,0.99196017
1,0.99818546
1,0.9977823
0,0.4235288
0,0.008596686
1,0.8997063
1,0.6650473
0,0.027055586
0,0.0006731578
0,0.14713271
0,0.13568911
1,0.1599845
0,0.00021517702
0,0.053644806
0,0.0007540834
1,0.44749618
0,0.07446125
1,0.44196233
0,0.0029392978
1,0.54925
1,0.8729434
1,0.542294
1,0.25051886
1,0.9845866
0,0.011999915
0,7.066118e-06
0,0.004428641
0,0.0039073653
0,0.0021818366
0,0.30122048
1,0.37086123
1,0.997748
1,0.997748
1,0.951166
0,0.07778344
1,0.45762345
1,0.977321
0,0.0011843279
0,0.007753233
1,0.42229438
1,0.2577584
1,0.9944421
1,0.93153965
1,0.9850092
1,0.93153965
0,0.031475257
1,0.5663874
0,0.00053242483
0,0.00036420417
0,0.00640643
1,0.6890418
0,0.00011462997
0,0.002604035
1,0.7893327
1,0.9964215
0,0.2959793
1,0.73643166
1,0.73643166
0,0.050351653
1,0.8898933
1,0.96803737
1,0.93220323
0,0.001297918
1,0.99598783
1,0.99300647
0,0.0006781324
0,0.021514835
1,0.023113633
1,0.99974054
0,1.4266348e-05
0,0.46408296
1,0.9928272
0,0.0008063291
0,0.00024201168
0,0.015268161
0,0.45180982
1,0.25377917
0,0.0009139956
0,0.0010478899
1,0.9040101
1,0.8100241
1,0.9424113
0,0.009288259
0,0.001274574
1,0.53743804
0,0.3371918
0,0.15226078
1,0.56645817
0,0.00046890747
0,0.0008340809
0,0.06251809
0,0.10005528
1,0.9997181
1,0.856592
1,0.93472195
0,0.029869435
1,0.92864436
1,0.6131416
0,0.00094564527
0,0.040865283
1,0.99100536
0,0.0014193808
0,0.35415915
0,0.010168891
0,0.013545107
1,0.024490789
1,0.34238812
0,0.11148513
0,0.03227918
0,4.5210807e-05
1,0.48605388
1,0.94907
0,0.42871284
0,0.02335588
1,0.88578016
1,0.8099745
1,0.8099745
1,0.46500444
1,0.8817825
1,0.26465973
0,0.027037561
0,0.007946377
0,0.0025229815
0,0.051881313
1,0.50159013
0,0.10864123
0,0.070886835
1,0.9985618
1,0.76653606
1,0.88379306
1,0.9878439
1,0.37332305
0,0.41515142
1,0.98417145
1,0.9983205
0,0.010884298
1,0.9890559
0,0.0016563594
1,0.9967007
0,0.054787748
1,0.99991477
1,0.97085744
0,0.64910716
1,0.7885256
0,0.032518715
0,0.031099223
0,0.0368011
0,0.113807224
0,9.7837634e-05
1,0.92997086
0,0.014818918
1,0.7854388
0,7.69225e-05
1,0.9878853
0,0.043442976
0,0.0015073661
0,0.00077740493
0,0.006659404
1,0.9999433
1,0.9638477
0,0.027676811
0,0.0005772443
1,0.5749226
1,0.8622867
0,0.047522344
0,0.064436615
0,0.0005266138
1,0.5507371
1,0.5809386
1,0.9863478
0,0.0036467249
0,0.0029759763
0,0.0017126852
0,0.00038953088
0,0.08644288
0,0.038985807
0,0.21507819
1,0.9129675
1,0.8987396
1,0.96081465
1,0.99172574
1,0.4196444
1,0.92287546
0,0.1510026
1,0.99417806
1,0.29097673
0,0.2663364
0,0.034959987
0,0.0044401363
0,0.002317331
1,0.6447876
0,0.032070454
0,0.02305288
0,0.012291161
0,0.0009617268
0,0.0007621831
0,0.00076307746
1,0.45864004
1,0.16736907
1,0.6014806
0,0.013214026
1,0.9687002
0,0.032917615
0,0.010767139
1,0.25396627
1,0.43038708
1,0.4085531
1,0.28863904
1,0.40408096
0,0.43333387
0,0.23178841
1,0.977147
1,0.63876796
1,0.9892033
0,0.009018984
1,0.7144822
1,0.9997257
0,0.31425327
1,0.97547007
1,0.9995644
0,0.0006182961
0,0.00094157434
0,0.00019579545
0,0.0004800132
0,0.000108970766
0,0.0007148754
0,0.00036593087
0,0.0011040646
1,0.8746587
1,0.9319446
0,0.002791662
1,0.24877158
0,0.11361882
0,0.07321607
0,0.0188639
0,0.02489944
0,0.0001999755
0,0.100324534
0,0.20181878
0,0.007930637
1,0.6628996
1,0.9938213
0,0.0019659614
0,0.019729491
0,0.0061771274
1,0.91956985
0,0.0024323575
0,0.00084673625
0,0.00066869316
0,0.00059488945
0,0.3923272
1,0.98218
1,0.7629936
1,0.9425917
1,0.9648032
1,0.36753827
1,0.2911675
0,0.00048473704
1,0.6388886
1,0.38150588
1,0.9991674
1,0.99933475
1,0.28536427
0,0.1200993
1,0.048226878
0,0.0027873155
1,0.7055098
1,0.99942976
0,0.0059541594
0,0.008546965
1,0.99977785
1,0.45235506
0,0.0007354545
1,0.48031574
1,0.7675881
1,0.7821981
0,0.00014401192
1,0.9975933
1,0.9859742
1,0.9946361
0,0.0019806186
0,0.0014148733
1,0.9981096
0,4.340087e-05
1,0.9772524
1,0.7330945
0,0.014052054
0,0.0009903465
1,0.06272081
1,0.6823862
0,0.05630449
0,0.026753955
0,0.024816714
0,0.027370237
1,0.8186228
1,0.9036367
0,0.003084412
0,0.007701763
1,0.99447745
0,0.0032226096
0,0.01120442
0,0.011171519
1,0.970016
0,0.0057484508
0,0.0064953365
0,0.121764265
0,0.011316284
1,0.89287966
0,0.004233633
1,0.9470024
0,0.0014248232
0,0.0023049605
1,0.04723668
0,0.04564373
0,0.041639246
1,0.9992234
0,0.03083459
0,0.001718127
1,0.50525737
1,0.13633433
0,0.09577397
0,0.00015289542
0,0.00015339981
0,0.0034189534
0,0.01819818
0,0.056091573
0,0.0005559145
0,0.441937
0,0.1536672
0,0.00048471877
1,0.65752393
1,0.99184936
1,0.9931679
0,0.044314943
1,0.9978304
1,0.99947506
1,0.92582977
1,0.91793513
1,0.41444984
0,0.26530004
0,0.00167935
1,0.2052373
0,0.006360098
1,0.92712647
1,0.98922306
1,0.980453
1,0.60585296
0,0.013788262
0,0.060981516
1,0.23111501
1,0.9640737
0,0.0018732009
0,0.058156144
1,0.99987644
1,0.9994692
1,0.99829143
1,0.9154545
0,0.0023180335
0,0.0072369496
0,0.19157642
0,0.01852757
1,0.61763626
1,0.9974838
0,0.001055395
1,0.99924445
1,0.9995893
1,0.9556722
0,0.011344984
0,0.010373575
0,0.44329196
0,0.0023255397
0,0.09110588
0,0.13427554
1,0.4602565
0,0.0015854691
0,0.008595674
0,0.0013493669
1,0.8303183
0,0.007166825
0,0.007478783
0,0.008234201
0,0.2961748
1,0.70984733
0,0.009731991
0,0.017185725
0,0.008565224
0,0.004143929
1,0.60410035
0,0.024247643
0,0.00076937256
0,0.0061550424
1,0.46596414
1,0.9906959
0,0.0008564851
0,0.04318039
0,0.0116773
0,0.00076890783
0,0.0012916632
0,0.000354605
0,0.0031313286
0,0.009374975
1,0.8415351
1,0.7163391
0,0.009399802
1,0.6471808
1,0.8516546
0,0.0006717896
1,0.96443135
1,0.99858576
0,0.0006320481
0,0.000993413
1,0.83847135
1,0.8309161
1,0.36210284
1,0.80809075
1,0.48654008
0,0.009819141
0,0.007557842
1,0.7722086
0,0.011280473
0,0.006815021
1,0.97885734
1,0.97725
0,0.008104464
1,0.98033184
0,0.052340478
0,0.0055917865
0,0.00022121698
0,0.053527314
0,0.015327168
0,0.000909979
1,0.6923527
1,0.78903115
0,0.00014704188
1,0.9710387
1,0.49370557
0,0.00047050833
0,0.0016704837
0,0.0021895657
0,0.00099434
0,0.007028345
1,0.99959767
1,0.7375333
0,0.0016183315
0,0.00054448744
0,0.0012732582
0,0.077362604
0,0.0067312475
0,0.034607857
1,0.95793384
0,0.0012783711
1,0.8223094
0,0.015199309
1,0.902254
0,0.2605874
0,0.014525965
1,0.9942792
1,0.9436233
1,0.9973219
1,0.99581844
1,0.9855851
0,0.001232324
0,0.0013533275
0,0.00056818663
0,0.45816448
1,0.859804
1,0.79337746
1,0.87004435
1,0.9363726
0,0.025082724
1,0.98797894
1,0.9997912
0,0.013730608
0,0.16391097
1,0.4326366
1,0.05644231
1,0.7136804
1,0.99938065
0,0.0056118825
1,0.7073309
1,0.84965926
1,0.99267375
0,0.00024496697
1,0.44529787
0,0.02755637
0,0.047919843
0,0.00021464322
0,0.0007142309
0,0.0015852969
1,0.5211302
1,0.99188095
1,0.98407257
1,0.9909807
1,0.49839216
0,0.0018573075
1,0.0018124345
1,0.40721783
0,0.015085631
0,0.0024706763
1,0.991156
0,0.020307923
1,0.9910697
1,0.5748775
1,0.93513924
0,0.0661664
1,0.9542792
0,0.02619226
0,0.26441148
1,0.9309932
1,0.55678076
1,0.49317104
1,0.9997584
1,0.99989706
0,0.016179644
1,0.98805976
1,0.9555978
1,0.9901154
1,0.9796102
1,0.9232535
1,0.9831852
1,0.96135664
1,0.90315795
1,0.9947116
1,0.99149466
1,0.9996989
1,0.99862754
1,0.99911773
1,0.99965054
1,0.9963213
1,0.5860127
1,0.20941605
1,0.9139009
1,0.7007983
1,0.9783984
1,0.9992447
1,0.9995546
1,0.99839145
1,0.9923277
1,0.92775697
0,0.007289523
0,0.005145598
0,0.34614515
0,0.0035264215
0,0.007591687
1,0.6860776
1,0.91245645
0,0.08227171
0,0.00088836503
0,0.0072902404
0,0.0074411887
1,0.99473125
0,0.00032340846
0,0.00091309205
0,0.0004262271
0,0.0050457115
0,0.009636556
1,0.3265501
1,0.6879585
1,0.82713866
1,0.91138095
1,0.4041219
1,0.36977783
1,0.971216
1,0.54554915
0,0.00051145966
1,0.39117882
1,0.64764
0,0.013178967
1,0.91033304
0,0.0076826084
1,0.4473011
1,0.4424145
0,0.053131863
0,0.6677399
0,0.18989594
0,0.07024986
1,0.6663205
1,0.90743804
1,0.83634526
0,0.00436087
0,0.004453076
0,0.0015571341
1,0.8572475
0,0.041911863
1,0.9560729
0,0.0085269455
1,0.27350923
1,0.50651085
0,0.1578801
0,0.012731342
0,0.0060654134
0,0.00460173
1,0.31012675
1,0.33893758
0,0.036601994
1,0.41531575
1,0.9543687
1,0.9410083
1,0.957162
1,0.4348614
1,0.6247504
1,0.17397988
0,0.460872
1,0.86816007
0,0.1503019
1,0.8300237
1,0.955139
1,0.4339474
1,0.29620096
0,0.0076354295
0,0.31636986
1,0.8318921
0,0.007922684
0,0.018188648
1,0.17921989
1,0.6698016
0,0.00010996984
0,0.017884357
1,0.98347884
1,0.82279086
0,0.019292114
1,0.99838245
0,0.017144281
0,0.013743729
0,0.007677727
0,0.0017119265
0,0.057818703
0,0.47943413
0,0.3970557
0,0.03732914
0,0.032347906
0,0.01912977
1,0.23628402
0,0.015984654
1,0.74537563
0,0.024438767
0,0.025020307
0,0.0015150706
1,0.93867356
0,0.0026564458
0,0.0040657236
0,0.0025685106
1,0.93489206
1,0.4701308
0,0.06606701
0,0.0075050457
0,0.011337049
0,0.0037647146
1,0.995175
0,0.037850954
1,0.26484135
0,0.38705274
0,0.13505147
1,0.909421
1,0.8274824
0,0.27319658
0,0.2968621
0,0.20076141
1,0.4466776
1,0.29926074
1,0.44431412
1,0.36991686
1,0.87395823
0,0.032574337
0,0.0022425768
1,0.78015167
0,0.0009282588
1,0.7290408
1,0.99700797
1,0.29083505
0,0.009202611
0,0.004710592
1,0.9941999
1,0.96880054
0,0.058290105
0,0.021546483
0,0.008929435
0,0.034843564
1,0.72477233
0,0.42938697
1,0.7100147
1,0.9868994
1,0.98950756
1,0.95734304
0,0.0040887627
0,0.16991717
0,0.024837833
0,0.005149647
0,0.07883421
1,0.27699667
1,0.7690582
1,0.7690582
0,0.069910035
1,0.74581844
1,0.27031854
0,0.97397846
0,0.004735407
0,0.0018720495
0,0.15537934
0,0.00022036752
0,0.010571158
1,0.9837642
0,0.0087351585
0,0.118088424
1,0.4837773
1,0.4190683
1,0.59381074
1,0.5419867
0,0.0002371837
0,0.13785462
1,0.9954165
0,0.029813066
1,0.9994612
1,0.99932235
0,0.0004280923
0,0.0015654974
0,0.124428175
0,0.00023490032
0,0.00017726363
1,0.9108987
1,0.44566435
0,0.0024002735
0,0.35049373
0,0.008794582
0,0.025152566
0,0.058522694
1,0.9999229
1,0.99171525
1,0.50787085
1,0.9654406
0,0.01989621
0,0.00085979834
1,0.9985253
1,0.978135
1,0.99987996
1,0.9988211
0,0.0949616
0,0.00075924903
1,0.89622325
1,0.9526129
1,0.96453243
1,0.6422548
0,0.0021539652
1,0.97477233
1,0.980425
0,0.0004189152
0,0.4010272
0,0.00012704304
1,0.9690263
1,0.936792
0,0.008748455
0,0.1473522
0,0.09935168
0,0.03350012
1,0.8165152
0,0.047773696
0,0.036688905
1,0.87022
0,0.0017786268
0,0.004846371
1,0.722029
1,0.64943016
0,0.0034133997
1,0.97717005
1,0.87410563
1,0.97569275
1,0.97540015
0,0.44487888
1,0.99849164
0,0.055825453
0,0.05461945
1,0.9974329
1,0.98158365
1,0.99318415
0,0.00404981
0,0.087187864
0,0.000101215024
0,0.0007286335
1,0.47040766
1,0.44293186
1,0.56342715
0,0.5558419
0,0.0015924308
0,0.014934973
0,0.013612311
1,0.99343586
0,0.05016636
1,0.9998996
1,0.498654
0,0.002763373
0,0.00016474265
0,0.008549151
0,0.49398226
0,0.0003998905
0,0.0030041405
0,0.030544037
0,0.0012414858
0,0.0018098388
0,0.0015997553
1,0.68064904
0,0.009902009
0,0.0020911312
0,0.024613585
1,0.99019265
1,0.4679288
1,0.61669165
1,0.17485943
1,0.9424971
1,0.9859657
0,0.3759765
1,0.9992478
1,0.91884494
0,0.042898003
0,0.053958986
1,0.966722
0,0.006755965
0,0.004187915
1,0.90640944
1,0.49193236
1,0.9857109
1,0.9735513
1,0.99078697
1,0.9782621
1,0.96914464
1,0.9855772
1,0.99268335
1,0.9909695
1,0.98899466
1,0.9884307
1,0.9713717
1,0.98553646
1,0.9735513
1,0.9855772
1,0.984187
1,0.98786163
1,0.98806304
0,0.040011004
1,0.3232777
1,0.11677609
1,0.534948
0,0.0021998836
0,0.00013106116
0,0.0004810276
1,0.124673694
1,0.12802921
0,0.0013667711
0,0.0016256758
1,0.45779726
1,0.7556694
1,0.9949422
1,0.103907436
0,0.016337652
0,0.0011006187
0,0.0010960845
0,4.50942e-05
1,0.19402389
1,0.6401702
1,0.99861383
1,0.60166264
1,0.87399876
1,0.5645213
1,0.36583647
0,0.0050649783
0,0.39230996
0,0.021655347
1,0.92921305
1,0.9978876
0,0.0055002677
0,0.007333397
0,0.006031278
0,0.0012198521
1,0.99058527
1,0.97211736
1,0.16440916
0,0.0047554546
0,0.015678573
1,0.9222604
0,0.60933834
1,0.16660978
1,0.9917822
0,0.03051498
0,0.012078887
1,0.94912714
1,0.98840153
0,0.0408559
0,0.0020904695
1,0.56251484
0,0.0075446633
1,0.9937173
1,0.7862204
1,0.9592926
1,0.9534599
0,0.22279525
0,0.00024679786
1,0.9889801
0,0.002778765
1,0.2092686
1,0.6699815
1,0.999707
0,0.0013070295
1,0.42970288
0,0.043611906
0,0.0015116343
0,0.011360901
0,0.008122315
0,0.008429741
0,0.0024961021
1,0.8143189
0,0.008660858
0,0.048858497
1,0.992861
0,0.099007525
1,0.6862586
1,0.9118898
1,0.4888565
0,0.0079552485
0,0.0044184765
0,0.0020201777
0,0.0024374828
0,0.30348113
0,0.0003803997
0,0.0015612697
0,0.7308091
0,0.010044468
0,0.13182442
0,0.01967536
0,0.31041554
0,0.008948821
0,0.112808615
0,0.10214784
0,0.22665788
0,0.10473705
0,0.5028398
1,0.50753134
1,0.8963292
1,0.9797864
1,0.9364601
1,0.40797606
1,0.7287439
1,0.85868454
1,0.8974649
1,0.75849223
0,0.08268163
0,0.031490505
0,0.010604957
1,0.91462934
1,0.962294
1,0.78360724
0,0.0048247534
1,0.645414
1,0.766476
1,0.9925256
1,0.99618804
1,0.99618804
1,0.99618804
1,0.8802395
1,0.89906245
1,0.5632291
1,0.49763173
1,0.8008537
0,0.49082333
1,0.7619288
1,0.9999669
1,0.9732846
1,0.9993648
1,0.9994878
0,0.0014758904
0,0.00025632296
0,0.00015386977
0,4.9950762e-05
0,0.0007032088
1,0.57843494
0,0.1203917
1,0.9670713
1,0.9624551
1,0.8469012
1,0.90449977
1,0.9698846
1,0.9659143
0,0.013214592
0,0.01473096
1,0.8131236
0,0.13098575
0,0.13098575
0,0.0092095
0,5.8451245e-05
1,0.42506152
1,0.8701908
1,0.9209491
1,0.89607173
1,0.87694514
1,0.847754
1,0.82460785
1,0.9023768
0,0.0024449972
0,0.057992958
0,0.20539865
0,0.044887997
1,0.16462313
0,0.0034799979
1,0.028856713
1,0.9913486
1,0.08138057
0,0.0024165062
1,0.8607918
0,0.27778906
1,0.7056142
1,0.63020283
0,0.0030924852
1,0.98019075
0,0.0021123628
0,0.004902162
1,0.39005548
0,0.10127579
0,0.00019388676
0,0.0004074663
1,0.99664897
1,0.57612693
1,0.5828979
0,0.1700612
0,0.40294856
0,5.109406e-05
0,0.35765836
0,0.0019333832
1,0.74213433
1,0.9149747
0,0.041838963
0,0.16739683
1,0.94601375
1,0.8780027
0,0.12757498
0,0.00080349913
1,0.4149719
1,0.64162505
1,0.5897455
1,0.8018703
1,0.60112023
1,0.65468645
1,0.49088073
0,0.070448585
1,0.95950246
0,0.102611385
0,0.00024979704
0,0.00069668
0,0.0006622489
0,0.0007178232
0,0.00066333095
1,0.053590376
1,0.37569317
0,0.039430484
0,0.05863061
0,0.09752607
0,0.0036703255
0,0.00036968075
1,0.96127427
0,0.0036193256
0,0.0034838412
0,0.0010279071
0,0.0004717359
0,0.0002780413
0,0.00047008606
0,0.0010105637
0,0.0007600467
0,0.00059759873
0,0.0020863356
1,0.9359509
0,2.630576e-05
1,0.96484363
0,1.1633441e-05
0,0.0011196346
0,0.001397999
0,0.23619515
0,0.16968723
1,0.9989377
0,0.26438302
0,0.31021008
0,0.10341189
0,0.03615466
0,0.06929854
0,0.05184484
1,0.98525214
1,0.91728884
0,0.00058698264
0,0.0002744989
1,0.99991745
0,0.00682849
0,0.0017530282
0,0.029026266
0,0.017540706
0,0.027903328
0,0.32084474
0,0.0036046833
0,0.08202911
0,0.0021991646
0,0.023499649
0,0.014992684
0,0.0743977
0,0.0021126925
0,0.036216628
0,0.0015011759
0,0.14286566
0,0.0036586868
0,0.000106914675
1,0.954553
1,0.18383087
1,0.9346542
1,0.89761674
0,0.14945032
0,0.00034603133
0,0.0010015521
0,0.0060934685
0,0.007276839
0,0.0002886056
0,0.00015281336
0,0.0034029514
1,0.9320131
1,0.99996626
1,0.8348303
0,0.0003372297
1,0.8293805
1,0.19006959
0,0.057691097
1,0.95446825
1,0.95240635
0,0.000540602
0,0.00021877601
0,0.8271849
1,0.9992309
0,0.1434236
0,0.032812078
1,0.68927264
1,0.39957094
0,0.0009802446
0,0.023025997
0,0.08666668
0,0.0013370477
0,0.0031607102
0,0.00021200193
0,0.011576577
0,0.00012617462
0,0.0032904025
0,0.04277693
0,0.43019238
1,0.9918294
1,0.9989491
1,0.98591095
1,0.9857336
0,0.13449335
0,0.10354298
0,0.0017856641
0,1.511379e-05
0,0.0024163693
1,0.39983058
1,0.33722794
0,0.24312836
1,0.36728016
0,0.0683335
0,0.0059766127
0,0.0011220563
0,0.0020194615
1,0.99994284
0,0.0132194795
1,0.9671843
1,0.9967137
1,0.9883862
1,0.55042493
1,0.90330774
1,0.83372366
0,0.11001249
0,0.1687192
1,0.40479264
1,0.034421645
0,0.028801057
0,0.047186386
0,0.014750177
1,0.4699488
1,0.97600627
0,0.04235709
1,0.99523556
0,0.0023683861
1,0.46945956
0,0.0029835128
0,0.056695748
0,0.022705778
0,0.03806846
1,0.47445482
1,0.95420164
1,0.9645083
1,0.9897059
1,0.99543726
1,0.9861677
1,0.9790983
1,0.92461824
1,0.9931388
1,0.9321
1,0.9321
1,0.99232453
1,0.42043254
1,0.44603685
1,0.43534973
1,0.43987763
1,0.45663843
1,0.43609715
1,0.41168535
1,0.43600792
1,0.4434546
1,0.4420077
1,0.41792858
1,0.4563577
1,0.4722177
0,0.41702276
0,0.4516909
0,0.4235355
1,0.5876579
1,0.5683515
1,0.83263236
0,0.048353452
0,0.048353452
1,0.5981152
1,0.9882434
1,0.8465696
0,0.00019825471
1,0.93165904
0,0.028666127
1,0.98711264
0,0.071363784
0,0.06089523
0,0.054979663
0,0.1309624
1,0.7782682
1,0.9998976
1,0.99632925
0,0.0022408008
1,0.29186127
0,0.15942112
0,0.004084546
0,0.00011221367
0,0.003024332
0,0.0004941744
0,0.08746982
0,0.8288067
0,0.7273161
1,0.684041
1,0.97185963
1,0.73033756
1,0.98902494
1,0.8288067
1,0.8288067
1,0.44394448
0,0.00013792767
1,0.8006126
0,0.00978736
0,0.32616714
0,0.006543438
0,0.09120162
0,0.0069511803
0,0.41893888
0,0.004818566
0,0.015500932
0,0.00029958264
0,0.0043576006
0,0.009219922
0,0.0062383823
0,0.07032569
0,0.0005229503
1,0.99867225
1,0.45530143
1,0.81203115
0,0.022123573
0,0.22703272
1,0.682155
1,0.8342232
1,0.97963804
1,0.9991495
1,0.6849375
0,0.013028324
0,0.015033003
0,0.005558661
1,0.474827
1,0.474827
1,0.72969157
0,0.22957854
0,0.06719704
1,0.4799977
1,0.9002771
0,0.0050818333
1,0.21988977
1,0.2224646
1,0.9734196
1,0.99993557
1,0.99892414
0,0.2499546
0,0.023990452
0,0.066028975
1,0.9937591
0,0.05490081
1,0.9782737
0,0.00018711518
0,0.0038827758
0,0.07701663
0,0.081551984
0,0.15674554
1,0.99755174
0,0.0053938692
1,0.99491626
1,0.5285051
0,0.03344568
1,0.31138068
0,0.00027870186
0,0.003613607
0,0.4223574
1,0.4264037
1,0.40652046
1,0.42095596
0,0.36572066
0,0.4239269
1,0.24710323
1,0.9998716
1,0.96648014
1,0.38944718
0,0.20335852
0,0.014141659
0,0.00042234134
0,0.00021606391
0,0.00012443971
0,0.016424602
0,0.026085282
0,0.028274545
1,0.95885956
0,0.08695839
0,0.00062770507
1,0.98921317
1,0.9782392
0,0.027401824
0,0.0381117
0,0.011862759
0,0.00628259
0,0.038710505
0,0.02613387
0,0.04022885
0,0.04172231
1,0.97959924
0,0.0035809558
0,0.278628
0,0.08179328
0,0.44132733
1,0.4165051
0,0.004590859
1,0.8941721
1,0.9796627
0,0.0031504608
1,0.99948204
1,0.99906296
0,0.007884636
0,0.005732908
1,0.99943167
1,0.9512616
1,0.44315258
0,0.06755815
1,0.96859986
1,0.65194863
0,0.0004683058
0,0.004293633
1,0.50164354
0,0.047577746
0,8.4175976e-05
0,0.006696373
0,0.01275718
0,0.0007122037
1,0.9960112
0,0.01163425
1,0.99487925
0,0.4130861
1,0.9623396
0,9.06925e-06
0,0.14513142
0,0.020659197
1,0.99415404
0,0.00015599321
0,0.00037595993
1,0.90988636
1,0.4929375
1,0.89502406
1,0.95582646
0,9.796862e-06
1,0.52239645
1,0.9947211
0,0.011693853
0,0.0023416847
1,0.9507302
0,0.0007872364
0,0.00435541
0,0.00011027007
1,0.97457266
1,0.980398
0,0.00025758072
1,0.13286448
0,0.000117890646
1,0.9997537
0,0.0062071425
0,0.00046296424
0,0.00013202283
1,0.83747774
1,0.9454635
0,0.05404459
1,0.44583675
0,0.00089090085
1,0.26120165
0,0.00801481
0,0.010841952
0,0.09790025
1,0.35507962
0,0.09333428
0,0.1193843
0,0.00020813278
1,0.5486862
0,0.0033072769
0,0.0033072769
0,0.0030003067
1,0.99991316
1,0.9989912
1,0.7931042
1,0.02347622
0,0.012968738
1,0.465029
0,0.15968297
1,0.51128685
0,0.17967442
1,0.99840325
1,0.72302103
0,0.06686288
1,0.65298
0,0.0044640205
0,0.0059428667
1,0.93040377
0,0.00013127003
1,0.57633513
0,0.002480477
0,0.0043914025
0,0.00014728408
1,0.05233816
0,0.027658116
0,0.030579329
1,0.99232715
1,0.16506352
0,0.005622054
0,0.001165717
0,0.0012437281
0,0.02112804
0,0.030350462
0,0.040251262
0,0.21582109
0,0.040295705
1,0.27809575
0,0.10781821
0,0.0020375203
1,0.9929702
1,0.5461818
0,0.010239402
0,0.02441968
1,0.9576812
0,0.0025905361
0,0.017154666
1,0.954732
0,0.0005627445
0,0.00060237944
0,0.041417565
0,0.0038762488
0,0.44635752
0,0.07204928
1,0.249146
0,0.05220905
0,0.013821805
1,0.99873114
1,0.24758211
1,0.99972755
1,0.94047177
0,0.055523504
0,0.34683856
0,0.00082972314
1,0.97355914
0,0.00048284608
1,0.72563565
1,0.50667304
1,0.37582177
1,0.3335562
1,0.41351342
0,0.38010526
0,0.0050717997
1,0.9997441
0,0.023761755
0,7.677264e-05
0,8.174804e-05
0,0.0003572829
0,6.810851e-05
0,0.0093513075
0,3.863133e-05
0,2.4873807e-05
1,0.9938714
0,0.0426207
1,0.62736154
0,0.050822087
1,0.9923685
1,0.3931738
1,0.5770453
1,0.7829957
1,0.95520216
0,0.21964076
1,0.9988958
1,0.99702126
0,0.47397372
0,0.01400545
0,0.0064724064
0,0.006423959
0,0.014185802
0,0.0956831
0,0.0956831
0,0.027524246
0,0.0956831
0,0.0074902917
0,0.49661416
0,0.9151736
0,0.5087444
0,0.11639457
1,0.5089179
1,0.7841598
1,0.0956831
1,0.48972768
1,0.4898152
1,0.50787556
1,0.49349034
1,0.5104138
1,0.9151736
1,0.49661416
1,0.8859561
1,0.48615888
1,0.8859561
1,0.995594
1,0.91378736
0,0.7170021
0,0.0002648578
0,0.004232015
0,0.042963706
0,0.004399402
0,0.002807542
1,0.11839369
1,0.6075617
1,0.058848564
1,0.9940017
1,0.9498488
1,0.5668384
0,0.00043641342
0,0.006079772
0,0.0011308133
0,0.0015174457
0,0.0025973755
1,0.9660305
1,0.67459273
0,0.15505026
0,0.5376754
0,0.0008821149
0,0.0068648597
0,0.03214916
0,0.11416853
0,0.020744866
0,0.057484485
1,0.46805117
1,0.9478328
1,0.9398249
1,0.48209944
0,0.3827344
0,0.035810515
1,0.978479
1,0.992523
1,0.99456424
0,0.028487667
0,0.030279186
0,0.0017905971
0,0.06673692
1,0.5169146
1,0.99397707
1,0.40680778
0,0.03071221
0,0.019166531
1,0.29400116
1,0.8566183
0,0.112003006
1,0.33949652
0,0.023125643
1,0.9419399
1,0.61679924
1,0.9944402
0,0.0055043283
1,0.42747793
1,0.40226966
1,0.9991257
1,0.9453823
1,0.78000593
1,0.26187205
1,0.05110948
1,0.19807252
0,0.011251589
0,0.009555346
0,0.015636785
0,0.0039604907
1,0.97753024
1,0.47694382
1,0.9985071
1,0.24695034
0,0.035930723
0,0.08937889
0,0.09889704
1,0.395826
0,0.03343921
1,0.48986456
1,0.5354512
1,0.24525058
1,0.507092
1,0.5027282
1,0.20645861
1,0.33324093
1,0.49962035
1,0.37724912
1,0.4914874
1,0.3995687
1,0.29924384
1,0.2354451
0,0.13085406
0,0.14080904
0,0.00086599
1,0.40507704
0,0.0014544659
0,0.0008748581
1,0.55847085
0,0.10635839
1,0.9983022
0,0.002177279
0,0.0038483874
0,0.0032177058
0,0.003418034
0,0.003153306
1,0.97227204
0,0.028924037
1,0.98346514
0,0.043071084
1,0.43985745
1,0.15601543
1,0.83686155
0,0.0006607277
1,0.42659903
1,0.42902362
1,0.75072986
1,0.9103145
1,0.8728259
1,0.99759775
0,9.7075135e-05
0,7.28913e-05
0,0.040236644
1,0.9987473
1,0.9986317
1,0.99868864
1,0.7290629
1,0.9873614
1,0.9716643
1,0.99692637
1,0.99733275
1,0.99872607
1,0.9972537
0,0.5006279
0,0.46938437
0,0.3717402
0,0.020347914
0,8.135594e-05
0,0.03379938
1,0.37328625
1,0.40180507
0,0.39104092
1,0.4324052
0,0.16200416
0,0.0120508
1,0.7521211
1,0.7454602
1,0.87881494
1,0.8744867
0,0.005753121
0,0.037436314
1,0.9274268
0,0.0007164912
1,0.41357076
0,0.0030271716
0,0.002815585
0,0.0011145591
0,0.0038908047
0,0.16754016
0,0.0035508957
0,0.0022718385
1,0.49691233
0,0.002513909
1,0.39915004
0,0.006779379
0,0.096969165
0,0.0042247614
0,0.044390034
1,0.99857235
1,0.97492045
0,0.013832782
0,0.0005462067
0,0.000506402
1,0.4526964
0,0.0056642927
1,0.9980474
0,0.17701247
1,0.55085343
1,0.82421756
0,0.007175836
1,0.07604818
1,0.021932045
1,0.008068381
0,0.025733538
0,0.012562504
0,0.01696335
1,0.37228134
0,0.097019896
1,0.9858793
0,0.0084907
1,0.99836844
1,0.5057692
1,0.1479731
0,0.00054868916
1,0.9175952
1,0.045828044
0,0.000836633
0,6.3252955e-05
0,0.5783808
0,8.729015e-05
0,3.2216565e-05
0,5.925707e-05
0,7.033739e-05
1,0.5268873
1,0.7389252
0,0.00078093994
0,0.014038107
1,0.94401526
1,0.71420586
0,0.030551804
0,0.00629265
1,0.99841046
0,0.0006023234
0,0.27376866
0,0.00079624646
1,0.9972333
0,0.012614698
0,0.08642825
0,0.066615
0,0.0006648331
0,0.0036173293
0,0.002764394
0,0.0044533345
0,0.007970907
1,0.9937376
1,0.7200256
1,0.9983416
1,0.99912465
1,0.9990172
1,0.9984147
1,0.99803984
1,0.99304336
0,0.013810676
0,0.0012916257
0,0.002463217
1,0.9885539
0,0.009593623
0,0.026555121
0,0.005611838
0,0.0040160185
0,0.038741723
1,0.99820656
1,0.92084193
0,0.00676994
0,0.02637651
0,0.039545592
0,0.00045557576
0,0.09005184
0,0.4241599
1,0.9931715
1,0.9555034
0,0.005610053
1,0.99952006
1,0.22928226
0,0.002788197
0,0.0021738498
0,0.0012477594
1,0.88663375
1,0.51491195
1,0.9943827
1,0.99434257
1,0.9884415
0,0.013249713
0,0.3767735
1,0.95006317
1,0.818803
0,0.0003549006
0,0.098372534
1,0.99990267
1,0.939281
1,0.9901326
1,0.9999479
0,0.0017658954
0,0.000674115
1,0.9962769
1,0.93740726
0,0.0025770701
0,0.011603377
1,0.9966554
1,0.96674156
1,0.991814
1,0.97793937
1,0.4148807
0,0.0023581726
0,0.014112744
0,0.03562848
0,0.031976882
1,0.9937387
0,0.002086532
0,0.001992322
1,0.99762565
1,0.9927879
0,0.00077357295
0,0.0014498694
0,0.05716625
0,0.00564307
1,0.123129584
0,0.028524986
0,0.029523842
0,0.008118762
1,0.9785312
0,0.05674652
0,0.012934754
0,0.19674602
0,0.11081906
0,0.045542505
1,0.40535262
0,0.00042886182
0,0.00013507297
0,0.000104431085
0,0.068811834
1,0.026607385
1,0.999341
1,0.308314
1,0.94936264
1,0.9976489
1,0.9689197
1,0.9912284
1,0.9957619
1,0.99913657
1,0.98667324
1,0.98734635
1,0.96877444
0,0.049657837
1,0.99748695
1,0.99944514
1,0.9996498
1,0.99924344
1,0.999453
1,0.99951106
1,0.9965903
1,0.99602985
1,0.9819617
1,0.50172734
1,0.99681216
1,0.9991063
1,0.35069588
0,0.3751328
0,0.004238199
0,0.030691652
1,0.71697044
0,0.02774924
1,0.9767233
1,0.9978218
1,0.9776527
1,0.11209192
1,0.9991398
1,0.65048015
1,0.67484295
1,0.37042522
1,0.98742014
1,0.9938176
0,0.05636407
0,0.11502309
0,0.0008488932
0,0.00087880995
0,0.0052625197
0,0.010458112
0,0.00027527226
0,0.013855214
0,0.016062971
0,0.006923121
0,0.047967006
0,0.030599996
0,0.020635484
0,0.033327553
0,0.0040661097
0,0.5821992
0,0.010539728
0,0.15618831
0,0.06529128
0,0.24741662
0,0.5821992
0,0.10904035
0,0.01644995
1,0.29158592
1,0.45437127
0,0.009558293
0,0.21039777
0,0.017526822
0,0.04527186
1,0.46790528
1,0.39273086
0,0.009741113
1,0.9988996
1,0.9997737
1,0.99931
1,0.99442285
1,0.9895144
1,0.99934644
1,0.9872492
1,0.9982308
0,0.00014216834
0,0.26797214
1,0.9938985
0,0.011593122
0,0.02281208
0,0.014136655
0,0.01900893
0,0.010073878
1,0.9470683
1,0.9618944
1,0.9593814
1,0.98117906
0,0.05108664
0,0.00015677295
1,0.77952284
1,0.7819101
1,0.254898
0,0.012753362
0,0.0128280055
0,0.011028435
1,0.7612773
0,0.0026923018
0,0.0014425658
0,0.0044774143
1,0.99539477
1,0.8910437
1,0.97118115
0,0.04593899
0,0.0014340362
1,0.9976716
1,0.9999683
0,0.0008124912
0,0.001189562
1,0.9885402
0,0.09970278
1,0.39521804
0,0.033742055
0,0.09989093
0,0.0010332016
0,0.003973072
0,0.0072095217
0,0.009520031
0,0.010019676
0,0.0034251867
1,0.9981874
1,0.9992694
1,0.40574676
1,0.92947984
0,0.0052234577
0,0.0014522149
0,0.0011385016
0,0.24628106
0,0.0035457956
0,0.0028857905
0,0.018486997
0,0.01007512
0,0.024244599
1,0.99631953
0,0.015731905
1,0.15521167
1,0.9955486
1,0.99911743
1,0.99969965
1,0.9988865
1,0.9982973
1,0.99913037
1,0.99845004
1,0.9998456
1,0.9980731
0,0.000108918815
0,0.1386639
1,0.99847174
1,0.9247656
0,9.391501e-05
0,0.05358989
1,0.9918833
0,0.00051700504
0,0.0005322415
0,0.0011630937
1,0.42299527
0,0.00017143418
1,0.9520571
0,0.01946475
1,0.99978966
1,0.5497054
1,0.114129454
0,0.0011453648
0,0.045474976
0,0.041047756
0,0.00076174637
0,0.008015572
0,0.0789144
0,0.036708966
0,0.14183746
1,0.9387315
0,0.3773387
0,0.05592464
0,0.066197515
1,0.33155087
0,0.015711656
0,0.017699666
0,0.013461067
0,0.0025017017
1,0.9784464
1,0.9788699
1,0.99945426
1,0.9991174
1,0.9928499
1,0.9793262
1,0.9913885
0,0.002231186
0,0.08124343
0,0.08753126
0,0.0013388991
1,0.24668148
0,0.040920325
1,0.9994168
1,0.9990844
1,0.99980456
1,0.99646705
1,0.9997249
1,0.68795216
1,0.69127077
0,0.020069757
0,0.035501894
1,0.42589954
0,0.03173896
1,0.91317904
0,0.0010457768
1,0.9858587
0,0.00052432937
0,0.0005654748
0,0.00041180724
1,0.9716553
0,0.0045955204
0,0.0050126575
0,0.014424379
0,0.08292155
0,0.08783267
0,0.08783267
1,0.86018
1,0.9021668
1,0.99516666
0,0.29772803
0,0.002349803
0,0.23068944
1,0.7132272
1,0.7888598
1,0.11220652
0,0.17990246
0,0.002070417
0,0.0003561569
0,0.0017498643
1,0.9946069
0,0.0031077717
0,0.0048827846
0,0.0011141181
1,0.19904572
0,0.020462697
0,0.032409463
1,0.9973637
0,0.25963113
1,0.999641
0,0.3499168
1,0.25920168
1,0.88798046
0,0.00016933146
0,0.003002831
0,0.006844721
1,0.9974208
0,0.0075018387
1,0.9996517
0,0.046266664
0,0.044283427
0,0.0027634727
0,5.8386344e-05
0,0.0017517477
1,0.92539924
0,0.0012982753
0,0.06301499
0,0.040283907
0,0.00016254056
0,0.0062643965
1,0.85681456
0,0.0014771053
0,0.0055612526
1,0.98182005
0,0.5907979
1,0.94798416
1,0.9882967
1,0.9597245
0,0.039104156
1,0.7729636
1,0.98559785
0,0.0008353445
0,0.0022097994
0,0.21652049
1,0.8333513
0,0.00039497376
0,0.08818878
1,0.36710754
1,0.997234
1,0.5775962
1,0.49297792
0,8.013752e-05
0,0.0016671186
0,0.00040177678
0,0.36799374
1,0.3114289
0,0.077272095
0,0.0004965885
1,0.83041126
1,0.8377119
0,0.0006144049
1,0.6649742
1,0.7318529
1,0.46947747
1,0.28444523
0,0.0006567884
0,0.002323253
0,0.1763244
0,0.06423009
0,0.07846677
1,0.99965143
1,0.9997136
0,0.00045268337
1,0.86178845
1,0.66064024
1,0.7671355
0,0.18575256
0,0.37242654
1,0.22670788
0,0.17440669
0,0.003602511
0,0.00046335536
0,0.00018187432
0,0.00028214327
0,5.196782e-05
0,0.00017844769
0,0.0023840317
0,0.22706822
0,0.02317671
1,0.061110124
1,0.9944154
1,0.94381046
0,0.00016455895
0,0.044721525
1,0.9946142
0,0.0005847112
0,0.0060649943
1,0.98917866
1,0.9061424
1,0.32123137
0,0.0015922338
1,0.32936615
1,0.98728
1,0.99729353
1,0.99851567
1,0.3991102
1,0.48308614
1,0.20658085
1,0.38689855
1,0.30957642
1,0.47458956
0,0.02724001
0,0.1031574
1,0.33718556
0,0.30239505
1,0.98877585
1,0.46343023
0,0.00058801606
0,0.06903267
1,0.9721513
0,0.015226141
0,0.010156836
0,0.0059548304
1,0.9992375
0,0.00028014497
1,0.5270287
0,0.122837864
0,0.070656255
1,0.9925294
1,0.8449368
0,0.03249383
1,0.7328863
0,0.03338266
1,0.025963219
1,0.9994282
1,0.9994361
1,0.99937505
1,0.99955285
1,0.39930776
1,0.40345687
1,0.72102267
0,0.0034377344
1,0.9996018
1,0.99956524
0,0.44176984
1,0.30542088
0,0.18860818
0,0.18354714
1,0.50301456
1,0.9997814
1,0.9999544
1,0.9999547
1,0.9998808
1,0.99996495
1,0.9996466
1,0.99988526
1,0.99997246
1,0.9924184
0,0.013020441
1,0.5277672
1,0.4273606
1,0.9252409
0,0.17160256
1,0.6803111
0,0.011417851
0,0.093542784
0,0.0012937833
0,0.41793066
1,0.9596044
1,0.99942845
1,0.9997357
1,0.9983943
1,0.99584055
1,0.8240799
1,0.99885565
1,0.9983605
0,0.041517027
0,0.0018311964
0,0.0006094722
0,0.0008511019
0,0.0008404579
0,0.051878124
0,0.0013127709
0,0.06232761
1,0.71216846
1,0.83735895
1,0.6138567
0,0.00032857992
0,0.057651035
0,0.4426719
0,0.027389485
1,0.9680117
1,0.9299998
1,0.86334026
1,0.99732393
1,0.9972947
1,0.9761135
1,0.8961251
1,0.945446
1,0.94341934
1,0.7348343
1,0.995751
1,0.9994217
1,0.9421555
1,0.9942807
1,0.9936097
1,0.9766666
1,0.9945724
1,0.99882424
1,0.06806113
0,0.01574223
0,0.0109805195
1,0.40546346
0,0.10774587
1,0.44765148
0,0.44660965
1,0.6022247
0,0.0042412826
0,0.00010185743
0,0.017004125
0,0.0049031395
1,0.57578534
1,0.9900869
1,0.9978359
1,0.99813074
1,0.9962216
0,0.56055766
1,0.9277942
1,0.7595029
1,0.85160017
1,0.68723065
0,0.0007032346
1,0.33514893
0,0.33514893
1,0.18171136
0,0.0007355747
1,0.1418072
1,0.71383727
0,0.0009684944
1,0.6481651
1,0.91126746
1,0.9058031
0,0.000991132
0,0.00013933973
0,0.022609048
1,0.6853447
1,0.65498245
1,0.9987789
0,0.03611914
1,0.98472375
1,0.4578485
0,0.0024163139
0,0.013628884
0,0.026180046
1,0.9874665
0,0.0014770629
0,0.026448736
0,0.038953923
0,0.53148144
0,0.047930937
1,0.88275045
0,0.003857952
0,0.007614758
1,0.38122535
0,0.027031677
1,0.98743755
1,0.9590149
1,0.9590149
0,0.16008651
1,0.44876665
1,0.9477342
0,0.010208332
1,0.9507451
1,0.7405306
0,0.00040478658
1,0.9957612
1,0.9944809
1,0.995249
1,0.9944486
0,0.0006874481
0,0.14860803
0,0.017433153
0,0.009332796
1,0.25100425
1,0.41546357
0,0.084063284
1,0.2926948
0,0.0015353449
0,0.11914409
1,0.96347773
1,0.7084215
0,0.014544805
1,0.4682644
1,0.21437739
0,0.0047607934
1,0.99810886
1,0.999165
0,0.0010721019
0,0.11156166
0,0.0005584682
1,0.58862364
1,0.9980445
1,0.9889428
1,0.97081673
0,0.012543821
0,0.6665595
0,0.0052957623
0,0.0073135532
0,0.0070204395
0,0.02837092
0,0.012880858
0,0.012316705
0,0.012839725
0,0.047934964
0,0.04444161
0,0.00016584831
0,0.0001102524
0,0.007383687
1,0.5620125
1,0.5620125
1,0.5620125
1,0.5620125
0,0.10897076
0,0.2714443
1,0.7630256
0,0.00053003564
0,0.00050720805
1,0.40373456
1,0.999126
0,0.0013193082
0,0.0005498249
0,0.0006323032
0,0.00050076674
1,0.9778702
1,0.99139625
1,0.99195725
1,0.98372287
0,0.00088371156
1,0.3904245
0,0.04203556
1,0.43165994
1,0.8899008
0,3.6788937e-05
0,0.000248506
1,0.9991719
0,0.0063832523
1,0.9565652
1,0.92565125
1,0.9013995
0,0.0015411056
0,0.0017698219
0,0.027087988
1,0.02183618
1,0.957146
0,0.051940173
0,0.0013254985
0,0.0005793369
1,0.933882
0,0.00014093347
1,0.79017985
0,0.10029362
0,0.016622443
0,0.0026474046
1,0.78632927
1,0.5235661
1,0.5001296
1,0.94070584
0,0.48041043
1,0.98895437
1,0.99863535
1,0.99783707
1,0.99922806
1,0.9923492
1,0.9987255
1,0.92235446
1,0.6699118
1,0.4380689
0,0.002402429
1,0.9999446
1,0.9541996
1,0.9797977
0,0.044088535
1,0.6792521
1,0.6557977
0,0.00028249182
0,0.033743482
0,0.05342681
0,0.06694689
0,0.051094443
0,0.051717848
0,0.092990816
0,0.050270338
0,0.06412067
0,0.07301136
1,0.046975583
0,0.021370724
1,0.9987993
1,0.99510175
1,0.99147
1,0.9961202
1,0.9997999
1,0.99971384
1,0.9994653
1,0.9754295
1,0.9997328
1,0.94117004
1,0.4550805
0,0.025723139
1,0.99948424
1,0.5084273
0,0.00082852383
1,0.97415894
0,0.0003207738
0,0.003090776
1,0.9529141
0,0.00090917206
0,0.0032062817
0,0.00038086524
0,0.2817133
1,0.9870599
0,0.41984126
0,0.46435195
0,0.36427134
1,0.73646086
1,0.6808169
1,0.6596911
1,0.6898489
1,0.72620577
1,0.74413776
1,0.81689066
1,0.7184398
1,0.8061144
0,0.32050785
0,0.0011661107
1,0.9932117
0,0.0057541765
1,0.40141508
0,0.0031879414
1,0.59242773
0,0.0026299863
1,0.9962469
1,0.9147601
1,0.113770396
0,0.1805477
1,0.17402355
0,0.0002581799
0,0.00023700082
1,0.8183613
0,0.00031257918
0,0.00036008802
0,0.00010458286
0,7.8314275e-05
0,0.37952226
0,0.4751974
0,0.37772703
1,0.37470725
0,0.0015395735
1,0.99910635
1,0.68482673
0,0.007553795
1,0.42067772
0,0.09855274
0,0.0032272188
1,0.45469332
0,0.45274028
1,0.61903906
0,0.0010343061
1,0.03934543
0,0.0053603696
0,0.2559711
1,0.86880696
0,0.24031924
0,0.36738694
0,0.045259915
1,0.796259
1,0.59430563
0,0.44331416
1,0.8040585
0,0.00019413169
0,0.00032214372
0,0.034059666
0,0.03253431
1,0.45880195
1,0.7832739
1,0.9785484
0,0.011598346
0,0.00042696626
0,9.834414e-05
0,0.026934633
0,0.13817489
1,0.97517586
1,0.5727533
0,0.0001340635
0,0.00011205562
1,0.6942065
0,0.003490748
0,0.00018171311
0,0.06305531
1,0.46853757
1,0.87771225
0,0.00075194286
1,0.6555063
0,0.03829509
1,0.8503607
1,0.89133924
0,0.0019627018
0,0.0019431482
1,0.9195319
0,0.1448368
1,0.009529193
0,0.21932898
0,0.00010039403
0,0.013990379
0,0.020490307
0,0.00647229
1,0.08752282
0,0.02298084
0,0.011562465
0,0.00029507384
0,0.00020504325
0,0.00023482554
1,0.9970107
0,0.0022451677
0,0.030163158
1,0.50794387
1,0.97296804
1,0.9943882
1,0.9647342
1,0.93585443
1,0.9995873
0,0.23052497
0,0.19467777
0,0.0011172486
1,0.5984903
1,0.9987115
1,0.99995
1,0.9674923
0,0.02494518
0,0.027223652
0,0.0031853074
0,0.039190456
1,0.9958177
1,0.9958177
0,0.01133921
1,0.53038776
1,0.6774496
0,0.0021557368
0,0.0018025469
0,0.0023994152
1,0.13388267
0,0.03929907
0,0.011121478
1,0.8174746
1,0.66512924
0,0.32999533
1,0.9171113
0,0.0017507634
1,0.9997081
0,0.002477139
1,0.93074775
0,0.00304839
0,0.024493163
0,0.0055947807
1,0.9907421
1,0.99278486
1,0.63922733
1,0.67841244
1,0.9971648
1,0.99614894
1,0.9968152
1,0.99741787
1,0.99195576
1,0.99679756
1,0.99515784
0,0.0849418
1,0.96393
1,0.9905596
1,0.9941629
0,0.00037374327
1,0.9258243
1,0.99892247
1,0.997777
0,0.7303011
1,0.895882
0,0.00014897209
0,0.00014028333
0,0.5678207
1,0.45836872
1,0.44088358
1,0.98727465
0,0.00016641778
0,0.0002462291
0,0.0016871024
0,0.000174857
0,0.0001334471
0,0.03569542
1,0.89674413
0,0.0070625446
1,0.9998483
0,0.9792306
1,0.9565404
1,0.9989117
1,0.99972564
1,0.99347985
1,0.9981492
1,0.99932486
1,0.99388033
1,0.9896638
1,0.9958336
1,0.99683654
1,0.996227
1,0.9964784
1,0.9973607
1,0.9953473
1,0.9774563
1,0.9700257
1,0.9949818
1,0.99957234
1,0.99327934
1,0.9947413
1,0.99496645
1,0.997709
1,0.99553454
1,0.9955395
1,0.9970751
1,0.9807209
1,0.9968375
1,0.9975075
1,0.9969653
1,0.9830502
1,0.9917188
1,0.99512535
1,0.9807209
1,0.988166
1,0.99422705
1,0.99553454
1,0.988166
1,0.66227776
1,0.4361471
1,0.50739455
0,0.31775403
0,0.03756656
1,0.99935055
1,0.5738995
1,0.97883964
1,0.7901472
0,1.7278486e-05
0,0.08162405
0,0.1188082
1,0.96249676
0,0.00038028334
0,0.012104901
0,0.0027844391
0,0.009398498
1,0.9952345
0,0.00069575117
1,0.9596015
1,0.99994934
1,0.9999019
1,0.9989761
1,0.9278092
0,0.08834402
0,0.17026833
0,0.097070925
1,0.60409206
0,0.68602544
1,0.4711619
0,0.4711619
1,0.92831945
1,0.8985841
1,0.9790991
1,0.9880367
1,0.9880367
1,0.81486386
1,0.7839056
0,0.0026317884
1,0.67611736
1,0.717769
1,0.75014204
0,0.010256974
1,0.8654885
0,0.006162015
1,0.9366933
1,0.9996832
1,0.99971944
0,0.0015100827
1,0.89719355
0,0.06931539
0,0.17945085
1,0.38031548
1,0.9521218
0,0.03380323
0,1.8059707e-05
0,0.00076168036
1,0.6875217
0,0.0025460024
1,0.9294035
1,0.9998292
1,0.944071
1,0.9737709
1,0.9961606
1,0.95508265
1,0.9989132
1,0.9886858
1,0.99982697
1,0.99926317
1,0.7455462
1,0.9960043
0,1.4654622e-05
1,0.45515263
1,0.78284276
0,0.0015194303
0,0.0010767279
0,0.007974018
1,0.25130954
1,0.9960906
1,0.9571283
1,0.99642795
1,0.84004605
1,0.8201754
0,0.0069896057
0,0.14800625
1,0.6670941
1,0.8313033
1,0.4236964
0,0.022644803
1,0.3746118
0,0.006156154
1,0.9998695
0,0.6751777
1,0.99989235
1,0.99984753
1,0.9999061
1,0.9089084
0,0.70298153
0,0.18289
1,0.94504684
0,0.04013214
0,0.065780655
0,0.018069005
0,0.020069243
0,0.09952349
0,0.01054741
1,0.8069253
1,0.95945805
0,0.00024171376
0,0.014410894
0,0.0073253927
0,0.011715017
0,0.068198174
0,0.004898695
1,0.9431421
0,0.11795315
0,0.42370018
0,0.35541004
1,0.8985026
1,0.6809069
0,0.35704225
0,0.023670858
1,0.99115545
0,0.03335131
0,0.020713707
0,0.020775152
1,0.5336839
1,0.87388396
0,0.009261737
1,0.893825
0,0.09796764
0,0.055330765
1,0.92353487
1,0.8320314
0,0.019145325
0,0.016868334
0,0.05206877
0,0.35463423
0,0.37680095
0,0.18010591
1,0.9899524
0,0.00080869946
1,0.17738186
0,0.3967027
1,0.96809816
0,0.0032534187
0,0.0005327602
0,0.024008641
1,0.7911874
1,0.875728
1,0.9937274
0,0.0030812745
1,0.09642042
1,0.9936415
0,0.11872349
0,0.00045871106
0,0.0068690903
0,0.004912799
0,0.0047920304
0,4.1535583e-05
0,0.034301072
1,0.99958235
1,0.99821985
1,0.8033538
0,0.24167068
0,0.6275295
0,0.44222474
0,0.00451988
0,0.0326064
1,0.94388366
0,6.702663e-05
0,2.7005277e-05
1,0.5287622
1,0.75908744
0,0.14016351
0,0.022994218
1,0.2721347
1,0.49601778
0,0.80006856
1,0.7823233
1,0.89276314
1,0.852309
1,0.9930595
1,0.9963311
1,0.9992322
1,0.9336079
1,0.9037253
1,0.95575327
1,0.9344287
1,0.9672227
1,0.972835
1,0.912842
0,0.09784159
0,0.055808764
0,0.0065020756
0,0.043717064
0,0.03363225
0,0.00012761087
0,0.031003436
1,0.9381496
0,0.013068108
0,0.06631881
0,0.02909178
1,0.18247317
0,0.0050626523
0,0.048786983
1,0.5751149
1,0.9883831
0,0.13839477
0,0.0028420114
0,0.006181318
0,0.054762073
1,0.9319521
0,0.022068681
1,0.9958318
0,0.00010273085
0,0.0019225825
0,0.00089149486
0,0.00017096993
0,0.00023157953
0,0.00048022013
1,0.99120015
0,0.38125297
1,0.87852937
1,0.9084125
1,0.9179665
1,0.8902928
1,0.99923146
1,0.99419296
1,0.9940013
1,0.9928866
1,0.99620813
1,0.99781597
1,0.9956155
1,0.99895895
1,0.9598999
1,0.9997661
1,0.9991365
1,0.99882346
1,0.9995542
1,0.9941349
1,0.9989107
1,0.99427164
1,0.9977725
1,0.9996668
1,0.9989168
1,0.99853027
1,0.99951434
1,0.99225193
1,0.99834687
1,0.59351707
0,0.0059847995
0,0.0040489365
1,0.6674024
0,0.0001584033
0,0.0010178604
0,0.22394024
1,0.6311867
0,0.003272357
0,0.13187666
1,0.9932431
0,0.00042600493
0,0.0016317545
0,0.0034446989
0,0.013501266
1,0.8683657
0,0.2477204
0,0.17273168
0,0.13697231
0,0.12514804
0,0.06506745
0,0.16686662
1,0.20064594
1,0.17138812
1,0.17095333
1,0.19752578
1,0.1514298
1,0.24722089
1,0.52856565
0,0.0760059
0,0.030190308
0,0.0006205714
0,0.09359522
0,0.021996727
1,0.5538104
0,0.0007511106
0,0.0015750576
0,0.0022363744
0,0.011015031
0,0.003093469
0,0.00066144246
0,0.008028367
1,0.9998967
1,0.99531823
1,0.9975212
1,0.9420702
1,0.9734511
1,0.99955267
0,0.8270657
1,0.6577718
1,0.9989237
0,0.048798945
1,0.808084
1,0.013311524
1,0.34616578
0,0.0018478244
0,0.00887252
0,0.00048331116
0,0.00013659579
1,0.39841223
1,0.12324035
1,0.5610925
1,0.9984973
0,0.10056973
1,0.8954044
1,0.9979656
1,0.99988735
1,0.9998601
1,0.99958414
1,0.9998656
0,0.0006951688
0,0.00083462446
0,0.000770834
0,0.040466886
1,0.96937805
1,0.9268325
1,0.99253225
1,0.9847057
1,0.46588787
1,0.9886862
1,0.9886862
1,0.9950991
1,0.42513672
0,0.0034404653
0,0.2516424
0,0.5789646
1,0.5789646
0,0.0033064315
0,0.09894753
0,0.15708274
1,0.9991314
0,0.08327505
1,0.9659664
1,0.44282264
1,0.9997553
0,0.0051017473
0,0.00081579026
1,0.4788474
0,7.81328e-05
1,0.18881875
1,0.5590249
1,0.58455384
0,0.045232497
0,0.078320295
0,0.075384
1,0.33126616
0,0.0018042601
0,0.0011203281
0,0.014736878
1,0.9150816
1,0.59727275
0,0.079395145
0,0.006377763
0,0.07051832
0,0.006219483
0,0.09696902
0,0.040170114
0,0.0037057246
0,0.052990694
1,0.25553128
1,0.8243165
1,0.80233735
1,0.045446273
1,0.26456952
0,0.047811568
0,0.10959654
0,0.046358556
0,0.047098897
0,0.041112315
0,0.044083092
1,0.20201892
1,0.20452426
0,0.12054647
0,0.037252117
0,0.07808962
0,0.06819277
1,0.97167003
0,0.30045524
1,0.95240235
1,0.7982974
0,0.3104425
1,0.10990428
1,0.18686147
1,0.20776162
1,0.58233047
0,0.10448
0,0.0841026
0,0.0041069947
0,0.001338019
0,0.047427844
1,0.409601
1,0.23168325
0,0.516483
0,0.06077229
0,0.0047860257
1,0.81580645
0,0.052715592
0,0.028699953
1,0.9903327
0,0.0011088738
0,0.0007295298
0,0.0007227004
0,0.00016057125
0,0.022689119
0,0.023721132
1,0.98050594
0,0.0006738771
0,0.012820779
0,0.041365188
1,0.99177873
1,0.6158819
1,0.45053068
1,0.028211502
1,0.4216885
0,0.39830375
0,0.0086378455
0,0.0065643727
0,0.0039984034
0,0.0034735976
0,0.35125425
0,0.003209644
1,0.5796126
1,0.9098613
1,0.9098613
1,0.955506
1,0.90836763
1,0.87571657
0,0.014778074
0,0.122374885
0,0.0061574434
0,0.0005260482
1,0.11642019
0,0.46056095
0,0.0021413493
1,0.9984901
1,0.3242162
0,0.0006951109
0,0.3782522
0,0.24893372
0,0.32252374
1,0.9974889
1,0.9974889
0,0.0007933158
0,0.045033414
0,0.016723314
1,0.99210507
1,0.5733868
1,0.8102603
0,0.012408197
0,0.0004212549
1,0.64876163
0,0.0001311154
0,0.52712035
0,9.4810515e-05
0,0.00022783312
0,0.00036136954
0,0.00015888935
0,0.00063456415
0,0.001095897
0,0.00034512614
0,8.689441e-05
0,0.00016149283
0,0.0004867832
0,0.00015960407
0,0.0007297422
0,0.029454943
1,0.6554835
0,0.14609009
0,0.0027467452
0,0.0011576472
0,0.022261431
0,0.015019657
0,0.0083367005
0,0.0026740704
0,0.29064384
1,0.5663903
1,0.334873
1,0.21809584
0,0.37770244
1,0.5302644
1,0.41738334
0,0.007114183
1,0.8993492
1,0.84465456
1,0.8595878
1,0.99801254
1,0.1501068
1,0.45831186
0,0.004791261
1,0.99209607
1,0.99777067
0,0.4617018
0,0.23893043
0,0.00304547
1,0.8120923
1,0.64263856
0,0.05995802
1,0.07869661
1,0.09998911
0,0.0451845
0,0.0025023096
0,0.10485294
0,0.20687482
1,0.420442
1,0.991618
1,0.9909535
1,0.9990368
0,0.004037915
1,0.076204605
1,0.9051557
1,0.04464661
1,0.98865557
1,0.9139894
1,0.8942113
1,0.8774041
1,0.86859643
0,0.022318885
0,0.007956513
0,0.003943537
0,0.03549678
0,0.0015951009
1,0.65969265
1,0.9999546
0,0.0033020987
0,0.0010330701
0,0.05093185
0,0.0047238786
0,0.00024596372
0,0.00055084575
0,5.528241e-05
0,0.0010863467
0,6.92664e-05
0,0.0633162
0,0.0009501985
1,0.9730801
0,0.011141954
0,0.0011595688
1,0.99916524
1,0.61220425
0,0.00043113987
0,0.004174778
0,0.06497542
0,0.00096843485
0,0.0065342723
1,0.9077552
1,0.8846279
0,0.011353838
1,0.857895
0,0.003046061
1,0.5411246
0,0.45423648
0,0.42536235
0,0.434013
0,0.4466324
1,0.49235204
1,0.43633237
1,0.4395016
1,0.48798892
1,0.4443608
1,0.5090738
1,0.46593976
0,0.0002546342
1,0.92940354
1,0.9994642
1,0.14470007
1,0.928574
0,0.13150324
1,0.9650718
0,0.014964346
0,0.00993686
0,0.062066972
1,0.7252852
1,0.43886822
1,0.5051187
1,0.11344466
1,0.33668736
0,0.004964558
1,0.98281634
1,0.8029041
1,0.44729775
1,0.2136302
1,0.49913868
1,0.45095393
1,0.99980664
0,0.0009989348
0,0.19634686
1,0.41945016
0,0.0076730456
0,0.019279331
0,0.00057618535
0,0.18243253
0,0.0030249231
1,0.47082177
0,0.041800484
0,0.3073267
1,0.46325558
1,0.80926883
1,0.9674114
0,0.02809428
0,0.049616948
1,0.9693859
1,0.94569457
1,0.9934842
0,0.00010332168
1,0.982725
0,0.27317882
0,0.02930544
0,0.08605869
1,0.99988174
1,0.9998865
1,0.9998429
1,0.99990207
1,0.9945987
1,0.99994016
1,0.99992466
1,0.9998661
1,0.99994016
1,0.9997228
1,0.9999314
1,0.99987924
1,0.97791755
1,0.8036109
0,0.05650344
1,0.36860928
0,0.106105864
1,0.14717667
1,0.9540703
1,0.9663649
0,0.0046662297
0,0.012447355
0,0.0258105
0,0.014058133
1,0.97822493
0,0.043806832
1,0.3286387
0,0.1475215
1,0.99996734
1,0.99994266
1,0.9999155
1,0.99997866
1,0.999969
1,0.9999539
1,0.9999152
1,0.99992716
1,0.9999568
1,0.99997807
1,0.99997973
1,0.95150244
1,0.95634365
0,1.4751609e-05
1,0.70210683
0,0.014653806
0,0.08292814
1,0.49745876
1,0.3284887
0,0.003330411
0,0.18457289
0,0.07421075
0,0.001906387
1,0.20893727
1,0.8904305
0,0.00022856594
1,0.55183506
1,0.9973302
1,0.42030677
0,0.013916505
0,0.022507563
1,0.19621871
0,0.036162224
1,0.80150115
0,0.060565386
1,0.99957716
1,0.99947107
0,0.0010837849
1,0.48121837
1,0.9075611
0,0.030343188
1,0.5798118
1,0.9953683
1,0.9538477
1,0.9203764
1,0.8730061
1,0.96388793
1,0.9591921
1,0.9998285
0,0.17501667
0,0.6320758
1,0.2720852
0,0.050406277
1,0.4197243
0,0.0015574115
1,0.8718796
1,0.68115246
0,0.08533407
0,0.010267494
0,0.0033768916
0,0.002804372
0,0.0018295037
0,0.0008373272
0,0.0011235729
0,0.043792397
1,0.5805073
0,0.034729816
0,0.00614797
0,0.0007467702
0,0.021620413
1,0.885565
1,0.9998427
1,0.9998427
1,0.9998427
1,0.9998525
1,0.9866111
0,0.008616887
1,0.31703293
1,0.12909578
0,0.008564036
1,0.9991282
1,0.97388804
0,0.001659789
0,0.018406402
0,0.036809098
1,0.6380585
1,0.6380585
1,0.9750053
1,0.98697245
1,0.95481324
0,0.09874982
0,0.10811243
0,0.072040156
0,0.015269837
1,0.25062603
0,0.0002524877
0,0.26965082
0,0.28603706
0,0.018701913
1,0.8700422
1,0.96338356
1,0.8689573
1,0.94166964
0,0.018216742
0,0.03226938
1,0.9550141
1,0.99937457
0,0.50979054
0,0.10241848
0,0.044026572
0,0.00028057533
0,0.32351354
1,0.7308698
1,0.99866724
1,0.4042232
1,0.5724455
0,0.00096621335
0,0.001202512
1,0.99554276
1,0.91188455
1,0.99967456
1,0.99829304
1,0.982992
1,0.3538731
0,0.061721757
0,0.13455336
0,0.04793109
0,0.08689196
1,0.4027983
0,0.00039539175
1,0.99027944
1,0.9924422
0,5.433696e-05
0,5.3175638e-05
0,0.10128329
0,0.13156208
1,0.98271096
1,0.87868094
1,0.9974843
0,0.31450945
0,0.0016915582
0,0.0068289847
1,0.38663548
0,0.06170958
0,0.09646298
0,0.036864836
1,0.51355517
0,0.005624953
1,0.5749346
1,0.99803406
1,0.61898804
0,0.17687751
1,0.556484
1,0.5077284
1,0.51318693
1,0.99945426
1,0.48988685
1,0.4235394
1,0.42485505
0,0.42721826
0,0.4205754
0,0.41929916
1,0.9993158
0,0.00025697704
1,0.9979035
1,0.49128315
0,0.0030901358
0,0.01983195
0,0.0369336
0,0.009205466
1,0.5881563
1,0.60855985
0,0.00048304725
0,0.0008448403
1,0.97304285
1,0.98346275
1,0.9666576
0,0.0020709382
1,0.3601847
0,0.0013459546
1,0.79310787
0,0.00027504456
0,0.012884744
0,0.0030959523
0,0.34316242
0,0.84677005
0,0.0015582837
1,0.68114614
1,0.99737793
1,0.9980697
1,0.9986436
1,0.99935526
0,0.008163705
0,0.0009700939
0,0.0032515994
0,0.011002274
0,0.046763726
0,0.00083935785
0,0.0072745723
0,0.00097552844
1,0.76945245
1,0.44796377
1,0.35212934
1,0.45987266
1,0.52440894
1,0.95496637
0,0.03233282
1,0.9539797
0,0.027246336
0,0.008790098
0,0.024414467
0,0.010048882
0,0.023867512
1,0.9998657
1,0.6991054
0,0.19395277
1,0.42541364
0,0.024049787
1,0.999375
1,0.99868083
1,0.99987483
1,0.9968862
1,0.99718535
0,0.038437016
1,0.8765962
1,0.44885433
0,0.44723228
0,0.007083941
0,0.013381701
1,0.37704122
1,0.17066917
0,0.052467313
0,0.0005289674
0,0.07973919
1,0.72004354
1,0.042414524
0,0.0031510242
1,0.99902886
1,0.99902886
0,0.13599114
0,0.0012098207
1,0.9932897
1,0.8405784
1,0.40921405
0,0.0010969405
1,0.9982326
0,0.006422285
0,0.2324299
1,0.38264954
1,0.3709493
1,0.9977506
0,0.020743217
0,0.35836285
1,0.43980604
1,0.8074995
1,0.9992967
0,0.0018100076
0,0.00048227038
0,0.0032782196
0,0.010198201
1,0.9776149
1,0.99525887
1,0.9971415
1,0.96270174
1,0.99920326
1,0.50375974
0,0.0014261182
0,0.02912996
0,0.006528007
1,0.7091862
1,0.27122143
1,0.47953293
0,0.10412028
0,0.0057413583
0,0.007268071
0,0.00011941955
1,0.86439246
0,0.11906283
0,0.009064614
1,0.6557122
1,0.6493672
1,0.6493672
0,0.010818142
0,0.43303004
0,0.00025530808
1,0.98913693
1,0.8936067
1,0.89697325
0,0.047932535
1,0.99581665
1,0.99151903
1,0.9975003
1,0.99183464
1,0.83911633
1,0.96465564
0,0.3175718
0,0.061123036
0,0.0011278494
0,0.022762287
0,0.3355254
0,0.3583887
1,0.75566643
0,0.0006738145
0,0.00068864244
0,0.0015248728
0,0.001167782
0,0.0004947039
1,0.9995912
1,0.99500704
1,0.99938095
1,0.9988279
1,0.9894167
1,0.997318
0,0.5087444
0,0.00081995863
0,0.038568404
0,0.0008342324
1,0.8909433
0,0.05760125
0,0.4550374
0,0.00051411305
1,0.4751766
1,0.61182195
1,0.4983104
0,0.07203683
1,0.44379753
1,0.6740242
0,0.012365235
0,0.028854668
1,0.93041825
0,0.049343538
1,0.420193
0,0.055554066
0,0.044775717
0,0.045733187
1,0.13578433
1,0.8459449
1,0.027850296
1,0.6323488
0,0.62855685
1,0.35156593
0,0.0002181424
1,0.5246457
1,0.9953815
0,0.0211373
1,0.9990633
1,0.9983742
0,0.0011599018
1,0.94945174
0,0.0011327346
0,0.0054480657
1,0.89663815
0,0.0009221064
0,9.739102e-05
0,0.00014975513
0,0.0003127214
0,8.084583e-05
0,0.0007188282
0,0.32865053
0,0.027502108
0,0.0006529183
0,0.016797865
0,0.13220808
0,0.100530684
0,0.1207241
1,0.7298755
0,0.22931063
0,0.0060010836
0,0.00686317
0,0.007638074
0,0.0059056864
0,0.0027978108
0,0.008622189
0,0.0040107924
1,0.2524645
1,0.9896228
1,0.999533
1,0.999533
1,0.999533
1,0.999533
1,0.999533
1,0.999533
1,0.30763265
0,0.004048566
0,0.008516889
1,0.9983179
1,0.97185296
1,0.13289937
0,0.014088343
0,0.007920402
1,0.44819242
0,0.0052044927
0,0.0055761775
0,0.005187075
0,0.01039544
0,0.0029262896
0,0.078791946
0,0.08787849
1,0.92506313
0,0.002613759
0,0.0032901177
1,0.94257665
0,0.0027079054
0,0.002732275
1,0.96258855
1,0.979983
1,0.98040885
0,0.0007346093
1,0.6614134
1,0.196915
0,0.0010696735
0,0.0011192252
0,0.0028244646
1,0.9461903
1,0.37910965
0,0.00084764115
0,0.055105556
0,0.00077659334
1,0.9960569
1,0.9998612
0,0.015142173
1,0.95945436
1,0.9915305
1,0.98984265
0,0.009126132
1,0.46308675
0,0.10719139
0,0.06092841
0,0.6622702
0,0.0029749593
0,0.033300873
0,0.00070319936
1,0.9998005
0,0.02491951
1,0.4861144
1,0.8569267
1,0.5921724
1,0.677794
1,0.63490593
1,0.76506263
1,0.8108984
1,0.81453836
1,0.782952
1,0.56275886
0,0.7381718
0,0.43638957
1,0.071244694
1,0.9892836
1,0.9453723
0,0.04310199
1,0.98288524
1,0.89925176
1,0.9982126
1,0.33504227
1,0.99804235
0,0.031259928
1,0.53172284
1,0.018146526
1,0.34562078
0,0.008714934
0,0.049326997
0,0.1029107
0,0.1030159
0,0.03084165
0,0.036898047
0,1.673152e-05
1,0.9987012
0,0.44265166
0,0.0028787358
0,0.0001638361
1,0.9964611
0,0.006688965
0,0.112274356
0,0.039659757
0,0.0010495016
0,0.08947795
0,0.14636356
0,0.8431646
1,0.9882266
1,0.80837554
1,0.9907024
1,0.9424224
1,0.6600568
1,0.9132213
1,0.9815086
1,0.8988167
1,0.99759966
1,0.9784352
0,0.0007714939
1,0.99808633
1,0.9217807
1,0.9982831
0,0.016914982
1,0.92269397
0,0.11700467
0,0.0008785051
0,0.008110215
0,0.0010682975
1,0.9713627
0,4.8392507e-05
0,0.025786718
0,0.21271887
0,0.017991502
1,0.9414456
0,0.004159347
0,0.0011904933
0,0.006726247
0,0.021349482
0,0.06404706
1,0.37450844
0,0.06760872
1,0.8535886
1,0.77741563
1,0.99926543
1,0.9922933
1,0.99815917
1,0.99974054
1,0.9996071
1,0.9993518
1,0.9987767
1,0.99763405
1,0.9991118
1,0.9630707
1,0.032231003
1,0.99967146
1,0.99883693
1,0.8407087
1,0.9992306
1,0.99956
1,0.970962
1,0.9996427
1,0.99916637
1,0.9998215
1,0.99277425
1,0.958236
1,0.98848397
1,0.9978678
1,0.999465
1,0.995551
1,0.7746724
1,0.9998381
1,0.74716365
1,0.99981976
1,0.96292824
1,0.9996009
1,0.98929554
0,0.008675304
0,0.011474638
1,0.998424
0,0.015454821
1,0.34350282
0,0.13303654
0,0.025401762
0,0.0005897313
0,0.012351314
1,0.86461264
1,0.02937548
1,0.19047645
0,0.007526928
0,0.007901895
1,0.5380469
1,0.14724289
0,0.0003669319
0,0.02471052
0,0.04056607
0,0.039815705
0,0.10757252
1,0.9991557
1,0.9945416
1,0.999104
1,0.9936178
0,9.124978e-05
0,0.0006093743
0,0.00035662507
0,0.00026614426
1,0.16981386
1,0.99538004
0,0.0007699578
0,0.013883408
1,0.98860866
1,0.9938528
1,0.96776074
0,0.0015570422
0,0.04305059
1,0.81332016
1,0.5295545
0,0.020332986
1,0.95469505
0,0.0015833767
0,0.054365598
0,0.06320904
0,0.03842506
0,0.04368795
0,0.06357441
0,0.032589674
0,0.028915111
0,0.03231557
0,0.038805105
0,0.04267874
0,0.0541778
0,0.03481712
0,0.03567433
1,0.2389345
1,0.3705557
1,0.02867773
1,0.99982244
1,0.14765055
1,0.9994578
1,0.9961427
1,0.9192376
1,0.78430176
0,0.07172828
0,0.0607803
0,1.4298711e-05
1,0.1672676
0,0.06380344
0,4.4363536e-05
1,0.3427727
0,0.0215137
0,0.10075574
0,0.4983234
1,0.9999573
1,0.9840942
0,0.0054974463
0,0.0032059785
0,0.108285055
1,0.9904519
1,0.9859486
1,0.99986225
1,0.99986225
1,0.9998081
1,0.9998081
1,0.99987966
1,0.99987966
0,0.0023582913
1,0.9986582
1,0.99664825
1,0.9900423
1,0.9990819
0,0.0056424015
0,0.031248864
0,0.17663379
1,0.99951714
1,0.99951714
0,0.0008509831
0,0.00049443333
1,0.92138946
1,0.8939106
1,0.92138946
1,0.8939106
0,0.0030926147
0,0.0022043963
1,0.9628713
1,0.91074944
1,0.84128463
1,0.99261653
1,0.5265242
0,0.0003932433
0,0.0055174045
0,0.053013813
0,0.00030313086
0,1.0660928e-05
0,5.926907e-06
0,0.007593251
1,0.9553413
0,0.0009077871
0,0.012511395
0,0.015706826
0,0.70240426
0,0.059700273
0,0.08238191
0,0.19202366
0,0.0971092
0,0.62161183
0,0.988471
1,0.9905616
1,0.9776046
1,0.9832109
1,0.9969441
1,0.9916454
1,0.99861056
1,0.9852385
0,0.2801278
1,0.949409
0,0.007382422
1,0.87754446
1,0.4593215
0,0.020847265
0,0.005212374
1,0.80157584
1,0.544562
0,0.006792518
0,0.055031728
0,0.01621897
0,0.01621897
0,0.0019144254
0,0.01621897
1,0.53138244
1,0.2571347
1,0.53138244
0,0.001398577
1,0.13479285
1,0.90007037
1,0.889829
1,0.5292331
1,0.7496597
1,0.376343
0,0.0076636295
1,0.7511818
1,0.88329923
0,0.1178433
1,0.99922323
1,0.20112044
1,0.51065195
1,0.97292644
1,0.8705273
1,0.9809202
1,0.9809202
1,0.99867445
1,0.97445565
1,0.99522674
0,0.22095963
0,0.0058388403
0,0.003765713
1,0.9650751
0,0.1074391
1,0.99640256
0,0.0014508099
0,0.23988372
0,0.3737298
0,0.0009839293
1,0.627513
1,0.31570515
0,0.22403856
0,0.0002585573
0,0.032403186
1,0.011147262
0,0.20583928
1,0.14875537
1,0.1435405
0,0.14687262
0,0.12803705
0,0.18207915
0,0.008591462
1,0.612486
1,0.99892676
1,0.8989113
0,0.008759652
0,0.010913867
1,0.18854962
0,0.013118646
0,0.0134724695
0,0.04947293
0,0.062958
0,0.049871106
1,0.9925672
1,0.9921154
0,0.0026144467
0,0.00274081
0,0.003965747
1,0.99550664
1,0.99958205
1,0.99753886
1,0.9951541
0,0.0033045886
1,0.9804866
0,0.05079357
1,0.9995324
0,0.068945885
0,0.0064917803
1,0.7663832
0,0.0014286737
0,0.0038091147
0,0.03464878
0,0.006518996
0,0.011840244
0,0.18940204
1,0.9830169
0,0.32418135
0,0.022321953
0,0.0012070817
0,0.0013614695
0,0.0012295236
0,0.00016995342
0,0.00015611778
0,0.00016840418
1,0.40737504
0,0.12969513
0,0.0035087646
1,0.9998939
1,0.6435212
1,0.7056689
1,0.08353589
0,0.0008228162
0,0.0010538633
1,0.53683066
1,0.57365805
0,0.012389484
0,0.03200337
0,0.004930716
0,0.019007852
0,0.0054317894
1,0.9907187
1,0.51146966
0,0.002007925
1,0.99035996
1,0.4636024
1,0.9983599
0,0.0081883045
0,0.0018632769
0,0.04349928
0,0.015504326
0,7.719482e-05
1,0.99224097
0,0.00033716523
0,0.18624003
1,0.9991412
1,0.9774564
1,0.77477884
1,0.58812785
0,0.049410988
1,0.49614656
0,5.3769698e-05
0,0.00018099825
1,0.94523317
0,0.35997218
0,0.00068486965
0,0.00038459996
1,0.9904113
0,0.00086041505
1,0.10642436
0,0.0006340654
1,0.9973619
1,0.99772847
0,0.00053903967
0,4.9512797e-05
0,0.00031526497
0,0.009491355
1,0.9939832
0,0.023904972
1,0.99225885
0,0.00013880238
0,0.0019424999
0,0.0031992518
0,0.07346513
1,0.45503306
1,0.48776564
1,0.84893066
1,0.79758674
1,0.78656894
0,0.013968945
1,0.34980768
1,0.86993
0,0.003402156
0,9.713115e-05
0,0.002808509
0,0.0018000425
1,0.9997397
1,0.03628007
0,0.12052796
0,0.22823198
1,0.7253418
0,0.08675938
1,0.36277592
0,0.0004596828
1,0.9971714
0,0.35769972
1,0.59280133
1,0.40467283
1,0.18149865
0,0.0048219264
1,0.43274325
0,0.12401921
0,0.0067842067
0,0.1805072
0,0.0015121159
0,0.0026606978
0,0.0032606684
1,0.90310097
0,0.00023888586
1,0.9650612
1,0.93440366
0,0.045275968
0,0.013218478
0,0.13010621
1,0.88776255
0,0.0014954517
0,0.0023492107
1,0.9926
1,0.84801406
0,0.01059222
1,0.7167139
0,0.14989622
0,0.0019402743
0,0.0018441956
1,0.9504972
1,0.98909384
0,0.004243035
0,0.015973993
1,0.4147673
1,0.4286426
1,0.41999742
1,0.43038175
0,0.0014574103
0,0.0014574103
1,0.9996399
1,0.48542067
0,0.013071719
0,0.021360807
0,0.011150826
0,0.09300978
1,0.9837228
0,0.00014978426
0,0.34640467
0,0.0006751708
1,0.9982638
0,0.0062189903
1,0.8503056
0,0.057397153
1,0.99995816
0,0.0037128949
0,0.00013894687
1,0.043128204
1,0.44105074
1,0.97375566
1,0.99591285
1,0.96689534
1,0.9183974
0,0.004550058
1,0.39004213
1,0.70694554
1,0.70694554
0,0.008078668
0,0.016800502
1,0.34135774
1,0.9703286
0,0.000605942
0,0.0007122835
0,0.00054774573
0,0.0052697286
1,0.8714839
0,0.06414024
1,0.9717848
1,0.9981342
1,0.43754217
1,0.34701222
0,0.33718148
0,0.01999671
1,0.99662054
0,0.006158065
1,0.17676958
0,0.295228
1,0.30311516
0,0.34378228
0,0.0064114407
0,0.156683
0,0.4170544
1,0.623065
1,0.93491614
0,0.00015860447
1,0.9997887
1,0.97539496
0,0.035059765
0,0.051068824
0,0.03904281
0,0.030885486
0,0.0001591676
1,0.39612636
1,0.39612636
1,0.39612636
0,0.018226266
0,0.019075397
0,0.00034768303
1,0.8721382
0,0.03062068
0,0.0006140153
0,0.002960862
1,0.9960566
1,0.91273355
1,0.93492556
1,0.9184358
1,0.99818844
1,0.20238239
0,0.25092974
1,0.9991292
0,0.006787504
1,0.90663934
0,0.0019626524
0,0.0010933396
1,0.8066253
1,0.9040096
1,0.9904522
1,0.2913155
1,0.99697745
0,0.0062094256
0,0.07099568
0,0.07558626
0,0.07014962
1,0.976134
0,0.008574468
1,0.66862035
0,0.05912919
0,0.1203268
0,0.00046383176
0,0.0014634188
0,0.28526857
0,0.0022506553
0,0.09710329
0,0.012401718
0,0.0046188273
0,0.41661924
1,0.53778136
1,0.9998034
1,0.9997853
1,0.9997853
1,0.99857754
1,0.9996791
1,0.9996791
0,0.001481243
1,0.999834
1,0.786721
0,0.0010121448
0,0.011018091
1,0.3982301
1,0.9981485
0,0.049277805
1,0.34774998
1,0.9936624
1,0.9894353
1,0.9533966
0,0.027873686
0,0.030246776
0,0.00589191
0,2.046961e-05
0,0.00010439753
0,1.4311754e-05
0,9.5284086e-05
0,3.0356614e-05
0,0.0067328867
1,0.95247865
1,0.9988653
1,0.9988653
0,0.2520432
1,0.84233826
1,0.08367866
0,0.020502778
0,0.00048798477
0,0.0057305866
0,0.013545585
0,0.0021584004
0,0.0048581203
1,0.80781376
0,4.929198e-05
1,0.97736305
0,0.0066832397
1,0.98376226
1,0.99763983
1,0.9964267
1,0.9964039
1,0.992971
1,0.97322434
1,0.24580584
0,0.013749263
0,0.010494399
1,0.8313694
1,0.9163619
1,0.99959755
0,0.00016863008
0,0.006915951
0,0.00045517684
0,0.0009789697
0,0.00033265824
0,0.0029191556
0,0.0003240041
0,0.0003005533
1,0.28822172
0,0.013462965
0,0.020190971
1,0.4584272
0,0.008143282
0,0.0021394272
0,0.0011022792
1,0.92789793
1,0.9974678
1,0.9524042
1,0.99886745
1,0.9174578
1,0.989627
1,0.9886547
1,0.12738986
0,0.00015560369
0,0.018129406
0,0.04067021
0,0.027311372
0,0.020478224
0,0.1492274
1,0.3290968
0,0.009503798
1,0.9994261
0,0.02013599
0,1.6504819e-05
0,0.00019137436
1,0.99783134
0,0.06419982
1,0.4196309
1,0.77930266
0,0.010703488
0,0.061606996
1,0.43455124
1,0.3727765
0,0.09547799
0,0.00082044274
0,0.41301745
0,0.014793654
0,0.014282813
1,0.9104375
1,0.47641277
1,0.7758367
1,0.9954896
1,0.9172457
1,0.94788104
1,0.9291197
1,0.4552529
1,0.99990726
0,0.03199137
1,0.9999703
1,0.9997422
1,0.99925745
1,0.9907572
1,0.9995127
1,0.99743515
1,0.84436464
1,0.99988264
1,0.999934
1,0.99990803
1,0.9999069
1,0.9999793
1,0.999934
1,0.99979407
1,0.99990803
1,0.99991286
1,0.9999331
1,0.9998575
1,0.99974644
1,0.99962026
1,0.9987818
1,0.999934
1,0.97780704
1,0.9999097
0,0.0008595924
0,0.012405317
0,0.67614716
0,0.005973956
1,0.90235996
1,0.99839556
1,0.98126143
1,0.9635371
0,0.90733194
1,0.99735624
0,0.08529986
1,0.5470587
1,0.5470587
0,0.4306475
0,0.04933226
0,0.050907243
1,0.5805253
1,0.99184936
1,0.9717311
0,0.307426
1,0.42461273
0,0.13819702
0,0.026747884
0,0.014935471
0,0.040967993
0,0.028488643
0,0.0012194396
0,0.024737582
0,0.15178564
1,0.99931604
0,0.0021649068
0,0.010100919
1,0.6576884
0,0.22871864
0,0.008669036
1,0.7083002
1,0.5466373
0,0.013950947
0,0.037197173
0,0.021907471
0,0.01021684
1,0.9996206
0,0.0010610744
0,0.0022358308
1,0.9055731
0,0.0035300006
0,0.00010926491
0,7.277088e-05
0,4.0122653e-05
0,2.566486e-05
0,1.9537882e-05
0,5.5286786e-05
0,4.7363515e-05
0,3.5233996e-05
0,7.457137e-05
0,4.9008646e-05
0,4.9910766e-05
0,0.093509525
0,0.084520705
0,0.06960161
1,0.980966
1,0.84332293
1,0.5699248
1,0.9866358
1,0.32398343
0,0.007411309
0,0.0061774314
1,0.36644638
1,0.9977311
1,0.9720458
1,0.9724128
1,0.8830004
0,0.00037892262
1,0.46051246
0,0.0021855668
1,0.958229
0,0.0024436167
1,0.99970806
0,0.00026918176
1,0.9305283
1,0.72422653
1,0.046578925
0,0.029624837
1,0.41280228
0,0.42394397
0,0.030448116
0,0.019328183
0,0.022850938
0,0.022850938
0,0.010176688
1,0.5953329
1,0.17521565
1,0.84235513
1,0.93309736
1,0.83401287
0,0.0016919641
0,0.00920098
1,0.78514075
1,0.050482485
1,0.85676646
1,0.6055242
1,0.7456274
1,0.5790565
1,0.50480866
1,0.9357082
0,0.001564362
1,0.40234768
1,0.5218972
1,0.59729713
1,0.9686307
0,0.010917381
0,0.0040899925
0,0.17332812
1,0.96061707
0,0.001217342
1,0.9854225
0,0.032174658
1,0.7220859
0,0.03485715
0,0.032778066
1,0.5128363
0,0.014098916
0,6.695394e-05
1,0.977848
1,0.4001784
1,0.4416382
1,0.42689306
1,0.6229749
1,0.9820185
1,0.6969902
1,0.90846014
1,0.90846014
0,0.33061796
1,0.407894
1,0.39352515
0,0.01259559
0,0.010233939
0,0.0002998029
1,0.6555278
1,0.0636339
1,0.93563884
0,0.012366499
1,0.9963119
1,0.989826
1,0.9887114
0,0.019246414
0,0.00996964
0,0.036427006
0,0.2771413
1,0.01838858
1,0.9995535
0,0.00028056034
1,0.67139363
0,0.1157267
1,0.9998627
1,0.9033224
1,0.80488646
1,0.9840195
0,0.5634489
1,0.9993243
1,0.99969655
1,0.99993247
0,0.03484246
1,0.9952667
0,0.051769193
0,0.13919616
1,0.24858004
0,0.0003384339
1,0.73489916
1,0.15254691
0,0.0011555969
0,0.09221798
0,0.0011953168
0,0.007141724
0,0.03236503
1,0.9150113
0,0.0028829984
0,0.0011028963
1,0.5785297
0,0.10013231
0,0.11764411
1,0.44995898
1,0.9963829
1,0.9972591
1,0.99753827
0,0.26236442
0,0.0003491772
0,0.0070390557
0,0.0032187367
0,0.046463437
1,0.6243602
0,0.0058094687
0,0.058189437
0,0.13318515
0,0.0018325791
1,0.6912141
0,0.051727895
1,0.73936355
0,0.0022747878
0,0.05005776
0,0.05005776
1,0.8534877
1,0.76502
1,0.82677674
1,0.40019155
0,0.039371304
0,0.18107282
0,0.025133256
0,0.026435627
0,0.016878793
0,0.030548917
0,0.025449257
0,0.021898506
0,0.042671416
0,0.0121770855
0,0.01127142
0,0.014360977
0,0.033121094
0,0.026616061
1,0.042603113
1,0.025449257
1,0.47290513
0,0.0003007416
1,0.99230903
1,0.36103144
0,0.10494708
1,0.9418465
1,0.96534264
0,0.017869798
0,0.00043951618
0,0.0354285
0,0.04384721
0,0.0016889046
1,0.6490125
0,0.0010494177
1,0.99864614
1,0.9826675
0,0.05816662
0,0.00021543915
0,0.0014613001
1,0.99866575
1,0.7615623
0,0.00051440764
0,0.3296406
1,0.6074738
1,0.99954873
1,0.98111206
1,0.99941015
1,0.954098
1,0.9999193
1,0.9092865
0,0.005936892
0,7.7461395e-05
0,8.627006e-05
0,0.000106082436
0,0.12185762
0,0.0014536851
0,4.4240045e-05
0,0.001779693
0,0.00068013876
0,0.0021288097
1,0.5987761
0,0.4152525
0,0.05288037
1,0.52454376
0,0.001479216
0,0.0014244174
1,0.40199187
0,0.04398758
0,0.21729518
0,0.15297768
0,0.005977709
0,0.06711373
0,0.018822545
0,0.042870782
0,5.0057723e-05
0,0.0004469783
0,0.0006157004
0,0.014451865
0,0.29421028
0,0.08829154
0,0.0021094107
0,0.010526677
0,0.0002517207
1,0.993198
0,0.0913236
1,0.9939215
0,4.8804977e-05
0,0.00016517489
0,0.00030577922
0,0.006977573
1,0.94953763
1,0.9546675
1,0.9339542
1,0.9943874
1,0.9467676
1,0.9836995
1,0.96834207
1,0.95438045
1,0.9536707
1,0.9667203
1,0.958368
1,0.6811913
1,0.9898269
1,0.36494714
0,0.015985277
0,0.00023128913
0,0.0014407948
0,0.0015893595
0,0.00044148578
0,0.002685369
1,0.9363341
1,0.996233
1,0.99727136
0,0.0057056593
0,0.006868297
1,0.37431544
1,0.86815876
1,0.97692305
0,0.038502622
0,0.008701301
0,0.012091223
0,0.029928446
1,0.9996488
0,0.6967046
0,0.060496308
0,0.0064387857
0,0.0014890877
0,0.00025205547
1,0.99861765
0,0.041850846
1,0.396762
0,0.06835474
1,0.42981523
1,0.90314907
1,0.98432094
0,0.7021129
1,0.9490681
1,0.8560873
1,0.9250903
1,0.9761551
1,0.9329203
1,0.72788656
1,0.92662966
1,0.9331062
1,0.47131628
1,0.7685621
0,0.0006307672
0,0.0002587294
1,0.26474607
1,0.7205886
1,0.9755189
1,0.83241725
1,0.70626205
1,0.99794215
0,0.0009976883
1,0.99807394
0,0.0055939048
0,0.00060517667
0,0.23437975
1,0.97323066
1,0.8291046
1,0.7012142
0,0.03919216
0,0.029788641
0,0.00094946136
0,0.012081675
1,0.99856615
1,0.9998179
1,0.99981767
1,0.9993756
0,0.0005608289
0,0.00024410571
0,0.00018105711
0,0.0006477483
0,0.0011111832
1,0.06441161
1,0.8748236
0,0.14701767
1,0.9593357
1,0.46320662
1,0.5963025
1,0.36082554
1,0.17295001
0,0.03676875
1,0.6133935
1,0.7054292
1,0.59150684
0,0.10183883
1,0.69771206
0,0.07079035
0,7.168375e-05
0,0.0006725314
0,0.00046130348
1,0.93720376
0,0.6433089
0,0.041247405
1,0.4748826
0,0.015347087
0,0.006554352
0,0.00498626
0,0.0034152754
0,0.011165922
0,0.0027839413
1,0.41636106
0,0.029466873
0,0.0005242757
0,0.0006184818
0,0.0005547431
1,0.8826039
1,0.9895888
0,0.22456254
0,0.0011843747
1,0.7286265
0,0.037565425
0,0.0041284123
0,0.009284713
0,0.022418581
1,0.37387976
1,0.40763426
0,0.13635895
1,0.15844998
0,0.05144224
0,0.08102085
1,0.93586284
0,0.04588999
1,0.6240312
0,0.011648179
0,0.06259262
0,0.04090238
0,0.0051093334
0,0.4662186
0,0.000109587556
0,0.2854078
0,0.055648074
0,0.0067271995
1,0.958564
1,0.9935554
0,0.0044728853
0,0.011146305
1,0.9963135
0,1.5465132e-05
0,0.0034885143
0,0.014955885
1,0.952373
0,0.01695354
1,0.56340396
1,0.86382884
1,0.6994961
1,0.1273802
1,0.42819285
1,0.44721827
1,0.21004584
0,0.028636511
0,0.0066330447
0,0.013381009
0,0.08790924
0,0.009647238
0,0.00689328
0,0.0064808843
1,0.6956334
0,0.1791663
0,0.018525656
0,0.08489594
1,0.9882885
1,0.2760017
1,0.7641499
1,0.99873555
0,0.16347994
0,0.021897117
0,0.09810775
0,0.008719944
0,0.11132951
0,0.02304396
0,0.0041879592
1,0.5994453
0,0.02226465
0,0.000751855
1,0.94292086
0,0.006233861
0,0.006164424
0,0.024578802
1,0.34378847
1,0.02865466
0,0.0013381102
0,0.016351972
1,0.46205324
1,0.9992724
0,0.0008742035
1,0.6435275
1,0.15550716
0,0.00016556184
0,0.042432882
1,0.8968509
0,0.006977764
1,0.5450256
1,0.5364501
1,0.5377957
1,0.5646114
1,0.99871385
1,0.99941206
1,0.99929553
1,0.99930763
1,0.9951676
1,0.9980701
1,0.997759
1,0.99890214
1,0.99823457
1,0.99973625
1,0.99824077
1,0.9992999
1,0.99934477
1,0.98392594
1,0.993721
1,0.9991859
1,0.9991279
1,0.9992088
1,0.99987364
1,0.9994973
1,0.99757177
1,0.07130468
1,0.89285517
1,0.29561216
0,0.29146406
1,0.9982233
1,0.998694
1,0.9841443
0,0.0011362982
0,0.047500126
0,0.007123415
0,0.0035445828
0,0.01592761
0,0.00020237434
0,0.59380174
1,0.6279646
1,0.54130673
0,0.6007624
1,0.6007624
1,0.54130673
1,0.61574376
1,0.6777141
1,0.6777141
0,0.0003292927
1,0.50403976
1,0.37295625
1,0.35306996
0,0.00015165008
1,0.6983609
0,0.0015179175
1,0.26108062
0,0.0002535032
1,0.98529303
1,0.08116912
0,8.838221e-05
1,0.44194767
1,0.8664226
0,0.097770125
1,0.1110603
0,0.00018822894
0,0.0014030093
1,0.47324464
0,0.001664786
1,0.99689806
0,0.017862994
0,0.00049086905
0,0.003083959
1,0.98007625
0,0.011002761
0,0.10927701
1,0.9900972
1,0.9646912
1,0.16640618
0,0.007297978
0,0.01120962
0,0.13538402
1,0.6266905
0,0.00038200157
1,0.37988335
1,0.81162053
0,0.0068073827
0,0.0015814886
1,0.31110302
1,0.14468291
0,0.0007554708
0,0.045670066
0,0.25356862
0,0.39856216
1,0.37603176
1,0.9964571
1,0.8323643
0,0.0014697174
1,0.9929982
1,0.9979492
0,0.0028926467
1,0.7403044
1,0.9927124
0,0.00018499154
1,0.9294397
0,0.00211583
0,0.012897248
1,0.9967183
0,0.015078129
0,0.07038966
1,0.4469119
0,0.02348954
1,0.27213126
1,0.4397708
0,0.20496869
0,0.1666017
1,0.8277202
0,0.12166575
0,0.31331357
1,0.48466763
1,0.16512175
0,0.05878542
0,0.44602397
1,0.44602397
0,0.33587122
1,0.9668989
0,0.008239514
0,0.5008854
1,0.5302483
1,0.070845135
0,0.0008035792
0,0.0009345823
1,0.9991508
1,0.62706184
0,0.035344694
0,0.19599451
0,0.014294344
1,0.5746447
0,0.016000804
1,0.22019425
1,0.71875703
1,0.9227226
1,0.9987863
0,0.0010658315
1,0.6989895
1,0.95461774
1,0.99910283
0,0.0032567186
0,0.0036297643
0,0.0097821355
0,0.00037722092
0,0.00066630414
0,0.0007668593
0,0.0006393441
0,0.0005839279
1,0.9607962
1,0.9228208
0,0.033755917
0,0.4221241
1,0.9925283
1,0.9389188
1,0.0690613
1,0.8978217
1,0.43707648
0,0.060202513
0,0.0042927805
0,0.029445082
0,0.0016512295
0,0.00084789644
1,0.5656482
1,0.5800442
1,0.8226974
1,0.74244356
1,0.87079585
1,0.48738036
1,0.7091572
1,0.8320272
1,0.514837
1,0.51856226
0,0.024885938
1,0.4309944
0,0.0017326211
1,0.005085236
0,0.03234554
1,0.99492955
1,0.36376837
0,0.029786732
1,0.6352577
1,0.41275308
0,0.21766068
1,0.84703183
0,0.039421745
0,0.014569997
1,0.8732004
0,0.06837083
0,0.007645118
0,0.038802825
0,7.148633e-05
1,0.92690885
0,0.0216084
1,0.9990576
1,0.50593174
1,0.99983186
1,0.99489385
1,0.9413909
1,0.9413909
0,0.001436283
0,0.004219535
0,0.028919894
0,0.013035769
0,0.0041918205
0,0.020636164
0,0.32748505
0,0.0020236678
1,0.97258705
1,0.97258705
1,0.97258705
1,0.97258705
1,0.41182953
1,0.9763776
1,0.46254534
0,0.020434702
1,0.99478847
0,0.017284311
0,0.0039750854
0,0.001155356
1,0.97281194
1,0.43189687
0,0.2763765
1,0.778039
1,0.7532062
0,0.38100827
0,0.068688355
0,0.004853871
1,0.3578544
0,0.0017804556
0,0.001257788
0,0.0013299913
1,0.9997206
1,0.99960756
1,0.99819326
1,0.95764214
1,0.5505121
1,0.9923403
1,0.9135062
1,0.96676207
1,0.92063314
1,0.99585557
1,0.9966232
1,0.58085525
1,0.98320955
1,0.98320955
1,0.9530606
1,0.9945343
1,0.99520594
1,0.96478313
1,0.29281127
0,0.0029302058
0,0.0017315502
0,0.015137587
0,0.0015643613
0,0.00701692
1,0.957442
1,0.9994466
1,0.9994665
1,0.9992452
0,7.666626e-05
1,0.068867676
1,0.6236017
1,0.3021958
1,0.99922746
0,0.022388676
0,0.19009487
0,0.4351652
1,0.56723607
0,0.2732283
0,0.03743172
1,0.9996301
1,0.87417316
1,0.1308946
1,0.9931679
1,0.99188393
1,0.99033785
0,0.055325463
0,0.00088067673
0,0.0029873603
1,0.9947524
0,0.1307143
0,0.01558683
0,0.7345649
1,0.9806875
0,0.0033689889
0,0.015393024
0,0.019841863
1,0.86837494
0,0.017485244
1,0.9940662
0,0.5976598
1,0.5592942
1,0.976212
0,0.0050028497
0,0.00070705864
0,0.008944
0,0.00021842003
0,0.0020629468
0,0.00011170921
0,0.037586335
1,0.9311415
0,0.0121494755
0,0.0011875955
1,0.9854922
0,0.5752561
0,3.0316314e-05
0,0.00033025478
0,0.005237324
1,0.49598697
1,0.9821719
1,0.88626593
0,0.0243459
0,0.0021770452
0,0.0056248433
0,0.01127127
0,0.003341993
0,0.029018307
0,0.0025573985
0,0.0057803844
1,0.4307019
1,0.9956486
0,0.11745396
0,0.0019360322
1,0.7752943
1,0.59534407
0,0.063591465
0,0.030691942
0,0.016583564
0,0.048834093
0,0.0008133391
1,0.9381195
1,0.9611712
0,0.0016013088
0,0.014319118
0,0.026215106
0,0.0016776576
1,0.94312567
1,0.94312567
1,0.83932185
1,0.11843984
1,0.9521439
0,0.3481229
0,0.41234344
0,0.42442775
0,0.42089304
0,0.43564034
0,0.39633882
0,0.4120984
1,0.40044147
1,0.4554258
0,0.11312029
1,0.9295748
1,0.2795308
0,0.30736718
1,0.65233487
0,0.012122191
1,0.93383896
0,0.00073512335
0,0.00082482304
0,0.014277297
0,0.0068564285
0,0.3995131
1,0.957078
0,0.59622073
1,0.48073906
0,0.05223036
1,0.99407196
1,0.9990857
1,0.1321427
1,0.999346
1,0.98703563
1,0.9403107
1,0.33913493
1,0.99965894
1,0.99911755
1,0.8571888
1,0.99856746
1,0.9979999
1,0.7556857
1,0.9985931
1,0.9995429
1,0.99545056
1,0.9987833
1,0.9768146
1,0.9992888
0,0.002882439
0,0.0013340261
0,8.306165e-05
0,0.018214254
0,0.0009798495
1,0.97134084
0,0.067307465
1,0.51244926
1,0.8514854
1,0.9980493
0,0.0078031495
0,0.0037902745
0,0.18001682
0,0.00827411
1,0.9998712
0,0.005120799
0,0.017614873
0,0.02705817
1,0.9713524
1,0.20361966
1,0.99686205
0,0.0011348098
1,0.32073087
0,0.00022205041
1,0.079605706
1,0.9990229
1,0.64163643
0,0.0041350694
1,0.5252837
1,0.4817337
1,0.45486462
0,0.0052531976
0,0.017216397
1,0.9841312
0,0.008936413
1,0.97036445
1,0.99975294
1,0.9997482
0,0.47552872
0,0.011275948
0,0.32119718
0,0.012938941
0,0.047086734
0,0.02069419
1,0.99992365
1,0.968355
0,0.886097
1,0.968355
1,0.86809415
0,0.01636943
0,0.0044250744
0,0.041473307
1,0.49104816
0,0.0029654698
0,0.0012196993
0,0.006651636
0,0.0055536763
1,0.916169
1,0.96565366
1,0.8492733
0,0.15399648
1,0.3052138
1,0.33892632
1,0.64511347
1,0.9172603
1,0.9582651
1,0.88552564
1,0.9237098
0,0.060909748
0,0.019054947
0,0.00010500596
1,0.8381691
1,0.9826652
1,0.97318554
1,0.9483299
1,0.6988273
1,0.91272867
1,0.90395796
1,0.94351757
1,0.90890056
1,0.9872118
1,0.89597833
1,0.58863366
1,0.928668
1,0.9828746
1,0.9493588
1,0.95222384
1,0.9234008
1,0.99439436
1,0.8507144
0,0.00072563346
1,0.5683054
0,0.20514397
0,0.0071942103
0,0.008613984
0,0.0013705615
0,0.0006219987
0,0.004540119
0,0.0009786237
1,0.14898013
1,0.9999009
0,0.014109711
1,0.9760102
1,0.9344798
1,0.40310138
1,0.9320128
1,0.97828734
1,0.9656501
1,0.9823243
0,0.1086178
1,0.8337892
0,0.010424993
1,0.9500817
1,0.799007
1,0.908139
1,0.99916697
0,0.01713237
0,0.0017034787
0,0.0032450703
0,0.3815314
1,0.9951949
1,0.9853479
0,0.000121826175
0,0.00017173882
0,0.0032793288
1,0.7224053
1,0.99919796
1,0.9988537
0,0.062173482
0,0.00054042763
0,0.011380568
1,0.76820695
1,0.5216419
0,0.49180174
1,0.946362
1,0.9509811
1,0.9078378
1,0.9411027
0,0.07895669
0,0.015505583
0,0.007061695
0,0.1820348
0,0.006587889
1,0.9911286
1,0.9929317
0,0.08242895
1,0.55784106
1,0.5282587
1,0.9216532
0,0.001590592
0,0.027663484
1,0.64350307
1,0.26723945
1,0.41213512
0,1.5268179e-05
0,0.00013852473
0,0.00021663118
0,0.20158675
1,0.38657188
1,0.58030546
0,0.030300474
1,0.9600741
1,0.55448604
0,0.0016373821
0,0.008095928
0,0.0016660958
0,0.0094246585
0,0.030197099
1,0.7612153
1,0.49368083
0,0.0354318
0,0.011385435
0,0.0010497766
0,0.08190754
1,0.387744
0,0.0016104201
1,0.9979556
1,0.9979556
1,0.9999415
0,0.0020664071
0,0.0070429263
0,0.010757777
1,0.9765722
0,0.0030740225
0,0.055056468
0,0.6102341
1,0.99380755
0,0.008564057
0,0.008216308
0,0.10900862
0,0.0021466294
1,0.9751108
1,0.9952549
1,0.9249519
1,0.96668434
1,0.9937764
1,0.65264624
0,0.012037244
0,0.025664188
1,0.9975698
0,0.0007114216
0,0.28921995
0,0.043816775
1,0.9981429
1,0.18782313
0,0.06836299
0,0.0047470103
1,0.23457313
1,0.7923691
0,0.17722432
0,0.33512348
1,0.9630722
0,0.023313425
0,0.051716786
0,0.07588314
1,0.99450785
0,0.019651454
0,0.0015695848
0,0.40700623
0,0.00024916077
0,0.0109510515
1,0.9913876
1,0.63753825
0,0.0003048652
0,0.003373762
0,0.013070378
1,0.89809805
1,0.7313986
0,0.03752719
0,3.2369866e-05
0,0.002873143
0,0.0010869767
0,0.00061636354
0,0.0008197657
0,0.0007113365
0,0.0009446501
0,0.00055293954
0,0.024299499
1,0.845135
1,0.54774475
0,0.04740327
1,0.99940765
0,0.007339738
0,0.053171303
0,0.22955832
1,0.9936385
1,0.34689033
1,0.38156784
1,0.701707
1,0.9972394
0,0.03627508
1,0.6523833
1,0.69966155
0,0.0007309658
1,0.9993579
0,0.040153354
0,0.040437568
1,0.9951875
1,0.52126956
1,0.9587702
0,0.07871114
0,0.006200411
0,0.018593244
1,0.9837022
1,0.5835117
0,0.30508113
0,0.68983924
0,0.0009046015
0,0.00032484691
1,0.08805953
0,0.020176858
0,0.00061872293
0,0.06648595
1,0.9132452
0,0.067889884
0,0.0013413581
0,0.03295479
0,0.41775063
1,0.5269935
0,0.07627537
0,0.028232727
0,0.075788274
0,0.0038183772
0,0.00034666827
0,0.09096807
0,0.0049908017
1,0.9533791
0,0.0008800102
0,0.027982583
0,0.00010706189
0,0.0021284644
0,0.061613124
0,0.15102957
1,0.89415795
0,0.3715932
1,0.8877132
0,0.001462241
0,0.3838685
0,0.0034425256
0,0.015112683
1,0.73184013
0,0.0047547957
1,0.57267964
1,0.8378129
1,0.42780322
1,0.47025627
1,0.44487703
0,0.43429807
0,0.010977516
0,0.17188193
0,0.014436308
0,0.016243618
1,0.9950473
0,0.025330864
0,0.0004761971
0,1.0709309e-05
0,1.569588e-05
0,1.1322773e-05
0,1.0317223e-05
0,1.0797553e-05
1,0.42295742
0,0.0001042481
1,0.5999012
1,0.9066604
0,0.007911964
0,0.12930363
0,0.031225989
0,0.013449508
0,0.0059037856
0,0.010367645
0,0.0105600655
0,0.07708791
0,0.2975171
1,0.78842443
1,0.8873169
1,0.9126332
1,0.84006184
0,0.006059739
1,0.70944035
1,0.7381167
1,0.9998708
1,0.9998284
1,0.9999346
1,0.9999536
0,0.00055708084
0,0.00024967396
0,0.00010952978
1,0.9970505
1,0.9979823
1,0.99105245
0,0.043542746
1,0.017401017
0,0.06739961
1,0.99843967
0,0.019744165
0,0.0005496468
0,0.006708421
0,0.03847061
1,0.6672095
0,0.07242175
0,0.003995546
1,0.9920439
1,0.99376667
1,0.95034564
1,0.9801826
1,0.05879236
1,0.9938301
1,0.99798685
0,0.017398074
0,0.02619385
0,0.016493566
0,0.16676356
0,0.025053248
0,0.069162376
0,0.042717442
0,0.002785418
0,0.00015580741
0,0.00045961756
0,0.0011103493
0,0.00051243906
0,0.0006229901
1,0.8582078
0,0.103882916
1,0.97156835
1,0.66664994
0,0.090566844
0,0.08744177
1,0.5833674
1,0.56634593
1,0.5928991
1,0.6285322
1,0.61957014
1,0.5962291
1,0.6266398
1,0.6028477
0,0.0068047717
0,0.0041511436
1,0.6270653
1,0.22880521
0,0.17148931
0,0.42908785
0,0.014988523
0,0.014988523
1,0.37788233
1,0.9388117
0,0.0021303876
0,0.0055439333
1,0.5650407
1,0.9997458
1,0.8461503
1,0.97224456
1,0.1698078
0,0.0025950924
1,0.9986638
1,0.042973556
0,6.520639e-05
0,0.009229231
0,0.0034224095
0,0.4299889
0,0.00175047
1,0.897055
1,0.4025289
0,0.0011081424
0,0.00030639465
1,0.9758039
0,0.00937482
1,0.99887496
1,0.5074153
0,9.9935176e-05
0,7.917482e-05
0,0.021160716
0,0.72893715
0,0.035091583
1,0.9965623
0,0.007945114
0,0.019749619
1,0.9123061
0,0.0809947
0,0.0008513444
0,0.12930514
0,0.0015566169
1,0.94644636
1,0.99933124
1,0.99889886
1,0.95114577
1,0.99994
1,0.99997205
1,0.9943244
1,0.41084892
1,0.9997778
1,0.63326526
0,0.018642511
0,0.002073927
1,0.48658332
0,0.026931453
0,0.018666117
0,0.0091979895
0,0.01208043
0,0.3285025
0,0.1324484
1,0.37114936
1,0.9409066
1,0.84960717
1,0.8743787
1,0.8807277
1,0.64746475
0,0.048110854
0,0.27392355
1,0.99879766
1,0.9999378
1,0.9999406
1,0.999905
1,0.9998362
1,0.99987066
1,0.9999894
1,0.99998295
1,0.9998909
1,0.999973
1,0.9976071
1,0.99980354
1,0.99986446
1,0.99993896
1,0.9991639
1,0.99850595
1,0.9999534
1,0.9998884
1,0.9998658
1,0.99998564
1,0.9999797
1,0.999928
1,0.9999746
1,0.9999895
1,0.9999716
1,0.99997234
1,0.99998736
1,0.99998975
0,0.23937975
1,0.9889493
0,0.0026670636
1,0.71723455
0,7.248795e-05
0,0.00032959893
1,0.9890015
1,0.6062652
1,0.9833236
0,0.0055625397
0,0.059719414
0,0.007932627
0,0.39132714
0,0.56594604
0,0.04131582
1,0.9998758
1,0.41784355
1,0.9641307
1,0.7020371
1,0.99983263
1,0.7020371
1,0.7020371
1,0.8307115
1,0.98221207
1,0.5854882
1,0.9523265
1,0.3176498
1,0.93037266
1,0.9538773
1,0.9498413
1,0.543622
0,0.47585985
0,9.865372e-05
1,0.9876254
0,0.004597541
1,0.212001
1,0.8039897
1,0.48742563
0,0.010679339
1,0.99028647
0,0.5609965
0,0.0012450574
1,0.9908601
0,0.10240464
0,0.022928998
0,0.3933117
0,0.17690471
0,0.008530813
1,0.10626252
0,0.11408917
0,0.021081187
1,0.33591345
0,0.11771842
1,0.99930614
1,0.9988116
1,0.9994338
1,0.9981655
1,0.9984858
1,0.9972375
0,0.029676083
1,0.7492492
1,0.9988025
0,0.0043767826
1,0.9324699
1,0.9324699
0,0.003180867
1,0.25639585
1,0.9867677
0,0.0037441684
0,0.0037441684
0,0.0040712547
1,0.98677653
1,0.99228317
0,0.00013719703
1,0.8907871
0,6.212712e-05
1,0.9547046
1,0.5093074
0,0.005006827
1,0.91299707
1,0.98399526
1,0.98465127
1,0.9269077
1,0.9925472
1,0.9916301
1,0.97069883
1,0.9300379
1,0.97219574
1,0.99087864
1,0.967126
1,0.99405015
1,0.94418675
1,0.9033283
1,0.9939125
1,0.9899212
0,0.065837026
0,0.00051013194
1,0.6158099
0,0.027931971
1,0.9956343
0,0.00023530405
0,0.000379865
0,0.00011091683
1,0.78436553
1,0.71833396
0,0.52469516
1,0.997587
1,0.9914476
1,0.9911308
1,0.95890087
1,0.9884421
1,0.99665034
1,0.95353526
1,0.9964453
1,0.99630535
1,0.9480647
1,0.9880029
1,0.911257
1,0.91673577
1,0.9806358
1,0.99542516
1,0.98884034
1,0.99293524
0,0.44025147
0,0.2168154
1,0.96502024
0,0.0014412237
0,0.008614473
0,0.008855893
1,0.2252148
0,0.063744694
0,0.0059662648
0,0.00048327082
0,0.01572946
1,0.22543304
0,0.04682003
0,0.011029621
0,0.05700788
0,0.000972505
0,0.020419177
0,0.0555019
0,0.08430607
0,0.41500452
0,0.0012115078
0,0.0029123516
1,0.98900455
0,0.037939228
0,0.011929335
1,0.9390481
0,0.23065226
1,0.99657357
1,0.9993331
1,0.9979741
1,0.7495557
1,0.98221505
0,0.0022403786
0,0.0019781564
1,0.89237064
1,0.62195766
1,0.7111659
1,0.991089
1,0.5768603
1,0.56296587
1,0.5595221
1,0.44326553
0,0.0028616716
1,0.88712084
0,0.0005179336
0,0.20298006
0,0.1555296
0,0.047958776
1,0.3960758
0,0.016200917
0,0.0058759833
0,0.037109047
0,0.016895719
0,0.0016600568
1,0.88009155
1,0.4667891
1,0.88775927
0,0.25402603
1,0.949429
0,0.0014859785
0,0.080639176
0,0.00015574798
0,0.00036793156
1,0.9918858
1,0.99849933
1,0.98767054
1,0.99130934
1,0.80659616
1,0.99065894
1,0.9956248
1,0.98685235
0,0.041450102
0,0.1067628
1,0.99758
1,0.9837498
1,0.43421274
1,0.9378039
1,0.97288525
0,0.0001724189
0,0.00025259366
1,0.9832429
0,0.041209307
0,0.0019641633
0,0.0030639675
0,0.004636302
0,0.0009335677
1,0.97983545
0,0.046660807
1,0.5114553
1,0.5598695
1,0.51285785
0,0.002865875
0,0.010064226
1,0.99759334
1,0.92594075
0,0.77236074
0,0.10594522
0,0.00014603624
0,0.26242483
0,0.072474845
1,0.43020952
0,0.006520633
0,0.26615173
0,0.0140195945
1,0.8189225
0,0.38828638
0,0.0007794477
0,0.00070720114
1,0.9838967
1,0.5319632
0,0.053829495
0,0.0043422272
0,0.0068139364
0,0.044359338
1,0.8763679
1,0.58832824
0,0.023556279
1,0.43348604
0,0.43692487
0,0.04292191
0,0.045365874
1,0.9998969
1,0.7403145
1,0.7077712
0,0.038752116
0,0.39477026
0,0.34989697
0,0.33506328
0,0.13371186
0,0.10137128
1,0.29467505
1,0.3754226
1,0.26957303
1,0.35924003
1,0.33947912
1,0.28685254
1,0.26957306
1,0.4527739
1,0.39459398
1,0.265853
1,0.38287973
0,0.00075912493
0,0.069164574
0,0.00048710182
0,0.43928194
1,0.86953574
1,0.006038357
0,0.00171643
0,0.0004804932
0,0.006882261
1,0.76671374
1,0.85241234
0,0.38486236
0,0.13774645
0,0.09070843
1,0.9875241
0,0.004054126
0,0.008986218
0,0.044968553
0,0.0010850782
0,0.0002289817
1,0.48223796
1,0.8009238
1,0.24793558
1,0.4853559
0,0.07404319
0,0.006675846
0,0.0008188795
0,0.0004945274
1,0.9861401
1,0.9985909
0,0.002483407
0,0.0025956775
0,0.0020160943
1,0.41569632
1,0.9871174
1,0.96364594
1,0.97364235
1,0.9997723
0,0.010452212
0,0.009804025
1,0.5639105
0,0.0008294812
0,0.014639142
1,0.999786
0,0.41536197
1,0.47257563
1,0.5833008
1,0.18901016
1,0.6245315
0,0.00085161097
1,0.63345647
0,0.5936675
0,0.0006106337
0,0.00037665566
0,0.00042618587
1,0.98189247
1,0.97088605
1,0.99925613
1,0.9997046
1,0.99888736
1,0.816889
1,0.99936634
1,0.97273
1,0.8938893
1,0.97102016
1,0.9997308
1,0.99976796
1,0.989976
1,0.99995446
1,0.9982061
1,0.9999439
1,0.9993406
1,0.9993667
1,0.99978817
1,0.9992902
1,0.9981351
1,0.99977535
1,0.9639229
1,0.95373344
0,0.20312218
0,0.009516928
0,0.0051283934
0,0.005395248
0,0.0039180974
0,0.002611567
0,0.012186967
0,0.0057294923
0,0.0033368082
1,0.40450937
1,0.3203307
0,0.09300481
0,0.02838871
0,0.0069359574
0,0.041875504
0,0.0009153621
0,2.26944e-05
1,0.9836195
1,0.99148375
1,0.07487562
1,0.8950329
0,0.025296122
0,0.002801296
0,9.788e-05
0,0.0007269696
0,0.001700545
0,0.008911527
0,0.056448855
0,0.0006644622
0,0.0055024433
0,0.0010410774
0,0.0036685208
1,0.9989151
1,0.99831814
1,0.99835056
1,0.9983002
0,0.00028902
0,0.0018519087
0,0.0009018506
0,0.033594266
1,0.7473673
1,0.53435147
0,0.008619091
1,0.9674584
0,0.008052684
0,0.0021708284
0,0.056833625
0,0.019362595
1,0.2845027
0,0.03763025
0,0.050295
1,0.3360586
1,0.48053673
1,0.65670866
0,0.0019153914
0,0.0028345722
0,0.006187801
1,0.9933458
0,0.023639955
0,0.053166404
0,0.0017294002
0,0.0026587928
1,0.18901534
0,0.119687125
0,0.24092318
1,0.7377081
0,0.39570767
0,0.42301887
1,0.9451998
1,0.99926794
1,0.99932325
0,0.2883035
1,0.95398194
1,0.99650043
1,0.99972624
1,0.99970984
0,0.010738217
0,0.4262936
1,0.99985844
0,0.006200543
1,0.96853095
0,0.0065836743
1,0.9958997
0,0.049190857
0,0.03415605
0,0.03706092
0,0.011807149
0,0.705284
0,0.28700313
1,0.7300918
1,0.9562564
1,0.95422786
1,0.999706
1,0.8764044
1,0.88499177
1,0.8648503
1,0.9272877
1,0.9118492
1,0.9818477
1,0.559762
0,0.07772152
0,0.010413119
1,0.99918664
0,0.051827874
0,1.111476e-05
0,0.0024144873
0,0.23260665
0,0.028959315
0,0.33833966
0,0.35788065
0,0.00048171447
0,0.013253491
0,0.0023123696
1,0.99264765
1,0.88659567
1,0.9921868
1,0.5963007
0,0.12426163
0,0.014558608
0,0.033990905
1,0.8591637
0,0.005915122
0,0.0002153301
0,0.7540297
1,0.033004586
0,0.033004586
0,0.0067405724
0,0.008265893
0,0.008252437
0,0.007233778
0,0.03268105
0,0.029504146
0,0.0005921264
1,0.55644196
0,0.014634719
1,0.14236504
0,0.001064678
0,0.014024954
0,0.0029433195
0,0.052471425
0,0.00041211376
0,0.03522728
0,0.027955547
1,0.9358233
0,0.35927492
0,0.39328617
0,0.0013808024
1,0.4006785
1,0.80470145
0,0.013404687
0,0.039090008
0,0.14950229
1,0.99581265
0,0.056063734
1,0.9949128
1,0.8759496
1,0.18242025
1,0.42513046
1,0.9996226
1,0.8260746
1,0.9773239
1,0.9984971
1,0.44071484
0,0.0026097333
0,0.00240215
1,0.36827087
0,0.00036210753
0,0.0019920478
0,0.45708185
0,0.03298389
1,0.7594874
1,0.7107054
1,0.8671653
1,0.67054796
0,0.003686984
0,0.0029537461
1,0.9471501
0,0.35037595
1,0.5668658
0,0.00017655769
0,0.00031072515
0,0.00012470996
1,0.4071188
0,0.15770635
1,0.85483557
0,0.042717263
0,0.013564408
1,0.9917146
0,0.111530095
1,0.8934812
1,0.9997048
0,0.22808239
0,2.9291503e-05
0,0.008875066
1,0.9970988
0,0.089518666
0,0.0028553149
0,0.003431573
0,0.0023102365
0,0.0009032105
0,0.004198014
0,0.000115489376
0,0.00342394
0,0.006689418
0,0.14051382
0,0.3126585
1,0.58286023
0,0.005686034
0,0.058878288
1,0.1818515
0,0.007863936
0,0.0013786999
1,0.6535574
0,0.05792457
0,0.0014000536
0,0.0010547573
1,0.047580812
0,0.018350916
0,0.02207038
0,0.07062907
0,0.14860709
0,0.08505316
0,0.1433716
0,0.09844328
0,0.17510146
0,0.43703777
0,0.017380897
1,0.4378625
1,0.17635514
1,0.991098
1,0.9948993
1,0.75720704
0,0.00018601157
0,9.882387e-05
0,0.043379612
0,0.02805507
0,0.016523186
0,0.0020042125
1,0.91135466
1,0.91407204
0,0.07218834
1,0.97640836
0,0.002274936
0,0.0015104855
1,0.96200526
0,0.052824385
1,0.8478492
1,0.92401487
1,0.9110415
1,0.5319297
1,0.99972814
0,0.0005443455
0,0.004565017
1,0.8666495
1,0.076692
0,0.008639153
1,0.9861673
0,0.04087209
0,0.0055451347
0,0.028331455
1,0.9340283
1,0.93428266
1,0.93604493
1,0.93181986
0,0.09307107
0,0.00028511617
1,0.68289423
1,0.57516575
0,0.02032907
0,0.021037098
0,0.010943637
0,0.01006261
1,0.82139844
0,0.05275129
0,0.07184284
1,0.94874114
0,0.04795769
1,0.9995248
1,0.99992114
1,0.99987185
1,0.99955195
0,0.00012669318
0,5.6287436e-06
0,0.0012395575
0,6.7155364e-05
0,4.1093448e-05
0,4.9267874e-05
0,0.00011849078
0,0.00029182597
0,9.812207e-06
0,0.00027620318
0,4.4519643e-06
0,3.588699e-05
0,0.00010414994
1,0.99998754
1,0.99978197
1,0.9975153
1,0.99832904
1,0.04645651
0,0.028804637
0,0.011706
1,0.99948317
1,0.99893135
1,0.9987559
1,0.99234366
1,0.96078247
0,0.006857929
0,0.00011746357
1,0.9774836
1,0.9865327
1,0.07076613
0,0.034334965
1,0.97218776
1,0.81821835
0,0.014453387
0,0.027930826
0,0.027074538
1,0.97953856
1,0.9691103
1,0.9700971
0,0.96395206
0,0.011625677
1,0.9245894
1,0.99457717
0,0.002031772
1,0.9467143
1,0.99975127
0,0.017846178
1,0.9994178
1,0.99998033
1,0.96475977
0,0.0011503777
1,0.9426088
1,0.5476785
0,0.0037041104
1,0.48728994
1,0.4094769
1,0.537099
0,5.8171765e-05
0,0.0019221435
0,0.009604398
0,0.00020292908
0,0.0015935487
0,0.003171371
1,0.16388962
0,0.12649634
0,0.29955408
1,0.93308806
1,0.9018058
1,0.8922601
1,0.21890903
0,0.17574884
1,0.985024
1,0.8984791
0,0.0002534365
1,0.73930895
0,0.0011067668
0,5.5425407e-05
0,0.0002200356
1,0.9797934
1,0.37920395
1,0.7958971
1,0.76655984
0,0.07590155
0,0.037142366
0,0.0074423226
0,0.009367887
0,0.0021065671
1,0.8708661
1,0.8256789
1,0.7844625
0,0.003711925
0,0.009880808
0,0.88190114
1,0.9763785
0,0.08344348
1,0.99671376
0,0.052004825
0,0.00144867
1,0.88957953
0,0.00092753523
1,0.98088366
0,0.039405223
0,0.00079860317
0,0.0010654832
0,0.0008978623
0,0.0024195632
0,0.0014832501
0,0.09649285
1,0.70578015
1,0.9998518
1,0.9973143
1,0.99492663
1,0.99509776
0,0.15226462
0,0.042275775
0,0.009839808
1,0.9734917
1,0.97349167
1,0.8549526
1,0.5874244
1,0.61615807
0,0.367089
1,0.994191
1,0.9571317
0,0.007290647
1,0.7028254
1,0.7028254
1,0.9931561
0,0.020186197
0,0.014032209
0,0.38383424
0,0.09319063
0,0.072691485
1,0.5047177
1,0.34140936
1,0.2706445
1,0.6691092
0,0.016486049
0,0.013293831
1,0.5515643
1,0.998922
0,0.020793702
0,0.01737924
0,0.018818412
0,0.00038227224
0,0.18474944
1,0.9179616
1,0.54366934
1,0.37031457
1,0.9498712
1,0.9985525
1,0.6627054
1,0.9984028
0,0.0035538932
0,0.0016505283
0,0.101663776
0,0.12032539
0,0.11483458
0,0.009322559
0,0.0031055033
0,0.024600262
0,0.0061097117
0,0.0112602385
1,0.68603873
0,0.002030011
1,0.6318165
0,0.08729247
1,0.67230415
1,0.14067969
1,0.6365846
1,0.41819453
0,2.9640898e-05
0,0.017128453
1,0.43013588
1,0.7750403
1,0.9993245
1,0.40904966
0,0.010920143
0,0.00056152686
0,0.00094071793
1,0.9877461
1,0.9992504
0,3.469243e-05
1,0.99794143
0,0.006304639
1,0.9995692
1,0.98053557
1,0.8159285
1,0.11255155
1,0.68788695
0,7.833288e-05
0,0.014385627
0,0.015716538
0,0.10978441
0,0.0001930791
1,0.69575465
0,6.6536464e-05
0,0.28431827
1,0.7981212
0,0.0011922693
0,0.062250752
0,0.06232512
0,0.0039540417
0,0.0062649073
1,0.91374665
0,0.29676768
0,0.47552478
1,0.5363076
1,0.6586782
1,0.8085389
1,0.72832227
1,0.5416306
1,0.6905865
1,0.40849546
0,0.005639229
1,0.9926745
0,0.0067379996
0,0.06614124
1,0.19391128
0,0.042741604
0,0.014082648
0,0.008232485
0,0.009670074
0,0.6135484
0,0.12137037
0,0.030291023
0,0.1421824
0,0.040890783
1,0.8685517
1,0.41003197
1,0.99269193
1,0.94496864
1,0.94740355
1,0.876396
1,0.9886398
1,0.93141687
1,0.91400546
1,0.3919529
1,0.72175145
1,0.78212357
1,0.97979677
1,0.8576809
1,0.9311141
1,0.9731746
1,0.83073235
1,0.96390945
1,0.8960334
1,0.9999399
0,0.033267237
1,0.9996671
1,0.99620444
1,0.44619817
0,0.015460214
1,0.70578027
0,0.047477104
1,0.98491305
1,0.87936306
0,0.15644513
1,0.8724826
0,0.0012002267
0,0.0027941705
1,0.9993947
1,0.9997347
0,0.1862145
0,0.013614602
0,0.0020614895
0,0.0031205781
0,0.11869908
1,0.89118654
1,0.9986786
1,0.99959564
1,0.9991933
1,0.8144104
1,0.6373435
0,0.0032357418
0,0.000941373
0,0.018317096
0,0.53109133
0,0.18616109
1,0.9980074
1,0.46579394
1,0.96246624
0,0.0006028032
0,0.0009517251
0,0.0010515056
0,0.0008762346
0,0.026870845
1,0.6230582
1,0.99168897
0,0.009581328
1,0.98378557
0,0.053023502
1,0.71778727
1,0.42779595
0,0.34967345
1,0.37394407
0,0.00031850414
0,0.00053330074
0,0.62212294
0,0.013716402
1,0.98473966
1,0.9765103
1,0.98775196
0,0.052974917
1,0.9301027
1,0.80522114
0,0.0024398281
0,0.021212423
0,0.0014383039
0,0.11474676
1,0.9911414
0,0.00065637036
1,0.7545367
1,0.23731032
0,0.039200373
0,0.08712711
0,0.00027015337
1,0.9999611
1,0.99997413
1,0.9999812
1,0.9999521
1,0.9999503
1,0.9999261
1,0.99996704
1,0.99984825
1,0.9997706
1,0.9998883
1,0.99966556
1,0.9999069
1,0.86623406
0,0.007162578
0,0.061670534
1,0.88758165
1,0.9759759
1,0.9060697
1,0.85895693
1,0.87617594
1,0.85925895
1,0.87877506
1,0.91216457
0,0.70863914
1,0.89851356
1,0.8664844
0,0.27985677
1,0.8050386
1,0.7457622
1,0.99339116
1,0.11967814
0,0.82385576
0,0.052073352
0,0.0055685146
1,0.58271396
1,0.9977757
1,0.99533
1,0.09392336
0,0.07811561
1,0.057543647
1,0.5538199
1,0.97207564
1,0.99883515
1,0.90608
0,0.03686596
1,0.04265489
0,0.078808546
0,0.0030096166
0,0.003385449
0,0.05174921
0,0.06286182
1,0.75255907
1,0.7133983
1,0.9516978
1,0.99000686
0,0.0034324354
1,0.8633894
0,0.03383035
0,0.0017352499
0,0.00079029094
0,0.044011712
1,0.43090546
1,0.3174041
1,0.44335964
0,0.0019868815
1,0.5297263
1,0.32741678
0,0.052817177
1,0.5465561
1,0.97060794
1,0.011018356
1,0.72604525
1,0.49288177
1,0.6745531
0,0.002352342
1,0.8410005
1,0.8367915
1,0.8367915
0,0.02133856
0,0.015342115
0,0.0021287592
0,0.004071048
0,0.010264262
0,0.022514071
0,0.05523677
0,0.2737235
1,0.95347166
1,0.98993665
1,0.9964384
1,0.9952829
1,0.9713057
1,0.9866152
1,0.95919114
1,0.9932875
0,0.0033686832
0,0.012872044
0,0.03737625
0,0.0025519575
1,0.9991143
0,0.07060071
0,0.17252247
1,0.9931054
1,0.6859674
1,0.6173464
0,0.0034696895
0,0.0023178842
0,0.0004074855
1,0.880615
0,0.0024093862
1,0.9494259
1,0.88711333
0,0.0032530231
0,1.9148629e-05
1,0.6816108
0,0.009620972
1,0.8793359
0,0.0006680221
1,0.44448602
0,0.00029082608
1,0.4452696
1,0.4239547
1,0.9504904
1,0.8939884
1,0.5664842
1,0.8145701
1,0.90162456
1,0.8809439
0,8.885086e-05
0,0.31189117
0,0.0004395338
1,0.9183142
1,0.31038174
0,0.2210966
0,0.2210966
1,0.7140058
1,0.99404365
1,0.8118112
1,0.9944693
0,0.003681955
0,0.19652373
0,0.19433402
0,0.010398458
1,0.8487854
1,0.99966544
1,0.8820098
1,0.32286018
1,0.93331707
1,0.93699116
1,0.6215224
1,0.9972796
1,0.9951435
0,0.00016106195
1,0.99844766
1,0.16491248
1,0.99431527
0,9.336746e-05
0,0.0066087903
1,0.9071464
0,1.01356645e-05
0,0.008071119
0,0.0029678042
1,0.99887776
0,0.0046201227
1,0.613909
1,0.9195175
1,0.606198
1,0.606198
1,0.5575905
1,0.94023585
0,0.00097306573
1,0.99680066
1,0.99100953
1,0.9960479
1,0.99446267
0,0.006421595
1,0.9869645
0,0.11759974
1,0.5163028
0,0.009698043
0,0.019957034
1,0.22522214
1,0.35504022
0,0.018792985
0,0.079683684
1,0.58715445
0,0.004162481
0,0.0039561363
0,0.023030005
1,0.80699646
0,0.0012245149
0,0.033218764
1,0.9995861
0,0.09392791
1,0.3173566
1,0.33272365
1,0.34876576
0,6.5195316e-05
0,8.0108024e-05
0,0.0043476913
1,0.12822098
0,0.020128442
1,0.7560933
0,0.010843548
0,0.0016308576
0,0.023151705
0,0.005961318
0,0.012469167
0,0.031623553
1,0.9932168
1,0.67298996
0,0.5682069
1,0.99223024
0,0.0680675
0,0.4836637
1,0.9886414
0,0.3114543
0,0.00027646532
1,0.81419754
0,0.045496024
1,0.9419588
1,0.9609655
1,0.9754106
1,0.019841477
1,0.2703643
1,0.98296463
0,0.00069057033
0,0.0006588899
0,0.0012846912
0,0.0010471964
1,0.93006945
0,0.0026503357
0,0.002920245
1,0.21883239
0,0.04062795
1,0.8064896
0,0.0026168588
0,0.0024686663
0,0.0025797153
0,0.0016942489
1,0.8580501
1,0.97377145
0,0.000109659995
0,0.0067976085
1,0.2857978
0,0.001156717
0,0.0017105578
1,0.72091466
0,0.0023923705
1,0.9949353
0,0.004455677
1,0.88742435
1,0.8004662
1,0.8696665
1,0.81249684
1,0.9927725
1,0.84417635
0,0.42706978
0,0.0022297322
0,0.019371944
1,0.6547829
1,0.97307205
1,0.12706496
0,0.012706887
1,0.013914366
0,0.00856856
0,0.008833137
0,0.026787585
0,0.012876177
0,0.0062297736
0,0.028002031
0,0.007247295
0,0.009802308
0,0.3918132
0,0.41227564
0,0.25295568
0,0.4612955
0,0.2672173
0,0.6139914
1,0.35077262
1,0.6139914
1,0.44096902
1,0.48128545
1,0.6055294
1,0.6055294
1,0.31585157
1,0.5860564
1,0.5442326
1,0.61120754
1,0.5610584
1,0.6139914
1,0.6139914
1,0.4817091
1,0.7145436
1,0.4663767
1,0.46954212
1,0.6185802
1,0.5759156
1,0.5020691
1,0.6518972
1,0.5860564
1,0.611961
1,0.6139914
1,0.6139914
1,0.594765
1,0.64736533
1,0.81181496
1,0.5031656
1,0.81993735
1,0.45633718
1,0.46382627
0,0.049415477
0,0.009235319
1,0.99872
0,0.17549093
0,0.10289794
0,0.01878288
0,0.11488435
1,0.99935806
0,6.313538e-05
1,0.99116665
1,0.997428
1,0.91105014
1,0.95079136
0,0.012014017
0,0.40276083
1,0.23903486
1,0.87224334
1,0.70807874
1,0.7249734
1,0.9551032
0,2.4660645e-05
0,7.198083e-05
0,0.0077411258
1,0.65026814
0,0.01392802
0,0.0027179061
0,0.0018416668
1,0.9834515
0,0.0029552616
0,0.0030632725
0,0.003831224
1,0.401014
1,0.54256445
1,0.947715
1,0.9898109
1,0.9791929
1,0.9866305
1,0.39194247
0,0.025290698
0,0.036380548
0,0.10856229
0,0.69986165
0,0.023451213
1,0.8157764
1,0.99613863
0,0.12117227
0,0.00033398648
0,0.00075792574
0,0.00080474507
1,0.5602287
1,0.9950322
1,0.9863644
1,0.98765206
1,0.9919204
1,0.99166584
1,0.99409306
1,0.9951586
1,0.9967631
1,0.98926544
0,0.0268355
0,0.0024387066
0,0.017528491
0,0.005848583
0,0.0030338536
0,0.002012581
0,0.00056811864
1,0.99057174
0,0.00010454816
0,0.001637503
0,0.0030414392
0,0.020780472
1,0.9038727
0,0.007871513
0,3.2834076e-05
1,0.98404604
1,0.8162398
0,0.120862246
1,0.9989351
1,0.9987727
1,0.9996408
0,0.016046958
0,2.3707185e-05
0,0.0008327354
0,0.0016309757
1,0.40084496
1,0.04548802
0,0.07051437
1,0.98360026
1,0.8975696
1,0.9393361
1,0.94914913
1,0.865369
1,0.93418443
0,0.0005124388
1,0.99565756
1,0.29731384
1,0.92541367
1,0.9424287
0,0.049897764
1,0.9941306
1,0.94444215
0,0.0011623987
1,0.99947137
1,0.70153606
1,0.1799005
1,0.9999088
0,0.002854282
0,0.000720297
0,0.0071259714
1,0.7682692
0,0.006614502
0,0.00049580034
1,0.44349104
1,0.23951153
1,0.31036052
0,0.05702574
0,0.39746776
1,0.44297254
1,0.04082765
1,0.39520156
1,0.53243953
0,0.0017493172
0,0.14798586
0,0.0011623655
1,0.98487115
1,0.973086
1,0.99967176
1,0.9993976
0,0.0030599644
0,0.05407434
0,0.0012864696
0,0.00789548
0,0.001319591
0,0.28891605
0,0.03806417
0,0.14052649
0,0.004542975
0,0.00996309
0,0.038728572
0,0.0791337
1,0.736457
0,0.0032347206
0,0.7181183
1,0.8460952
1,0.77170044
1,0.77170044
0,0.743577
1,0.5653895
1,0.73719674
1,0.87818205
0,0.84310615
0,0.84310615
1,0.84310615
1,0.68537766
1,0.85626227
0,0.075333506
0,0.0045200083
0,0.001611707
0,0.11177455
0,0.003692213
0,0.02992406
1,0.99978346
1,0.9917205
0,0.008544355
0,0.24601246
0,0.28947973
0,0.26343176
0,0.0111918645
0,0.0056425724
0,0.09635279
0,0.030519169
1,0.5518939
0,0.27219808
1,0.9989684
0,0.12184698
1,0.87771225
1,0.98854685
1,0.9889766
1,0.99221563
0,0.001203647
1,0.66112196
0,0.84807116
0,0.077672936
0,0.12147537
0,0.029061608
0,0.59170425
0,0.03189097
0,0.04182608
0,0.03677824
0,0.03679631
0,0.00054894865
1,0.27334324
1,0.95456254
1,0.5643193
1,0.55364406
1,0.81359625
0,0.007824987
1,0.9997
0,0.10230851
1,0.9995857
1,0.99958
1,0.9995451
1,0.99954075
1,0.9998384
1,0.99932325
1,0.9995298
1,0.9991489
1,0.99975556
1,0.9994033
1,0.7440743
0,0.008312004
0,0.03886651
0,0.08999724
1,0.9562183
0,0.0009110604
0,0.08124476
1,0.7654042
1,0.87970525
1,0.901881
1,0.98402536
0,0.08525752
1,0.92165756
0,0.0032024784
0,0.00020602801
1,0.9187799
1,0.9187799
1,0.8232237
0,0.000979459
1,0.9973188
0,0.0029167791
0,0.028803622
0,0.01119841
0,0.00034232248
0,0.00021816383
0,0.0006805647
1,0.9702852
1,0.24984404
0,0.0027105748
0,0.005053754
0,0.0039468273
0,0.0041406536
1,0.9720188
1,0.966736
0,0.04587709
0,0.0058713313
0,0.001233042
0,0.0022353958
0,0.0002172223
0,0.0029434762
0,0.011360226
1,0.47100312
1,0.99983776
1,0.97743106
1,0.9305289
1,0.8017418
1,0.7210449
1,0.9995439
1,0.37255657
1,0.907812
0,0.00011996329
0,9.0074274e-05
0,0.028073968
0,0.020014396
0,0.009584213
0,0.103107385
0,0.12718786
0,0.1370393
0,0.07226106
0,0.0049623484
0,0.005246695
1,0.96453965
0,0.008098172
0,0.011181959
0,0.040402222
1,0.9531134
0,0.08045536
1,0.94879675
1,0.9867148
1,0.33659944
1,0.08038057
1,0.8345238
1,0.6465859
1,0.9017274
1,0.999278
1,0.9973986
1,0.99730986
1,0.9976009
1,0.26571372
1,0.31890425
0,0.2102194
0,0.00089505216
0,0.40873224
0,0.15325038
0,0.0018294592
0,0.00804345
0,0.02703377
0,0.016640637
0,0.010770765
0,0.0013232671
0,0.0015537018
0,0.04647542
0,0.013159193
0,0.046361737
0,0.20648451
0,0.27132004
0,0.37544104
0,0.31057456
0,0.10700887
0,0.009215702
0,0.7828938
1,0.30985108
0,0.0007257582
0,0.0032201845
0,0.003002453
0,0.0020554655
1,0.9938622
1,0.99294657
0,0.0004948049
0,0.0011032267
1,0.35520333
1,0.7636771
1,0.06339555
0,0.0019742355
1,0.60280645
1,0.8228638
0,0.0025100426
0,0.3751439
0,0.0008146142
0,0.0001946117
0,0.00037177352
1,0.21858263
1,0.17326209
1,0.82671815
0,0.010646784
0,0.0103373295
0,0.141692
0,0.00021849065
0,0.00053548417
1,0.23481555
0,0.08182641
1,0.9975379
1,0.9998648
0,0.0021907315
0,0.0007559663
1,0.9432037
0,0.003723792
0,0.6788092
1,0.81945324
0,0.118431285
1,0.118431285
0,0.029984247
0,0.026007961
1,0.9859384
1,0.712549
0,0.00018060073
0,0.0012129702
0,0.016898768
1,0.9814262
1,0.6377487
1,0.42003953
0,0.0060726795
1,0.99132544
1,0.91178274
1,0.99328107
1,0.99136573
1,0.95214754
1,0.9917817
0,0.014706847
0,0.0037684736
1,0.7139996
0,0.033295088
1,0.59296644
0,0.038730297
0,0.0021403253
1,0.9027375
1,0.93308127
1,0.6877139
1,0.9984293
1,0.9932071
0,0.0011426792
0,6.6945126e-05
0,0.007341235
0,0.032718223
0,0.00303624
1,0.46080422
1,0.99094903
1,0.76904535
0,0.081245795
1,0.39975294
0,0.33170715
0,0.10457473
1,0.21526252
0,0.013695788
0,0.084730536
0,0.0034438511
1,0.24155548
1,0.9804944
0,0.009371876
1,0.30676526
1,0.9766086
1,0.8875069
0,0.032688532
1,0.9537464
0,0.0003807088
1,0.9319371
0,0.0063674008
0,0.5034925
0,0.12268512
1,0.90759987
0,0.093470536
0,0.012872741
0,0.01386475
0,0.0016269207
1,0.5138856
0,0.00528823
1,0.9976551
1,0.9992053
1,0.6989553
0,0.00063641655
1,0.29772615
1,0.99835575
1,0.26419938
0,0.0014316981
0,0.043743115
1,0.9547813
1,0.97043496
1,0.37572208
1,0.4506097
1,0.9512689
1,0.571913
1,0.6738559
1,0.68078965
0,0.0023006538
0,0.012764618
0,0.002830715
1,0.5414353
0,0.0034935044
1,0.9677536
1,0.96239376
1,0.8970279
1,0.64688456
1,0.5999422
0,0.49711516
0,0.64698565
0,0.5583751
0,0.49399868
0,0.56098104
0,0.5240691
1,0.82479453
1,0.6953852
1,0.807193
1,0.7237539
1,0.68727434
1,0.52063584
1,0.9727034
1,0.6498161
1,0.6211998
1,0.82356566
1,0.5454949
1,0.6739012
1,0.83432496
1,0.7481524
1,0.37651196
0,0.084001794
1,0.9505702
0,0.01626254
1,0.5912167
1,0.7592056
0,0.003817773
1,0.83750993
0,0.0032637115
0,0.00020700309
1,0.9577083
1,0.99944574
1,0.7858431
1,0.9409547
1,0.705652
1,0.483068
0,0.0037930862
0,0.0062856
1,0.50974923
1,0.9808298
1,0.99136186
1,0.8559447
0,0.14573209
0,0.21365607
0,0.14938731
1,0.9686224
1,0.025448868
0,0.026624113
1,0.9759275
0,0.012546455
0,0.00164884
1,0.092959404
0,0.00087468215
0,0.0009330093
0,0.0013405809
1,0.35756817
1,0.5364257
0,0.003979081
1,0.99997723
0,0.00013400089
0,0.02479825
1,0.016162863
1,0.89211446
1,0.99931854
1,0.5109508
1,0.32333648
1,0.10621152
1,0.10551177
1,0.08849274
1,0.45002076
1,0.9481524
0,0.011857036
1,0.44196132
1,0.92712504
0,0.0033153705
1,0.98614585
1,0.4826168
0,0.39824554
1,0.38725838
1,0.6591066
0,0.00026167659
0,0.090884715
0,0.07207758
0,0.005022032
0,0.007856818
1,0.7370198
1,0.9293703
0,0.00040996706
0,0.00078299624
0,0.0016586238
0,0.00075640116
0,0.0018251966
1,0.9176316
1,0.9981107
1,0.42723545
1,0.66208184
1,0.66208184
0,0.02782981
0,0.27532798
0,0.12992774
0,0.035965975
0,0.053265397
1,0.5316023
0,0.054070473
1,0.4651783
1,0.047948614
1,0.9936558
1,0.95051926
1,0.76330894
0,0.016548177
0,0.009146909
0,0.0006992562
0,0.006312303
0,0.08574926
0,0.0049049384
0,0.9671304
0,0.011292866
0,0.59971
1,0.6409172
0,0.0045298245
0,0.004534549
1,0.941706
1,0.9867592
0,0.05902964
0,0.049043078
1,0.053161245
1,0.9715441
0,0.0013422003
1,0.28672415
0,0.40925765
0,0.0061237067
1,0.29520255
1,0.14940237
0,0.43145227
1,0.79823923
0,0.11709136
1,0.11190037
1,0.21802312
1,0.9052826
1,0.986536
0,0.008209279
0,0.03892866
1,0.0027055664
1,0.96857655
1,0.991961
1,0.9510102
0,0.0016823816
0,0.002586674
0,0.034590192
0,0.03251574
0,2.7888547e-05
0,0.020114306
0,0.55548686
0,0.0036389471
1,0.61945164
0,0.002295983
0,0.0016292273
1,0.9844229
0,0.012682551
1,0.9997048
0,0.0018348511
1,0.56160617
1,0.6295967
1,0.99853265
0,0.0016342982
0,0.1036793
1,0.96522504
0,0.114002645
1,0.27702817
1,0.747605
1,0.37563163
1,0.9945486
1,0.4134683
1,0.8350271
0,0.021680733
0,0.0073450822
0,0.01463412
0,0.008441052
0,0.010859107
0,0.005746097
1,0.91484785
1,0.37240335
1,0.9218028
0,0.0025545224
0,0.08487762
0,0.0043075136
1,0.97373635
1,0.02421389
1,0.9998664
1,0.9995471
1,0.9995873
1,0.9994255
1,0.999038
1,0.9932933
1,0.99909693
1,0.99370646
1,0.99849087
1,0.9996912
1,0.9997454
1,0.99602646
1,0.9994636
1,0.28875908
1,0.5036808
0,0.022755522
0,0.012724703
1,0.8131518
0,0.51542246
1,0.40418106
0,0.00020428708
0,0.000108846456
0,0.00019327158
0,0.009005674
1,0.99941766
1,0.54113674
1,0.49536163
0,0.0075308154
0,0.00030554665
1,0.88252807
0,0.029374026
0,0.05699718
0,0.032986075
1,0.87297755
0,0.029034758
0,0.02838597
0,0.00044860115
0,0.11834185
0,0.16491222
0,0.07317609
0,0.066739164
1,0.71757823
1,0.45161197
1,0.47024214
1,0.889109
1,0.65645146
0,0.06938948
0,0.08404475
1,0.9447363
0,0.00016778517
1,0.9951728
0,0.048482742
1,0.9650429
1,0.99982303
1,0.99993604
1,0.7191456
0,0.00043470136
1,0.58457404
0,0.0028798815
0,0.6869929
0,0.0021384237
1,0.9331184
0,0.015391775
1,0.609565
0,0.013682087
0,0.40788877
0,0.10021866
1,0.42334634
1,0.3504371
1,0.35823676
0,0.33273602
0,0.25703135
1,0.84218866
1,0.63619447
0,0.03140226
0,6.997859e-05
1,0.99893725
0,0.08194116
1,0.9904422
1,0.99808
0,0.86776334
0,0.0019804633
1,0.41677126
0,0.11339489
1,0.40688345
1,0.4167228
0,0.44303256
1,0.9991813
1,0.9948253
1,0.99898654
0,0.0023569567
1,0.9269981
1,0.95709884
0,0.0028481286
0,0.0023371163
1,0.99938786
1,0.99717766
1,0.99938786
1,0.99938786
0,0.008244714
0,0.013428665
0,0.03743153
1,0.99360234
1,0.9943731
0,0.0073621203
1,0.91629744
1,0.7898036
0,0.007684015
0,0.040007107
1,0.9949711
0,0.82980067
0,0.8283047
1,0.97652227
1,0.9856103
1,0.9667249
1,0.98252404
1,0.98399115
1,0.9795682
1,0.98421586
1,0.98990166
1,0.999922
0,0.009516344
0,0.7851045
1,0.37903583
0,0.09942742
0,0.23361762
0,0.31992474
0,0.0014027996
1,0.6752399
1,0.9225852
1,0.99026626
0,0.32488286
0,0.03588072
1,0.68547195
1,0.9999613
1,0.9999613
1,0.99984366
1,0.99955183
1,0.4637896
1,0.99985754
1,0.99985754
0,0.22029525
0,0.018571686
1,0.40809327
1,0.33431855
1,0.98179007
1,0.3140816
1,0.70214427
0,0.1215514
1,0.78957754
1,0.54337347
1,0.85166556
0,0.17294493
0,0.0005046957
1,0.9877519
1,0.38893047
0,0.007854811
0,0.0031484207
0,0.011457802
0,0.2106981
0,0.123013556
0,0.057282966
1,0.39750308
1,0.28425375
0,0.00858851
0,0.0269033
0,0.03566876
1,0.98709506
1,0.77957416
1,0.9846131
1,0.7933107
0,0.005395148
0,0.0006532339
0,0.00268595
1,0.79638684
1,0.9416996
1,0.9792738
1,0.9902805
1,0.9874139
1,0.9809002
1,0.7831396
1,0.9965043
1,0.99728394
1,0.4102375
0,0.44999
1,0.97988033
1,0.43751642
0,0.44112465
1,0.46343678
1,0.43624198
1,0.40665343
1,0.41915068
0,0.4184437
1,0.97613883
1,0.9780455
1,0.9823918
1,0.40256223
1,0.4175715
1,0.9756108
1,0.96623665
1,0.9800494
0,0.41712543
1,0.44124615
1,0.46652412
0,0.4353392
1,0.42464006
1,0.39650533
0,0.43313417
0,0.38012475
1,0.9464512
1,0.97960246
1,0.9739456
1,0.971585
1,0.98494613
1,0.98125935
1,0.992314
1,0.98910344
1,0.98791933
0,0.009450375
0,0.00090664264
0,0.002965667
1,0.16465753
0,0.22095792
1,0.556313
1,0.54384947
1,0.98242307
1,0.99928075
1,0.8575391
1,0.99983495
1,0.9983332
1,0.8057066
1,0.96033645
1,0.9996575
1,0.99317586
1,0.22677091
1,0.99899495
1,0.011303753
1,0.042467624
1,0.08022621
1,0.27791274
1,0.9986283
1,0.006755763
1,0.10273731
1,0.046551008
1,0.047569428
1,0.99528474
1,0.9998643
1,0.039469134
1,0.014770995
1,0.4949532
1,0.07283454
1,0.9963595
1,0.011221554
1,0.707871
1,0.009424602
1,0.99746466
1,0.9997727
1,0.64696336
1,0.999926
1,0.79557145
1,0.99996823
1,0.9616498
1,0.85313076
1,0.0014228387
1,0.013324162
1,0.59351414
1,0.01180305
1,0.99603957
1,0.84075373
1,0.54612267
1,0.99885786
1,0.9996258
1,0.9999392
1,0.97013247
1,0.9920824
1,0.050284438
1,0.9977546
1,0.99218225
1,0.9999862
1,0.964833
1,0.9995974
1,0.9998749
1,0.047945224
1,0.9991412
1,0.99938846
1,0.9995588
1,0.0030933411
1,0.2008218
1,0.97598886
1,0.9926052
1,0.9990632
1,0.9997265
1,0.12774491
1,0.99996525
1,0.9996806
1,0.9999836
1,0.85369706
1,0.90698093
1,0.99884367
1,0.99979764
1,0.9995585
1,0.99594283
1,0.9999655
1,0.9993851
1,0.99916077
1,0.99994195
1,0.99921435
1,0.7728768
1,0.07070026
1,0.5046338
1,0.4582648
1,0.9997763
1,0.9994878
1,0.065968186
1,0.010554751
1,0.9040036
1,0.99992
1,0.87031317
1,0.9589353
1,0.0011979383
1,0.99860466
1,0.8462547
1,0.7829702
1,0.999464
1,0.9995913
1,0.99866915
1,0.9992182
1,0.21941781
1,0.36912334
1,0.9995864
1,0.0002142049
1,0.00033309904
1,0.7981755
1,0.8035766
1,0.9833133
1,0.99824876
1,0.8406891
1,0.99997634
1,0.9996632
1,0.9974346
1,0.9999663
1,0.0074311295
1,0.52146435
1,0.08490495
1,0.7775203
1,0.51280504
1,0.15250652
1,0.91275394
1,0.00031376988
1,0.9997036
1,0.16573505
1,0.1361619
1,0.9998205
1,0.0005078875
1,0.72686225
1,0.9994482
1,0.5199981
1,0.8217281
1,0.9999717
1,0.99955684
1,0.99954873
1,0.21181898
1,0.9901838
1,0.999141
1,0.0055910973
1,0.008915419
1,0.9993338
1,0.99984163
1,0.28457963
1,0.36434883
1,0.009146257
1,0.5014374
1,0.9996908
1,0.9688937
1,0.031224024
1,0.32473093
1,0.0029747668
1,0.00024868728
1,0.99962467
1,0.76478034
0,0.01981747
0,0.9607796
0,0.0927478
0,0.9972146
0,0.0033577143
0,0.21495648
0,0.010841358
0,0.0007626267
0,0.07366176
0,0.4485151
0,0.3142753
0,0.06688689
0,0.99670804
0,0.13615859
0,0.9976955
0,0.40287533
0,0.0019516282
0,0.0004598634
0,0.0007738302
0,0.093007565
0,0.19899188
0,0.24602844
0,0.027130727
0,0.3774244
0,0.8241005
0,0.9950427
0,0.00013720592
0,5.893933e-05
0,0.36213848
0,0.00062677794
0,0.016869742
0,0.00021195688
0,0.29584637
0,0.016790055
0,0.0008886843
0,0.9597709
0,0.041353464
0,0.014578036
0,0.88419974
0,0.38205335
0,0.00011728001
0,0.35756254
0,0.0013497717
0,0.477595
0,0.6212045
0,0.9670833
0,0.000860833
0,0.13151938
0,0.00049743603
0,0.94539946
0,0.05517639
0,0.04200617
0,0.011609443
0,0.98227036
0,0.999833
0,0.00209653
0,0.98380166
0,0.9999534
0,0.99982226
0,0.4854103
0,0.968394
0,0.9717078
0,0.978646
0,0.21509522
0,0.058859643
0,0.9108543
0,0.8651967
0,0.8944069
0,0.8109813
0,8.236567e-05
0,0.00013818884
0,0.004910755
0,0.9996795
0,0.24119546
0,0.069913015
0,0.0002655352
0,0.9917947
0,0.006235675
0,0.6289822
0,0.00026781787
0,0.18314628
0,0.64081824
0,0.984612
0,0.94549716
0,0.60534656
0,0.0009042779
0,0.019139303
0,0.02457434
0,0.9999798
0,0.3348578
0,0.7020445
0,0.0003799382
0,0.0055522756
0,0.068532154
0,0.00097106205
0,0.027747134
0,0.00023068963
0,0.9965692
0,0.9576555
0,0.021284575
0,0.0005033936
0,0.005190627
0,0.32502657
0,0.927969
0,0.19513561
1,0.30193216
1,0.99938756
1,0.8227117
1,0.3821278
1,0.95389473
1,0.96169287
1,0.3684691
1,0.3821278
1,0.96169287
1,0.96169287
1,0.056532674
0,0.9957402
0,0.9114355
1,0.020234207
0,0.99995756
1,0.2390505
0,0.99894893
0,0.99875003
1,0.004309068
1,0.004309068
1,0.9996817
0,0.012828958
0,0.99976915
1,0.9962679
0,0.0032051268
0,0.99979115
0,0.9985921
0,0.87619686
0,0.9971586
1,0.5725171
0,0.011541808
0,0.9951189
0,0.0019705757
0,0.0055525885
0,0.9997965
0,0.9988057
0,0.001196509
0,0.99991816
1,0.015075766
1,0.010216672
0,0.97720385
0,0.00437222
1,0.99935985
0,0.99971753
0,0.00062070624
0,0.060175896
1,0.008404182
1,0.99990267
0,0.005659388
0,0.9975694
0,0.0046597254
0,0.46960735
0,0.1494513
1,0.9880324
1,0.87536925
0,0.024221659
0,0.025046946
0,0.5823142
1,0.2999201
1,0.2999201
1,0.2999201
0,0.0001922506
0,0.0029668787
1,0.9991935
1,0.434511
1,0.77223253
1,0.9775649
0,0.011401554
1,0.015310869
0,0.0014860824
0,0.00021056276
0,0.0002843224
0,0.1265922
0,0.12129266
0,0.006286574
0,0.0012575496
1,0.004443194
1,0.54851836
1,0.54849243
0,0.96335363
1,0.6011435
0,0.020137688
1,0.9409928
1,0.00020399119
1,0.97638875
1,0.9845459
1,0.91339016
1,0.9406555
1,0.8464664
0,0.31549725
0,0.004378263
0,0.27280834
1,0.9999704
1,0.37555766
1,0.4640148
0,0.07920417
0,0.055431366
1,0.6166447
0,0.13885702
0,0.9557749
0,0.8778178
1,0.9999018
1,0.06211581
0,0.3403338
1,0.93724906
1,0.60867786
1,0.60867786
1,0.9931511
1,0.9960751
1,0.60867786
1,0.13089527
1,0.0032430643
0,0.0009404075
0,0.017593266
0,0.001211303
0,0.0013965531
0,0.009094751
0,0.0029554977
0,0.18071592
1,0.14978842
1,0.4203756
1,0.23921965
0,0.40338758
0,0.0020080444
1,0.9131815
1,0.2661658
1,0.074358605
0,0.34046736
0,0.00014501218
0,0.0004502156
0,0.98929185
0,0.6064312
0,0.4443675
0,0.0004868862
0,0.0007528175
0,0.0005389125
1,0.334651
1,0.34638274
0,0.024560649
0,0.005114348
1,0.9175584
1,0.9175584
1,0.99957323
1,0.40650612
1,0.1419167
0,0.8044661
0,0.00028605797
1,0.72356516
1,0.996249
1,0.99795544
1,0.9994591
0,0.001163532
1,0.37152117
1,0.40400243
0,0.2585436
0,0.4828897
1,0.005433655
0,0.70972925
0,0.8124779
0,0.9801069
1,0.99927986
1,0.9960146
0,0.025751594
0,0.008573411
0,0.0018898643
0,0.045455083
0,0.0051904595
0,0.019799147
0,0.046972007
0,0.2266064
1,0.28502867
1,0.2940662
0,0.9960274
1,0.19632354
1,0.070366696
1,0.1159776
1,4.606501e-06
0,0.091572836
0,0.0009793523
0,0.39812526
1,0.014579269
0,0.006061968
0,0.0006076582
1,0.038537625
1,0.5005828
0,0.023116894
0,0.041399878
1,0.9955047
1,0.99395734
1,0.99593365
1,0.9964303
1,0.99852777
1,0.99788254
1,0.99880487
1,0.99957055
1,0.99852777
1,0.99944043
1,0.99852777
1,0.99852777
1,0.98419076
1,0.99852777
1,0.99959517
1,0.9875091
1,0.9928261
1,0.9996329
1,0.9510418
1,0.99852777
1,0.9958404
1,0.9938976
1,0.99694514
1,0.98429185
1,0.99507916
1,0.9967699
1,0.9972465
0,0.00065056357
1,0.9704635
0,0.00013612509
1,0.914519
1,0.6868286
0,0.053946674
1,0.00886894
1,0.38521338
0,0.1200412
0,0.5130463
0,0.0006944977
1,0.052520145
1,0.9827777
1,0.979224
1,0.9185542
0,0.48165664
0,0.7690876
0,0.12619351
1,0.047207627
0,0.014570935
1,6.6529356e-05
1,0.0035577302
0,0.00049089553
1,0.04921227
1,0.06520885
0,0.0019092506
1,0.9916976
0,0.013133365
1,0.015869107
1,0.009159113
1,0.89417017
0,0.15462327
0,0.07684085
0,0.0051878425
1,0.092176355
1,0.10105212
0,0.003959753
0,0.13150324
0,0.14651312
1,0.37077397
1,0.9998286
0,0.61006975
0,0.002906065
0,0.5374471
1,0.58718014
1,0.58718014
1,0.58718014
1,0.58718026
1,0.58718026
1,0.6350443
1,0.6350443
1,0.6350443
1,0.6350443
1,0.0011406704
1,0.99948597
1,0.99931115
1,0.9990938
1,0.9990479
1,0.99220854
0,0.44979876
1,0.8926689
0,0.0007945237
1,0.5253072
1,0.5856652
0,0.015532036
0,0.4710897
1,0.5383531
1,0.9995714
1,0.9995714
0,0.0026006536
0,0.0029599597
0,0.0009039393
1,0.34810326
1,0.8293489
0,0.0052740546
0,0.12392219
1,0.017697593
0,0.012154783
1,0.9974224
0,0.0021586488
0,0.52645856
0,0.09343961
0,0.10242081
0,0.10989065
0,0.5173389
1,0.87468255
1,0.87468255
1,0.9811574
1,0.028008038
1,0.035253696
0,0.010029789
0,0.9987371
0,0.996161
0,0.99851334
0,0.99568075
1,0.9820257
1,0.0039643687
1,0.004507887
0,0.048577026
0,0.007643288
0,0.10336517
0,0.9930223
0,0.0962866
1,0.1552298
0,0.32602012
0,0.00042080018
0,0.00082599773
1,0.34194142
1,0.8952162
0,0.010226748
1,0.16691218
0,0.3362355
1,0.9713413
1,0.97114444
1,0.970013
0,0.079653494
0,0.012569741
0,0.0079803355
0,0.0033135843
0,0.1119884
0,0.11500537
0,0.35847205
0,0.04983401
0,0.0059083016
0,0.0025873824
1,0.99353755
0,0.0007482911
0,0.25181326
0,0.0023519392
0,0.042217635
1,0.57451904
0,0.00048286468
0,0.02306986
0,0.004961845
0,0.0019925886
0,0.033464227
1,0.003886819
0,0.37155804
0,0.3507716
0,0.0003381095
0,0.00058415055
0,0.0072773215
1,0.99982226
1,0.9998091
1,0.9997021
1,0.99973124
1,0.9998032
1,0.99879634
1,0.9998083
1,0.9998914
1,0.99979526
1,0.99978757
1,0.9999003
1,0.9996509
1,0.99975777
1,0.99980074
1,0.9998219
1,0.9997082
1,0.9998819
1,0.99974954
1,0.9998083
1,0.99979264
1,0.99966806
0,7.7274744e-05
1,0.7322289
0,0.004010602
1,0.3501094
0,0.18510361
1,0.98555154
0,0.060082383
0,0.006476311
0,0.0013042148
0,0.7071209
1,0.3774254
1,0.097965926
0,0.0008037534
1,0.009471762
0,0.032416917
0,0.3584428
0,0.0001362404
1,0.9034299
0,7.2083036e-05
0,0.0002171927
1,0.51120704
1,0.9263809
0,0.6330094
1,0.9978967
0,3.130602e-05
0,0.02350641
0,0.0010073114
0,0.9658461
0,0.42630947
0,0.04289975
1,0.99944746
0,0.0010526152
0,0.014832855
0,0.049211387
0,0.0019005998
1,0.6491326
1,0.012736179
0,0.092396915
0,0.05853407
0,0.08504761
0,0.11416808
0,0.07550265
0,0.14462559
0,0.017033849
1,0.025918087
0,0.092835866
1,0.114206254
0,0.032284886
1,0.10251577
1,0.9802264
1,0.44657764
1,0.0025093849
0,0.0001434243
1,0.97247624
0,0.15642984
0,0.5861293
1,0.029444618
0,0.5275961
0,0.0014136316
0,0.009556348
1,0.86698765
0,0.3392328
0,0.11885401
1,0.44685355
0,0.3658147
0,0.01071436
0,0.011219412
1,0.3328373
0,0.8400396
0,0.0018133292
1,0.9598506
1,0.05500617
0,0.2899675
0,0.40358895
1,0.99665815
1,0.0019299587
0,0.19086562
0,0.0647466
1,0.28010488
0,0.0071547255
0,0.097089574
1,0.8811366
0,0.03526479
0,0.39227346
1,0.9870119
1,0.96562
0,0.7415415
1,0.5948911
0,0.43728942
1,0.8454217
0,0.0028289282
0,0.64168525
0,0.4176806
1,0.9990956
0,0.0007610662
0,0.37230757
0,0.030152362
0,0.024671577
1,0.96409434
1,0.99932915
0,0.121268585
0,0.20419829
1,0.055427093
0,0.7581751
0,0.0016917468
0,0.003956933
1,0.9393036
1,0.9381716
1,0.69261754
1,0.8480339
0,0.011532151
0,0.022452218
0,0.00062439893
0,0.020148577
1,0.8714609
1,0.66087043
1,0.58636343
1,0.507172
0,0.9951216
1,4.8066006e-05
0,0.0554718
0,0.012160211
1,0.5989969
0,0.017028378
0,0.01839678
0,0.2038195
0,0.0006209536
0,3.1713273e-05
1,0.48753172
0,0.36402175
0,0.102785006
0,0.4698186
1,0.25709164
0,0.00020465066
1,0.9897666
1,0.99845266
0,0.0032319974
0,0.0023667724
0,0.3904626
1,0.8526932
0,0.04588437
0,0.0019008813
0,0.052997313
0,0.0012963947
0,0.007073497
0,0.002854487
0,0.7812359
1,0.9978756
1,0.24870759
1,0.055630334
1,0.9910542
1,0.017872334
0,0.02067387
0,0.31160456
0,0.35859683
0,0.07974642
0,0.0099696815
0,0.113460325
0,0.004580421
0,0.00092249695
0,0.06593117
0,0.1270917
0,0.21198678
0,0.04099998
0,0.027484102
1,0.6561115
1,0.56746805
1,0.010962503
1,0.056504205
1,0.03001741
1,0.24277285
1,0.49438
0,0.014286654
1,0.75511175
1,0.42749572
0,0.96252716
1,0.93080366
1,0.9173594
1,0.99660116
0,0.0013893388
0,0.011084202
0,0.15021826
0,0.012118606
0,0.910952
1,0.83753806
1,0.9996265
1,0.63867843
1,0.4648621
1,0.26596144
0,0.7403581
0,0.03447299
1,0.6154542
0,0.002039743
0,0.0050564324
1,0.00081392407
1,0.97203124
1,0.94824535
0,0.00086161745
0,0.0015965892
0,0.0039554955
0,0.001911603
1,0.75767815
1,0.68385553
1,0.074217305
0,0.00049982226
1,0.0032756154
0,0.037199136
1,0.49879473
1,0.42506516
1,0.36597258
1,0.4240892
1,0.42506516
1,0.580963
1,0.47698087
1,0.4240892
0,0.00081512827
0,0.009824748
0,0.0007406077
0,0.0005985829
0,0.09644839
0,0.016381681
1,0.9732887
1,0.43712914
1,0.8313119
1,0.83284
0,0.27492777
0,0.0983502
1,0.97803605
0,0.0019530646
0,0.0035548778
1,0.0024567833
0,0.36211646
0,0.7360952
0,0.084267974
1,0.9882835
1,0.9998228
1,0.011399356
0,0.002160771
1,0.77019864
1,0.05945128
0,0.99869615
1,0.001253467
1,0.02965754
1,0.09180515
0,0.00033486934
1,0.006726537
0,0.31698647
0,0.15043116
1,0.9845121
1,0.9798021
1,0.97678673
1,0.9918686
1,0.97362506
1,0.96204054
1,0.9524273
1,0.94324607
0,0.37905744
1,0.00050246983
0,0.00048926286
1,0.99803215
0,0.020046933
0,0.0014541176
0,0.0044181976
0,0.33698624
0,0.048795864
0,0.056660432
1,0.90558624
1,0.99109274
1,0.963524
1,0.9633886
1,0.74679744
1,0.98201716
1,0.9580303
1,0.05213173
1,0.99367726
1,0.9405328
1,0.00012640645
0,0.0011888631
0,0.9436717
1,0.0019445784
0,0.010484955
0,0.017712878
0,0.0011180077
0,0.6473173
1,0.08539581
1,0.9972293
1,0.93547237
0,0.43129534
1,0.0049177553
1,0.96912915
1,0.1602625
0,0.0911578
0,0.17144848
0,0.049666658
0,0.028962716
1,0.9397643
1,0.8815676
1,0.7889726
1,0.7170636
1,0.8175329
1,0.018393595
1,0.041777797
0,0.00064582966
0,0.0010878075
1,0.061476853
0,0.0004658554
1,0.40925792
0,0.6747638
0,0.6200583
1,0.69136435
1,0.99919444
1,0.013877089
1,0.0037263916
0,0.01002479
0,0.0015724914
1,0.99861014
1,0.90096647
0,0.009700577
1,0.74433756
1,0.4059845
0,0.8842096
0,0.8256994
0,0.2528785
1,0.95504004
1,0.91234815
1,0.91234815
0,0.030107174
0,0.059799615
0,0.27774626
1,0.98404723
1,0.9829943
0,0.029410047
1,0.012764948
0,0.00033195046
0,0.002511784
0,0.013475816
1,0.99994326
0,0.8653542
0,0.99752575
1,0.99924195
1,0.40326422
0,0.001704844
1,0.16390008
1,0.0052155443
1,0.9074713
1,0.00062490406
1,0.9859745
0,0.15310527
1,0.0010247735
0,0.07664192
1,0.68598175
1,0.3730022
1,0.85568327
1,0.33331576
1,0.03043362
0,0.0036444576
0,0.24751416
0,0.7135775
1,0.4141249
0,0.009619564
0,0.08453901
0,0.101597406
1,0.8829135
1,0.9125041
0,0.93941236
0,0.5431471
1,0.17620726
0,0.007882451
0,0.002653504
0,0.0016358051
0,0.37713307
0,0.011634826
0,0.0075936103
0,0.5060478
1,0.6960068
0,0.08679727
1,0.99350786
0,0.26548812
0,0.4853745
1,0.9846628
1,0.63966095
1,0.96200806
1,0.3851726
1,0.45490247
0,0.9098064
1,0.9977808
1,0.99829215
1,0.99829215
1,0.33809754
0,0.0054132477
1,0.44657877
0,0.04428726
1,0.09970819
0,0.005662934
0,0.3442546
0,0.0031543958
1,0.63032055
0,0.0003340604
1,0.9999474
1,0.39904016
0,0.0007414332
1,0.99703544
1,0.99703544
0,0.9820721
0,0.78036565
1,0.20737742
0,0.12569581
1,0.34620976
0,0.0067975507
1,0.45595902
1,0.98422533
1,0.9652553
1,0.9768334
1,0.050428983
0,0.9655305
0,0.10038701
0,0.31028044
0,0.0020139522
0,0.03823482
0,0.80733144
0,0.24185532
0,0.0046522385
1,0.99737126
1,0.9989314
1,0.5045675
1,0.6227944
0,0.65072954
0,0.14349933
1,0.9999829
1,0.9010263
0,0.0014956305
0,0.013905647
1,0.8080212
0,0.15095848
0,0.21265763
1,0.009929816
1,0.83048344
1,0.12831861
1,0.58300984
0,0.0007035519
0,0.0033917602
0,0.00044570293
1,0.00047607798
1,0.0007332559
1,4.2993623e-05
1,7.837808e-05
1,0.00028389686
0,0.00022866402
0,1.1946798e-05
0,3.5076966e-05
0,0.0006324367
1,0.018589381
1,0.30992875
0,0.3389892
1,0.24862671
1,0.12032117
0,0.011058355
0,0.009658926
0,0.0070236214
1,0.99813473
0,0.0005024847
0,0.005732274
0,0.0027366595
1,0.0063232416
1,0.4929856
1,0.24520688
0,0.0072701597
0,0.3970978
1,0.36548188
1,0.44466814
1,0.1348029
0,0.00024734606
0,0.0006734472
0,0.76579666
0,0.66623235
1,0.9852547
0,0.07987678
0,0.19200738
0,0.009538582
0,0.006706108
0,0.04895005
0,0.24597114
0,0.5097681
0,0.49455994
0,0.0017504441
1,0.06712648
1,0.34762466
0,0.0100332545
0,0.0067820894
0,0.005759695
1,0.4518524
1,0.46192044
1,0.33489686
1,0.42665774
0,0.0029707898
1,0.9887254
1,0.5544532
0,0.002742128
0,0.003535103
0,0.005749511
1,0.46134642
0,0.17641275
1,0.03281066
0,0.002863697
0,0.0022029935
0,0.01598343
0,0.0143455425
0,0.013305902
0,0.39312437
0,0.05016374
0,0.20859672
0,0.00023106034
0,0.024014797
0,0.12908162
0,0.059283167
0,0.0076505463
1,0.94863975
1,0.965205
1,0.3473657
0,0.030827114
0,0.119925976
1,0.5939199
1,0.02173322
0,0.10937373
0,0.083377056
0,0.074454546
1,0.43369913
0,0.00024734606
0,0.0033235045
1,0.066790394
0,0.0004913702
1,0.0025082012
1,0.055666495
1,0.05883825
0,0.021823974
0,0.02948789
0,0.006220874
1,0.920484
1,0.6471795
1,0.6471795
1,0.6471795
1,0.13627085
1,0.10175905
0,0.0009241276
1,0.9997466
0,0.0013588631
0,0.08187462
0,0.006864363
1,0.032905996
1,0.21347524
1,0.32862055
0,0.1955871
0,0.22043853
1,0.3319
0,0.04248566
1,0.034505256
1,0.018453341
1,0.0017571242
1,0.016835162
0,0.009546577
0,0.001442228
0,0.0076435343
0,0.021411778
0,0.019267047
0,0.00923847
0,0.0019122863
0,0.0112422975
0,0.034403406
0,0.02562526
0,0.0013215838
0,0.015941968
0,0.07720677
0,0.018339828
0,0.007677509
1,0.9875208
0,0.0008961316
0,0.0008404379
1,0.6530129
1,0.9937194
0,0.0034361633
1,0.059885193
1,0.44358006
0,0.004898212
1,0.9990204
0,0.0030034417
0,0.49814975
0,0.7244208
1,0.92800194
0,0.019905344
0,0.03286602
1,0.06226199
0,0.9934343
0,0.9978351
0,0.99782526
0,0.96638936
0,0.9964239
0,0.00068098714
1,0.00033490383
0,0.00066450436
0,0.00050197175
0,0.0017457012
0,0.0009925546
1,0.07843833
1,0.12044348
1,0.36845368
0,0.9955406
1,0.091788754
0,0.00040634096
0,3.6730882e-05
0,3.960296e-05
0,9.8691075e-05
0,0.012882749
1,0.13047144
1,0.23664723
1,0.14867887
0,0.02183498
0,0.13170148
0,0.059191808
0,0.36253467
0,0.0016866863
0,0.47190106
0,0.6335262
0,0.0006900625
0,0.004575275
0,0.0045677153
0,0.031012297
0,0.38275793
0,0.00029161404
0,0.29279348
0,0.0014688497
0,0.0026523017
1,0.57604206
0,0.9989878
1,0.9974719
0,0.939446
1,0.99424237
1,0.99084777
1,0.99534583
1,0.98669773
1,0.9840905
1,0.015721431
0,0.00090552977
1,0.044295568
1,0.07892449
1,0.55494094
1,0.75905234
0,0.45967215
1,0.016903356
0,0.0015756539
1,9.979747e-05
1,0.9891811
1,0.96242696
0,0.00024162828
0,0.14860079
0,0.25486726
0,0.2193714
0,0.32008544
1,0.032241996
0,0.04810354
0,0.00066295423
1,0.122923
1,0.60093486
1,0.15842222
0,0.50733924
1,0.000529873
0,0.0010626009
0,0.0006949224
0,0.52435243
0,0.14947978
1,0.56164587
1,0.96689284
1,0.005421839
0,0.44733736
0,0.007146039
0,0.3575737
1,0.05171556
0,0.12589124
0,0.090937346
0,0.14720994
0,0.3048263
0,0.15957561
1,0.18177259
0,0.071124434
1,0.9332841
1,0.07398032
0,0.3482402
1,0.99988437
0,0.0003679151
1,0.16249949
1,0.99996436
0,0.002175705
0,0.044550095
0,0.0042012143
1,0.6060398
1,0.6060398
0,0.008458334
1,0.9119793
0,0.16517453
1,0.92648
1,0.8426756
1,0.8656016
1,0.9468101
1,0.88849103
1,0.8903141
0,0.053534683
1,0.999361
1,0.9884008
1,0.99799997
0,0.03255736
0,0.036514957
0,0.017005274
0,0.018136613
0,0.019256167
0,0.082626976
0,0.014138595
0,0.38729253
0,0.00047249513
0,0.8634563
0,0.111189716
0,0.0635745
1,0.6079948
1,0.5893805
1,0.47318888
1,0.59881055
1,0.4885896
1,0.13295737
1,0.58170563
1,0.21217209
1,0.4718325
1,0.59351647
1,0.9291896
1,0.20501621
0,0.001766569
0,0.0016722977
0,0.0010948802
0,0.00073067297
0,0.22807503
1,0.068342194
0,0.0072604096
0,0.03700761
1,0.5614145
1,0.05536085
1,0.0015165226
1,0.26395026
1,0.018977335
0,0.03890315
0,0.009613642
0,0.0029064852
0,0.0030051013
1,0.9403372
0,0.007688422
0,0.0056579206
1,0.7212105
0,0.5891198
0,0.011625973
1,0.009582872
1,0.9033873
1,0.9887224
0,0.015637636
1,0.9975764
1,0.9867797
1,0.99084425
1,0.9916536
0,0.43086234
0,0.014083715
0,0.1598114
0,0.00019949445
0,0.04151257
0,0.0004454992
0,0.30380902
1,0.0311463
1,0.00073303445
1,0.37614408
0,0.6794683
1,0.26800093
0,0.4067619
1,0.9959812
1,0.9988051
1,0.99797666
1,0.9958273
1,0.99905735
1,0.9956034
1,0.9958084
1,0.99806166
1,0.99723095
1,0.99763703
1,0.99794954
1,0.99832034
1,0.998101
1,0.99966663
1,0.99918276
1,0.99617606
1,0.9949697
1,0.9915085
1,0.99426144
1,0.15429997
0,0.0144851
0,0.52953804
0,0.01429853
1,0.5995749
1,0.575747
0,0.008495498
0,0.17490481
0,0.11702426
1,0.961723
1,0.88918954
1,0.96341485
0,0.07679288
1,0.76480716
0,0.96448815
0,0.60206413
1,0.38918835
0,0.7566295
0,0.029170526
0,0.0098386975
0,0.0011080332
1,0.39414522
1,0.00043586647
0,0.00027369216
0,0.0022258477
0,0.16074045
1,0.6573583
1,0.12937889
1,0.08936619
1,0.10052391
1,0.07867717
0,0.008651614
0,0.10432081
0,0.008151316
0,0.18763837
1,0.98825663
0,0.18946555
0,0.010920137
0,0.018920528
0,0.05859287
0,0.061402656
0,0.036429353
0,0.06254643
0,0.074379236
0,0.021167511
0,0.14548148
0,0.10552376
0,0.12992515
0,0.13732861
1,0.053771805
1,0.0025832783
0,0.0034464393
1,0.0022836265
0,0.17127594
1,0.88377315
0,0.019165145
0,0.0058543384
0,0.00027152867
1,0.41197827
0,0.0004169861
0,0.013737654
0,0.013360733
1,0.7748006
1,0.77303755
1,0.033962943
0,0.07640962
0,0.08028014
0,0.09247941
0,0.17593184
0,0.09949818
1,0.42231914
1,0.99970955
1,0.99115145
1,0.99973977
1,0.8599014
1,0.99987
1,0.9995202
1,0.99965155
1,0.907188
0,0.0074610603
0,0.08578005
1,0.76766807
1,0.14312366
0,0.006143493
0,0.013925001
0,0.0046983124
0,0.048529476
1,0.5687276
1,0.64864886
0,0.008928405
1,0.0018373914
0,0.0036095267
1,0.9117836
1,0.998908
0,0.0029865098
0,0.003653983
0,0.0010219218
1,0.00059897837
0,0.0032358353
0,0.03276868
0,0.051861644
1,0.1423553
0,0.0072261584
1,0.58513606
0,0.4525949
0,0.07363445
0,0.0658201
0,0.5352588
0,0.9234107
1,0.952134
0,0.027049549
0,0.0011273548
0,0.70825577
1,0.89778304
1,0.999604
0,0.14240827
1,0.9651105
0,0.44211242
0,0.0063741407
1,0.9986257
1,0.9699779
0,0.013283201
1,0.41017967
1,0.09720026
0,0.12337078
0,0.21329561
1,0.97198105
0,0.42581955
1,0.6053679
1,0.9999575
1,0.8038075
0,0.338293
1,0.5369477
0,0.0059431707
0,0.03396847
1,0.4990103
0,0.20359944
0,0.10293904
0,0.14552385
1,0.8719275
0,0.0028611668
0,0.01835611
0,0.0004795262
0,0.054566916
0,0.0027220827
0,0.32036278
1,0.9959325
1,0.99930567
1,0.99890256
1,0.99593246
1,0.9973014
1,0.597278
1,0.92492455
1,0.9643075
1,0.92492455
0,0.009504898
0,0.007590028
1,0.5041164
0,0.2133837
0,0.44989505
0,0.60973406
1,0.5105034
1,0.4565447
0,0.0047298577
0,0.47192416
1,0.40688062
1,0.3638192
1,0.35432816
0,0.043487035
0,0.012519411
1,0.18487029
1,0.99585426
1,0.46465236
0,0.008464719
0,0.010385432
0,0.006777585
1,0.001134063
0,0.0029613713
0,0.0010541946
0,0.0010078412
0,0.012100324
0,0.0012800767
0,0.0010252281
0,0.0061026565
1,0.9995025
1,0.64790976
0,0.0021340917
0,0.0003365838
0,0.1563733
0,0.00227766
0,0.744872
1,0.92385614
1,0.9934167
1,0.9500441
0,2.60113e-05
1,0.5229919
1,0.98847616
1,0.29940462
0,0.18106614
0,0.67569697
0,0.5249237
0,0.003957617
0,0.9988917
1,0.014743436
0,0.086108185
0,0.0059693167
1,0.18397549
1,0.45459595
0,0.06885414
0,0.032955352
0,0.3290092
0,0.4336289
1,0.44485906
0,0.01287942
1,0.33312237
0,0.037801147
0,0.809963
0,0.00080137077
1,0.99985576
1,0.9996358
1,0.9995958
1,0.9936852
1,0.21721482
0,0.017571587
1,0.9668088
0,0.061278068
0,0.907926
0,0.0003686148
0,0.019002821
0,0.0039341343
1,0.031303834
1,0.007975135
1,0.020144599
1,0.020704156
1,0.032311432
1,0.008185556
1,0.028693167
1,0.2037777
1,0.040166687
0,0.017100096
1,0.95381165
1,0.35284665
0,0.030614778
0,0.00026811138
1,0.77410644
0,0.028745148
0,0.5431713
1,0.99966127
1,0.08737311
0,0.004604947
0,0.0663485
1,0.984708
1,0.032764364
1,0.99994594
0,0.011786777
1,0.085718796
0,0.035205603
1,0.043472085
0,0.010038395
0,0.3151123
0,0.90062183
0,0.42393368
0,0.008609786
0,0.42805004
0,0.20213532
0,0.49178106
1,0.31015605
0,0.0077096755
1,0.13930358
1,0.0010787236
0,0.3758791
1,0.42303553
1,0.007596784
0,0.0014020144
1,0.99940133
1,0.9920294
1,0.9889111
1,0.99984175
0,0.01161507
1,0.0062710345
0,0.18338086
0,0.00022605578
0,0.0032579792
0,0.023800306
0,0.04896322
0,0.18827805
1,0.11650005
1,0.8216223
0,0.24461877
1,0.04162384
0,0.0012495065
1,0.2003028
0,0.005803138
0,0.008876341
0,0.001403852
1,0.99341494
1,0.1201778
1,0.78614223
0,0.81403494
0,0.8258525
0,0.9537747
1,0.8900805
0,0.8700441
0,0.96763647
1,0.99856526
0,0.027152045
1,0.030674327
0,0.2555842
0,0.7680401
1,0.32402325
1,0.4042976
1,0.49412602
1,0.22973122
1,0.07993675
1,0.11174232
1,0.47597864
1,0.5713222
1,0.3550903
1,0.48690218
1,0.40801013
1,0.1672459
1,0.33253795
1,0.37495974
1,0.23069066
1,0.3171254
1,0.36942178
1,0.2511174
1,0.18222213
0,0.00093578256
1,0.85961926
0,3.9220206e-05
0,4.3117703e-05
1,0.7753924
0,0.002306798
1,0.4498169
1,0.9646267
0,0.007558325
1,0.99161744
0,0.0027026695
0,0.091328725
1,0.99812114
1,0.07291835
0,0.99796665
1,0.99879366
1,0.99869007
1,0.9269245
0,0.0063006403
1,0.87398887
1,0.8717744
1,0.87742805
1,0.0017729322
0,0.0009279909
0,0.00794254
1,0.35655022
0,0.001594971
1,0.94070166
1,0.004978643
0,0.00068294693
0,0.0011841423
1,0.87962496
1,0.924574
1,0.9807716
1,0.1636056
1,0.08191704
0,0.011015758
0,0.00027511854
1,0.011627383
0,0.00016890366
0,0.0060755117
0,0.005041445
1,0.7672484
0,0.88287085
0,0.04203517
0,9.024773e-06
1,0.0130837625
1,0.6083654
0,0.3706971
0,0.016027167
0,9.710809e-05
1,0.99860215
1,0.93434054
1,0.99666554
1,0.8097418
1,0.00035805997
0,0.02205558
1,0.09123002
0,0.010922919
1,0.06712061
1,0.077399224
1,0.17185818
1,0.9986798
1,0.999635
0,0.005214219
0,0.045862418
0,0.39779785
1,0.24015026
0,0.043864056
0,0.016128823
1,0.9974242
1,0.012091919
1,0.9921806
1,0.9635649
0,0.0006242826
1,0.9950605
1,0.99442786
0,0.72452474
0,0.30783775
0,0.29509252
1,0.99020743
1,0.99957657
1,0.9064869
0,0.4188015
0,0.0011342921
0,0.23629618
1,0.19609609
1,0.3933316
1,0.38670427
1,0.39560217
1,0.40522504
0,0.24223955
0,0.7157552
0,0.0058342833
1,0.44500703
0,0.00022021524
0,0.3506862
0,0.006065696
1,0.37700224
0,0.014177444
0,0.20879331
1,0.971217
1,0.34043384
1,0.16189004
0,0.39375293
0,0.034052763
0,0.06500763
0,0.18722215
0,0.104719855
0,0.060390223
0,0.049249165
0,0.29826382
0,0.36837852
0,0.32663822
0,0.36065733
1,0.40501192
1,0.90947986
0,0.9911262
1,0.7907122
1,0.81442094
0,0.18622574
1,0.014374937
1,0.15520406
1,0.5085637
1,0.002984886
0,0.6375344
0,0.07765401
0,0.09544483
1,0.88413656
0,0.019627122
1,0.9765804
1,0.9979635
1,0.99962026
1,0.014610582
0,0.00903945
0,0.25735083
1,0.8819282
1,0.9400704
0,0.58976376
0,0.0011436173
1,0.9334819
0,0.009888605
1,0.34951705
0,0.30128968
1,0.49518594
0,0.25848332
1,0.5772277
1,0.85015726
1,0.78894943
1,0.00024105622
1,0.9943042
1,0.8640985
0,0.8364034
1,0.90172726
0,0.0034492165
0,0.0029590845
0,0.047045607
0,0.057124913
1,0.95843554
0,0.054362576
1,0.993294
1,0.43277943
1,0.74560535
0,0.00034187565
0,0.9601127
0,0.96105415
0,0.98995084
1,0.9816308
1,0.68267506
1,0.9784084
1,0.1771866
1,0.5089983
1,0.61090636
1,0.85962874
1,0.990398
1,0.99056685
1,0.98987997
1,0.9863107
1,0.96478724
1,0.9963043
1,0.9669129
1,0.9802012
1,0.9571423
1,0.997496
1,0.9975901
1,0.9373667
1,0.9933561
1,0.9970513
1,0.92799
1,0.9864794
1,0.97949576
1,0.98572475
1,0.9901777
1,0.44189167
1,0.59751546
0,0.99864167
1,0.9928367
0,0.43974304
1,0.99956733
1,0.050968148
1,0.054242987
0,0.0012267703
1,0.8101896
1,0.43788907
0,0.013108656
0,0.1360858
0,0.3729783
0,0.0031888112
1,0.0077921078
1,0.99489915
1,0.6163415
0,0.016702298
0,0.0021357588
0,0.12221587
1,0.99971217
1,0.99944067
1,0.98758864
0,0.9996282
1,0.8848555
1,0.5379103
0,0.5539104
0,0.055050295
0,0.0019300367
1,0.19178155
0,0.0043005412
0,0.00022287999
1,0.99979484
1,0.35580406
0,0.014520363
0,0.0025331131
0,0.0058626616
0,0.0018046767
0,0.000521866
1,0.99943304
0,0.0070255534
0,0.00028080173
1,0.6248999
0,0.003924648
0,0.36711207
0,0.3492498
1,0.39347103
1,0.3595467
1,0.39362553
1,0.421185
1,0.46407297
0,0.08664388
1,0.26268727
0,0.006657045
0,0.9694587
0,0.04415504
0,0.01273456
0,0.003031263
0,0.09630848
1,0.94397056
0,0.0005958822
0,0.44475797
0,0.18149711
0,0.0010227341
1,0.61425686
0,0.1315831
1,0.19031431
1,0.099198215
1,0.3480657
1,0.2702538
1,0.4930647
0,0.014607164
1,0.9979482
1,0.42952755
0,0.0071730064
1,0.9802337
1,0.00056399853
0,0.000581728
0,0.0004113625
0,0.8513
0,0.9839101
0,0.9997475
1,0.9596406
0,0.7032827
1,0.99815625
0,0.10618325
0,0.0036612777
0,0.016207052
0,0.008851533
0,0.86950845
0,0.09614356
1,0.9411273
1,0.049608137
0,0.0018528326
0,0.29518652
1,0.99054146
0,0.033935655
1,0.9887662
1,0.42392042
0,0.06791698
0,0.0021692994
1,0.00020993073
0,0.01587859
1,0.9366154
0,0.9266737
0,0.10505797
0,0.9603695
1,0.2511132
1,0.4981474
1,0.9935663
1,0.87623835
1,0.99918866
0,0.0008070835
0,0.004248297
1,0.095094465
1,0.00091857376
0,0.12523255
0,0.0050764354
1,0.63009644
0,0.9144716
0,0.05569182
0,0.005760736
1,0.9924402
1,0.99244004
0,0.0021003576
0,0.0015198636
0,0.1449989
1,0.9998479
1,0.9998646
1,0.52918816
0,0.9953945
1,0.9993413
1,0.9965779
1,0.9743343
1,0.99992126
0,0.9994135
0,0.85346675
0,0.0010489048
0,0.006740224
0,0.0019169325
1,0.0037089686
1,0.38238811
1,0.21535264
1,0.12236804
1,0.4080581
1,0.29833728
1,0.05784098
1,0.010525913
1,0.110099435
0,0.7628113
1,0.99985707
1,0.0067085987
1,0.99690366
1,0.39611474
1,0.1824637
0,0.42423543
1,0.9999866
1,0.9987675
0,0.0007899902
1,0.9911443
0,0.86640674
0,0.014864626
0,0.0010595401
0,0.19957922
0,0.266324
0,0.70284307
1,0.39974874
0,0.006753018
1,0.80789834
0,0.5768944
0,0.028959937
1,3.322753e-05
0,0.35557762
0,0.062655665
0,0.09624424
0,0.75072515
1,0.99125886
1,0.99125886
0,0.0017915342
1,0.0029928489
0,0.06298243
0,0.0026228754
0,0.33404303
0,0.0006825022
1,0.005549372
0,0.0013269491
1,0.42295974
0,0.044769116
1,0.9589846
1,0.0080336705
0,5.40014e-05
1,0.17984137
0,0.9237253
0,0.06400954
1,0.92220795
0,0.9854634
1,0.9997902
0,0.9910024
0,0.043124553
0,0.041070644
0,0.08933455
1,0.0006913856
0,0.81330884
1,0.34081596
0,0.005938989
0,0.00341724
0,0.42074165
0,0.47552663
0,0.34395584
1,0.83232045
1,0.8895095
0,0.3071647
0,6.570317e-05
0,0.0011865993
0,0.0024689694
0,0.42369527
0,0.0006650913
0,0.0007632712
1,0.99964225
0,0.00064223184
0,0.002968967
0,0.007857669
0,0.0071049677
0,0.36156866
0,0.05395907
1,0.63369536
0,0.0007255605
0,0.40585786
0,0.06679719
0,0.00060833135
0,0.9509289
1,0.0006270414
0,0.00088535843
0,0.05132562
1,0.9789496
1,0.9948358
1,0.9203105
1,0.98594785
0,0.044867355
0,0.2560386
0,0.98653054
0,0.7966733
1,0.97529995
0,0.002582782
1,0.9575611
0,0.13502534
0,0.9533668
0,3.7948594e-05
0,0.009311992
0,0.004989999
0,0.0069286954
0,0.42135802
0,0.006906496
0,0.061004158
0,0.008753519
1,0.5935047
1,0.46692696
0,0.14022027
1,0.3222861
1,0.98640335
1,0.58743054
0,0.21087043
0,0.15166266
0,0.014270319
0,0.035510223
0,0.09040498
0,0.0016795578
1,0.9890025
0,0.12319031
0,0.06502808
1,0.0005541832
0,0.0040007303
0,0.0008114927
0,0.035634123
0,0.014995487
1,0.93722385
1,0.9988418
1,0.99556917
0,0.00067312195
0,0.9941406
0,0.07350302
1,0.98504204
1,0.82773036
1,0.87415934
1,0.9998061
1,0.99913013
1,0.9997158
0,0.025553586
1,0.54963595
1,0.9999892
0,0.12910648
0,0.049239017
1,0.880314
1,0.08257305
0,0.064013354
1,0.823459
0,0.006045596
1,0.00045534133
0,1.2442913e-05
0,0.5541321
0,0.0059541394
1,0.99833435
1,0.5417737
0,0.017234487
1,0.27448952
1,0.21242976
0,0.00824195
1,0.8950962
0,0.0045216316
0,0.76341045
0,0.6485987
1,0.5951222
1,0.68089134
1,0.6476956
1,0.65318626
1,0.98811656
1,0.71760356
1,0.23712094
1,0.771414
1,0.9989338
1,0.14340132
1,0.6191149
1,0.5162649
0,0.65343285
1,0.4388553
1,0.4095125
0,0.28520688
0,0.041911937
0,0.5904877
0,0.0008439955
0,0.001846314
0,0.0015673947
1,0.7838779
0,0.68814206
1,0.069416136
0,0.035711728
1,3.3326698e-05
0,0.0007174686
1,0.9998554
0,0.08007513
0,0.11261807
0,0.002600911
0,0.6395556
0,0.28824174
1,0.8720952
0,0.38019076
0,0.00011859772
0,0.9571885
0,0.00316059
0,0.00010006058
1,0.98390305
1,0.8304218
1,0.09128673
1,0.12898554
1,0.82567966
1,0.48979515
1,0.19867177
1,0.36201632
1,0.33315435
1,0.9706373
1,0.93313265
1,0.97689277
1,0.03263221
0,0.99425834
0,0.019143267
0,0.0021670917
0,0.9991469
0,0.111320294
0,0.48422027
0,0.37626612
0,0.005417732
0,0.35949495
0,0.06703327
1,0.10941448
1,0.31405282
1,0.13143197
0,0.08075603
1,0.9999578
1,0.49491316
1,0.33609396
0,0.0036419737
0,0.015490407
0,0.002457639
1,0.41486946
0,0.0026049616
1,0.8031127
1,0.65018153
0,0.43629876
1,0.5843271
0,0.6103952
0,0.45631632
1,0.6755667
0,0.08917192
0,0.065075465
0,0.40826067
1,0.576382
1,0.97605866
1,0.937486
1,0.43490338
0,0.16531679
0,0.0002927196
1,0.929947
0,0.34272572
0,0.34706888
0,0.002164191
1,0.67486787
0,0.57715905
0,0.77102995
0,0.84889144
1,0.6947981
0,0.009635691
0,0.00071097835
0,0.0012300401
1,0.0016194468
0,0.28367326
1,0.36961314
0,0.065483555
0,0.059363216
1,0.15138398
0,0.48342615
0,0.010759554
1,0.76588345
1,0.90439695
1,0.6836947
0,0.0021927196
0,0.0020341827
1,0.04421614
1,0.64714575
0,0.022288699
1,0.051681675
1,0.18207937
0,0.6973684
1,0.17023715
0,0.054982338
0,0.0017203514
0,0.00030437438
0,0.0002935421
0,0.0004796165
0,0.04174152
0,0.0053166365
0,0.1318858
1,0.06659925
0,0.008600532
0,0.00058541127
0,0.0022415267
1,0.34419584
0,0.00020153554
1,0.8363819
1,0.400389
1,0.0019465986
1,0.9932789
0,0.026650898
0,0.0019057962
0,0.15655085
1,0.9996111
0,0.41055426
1,0.99074125
0,0.40887034
0,0.47120824
1,0.4478906
0,0.8199994
1,0.0097950855
0,0.0019511833
1,0.040625084
1,0.9882349
0,0.0140513545
1,0.99972844
1,0.2863449
0,0.21535955
0,0.23841877
0,0.009045966
0,0.012618015
0,0.016783513
1,0.18045983
0,0.10970075
1,0.3620065
0,0.013876397
0,0.00023496638
1,0.011449164
1,0.660959
1,0.34522772
1,0.45341167
1,0.63211024
1,0.9949565
1,0.9799769
1,0.9924991
1,0.97809994
1,0.99150217
0,0.00015536677
0,0.0027666036
0,0.06108704
0,0.00016923912
0,0.15006664
1,0.6842814
1,0.99601567
1,0.05451963
0,0.0053511993
0,0.0018180399
0,0.0024586772
0,0.005263169
1,0.9939476
1,0.9826243
0,0.5254832
0,0.48348248
0,0.3832834
0,0.447573
0,0.21543932
1,0.24273351
0,0.016305046
1,0.077056676
0,0.3183924
1,0.7207428
1,0.00034719234
0,0.99799305
1,0.2990655
1,0.35408497
1,0.4498632
1,0.34912872
1,0.6384342
1,0.0813257
1,0.08778271
1,0.55693233
1,0.1680877
0,0.1269948
0,0.02365533
0,0.009353208
0,0.070139155
0,0.045632333
0,0.001852772
1,0.9980658
1,0.99420726
1,0.00035140058
0,0.0030817664
0,0.0013402893
0,0.0003488112
0,0.00049956434
0,0.5832901
0,0.98280823
1,0.27946627
1,0.10783847
1,0.7188462
0,0.0124122705
0,0.17798312
0,0.29179612
0,0.0005909554
1,0.13155608
1,1.34453e-05
0,0.010853674
0,0.008117534
0,0.11401818
0,0.050006796
0,0.006051866
1,0.8929961
1,0.46453547
1,0.99408424
0,0.8897543
0,0.70992845
0,0.29370323
0,0.28280112
0,0.9711591
1,0.8832087
