Name,y_label,canonical_smiles
Benzalharman,0,C(=Cc1ccccc1)C1=NCCc2c1[nH]c1ccccc21
Holophyllin P,0,C/C(=C/C[C@@H]1[C@@]2(C)CCCC(C)(C)[C@@H]2CC[C@@]1(C)O)[C@H](O)CO
Jamesoniellides S,0,C/C(=C1\C[C@H](C2(O)CC(O)OC2=O)OC1=O)[C@]1(C)O[C@@]2(O)CCC=C3C(=O)O[C@H]1[C@@]32C
Jamesoniellides R,0,C/C(=C1\C[C@H](C2=CC(=O)O[C@@H]2O)OC1=O)[C@]1(C)O[C@@]2(O)CCC=C3C(=O)O[C@H]1[C@@]32C
Jamesoniellides Q,1,C/C(=C1\C[C@H](C2=CC(O)OC2=O)OC1=O)[C@]1(C)O[C@@]2(O)CCC=C3C(=O)O[C@H]1[C@@]32C
Firmanoic acid,1,C/C(=C\C(=O)C[C@@H](C)[C@H]1CC[C@@]2(C)C3=CC[C@H]4C(C)(C)C(=O)CC[C@]4(C)[C@@H]3CC[C@]12C)C(=O)O
23-oxomariesiic acid A,1,C/C(=C\C(=O)C[C@@H](C)[C@]1(C)CC=C2C3=CC[C@H]4C(C)(C)[C@H](O)CC[C@]4(C)[C@@H]3CC[C@]21C)C(=O)O
Myrrhanone A,1,C/C(=C\CC/C(C)=C/CC/C(C)=C/CC[C@@H]1[C@@]2(C)CCC(=O)C(C)(C)[C@H]2CC[C@@]1(C)O)CO
Myrrhanol A,1,C/C(=C\CC/C(C)=C/CC/C(C)=C/CC[C@@H]1[C@@]2(C)CC[C@H](O)C(C)(C)[C@H]2CC[C@@]1(C)O)CO
Myrrhanol B,0,C/C(=C\CC/C(C)=C/CC[C@@H]1[C@@]2(C)CC[C@H](O)C(C)(C)[C@H]2CC[C@@]1(C)O)CC/C=C(\C)C(=O)O
Mangiferonic acid,1,C/C(=C\CC[C@@H](C)[C@H]1CC[C@@]2(C)[C@@H]3CC[C@H]4C(C)(C)C(=O)CC[C@@]45C[C@@]35CC[C@]12C)C(=O)O
Mangiferolic acid,1,C/C(=C\CC[C@@H](C)[C@H]1CC[C@@]2(C)[C@@H]3CC[C@H]4C(C)(C)[C@@H](O)CC[C@@]45C[C@@]35CC[C@]12C)C(=O)O
"13-labdene-8,12,15-triol",1,C/C(=C\CO)[C@@H](O)C[C@@H]1[C@@]2(C)CCCC(C)(C)[C@@H]2CC[C@@]1(C)O
,0,C/C(=C\CO)[C@H](O)C[C@@H]1[C@@]2(C)CCCC(C)(C)[C@@H]2CC[C@@]1(C)O
Garracoumarin C,1,C/C(=C\COc1c2occc2cc2ccc(=O)oc12)CCC(=O)C(C)(C)O
Karatavicinol,1,C/C(=C\COc1ccc2ccc(=O)oc2c1)CC/C=C(\C)CCC(O)C(C)(C)O
Farnesiferol c,1,C/C(=C\COc1ccc2ccc(=O)oc2c1)CC[C@@H]1C(C)(C)[C@H]2CC[C@]1(C)O2
Abiesatrine G,1,C/C(=C\[C@H](O)C[C@@H](C)[C@H]1CC[C@@]2(C)C3=CC[C@H]4C(C)(C)C(=O)CC[C@]4(C)[C@@H]3CC[C@]12C)C(=O)O
Tomentodione P,1,C/C1=C/C[C@@H]2[C@H](CC2(C)C)[C@]2(CC[C@@H]1O)C[C@H](CC(C)C)C1=C(O2)C(C)(C)C(=O)C(C)(C)C1=O
Alpha-humulone,0,C/C1=C\CC/C(C)=C/CC(C)(C)/C=C/C1
Mukulol,1,C/C1=C\CC/C(C)=C/[C@@H](O)[C@H](C(C)C)CC/C(C)=C/CC1
Dichotomide X,1,C/C=C(/C)C(=O)O[C@@H](C)c1nc(C(=O)N/C=C\C(=O)OC)cc2c1[nH]c1ccccc12
Torilin,1,C/C=C(/C)C(=O)O[C@@H]1C[C@H](C)[C@H]2CC(=O)C(C)=C2C[C@@H]1C(C)(C)OC(C)=O
(-)-oleocanthal,1,C/C=C(/C=O)[C@@H](CC=O)CC(=O)OCCc1ccc(O)cc1
Dilationate,1,C/C=C(/CO)C(CCO)CC(=O)OC
"3-Deacetyl-17-defurano-17,28-dioxosalannin",0,C/C=C(\C)C(=O)OC1C[C@@H](O)[C@@]2(C)C(=O)O[C@H]3[C@H]4O[C@@H]5CC(=O)C(C)=C5[C@@]4(C)[C@H](CC(=O)OC)[C@]1(C)[C@@H]32
3-Deacetyl-28-oxoisosalanninolide,0,C/C=C(\C)C(=O)OC1C[C@@H](O)[C@@]2(C)C(=O)O[C@H]3[C@H]4O[C@@H]5C[C@@H](C6=CC(=O)OC6O)C(C)=C5[C@@]4(C)[C@H](CC(=O)OC)[C@]1(C)[C@@H]32
3-Deacetyl-28-oxosalannolactone,0,C/C=C(\C)C(=O)OC1C[C@@H](O)[C@@]2(C)C(=O)O[C@H]3[C@H]4O[C@@H]5C[C@@H](C6=CCOC6=O)C(C)=C5[C@@]4(C)[C@H](CC(=O)OC)[C@]1(C)[C@@H]32
3-Deacetyl-28-oxosalannin,0,C/C=C(\C)C(=O)OC1C[C@@H](O)[C@@]2(C)C(=O)O[C@H]3[C@H]4O[C@@H]5C[C@@H](c6ccoc6)C(C)=C5[C@@]4(C)[C@H](CC(=O)OC)[C@]1(C)[C@@H]32
Ajugapantin C,1,C/C=C(\C)C(=O)OC[C@@]12[C@H](CCC[C@]1(O)CCl)[C@@](C)(CCC1=CC(=O)OC1)[C@H](C)C[C@@H]2O
Ajugapantin I,1,C/C=C(\C)C(=O)O[C@@H](C[C@@]1(C)[C@H](C)C[C@H](O)[C@]2(C)[C@@H]1CCC[C@H]2C(=O)OC)C1=CC(=O)OC1
"3,5-di-O-5-hydroxytigloyl-2-O-2-methylbutyroyl-6-O-tigloyl-chiro-inositol",1,C/C=C(\C)C(=O)O[C@@H]1[C@H](O)[C@@H](OC(=O)C(C)CC)[C@@H](OC(=O)/C(=C/C)CO)[C@H](O)[C@H]1OC(=O)/C(=C/C)CO
8α-tigloyloxyhirsutinolide-13-O-acetate,1,C/C=C(\C)C(=O)O[C@H]1C[C@@H](C)[C@@]2(O)CC[C@@](C)(/C=C3/OC(=O)C(COC(C)=O)=C31)O2
Ohchinolal,1,C/C=C(\C)C(=O)O[C@H]1C[C@@H](O)[C@@](C)(C=O)[C@@H]2[C@@H](OC(C)=O)[C@H]3O[C@@H]4C[C@@H](c5ccoc5)C(C)=C4[C@@]3(C)[C@@H](CC(=O)OC)[C@@]12C
Trichilinin B,1,C/C=C(\C)C(=O)O[C@H]1C[C@@H](OC(C)=O)[C@@]2(C)CO[C@H]3[C@@H](O)[C@@]4(C)C5=CC[C@H](c6ccoc6)[C@]5(C)[C@@H](OC(C)=O)C[C@@H]4[C@]1(C)[C@@H]32
Salannin,1,C/C=C(\C)C(=O)O[C@H]1C[C@@H](OC(C)=O)[C@@]2(C)CO[C@H]3[C@H]4O[C@@H]5C[C@@H](c6ccoc6)C(C)=C5[C@@]4(C)[C@H](CC(=O)OC)[C@]1(C)[C@@H]32
ajugapantins F,1,C/C=C/C(=O)O[C@@H](C[C@@]1(C)[C@H](C)C[C@H](OC(C)=O)[C@]2(COC(C)=O)[C@@H]1[C@H](O)CC[C@]21CO1)C1=CC(=O)OC1
Isoelemicin,0,C/C=C/c1cc(OC)c(OC)c(OC)c1
Methylisoeugenol,0,C/C=C/c1ccc(OC)c(OC)c1
Brevipetin D,1,C/C=C/c1ccc(O[C@@H]2O[C@H](CO)[C@H]3OC(=O)c4cc(O)c(O)c(O)c4-c4c(cc(O)c(O)c4O)C(=O)O[C@@H]3[C@H]2O)c(O)c1.OCC1O[C@H](O)C(O)[C@@H](O)[C@H]1O
Brevipetin C,1,C/C=C/c1ccc(O[C@@H]2O[C@H](CO)[C@H]3OC(=O)c4cc(O)c(O)c(O)c4-c4c(cc(O)c(O)c4O)C(=O)O[C@@H]3[C@H]2O)cc1.OCC1O[C@H](O)C(O)[C@@H](O)[C@H]1O
Brevipetin F,1,C/C=C/c1ccc(O[C@@H]2O[C@H](CO[C@@H]3O[C@@H](C)[C@@H]4OC(=O)c5cc(O)c(O)c(O)c5-c5c(cc(O)c(O)c5O)C(=O)O[C@H]4[C@H]3O)[C@H]3OC(=O)c4cc(O)c(O)c(O)c4-c4c(cc(O)c(O)c4O)C(=O)O[C@@H]3[C@H]2O)cc1.C[C@@H]1O[C@H](O)[C@H](O)[C@@H](O)[C@@H]1O.OCC1O[C@H](O)C(O)[C@@H](O)[C@H]1O
brevipetin A,1,C/C=C/c1ccc(O[C@@H]2O[C@H](O)[C@@H](O)[C@H](O)[C@H]2O)c(O)c1.OCC1O[C@H](O)C(O)[C@@H](O)[C@H]1O
Megaritolactonol,1,C/C=C1/COC(=O)C[C@@H]1CCO
Guggulsterone,1,C/C=C1\C(=O)C[C@H]2[C@@H]3CCC4=CC(=O)CC[C@]4(C)[C@H]3CC[C@]12C
Trilinolein,1,C/C=C\C/C=C\CCCCCCCC(=O)OCC(COC(=O)CCCCCCC/C=C\C/C=C\CCCCC)OC(=O)CCCCCCC/C=C\C/C=C\CCCCC
garciniacowone I,1,C/C=C\CC/C(C)=C/CC/C(C)=C/CCC(C)(O)CCc1c(O)c(O)cc2oc3cc(O)c(O)cc3c(=O)c12
Dehydroisoderricin,1,C=C(C)/C=C/c1c(OC)ccc2c1O[C@H](c1ccccc1)CC2=O
Trans-dehydroosthol,1,C=C(C)/C=C/c1c(OC)ccc2ccc(=O)oc12
"5,7-Dimethoxy-8-[(z)-3-methylbut-1,3-dienyl]-coumarin",1,C=C(C)/C=C\c1c(OC)cc(OC)c2ccc(=O)oc12
3-Deacetyl-40-demethyl-28-oxosalannin,0,C=C(C)C(=O)OC1C[C@@H](O)[C@@]2(C)C(=O)O[C@H]3[C@H]4O[C@@H]5C[C@@H](c6ccoc6)C(C)=C5[C@@]4(C)[C@H](CC(=O)OC)[C@]1(C)[C@@H]32
Chrysanthemulide G,1,C=C(C)C(=O)O[C@@H]1C[C@H]2C(=C)C(=O)OC2[C@H]2[C@](C)(O)[C@@H](Cl)[C@@H]3O[C@@]32[C@]1(C)O
8α-(2-methylacryloyloxy)-hirsutinolide-13-O-acetate,1,C=C(C)C(=O)O[C@H]1C[C@@H](C)[C@@]2(O)CC[C@@](C)(/C=C3/OC(=O)C(COC(C)=O)=C31)O2
Murpanicin,1,C=C(C)C(O)C(OCC)c1c(OC)ccc2ccc(=O)oc12
"7-(6'R-hydroxy-3',7'-dimethyl-2'E,7'-octadienyloxy) coumarin",1,C=C(C)C(O)CC/C(C)=C/COc1ccc2ccc(=O)oc2c1
Dolichosin D,0,C=C(C)C(O)Cc1c(O)c(CC=C(C)C)cc2c1oc(=O)c1c3ccc(O)cc3oc21
Xanthohumol d,1,C=C(C)C(O)Cc1c(O)cc(OC)c(C(=O)/C=C/c2ccc(O)cc2)c1O
Omphamurin,0,C=C(C)C(O)Cc1c(OC)cc(OC)c2ccc(=O)oc12
(-)-perillic acid,0,C=C(C)C1CC=C(C(=O)O)CC1
Muralatin G,0,C=C(C)Cc1c(OC)cc(OC)c2ccc(=O)oc12
2''-Hydroxy-3''-en-anhydroicaritin brevicornum,1,C=C(C)[C@@H](O)Cc1c(O)cc(O)c2c(=O)c(O)c(-c3ccc(OC)cc3)oc12
Auraptenol,0,C=C(C)[C@@H](O)Cc1c(OC)ccc2ccc(=O)oc12
Murracarpin,0,C=C(C)[C@@H](O)[C@@H](OC)c1c(OC)ccc2ccc(=O)oc12
Exotimarin F,0,C=C(C)[C@@H](O)[C@H](O)c1c(OC)ccc(/C=C/C(=O)O[C@H](Cc2c(OC)ccc3ccc(=O)oc23)C(C)(C)O)c1O
Holophyllane C,0,C=C(C)[C@@H]1C=CC2=C3CC[C@@](C)([C@H](C)CC(=O)C[C@@H](C)C(=O)O)[C@]3(C)CC[C@H]2[C@@]1(C)CCO[C]O
Abeisonic acid,1,C=C(C)[C@@H]1CC=C2[C@@H](CC[C@]23C(=C)CC[C@@]3(C)[C@H](C)CC(=O)/C=C(\C)C(=O)O)[C@@]1(C)CCO[C]O
Methyl abiesolidate,1,C=C(C)[C@@H]1CC=C2[C@@H](CC[C@]3(C)[C@@H]([C@H](C)C[C@@H]4C[C@@H](C)C(=O)O4)CC[C@@]23C)[C@@]1(C)CCC(=O)OC
Holophyllane E,1,C=C(C)[C@@H]1CCC2[C@@H](CC=C3[C@@]2(C)CC[C@@]3(C)[C@H](C)C[C@@H]2C[C@@H](C)C(=O)O2)[C@@]1(C)CCC(=O)OC
Isocyperol,0,C=C(C)[C@@H]1CC[C@@]2(C)CC[C@@H](O)C(=C)[C@@H]2C1
"2alpha,3beta,23-Trihydroxylup-20(29)-en-28-oic acid 28-O-beta-Dglucopyranoside",1,C=C(C)[C@@H]1CC[C@]2(C(=O)O[C@@H]3O[C@H](CO)[C@@H](O)[C@H](O)[C@H]3O)CC[C@]3(C)C(CCC4[C@@]5(C)C[C@@H](O)[C@H](O)[C@@](C)(CO)C5CC[C@]43C)C12
Betulin,1,C=C(C)[C@@H]1CC[C@]2(CO)CC[C@]3(C)[C@H](CC[C@@H]4[C@@]5(C)CC[C@H](O)C(C)(C)[C@@H]5CC[C@]43C)[C@@H]12
Exotimarin B,1,C=C(C)[C@@H]1C[C@H](C(=C(C)C)c2c(OC)ccc3ccc(=O)oc23)O[C@@H]1c1c(OC)ccc2ccc(=O)oc12
Indicanine A,1,C=C(C)[C@@H]1Cc2c(c(OC)c3oc(=O)c(-c4ccc(OC)cc4)c(O)c3c2OC)O1
Guttiferone E,1,C=C(C)[C@H](CC=C(C)C)C[C@]12C[C@H](CC=C(C)C)C(C)(C)[C@](CC=C(C)C)(C(=O)/C(=C(/O)c3ccc(O)c(O)c3)C1=O)C2=O
Sophoraflavanone g,1,C=C(C)[C@H](CC=C(C)C)Cc1c(O)cc(O)c2c1O[C@H](c1ccc(O)cc1O)CC2=O
(-)-Exotimarin C,0,C=C(C)[C@H](O)[C@@H](CC(C)(O)/C=C/c1c(OC)ccc2ccc(=O)oc12)c1c(OC)ccc2ccc(=O)oc12
(+)-Exotimarin C,1,C=C(C)[C@H](O)[C@H](CC(C)(O)/C=C/c1c(OC)ccc2ccc(=O)oc12)c1c(OC)ccc2ccc(=O)oc12
Minumicrolin,0,C=C(C)[C@H](O)[C@H](O)c1c(OC)ccc2ccc(=O)oc12
Muralatin K,0,C=C(C)[C@H](O)[C@H](OCC)c1c(OC)cc(OC)c2ccc(=O)oc12
"(3S,4R)-3-hydroxyperillaldehyde",0,C=C(C)[C@H]1CCC(C=O)=C[C@@H]1O
Rotenone,1,C=C(C)[C@H]1Cc2c(ccc3c2O[C@@H]2COc4cc(OC)c(OC)cc4[C@@H]2C3=O)O1
Thonningine B,1,C=C(C)c1cc2c(OC)c3c(O)c(-c4ccc(OC)cc4)c(=O)oc3c(OC)c2o1
Thonningine A,1,C=C(C)c1cc2c(OC)c3c(O)c(-c4ccc5c(c4)OCO5)c(=O)oc3c(OC)c2o1
Isofirmanoic acid,1,C=C(CC(=O)C[C@@H](C)[C@H]1CC[C@@]2(C)C3=CC[C@H]4C(C)(C)C(=O)CC[C@]4(C)[C@@H]3CCC12)C(=O)O
Holophyllane D,0,C=C(CC(=O)C[C@@H](C)[C@]1(C)CCC(=C)[C@]12CC[C@@H]1C2=CC[C@@H](C(=C)C)[C@]1(C)CCO[C]O)C(=O)O
Secamonol C,0,C=C(CC)[C@H]1C[C@@H](O)[C@@]2(C)C=CC=C(C)[C@@]2(C)C1
"1beta,9alphaH-5-Linoleoyloxy-4,5-secocaryophyllen-4-on",1,C=C(CCCOC(=O)CCCCCCC/C=C\C/C=C\CCCCC)[C@H]1CC(C)(C)[C@@H]1CCC(C)=O
Dehydroeburicoic acid,0,C=C(CC[C@@H](C(=O)O)[C@H]1CC[C@@]2(C)C3=CC[C@H]4C(C)(C)[C@@H](O)CC[C@]4(C)C3=CC[C@]12C)C(C)C
Poricoic acid A,1,C=C(CC[C@@H](C(=O)O)[C@H]1[C@H](O)C[C@@]2(C)C3=CC[C@@H](C(=C)C)[C@](C)(CCC(=O)O)C3=CC[C@]12C)C(C)C
Polyporenic acid B,1,C=C(CC[C@@H](C(=O)O)[C@H]1[C@H](O)C[C@@]2(C)C3=CC[C@H]4C(C)(C)C(=O)CC[C@]4(C)C3=CC[C@]12C)C(C)C
3-O-acetyl-16a-hydroxydehydrotrametenolic acid,0,C=C(CC[C@@H](C(=O)O)[C@H]1[C@H](O)C[C@@]2(C)C3=CC[C@H]4C(C)(C)[C@@H](OC(C)=O)CC[C@]4(C)C3=CC[C@]12C)C(C)C
Hemistepsin A,1,C=C(CO)C(=O)O[C@@H]1[C@H]2C(=C)[C@@H](O)C[C@H]2C(=C)C[C@@H]2OC(=O)C(=C)[C@@H]12
Secamonol A,0,C=C(CO)[C@@H]1C[C@H](O)C(=C)[C@@H]2C=C[C@](C)(OO)[C@H]2C1
Libocedrine A,0,C=C(CO)[C@H]1C[C@@H](O)C(=C)[C@H]2CC=C(C)[C@@H]2C1
6-O-Acetyl-Austroinulin,1,C=C/C(C)=C\CC1C(C)(O)C(O)C(OC(C)=O)C2C(C)(C)CCCC21C
Austroinulin,1,C=C/C(C)=C\C[C@@H]1[C@@](C)(O)[C@H](O)[C@@H](O)[C@@H]2C(C)(C)CCC[C@]21C
Chrysanthemulide B,1,C=C1C(=O)OC2[C@H]1C[C@@H](OC(=O)/C(C)=C/C)[C@@](C)(O)[C@@]13O[C@@H]1[C@@H]1O[C@]1(C)[C@H]23
Chrysanthemulide E,1,C=C1C(=O)OC2[C@H]1C[C@@H](OC(=O)/C(C)=C/C)[C@@](C)(O)[C@]13O[C@H]1[C@H]1O[C@@]1(C)[C@H]23
Chrysanthemulide F,1,C=C1C(=O)OC2[C@H]1C[C@@H](OC(=O)/C(C)=C\C)[C@@](C)(O)[C@]13O[C@H]1[C@@H](O)[C@@](C)(O)[C@H]23
Chrysanthemulide D,1,C=C1C(=O)OC2[C@H]1C[C@@H](OC(=O)/C(C)=C\C)[C@@](C)(O)[C@]13O[C@H]1[C@H]1O[C@@]1(C)[C@H]23
Chrysanthemulide C,1,C=C1C(=O)OC2[C@H]1C[C@@H](OC(=O)C=C(C)C)[C@@](C)(O)[C@@]13O[C@@H]1[C@@H]1O[C@]1(C)[C@H]23
Chrysanthemulide H,1,C=C1C(=O)OC2[C@H]1[C@@H](OC(=O)C=C(C)C)C[C@@](C)(O)[C@@]13C=C[C@@](C)(OO1)[C@H]23
Heliangin,0,C=C1C(=O)O[C@@H]2/C=C(\C)[C@@H](O)C[C@H]3O[C@]3(C)C[C@@H](OC(=O)/C(C)=C/C)[C@H]12
Chrysanthemulide I,0,C=C1C(=O)O[C@@H]2C3[C@@]4(C=C[C@@]3(C)[C@]3(C4)C(=O)O[C@@H]4[C@H]5[C@@](C)(O)[C@H](O)[C@@H]6O[C@@]65[C@](C)(O)CC[C@@H]43)[C@](C)(O)CC[C@@H]12
Chrysanthemulide J,0,C=C1C(=O)O[C@@H]2C3[C@@]4(C=C[C@@]3(C)[C@]3(C4)C(=O)O[C@@H]4[C@H]5[C@](C)(O)[C@H](O)[C@@H]6O[C@@]65[C@](C)(O)CC[C@@H]43)[C@](C)(O)CC[C@@H]12
10-Epi-4H-tomentosin,1,C=C1C(=O)O[C@@H]2C[C@@H](C)C(CCC(C)O)=CC[C@H]12
"2,3-Dihydroaromaticin",1,C=C1C(=O)O[C@@H]2C[C@@H](C)[C@@H]3CCC(=O)[C@@]3(C)C[C@H]12
Helenine,1,C=C1C(=O)O[C@@H]2C[C@@]3(C)CCC[C@H](C)C3=C[C@H]12
Tomentosin,1,C=C1C(=O)O[C@@H]2C[C@H](C)C(CCC(C)=O)=CC[C@H]12
4H-tomentosin,1,C=C1C(=O)O[C@@H]2C[C@H](C)C(CCC(C)O)=CC[C@H]12
4-Acetoxy-4H-tomentosin,1,C=C1C(=O)O[C@@H]2C[C@H](C)C(CCC(C)OC(C)=O)=CC[C@H]12
"4-Hydroxy-1beta,5beta-epoxy-10alphaH-xantha-11(13)-en-12,8betaolide",1,C=C1C(=O)O[C@@H]2C[C@H](C)[C@]3(CCC(C)O)O[C@@H]3C[C@H]12
1alpha-Hydroxy-3alpha-isobutyryloxyisoalantolactone,1,C=C1C(=O)O[C@@H]2C[C@]3(C)C(C[C@H]12)C(=C)[C@H](OC(=O)C(C)C)C[C@@H]3O
1a-hydroxy-3a-senecioyloxyisoalantolactone.,1,C=C1C(=O)O[C@@H]2C[C@]3(C)C(C[C@H]12)C(=C)[C@H](OC(=O)C=C(C)C)C[C@@H]3O
"1beta,10alpha,4alpha,5beta-Diepoxy-7betaH-germacra-11(13)-en-12,8beta-olide",1,C=C1C(=O)O[C@@H]2C[C@]3(C)O[C@@H]3CC[C@@]3(C)O[C@H]3C[C@@H]12
Carabrone,1,C=C1C(=O)O[C@@H]2C[C@]3(C)[C@@H](CCC(C)=O)[C@@H]3C[C@H]12
Santamarin,1,C=C1C(=O)O[C@@H]2[C@H]3C(C)=CC[C@@H](O)[C@]3(C)CC[C@@H]12
Postia secoguaianolide,1,C=C1C(=O)O[C@H](CC(C)=O)[C@@H]1CC1=C(C)CCC1=O
4-epi-isoinuviscolide,1,C=C1C(=O)O[C@H]2C=C(C)[C@@H]3CC[C@](C)(O)[C@@H]3C[C@H]12
"4alpha,6alpha-Dihydroxy-1beta,5alpha,7alphaH-guaia-9(10),11(13)-dien-12,8a-olide",1,C=C1C(=O)O[C@H]2C=C(C)[C@H]3CC[C@@](C)(O)[C@@H]3[C@@H](O)[C@H]12
Inuviscolide,1,C=C1C(=O)O[C@H]2CC(=C)[C@H]3CC[C@@](C)(O)[C@@H]3C[C@H]12
6alpha-Hydroxyinuviscolide,1,C=C1C(=O)O[C@H]2CC(=C)[C@H]3CC[C@@](C)(O)[C@@H]3[C@@H](O)[C@H]12
Carpesiolin,1,C=C1C(=O)O[C@H]2C[C@@H](C)[C@@H]3CCC(=O)[C@@]3(C)[C@@H](O)[C@H]12
Ergolide,1,C=C1C(=O)O[C@H]2C[C@@H](C)[C@@H]3CCC(=O)[C@@]3(C)[C@@H](OC(C)=O)[C@H]12
"6alpha-Acetoxy-4beta-hydroxy-1alpha,10betaH-pseudoguaia-11(13)-en-12,8alpha-olide",1,C=C1C(=O)O[C@H]2C[C@@H](C)[C@@H]3CCC(O)[C@@]3(C)[C@@H](OC(C)=O)[C@H]12
"4beta-Acetoxy-6alpha-hydroxy-1alpha,10betaH-pseudoguaia-11(13)-en-12,8alpha-olide",1,C=C1C(=O)O[C@H]2C[C@@H](C)[C@@H]3CCC(OC(C)=O)[C@@]3(C)[C@@H](O)[C@H]12
Pseudoguaianolide,1,C=C1C(=O)O[C@H]2C[C@@H](C)[C@@H]3CC[C@H](O)[C@@]3(C)C[C@H]12
Secamonether,0,C=C1C(=O)O[C@H]2C[C@@H]1CC1=C[C@@](C)(OO)C[C@@H]1C2=C
Secamonester,1,C=C1C(=O)O[C@H]2C[C@@H]1C[C@@H]1C(C)=CC[C@H]1C2=C
Xerantolide,1,C=C1C(=O)O[C@H]2C[C@H](C)[C@@H]3CC(=O)C(C)=C3C[C@H]12
"4alpha,5alpha -Epoxy-10alpha,14H-1-epi-inuviscolide",1,C=C1C(=O)O[C@H]2C[C@H](C)[C@@H]3CC[C@@]4(C)O[C@@]34C[C@H]12
Chrysanthemulide A,1,C=C1C(=O)O[C@H]2[C@H]1C[C@@H](OC(=O)/C(C)=C\C)[C@@](C)(O)[C@@]13O[C@@H]1[C@@H]1O[C@]1(C)[C@H]23
Granilin,1,C=C1C2C[C@@H]3C(=C)C(=O)O[C@@H]3C[C@@]2(C)[C@@H](O)C[C@H]1O
Euphorbia factor L8,0,C=C1CCC2C(C=C(C)C(=O)C3(OC(C)=O)CC(C)C(OC(=O)c4cccnc4)C3C1OC(C)=O)C2(C)C
Asterolide,0,C=C1CCCC2(C)CC3OC(=O)C(C)=C3CC12
Atractylenolide V,1,C=C1CCC[C@@]2(C)[C@H]1CC1=C(C)C(=O)O[C@@]1(O)[C@H]2O
Atractylenolactam,0,C=C1CCC[C@]2(C)C=C3NC(=O)C(C)=C3C[C@@H]12
Atractylenolide I,0,C=C1CCC[C@]2(C)C=C3OC(=O)C(C)=C3C[C@@H]12
"Eudesm-4(15)-ene-7beta,11-diol",0,C=C1CCC[C@]2(C)CC[C@](O)(C(C)(C)O)C[C@@H]12
13-hydroxylatractylenolide II,0,C=C1CCC[C@]2(C)C[C@@H]3OC(=O)C(CO)=C3C[C@@H]12
Atractylenolide III,0,C=C1CCC[C@]2(C)C[C@]3(O)OC(=O)C(C)=C3C[C@@H]12
Atractylon,0,C=C1CCC[C@]2(C)Cc3occ(C)c3C[C@@H]12
Tricholopardin A,1,C=C1CC[C@@H](CCC)C(C)(C)[C@H]1C/C=C1/C(=O)OC[C@@H]1O
Farnesiferol B,1,C=C1CC[C@@H](O)C(C)(C)[C@H]1CC/C(C)=C/COc1ccc2ccc(=O)oc2c1
Farnesiferone A,1,C=C1CC[C@@H]2C(C)(C)C(=O)CC[C@@]2(C)[C@H]1COc1ccc2ccc(=O)oc2c1
Zonarol,1,C=C1CC[C@@H]2C(C)(C)CCC[C@@]2(C)[C@@H]1Cc1cc(O)ccc1O
Gummosin,1,C=C1CC[C@@H]2C(C)(C)[C@@H](O)CC[C@@]2(C)[C@H]1COc1ccc2ccc(=O)oc2c1
Farnesiferol a,0,C=C1CC[C@@H]2C(C)(C)[C@H](O)CC[C@@]2(C)[C@H]1COc1ccc2ccc(=O)oc2c1
Andrographolide,1,C=C1CC[C@@H]2[C@](C)(CO)[C@H](O)CC[C@@]2(C)[C@@H]1C/C=C1/C(=O)OC[C@H]1O
Vlasouliolide F,1,C=C1CC[C@H]2C(=C)CC[C@@H]3[C@H](OC(=O)C3(CC(C)=O)C[C@H]3C(=O)O[C@@H]4/C=C(/C)CC/C=C(/C)CC[C@H]43)[C@@H]12
Vlasouliolide H,1,C=C1CC[C@H]2C(=C)CC[C@@H]3[C@H](OC(=O)C3(CC(C)=O)C[C@H]3C(=O)O[C@H]4C3CC[C@@]3(C)CC=C(C)C[C@H]43)[C@@H]12
Vlasouliolide E,1,C=C1CC[C@H]2C(=C)CC[C@@H]3[C@H](OC(=O)[C@]3(CC(C)=O)C[C@@H]3C(=O)O[C@@H]4/C=C(/C)CC/C=C(/C)CC[C@@H]34)[C@@H]12
Vlasouliolide I,1,C=C1CC[C@H]2C(=C)CC[C@@H]3[C@H](OC(=O)[C@]3(CC(C)O)C[C@@H]3C(=O)O[C@H]4[C@H]3CCC(=C)[C@@H]3CCC(=C)[C@H]43)[C@@H]12
11-dien-13-oic acid,1,C=C1CC[C@H]2C(C)(C)CCC[C@]2(C)[C@H]1/C=C/C(=O)O
"(5S,9S,10S,16R,11E)16-hydroxylabda-8(17),11,13-trien-15,16-olide",1,C=C1CC[C@H]2C(C)(C)CCC[C@]2(C)[C@H]1/C=C/C1=CC(=O)O[C@H]1C
"(E)-labda-8(17),12-dien-15-ol-16-al",0,C=C1CC[C@H]2C(C)(C)CCC[C@]2(C)[C@H]1C/C=C(/C=O)CCO
"(E)-14-hydroxy-15-norlabda-8(17),12-dien-16-al",1,C=C1CC[C@H]2C(C)(C)CCC[C@]2(C)[C@H]1C/C=C(/C=O)CO
avxanthin C,0,C=C1CC[C@H]2C(C)(C)CCC[C@]2(C)[C@H]1C/C=C(\CC(=O)OCC)C(=O)O
avxanthin B,1,C=C1CC[C@H]2C(C)(C)CCC[C@]2(C)[C@H]1C/C=C1\CC(=O)OC1=O
"15-hydroxylabda-8(17),13-dien-16,15-olide",1,C=C1CC[C@H]2C(C)(C)CCC[C@]2(C)[C@H]1C/C=C1\CC(O)OC1=O
coronarin-D methyl ether,1,C=C1CC[C@H]2C(C)(C)CCC[C@]2(C)[C@H]1C/C=C1\CC(OC)OC1=O
coronarinD ethyl ether,1,C=C1CC[C@H]2C(C)(C)CCC[C@]2(C)[C@H]1C/C=C1\CC(OCC)OC1=O
"12-dien16,15-olide",1,C=C1CC[C@H]2C(C)(C)CCC[C@]2(C)[C@H]1C/C=C1\CCOC1=O
"13(14)-dien-15,16-olide",1,C=C1CC[C@H]2C(C)(C)CCC[C@]2(C)[C@H]1CCC1=CC(=O)OC1
(-)-caryophyllene oxide,0,C=C1CC[C@H]2O[C@]2(C)CC[C@@H]2[C@@H]1CC2(C)C
"15-Acetoxy-3-cinnamoyloxy-5-hydroxy-14-oxolathyra-6(17),12E-diene",1,C=C1CC[C@H]2[C@@H](/C=C(\C)C(=O)[C@@]3(OC(C)=O)C[C@H](C)[C@H](OC(=O)/C=C/c4ccccc4)[C@@H]3[C@H]1O)C2(C)C
Euphorbia factor L3,1,C=C1CC[C@H]2[C@@H](/C=C(\C)C(=O)[C@@]3(OC(C)=O)C[C@H](C)[C@H](OC(=O)c4ccccc4)[C@@H]3[C@H]1OC(C)=O)C2(C)C
Tomentodione Q,1,C=C1CC[C@H]2[C@@H](C(=O)C(C)C)C3=C(O[C@]2(C)CC[C@@H]2[C@@H]1CC2(C)C)C(C)(C)C(=O)C(C)(C)C3=O
Tomentodione B,0,C=C1CC[C@H]2[C@@H](CC(C)C)C3=C(O[C@]2(C)CC[C@@H]2[C@@H]1CC2(C)C)C(C)(C)C(=O)C(C)(C)C3=O
Tomentodione A,0,C=C1CC[C@H]2[C@H](CC(C)C)C3=C(O[C@]2(C)CC[C@@H]2[C@@H]1CC2(C)C)C(C)(C)C(=O)C(C)(C)C3=O
"2alpha, 3alpha-Dihydroxyurs-12,20(30)-dien-28-oic acid",1,C=C1CC[C@]2(C(=O)O)CC[C@]3(C)C(=CC[C@@H]4[C@@]5(C)C[C@@H](O)[C@@H](O)C(C)(C)[C@@H]5CC[C@]43C)[C@@H]2[C@H]1C
Polyanthinin,1,C=C1CC[C@]2(C)C(C)(C)[C@@H](OC(C)=O)CC[C@]2(C)[C@H]1COc1ccc2ccc(=O)oc2c1
"11alpha,13-Dihydroinuviscolide",1,C=C1C[C@@H]2OC(=O)[C@@H](C)[C@H]2C[C@@H]2[C@@H]1CC[C@@]2(C)O
"11beta,13-Dihydroinuviscolide",1,C=C1C[C@@H]2OC(=O)[C@H](C)[C@H]2C[C@@H]2[C@@H]1CC[C@@]2(C)O
8-Epiinuvisolide,1,C=C1C[C@H]2OC(=O)C(=C)[C@H]2C[C@@H]2[C@@H]1CC[C@@]2(C)O
"4,8-Bis-epi-inuviscolide",1,C=C1C[C@H]2OC(=O)C(=C)[C@H]2C[C@@H]2[C@@H]1CC[C@]2(C)O
8beta-Methoxyatractylenolide,1,C=C1O[C@@]2(OC)C[C@@]3(C)CCCC[C@@H]3CC2=C1C
"7,15-Diacetoxy-3-benzoyloxy-5-hydroxy-14-oxolathyra-6(17),12E-diene",1,C=C1[C@@H](OC(C)=O)C[C@H]2[C@@H](/C=C(\C)C(=O)[C@@]3(OC(C)=O)C[C@H](C)[C@H](OC(=O)c4ccccc4)[C@@H]3[C@H]1O)C2(C)C
"5,15-Diacetoxy-3-benzoyloxy-7-hydroxy-14-oxolathyra-6(17),12E-diene",1,C=C1[C@@H](OC(C)=O)C[C@H]2[C@@H](/C=C(\C)C(=O)[C@@]3(OC(C)=O)C[C@H](C)[C@H](OC(=O)c4ccccc4)[C@@H]3[C@H]1OC(C)=O)C2(C)C
Hypoglicin J,1,C=C1[C@@H]2CCC3=C(C(=O)C=C(C(C)C)C3=O)[C@@]2(C)CC[C@]1(C)O
Grayanotoxin XVIII,1,C=C1[C@@H]2CC[C@@H]3C[C@@]2(C[C@@H](O)[C@@]2(O)[C@H]1C[C@H](O)C2(C)C)C[C@@]3(C)O
Rhodomolin I,1,C=C1[C@@H]2[C@@H](O)[C@H](O)C(C)(C)[C@@]2(O)[C@H](O)C[C@]23C[C@@](C)(O)[C@H](CC[C@@H]12)[C@H]3O
Mollfoliagein C,1,C=C1[C@@H]2[C@@H]3O[C@@H]3C(C)(C)[C@@]2(O)[C@H](O)C[C@]23C[C@@](C)(O)[C@H](CC[C@@H]12)[C@H]3O
Hypoglicin G,1,C=C1[C@H](CO)CC[C@]2(C)c3ccc(C(C)C)c(O)c3CC[C@@H]12
Euphorbia factor L2,0,C=C1[C@H](OC(=O)c2ccccc2)C[C@H]2[C@@H](/C=C(/C)C(=O)[C@@]3(OC(C)=O)C[C@H](C)[C@H](OC(=O)c4ccccc4)[C@@H]3[C@H]1OC(C)=O)C2(C)C
Euphorbia factor L9,1,C=C1[C@H](OC(=O)c2cccnc2)C[C@H]2[C@@H](/C=C(/C)C(=O)[C@@]3(OC(C)=O)C[C@H](C)[C@H](OC(=O)c4ccccc4)[C@@H]3[C@H]1OC(C)=O)C2(C)C
"Kaur-16-ene-3,15-diol",0,C=C1[C@H]2CC[C@@H]3C(CC[C@@H]4C(C)(C)[C@H](O)CC[C@]43C)(C2)[C@@H]1OC(=O)/C(C)=C\C
zeta-caesalmin,1,C=C1c2ccoc2CC2C1[C@@H](OC(C)=O)[C@H](O)[C@@]1(O)C(C)(C)CC[C@H](OC(C)=O)[C@]21C
Caesalmin C,1,C=C1c2ccoc2C[C@H]2[C@H]1[C@@H](OC(C)=O)[C@H](OC(C)=O)[C@@]1(O)C(C)(C)CC[C@H](OC(C)=O)[C@]21C
"(2S)-7-(2-methylbut-3-enyloxy)-8-(3-methylbut-2-enyl)-3',4'-methylenedioxyflavanone",1,C=CC(C)(C)Oc1ccc2c(c1CC=C(C)C)O[C@@H](c1ccc3c(c1)OCO3)CC2=O
"(2S)-7-(2-methylbut-3-enyloxy)-8-(3-methylbut-2-enyl)-3',4'-dimethoxyflavanone",1,C=CC(C)(C)Oc1ccc2c(c1CC=C(C)C)O[C@H](c1ccc(OC)c(OC)c1)CC2=O
Griffinone C,1,C=CC(C)(C)Oc1ccc2c(c1CC=C(C)C)O[C@H](c1ccccc1)CC2=O
Neoechinulin a,0,C=CC(C)(C)c1[nH]c2ccccc2c1/C=C1\NC(=O)[C@H](C)NC1=O
Nordentatin,0,C=CC(C)(C)c1c(O)c2c(c3ccc(=O)oc13)OC(C)(C)C=C2
"5-(1,1-Dimethylallyl)-3,4,4'-trihydroxy-2-methoxychalcone",1,C=CC(C)(C)c1cc(/C=C/C(=O)c2ccc(O)cc2)c(OC)c(O)c1O
Elemicin,1,C=CCc1cc(OC)c(OC)c(OC)c1
Myristicin,0,C=CCc1cc(OC)c2c(c1)OCO2
Magnolol,1,C=CCc1ccc(O)c(-c2cc(CC=C)ccc2O)c1
Honokiol,1,C=CCc1ccc(O)c(-c2ccc(O)c(CC=C)c2)c1
Methylhonokiol,1,C=CCc1ccc(O)c(-c2ccc(OC)c(CC=C)c2)c1
6'-O-Methylhonokiol,0,C=CCc1ccc(OC)c(-c2ccc(O)c(CC=C)c2)c1
Bractin,1,C=CCc1ccc(O[C@@H]2O[C@H](CO)[C@H]3OC(=O)c4cc(O)c(O)c(O)c4-c4c(cc(O)c(O)c4O)C(=O)O[C@@H]3[C@H]2O)c(O)c1.OCC1O[C@H](O)C(O)[C@@H](O)[C@H]1O
Brevipetin B,1,C=CCc1ccc(O[C@@H]2O[C@H](CO)[C@H]3OC(=O)c4cc(O)c(O)c(O)c4-c4c(cc(O)c(O)c4O)C(=O)O[C@@H]3[C@H]2O)cc1.OCC1O[C@H](O)C(O)[C@@H](O)[C@H]1O
Brevipetin G,1,C=CCc1ccc(O[C@@H]2O[C@H](COC(=O)c3cc(O)c(O)c(O)c3)[C@H]3OC(=O)c4cc(O)c(O)c(O)c4-c4c(cc(O)c(O)c4O)C(=O)O[C@@H]3[C@H]2O)c(O)c1.OCC1O[C@H](O)C(O)[C@@H](O)[C@H]1O
Brevipetin E,1,C=CCc1ccc(O[C@@H]2O[C@H](CO[C@@H]3O[C@@H](C)[C@@H]4OC(=O)c5cc(O)c(O)c(O)c5-c5c(cc(O)c(O)c5O)C(=O)O[C@H]4[C@H]3O)[C@H]3OC(=O)c4cc(O)c(O)c(O)c4-c4c(cc(O)c(O)c4O)C(=O)O[C@@H]3[C@H]2O)cc1.C[C@H]1O[C@H](O)[C@H](O)[C@@H](O)[C@@H]1O.OCC1O[C@H](O)C(O)[C@@H](O)[C@H]1O
Obovator,1,C=CCc1ccc(Oc2cc(CC=C)cc(O)c2O)cc1
Magnolianin,0,C=CCc1ccc(Oc2cc([C@@H]3Oc4cc(CC=C)cc(Oc5ccc(CC=C)cc5)c4O[C@H]3COc3ccc(CC=C)cc3-c3cc(CC=C)ccc3O)cc(O)c2O)cc1
Oryzalexin A,0,C=C[C@@]1(C)C=C2C(=O)C[C@@H]3C(C)(C)[C@H](O)CC[C@@]3(C)[C@@H]2CC1
Pimaric acid,1,C=C[C@@]1(C)C=C2CC[C@@H]3[C@](C)(CCC[C@@]3(C)C(=O)O)[C@H]2CC1
"(3S,5R,8S,9S,10S,13R)-3-Hydroxyisopimara-15-en-11-one",1,C=C[C@@]1(C)CC(=O)[C@H]2[C@@H](CC[C@H]3C(C)(C)[C@@H](O)CC[C@]23C)C1
"(3S,5R,8S,9S,10R,13S)-3-hydroxyisopimara-15-en-7-one",0,C=C[C@@]1(C)CC[C@H]2[C@H](C1)C(=O)C[C@H]1C(C)(C)[C@@H](O)CC[C@]21C
"9-Hydroxy-6,7-dimethoxydalbergiquinol",1,C=C[C@H](c1ccccc1)c1cc(OC)c(OC)cc1O
Sclareol,1,C=C[C@](C)(O)CC[C@@H]1[C@@]2(C)CCCC(C)(C)[C@@H]2CC[C@@]1(C)O
"(9R,10R,13R)-isopimara-5,8(14),15-trien-7-one",0,C=C[C@]1(C)C=C2C(=O)C=C3C(C)(C)CCC[C@]3(C)[C@H]2CC1
"(5R,9R,10S,13R)-isopimara-1,8(14),15-triene-3,7-dione",0,C=C[C@]1(C)C=C2C(=O)C[C@H]3C(C)(C)C(=O)C=C[C@]3(C)[C@H]2CC1
(-)-oryzalexin C,0,C=C[C@]1(C)C=C2C(=O)C[C@H]3C(C)(C)C(=O)CC[C@]3(C)[C@H]2CC1
"(5S,9R,10S,12R,13R)-12-hydroxyisopimara-8(14),15-dien-7-one",0,C=C[C@]1(C)C=C2C(=O)C[C@H]3C(C)(C)CCC[C@]3(C)[C@H]2C[C@H]1O
kamempulchraol J,0,C=C[C@]1(C)C=C2C(=O)C[C@H]3C(C)(C)CC[C@H](O)[C@]3(C)C2CC1
"isopimara-8(14),15-diene-7oxo-2α-ol",0,C=C[C@]1(C)C=C2C(=O)C[C@H]3C(C)(C)C[C@H](O)C[C@]3(C)C2CC1
"(1S,2S,5S,7S,9R,10S,13R)-1,2,7-trihydroxypimara-8(14),15-diene",0,C=C[C@]1(C)C=C2C(CC1)[C@@]1(C)[C@@H](O)[C@@H](O)CC(C)(C)[C@@H]1C[C@@H]2O
"(1S,5S,7R,9R,10S,11R,13R)1,7,11-trihydroxypimara-8(14),15-diene",0,C=C[C@]1(C)C=C2C([C@H](O)C1)[C@@]1(C)[C@@H](O)CCC(C)(C)[C@@H]1C[C@H]2O
15-diene,1,C=C[C@]1(C)C=C2CC[C@H]3C(C)(C)CC[C@H](O)[C@]3(C)C2[C@H](O)C1
"sandarcopimaradiene-1α,2α-diol",1,C=C[C@]1(C)C=C2CC[C@H]3C(C)(C)C[C@H](O)[C@H](O)[C@]3(C)C2CC1
1α-acetoxysandarcopimaradiene-2α-ol,0,C=C[C@]1(C)C=C2CC[C@H]3C(C)(C)C[C@H](O)[C@H](OC(C)=O)[C@]3(C)C2CC1
marginaols D,0,C=C[C@]1(C)C=C2CC[C@H]3C(C)(C)[C@@H](O)C[C@H](O)[C@]3(C)[C@H]2[C@H](O)C1
marginaols B,1,C=C[C@]1(C)C=C2CC[C@H]3C(C)(C)[C@H](O)C[C@H](O)[C@]3(C)[C@H]2[C@H](O)C1
marginaols A,0,C=C[C@]1(C)C=C2C[C@@H](O)[C@H]3C(C)(C)C[C@H](O)[C@H](O)[C@]3(C)[C@H]2CC1
marginaols C,0,C=C[C@]1(C)C=C2C[C@@H](OC(C)=O)[C@H]3C(C)(C)[C@@H](O)CC(=O)[C@]3(C)[C@H]2[C@@H](O)C1
Secamonol B,0,C=C[C@]1(C)[C@H](O)C[C@H](C(=C)CO)C[C@]1(C)C(=C)C
Dehydrocrenatidine,1,C=Cc1ncc(OC)c2c1[nH]c1c(OC)cccc12
Dehydrocrenatine,1,C=Cc1ncc(OC)c2c1[nH]c1ccccc12
Picrasidine D,0,C=Cc1ncc(OC)c2c3ccccc3n(OC)c12
8(14)-podocarpen-13-on-18-oic acid ,1,CC(=O)/C=C/C1CC2C(=C[C@@]1(C)O)CC[C@H]1C(C)(C)CCC[C@]21C
Dilatanone,1,CC(=O)C(=O)/C=C1/C(C)(C)C[C@@H](O)C[C@@]1(C)O
"5b-Pregn-16-ene-1b,3b-diol-20-one",0,CC(=O)C1=CCC2C3CCC4C[C@@H](O)C[C@@H](O)[C@]4(C)C3CC[C@]12C
"(17,20-S-trans)-5b-Pregn-16-en-1b,3b-diol-20-one 1-O-a-L-rhamnopyranosyl(1!2)-b-D-fucopyranosyl-3-O-a-L-rhamnopyranoside ",1,CC(=O)C1=CCC2C3CCC4C[C@@H](O[C@@H]5O[C@@H](C)[C@H](O)[C@@H](O)[C@H]5O)C[C@@H](O[C@@H]5O[C@H](C)[C@H](O)[C@H](O)[C@H]5O[C@@H]5O[C@@H](C)[C@H](O)[C@@H](O)[C@H]5O)[C@]4(C)C3CC[C@]12C
"11a,13-dihydrotomentosin",0,CC(=O)CCC1=CC[C@@H]2[C@H](C)C(=O)O[C@@H]2C[C@@H]1C
Cucurbitacin B,1,CC(=O)OC(C)(C)/C=C/C(=O)[C@](C)(O)[C@H]1[C@H](O)C[C@@]2(C)[C@@H]3CC=C4[C@@H](C[C@H](O)C(=O)C4(C)C)[C@]3(C)C(=O)C[C@]12C
Garracoumarin E,0,CC(=O)OC(C)(C)[C@@H]1Cc2cc3ccc(=O)oc3c(O)c2O1
Garracoumarin A,0,CC(=O)OC(C)(C)[C@H]1Cc2cc3ccc(=O)oc3c(OCC=C(C)C)c2O1
"Diacetoxy-3-hydroxy-14-oxolathyra-5E,12E-diene",0,CC(=O)OC/C1=C/[C@H]2[C@@H](O)[C@@H](C)C[C@]2(OC(C)=O)C(=O)/C(C)=C/[C@@H]2[C@H](CC1)C2(C)C
"15,17-Diacetoxy-3-[(2'R)-hydroxy-phenylacetyl]-14- oxolathyra-5E,12E-diene",0,CC(=O)OC/C1=C/[C@H]2[C@@H](OC(=O)[C@H](O)c3ccccc3)[C@@H](C)C[C@]2(OC(C)=O)C(=O)/C(C)=C/[C@@H]2[C@H](CC1)C2(C)C
"3-Benzoyloxy-5,17-diacetoxy-15-hydroxy-14- oxolathyra-6E,12E-diene",0,CC(=O)OC/C1=C\C[C@H]2[C@@H](/C=C(\C)C(=O)[C@@]3(O)C[C@H](C)[C@H](OC(=O)c4ccccc4)[C@@H]3[C@H]1OC(C)=O)C2(C)C
Rhodojaponin I,1,CC(=O)OC1[C@@H]2CC[C@@H]3C1(C[C@@H](OC(C)=O)[C@@]1(O)[C@@H]([C@@H]4O[C@@H]4C1(C)C)[C@]3(C)O)C[C@@]2(C)O
Amestolkolide C,0,CC(=O)OCC1=C2CC(=O)OC(C)(C)C2=CC(=O)[C@]2(C)[C@@H]3C(=O)[C@@H](C)O[C@@H]4OC(=O)[C@](C)(C[C@@H]12)[C@@H]43
17-O-Acetylacuminolide,1,CC(=O)OC[C@@]12CC[C@H]3C(C)(C)CCC[C@]3(C)[C@H]1C[C@@H](C1=CC(=O)O[C@H]1O)O2
Pepluanone,1,CC(=O)OC[C@@]12C[C@H]3C(=O)C(C)(C)C[C@H]3[C@]1(C)[C@@H](OC(C)=O)[C@@]1(O)C[C@H](C)[C@H](OCc3ccccc3)[C@@H]1[C@H]2OC(C)=O
"(1R, 2R, 3S, 4R, 5R, 6R, 8R, 12R, 13S, 14R, 15R)-1,5,14,17-Tetraacetoxy-3-benzoyloxy-15-hydroxy-9-oxo-paralinane",1,CC(=O)OC[C@@]12C[C@H]3C(=O)C(C)(C)C[C@H]3[C@]1(C)[C@@H](OC(C)=O)[C@]1(O)[C@H]([C@@H](OCc3ccccc3)[C@@H](C)[C@H]1OC(C)=O)[C@H]2OC(C)=O
Pepluene,1,CC(=O)OC[C@@]12Cc3ccc(C)c(O)c3[C@]1(C)[C@@H](OC(C)=O)[C@]1(O)[C@H]([C@@H](OCc3ccccc3)[C@@H](C)[C@H]1OC(C)=O)[C@H]2O
"(1R, 2R, 3S, 4R, 5R, 6R, 13S, 14R, 15R)-8,10(18)11-Hexadehydro-1,5,14,17-Tetraacetoxy-3-benzoyloxy-11,15-dihydroxy-pepluane",1,CC(=O)OC[C@@]12Cc3ccc(C)c(O)c3[C@]1(C)[C@@H](OC(C)=O)[C@]1(O)[C@H]([C@@H](OCc3ccccc3)[C@@H](C)[C@H]1OC(C)=O)[C@H]2OC(C)=O
ajugapantins E,1,CC(=O)OC[C@@]12[C@@H](OC(C)=O)C[C@@H](C)[C@](C)(CCC3=CC(=O)OC3)[C@H]1[C@H](OC(C)=O)CC[C@]21CO1
ajugapantins G,1,CC(=O)OC[C@@]12[C@@H](OC(C)=O)C[C@@H](C)[C@](C)(C[C@H](OC(=O)C(C)C)C3=CC(=O)OC3)[C@H]1CCC[C@]21CO1
Aurantiamide acetate,1,CC(=O)OC[C@H](Cc1ccccc1)NC(=O)C(Cc1ccccc1)NC(=O)c1ccccc1
7beta-Hydroxyl-18beta-glycyrrhetinic acid-3-O-beta-D-6'-O-acetyl-glucoside,1,CC(=O)OC[C@H]1O[C@@H](O[C@H]2CC[C@]3(C)C4C(=O)C=C5[C@@H]6C[C@@](C)(C(=O)O)CC[C@]6(C)CC[C@@]5(C)[C@]4(C)[C@@H](O)C[C@H]3C2(C)C)[C@H](O)[C@@H](O)[C@@H]1O
15alpha-Hydroxyl-18beta-glycyrrhetinic acid-3-O-beta-D-glucoside,1,CC(=O)OC[C@H]1O[C@@H](O[C@H]2CC[C@]3(C)C4C(=O)C=C5[C@@H]6C[C@@](C)(C(=O)O)CC[C@]6(C)C[C@H](O)[C@@]5(C)[C@]4(C)CC[C@H]3C2(C)C)[C@H](O)[C@@H](O)[C@@H]1O
Garracoumarin B,0,CC(=O)O[C@@H](CC/C(C)=C/COc1c2occc2cc2ccc(=O)oc12)C(C)(C)O
Gedunin,1,CC(=O)O[C@@H]1CC2C(C)(C)C(=O)C=C[C@]2(C)C2CC[C@@]3(C)[C@H](c4ccoc4)OC(=O)C4OC43[C@@]21C
Toosendanin,0,CC(=O)O[C@@H]1C[C@H](O)[C@@]23CO[C@@H](O)[C@]1(C)[C@@H]2C[C@@H](O)[C@]1(C)[C@@H]3C(=O)[C@H](OC(C)=O)[C@@]2(C)[C@H](c3ccoc3)C[C@H]3O[C@]321
6-O-Acetylrhodomollein XXI,1,CC(=O)O[C@@H]1C[C@]23C[C@@](C)(O)[C@H](CC[C@H]2[C@@](C)(O)[C@@H]2[C@@H](Cl)[C@H](O)C(C)(C)[C@@]12O)[C@H]3O
Rhodomollein XI,1,CC(=O)O[C@@H]1C[C@]23C[C@@](C)(O)[C@H](CC[C@H]2[C@@](C)(O)[C@@H]2[C@@H](O)[C@H](O)C(C)(C)[C@@]12O)[C@H]3O
Rhodojaponin II,1,CC(=O)O[C@@H]1C[C@]23C[C@@](C)(O)[C@H](CC[C@H]2[C@@](C)(O)[C@@H]2[C@@H]4O[C@@H]4C(C)(C)[C@@]12O)[C@H]3O
4-[(4'-O-Acetyl-alpha-L-rhamnosyloxy) benzyl]isothiocyanate,1,CC(=O)O[C@@H]1[C@@H](O)[C@@H](O)[C@H](Oc2ccc(CN=C=S)cc2)O[C@H]1C
4-[(3'-O-Acetyl-alpha-L-rhamnosyloxy) benzyl]isothiocyanate,1,CC(=O)O[C@@H]1[C@@H](O)[C@H](C)O[C@@H](Oc2ccc(CN=C=S)cc2)[C@@H]1O
Isoastragaloside II,1,CC(=O)O[C@@H]1[C@@H](O)[C@H](O[C@H]2CC[C@]34C[C@]35CC[C@]3(C)[C@@H]([C@@]6(C)CC[C@@H](C(C)(C)O)O6)[C@@H](O)C[C@@]3(C)[C@@H]5C[C@H](O[C@@H]3O[C@H](CO)[C@@H](O)[C@H](O)[C@H]3O)[C@H]4C2(C)C)OC[C@H]1O
Agroastragaloside I,1,CC(=O)O[C@@H]1[C@@H](OC(C)=O)[C@H](O[C@H]2CC[C@]34C[C@]35CC[C@]3(C)[C@@H]([C@H](C)CC[C@H](O)C(C)(C)O)[C@@H](O)C[C@@]3(C)[C@@H]5C[C@H](O[C@@H]3O[C@H](CO)[C@@H](O)[C@H](O)[C@H]3O)[C@H]4C2(C)C)OC[C@H]1O
6α-O-isovalerylnidorello,1,CC(=O)O[C@@H]1[C@H](C)[C@H](C=C(C)C)C(=O)C[C@@H](OC(C)=O)/C(C)=C/[C@H]2[C@@H](OC(=O)c3ccccc3)[C@H](C)C[C@]12OC(C)=O
Rhodojaponin VII,1,CC(=O)O[C@@H]1[C@H]2CC[C@H]3[C@@](C)(O)[C@@H]4[C@@H](O)[C@H](O)C(C)(C)[C@@]4(O)[C@H](OC(C)=O)C[C@@]13C[C@@]2(C)O
"3''R,4''R-3-Hydroxyl-[3'',4''-dihydro-3'',4''-diacetoxy]-2'',2''-dimethylpyrano-(7,8:5'',6'')-flavone",1,CC(=O)O[C@@H]1c2c(ccc3c(=O)c(O)c(-c4ccccc4)oc23)OC(C)(C)[C@@H]1OC(C)=O
Chrodrimanin A,0,CC(=O)O[C@@H]1c2c3c(cc(O)c2C(=O)O[C@@H]1C)O[C@@]1(C)[C@@H](O)C[C@H]2C(C)(C)C(=O)C=C[C@]2(C)[C@@H]1C3
Penazaphilone C,0,CC(=O)O[C@@]1(C)C(=O)C2=CN(CCO)C(/C=C/C(C)=C/[C@@H](C)[C@@H](C)O)=CC2=C(Cl)C1=O
"20S-acetyloxy-4-pregnene-3,16-dione",0,CC(=O)O[C@H](C)[C@H]1C(=O)C[C@H]2[C@@H]3CCC4=CC(=O)CC[C@]4(C)[C@H]3CC[C@]12C
Physaliolide E,0,CC(=O)O[C@H]1C=C([C@@](C)(O)[C@H]2CC(C)=C(C)C(=O)O2)[C@@]2(C)CC[C@H]3[C@@H](C[C@@H](O)[C@@]4(O)CC=CC(=O)[C@]34C)[C@]12O
Physaminimin F,0,CC(=O)O[C@H]1C=C([C@H](C)[C@H]2CC(C)=C(C)C(=O)O2)[C@@]2(C)CC[C@H]3[C@@H](CC[C@H]4[C@@H](O)[C@@H](O)CC(=O)[C@@]43C)[C@]12O
Withaminimin,0,CC(=O)O[C@H]1C=C([C@H](C)[C@H]2CC(C)=C(C)C(=O)O2)[C@@]2(C)CC[C@H]3[C@@H](C[C@@H](O)[C@@]4(O)CC=CC(=O)[C@]34C)[C@]12O
Physaliolide C,0,CC(=O)O[C@H]1C=C([C@H](C)[C@H]2CC(C)=C(C)C(=O)O2)[C@@]2(C)CC[C@H]3[C@@H](C[C@H](O)[C@@]4(O)[C@@H](O)[C@H](O)CC(=O)[C@]34C)[C@]12O
Withangulatin A,0,CC(=O)O[C@H]1C=C([C@H](C)[C@H]2CC(C)=C(C)C(=O)O2)[C@@]2(C)CC[C@H]3[C@@H](C[C@H]4O[C@]45[C@@H](O)C=CC(=O)[C@]35C)[C@]12O
Sebiferone,0,CC(=O)O[C@H]1CC(=O)[C@]2(C)[C@H]3CC[C@]4(C)C(=CC[C@@]5(C(=O)O)CCC(C)(C)C[C@H]54)[C@]3(C)CC[C@H]2C1(C)C
Fucoxanthin,1,CC(=O)O[C@H]1CC(C)(C)C(=C=C/C(C)=C/C=C/C(C)=C/C=C/C=C(C)/C=C/C=C(\C)C(=O)C[C@@]23O[C@]2(C)C[C@@H](O)CC3(C)C)[C@](C)(O)C1
Caesalmin U,1,CC(=O)O[C@H]1CC(C)(C)[C@@H]2CC[C@H]3[C@@H]4[C@@H](CO)[C@]4(C)[C@H](OC(C)=O)C[C@@H]3[C@@]2(C)C1
Caesalmin E1 ,1,CC(=O)O[C@H]1CCC(C)(C)[C@]2(O)C[C@H](O)C3C(Cc4occc4[C@@H]3C)[C@@]12C
Caesalpinin K,0,CC(=O)O[C@H]1CCC(C)(C)[C@]2(O)C[C@H](O)[C@H]3[C@@H](C)c4ccoc4C[C@@H]3[C@@]12C
"3beta-Hydroxylanosta-7,9(11),24-trien-21-oic acid",1,CC(=O)O[C@H]1CC[C@]2(C)C3=CC[C@]4(C)[C@@H]([C@@H](CCC=C(C)C)C(=O)O)[C@H](O)C[C@@]4(C)C3=CC[C@H]2C1(C)C
GA3,1,CC(=O)O[C@H]1CC[C@]2(C)C3C(=O)C=C4[C@@H]5C[C@@](C)(C(=O)O)CC[C@]5(C)CC[C@@]4(C)[C@]3(C)[C@@H](O)C[C@H]2C1(C)C
Kellarin,1,CC(=O)O[C@H]1CC[C@]2(C)[C@H](CC[C@@](C)(O)[C@@H]2COc2ccc3ccc(=O)oc3c2)C1(C)C
Acetyl aleuritolic acid,0,CC(=O)O[C@H]1CC[C@]2(C)[C@H]3CC[C@]4(C)C(=CC[C@@]5(C(=O)O)CCC(C)(C)C[C@H]54)[C@]3(C)CC[C@H]2C1(C)C
Munronolide,0,CC(=O)O[C@H]1C[C@@H](OC(C)=O)[C@@]2(C)CO[C@H]3[C@@H](O)[C@@]4(C)C5=CC[C@@H](C6=CC(=O)OC6O)[C@]5(C)CC[C@@H]4[C@]1(C)[C@@H]32
Physagulin K,1,CC(=O)O[C@H]1C[C@@](O)([C@H](C)[C@H]2CC(C)=C(C)C(=O)O2)[C@@]2(C)CC[C@H]3[C@@H](C[C@@H](O)[C@@]4(O)CC=CC(=O)[C@]34C)[C@@]12O
Sapiumic acid A,0,CC(=O)O[C@H]1C[C@H](O)[C@]2(C)[C@H]3CC[C@]4(C)C(=CC[C@@]5(C(=O)O)CCC(C)(C)C[C@H]54)[C@]3(C)CC[C@H]2C1(C)C
Physaliolide B,0,CC(=O)O[C@H]1C[C@H]([C@H](C)[C@@H]2OC(=O)C(C)=C(C)[C@@H]2O)[C@@]2(C)CC[C@H]3[C@@H](C[C@@H](O)[C@@]4(O)CC=CC(=O)[C@]34C)[C@@]12O
Physagulin J,1,CC(=O)O[C@H]1C[C@H]([C@H](C)[C@H]2CC(C)=C(C)C(=O)O2)[C@@]2(C)CC[C@H]3[C@@H](C[C@@H](O)[C@@]4(O)CC=CC(=O)[C@]34C)[C@@]12O
Physaliolide F,0,CC(=O)O[C@H]1C[C@H]([C@H](C)[C@H]2CC(C)=C(CO)C(=O)O2)[C@@]2(C)CC[C@H]3[C@@H](C[C@@H](O)[C@@]4(O)CC=CC(=O)[C@]34C)[C@@]12O
Physaliolide A,0,CC(=O)O[C@H]1C[C@H]([C@H](C)[C@H]2CC(CO)=C(C)C(=O)O2)[C@@]2(C)CC[C@H]3[C@@H](C[C@@H](O)[C@@]4(O)CC=CC(=O)[C@]34C)[C@@]12O
Agroastragaloside V,1,CC(=O)O[C@H]1[C@H](O[C@H]2CC[C@]34C[C@]35CC[C@]3(C)[C@@H]([C@H](C)CC[C@H](O)C(C)(C)O)CC[C@@]3(C)[C@@H]5C[C@H](O[C@@H]3O[C@H](CO)[C@@H](O)[C@H](O)[C@H]3O)[C@H]4C2(C)C)OC[C@@H](O)[C@@H]1O
Agroastragaloside II,1,CC(=O)O[C@H]1[C@H](O[C@H]2CC[C@]34C[C@]35CC[C@]3(C)[C@@H]([C@H](C)CC[C@H](O)C(C)(C)O)[C@@H](O)C[C@@]3(C)[C@@H]5C[C@H](O[C@@H]3O[C@H](CO)[C@@H](O)[C@H](O)[C@H]3O)[C@H]4C2(C)C)OC[C@@H](O)[C@@H]1O
4-[(2'-O-Acetyl-alpha-L-rhamnosyloxy) benzyl]isothiocyanate,1,CC(=O)O[C@H]1[C@H](Oc2ccc(CN=C=S)cc2)O[C@@H](C)[C@H](O)[C@H]1O
Euphorbiasteroid,1,CC(=O)O[C@H]1[C@H]2[C@@H](OC(=O)Cc3ccccc3)[C@@H](C)C[C@]2(OC(C)=O)C(=O)/C(C)=C/[C@@H]2[C@H](CC[C@@]13CO3)C2(C)C
Dihydroergolide,1,CC(=O)O[C@H]1[C@H]2[C@H](C[C@@H](C)[C@@H]3CCC(=O)[C@]31C)OC(=O)[C@@H]2C
"1-Acetoxyl-2e,6e-dipiperonyl-3,7-dioxabicyclo -[3,3,0]-octane",1,CC(=O)O[C@]12CO[C@H](c3ccc4c(c3)OCO4)[C@H]1CO[C@@H]2c1ccc2c(c1)OCO2
"15-acetoxy-5,6-epoxylathyr-12-en-3-ol-14-one",0,CC(=O)O[C@]12C[C@H](C)[C@H](O)[C@@H]1[C@H]1O[C@]1(C)CC[C@H]1[C@@H](/C=C(\C)C2=O)C1(C)C
Euphorbia factor L19,0,CC(=O)O[C@]12C[C@H](C)[C@H](OC(=O)Cc3ccccc3)[C@@H]1/C=C(/CO)CC[C@H]1[C@@H](/C=C(\C)C2=O)C1(C)C
Progesterone,1,CC(=O)[C@H]1CC[C@H]2[C@@H]3CCC4=CC(=O)CC[C@]4(C)[C@H]3CC[C@]12C
"2,6-dihydroxyacetophenone",0,CC(=O)c1c(O)cccc1O
Cynandione A,1,CC(=O)c1ccc(O)c(-c2c(O)ccc(O)c2C(C)=O)c1O
Hypoglicin K,1,CC(=O)c1ccc2c(c1O)CC[C@H]1C3=C(CC[C@]21C)C(=O)OC3
Stellarines a,1,CC(=O)c1nc(C(N)=O)cc2c1[nH]c1ccccc12
1-acethyl-beta-carboline,0,CC(=O)c1nccc2c1[nH]c1ccccc12
Moracin R,1,CC(C)(O)C(O)Cc1cc2cc(-c3cc(O)cc(O)c3)oc2cc1O
Moracin O,1,CC(C)(O)C1Cc2cc3cc(-c4cc(O)cc(O)c4)oc3cc2O1
9-Hydroxyisoegomaketone,1,CC(C)(O)CC(=O)c1ccoc1
Cucurbitacin R,0,CC(C)(O)CCC(=O)[C@](C)(O)[C@H]1[C@H](O)C[C@@]2(C)[C@@H]3CC=C4[C@@H](C[C@H](O)C(=O)C4(C)C)[C@]3(C)C(=O)C[C@]12C
Dolichosin A,1,CC(C)(O)CCc1c(O)ccc2c1oc(=O)c1c3ccc(O)cc3oc21
Cryptomeridiol,1,CC(C)(O)[C@@H]1CC[C@@]2(C)CCC[C@@](C)(O)[C@@H]2C1
4-Epi-cryptomeridiol,1,CC(C)(O)[C@@H]1CC[C@@]2(C)CCC[C@](C)(O)[C@@H]2C1
Astragaloside IV,1,CC(C)(O)[C@@H]1CC[C@](C)([C@H]2[C@@H](O)C[C@@]3(C)[C@@H]4C[C@H](O[C@@H]5O[C@H](CO)[C@@H](O)[C@H](O)[C@H]5O)[C@H]5C(C)(C)[C@@H](O[C@@H]6OC[C@@H](O)[C@H](O)[C@H]6O)CC[C@@]56C[C@@]46CC[C@]23C)O1
Butyrolactone I,1,CC(C)(O)[C@H]1Cc2ccc(CC3=C(c4ccc(O)cc4)C(=O)NC3=O)cc2O1
"(5R,8S,9S,10R,13R,14S,17R,20R,23S,24S)-21,24-Epoxy-23,25-dihydroxycyclolanostan-3-one",1,CC(C)(O)[C@H]1OC[C@@H]([C@H]2CC[C@@]3(C)[C@@H]4CC[C@H]5C(C)(C)C(=O)CC[C@@]56C[C@@]46CC[C@]23C)C[C@@H]1O
Bourjotinolone A,1,CC(C)(O)[C@H]1OC[C@H]([C@@H]2CC[C@]3(C)C4=CC[C@H]5C(C)(C)C(=O)CC[C@]5(C)[C@H]4CC[C@@]23C)C[C@H]1O
,1,CC(C)(O)c1cc2cc3ccc(=O)oc3c(O)c2o1
Isoegomaketone,1,CC(C)/C=C/C(=O)c1ccoc1
ophiobolin U,1,CC(C)=C/C=C\[C@H](C)[C@H]1CC[C@]2(C)CC3=C(C(=O)C[C@H]3C)/C(CO)=C\C[C@@H]12
Asperophiobolin E,0,CC(C)=C/C=C\[C@H](C)[C@H]1CC[C@]2(C)C[C@@H]3C(C)=CC(=O)[C@H]3/C(C(=O)O)=C\C[C@@H]12
21-deoxo-21hydroxy-6-epi-ophiobolin G,1,CC(C)=C/C=C\[C@H](C)[C@H]1CC[C@]2(C)C[C@@H]3C(C)=CC(=O)[C@H]3/C(CO)=C\C[C@@H]12
Asperophiobolin K,0,CC(C)=C/C=C\[C@H](C)[C@H]1CC[C@]2(C)C[C@@]3(O)[C@H](C)C[C@@H](O)[C@@H]3/C(C=O)=C\C[C@@H]12
ophiobolin U,1,CC(C)=C/C=C\[C@H](C)[C@H]1CC[C@]2(C)C[C@H]3[C@@H](/C(C=O)=C\C[C@@H]12)[C@H](C)C[C@@]3(C)O
Asperophiobolin C,0,CC(C)=C/C=C\[C@H](C)[C@H]1CC[C@]2(C)C[C@H]3[C@@H]4/C(=C\C=C\12)C(=O)N[C@@H]4C[C@@]3(C)O
Asperophiobolin B,0,CC(C)=C/C=C\[C@H](C)[C@H]1CC[C@]2(C)C[C@H]3[C@@H]4/C(=C\C=C\12)C(=O)N[C@]4(O)C[C@@]3(C)O
ophiobolin P,0,CC(C)=C/C=C\[C@H](C)[C@H]1CC[C@]2(C)C[C@H]3[C@@H]4/C(=C\C[C@@H]12)C(=O)O[C@]4(O)CC3(C)C
Galbanic acid,1,CC(C)=C1CC[C@H](C)[C@](C)(COc2ccc3ccc(=O)oc3c2)[C@H]1CCC(=O)O
Nigellamin A2,1,CC(C)=C1CC[C@]2(COC(=O)c3ccccc3)[C@@H](OC(=O)c3cccnc3)/C=C(\C)CC[C@@H]3O[C@@]3(C)C[C@@H](OC(=O)c3cccnc3)[C@@]12C
bipolaricin C,1,CC(C)=CC1C[C@H](C)[C@]2(CC[C@]3(C)C[C@@H]4C(C)=CC(=O)[C@H]4/C(C(=O)O)=C\C[C@H]32)O1
garciniacowone H,1,CC(C)=CCC/C(C)=C/CCC(C)(O)CCc1c(O)c(O)cc2oc3cc(O)cc(O)c3c(=O)c12
Xanthotoxol geranyl ether,0,CC(C)=CCC/C(C)=C/COc1c2occc2cc2ccc(=O)oc12
Albafuran A,1,CC(C)=CCC/C(C)=C/Cc1c(O)cc(O)cc1-c1cc2ccc(O)cc2o1
Prostratol,1,CC(C)=CCC/C(C)=C/Cc1c(O)ccc2c1O[C@H](c1ccc(O)cc1)CC2=O
Mulberrofuran l,1,CC(C)=CCC/C(C)=C/Cc1c(O)ccc2cc(-c3cc(O)cc(O)c3)oc12
Kuwanon E,1,CC(C)=CCC/C(C)=C/Cc1cc([C@@H]2CC(=O)c3c(O)cc(O)cc3O2)c(O)cc1O
Phorbaketal A,1,CC(C)=CCC/C(C)=C/[C@@H]1CC(C)=C[C@]2(C=C(CO)[C@H]3CC(=O)C(C)=C[C@H]3O2)O1
Hulupinic acid,0,CC(C)=CCC1(CC=C(C)C)C(=O)C(O)=C(O)C1=O
Lupulone c,0,CC(C)=CCC1(CC=C(C)C)C(=O)C2=C(OC(C(C)(C)O)C2)C(C(=O)CC(C)C)=C1O
"3',3'-Di-(gamma,gamma-dimethylallyl)-3,4-methylenedioxy-2',4'-di-oxo-enolchalcone",1,CC(C)=CCC1(CC=C(C)C)C(=O)C=C/C(=C(O)\C=C\c2ccc3c(c2)OCO3)C1=O
Lupulone,0,CC(C)=CCC1=C(O)C(C(=O)CC(C)C)=C(O)C(CC=C(C)C)(CC=C(C)C)C1=O
Lupulone e,0,CC(C)=CCC1=C2OC(C(C)(C)O)CC2(CC=C(C)C)C(=O)C(C(=O)C(C)C)=C1O
Lupulone d,0,CC(C)=CCC1=C2OC(C(C)(C)O)CC2(CC=C(C)C)C(=O)C(C(=O)CC(C)C)=C1O
Trametenolic acid,0,CC(C)=CCC[C@@H](C(=O)O)[C@H]1CC[C@@]2(C)C3=C(CC[C@]12C)[C@@]1(C)CC[C@H](O)C(C)(C)[C@@H]1CC3
Arcommunol E,1,CC(C)=CCC[C@@]1(C)C=Cc2c(ccc(C(=O)/C=C/c3ccc(O)c(O)c3)c2O)O1
Arcommunol D,1,CC(C)=CCC[C@@]1(C)C=Cc2c(ccc(C(=O)CCc3ccc(O)c(O)c3)c2O)O1
"1-hydroxybisabola-2,10-dien-4-one",0,CC(C)=CCC[C@H](C)[C@H]1CC(=O)C(C)=C[C@@H]1O
Ginsenoside Rb1,0,CC(C)=CCC[C@](C)(O[C@@H]1O[C@H](CO[C@@H]2O[C@H](CO)[C@@H](O)[C@H](O)[C@H]2O)[C@@H](O)[C@H](O)[C@H]1O)[C@H]1CC[C@]2(C)[C@@H]1[C@H](O)C[C@@H]1[C@@]3(C)CC[C@H](O[C@@H]4O[C@H](CO)[C@@H](O)[C@H](O)[C@H]4O[C@@H]4O[C@H](CO)[C@@H](O)[C@H](O)[C@H]4O)C(C)(C)[C@@H]3CC[C@]12C
,1,CC(C)=CCOc1c2c(cc3ccc(=O)oc13)C[C@@H](C(C)(C)O)O2
garciniacowone F,1,CC(C)=CC[C@@H]1C[C@@]23CCC(C)(C)OC2=C(C(=O)c2ccccc2)C(=O)[C@H](C3=O)[C@@]1(C)CCCC(C)(C)O
Isoxanthochymol,1,CC(C)=CC[C@@H]1C[C@]23C[C@H](CC=C(C)C)C(C)(C)[C@](CC=C(C)C)(C(=O)C(C(=O)c4ccc(O)c(O)c4)=C2OC1(C)C)C3=O
Kuwanon A,1,CC(C)=CCc1c(-c2ccc(O)c3c2OC(C)(C)C=C3)oc2cc(O)cc(O)c2c1=O
Kuwanon C,1,CC(C)=CCc1c(-c2ccc(O)cc2O)oc2c(CC=C(C)C)c(O)cc(O)c2c1=O
Morusin,1,CC(C)=CCc1c(-c2ccc(O)cc2O)oc2c3c(cc(O)c2c1=O)OC(C)(C)C=C3
Uliginosin A,1,CC(C)=CCc1c(O)c(CC2=C(O)C(C)(C)C(=O)C(C(=O)C(C)C)=C2O)c(O)c(C(=O)C(C)C)c1O
"5,7,3′,4′-tetrahydroxy-6,8-diprenylisofla7,4′-di-O-prenylgenisvone",1,CC(C)=CCc1c(O)c(CC=C(C)C)c2occ(-c3ccc(O)c(O)c3)c(=O)c2c1O
Moracin C,1,CC(C)=CCc1c(O)cc(-c2cc3ccc(O)cc3o2)cc1O
gamma-Mangostin,1,CC(C)=CCc1c(O)cc2oc3cc(O)c(O)c(CC=C(C)C)c3c(=O)c2c1O
Erythrinin B,1,CC(C)=CCc1c(O)cc2occ(-c3ccc(O)cc3)c(=O)c2c1O
Kuwanon T,1,CC(C)=CCc1c(O)ccc(-c2oc3cc(O)cc(O)c3c(=O)c2CC=C(C)C)c1O
"2',4'-Dihydroxy-3'-(gamma,gamma-dimethylallyl)-3,4-methylenedioxy-chalcone",1,CC(C)=CCc1c(O)ccc(C(=O)/C=C/c2ccc3c(c2)OCO3)c1O
Isocordoin,1,CC(C)=CCc1c(O)ccc(C(=O)/C=C/c2ccccc2)c1O
Ovaliflavanone C,1,CC(C)=CCc1c(O)ccc2c1OC(c1ccc3c(c1)OCO3)CC2=O
7-Hydroxy-8-prenylflavanone,1,CC(C)=CCc1c(O)ccc2c1O[C@H](c1ccccc1)CC2=O
Phaseol,1,CC(C)=CCc1c(O)ccc2c1oc(=O)c1c3ccc(O)cc3oc21
Isosojagol,0,CC(C)=CCc1c(O)ccc2c1oc1c3ccc(O)cc3oc(=O)c21
scandenone,1,CC(C)=CCc1c2c(c(O)c3c(=O)c(-c4ccc(O)cc4)coc13)C=CC(C)(C)O2
Terrusnolides A,1,CC(C)=CCc1cc(CC(=O)Cc2ccc(O)cc2)ccc1O
Ovaliflavanone D,1,CC(C)=CCc1cc2c(c(CC=C(C)C)c1O)OC(c1ccc3c(c1)OCO3)CC2=O
"7-Hydroxy-6,8-diprenylflavanone",1,CC(C)=CCc1cc2c(c(CC=C(C)C)c1O)O[C@H](c1ccccc1)CC2=O
Pongamone C,1,CC(C)=CCc1cc2c(c3c1OC(C)(C)C=C3)O[C@H](c1ccc3c(c1)OCO3)CC2=O
Maxima flavanone A,1,CC(C)=CCc1cc2c(c3c1OC(C)(C)C=C3)O[C@H](c1ccccc1)CC2=O
Psoralidin,0,CC(C)=CCc1cc2c(cc1O)oc(=O)c1c3ccc(O)cc3oc21
Dolichosin B,0,CC(C)=CCc1cc2c(oc(=O)c3c4ccc(O)cc4oc23)c(CCC(C)(C)O)c1O
Dolichosin C,0,CC(C)=CCc1cc2c(oc(=O)c3c4ccc(O)cc4oc23)c2c1OC(C(C)(C)O)C2
Sargachromanol E,1,CC(C)=C[C@H](O)[C@@H](O)/C(C)=C/CC/C(C)=C/CC[C@]1(C)CCc2cc(O)cc(C)c2O1
ophiobolin J,1,CC(C)=C[C@H]1C[C@H](C)[C@]2(CC[C@]3(C)C[C@@H]4C(C)=CC(=O)/C4=C(\CO)[C@@H](O)C[C@H]32)O1
8-epi-ophiobolin J ,1,CC(C)=C[C@H]1C[C@H](C)[C@]2(CC[C@]3(C)C[C@@H]4C(C)=CC(=O)/C4=C(\CO)[C@H](O)C[C@H]32)O1
3-anhydro-6epi-ophiobolin A ,1,CC(C)=C[C@H]1C[C@H](C)[C@]2(CC[C@]3(C)C[C@@H]4C(C)=CC(=O)C4/C(C)=C(/C=O)C[C@H]32)O1
Hypoglicin L,1,CC(C)C1=CC(=O)[C@@]2(O)[C@@H](CC[C@H]3C4=C(CC(=O)[C@@]32C)C(=O)OC4)C1=O
Amestolkolide D,0,CC(C)CC(=O)OCC1=C2CC(=O)OC(C)(C)C2=CC(=O)[C@]2(C)[C@@H]3C(=O)[C@@H](C)O[C@@H]4OC(=O)[C@](C)(C[C@@H]12)[C@@H]43
Rhodomyrtosone C,0,CC(C)CC(=O)c1c(O)c2c(c3c1OC1=C(C(=O)C(C)(C)C(=O)C1(C)C)[C@@H]3CC(C)C)OC1=C(C(=O)C(C)(C)C(=O)C1(C)C)[C@@H]2CC(C)C
Rhodomyrtosone B,1,CC(C)CC(=O)c1c(O)cc(O)c2c1OC1=C(C(=O)C(C)(C)C(=O)C1(C)C)C2CC(C)C
Rhodomyrtone,1,CC(C)CC(=O)c1c(O)cc2c(c1O)[C@@H](CC(C)C)C1=C(O2)C(C)(C)C(=O)C(C)(C)C1=O
Watsonianone A,0,CC(C)CC(C1=C(O)C(C)(C)C(=O)C(C)(C)C1=O)C1=C(O)C(C)(C)C(=O)C(C)(C)C1=O
Guggulsterol-I,0,CC(C)CC[C@@H](O)C(C)(O)[C@H]1[C@@H](O)C[C@H]2[C@@H]3CCC4=CC(=O)CC[C@]4(C)[C@H]3CC[C@]12C
"20R,22R-Dihydroxycholest-4-ene-3-one",1,CC(C)CC[C@@H](O)[C@](C)(O)[C@H]1CC[C@H]2[C@@H]3CCC4=CC(=O)CC[C@]4(C)[C@H]3CC[C@]12C
4S-focifolidione,0,CC(C)C[C@H]1C[C@@]2(C[C@H]3C[C@@H](C2)C3(C)C)OC2=C1C(=O)C(C)(C)C(=O)C2(C)C
"(R)-(+)-1-isobutyl-6,7-dihydroxy-1,2,3,4-tetrahydroisoquinoline",0,CC(C)C[C@H]1NCCc2cc(O)c(O)cc21
"(3b,22E) ergosta-5,8(14),22-triene-7-one",1,CC(C)[C@@H](C)/C=C/[C@@H](C)[C@H]1CCC2=C3C(=O)C=C4C[C@@H](O)CC[C@]4(C)[C@H]3CC[C@@]21C
7-ketobrassicasterol,1,CC(C)[C@@H](C)/C=C/[C@@H](C)[C@H]1CCC2C3C(=O)C=C4C[C@@H](O)CC[C@]4(C)[C@H]3CC[C@@]21C
"5a,6a-epoxy-3b-hydroxy ergosta-22-ene-7-one",1,CC(C)[C@@H](C)/C=C/[C@@H](C)[C@H]1CCC2C3C(=O)[C@@H]4O[C@@]45C[C@@H](O)CC[C@]5(C)[C@H]3CC[C@@]21C
Ergosterol peroxide,0,CC(C)[C@@H](C)/C=C/[C@@H](C)[C@H]1CC[C@@H]2[C@]1(C)CC[C@H]1[C@]23C=C[C@]2(C[C@@H](O)CC[C@]12C)OO3
Frutescenone C,0,CC(C)[C@@H](CC(=O)c1ccoc1)n1cnc2c(N)ncnc21
Tomentodione N,0,CC(C)[C@@H]1C2=C(O[C@H]1O)C(C)(C)C(=O)C(C)(C)C2=O
Alternaramide,1,CC(C)[C@@H]1OC(=O)[C@@H]2CCCN2C(=O)[C@@H](Cc2ccccc2)NC(=O)[C@@H]2CCCN2C(=O)[C@@H](Cc2ccccc2)NC1=O
Berenjenol,0,CC(C)[C@@]1(C)CCC([C@H]2CC[C@@]3(C)[C@@H]4CC[C@H]5C(C)(C)[C@@H](O)CC[C@@]56C[C@@]46CC[C@]23C)CO1
Frutescenone B,0,CC(C)[C@H](O)CC(=O)c1ccoc1
Tripchlorolide,1,CC(C)[C@]1(O)[C@H](Cl)[C@@H]2O[C@]23[C@]2(O[C@H]2C[C@H]2C4=C(CC[C@@]23C)C(=O)OC4)[C@@H]1O
Rhodomyrtosone D,0,CC(C)[C@]12OC3=C(C(=O)C(C)(C)C(=O)C3(C)C)[C@H]1C1=C(O2)C(C)(C)C(=O)C(C)(C)C1=O
"1b,3b,26-Trihydroxy-16,22-dioxo-cholestane 1-O-a-L-rhamnopyranosyl(1!2)-b-D-xylopyranosyl-3-O-a-L-rhamnopyranoside",1,CC(CO)CCC(=O)[C@@H](C)[C@H]1C(=O)CC2C3CC[C@@H]4C[C@@H](O[C@@H]5O[C@@H](C)[C@H](O)[C@@H](O)[C@H]5O)C[C@@H](OC5OC[C@@H](O)C(O)[C@H]5O[C@@H]5O[C@@H](C)[C@H](O)[C@@H](O)[C@H]5O)[C@]4(C)C3CC[C@@]21C
Linolenic acid,1,CC/C=C\C/C=C\C/C=C\CCCCCCCC(=O)O
Deacetylgedunin,1,CC1(C)C(=O)C=C[C@]2(C)[C@H]3CC[C@@]4(C)[C@H](c5ccoc5)OC(=O)[C@H]5O[C@]54[C@]3(C)[C@H](O)C[C@@H]12
Nimbocinol,0,CC1(C)C(=O)C=C[C@]2(C)[C@H]3CC[C@]4(C)C(=CC(=O)[C@H]4c4ccoc4)[C@]3(C)[C@H](O)C[C@@H]12
Sapiumic acid E,1,CC1(C)C(=O)C=C[C@]2(C)[C@H]3CC[C@]4(C)C(=CC[C@@]5(C(=O)O)CC[C@@](C)(COC(=O)/C=C/c6ccc(O)cc6)C[C@H]54)[C@]3(C)CC[C@@H]12
Sapiumic acid F,1,CC1(C)C(=O)C=C[C@]2(C)[C@H]3CC[C@]4(C)C(=CC[C@@]5(C(=O)O)CC[C@@](C)(COC(=O)/C=C\c6ccc(O)cc6)C[C@H]54)[C@]3(C)CC[C@@H]12
7-Deacetylazadirone,1,CC1(C)C(=O)C=C[C@]2(C)[C@H]3CC[C@]4(C)C(=CC[C@H]4c4ccoc4)[C@]3(C)[C@H](O)C[C@@H]12
GA6,0,CC1(C)C(=O)CC[C@]2(C)C3C(=O)C=C4[C@@H]5C[C@@](C)(C(=O)O)CC[C@]5(C)CC[C@@]4(C)[C@]3(C)[C@@H](O)C[C@@H]12
GA7,1,CC1(C)C(=O)CC[C@]2(C)C3C(=O)C=C4[C@@H]5C[C@@](C)(C(=O)O)CC[C@]5(C)C[C@H](O)[C@@]4(C)[C@]3(C)[C@@H](O)C[C@@H]12
Ferukrinone,0,CC1(C)C(=O)CC[C@]2(C)[C@@H]1CC[C@@](C)(O)[C@@H]2COc1ccc2ccc(=O)oc2c1
Moracin D,1,CC1(C)C=Cc2c(O)cc(-c3cc4ccc(O)cc4o3)cc2O1
Glabrachromen-II,0,CC1(C)C=Cc2c(ccc(C(=O)/C=C/c3ccc4c(c3)OCO4)c2O)O1
Lonchocarpin,0,CC1(C)C=Cc2c(ccc(C(=O)/C=C/c3ccccc3)c2O)O1
Sanggenon F,1,CC1(C)C=Cc2c(ccc(C3CC(=O)c4c(O)cc(O)cc4O3)c2O)O1
Ovalichromene B,1,CC1(C)C=Cc2c(ccc3c2OC(c2ccc4c(c2)OCO4)CC3=O)O1
Isolonchocarpin,1,CC1(C)C=Cc2c(ccc3c2O[C@H](c2ccccc2)CC3=O)O1
"4'',5''-dehydroisopsoralidin",0,CC1(C)C=Cc2cc3c(cc2O1)oc(=O)c1c2ccccc2oc31
Xanthyletin,0,CC1(C)C=Cc2cc3ccc(=O)oc3cc2O1
Lapachone,1,CC1(C)CCC2=C(O1)c1ccccc1C(=O)C2=O
"Atisane-16,17-diol",0,CC1(C)CCC[C@@]2(C)[C@@H]3C[C@@H]4CC[C@H](C3C(=O)C[C@H]12)[C@@]4(O)CO
avxanthin A,1,CC1(C)CCC[C@]2(C)CC3=C(C[C@@H]12)C(=O)CC3
"(12R,13R)-8,12epoxy-14-labden-13-ol ",1,CC1(C)CCC[C@]2(C)[C@H]3CC(=O)O[C@]3(C)CC[C@@H]12
Flavidusin A,0,CC1(C)CCC[C@]2(C)[C@H]3CC[C@](C)(C(O)CO)C=C3CC[C@@H]12
,0,CC1(C)CCC[C@]2(C)[C@H]3C[C@@H]4OC(C)(C)[C@]4(O)C=C3CC[C@@H]12
Aleuritolonic acid,0,CC1(C)CC[C@]2(C(=O)O)CC=C3[C@]4(C)CC[C@H]5C(C)(C)C(=O)CC(=O)[C@]5(C)[C@H]4CC[C@@]3(C)[C@@H]2C1
1-oxo-aleuritolic acid,0,CC1(C)CC[C@]2(C(=O)O)CC=C3[C@]4(C)CC[C@H]5C(C)(C)[C@@H](O)CC(=O)[C@]5(C)[C@H]4CC[C@@]3(C)[C@@H]2C1
Aleuritolic acid,0,CC1(C)CC[C@]2(C(=O)O)CC=C3[C@]4(C)CC[C@H]5C(C)(C)[C@@H](O)CC[C@]5(C)[C@H]4CC[C@@]3(C)[C@@H]2C1
Sapiumic acid C,1,CC1(C)CC[C@]2(C(=O)O)CC=C3[C@]4(C)CC[C@H]5C(C)(C)[C@@H](OC(=O)/C=C/c6ccc(O)cc6)CC(=O)[C@]5(C)[C@H]4CC[C@@]3(C)[C@@H]2C1
Sapiumic acid B,1,CC1(C)CC[C@]2(C(=O)O)CC=C3[C@]4(C)CC[C@H]5C(C)(C)[C@@H](OC(=O)/C=C/c6ccc(O)cc6)C[C@H](O)[C@]5(C)[C@H]4CC[C@@]3(C)[C@@H]2C1
"2alpha,3beta,19alpha-trihydroxy-olean-2-ene-23,28-dioic acid 28-O-beta-D-glucopyranoside",0,CC1(C)CC[C@]2(C(=O)O)CC[C@]3(C)C(=CCC4[C@@]5(C)C[C@@H](O)[C@H](O)[C@@](C)(CO)C5CC[C@]43C)C2C1
Arjunolic acid,1,CC1(C)CC[C@]2(C(=O)O)CC[C@]3(C)C(=CCC4[C@@]5(C)C[C@@H](O)[C@H](O)[C@](C)(CO)C5CC[C@]43C)C2[C@@H]1O
3-Epimaslinic acid,1,CC1(C)CC[C@]2(C(=O)O)CC[C@]3(C)C(=CC[C@@H]4[C@@]5(C)C[C@@H](O)[C@@H](O)C(C)(C)[C@@H]5CC[C@]43C)[C@@H]2C1
Maslinic acid,1,CC1(C)CC[C@]2(C(=O)O)CC[C@]3(C)C(=CC[C@@H]4[C@@]5(C)C[C@@H](O)[C@H](O)C(C)(C)[C@@H]5CC[C@]43C)[C@@H]2C1
"3beta,23-Dihydroxy-24-oxo-olean-12-en-28-oic acid 28-O-beta-Dglucopyranoside",0,CC1(C)CC[C@]2(C(=O)O[C@@H]3O[C@H](CO)[C@@H](O)[C@H](O)[C@H]3O)CC[C@]3(C)C(=CCC4[C@@]5(C)CC[C@H](O)[C@@](C=O)(CO)C5CC[C@]43C)C2[C@@H]1O
Bellericaside B,1,CC1(C)CC[C@]2(C(=O)O[C@@H]3O[C@H](CO)[C@@H](O)[C@H](O)[C@H]3O)CC[C@]3(C)C(=CCC4[C@@]5(C)C[C@@H](O)[C@H](O)C(CO)(CO)C5CC[C@]43C)C2[C@@H]1O
"2alpha,3beta,19alpha,24-tetrahydroxyolean-12-en-28-oic acid",1,CC1(C)CC[C@]2(C(=O)O[C@@H]3O[C@H](CO)[C@@H](O)[C@H](O)[C@H]3O)CC[C@]3(C)C(=CCC4[C@@]5(C)C[C@@H](O)[C@H](O)[C@@](C)(CO)C5CC[C@]43C)C2C1
"2alpha,3beta,19alpha,23螕脟么tetrahydroxyolean-12-en-28-oic acid 28-O-beta-D-glucopyranoside",0,CC1(C)CC[C@]2(C(=O)O[C@@H]3O[C@H](CO)[C@@H](O)[C@H](O)[C@H]3O)CC[C@]3(C)C(=CCC4[C@@]5(C)C[C@@H](O)[C@H](O)[C@@](C)(CO)C5CC[C@]43C)C2[C@@H]1O
"2alpha,3beta,19alpha,24-tetrahydroxyolean-12-en-28-oic acid 28-O-beta-D-glucopyranoside",1,CC1(C)CC[C@]2(C(=O)O[C@@H]3O[C@H](CO)[C@@H](O)[C@H](O)[C@H]3O)CC[C@]3(C)C(=CCC4[C@@]5(C)C[C@@H](O)[C@H](O)[C@](C)(CO)C5CC[C@]43C)C2[C@@H]1O
Arjunglucoside II,1,CC1(C)CC[C@]2(C(=O)O[C@@H]3O[C@H](CO)[C@@H](O)[C@H](O)[C@H]3O)CC[C@]3(C)C(=CC[C@@H]4[C@@]5(C)C[C@@H](O)[C@H](O)[C@@](C)(CO)[C@@H]5CC[C@]43C)[C@@H]2C1
"1β,11α,17β-trihydroxy-3,16-dioxo-28-norolean-12ene",1,CC1(C)CC[C@]2(O)C(=O)C[C@]3(C)C(=CC(O)[C@@H]4[C@@]5(C)C(O)CC(=O)C(C)(C)[C@@H]5CC[C@]43C)[C@@H]2C1
Toononoid D,1,CC1(C)OC(=O)C=C[C@]2(C)[C@H]3CC[C@@]4(C)[C@H](C5=CC(=O)NC5=O)C[C@H]5O[C@]54[C@]3(C)C(=O)C[C@@H]12
Frutescenone A,0,CC1(C)OC(c2ccoc2)=C(O)C1=O
"(5alpha,8beta,9beta,10beta,13beta,14alpha,17alpha,20beta)-21,25-Epoxy-23alpha,24beta-dihydroxycyclolanostan-3-one",1,CC1(C)OC[C@@H]([C@H]2CC[C@@]3(C)[C@@H]4CC[C@H]5C(C)(C)C(=O)CC[C@@]56C[C@@]46CC[C@]23C)C[C@@H](O)[C@@H]1O
"21,25-epoxycyclolanostan-3-one-23alpha,24beta-acetonide",0,CC1(C)O[C@@H]2C[C@H]([C@H]3CC[C@@]4(C)[C@@H]5CC[C@H]6C(C)(C)C(=O)CC[C@@]67C[C@@]57CC[C@]34C)COC(C)(C)[C@H]2O1
Asperimide C,1,CC1(C)Oc2cc(CC3=C(c4ccc(O)cc4)C(=O)NC3=O)ccc2C[C@@H]1O
(+/-)-moracin P,1,CC1(C)Oc2cc3oc(-c4cc(O)cc(O)c4)cc3cc2CC1O
7-Oxo-18beta-glycyrrhetinic acid,1,CC1(C)[C@@H](O)CC[C@]2(C)C3C(=O)C=C4[C@@H]5C[C@@](C)(C(=O)O)CC[C@]5(C)CC[C@@]4(C)[C@]3(C)C(=O)C[C@@H]12
GA1,1,CC1(C)[C@@H](O)CC[C@]2(C)C3C(=O)C=C4[C@@H]5C[C@@](C)(C(=O)O)CC[C@]5(C)CC[C@@]4(C)[C@]3(C)[C@@H](O)C[C@@H]12
GA5,1,CC1(C)[C@@H](O)CC[C@]2(C)C3C(=O)C=C4[C@@H]5C[C@@](C)(C(=O)O)CC[C@]5(C)CC[C@@]4(C)[C@]3(C)[C@H](O)C[C@@H]12
7-Oxo-15alpha-hydroxy-18beta-glycyrrhetinic acid,1,CC1(C)[C@@H](O)CC[C@]2(C)C3C(=O)C=C4[C@@H]5C[C@@](C)(C(=O)O)CC[C@]5(C)C[C@H](O)[C@@]4(C)[C@]3(C)C(=O)C[C@@H]12
GA2,1,CC1(C)[C@@H](O)CC[C@]2(C)C3C(=O)C=C4[C@@H]5C[C@@](C)(C(=O)O)CC[C@]5(C)C[C@H](O)[C@@]4(C)[C@]3(C)CC[C@@H]12
GA4,1,CC1(C)[C@@H](O)CC[C@]2(C)C3C(=O)C=C4[C@@H]5C[C@@](C)(C(=O)O)CC[C@]5(C)C[C@H](O)[C@@]4(C)[C@]3(C)[C@@H](O)C[C@@H]12
15alpha-Hydroxyl-18beta-glycyrrhetinic acid-3-O-beta-D-6'-O-acetyl-glucoside,1,CC1(C)[C@@H](O)CC[C@]2(C)C3C(=O)C=C4[C@@H]5C[C@@](C)(C(=O)O[C@@H]6C[C@H](CO)[C@@H](O)C(O)[C@H]6O)CC[C@]5(C)CC[C@@]4(C)[C@]3(C)[C@@H](O)C[C@@H]12
Enoxolone,1,CC1(C)[C@@H](O)CC[C@]2(C)[C@H]3C(=O)C=C4[C@@H]5C[C@@](C)(C(=O)O)CC[C@]5(C)CC[C@@]4(C)[C@]3(C)CC[C@@H]12
Rhodojaponin VI,1,CC1(C)[C@@H](O)[C@H](O)[C@H]2[C@](C)(O)[C@@H]3CC[C@@H]4C(O)[C@@]3(C[C@@H](O)[C@@]21O)C[C@@]4(C)O
7beta-Hydroxyl-18beta-glycyrrhetinic acid-3-O-beta-D-glucoside,1,CC1(C)[C@@H](O[C@@H]2O[C@H](CO)[C@@H](O)[C@H](O)[C@H]2O)CC[C@]2(C)C3C(=O)C=C4[C@@H]5C[C@@](C)(C(=O)O)CC[C@]5(C)CC[C@@]4(C)[C@]3(C)[C@@H](O)C[C@@H]12
7beta-Hydroxyl-18beta-glycyrrhetinic acid-30-O-beta-D-glucoside,1,CC1(C)[C@@H](O[C@@H]2O[C@H](CO)[C@@H](O)[C@H](O)[C@H]2O)CC[C@]2(C)C3C(=O)C=C4[C@@H]5C[C@@](C)(C(=O)O)CC[C@]5(C)C[C@H](O)[C@@]4(C)[C@]3(C)CC[C@@H]12
Glycyrrhizin,0,CC1(C)[C@@H](O[C@H]2O[C@H](C(=O)O)[C@@H](O)[C@H](O)[C@H]2O[C@@H]2O[C@H](C(=O)O)[C@@H](O)[C@H](O)[C@H]2O)CC[C@]2(C)[C@H]3C(=O)C=C4[C@@H]5C[C@@](C)(C(=O)O)CC[C@]5(C)CC[C@@]4(C)[C@]3(C)CC[C@@H]12
Bornyl Cinnamate,1,CC1(C)[C@@H]2CC[C@@]1(C)[C@@H](OC(=O)/C=C/c1ccccc1)C2
Cannabifolin B,0,CC1(C)[C@@H]2C[C@@]3(CC[C@]4(C)[C@@H]5[C@@H]3[C@@H]1O[C@]5(O)C[C@@H]1[C@@]3(C)C[C@@H](O)[C@@H](O)C(C)(C)[C@@H]3CC[C@]14C)C(=O)O2
Ferukrin,1,CC1(C)[C@H](O)CC[C@]2(C)[C@@H]1CC[C@@](C)(O)[C@@H]2COc1ccc2ccc(=O)oc2c1
Cannabifolin F,0,CC1(C)[C@H](O)[C@H](O)C[C@]2(C)[C@H]3CC=C4[C@@H]5C[C@](C)(CO)CC[C@]5(C(=O)O)CC[C@@]4(C)[C@]3(C)CC[C@@H]12
Deacetylkellerin,1,CC1(C)[C@H]2CC[C@@](C)(O)[C@H](COc3ccc4ccc(=O)oc4c3)[C@]2(C)CC[C@@H]1O
Rhodojaponin III,1,CC1(C)[C@H]2O[C@H]2[C@H]2[C@](C)(O)[C@@H]3CC[C@@H]4[C@@H](O)[C@@]3(C[C@@H](O)[C@@]21O)C[C@@]4(C)O
"17β,29-dihydroxy-3,16-dioxo-28-norolean-12ene",1,CC1(CO)CC[C@]2(O)C(=O)C[C@]3(C)C(=CC[C@@H]4[C@@]5(C)CCC(=O)C(C)(C)[C@@H]5CC[C@]43C)[C@@H]2C1
Albiflorin,0,CC12C[C@@H](O)C3C[C@@]1(O[C@@H]1O[C@H](CO)[C@@H](O)[C@H](O)[C@H]1O)C3(COC(=O)c1ccccc1)C(=O)O2
Physaliolide D,1,CC1=C(C)C(=O)O[C@@H]([C@@H](C)[C@H]2C[C@H](O)[C@]3(O)[C@@H]4C[C@@H](O)[C@@]5(O)CC=CC(=O)[C@]5(C)[C@H]4CC[C@]23C)C1
Physaminimin C,0,CC1=C(C)C(=O)O[C@@H]([C@]2(C)O[C@H](O)[C@]34CC[C@H]5[C@@H](C[C@@H](O)[C@@]6(O)CC=CC(=O)[C@]56C)[C@@H]3[C@@H](O)C[C@H]24)C1
Hypoglicin F,1,CC1=C(CO)CC[C@]2(C)c3ccc(C(C)C)c(O)c3CC[C@@H]12
Citrinin H1,1,CC1=C([C@@H](C)[C@@H](C)OC=O)C(=O)C2=C(C1=O)[C@H]1O[C@@H](C)[C@H](C)c3c(C)c(O)cc(c31)O2
Fraxinellone,1,CC1=C2C(=O)O[C@@H](c3ccoc3)[C@]2(C)CCC1
Hypoglicin C,1,CC1=C2C=Cc3c(O)c(C(C)C)cc4c3[C@@]2(C)[C@@H](CC1=O)O4
Hydroxycolorenone,1,CC1=C2C[C@H](C(C)(C)O)CC[C@H](C)[C@@H]2CC1=O
4-ketone-atractylenolide,0,CC1=C2C[C@H]3C(=O)CCC[C@]3(C)C[C@]2(O)OC1=O
bipolaricin B,1,CC1=CC(=O)/C2=C(\CO)[C@@H](O)C[C@@H]3[C@](C)(CC[C@@]34O[C@@H](/C=C(\C)CO)C[C@@H]4C)C[C@H]12
crohalifurane B,1,CC1=CC(=O)C2=C3[C@@]1(O)CC[C@@H](C)[C@]3(C)C=C2c1ccoc1
Hinesolone,1,CC1=CC(=O)C[C@H](C)[C@@]12CC[C@H](C(C)(C)O)C2
Asperophiobolin G,0,CC1=CC(=O)[C@@H]2/C(C=O)=C\C[C@H]3[C@@H]([C@@H](C)/C=C\[C@H](O)C(C)(C)O)CC[C@]3(C)C[C@H]12
Davallialactone,1,CC1=CC(=O)[C@H](c2c(O)cc(/C=C/c3ccc(O)c(O)c3)oc2=O)[C@@H](c2ccc(O)c(O)c2)O1
Asperophiobolin F,0,CC1=CC(=O)[C@H]2/C(C=O)=C\C[C@H]3[C@@H]([C@@H](C)/C=C\[C@H](O)C(C)(C)O)CC[C@]3(C)C[C@H]12
Asperophiobolin I,1,CC1=CC(=O)[C@H]2/C(C=O)=C\C[C@H]3[C@@H]([C@@H](C)/C=C\[C@H]4OC4(C)C)CC[C@]3(C)C[C@H]12
"23-hydroxy-3-oxolanosta-8,24-dien-26,23-olide",1,CC1=CC(O)(C[C@@H](C)[C@H]2CC[C@@]3(C)C4=CC[C@H]5C(C)(C)[C@H](O)CC[C@]5(C)[C@@H]4CC[C@]23C)OC1=O
"7,14,24-mariesatrien-26,23-olide-3alpha,23-diol",1,CC1=CC(O)(C[C@@H](C)[C@]2(C)CC=C3C4=CC[C@H]5C(C)(C)[C@H](O)CC[C@]5(C)[C@@H]4CC[C@]32C)OC1=O
Physacoztolide B,0,CC1=C[C@H]([C@](C)(O)[C@H]2CC[C@@]3(C)[C@@H]4C[C@@H](O)[C@@]5(O)CC=CC(=O)[C@]5(C)[C@H]4CC[C@]23CO)OC(=O)C1C
Exotiacetal C,0,CC1=C[C@H]2c3cc(/C=C/CO)ccc3O[C@@H](O)[C@@]2(/C=C/c2cc(/C=C/CO)ccc2O)CC1
"6,7-dihydroxy-1-methyl-3,4-dihydroisoquinoline",0,CC1=NCCc2cc(O)c(O)cc21
"1-methyl-1,2,3,4-tetrahydro-beta-carboline-3-carboxylic acid",0,CC1NC(C(=O)O)Cc2c1[nH]c1ccccc21
2'''-O-(2-Methylbutanoyl)-oregonin,1,CCC(C)C(=O)O[C@H]1[C@H](O[C@@H](CCc2ccc(O)c(O)c2)CC(=O)/C=C/c2ccc(O)c(O)c2)OC[C@@H](O)[C@@H]1O
Ligustilide,1,CCC/C=C1\OC(=O)C2=C1CCC=C2
Z-butylidenephthalide,0,CCC/C=C1\OC(=O)c2ccccc21
"1-ethyl-1,2,3,4-tetrahydro-beta-carboline-3-carboxylic acid",0,CCC1NC(C(=O)O)Cc2c1[nH]c1ccccc21
"1-acetophenone-1,2,3,4-tetrahydro-beta-carboline-3-carboxylic acid",0,CCC1NC(C(=O)c2ccccc2)Cc2c1[nH]c1ccccc21
Rhodomyrtosone A,0,CCCC(=O)c1c(O)cc(O)c2c1O[C@]1(C(C)C)OC3=C(C(=O)C(C)(C)C(=O)C3(C)C)[C@H]21
Rhodomyrtosone I,1,CCCC(=O)c1c(O)cc2c(c1O)C(c1ccccc1)C1=C(O2)C(C)(C)C(=O)C(C)(C)C1=O
Rhodomyrtosone G,1,CCCC(=O)c1c(O)cc2c(c1O)[C@@H]1C3=C(O[C@]1(C(C)C)O2)C(C)(C)C(=O)C(C)(C)C3=O
"3,23-O-Butylidene-2alpha,3beta,19alpha,23-tetrahydroxyolean-12-en-28-oic acid 28-O-beta-D-glucopyranoside",1,CCCC1CC[C@@]2(C)C3CC[C@]4(C)C(CC=C5C6[C@H](O)C(C)(C)CC[C@]6(C(=O)O[C@@H]6O[C@H](CO)[C@@H](O)[C@H](O)[C@H]6O)CC[C@]54C)[C@@]3(C)C[C@@H](O)[C@@H]2O1
Shogaol,1,CCCCC/C=C/C(=O)CCc1ccc(O)c(OC)c1
Hericenone E,0,CCCCC/C=C/C/C=C\CCCCCCCC(=O)OCc1cc(OC)c(C/C=C(\C)CC(=O)C=C(C)C)c(O)c1C=O
Linoleic acid,0,CCCCC/C=C\C/C=C\CCCCCCCC(=O)O
Euphorbia factor L10,1,CCCCCC(=O)O[C@H]1[C@@H](C)C[C@]2(OC(C)=O)C(=O)/C(C)=C/[C@@H]3[C@H](CC/C(CO)=C\[C@@H]12)C3(C)C
"20-O-(2'',4'E-Decadienoyl) ingenol",1,CCCCCCC/C=C/C=C/C(=O)OCC1=C[C@@H]2C[C@]3(C=C(C)[C@H](O)[C@@]3(O)[C@@H]1O)[C@H](C)C[C@@H]1[C@H]2C1(C)C
"3-O-(2'E,4'Edecadienoyl) ingenol",1,CCCCCCC/C=C/C=C/C(=O)O[C@H]1C(C)=C[C@]23C[C@@H](C=C(CO)[C@@H](O)[C@]12O)[C@H]1[C@@H](C[C@H]3C)C1(C)C
"20-O-(2E,4'Z-decadienoyl) ingenol",1,CCCCCCC/C=C\C=C\C(=O)OCC1=C[C@@H]2C[C@]3(C=C(C)[C@H](O)[C@@]3(O)[C@@H]1O)[C@H](C)C[C@@H]1[C@H]2C1(C)C
"20-O-Acetyl-[5-O-(2'E,4'Z)-decadienoyl]-ingenol",1,CCCCCCC/C=C\C=C\C(=O)O[C@@H]1C(COC(C)=O)=C[C@@H]2C[C@]3(C=C(C)[C@H](O)[C@@]13O)[C@H](C)C[C@@H]1[C@H]2C1(C)C
"3-O-(2'E,4'Z-Decadienoyl) ingenol",1,CCCCCCC/C=C\C=C\C(=O)O[C@H]1C(C)=C[C@]23C[C@@H](C=C(CO)[C@@H](O)[C@]12O)[C@H]1[C@@H](C[C@H]3C)C1(C)C
"3-O-(2'E,4'Z-Decadienoyl)-20-O-acetylingenol",1,CCCCCCC/C=C\C=C\C(=O)O[C@H]1C(C)=C[C@]23C[C@@H](C=C(COC(C)=O)[C@@H](O)[C@]12O)[C@H]1[C@@H](C[C@H]3C)C1(C)C
"3-Hexyl-4,5-dithiocycloheptanone",1,CCCCCCC1CC(=O)CCSS1
Oleic acid,0,CCCCCCCC/C=C\CCCCCCCC(=O)O
5-Methylthio-1-(3-oxoundecyl)disulfanylundecan-3-one,1,CCCCCCCCC(=O)CCSSCCC(=O)C[C@H](CCCCCC)SC
13-O-Docecanoylingenol,1,CCCCCCCCCCCC(=O)O[C@@]12C[C@@H](C)[C@]34C=C(C)[C@H](O)[C@@]3(O)[C@H](O)C(CO)=C[C@H](C4)[C@@H]1C2(C)C
3-O-(2.3-Dimethylbutyryl)-13-O-n-dodecanoyl-13-hydroxyingenol,1,CCCCCCCCCCCC(=O)O[C@@]12C[C@@H](C)[C@]34C=C(C)[C@H](OC(=O)C(C)C(C)C)[C@@]3(O)[C@H](O)C(CO)=C[C@H](C4)[C@@H]1C2(C)C
"3-O-(2,3-Dimethylbutanoyl)-13-O-dodecanoyl-20-O-acetylingenol",1,CCCCCCCCCCCC(=O)O[C@@]12C[C@@H](C)[C@]34C=C(C)[C@H](OC(=O)C(C)C(C)C)[C@@]3(O)[C@H](OC(C)=O)C(COC(C)=O)=C[C@H](C4)[C@@H]1C2(C)C
Euphorkans A,1,CCCCCCCCCCCC(=O)O[C@@]12C[C@@H](C)[C@]34C=C(C)[C@H](OC(C)=O)[C@@]3(O)[C@H](O)C(COC(C)=O)=C[C@H](C4)[C@@H]1C2(C)C
Euphorkans B,1,CCCCCCCCCCCC(=O)O[C@@]12C[C@@H](C)[C@]34C=C(C)[C@H](OC(C)=O)[C@@]3(O)[C@H](OC(C)=O)C(COC(=O)C(C)C(C)C)=C[C@H](C4)[C@@H]1C2(C)C
Hericenone F,0,CCCCCCCCCCCCCCCC(=O)OCc1cc(OC)c2c(c1C=O)OC(C)(CC(=O)C=C(C)C)CC2
Hericenone D,0,CCCCCCCCCCCCCCCCCC(=O)OCc1cc(OC)c(C/C=C(\C)CC(=O)C=C(C)C)c(O)c1C=O
10-Gingerol,1,CCCCCCCCC[C@H](O)CC(=O)CCc1ccc(O)c(OC)c1
8-Gingerol,1,CCCCCCC[C@H](O)CC(=O)CCc1ccc(O)c(OC)c1
Pseudane-VII,1,CCCCCCCc1cc(=O)c2ccccc2[nH]1
rubratoxin acid A,1,CCCCCC[C@H](O)[C@@H]1/C(C(=O)O)=C(/C(=O)O)C[C@H]([C@@H](O)[C@H]2CC=CC(=O)O2)CC2=C(C(=O)OC2=O)[C@H]1O
"5(S)-Butyloxy-1,7-di(3,4-dihydroxyphenyl)-1-hepten-3-one",1,CCCCO[C@@H](CCc1ccc(O)c(O)c1)CC(=O)/C=C/c1ccc(O)c(O)c1
5-O-Butylhirusutanonol,1,CCCCO[C@@H](CCc1ccc(O)c(O)c1)CC(=O)CCc1ccc(O)c(O)c1
"17β-hydroxy-11α-methoxy3,16-dioxo-28-noroleana-1,12-diene",1,CCC[C@H]1C2=C[C@@H](OC)[C@@H]3[C@@]4(C)C=CC(=O)C(C)(C)C4CC[C@@]3(C)[C@]2(C)CC(=O)[C@@H]1O
Ethyl caffeate,1,CCOC(=O)/C=C/c1ccc(O)c(O)c1
"(-)-(6,7-Dihydroxy-1,2,3,4-tetrahydroisoquinoline)propanoate",1,CCOC(=O)CC[C@@H]1NCCc2cc(O)c(O)cc21
Honaucin B,1,CCOC(=O)C[C@H](O)COC(=O)/C=C/CCl
Euphorhirtin L,1,CCOC(=O)Cc1c2c3c(cc(O)c(O)c3oc1=O)C(=O)[C@@]2(O)C(=O)OCC
Ternifoliuslignan A,1,CCOC(=O)[C@H]1C(C(=O)O)=Cc2cc(O)c(O)cc2[C@@H]1c1ccc(O)c(O)c1
ethyl brevifolin carboxylate,1,CCOC(=O)[C@H]1CC(=O)c2oc(=O)c3cc(O)c(O)c(O)c3c21
Ternifoliuslignan B,1,CCOC(=O)c1c(C(=O)O)cc2cc(O)c(O)cc2c1-c1ccc(O)c(O)c1
Ternifoliuslignan D,1,CCOC(=O)c1cc(-c2ccc(O)c(O)c2)c2cc(O)c(O)cc2c1
Ternifoliuslignan C,1,CCOC(=O)c1cc2cc(O)c(O)cc2c(-c2ccc(O)c(O)c2)c1C(=O)O
"8-(3-Ethoxy-2-hydroxy-3-methylbutyl)-5,7-dimethoxycoumarin",1,CCOC(C)(C)C(O)Cc1c(OC)cc(OC)c2ccc(=O)oc12
Muralatin E,1,CCOC(C)(C)[C@@H](O)Cc1c(OC)c(OC)cc2ccc(=O)oc12
"1,2-bis (4-hydroxy-3-methoxyphenyl)-1,3-propanediol",0,CCOC(CO)c1ccc(O)cc1
Garracoumarin D,0,CCO[C@@H](CC/C(C)=C/COc1c2occc2cc2ccc(=O)oc12)C(C)(C)O
Exotimarin I,0,CCO[C@H](Cc1c(OC)cc(OC)c2ccc(=O)oc12)C(C)(C)O
Penazaphilone E,1,CC[C@H](C)/C=C(C)/C=C/C1=CC2=C(Cl)C(=O)[C@@](C)(OC(C)=O)C(=O)C2=CN1
Penazaphilone A,1,CC[C@H](C)/C=C(C)/C=C/C1=CC2=C(Cl)C(=O)[C@@](C)(OC(C)=O)C(=O)C2=CN1C(CC(C)C)C(=O)O
Penazaphilone H,0,CC[C@H](C)/C=C(C)/C=C/C1=CC2=C(Cl)C(=O)[C@@](C)(OC(C)=O)C(=O)C2=CN1CCCC(=O)O
Penazaphilone F,1,CC[C@H](C)/C=C(C)/C=C/C1=CC2=C(Cl)C(=O)[C@@](C)(OC(C)=O)C(=O)C2=CN1CCCC(=O)OC
Penazaphilone D,0,CC[C@H](C)/C=C(C)/C=C/C1=CC2=C(Cl)C(=O)[C@@](C)(OC(C)=O)C(=O)C2=CN1CCCC(N)=O
Penazaphilone I,0,CC[C@H](C)/C=C(C)/C=C/C1=CC2=C(Cl)C(=O)[C@@](C)(OC(C)=O)C(=O)C2=CN1CCCCN1C=C2C(=O)[C@](C)(OC(C)=O)C(=O)C(Cl)=C2C=C1/C=C/C(C)=C/[C@@H](C)CC
Penazaphilone G,1,CC[C@H](C)/C=C(C)/C=C/C1=CC2=C(Cl)C(=O)[C@@](C)(OC(C)=O)C(=O)C2=CN1CCO
ajugapantin H,1,CC[C@H](C)C(=O)O[C@@H](C[C@@]1(C)[C@H](C)C[C@H](O)[C@]2(C)[C@@H]1CCC[C@H]2C(=O)OC)C1=CC(=O)OC1
Zephygranditine A,1,CC[C@H](C)CN1C(=O)c2cc3c(cc2[C@@]24C=C[C@@H](OC)C[C@@H]2N(C)C(=O)[C@@H]14)OCO3
Stigmast-5-ene,0,CC[C@H](CC[C@@H](C)[C@H]1CC[C@H]2[C@@H]3CC=C4CCCC[C@]4(C)[C@H]3CC[C@]12C)C(C)C
Beta-sitosterol,0,CC[C@H](CC[C@@H](C)[C@H]1CC[C@H]2[C@@H]3CC=C4C[C@@H](O)CC[C@]4(C)[C@H]3CC[C@]12C)C(C)C
beta-Sitosterol 3-O-Glc,0,CC[C@H](CC[C@@H](C)[C@H]1CC[C@H]2[C@@H]3CC=C4C[C@@H](O[C@@H]5O[C@H](CO)[C@@H](O)[C@H](O)[C@H]5O)CC[C@]4(C)[C@H]3CC[C@]12C)C(C)C
7beta-hydroxysitosterol,0,CC[C@H](CC[C@@H](C)[C@H]1CC[C@H]2[C@@H]3[C@@H](O)C=C4C[C@@H](O)CC[C@]4(C)[C@H]3CC[C@]12C)C(C)C
Schleicheol 1,0,CC[C@H](CC[C@@H](C)[C@H]1CC[C@H]2[C@@H]3[C@@H](OC)C=C4C[C@@H](O)CC[C@]4(C)[C@H]3CC[C@]12C)C(C)C
Schleicheol 2,0,CC[C@H](CC[C@@H](C)[C@H]1CC[C@H]2[C@@H]3[C@H](OC)C=C4C[C@@H](O)CC[C@]4(C)[C@H]3CC[C@]12C)C(C)C
"4-Pregnene-3,16-dione",1,CC[C@H]1C(=O)C[C@H]2[C@@H]3CCC4=CC(=O)CC[C@]4(C)[C@H]3CC[C@]12C
Hirsutine,1,CC[C@H]1CN2CCc3c([nH]c4ccccc34)[C@H]2C[C@@H]1/C(=C\OC)C(=O)OC
11-hydroxytabersonine,1,CC[C@]12C=CCN3CC[C@]4(C(=C(C(=O)OC)C1)Nc1cc(O)ccc14)[C@@H]32
1-ethyl-harmanine,0,CCc1c2nc3ccccc3c-2ccn1O
1-ethyl-beta-carboline,0,CCc1nccc2c1[nH]c1ccccc12
Zephygranditine D,0,CN[C@H]1C[C@H](OC)C=C[C@@]12C(=O)N(CCc1ccccc1)C(=O)c1cc3c(cc12)OCO3
2-Oxokolavenic acid methyl ester,1,COC(=O)/C=C(\C)CC[C@@]1(C)[C@H](C)CC[C@@]2(C)C(C)=CC(=O)C[C@H]12
Dichotomide III,1,COC(=O)/C=C/NC(=O)c1cc2c([nH]c3ccccc32)c(C(C)=O)n1
Methylcaffeate,0,COC(=O)/C=C/c1ccc(O)c(O)c1
Stellarines b,1,COC(=O)/C=C\NC(=O)c1cc2c([nH]c3ccccc32)c(C(C)=O)n1
Spergulagenic Acid A,1,COC(=O)C1(C)CCC2(C(=O)O)CCC3(C)C(=CCC4C5(C)CCC(OC(C)=O)C(C)(C)C5CCC43C)C2C1
3-methoxycarbonyl-1-methyl-beta-carboline,0,COC(=O)C1Cc2c([nH]c3ccccc23)C(C)N1
Chrysogenester,1,COC(=O)CC/C(C)=C/CC/C(C)=C/Cc1cc(O)c(C)cc1O
Methyl galbanate,1,COC(=O)CC[C@H]1C(=C(C)C)CC[C@H](C)[C@]1(C)COc1ccc2ccc(=O)oc2c1
Honaucin C,1,COC(=O)C[C@H](O)COC(=O)/C=C/CCl
"3-(3,4-Dihydroxyphenyl)-acrylic acid",1,COC(=O)C[C@H](OC(=O)/C=C/c1ccc(O)c(O)c1)c1ccc(O)c(O)c1
"3-(3,4-dihydroxyphenyl)-acrylic acid-1-(3,4-dihydroxyphenyl)-2- methoxy carbonyl ethyl ester",1,COC(=O)C[C@H](OC(=O)C/C=C/c1ccc(O)c(O)c1)c1ccc(O)c(O)c1
1-Benzoyl-1-detigloylohchinolal,0,COC(=O)C[C@H]1[C@@]2(C)[C@H](O[C@]3(C)C(c4ccoc4)=CC[C@H]23)[C@@H]2OC[C@]3(C)[C@H](OC(C)=O)C[C@H](OC(=O)c4ccccc4)[C@@]1(C)[C@@H]23
17-Defurano-17-oxoohchinin,0,COC(=O)C[C@H]1[C@]2(C)C3=C(C)C(=O)C[C@H]3O[C@@H]2[C@@H]2OC[C@]3(C)[C@H](O)C[C@H](OC(=O)/C=C/c4ccccc4)[C@@]1(C)[C@@H]23
Salannol,0,COC(=O)C[C@H]1[C@]2(C)C3=C(C)C(c4ccoc4)C[C@H]3O[C@@H]2[C@@H]2OC[C@]3(C)[C@H](O)C[C@H](OC(=O)CC(C)C)[C@@]1(C)[C@@H]23
6-Deacetylnimbinolactone,0,COC(=O)C[C@H]1[C@]2(C)C3=C(C)[C@H](C4=CC(=O)OC4)C[C@H]3O[C@@H]2[C@H](O)[C@@H]2[C@]1(C)C(=O)C=C[C@@]2(C)C(=O)OC
21-Hydroxyisoohchininolide,0,COC(=O)C[C@H]1[C@]2(C)C3=C(C)[C@H](C4=CC(=O)OC4O)C[C@H]3O[C@@H]2[C@@H]2OC[C@]3(C)[C@H](O)C[C@H](OC(=O)/C=C/c4ccccc4)[C@@]1(C)[C@@H]23
6-Deacetylisonimbinolide,0,COC(=O)C[C@H]1[C@]2(C)C3=C(C)[C@H](C4=CC(=O)OC4O)C[C@H]3O[C@@H]2[C@H](O)[C@@H]2[C@]1(C)C(=O)C=C[C@@]2(C)C(=O)OC
Nimbin pp,0,COC(=O)C[C@H]1[C@]2(C)C3=C(C)[C@H](C4=CC(=O)OC4O)C[C@H]3O[C@@H]2[C@H](OC(C)=O)[C@@H]2[C@]1(C)C(=O)C=C[C@@]2(C)C(=O)OC
23-Hydroxyohchininolide,0,COC(=O)C[C@H]1[C@]2(C)C3=C(C)[C@H](C4=CC(O)OC4=O)C[C@H]3O[C@@H]2[C@@H]2OC[C@]3(C)[C@H](O)C[C@H](OC(=O)/C=C/c4ccccc4)[C@@]1(C)[C@@H]23
Ohchininolide,0,COC(=O)C[C@H]1[C@]2(C)C3=C(C)[C@H](C4=CCOC4=O)C[C@H]3O[C@@H]2[C@@H]2OC[C@]3(C)[C@H](O)C[C@H](OC(=O)/C=C/c4ccccc4)[C@@]1(C)[C@@H]23
1-Benzoyl-1-decinnamoyl-23-hydroxyohchininolide,0,COC(=O)C[C@H]1[C@]2(C)C3=C(C)[C@H](C4=CCOC4=O)C[C@H]3O[C@@H]2[C@@H]2OC[C@]3(C)[C@H](O)C[C@H](OC(=O)c4ccccc4)[C@@]1(C)[C@@H]23
23-Methoxyohchininolide A,0,COC(=O)C[C@H]1[C@]2(C)C3=C(C)[C@H](C4=C[C@@H](OC)OC4=O)C[C@H]3O[C@@H]2[C@@H]2OC[C@]3(C)[C@H](O)C[C@H](OC(=O)/C=C/c4ccccc4)[C@@]1(C)[C@@H]23
23-Methoxyohchininolide B,0,COC(=O)C[C@H]1[C@]2(C)C3=C(C)[C@H](C4=C[C@H](OC)OC4=O)C[C@H]3O[C@@H]2[C@@H]2OC[C@]3(C)[C@H](O)C[C@H](OC(=O)/C=C/c4ccccc4)[C@@]1(C)[C@@H]23
6-Deacetylnimbinene,1,COC(=O)C[C@H]1[C@]2(C)C3=C(C)[C@H](c4ccoc4)CC3O[C@@H]2[C@H](O)C2C(C)=CCC(=O)[C@@]21C
Nimbandiol,0,COC(=O)C[C@H]1[C@]2(C)C3=C(C)[C@H](c4ccoc4)C[C@@H]3O[C@@H]2[C@H](O)[C@@H]2[C@@]1(C)C(=O)C=C[C@@]2(C)O
1-Benzoyl-1-decinnamoyl-28-oxoohchinin,0,COC(=O)C[C@H]1[C@]2(C)C3=C(C)[C@H](c4ccoc4)C[C@H]3O[C@@H]2[C@@H]2OC(=O)[C@]3(C)[C@H](O)CC(O)[C@@]1(C)[C@@H]23
Ohchinin,1,COC(=O)C[C@H]1[C@]2(C)C3=C(C)[C@H](c4ccoc4)C[C@H]3O[C@@H]2[C@@H]2OC[C@]3(C)[C@H](O)C[C@H](OC(=O)/C=C/c4ccccc4)[C@@]1(C)[C@@H]23
Deacetylnimbin,0,COC(=O)C[C@H]1[C@]2(C)C3=C(C)[C@H](c4ccoc4)C[C@H]3O[C@@H]2[C@H](O)[C@@H]2[C@]1(C)C(=O)C=C[C@@]2(C)C(=O)OC
Nimbin,0,COC(=O)C[C@H]1[C@]2(C)C3=C(C)[C@H](c4ccoc4)C[C@H]3O[C@@H]2[C@H](OC(C)=O)[C@@H]2[C@]1(C)C(=O)C=C[C@@]2(C)C(=O)OC
1-Detigloylohchinolal,0,COC(=O)C[C@H]1[C@]2(C)C3=C(C)[C@H](c4ccoc4)C[C@H]3O[C@@H]2[C@H](OC(C)=O)[C@H]2[C@](C)(C=O)[C@H](O)C[C@H](O)[C@@]21C
1-Cinnamoyl-1-detigloylohchinolal,0,COC(=O)C[C@H]1[C@]2(C)C3=C(C)[C@H](c4ccoc4)C[C@H]3O[C@@H]2[C@H](OC(C)=O)[C@H]2[C@](C)(C=O)[C@H](OC(C)=O)C[C@H](OC(=O)c3ccccc3)[C@@]21C
Ternifoliuslignan E,1,COC(=O)[C@@H](Cc1ccc(O)c(O)c1)OC(=O)c1cc(-c2ccc(O)c(O)c2)c2cc(O)c(O)cc2c1
Caesalpinin M3,0,COC(=O)[C@@H]1c2ccoc2CC2C1[C@@H](O)C[C@@]1(O)C(C)(C)CC[C@H](O)[C@]21C
Caesalpinin F2,0,COC(=O)[C@@H]1c2ccoc2CC2C1[C@@H](O)C[C@@]1(O)C(C)(C)C[C@@H](OC(C)=O)C(=O)[C@]21C
Caesalpinin M4,0,COC(=O)[C@@H]1c2ccoc2CC2C1[C@@H](O)[C@H](OC(C)=O)[C@@]1(O)C(C)(C)CC[C@H](O)[C@]21C
Caesalpinin M5,0,COC(=O)[C@@H]1c2ccoc2CC2C1[C@@H](O)[C@H](OC(C)=O)[C@@]1(O)C(C)(C)C[C@H](OC(C)=O)[C@H](O)[C@]21C
7-O-acetyl-bonducellpin C,0,COC(=O)[C@@H]1c2ccoc2CC2C1[C@@H](OC(C)=O)C[C@@]1(O)C(C)(C)CC[C@H](OC(C)=O)[C@]21C
Caesalpinin F3,0,COC(=O)[C@@H]1c2ccoc2CC2C1[C@@H](OC(C)=O)C[C@@]1(O)C(C)(C)C[C@@H](OC(C)=O)C(=O)[C@]21C
Neocaesalminin A,0,COC(=O)[C@@H]1c2ccoc2CC2C1[C@@H](OC(C)=O)[C@@H]1O[C@H]3CC(C)(C)[C@@]1(O3)[C@]2(C)C=O
Pristimerin,1,COC(=O)[C@]1(C)CC[C@]2(C)CC[C@]3(C)C4=CC=C5C(=CC(=O)C(O)=C5C)[C@]4(C)CC[C@@]3(C)[C@@H]2C1
Asperimide D,1,COC(=O)[C@]1(Cc2ccc(CC=C(C)C)c(O)c2)OC(=O)C(O)=C1c1ccc(O)cc1
Methyl 3-O-feruloylquinate,0,COC(=O)[C@]1(O)C[C@@H](O)[C@@H](O)[C@H](OC(=O)/C=C/c2ccc(O)c(OC)c2)C1
Methyl gallate,0,COC(=O)c1cc(O)c(O)c(O)c1
1-Acetyl-3-methoxycarbonyl-beta-carboline,1,COC(=O)c1cc2c([nH]c3ccccc32)c(C(C)=O)n1
Methyl salicylate lactoside,1,COC(=O)c1ccccc1O[C@@H]1O[C@H](CO)[C@@H](O[C@@H]2O[C@H](CO)[C@H](O)[C@H](O)[C@H]2O)[C@H](O)[C@H]1O
"(8S,7′E)-3,4,5,3′,9′pentamethoxyl-7-oxo-8-O-4′-neolignan",1,COC/C=C/c1ccc(O[C@@H](C)C(=O)c2cc(OC)c(OC)c(OC)c2)c(OC)c1
11-Oxoaerothionin,1,COC1=C(Br)[C@H](O)[C@@]2(C=C1Br)CC(C(=O)NCCC(=O)CNC(=O)C1=NO[C@]3(C=C(Br)C(OC)=C(Br)[C@@H]3O)C1)=NO2
"N-formylsinococuline,",1,COC1=C2[C@@H]3Cc4ccc(OC)c(O)c4[C@]2(CCN3C=O)C[C@H](O)[C@@H]1O
17-Hydroxy-15-methoxynimbocinol,1,COC1=C2[C@]3(C)CC[C@H]4C(C)(C)C(=O)C=C[C@]4(C)[C@H]3CC[C@@]2(C)[C@@](O)(c2ccoc2)C1=O
Tunicatachalcone,1,COC1=CC(=O)C(CC=C(C)C)(CC=C(C)C)C(=O)/C1=C(O)/C=C/c1ccccc1
Griffinone A,1,COC1=CC(=O)C(CC=C(C)C)(CC=C(C)C)C2=C1C(=O)C[C@@H](c1ccccc1)O2
"(2S, 4S)-3',4'-methylenedioxypongaflavanol",1,COC1=CC(=O)C(CC=C(C)C)(CC=C(C)C)C2=C1[C@@H](O)C[C@@H](c1ccc3c(c1)OCO3)O2
Pongaflavanol,1,COC1=CC(=O)C(CC=C(C)C)(CC=C(C)C)C2=C1[C@@H](O)C[C@@H](c1ccccc1)O2
"(2S, 4R)-4,5-dimethoxy-8,8-bis(3-methylbut-2-enyl)-2-phenyl-3,4-dihydro-2H-chromen-(8H)-one",1,COC1=CC(=O)C(CC=C(C)C)(CC=C(C)C)C2=C1[C@H](OC)C[C@@H](c1ccc3c(c1)OCO3)O2
Denbinobin,1,COC1=CC(=O)c2ccc3cc(OC)cc(O)c3c2C1=O
3''R-4''-hydroxy-derrisin B,0,COC1C(=O)c2ccc3c(c2OC1c1ccccc1)C[C@@H](O)C(C)(C)O3
Derrisin B,0,COC1C(=O)c2ccc3c(c2OC1c1ccccc1)[C@H](O)[C@H](O)C(C)(C)O3
"1β,17β-dihydroxy-11α-methoxy-3,16-dioxo-28-norolean-12ene",1,COC1C=C2[C@@H]3CC(C)(C)CC[C@]3(O)C(=O)C[C@@]2(C)[C@]2(C)CC[C@H]3C(C)(C)C(=O)CC(O)[C@]3(C)[C@@H]12
1-methoxymethyl-beta-carboline,0,COCc1nccc2c1[nH]c1ccccc12
Geleganimine B,1,CON1C(=O)[C@@]2(C[C@@H]3N=C([C@@](C)(O)CC(C)[C@]45ON4[C@H]4C[C@@]6(C(=O)N(OC)c7ccccc76)[C@H]6C[C@@H]5[C@@H]4CO6)[C@@H]4C[C@H]2OC[C@H]34)c2ccccc21
Zephygranditine F,0,CO[C@@H]1C=C[C@@]2(CN(C)C(=O)c3cc4c(cc32)OCO4)[C@@H](N(C)C=O)C1
Zephygranditine E,0,CO[C@@H]1C=C[C@@]2(CN(CCc3ccc(O)cc3)C(=O)c3cc4c(cc32)OCO4)[C@@H](N(C)C=O)C1
Zephygranditine C,1,CO[C@@H]1C=C[C@@]23c4cc5c(cc4C(=O)N(CCCC(=O)O)[C@@H]2CN(C)[C@H]3C1)OCO5
Zephygranditine B,1,CO[C@@H]1C=C[C@@]23c4cc5c(cc4C(=O)N(CCc4ccccc4)[C@@H]2C(=O)N(C)[C@H]3C1)OCO5
Preussomerin C,1,CO[C@@H]1CC(=O)c2cccc3c2[C@@]12Oc1ccc(O)c4c1[C@](O3)(O2)[C@@H]1O[C@@H]1[C@@H]4O
Terrusnolides D,1,CO[C@@H]1OC(=O)C(c2ccc(O)cc2)C1Cc1ccc2c(c1)CC(C(C)(C)O)O2
Terrusnolides B,1,CO[C@@H]1OC(=O)C(c2ccc(O)cc2)C1Cc1ccc2c(c1)CC(O)C(C)(C)O2
12-Dehydroxy-29-exoneoazedarachin D,0,CO[C@@H]1OC[C@]23[C@@H](O)C[C@@H](OC(C)=O)[C@@]1(C)[C@@H]2C[C@@H](O)[C@@]1(C)[C@@H]2C(=O)C[C@@H](c4ccoc4)[C@]2(C)CC(=O)[C@@H]13
Physaminimin A,1,CO[C@@H]1O[C@@](C)([C@H]2CC(C)=C(C)C(=O)O2)[C@H]2C[C@H](O)[C@@H]3C4C[C@H]5OC(=O)CC=CC5=C(C)[C@H]4CC[C@]123
Physaminimin D,0,CO[C@@H]1O[C@@](C)([C@H]2CC(C)=C(C)C(=O)O2)[C@H]2C[C@H](O)[C@H]3[C@@H]4C[C@@H](O)[C@@]5(O)CC=CC(=O)[C@]5(C)[C@H]4CC[C@@]132
Palmarumycin SA3,1,CO[C@@H]1c2c(O)cccc2C2(Oc3cccc4cccc(c34)O2)[C@H](O)[C@H]1O
Nimbolinin D,1,CO[C@H]1C[C@H]2[C@](C)(C3=C(C)[C@H](c4ccoc4)C[C@@H]3O1)[C@H](OC(=O)c1ccccc1)[C@@H]1OC[C@]3(C)[C@H](OC(C)=O)C[C@H](O)[C@@]2(C)[C@@H]13
Meliarachin K,0,CO[C@H]1OC[C@]23[C@@H](O)C[C@@H](OC(C)=O)[C@@]1(C)[C@@H]2C[C@@H](O)[C@@]1(C)[C@@H]2C(=O)C[C@@H](c4ccoc4)[C@]2(C)[C@@H](OC(C)=O)C(=O)[C@@H]13
Physaminimin B,1,CO[C@H]1O[C@@](C)([C@H]2CC(C)=C(C)C(=O)O2)[C@H]2C[C@H](O)[C@@H]3C4C[C@H]5OC(=O)CC=CC5=C(C)[C@H]4CC[C@]123
Physaminimin E,1,CO[C@H]1O[C@@](C)([C@H]2CC(C)=C(C)C(=O)O2)[C@H]2C[C@H](O)[C@H]3[C@@H]4C[C@@H](O)C5=CC=CC(=O)[C@]5(C)[C@H]4CC[C@@]132
2-O-Methylrhodomollein XI,1,CO[C@H]1[C@H](O)C(C)(C)[C@@]2(O)[C@H](OC(C)=O)C[C@]34C[C@@](C)(O)[C@H](CC[C@H]3[C@@](C)(O)[C@H]12)[C@H]4O
Caesalmin W,0,CO[C@]1(C)c2ccoc2C[C@H]2[C@H]1[C@@H](OC(C)=O)[C@H](O)[C@@]1(O)C(C)(C)CC[C@H](OC(C)=O)[C@]21C
Caesalmin F,0,CO[C@]1(C)c2ccoc2C[C@H]2[C@H]1[C@@H](OC(C)=O)[C@H](OC(C)=O)[C@@]1(O)C(C)(C)CC[C@H](OC(C)=O)[C@]21C
Asperophiobolin A,0,CO[C@]12C[C@@](C)(O)[C@H]3C[C@@]4(C)CC[C@H]([C@@H](C)/C=C\C=C(C)C)/C4=C/C=C(/C(=O)N1)[C@@H]32
Asperophiobolin D,1,CO[C@]12C[C@@](C)(O)[C@H]3C[C@@]4(C)CC[C@H]([C@@H](C)/C=C\C=C(C)C)[C@@H]4C/C=C(/C(=O)N1)[C@@H]32
3-O-methylquercetin,1,COc1c(-c2ccc(O)c(O)c2)oc2cc(O)cc(O)c2c1=O
"3',4'-Methylenedioxy-3- methoxy-2''-(2-hydroxypropan-2-yl)-furano-(2'',3'':7,8)-flavone",1,COc1c(-c2ccc3c(c2)OCO3)oc2c(ccc3oc(C(C)(C)O)cc32)c1=O
Pongapin,1,COc1c(-c2ccc3c(c2)OCO3)oc2c(ccc3occc32)c1=O
Pongachromene,1,COc1c(-c2ccc3c(c2)OCO3)oc2c3c(ccc2c1=O)OC(C)(C)C=C3
Pongapinnol C,1,COc1c(-c2cccc(O)c2)oc2c(ccc3occc32)c1=O
"3-methoxy-5''-(2-hydroxypropan-2-yl)-furano-(2'',3'':7,8)-flavone",0,COc1c(-c2ccccc2)oc2c(ccc3oc(C(C)(C)O)cc32)c1=O
Karanjin,0,COc1c(-c2ccccc2)oc2c(ccc3occc32)c1=O
Karanjachromene,1,COc1c(-c2ccccc2)oc2c3c(ccc2c1=O)OC(C)(C)C=C3
"3-Methoxy-(3'',4''-dihydro-3''-hydroxy-4''-acetoxy)-2'',2''-dimethylpyrano-(7,8:5'',6'')-flavone",1,COc1c(-c2ccccc2)oc2c3c(ccc2c1=O)OC(C)(C)[C@H](O)[C@@H]3OC(C)=O
"3-Methoxy-(3'',4''-dihydro-4''-hydroxy-3''-acetoxy)-2'',2''-dimethylpyrano-(7,8:5'',6'')-flavone",1,COc1c(-c2ccccc2)oc2c3c(ccc2c1=O)OC(C)(C)[C@H](OC(C)=O)[C@@H]3O
"3-Methoxy-(3'',4''- dihydro-3'',4''-diacetoxy-2'',2''-dimethyl) pyrano (7,8:5'',6'') flavone",1,COc1c(-c2ccccc2)oc2c3c(ccc2c1=O)OC(C)(C)[C@H](OC(C)=O)[C@@H]3OC(C)=O
Licochalcone B,1,COc1c(/C=C/C(=O)c2ccc(O)cc2)ccc(O)c1O
"2-Methoxy-6-hydroxy-[2'',3'':3,4]-furan-transchalcone",1,COc1c(/C=C/C(=O)c2ccccc2)c(O)cc2occc12
Ovalitenone,1,COc1c(C(=O)/C=C(\O)c2ccc3c(c2)OCO3)ccc2occc12
Pongamol,0,COc1c(C(=O)/C=C(\O)c2ccccc2)ccc2occc12
Bractelactone,1,COc1c(C(=O)CCc2ccccc2)c(O)c(O)c2c1/C(=C/c1ccccc1)C(=O)O2
Hypoglicin D,1,COc1c(C(C)C)cc(O)c2c1[C@@H](O)C[C@@]13O[C@]1(C)C(=O)CC[C@]23C
Pilosanol n,1,COc1c(C)c(O)c(Cc2c(O)cc(O)c3c2O[C@H](c2ccc(O)c(O)c2)[C@@H](O)C3)c(O)c1C(C)=O
Bleochrin B,1,COc1c(Cc2ccc(O)cc2)c(O)c(Cc2ccc(O)cc2)c(CCc2cc(O)ccc2Cc2ccc(O)cc2)c1Cc1ccc(O)cc1
Bleochrin A,1,COc1c(Cc2ccc(O)cc2)c(O)cc(CCc2cc(O)ccc2Cc2ccc(O)cc2)c1Cc1ccc(O)cc1
Kumujian C,1,COc1c(O)c(=O)n2c3ccccc3c3ccnc1c32
Picrasidine q,0,COc1c(O)c2nccc3c4ccccc4n(c1=O)c23
Mearnsetin,0,COc1c(O)cc(-c2oc3cc(O)cc(O)c3c(=O)c2O)cc1O
"3,3'-di-O-methylellagic acid",1,COc1c(O)cc2c(=O)oc3c(OC)c(O)cc4c(=O)oc1c2c34
Mulberrofuran y,1,COc1c(O)cc2oc(-c3cc(O)cc(O)c3)cc2c1C/C=C(\C)CCC=C(C)C
Oroxylin a,1,COc1c(O)cc2oc(-c3ccccc3)cc(=O)c2c1O
cowanol,1,COc1c(O)cc2oc3cc(O)c(C/C=C(\C)CO)c(O)c3c(=O)c2c1C/C=C(\C)CCC=C(C)C
Mangostin,1,COc1c(O)cc2oc3cc(O)c(CC=C(C)C)c(O)c3c(=O)c2c1CC=C(C)C
cratoxylone,1,COc1c(O)cc2oc3cc(O)c(CCC(C)(C)O)c(O)c3c(=O)c2c1CC=C(C)C
mangostanin,1,COc1c(O)cc2oc3cc4c(c(O)c3c(=O)c2c1CC=C(C)C)C=CC(C)(C)O4
Tectorigenin,1,COc1c(O)cc2occ(-c3ccc(O)cc3)c(=O)c2c1O
Muralatin D,0,COc1c(OC)c(/C=C/C(C)(C)O)c2oc(=O)ccc2c1OC
Murragleinin,0,COc1c(OC)c(CC(O)C(C)(C)O)c2oc(=O)ccc2c1OC
Muralatin C,0,COc1c(OC)c(CC=C(C)C)c2oc(=O)ccc2c1OC
"3,5,6-Trimethoxy-[2'',3'':7,8]-furanoflavone",1,COc1c(OC)c2c(=O)cc(-c3ccccc3)oc2c2ccoc12
"4,5-dimethoxycanthin-6-one",0,COc1c(OC)c2nccc3c4ccccc4n(c1=O)c23
Collinin,1,COc1c(OC/C=C(\C)CCC=C(C)C)ccc2ccc(=O)oc12
Tectoridin,0,COc1c(O[C@@H]2O[C@H](CO)[C@@H](O)[C@H](O)[C@H]2O)cc2occ(-c3ccc(O)cc3)c(=O)c2c1O
"(betaR)-2,beta-Dimethoxy-6-hydroxy-[2'',3'':3,4]-furan-transdihydrochalcone",1,COc1c([C@@H](CC(=O)c2ccccc2)OC)c(O)cc2occc12
Ficucaricone C,1,COc1c2c(cc(O)c1C(=O)C(=O)c1ccc(OCC=C(C)C)cc1)OC(C)(C)C=C2
"1-[6-hydroxy-2-methoxy-2'',2''-dimethylpyrano-(5'',6'':3,4)]-2-(4''-methoxyphenyl)-1,2-ethanedione",1,COc1c2c(cc(O)c1C(=O)C(=O)c1ccc3c(c1)OCO3)OC(C)(C)C=C2
"(7′S,8′S)-Sapiumin B",1,COc1c2c(cc3ccc(=O)oc13)O[C@@H](c1ccc(O)c(O)c1)[C@H](CO)O2
"(7′R,8′R)-Sapiumin B ",1,COc1c2c(cc3ccc(=O)oc13)O[C@H](c1ccc(O)c(O)c1)[C@@H](CO)O2
Indicanine B,1,COc1c2c(cc3oc(=O)c(-c4ccc(O)cc4)c(O)c13)OC(C)(C)C=C2
"(2R)-2, 5-dimethoxy-[2'',3'':6,7]-furanoflavanone",1,COc1c2c(cc3occc13)O[C@@](OC)(c1ccccc1)CC2=O
Pinnatin,1,COc1c2ccoc2cc2oc(-c3ccccc3)cc(=O)c12
Gamatin,0,COc1c2ccoc2cc2occ(-c3ccc4c(c3)OCO4)c(=O)c12
Ficucaricone B,1,COc1c2oc(C(C)(C)O)cc2c(OC)c2c(OC)c(-c3ccc4c(c3)OCO4)c(=O)oc12
Artoindonesianin O,1,COc1cc(-c2cc3ccc(O)cc3o2)cc(O)c1CC=C(C)C
Isopiscerythrone,1,COc1cc(-c2coc3cc(O)c(CC=C(C)C)c(O)c3c2=O)c(O)cc1O
Viridiflorin,1,COc1cc(-c2coc3cc(O)c(CC=C(C)C)c(O)c3c2=O)c(OC)cc1O
3'-O-methylorobol,1,COc1cc(-c2coc3cc(O)cc(O)c3c2=O)ccc1O
3'-Methoxypongapin,1,COc1cc(-c2oc3c(ccc4occc43)c(=O)c2OC)cc2c1OCO2
Isorhamnetin,1,COc1cc(-c2oc3cc(O)cc(O)c3c(=O)c2O)ccc1O
,0,COc1cc(-c2oc3cc(O)cc(O)c3c(=O)c2O[C@@H]2O[C@@H](C)[C@H](O)[C@@H](O)[C@H]2O)cc(O)c1OC
Monomethylcurcumin,1,COc1cc(/C=C/C(=O)C=C(O)/C=C/c2ccc(OC)c(OC)c2)ccc1O
Curcumin,1,COc1cc(/C=C/C(=O)CC(=O)/C=C/c2ccc(O)c(OC)c2)ccc1O
Demethoxycurcumin,1,COc1cc(/C=C/C(=O)CC(=O)/C=C/c2ccc(O)cc2)ccc1O
Dihydrocurcumin,1,COc1cc(/C=C/C(=O)CC(=O)CCc2ccc(O)c(OC)c2)ccc1O
N-trans-feruloyl tyramine,1,COc1cc(/C=C/C(=O)NCCc2ccc(O)cc2)ccc1O
(S)-N-trans-feruloyloctopamine,0,COc1cc(/C=C/C(=O)NC[C@@H](O)c2ccc(O)cc2)ccc1O
2-hydroxy ferulic acid,0,COc1cc(/C=C/C(=O)O)c(O)cc1O
Z-5-hydroxy ferulic acid,0,COc1cc(/C=C/C(=O)O)cc(O)c1[O-]
Ferulic acid,0,COc1cc(/C=C/C(=O)O)ccc1O
Sapiumic acid D,1,COc1cc(/C=C/C(=O)O[C@H]2CC(=O)[C@]3(C)[C@H]4CC[C@]5(C)C(=CC[C@@]6(C(=O)O)CCC(C)(C)C[C@H]65)[C@]4(C)CC[C@H]3C2(C)C)ccc1O
Tenuifoliside B,1,COc1cc(/C=C/C(=O)O[C@H]2[C@H](O)[C@@H](CO)O[C@@]2(CO)O[C@H]2O[C@H](COC(=O)c3ccc(O)cc3)[C@@H](O)[C@H](O)[C@H]2O)cc(OC)c1O
"3',4',5'-trimethoxycinnamyl alcohol",0,COc1cc(/C=C/CO)cc(OC)c1OC
Syringin,0,COc1cc(/C=C/CO)cc(OC)c1O[C@@H]1O[C@H](CO)[C@@H](O)[C@H](O)[C@H]1O
N-Cis-feruloyltyramine,1,COc1cc(/C=C\C(=O)NCCc2ccc(O)cc2)ccc1O
(Z)-Coniferyl Alcohol,1,COc1cc(/C=C\CO)ccc1O
"3,4,5-trimethoxybenzoic acid ",0,COc1cc(C(=O)O)cc(OC)c1OC
Oxyneolignan A,1,COc1cc(C(=O)[C@@H](CO)c2ccc(O)c(OC)c2)ccc1O
Hypoglicin E,1,COc1cc(C(C)C)c(O)c2c1[C@@]1(C)CC=C[C@](C)(CO)[C@@H]1CC2
Hypoglicin B,1,COc1cc(C(C)C)c(O)c2c1[C@@]1(C)CCC(=O)C(C)=C1C=C2
Isoespintanol,0,COc1cc(C)c(OC)c(O)c1C(C)C
Lichexanthone,0,COc1cc(C)c2c(=O)c3c(O)cc(OC)cc3oc2c1
(+)-Syringaresinol 4'-O-beta-D-glucopyranoside,0,COc1cc(C2OCC3C(c4cc(OC)c(O[C@@H]5O[C@H](CO)[C@@H](O)[C@H](O)[C@H]5O)c(OC)c4)OCC23)cc(OC)c1O
Liriodendrin,0,COc1cc(C2OCC3C(c4cc(OC)c(O[C@@H]5O[C@H](CO)[C@@H](O)[C@H](O)[C@H]5O)c(OC)c4)OCC23)cc(OC)c1O[C@@H]1O[C@H](CO)[C@@H](O)[C@H](O)[C@H]1O
7-(4''-hydroxy-3''-methoxyphenyl)-1-phenylhept-4-en-3-one,1,COc1cc(CC/C=C/C(=O)CCc2ccccc2)ccc1O
Tetrahydrocurcumin,0,COc1cc(CCC(=O)CC(=O)CCc2ccc(O)c(OC)c2)ccc1O
Tetrahydrodemethoxycurcumin,0,COc1cc(CCC(=O)CC(=O)CCc2ccc(O)cc2)ccc1O
Hexahydrocurcumin,0,COc1cc(CCC(=O)CC(O)CCc2ccc(O)c(OC)c2)ccc1O
Zingerone,0,COc1cc(CCC(C)=O)ccc1O
5-hydroxy-7-(4''-hydroxy-3''-methoxyphenyl)-1-phenyl-3-heptanone,0,COc1cc(CCC(O)CC(=O)CCc2ccccc2)ccc1O
"3-(3,4,5-trimethoxyphenyl)propan-1-ol",0,COc1cc(CCCO)cc(OC)c1OC
Surinamensinol A,1,COc1cc(CCCO)ccc1O[C@H](C)[C@H](O)c1cc(OC)c(OC)c(OC)c1
Exotimarin D,0,COc1cc(O)c(C(O)[C@@H]2C[C@](C)(/C=C/c3c(OC)ccc4ccc(=O)oc34)OC2=O)c(OC)c1
"2',4,4'-Trihydroxy-3'-(2-methoxy-3-hydroxy-3-methylbutyl)-6'-methoxy-trans-chalcone",1,COc1cc(O)c(CC(OC)C(C)(C)O)c(O)c1C(=O)/C=C/c1ccc(O)cc1
Xanthohumol,1,COc1cc(O)c(CC=C(C)C)c(O)c1C(=O)/C=C/c1ccc(O)cc1
"3,3'-Dihydroxy-2,6-bis(p-hydroxybenzyl)-5-methoxybenzyl",1,COc1cc(O)c(Cc2ccc(O)cc2)c(CCc2cccc(O)c2)c1Cc1ccc(O)cc1
Mat41,0,COc1cc(O)c2c(=O)c(O)c(-c3cc(O)c(O)c(O)c3)oc2c1
Mat43,1,COc1cc(O)c2c(=O)c(O)c(-c3cc(O)c(OC)c(O)c3)oc2c1
Rhamnetin,1,COc1cc(O)c2c(=O)c(O)c(-c3ccc(O)c(O)c3)oc2c1
Mat42,1,COc1cc(O)c2c(=O)c(OC)c(-c3cc(O)c(O)c(O)c3)oc2c1
Ayanin,1,COc1cc(O)c2c(=O)c(OC)c(-c3ccc(OC)c(O)c3)oc2c1
Retusin,0,COc1cc(O)c2c(=O)c(OC)c(-c3ccc(OC)c(OC)c3)oc2c1
,0,COc1cc(O)c2c(=O)c(O[C@@H]3O[C@@H](C)[C@H](O)[C@@H](O)[C@H]3O)c(-c3cc(O)c(OC)c(O)c3)oc2c1
,0,COc1cc(O)c2c(=O)c(O[C@@H]3O[C@@H](C)[C@H](O)[C@@H](O)[C@H]3O)c(-c3cc(O)c(OC)c(OC)c3)oc2c1
,0,COc1cc(O)c2c(=O)c(O[C@@H]3O[C@@H](C)[C@H](O)[C@@H](O)[C@H]3O)c(-c3cc(OC)c(OC)c(OC)c3)oc2c1
Rhamnetin-3-O-Rut,0,COc1cc(O)c2c(=O)c(O[C@H]3O[C@@H](CO[C@H]4O[C@H](C)[C@@H](O)[C@H](O)[C@@H]4O)[C@H](O)[C@@H](O)[C@@H]3O)c(-c3ccc(O)c(O)c3)oc2c1
Ombuine-3-O-Rut,0,COc1cc(O)c2c(=O)c(O[C@H]3O[C@@H](CO[C@H]4O[C@H](C)[C@@H](O)[C@H](O)[C@@H]4O)[C@H](O)[C@@H](O)[C@@H]3O)c(-c3ccc(OC)c(O)c3)oc2c1
Mat38,0,COc1cc(O)c2c(=O)c(O[C@H]3O[C@@H](CO[C@H]4O[C@H](C)[C@@H](O)[C@H](O)[C@@H]4O)[C@H](O)[C@@H](O)[C@@H]3O)c(-c3ccc(OC)c(OC)c3)oc2c1
Aciculatin,1,COc1cc(O)c2c(=O)cc(-c3ccc(O)cc3)oc2c1[C@@H]1C[C@H](O)[C@H](O)[C@@H](C)O1
Pilloin,1,COc1cc(O)c2c(=O)cc(-c3ccc(OC)c(O)c3)oc2c1
Mat14,1,COc1cc(O)c2c(=O)cc(-c3ccc(OC)c(OC)c3)oc2c1
Techtochrysin,1,COc1cc(O)c2c(=O)cc(-c3ccccc3)oc2c1
Physcion,0,COc1cc(O)c2c(c1)C(=O)c1cc(C)cc(O)c1C2=O
Pinostrobin,0,COc1cc(O)c2c(c1)O[C@H](c1ccccc1)CC2=O
Sibiricol,0,COc1cc(O)c2ccc(=O)oc2c1CC=C(C)C
Dinklagein A,1,COc1cc(O)cc(-c2cc3cc(O)c(OC)c(CC=C(C)C)c3o2)c1
Pinosylvin methyl ether,1,COc1cc(O)cc(/C=C/c2ccccc2)c1
Gigantol,0,COc1cc(O)cc(CCc2ccc(OC)c(O)c2)c1
Lasiodiplodin,0,COc1cc(O)cc2c1C(=O)O[C@@H](C)CCCCCCC2
(-)-(7S)-7-Hydroxylasiodiplodin,0,COc1cc(O)cc2c1C(=O)O[C@@H](C)CCC[C@@H](O)CCC2
(+)-(7R)-7-Hydroxylasiodiplodin,0,COc1cc(O)cc2c1C(=O)O[C@@H](C)CCC[C@H](O)CCC2
Echinatin,1,COc1cc(O)ccc1/C=C/C(=O)c1ccc(O)cc1
Acoramol,0,COc1cc(OC)c(OC)cc1/C=C\CO
Magnosalicin,0,COc1cc(OC)c([C@@H]2[C@@H](C)[C@H](c3cc(OC)c(OC)cc3OC)O[C@@H]2C)cc1OC
Magnosalin,1,COc1cc(OC)c([C@@H]2[C@H](C)[C@@H](C)[C@H]2c2cc(OC)c(OC)cc2OC)cc1OC
,1,COc1cc(OC)c2c(=O)c(OC)c(-c3cc(OC)c(OC)c(OC)c3)oc2c1
Pentamethylquercetin,1,COc1cc(OC)c2c(=O)c(OC)c(-c3ccc(OC)c(OC)c3)oc2c1
Tetramethylluteolin,1,COc1cc(OC)c2c(=O)cc(-c3ccc(OC)c(OC)c3)oc2c1
Toddalenone,1,COc1cc(OC)c2ccc(=O)oc2c1/C=C/C(C)=O
Gleinene,1,COc1cc(OC)c2ccc(=O)oc2c1/C=C/C(C)C
Muralatin J,0,COc1cc(OC)c2ccc(=O)oc2c1C(=O)C(=O)C(C)C
Muralatin F,1,COc1cc(OC)c2ccc(=O)oc2c1C/C=C(\C)C=O
"5,7-Dimethoxy-8-(3-methyl-2-oxobutyl)-coumarin",1,COc1cc(OC)c2ccc(=O)oc2c1CC(=O)C(C)C
Coumurrayin,1,COc1cc(OC)c2ccc(=O)oc2c1CC=C(C)C
Muralatin H,1,COc1cc(OC)c2ccc(=O)oc2c1CC=O
(-)-mexoticin,0,COc1cc(OC)c2ccc(=O)oc2c1C[C@@H](O)C(C)(C)O
Omphalocarpin,0,COc1cc(OC)c2ccc(=O)oc2c1C[C@](C)(O)C(C)OC
Toddalosin,0,COc1cc(OC)c2ccc(=O)oc2c1[C@H]1C=C(C)CC(C)(C)[C@@H]1[C@@H](O)c1c(OC)cc(OC)c2ccc(=O)oc12
"3',5'-dimethoxy-[2'',3'':8,7]-furanoflavone",0,COc1cc(OC)cc(-c2cc(=O)c3ccc4occc4c3o2)c1
Pongapinnol B,0,COc1cc(OC)cc(-c2oc3c(ccc4occc43)c(=O)c2OC)c1
Evofolin B,0,COc1cc([C@@H](O)[C@@H](CO)c2ccc(O)c(OC)c2)ccc1O
"(1R,2S)-rel-1-(4'-hydroxy-3'-methoxyphenyl)-2-[4''-(3-hydroxypropyl)-2'',6''-dimethoxyphenoxy]-1,3-propanediol",1,COc1cc([C@@H](O)[C@H](CO)Oc2c(OC)cc(CCCO)cc2OC)cc(O)c1OC
(-)-Pinoresinol,0,COc1cc([C@@H]2OC[C@@H]3[C@H]2CO[C@H]3c2ccc(O)c(OC)c2)ccc1O
"(1S,2R)-1-(3-Methoxy-4-hydroxyphenyl)-2-[2,6-dimethoxy-4-(3-hydroxypropyl)phenoxy]-1,3-propanediol",1,COc1cc([C@H](O)[C@@H](CO)Oc2c(OC)cc(CCCO)cc2OC)ccc1O
(+)-Syringaresinol,1,COc1cc([C@H]2OC[C@H]3[C@@H]2CO[C@@H]3c2cc(OC)c(O)c(OC)c2)cc(OC)c1C
"(7S,8S)-3-Methoxy-3',7-epoxy-8,4'-oxyneolignan-4,9,9' -triol",1,COc1cc([C@H]2Oc3cc(CCCO)ccc3O[C@H]2CO)ccc1O
Glycitein,0,COc1cc2c(=O)c(-c3ccc(O)cc3)coc2cc1O
Glycitin,0,COc1cc2c(=O)c(-c3ccc(O)cc3)coc2cc1O[C@@H]1O[C@H](CO)[C@@H](O)[C@H](O)[C@H]1O
"7-hydroxy-3,6-dimethoxy-3',4'-methylenedioxyflavone",0,COc1cc2c(=O)c(OC)c(-c3ccc4c(c3)OCO4)oc2cc1O
tsaokonol I,1,COc1cc2c(c(O)c1C(=O)/C=C/c1ccc(O)cc1)C=CC(C)(CC/C=C(\C)CCC=C(C)C)O2
Xanthohumol b,1,COc1cc2c(c(O)c1C(=O)/C=C/c1ccc(O)cc1)CC(O)C(C)(C)O2
Glabrachromene I,1,COc1cc2c(c(O)c1C(=O)/C=C/c1ccc3c(c1)OCO3)C=CC(C)(C)O2
tsaokonol J,1,COc1cc2c(c(O)c1C(=O)/C=C/c1ccccc1)C=CC(C)(CC/C=C(\C)CCC=C(C)C)O2
Erinacerin B,0,COc1cc2c(c(O)c1C/C=C(\C)C[C@H](O)C=C(C)C)COC2=O
Gomisin C,0,COc1cc2c(c(OC)c1OC)-c1c(cc3c(c1OC)OCO3)C[C@H](C)[C@](C)(O)[C@H]2OC(=O)c1ccccc1
tsaokonol E,1,COc1cc2c(c3c1C(=O)CC(c1ccc(O)cc1)O3)C=CC(C)(CC(C)/C=C(\C)CCC=C(C)C)O2
tsaokonol A,1,COc1cc2c(c3c1C(=O)CC(c1ccc(O)cc1)O3)C=CC(C)(CC(C)C=C(C)C)O2
tsaokonol G,1,COc1cc2c(c3c1C(=O)CC(c1ccccc1)O3)C=CC(C)(CC(C)/C=C(\C)CCC=C(C)C)O2
tsaokonol C,1,COc1cc2c(c3c1C(=O)CC(c1ccccc1)O3)C=CC(C)(CC(C)C=C(C)C)O2
Isoglabrachromene,1,COc1cc2c(c3c1C(=O)C[C@@H](c1ccc4c(c1)OCO4)O3)C=CC(C)(C)O2
Obovatin 5-methyl ether,1,COc1cc2c(c3c1C(=O)C[C@@H](c1ccccc1)O3)C=CC(C)(C)O2
Derrivanone,0,COc1cc2c(c3c1C(=O)C[C@@H](c1ccccc1)O3)[C@@H](OC(C)=O)[C@@H](OC(C)=O)C(C)(C)O2
"6-Methoxy-6',6''-dimethylchromeno-[2"""",3"""":7,8]-flavanone",0,COc1cc2c(c3c1OC(C)(C)C=C3)O[C@H](c1ccccc1)CC2=O
5-methoxyseselin,0,COc1cc2c(c3oc(=O)ccc13)C=CC(C)(C)O2
Bleochrin F,1,COc1cc2c(cc1O)CCc1cc(O)ccc1[C@@H]2c1ccc(O)cc1
Scoulerine,0,COc1cc2c(cc1O)[C@@H]1Cc3ccc(OC)c(O)c3CN1CC2
Glaucine,0,COc1cc2c(cc1OC)-c1c(OC)c(OC)cc3c1[C@H](C2)N(C)CC3
Oxoglaucine,0,COc1cc2c(cc1OC)-c1c(OC)c(OC)cc3ccnc(c13)C2=O
Secundiflorol I,1,COc1cc2c(cc1OC)C1COc3cc(O)ccc3C1O2
Deguelin,1,COc1cc2c(cc1OC)[C@@H]1C(=O)c3ccc4c(c3O[C@@H]1CO2)C=CC(C)(C)O4
Muralatin A,1,COc1cc2cc(C)ccc2c2oc(=O)ccc12
Muralatin B,1,COc1cc2cc(COC(=O)CC(C)C)ccc2c2oc(=O)ccc12
5-methoxycanthinone,0,COc1cc2nccc3c4ccccc4n(c1=O)c23
"3',5'-dihydroxy-6-methoxy-7-prenyl-2-arylbenzofuran",1,COc1cc2oc(-c3cc(O)cc(O)c3)cc2cc1CC(O)C(C)(C)O
"3,6,7-trimethoxy-3',4'-methylenedioxyflavone",0,COc1cc2oc(-c3ccc4c(c3)OCO4)c(OC)c(=O)c2cc1OC
"(2R,3R)-Obtusafuran",1,COc1cc2oc(-c3ccccc3)c(C)c2cc1O
"4'-hydroxy-5,7-dimethoxy-6-(3-methyl-2-butenyl)-isoflavone",1,COc1cc2oc(=O)c(-c3ccc(O)cc3)c(O)c2c(OC)c1CC=C(C)C
Isoscopoletin,0,COc1cc2oc(=O)ccc2cc1O
"(2R)-2,5-dimethoxy-[2'',3'':7,8]-furanoflavanone",1,COc1cc2occc2c2c1C(=O)C[C@](OC)(c1ccccc1)O2
"5-methoxy-3',4'-methylenedioxy(8,7-4'',5'')flavone",0,COc1cc2occc2c2oc(-c3ccc4c(c3)OCO4)cc(=O)c12
Pongaglabol methyl ether,1,COc1cc2occc2c2oc(-c3ccccc3)cc(=O)c12
Ficucaricone D,1,COc1ccc(-c2c(O)c3c(OC)c(CC=C(C)C)c(OC)cc3oc2=O)cc1
"3'',4''-dihydrothonningine C",1,COc1ccc(-c2c(O)c3c(OC)c4c(OC)c(C(C)C)oc4c(OC)c3oc2=O)cc1OC
Ficucaricone A,1,COc1ccc(-c2c(OC)c3c(OC)c4cc(C(C)(C)O)oc4c(OC)c3oc2=O)cc1
Diosmetin,1,COc1ccc(-c2cc(=O)c3c(O)cc(O)cc3o2)cc1O
Diosmetin-7-O-Glc,0,COc1ccc(-c2cc(=O)c3c(O)cc(O[C@@H]4O[C@H](CO)[C@@H](O)[C@H](O)[C@H]4O)cc3o2)cc1O
Acaciin,0,COc1ccc(-c2cc(=O)c3c(O)cc(O[C@@H]4O[C@H](CO[C@@H]5O[C@@H](C)[C@H](O)[C@@H](O)[C@H]5O)[C@@H](O)[C@H](O)[C@H]4O)cc3o2)cc1
Tetramethylscutellarein,1,COc1ccc(-c2cc(=O)c3c(OC)c(OC)c(OC)cc3o2)cc1
"3',4'-Dimethoxy[2'',3'':7,8]-furanoflavone",1,COc1ccc(-c2cc(=O)c3ccc4occc4c3o2)cc1OC
Gancaonin N,1,COc1ccc(-c2coc3cc(O)c(CC=C(C)C)c(O)c3c2=O)c(O)c1
Biochanin,1,COc1ccc(-c2coc3cc(O)cc(O)c3c2=O)cc1
Calycosin,1,COc1ccc(-c2coc3cc(O)ccc3c2=O)cc1O
Icariin,0,COc1ccc(-c2oc3c(CC=C(C)C)c(O[C@@H]4O[C@H](CO)[C@@H](O)[C@H](O)[C@H]4O)cc(O)c3c(=O)c2O[C@@H]2O[C@@H](C)[C@H](O)[C@@H](O)[C@H]2O)cc1
"2-(3,4-Dimethoxy-phenyl)-3-methoxy-furo[2,3-h]chromen-4-one",1,COc1ccc(-c2oc3c(ccc4occc43)c(=O)c2OC)cc1OC
Kaempferide,0,COc1ccc(-c2oc3cc(O)cc(O)c3c(=O)c2O)cc1
Tamarixetin,1,COc1ccc(-c2oc3cc(O)cc(O)c3c(=O)c2O)cc1O
Casticin,1,COc1ccc(-c2oc3cc(OC)c(OC)c(O)c3c(=O)c2OC)cc1O
Dimethylcurcumin,1,COc1ccc(/C=C/C(=O)/C=C(O)/C=C/c2ccc(OC)c(OC)c2)cc1OC
Exotimarin E,0,COc1ccc(/C=C/C(=O)O[C@H](Cc2c(OC)ccc3ccc(=O)oc23)C(C)(C)O)c2c1C(=O)C(C)(C)O2
"2,4-Dihydroxy-3',4'-dimethoxychalcone",1,COc1ccc(/C=C/C(=O)c2ccc(O)cc2O)cc1OC
"3,4-Dimethoxy-2-hydroxy-6'',6''-dimethylchromeno-[2'',3'':4',3']-chalcone",1,COc1ccc(/C=C/C(=O)c2ccc3c(c2O)C=CC(C)(C)O3)cc1OC
"2'-Hydroxy-3,4-dimethoxy-[2'',3'':4',3']-furanochalcone",1,COc1ccc(/C=C/C(=O)c2ccc3occc3c2O)cc1OC
caraganin B,1,COc1ccc(/C=C/[C@H](c2ccc(O)cc2)c2cc(-c3coc4cc(OC)cc(O)c4c3=O)c(O)cc2O)c(OC)c1
"3,4,2',4'-Tetramethoxy-chalcone",1,COc1ccc(C(=O)/C=C/c2ccc(OC)c(OC)c2)c(OC)c1
Dielsianone,1,COc1ccc(C(=O)C(=O)c2cc(OC)c3c(c2O)C=CC(C)(C)O3)cc1
Paeonol,0,COc1ccc(C(C)=O)c(O)c1
Terrusnolides C,1,COc1ccc(C2C(=O)O[C@@H](OC)C2Cc2ccc3c(c2)CC(O)C(C)(C)O3)cc1
"5,7,4'-Trimethoxyflavan",0,COc1ccc(C2CCc3c(OC)cc(OC)cc3O2)cc1
"3-(3,4-dimethoxyphenyl)propan-1-ol",0,COc1ccc(CCCO)cc1OC
Ternifoliusoside F,0,COc1ccc(CCO[C@@H]2O[C@H](CO)[C@@H](OC(=O)/C=C/c3ccc(O)c(OC)c3)[C@H](O[C@@H]3O[C@@H](C)[C@H](OC(C)=O)[C@@H](O)[C@H]3O)[C@H]2OC(C)=O)cc1O
Ternifoliusoside H,0,COc1ccc(CCO[C@@H]2O[C@H](COC(=O)/C=C/c3ccc(O)c(OC)c3)[C@@H](O)[C@H](O[C@@H]3O[C@@H](C)[C@H](O)[C@@H](O)[C@H]3O)[C@H]2OC(C)=O)cc1O
Ternifoliusoside G,0,COc1ccc(CCO[C@@H]2O[C@H](COC(=O)/C=C/c3ccc(O)c(OC)c3)[C@@H](O)[C@H](O[C@@H]3O[C@@H](C)[C@H](OC(C)=O)[C@@H](O)[C@H]3O)[C@H]2OC(C)=O)cc1O
"(+)-6''-Hydroxy-4',4''-dimethoxyaquisinenone B",1,COc1ccc(CCc2cc(=O)c3c(o2)[C@@H](O)[C@@H]2Oc4c(c(O)cc5c(=O)cc(CCc6ccc(OC)cc6)oc45)[C@H]3[C@@H]2O)cc1
(+)-4'-Methoxyaquisinenone G,1,COc1ccc(CCc2cc(=O)c3c(o2)[C@@H](O)[C@@H]2Oc4cc5c(=O)cc(CCc6ccccc6)oc5cc4O[C@H]3[C@@H]2O)cc1
(-)-4'-Methoxyaquisinenone A,1,COc1ccc(CCc2cc(=O)c3c(o2)[C@@H](O)[C@@H]2Oc4ccc5oc(CCc6ccccc6)cc(=O)c5c4[C@H]3[C@@H]2O)cc1
(-)-Aquisinenone D,1,COc1ccc(CCc2cc(=O)c3c(o2)[C@H](O)[C@H]2Oc4c(OC)ccc(CCc5coc6ccc(OC)cc6c5=O)c4[C@@H]3[C@H]2O)cc1
(-)-Aquisinenone F,1,COc1ccc(CCc2cc(=O)c3c(o2)[C@H](O)[C@H]2Oc4cc(CCc5cc(=O)c6cc(OC)ccc6o5)ccc4[C@@H]3[C@H]2O)cc1
"2',5'-Dimethoxy-[2'',3'':7,8]-furanoflavone",1,COc1ccc(OC)c(-c2cc(=O)c3ccc4occc4c3o2)c1
"7,7'-Dihydroxy bursehernin",1,COc1ccc([C@@H](O)[C@H]2C(=O)OC[C@@H]2[C@H](O)c2ccc3c(c2)COC3)cc1OC
"(2S)-7-hydroxy-6,8-di-(3-methylbut-2-enyl)-3',4'-dimethoxyflavanone",1,COc1ccc([C@@H]2CC(=O)c3cc(CC=C(C)C)c(O)c(CC=C(C)C)c3O2)cc1OC
"6-(gamma,gamma-dimethylallyl)-3',4'-dimethoxy-6"",6""-dimethylpyran[2"",3"":7,8]flavanone",1,COc1ccc([C@@H]2CC(=O)c3cc(CC=C(C)C)c4c(c3O2)C=CC(C)(C)O4)cc1OC
Ponganone III ,1,COc1ccc([C@@H]2CC(=O)c3ccc4c(c3O2)C=CC(C)(C)O4)cc1OC
caraganin A,1,COc1ccc([C@H](/C=C/c2ccc(O)cc2)c2cc(-c3coc4cc(OC)cc(O)c4c3=O)c(O)cc2O)c(OC)c1
"3',4'-Dihydroxy-3,7-dimethoxyflavone",1,COc1ccc2c(c1)OC(c1ccc(O)c(O)c1)C(OC)C2=O
Mat53,1,COc1ccc2c(c1)OC(c1ccc(O)cc1)CC2=O
"3,3',4',7-Tetra-O-methylfisetin",1,COc1ccc2c(c1)OC(c1ccc(OC)c(OC)c1)C(OC)C2=O
caraganin C,1,COc1ccc2c(c1)O[C@@H](c1ccc(OC)cc1OC)[C@H](Cc1ccc(O)cc1)[C@H]2/C=C/c1ccc(O)cc1
,0,COc1ccc2c(c1)O[C@@H](c1ccc(O[C@H]3O[C@@H](CO)[C@H](O)[C@@H](O)[C@@H]3O)cc1)CC2=O
"3',4',7-Trimethoxyflavanone",1,COc1ccc2c(c1)O[C@H](c1ccc(OC)c(OC)c1)CC2=O
Medicarpin,1,COc1ccc2c(c1)O[C@H]1c3ccc(O)cc3OC[C@@H]21
Homopterocarpin,0,COc1ccc2c(c1)O[C@H]1c3ccc(OC)cc3OC[C@@H]21
caraganin D,1,COc1ccc2c(c1)O[C@]1(/C=C/c3ccc(O)cc3)c3ccc(OC)cc3OC2[C@H]1Cc1ccc(O)cc1
7-Methoxy-(9H-beta-carbolin-1-il)-(E)-1-propenoic acid,1,COc1ccc2c(c1)[nH]c1c(/C=C/C(=O)O)nccc12
Harmine,0,COc1ccc2c(c1)[nH]c1c(C)nccc12
10-Methoxycanthin-6-one,1,COc1ccc2c(c1)c1ccnc3ccc(=O)n2c31
Isoderricine A,1,COc1ccc2c(c1CC=C(C)C)OC(c1ccccc1)CC2=O
bisbenzylisoquinoline alkaloid,1,COc1ccc2cc1Oc1ccc(cc1)C[C@H]1c3c(cc4c(c3Oc3cc5c(cc3OC)CCN(C=O)[C@@H]5C2)OCO4)CCN1C
Nformylisotetrandrine,1,COc1ccc2cc1Oc1ccc(cc1)C[C@H]1c3cc(c(OC)cc3CCN1C)Oc1c(OC)c(OC)cc3c1[C@@H](C2)N(C=O)CC3
Fanchinin,1,COc1ccc2cc1Oc1ccc(cc1)C[C@H]1c3cc(c(OC)cc3CCN1C)Oc1c(OC)c(OC)cc3c1[C@H](C2)N(C)CC3
Berberine,1,COc1ccc2cc3[n+](cc2c1OC)CCc1cc2c(cc1-3)OCO2
Herniarin,0,COc1ccc2ccc(=O)oc2c1
Murraol,0,COc1ccc2ccc(=O)oc2c1/C=C/C(C)(C)O
Muralatin I,1,COc1ccc2ccc(=O)oc2c1C(=O)C(=O)C(C)C
Exotimarin H,1,COc1ccc2ccc(=O)oc2c1C(=O)C(OC(=O)CC(C)C)=C(C)C
Murralongin,0,COc1ccc2ccc(=O)oc2c1C(C=O)=C(C)C
Exotimarin G,0,COc1ccc2ccc(=O)oc2c1C[C@H](O)C(O)COC(=O)CC(C)C
(+)-4'-Demethoxyaquisinenone D,1,COc1ccc2occ(CCc3ccc(OC)c4c3[C@H]3c5c(oc(CCc6ccccc6)cc5=O)[C@@H](O)[C@H](O4)[C@H]3O)c(=O)c2c1
(-)-4'-Demethoxyaquisinenone D,1,COc1ccc2occ(CCc3ccc(OC)c4c3[C@H]3c5c(oc(CCc6ccccc6)cc5=O)[C@H](O)[C@@H](O4)[C@@H]3O)c(=O)c2c1
Pongol methyl ether,0,COc1cccc(-c2cc(=O)c3ccc4occc4c3o2)c1
Pachycarin D,1,COc1cccc(-c2oc3c(ccc4occc43)c(=O)c2OC)c1
"5-Hydroxy-4-(p-hydroxybenzyl)-3',3-dimethoxybibezyl",1,COc1cccc(CCc2cc(O)c(Cc3ccc(O)cc3)c(OC)c2)c1
Picrasidine M,0,COc1cccc2c1[nH]c1c(CCn3ccc4c5n(c(=O)c(=O)cc3-5)c3ccccc43)ncc(OC)c12
1-(2-acetoxy-1-methoxyethyl)-4-methoxy-beta-carboline,0,COc1cnc(C(OC)OC(C)=O)c2[nH]c3ccccc3c12
"3-(4-Methoxy-9H-pyrido[3,4-b]indol-1-yl)-1-(9H-pyrido[3,4-b]indol-1-yl)propan-1-one",1,COc1cnc(CCC(=O)c2nccc3c2[nH]c2ccccc23)c2[nH]c3ccccc3c12
Picrasidine N,0,COc1cnc(CCn2ccc3c4n(c(=O)c(=O)cc2-4)c2ccccc32)c2c1c1ccccc1n2OC
1-methoxy-canthin-6-one,0,COc1cnc2ccc(=O)n3c4ccccc4c1c23
ophiobolin Q,1,C[C@@H](/C=C\[C@@H](O)C(C)(C)C)[C@H]1CC[C@]2(C)C[C@@H]3C=CC(=O)[C@@H]3/C(C=O)=C\C[C@@H]12
Asperophiobolin H,1,C[C@@H](/C=C\[C@@H](O)C(C)(C)C)[C@H]1CC[C@]2(C)C[C@@H]3C=CC(=O)[C@H]3/C(C=O)=C\C[C@@H]12
Asperophiobolin J,1,C[C@@H](/C=C\[C@@H](O)C(C)(C)O)[C@H]1CC[C@]2(C)C[C@H]3[C@@H](C(=O)C[C@@]3(C)O)/C(C=O)=C\C[C@@H]12
Amestolkolide A,1,C[C@@H]1C2C(=O)O[C@H]3OCC4=C(C5C(C=C6C(=CC(=O)OC6(C)C)[C@@]6(CO6)C51)O4)[C@@H]23
Sinkianol A,0,C[C@@H]1CC=C2[C@@H](CC[C@H](O)C2(C)C)[C@H]1COc1ccc2ccc(=O)oc2c1
Solanine A ,1,C[C@@H]1CC[C@@]2(NC1)O[C@@H]1[C@@H](C[C@@]3(C)C[C@H]4[C@H](C[C@H]13)C(C=O)=C1C=CCC[C@@]14C)[C@@H]2C
Dioscin,1,C[C@@H]1CC[C@@]2(OC1)O[C@H]1C[C@H]3[C@@H]4CC=C5C[C@@H](O[C@@H]6O[C@H](CO)[C@@H](O[C@@H]7O[C@@H](C)[C@H](O)[C@@H](O)[C@H]7O)[C@H](O)[C@H]6O[C@@H]6O[C@@H](C)[C@H](O)[C@@H](O)[C@H]6O)CC[C@]5(C)[C@H]4CC[C@]3(C)[C@H]1[C@@H]2C
Asiatic acid,1,C[C@@H]1CC[C@]2(C(=O)O)CC[C@]3(C)C(=CCC4[C@@]5(C)C[C@@H](O)[C@H](O)[C@@](C)(CO)C5CC[C@]43C)C2[C@H]1C
"2alpha,3beta,19alpha,23-tetrahydroxyurs-12-en-28-oic acid",1,C[C@@H]1CC[C@]2(C(=O)O)CC[C@]3(C)C(=CCC4[C@@]5(C)C[C@@H](O)[C@H](O)[C@@](C)(CO)C5CC[C@]43C)C2[C@]1(C)O
"2alpha,3alpha,19alpha-trihydroxyurs-12-en-28-oic acid",0,C[C@@H]1CC[C@]2(C(=O)O)CC[C@]3(C)C(=CC[C@@H]4[C@@]5(C)C[C@@H](O)[C@@H](O)C(C)(C)C5CC[C@]43C)[C@H]2[C@]1(C)O
Euscaphic acid,0,C[C@@H]1CC[C@]2(C(=O)O)CC[C@]3(C)C(=CC[C@@H]4[C@@]5(C)C[C@@H](O)[C@@H](O)C(C)(C)[C@@H]5CC[C@]43C)[C@@H]2[C@]1(C)O
Tomentic acid,1,C[C@@H]1CC[C@]2(C(=O)O)CC[C@]3(C)C(=CC[C@@H]4[C@@]5(C)C[C@@H](O)[C@H](O)C(C)(C)[C@@H]5CC[C@]43C)[C@@H]2[C@]1(C)O
Paradrymoniside,1,C[C@@H]1CC[C@]2(C(=O)O[C@@H]3O[C@H](CO)[C@@H](O)[C@H](O)[C@H]3O)CC[C@]3(C)C(=CCC4[C@@]5(C)C[C@@H](O)[C@H](O)[C@@](C)(C=O)C5CC[C@]43C)C2[C@]1(C)O
Niga-ichigoside F1,1,C[C@@H]1CC[C@]2(C(=O)O[C@@H]3O[C@H](CO)[C@@H](O)[C@H](O)[C@H]3O)CC[C@]3(C)C(=CCC4[C@@]5(C)C[C@@H](O)[C@H](O)[C@@](C)(CO)C5CC[C@]43C)C2[C@]1(C)O
"23-O-Galloyl-2alpha,3beta,19alpha-trihydroxyurs-12-en-28-oic acid 28-O-beta-Dglucopyranoside",1,C[C@@H]1CC[C@]2(C(=O)O[C@@H]3O[C@H](CO)[C@@H](O)[C@H](O)[C@H]3O)CC[C@]3(C)C(=CCC4[C@@]5(C)C[C@@H](O)[C@H](O)[C@@](C)(COC(=O)c6cc(O)c(O)c(O)c6)C5CC[C@]43C)C2[C@]1(C)O
4-epi-niga-ichigoside,1,C[C@@H]1CC[C@]2(C(=O)O[C@@H]3O[C@H](CO)[C@@H](O)[C@H](O)[C@H]3O)CC[C@]3(C)C(=CCC4[C@@]5(C)C[C@@H](O)[C@H](O)[C@](C)(CO)C5CC[C@]43C)C2[C@]1(C)O
"3-O-galloyl-2alpha,19alpha,23-trihydroxyurs-12-en-28-oic acid 28-O-beta-Dglucopyranoside",1,C[C@@H]1CC[C@]2(C(=O)O[C@@H]3O[C@H](CO)[C@@H](O)[C@H](O)[C@H]3O)CC[C@]3(C)C(=CCC4[C@@]5(C)C[C@@H](O)[C@H](OC(=O)c6cc(O)c(O)c(O)c6)[C@@](C)(O)C5CC[C@]43C)C2[C@]1(C)O
ursaldehyde,1,C[C@@H]1CC[C@]2(C=O)CC[C@]3(C)C(=CCC4[C@@]5(C)CC[C@H](O)C(C)(C)C5CC[C@]43C)C2[C@H]1C
"2,3,11beta,13-Tetrahydroaromaticin",1,C[C@@H]1C[C@@H]2OC(=O)[C@H](C)[C@H]2C[C@]2(C)C(=O)CC[C@@H]12
"11beta,13-Dihydrocarpesiolin",1,C[C@@H]1C[C@@H]2OC(=O)[C@H](C)[C@H]2[C@H](O)[C@]2(C)C(=O)CC[C@@H]12
(S)-(-)-salsolinol,0,C[C@@H]1NCCc2cc(O)c(O)cc21
Rutin,0,C[C@@H]1O[C@@H](OC[C@H]2O[C@@H](Oc3c(-c4ccc(O)c(O)c4)oc4cc(O)cc(O)c4c3=O)[C@H](O)[C@@H](O)[C@@H]2O)[C@H](O)[C@H](O)[C@H]1O
Astilbin,0,C[C@@H]1O[C@@H](O[C@H]2C(=O)c3c(O)cc(O)cc3O[C@@H]2c2ccc(O)c(O)c2)[C@H](O)[C@H](O)[C@H]1O
Alpha-hederin,1,C[C@@H]1O[C@@H](O[C@H]2[C@H](O[C@H]3CC[C@@]4(C)[C@@H](CC[C@]5(C)[C@@H]4CC=C4[C@@H]6CC(C)(C)CC[C@]6(C(=O)O)CC[C@]45C)[C@]3(C)CO)OC[C@H](O)[C@@H]2O)[C@H](O)[C@H](O)[C@H]1O
Myricitrin,0,C[C@@H]1O[C@@H](Oc2c(-c3cc(O)c(O)c(O)c3)oc3cc(O)cc(O)c3c2=O)[C@H](O)[C@H](O)[C@H]1O
Quercitrin,0,C[C@@H]1O[C@@H](Oc2c(-c3ccc(O)c(O)c3)oc3cc(O)cc(O)c3c2=O)[C@H](O)[C@H](O)[C@H]1O
Moringin,1,C[C@@H]1O[C@@H](Oc2ccc(CN=C=S)cc2)[C@H](O)[C@H](O)[C@H]1O
"3b,16a,23-trihydroxy-11,13(18)-dien-28-methylketone-oleane 3-O-b-D-glucopyranosyl-(1!3)-b-D-fucopyranoside",1,C[C@@H]1O[C@H](O[C@H]2CC[C@@]3(C)C(CC[C@]4(C)C3C=CC3=C5CC(C)(C)CC[C@]5(C)[C@H](O)C[C@]34C)[C@]2(C)CO)[C@@H](O)[C@H](O[C@@H]2O[C@H](CO)[C@@H](O)C(O)[C@H]2O)[C@@H]1O
Cannabifolin A,0,C[C@@H]1[C@@H]2C[C@@]3(CC[C@]4(C)[C@@H]5[C@@H]3[C@]1(C)O[C@]5(O)C[C@@H]1[C@@]3(C)C[C@@H](O)[C@@H](O)C(C)(C)[C@@H]3CC[C@]14C)C(=O)O2
Paeoniflorin,0,C[C@@]12C[C@@]3(O)O[C@@H](O1)[C@]1(COC(=O)c4ccccc4)[C@H]3C[C@@]12O[C@@H]1O[C@H](CO)[C@@H](O)[C@H](O)[C@H]1O
"23,24,25-Trihydroxycycloartan-3-one",1,C[C@H](C[C@@H](O)[C@H](O)C(C)(C)O)[C@H]1CC[C@@]2(C)[C@@H]3CC[C@H]4C(C)(C)C(=O)CC[C@@]45C[C@@]35CC[C@]12C
Chrodrimanin B,0,C[C@H]1OC(=O)c2c(O)cc3c(c2[C@H]1O)C[C@H]1[C@@]2(C)C=CC(=O)C(C)(C)[C@@H]2C[C@H](O)[C@]1(C)O3
Amestolkolide B,1,C[C@H]1O[C@@H]2OC(=O)[C@]3(C)C[C@@H]4[C@](C)(C(=O)C=C5C(=CC(=O)OC5(C)C)[C@@]45CO5)[C@H](C1=O)[C@H]23
Purpurogenolide E,0,C[C@H]1O[C@@H]2OC(=O)[C@]3(C)C[C@H]4C(CO)=C5CC(=O)OC(C)(C)C5=CC(=O)[C@]4(C)[C@H](C1=O)[C@H]23
ent-sauchinone ,1,C[C@H]1[C@@H]2c3cc4c(cc3O[C@]35OCOC3=CC(=O)[C@@H](C[C@@H]1C)[C@H]25)OCO4
ent-1′-epi-sauchinone,1,C[C@H]1[C@@H]2c3cc4c(cc3O[C@]35OCOC3=CC(=O)[C@H](C[C@@H]1C)[C@H]25)OCO4
Cannabifolin C,1,C[C@H]1[C@H](C)CC[C@@]23CC[C@@]4(C)[C@]5(C)CC[C@H]6C(C)(C)[C@H](O)[C@H](O)C[C@]6(C)[C@H]5C/C(=C\O)[C@]4(OC2=O)[C@H]13
Cannabifolin D,0,C[C@H]1[C@H](C)CC[C@@]23CC[C@@]4(C)[C@]5(C)CC[C@H]6C(C)(C)[C@H](O)[C@H](O)C[C@]6(C)[C@H]5CC(=O)[C@]4(OC2=O)[C@H]13
Ursolic acid,1,C[C@H]1[C@H](C)CC[C@]2(C(=O)O)CC[C@]3(C)C(=CC[C@@H]4[C@@]5(C)CC[C@H](O)C(C)(C)[C@@H]5CC[C@]43C)[C@H]12
Uvaol,0,C[C@H]1[C@H](C)CC[C@]2(CO)CC[C@]3(C)C(=CC[C@@H]4[C@@]5(C)CC[C@H](O)C(C)(C)[C@@H]5CC[C@]43C)[C@H]12
"(12R,13R)-8,13-epoxy-14labden-12-ol ",1,C[C@]12CCC[C@@](C)(C(=O)O)[C@@H]1CCC1=CC(=O)CC[C@@H]12
Sanguinarium,0,C[n+]1cc2c3c(ccc2c2ccc4cc5c(cc4c21)OCO5)OCO3
Furotrilliumoside,1,Cc1c(CC[C@@H](C)COC2OC(CO)[C@@H](O)[C@H](O)[C@@H]2O)oc2c1C1CC[C@H]3[C@@H](CC=C4CC(OC5OC(CO)C(O[C@@H]6OC(C)C(O[C@H]7C[C@@H](O)[C@@H](O)C(C)O7)[C@H](O)C6O)[C@H](O)[C@@H]5O[C@@H]5OC(C)[C@H](O)[C@H](O)C5O)CC[C@@]43C)[C@@H]1C2
Pyrrole-3-propanoic acid,0,Cc1c[nH]cc1CCC(=O)O
crassifolin N,1,Cc1cc(O)cc2c1CC[C@@H](C)[C@]2(C)CC(=O)c1ccoc1
Dihydrotanshinone I,1,Cc1cccc2c3c(ccc12)C1=C(C(=O)C3=O)[C@@H](C)CO1
Harman-3-carboxylic acid,0,Cc1nc(C(=O)O)cc2c1[nH]c1ccccc12
Harman,0,Cc1nccc2c1[nH]c1ccccc12
"3-methyl-canthin-2,6-dione",0,Cn1c(=O)cc2c3ccccc3n3c(=O)ccc1c23
HGB-PM-S4-P1-p3,1,N=C(N)NCCCC(N)C(=O)NCC(=O)NC(CC(=O)O)C(=O)O
4-hydroxycinnamide,0,NC(=O)/C=C/c1ccc(O)cc1
phenylethylurea,1,NC(=O)NCCc1ccccc1
Dopamine,1,NCCc1ccc(O)c(O)c1
2-sulfonic acid dopamine,0,NCCc1ccc(O)c(O)c1S(=O)(=O)O
Adenosine,0,Nc1ncnc2c1ncn2[C@@H]1O[C@H](CO)[C@@H](O)[C@H]1O
"1,7-Di(3,4-dihydroxyphenyl)-hepta-4E,6E-dien-3-one",1,O=C(/C=C/C=C/c1ccc(O)c(O)c1)CCc1ccc(O)c(O)c1
Piperine,0,O=C(/C=C/C=C/c1ccc2c(c1)OCO2)N1CCCCC1
"1,7-Di(3,4-dihydroxyphenyl)-hepta-1E,4E-dien-3-one",1,O=C(/C=C/CCc1ccc(O)c(O)c1)/C=C/c1ccc(O)c(O)c1
Dehydrohirsutanonol,1,O=C(/C=C/CCc1ccc(O)c(O)c1)CCc1ccc(O)c(O)c1
Honaucin A,1,O=C(/C=C/CCl)O[C@@H]1COC(=O)C1
2'''-O-p-Coumaroyloregonin,1,O=C(/C=C/c1ccc(O)c(O)c1)C[C@H](CCc1ccc(O)c(O)c1)OC1OC[C@H](O)[C@H](O)[C@H]1OC(=O)/C=C/c1ccc(O)cc1
2'''-cinnamoyloregonin,1,O=C(/C=C/c1ccc(O)c(O)c1)C[C@H](CCc1ccc(O)c(O)c1)O[C@@H]1OC[C@@H](O)[C@H](O)[C@H]1OC(=O)/C=C/c1ccccc1
Nepetoidin B,1,O=C(/C=C/c1ccc(O)c(O)c1)O/C=C\c1ccc(O)c(O)c1
Cichoric acid,0,O=C(/C=C/c1ccc(O)c(O)c1)O[C@@H](C(=O)O)[C@@H](OC(=O)/C=C/c1ccc(O)c(O)c1)C(=O)O
Butein,1,O=C(/C=C/c1ccc(O)c(O)c1)c1ccc(O)cc1O
Bisdemethoxycurcumin,1,O=C(/C=C/c1ccc(O)cc1)CC(=O)/C=C/c1ccc(O)cc1
Isoliquiritigenin,1,O=C(/C=C/c1ccc(O)cc1)c1ccc(O)cc1O
"1,7-di(4-hydroxyphenyl)-4-hepten-3-one",1,O=C(C=CCCc1ccc(O)cc1)CCc1ccc(O)cc1
"3,5-dihydroxy-1,7-diphenylheptane",0,O=C(CC(O)CC(O)CC(=O)c1ccccc1)c1ccccc1
Malabaricone c,1,O=C(CCCCCCCCc1ccc(O)c(O)c1)c1c(O)cccc1O
3-Hydroxy-1-(4-hydroxyphenyl)-1-propanone,0,O=C(CCO)c1ccc(O)cc1
Hirsutanonol,1,O=C(CCc1ccc(O)c(O)c1)C[C@@H](O)CCc1ccc(O)c(O)c1
2'''-O-Benzoyloregonin,1,O=C(CCc1ccc(O)c(O)c1)C[C@H](CCc1ccc(O)c(O)c1)O[C@@H]1OC[C@@H](O)[C@H](O)[C@H]1OC(=O)c1ccccc1
"1,7-Di(3,4-dihydroxyphenyl)-5(S)-glucopyranosyloxy-3-heptanone",1,O=C(CCc1ccc(O)c(O)c1)C[C@H](CCc1ccc(O)c(O)c1)O[C@@H]1O[C@H](CO)[C@@H](O)[C@H](O)[C@H]1O
Alnuside B,1,O=C(CCc1ccc(O)c(O)c1)C[C@H](CCc1ccc(O)cc1)O[C@@H]1OC[C@@H](O)[C@H](O)[C@H]1O
Letestuianin c,0,O=C(CCc1ccc(O)cc1)CC(=O)CCc1ccc(O)cc1
Phloretin,1,O=C(CCc1ccc(O)cc1)c1c(O)cc(O)cc1O
Phlorizin,0,O=C(CCc1ccc(O)cc1)c1c(O)cc(O)cc1O[C@@H]1O[C@H](CO)[C@@H](O)[C@H](O)[C@H]1O
"5-hydroxy-1,7-diphenyl-3-heptanone",0,O=C(CCc1ccccc1)CC(O)CCc1ccccc1
"corchoionoside C (8),26 taxifolin-7-O-β-D-glucopyranoside",1,O=C(CO)Oc1cc(O)c2c(c1)O[C@H](c1ccc(O)cc1)CC2=O
Caffeic acid,1,O=C(O)/C=C/c1ccc(O)c(O)c1
Cinnamic acid,0,O=C(O)/C=C/c1ccccc1
"1,2,3,4-tetrahydro-beta-carboline-3-carboxylic acid",0,O=C(O)C1Cc2c([nH]c3ccccc23)CN1
Indolylpropionic acid,0,O=C(O)CCc1c[nH]c2ccccc12
Phenyl propionic acid,0,O=C(O)CCc1ccccc1
beta-carboline-1-propanoic acid,0,O=C(O)CCc1nccc2c1[nH]c1ccccc12
Baicalin,1,O=C(O)[C@H]1O[C@@H](Oc2cc3oc(-c4ccccc4)cc(=O)c3c(O)c2O)[C@H](O)[C@@H](O)[C@@H]1O
5-hydroxy-indole-3-carboxylic acid,0,O=C(O)c1c[nH]c2ccc(O)cc12
1H-indole-3-carboxylic acid,0,O=C(O)c1c[nH]c2ccccc12
"3-Carboxy-6,7-dihydroxy-1-(3',4'-dihydroxy phenyl)-naphthalene",1,O=C(O)c1cc(-c2ccc(O)c(O)c2)c2cc(O)c(O)cc2c1
Gallic acid,0,O=C(O)c1cc(O)c(O)c(O)c1
Rhein,1,O=C(O)c1cc(O)c2c(c1)C(=O)c1cccc(O)c1C2=O
Protocatechuic acid,1,O=C(O)c1ccc(O)c(O)c1
"1,3,6-tri-O-galloyl-β-D-glucose",1,O=C(OC[C@H]1O[C@@H](OC(=O)c2cc(O)c(O)c(O)c2)[C@H](O)[C@@H](OC(=O)c2cc(O)c(O)c(O)c2)[C@@H]1O)c1cc(O)c(O)c(O)c1
"1,3,4,6-Tetra-O-galloyl-D-glucose",1,O=C(OC[C@H]1O[C@@H](OC(=O)c2cc(O)c(O)c(O)c2)[C@H](O)[C@@H](OC(=O)c2cc(O)c(O)c(O)c2)[C@@H]1OC(=O)c1cc(O)c(O)c(O)c1)c1cc(O)c(O)c(O)c1
Epigalocatechin gallate,0,O=C(O[C@@H]1Cc2c(O)cc(O)cc2O[C@@H]1c1cc(O)c(O)c(O)c1)c1cc(O)c(O)c(O)c1
Myricetin 3-O-(2''-galloyl)-beta-D-galactopyranoide,1,O=C(O[C@H]1[C@H](Oc2c(-c3cc(O)c(O)c(O)c3)oc3cc(O)cc(O)c3c2=O)O[C@H](CO)[C@H](O)[C@@H]1O)c1cc(O)c(O)c(O)c1
"Myricetin 3-O-(2'',3''-digalloyl)-beta-Dgalactopyranoide",0,O=C(O[C@H]1[C@H](Oc2c(-c3cc(O)c(O)c(O)c3)oc3cc(O)cc(O)c3c2=O)O[C@H](CO)[C@H](O)[C@@H]1OC(=O)c1cc(O)c(O)c(O)c1)c1cc(O)c(O)c(O)c1
Quercetin 3-O-(2''-galloyl)-beta-D-galactopyranoide,1,O=C(O[C@H]1[C@H](Oc2c(-c3ccc(O)c(O)c3)oc3cc(O)cc(O)c3c2=O)O[C@H](CO)[C@H](O)[C@@H]1O)c1cc(O)c(O)c(O)c1
"Quercetin 3-O-(2'', 3''-digalloyl)-beta-Dgalactopyranoide",0,O=C(O[C@H]1[C@H](Oc2c(-c3ccc(O)c(O)c3)oc3cc(O)cc(O)c3c2=O)O[C@H](CO)[C@H](O)[C@@H]1OC(=O)c1cc(O)c(O)c(O)c1)c1cc(O)c(O)c(O)c1
Cinnamaldehyde,1,O=C/C=C/c1ccccc1
Sappanone A,1,O=C1/C(=C/c2ccc(O)c(O)c2)COc2cc(O)ccc21
Sulfuretin,1,O=C1/C(=C/c2ccc(O)c(O)c2)Oc2cc(O)ccc21
Securinine,1,O=C1C=C2C=C[C@@H]3C[C@@]2(O1)[C@H]1CCCCN31
Flavanone,0,O=C1CC(c2ccccc2)Oc2ccccc21
ymf 1029D,1,O=C1CCC23Oc4ccc(O)c5c4[C@](Oc4cccc1c42)(O3)[C@@H]1O[C@@H]1[C@@H]5O
Preussomerin BG1,0,O=C1CCC23Oc4ccc(O)c5c4[C@](Oc4cccc1c42)(O3)[C@H](O)CC5=O
S-(-)-trolline,1,O=C1CCC2c3cc(O)c(O)cc3CCN12
Hippophamide,1,O=C1CC[C@H]2c3[nH]c4ccc(O)cc4c3CCN12
(S)-(-)-Oleracein E,1,O=C1CC[C@H]2c3cc(O)c(O)cc3CCN12
brevifolin,1,O=C1CCc2c1oc(=O)c1cc(O)c(O)c(O)c21
Preussomerin SA1,0,O=C1C[C@@H](O)[C@]23Oc4cccc5c4C(CCC5O)(Oc4ccc(O)c1c42)O3
"5,7,3',5'-Tetrahydroxyflavanone",1,O=C1C[C@@H](c2cc(O)cc(O)c2)Oc2cc(O)cc(O)c21
Butin,1,O=C1C[C@@H](c2ccc(O)c(O)c2)Oc2cc(O)ccc21
"(2R,3R)-dihydroquercetin",0,O=C1C[C@@H](c2ccc(O)cc2)Oc2cc(O)cc(O)c21
Liquirtigenin,1,O=C1C[C@@H](c2ccc(O)cc2)Oc2cc(O)ccc21
Liquiritin,0,O=C1C[C@@H](c2ccc(O[C@@H]3O[C@H](CO)[C@@H](O)[C@H](O)[C@H]3O)cc2)Oc2cc(O)ccc21
"1H-Pyrido[3,4-b]indole-1,3,4(2H,9H)-trione",0,O=C1NC(=O)c2[nH]c3ccccc3c2C1=O
"6-hydroxy-3,4-dihydro-1-oxo-beta-carboline",1,O=C1NCCc2c1[nH]c1ccc(O)cc21
Iseluxine,0,O=C1NCCc2cc(O)c(O)cc21
Punicalagin,1,O=C1O[C@H]2[C@@H]3OC(=O)c4cc(O)c(O)c(O)c4-c4c(O)c(O)c5oc(=O)c6c(c(O)c(O)c7oc(=O)c4c5c76)-c4c(cc(O)c(O)c4O)C(=O)OC[C@H]3OC(O)[C@@H]2OC(=O)c2cc(O)c(O)c(O)c2-c2c1cc(O)c(O)c2O
(+)-taxifolin,0,O=C1c2c(O)cc(O)cc2O[C@H](c2ccc(O)c(O)c2)[C@H]1O
Dihydrokaempferol,0,O=C1c2c(O)cc(O)cc2O[C@H](c2ccc(O)cc2)[C@H]1O
Pinobaksin,0,O=C1c2c(O)cc(O)cc2O[C@H](c2ccccc2)[C@H]1O
Portulacatone,0,O=C1c2cc(O)c(O)cc2CCn2cccc21
Fustin,0,O=C1c2ccc(O)cc2O[C@H](c2ccc(O)c(O)c2)[C@H]1O
Aloe-emodin,1,O=C1c2cccc(O)c2C(=O)c2c(O)cc(CO)cc21
Tryptanthrin,1,O=C1c2ccccc2-n2c1nc1ccccc1c2=O
5-hydroxy-indole-3-carboxaldehyde,0,O=Cc1c[nH]c2ccc(O)cc12
3-formylindole,1,O=Cc1c[nH]c2ccccc12
Protocatechualdehyde,0,O=Cc1ccc(O)c(O)c1
1-hydroxy-beta-carboline,0,O=c1[nH]ccc2c1[nH]c1ccccc12
Orobol,1,O=c1c(-c2ccc(O)c(O)c2)coc2cc(O)cc(O)c12
Puerarin,0,O=c1c(-c2ccc(O)cc2)coc2c([C@@H]3O[C@H](CO)[C@@H](O)[C@H](O)[C@H]3O)c(O)ccc12
Genistein,1,O=c1c(-c2ccc(O)cc2)coc2cc(O)cc(O)c12
Daidzein,1,O=c1c(-c2ccc(O)cc2)coc2cc(O)ccc12
Genistin,0,O=c1c(-c2ccc(O)cc2)coc2cc(O[C@@H]3O[C@H](CO)[C@@H](O)[C@H](O)[C@H]3O)cc(O)c12
Daidzin,0,O=c1c(-c2ccc(O)cc2)coc2cc(O[C@@H]3O[C@H](CO)[C@@H](O)[C@H](O)[C@H]3O)ccc12
Myricetin,0,O=c1c(O)c(-c2cc(O)c(O)c(O)c2)oc2cc(O)cc(O)c12
Fisetin,1,O=c1c(O)c(-c2ccc(O)c(O)c2)oc2cc(O)ccc12
Kaempferol,1,O=c1c(O)c(-c2ccc(O)cc2)oc2cc(O)cc(O)c12
Morin,0,O=c1c(O)c(-c2ccc(O)cc2O)oc2cc(O)cc(O)c12
Galangin,0,O=c1c(O)c(-c2ccccc2)oc2cc(O)cc(O)c12
"3,5,7-trihydroxychromone",0,O=c1c(O)coc2cc(O)cc(O)c12
Isoquercetrin,0,O=c1c(OCC2OC(O)[C@@H](O)[C@H](O)[C@@H]2O)c(-c2ccc(O)c(O)c2)oc2cc(O)cc(O)c12
"Quercetin 3,7-di-O-Glc",0,O=c1c(O[C@@H]2O[C@H](CO)[C@@H](O)[C@H](O)[C@H]2O)c(-c2ccc(O)c(O)c2)oc2cc(O[C@@H]3O[C@H](CO)[C@@H](O)[C@H](O)[C@H]3O)cc(O)c12
Hyperin,0,O=c1c(O[C@@H]2O[C@H](CO)[C@H](O)[C@H](O)[C@H]2O)c(-c2ccc(O)c(O)c2)oc2cc(O)cc(O)c12
"1,3,6,7-tetrahydroxyxanthone",1,O=c1c2cc(O)c(O)cc2oc2cc(O)cc(O)c12
"1,3,5,6-Tetrahydroxyxanthone",1,O=c1c2ccc(O)c(O)c2oc2cc(O)cc(O)c12
"5,7,2',5'-tetrahydroxyflavone",1,O=c1cc(-c2cc(O)ccc2O)oc2cc(O)cc(O)c12
Luteolin,1,O=c1cc(-c2ccc(O)c(O)c2)oc2cc(O)cc(O)c12
"3',4',7-Trihydroxyflavone",1,O=c1cc(-c2ccc(O)c(O)c2)oc2cc(O)ccc12
Galuteolin,0,O=c1cc(-c2ccc(O)c(O)c2)oc2cc(O[C@@H]3O[C@H](CO)[C@@H](O)[C@H](O)[C@H]3O)cc(O)c12
"3',4'-Dihydroxyflavone",1,O=c1cc(-c2ccc(O)c(O)c2)oc2ccccc12
Vicenin-2,1,O=c1cc(-c2ccc(O)cc2)oc2c([C@@H]3O[C@H](CO)[C@@H](O)[C@@H](O)[C@H]3O)c(O)c([C@@H]3O[C@H](CO)[C@@H](O)[C@H](O)[C@H]3O)c(O)c12
Vitexin,0,O=c1cc(-c2ccc(O)cc2)oc2c([C@@H]3O[C@H](CO)[C@@H](O)[C@H](O)[C@H]3O)c(O)cc(O)c12
Isopongaglabol,0,O=c1cc(-c2ccc(O)cc2)oc2c1ccc1occc12
Apigenin,1,O=c1cc(-c2ccc(O)cc2)oc2cc(O)cc(O)c12
"4',7-Dihydroxyflavone",1,O=c1cc(-c2ccc(O)cc2)oc2cc(O)ccc12
Apigetrin,0,O=c1cc(-c2ccc(O)cc2)oc2cc(O[C@@H]3O[C@H](CO)[C@@H](O)[C@H](O)[C@H]3O)cc(O)c12
Pongaglabrone,0,O=c1cc(-c2ccc3c(c2)OCO3)oc2c1ccc1occc12
Pongol,1,O=c1cc(-c2cccc(O)c2)oc2c1ccc1occc12
Pongaglabol,0,O=c1cc(-c2ccccc2)oc2c1c(O)cc1occc12
Lanceolatin b,1,O=c1cc(-c2ccccc2)oc2c1ccc1occc12
Baicalein,1,O=c1cc(-c2ccccc2)oc2cc(O)c(O)c(O)c12
Chrysin,1,O=c1cc(-c2ccccc2)oc2cc(O)cc(O)c12
7-hydroxyflavone,1,O=c1cc(-c2ccccc2)oc2cc(O)ccc12
"5-Hydroxyfurano(4'',5''-6,7)flavone",1,O=c1cc(-c2ccccc2)oc2cc3occc3c(O)c12
(-)-Aquisinenone G,1,O=c1cc(CCc2ccccc2)oc2c1[C@@H]1Oc3cc4oc(CCc5ccccc5)cc(=O)c4cc3O[C@@H]([C@@H]1O)[C@H]2O
(+)-Aquisinenone A,1,O=c1cc(CCc2ccccc2)oc2c1[C@@H]1c3c(ccc4oc(CCc5ccccc5)cc(=O)c34)O[C@@H]([C@@H]1O)[C@H]2O
(-)-Aquisinenone B,1,O=c1cc(CCc2ccccc2)oc2c1[C@@H]1c3ccc4c(=O)cc(CCc5ccccc5)oc4c3O[C@@H]([C@@H]1O)[C@H]2O
(-)-Aquisinenone A,1,O=c1cc(CCc2ccccc2)oc2c1[C@H]1c3c(ccc4oc(CCc5ccccc5)cc(=O)c34)O[C@H]([C@H]1O)[C@@H]2O
(+)-Aquisinenone B,1,O=c1cc(CCc2ccccc2)oc2c1[C@H]1c3ccc4c(=O)cc(CCc5ccccc5)oc4c3O[C@H]([C@H]1O)[C@@H]2O
Canthin-6-one N-oxide,0,O=c1ccc2c3c(cc[n+]2[O-])c2ccccc2n13
Esculetin,0,O=c1ccc2cc(O)c(O)cc2o1
Mulberroside B,0,O=c1ccc2cc(O)c(O[C@@H]3O[C@H](CO)[C@@H](O)[C@H](O)[C@H]3O)c(O)c2o1
"5,7-dihydroxycoumarin 7-O-beta-D-glucopyranoside",0,O=c1ccc2cc(O[C@@H]3O[C@H](CO)[C@@H](O)[C@H](O)[C@H]3O)c(O)c(O)c2o1
,0,O=c1ccc2cc3c(cc2o1)O[C@@H](CO)[C@H](c1ccc(O)c(O)c1)O3
"(7′S,8′S)-Sapiumin C",1,O=c1ccc2cc3c(cc2o1)O[C@@H](c1ccc(O)c(O)c1)[C@H](CO)O3
"(7′R,8′R)-Sapiumin A",1,O=c1ccc2cc3c(cc2o1)O[C@H](CO)[C@@H](c1ccc(O)c(O)c1)O3
"(7′R,8′R)-Sapiumin C ",1,O=c1ccc2cc3c(cc2o1)O[C@H](c1ccc(O)c(O)c1)[C@@H](CO)O3
Xanthotoxol,0,O=c1ccc2cc3ccoc3c(O)c2o1
Canthin-6-one,0,O=c1ccc2nccc3c4ccccc4n1c23
11-hydroxy-canthin-6-one,0,O=c1cccc2c1c1cc[nH]c3ccc(=O)n2c31
"5,7-Dihydroxychromone",0,O=c1ccoc2cc(O)cc(O)c12
Ellagic acid,1,O=c1oc2c(O)c(O)cc3c(=O)oc4c(O)c(O)cc1c4c23
"(E)-2,4-bis(p-hydroxyphenyl)-2-butenol",1,OC/C(=C/Cc1ccc(O)cc1)c1ccc(O)cc1
Exotiacetal B,0,OC/C=C/c1ccc(O)c(/C=C/[C@@]23CCC(CO)=C[C@H]2c2cc(/C=C/CO)ccc2O[C@H]3O)c1
Exotimarin A,0,OC/C=C/c1ccc(O)c(/C=C/[C@]23CCC(CO)=C[C@H]2c2cc(/C=C/CO)ccc2C[C@H]3O)c1
Exotiacetal A,1,OC/C=C/c1ccc(O)c(/C=C/[C@]23CCC(CO)=C[C@H]2c2cc(/C=C/CO)ccc2O[C@H]3O)c1
Cinnamic alcohol,0,OC/C=C/c1ccccc1
"7-(3,4-Dihydroxyphenyl)-1-(4-hydroxyphenyl)-3(R)-b-Dglucosyloxy-heptane",1,OC[C@H]1O[C@@H](O[C@H](CCCCc2ccc(O)c(O)c2)CCc2ccc(O)cc2)[C@H](O)[C@@H](O)[C@@H]1O
Mulberroside A,0,OC[C@H]1O[C@@H](Oc2cc(O)cc(/C=C/c3ccc(O[C@@H]4O[C@H](CO)[C@@H](O)[C@H](O)[C@H]4O)cc3O)c2)[C@H](O)[C@@H](O)[C@@H]1O
Oxyresveratrol 2-O-beta-D-glucopyranoside,0,OC[C@H]1O[C@@H](Oc2cc(O)ccc2/C=C/c2cc(O)cc(O)c2)[C@H](O)[C@@H](O)[C@@H]1O
Arbutin,0,OC[C@H]1O[C@@H](Oc2ccc(O)cc2)[C@H](O)[C@@H](O)[C@@H]1O
Indole-3-carbinol,1,OCc1c[nH]c2ccccc12
"[1-(5’-hydroxylmethylfuran-2-yl)-6,7-dihydroxy-3,4-dihydroisoquinoline",0,OCc1ccc(C2=NCCc3cc(O)c(O)cc32)o1
1-hydroxymethyl-beta-carboline,0,OCc1nccc2c1[nH]c1ccccc12
Epigallocatechin,0,Oc1cc(O)c2c(c1)O[C@H](c1cc(O)c(O)c(O)c1)[C@H](O)C2
Cianidanol,0,Oc1cc(O)c2c(c1)O[C@H](c1ccc(O)c(O)c1)[C@@H](O)C2
(-)-epicatechin,0,Oc1cc(O)c2c(c1)O[C@H](c1ccc(O)c(O)c1)[C@H](O)C2
Procyanidin b1,0,Oc1cc(O)c2c(c1)O[C@H](c1ccc(O)c(O)c1)[C@H](O)[C@H]2c1c(O)cc(O)c2c1O[C@H](c1ccc(O)c(O)c1)[C@@H](O)C2
Procyanidin b2,0,Oc1cc(O)c2c(c1)O[C@H](c1ccc(O)c(O)c1)[C@H](O)[C@H]2c1c(O)cc(O)c2c1O[C@H](c1ccc(O)c(O)c1)[C@H](O)C2
Cyanidin,0,Oc1cc(O)c2cc(O)c(-c3ccc(O)c(O)c3)[o+]c2c1
Piceatannol,1,Oc1cc(O)cc(/C=C/c2ccc(O)c(O)c2)c1
Pinosylvin,1,Oc1cc(O)cc(/C=C/c2ccccc2)c1
"1-(Furan-2-yl)-6,7-dihydroxy-3,4-dihydroisoquinoline",1,Oc1cc2c(cc1O)C(c1ccco1)=NCC2
"6,7-dihydroxy-3,4-dihydroisoquinoline",0,Oc1cc2c(cc1O)CCN=C2
"2-(furan-2-ylmethyl)-6,7-dihydroxy-3,4-dihydroisoquinolin-2-ium",0,Oc1cc2c(cc1O)CC[N+](CC1=CCCO1)=C2
"(R)-(+)-1-benzyl-6,7-dihydroxy-1,2,3,4-tetrahydroisoquinoline",0,Oc1cc2c(cc1O)[C@@H](Cc1ccccc1)NCC2
Pelargonidin,0,Oc1ccc(-c2[o+]c3cc(O)cc(O)c3cc2O)cc1
"7-(3,4-Dihydroxyphenyl)-1-(4-hydroxyphenyl)-3(R)-heptanol",1,Oc1ccc(CC[C@H](O)CCCCc2ccc(O)c(O)c2)cc1
Vitisinol A,1,Oc1ccc([C@H]2O[C@@H](c3ccc(O)cc3)[C@@H]3c4cc(O)cc5oc6cc(O)cc(c6c45)[C@@H]32)cc1
(+)-hopeaphenol,1,Oc1ccc([C@H]2c3c(O)cc(O)cc3C3c4c(cc(O)cc4[C@@H]2[C@H]2c4cc(O)cc5c4C(c4cc(O)cc(O)c4[C@@H]2c2ccc(O)cc2)[C@@H](c2ccc(O)cc2)O5)O[C@@H]3c2ccc(O)cc2)cc1
Maackiain,0,Oc1ccc2c(c1)OC[C@H]1c3cc4c(cc3O[C@@H]21)OCO4
Palmarumycin SA2,0,Oc1cccc2c1[C@@H](O)[C@H](O)[C@@H](O)C21Oc2cccc3cccc(c23)O1
Palmarumycin C11,1,Oc1cccc2c1[C@@H](O)[C@H]1O[C@H]1C21Oc2cccc3cccc(c23)O1
Palmarumycin BG3,0,Oc1cccc2c1[C@H](O)C[C@@H](O)C21Oc2cccc3cccc(c23)O1
Palmarumycin SA1,1,Oc1cccc2c1[C@H](O)[C@@H]1O[C@@H]1C21Oc2cccc3cccc(c23)O1
Harmanine,0,On1ccc2c3ccccc3nc-2c1
Indole,0,c1ccc2[nH]ccc2c1
