Index,canonical_smiles,True label,skin_toxicity,skin_toxicity_note,carcinogenicity,carcinogenicity_note,XGB_ECFP_prob,XGB_MACCS_prob,XGB_RDKIT_prob,BiLSTM_ECFP_prob,BiLSTM_MACCS_prob,BiLSTM_RDKIT_prob,sa_score,pass_ml,Predicted label,pass_toxicity,pass_sa_2,select_for_docking_sa2
465,Nc1c(C(=O)N2CCOCC2)sc2nc3c(cc12)CCCC3,1,"Non-corrosive, Non-irritant, Sensitizer",1,carcinogen,1,0.628753304,0.565922201,0.913524032,0.997409701,0.293121189,0.51394558,2.466409174,no,0,no,no,no
7593,COC(=O)[C@]1(O)C[C@@H](O)[C@@H](O)[C@H](OC(=O)/C=C/c2ccc(O)c(OC)c2)C1,1,"Non-corrosive, Non-irritant, Non-sensitizer",0,non-carcinogen,0,0.968913734,0.962902248,0.996540606,0.999999881,0.998942137,0.999999225,3.801721943,yes,1,yes,no,no
12405,O=C(NCc1cccnc1)c1cn(CCc2ccccc2)nn1,0,"Non-corrosive, Non-irritant, Sensitizer",1,carcinogen,1,0.098795108,0.069070101,0.022192664,1.59E-06,0.083727166,0.002261172,2.011479592,no,0,no,no,no
8854,O=c1cc(CSc2nnc(-c3ccco3)o2)c2ccccc2[nH]1,0,"Non-corrosive, Non-irritant, Sensitizer",1,carcinogen,1,0.09661442,0.060607824,0.044815578,0.999391973,0.001084938,0.862173855,2.383413755,no,0,no,no,no
2301,CCN(CC)S(=O)(=O)c1ccc2c3c(cccc13)C(=O)S2,1,"Non-corrosive, Non-irritant, Sensitizer",1,non-carcinogen,0,0.657504499,0.462635368,0.69799614,0.891966581,0.052040778,0.92623502,2.528514443,no,0,no,no,no
8934,COCCCNS(=O)(=O)c1ccc2c3c(cccc13)C(=O)S2,0,"Non-corrosive, Non-irritant, Sensitizer",1,non-carcinogen,0,0.529578209,0.144961119,0.27283892,9.71E-06,0.301821709,0.991202354,2.508666533,no,0,no,no,no
12169,Cc1ccc(O)c(CNc2ccccn2)c1,0,"Non-corrosive, Non-irritant, Sensitizer",1,non-carcinogen,0,0.457263172,0.270694166,0.240998492,0.000266697,0.125414535,0.002659777,1.880106669,no,0,no,yes,no
15522,COC(=O)c1cc(C#N)c(NCc2ccc(Cl)cc2Cl)nc1C,0,"Non-corrosive, Non-irritant, Non-sensitizer",0,non-carcinogen,0,0.404870093,0.303169101,0.103177406,0.037190519,0.90051353,0.201529741,2.289137575,no,0,yes,no,no
9887,O=C(CSc1nnnn1-c1ccc2c(c1)OCCO2)c1cccc2c1OCCO2,0,"Non-corrosive, Non-irritant, Sensitizer",1,non-carcinogen,0,0.072714202,0.185966894,0.05505972,7.75E-07,0.292545587,0.074375711,2.562000163,no,0,no,no,no
10847,CC1=C(C(=O)OC(C)C)C(C)NC(=O)N1,0,"Non-corrosive, Non-irritant, Non-sensitizer",0,non-carcinogen,0,0.35290578,0.102078177,0.027875237,6.64E-05,0.000621431,0.000396736,2.907845657,no,0,yes,no,no
4869,O=C(C1CCC(CNS(=O)(=O)c2cccc3cccnc23)CC1)N1CCc2ccccc21,1,"Non-corrosive, Non-irritant, Non-sensitizer",0,non-carcinogen,0,0.403742194,0.486842722,0.87484622,0.000692091,0.296929836,0.092861161,2.392405415,no,0,yes,no,no
14638,COc1ccc(C(=O)N2CCSC2=S)cc1OC,0,"Non-corrosive, Non-irritant, Non-sensitizer",0,non-carcinogen,0,0.340126157,0.263840944,0.093312077,0.015358713,0.139778048,0.193788096,2.222868041,no,0,yes,no,no
773,Cc1[nH]c2ccccc2c1CCNC(=O)c1cnc(Nc2cccc(=O)[nH]2)nc1,1,"Non-corrosive, Non-irritant, Non-sensitizer",0,non-carcinogen,0,0.935006201,0.83087796,0.993925393,0.999996483,0.579367995,0.994099438,2.620135801,yes,1,yes,no,no
9320,O=C(C1CC1)N1CCC(c2nc(-c3ccc(S(=O)(=O)NCC4CCCO4)cc3)no2)CC1,0,"Non-corrosive, Non-irritant, Non-sensitizer",0,non-carcinogen,0,0.150333822,0.099852383,0.005848499,1.47E-07,0.100288391,0.000383465,2.906412472,no,0,yes,no,no
13536,Cc1ccc(S(=O)(=O)N2CCOCC2)cc1C(=O)OCC(=O)N1CCc2ccccc2C1,0,"Non-corrosive, Non-irritant, Non-sensitizer",0,non-carcinogen,0,0.291860759,0.103876948,0.024040176,9.22E-05,0.325401902,0.015842,2.271455572,no,0,yes,no,no
9111,c1ccc(CCn2nnnc2C(c2cccnc2)N2CCN(c3ccccc3)CC2)cc1,0,"Non-corrosive, Non-irritant, Sensitizer",1,non-carcinogen,0,0.036342401,0.028520446,0.00623986,7.77E-06,0.024825534,0.002390524,2.714507602,no,0,no,no,no
12641,O=C1CC(N2CCOCC2)C(=O)N1CCc1ccccc1,0,"Non-corrosive, Non-irritant, Sensitizer",1,non-carcinogen,0,0.14547573,0.123266369,0.033963189,4.51E-05,0.263007969,0.005478789,2.533559806,no,0,no,no,no
9829,COc1ccc(OC)c(-c2csc(N(Cc3ccco3)C(=O)c3cccs3)n2)c1,0,"Non-corrosive, Non-irritant, Non-sensitizer",0,non-carcinogen,0,0.159215108,0.222016275,0.043364186,0.961066067,0.044312045,0.004443451,2.427613273,no,0,yes,no,no
590,O=C1C(=NO)CCc2ccccc21,1,"Non-corrosive, Non-irritant, Sensitizer",1,non-carcinogen,0,0.796976864,0.68701607,0.93393302,0.984317601,0.014230891,0.999933243,2.32615659,no,0,no,no,no
7206,C=C1C(=O)O[C@H](CC(C)=O)[C@@H]1CC1=C(C)CCC1=O,1,"Non-corrosive, Non-irritant, Sensitizer",1,non-carcinogen,0,0.404111296,0.992605209,0.996962011,0.162314191,0.999999762,0.999999344,4.143472038,no,0,no,no,no
11753,CCc1c(C)nc(Nc2nc(C)c3cc(OC)ccc3n2)[nH]c1=O,0,"Non-corrosive, Non-irritant, Sensitizer",1,non-carcinogen,0,0.324959517,0.242042437,0.164213389,0.017756306,0.103049457,0.450576335,2.550600427,no,0,no,no,no
3358,C=C1CCC[C@]2(C)C[C@H]3OC(=O)C(CNC(C)(CO)CO)[C@H]3CC12,1,"Non-corrosive, Non-irritant, Non-sensitizer",0,non-carcinogen,0,0.960988522,0.919094324,0.949679673,0.999999881,0.996026337,0.999996722,4.527779291,yes,1,yes,no,no
964,O=C(c1c(Cl)nc2sccn12)N1CCCc2ccccc21,1,"Non-corrosive, Non-irritant, Non-sensitizer",0,non-carcinogen,0,0.545707583,0.489261627,0.884525836,0.000105854,0.170810565,0.098737165,2.498998223,no,0,yes,no,no
8975,CC(c1ccccc1)n1cc(C(=O)NCC2COc3ccccc3O2)nn1,0,"Non-corrosive, Non-irritant, Non-sensitizer",0,non-carcinogen,0,0.074727595,0.05527994,0.021801082,1.22E-07,0.015481422,0.011233681,3.096823941,no,0,yes,no,no
1065,COc1cccc(S(=O)(=O)Nc2ccc(C(=O)N3CCN(C(=O)c4ccco4)CC3)cc2)c1,1,"Non-corrosive, Non-irritant, Non-sensitizer",0,non-carcinogen,0,0.378889382,0.138331503,0.777213097,0.000336717,0.144596696,0.073010974,2.127727134,no,0,yes,no,no
9617,CCN(CC)S(=O)(=O)c1ccc(S(=O)(=O)Nc2ccc(C(=O)N3CCCC3)cc2)cc1,0,"Non-corrosive, Non-irritant, Non-sensitizer",0,non-carcinogen,0,0.17147772,0.181933179,0.123912521,0.026603317,0.35408026,0.017359536,2.063587425,no,0,yes,no,no
2028,CCN(CC)C(=O)COC(=O)c1cc(-c2ccco2)nc2ccccc12,1,"Non-corrosive, Non-irritant, Sensitizer",1,non-carcinogen,0,0.591131389,0.511119425,0.96456337,0.999991775,0.114795811,0.818346083,2.166016808,no,0,no,no,no
2039,CNC(=O)COC(=O)c1cc(-c2ccco2)nc2ccccc12,1,"Non-corrosive, Non-irritant, Non-sensitizer",0,non-carcinogen,0,0.721470237,0.730300963,0.948623896,0.999822855,0.737352908,0.9205423,2.062853759,yes,1,yes,no,no
2063,CCNC(=O)COC(=O)c1cc(-c2ccco2)nc2ccccc12,1,"Non-corrosive, Non-irritant, Sensitizer",1,non-carcinogen,0,0.689383805,0.577685475,0.959364891,0.999890804,0.342361629,0.908400118,2.050971266,no,0,no,no,no
3126,O=[N+]([O-])c1ccc(N=Nc2c(Cl)cc(O)cc2Cl)cc1,1,"Non-corrosive, Irritant, Sensitizer",1,non-carcinogen,0,0.969777584,0.926559746,0.981325269,0.999999821,0.440204531,0.999999702,2.552127823,no,0,no,no,no
3968,CCOc1ccc(/C=C2/SC(=O)NC2=S)cc1,1,"Non-corrosive, Irritant, Non-sensitizer",1,non-carcinogen,0,0.872145474,0.909110188,0.952837944,0.998040438,0.985856712,0.999860406,2.354905043,yes,1,no,no,no
4001,COc1ccc(/C=C2\SC(=O)NC2=S)cc1OC,1,"Non-corrosive, Irritant, Sensitizer",1,non-carcinogen,0,0.956155658,0.947279155,0.947843671,0.999999225,0.998425424,0.998811007,2.361224349,yes,1,no,no,no
12477,CCn1c(SCC(=O)N(C(C)C)C(C)C)nnc1-c1cc2ccccc2cc1O,0,"Non-corrosive, Non-irritant, Non-sensitizer",0,non-carcinogen,0,0.169312581,0.065657444,0.039091516,9.67E-06,0.051034056,0.08891058,2.508586652,no,0,yes,no,no
15358,CCN(CC)C(=O)CSc1nnc(-c2cc3ccccc3cc2O)n1CC,0,"Non-corrosive, Non-irritant, Sensitizer",1,non-carcinogen,0,0.10221646,0.041084163,0.040637009,1.44E-06,0.055414282,0.076043248,2.366590537,no,0,no,no,no
4717,CCOc1ccc(NC(=O)CN(C)C(=O)CC(NC(=O)c2ccccc2)c2ccccc2)cc1OCC,1,"Non-corrosive, Non-irritant, Non-sensitizer",0,non-carcinogen,0,0.499877304,0.553234696,0.680233657,0.077776656,0.292882681,0.023861432,2.622629246,no,0,yes,no,no
2023,O=C(/C=C/c1ccc([N+](=O)[O-])cc1)N(c1ccccn1)C1CCCCC1,1,"Non-corrosive, Non-irritant, Sensitizer",1,non-carcinogen,0,0.942939997,0.926877141,0.99405539,0.999951959,0.937580585,0.993693888,2.413697182,yes,1,no,no,no
4069,N#C/C(=C\c1ccccc1)C(=O)N(c1ccccn1)C1CCCCC1,1,"Non-corrosive, Non-irritant, Sensitizer",1,non-carcinogen,0,0.905697286,0.788819432,0.970702946,0.999991357,0.953415811,0.962165952,2.462734271,yes,1,no,no,no
11198,CCC(OC(=O)c1cc2sccc2n1C)C(=O)NCc1ccco1,0,"Non-corrosive, Non-irritant, Sensitizer",1,non-carcinogen,0,0.197090641,0.053155474,0.006454833,0.959882855,0.029833185,0.005109316,3.013902843,no,0,no,no,no
13672,COc1cc2c(cc1OC)C(c1cccs1)NCC2,0,"Non-corrosive, Non-irritant, Non-sensitizer",0,non-carcinogen,0,0.471984714,0.556031287,0.148710668,3.59E-06,0.966773868,0.999651253,2.730461385,no,0,yes,no,no
14224,CCOC(=O)C1=C(COC(=O)c2ncc(Cl)c(Cl)c2Cl)NC(=O)NC1C,0,"Non-corrosive, Non-irritant, Non-sensitizer",0,non-carcinogen,0,0.41914621,0.140887618,0.074251048,0.04073729,0.004127634,0.056695115,3.172986626,no,0,yes,no,no
12548,CC(=O)Nc1ccc(N(C(=O)c2cnccn2)C(C(=O)NC2CCCCC2)c2ccc(O)cc2)cc1,0,"Non-corrosive, Non-irritant, Non-sensitizer",0,non-carcinogen,0,0.378002733,0.202488974,0.172524691,0.993893862,0.053438447,0.41929993,2.906142182,no,0,yes,no,no
3510,COC(=O)c1c(NC(=O)CCl)sc(C(=O)N2CCOCC2)c1C,1,"Non-corrosive, Non-irritant, Sensitizer",1,non-carcinogen,0,0.662625492,0.800199866,0.803108573,0.991333961,0.089589179,0.125629559,2.32319252,no,0,no,no,no
9384,CN(C(=O)C1CCOC1)c1nnc(-c2cnccn2)s1,0,"Non-corrosive, Non-irritant, Sensitizer",1,non-carcinogen,0,0.137484297,0.054147609,0.00895182,3.29E-05,0.076002583,0.001597767,3.266714622,no,0,no,no,no
10177,Cc1cnc(-c2nnc(N(C)C(=O)C3CCOC3)s2)cn1,0,"Non-corrosive, Non-irritant, Sensitizer",1,non-carcinogen,0,0.091442287,0.061237466,0.010017996,1.56E-06,0.07417886,0.002017574,3.303355153,no,0,no,no,no
15325,O=C(CN1CCN(S(=O)(=O)c2ccccc2)CC1)NC(=O)NC1CCCCC1,0,"Non-corrosive, Non-irritant, Sensitizer",1,non-carcinogen,0,0.062780522,0.026089802,0.017520634,1.27E-05,0.176291108,0.000139634,2.039510429,no,0,no,no,no
6336,CC1CCN(CCN(C(=O)Nc2ccc(Cl)cc2)c2ccc3nc(N)sc3c2)CC1,1,"Non-corrosive, Non-irritant, Non-sensitizer",0,non-carcinogen,0,0.869441509,0.939638853,0.984992504,0.999999821,0.976000726,0.999226213,2.422899256,yes,1,yes,no,no
6648,Nc1nc2ccc(N(CCN3CCCCC3)C(=O)Nc3ccc(Cl)cc3)cc2s1,1,"Non-corrosive, Non-irritant, Non-sensitizer",0,non-carcinogen,0,0.765497506,0.895666122,0.984858036,0.99999404,0.970550358,0.998883605,2.353122614,yes,1,yes,no,no
8444,CCN(CC(=O)Nc1ccc(S(=O)(=O)N2CCCCC2)cc1)Cc1ccccc1,0,"Non-corrosive, Non-irritant, Sensitizer",1,non-carcinogen,0,0.16079697,0.047350693,0.052218489,0.834964037,0.22112456,0.019294268,1.933094393,no,0,no,yes,no
4156,Cc1cc(C(=O)O)ccc1-n1c(C)cc(C=C2C(=O)c3ccccc3C2=O)c1C,1,"Non-corrosive, Non-irritant, Non-sensitizer",0,non-carcinogen,0,0.95860678,0.68081665,0.964472651,0.999999404,0.108416945,0.999900758,2.310496652,no,0,yes,no,no
10078,CCOc1cc(C)nc(NCCc2ccc(OC)c(OC)c2)n1,0,"Non-corrosive, Non-irritant, Non-sensitizer",0,non-carcinogen,0,0.320462078,0.127986118,0.049639083,0.000192192,0.070673391,0.014071715,2.088713501,no,0,yes,no,no
11617,O=C1N(CN2C(=O)C3(OCCO3)c3ccccc32)c2ccccc2C12OCCO2,0,"Non-corrosive, Non-irritant, Non-sensitizer",0,non-carcinogen,0,0.201177582,0.099159561,0.038951885,5.41E-06,0.093926407,0.009526233,3.61711951,no,0,yes,no,no
161,C=CCNc1nc(N)c(C(=O)Nc2cc(C)on2)s1,1,"Non-corrosive, Non-irritant, Sensitizer",1,carcinogen,1,0.600537658,0.641943216,0.906681895,5.89E-05,0.136141688,0.935068071,2.719430946,no,0,no,no,no
14150,CC(C)(C)CNC(=S)Nc1ccc2c(c1)CCN2C(=O)Cc1ccc(F)cc1,0,"Non-corrosive, Non-irritant, Non-sensitizer",0,non-carcinogen,0,0.332441837,0.093881495,0.05817014,0.042722959,0.023699803,0.256948262,2.31995429,no,0,yes,no,no
9201,Cc1ccc(C(C(=O)NC2CCCC2)N(C(=O)c2csnn2)C2CCCC2)o1,0,"Non-corrosive, Non-irritant, Non-sensitizer",0,non-carcinogen,0,0.116507731,0.076440565,0.04594155,1.59E-05,0.02788117,0.009068435,3.194397795,no,0,yes,no,no
4139,CC(C)(C)C(=O)/C=c1\s/c(=C\c2ccc(-c3ccc([N+](=O)[O-])cc3)o2)c(=O)n1CC(=O)NC(N)=O,1,"Non-corrosive, Non-irritant, Non-sensitizer",0,carcinogen,1,0.774477243,0.901505888,0.961260378,0.999984324,0.994906127,0.989182472,2.923112281,yes,1,no,no,no
12809,CCOCCn1c(CN2CCC(Cc3ccccc3)CC2)nc2c1c(=O)n(C)c(=O)n2C,0,"Non-corrosive, Non-irritant, Non-sensitizer",0,non-carcinogen,0,0.146880999,0.034535702,0.018629272,4.10E-05,0.049259532,0.029541517,2.474501049,no,0,yes,no,no
13133,COCCn1c(CN2CCC(Cc3ccccc3)CC2)nc2c1c(=O)n(C)c(=O)n2C,0,"Non-corrosive, Non-irritant, Sensitizer",1,non-carcinogen,0,0.106596239,0.037511677,0.020827573,2.67E-06,0.045979314,0.029747609,2.418948634,no,0,no,no,no
7510,COc1cc2oc(C)c(-c3ccccc3)c2cc1O,1,"Non-corrosive, Non-irritant, Sensitizer",1,carcinogen,1,0.770925462,0.865790427,0.922316611,0.287424207,0.557500422,0.716607928,2.008097661,no,0,no,no,no
11929,O=C(CN(C(=O)C1CSC(=O)C1)c1ccccc1F)NCc1ccc2c(c1)OCO2,0,"Non-corrosive, Non-irritant, Non-sensitizer",0,non-carcinogen,0,0.1307524,0.197414428,0.051496852,0.000300683,0.045648728,0.005121797,3.111609841,no,0,yes,no,no
909,Cc1cc(NC(=O)CSc2nnc3c4c(C)c(C)sc4ncn23)no1,1,"Non-corrosive, Non-irritant, Sensitizer",1,carcinogen,1,0.424249113,0.154662788,0.868123412,0.633930147,0.083477616,0.020088077,2.661154811,no,0,no,no,no
9108,O=C(NCc1ccco1)c1cccs1,0,"Non-corrosive, Non-irritant, Sensitizer",1,carcinogen,1,0.172141731,0.137415588,0.117906697,0.001939029,0.005711645,0.035329387,1.891354507,no,0,no,yes,no
15667,CC(C)[C@H](NC(=O)c1ccccc1)C(=O)OCC(=O)c1ccc2c(c1)NC(=O)CO2,0,"Non-corrosive, Non-irritant, Non-sensitizer",0,non-carcinogen,0,0.306192487,0.126237765,0.06579423,0.996589005,0.05125827,0.645552933,2.680872708,no,0,yes,no,no
2075,N#Cc1c(Nc2ccccc2C(F)(F)F)s[nH]c1=O,1,"Non-corrosive, Irritant, Sensitizer",1,non-carcinogen,0,0.76285857,0.839738607,0.88769877,0.083764374,0.64286536,0.998430908,2.685667583,no,0,no,no,no
2076,N#Cc1c(Nc2ccccc2Cl)s[nH]c1=O,1,"Non-corrosive, Non-irritant, Sensitizer",1,non-carcinogen,0,0.607426524,0.73643744,0.927100658,0.019051364,0.787194431,0.999582589,2.567748475,no,0,no,no,no
10808,Cc1cc(C)c2[nH]c(=O)c(C(c3nnnn3Cc3ccc4c(c3)OCO4)N3CCCC3)cc2c1,0,"Non-corrosive, Non-irritant, Non-sensitizer",0,non-carcinogen,0,0.038212784,0.019138834,0.005267987,1.01E-07,0.009776963,0.004561019,3.141681366,no,0,yes,no,no
13610,N#Cc1c2n(c(=O)[nH]c1=O)CCCCC2,0,"Non-corrosive, Non-irritant, Non-sensitizer",0,non-carcinogen,0,0.202244103,0.051292311,0.040778369,0.017459923,0.041707393,0.030891538,2.65613202,no,0,yes,no,no
8150,C=C1[C@@H]2[C@@H](O)[C@H](O)C(C)(C)[C@@]2(O)[C@H](O)C[C@]23C[C@@](C)(O)[C@H](CC[C@@H]12)[C@H]3O,1,"Non-corrosive, Non-irritant, Non-sensitizer",0,non-carcinogen,0,0.976278007,0.99713707,0.996848762,0.999999881,1,0.999999881,6.583429916,yes,1,yes,no,no
8151,C=C1[C@@H]2CC[C@@H]3C[C@@]2(C[C@@H](O)[C@@]2(O)[C@H]1C[C@H](O)C2(C)C)C[C@@]3(C)O,1,"Non-corrosive, Non-irritant, Non-sensitizer",0,non-carcinogen,0,0.944493115,0.99713707,0.996549845,0.999999881,1,0.999999821,6.307586183,yes,1,yes,no,no
13983,CCOc1ccc(S(=O)(=O)N(CC(=O)N2CCc3ccccc3C2)c2ccccc2)cc1,0,"Non-corrosive, Non-irritant, Non-sensitizer",0,non-carcinogen,0,0.327196419,0.197496191,0.054755434,0.000910277,0.346512079,0.007544442,2.132154217,no,0,yes,no,no
131,CCCc1cc2c(c(NC(C)=O)n1)c(=O)oc1ccccc12,1,"Non-corrosive, Non-irritant, Non-sensitizer",0,non-carcinogen,0,0.338267356,0.291089505,0.870897353,1.37E-05,0.070174523,0.978694499,2.430395566,no,0,yes,no,no
11123,NC(=O)c1c(NC(=O)CSc2nnc(-c3ccccc3)n2CC2CCCO2)sc2c1CCC2,0,"Non-corrosive, Non-irritant, Non-sensitizer",0,carcinogen,1,0.093564644,0.075276718,0.068299063,3.70E-06,0.042799283,0.031162892,2.920870559,no,0,no,no,no
9169,CC(C)Oc1cccc(C(=O)Nc2ccccc2N2CCOCC2)c1,0,"Non-corrosive, Non-irritant, Non-sensitizer",0,non-carcinogen,0,0.227182224,0.181956127,0.130674854,0.005064936,0.351365685,0.015366943,1.881335852,no,0,yes,yes,no
9501,CC(C)c1nnc(NC(=O)Cn2nc(-c3ccc4c(c3)OCCO4)ccc2=O)s1,0,"Non-corrosive, Non-irritant, Non-sensitizer",0,carcinogen,1,0.126595914,0.264706045,0.067125037,1.07E-05,0.241177216,0.595117629,2.497688833,no,0,no,no,no
1335,Cc1ccc(/C=C2\SC(N)=NC2=O)s1,1,"Non-corrosive, Irritant, Sensitizer",1,non-carcinogen,0,0.61242497,0.888994932,0.954097152,0.821940064,0.999433398,0.999263108,2.7376581,yes,1,no,no,no
14871,O=C(N[C@H]1CNC1=O)OCc1ccc(-c2cocn2)cc1,0,"Non-corrosive, Irritant, Sensitizer",1,non-carcinogen,0,0.454932719,0.351313353,0.106801711,0.996614933,0.958716691,0.188747913,3.062024371,no,0,no,no,no
6890,COc1ccc(C2=NN(Cc3ccc(CN4CCC5(CC4)OCCO5)cc3)C(=O)[C@@H]3CC=CC[C@H]23)cc1OC,1,"Non-corrosive, Non-irritant, Non-sensitizer",0,non-carcinogen,0,0.969458699,0.948366046,0.991555929,1,0.929776013,0.999993265,4.035349434,yes,1,yes,no,no
2747,O=C(Cn1ncc(Cl)c(Cl)c1=O)NCC1CCCCC1,1,"Non-corrosive, Non-irritant, Sensitizer",1,non-carcinogen,0,0.734499753,0.704349041,0.977685392,0.998582482,0.673508465,0.999991775,2.248087773,yes,1,no,no,no
4768,CCOC(=O)c1[nH]c(C)c(C(=O)OCC(=O)N2CCCCC2C)c1C,1,"Non-corrosive, Non-irritant, Sensitizer",1,non-carcinogen,0,0.298101485,0.377136171,0.761984766,0.154264659,0.277306348,0.491296411,2.706187339,no,0,no,no,no
10074,Cc1nc2cc(N3CCCCC3)c(NC(=O)c3cccnc3)cc2c(=O)n1Cc1ccccc1,0,"Non-corrosive, Non-irritant, Non-sensitizer",0,non-carcinogen,0,0.132247075,0.176887244,0.06716878,0.986436307,0.208528623,0.099463806,2.326118155,no,0,yes,no,no
3261,COc1ccc(CCNC(=O)c2cccc([N+](=O)[O-])c2)cc1OC,1,"Non-corrosive, Non-irritant, Sensitizer",1,non-carcinogen,0,0.801279426,0.515376687,0.856765568,0.109741919,0.385085106,0.300533652,1.76850766,no,0,no,yes,no
13147,O=c1cc(Cn2ccnc2)c2cc3c(cc2o1)CCC3,0,"Non-corrosive, Non-irritant, Sensitizer",1,non-carcinogen,0,0.157880828,0.353346229,0.028481524,0.004285364,0.416351467,0.003242598,2.448039394,no,0,no,no,no
5744,CC(C(=O)O)c1ccc(-c2cccc(OC(=O)NCCC3CCCCC3)c2)c(F)c1,1,"Non-corrosive, Non-irritant, Sensitizer",1,non-carcinogen,0,0.627996206,0.550925314,0.846275091,0.654143333,0.45005092,0.854495168,2.757986515,no,0,no,no,no
9126,Cc1ccccc1Cn1cc(NC(=O)c2cc3nc(-c4ccco4)cc(C(F)(F)F)n3n2)cn1,0,"Non-corrosive, Non-irritant, Non-sensitizer",0,non-carcinogen,0,0.227566049,0.218818069,0.097670153,0.999996006,0.184660986,0.247404173,2.697081806,no,0,yes,no,no
10339,Cc1nn(Cc2ccccc2)c(C)c1NC(=O)c1cc2nc(-c3ccco3)cc(C(F)(F)F)n2n1,0,"Non-corrosive, Non-irritant, Non-sensitizer",0,non-carcinogen,0,0.185672954,0.288940847,0.060724553,0.260956317,0.594405055,0.134639308,2.662975601,no,0,yes,no,no
4191,CCOC(=O)c1ccc2c(c1)N(CC#N)C(=O)C(C)(C)O2,1,"Non-corrosive, Non-irritant, Sensitizer",1,non-carcinogen,0,0.323015869,0.204957187,0.754341245,0.013350222,0.001129343,0.000448651,2.468936738,no,0,no,no,no
9473,CCC(C)(C)NC(=O)c1ccc2c(c1)N(CC(=O)OC)C(=O)C(C)(C)O2,0,"Non-corrosive, Non-irritant, Sensitizer",1,non-carcinogen,0,0.228952572,0.137283131,0.031276848,9.31E-06,0.012870489,0.006976952,2.517532499,no,0,no,no,no
15342,COCCCNC(=O)CCN1C(=O)COc2ccc(C)cc21,0,"Non-corrosive, Non-irritant, Sensitizer",1,non-carcinogen,0,0.149341449,0.113193177,0.098210707,6.60E-06,0.052707519,0.005904773,2.138978692,no,0,no,no,no
3473,Cc1cccc(NS(=O)(=O)c2ccc(-c3cnc(C4CC4)o3)cc2)c1C,1,"Non-corrosive, Non-irritant, Non-sensitizer",0,non-carcinogen,0,0.744378805,0.712730408,0.961699963,0.004050791,0.082434088,0.12781629,2.232538657,no,0,yes,no,no
3474,Cc1cccc(C)c1NS(=O)(=O)c1ccc(-c2cnc(C3CC3)o2)cc1,1,"Non-corrosive, Non-irritant, Non-sensitizer",0,non-carcinogen,0,0.459821701,0.712730408,0.932669938,0.002642162,0.082434088,0.024472151,2.258180596,no,0,yes,no,no
3475,Cc1cc(C)cc(NS(=O)(=O)c2ccc(-c3cnc(C4CC4)o3)cc2)c1,1,"Non-corrosive, Non-irritant, Non-sensitizer",0,non-carcinogen,0,0.621896088,0.528040111,0.960879505,0.855138898,0.049435847,0.027330648,2.272462998,no,0,yes,no,no
2195,COc1ccc(-c2csc3ncnc(NCCN4CCOCC4)c23)cc1,1,"Non-corrosive, Non-irritant, Sensitizer",1,carcinogen,1,0.833027005,0.757275283,0.947273612,0.999989152,0.715676725,0.053711675,2.268389529,no,0,no,no,no
2312,Cc1ccc(-c2csc3ncnc(NCCN4CCOCC4)c23)cc1,1,"Non-corrosive, Non-irritant, Sensitizer",1,carcinogen,1,0.747442603,0.598505259,0.938033879,0.999388695,0.515136838,0.067789279,2.271786787,no,0,no,no,no
2849,CCOc1ccc(-n2cc(-c3ccccc3)c3c(N4CCOCC4)ncnc32)cc1,1,"Non-corrosive, Non-irritant, Non-sensitizer",0,non-carcinogen,0,0.8704831,0.636838675,0.989103198,0.999585152,0.396938264,0.638840973,2.279236003,no,0,yes,no,no
2933,COc1ccc(-n2cc(-c3ccccc3)c3c(N4CC(C)OC(C)C4)ncnc32)cc1,1,"Non-corrosive, Non-irritant, Non-sensitizer",0,non-carcinogen,0,0.90676254,0.646645784,0.979893208,0.99988085,0.178699255,0.860017717,3.096663902,no,0,yes,no,no
2941,Cc1ccc(-n2cc(-c3ccccc3)c3c(N4CCOCC4)ncnc32)cc1,1,"Non-corrosive, Non-irritant, Sensitizer",1,non-carcinogen,0,0.91595149,0.485780835,0.985309422,0.999998093,0.387771368,0.971462727,2.233627563,no,0,no,no,no
2943,Fc1ccc(-n2cc(-c3ccccc3)c3c(N4CCOCC4)ncnc32)cc1,1,"Non-corrosive, Non-irritant, Sensitizer",1,non-carcinogen,0,0.911914766,0.509928167,0.982594848,0.999992907,0.395638078,0.980053067,2.249704116,no,0,no,no,no
12818,CC(C)[C@@H]1N[C@]2(C(=O)Nc3ccccc32)[C@@H]2C(=O)N(c3cccc(C(F)(F)F)c3)C(=O)[C@@H]21,0,"Non-corrosive, Non-irritant, Non-sensitizer",0,non-carcinogen,0,0.328097284,0.235300303,0.015964238,0.000849015,0.262781471,0.014242074,4.139210519,no,0,yes,no,no
12947,NC(=O)C[C@@H]1N[C@]2(C(=O)Nc3ccccc32)[C@@H]2C(=O)N(c3cc(C(F)(F)F)ccc3Cl)C(=O)[C@H]12,0,"Non-corrosive, Irritant, Non-sensitizer",1,non-carcinogen,0,0.430247962,0.164609119,0.016413145,0.973634541,0.147839203,0.014227086,4.277635187,no,0,no,no,no
8702,O=C(N1CCC(O)(c2cccnc2)CC1)C12CC3CC(CC(C3)C1)C2,0,"Non-corrosive, Non-irritant, Sensitizer",1,non-carcinogen,0,0.155257925,0.201720849,0.048527576,1.53E-07,0.234061271,0.004909376,3.751917607,no,0,no,no,no
9836,COc1cc(C(=O)Nc2ccc(-n3cnnn3)c(C)c2)cc(OC)c1OC,0,"Non-corrosive, Non-irritant, Non-sensitizer",0,non-carcinogen,0,0.166960761,0.234014943,0.046697792,1.55E-05,0.06211647,0.002337948,2.169326569,no,0,yes,no,no
8670,CC1(C)NC(=O)N(CC(O)COC2CCCCC2)C1=O,0,"Non-corrosive, Non-irritant, Sensitizer",1,non-carcinogen,0,0.325929135,0.045530923,0.037928786,1.06E-06,0.000849686,0.000196208,2.928248517,no,0,no,no,no
7449,C/C(=C\C(=O)C[C@@H](C)[C@]1(C)CC=C2C3=CC[C@H]4C(C)(C)[C@H](O)CC[C@]4(C)[C@@H]3CC[C@]21C)C(=O)O,1,"Non-corrosive, Non-irritant, Sensitizer",1,non-carcinogen,0,0.949012578,0.98487699,0.996982038,0.990679502,0.999515772,0.999998808,5.092466298,yes,1,no,no,no
10943,CCOC(=O)N1CCC(NCCNC(=O)c2cccs2)CC1,0,"Non-corrosive, Non-irritant, Non-sensitizer",0,non-carcinogen,0,0.269801736,0.112848274,0.038142484,1.74E-05,0.052626088,0.000186124,2.159905775,no,0,yes,no,no
9329,CCN1C(=O)C2(C(C#N)=C(N)Oc3n[nH]c(C(C)C)c32)c2ccccc21,0,"Non-corrosive, Non-irritant, Non-sensitizer",0,non-carcinogen,0,0.221162289,0.149322838,0.231438935,1.51E-07,0.040800646,0.694450498,3.90734717,no,0,yes,no,no
5899,NC(=O)c1sc(-c2ccnc(NC(=O)C3CC3)c2)nc1OCC1CCN(Cc2ccccc2)CC1,1,"Non-corrosive, Non-irritant, Non-sensitizer",0,carcinogen,1,0.973120689,0.956824005,0.9968521,0.999999583,0.935191154,0.999626815,2.600396013,yes,1,no,no,no
6032,CNC(=O)c1sc(-c2ccnc(NC(=O)C3CC3)c2)nc1OCC1CCN(Cc2ccc(F)c(F)c2)CC1,1,"Non-corrosive, Non-irritant, Non-sensitizer",0,non-carcinogen,0,0.945412993,0.943064332,0.991986871,0.719513118,0.950056493,0.995392621,2.811407762,yes,1,yes,no,no
6112,CNC(=O)c1sc(-c2ccnc(NC(=O)C3CC3)c2)nc1OCC1CCN(Cc2cccc(Br)c2)CC1,1,"Non-corrosive, Non-irritant, Non-sensitizer",0,carcinogen,1,0.935054004,0.981091499,0.996225953,7.79E-05,0.99128443,0.998995066,2.778539035,no,0,no,no,no
6130,CNC(=O)c1sc(-c2ccnc(NC(=O)C3CC3)c2)nc1OCC1CCN(Cc2ccc(Cl)cc2)CC1,1,"Non-corrosive, Non-irritant, Non-sensitizer",0,non-carcinogen,0,0.961010754,0.961152434,0.992743492,0.997364402,0.942601264,0.994243801,2.710861386,yes,1,yes,no,no
6278,CNC(=O)c1sc(-c2ccnc(NC(=O)C3CC3)c2)nc1OCC1CCN(Cc2ccc(Br)cc2)CC1,1,"Non-corrosive, Non-irritant, Non-sensitizer",0,carcinogen,1,0.959480762,0.981091499,0.995315909,0.999879181,0.99128443,0.995491385,2.745898686,yes,1,no,no,no
6415,CNC(=O)c1sc(-c2ccnc(NC(=O)C3CC3)c2)nc1OCC1CCN(Cc2ccccc2)CC1,1,"Non-corrosive, Non-irritant, Non-sensitizer",0,carcinogen,1,0.939547718,0.914461613,0.99427551,0.999811411,0.861592293,0.990119874,2.654661695,yes,1,no,no,no
6447,CNC(=O)c1sc(-c2ccnc(NC(=O)C3CC3)c2)nc1OCC1CCN(Cc2ccccc2F)CC1,1,"Non-corrosive, Non-irritant, Non-sensitizer",0,non-carcinogen,0,0.963253558,0.943064332,0.994531989,0.999996305,0.950056493,0.984489083,2.750695203,yes,1,yes,no,no
6710,CNC(=O)c1sc(-c2ccnc(NC(=O)C3CC3)c2)nc1OCC1CCN(Cc2cccc([N+](=O)[O-])c2)CC1,1,"Non-corrosive, Non-irritant, Non-sensitizer",0,carcinogen,1,0.985579252,0.965444446,0.990418971,0.999987483,0.992598772,0.998791337,2.844451073,yes,1,no,no,no
12425,CCSC1=NC(=O)/C(=C2/C=Cc3ccccc3N2CC)S1,0,"Non-corrosive, Non-irritant, Sensitizer",1,non-carcinogen,0,0.160693318,0.197699904,0.093705393,8.29E-05,0.635647416,0.996735215,3.078147467,no,0,no,no,no
13881,CCc1nnc(NC(=O)c2cc3c(s2)CCCCC3)s1,0,"Non-corrosive, Non-irritant, Sensitizer",1,carcinogen,1,0.176554248,0.064921968,0.071482658,5.56E-05,0.03774327,0.054301236,2.335569376,no,0,no,no,no
8747,CCOc1ccc(-c2nnn(CC(=O)NCc3ccc(OC)cc3)n2)cc1OCC,0,"Non-corrosive, Non-irritant, Non-sensitizer",0,carcinogen,1,0.083524905,0.045660771,0.011644726,1.92E-05,0.003957187,0.002680328,2.146253103,no,0,no,no,no
6164,COc1ccc(C(Cc2cncn2C)c2ccccc2)cc1OC1CCCC1,1,"Non-corrosive, Non-irritant, Sensitizer",1,non-carcinogen,0,0.829179466,0.709097445,0.967855394,0.999996603,0.779437065,0.997445941,2.828412304,yes,1,no,no,no
7304,Cc1coc2c1C(=O)C(=O)c1c-2ccc2c(C)cccc12,1,"Non-corrosive, Non-irritant, Non-sensitizer",0,carcinogen,1,0.697739124,0.834829926,0.986677289,0.997826993,0.797632337,0.999883235,2.572273347,yes,1,no,no,no
11091,CC(C)c1ccc(Nc2nc(NCc3ccco3)nc(N3CCOCC3)n2)cc1,0,"Non-corrosive, Non-irritant, Sensitizer",1,carcinogen,1,0.21254459,0.34004423,0.104735784,0.99884361,0.625197947,0.024061643,2.386238677,no,0,no,no,no
13029,O=C(CC1C(=O)NCCN1C(=O)Nc1ccccc1)Nc1ccc2c(c1)OCCO2,0,"Non-corrosive, Non-irritant, Non-sensitizer",0,non-carcinogen,0,0.185139015,0.081797972,0.020517236,0.032573767,0.023507943,0.000791822,2.716637051,no,0,yes,no,no
9611,COc1ccc(C(=O)CSc2nnc(-c3ccoc3C)n2CC2CCCO2)cc1,0,"Non-corrosive, Non-irritant, Non-sensitizer",0,non-carcinogen,0,0.054714557,0.032715179,0.019136259,8.35E-08,0.012923582,0.00631786,2.821009201,no,0,yes,no,no
12352,Cc1occc1-c1nnc(SCC(=O)c2ccccc2)n1CC1CCCO1,0,"Non-corrosive, Non-irritant, Sensitizer",1,non-carcinogen,0,0.058474112,0.040453997,0.016590323,1.77E-07,0.061075255,0.006264958,2.784757757,no,0,no,no,no
9778,Cc1occc1-c1nnc(SCC(=O)Nc2nccs2)n1Cc1ccco1,0,"Non-corrosive, Non-irritant, Non-sensitizer",0,carcinogen,1,0.068300322,0.043727066,0.011776122,3.75E-07,0.011585354,0.013296571,2.551841444,no,0,no,no,no
11186,Cc1csc(NC(=O)CSc2nnc(-c3ccoc3C)n2Cc2ccco2)n1,0,"Non-corrosive, Non-irritant, Non-sensitizer",0,carcinogen,1,0.075966887,0.050815888,0.010331784,0.004499552,0.02374142,0.012380513,2.551251989,no,0,no,no,no
11790,CC1(C)CC(NS(=O)(=O)c2ccc(S(=O)(=O)N3CCOCC3)cc2)CCO1,0,"Non-corrosive, Non-irritant, Non-sensitizer",0,non-carcinogen,0,0.145519316,0.126256078,0.014716288,2.01E-06,0.053099968,0.001060494,2.859877033,no,0,yes,no,no
4824,COC(=O)c1ccsc1NC(=O)CN1C(=O)CCC1=O,1,"Non-corrosive, Non-irritant, Non-sensitizer",0,non-carcinogen,0,0.247462928,0.124380305,0.723315537,0.000552447,0.010884186,0.006871753,2.244544327,no,0,yes,no,no
7118,C/C=C(\C)C(=O)OC1C[C@@H](O)[C@@]2(C)C(=O)O[C@H]3[C@H]4O[C@@H]5C[C@@H](C6=CCOC6=O)C(C)=C5[C@@]4(C)[C@H](CC(=O)OC)[C@]1(C)[C@@H]32,1,"Non-corrosive, Non-irritant, Non-sensitizer",0,non-carcinogen,0,0.987542748,0.995028198,0.998917222,1,0.999989152,0.999998689,5.709625351,yes,1,yes,no,no
7755,C=C(C)[C@H]1Cc2c(ccc3c2O[C@@H]2COc4cc(OC)c(OC)cc4[C@@H]2C3=O)O1,1,"Non-corrosive, Non-irritant, Non-sensitizer",0,non-carcinogen,0,0.867313564,0.990188181,0.988654137,0.999999702,0.999995351,0.999909699,3.86804217,yes,1,yes,no,no
7756,C=C(C)[C@H]1Cc2c(ccc3c2O[C@@H]2COc4cc(OC)c(OC)cc4[C@]2(O)C3=O)O1,1,"Non-corrosive, Non-irritant, Non-sensitizer",0,non-carcinogen,0,0.72020781,0.993443489,0.97009027,0.999994457,1,0.997215033,4.022733471,yes,1,yes,no,no
4832,O=C1C2C3C=CC(CO)(O3)C2C(=O)N1c1ccccc1-c1ccccc1,1,"Non-corrosive, Non-irritant, Sensitizer",1,non-carcinogen,0,0.758517742,0.700677395,0.963172019,0.999998152,0.189978898,0.998567283,4.184689387,no,0,no,no,no
2919,Cc1cccc(OCCN2C(=O)C(=O)c3cc(C)ccc32)c1,1,"Non-corrosive, Non-irritant, Non-sensitizer",0,carcinogen,1,0.425931811,0.377301544,0.937330246,0.012006785,0.211282745,0.965539575,1.952486633,no,0,no,yes,no
13803,CCn1c(SCC(=O)c2ccc(CNC(C)=O)o2)nnc1-c1cccs1,0,"Non-corrosive, Non-irritant, Non-sensitizer",0,carcinogen,1,0.037137441,0.049275219,0.015055769,7.00E-08,0.046665944,0.041923687,2.499016808,no,0,no,no,no
2948,Cc1cc2cc(CCNC(=O)C(=O)c3c[nH]c4ccccc34)c(=O)[nH]c2cc1C,1,"Non-corrosive, Non-irritant, Non-sensitizer",0,non-carcinogen,0,0.557764173,0.634319127,0.837404907,0.999720037,0.464344144,0.111819096,2.420259293,no,0,yes,no,no
10179,Cc1nn(C(=O)c2cc3sccc3[nH]2)c(C)c1C,0,"Non-corrosive, Non-irritant, Sensitizer",1,non-carcinogen,0,0.315169156,0.218402743,0.051387984,0.99228853,0.48881641,0.016487502,2.781086811,no,0,no,no,no
15022,O=P1(O)C=C(c2ccccc2)OC(c2ccccc2)=C1,0,"Non-corrosive, Irritant, Non-sensitizer",1,non-carcinogen,0,0.47094363,0.373501122,0.10849233,0.000173836,0.800996363,0.02936502,2.742834894,no,0,no,no,no
506,CCc1cc2c(COC(=O)c3cc(S(=O)(=O)N4CCOCC4)ccc3F)cc(=O)oc2cc1O,1,"Non-corrosive, Non-irritant, Sensitizer",1,non-carcinogen,0,0.567167819,0.521192074,0.893924475,0.000141456,0.205262274,0.139456108,2.582279716,no,0,no,no,no
8302,CC(=O)OC[C@@]12[C@@H](OC(C)=O)C[C@@H](C)[C@](C)(CCC3=CC(=O)OC3)[C@H]1[C@H](OC(C)=O)CC[C@]21CO1,1,"Non-corrosive, Non-irritant, Sensitizer",1,carcinogen,1,0.90375483,0.99007988,0.997487307,0.999999881,1,0.999999523,5.418066751,yes,1,no,no,no
8303,C/C=C/C(=O)O[C@@H](C[C@@]1(C)[C@H](C)C[C@H](OC(C)=O)[C@]2(COC(C)=O)[C@@H]1[C@H](O)CC[C@]21CO1)C1=CC(=O)OC1,1,"Non-corrosive, Non-irritant, Non-sensitizer",0,carcinogen,1,0.994279265,0.993430912,0.998163402,0.999999881,1,0.999998748,5.738221571,yes,1,no,no,no
8304,CC(=O)OC[C@@]12[C@@H](OC(C)=O)C[C@@H](C)[C@](C)(C[C@H](OC(=O)C(C)C)C3=CC(=O)OC3)[C@H]1CCC[C@]21CO1,1,"Non-corrosive, Non-irritant, Non-sensitizer",0,non-carcinogen,0,0.941773236,0.994261861,0.998292863,0.999999464,1,0.999998569,5.480162459,yes,1,yes,no,no
3867,O=C1Cc2ccccc2Sc2ccc(Cl)cc21,1,"Non-corrosive, Non-irritant, Sensitizer",1,non-carcinogen,0,0.580785036,0.916819632,0.972682893,0.000114499,0.98572737,0.977174997,2.223460302,no,0,no,no,no
3868,Cc1cccc2c1Sc1ccccc1CC2=O,1,"Non-corrosive, Non-irritant, Sensitizer",1,non-carcinogen,0,0.630253196,0.908974528,0.967065215,0.935878038,0.865164578,0.933725774,2.387845232,yes,1,no,no,no
4082,Nc1ccc2c(c1)CC(=O)c1ccccc1S2,1,"Non-corrosive, Non-irritant, Sensitizer",1,non-carcinogen,0,0.705738723,0.848485172,0.960379541,0.96112442,0.744100869,0.999275267,2.352399078,yes,1,no,no,no
12749,O=C(C1CCCCC1)N1CCCC(c2nc(-c3ccc(F)cc3)no2)C1,0,"Non-corrosive, Non-irritant, Sensitizer",1,non-carcinogen,0,0.132410109,0.080306597,0.006807161,1.03E-06,0.019898724,8.62E-05,2.60831252,no,0,no,no,no
2487,O=[N+]([O-])c1ccc(O)c(-c2nc(-c3ccccc3)c(-c3cccs3)[nH]2)c1,1,"Non-corrosive, Non-irritant, Non-sensitizer",0,carcinogen,1,0.90381664,0.963939011,0.985711038,0.999999344,0.946673572,0.99999249,2.381070105,yes,1,no,no,no
12971,CCc1ccc2c(c1)[C@]1(C(=O)N2)[C@@H]2C(=O)N(Cc3ccccc3)C(=O)[C@@H]2[C@@H]2CCCN21,0,"Non-corrosive, Non-irritant, Non-sensitizer",0,non-carcinogen,0,0.20938082,0.112574175,0.021777874,7.61E-05,0.151735902,0.020141626,4.011206383,no,0,yes,no,no
732,COc1ccc2c3c(n(C)c2c1)[C@@H](CO)N(C(=O)Nc1ccc(F)cc1)CC31CN(Cc2ccccc2F)C1,1,"Non-corrosive, Non-irritant, Non-sensitizer",0,non-carcinogen,0,0.911815047,0.996153533,0.976729274,0.999938786,0.999999821,0.999566972,3.660694463,yes,1,yes,no,no
13338,c1nc(N2CCOCC2)c2sc3nc(N4CCOCC4)c4c(c3c2n1)CCCC4,0,"Non-corrosive, Non-irritant, Sensitizer",1,non-carcinogen,0,0.408097923,0.519283652,0.320270449,0.999999166,0.516766846,0.158453181,2.75435829,no,0,no,no,no
8223,C=C1CC[C@H]2C(C)(C)CCC[C@]2(C)[C@H]1/C=C/C1=CC(=O)O[C@H]1C,1,"Non-corrosive, Non-irritant, Sensitizer",1,non-carcinogen,0,0.971260726,0.994285524,0.990287781,0.999999881,1,0.999998927,4.509350988,yes,1,no,no,no
13302,Cc1ccc2cc(CN(CC3CCCO3)C(=O)C(C)C)c(=O)[nH]c2c1,0,"Non-corrosive, Non-irritant, Non-sensitizer",0,non-carcinogen,0,0.069505021,0.095005915,0.004851345,5.39E-07,0.03825663,0.000831155,2.821617604,no,0,yes,no,no
13238,COc1cccc(C2NC(=O)c3ccccc3O2)c1OC,0,"Non-corrosive, Non-irritant, Non-sensitizer",0,non-carcinogen,0,0.51144141,0.360293001,0.059683535,0.982157052,0.122527398,0.076101303,2.647679768,no,0,yes,no,no
13311,COc1ccc(C2NC(=O)c3ccccc3O2)c(OC)c1OC,0,"Non-corrosive, Non-irritant, Non-sensitizer",0,non-carcinogen,0,0.487641394,0.345263183,0.070307806,0.997848392,0.091580093,0.14539066,2.757055625,no,0,yes,no,no
6576,Cc1c(C(C)C)c(=O)on1C(=O)N(C)C1CCCCC1,1,"Non-corrosive, Non-irritant, Sensitizer",1,non-carcinogen,0,0.841210961,0.985928178,0.997630119,0.999939263,0.999914527,0.999995768,2.834213231,yes,1,no,no,no
2111,COc1ccc(/C=C2\SC(=S)N(CCC(=O)Nc3ccc(C(=O)O)cc3)C2=O)cc1OC,1,"Non-corrosive, Non-irritant, Non-sensitizer",0,non-carcinogen,0,0.947002113,0.948575318,0.977439225,0.999999881,0.981727898,0.999860466,2.183193376,yes,1,yes,no,no
7996,CC(=O)O[C@H]1CC[C@]2(C)[C@H](CC[C@@](C)(O)[C@@H]2COc2ccc3ccc(=O)oc3c2)C1(C)C,1,"Non-corrosive, Non-irritant, Non-sensitizer",0,non-carcinogen,0,0.895525753,0.960650861,0.987243295,0.999997497,0.999993145,0.999997973,4.082077984,yes,1,yes,no,no
7997,CC1(C)[C@H](O)CC[C@]2(C)[C@@H]1CC[C@@](C)(O)[C@@H]2COc1ccc2ccc(=O)oc2c1,1,"Non-corrosive, Non-irritant, Non-sensitizer",0,non-carcinogen,0,0.96561271,0.984189928,0.986421943,0.999994397,1,0.999994457,4.039640691,yes,1,yes,no,no
7998,CC1(C)[C@H]2CC[C@@](C)(O)[C@H](COc3ccc4ccc(=O)oc4c3)[C@]2(C)CC[C@@H]1O,1,"Non-corrosive, Non-irritant, Non-sensitizer",0,non-carcinogen,0,0.96561271,0.984189928,0.986421943,0.999994397,1,0.999994457,4.039640691,yes,1,yes,no,no
2670,COc1ccc2c(C)cc(SCC(=O)Nc3ccc(Cl)cn3)nc2c1,1,"Non-corrosive, Non-irritant, Sensitizer",1,carcinogen,1,0.793593585,0.767946303,0.889151275,0.999866843,0.856636763,0.911074996,2.217547444,yes,1,no,no,no
9139,Cc1cc(C)n(C(=O)c2ccncc2)n1,0,"Non-corrosive, Non-irritant, Sensitizer",1,non-carcinogen,0,0.223204613,0.312513381,0.046210591,0.00019385,0.671067297,0.060181215,2.171783668,no,0,no,no,no
12712,Cc1ccc(-c2nnn(CC(=O)NCC3COCCO3)n2)o1,0,"Non-corrosive, Non-irritant, Non-sensitizer",0,carcinogen,1,0.058164347,0.016117916,0.033850249,2.19E-07,0.00629571,0.016090149,3.10252787,no,0,no,no,no
11803,CCOC(=O)Cc1csc(NC(=O)CSc2nnc(-c3ccncc3)n2Cc2ccco2)n1,0,"Non-corrosive, Non-irritant, Non-sensitizer",0,carcinogen,1,0.157316372,0.041600987,0.020109616,3.85E-08,0.072840288,0.009780674,2.550440084,no,0,no,no,no
15526,O=C(CSc1nnc(-c2ccncc2)n1Cc1ccco1)Nc1nccs1,0,"Non-corrosive, Non-irritant, Sensitizer",1,carcinogen,1,0.099363439,0.054614738,0.020522699,1.39E-07,0.009689867,0.02230211,2.41721827,no,0,no,no,no
12804,Cc1ccnc(SCCn2c(N3CCOCC3)nc3c2c(=O)n(C)c(=O)n3C)n1,0,"Non-corrosive, Non-irritant, Non-sensitizer",0,non-carcinogen,0,0.077993207,0.065137155,0.007562826,2.73E-06,0.136546686,0.009050413,2.731184809,no,0,yes,no,no
12874,Cc1ccnc(SCCn2c(N3CCOCC3)nc3c2c(=O)[nH]c(=O)n3C)n1,0,"Non-corrosive, Non-irritant, Non-sensitizer",0,non-carcinogen,0,0.05903554,0.080639318,0.007809727,2.21E-06,0.157674119,0.007253669,2.760176775,no,0,yes,no,no
5407,COc1ccc(C2(Cn3cc[nH]c3=O)CC2)cc1OC1CCCC1,1,"Non-corrosive, Non-irritant, Sensitizer",1,non-carcinogen,0,0.879018307,0.97123462,0.980385184,0.998971403,0.99866426,0.999961793,2.775131132,yes,1,no,no,no
6176,O=c1[nH]ccn1CC1(c2ccc(OC(F)F)c(OC3CCCC3)c2)CC1,1,"Non-corrosive, Non-irritant, Sensitizer",1,non-carcinogen,0,0.888501346,0.980687201,0.975410104,0.998523116,0.998134732,0.999968767,2.942887078,yes,1,no,no,no
5334,Cc1cnc(Nc2ccncc2)nc1N1CCC2(CCNC2=O)CC1,1,"Non-corrosive, Non-irritant, Sensitizer",1,non-carcinogen,0,0.865010083,0.953266382,0.995862126,0.999996185,0.937039554,0.999927223,3.236792874,yes,1,no,no,no
2150,O=C(CN1CC(=O)Oc2ccccc21)OCC(=O)c1ccccc1,1,"Non-corrosive, Non-irritant, Sensitizer",1,non-carcinogen,0,0.381064534,0.31416747,0.805362761,0.992728055,0.061517421,0.089275323,2.208717085,no,0,no,no,no
3391,COc1ccc(Nc2nccc(-c3cccc(N)c3)n2)cc1,1,"Non-corrosive, Non-irritant, Sensitizer",1,non-carcinogen,0,0.710456192,0.73201555,0.918804407,0.991930544,0.550201952,0.992715061,1.888260857,yes,1,no,yes,no
7974,COC1=CC(=O)C(CC=C(C)C)(CC=C(C)C)C2=C1C(=O)C[C@@H](c1ccccc1)O2,1,"Non-corrosive, Non-irritant, Non-sensitizer",0,non-carcinogen,0,0.869456649,0.995942652,0.98971504,0.999997079,0.999998212,0.999807656,3.777664407,yes,1,yes,no,no
763,Cc1[nH]c2ccccc2c1CCNC(=O)c1ccc(-c2ccccc2)nc1,1,"Non-corrosive, Non-irritant, Sensitizer",1,non-carcinogen,0,0.878377318,0.916135252,0.989306033,0.999998808,0.974233866,0.961578906,2.009778542,yes,1,no,no,no
767,Cc1[nH]c2ccccc2c1CCNC(=O)c1ccc(-c2ccccc2F)nc1,1,"Non-corrosive, Non-irritant, Sensitizer",1,non-carcinogen,0,0.816122413,0.91687572,0.986094475,0.999995172,0.981272876,0.858434439,2.126853699,yes,1,no,no,no
768,CC(=O)Nc1ccc(-c2ccc(C(=O)NCCc3c(C)[nH]c4ccccc34)cn2)cc1,1,"Non-corrosive, Non-irritant, Non-sensitizer",0,non-carcinogen,0,0.882949829,0.927818894,0.991116643,0.999998033,0.979100645,0.978506207,2.159012606,yes,1,yes,no,no
770,COc1cc(OC)cc(-c2ccc(C(=O)NCCc3c(C)[nH]c4ccccc34)cn2)c1,1,"Non-corrosive, Non-irritant, Non-sensitizer",0,non-carcinogen,0,0.916664243,0.916424394,0.991173446,0.999997675,0.97836715,0.842250884,2.262790307,yes,1,yes,no,no
774,Cc1[nH]c2ccccc2c1CCNC(=O)c1ccc(-c2ccccc2O)nc1,1,"Non-corrosive, Non-irritant, Sensitizer",1,non-carcinogen,0,0.868942976,0.886444867,0.99083066,0.999998033,0.985424876,0.888705671,2.196600707,yes,1,no,no,no
789,COc1cccc(-c2ccc(C(=O)NCCc3c(C)[nH]c4ccccc34)cn2)c1,1,"Non-corrosive, Non-irritant, Non-sensitizer",0,non-carcinogen,0,0.933144808,0.942403316,0.990956247,0.99999398,0.990680575,0.885463178,2.118542394,yes,1,yes,no,no
794,COc1ccccc1-c1ccc(C(=O)NCCc2c(C)[nH]c3ccccc23)cn1,1,"Non-corrosive, Non-irritant, Non-sensitizer",0,non-carcinogen,0,0.806640685,0.942403316,0.993109226,0.999987304,0.990680575,0.833489776,2.119918768,yes,1,yes,no,no
4739,Cc1cc(C)n(-c2nc(NC(C)C)nc(NC(C)C)n2)n1,1,"Non-corrosive, Non-irritant, Sensitizer",1,carcinogen,1,0.401910484,0.441218764,0.846274674,0.155831322,0.182279766,0.504344821,2.582025807,no,0,no,no,no
15531,Cc1cc(C)n(-c2nc(C)nc(N)n2)n1,0,"Non-corrosive, Non-irritant, Sensitizer",1,carcinogen,1,0.275072604,0.181893036,0.170078322,0.001033124,0.127171561,0.978013456,2.468931618,no,0,no,no,no
11801,O=C(Nc1ccc2nn(-c3ccccc3)nc2c1)c1cccs1,0,"Non-corrosive, Non-irritant, Sensitizer",1,non-carcinogen,0,0.238300979,0.267802536,0.092194661,0.00613635,0.678725421,0.826736569,2.036480044,no,0,no,no,no
5658,COc1ccc(C(C)Cn2ccnc2NC#N)cc1OC1CCOC1,1,"Non-corrosive, Non-irritant, Non-sensitizer",0,non-carcinogen,0,0.792616069,0.786776423,0.979735255,0.999998331,0.880888045,0.99999851,3.67105182,yes,1,yes,no,no
7432,O=C1NCCc2cc(O)c(O)cc21,1,"Non-corrosive, Non-irritant, Sensitizer",1,non-carcinogen,0,0.923161805,0.797664642,0.834633887,0.999998629,0.835201025,0.030162759,2.447870519,no,0,no,no,no
9873,O=C(CSc1nnc(-c2ccccc2O)o1)Oc1ccc(OCc2ccccc2)cc1,0,"Non-corrosive, Non-irritant, Non-sensitizer",0,non-carcinogen,0,0.22428076,0.065394476,0.030054683,9.34E-05,0.01268875,0.012342603,2.203856535,no,0,yes,no,no
8410,CCc1nnc(NC(=O)CSc2ccc(-c3ccc(-n4cccn4)cc3)nn2)s1,0,"Non-corrosive, Non-irritant, Non-sensitizer",0,carcinogen,1,0.132334694,0.082540326,0.026534859,3.03E-07,0.03755584,0.00485133,2.517723383,no,0,no,no,no
364,O=C(NC1(C(F)(F)F)NC(=O)N(c2ccc(F)c(Cl)c2)C1=O)c1ccncc1,1,"Non-corrosive, Non-irritant, Non-sensitizer",0,non-carcinogen,0,0.83619386,0.799262762,0.886231065,0.972873151,0.215582505,0.180081546,3.063204948,no,0,yes,no,no
5024,Nc1nc2ccc(NC(=O)NC34CC5CC(CC(C5)C3)C4)cc2s1,1,"Non-corrosive, Non-irritant, Non-sensitizer",0,non-carcinogen,0,0.688493311,0.765892863,0.946522653,0.999976456,0.481280029,0.947107434,3.613919184,no,0,yes,no,no
8871,O=S(=O)(NCc1ccncc1)c1ccc(S(=O)(=O)NCC2CCCO2)cc1,0,"Non-corrosive, Non-irritant, Sensitizer",1,non-carcinogen,0,0.098637581,0.107557155,0.030016396,0.003529036,0.063607797,0.000104967,2.634036625,no,0,no,no,no
15736,CC(C)CN1C(=O)c2ccc(C(=O)Nc3nccs3)cc2C1=O,0,"Non-corrosive, Non-irritant, Non-sensitizer",0,non-carcinogen,0,0.324008197,0.404996097,0.087157398,2.50E-05,0.628230155,0.058653168,2.169740494,no,0,yes,no,no
3309,C=CCSc1nsc(NC(=O)Nc2cccc(C(C)=O)c2)n1,1,"Non-corrosive, Non-irritant, Sensitizer",1,carcinogen,1,0.58739233,0.911852121,0.924561441,0.043984845,0.892585099,0.925197244,2.508237749,no,0,no,no,no
3311,CCSc1nsc(NC(=O)Nc2cccc(OC)c2)n1,1,"Non-corrosive, Non-irritant, Sensitizer",1,non-carcinogen,0,0.510375381,0.73917383,0.911471367,0.996075928,0.06271141,0.463249505,2.268773285,no,0,no,no,no
1044,Clc1ccc(-c2nnc(-c3ccco3)o2)cc1,1,"Non-corrosive, Non-irritant, Sensitizer",1,carcinogen,1,0.409912884,0.37463975,0.553561628,0.999814093,0.289017171,3.46E-05,1.961356736,no,0,no,yes,no
8814,COc1ccc(OC)c(-c2nnc(-c3ccc(C)o3)o2)c1,0,"Non-corrosive, Non-irritant, Non-sensitizer",0,non-carcinogen,0,0.226605907,0.155524373,0.06053758,0.378077596,0.026832294,0.003747564,2.157662082,no,0,yes,no,no
11201,Cc1ccc(-c2nnc(-c3ccc(Br)cc3)o2)o1,0,"Non-corrosive, Non-irritant, Sensitizer",1,carcinogen,1,0.370460153,0.335776359,0.133364186,0.999882758,0.245806023,0.000183086,2.099845604,no,0,no,no,no
11614,CCOc1ccc(-c2nnc(-c3ccco3)o2)cc1OCC,0,"Non-corrosive, Non-irritant, Non-sensitizer",0,carcinogen,1,0.118171088,0.063883692,0.054030102,0.200168192,0.004977523,0.001413994,2.117440665,no,0,no,no,no
12216,CCCOc1ccc(-c2nnc(-c3ccco3)o2)cc1,0,"Non-corrosive, Non-irritant, Sensitizer",1,carcinogen,1,0.181203693,0.101441883,0.14050588,0.99334538,0.003236578,0.00056235,2.012782027,no,0,no,no,no
8141,CC(C)=CCC1=C(O)C(C(=O)CC(C)C)=C(O)C(CC=C(C)C)(CC=C(C)C)C1=O,1,"Non-corrosive, Irritant, Non-sensitizer",1,non-carcinogen,0,0.931649745,0.988553643,0.968681574,0.999999881,0.999929786,0.999984026,3.602647997,yes,1,no,no,no
4929,O=C(COc1ccc(/C=N/NC(=O)c2cc3ccccc3o2)cc1Cl)Nc1ccccc1,1,"Non-corrosive, Irritant, Non-sensitizer",1,non-carcinogen,0,0.900976956,0.825300276,0.944458246,0.953567147,0.989027143,0.987628341,2.163616333,yes,1,no,no,no
11649,Clc1cccc(Cl)c1COc1ccccn1,0,"Non-corrosive, Irritant, Sensitizer",1,non-carcinogen,0,0.729179621,0.472924292,0.262812495,0.999947369,0.582886696,0.883509934,1.872193291,no,0,no,yes,no
4888,CCCCSc1nc2c(c(C(F)(F)F)c1C#N)CCC2,1,"Non-corrosive, Irritant, Sensitizer",1,non-carcinogen,0,0.448443949,0.673952341,0.809064746,0.999260485,0.116878808,0.140196562,2.710452299,no,0,no,no,no
11677,CC(C)OC(=O)CC(=O)CSc1nc2c(cc1C#N)CCC2,0,"Non-corrosive, Non-irritant, Sensitizer",1,non-carcinogen,0,0.296869814,0.088456087,0.040038221,2.03E-06,0.001731611,0.007544774,2.714656775,no,0,no,no,no
1638,Nc1nc(SCc2ccc(Cl)cc2)nc2nc3c(cc12)CCCC3,1,"Non-corrosive, Non-irritant, Sensitizer",1,non-carcinogen,0,0.823206604,0.787648082,0.922664702,0.99999702,0.534414589,0.168064669,2.447018738,no,0,no,no,no
9062,N#CC(C(N)=O)=C1CCC2(CC1)OCCCCO2,0,"Non-corrosive, Non-irritant, Sensitizer",1,non-carcinogen,0,0.238706216,0.26745823,0.130479455,1.17E-05,0.932605565,0.999949992,3.613735691,no,0,no,no,no
14750,C#Cc1ccc(-c2cnc(-c3c(F)cccc3Cl)[nH]2)cn1,0,"Non-corrosive, Non-irritant, Non-sensitizer",0,non-carcinogen,0,0.763917446,0.906097412,0.663619697,0.997852445,0.973472416,0.997812331,2.73076362,yes,1,yes,no,no
11633,O=C(OC(C(=O)NCc1cccs1)c1ccccn1)c1cccs1,0,"Non-corrosive, Non-irritant, Sensitizer",1,non-carcinogen,0,0.23260662,0.130153731,0.047826298,3.14E-07,0.005179858,0.007540911,2.843246205,no,0,no,no,no
940,Cc1cc(C)n(C(=O)CNC(=O)CCc2ccccc2)n1,1,"Non-corrosive, Non-irritant, Non-sensitizer",0,non-carcinogen,0,0.290040225,0.299964517,0.833291888,6.55E-06,0.570911825,0.964172304,2.062570609,no,0,yes,no,no
2963,Nc1nccc(-c2ccc(-n3cnc4ccccc43)cc2)n1,1,"Non-corrosive, Irritant, Sensitizer",1,non-carcinogen,0,0.584979534,0.603068531,0.930659592,0.022835171,0.432796329,0.991589367,2.087058742,no,0,no,no,no
3568,Cc1nn(-c2ccccc2)c(Cl)c1/C=N/NC(=O)c1nn(C)cc1[N+](=O)[O-],1,"Non-corrosive, Non-irritant, Sensitizer",1,non-carcinogen,0,0.884274006,0.904819429,0.954676747,0.98240155,0.680584252,0.996211767,2.563356116,yes,1,no,no,no
8494,O=C(CN1CCN(S(=O)(=O)c2cc(Br)ccc2Br)CC1)NCc1ccccc1Cl,0,"Non-corrosive, Non-irritant, Non-sensitizer",0,non-carcinogen,0,0.166599289,0.294359148,0.076883659,0.000742958,0.75207144,0.064549409,2.168546973,no,0,yes,no,no
13368,O=C(c1ccc2ccccc2c1)N1CCN(c2ccc(O)cc2)CC1,0,"Non-corrosive, Non-irritant, Sensitizer",1,non-carcinogen,0,0.431105793,0.428109854,0.365695655,0.003151348,0.868192077,0.129274815,1.776042806,no,0,no,yes,no
9859,CCN(CC)C(=O)C1CCN(CC2CC=CCC2)CC1,0,"Non-corrosive, Non-irritant, Sensitizer",1,non-carcinogen,0,0.243324235,0.424678415,0.143572032,0.001573312,0.378385186,0.189072207,2.843724129,no,0,no,no,no
12958,O=C(CCn1nnc2ccccc2c1=O)NCC1CCC(C(=O)O)CC1,0,"Non-corrosive, Non-irritant, Sensitizer",1,non-carcinogen,0,0.076396294,0.06296742,0.022897888,1.02E-06,0.051118214,0.000942731,2.240013273,no,0,no,no,no
13820,CSc1ncccc1C(=O)OCc1ccccc1F,0,"Non-corrosive, Non-irritant, Non-sensitizer",0,non-carcinogen,0,0.52877301,0.374366909,0.076704919,0.994517624,0.79778868,0.091734774,1.951989969,no,0,yes,yes,no
3398,COC(=O)Nc1nc2ccc(C(=O)c3cccs3)cc2[nH]1,1,"Non-corrosive, Non-irritant, Sensitizer",1,non-carcinogen,0,0.530764341,0.634078443,0.79734385,0.001543308,0.341707706,0.060966641,2.311949774,no,0,no,no,no
1791,O=C1C=C(c2ccc(Cl)cc2)C(=O)N1Nc1ccccc1,1,"Non-corrosive, Non-irritant, Sensitizer",1,non-carcinogen,0,0.687446177,0.899659157,0.982072294,0.665288389,0.996191621,0.999989092,2.244742851,yes,1,no,no,no
1792,O=C1C=C(c2ccccc2)C(=O)N1Nc1ccccc1,1,"Non-corrosive, Non-irritant, Non-sensitizer",0,non-carcinogen,0,0.593211234,0.848460436,0.981503248,0.997349501,0.679807365,0.999992371,2.180459031,yes,1,yes,no,no
1794,Cc1ccc(NN2C(=O)C=C(c3ccc(Cl)cc3)C2=O)cc1,1,"Non-corrosive, Non-irritant, Non-sensitizer",0,non-carcinogen,0,0.761270285,0.902711213,0.978065312,0.999964654,0.997232556,0.999958158,2.281812935,yes,1,yes,no,no
13866,Cn1cccc1C(=O)NC(=O)COC(=O)c1ccccc1Sc1ccccc1C#N,0,"Non-corrosive, Non-irritant, Non-sensitizer",0,non-carcinogen,0,0.348400623,0.251977682,0.137330696,0.999987364,0.696011305,0.322532713,2.449486883,no,0,yes,no,no
1450,CCC(C)c1ccccc1OCCCCN1CCCC1,1,"Corrosive, Non-irritant, Non-sensitizer",1,non-carcinogen,0,0.398872346,0.485126525,0.729197383,0.005617154,0.157382503,0.860145509,2.300403482,no,0,no,no,no
6059,CN1CCN(c2ccc(Nc3ncc(Cl)c(Nc4cccc(C(F)(F)F)c4)n3)nc2)CC1,1,"Non-corrosive, Non-irritant, Non-sensitizer",0,non-carcinogen,0,0.785028696,0.756551385,0.897087514,8.25E-05,0.703034103,0.111202627,2.521173239,no,0,yes,no,no
1790,Cc1c(Cc2ccccc2)sc(NC(=O)c2ccco2)c1C(N)=O,1,"Non-corrosive, Non-irritant, Non-sensitizer",0,non-carcinogen,0,0.351077557,0.571662009,0.849201798,0.997118413,0.052211635,0.118201949,2.227566741,no,0,yes,no,no
6588,COc1ccc(C2=NN(Cc3ccc(CN4CCCCC4)cc3)C(=O)[C@@H]3CC=CC[C@H]23)cc1OC,1,"Non-corrosive, Non-irritant, Non-sensitizer",0,non-carcinogen,0,0.895407796,0.969828248,0.995056987,0.999999821,0.949162304,0.999984503,3.263796434,yes,1,yes,no,no
10500,CC(=O)Nc1ccc(C(=O)CSc2nc3ccccc3n2CC(=O)N2CCCC2)cc1,0,"Non-corrosive, Non-irritant, Non-sensitizer",0,non-carcinogen,0,0.127527997,0.17952387,0.046889585,2.19E-06,0.12177816,0.058962554,2.136346919,no,0,yes,no,no
15331,CCN1C(=O)CC(N2CCC(Cc3ccccc3)CC2)C1=O,0,"Non-corrosive, Non-irritant, Sensitizer",1,non-carcinogen,0,0.213098019,0.128595784,0.049230941,3.95E-06,0.210476741,0.008900286,2.582265989,no,0,no,no,no
9331,COc1ccccc1-c1ccc(=O)n(CC(=O)NCc2ccc3c(c2)OCO3)n1,0,"Non-corrosive, Non-irritant, Non-sensitizer",0,carcinogen,1,0.163860932,0.323936552,0.088159546,0.003843712,0.311967134,0.23889114,2.179981405,no,0,no,no,no
9467,N#Cc1ccc2ccn(CC(=O)NC3CCCCC3)c2c1,0,"Non-corrosive, Non-irritant, Sensitizer",1,non-carcinogen,0,0.113799818,0.21876888,0.083784297,2.10E-05,0.373741895,0.074295685,2.196577794,no,0,no,no,no
9581,COC(=O)c1cn(CC(=O)NC2CCCCC2)c2ccccc12,0,"Non-corrosive, Non-irritant, Sensitizer",1,non-carcinogen,0,0.243138015,0.293670446,0.077812523,0.947376311,0.777491808,0.063523933,1.999761451,no,0,no,yes,no
12924,COc1ccc2c(=O)c3c(=O)n(Cc4ccco4)c(-c4ccccc4)nc3oc2c1,0,"Non-corrosive, Non-irritant, Non-sensitizer",0,non-carcinogen,0,0.113627851,0.193024203,0.010175833,1.81E-05,0.309228837,0.031771597,2.415296844,no,0,yes,no,no
13165,COc1ccc2c(=O)c3c(=O)n(Cc4ccco4)c(-c4ccc(C)cc4)nc3oc2c1,0,"Non-corrosive, Non-irritant, Non-sensitizer",0,non-carcinogen,0,0.094898127,0.191610545,0.023339311,3.99E-06,0.320076436,0.042603642,2.460964551,no,0,yes,no,no
13236,COc1ccc(-c2nc3oc4cc(OC)ccc4c(=O)c3c(=O)n2Cc2ccco2)cc1,0,"Non-corrosive, Non-irritant, Non-sensitizer",0,non-carcinogen,0,0.096866779,0.191610545,0.010885146,2.51E-06,0.320076436,0.027582519,2.464206057,no,0,yes,no,no
13321,COc1ccc2c(=O)c3c(=O)n(Cc4ccco4)c(-c4cc(OC)c(OC)c(OC)c4)nc3oc2c1,0,"Non-corrosive, Non-irritant, Non-sensitizer",0,non-carcinogen,0,0.113919236,0.164909169,0.022560716,1.39E-05,0.328109026,0.036216836,2.668113218,no,0,yes,no,no
8965,COc1ccc(C(=O)Nc2ccccc2-c2nnn(CC(=O)NCc3ccco3)n2)cc1,0,"Non-corrosive, Non-irritant, Non-sensitizer",0,carcinogen,1,0.070854016,0.06590908,0.020875234,0.998883724,0.023405835,0.027876031,2.246012859,no,0,no,no,no
11679,O=C(Cn1nnc(-c2ccccc2NC(=O)c2ccccc2F)n1)NCc1ccco1,0,"Non-corrosive, Non-irritant, Non-sensitizer",0,carcinogen,1,0.068884969,0.039630111,0.026829759,0.984258533,0.017941583,0.022316266,2.290016011,no,0,no,no,no
5036,CC(C)Oc1cccc(O)c1-c1cc(C2CCCNC2)c(C#N)c(N)n1,1,"Non-corrosive, Non-irritant, Sensitizer",1,non-carcinogen,0,0.771484435,0.809468329,0.936309218,0.997291565,0.825575352,0.959293187,3.270537197,yes,1,no,no,no
5471,COc1cccc(O)c1-c1cc(C2CCCNC2)c(C#N)c(N)n1,1,"Non-corrosive, Non-irritant, Non-sensitizer",0,non-carcinogen,0,0.761648297,0.694354773,0.899850428,0.985032439,0.881839514,0.812282801,3.171335649,yes,1,yes,no,no
5474,N#Cc1c(C2CCCNC2)cc(-c2ccccc2O)nc1N,1,"Non-corrosive, Non-irritant, Sensitizer",1,non-carcinogen,0,0.640282631,0.660331488,0.624076068,0.999487281,0.747874737,0.836914182,3.056492362,yes,1,no,no,no
5475,CCCCCOc1cccc(O)c1-c1cc(C2CCCNC2)c(C#N)c(N)n1,1,"Non-corrosive, Non-irritant, Sensitizer",1,non-carcinogen,0,0.822328866,0.807530701,0.91947484,0.999168515,0.918348551,0.966524661,3.192896769,yes,1,no,no,no
5636,N#Cc1c(C2CCCNC2)cc(-c2c(O)cccc2O)nc1N,1,"Non-corrosive, Non-irritant, Sensitizer",1,non-carcinogen,0,0.654354513,0.806405723,0.756620467,0.801029265,0.640693367,0.865681887,3.255909116,yes,1,no,no,no
5745,CCOc1cccc(O)c1-c1cc(C2CCCNC2)c(C#N)c(N)n1,1,"Non-corrosive, Non-irritant, Sensitizer",1,non-carcinogen,0,0.787316978,0.741745949,0.933197439,0.999501467,0.676200449,0.959407508,3.193003711,yes,1,no,no,no
5746,CC(C)COc1cccc(O)c1-c1cc(C2CCCNC2)c(C#N)c(N)n1,1,"Non-corrosive, Non-irritant, Sensitizer",1,non-carcinogen,0,0.800670087,0.895213008,0.933363378,0.999785542,0.93852216,0.972336709,3.266245834,yes,1,no,no,no
5943,CCCOc1cccc(O)c1-c1cc(C2CCCNC2)c(C#N)c(N)n1,1,"Non-corrosive, Non-irritant, Sensitizer",1,non-carcinogen,0,0.786075532,0.798187554,0.929325104,0.995540679,0.877441406,0.962637842,3.215941084,yes,1,no,no,no
14282,Cc1cccc(O)c1-c1cc(C2CCCNC2)c(C#N)c(N)n1,0,"Non-corrosive, Non-irritant, Sensitizer",1,non-carcinogen,0,0.529773712,0.532837331,0.201201305,0.99549979,0.810022593,0.925577641,3.198664856,no,0,no,no,no
14329,Cc1cccc(-c2cc(C3CCCNC3)c(C#N)c(N)n2)c1O,0,"Non-corrosive, Non-irritant, Sensitizer",1,non-carcinogen,0,0.339307368,0.532837331,0.219428882,0.969340444,0.810022593,0.989719868,3.192651365,no,0,no,no,no
14748,COc1ccc(-c2cc(C3CCCNC3)c(C#N)c(N)n2)c(O)c1,0,"Non-corrosive, Non-irritant, Sensitizer",1,non-carcinogen,0,0.620198965,0.694354773,0.465726078,0.998542488,0.881839514,0.81162709,3.107289042,no,0,no,no,no
15721,CCCCCCCOc1cccc(O)c1-c1cc(C2CCCNC2)c(C#N)c(N)n1,0,"Non-corrosive, Non-irritant, Sensitizer",1,non-carcinogen,0,0.791301847,0.807530701,0.825125515,0.999874771,0.918348551,0.953006446,3.19889052,yes,1,no,no,no
10224,O=c1[nH]c(CSc2nnc(-c3ccncc3)n2Cc2ccco2)nc2ccccc12,0,"Non-corrosive, Non-irritant, Non-sensitizer",0,carcinogen,1,0.046410006,0.051769271,0.010784944,6.48E-08,0.025191234,0.005772044,2.5123959,no,0,no,no,no
14867,CC1Oc2ccccc2N(CC(=O)N2CCc3ccccc32)C1=O,0,"Non-corrosive, Non-irritant, Non-sensitizer",0,non-carcinogen,0,0.118861303,0.075305119,0.010732641,2.50E-05,0.129502743,0.001522971,2.594219487,no,0,yes,no,no
817,CCOc1cc(C(=O)NCc2ccc(-c3nc4ccccc4o3)cc2)cc(OCC)c1OCC,1,"Non-corrosive, Non-irritant, Non-sensitizer",0,non-carcinogen,0,0.711546004,0.418912053,0.879095137,0.009222005,0.034179524,0.626599491,2.215576854,no,0,yes,no,no
7908,O=c1cc(-c2ccccc2)oc2c1ccc1occc12,1,"Non-corrosive, Non-irritant, Non-sensitizer",0,non-carcinogen,0,0.852880776,0.959460914,0.991380394,0.999898076,0.994760454,0.999998033,2.195192197,yes,1,yes,no,no
7909,COc1cc2occc2c2oc(-c3ccccc3)cc(=O)c12,1,"Non-corrosive, Non-irritant, Non-sensitizer",0,non-carcinogen,0,0.888015568,0.961995244,0.997816443,0.999999344,0.903049767,0.999991357,2.305828405,yes,1,yes,no,no
7910,COc1cccc(-c2oc3c(ccc4occc43)c(=O)c2OC)c1,1,"Non-corrosive, Non-irritant, Non-sensitizer",0,non-carcinogen,0,0.918073356,0.953354061,0.997086823,0.999949634,0.909480572,0.999843836,2.365323105,yes,1,yes,no,no
7911,O=c1cc(-c2cccc(O)c2)oc2c1ccc1occc12,1,"Non-corrosive, Non-irritant, Sensitizer",1,non-carcinogen,0,0.948848784,0.95692122,0.995746791,0.999998033,0.997051895,0.999997616,2.398792927,yes,1,no,no,no
7912,COc1c(OC)c2c(=O)cc(-c3ccccc3)oc2c2ccoc12,1,"Non-corrosive, Non-irritant, Sensitizer",1,non-carcinogen,0,0.901705921,0.953354061,0.990889609,0.999999821,0.909480572,0.999961495,2.488626115,yes,1,no,no,no
7913,COc1ccc(-c2cc(=O)c3ccc4occc4c3o2)cc1OC,1,"Non-corrosive, Non-irritant, Non-sensitizer",0,non-carcinogen,0,0.849045634,0.953354061,0.996248662,0.999992371,0.909480572,0.999994457,2.303025446,yes,1,yes,no,no
7914,COc1ccc(OC)c(-c2cc(=O)c3ccc4occc4c3o2)c1,1,"Non-corrosive, Non-irritant, Non-sensitizer",0,non-carcinogen,0,0.875730932,0.95675391,0.995803535,0.999992251,0.942406893,0.999998629,2.359146516,yes,1,yes,no,no
7915,COc1ccc(-c2oc3c(ccc4occc43)c(=O)c2OC)cc1OC,1,"Non-corrosive, Non-irritant, Sensitizer",1,non-carcinogen,0,0.915901065,0.95124054,0.9974491,0.999997258,0.928749263,0.999945641,2.387564625,yes,1,no,no,no
7916,COc1c(-c2cccc(O)c2)oc2c(ccc3occc32)c1=O,1,"Non-corrosive, Non-irritant, Non-sensitizer",0,non-carcinogen,0,0.959716797,0.94124788,0.99733597,0.999926567,0.758672237,0.999957979,2.470830682,yes,1,yes,no,no
7938,COc1c(-c2ccccc2)oc2c(ccc3occc32)c1=O,1,"Non-corrosive, Non-irritant, Non-sensitizer",0,non-carcinogen,0,0.893326759,0.950792372,0.996840715,0.999983668,0.820335984,0.999985695,2.271427203,yes,1,yes,no,no
7939,O=c1cc(-c2ccccc2)oc2c1c(O)cc1occc12,1,"Non-corrosive, Non-irritant, Sensitizer",1,non-carcinogen,0,0.932637393,0.95692122,0.998147607,0.999987066,0.997051895,0.99999851,2.352689774,yes,1,no,no,no
7940,COc1cccc(-c2cc(=O)c3ccc4occc4c3o2)c1,1,"Non-corrosive, Non-irritant, Non-sensitizer",0,non-carcinogen,0,0.874227941,0.961995244,0.996899486,0.999995649,0.903049767,0.999995649,2.282839463,yes,1,yes,no,no
7941,COc1cc(OC)cc(-c2cc(=O)c3ccc4occc4c3o2)c1,1,"Non-corrosive, Non-irritant, Non-sensitizer",0,non-carcinogen,0,0.8185184,0.9618451,0.996593177,0.991107702,0.950447023,0.999996364,2.420759894,yes,1,yes,no,no
7942,COc1cc(OC)cc(-c2oc3c(ccc4occc43)c(=O)c2OC)c1,1,"Non-corrosive, Non-irritant, Non-sensitizer",0,non-carcinogen,0,0.894083798,0.95124054,0.995539486,0.999801755,0.928749263,0.999830842,2.492350072,yes,1,yes,no,no
7943,O=c1cc(-c2ccc(O)cc2)oc2c1ccc1occc12,1,"Non-corrosive, Non-irritant, Non-sensitizer",0,non-carcinogen,0,0.934605718,0.95692122,0.995069265,0.999996066,0.997051895,0.999999106,2.339302132,yes,1,yes,no,no
7948,COc1c(-c2ccccc2)oc2c(ccc3oc(C(C)(C)O)cc32)c1=O,1,"Non-corrosive, Non-irritant, Sensitizer",1,non-carcinogen,0,0.929945707,0.982412279,0.991099656,0.999999583,0.999740243,0.999363542,2.614931492,yes,1,no,no,no
10700,O=C(Nc1cccc(F)c1)c1ccc(S(=O)(=O)NCC2CCCO2)cc1,0,"Non-corrosive, Non-irritant, Sensitizer",1,non-carcinogen,0,0.161503941,0.209464446,0.07530804,0.019636812,0.696064591,0.012157308,2.37572466,no,0,no,no,no
11278,Cc1ccc(NC(=O)c2ccc(S(=O)(=O)NCC3CCCO3)cc2)cc1,0,"Non-corrosive, Non-irritant, Non-sensitizer",0,non-carcinogen,0,0.168382674,0.117886089,0.076683126,0.002575624,0.181977794,0.012822856,2.30817414,no,0,yes,no,no
3154,Nc1nc(CCl)nc(Nc2ccc3ccccc3c2)n1,1,"Non-corrosive, Irritant, Non-sensitizer",1,non-carcinogen,0,0.843739212,0.910091698,0.923211873,0.99998343,0.924188077,0.99983865,2.196007307,yes,1,no,no,no
8841,CC(C)(C)n1nnnc1C(c1cccs1)N(Cc1ccccc1)Cc1cccnc1,0,"Non-corrosive, Non-irritant, Non-sensitizer",0,non-carcinogen,0,0.056690533,0.048839834,0.024013294,1.49E-06,0.067010887,0.012002143,3.009895406,no,0,yes,no,no
15542,CC(=O)N1CCc2cc(S(=O)(=O)NCCC3=CCCCC3)ccc21,0,"Non-corrosive, Non-irritant, Sensitizer",1,non-carcinogen,0,0.225666508,0.272395045,0.076276988,0.999813139,0.8813833,0.042758711,2.420745021,no,0,no,no,no
8136,COc1cnc(CCC(=O)c2nccc3c2[nH]c2ccccc23)c2[nH]c3ccccc3c12,1,"Non-corrosive, Non-irritant, Non-sensitizer",0,non-carcinogen,0,0.938473701,0.935690045,0.985399425,0.999999821,0.965570331,0.999962926,2.737436047,yes,1,yes,no,no
1645,Cc1cccc(-c2nnn3c2nc(NCCc2ccc(S(N)(=O)=O)cc2)c2ccccc23)c1,1,"Non-corrosive, Non-irritant, Non-sensitizer",0,carcinogen,1,0.676219523,0.657455921,0.948066831,0.975608885,0.439926654,0.992591918,2.459618697,no,0,no,no,no
8457,COc1ccccc1CNC(=O)COC(=O)CNC(=O)c1ccc(-c2ccccc2)cc1,0,"Non-corrosive, Non-irritant, Non-sensitizer",0,non-carcinogen,0,0.306876838,0.437018931,0.281858593,0.999523461,0.590958059,0.257815331,1.894242679,no,0,yes,yes,no
10286,O=C1c2ccccc2CC1Sc1nnc(-c2ccncc2)o1,0,"Non-corrosive, Non-irritant, Non-sensitizer",0,carcinogen,1,0.256455272,0.367577374,0.066966221,0.000251242,0.090385377,0.01624088,2.938598262,no,0,no,no,no
15795,COc1cc(CC(=O)NCCc2ccc(OCc3ccccc3)cc2)c([N+](=O)[O-])cc1OC,0,"Non-corrosive, Non-irritant, Non-sensitizer",0,non-carcinogen,0,0.422595799,0.554774404,0.132079482,0.998989284,0.526022851,0.332199723,2.081123042,no,0,yes,no,no
2244,Cc1csc(SCC(=O)Nc2cccc3nsnc23)n1,1,"Non-corrosive, Non-irritant, Sensitizer",1,non-carcinogen,0,0.244756952,0.464607954,0.888679743,2.67E-05,0.196573526,0.83754456,2.425982374,no,0,no,no,no
13037,Cn1c(NC(=O)c2ccco2)c(-c2ccccc2Cl)c(=O)c2ccccc21,0,"Non-corrosive, Non-irritant, Non-sensitizer",0,non-carcinogen,0,0.206235215,0.445683658,0.042397544,5.82E-06,0.341394305,0.026072167,2.240895592,no,0,yes,no,no
13152,CCn1c(NC(=O)c2ccco2)c(-c2ccccc2Cl)c(=O)c2ccccc21,0,"Non-corrosive, Non-irritant, Non-sensitizer",0,non-carcinogen,0,0.194426343,0.266207755,0.057788923,0.000530155,0.180938318,0.022025976,2.279005622,no,0,yes,no,no
1054,CCOC(=O)N1CCC(NC(=O)c2ccc3c(=O)n4c(nc3c2)CCCC4)CC1,1,"Non-corrosive, Non-irritant, Sensitizer",1,non-carcinogen,0,0.721356094,0.390573204,0.899820507,0.000726435,0.197933927,0.303742051,2.331236377,no,0,no,no,no
10005,Cc1ccc2c(c1)C(c1ccccc1)NCC(=O)N2,0,"Non-corrosive, Non-irritant, Sensitizer",1,non-carcinogen,0,0.320303291,0.267387003,0.064843252,0.000108658,0.155047476,0.004554862,2.684308378,no,0,no,no,no
9470,Cc1nc2ccccc2n1S(=O)(=O)c1ccc(S(=O)(=O)N2CCCCCC2)cc1,0,"Non-corrosive, Non-irritant, Non-sensitizer",0,non-carcinogen,0,0.132335663,0.033773873,0.005687783,7.58E-05,0.096760035,0.001949653,2.206310888,no,0,yes,no,no
2322,Cc1ccc(-c2cccc(C(=O)NCc3ccccc3)n2)c2ccccc12,1,"Non-corrosive, Non-irritant, Non-sensitizer",0,non-carcinogen,0,0.544182539,0.59882623,0.940792382,0.971610963,0.533368468,0.077384211,1.894913304,no,0,yes,yes,no
1484,Cn1nnnc1SCC(=O)Nc1cccc([N+](=O)[O-])c1,1,"Non-corrosive, Non-irritant, Sensitizer",1,carcinogen,1,0.417776078,0.59829241,0.562384725,0.003007104,0.278640002,0.000258668,2.081488872,no,0,no,no,no
8874,CCC(=O)Nc1ccc(NC(=O)CSc2nnnn2CC)cc1C,0,"Non-corrosive, Non-irritant, Sensitizer",1,non-carcinogen,0,0.04616316,0.065330096,0.007942457,9.04E-07,0.014548405,1.63E-05,2.135926719,no,0,no,no,no
9060,CCCn1nnnc1SCC(=O)Nc1ccc(F)cc1,0,"Non-corrosive, Non-irritant, Non-sensitizer",0,carcinogen,1,0.062608801,0.029826965,0.028851479,9.75E-06,0.015879365,7.64E-06,1.964374095,no,0,no,yes,no
10479,CCOc1ccc(NC(=O)CSc2nnnn2CC(=O)O)cc1,0,"Non-corrosive, Non-irritant, Non-sensitizer",0,carcinogen,1,0.065226063,0.055082213,0.022682415,1.86E-05,0.032400273,7.35E-05,2.0438264,no,0,no,no,no
10911,CC(=O)Nc1cccc(NC(=O)CSc2nnnn2C(C)C)c1,0,"Non-corrosive, Non-irritant, Sensitizer",1,non-carcinogen,0,0.034067553,0.066395752,0.040023167,1.72E-06,0.052023504,1.01E-05,2.140070783,no,0,no,no,no
11204,CCC(=O)Nc1ccc(NC(=O)CSc2nnnn2C(C)C)cc1,0,"Non-corrosive, Non-irritant, Sensitizer",1,non-carcinogen,0,0.045423944,0.085609116,0.015192009,1.29E-05,0.03850884,1.25E-05,2.118040381,no,0,no,no,no
11797,CCn1nnnc1SCC(=O)Nc1cccc(NC(C)=O)c1,0,"Non-corrosive, Non-irritant, Non-sensitizer",0,carcinogen,1,0.031917296,0.050027356,0.054380178,5.47E-07,0.015649905,7.51E-06,2.053561322,no,0,no,no,no
4460,COc1cc2c(cc1OC)C(c1ccccc1C(F)(F)F)CC(=O)N2,1,"Non-corrosive, Non-irritant, Non-sensitizer",0,non-carcinogen,0,0.763488173,0.651188016,0.754502654,0.00086227,0.563376188,0.015092731,2.733567016,no,0,yes,no,no
9749,CCOc1cc(C2CC(=O)Nc3cc(C)c(C)cc32)ccc1O,0,"Non-corrosive, Non-irritant, Non-sensitizer",0,non-carcinogen,0,0.410962045,0.432526976,0.135984078,0.000102357,0.452741027,0.024340713,2.765019527,no,0,yes,no,no
3238,COc1cccc2c1C(CO)N1C(C#N)C3CC(C(=O)O)C(C1C2)N3C,1,"Non-corrosive, Non-irritant, Non-sensitizer",0,non-carcinogen,0,0.617559135,0.925250411,0.937027633,0.002765817,0.994725466,0.991106927,5.128594667,no,0,yes,no,no
6513,CCCCCCCCCCOc1ccc(OCC(=O)COc2ccc(C(=O)O)cc2)cc1,1,"Non-corrosive, Non-irritant, Sensitizer",1,non-carcinogen,0,0.873241067,0.791822433,0.75784862,0.999996603,0.885770202,0.000558899,2.071520104,no,0,no,no,no
10656,CCOC(=O)c1snc(-c2ccc(F)cc2)c1N,0,"Non-corrosive, Non-irritant, Sensitizer",1,non-carcinogen,0,0.173057258,0.446487248,0.068156198,0.961644888,0.881103158,0.011534563,2.244083118,no,0,no,no,no
4023,COc1ccc(C(C[N+](=O)[O-])n2nc(C)cc2C)cc1,1,"Non-corrosive, Non-irritant, Non-sensitizer",0,carcinogen,1,0.659687757,0.884361625,0.839790702,0.945989549,0.973344386,0.009699568,2.837908657,no,0,no,no,no
9622,NC(=O)c1cnn(Cc2ccc(Cl)cc2)c1N,0,"Non-corrosive, Non-irritant, Non-sensitizer",0,carcinogen,1,0.365935951,0.152917013,0.05660196,0.963473439,0.188093171,0.011284467,2.051049233,no,0,no,no,no
10610,COC(=O)c1ccc(Cn2cc(Cl)cn2)cc1,0,"Non-corrosive, Non-irritant, Non-sensitizer",0,non-carcinogen,0,0.307933837,0.204314917,0.068043038,0.000839991,0.315510005,0.000639258,1.834024274,no,0,yes,yes,no
12188,Cc1cnn(Cc2ccccc2)c1N,0,"Non-corrosive, Non-irritant, Sensitizer",1,carcinogen,1,0.298944682,0.087261625,0.032620639,0.082875393,0.035503242,0.003468997,1.908121355,no,0,no,yes,no
13871,O=C(O)c1cccc(Cn2cc(Cl)cn2)c1,0,"Non-corrosive, Non-irritant, Sensitizer",1,non-carcinogen,0,0.39877528,0.170475036,0.035701312,0.003883567,0.267873257,0.001528632,1.915280783,no,0,no,yes,no
3054,CS(=O)(=O)N(CCC#N)Cc1ccc(/C=C2\C(=O)Nc3ccccc32)o1,1,"Non-corrosive, Non-irritant, Sensitizer",1,non-carcinogen,0,0.879997492,0.84894526,0.902125537,0.999999523,0.594590068,0.633668959,2.678020638,yes,1,no,no,no
3605,CC1CCN(Cc2c(C(=O)N/N=C/c3ccc(C(C)(C)C)cc3)nnn2-c2nonc2N)CC1,1,"Non-corrosive, Non-irritant, Non-sensitizer",0,carcinogen,1,0.825198233,0.825371981,0.936755896,0.998687088,0.752340615,0.99135834,2.811059458,yes,1,no,no,no
2643,N#CC(C#N)=NNc1ccc(S(=O)(=O)N2CCCCC2)cc1,1,"Non-corrosive, Non-irritant, Sensitizer",1,non-carcinogen,0,0.429996312,0.705337226,0.798541486,0.995528817,0.950882137,0.45222649,2.469551149,no,0,no,no,no
6387,Cc1ccc(S(=O)(=O)N2CCC(C(=O)NCC(C)C)CC2)c(C)c1,1,"Non-corrosive, Non-irritant, Sensitizer",1,non-carcinogen,0,0.706510425,0.71361649,0.89371258,0.999976277,0.931012452,0.949662745,2.018958958,yes,1,no,no,no
10063,COc1ccc(C)cc1S(=O)(=O)N1CCC(C)CC1,0,"Non-corrosive, Non-irritant, Non-sensitizer",0,non-carcinogen,0,0.352142215,0.141873568,0.082721256,0.360395491,0.216336146,0.183807462,1.856847464,no,0,yes,yes,no
10995,CCOc1cc(S(=O)(=O)N2CCCCC2)ccc1Cl,0,"Non-corrosive, Non-irritant, Non-sensitizer",0,non-carcinogen,0,0.345856488,0.223935455,0.12946637,0.688184023,0.37834999,0.46767053,1.819219335,no,0,yes,yes,no
13766,C/C(N)=C(/C#N)C(=O)COC(=O)c1cc(S(=O)(=O)N2CCCCC2)ccc1C,0,"Non-corrosive, Non-irritant, Non-sensitizer",0,non-carcinogen,0,0.217633381,0.128244519,0.032858361,2.98E-05,0.306621283,0.013883422,2.48134803,no,0,yes,no,no
15397,CCC(=O)Nc1ccc(S(=O)(=O)N2CCCCC2)cc1OC,0,"Non-corrosive, Non-irritant, Non-sensitizer",0,non-carcinogen,0,0.115877837,0.152808681,0.030201798,0.018098157,0.186838284,0.09960907,1.872320331,no,0,yes,yes,no
15890,COc1ccc(F)cc1S(=O)(=O)N1CCC(C(N)=O)CC1,0,"Non-corrosive, Non-irritant, Non-sensitizer",0,non-carcinogen,0,0.282884926,0.383419484,0.186269134,0.620419681,0.810145676,0.815294087,1.96618775,no,0,yes,yes,no
15929,O=S(=O)(c1cc(Cl)ccc1Cl)N1CCCCC1,0,"Non-corrosive, Non-irritant, Sensitizer",1,non-carcinogen,0,0.324476302,0.126504734,0.193148836,0.757641971,0.244850293,0.694491148,1.779473128,no,0,no,yes,no
3955,O=c1c2ccccc2nc(SCc2cccc(F)c2)n1C1CCCC1,1,"Non-corrosive, Non-irritant, Non-sensitizer",0,non-carcinogen,0,0.422970146,0.73365432,0.852304697,0.19231756,0.790314078,0.194648758,2.047205504,no,0,yes,no,no
15431,Cc1cnc(C(=O)OCC(=O)NC2CCCC(C)C2C)cn1,0,"Non-corrosive, Non-irritant, Non-sensitizer",0,non-carcinogen,0,0.130335942,0.113812618,0.047158651,1.09E-07,0.125906199,0.000462373,3.217132778,no,0,yes,no,no
9620,COc1ccc(CCNC(=O)CSc2nnnn2Cc2ccc3c(c2)OCO3)cc1OC,0,"Non-corrosive, Non-irritant, Non-sensitizer",0,non-carcinogen,0,0.031209184,0.031792335,0.015677057,2.95E-07,0.020481341,0.002483749,2.332265464,no,0,yes,no,no
936,COC(=O)c1cc(S(=O)(=O)N2CCOCC2)c(N2CCOCC2)cc1N1CCOCC1,1,"Non-corrosive, Non-irritant, Non-sensitizer",0,non-carcinogen,0,0.334179342,0.213058963,0.820070207,1.63E-05,0.197796613,0.011897985,2.537667576,no,0,yes,no,no
1825,CCOc1ccc(C(=O)Nc2ccc(-c3nc4ccccc4[nH]3)cc2)cc1[N+](=O)[O-],1,"Non-corrosive, Non-irritant, Non-sensitizer",0,carcinogen,1,0.852936745,0.971386909,0.965467572,0.99996835,0.967974484,0.989230037,2.043511421,yes,1,no,no,no
689,COc1ccc2c3c(n(C)c2c1)[C@H](CO)N(C(=O)Nc1ccc(F)cc1)CC31CCN(C(=O)c2ccc3c(c2)OCO3)CC1,1,"Non-corrosive, Non-irritant, Non-sensitizer",0,non-carcinogen,0,0.748688638,0.632686496,0.986063421,0.999899447,0.367191046,0.99985671,3.813986445,no,0,yes,no,no
10867,CCn1c(SCC(=O)N2CCCC2)nnc1-c1ccc(S(=O)(=O)N2CCCCCC2)cc1,0,"Non-corrosive, Non-irritant, Non-sensitizer",0,non-carcinogen,0,0.092786431,0.011309131,0.005456246,4.83E-06,0.056769129,0.030208256,2.264594184,no,0,yes,no,no
3064,COc1ccc(-c2cc(C(F)(F)F)nc(N3CCN(c4ccc(F)cc4)CC3)n2)cc1OC,1,"Non-corrosive, Non-irritant, Non-sensitizer",0,non-carcinogen,0,0.721739531,0.386933476,0.817313135,0.909615517,0.105802059,0.016465487,2.28394973,no,0,yes,no,no
2120,COc1ccc(-c2nc3c(c(SCC(=O)Nc4cccc(O)c4)n2)Cc2c(CO)cnc(C)c2O3)cc1,1,"Non-corrosive, Non-irritant, Non-sensitizer",0,non-carcinogen,0,0.804548621,0.749964178,0.979683876,0.999995351,0.614126444,0.697504938,2.833772126,yes,1,yes,no,no
3558,Cc1ncc(CO)c2c1Oc1nc(-c3ccccc3F)nc(SCC(=O)N(C)c3ccccc3)c1C2,1,"Non-corrosive, Non-irritant, Non-sensitizer",0,non-carcinogen,0,0.677708507,0.805958986,0.975408971,0.999850154,0.815574348,0.640697777,2.930207744,yes,1,yes,no,no
11074,CCCc1[nH]n(-c2nc3ccccc3s2)c(=O)c1C=NCC1CCCO1,0,"Non-corrosive, Non-irritant, Sensitizer",1,non-carcinogen,0,0.297802955,0.275339991,0.046841711,4.61E-05,0.306754291,0.043540008,3.406146123,no,0,no,no,no
1567,COc1ccc(OCC(=O)Nc2cccc(NC(=O)COc3ccc(OC)cc3)n2)cc1,1,"Non-corrosive, Non-irritant, Non-sensitizer",0,non-carcinogen,0,0.412563026,0.346947908,0.603495359,0.000878998,0.06568078,0.000341338,2.001949201,no,0,yes,no,no
11607,O=C1OCc2cc(NC(=O)C3CCCO3)ccc21,0,"Non-corrosive, Non-irritant, Sensitizer",1,non-carcinogen,0,0.213784158,0.10102652,0.017411817,7.05E-05,0.008744942,0.000116917,2.693767313,no,0,no,no,no
2360,Cc1c(C=O)c(C=O)c(C)n1Cc1ccccc1,1,"Non-corrosive, Non-irritant, Sensitizer",1,non-carcinogen,0,0.56876123,0.590154469,0.838469386,0.125674769,0.557674468,0.074747413,2.266029272,no,0,no,no,no
833,O=C1C([N+](=O)[O-])=C(O)c2cccc3cccc1c23,1,"Non-corrosive, Non-irritant, Non-sensitizer",0,non-carcinogen,0,0.934804142,0.971759737,0.971254647,0.999999285,0.995688558,0.78990078,2.504712041,yes,1,yes,no,no
4980,COc1cccc(/C=N\NC(=O)c2sc(N)nc2C)c1OC,1,"Non-corrosive, Non-irritant, Non-sensitizer",0,carcinogen,1,0.845139265,0.666246593,0.918729424,0.092706688,0.043071974,0.036289766,2.320754126,no,0,no,no,no
5209,COc1ccc(/C=N\NC(=O)c2sc(N)nc2C)cc1OC,1,"Non-corrosive, Non-irritant, Non-sensitizer",0,carcinogen,1,0.922269583,0.666246593,0.93295747,0.999716103,0.043071974,0.648765445,2.197984139,no,0,no,no,no
5370,COc1cc(/C=N\NC(=O)c2sc(N)nc2C)cc(OC)c1OC,1,"Non-corrosive, Non-irritant, Sensitizer",1,non-carcinogen,0,0.924701691,0.751003206,0.935544014,0.998895049,0.062421154,0.431075156,2.319939098,no,0,no,no,no
7175,C[C@H]1OC(=O)c2c(O)cc3c(c2[C@H]1O)C[C@H]1[C@@]2(C)C=CC(=O)C(C)(C)[C@@H]2C[C@H](O)[C@]1(C)O3,1,"Non-corrosive, Non-irritant, Non-sensitizer",0,non-carcinogen,0,0.956636012,0.99539113,0.991917193,0.999999166,0.999977469,0.999916077,5.050955749,yes,1,yes,no,no
7176,CC(=O)O[C@@H]1c2c3c(cc(O)c2C(=O)O[C@@H]1C)O[C@@]1(C)[C@@H](O)C[C@H]2C(C)(C)C(=O)C=C[C@]2(C)[C@@H]1C3,1,"Non-corrosive, Non-irritant, Sensitizer",1,non-carcinogen,0,0.939227581,0.996004999,0.994361997,0.999995232,0.999909699,0.999967992,5.089594961,yes,1,no,no,no
2502,COc1ccc(-c2cc(C(F)F)n3ncc(C(=O)n4ccnc4C)c3n2)cc1,1,"Non-corrosive, Non-irritant, Non-sensitizer",0,non-carcinogen,0,0.56186384,0.646047235,0.922420859,0.923530996,0.400050282,0.037128992,2.696601897,no,0,yes,no,no
2510,CCc1nccn1C(=O)c1cnn2c(C(F)F)cc(-c3ccc(C)cc3)nc12,1,"Non-corrosive, Non-irritant, Non-sensitizer",0,non-carcinogen,0,0.493439049,0.403225213,0.942818642,4.85E-05,0.163309827,0.075753234,2.735015334,no,0,yes,no,no
2929,O=C(Nc1ccc(N2CCCC2)c(Cl)c1)c1ccc([N+](=O)[O-])o1,1,"Non-corrosive, Non-irritant, Non-sensitizer",0,carcinogen,1,0.951704741,0.948201835,0.998072863,0.999999464,0.992417097,0.999924958,2.145672317,yes,1,no,no,no
334,Oc1ccc(-n2cnnn2)cc1,1,"Non-corrosive, Non-irritant, Sensitizer",1,non-carcinogen,0,0.28412202,0.124202162,0.529417098,0.00196415,0.014974237,4.48E-05,2.039629913,no,0,no,no,no
9177,CNC(=O)CSc1nnnn1-c1ccc(C)cc1C,0,"Non-corrosive, Non-irritant, Sensitizer",1,non-carcinogen,0,0.066463694,0.048523061,0.028564224,2.54E-06,0.025721198,0.000107688,2.141751121,no,0,no,no,no
9180,CCOC(=O)CNC(=O)CSc1nnnn1-c1cc(C)ccc1C,0,"Non-corrosive, Non-irritant, Non-sensitizer",0,non-carcinogen,0,0.035427045,0.033429444,0.020328218,1.76E-07,0.015706172,0.000361935,2.205105824,no,0,yes,no,no
9769,CCOC(=O)CNC(=O)CSc1nnnn1-c1ccc(C)c(C)c1,0,"Non-corrosive, Non-irritant, Sensitizer",1,carcinogen,1,0.045502946,0.033429444,0.008803741,1.75E-06,0.015706172,0.000489361,2.175010071,no,0,no,no,no
11113,CC#CCN(CC#CC)S(=O)(=O)c1ccc(-n2cnnn2)c(OC)c1,0,"Non-corrosive, Non-irritant, Non-sensitizer",0,non-carcinogen,0,0.168192819,0.059242748,0.01324284,0.000129765,0.010344503,0.00076583,3.085816071,no,0,yes,no,no
12232,O=C(O)CCSc1nnnn1-c1ccccc1,0,"Non-corrosive, Non-irritant, Sensitizer",1,carcinogen,1,0.091074482,0.103941731,0.030006865,0.99550277,0.069000177,2.84E-05,1.975735656,no,0,no,yes,no
12409,CCOC(=O)CSc1nnnn1-c1cc(OC)ccc1OC,0,"Non-corrosive, Non-irritant, Sensitizer",1,non-carcinogen,0,0.045492988,0.067353867,0.020011418,4.93E-06,0.008827239,0.000648845,2.132493332,no,0,no,no,no
13466,C/C(N)=C(/C#N)C(=O)CSc1nnnn1-c1ccc(C)cc1,0,"Non-corrosive, Non-irritant, Non-sensitizer",0,non-carcinogen,0,0.101831131,0.079637967,0.034169443,0.000357741,0.004150351,0.000834273,2.528006081,no,0,yes,no,no
13476,COc1ccc(-n2nnnc2SC(C)C(N)=O)cc1,0,"Non-corrosive, Non-irritant, Sensitizer",1,non-carcinogen,0,0.240068451,0.153746992,0.056228884,0.99758178,0.077382602,0.000741897,2.501374656,no,0,no,no,no
3635,COc1cc(-c2nnc(NC(=O)CCS(=O)(=O)c3ccc(F)cc3)o2)cc(OC)c1OC,1,"Non-corrosive, Non-irritant, Non-sensitizer",0,non-carcinogen,0,0.747705042,0.731535196,0.89143461,0.99996078,0.73796916,0.957325816,2.377300895,yes,1,yes,no,no
14422,O=C(c1ccc(F)cc1)c1ccc(Nc2ncnc3[nH]ccc23)cc1,0,"Non-corrosive, Non-irritant, Non-sensitizer",0,non-carcinogen,0,0.19904381,0.376174212,0.051234499,0.570744932,0.978659987,0.403384328,2.110930056,no,0,yes,no,no
3466,COc1ccc(NC(=O)c2sc3nc(C)nc(N4CCN(c5ccccn5)CC4)c3c2C)c(OC)c1,1,"Non-corrosive, Non-irritant, Non-sensitizer",0,non-carcinogen,0,0.877345264,0.349738896,0.939279735,0.400707215,0.371185809,0.633757472,2.478766669,no,0,yes,no,no
1872,Nc1c(C(=O)NCC2CCCO2)sc2nc3c(c(-c4ccco4)c12)CC/C3=C\c1ccco1,1,"Non-corrosive, Non-irritant, Non-sensitizer",0,non-carcinogen,0,0.916861236,0.849120736,0.976102948,0.99999994,0.524722874,0.913808286,3.433595821,yes,1,yes,no,no
3002,CC(=O)NC1=NC(=O)/C(=C/c2cn(C(C)=O)nc2-c2ccccc2)S1,1,"Non-corrosive, Non-irritant, Non-sensitizer",0,non-carcinogen,0,0.723757207,0.923604667,0.970943034,0.999997854,0.999486864,0.994745076,2.630748379,yes,1,yes,no,no
15097,O=C(N[C@H]1CNC1=O)OCc1cccc(C2CCCCC2)c1,0,"Non-corrosive, Irritant, Sensitizer",1,non-carcinogen,0,0.396254867,0.615837336,0.268530697,0.999861002,0.524711013,0.999694526,2.742335322,no,0,no,no,no
9514,Cc1ccc2nsnc2c1S(=O)(=O)N(Cc1cc2cccc(C)c2[nH]c1=O)CC1CCCO1,0,"Non-corrosive, Non-irritant, Non-sensitizer",0,non-carcinogen,0,0.071404055,0.080751501,0.013833725,1.29E-07,0.092453398,0.030047378,3.318100417,no,0,yes,no,no
10885,Cc1ccc2[nH]c(=O)c(CN(CC3CCCO3)S(=O)(=O)c3c(C)ccc4nsnc34)cc2c1,0,"Non-corrosive, Non-irritant, Non-sensitizer",0,non-carcinogen,0,0.105949804,0.080751501,0.01491006,2.07E-07,0.092453398,0.024910003,3.289290106,no,0,yes,no,no
12166,Cc1ccc2[nH]c(=O)c(CN(CC3CCCO3)S(=O)(=O)c3cccc4nsnc34)cc2c1,0,"Non-corrosive, Non-irritant, Non-sensitizer",0,non-carcinogen,0,0.123030975,0.070680134,0.016731659,5.80E-05,0.084843643,0.014515102,3.171152439,no,0,yes,no,no
1907,Cc1ccc(Nc2c(-c3ccccn3)nc3cc(C)ccn23)cc1,1,"Non-corrosive, Non-irritant, Sensitizer",1,carcinogen,1,0.571936369,0.606312692,0.969308853,0.999964952,0.464108586,0.996682584,2.245367309,no,0,no,no,no
11317,CCOCCCNC(=O)C1CCCN1C(=O)NC1CCCCC1,0,"Non-corrosive, Non-irritant, Sensitizer",1,non-carcinogen,0,0.068916552,0.064971469,0.003774743,1.43E-06,0.326725662,1.72E-05,2.581230256,no,0,no,no,no
1,O=C(N1CCOCC1)n1ccnn1,1,"Non-corrosive, Non-irritant, Sensitizer",1,carcinogen,1,0.269017398,0.439255953,0.771034181,0.003398249,0.654503465,0.000341955,2.897184284,no,0,no,no,no
61,[O-]/[N+](=C\c1ccccc1)[C@@H]1CCCC[C@@H]1/[N+]([O-])=C/c1ccccc1,1,"Non-corrosive, Non-irritant, Non-sensitizer",0,non-carcinogen,0,0.850122869,0.788841784,0.882774115,0.999993742,0.186533853,0.999998689,3.620323772,no,0,yes,no,no
13473,COCC(C)n1c(C)cc(C(=O)COC(=O)c2nc3nc(C)cc(C)n3n2)c1C,0,"Non-corrosive, Non-irritant, Non-sensitizer",0,carcinogen,1,0.241379678,0.087390348,0.054128159,1.17E-05,0.1702151,0.360386729,3.155224662,no,0,no,no,no
6341,CCc1cc2c(-c3ccc(=O)n(CCCCOc4ccc(C5=NNC(=O)CC5C)cc4)n3)ccc(OC)n2n1,1,"Non-corrosive, Non-irritant, Non-sensitizer",0,non-carcinogen,0,0.894515097,0.8955639,0.985064089,0.999995708,0.873617232,0.999832571,3.574009319,yes,1,yes,no,no
14943,O=C(NCc1ccccc1)C1CC(=O)N(c2ccc(OCC(=O)N3CCCC3)cc2)C1,0,"Non-corrosive, Non-irritant, Non-sensitizer",0,non-carcinogen,0,0.122622743,0.204866469,0.167023033,2.07E-06,0.203767776,0.012356852,2.465499082,no,0,yes,no,no
4322,COc1cc(N2CCCC2)c(OC)cc1/C=C1\SC(=O)N(C)C1=O,1,"Non-corrosive, Non-irritant, Non-sensitizer",0,non-carcinogen,0,0.712594926,0.432789445,0.963202536,0.114687167,0.56207037,0.998480737,2.390576088,no,0,yes,no,no
4112,COc1cc(/C=C2\C(=N)N3N=CSC3=NC2=O)cc(Br)c1OC(=O)c1ccco1,1,"Non-corrosive, Non-irritant, Non-sensitizer",0,non-carcinogen,0,0.963792741,0.991040051,0.988212287,0.999999225,0.996914208,0.999992311,3.118743721,yes,1,yes,no,no
4607,CCS(=O)(=O)C1=NN2C(=N)/C(=C\c3ccc(OC(=O)c4ccco4)c(Br)c3)C(=O)N=C2S1,1,"Non-corrosive, Non-irritant, Non-sensitizer",0,non-carcinogen,0,0.916305363,0.990281105,0.987291157,0.999999523,0.999550402,0.995524704,3.064602192,yes,1,yes,no,no
4662,CCOc1cc(/C=C2/C(=N)N3N=C(CC)SC3=NC2=O)ccc1OC(=O)c1ccco1,1,"Non-corrosive, Non-irritant, Non-sensitizer",0,non-carcinogen,0,0.898212731,0.971094549,0.9935835,0.999998927,0.980951607,0.999983609,2.877748808,yes,1,yes,no,no
4679,CC(C)CS(=O)(=O)C1=NN2C(=N)/C(=C\c3ccc(OC(=O)c4ccco4)cc3)C(=O)N=C2S1,1,"Non-corrosive, Non-irritant, Non-sensitizer",0,non-carcinogen,0,0.90262413,0.984882057,0.972351313,0.999999881,0.986321211,0.905052543,3.025626162,yes,1,yes,no,no
11261,CCn1c(COc2ccccc2C)nnc1SCC(=O)N1CCCCC1,0,"Non-corrosive, Non-irritant, Non-sensitizer",0,non-carcinogen,0,0.070900053,0.04258826,0.066153996,2.28E-06,0.065581866,0.110623538,2.117895336,no,0,yes,no,no
13320,Cn1cccc1C1NC(=O)c2c(sc3c2CCC(C(C)(C)C)C3)N1,0,"Non-corrosive, Non-irritant, Sensitizer",1,non-carcinogen,0,0.244269997,0.527028501,0.175278187,0.827052057,0.622856796,0.918443918,3.702720787,no,0,no,no,no
524,C[C@]12CC[C@H](O)C[C@H]1CC[C@@H]1[C@@H]2CC[C@]2(C)[C@@H](c3ccc(=O)oc3)CC[C@]12O,1,"Non-corrosive, Non-irritant, Non-sensitizer",0,non-carcinogen,0,0.937427878,0.980921388,0.962189198,0.999999762,0.999999642,0.999990761,4.365949559,yes,1,yes,no,no
9565,O=C(Nc1ccc2c(c1)OCO2)c1cnn2c1NC(c1ccco1)CC2C(F)(F)F,0,"Non-corrosive, Non-irritant, Non-sensitizer",0,non-carcinogen,0,0.194525272,0.082291402,0.055461969,0.270442933,0.043435346,0.018638888,3.756018668,no,0,yes,no,no
11017,COc1ccc(N2CCN(C(=O)c3ccc(S(=O)(=O)N4CCOCC4)cc3)CC2)cc1,0,"Non-corrosive, Non-irritant, Non-sensitizer",0,non-carcinogen,0,0.171364099,0.093006,0.06724713,0.007384124,0.123020813,0.01782342,2.00165029,no,0,yes,no,no
4647,FC(F)(F)C1CCCN(c2nsc3ccccc23)C1,1,"Non-corrosive, Non-irritant, Sensitizer",1,non-carcinogen,0,0.293022931,0.560786605,0.89707917,0.000171702,0.6722458,0.989004433,2.885595604,no,0,no,no,no
8770,c1ccc(-c2nnc(CSc3nnc(-c4ccncc4)n3Cc3ccco3)o2)cc1,0,"Non-corrosive, Non-irritant, Non-sensitizer",0,carcinogen,1,0.029980715,0.026679488,0.010379029,1.09E-07,0.059198271,0.003802845,2.407389417,no,0,no,no,no
11583,O=C(Nc1ccccc1-c1nnn(CC(=O)N2CCN(c3ccccc3)CC2)n1)c1cccs1,0,"Non-corrosive, Non-irritant, Sensitizer",1,non-carcinogen,0,0.050276645,0.039519146,0.019678304,7.28E-07,0.109604798,0.00454334,2.346795554,no,0,no,no,no
7434,CC1=NCCc2cc(O)c(O)cc21,1,"Non-corrosive, Irritant, Sensitizer",1,non-carcinogen,0,0.785319686,0.892242908,0.969200194,0.999120116,0.993795037,0.999988198,2.765593596,yes,1,no,no,no
7436,Oc1cc2c(cc1O)CCN=C2,1,"Non-corrosive, Irritant, Sensitizer",1,non-carcinogen,0,0.746238112,0.928443193,0.979409277,0.000805074,0.993153095,0.999999404,3.040780023,no,0,no,no,no
2464,COc1ccc2c(c1OC)C(=O)OC2Nc1nc(-c2ccccc2)cs1,1,"Non-corrosive, Non-irritant, Sensitizer",1,non-carcinogen,0,0.851517081,0.859025419,0.968718946,0.999982834,0.824971914,0.019855198,2.820025483,no,0,no,no,no
3161,COc1ccc(-c2csc(NC3OC(=O)c4c3ccc(OC)c4OC)n2)cc1OC,1,"Non-corrosive, Non-irritant, Sensitizer",1,non-carcinogen,0,0.870490134,0.854562342,0.966265857,0.999946415,0.837502062,0.058394376,2.933145248,no,0,no,no,no
3361,O=C1OC(Nc2nc(-c3ccc(F)cc3)cs2)c2ccccc21,1,"Non-corrosive, Non-irritant, Sensitizer",1,non-carcinogen,0,0.811116874,0.790759325,0.942155004,0.999020576,0.719975352,0.00151352,2.70161483,no,0,no,no,no
3439,Cc1ccc(-c2csc(NC3OC(=O)c4ccccc43)n2)cc1,1,"Non-corrosive, Non-irritant, Sensitizer",1,non-carcinogen,0,0.826961994,0.628005922,0.936545074,0.997679412,0.44452247,0.002815059,2.681699101,no,0,no,no,no
8663,C[C@H]1CN([C@@H](C)CO)C(=O)CCCn2nncc2CO[C@@H]1CN(C)Cc1cccc(C(=O)O)c1,0,"Non-corrosive, Non-irritant, Non-sensitizer",0,non-carcinogen,0,0.213496909,0.1527244,0.023990093,9.64E-05,0.124854021,0.332298964,4.239076216,no,0,yes,no,no
8664,C[C@@H]1CN([C@@H](C)CO)C(=O)CCCn2nncc2CO[C@H]1CN(C)Cc1ccc(O)cc1,0,"Non-corrosive, Non-irritant, Non-sensitizer",0,non-carcinogen,0,0.266024053,0.163298324,0.022455545,0.999491155,0.169930935,0.024524452,4.235580186,no,0,yes,no,no
2686,CC1=CN2C(=N)/C(=C/c3ccc([N+](=O)[O-])o3)C(=O)N=C2S1,1,"Non-corrosive, Non-irritant, Sensitizer",1,carcinogen,1,0.936077297,0.970311522,0.9833529,0.999999821,0.999973416,0.999983251,3.338292427,yes,1,no,no,no
9808,COc1ccc(-c2cc(C(F)(F)F)n3nc(C(=O)N4CCOCC4)nc3n2)cc1,0,"Non-corrosive, Non-irritant, Non-sensitizer",0,non-carcinogen,0,0.200094804,0.129165456,0.014391585,0.998204648,0.129583195,0.019533157,2.499300569,no,0,yes,no,no
10236,O=C(c1nc2nc(-c3ccc(Cl)cc3)cc(C(F)(F)F)n2n1)N1CCOCC1,0,"Non-corrosive, Non-irritant, Non-sensitizer",0,non-carcinogen,0,0.255658984,0.084085755,0.016661633,0.996780992,0.200523794,0.027724687,2.517516795,no,0,yes,no,no
7543,CC(C)[C@@H](C)/C=C/[C@@H](C)[C@H]1CCC2=C3[C@H](O)CC4C[C@@H](O)CC[C@]4(C)[C@H]3CC[C@@]21C,1,"Non-corrosive, Non-irritant, Non-sensitizer",0,carcinogen,1,0.969311833,0.988462389,0.984299779,0.999999881,0.999999642,0.999991179,4.950066153,yes,1,no,no,no
12237,Cc1ccc(SCCC(=O)N2CCC(C(N)=O)CC2)cc1,0,"Non-corrosive, Non-irritant, Non-sensitizer",0,non-carcinogen,0,0.18315196,0.148967877,0.145048857,0.00013774,0.410580635,0.000566642,1.995231365,no,0,yes,yes,no
1815,NS(=O)(=O)c1ccc(NS(=O)(=O)c2ccc(NC(=O)c3ccc(-c4ccccc4)cc3)cc2)cc1,1,"Non-corrosive, Non-irritant, Non-sensitizer",0,non-carcinogen,0,0.815649509,0.785993934,0.835502565,0.998347044,0.965355396,0.416715354,1.947577,no,0,yes,yes,no
8964,O=C(NCc1ccco1)c1cc2sccc2n1Cc1ccc(F)cc1,0,"Non-corrosive, Non-irritant, Sensitizer",1,non-carcinogen,0,0.322058052,0.186833069,0.042842682,0.003328039,0.133271456,0.017458348,2.223554292,no,0,no,no,no
385,O=C(c1ccccc1)c1cc(-c2ccccc2)on1,1,"Non-corrosive, Non-irritant, Non-sensitizer",0,non-carcinogen,0,0.578413129,0.658254564,0.909984827,0.00138887,0.553201914,0.851008356,1.752351416,no,0,yes,yes,no
1185,COc1ccc(-c2nc(CNS(=O)(=O)c3ccc(OC)c(OC)c3)cs2)cc1,1,"Non-corrosive, Non-irritant, Non-sensitizer",0,non-carcinogen,0,0.773175955,0.652760506,0.918813765,0.999982595,0.889946759,0.768477917,2.065183981,yes,1,yes,no,no
12304,CC(CN1CCOCC1)OC(=O)COc1ccc(F)cc1,0,"Non-corrosive, Non-irritant, Sensitizer",1,non-carcinogen,0,0.222735286,0.217403382,0.043064408,7.51E-06,0.206411824,3.99E-06,2.473370538,no,0,no,no,no
8913,Cc1sc(NC(=O)CSc2nnnn2C2CCCC2)c(C#N)c1C,0,"Non-corrosive, Non-irritant, Sensitizer",1,carcinogen,1,0.056458313,0.094835036,0.084810823,1.58E-07,0.017108941,0.000259603,2.546073075,no,0,no,no,no
15066,S=C(c1nc2ccccc2[nH]1)N1CCOCC1,0,"Non-corrosive, Non-irritant, Non-sensitizer",0,carcinogen,1,0.276237518,0.215157583,0.046559751,0.043492619,0.210033447,0.000932705,2.39125212,no,0,no,no,no
7378,CC(C)=CCC[C@@]1(C)C=Cc2c(ccc(C(=O)CCc3ccc(O)c(O)c3)c2O)O1,1,"Non-corrosive, Non-irritant, Sensitizer",1,non-carcinogen,0,0.982196689,0.999287546,0.996783376,0.999999881,1,0.999994934,3.39948424,yes,1,no,no,no
15451,O=Cc1cn(-c2ccccc2)nc1-c1cc2ccccc2oc1=O,0,"Non-corrosive, Irritant, Sensitizer",1,carcinogen,1,0.639707208,0.373186797,0.064200491,0.99998796,0.265999198,0.704450965,2.207153903,no,0,no,no,no
4484,CCCCN1C(=O)/C(=C2/Sc3ccc(Cl)cc3N2CC)SC1=S,1,"Non-corrosive, Irritant, Non-sensitizer",1,non-carcinogen,0,0.71142751,0.706200242,0.909279287,0.998789191,0.258414686,0.999522328,2.611116936,no,0,no,no,no
15623,O=C(c1ccccc1)c1ccc(N2CCOCC2)c(NC(=O)c2ccco2)c1,0,"Non-corrosive, Non-irritant, Sensitizer",1,non-carcinogen,0,0.166327819,0.206289187,0.152109832,0.001287694,0.373957902,0.073620774,2.04705595,no,0,no,no,no
4035,CC(C)(C)C(=O)[C@H]1[C@H](c2ccco2)C2(C(=O)c3ccccc3C2=O)C2c3ccccc3C=NN21,1,"Non-corrosive, Non-irritant, Non-sensitizer",0,non-carcinogen,0,0.57111901,0.879277885,0.9381181,0.999887943,0.999372065,0.997557878,4.379731171,yes,1,yes,no,no
7120,C/C=C(\C)C(=O)OC1C[C@@H](O)[C@@]2(C)C(=O)O[C@H]3[C@H]4O[C@@H]5CC(=O)C(C)=C5[C@@]4(C)[C@H](CC(=O)OC)[C@]1(C)[C@@H]32,1,"Non-corrosive, Non-irritant, Non-sensitizer",0,carcinogen,1,0.963503778,0.994350374,0.998695433,0.999999821,0.999996722,0.999994576,5.357620383,yes,1,no,no,no
3912,CSc1nnc(C)c(/C=C/Nc2ccc(Cl)cc2)n1,1,"Non-corrosive, Non-irritant, Sensitizer",1,non-carcinogen,0,0.847546041,0.909317553,0.909314573,0.999997497,0.984128177,0.568860054,2.669054072,yes,1,no,no,no
3913,CSc1nnc(C)c(/C=C/Nc2ccc(F)cc2)n1,1,"Non-corrosive, Non-irritant, Sensitizer",1,non-carcinogen,0,0.816825867,0.896547258,0.868146837,0.999965906,0.991132319,0.250534415,2.675674585,no,0,no,no,no
15508,CC1=C(C(=O)OC(C)C)C(c2coc3ccccc3c2=O)C2=C(CCCC2=O)N1,0,"Non-corrosive, Non-irritant, Sensitizer",1,non-carcinogen,0,0.233014822,0.110199951,0.06714315,2.30E-06,0.005385421,0.399302751,3.095687651,no,0,no,no,no
12035,Cc1onc(-c2ccccc2Cl)c1C(=O)Nc1cccc2nsnc12,0,"Non-corrosive, Non-irritant, Sensitizer",1,non-carcinogen,0,0.425210923,0.699068725,0.130910322,0.999869823,0.780839622,0.948484838,2.359835852,no,0,no,no,no
9303,Nc1nc(-c2cccs2)c(NC(=O)c2ccccc2)s1,0,"Non-corrosive, Irritant, Non-sensitizer",1,non-carcinogen,0,0.405268073,0.418061763,0.150671437,0.988988578,0.143286034,0.999977171,2.114264867,no,0,no,no,no
12455,CCOC(=O)CCc1c(C)nc2cc(C3CCCN(C(=O)OC(C)(C)C)C3)[nH]n2c1=O,0,"Non-corrosive, Non-irritant, Non-sensitizer",0,non-carcinogen,0,0.257503599,0.309163302,0.082248509,0.00022083,0.423659325,0.083690055,3.245519716,no,0,yes,no,no
4552,COc1ccc(C2=NN(C(=O)C(O)c3ccccc3)C(O)(C(F)(F)F)C2)cc1,1,"Non-corrosive, Non-irritant, Non-sensitizer",0,non-carcinogen,0,0.80009377,0.899846911,0.969753563,0.979602396,0.777011633,0.997463286,3.199550061,yes,1,yes,no,no
9786,O=C1CCCN1Cc1ncnn1-c1ccccc1,0,"Non-corrosive, Non-irritant, Sensitizer",1,carcinogen,1,0.147763953,0.061305046,0.032274179,2.11E-05,0.256609768,0.00527759,2.272928053,no,0,no,no,no
8454,O=C(Nc1cc(Cl)ccc1-n1cncn1)c1cn2ccccc2n1,0,"Non-corrosive, Non-irritant, Sensitizer",1,non-carcinogen,0,0.428988695,0.554968953,0.146691546,0.999937534,0.763260782,0.991565406,2.384827749,no,0,no,no,no
14376,O=C1c2cccc3cccc(c23)N1Cc1cccc(F)c1,0,"Non-corrosive, Non-irritant, Non-sensitizer",0,carcinogen,1,0.346554041,0.295364439,0.102601126,0.999872565,0.288760632,0.983908713,1.85317048,no,0,no,yes,no
14437,O=C1c2cccc3cccc(c23)N1Cc1ccc(F)cc1,0,"Non-corrosive, Non-irritant, Sensitizer",1,carcinogen,1,0.371803015,0.295364439,0.101432309,0.999717116,0.288760632,0.985115409,1.794832776,no,0,no,yes,no
14601,NNC(=O)c1ccc(CN2C(=O)c3cccc4cccc2c34)cc1,0,"Non-corrosive, Non-irritant, Non-sensitizer",0,carcinogen,1,0.290508181,0.561852694,0.239898726,0.999965549,0.916164517,0.992347419,1.991177954,no,0,no,yes,no
9621,COc1ccc(C2CC(c3ccccc3Cl)Nc3ncnn32)cc1OC,0,"Non-corrosive, Irritant, Non-sensitizer",1,non-carcinogen,0,0.468371898,0.30593738,0.089562036,0.000154674,0.175933868,0.378607631,3.391128458,no,0,no,no,no
11316,CS(=O)(=O)Nc1ccccc1C(=O)N1CCCC1,0,"Non-corrosive, Non-irritant, Non-sensitizer",0,non-carcinogen,0,0.160895616,0.136609674,0.110039897,0.003463333,0.213830262,0.052120052,1.745100964,no,0,yes,yes,no
11450,CCCOc1ccc(C(=O)N2CCCC2C(=O)O)cc1,0,"Non-corrosive, Non-irritant, Non-sensitizer",0,non-carcinogen,0,0.263366759,0.167095467,0.133594826,0.00414749,0.039583188,0.011387489,2.195207328,no,0,yes,no,no
6668,O=C(NCc1ccc(Cl)cc1Cl)N1CCN(c2ccccn2)CC1,1,"Non-corrosive, Non-irritant, Non-sensitizer",0,non-carcinogen,0,0.744161904,0.684941888,0.939965665,0.999750614,0.579653203,0.998647511,1.994978623,yes,1,yes,yes,yes
12111,CCc1c(C)n2nc(C)cc2[nH]c1=O,0,"Non-corrosive, Non-irritant, Non-sensitizer",0,non-carcinogen,0,0.276203156,0.099700183,0.080219075,0.006254475,0.043702133,0.108316481,2.957257914,no,0,yes,no,no
1906,CNc1ccc(Br)cc(C(=O)/C=C/c2ccc(Cl)cc2Cl)c1=O,1,"Non-corrosive, Non-irritant, Non-sensitizer",0,non-carcinogen,0,0.939172208,0.96416235,0.985286951,0.999999166,0.999769807,0.999996781,2.394816696,yes,1,yes,no,no
502,CCCN(CC(=O)Nc1ccccc1C)C(=O)c1ccc(OCC(=O)N2CCOCC2)c(OCC)c1,1,"Non-corrosive, Non-irritant, Sensitizer",1,non-carcinogen,0,0.291056484,0.157997683,0.546698451,2.83E-07,0.032146256,0.005490219,2.289856657,no,0,no,no,no
2226,COc1ccc(-c2nc(N3CCOCC3)nc3n[nH]c(N)c23)cc1,1,"Non-corrosive, Non-irritant, Non-sensitizer",0,carcinogen,1,0.659930348,0.913473189,0.847861886,0.010877207,0.976721466,0.500060737,2.462087309,no,0,no,no,no
595,CC=Cc1cc2c(c(=O)o1)C(=O)C(O)C(C)O2,1,"Non-corrosive, Non-irritant, Sensitizer",1,non-carcinogen,0,0.97599709,0.950267315,0.960935771,0.999998987,0.999849379,0.993198633,4.046183971,yes,1,no,no,no
77,CCCN(Cc1cc2cccc(C)c2[nH]c1=O)C(=O)c1cccc(OC)c1,1,"Non-corrosive, Non-irritant, Sensitizer",1,non-carcinogen,0,0.305771261,0.190037936,0.503822982,0.00229185,0.023955563,0.031618468,2.145471104,no,0,no,no,no
904,COc1ccc2cc(CN(CCO)C(=O)c3ccccc3F)c(=O)[nH]c2c1,1,"Non-corrosive, Non-irritant, Non-sensitizer",0,non-carcinogen,0,0.477460563,0.57921797,0.611918211,0.001166352,0.672721326,0.082076728,2.190758958,no,0,yes,no,no
9103,COc1ccc(C(=O)N(CCCO)Cc2cc3c(C)ccc(C)c3[nH]c2=O)cc1OC,0,"Non-corrosive, Non-irritant, Non-sensitizer",0,non-carcinogen,0,0.324376971,0.243555143,0.102624483,0.989381671,0.22708942,0.01897455,2.353554866,no,0,yes,no,no
10403,CCOc1ccc2[nH]c(=O)c(CN(CCO)C(=O)c3ccc(F)cc3)cc2c1,0,"Non-corrosive, Non-irritant, Non-sensitizer",0,non-carcinogen,0,0.140812382,0.339834124,0.078287624,6.40E-05,0.236001477,0.011878207,2.178657593,no,0,yes,no,no
10611,COc1ccc2cc(CN(CCO)C(=O)c3ccc(Br)cc3)c(=O)[nH]c2c1,0,"Non-corrosive, Non-irritant, Non-sensitizer",0,carcinogen,1,0.259713173,0.347111702,0.208397195,0.17974396,0.631998479,0.022586484,2.185712399,no,0,no,no,no
3856,O=C(NC(=S)NNC(=O)c1cccs1)c1ccc(Br)o1,1,"Non-corrosive, Non-irritant, Non-sensitizer",0,carcinogen,1,0.916482687,0.964063883,0.977301657,0.999998868,0.999554396,0.998720169,2.378988323,yes,1,no,no,no
3893,O=C(NC(=S)NNC(=O)c1cccs1)c1ccco1,1,"Non-corrosive, Non-irritant, Sensitizer",1,non-carcinogen,0,0.910003722,0.978331983,0.985968828,0.999978125,0.999958217,0.999740303,2.2412592,yes,1,no,no,no
3526,COc1ccc(NC(=O)CSc2nc(C3CC3)nc3ccccc23)cc1,1,"Non-corrosive, Non-irritant, Non-sensitizer",0,non-carcinogen,0,0.461493313,0.806304455,0.895444572,0.005507581,0.806969285,0.162350893,2.02970272,no,0,yes,no,no
3529,O=C(CSc1nc(C2CC2)nc2ccccc12)Nc1cccc(O)c1,1,"Non-corrosive, Non-irritant, Non-sensitizer",0,non-carcinogen,0,0.674978495,0.792835236,0.923692048,0.105642669,0.700608909,0.269141942,2.161495467,no,0,yes,no,no
3531,O=C(CSc1nc(C2CC2)nc2ccccc12)Nc1ccccc1Cl,1,"Non-corrosive, Non-irritant, Non-sensitizer",0,non-carcinogen,0,0.495483965,0.907366335,0.901674628,0.003818038,0.948224902,0.306974322,2.07004739,no,0,yes,no,no
4785,CCOC(=O)N1CCC2(CC1)CC(=O)c1cc(O)ccc1O2,1,"Non-corrosive, Non-irritant, Non-sensitizer",0,non-carcinogen,0,0.676916599,0.509763777,0.903812349,0.000142611,0.044407245,0.740826726,2.913073823,no,0,yes,no,no
3041,C(=N/NC1=Nc2cccc3cccc1c23)\c1ccccn1,1,"Non-corrosive, Non-irritant, Sensitizer",1,non-carcinogen,0,0.857842982,0.902648032,0.975603521,0.99999994,0.99816823,0.999994457,2.555162302,yes,1,no,no,no
1662,CCCOc1ccc(/C(CC)=N/NC(=O)C2(C)CC2(Br)Br)cc1,1,"Non-corrosive, Non-irritant, Sensitizer",1,non-carcinogen,0,0.73156637,0.936067879,0.929159999,0.999215901,0.97177875,0.138588414,3.068049792,no,0,no,no,no
15186,COc1cccc(-n2nc(-c3ccnn3-c3ccc(F)cc3)c(=O)n(C)c2=O)c1,0,"Non-corrosive, Non-irritant, Non-sensitizer",0,non-carcinogen,0,0.376741529,0.468464226,0.070528053,0.662046194,0.563154757,0.132372797,2.427388374,no,0,yes,no,no
1294,CCC(=O)NC(c1ccc([N+](=O)[O-])cc1)c1c(O)ccc2ccccc12,1,"Non-corrosive, Non-irritant, Non-sensitizer",0,non-carcinogen,0,0.912422299,0.8416816,0.951966166,0.999999464,0.991995096,0.999517798,2.606612223,yes,1,yes,no,no
14465,CCCCCCOc1ccc(Cc2ccccc2)c2ccccc12,0,"Non-corrosive, Non-irritant, Non-sensitizer",0,non-carcinogen,0,0.49459675,0.571976125,0.414050639,0.999347448,0.998642325,0.999936163,1.745484158,no,0,yes,yes,no
6163,COc1ccc(C(Cc2ccncn2)c2ccccc2)cc1OC1CCCC1,1,"Non-corrosive, Non-irritant, Sensitizer",1,non-carcinogen,0,0.968512774,0.807967722,0.978069961,0.999995947,0.853662431,0.999369979,2.743199216,yes,1,no,no,no
9493,O=C1NC2C(NC(=O)N2C2CCCCC2)N1C1CCCCC1,0,"Non-corrosive, Non-irritant, Sensitizer",1,non-carcinogen,0,0.257139653,0.052649174,0.011002732,0.000104407,0.032445043,1.60E-05,3.638253748,no,0,no,no,no
9207,O=C(NCCc1ccccc1)c1c(O)c2cccc3c2n(c1=O)CC3,0,"Non-corrosive, Non-irritant, Sensitizer",1,non-carcinogen,0,0.157206982,0.249603897,0.012291035,5.28E-07,0.298166186,0.007890476,2.202335852,no,0,no,no,no
11804,COc1ccc(CCNC(=O)c2c(O)c3cccc4c3n(c2=O)CC4)cc1,0,"Non-corrosive, Non-irritant, Non-sensitizer",0,non-carcinogen,0,0.136589006,0.381675869,0.019510763,0.000224255,0.272032708,0.011022346,2.25486762,no,0,yes,no,no
10127,O=C(NCc1ccccn1)C(C(=O)c1ccc(F)cc1)n1ccccc1=O,0,"Non-corrosive, Non-irritant, Non-sensitizer",0,non-carcinogen,0,0.220383108,0.368651003,0.043636475,0.796790659,0.729702592,0.172784939,2.726530731,no,0,yes,no,no
3729,C[C@H]1CCC/C=C/[C@@H]2C[C@H](O)C[C@H]2[C@H](O)/C=C/C(=O)O1,1,"Non-corrosive, Non-irritant, Non-sensitizer",0,non-carcinogen,0,0.932027042,0.996093929,0.995151281,0.99999994,1,0.999998927,4.803278015,yes,1,yes,no,no
5295,CCNNC(=O)c1ccc(Cn2c3c(c4ccccc42)CCCC3)cc1,1,"Non-corrosive, Non-irritant, Sensitizer",1,non-carcinogen,0,0.852527142,0.908901989,0.963629723,0.999999225,0.98104465,0.787387908,2.262408639,yes,1,no,no,no
2393,O=[N+]([O-])c1ccc(Oc2ccc(F)cc2)c2ccncc12,1,"Non-corrosive, Irritant, Sensitizer",1,non-carcinogen,0,0.781835377,0.7631405,0.975078285,0.999925315,0.184629813,0.999915302,2.012715928,no,0,no,no,no
2394,O=[N+]([O-])c1ccc(Oc2ccc(F)cc2Br)c2ccncc12,1,"Non-corrosive, Irritant, Sensitizer",1,non-carcinogen,0,0.891249061,0.946162879,0.984829605,0.999998093,0.270078361,0.999991715,2.222857352,no,0,no,no,no
15460,O=S1(=O)C=C(N2CCCCC2)c2ccccc21,0,"Non-corrosive, Non-irritant, Sensitizer",1,non-carcinogen,0,0.193776861,0.239124343,0.120932311,0.000397769,0.554290116,0.824800789,2.65528228,no,0,no,no,no
4899,CCn1c(-c2ccc(-c3ccccc3)cc2)c[nH]c1=S,1,"Non-corrosive, Non-irritant, Non-sensitizer",0,carcinogen,1,0.541079938,0.832079828,0.893043637,0.994775891,0.981846094,0.974546134,2.152122161,yes,1,no,no,no
8855,Cc1cc(C)n2nc(C(=O)N3CCOCC3)nc2n1,0,"Non-corrosive, Non-irritant, Sensitizer",1,carcinogen,1,0.207831681,0.068082199,0.013931413,0.000560227,0.103121936,0.002666972,2.386930995,no,0,no,no,no
10498,CCOc1ccc2[nH]c(=O)c(CN(Cc3ccc(C)cc3)C(=O)N3CCCC3)cc2c1,0,"Non-corrosive, Non-irritant, Non-sensitizer",0,non-carcinogen,0,0.073272534,0.221138969,0.027483998,6.57E-07,0.113853015,0.020577472,2.287255994,no,0,yes,no,no
2400,O=C(Nc1ccc2oc(-c3ccc4ccccc4c3)nc2c1)c1cccs1,1,"Non-corrosive, Non-irritant, Sensitizer",1,non-carcinogen,0,0.732901275,0.645869255,0.824099362,0.223142952,0.310762763,0.037027646,2.056986346,no,0,no,no,no
7166,C=C1CCC[C@]2(C)Cc3occ(C)c3C[C@@H]12,1,"Non-corrosive, Non-irritant, Sensitizer",1,carcinogen,1,0.800890267,0.977360368,0.941299736,0.999577105,0.999999285,0.998471379,4.082159443,yes,1,no,no,no
181,O=C(COc1ccccc1Cl)NCc1ccco1,1,"Non-corrosive, Non-irritant, Sensitizer",1,non-carcinogen,0,0.334521741,0.275301695,0.560345888,0.000923672,0.020575354,0.000626132,1.746976373,no,0,no,yes,no
8753,O=C(COc1ccc(Cl)cc1Cl)NCc1ccco1,0,"Non-corrosive, Non-irritant, Sensitizer",1,non-carcinogen,0,0.230266944,0.275301695,0.286924928,3.67E-05,0.020575354,0.000601227,1.826692533,no,0,no,yes,no
11521,COc1ccccc1OCC(=O)NCc1ccco1,0,"Non-corrosive, Non-irritant, Non-sensitizer",0,non-carcinogen,0,0.163252413,0.140187353,0.178031296,0.000768907,0.051764585,0.000751115,1.70041202,no,0,yes,yes,no
12110,CCC(C)NS(=O)(=O)c1ccc(OCC(=O)NCc2ccco2)cc1,0,"Non-corrosive, Non-irritant, Sensitizer",1,non-carcinogen,0,0.131461531,0.222273752,0.162871167,0.000342178,0.103381768,0.035135351,2.476769252,no,0,no,no,no
10571,COc1ccccc1NC(=O)c1cc2n(n1)C(C(F)(F)F)CC(c1ccc3c(c1)OCO3)N2,0,"Non-corrosive, Non-irritant, Non-sensitizer",0,non-carcinogen,0,0.23473689,0.124414809,0.025312083,1.32E-06,0.056004208,0.021663595,3.637869657,no,0,yes,no,no
226,Cc1[nH]nc2c1C1(CCC(c3ccccc3)CC1)C(C#N)=C(N)O2,1,"Non-corrosive, Non-irritant, Non-sensitizer",0,non-carcinogen,0,0.406406403,0.397246629,0.783942342,0.98748076,0.010558894,0.010471606,3.368953935,no,0,yes,no,no
8745,CC(C)(C)NC(=O)CN(C(=O)C1CSC(=O)C1)c1ccc2c(c1)OCCO2,0,"Non-corrosive, Non-irritant, Sensitizer",1,non-carcinogen,0,0.121886656,0.051907279,0.032368332,0.000153331,0.003772547,0.007130916,3.272125033,no,0,no,no,no
11460,Nc1cccc(C(=O)Nc2ccco2)c1,0,"Non-corrosive, Non-irritant, Non-sensitizer",0,carcinogen,1,0.338404298,0.346110433,0.200363666,0.999892533,0.155249044,0.979823291,2.108694121,no,0,no,no,no
13521,O=C(CSc1ncn[nH]1)Nc1ccc(Br)cc1F,0,"Non-corrosive, Non-irritant, Sensitizer",1,carcinogen,1,0.19719398,0.146441489,0.12208081,0.00060784,0.1119994,0.000167157,2.213389182,no,0,no,no,no
2826,C=CCN1C(=O)/C(=C/c2ccc(OC(C)=O)c(OCC)c2[N+](=O)[O-])SC1=S,1,"Non-corrosive, Non-irritant, Sensitizer",1,non-carcinogen,0,0.904348969,0.953409076,0.987766266,0.999999404,0.984803498,0.999937475,2.797240187,yes,1,no,no,no
3883,COc1ccc(/C=C2/SC(=S)N(CCC(=O)O)C2=O)cc1,1,"Non-corrosive, Non-irritant, Sensitizer",1,non-carcinogen,0,0.89168936,0.840842426,0.94704622,0.999970734,0.989879787,0.999780774,2.051994284,yes,1,no,no,no
14048,C/C(=C1/SC(=S)N(CCC(=O)O)C1=O)c1ccc(O)cc1,0,"Non-corrosive, Non-irritant, Sensitizer",1,carcinogen,1,0.440198898,0.662449539,0.265039951,0.999053657,0.99720031,0.999792933,2.488627426,no,0,no,no,no
15849,CC(=O)NN1C(=O)/C(=C\c2ccccc2)SC1=S,0,"Non-corrosive, Irritant, Sensitizer",1,non-carcinogen,0,0.845717609,0.851792455,0.211959958,0.999989092,0.999469697,0.999997854,2.258787734,no,0,no,no,no
7111,COC(=O)C[C@H]1[C@]2(C)C3=C(C)[C@H](C4=CC(=O)OC4O)C[C@H]3O[C@@H]2[C@@H]2OC[C@]3(C)[C@H](O)C[C@H](OC(=O)/C=C/c4ccccc4)[C@@]1(C)[C@@H]23,1,"Non-corrosive, Non-irritant, Non-sensitizer",0,non-carcinogen,0,0.982167006,0.998682559,0.999316216,0.999999821,0.999998629,0.999999404,5.57279268,yes,1,yes,no,no
582,c1ccc(C(=NNc2nc3ccccc3s2)c2ccccn2)cc1,1,"Non-corrosive, Irritant, Sensitizer",1,non-carcinogen,0,0.717761815,0.915063024,0.960897386,0.999999344,0.979884923,0.999835432,2.170232804,yes,1,no,no,no
15,CS(=O)(=O)N1CCc2cc(S(=O)(=O)NCCNS(=O)(=O)c3ccc4c(c3)CCN4S(C)(=O)=O)ccc21,1,"Non-corrosive, Non-irritant, Non-sensitizer",0,non-carcinogen,0,0.43690604,0.600241482,0.797491193,3.10E-05,0.091175638,0.005651906,2.738728852,no,0,yes,no,no
6262,Cc1cccc(C)c1-n1c(=O)c2cnc(Nc3ccc(OCCN(C)C)cc3)nc2n2c3ccccc3nc12,1,"Non-corrosive, Non-irritant, Non-sensitizer",0,non-carcinogen,0,0.935250342,0.73306793,0.989810467,0.999999583,0.800374627,0.994833171,2.701908584,yes,1,yes,no,no
6269,COc1cc(Nc2ncc3c(=O)n(-c4c(C)cccc4C)c4nc5ccccc5n4c3n2)cc(OC)c1OC,1,"Non-corrosive, Non-irritant, Non-sensitizer",0,non-carcinogen,0,0.9374125,0.686724782,0.991253316,0.999995112,0.728042126,0.999902189,2.730986208,yes,1,yes,no,no
4209,COc1ccc(NC(=S)N(CCN2CCOCC2)C2CCN(C(C)=O)CC2)cc1Cl,1,"Non-corrosive, Non-irritant, Non-sensitizer",0,non-carcinogen,0,0.551929653,0.576523423,0.904675782,6.80E-05,0.751238227,0.046603486,2.450583173,no,0,yes,no,no
5233,COc1ccc(/C=C2\SC(c3ccccc3Cl)=NC2=O)cc1,1,"Non-corrosive, Non-irritant, Non-sensitizer",0,non-carcinogen,0,0.826641321,0.855786741,0.963490844,0.999982238,0.815718591,0.992338121,2.165068412,yes,1,yes,no,no
5255,CCCOc1ccc(C2=NC(=O)/C(=C/c3ccc(OC)cc3)S2)cc1,1,"Non-corrosive, Non-irritant, Non-sensitizer",0,non-carcinogen,0,0.896163106,0.832758248,0.918056667,0.999977887,0.973302841,0.996985316,2.168695467,yes,1,yes,no,no
5439,COc1ccc(/C=C2\SC(c3ccc(OC)cc3)=NC2=O)cc1,1,"Non-corrosive, Non-irritant, Sensitizer",1,non-carcinogen,0,0.839371145,0.819922328,0.899365723,0.999990523,0.9788692,0.992360592,2.086518095,yes,1,no,no,no
5504,COc1ccc(C2=NC(=O)/C(=C/c3ccc(C)cc3)S2)cc1,1,"Non-corrosive, Non-irritant, Sensitizer",1,non-carcinogen,0,0.84461832,0.797069669,0.912805915,0.999938965,0.986095905,0.983027458,2.092101379,yes,1,no,no,no
5566,COc1ccc(C2=NC(=O)/C(=C/c3ccc(Cl)cc3)S2)cc1,1,"Non-corrosive, Non-irritant, Sensitizer",1,non-carcinogen,0,0.848901033,0.823500514,0.921109319,0.999987066,0.841630042,0.997587979,2.107606874,yes,1,no,no,no
5647,COc1ccc(/C=C2\SC(c3ccc(F)cc3)=NC2=O)cc1,1,"Non-corrosive, Non-irritant, Non-sensitizer",0,non-carcinogen,0,0.829269707,0.827490687,0.939200163,0.999937654,0.916146636,0.998143554,2.113281599,yes,1,yes,no,no
5686,COc1ccc(/C=C2\SC(c3cccc(Cl)c3)=NC2=O)cc1,1,"Non-corrosive, Non-irritant, Non-sensitizer",0,non-carcinogen,0,0.812980771,0.823500514,0.96513468,0.999945402,0.841630042,0.990875483,2.178424456,yes,1,yes,no,no
5687,CCCOc1ccc(/C=C2\SC(c3ccc(Cl)cc3)=NC2=O)cc1,1,"Non-corrosive, Non-irritant, Non-sensitizer",0,non-carcinogen,0,0.892767847,0.884930849,0.958819568,0.999991953,0.726926029,0.99838841,2.185880965,yes,1,yes,no,no
5688,COc1ccc(/C=C2\SC(c3ccc(Br)cc3)=NC2=O)cc1,1,"Non-corrosive, Non-irritant, Non-sensitizer",0,non-carcinogen,0,0.887994528,0.938364685,0.929564416,0.9999789,0.872329116,0.999139011,2.166558522,yes,1,yes,no,no
14613,COc1ccc(/C(C)=C2\SC(c3ccc(N)cc3)=NC2=O)cc1,0,"Non-corrosive, Non-irritant, Non-sensitizer",0,non-carcinogen,0,0.48555401,0.681273818,0.135788381,0.003670951,0.978666961,0.999016106,2.449324862,no,0,yes,no,no
14859,COc1ccc(/C=C2\SC(c3ccc(N)cc3)=NC2=O)cc1,0,"Non-corrosive, Non-irritant, Non-sensitizer",0,non-carcinogen,0,0.809984624,0.712464571,0.546320319,0.999987006,0.943114221,0.998444617,2.210615665,yes,1,yes,no,no
14882,CCC(=O)Nc1ccc(C2=NC(=O)/C(=C/c3ccc(OC)cc3)S2)cc1,0,"Non-corrosive, Non-irritant, Non-sensitizer",0,non-carcinogen,0,0.573497474,0.657648921,0.49898544,0.999979615,0.991795778,0.998170912,2.192277722,no,0,yes,no,no
1526,CC1(C)C(=O)C=C[C@@]2(C)C1C(=O)C(=O)[C@]1(C)C2CC[C@@]2(C)[C@H](c3ccoc3)C[C@H]3O[C@]321,1,"Non-corrosive, Non-irritant, Non-sensitizer",0,non-carcinogen,0,0.941680968,0.998707533,0.987645805,0.999999702,1,0.999863446,5.592755769,yes,1,yes,no,no
1543,CC(=O)O[C@@H]1C[C@@]2(C)[C@H](c3ccoc3)C[C@H]3O[C@]32[C@]2(C)C(=O)C(=O)C3C(C)(C)C(=O)C=C[C@]3(C)C12,1,"Non-corrosive, Non-irritant, Non-sensitizer",0,non-carcinogen,0,0.879719019,0.998197615,0.993066669,0.999999821,1,0.999791026,5.759796405,yes,1,yes,no,no
8774,O=c1sc2ccccc2n1CCOc1ccccc1,0,"Non-corrosive, Non-irritant, Non-sensitizer",0,carcinogen,1,0.24339667,0.463617623,0.04015626,0.00013955,0.717374682,0.003514266,1.823458834,no,0,no,yes,no
15652,COc1ccccc1OCCn1c(=O)sc2ccccc21,0,"Non-corrosive, Non-irritant, Non-sensitizer",0,carcinogen,1,0.209279403,0.420189857,0.017331276,0.000223044,0.264106721,0.00411502,1.896463545,no,0,no,yes,no
8643,COc1ccc(C(=O)Nc2ccc3c(c2)OCO3)cc1S(=O)(=O)N1CCOCC1,0,"Non-corrosive, Non-irritant, Non-sensitizer",0,non-carcinogen,0,0.153088227,0.447849125,0.066506855,6.57E-06,0.50708133,0.016905915,2.12257317,no,0,yes,no,no
9134,O=C(Nc1cccc2c1CCCC2)C1CCN(C(=O)NC2CCCCC2)CC1,0,"Non-corrosive, Non-irritant, Sensitizer",1,non-carcinogen,0,0.103594944,0.061712131,0.033153277,4.80E-05,0.069112785,0.024612404,2.189737188,no,0,no,no,no
12090,COc1ccc(OC)c(NC(=O)C(CC(=O)O)NCc2ccco2)c1,0,"Non-corrosive, Non-irritant, Sensitizer",1,non-carcinogen,0,0.282707661,0.10212718,0.018015163,0.999996841,0.079383746,0.002487714,2.538950351,no,0,no,no,no
2268,CCn1c(=O)cc(C(=O)OC)sc1=Nc1ccc(F)c(F)c1,1,"Non-corrosive, Non-irritant, Non-sensitizer",0,non-carcinogen,0,0.632452488,0.741498113,0.918284893,0.806938827,0.655676126,0.103821874,2.626807203,no,0,yes,no,no
2352,O=C(C#Cc1ccccc1)c1cccc([N+](=O)[O-])c1,1,"Non-corrosive, Non-irritant, Sensitizer",1,non-carcinogen,0,0.811251104,0.849466562,0.961033106,0.997219205,0.326367408,0.020083895,2.145348944,no,0,no,no,no
2375,O=C(C#Cc1cccc([N+](=O)[O-])c1)c1ccccc1,1,"Non-corrosive, Non-irritant, Sensitizer",1,non-carcinogen,0,0.895096302,0.849466562,0.924974859,0.999993622,0.326367408,0.006513184,2.184889969,no,0,no,no,no
3392,Nc1ccccc1C#CC(=O)c1ccccc1,1,"Non-corrosive, Non-irritant, Non-sensitizer",0,non-carcinogen,0,0.669535518,0.88560164,0.90639621,0.999971092,0.81913358,0.046849117,2.158211009,no,0,yes,no,no
10937,Cc1ccc(Cn2nnc3c(=O)[nH]c(C4CCN(C(=O)c5cccs5)CC4)nc32)cc1,0,"Non-corrosive, Non-irritant, Non-sensitizer",0,non-carcinogen,0,0.052659459,0.019497335,0.006525633,3.38E-07,0.057717998,0.02041035,2.610185242,no,0,yes,no,no
13422,CN(C(=O)COC(=O)COc1ccc(Cl)cc1)C1CCCCC1,0,"Non-corrosive, Non-irritant, Sensitizer",1,non-carcinogen,0,0.42801258,0.211408377,0.061925028,0.020944906,0.145967454,4.69E-06,1.976732199,no,0,no,yes,no
11628,CCN(CC)CCCN(Cc1cc2cc3c(cc2[nH]c1=O)OCO3)C(=O)Nc1ccccc1OC,0,"Non-corrosive, Non-irritant, Non-sensitizer",0,non-carcinogen,0,0.198416904,0.129019484,0.012470677,3.02E-06,0.02588512,0.006005821,2.574522678,no,0,yes,no,no
14114,CC(C)CC(C(=O)NC(C)(C)C)N(CC1CCCO1)C(=O)c1snc(C(N)=O)c1N,0,"Non-corrosive, Non-irritant, Sensitizer",1,non-carcinogen,0,0.108382113,0.071873829,0.071814626,0.002075905,0.040544152,0.675462186,3.627281155,no,0,no,no,no
1659,CCN(CC)c1ccc(C(=O)NC(=S)Nc2cc(S(=O)(=O)N3CCOCC3)ccc2-n2cncn2)cc1,1,"Non-corrosive, Non-irritant, Non-sensitizer",0,non-carcinogen,0,0.6173684,0.637819588,0.921691477,0.999811411,0.196499258,0.112839952,2.633837384,no,0,yes,no,no
5654,CNC(=O)c1cc(C(=O)NCCC2CCOCC2)cn(Cc2ccccc2)c1=O,1,"Non-corrosive, Non-irritant, Sensitizer",1,non-carcinogen,0,0.911033928,0.45683375,0.964561045,0.999774098,0.538394988,0.987391293,2.354643049,no,0,no,no,no
10015,COc1cc(NC(=O)C2CCN(S(=O)(=O)c3ccc(Cl)cc3)CC2)ccc1-n1cnnn1,0,"Non-corrosive, Non-irritant, Non-sensitizer",0,non-carcinogen,0,0.157237917,0.235191599,0.054671969,0.000492013,0.317944765,0.086790495,2.302405529,no,0,yes,no,no
2460,Cc1ccc(OC(=O)c2oc3ccc(F)cc3c2C)c(C)c1,1,"Non-corrosive, Non-irritant, Sensitizer",1,carcinogen,1,0.521371245,0.511416435,0.886321723,0.995783567,0.20887053,0.077324167,2.055802298,no,0,no,no,no
11251,O=C(O)c1cccc(S(=O)(=O)NCc2cccs2)c1,0,"Non-corrosive, Non-irritant, Non-sensitizer",0,non-carcinogen,0,0.379056066,0.138265371,0.074236825,0.062634937,0.114227019,0.032272447,1.900747057,no,0,yes,yes,no
3035,Cc1ccccc1NC(=O)COC(=O)c1ccc(S(C)(=O)=O)c([N+](=O)[O-])c1,1,"Non-corrosive, Non-irritant, Non-sensitizer",0,non-carcinogen,0,0.831627607,0.912923038,0.984242558,0.999997258,0.998975158,0.997178674,2.016899408,yes,1,yes,no,no
3067,CC(=O)c1cccc(NC(=O)COC(=O)c2ccc(S(C)(=O)=O)c([N+](=O)[O-])c2)c1,1,"Non-corrosive, Non-irritant, Non-sensitizer",0,non-carcinogen,0,0.890835047,0.931208849,0.987366676,0.999998629,0.998187065,0.993234396,2.124397466,yes,1,yes,no,no
1960,COc1ccc(N=C2NC(=O)/C(=C\c3ccco3)S2)cc1,1,"Non-corrosive, Non-irritant, Non-sensitizer",0,non-carcinogen,0,0.850081384,0.935735643,0.992846668,0.999988556,0.999171555,0.999996841,2.805667832,yes,1,yes,no,no
8816,CN1/C(=C/C(=O)C2CCC2)Sc2ccccc21,0,"Non-corrosive, Irritant, Sensitizer",1,carcinogen,1,0.469625056,0.119899087,0.044890113,7.37E-05,0.003337814,0.018491209,2.514934851,no,0,no,no,no
1832,Oc1ccc(Br)cc1C=Nc1ccc2c3c(cccc13)CC2,1,"Non-corrosive, Irritant, Sensitizer",1,non-carcinogen,0,0.978446245,0.954079211,0.974764168,0.999998033,0.999076068,0.999994874,2.483636819,yes,1,no,no,no
5933,CS(=O)(=O)c1ccc(-c2cc3c(cc2-c2ccc(F)cc2)OCO3)cc1,1,"Non-corrosive, Non-irritant, Sensitizer",1,non-carcinogen,0,0.764451087,0.866521358,0.960879505,0.999572933,0.966256797,0.972851217,2.050747577,yes,1,no,no,no
11313,CC1Cc2ccccc2N1C(=O)CSc1nnc2c(n1)[nH]c1ccccc12,0,"Non-corrosive, Non-irritant, Non-sensitizer",0,carcinogen,1,0.128743306,0.059516609,0.074516207,9.59E-07,0.037076801,0.035722081,2.903995927,no,0,no,no,no
8028,CC1=CC(=O)C[C@H](C)[C@@]12CC[C@H](C(C)(C)O)C2,1,"Non-corrosive, Non-irritant, Non-sensitizer",0,carcinogen,1,0.842116594,0.989672542,0.992785335,0.999208331,0.99999994,0.999870777,4.571308102,yes,1,no,no,no
7591,C=CC(C)(C)c1c(O)c2c(c3ccc(=O)oc13)OC(C)(C)C=C2,1,"Non-corrosive, Non-irritant, Sensitizer",1,non-carcinogen,0,0.967977941,0.981256664,0.99682802,0.999999702,0.999997795,0.999940753,3.382380716,yes,1,no,no,no
7584,OC/C=C/c1ccc(O)c(/C=C/[C@]23CCC(CO)=C[C@H]2c2cc(/C=C/CO)ccc2C[C@H]3O)c1,1,"Non-corrosive, Non-irritant, Non-sensitizer",0,non-carcinogen,0,0.949831843,0.944110394,0.979805768,0.999999881,1,0.999847114,4.567927282,yes,1,yes,no,no
12492,O=C(c1cccs1)N(CCO)Cc1cc2cc3c(cc2[nH]c1=O)OCCO3,0,"Non-corrosive, Non-irritant, Non-sensitizer",0,carcinogen,1,0.121081389,0.144267723,0.050642684,4.44E-06,0.093946151,0.008389529,2.544120045,no,0,no,no,no
4127,CCc1ccccc1NC(=S)N1N=CCC1c1ccccc1,1,"Non-corrosive, Non-irritant, Non-sensitizer",0,non-carcinogen,0,0.404771864,0.869639337,0.936646938,9.14E-06,0.541917086,0.598762929,2.833384601,no,0,yes,no,no
8707,Cc1nn(-c2ccccc2)c2sc(C(=O)N(CC(=O)NC(C)(C)C)Cc3ccco3)cc12,0,"Non-corrosive, Non-irritant, Non-sensitizer",0,carcinogen,1,0.200494707,0.126323238,0.028767634,0.000370751,0.024326032,0.009818533,2.558812512,no,0,no,no,no
11389,Cc1cccc(N2CCN(C(c3ccccc3)c3nnnn3CC3CCCO3)CC2)c1C,0,"Non-corrosive, Non-irritant, Sensitizer",1,non-carcinogen,0,0.039195679,0.019859107,0.009385371,4.65E-06,0.026463563,0.00760804,3.114703938,no,0,no,no,no
1047,C=CCc1cccc(C2Nc3ccccc3C(=O)N2O)c1O,1,"Non-corrosive, Non-irritant, Sensitizer",1,non-carcinogen,0,0.746093333,0.846788168,0.920592666,0.993717372,0.999287069,0.752797604,3.065734369,yes,1,no,no,no
12290,CCCN1C(=O)c2ccccc2NC1c1ccc(OC)cc1OC,0,"Non-corrosive, Non-irritant, Sensitizer",1,non-carcinogen,0,0.415387183,0.169357419,0.089713201,0.057611644,0.092986755,0.387042314,2.628014608,no,0,no,no,no
14241,CCOC(=O)c1c(C)c2c(n1C)CCC/C2=N\O,0,"Non-corrosive, Non-irritant, Sensitizer",1,non-carcinogen,0,0.227064893,0.112203822,0.089029871,0.999084115,0.015413883,0.096061051,2.849221077,no,0,no,no,no
9996,COC(=O)C1CCN(S(=O)(=O)Cc2ccccc2)CC1,0,"Non-corrosive, Non-irritant, Non-sensitizer",0,non-carcinogen,0,0.160857767,0.035288803,0.041007314,9.53E-05,0.048400335,0.001709916,1.898996565,no,0,yes,yes,no
4747,COc1c2occc2c(OC)c2c(=O)cc(C)oc12,1,"Non-corrosive, Non-irritant, Non-sensitizer",0,non-carcinogen,0,0.74616158,0.888945878,0.986731172,0.999953866,0.705551028,0.999617815,2.712941541,yes,1,yes,no,no
15692,O=C(CSc1nnc(-c2ccco2)n1CC1CCCO1)NC1CCCC1,0,"Non-corrosive, Non-irritant, Sensitizer",1,carcinogen,1,0.041610982,0.032087177,0.003485747,1.23E-07,0.017439436,0.003806597,2.832625867,no,0,no,no,no
4412,C=CCn1c(=O)/c(=C/c2ccc(O)cc2)s/c1=C(/C#N)c1nnc2n1CCCCC2,1,"Non-corrosive, Non-irritant, Non-sensitizer",0,non-carcinogen,0,0.570331991,0.61584872,0.941482186,0.99999702,0.020300491,0.216491342,3.05055668,no,0,yes,no,no
12051,Cc1cc(NC(=O)CCC(=O)N(c2ccc(F)cc2)C(C(=O)NC2CCCC2)c2ccncc2)no1,0,"Non-corrosive, Non-irritant, Non-sensitizer",0,non-carcinogen,0,0.111147761,0.096970722,0.033412933,7.32E-07,0.026556997,0.288632303,3.012711861,no,0,yes,no,no
8823,Cc1cc2cc(CN(Cc3cccs3)Cc3nnnn3CC3CCCO3)c(=O)[nH]c2cc1C,0,"Non-corrosive, Non-irritant, Non-sensitizer",0,carcinogen,1,0.043838542,0.020034051,0.021393606,1.94E-07,0.085476115,0.010165167,3.234951809,no,0,no,no,no
9066,Cc1ccc2cc(CN(Cc3cccs3)Cc3nnnn3CC3CCCO3)c(=O)[nH]c2c1,0,"Non-corrosive, Non-irritant, Non-sensitizer",0,carcinogen,1,0.027534798,0.018674579,0.019516552,1.55E-07,0.063027285,0.010648506,3.165359085,no,0,no,no,no
10654,Cc1cc(C)c2cc(CN(Cc3cccs3)Cc3nnnn3CC3CCCO3)c(=O)[nH]c2c1,0,"Non-corrosive, Non-irritant, Non-sensitizer",0,carcinogen,1,0.033411816,0.020034051,0.011734278,3.73E-06,0.085476115,0.009538046,3.236541232,no,0,no,no,no
12562,Cc1ccc2[nH]c(=O)c(CN(Cc3cccs3)Cc3nnnn3CC3CCCO3)cc2c1,0,"Non-corrosive, Non-irritant, Non-sensitizer",0,non-carcinogen,0,0.033746511,0.018674579,0.031675562,5.50E-07,0.063027285,0.028970813,3.164738954,no,0,yes,no,no
13926,O=C(CCc1ccc(-c2cccs2)cc1)N1CCCC1,0,"Non-corrosive, Non-irritant, Sensitizer",1,non-carcinogen,0,0.206052855,0.103616618,0.043983199,0.99874413,0.105957977,2.74E-05,1.814913449,no,0,no,yes,no
15381,CCOC(=O)C1=C(CSc2n[nH]c(N)n2)NC(=O)NC1C,0,"Non-corrosive, Non-irritant, Non-sensitizer",0,non-carcinogen,0,0.18293573,0.034459934,0.013515017,1.24E-05,0.014635447,0.003215726,3.261089132,no,0,yes,no,no
5484,O=C(N[C@H]1CNC1=O)OCCCCCc1ccccc1,1,"Non-corrosive, Irritant, Sensitizer",1,non-carcinogen,0,0.521951675,0.655692697,0.856009424,0.937278926,0.480401695,0.999187887,2.53079632,no,0,no,no,no
15696,O=C(NC(=S)Nc1nc(-c2ccc(Br)cc2)cs1)c1cccnc1,0,"Non-corrosive, Non-irritant, Sensitizer",1,non-carcinogen,0,0.526714563,0.773899138,0.141824901,0.999990344,0.99752754,0.941610336,2.131383306,no,0,no,no,no
1605,CCOC(=O)c1sc(NC(=O)c2cc(-c3ccc(C)cc3)nc3ccccc23)c(C#N)c1C,1,"Non-corrosive, Non-irritant, Non-sensitizer",0,non-carcinogen,0,0.671237886,0.713660836,0.913356721,0.857545137,0.965843439,0.992959023,2.290444023,yes,1,yes,no,no
3532,NC(=O)c1c(NC(=O)c2ccc([N+](=O)[O-])o2)sc2c1CCCC2,1,"Non-corrosive, Non-irritant, Non-sensitizer",0,carcinogen,1,0.870504498,0.985191047,0.926084638,0.999998271,0.999741793,0.530589104,2.436480158,yes,1,no,no,no
8601,Cc1c(NC(=O)c2cc(-c3ccc(F)cc3)nc3ccccc23)c(=O)n(-c2ccccc2)n1C,0,"Non-corrosive, Non-irritant, Non-sensitizer",0,non-carcinogen,0,0.580200016,0.739655256,0.214681447,0.81188488,0.909753084,0.863892257,2.199258333,no,0,yes,no,no
4800,O=C(Nc1ccc(F)cc1F)N1CCN(C/C=C/c2ccccc2)CC1,1,"Non-corrosive, Non-irritant, Sensitizer",1,non-carcinogen,0,0.551117778,0.7100209,0.875950634,0.999998689,0.811861157,0.908975124,2.062211643,yes,1,no,no,no
5938,CN1CCN(c2ccc(Nc3ncc4c(=O)c(C(N)=O)cn(C5CC6CCC5C6)c4n3)cc2)CC1,1,"Non-corrosive, Non-irritant, Sensitizer",1,non-carcinogen,0,0.938231289,0.971619368,0.974436462,0.999999642,0.950101614,0.968473196,4.311263876,yes,1,no,no,no
6312,Cc1cccc(C)c1-n1c(=O)c2cnc(Nc3ccc(OCCN4CCN(C)CC4)c(F)c3)nc2n2c3ccccc3nc12,1,"Non-corrosive, Non-irritant, Non-sensitizer",0,non-carcinogen,0,0.938739598,0.740803659,0.981376588,0.999891222,0.76571101,0.998648703,2.894862263,yes,1,yes,no,no
6379,COc1cc(Nc2ncc3c(=O)n(-c4c(C)cccc4C)c4nc5ccccc5n4c3n2)ccc1OCCN1CCN(C)CC1,1,"Non-corrosive, Non-irritant, Non-sensitizer",0,non-carcinogen,0,0.936681151,0.621011734,0.987312615,0.995414853,0.86090976,0.998102546,2.886030974,yes,1,yes,no,no
6671,COc1cc(Nc2ncc3c(=O)n(-c4c(C)cccc4C)c4nc5ccccc5n4c3n2)cc(OC)c1OCCN1CCN(C)CC1,1,"Non-corrosive, Non-irritant, Non-sensitizer",0,non-carcinogen,0,0.971336305,0.687853754,0.98852545,0.999959707,0.932790697,0.999579549,3.004934494,yes,1,yes,no,no
11485,N#Cc1c(C(F)(F)F)cc(-c2ccco2)nc1SCc1ccncc1,0,"Non-corrosive, Non-irritant, Sensitizer",1,non-carcinogen,0,0.281828821,0.364952654,0.091420777,0.63594687,0.335326105,0.983299494,2.562279622,no,0,no,no,no
10079,COc1ccccc1NC(=O)N1CCCC1C(=O)Nc1ccc2c(c1)OCO2,0,"Non-corrosive, Non-irritant, Sensitizer",1,non-carcinogen,0,0.084674038,0.122528426,0.008361937,8.63E-06,0.069687702,0.001869005,2.47918241,no,0,no,no,no
1604,O=C1/C(=C/c2ccc(N3CCOCC3)o2)SC(=Nc2ccccc2)N1CCc1c[nH]c2ccccc12,1,"Non-corrosive, Non-irritant, Non-sensitizer",0,non-carcinogen,0,0.867744923,0.895838082,0.956622005,0.999997854,0.997211218,0.963990629,2.777471991,yes,1,yes,no,no
491,COc1ccccc1C(=O)NCCC(=O)Nc1nc2ccccc2[nH]1,1,"Non-corrosive, Non-irritant, Non-sensitizer",0,non-carcinogen,0,0.447795272,0.572933018,0.805907726,7.58E-05,0.448532522,0.268324971,1.941399313,no,0,yes,yes,no
1263,COc1ccc(-n2c(C)c3c(OC)cccc(=O)c3c2C)cc1,1,"Non-corrosive, Non-irritant, Non-sensitizer",0,carcinogen,1,0.557544708,0.782528281,0.969342232,0.068045884,0.746293008,0.94663775,2.186130879,no,0,no,no,no
1313,COc1cccc(=O)c2c(C)n(-c3cc(C)cc(C)c3)c(C)c12,1,"Non-corrosive, Non-irritant, Non-sensitizer",0,carcinogen,1,0.589752913,0.778081119,0.954997063,0.206496596,0.656624198,0.985594094,2.375469443,no,0,no,no,no
4965,O=C1CCCCc2cc(Nc3cccc(NC(=O)C4CC4)c3)ccc21,1,"Non-corrosive, Non-irritant, Sensitizer",1,non-carcinogen,0,0.483965784,0.81413126,0.757694304,0.999975264,0.553947747,0.280159473,2.050157005,no,0,no,no,no
4803,COc1ccccc1NC(=O)N1CCN(c2ccccn2)CC1,1,"Non-corrosive, Non-irritant, Non-sensitizer",0,non-carcinogen,0,0.233279094,0.491840899,0.680195749,0.001970963,0.151017666,0.004323477,1.810325307,no,0,yes,yes,no
5702,Fc1cccc(Cl)c1-c1ncc(-c2ccc(C#CC3CC3)nc2)[nH]1,1,"Non-corrosive, Non-irritant, Sensitizer",1,non-carcinogen,0,0.864152014,0.952669442,0.86154598,0.999985218,0.999487936,0.998365164,2.82507762,yes,1,no,no,no
2580,O=C(c1ccc(S(=O)(=O)c2cccc(Cl)c2)c([N+](=O)[O-])c1)N1CCN(Cc2ccccc2)CC1,1,"Non-corrosive, Non-irritant, Non-sensitizer",0,non-carcinogen,0,0.843229175,0.950481117,0.973081529,0.998862803,0.986400485,0.989929974,2.208352246,yes,1,yes,no,no
9159,COC(=O)C1(C)NC(c2cccs2)C2C(=O)N(c3ccccc3F)C(=O)C21,0,"Non-corrosive, Non-irritant, Sensitizer",1,non-carcinogen,0,0.411577612,0.236883089,0.053047054,0.999922931,0.732358873,0.017063973,3.654502276,no,0,no,no,no
11861,CCc1c(C)nc2cc(-c3ccc(OC)c(OC)c3)nn2c1N1CCCC1,0,"Non-corrosive, Non-irritant, Non-sensitizer",0,carcinogen,1,0.252696127,0.182502225,0.056822166,0.000266984,0.199258298,0.121559903,2.399157131,no,0,no,no,no
9382,O=C(CSc1nnc(Cc2ccccc2)n1-c1cccc(Cl)c1)N1CCOCC1,0,"Non-corrosive, Non-irritant, Sensitizer",1,non-carcinogen,0,0.074700274,0.116114713,0.056922864,0.990785956,0.262057155,0.063244589,2.175016415,no,0,no,no,no
13441,Cc1cccc(-n2c(Cc3ccccc3)nnc2SCC(=O)N2CCOCC2)c1,0,"Non-corrosive, Non-irritant, Non-sensitizer",0,non-carcinogen,0,0.070478521,0.04906762,0.052485842,0.000121508,0.156492338,0.070403837,2.16483379,no,0,yes,no,no
142,COC(=O)C1=C(C)N(CCc2ccccc2)C(=O)C1,1,"Non-corrosive, Non-irritant, Sensitizer",1,non-carcinogen,0,0.349312663,0.473967403,0.681931376,2.17E-05,0.006876597,0.000587861,2.229405112,no,0,no,no,no
14920,COC(=O)C1=C(C)N(CCc2ccc(OC)c(OC)c2)C(=O)C1,0,"Non-corrosive, Non-irritant, Sensitizer",1,non-carcinogen,0,0.269368023,0.299456447,0.188978344,0.000369687,0.029087432,0.053070333,2.332489224,no,0,no,no,no
15767,CC(C)(C)c1cc(/C=N/n2cnnc2)cc(C(C)(C)C)c1O,0,"Non-corrosive, Irritant, Sensitizer",1,non-carcinogen,0,0.652235866,0.294059187,0.206532568,0.999998331,0.214545697,0.824371159,2.840489459,no,0,no,no,no
8890,O=C1NCCCc2nonc21,0,"Non-corrosive, Non-irritant, Sensitizer",1,carcinogen,1,0.315957218,0.066885896,0.080996677,0.000314867,0.021615192,0.005733281,3.038219086,no,0,no,no,no
9140,Cc1cc2cc(CN(CCCO)S(=O)(=O)c3cccc4nsnc34)c(=O)[nH]c2cc1C,0,"Non-corrosive, Non-irritant, Non-sensitizer",0,non-carcinogen,0,0.174908742,0.146816537,0.015727134,3.29E-06,0.236431137,0.007505358,2.757676648,no,0,yes,no,no
9492,Cc1ccc2cc(CN(CCCO)S(=O)(=O)c3cccc4nsnc34)c(=O)[nH]c2c1C,0,"Non-corrosive, Non-irritant, Non-sensitizer",0,non-carcinogen,0,0.138213798,0.146816537,0.025481608,1.50E-06,0.236431137,0.011126907,2.782230494,no,0,yes,no,no
10021,CCOC(=O)c1[nH]c2ccc(C)cc2c1NC(=O)CN1CCCCC1,0,"Non-corrosive, Non-irritant, Non-sensitizer",0,non-carcinogen,0,0.135787711,0.341948956,0.20309934,5.62E-06,0.429483175,0.042581562,2.130349828,no,0,yes,no,no
7889,CC12C[C@@H](O)C3C[C@@]1(O[C@@H]1O[C@H](CO)[C@@H](O)[C@H](O)[C@H]1O)C3(COC(=O)c1ccccc1)C(=O)O2,1,"Non-corrosive, Non-irritant, Non-sensitizer",0,non-carcinogen,0,0.967770457,0.992028534,0.975235164,0.999999762,1,0.999919951,5.829838106,yes,1,yes,no,no
1801,CCC1=NNc2cccc3c(OC)ccc1c23,1,"Non-corrosive, Non-irritant, Sensitizer",1,non-carcinogen,0,0.579813659,0.810429215,0.64545393,0.901532769,0.943288207,0.961140931,2.714651197,yes,1,no,no,no
9112,COc1ccc2c3c(cccc13)NN=C2C,0,"Non-corrosive, Irritant, Non-sensitizer",1,non-carcinogen,0,0.542336822,0.83510375,0.4324615,0.374107718,0.945124447,0.998181105,2.559955833,no,0,no,no,no
12275,O=C(CSc1nnnn1C1CCCC1)N1CCN(C(=O)c2ccco2)CC1,0,"Non-corrosive, Non-irritant, Sensitizer",1,carcinogen,1,0.026879096,0.029546807,0.005026372,1.03E-08,0.020400763,0.000284643,2.39724826,no,0,no,no,no
10210,CCCOc1ccc(-c2nnn(CC(=O)c3ccc4c(c3)OCCO4)n2)cc1,0,"Non-corrosive, Non-irritant, Non-sensitizer",0,non-carcinogen,0,0.084071614,0.076855488,0.024104178,2.79E-05,0.05608198,0.005299617,2.281375087,no,0,yes,no,no
12705,CCOc1ccc(-c2nnn(CC(=O)c3ccc4c(c3)OCCO4)n2)cc1,0,"Non-corrosive, Non-irritant, Non-sensitizer",0,non-carcinogen,0,0.055694401,0.041150339,0.026130937,1.68E-06,0.058790445,0.005574454,2.241177568,no,0,yes,no,no
14700,O=C(CCC1CCC(Oc2ccccc2)CC1)N1CCCC1,0,"Non-corrosive, Non-irritant, Sensitizer",1,non-carcinogen,0,0.231309444,0.255462706,0.116552085,4.93E-06,0.322798014,0.015156494,1.972565961,no,0,no,yes,no
2269,Cc1cccc(NC(=O)Nc2ccc(C#N)cc2)n1,1,"Non-corrosive, Non-irritant, Non-sensitizer",0,non-carcinogen,0,0.467076957,0.421767712,0.916967034,0.000311459,0.123572268,0.997815669,1.893197661,no,0,yes,yes,no
4545,O=Cc1cc(Br)c(OC(=O)N2CCOCC2)c(Br)c1,1,"Non-corrosive, Non-irritant, Sensitizer",1,carcinogen,1,0.698841274,0.679630458,0.87214452,0.999884307,0.254649669,0.999997854,2.437810627,no,0,no,no,no
12554,CCOc1cc(C2C(C(=O)c3ccc(C)o3)=C(O)C(=O)N2CCc2ccccc2)ccc1O,0,"Non-corrosive, Non-irritant, Non-sensitizer",0,non-carcinogen,0,0.223317847,0.059674494,0.020392615,5.32E-05,0.093966514,0.045185529,2.844617565,no,0,yes,no,no
8116,CC(C)C[C@H]1C[C@@]2(C[C@H]3C[C@@H](C2)C3(C)C)OC2=C1C(=O)C(C)(C)C(=O)C2(C)C,1,"Non-corrosive, Non-irritant, Non-sensitizer",0,carcinogen,1,0.79675281,0.993390083,0.995744407,0.999999404,1,0.999997735,5.912823877,yes,1,no,no,no
1456,COC(=O)N1[C@H](C)C=C[C@]1(Cc1ccccc1)C(=O)O,1,"Non-corrosive, Non-irritant, Sensitizer",1,non-carcinogen,0,0.526738584,0.636865258,0.896510243,0.980395019,0.351097882,0.298001319,3.640769561,no,0,no,no,no
10616,Cc1ccc(Cn2nnc3c(=O)[nH]c(C4CCN(S(=O)(=O)c5ccccc5)CC4)nc32)cc1,0,"Non-corrosive, Non-irritant, Non-sensitizer",0,non-carcinogen,0,0.073253274,0.018850377,0.027929291,0.000431532,0.035307605,0.004195242,2.52112477,no,0,yes,no,no
12045,Cc1ccc(Cn2nnc3c(=O)[nH]c(C4CCN(S(=O)(=O)c5ccc(C)cc5)CC4)nc32)cc1,0,"Non-corrosive, Non-irritant, Non-sensitizer",0,non-carcinogen,0,0.057918724,0.026751801,0.033488628,4.98E-07,0.037271086,0.006003829,2.555522726,no,0,yes,no,no
394,CC(=O)c1cc(-c2ccccc2)n(CC(=O)NCc2cccs2)c1C,1,"Non-corrosive, Non-irritant, Sensitizer",1,non-carcinogen,0,0.392393202,0.47819066,0.886960506,7.90E-07,0.703035712,0.574339688,2.17298233,no,0,no,no,no
13491,CC(c1ccco1)N(C(=O)COc1ccc(Cl)cc1Cl)c1ccccn1,0,"Non-corrosive, Non-irritant, Non-sensitizer",0,carcinogen,1,0.307148457,0.225405931,0.090272851,0.775948882,0.2388044,0.186480448,2.858919878,no,0,no,no,no
12213,Cc1ccc(-c2nnn(CC(=O)N3CCN(c4nc5ccccc5s4)CC3)n2)cc1,0,"Non-corrosive, Non-irritant, Non-sensitizer",0,carcinogen,1,0.054951403,0.037135687,0.027108092,3.33E-08,0.029950632,0.001068604,2.288124732,no,0,no,no,no
3148,Nc1nc(CCl)nc(Nc2cccc3ccccc23)n1,1,"Non-corrosive, Irritant, Non-sensitizer",1,non-carcinogen,0,0.818332374,0.910091698,0.936072886,0.999790251,0.924188077,0.999777794,2.199726671,yes,1,no,no,no
14972,COc1ccccc1NC(=O)c1nn(-c2ccccc2)ccc1=O,0,"Non-corrosive, Non-irritant, Non-sensitizer",0,non-carcinogen,0,0.280673981,0.389690697,0.053230077,0.002233429,0.246064663,0.001392498,1.912070262,no,0,yes,yes,no
1530,Oc1ccc2c(c1)OCC1(O)Cc3cc(O)c(O)cc3C21,1,"Non-corrosive, Non-irritant, Sensitizer",1,carcinogen,1,0.954465926,0.965677619,0.971011341,0.999999762,0.999999821,0.999004364,3.682550755,yes,1,no,no,no
2172,COC(=O)/C(=C1/Oc2cc(C)oc(=O)c2S1)C(F)(F)F,1,"Non-corrosive, Non-irritant, Sensitizer",1,non-carcinogen,0,0.497525126,0.885760963,0.924834728,0.000469306,0.800430596,0.997138917,3.516336405,no,0,no,no,no
11982,O=C1C2C3C=CC(C3)C2C(=O)N1CN(Cc1ccccc1)CN1C(=O)C2C3C=CC(C3)C2C1=O,0,"Non-corrosive, Non-irritant, Sensitizer",1,non-carcinogen,0,0.190148875,0.227580175,0.132985204,5.04E-05,0.51361984,0.060443316,5.365509408,no,0,no,no,no
13723,CCOC(=O)c1nn(-c2c(C)n(C)n(-c3ccccc3)c2=O)cc1O,0,"Non-corrosive, Non-irritant, Sensitizer",1,non-carcinogen,0,0.410774082,0.175429925,0.061774563,0.991311669,0.120872535,0.432439268,2.553465283,no,0,no,no,no
2328,CC(=O)N(Cc1ccc(F)cc1)C1=C(NCc2ccccc2)C(=O)c2ccccc2C1=O,1,"Non-corrosive, Non-irritant, Non-sensitizer",0,non-carcinogen,0,0.776140988,0.931705534,0.974093497,0.999982595,0.997586846,0.997702658,2.406912038,yes,1,yes,no,no
455,COc1ccc(C(=O)Nc2ccc3ccccc3n2)c(OC)c1OC,1,"Non-corrosive, Non-irritant, Non-sensitizer",0,carcinogen,1,0.699069858,0.489128917,0.85922426,7.46E-05,0.181188419,0.106563225,1.963242352,no,0,no,yes,no
11276,O=C1C(=O)N(CCOCCO)C(c2ccccn2)/C1=C(\O)c1ccccc1,0,"Non-corrosive, Non-irritant, Non-sensitizer",0,non-carcinogen,0,0.209513947,0.096907586,0.045993265,0.997333527,0.152846321,0.038522657,2.737104158,no,0,yes,no,no
12900,COCCn1c(C2CCCCC2)nc2sc3ccccc3c(=O)c2c1=O,0,"Non-corrosive, Non-irritant, Sensitizer",1,non-carcinogen,0,0.227904439,0.233806849,0.035248898,0.005083286,0.408561945,0.008189071,2.477622105,no,0,no,no,no
2964,CCOc1ccccc1C1C2=C(COC2=O)Nc2cc3c(cc21)OCO3,1,"Non-corrosive, Non-irritant, Non-sensitizer",0,non-carcinogen,0,0.65591538,0.609608531,0.942901731,0.011430316,0.061780009,0.642725348,3.087367581,no,0,yes,no,no
3011,O=C1OCC2=C1C(c1ccc(F)cc1)c1cc3c(cc1N2)OCO3,1,"Non-corrosive, Non-irritant, Sensitizer",1,non-carcinogen,0,0.832099676,0.881578028,0.95579493,0.999992192,0.927502871,0.688883245,3.056767743,yes,1,no,no,no
336,O=S(=O)(NCc1cccnc1)c1ccc(Cl)s1,1,"Non-corrosive, Non-irritant, Sensitizer",1,non-carcinogen,0,0.407800883,0.530034781,0.861022294,0.001984109,0.330143929,0.003140256,2.104638697,no,0,no,no,no
9193,CCn1c(COc2ccc(C)cc2)nnc1SCC(=O)Nc1ccc2c(c1)OCCO2,0,"Non-corrosive, Non-irritant, Non-sensitizer",0,non-carcinogen,0,0.052781031,0.032052863,0.013703907,5.67E-06,0.036582615,0.027159598,2.225448319,no,0,yes,no,no
12211,CCn1c(COc2ccccc2C)nnc1SCC(=O)Nc1ccc2c(c1)OCCO2,0,"Non-corrosive, Non-irritant, Sensitizer",1,non-carcinogen,0,0.043760255,0.032052863,0.017535465,4.30E-07,0.036582615,0.028084224,2.25707755,no,0,no,no,no
13456,Cc1cc(-c2nnco2)c(C)n1-c1ccc(F)cc1,0,"Non-corrosive, Non-irritant, Sensitizer",1,carcinogen,1,0.217826217,0.256293595,0.099720024,5.84E-07,0.198894843,0.99913466,2.37331561,no,0,no,no,no
15095,CCOC(=O)C1CCN(C(=O)Nc2cc(-c3ccccc3)n(-c3ccc(S(N)(=O)=O)cc3)n2)CC1,0,"Non-corrosive, Non-irritant, Non-sensitizer",0,non-carcinogen,0,0.172451675,0.269520968,0.095163904,0.838038564,0.317932159,0.385049582,2.426318259,no,0,yes,no,no
4353,Cc1ccc(S(=O)(=O)Oc2ccccc2/C=C2/SC(=O)NC2=O)cc1,1,"Non-corrosive, Non-irritant, Non-sensitizer",0,non-carcinogen,0,0.731937766,0.971898794,0.9675982,0.982713759,0.999995232,0.999988675,2.308947939,yes,1,yes,no,no
85,COc1ccccc1OCC(=O)NCC1CCCCC1,1,"Non-corrosive, Non-irritant, Non-sensitizer",0,non-carcinogen,0,0.231411994,0.413530856,0.512218893,0.000952646,0.286294788,0.000993418,1.709064337,no,0,yes,yes,no
14743,NS(=O)(=O)c1cc(NC(=O)Cc2ccccc2Cl)ccc1Oc1cnc(Cl)nc1,0,"Non-corrosive, Non-irritant, Non-sensitizer",0,non-carcinogen,0,0.795541823,0.825801492,0.514337122,0.999956965,0.973255634,0.915818095,2.385483725,yes,1,yes,no,no
13113,Cc1ccc(SCc2cc(=O)[nH]c(N3CCCCC3)n2)cc1,0,"Non-corrosive, Non-irritant, Sensitizer",1,carcinogen,1,0.131264567,0.03246709,0.081782661,3.72E-06,0.069434173,0.033217434,2.432126963,no,0,no,no,no
11118,O=C(Nc1ccc(N2CCOCC2)c(Cl)c1)c1cccnc1,0,"Non-corrosive, Non-irritant, Sensitizer",1,non-carcinogen,0,0.172940344,0.511292875,0.099334195,0.828446746,0.693479717,0.00038962,1.90276903,no,0,no,yes,no
10213,CC1CCCN(c2ccc(C(=O)NCc3cccs3)cn2)C1,0,"Non-corrosive, Non-irritant, Sensitizer",1,non-carcinogen,0,0.173794314,0.232955962,0.056975707,6.03E-06,0.149209097,0.000538492,2.537825467,no,0,no,no,no
5378,C=C(Cc1ccc(-c2cnc(N)nc2)cc1)c1nc2cc(C#N)ccc2n1Cc1ccccc1Cl,1,"Non-corrosive, Non-irritant, Non-sensitizer",0,non-carcinogen,0,0.867362678,0.800975144,0.956900597,0.999953747,0.940387666,0.994273007,2.765978191,yes,1,yes,no,no
12928,Cn1c(NCCN2CCOCC2)nc2c1c(=O)n(Cc1cccc(Cl)c1)c(=O)n2C,0,"Non-corrosive, Non-irritant, Sensitizer",1,non-carcinogen,0,0.08511848,0.047665704,0.045314979,2.75E-07,0.062780619,0.103506349,2.515806702,no,0,no,no,no
219,Cc1cc(C)nc(SCC(=O)NC2=NC(=O)C(C)S2)n1,1,"Non-corrosive, Non-irritant, Sensitizer",1,non-carcinogen,0,0.21875903,0.409232616,0.853251338,0.002763661,0.066094652,0.195653409,3.084637048,no,0,no,no,no
14327,O=C(NCCCN1CCN(c2ccccc2)CC1)C1CCCN(c2ncnc3c2nc2n3CCCCC2)C1,0,"Non-corrosive, Non-irritant, Non-sensitizer",0,non-carcinogen,0,0.112296067,0.086472884,0.011646521,1.88E-08,0.112002626,0.003983409,3.088593429,no,0,yes,no,no
14591,O=C(NCCCN1CCN(c2ccc(F)cc2)CC1)C1CCCN(c2ncnc3c2nc2n3CCCCC2)C1,0,"Non-corrosive, Non-irritant, Non-sensitizer",0,non-carcinogen,0,0.100377493,0.136508197,0.01263312,4.59E-08,0.07059931,0.007752719,3.144272499,no,0,yes,no,no
45,O=C(Nc1ccc2c(c1)oc1ccccc12)N1CCOCC1,1,"Non-corrosive, Non-irritant, Sensitizer",1,non-carcinogen,0,0.319827795,0.602017224,0.757467568,3.42E-05,0.984544694,0.046550691,1.9831146,no,0,no,yes,no
12631,COC(=O)c1cccc(S(=O)(=O)N(Cc2ccco2)Cc2cc3ccc(OC)cc3[nH]c2=O)c1,0,"Non-corrosive, Non-irritant, Non-sensitizer",0,non-carcinogen,0,0.089506723,0.154537514,0.044555478,9.15E-07,0.096490972,0.029969055,2.430774842,no,0,yes,no,no
13583,CCOC(=O)c1cc(NC(=O)NCc2ccco2)c(C)nc1C,0,"Non-corrosive, Non-irritant, Non-sensitizer",0,non-carcinogen,0,0.175272211,0.210259289,0.044197239,0.000426494,0.043540224,0.072756536,2.247417417,no,0,yes,no,no
6523,Cc1cnc(Nc2ccc(-n3ccnc3)cc2)nc1-c1cc2c(o1)CCN(S(C)(=O)=O)C2,1,"Non-corrosive, Non-irritant, Sensitizer",1,non-carcinogen,0,0.942848921,0.815293431,0.991006196,0.999992192,0.670404851,0.999893546,2.91852395,yes,1,no,no,no
6921,COc1ccc(C2=NN(Cc3ccc(CN4CCC(=O)CC4)cc3)C(=O)[C@@H]3CC=CC[C@H]23)cc1OC,1,"Non-corrosive, Non-irritant, Non-sensitizer",0,non-carcinogen,0,0.943008006,0.954202592,0.992752671,0.999999821,0.968865633,0.999989152,3.415297634,yes,1,yes,no,no
2308,COc1ccc2c(c1)-c1c(ssc1=S)C(C)(C)N2,1,"Non-corrosive, Non-irritant, Non-sensitizer",0,non-carcinogen,0,0.870396912,0.912992418,0.959968388,0.999699414,0.959782481,0.987286329,2.987632657,yes,1,yes,no,no
608,CCSc1ccc(-c2cc(NC=O)c3ncc(-c4cccc(C(=O)N(C)C)c4)n3c2)cc1,1,"Non-corrosive, Non-irritant, Non-sensitizer",0,non-carcinogen,0,0.750267804,0.635026097,0.981666386,0.995011747,0.748437107,0.99693197,2.714740948,yes,1,yes,no,no
609,CN(C)C(=O)c1cccc(-c2cnc3c(NC=O)cc(-c4cccc(C(F)(F)F)c4)cn23)c1,1,"Non-corrosive, Non-irritant, Sensitizer",1,non-carcinogen,0,0.873090506,0.785166621,0.972127318,0.976344287,0.688828647,0.997898638,2.692213788,yes,1,no,no,no
5855,Clc1cnc(Nc2ccc(-c3ccsc3)cn2)nc1Nc1ccccn1,1,"Non-corrosive, Non-irritant, Sensitizer",1,non-carcinogen,0,0.786668181,0.817256451,0.978005707,0.999997437,0.805894434,0.999949932,2.51789902,yes,1,no,no,no
12685,Cc1nc2nc(C)n(-c3ccccc3)c2s1,0,"Non-corrosive, Non-irritant, Sensitizer",1,non-carcinogen,0,0.410558969,0.376367748,0.07775943,0.995522797,0.356110096,0.102127075,2.582600315,no,0,no,no,no
2884,CCOC(=O)N1CCc2c(sc(NC(=O)CN3CCOCC3)c2C(=O)Nc2ccccc2)C1,1,"Non-corrosive, Non-irritant, Sensitizer",1,non-carcinogen,0,0.563940704,0.455071509,0.893949568,0.000159466,0.111919872,0.007604822,2.347629547,no,0,no,no,no
13066,CC1CCCN(c2nc3c(c(=O)n(C)c(=O)n3C)n2CCSc2nc3ccccc3s2)C1,0,"Non-corrosive, Non-irritant, Non-sensitizer",0,non-carcinogen,0,0.13275291,0.039627869,0.008807042,8.00E-07,0.048607282,0.015153313,3.123453993,no,0,yes,no,no
14324,COc1ccc(OC)c(S(=O)(=O)N2CCC(C(=O)NCC3CCCO3)CC2)c1,0,"Non-corrosive, Non-irritant, Non-sensitizer",0,non-carcinogen,0,0.123011895,0.293979555,0.097526044,0.001655379,0.306456029,0.141349256,2.602068941,no,0,yes,no,no
9728,O=C(O)c1cn[nH]c1-n1cnnn1,0,"Non-corrosive, Non-irritant, Non-sensitizer",0,non-carcinogen,0,0.13213782,0.072446562,0.055764712,2.02E-05,0.003164231,0.023789989,2.902687983,no,0,yes,no,no
10603,Cc1ccccc1-c1ccc(Nc2ccc(N3CCOCC3)cc2)nn1,0,"Non-corrosive, Non-irritant, Sensitizer",1,carcinogen,1,0.204325229,0.138206944,0.089155965,0.000183631,0.363780797,0.005384936,2.0802185,no,0,no,no,no
4687,O=C(/C=C/c1ccc(F)cc1)NC(=S)NNC(=O)[C@H]1C[C@@H]1c1ccccc1,1,"Non-corrosive, Non-irritant, Non-sensitizer",0,non-carcinogen,0,0.972904325,0.935298383,0.9856565,0.99999994,0.999440908,0.999999762,2.971039907,yes,1,yes,no,no
9371,CCOC(=O)N1CCN(C(=O)Nc2ccccc2Cl)CC1,0,"Non-corrosive, Non-irritant, Sensitizer",1,non-carcinogen,0,0.330017567,0.302359372,0.158831477,0.012657808,0.970546186,0.001675559,1.796942708,no,0,no,yes,no
2746,COc1ccc(NC(=O)Cn2ncc(Cl)c(Cl)c2=O)cc1S(=O)(=O)N1CCOCC1,1,"Non-corrosive, Non-irritant, Non-sensitizer",0,non-carcinogen,0,0.808330655,0.353819638,0.909691095,0.999748468,0.322592765,0.445859015,2.377022689,no,0,yes,no,no
1576,Cc1ccc(NC(=O)CC2Nc3ccccc3NC2=O)cc1Cl,1,"Non-corrosive, Non-irritant, Non-sensitizer",0,non-carcinogen,0,0.560608625,0.416229397,0.846786022,0.999526262,0.053389821,0.832775176,2.574437637,no,0,yes,no,no
1851,Cc1ccc(NC(=O)c2cc(N3C(=O)C=CC3=O)ccc2Cl)cc1C,1,"Non-corrosive, Non-irritant, Sensitizer",1,carcinogen,1,0.560463548,0.818010628,0.899757147,0.999992013,0.847796917,0.909234524,2.172162273,yes,1,no,no,no
2227,COc1ccc(CCn2c(SCC(=O)Nc3cc(C)on3)nc3ccccc3c2=O)cc1OC,1,"Non-corrosive, Non-irritant, Non-sensitizer",0,carcinogen,1,0.274438113,0.193263441,0.772388875,2.03E-05,0.164421737,0.015935626,2.300546517,no,0,no,no,no
3975,Cc1ccc(C)c(-n2c3nc(=O)[nH]c(=O)c-3cc3cc([N+](=O)[O-])ccc32)c1,1,"Non-corrosive, Non-irritant, Non-sensitizer",0,non-carcinogen,0,0.870395839,0.878932357,0.974794745,0.999998808,0.741944909,0.998231649,2.564197962,yes,1,yes,no,no
4044,Cc1ccc(-n2c3nc(=O)[nH]c(=O)c-3cc3cc([N+](=O)[O-])ccc32)cc1,1,"Non-corrosive, Non-irritant, Non-sensitizer",0,non-carcinogen,0,0.869785249,0.869024575,0.955826759,0.999995291,0.774688542,0.995643079,2.442163736,yes,1,yes,no,no
1259,O=C(/C=C/Nc1cccc(C(F)(F)F)c1)c1ccc(Oc2ncccn2)cc1,1,"Non-corrosive, Non-irritant, Non-sensitizer",0,non-carcinogen,0,0.894429922,0.875231028,0.947672546,0.99979502,0.971567273,0.999438107,2.402653506,yes,1,yes,no,no
10279,Cc1ccc(C2C(C#N)=C(N)Oc3cc4c(cc32)OCO4)cc1,0,"Non-corrosive, Non-irritant, Sensitizer",1,non-carcinogen,0,0.318736017,0.146465346,0.126582474,3.49E-07,0.051057063,0.070048019,2.851167319,no,0,no,no,no
9268,CCN(C(=O)CSc1nnc(Cn2nnc3ccccc32)o1)c1nc(-c2ccccc2)cs1,0,"Non-corrosive, Non-irritant, Non-sensitizer",0,carcinogen,1,0.069403335,0.105184838,0.067754894,7.39E-08,0.07315506,0.093612418,2.634932401,no,0,no,no,no
3284,O=C(C#Cc1ccccc1)Nc1cccc(F)c1,1,"Non-corrosive, Non-irritant, Sensitizer",1,non-carcinogen,0,0.556206822,0.744232774,0.665720284,0.988559544,0.807745397,0.000252326,1.99516868,no,0,no,yes,no
7165,O=C1CCC23Oc4ccc(O)c5c4[C@](Oc4cccc1c42)(O3)[C@@H]1O[C@@H]1[C@@H]5O,1,"Non-corrosive, Non-irritant, Non-sensitizer",0,non-carcinogen,0,0.980785429,0.984184742,0.990536273,0.99999994,1,0.999553382,6.144594245,yes,1,yes,no,no
7402,CO[C@@H]1CC(=O)c2cccc3c2[C@@]12Oc1ccc(O)c4c1[C@](O3)(O2)[C@@H]1O[C@@H]1[C@@H]4O,1,"Non-corrosive, Non-irritant, Non-sensitizer",0,non-carcinogen,0,0.970488429,0.995246112,0.990971565,0.999999702,1,0.998940468,6.287607443,yes,1,yes,no,no
3450,COc1cccc(N=Nc2ccc(O)c3ncccc23)c1,1,"Non-corrosive, Non-irritant, Sensitizer",1,carcinogen,1,0.860690773,0.855291188,0.95888263,0.999995291,0.795282304,0.999874055,2.355486243,yes,1,no,no,no
847,NS(=O)(=O)c1ccc(NC(=O)C2CCn3c(C(=O)c4ccccc4)ccc32)cc1,1,"Non-corrosive, Non-irritant, Sensitizer",1,non-carcinogen,0,0.623163402,0.726749778,0.957637012,0.999999821,0.32667017,0.763458073,2.770767242,no,0,no,no,no
2656,COc1ccc(CNC(=O)c2c(C)oc3c2C(=O)c2ccccc2C3=O)cc1,1,"Non-corrosive, Non-irritant, Non-sensitizer",0,non-carcinogen,0,0.91430217,0.367154121,0.968520284,0.999996066,0.052019596,0.97901684,2.240414945,no,0,yes,no,no
8006,C[C@@H]1CC=C2[C@@H](CC[C@H](O)C2(C)C)[C@H]1COc1ccc2ccc(=O)oc2c1,1,"Non-corrosive, Non-irritant, Non-sensitizer",0,non-carcinogen,0,0.975042462,0.988836884,0.992893159,0.999999762,0.999999344,0.999998987,4.035542527,yes,1,yes,no,no
9174,CC(=O)Nc1cccc(NC(=O)C2CCCN2C(=O)Nc2ccccc2C)c1,0,"Non-corrosive, Non-irritant, Sensitizer",1,non-carcinogen,0,0.093694218,0.095938995,0.0116594,6.57E-08,0.051012218,0.000148615,2.359121521,no,0,no,no,no
9344,COc1cccc(NC(=O)C2CCCN2C(=O)Nc2cccc(F)c2)c1,0,"Non-corrosive, Non-irritant, Non-sensitizer",0,non-carcinogen,0,0.085560046,0.133058771,0.012950354,0.00090894,0.011142107,0.0002672,2.308892644,no,0,yes,no,no
10272,CC(=O)Nc1cccc(NC(=O)C2CCCN2C(=O)Nc2cccc(F)c2)c1,0,"Non-corrosive, Non-irritant, Sensitizer",1,non-carcinogen,0,0.090519071,0.079369269,0.010660016,1.38E-05,0.003922171,0.000293295,2.401641482,no,0,no,no,no
10564,COc1ccc(NC(=O)N2CCCC2C(=O)Nc2ccc(C)c(Cl)c2)cc1,0,"Non-corrosive, Non-irritant, Sensitizer",1,non-carcinogen,0,0.155236796,0.207299903,0.035730019,0.000108424,0.126342639,0.000697063,2.318454741,no,0,no,no,no
10764,COc1cccc(NC(=O)C2CCCN2C(=O)Nc2ccccc2F)c1,0,"Non-corrosive, Non-irritant, Non-sensitizer",0,non-carcinogen,0,0.086411312,0.140771747,0.014371093,0.000803981,0.026866101,0.000347086,2.298657716,no,0,yes,no,no
11795,CC(=O)Nc1cccc(NC(=O)C2CCCN2C(=O)Nc2cccc(C)c2)c1,0,"Non-corrosive, Non-irritant, Sensitizer",1,non-carcinogen,0,0.083540037,0.074308433,0.013779861,2.66E-06,0.02372071,0.000210508,2.380186954,no,0,no,no,no
15465,NS(=O)(=O)c1ccc(N2N=C(c3ccc(Br)cc3)CC2c2ccc(F)cc2)cc1,0,"Non-corrosive, Non-irritant, Non-sensitizer",0,non-carcinogen,0,0.493824005,0.293495536,0.219088972,0.965121567,0.981214345,0.103377722,2.651492758,no,0,yes,no,no
9296,Cc1cc(NC(=O)CCCC(=O)Nc2ccc(F)cc2)no1,0,"Non-corrosive, Non-irritant, Non-sensitizer",0,carcinogen,1,0.120253913,0.100671627,0.047598638,0.004037142,0.046626691,5.83E-05,1.899922613,no,0,no,yes,no
6283,CCCCCCCCc1ccc(OCC(=O)Cn2ncc3ccc(C(=O)O)cc32)cc1,1,"Non-corrosive, Non-irritant, Non-sensitizer",0,non-carcinogen,0,0.746394932,0.684262931,0.922087014,0.948375285,0.265333205,0.007409899,2.330869823,no,0,yes,no,no
6714,CCCCCCCCc1ccc(OCC(=O)Cn2ncc3cc(C(=O)O)ccc32)cc1,1,"Non-corrosive, Non-irritant, Non-sensitizer",0,non-carcinogen,0,0.735392511,0.684262931,0.870694518,0.975302935,0.265333205,0.023445167,2.317533954,no,0,yes,no,no
11496,COc1ccccc1OCc1nnc(SCC(=O)N2CCCCC2)n1-c1ccccc1,0,"Non-corrosive, Non-irritant, Sensitizer",1,non-carcinogen,0,0.055176485,0.074338727,0.065375783,0.006294583,0.106627688,0.005651175,2.10755121,no,0,no,no,no
15372,Cc1nc2cc(-c3ccccc3)nn2c(C)c1CCC(=O)N1CCC2(CC1)OCCO2,0,"Non-corrosive, Non-irritant, Non-sensitizer",0,non-carcinogen,0,0.228149965,0.120523676,0.14075473,1.13E-06,0.269731551,0.087663479,3.06207139,no,0,yes,no,no
9275,Cc1cc(C)c2c(N)c(S(=O)(=O)Cc3ccccc3)sc2n1,0,"Non-corrosive, Non-irritant, Sensitizer",1,carcinogen,1,0.364975214,0.584832072,0.11389365,0.99996376,0.976659477,0.945228159,2.428867619,no,0,no,no,no
15647,Cc1cc(C)nc(NC(=O)CSc2nnnn2-c2ccccc2)n1,0,"Non-corrosive, Non-irritant, Sensitizer",1,carcinogen,1,0.170875475,0.080048397,0.02901697,0.009067599,0.078237958,0.001269157,2.170355212,no,0,no,no,no
2526,CCCCNC(=O)c1ccc(Cn2c(=S)[nH]c3c([nH]c4ccc(OC)cc43)c2=O)cc1,1,"Non-corrosive, Non-irritant, Non-sensitizer",0,non-carcinogen,0,0.869040966,0.759666741,0.936452568,0.998243093,0.688112438,0.988324165,2.390781151,yes,1,yes,no,no
5336,NS(=O)(=O)c1ccc(CN2C(=O)c3cc(Cl)c(Cl)cc3C2=O)cc1,1,"Non-corrosive, Non-irritant, Sensitizer",1,non-carcinogen,0,0.592775583,0.408931583,0.717839658,0.093973607,0.509436369,0.357041419,2.063221916,no,0,no,no,no
5864,NS(=O)(=O)c1ccc(CN2C(=O)c3ccc([N+](=O)[O-])cc3C2=O)cc1,1,"Non-corrosive, Non-irritant, Non-sensitizer",0,non-carcinogen,0,0.751509309,0.690790057,0.76860255,0.999985516,0.89342916,0.063687749,2.06006187,no,0,yes,no,no
13904,NS(=O)(=O)c1ccc(CN2C(=O)c3c(Cl)c(Cl)c(Cl)c(Cl)c3C2=O)cc1,0,"Non-corrosive, Irritant, Non-sensitizer",1,non-carcinogen,0,0.404785961,0.408931583,0.232647002,0.997216105,0.509436369,0.978600264,2.423045543,no,0,no,no,no
13953,CC(C)(C)c1ccc2c(c1)C(=O)N(Cc1ccc(S(N)(=O)=O)cc1)C2=O,0,"Non-corrosive, Non-irritant, Non-sensitizer",0,non-carcinogen,0,0.323140979,0.177047253,0.090808414,0.998714387,0.107944988,0.013191842,2.07802883,no,0,yes,no,no
13954,Cc1ccc2c(c1)C(=O)N(Cc1ccc(S(N)(=O)=O)cc1)C2=O,0,"Non-corrosive, Non-irritant, Non-sensitizer",0,non-carcinogen,0,0.258431673,0.115050547,0.080875494,0.055624798,0.215897277,0.131339356,1.902073839,no,0,yes,yes,no
14002,NS(=O)(=O)c1ccc(CN2C(=O)c3ccccc3C2=O)cc1,0,"Non-corrosive, Non-irritant, Sensitizer",1,non-carcinogen,0,0.329308718,0.109759413,0.125892818,0.911509156,0.195694536,0.13692072,1.784678717,no,0,no,yes,no
42,CC1Cc2ccccc2N1C(=O)CSc1nnc2n1C(C)(C)Cc1ccccc1-2,1,"Non-corrosive, Non-irritant, Non-sensitizer",0,carcinogen,1,0.319033116,0.067306362,0.574463606,3.58E-07,0.009186169,0.047042169,3.082700337,no,0,no,no,no
8952,CC1(C)Cc2ccccc2-c2nnc(SCC(=O)N3CCc4ccccc43)n21,0,"Non-corrosive, Non-irritant, Sensitizer",1,carcinogen,1,0.089624539,0.077389278,0.233561292,5.01E-07,0.036191564,0.027642054,2.571617801,no,0,no,no,no
11400,CCN(CC)S(=O)(=O)c1ccc(NC(=O)Cn2c(=O)oc3ccccc32)cc1,0,"Non-corrosive, Non-irritant, Non-sensitizer",0,non-carcinogen,0,0.102923565,0.228207424,0.043012504,0.000100131,0.35090521,0.410723716,2.121925888,no,0,yes,no,no
8055,CC1(C)C=Cc2c(O)cc(-c3cc4ccc(O)cc4o3)cc2O1,1,"Non-corrosive, Non-irritant, Non-sensitizer",0,non-carcinogen,0,0.965286076,0.995112479,0.992595136,0.999999881,0.999999225,0.999788821,2.822853619,yes,1,yes,no,no
10200,O=C(NCc1ccco1)C(c1cccnc1)N(C(=O)Cn1nnc2ccccc21)c1ccccc1,0,"Non-corrosive, Non-irritant, Non-sensitizer",0,non-carcinogen,0,0.043023538,0.095313273,0.007704144,9.19E-05,0.028174605,0.007307305,2.915313325,no,0,yes,no,no
10955,Cc1ccc(N(C(=O)Cn2nnc3ccccc32)C(C(=O)NCc2ccco2)c2cccnc2)cc1,0,"Non-corrosive, Non-irritant, Non-sensitizer",0,non-carcinogen,0,0.029202122,0.079585195,0.009963381,3.93E-08,0.020107016,0.007661345,2.959954686,no,0,yes,no,no
15823,COc1ccc(N(C(=O)Cn2nnc3ccccc32)C(C(=O)NCc2ccco2)c2cccnc2)cc1,0,"Non-corrosive, Non-irritant, Non-sensitizer",0,non-carcinogen,0,0.040444393,0.114463963,0.008170572,6.07E-07,0.022736609,0.008638027,2.970473092,no,0,yes,no,no
15316,CCOC(=O)c1ccc(NC(=O)c2ccc(CO)c(C(=O)NC3CCN(C(=O)OCC)CC3)c2)cc1,0,"Non-corrosive, Non-irritant, Non-sensitizer",0,non-carcinogen,0,0.265078783,0.401748151,0.120404288,0.001649345,0.165290415,0.089913711,2.301525731,no,0,yes,no,no
11920,CC(C)N(C(=O)CSc1nnc(-c2cc3ccccc3cc2O)n1Cc1ccco1)C(C)C,0,"Non-corrosive, Non-irritant, Non-sensitizer",0,non-carcinogen,0,0.088317968,0.043213334,0.046738617,1.10E-06,0.029621281,0.095349066,2.640078763,no,0,yes,no,no
2084,COC/C=C/C1=CC2=CC(=O)C(C)(OC(=O)c3cnc4ccccc4n3)C(=O)C2=CN1c1ccc(CO)cc1,1,"Non-corrosive, Non-irritant, Non-sensitizer",0,non-carcinogen,0,0.945490062,0.862659574,0.937099695,0.999999881,0.170857042,0.952178895,3.96552088,no,0,yes,no,no
7110,COC(=O)C[C@H]1[C@]2(C)C3=C(C)[C@H](C4=CCOC4=O)C[C@H]3O[C@@H]2[C@@H]2OC[C@]3(C)[C@H](O)C[C@H](OC(=O)c4ccccc4)[C@@]1(C)[C@@H]23,1,"Non-corrosive, Non-irritant, Non-sensitizer",0,non-carcinogen,0,0.937362492,0.996748686,0.998425007,0.999975324,0.999997437,0.999996722,5.397054809,yes,1,yes,no,no
10345,O=C(Nc1ccccc1)N(CCCN1CCOCC1)Cc1cc2cc3c(cc2[nH]c1=O)OCCO3,0,"Non-corrosive, Non-irritant, Sensitizer",1,carcinogen,1,0.186248928,0.146743342,0.018898103,4.04E-06,0.083089039,0.002180965,2.531784414,no,0,no,no,no
1615,Cc1cc2nc(-c3ccc(SCC(=O)Nc4ccc5c(c4)OCCO5)nc3)[nH]c2cc1C,1,"Non-corrosive, Non-irritant, Non-sensitizer",0,carcinogen,1,0.57811141,0.533700526,0.889719784,0.999965191,0.249408647,0.159038037,2.490175638,no,0,no,no,no
12167,O=c1oc2ccccc2c(N2CCCCC2)c1CN1CCCCC1,0,"Non-corrosive, Non-irritant, Sensitizer",1,non-carcinogen,0,0.200401887,0.246405184,0.049641691,0.000255872,0.249373049,0.001935697,2.216725328,no,0,no,no,no
8128,COC(=O)C[C@H](OC(=O)/C=C/c1ccc(O)c(O)c1)c1ccc(O)c(O)c1,1,"Non-corrosive, Non-irritant, Non-sensitizer",0,non-carcinogen,0,0.985255241,0.993341625,0.99324894,0.999999762,0.999191523,0.999997318,3.011106372,yes,1,yes,no,no
8101,CC(=O)c1c(O)cc2c(c1O)C(c1ccccc1)C1=C(O2)C(C)(C)C(=O)C(C)(C)C1=O,1,"Non-corrosive, Non-irritant, Non-sensitizer",0,non-carcinogen,0,0.836376667,0.996675968,0.986670315,0.9997859,1,0.999542296,3.622508721,yes,1,yes,no,no
8103,CCCC(=O)c1c(O)cc2c(c1O)C(c1ccccc1)C1=C(O2)C(C)(C)C(=O)C(C)(C)C1=O,1,"Non-corrosive, Non-irritant, Non-sensitizer",0,non-carcinogen,0,0.83924365,0.994630456,0.987318575,0.995701194,0.999999762,0.999536991,3.663365551,yes,1,yes,no,no
1705,COc1ccc(C=C2CCc3ccccc3C2=O)cc1,1,"Non-corrosive, Non-irritant, Non-sensitizer",0,non-carcinogen,0,0.795878828,0.952119708,0.96598959,0.992684066,0.99450326,0.99993521,1.907014204,yes,1,yes,yes,yes
14227,CCOC(OCC)c1ccc(/C=C2\CCc3ccccc3C2=O)cc1,0,"Non-corrosive, Non-irritant, Sensitizer",1,non-carcinogen,0,0.499752879,0.364590317,0.17551817,0.001968967,0.280915767,0.862836719,2.438658928,no,0,no,no,no
3074,O=C1CN(C(=O)Cn2ncc(Cl)c(Cl)c2=O)c2ccccc2N1,1,"Non-corrosive, Non-irritant, Non-sensitizer",0,non-carcinogen,0,0.703092158,0.606571376,0.942842782,0.210483909,0.674633384,0.971368313,2.457881119,no,0,yes,no,no
604,NC(c1csc(NC(=O)Nc2cccc(C(F)(F)F)c2)n1)C1CCCCC1,1,"Non-corrosive, Non-irritant, Non-sensitizer",0,non-carcinogen,0,0.685515642,0.886443853,0.944561899,0.998399496,0.813380778,0.993239999,2.903114053,yes,1,yes,no,no
12698,O=c1/c(=C\c2ccc3c(c2)OCO3)sc2n1CCCN=2,0,"Non-corrosive, Irritant, Sensitizer",1,carcinogen,1,0.456824601,0.453926355,0.086676314,0.006879267,0.813843906,0.350237191,2.655377334,no,0,no,no,no
9820,CCOC(=O)c1ccccc1NC(=O)CSc1nnnn1C1CCCCC1,0,"Non-corrosive, Non-irritant, Sensitizer",1,non-carcinogen,0,0.047343284,0.05370931,0.006877147,1.95E-06,0.018697338,0.000154732,2.169796376,no,0,no,no,no
645,N#C[C@H]1[C@H](c2ccc(C#Cc3ccc(F)cc3)cc2)[C@@H](CO)N1C(=O)C1CCC1,1,"Non-corrosive, Non-irritant, Non-sensitizer",0,non-carcinogen,0,0.94078362,0.993028462,0.996805429,0.999930024,0.99999547,0.999971807,3.532715341,yes,1,yes,no,no
646,N#C[C@@H]1[C@H](c2ccc(C#Cc3ccc(F)cc3)cc2)[C@@H](CO)N1C(=O)C1CCC1,1,"Non-corrosive, Non-irritant, Non-sensitizer",0,non-carcinogen,0,0.94078362,0.993028462,0.996805429,0.999930024,0.99999547,0.999971807,3.532715341,yes,1,yes,no,no
655,N#C[C@H]1[C@H](c2ccc(C#Cc3ccccc3F)cc2)[C@@H](CO)N1C(=O)C1CCC1,1,"Non-corrosive, Non-irritant, Non-sensitizer",0,non-carcinogen,0,0.958863318,0.993327379,0.996723711,0.999913275,0.999992967,0.999925256,3.585602583,yes,1,yes,no,no
656,N#C[C@@H]1[C@H](c2ccc(C#Cc3ccccc3F)cc2)[C@@H](CO)N1C(=O)C1CCC1,1,"Non-corrosive, Non-irritant, Sensitizer",1,non-carcinogen,0,0.958863318,0.993327379,0.996723711,0.999913275,0.999992967,0.999925256,3.585602583,yes,1,no,no,no
659,N#C[C@H]1[C@H](c2ccc(C#Cc3cccc(F)c3)cc2)[C@@H](CO)N1C(=O)C1CCC1,1,"Non-corrosive, Non-irritant, Non-sensitizer",0,non-carcinogen,0,0.937883973,0.993028462,0.997300327,0.999278069,0.99999547,0.999981761,3.588343108,yes,1,yes,no,no
660,N#C[C@@H]1[C@H](c2ccc(C#Cc3cccc(F)c3)cc2)[C@@H](CO)N1C(=O)C1CCC1,1,"Non-corrosive, Non-irritant, Sensitizer",1,non-carcinogen,0,0.937883973,0.993028462,0.997300327,0.999278069,0.99999547,0.999981761,3.588343108,yes,1,no,no,no
11082,COc1ccc(Cl)cc1NC(=O)CSc1nncn1-c1cccnc1,0,"Non-corrosive, Non-irritant, Non-sensitizer",0,non-carcinogen,0,0.140353456,0.454813242,0.043118887,0.007826386,0.260342032,0.025807949,2.185603159,no,0,yes,no,no
9851,CCOc1ccc2nc(NC(=O)C3CCN(c4cnccn4)CC3)sc2c1,0,"Non-corrosive, Non-irritant, Non-sensitizer",0,non-carcinogen,0,0.267812103,0.36378935,0.093376018,7.47E-05,0.506902456,0.8427037,2.272964131,no,0,yes,no,no
7604,COc1ccc(/C=C/C(=O)O[C@H](Cc2c(OC)ccc3ccc(=O)oc23)C(C)(C)O)c2c1C(=O)C(C)(C)O2,1,"Non-corrosive, Non-irritant, Non-sensitizer",0,non-carcinogen,0,0.972482979,0.995952487,0.98098284,0.999999821,0.999968827,0.999837339,3.728613298,yes,1,yes,no,no
1997,O=C(Nc1c[nH]c(=O)[nH]c1=O)c1ccc2c(c1)C(=O)N(c1cccc([N+](=O)[O-])c1)C2=O,1,"Non-corrosive, Non-irritant, Non-sensitizer",0,non-carcinogen,0,0.886218071,0.96172148,0.857913256,0.999133468,0.995456755,0.163328946,2.472374187,no,0,yes,no,no
10066,CCOc1ccc2c(c1)c1nnc(SCC(=O)N3CCC(C)CC3)nc1n2C,0,"Non-corrosive, Non-irritant, Sensitizer",1,carcinogen,1,0.106350973,0.069281481,0.039095789,0.036368296,0.069007859,0.0658141,2.498416968,no,0,no,no,no
11461,CCOc1ccc2c(c1)c1nnc(SCC(=O)N3CCCCC3C)nc1n2C,0,"Non-corrosive, Non-irritant, Sensitizer",1,non-carcinogen,0,0.132092819,0.06844712,0.048298128,0.000740147,0.067402236,0.121427901,2.968203116,no,0,no,no,no
9895,Cc1ccc(NCc2nnc(SCC(=O)Nc3ccccc3)n2CC2CCCO2)c(C)c1,0,"Non-corrosive, Non-irritant, Sensitizer",1,non-carcinogen,0,0.054158643,0.080327295,0.007657544,4.92E-07,0.104723647,0.001600007,2.724063821,no,0,no,no,no
5682,Cc1nc(-c2ccc3c(c2)nc(C(C)c2ccc(CC(C)C)cc2)n3Cc2ccccc2Cl)no1,1,"Non-corrosive, Non-irritant, Non-sensitizer",0,non-carcinogen,0,0.917370856,0.819671631,0.976311982,0.999999285,0.932976246,0.99969846,2.949446057,yes,1,yes,no,no
5898,Cc1ccccc1-c1ccc2nc(N)ncc2c1,1,"Non-corrosive, Irritant, Sensitizer",1,carcinogen,1,0.81353569,0.835655808,0.968840301,0.999930739,0.966769516,0.997106075,1.922963651,yes,1,no,yes,no
4815,O=C(NCCC1=CCCCC1)C1CCN(c2nnc(-n3cccc3)s2)CC1,1,"Non-corrosive, Non-irritant, Non-sensitizer",0,carcinogen,1,0.372926027,0.377798527,0.866563618,7.60E-05,0.506490171,0.878130138,2.685844039,no,0,no,no,no
4266,Cc1cc(C2=NNC(=NCCc3ccccc3)SC2)c(C)n1CC1CCCO1,1,"Non-corrosive, Non-irritant, Non-sensitizer",0,non-carcinogen,0,0.796605051,0.765472531,0.917482913,0.203586772,0.976494014,0.991095245,3.519632567,no,0,yes,no,no
13111,CCCC(=O)Nc1ccc2c(c1)nc1n2CCOC1,0,"Non-corrosive, Non-irritant, Sensitizer",1,non-carcinogen,0,0.107463636,0.069103695,0.030783387,1.52E-06,0.030445961,0.003734322,2.332541811,no,0,no,no,no
76,CC1CCN(c2oc(-c3cccc4ccccc34)nc2C#N)CC1,1,"Non-corrosive, Non-irritant, Non-sensitizer",0,non-carcinogen,0,0.732622445,0.734620154,0.925045013,0.999771178,0.471682459,0.914179206,2.306318079,no,0,yes,no,no
15689,O=C(NCc1ccco1)c1nc2ccccc2s1,0,"Non-corrosive, Non-irritant, Sensitizer",1,non-carcinogen,0,0.289818078,0.181328908,0.113421246,0.992541671,0.009309678,0.085817195,2.024849388,no,0,no,no,no
1831,Cc1ccc(NC(=O)CN2C(=O)N/C(=C/c3cccn3-c3ccc(C(=O)O)cc3)C2=O)cc1,1,"Non-corrosive, Non-irritant, Non-sensitizer",0,non-carcinogen,0,0.703646958,0.623835266,0.920366347,0.999996781,0.88063997,0.874862075,2.42350705,yes,1,yes,no,no
9763,COc1ccc(N2CCN(C(=O)Cn3nnc(-c4ccc(OC)c(OC)c4)n3)CC2)cc1,0,"Non-corrosive, Non-irritant, Non-sensitizer",0,non-carcinogen,0,0.05787256,0.021571878,0.00618333,1.52E-06,0.014270467,0.001188717,2.202536324,no,0,yes,no,no
1863,COc1cccc2c(=O)c3cccc(N)c3[nH]c12,1,"Non-corrosive, Non-irritant, Non-sensitizer",0,carcinogen,1,0.696497977,0.868251204,0.943850815,0.999996781,0.925491035,0.999462068,2.189424476,yes,1,no,no,no
6649,COc1cccc(-c2ccc(C(=O)N3CCC34CN(C#N)C4)cc2)c1,1,"Non-corrosive, Non-irritant, Sensitizer",1,non-carcinogen,0,0.886296272,0.98615706,0.951093674,0.999989271,0.998747408,0.987383902,3.038137406,yes,1,no,no,no
983,Cc1cc(C)c(C#N)c(=N)o1,1,"Non-corrosive, Non-irritant, Sensitizer",1,non-carcinogen,0,0.523275733,0.645964265,0.839899778,0.402598232,0.001117159,0.187005013,2.995732432,no,0,no,no,no
13575,O=C(c1cc(=O)c2ccccc2o1)N1CCCc2ccccc21,0,"Non-corrosive, Non-irritant, Sensitizer",1,non-carcinogen,0,0.288763434,0.157325178,0.051774781,1.96E-05,0.332388639,0.081021063,2.061385008,no,0,no,no,no
14014,O=C(COc1ncnc2ccccc12)c1ccc2c(c1)OCCO2,0,"Non-corrosive, Non-irritant, Sensitizer",1,non-carcinogen,0,0.39248997,0.204001084,0.108044043,0.999913335,0.011581964,0.12200205,2.16418795,no,0,no,no,no
9269,CCCn1c2c(c(O)c(C(=O)Nc3ccccc3)c1=O)CCCC2,0,"Non-corrosive, Non-irritant, Non-sensitizer",0,non-carcinogen,0,0.185932264,0.17884852,0.036048416,0.067256436,0.125428826,0.037018497,2.192977827,no,0,yes,no,no
10461,CNC(=O)c1ccccc1NC(=O)c1c(O)c2c([nH]c1=O)CCCC2,0,"Non-corrosive, Non-irritant, Sensitizer",1,non-carcinogen,0,0.268069118,0.518973172,0.076731957,0.000362764,0.730268896,0.381554753,2.3178075,no,0,no,no,no
8575,COc1ccc(-c2ccc3c(c2)S(=O)(=O)c2cccc(C(=O)NC4CCCCC4)c2C3=O)cc1OC,0,"Non-corrosive, Non-irritant, Non-sensitizer",0,non-carcinogen,0,0.325723112,0.532536447,0.07480868,1.27E-06,0.92958039,0.104084551,2.566073852,no,0,yes,no,no
156,COc1ccc2nc(C)c3cc(C)oc3c2c1,1,"Non-corrosive, Non-irritant, Non-sensitizer",0,carcinogen,1,0.508813262,0.73135078,0.831572592,3.28E-05,0.341418922,0.027036531,2.215338697,no,0,no,no,no
1382,COc1ccc(C(CC(=O)NCc2ccccc2)Sc2n[nH]c(-c3ccccc3)n2)cc1,1,"Non-corrosive, Non-irritant, Non-sensitizer",0,non-carcinogen,0,0.372387052,0.603963614,0.836495519,3.13E-06,0.42958492,0.010076741,2.698820296,no,0,yes,no,no
12024,CCc1ccccc1N(CC(=O)NCc1ccco1)C(=O)c1snc(C(N)=O)c1N,0,"Non-corrosive, Non-irritant, Non-sensitizer",0,non-carcinogen,0,0.100088783,0.216341987,0.057029698,2.78E-06,0.149428666,0.007950324,2.669599307,no,0,yes,no,no
3591,COc1cc(/C=N\NC(=O)c2ccc(-c3ccccc3)cc2)cc(Br)c1O,1,"Non-corrosive, Non-irritant, Non-sensitizer",0,non-carcinogen,0,0.966429055,0.983321667,0.992025793,0.999999464,0.972360671,0.999999285,1.991040847,yes,1,yes,yes,yes
10989,CC1=CC(=O)NP(=O)(Oc2ccc3ccccc3c2)N1,0,"Non-corrosive, Non-irritant, Sensitizer",1,non-carcinogen,0,0.489064187,0.167951733,0.123373583,0.554616213,0.038775835,0.122018397,3.555168664,no,0,no,no,no
13774,CCOC(=O)c1cc(-c2ccccc2)sc1NC(=O)CSc1nnnn1C,0,"Non-corrosive, Non-irritant, Sensitizer",1,carcinogen,1,0.11802993,0.058827832,0.046584178,0.000977638,0.050088633,0.050568148,2.292324164,no,0,no,no,no
3407,CCN1C(=O)/C(=C\c2cccc(OC)c2Oc2ccc([N+](=O)[O-])cc2[N+](=O)[O-])SC1=S,1,"Non-corrosive, Non-irritant, Non-sensitizer",0,non-carcinogen,0,0.940705299,0.953303993,0.990040243,0.999044538,0.848870814,0.998961926,2.583229676,yes,1,yes,no,no
12560,Cn1c(CN2CCOCC2)nnc1SCC(=O)NCCc1ccccc1,0,"Non-corrosive, Non-irritant, Sensitizer",1,non-carcinogen,0,0.037968546,0.03300368,0.017695788,5.54E-07,0.102409787,0.001522722,2.115520987,no,0,no,no,no
7650,Cn1ccc2c3n(c(=O)c(=O)cc1-3)c1ccccc21,1,"Non-corrosive, Non-irritant, Sensitizer",1,non-carcinogen,0,0.77250886,0.744517684,0.952832103,0.999942839,0.918484032,0.999948025,2.690846379,yes,1,no,no,no
8780,Fc1ccc2nc(-c3ccccc3)nc(SCc3nnc(-c4ccccc4)o3)c2c1,0,"Non-corrosive, Non-irritant, Non-sensitizer",0,non-carcinogen,0,0.156440571,0.188998818,0.076981924,0.999965131,0.136455595,0.92292434,2.244503938,no,0,yes,no,no
11160,Cc1c(C(=O)Nc2ccc(N3CCOCC3)cc2)oc2ccccc12,0,"Non-corrosive, Non-irritant, Sensitizer",1,non-carcinogen,0,0.248097822,0.364816666,0.072831325,0.000161245,0.394458234,0.003575828,1.957122048,no,0,no,yes,no
2596,Fc1cccc(Cl)c1/C=N/Nc1c(Cl)cncc1Cl,1,"Non-corrosive, Irritant, Sensitizer",1,non-carcinogen,0,0.884470582,0.943247437,0.963186502,0.99959594,0.921281099,0.999999225,2.466077681,yes,1,no,no,no
9404,CN(C(=O)C1CCOC1)c1nnc(-c2ccncc2)s1,0,"Non-corrosive, Non-irritant, Sensitizer",1,non-carcinogen,0,0.12043868,0.054147609,0.012574613,0.000291277,0.076002583,0.002864569,3.07496449,no,0,no,no,no
31,C=CCN1C(=O)C2C(C(=O)NC3CCCCC3)C3C=CC2(O3)C1C(=O)NC1CCCC1,1,"Non-corrosive, Non-irritant, Sensitizer",1,non-carcinogen,0,0.30058524,0.320333302,0.40175429,7.87E-05,0.022768568,0.056901049,5.118553666,no,0,no,no,no
10742,CC(C)N1C(=O)C2C(C(=O)NC3CCCCC3)C3C=CC2(O3)C1C(=O)NC1CCCC1,0,"Non-corrosive, Non-irritant, Non-sensitizer",0,non-carcinogen,0,0.171285227,0.187258244,0.09996511,6.31E-06,0.06038915,0.040624738,5.098939684,no,0,yes,no,no
6462,CC(C)c1cc(C(=O)N2Cc3ccc(CN4CCN(C)CC4)cc3C2)c(O)cc1O,1,"Non-corrosive, Non-irritant, Non-sensitizer",0,non-carcinogen,0,0.712443173,0.718235195,0.869906902,0.289489359,0.890733957,0.008761768,2.480429527,no,0,yes,no,no
4070,COC(=O)c1c(NC(=O)CN2C(=O)NC3(CCc4ccccc4C3)C2=O)sc2c1CCCCC2,1,"Non-corrosive, Non-irritant, Non-sensitizer",0,non-carcinogen,0,0.561157763,0.644640267,0.922464192,0.022681378,0.066584982,0.105611086,3.47444227,no,0,yes,no,no
13854,Nc1nc(NC(=O)c2cccc(S(=O)(=O)N3CCCCCC3)c2)nc(-c2ccccc2)n1,0,"Non-corrosive, Non-irritant, Non-sensitizer",0,non-carcinogen,0,0.213922784,0.176379025,0.069673881,0.999622643,0.086994059,0.003892108,2.206858732,no,0,yes,no,no
10306,CCc1nnc(NC(=O)CSc2nnc(-c3ccc(OC)cc3)n2C)s1,0,"Non-corrosive, Non-irritant, Non-sensitizer",0,carcinogen,1,0.084612854,0.048682723,0.006721203,3.52E-07,0.028952694,0.009365923,2.220072941,no,0,no,no,no
11157,COc1cc(OC)cc(-c2nnc(SCC(=O)N3CCCc4ccccc43)o2)c1,0,"Non-corrosive, Non-irritant, Sensitizer",1,non-carcinogen,0,0.090201035,0.219495013,0.04892645,0.000515696,0.243224159,0.031344466,2.332028658,no,0,no,no,no
12656,N#Cc1c(NC(=O)CSc2ncc(-c3ccccc3)n2CC2CCCO2)sc2c1CCCC2,0,"Non-corrosive, Non-irritant, Non-sensitizer",0,non-carcinogen,0,0.1740558,0.244230881,0.083888739,0.011862512,0.08408349,0.014647205,3.051020881,no,0,yes,no,no
4404,CCN(c1nc(N)c(C(=O)N=C(N)N)nc1Cl)C(C)C,1,"Non-corrosive, Non-irritant, Sensitizer",1,non-carcinogen,0,0.525387824,0.76578027,0.973562419,0.004037765,0.269468606,0.999659657,3.049374967,no,0,no,no,no
9080,Clc1cccc(Nc2c3c(nc4ncnn24)CCC3)c1,0,"Non-corrosive, Non-irritant, Sensitizer",1,non-carcinogen,0,0.204576522,0.179957792,0.012302833,0.00229638,0.02746241,0.008470341,2.484595587,no,0,no,no,no
11878,Brc1ccc(Nc2c3c(nc4ncnn24)CCC3)cc1,0,"Non-corrosive, Non-irritant, Sensitizer",1,non-carcinogen,0,0.269641042,0.154689282,0.005560844,0.007784538,0.020389002,0.005885121,2.486289981,no,0,no,no,no
12048,Clc1ccccc1Nc1c2c(nc3ncnn13)CCC2,0,"Non-corrosive, Non-irritant, Sensitizer",1,non-carcinogen,0,0.276753515,0.252237856,0.011093938,0.000216981,0.064885728,0.004941888,2.474555952,no,0,no,no,no
868,CC(C(=O)NCCc1ccc(S(N)(=O)=O)cc1)c1ccc(-c2ccccc2)c(F)c1,1,"Non-corrosive, Non-irritant, Non-sensitizer",0,non-carcinogen,0,0.921743095,0.950576007,0.97542429,0.999997973,0.992260039,0.998168051,2.505169961,yes,1,yes,no,no
3184,COc1ccc2[nH]c3c4c(ccc3c2c1)C(=O)C=CC4=O,1,"Non-corrosive, Non-irritant, Non-sensitizer",0,carcinogen,1,0.929301322,0.965680957,0.96819979,0.999988794,0.989103258,0.999924302,2.427325159,yes,1,no,no,no
3059,O=C(Nc1ccc(S(=O)(=O)N2CCOCC2)cc1)c1ccc([N+](=O)[O-])o1,1,"Non-corrosive, Non-irritant, Non-sensitizer",0,carcinogen,1,0.921803296,0.943677545,0.97841996,0.999999285,0.994086564,0.98141259,2.179101987,yes,1,no,no,no
12148,CC1CN(S(=O)(=O)c2ccc(NC(=O)c3ccco3)cc2)CC(C)O1,0,"Non-corrosive, Non-irritant, Sensitizer",1,non-carcinogen,0,0.148539037,0.353747964,0.04310016,0.001268269,0.248679534,0.006134722,2.807777149,no,0,no,no,no
12344,Cc1cccc(CCN(Cc2cc3cccc(C)c3[nH]c2=O)C(=O)N2CCOCC2)c1,0,"Non-corrosive, Non-irritant, Non-sensitizer",0,non-carcinogen,0,0.092779748,0.078032821,0.019800553,5.15E-06,0.030018978,0.001626844,2.437421422,no,0,yes,no,no
15251,CCOc1ccccc1N1C(=O)NC(=O)C(CCc2ccncc2)(CCc2ccncc2)C1=O,0,"Non-corrosive, Non-irritant, Non-sensitizer",0,non-carcinogen,0,0.204513803,0.253522187,0.040034678,0.00046522,0.089521818,0.034379944,2.729574342,no,0,yes,no,no
2770,CC1CN(S(=O)(=O)c2ccc(C(=O)Nc3nc(-c4cc5ccccc5o4)cs3)cc2)CC(C)O1,1,"Non-corrosive, Non-irritant, Non-sensitizer",0,non-carcinogen,0,0.788510025,0.7785272,0.928982079,0.984918177,0.972644329,0.998977363,3.133937405,yes,1,yes,no,no
5839,COc1ccc(C(=O)Cc2c(Cl)cncc2Cl)c(OC)c1OC,1,"Non-corrosive, Non-irritant, Non-sensitizer",0,non-carcinogen,0,0.730162442,0.931069374,0.91214776,0.960913181,0.932224929,0.813977599,2.32315296,yes,1,yes,no,no
5937,CCOc1c(OC)ccc(C(=O)Cc2c(Cl)cncc2Cl)c1OC,1,"Non-corrosive, Non-irritant, Sensitizer",1,non-carcinogen,0,0.741449296,0.849486351,0.858570158,0.434238017,0.952301443,0.885890722,2.388981056,no,0,no,no,no
6345,COc1ccc(C(=O)Cc2c(Cl)cncc2Cl)c(OCC(N)=O)c1OC,1,"Non-corrosive, Non-irritant, Sensitizer",1,non-carcinogen,0,0.771378577,0.849881709,0.938140452,0.994515657,0.882662952,0.913739264,2.485426889,yes,1,no,no,no
6395,COc1ccc(C(=O)Cc2c(Cl)cncc2Cl)c(OCC(=O)NCCO)c1OC,1,"Non-corrosive, Non-irritant, Non-sensitizer",0,non-carcinogen,0,0.83616823,0.82450825,0.953938961,0.99988389,0.264615506,0.821726084,2.528272422,no,0,yes,no,no
6466,COc1ccc(C(=O)Cc2c(Cl)cncc2Cl)cc1OC,1,"Non-corrosive, Non-irritant, Non-sensitizer",0,non-carcinogen,0,0.665063381,0.948723972,0.952958524,0.998404264,0.90634495,0.99921,2.085296671,yes,1,yes,no,no
6467,COCCNC(=O)COc1c(C(=O)Cc2c(Cl)cncc2Cl)ccc(OC)c1OC,1,"Non-corrosive, Non-irritant, Sensitizer",1,non-carcinogen,0,0.836397529,0.627779305,0.9604972,0.999652028,0.085762352,0.866339207,2.513866062,no,0,no,no,no
6711,CCCNC(=O)COc1c(C(=O)Cc2c(Cl)cncc2Cl)ccc(OC)c1OC,1,"Non-corrosive, Non-irritant, Sensitizer",1,non-carcinogen,0,0.790415168,0.715100944,0.941552341,0.999697387,0.126892358,0.649949431,2.469050691,no,0,no,no,no
14576,COc1ccc(C(=O)Cc2c(Cl)cncc2Cl)c(OCC(=O)O)c1OC,0,"Non-corrosive, Non-irritant, Sensitizer",1,non-carcinogen,0,0.682129741,0.695215642,0.530832648,0.999192774,0.951116145,0.8845976,2.449417138,yes,1,no,no,no
13142,CC(C)N=C1SCC(C)(/C=N/O)S1,0,"Corrosive, Irritant, Sensitizer",1,carcinogen,1,0.726897061,0.11400564,0.112380326,0.99999547,0.016142122,0.820358515,4.743603041,no,0,no,no,no
11712,CC1CCCCC1NC(=O)Cn1c(CN2CCCCC2)nc2ccccc2c1=O,0,"Non-corrosive, Non-irritant, Sensitizer",1,non-carcinogen,0,0.083680764,0.067190081,0.017913518,3.72E-06,0.046366241,0.036433753,2.904926219,no,0,no,no,no
11309,O=C(CN1C(=O)c2cccc3cccc1c23)N1CCN(c2ccccc2)CC1,0,"Non-corrosive, Non-irritant, Sensitizer",1,non-carcinogen,0,0.28218618,0.271279663,0.152454078,0.997671604,0.480198652,0.101367615,2.021204168,no,0,no,no,no
9154,Cc1nn(-c2ccccc2)c2nc(=O)n(-c3ccccc3)cc12,0,"Non-corrosive, Non-irritant, Sensitizer",1,non-carcinogen,0,0.26779145,0.369067907,0.054088488,0.995949864,0.254855514,0.020857478,2.192853206,no,0,no,no,no
14266,COc1cc(OC)c2c(=O)cc(-c3cc(C)c(OC[C@H](O)CN4CCN(C)CC4)c(C)c3)oc2c1,0,"Non-corrosive, Non-irritant, Non-sensitizer",0,non-carcinogen,0,0.231090873,0.271562904,0.229628786,0.008029035,0.718538165,0.999985278,3.084811482,no,0,yes,no,no
9178,CNC(=O)CSc1nnnn1CCCOC,0,"Non-corrosive, Non-irritant, Sensitizer",1,non-carcinogen,0,0.029600104,0.02346706,0.009277743,5.10E-07,0.038869634,7.56E-06,2.32252386,no,0,no,no,no
9610,Cn1nnnc1SCC(=O)NC(C)(C)C,0,"Non-corrosive, Non-irritant, Sensitizer",1,non-carcinogen,0,0.074238367,0.033213049,0.011375054,2.49E-06,0.005700523,4.77E-06,2.285303503,no,0,no,no,no
7884,CO[C@@H]1C=C[C@@]23c4cc5c(cc4C(=O)N(CCCC(=O)O)[C@@H]2CN(C)[C@H]3C1)OCO5,1,"Non-corrosive, Non-irritant, Non-sensitizer",0,non-carcinogen,0,0.774408937,0.849502146,0.974238992,1.81E-07,0.526248634,0.998092532,4.857950413,no,0,yes,no,no
14678,Cc1ccc(-c2c(C)noc2C)cc1S(=O)(=O)NCCCc1ccccc1,0,"Non-corrosive, Non-irritant, Sensitizer",1,non-carcinogen,0,0.160943031,0.231709123,0.136912659,0.000140616,0.27776444,0.114165254,2.171071913,no,0,no,no,no
918,O=C(Oc1nsnc1N1CCOCC1)N1CCOCC1,1,"Non-corrosive, Non-irritant, Sensitizer",1,non-carcinogen,0,0.314590126,0.413055539,0.713649213,5.82E-07,0.062321458,0.000840795,2.666027138,no,0,no,no,no
9976,CCNS(=O)(=O)c1ccc(S(=O)(=O)N(Cc2ccccn2)C2CCCCC2)cc1,0,"Non-corrosive, Non-irritant, Sensitizer",1,non-carcinogen,0,0.219119772,0.108673438,0.034154661,0.018145248,0.273593873,0.001057568,2.316514452,no,0,no,no,no
9223,CCCC(=O)Nc1ccc(NC(=O)c2ccccn2)cn1,0,"Non-corrosive, Non-irritant, Sensitizer",1,non-carcinogen,0,0.158210456,0.104815349,0.022075644,0.001696102,0.071116909,0.000314362,1.929105928,no,0,no,yes,no
12519,CC(C)C(=O)Nc1ccc(NC(=O)c2ccccn2)cn1,0,"Non-corrosive, Non-irritant, Sensitizer",1,non-carcinogen,0,0.149881452,0.187490135,0.021860015,0.000186553,0.056809634,0.00029672,1.957663699,no,0,no,yes,no
13279,Cc1ccc(NC2=NC(c3ccc(O)cc3)n3c(nc(C)cc3=O)N2)cc1,0,"Non-corrosive, Non-irritant, Sensitizer",1,non-carcinogen,0,0.304850101,0.500579,0.048135035,0.000245124,0.94230026,0.575053513,3.216688174,no,0,no,no,no
13317,Cc1ccc(NC2=NC(c3ccc(C)cc3)n3c(nc(C)cc3=O)N2)cc1,0,"Non-corrosive, Non-irritant, Sensitizer",1,non-carcinogen,0,0.199306116,0.387102813,0.036654502,4.05E-06,0.701976299,0.633197725,3.139910351,no,0,no,no,no
3266,c1ccc2c(-c3cncc4ccccc34)cncc2c1,1,"Non-corrosive, Irritant, Sensitizer",1,non-carcinogen,0,0.696045756,0.915056527,0.933481872,0.998779774,0.996230602,0.999740362,1.995206592,yes,1,no,yes,no
9212,Cn1c(-c2ccc(F)cc2)cnc1NCc1ccccc1,0,"Non-corrosive, Non-irritant, Sensitizer",1,non-carcinogen,0,0.303983241,0.304381311,0.048805322,0.001667908,0.058593724,0.001814352,1.950567958,no,0,no,yes,no
68,O=C1c2ccccc2CN1CCNS(=O)(=O)c1ccc(Cl)cc1,1,"Non-corrosive, Non-irritant, Sensitizer",1,non-carcinogen,0,0.668295145,0.446568161,0.693172753,0.950565577,0.474141777,0.037566684,2.022903797,no,0,no,no,no
528,CC12C(=O)OC(=O)C1(C)C1CCC2O1,1,"Non-corrosive, Non-irritant, Sensitizer",1,non-carcinogen,0,0.691011488,0.828772783,0.920983136,0.000348693,0.015646851,0.996562541,5.210823948,no,0,no,no,no
3758,C[C@@]12C(=O)OC(=O)[C@]1(C)C1CCC2O1,1,"Non-corrosive, Non-irritant, Non-sensitizer",0,non-carcinogen,0,0.691011488,0.828772783,0.920983136,0.000348693,0.015646851,0.996562541,5.210823948,no,0,yes,no,no
15691,CC(=O)Nc1ccc(NC(=O)CN(c2ccc(F)cc2)S(=O)(=O)c2ccc3c(c2)OCCO3)cc1,0,"Non-corrosive, Non-irritant, Non-sensitizer",0,non-carcinogen,0,0.14364323,0.281194776,0.18703936,0.999906898,0.854866922,0.216338247,2.254335042,no,0,yes,no,no
11923,CC(C)(C)n1nnnc1CN1C2CCC1CC(NC(=O)Nc1ccccc1)C2,0,"Non-corrosive, Non-irritant, Sensitizer",1,non-carcinogen,0,0.054321084,0.17161949,0.006218752,8.73E-07,0.037319232,4.90E-05,3.957228712,no,0,no,no,no
10590,COc1ccc(C(c2nnnn2Cc2cccs2)N2CCC(C(N)=O)CC2)c(OC)c1,0,"Non-corrosive, Non-irritant, Non-sensitizer",0,non-carcinogen,0,0.077390194,0.075505927,0.009926694,7.07E-07,0.064929768,0.004884773,2.961415418,no,0,yes,no,no
720,O=C(C1CC1)N1C[C@@H]2N[C@H](C1)C2c1ccc(-c2ccncc2)cc1,1,"Non-corrosive, Non-irritant, Non-sensitizer",0,non-carcinogen,0,0.732817829,0.982617199,0.982174039,0.999931216,0.999985397,0.948569655,4.019094969,yes,1,yes,no,no
12482,COCCn1nnnc1C(c1cc2ccc(C)cc2[nH]c1=O)N(Cc1ccco1)Cc1cccs1,0,"Non-corrosive, Non-irritant, Non-sensitizer",0,non-carcinogen,0,0.016147818,0.040094104,0.012409869,1.75E-07,0.064741872,0.032800127,3.296695867,no,0,yes,no,no
9361,c1ccc(-c2nc3ccccc3c3nncn23)cc1,0,"Non-corrosive, Non-irritant, Sensitizer",1,non-carcinogen,0,0.272366762,0.576482415,0.056334063,0.999266744,0.472940356,0.552346945,2.010017365,no,0,no,no,no
10289,c1ccc2c(c1)[nH]c1c(N3CCCCC3)ncnc12,0,"Non-corrosive, Non-irritant, Non-sensitizer",0,non-carcinogen,0,0.256312311,0.304516464,0.294683903,0.158278719,0.431420147,0.977833509,2.134037607,no,0,yes,no,no
8456,CCCCn1c(N)c(N(CC(C)C)C(=O)c2cccc(-n3cnnn3)c2)c(=O)[nH]c1=O,0,"Non-corrosive, Non-irritant, Non-sensitizer",0,non-carcinogen,0,0.140696034,0.13866131,0.025022594,5.09E-05,0.113586895,0.105986565,2.673708534,no,0,yes,no,no
8647,CCCCN(C(=O)c1cccc(-n2cnnn2)c1)c1c(N)n(CCCC)c(=O)[nH]c1=O,0,"Non-corrosive, Non-irritant, Non-sensitizer",0,non-carcinogen,0,0.129798874,0.176110134,0.025979955,4.47E-05,0.366621435,0.061577559,2.620265507,no,0,yes,no,no
3928,CN1/C(=C\C=Nc2ccc3ccccc3c2)C(C)(C)c2ccccc21,1,"Non-corrosive, Irritant, Sensitizer",1,carcinogen,1,0.770279706,0.800936162,0.947946608,0.004939314,0.511568487,0.997221053,2.484528159,no,0,no,no,no
10301,Cc1cc(NS(=O)(=O)c2ccc(NC(=O)c3ccco3)cc2)no1,0,"Non-corrosive, Non-irritant, Non-sensitizer",0,non-carcinogen,0,0.081744216,0.112870015,0.017150598,0.050492015,0.035260428,0.001545464,2.098437103,no,0,yes,no,no
6010,COc1cccc(OC)c1-c1ccc(COC2CN(C#N)C2)cc1,1,"Non-corrosive, Non-irritant, Non-sensitizer",0,non-carcinogen,0,0.886075914,0.995388746,0.994763494,0.999993742,0.999991775,0.999999106,2.380876243,yes,1,yes,no,no
6810,COc1cccc(-c2ccc(COC3CN(C#N)C3)c(OC)c2)c1,1,"Non-corrosive, Non-irritant, Sensitizer",1,non-carcinogen,0,0.932276189,0.994137406,0.986946523,0.999995172,0.999998868,0.999964356,2.428926469,yes,1,no,no,no
6811,N#CN1CC(OCc2ccc(-c3ccccc3)cc2)C1,1,"Non-corrosive, Non-irritant, Sensitizer",1,non-carcinogen,0,0.85134846,0.995252252,0.989201546,0.999998927,0.999999344,0.999993622,2.163466459,yes,1,no,no,no
6856,COc1cccc(-c2ccc(COC3(C)CN(C#N)C3)cc2)c1,1,"Non-corrosive, Non-irritant, Sensitizer",1,non-carcinogen,0,0.90935123,0.99295491,0.979711235,0.999816358,1,0.999986649,2.530721075,yes,1,no,no,no
6869,N#CN1CC(OCc2ccc(-c3ccc(C(F)(F)F)cc3)cc2)C1,1,"Non-corrosive, Non-irritant, Sensitizer",1,non-carcinogen,0,0.902505755,0.994558632,0.989335477,0.999989331,0.99999994,0.999985635,2.365861736,yes,1,no,no,no
6918,COc1ccc(-c2ccc(COC3CN(C#N)C3)cc2)cc1,1,"Non-corrosive, Non-irritant, Non-sensitizer",0,non-carcinogen,0,0.864567578,0.99461031,0.993396878,0.999999523,0.999999702,0.99999851,2.197431049,yes,1,yes,no,no
6924,COc1cccc(-c2ccc(COC3CN(C#N)C3)cc2)c1,1,"Non-corrosive, Non-irritant, Non-sensitizer",0,non-carcinogen,0,0.938106358,0.99461031,0.989594221,0.999999106,0.999999702,0.999991,2.252417863,yes,1,yes,no,no
6926,COc1cccc(-c2ccc(COC3CN(C#N)C3)cc2)c1OC,1,"Non-corrosive, Non-irritant, Non-sensitizer",0,non-carcinogen,0,0.90698421,0.994777322,0.991870403,0.999973655,0.999997914,0.999981046,2.375417193,yes,1,yes,no,no
6929,COc1cccc(-c2ccc(COC3CN(C#N)C3)c(C(F)(F)F)c2)c1,1,"Non-corrosive, Non-irritant, Non-sensitizer",0,non-carcinogen,0,0.967776,0.996955991,0.979739845,0.999999106,0.999998987,0.998810053,2.601706413,yes,1,yes,no,no
6946,N#CN1CC(OCc2ccc(-c3ccc(F)cc3)cc2)C1,1,"Non-corrosive, Non-irritant, Sensitizer",1,non-carcinogen,0,0.867149293,0.99211818,0.987115502,0.99999094,0.999999583,0.999993742,2.234275159,yes,1,no,no,no
6980,COc1cccc(-c2ccc(COC3CN(C#N)C3)c(F)c2)c1,1,"Non-corrosive, Non-irritant, Non-sensitizer",0,non-carcinogen,0,0.970336974,0.995270431,0.962385595,0.999999523,0.999994457,0.999832153,2.444538353,yes,1,yes,no,no
6982,Cc1ccc(-c2ccc(COC3CN(C#N)C3)cc2)cc1,1,"Non-corrosive, Non-irritant, Non-sensitizer",0,non-carcinogen,0,0.851097524,0.994759262,0.989201546,0.999975979,0.999998927,0.999993622,2.212035928,yes,1,yes,no,no
3991,C=CCN1C(=O)/C(=C\C=C2\N(C)c3ccccc3C2(C)C)SC1=S,1,"Non-corrosive, Irritant, Sensitizer",1,non-carcinogen,0,0.613663077,0.818013251,0.978869259,0.999831676,0.004695334,0.999942422,2.772901335,no,0,no,no,no
4184,CN1/C(=C\C=C2/SC(=S)NC2=O)C(C)(C)c2ccccc21,1,"Non-corrosive, Irritant, Sensitizer",1,non-carcinogen,0,0.797695279,0.837877452,0.981851578,0.999922514,0.053980257,0.999904037,2.80353248,no,0,no,no,no
3961,O=C1NN(c2ccccc2)C(=O)/C1=C/c1cccs1,1,"Non-corrosive, Non-irritant, Sensitizer",1,non-carcinogen,0,0.783676505,0.853516996,0.992108285,0.999222457,0.486133367,0.999697685,2.255441391,no,0,no,no,no
4124,O=C1NN(c2ccc(F)cc2)C(=O)/C1=C/c1cccs1,1,"Non-corrosive, Non-irritant, Sensitizer",1,non-carcinogen,0,0.807684064,0.913596094,0.991266191,0.999991655,0.99592489,0.99966979,2.324250208,yes,1,no,no,no
4176,Cc1ccsc1/C=C1/C(=O)NN(c2ccccc2)C1=O,1,"Non-corrosive, Non-irritant, Sensitizer",1,non-carcinogen,0,0.88572216,0.873185813,0.990764856,0.99962914,0.81463474,0.999805868,2.378893933,yes,1,no,no,no
4243,O=C1NN(c2cccc(Br)c2)C(=O)/C1=C/c1cccs1,1,"Non-corrosive, Non-irritant, Sensitizer",1,non-carcinogen,0,0.857451022,0.966106057,0.989917815,0.999992371,0.998732507,0.999967754,2.451498791,yes,1,no,no,no
7670,COc1c2c(cc3oc(=O)c(-c4ccc(O)cc4)c(O)c13)OC(C)(C)C=C2,1,"Non-corrosive, Non-irritant, Non-sensitizer",0,non-carcinogen,0,0.966308951,0.994609356,0.989003599,0.999999881,0.999826014,0.999077678,2.925141346,yes,1,yes,no,no
3597,O=C(NCCCSc1ccccc1)c1cc(Br)ccc1O,1,"Non-corrosive, Non-irritant, Sensitizer",1,non-carcinogen,0,0.722926259,0.88741678,0.965983808,0.993484259,0.95155102,0.999699831,1.921550544,yes,1,no,yes,no
3599,O=C(NCCCSc1ccccc1)c1cc(Cl)ccc1O,1,"Non-corrosive, Non-irritant, Sensitizer",1,non-carcinogen,0,0.640157342,0.708090067,0.892173886,0.037415247,0.647122085,0.986081779,1.863948236,no,0,no,yes,no
4073,Cc1ccc(S(=O)(=O)NNC(=O)NC23CC4CC(CC(C4)C2)C3)cc1,1,"Non-corrosive, Non-irritant, Non-sensitizer",0,non-carcinogen,0,0.721255541,0.861778796,0.807728767,0.999234796,0.26268667,0.009187502,3.559278176,no,0,yes,no,no
9606,Cc1occc1-c1nnc(SCC(=O)NCCc2ccccc2)n1Cc1ccccc1,0,"Non-corrosive, Non-irritant, Non-sensitizer",0,carcinogen,1,0.094742216,0.073942617,0.006680775,1.73E-07,0.089537039,0.005640084,2.159816637,no,0,no,no,no
9724,COc1cc(NC(=O)C2COc3ccccc3O2)c(OC)cc1Cl,0,"Non-corrosive, Non-irritant, Non-sensitizer",0,non-carcinogen,0,0.389379919,0.298745573,0.045629583,0.98296541,0.273256481,0.015864758,2.518711441,no,0,yes,no,no
15201,CCOC(=O)c1ccccc1NC(=O)C1COc2ccccc2O1,0,"Non-corrosive, Non-irritant, Non-sensitizer",0,non-carcinogen,0,0.171028599,0.077592313,0.054915536,9.45E-05,0.075082906,0.002926043,2.381913801,no,0,yes,no,no
9907,O=C(CCCC(=O)N(CC(=O)NC1CCCC1)Cc1ccc(F)cc1)Nc1ccccn1,0,"Non-corrosive, Non-irritant, Sensitizer",1,non-carcinogen,0,0.073239885,0.062579714,0.056990143,2.54E-05,0.008605603,0.000708665,2.254680639,no,0,no,no,no
10950,COc1cc(OC)cc(C(=O)N2CCN(C(=O)COc3ccc4ccccc4c3)CC2)c1,0,"Non-corrosive, Non-irritant, Non-sensitizer",0,non-carcinogen,0,0.39405635,0.30942288,0.130892962,0.999931633,0.460391968,0.192733675,2.054826458,no,0,yes,no,no
9648,CCn1nnc(-c2ccccc2NC(=O)c2cc(OC)cc(OC)c2)n1,0,"Non-corrosive, Non-irritant, Non-sensitizer",0,non-carcinogen,0,0.107479319,0.070931926,0.060361274,0.005356869,0.038519427,0.00903595,2.183537805,no,0,yes,no,no
10445,CCn1nnc(-c2ccccc2NC(=O)c2cc(OC)c(OC)c(OC)c2)n1,0,"Non-corrosive, Non-irritant, Non-sensitizer",0,non-carcinogen,0,0.086972989,0.086836696,0.050511241,2.35E-06,0.027482245,0.022687342,2.222534127,no,0,yes,no,no
9482,CCC/C(O)=C1\C(=O)CC(C)(C)CC1=Nc1ccc(OC)cc1OC,0,"Non-corrosive, Non-irritant, Sensitizer",1,non-carcinogen,0,0.48815313,0.284474701,0.1589555,0.993290365,0.18508406,0.999987185,2.849321146,no,0,no,no,no
2490,CC1=CC(C)(C)Nc2ccc(OC(=O)CN3C(=O)c4ccccc4C3=O)cc21,1,"Non-corrosive, Non-irritant, Sensitizer",1,non-carcinogen,0,0.611844301,0.592455983,0.883142054,4.48E-05,0.329262227,0.046987657,2.501365533,no,0,no,no,no
9196,CCOC(=O)C1C2C=CC3(CN(c4ccccc4CC)C(=O)C13)O2,0,"Non-corrosive, Non-irritant, Non-sensitizer",0,non-carcinogen,0,0.19735305,0.347236812,0.09979488,7.55E-07,0.263781995,0.045621149,4.740043908,no,0,yes,no,no
12248,CCCc1nnc(NC(=O)C2CCCO2)s1,0,"Non-corrosive, Non-irritant, Non-sensitizer",0,carcinogen,1,0.093054347,0.106733486,0.068144254,0.00040636,0.02086754,0.800719023,2.77277663,no,0,no,no,no
8825,CC1Cc2ccccc2N1C(=O)CSc1ncccc1C(=O)O,0,"Non-corrosive, Non-irritant, Sensitizer",1,non-carcinogen,0,0.267737776,0.308990747,0.115741156,0.001311833,0.549229145,0.009579299,2.617134915,no,0,no,no,no
12817,Cc1cnc(Nc2nc3ccccc3o2)nc1C(=O)Nc1cccc(C(F)(F)F)c1,0,"Non-corrosive, Non-irritant, Non-sensitizer",0,non-carcinogen,0,0.560465038,0.448011279,0.118241847,0.999626875,0.908085704,0.997265518,2.481363987,no,0,yes,no,no
7228,O=C1/C(=C/c2ccc(O)c(O)c2)Oc2cc(O)ccc21,1,"Non-corrosive, Irritant, Sensitizer",1,carcinogen,1,0.973464131,0.988972008,0.988316238,0.999999702,0.99999845,0.999967813,2.352022938,yes,1,no,no,no
4206,CCCCOc1ccc2c(c1)/C(=C(\C(Cl)=C(Cl)Cl)[N+](=O)[O-])N2,1,"Non-corrosive, Irritant, Non-sensitizer",1,non-carcinogen,0,0.923745453,0.974617958,0.954706609,0.999994338,0.999005079,0.999894083,3.068571049,yes,1,no,no,no
4029,CCOC(=O)Cc1csc(N/C(=N/S(=O)(=O)c2ccc(F)cc2F)c2ccccc2)n1,1,"Non-corrosive, Non-irritant, Non-sensitizer",0,non-carcinogen,0,0.7836833,0.760375738,0.923624218,0.999990106,0.957714081,0.815169334,2.581423067,yes,1,yes,no,no
636,N#C[C@@H]1[C@H](c2ccc(C#CC3CCCC3)cc2)[C@@H](CO)N1C(=O)Nc1ccc(F)cc1,1,"Non-corrosive, Non-irritant, Sensitizer",1,non-carcinogen,0,0.964316189,0.996011972,0.996371865,0.999999702,0.999999642,0.999987185,3.665550986,yes,1,no,no,no
12558,O=C(O)C1CC(c2ccccc2F)=NO1,0,"Non-corrosive, Non-irritant, Sensitizer",1,non-carcinogen,0,0.461678058,0.146372512,0.105182014,0.001786629,0.006780108,0.999859631,2.716371355,no,0,no,no,no
9209,Cc1cccc(C)c1NC(=O)CSc1nnc(-c2ccoc2C)n1C,0,"Non-corrosive, Non-irritant, Non-sensitizer",0,carcinogen,1,0.061207596,0.056886464,0.005356282,2.22E-06,0.035626318,0.004897938,2.25484706,no,0,no,no,no
10726,CCOC(=O)c1cccc(NC(=O)CSc2nnc(-c3ccoc3C)n2CC)c1,0,"Non-corrosive, Non-irritant, Sensitizer",1,carcinogen,1,0.062061459,0.046565481,0.018290434,1.33E-05,0.06341055,0.008785278,2.25690676,no,0,no,no,no
11700,CCCn1c(SCC(=O)Nc2cccc(C(=O)OCC)c2)nnc1-c1ccoc1C,0,"Non-corrosive, Non-irritant, Sensitizer",1,carcinogen,1,0.055653024,0.042888764,0.022517301,7.81E-07,0.034268606,0.010276868,2.296152947,no,0,no,no,no
62,Cn1cnc2c(N3CCCCC3)nccc21,1,"Non-corrosive, Non-irritant, Non-sensitizer",0,non-carcinogen,0,0.364381403,0.386856794,0.858694434,7.19E-05,0.299697042,0.132623702,2.326496102,no,0,yes,no,no
11578,O=S(=O)(Nc1cccnc1)c1ccc(C2CCCCC2)cc1,0,"Non-corrosive, Non-irritant, Sensitizer",1,non-carcinogen,0,0.195104346,0.251455843,0.128184199,0.001679305,0.204754323,0.281120896,1.926223117,no,0,no,yes,no
11373,Fc1cccc(Cl)c1CSc1nnc(COc2cccc3cccnc23)o1,0,"Non-corrosive, Irritant, Non-sensitizer",1,carcinogen,1,0.303505868,0.22206828,0.068666235,0.066093132,0.054450493,0.990110099,2.361597043,no,0,no,no,no
11100,COc1cc(NC(=O)c2ccco2)c(OC)cc1NC(=O)c1cc(OC)c(OC)c(OC)c1,0,"Non-corrosive, Non-irritant, Non-sensitizer",0,non-carcinogen,0,0.165411428,0.26368922,0.036405232,3.61E-07,0.089115299,0.010223283,2.188055761,no,0,yes,no,no
13874,COCCNc1nnc(SCC(=O)N2CCN(S(=O)(=O)c3ccccc3)CC2)s1,0,"Non-corrosive, Non-irritant, Sensitizer",1,non-carcinogen,0,0.073834375,0.039957423,0.013872705,9.64E-08,0.012656295,0.001398656,2.297046386,no,0,no,no,no
11493,CC1(C)CC(=O)C=C(N2CCNCC2)C1,0,"Corrosive, Irritant, Sensitizer",1,non-carcinogen,0,0.169403538,0.058907971,0.089647569,3.88E-05,0.074062459,0.016178483,2.857382569,no,0,no,no,no
297,O=c1[nH][nH]c(C(F)(F)F)c1C=NCc1ccccc1Cl,1,"Non-corrosive, Irritant, Sensitizer",1,non-carcinogen,0,0.747337461,0.825347126,0.898724854,0.0212231,0.797065437,0.33784762,2.996974537,no,0,no,no,no
3600,COc1cccc(-c2c(C(=O)N/N=C/c3sccc3C)nnn2-c2nonc2N)c1,1,"Non-corrosive, Non-irritant, Sensitizer",1,non-carcinogen,0,0.852331102,0.677350998,0.97016263,0.999829113,0.424559593,0.900573134,2.822098362,no,0,no,no,no
11976,Cc1cc(N2CCOCC2)cc(C)[n+]1[O-],0,"Non-corrosive, Non-irritant, Sensitizer",1,carcinogen,1,0.258294523,0.33349213,0.067038506,0.000180734,0.926558614,0.000321355,2.827969383,no,0,no,no,no
4705,O=C(Nc1ccc(Cl)cc1Cl)c1ccc2c(=O)n3c(nc2c1)CCC3,1,"Non-corrosive, Non-irritant, Sensitizer",1,non-carcinogen,0,0.694564879,0.555324674,0.949279249,0.999958992,0.678156853,0.062225789,2.113174746,no,0,no,no,no
4707,O=C(Nc1ccc(Br)cc1Cl)c1ccc2c(=O)n3c(nc2c1)CCC3,1,"Non-corrosive, Non-irritant, Sensitizer",1,non-carcinogen,0,0.862900317,0.739762068,0.962166786,0.999996424,0.859122097,0.106031068,2.177748528,no,0,no,no,no
6107,COCc1cc2c(C(=O)N=c3c(Cl)cn(O)cc3Cl)ccc(OC)n2n1,1,"Non-corrosive, Non-irritant, Non-sensitizer",0,non-carcinogen,0,0.863791466,0.972346365,0.988619804,0.999970973,0.996739149,0.999410391,3.409508336,yes,1,yes,no,no
6324,COc1ccc(C(=O)N=c2c(Cl)cn(O)cc2Cl)c2cc(C#N)nn12,1,"Non-corrosive, Non-irritant, Non-sensitizer",0,non-carcinogen,0,0.916025698,0.961203873,0.990628004,0.999997556,0.988978088,0.999393225,3.519021805,yes,1,yes,no,no
6550,COc1ccc(C(=O)N=c2c(Cl)cn(O)cc2Cl)c2cc(C(C)C)nn12,1,"Non-corrosive, Non-irritant, Non-sensitizer",0,non-carcinogen,0,0.922847867,0.965633094,0.986471593,0.99999702,0.853713572,0.998869002,3.416192653,yes,1,yes,no,no
6566,CCc1cc2c(C(=O)N=c3c(Cl)cn(O)cc3Cl)ccc(OC)n2n1,1,"Non-corrosive, Non-irritant, Non-sensitizer",0,non-carcinogen,0,0.879476309,0.957449973,0.990434885,0.999988079,0.982519031,0.999492466,3.375156253,yes,1,yes,no,no
6817,COc1ccc(C(=O)N=c2c(Cl)cn(O)cc2Cl)c2ccnn12,1,"Non-corrosive, Non-irritant, Non-sensitizer",0,non-carcinogen,0,0.619312465,0.970493853,0.980991244,0.999946654,0.975303888,0.999499202,3.358376552,yes,1,yes,no,no
6877,COc1ccc(C(=O)N=c2c(Cl)cn(O)cc2Cl)c2cc(C(F)(F)F)nn12,1,"Non-corrosive, Non-irritant, Non-sensitizer",0,non-carcinogen,0,0.893184662,0.979658246,0.991780102,0.999998391,0.934769928,0.997922003,3.399836183,yes,1,yes,no,no
12916,Nc1c(S(=O)(=O)c2cccc(Cl)c2)c2nc3ccccc3nc2n1CCN1CCOCC1,0,"Non-corrosive, Non-irritant, Non-sensitizer",0,carcinogen,1,0.191449568,0.352352411,0.056156173,0.000696419,0.643909931,0.288215905,2.553879468,no,0,no,no,no
13448,Cc1ccc(S(=O)(=O)c2c(N)n(CCN3CCOCC3)c3nc4ccccc4nc23)cc1C,0,"Non-corrosive, Non-irritant, Non-sensitizer",0,carcinogen,1,0.138982952,0.163790584,0.0461937,1.06E-05,0.332513571,0.421911567,2.572341864,no,0,no,no,no
1056,O=C(CSc1nc2c(cnn2-c2ccc(Cl)cc2)c(=O)[nH]1)N1CCCc2ccccc21,1,"Non-corrosive, Non-irritant, Non-sensitizer",0,carcinogen,1,0.586941898,0.425379425,0.83286792,0.999661267,0.530704021,0.018078486,2.523739088,no,0,no,no,no
15633,N#Cc1c(N)nc2c(c1-c1ccncc1)CCCC2,0,"Non-corrosive, Non-irritant, Sensitizer",1,non-carcinogen,0,0.406662524,0.608250797,0.245038822,0.999991417,0.574068367,0.999822378,2.415487825,no,0,no,no,no
5115,N#Cc1ccc2c(c1)nc(CCc1ccc(-c3ccc(N)nn3)cc1)n2Cc1ccccc1Cl,1,"Non-corrosive, Non-irritant, Non-sensitizer",0,non-carcinogen,0,0.622252584,0.647471547,0.944504142,0.068359472,0.806945205,0.978370488,2.478920953,no,0,yes,no,no
13067,Cn1c2c(c(=O)n(C)c1=O)CN(CCCN1CCOCC1)CN2,0,"Non-corrosive, Non-irritant, Sensitizer",1,non-carcinogen,0,0.173360854,0.076636918,0.027751671,0.00348085,0.080873504,0.010103903,2.758611726,no,0,no,no,no
2367,NC(=O)c1sc2nc3c(c(-c4cccs4)c2c1N)CCCCC3,1,"Non-corrosive, Non-irritant, Sensitizer",1,non-carcinogen,0,0.820340872,0.6116907,0.972810566,0.999999285,0.75598532,0.981800735,2.599434179,yes,1,no,no,no
9261,Cc1ccc(NC(=O)N2CCC(C(=O)NCc3ccc(F)cc3)CC2)cc1,0,"Non-corrosive, Non-irritant, Non-sensitizer",0,non-carcinogen,0,0.220191702,0.123500928,0.134382218,0.002328282,0.093375228,0.022246897,1.799800288,no,0,yes,yes,no
4089,O=C(CCCCC(=O)NC1CCCC1)NC1CCCC1,1,"Non-corrosive, Non-irritant, Sensitizer",1,non-carcinogen,0,0.210872889,0.35819006,0.561141491,0.000156796,0.304820836,0.760207593,1.90466752,no,0,no,yes,no
3336,C[C@H]1CCC[C@]2(C)C[C@H]3OC(=O)C(CN4CCCCCC4)[C@H]3C=C12,1,"Non-corrosive, Non-irritant, Non-sensitizer",0,carcinogen,1,0.667390704,0.890307009,0.985599518,0.99503547,0.999521494,0.999999762,4.064046241,yes,1,no,no,no
3337,CC1CCN(CC2C(=O)O[C@@H]3C[C@@]4(C)CCC[C@H](C)C4=C[C@H]23)CC(C)(C)C1,1,"Non-corrosive, Non-irritant, Sensitizer",1,carcinogen,1,0.712414742,0.885828376,0.983549953,0.999997079,0.999949634,0.999999762,4.46514294,yes,1,no,no,no
1249,CCN(CC)CCOC(=O)c1ccc(N=Cc2c(O)[nH]c(=O)[nH]c2=O)cc1,1,"Non-corrosive, Non-irritant, Non-sensitizer",0,non-carcinogen,0,0.664290845,0.501757324,0.922602892,1.86E-06,0.138716146,0.984306097,2.766438577,no,0,yes,no,no
12814,COc1cccc(N2CCN(Cc3nc(N)nc(Nc4ccccc4)n3)CC2)c1,0,"Non-corrosive, Non-irritant, Non-sensitizer",0,carcinogen,1,0.162416652,0.094839334,0.024259506,0.326002449,0.168726966,0.000248206,2.149658406,no,0,no,no,no
12848,Cc1ccc(Nc2nc(N)nc(CN3CCN(c4ccccc4)CC3)n2)cc1Cl,0,"Non-corrosive, Non-irritant, Sensitizer",1,non-carcinogen,0,0.26439181,0.265505791,0.036974959,7.55E-05,0.424214214,0.000387923,2.198744592,no,0,no,no,no
13310,COc1ccccc1Nc1nc(N)nc(CN2CCN(c3ccccc3)CC2)n1,0,"Non-corrosive, Non-irritant, Non-sensitizer",0,carcinogen,1,0.089377418,0.154811382,0.011847202,7.92E-06,0.124025732,0.000185263,2.135919763,no,0,no,no,no
7214,C=C1C(=O)O[C@@H]2C[C@]3(C)[C@@H](CCC(C)=O)[C@@H]3C[C@H]12,1,"Non-corrosive, Non-irritant, Non-sensitizer",0,non-carcinogen,0,0.800681591,0.998395979,0.994480371,0.999999702,1,0.999999523,4.464101145,yes,1,yes,no,no
15825,CC12CCC(C(=O)N3CCc4ccccc43)(CC1=O)C2(C)C,0,"Non-corrosive, Non-irritant, Non-sensitizer",0,non-carcinogen,0,0.280141205,0.157790691,0.078241684,3.61E-05,0.010255129,0.017466666,4.043717147,no,0,yes,no,no
9425,COc1ccc(OC)c(NC(=O)CN2CCN(C(=O)c3ccco3)CC2)c1,0,"Non-corrosive, Non-irritant, Sensitizer",1,non-carcinogen,0,0.053945698,0.068911925,0.013651017,1.46E-07,0.071866237,0.002984995,1.967079808,no,0,no,yes,no
10644,COC(=O)c1ccccc1NC(=O)CN1CCN(C(=O)c2ccco2)CC1,0,"Non-corrosive, Non-irritant, Sensitizer",1,non-carcinogen,0,0.070421904,0.077248216,0.026646676,1.78E-06,0.102691248,0.005238595,1.963808879,no,0,no,yes,no
13528,CN(C)C1NC(=O)c2cc(-c3ccccc3)sc2N1,0,"Non-corrosive, Non-irritant, Non-sensitizer",0,non-carcinogen,0,0.520392537,0.252274334,0.136107996,0.999037445,0.253874063,0.998621583,3.389357143,no,0,yes,no,no
8608,O=C(COC(=O)CSc1ccc(Cl)cc1)Nc1ccc2[nH]c(=O)[nH]c2c1,0,"Non-corrosive, Non-irritant, Non-sensitizer",0,non-carcinogen,0,0.279670149,0.228169754,0.117818378,0.060817666,0.208019659,0.033626109,2.198637598,no,0,yes,no,no
15019,Cc1nnc(SCC(=O)Nc2cccc(C(F)(F)F)c2)n1Cc1ccco1,0,"Non-corrosive, Non-irritant, Non-sensitizer",0,carcinogen,1,0.097996995,0.034468044,0.011327983,1.25E-05,0.014282772,0.007141595,2.252432642,no,0,no,no,no
11300,Cc1ccc2nc(C3CCN(C(=O)NCc4ccccc4)CC3)[nH]c2c1,0,"Non-corrosive, Non-irritant, Non-sensitizer",0,non-carcinogen,0,0.163409516,0.270919383,0.080951169,0.002905253,0.209024787,0.204965204,2.090226251,no,0,yes,no,no
11034,O=C(CN1CCOCC1)N1CCN(C(=O)CN2CCOCC2)CC1,0,"Non-corrosive, Non-irritant, Sensitizer",1,non-carcinogen,0,0.27235359,0.095867082,0.069649071,2.47E-06,0.223911807,0.000116977,2.035174818,no,0,no,no,no
12233,CC1(C)Oc2ccc(C(=O)NC3CCCC3)cc2N(CC(=O)NC2CCCCC2)C1=O,0,"Non-corrosive, Non-irritant, Sensitizer",1,non-carcinogen,0,0.506129503,0.056392353,0.022195149,0.886700571,0.008976368,0.000662219,2.419765242,no,0,no,no,no
2469,CCCCN(c1ccccc1)c1ncnc(N)c1[N+](=O)[O-],1,"Non-corrosive, Non-irritant, Sensitizer",1,carcinogen,1,0.804776907,0.945078552,0.971532166,0.999999106,0.941773474,0.999883831,2.415276736,yes,1,no,no,no
3113,COc1ccccc1Nc1nc(NCC(C)C)nc(N)c1[N+](=O)[O-],1,"Non-corrosive, Non-irritant, Sensitizer",1,carcinogen,1,0.776866853,0.964709461,0.974893868,0.999946475,0.992373645,0.998909593,2.355240496,yes,1,no,no,no
3888,Cc1cc(Nc2ccc(Cl)cc2)nc(N)n1,1,"Non-corrosive, Non-irritant, Sensitizer",1,non-carcinogen,0,0.650610626,0.784538627,0.922554612,0.953858435,0.816108048,0.981402457,1.933093091,yes,1,no,yes,no
4384,Cc1cc(Nc2cc(Cl)cc(Cl)c2)nc(N)n1,1,"Non-corrosive, Non-irritant, Sensitizer",1,non-carcinogen,0,0.57975775,0.784538627,0.924702227,0.998594522,0.816108048,0.96800977,2.213414536,yes,1,no,no,no
11499,C=CCc1c(C)nc(SC)nc1Nc1ccc(C(=O)O)cc1,0,"Non-corrosive, Non-irritant, Sensitizer",1,carcinogen,1,0.662105381,0.299562633,0.103623129,0.999989808,0.371973306,0.655967295,2.386734454,no,0,no,no,no
14558,CCCCCCC(Sc1nc(Cl)cc(Nc2cccc(C)c2C)n1)C(=O)O,0,"Non-corrosive, Non-irritant, Sensitizer",1,carcinogen,1,0.320258707,0.25958845,0.017322127,0.064244248,0.5844661,0.02000756,2.948276417,no,0,no,no,no
14560,CCCCCC[C@@H](Sc1nc(Cl)cc(Nc2cccc(C)c2C)n1)C(=O)O,0,"Non-corrosive, Non-irritant, Sensitizer",1,carcinogen,1,0.320258707,0.25958845,0.017322127,0.064244248,0.5844661,0.02000756,2.948276417,no,0,no,no,no
912,COCCN(C(=O)CCC(=O)Nc1ccccn1)C(C(=O)NC1CCCC1)c1ccc(OC)cc1,1,"Non-corrosive, Non-irritant, Non-sensitizer",0,non-carcinogen,0,0.388982773,0.16068612,0.637757599,3.34E-05,0.064149432,0.033169806,2.814721595,no,0,yes,no,no
7411,C=C[C@@]1(C)CC[C@H]2[C@H](C1)C(=O)C[C@H]1C(C)(C)[C@@H](O)CC[C@]21C,1,"Non-corrosive, Non-irritant, Non-sensitizer",0,non-carcinogen,0,0.963826954,0.983140528,0.985362291,0.999998629,0.999999881,0.999761105,4.474182703,yes,1,yes,no,no
14954,COc1cc2c(cc1OC)C1=NC(=O)CN1C(SCc1ccccc1)=N2,0,"Non-corrosive, Non-irritant, Sensitizer",1,non-carcinogen,0,0.310482681,0.123775102,0.096426614,0.000447013,0.050066296,0.577468574,2.61040672,no,0,no,no,no
3739,COc1cc([C@@H]2c3cc4c(cc3[C@H](O)[C@H]3COC(=O)[C@H]23)OCO4)cc(OC)c1OC,1,"Non-corrosive, Non-irritant, Non-sensitizer",0,non-carcinogen,0,0.846242547,0.832135797,0.965157211,0.750940919,0.789461672,0.998384297,3.752324446,yes,1,yes,no,no
9705,CCN(CC)C(=O)CSc1nnc(-c2ccc(S(=O)(=O)NCc3ccccc3Cl)cc2)o1,0,"Non-corrosive, Non-irritant, Non-sensitizer",0,non-carcinogen,0,0.102225557,0.311980009,0.04063458,0.000126927,0.454764932,0.000975542,2.364278665,no,0,yes,no,no
6199,Fc1cccc(Cl)c1-c1ncc(-c2ccc(/C=C/c3ccccc3)cc2)[nH]1,1,"Non-corrosive, Non-irritant, Non-sensitizer",0,non-carcinogen,0,0.896867335,0.885189652,0.907022476,0.999998987,0.829841614,0.993477106,2.229573089,yes,1,yes,no,no
7736,COc1cc([C@@H]2OC[C@H]3[C@@H]2CO[C@H]3c2cc(OC)c(OC)c(OC)c2)cc(OC)c1OC,1,"Non-corrosive, Non-irritant, Non-sensitizer",0,non-carcinogen,0,0.598326981,0.902808726,0.975535035,0.003017453,0.623896718,0.999955177,3.578236261,no,0,yes,no,no
8125,COc1cc([C@H]2OC[C@H]3[C@@H]2CO[C@@H]3c2cc(OC)c(O)c(OC)c2)cc(OC)c1C,1,"Non-corrosive, Non-irritant, Sensitizer",1,non-carcinogen,0,0.718953729,0.891088486,0.974787712,0.048680428,0.653871477,0.999943554,3.808329753,no,0,no,no,no
8165,COc1cc([C@@H]2OC[C@@H]3[C@H]2CO[C@H]3c2ccc(O)c(OC)c2)ccc1O,1,"Non-corrosive, Non-irritant, Non-sensitizer",0,non-carcinogen,0,0.856165767,0.950226367,0.971816778,0.998160362,0.972021282,0.999985158,3.678553446,yes,1,yes,no,no
2471,Cc1ccc(-c2nnc(-c3ccc(NC(=O)Cc4cccs4)cc3)o2)cc1,1,"Non-corrosive, Non-irritant, Non-sensitizer",0,non-carcinogen,0,0.435217738,0.4444291,0.778358221,0.096328802,0.578653932,0.314801812,2.017798795,no,0,yes,no,no
12192,Cc1cccnc1NC(=O)CCCN1C(=O)c2ccccc2C1=O,0,"Non-corrosive, Non-irritant, Non-sensitizer",0,non-carcinogen,0,0.214961812,0.26387167,0.112790279,6.35E-05,0.237598702,0.054652378,1.991685293,no,0,yes,yes,no
3203,N#CC(C#N)=NNc1ccc(-n2ccc(C(F)(F)F)n2)cc1,1,"Non-corrosive, Non-irritant, Sensitizer",1,non-carcinogen,0,0.802610397,0.831063032,0.936887741,0.518782377,0.976571381,0.85847491,2.814741768,yes,1,no,no,no
4382,Cc1cc(C)n(-c2ccc(NN=C(C#N)C#N)cc2)n1,1,"Non-corrosive, Non-irritant, Sensitizer",1,non-carcinogen,0,0.76633817,0.770231605,0.94218421,0.999861896,0.979695499,0.427993774,2.624080081,no,0,no,no,no
10448,CCOC(=O)CNC(=O)c1c(C)nn(-c2ccccc2)c1Cl,0,"Non-corrosive, Non-irritant, Sensitizer",1,non-carcinogen,0,0.177556053,0.419982016,0.033185925,1.09E-05,0.913837731,0.053099357,2.01141516,no,0,no,no,no
10736,Cc1nn(-c2ccccc2)c(Cl)c1C(=O)NCC(=O)O,0,"Non-corrosive, Non-irritant, Non-sensitizer",0,non-carcinogen,0,0.241934374,0.179889902,0.047417507,3.15E-05,0.298698455,0.045970622,1.980316914,no,0,yes,yes,no
15369,Cc1ccn(-c2ccc([N+](=O)[O-])cc2)n1,0,"Non-corrosive, Non-irritant, Sensitizer",1,carcinogen,1,0.75042218,0.551449478,0.244709089,0.998090208,0.879861414,0.054692116,1.999286965,no,0,no,yes,no
14147,CC(C)C[C@H](NC(=O)OCc1ccccc1)[C@@H]1SC[C@H]2C(=O)N(CCCN=C(N)N)C(=O)N21,0,"Non-corrosive, Non-irritant, Non-sensitizer",0,non-carcinogen,0,0.153303847,0.106887326,0.026648512,3.09E-06,0.081336662,0.102132231,3.90617712,no,0,yes,no,no
14154,CC(C)C[C@H](NC(=O)OCc1ccccc1)[C@@H]1SC[C@H]2C(=O)N(CCCNCCCN)C(=O)N21,0,"Non-corrosive, Non-irritant, Non-sensitizer",0,non-carcinogen,0,0.266539067,0.100125015,0.032449123,1.51E-06,0.331721932,0.101009682,3.857893003,no,0,yes,no,no
758,CCOC(=O)c1c(-c2ccc(Cl)c(Cl)c2)oc2c1cc(O)c1ccccc12,1,"Non-corrosive, Non-irritant, Non-sensitizer",0,non-carcinogen,0,0.627432287,0.257077068,0.384680152,0.999984503,0.221232504,0.064935759,2.306545597,no,0,yes,no,no
5055,CCOC(=O)c1c(-c2ccccc2Br)oc2c1cc(O)c1ccccc12,1,"Non-corrosive, Non-irritant, Sensitizer",1,non-carcinogen,0,0.587441444,0.378176093,0.880713105,0.999987364,0.446264654,0.847280979,2.347262961,no,0,no,no,no
5111,CCOC(=O)c1c(-c2ccccc2F)oc2c1cc(O)c1ccccc12,1,"Non-corrosive, Non-irritant, Sensitizer",1,non-carcinogen,0,0.523703694,0.335121125,0.421755373,0.999942422,0.201546758,0.347815007,2.270409323,no,0,no,no,no
14511,CCOC(=O)c1c(-c2cc(Br)ccc2F)oc2c1cc(O)c1ccccc12,0,"Non-corrosive, Non-irritant, Sensitizer",1,non-carcinogen,0,0.456074327,0.292679429,0.116605341,0.999999046,0.35834989,0.730860531,2.419692359,no,0,no,no,no
14555,CCOC(=O)c1c(-c2cccc(Cl)c2)oc2c1cc(O)c1ccccc12,0,"Non-corrosive, Non-irritant, Sensitizer",1,non-carcinogen,0,0.369740516,0.257077068,0.226215884,0.999808669,0.221232504,0.043991491,2.244305581,no,0,no,no,no
14577,CCOC(=O)c1c(-c2ccc(Cl)cc2)oc2c1cc(O)c1ccccc12,0,"Non-corrosive, Non-irritant, Non-sensitizer",0,non-carcinogen,0,0.420808345,0.257077068,0.242837846,0.999671936,0.221232504,0.075639501,2.188492483,no,0,yes,no,no
14773,CCOC(=O)c1c(-c2ccc(Br)cc2F)oc2c1cc(O)c1ccccc12,0,"Non-corrosive, Non-irritant, Sensitizer",1,carcinogen,1,0.38466534,0.292679429,0.161363482,0.999852479,0.35834989,0.478033751,2.407912197,no,0,no,no,no
14874,CCOC(=O)c1c(-c2ccccc2Cl)oc2c1cc(O)c1ccccc12,0,"Non-corrosive, Non-irritant, Sensitizer",1,non-carcinogen,0,0.468658566,0.257077068,0.443398863,0.999655545,0.221232504,0.988461137,2.257405165,no,0,no,no,no
15417,CCOC(=O)c1c(-c2cccc(Br)c2)oc2c1cc(O)c1ccccc12,0,"Non-corrosive, Non-irritant, Sensitizer",1,non-carcinogen,0,0.412902564,0.378176093,0.118557565,0.999907911,0.446264654,0.082500666,2.293064625,no,0,no,no,no
10370,COc1ccc(NC(=O)C2CCN(C(=O)NCc3ccccc3)CC2)cc1,0,"Non-corrosive, Non-irritant, Non-sensitizer",0,non-carcinogen,0,0.283051521,0.164503306,0.121663727,0.458122343,0.189516708,0.010082003,1.744946672,no,0,yes,yes,no
6203,O=C(NCc1ccc(Cl)cc1Cl)N1CCC(Nc2ncccn2)CC1,1,"Non-corrosive, Non-irritant, Non-sensitizer",0,non-carcinogen,0,0.830508709,0.525247872,0.935912907,0.999801338,0.037022937,0.999551475,2.225049313,no,0,yes,no,no
8875,COc1ccccc1Cc1noc(C(C)(C)NC(=O)c2ccccc2)n1,0,"Non-corrosive, Non-irritant, Sensitizer",1,carcinogen,1,0.285513818,0.248706982,0.05147139,0.999765813,0.791321456,0.00859648,2.273049448,no,0,no,no,no
9283,O=c1c2c3c(sc2nc2n1CCC2)CCC3,0,"Non-corrosive, Non-irritant, Non-sensitizer",0,non-carcinogen,0,0.298569739,0.187683806,0.053929597,0.907248557,0.094118424,0.038034465,2.426206086,no,0,yes,no,no
15683,Cc1ccc(NCCC(=O)c2ccc(Br)cc2)cc1,0,"Non-corrosive, Non-irritant, Sensitizer",1,non-carcinogen,0,0.377138257,0.480489463,0.240269065,0.999957323,0.503543913,0.011808457,1.692220738,no,0,no,yes,no
12954,COc1cccc(N2C(=O)C(O)=C(C(C)=O)C2c2ccc(OC)c(OC)c2)c1,0,"Non-corrosive, Non-irritant, Non-sensitizer",0,non-carcinogen,0,0.253392637,0.351660937,0.059752617,1.94E-05,0.059661265,0.17736797,2.572077848,no,0,yes,no,no
13026,CCOC(=O)C1=C(O)C(=O)N(c2ccc(S(N)(=O)=O)cc2)C1c1ccc(OC)cc1OC,0,"Non-corrosive, Non-irritant, Non-sensitizer",0,non-carcinogen,0,0.237981364,0.207053602,0.075722359,0.00193883,0.135742188,0.352087677,2.784923699,no,0,yes,no,no
14243,CS(=O)(=O)C1=C(O)C(=O)N(c2ccccc2)C1c1ccccc1,0,"Non-corrosive, Non-irritant, Non-sensitizer",0,non-carcinogen,0,0.241401494,0.332476467,0.072123483,9.06E-06,0.326084435,0.060065921,2.585713998,no,0,yes,no,no
14565,CC(O)(C#Cc1ccc(-n2ccc3cnc(N)nc32)cc1)c1nccs1,0,"Non-corrosive, Non-irritant, Sensitizer",1,non-carcinogen,0,0.432684213,0.363725215,0.230044082,0.999768019,0.426423609,0.586244285,3.421389791,no,0,no,no,no
4604,Cn1c(O)c(/C=N/NC(=O)c2cc3ccccc3cc2O)c2ccccc21,1,"Non-corrosive, Non-irritant, Non-sensitizer",0,non-carcinogen,0,0.895279527,0.934412599,0.984394133,0.999999583,0.983431935,0.999114454,2.372874613,yes,1,yes,no,no
320,CCCCC[n+]1ccn(-c2nc3ccccc3nc2[N-]S(=O)(=O)c2ccc(C)cc2)c1,1,"Non-corrosive, Non-irritant, Non-sensitizer",0,non-carcinogen,0,0.417502612,0.723822057,0.920023501,2.12E-05,0.495292783,0.97961688,3.357769045,no,0,yes,no,no
1108,CCOC(=O)Cc1csc(NC(=O)COc2ccc(OC)cc2)n1,1,"Non-corrosive, Non-irritant, Sensitizer",1,non-carcinogen,0,0.758830965,0.415577412,0.811082184,0.006187402,0.139067337,0.100614436,1.932873754,no,0,no,yes,no
2913,CCC(Oc1ccccc1)C(=O)Nc1ncc([N+](=O)[O-])s1,1,"Non-corrosive, Non-irritant, Sensitizer",1,carcinogen,1,0.742740691,0.897903621,0.900008917,0.994531631,0.897485256,0.939657032,2.712663249,yes,1,no,no,no
11337,COC(=O)c1sc(NC(=O)COc2ccccc2)nc1C,0,"Non-corrosive, Non-irritant, Sensitizer",1,non-carcinogen,0,0.295572996,0.398851871,0.149058625,0.002642203,0.147977456,0.029085983,1.840482995,no,0,no,yes,no
10128,CCCCOc1ccc(-c2nnn(CCC(=O)N3CCOCC3)n2)cc1,0,"Non-corrosive, Non-irritant, Sensitizer",1,non-carcinogen,0,0.084697895,0.033419572,0.010390363,0.000204325,0.054754831,0.009264008,2.244058842,no,0,no,no,no
14408,c1cc(Nc2ncnc3[nH]ccc23)cc(N2CCOCC2)c1,0,"Non-corrosive, Non-irritant, Sensitizer",1,non-carcinogen,0,0.2474709,0.432748318,0.055976961,0.002244741,0.455376893,0.021698,2.287552728,no,0,no,no,no
4585,Cc1cc2ncn(-c3ncccc3[N+](=O)[O-])c2cc1C,1,"Non-corrosive, Non-irritant, Sensitizer",1,carcinogen,1,0.774047256,0.865835905,0.956374109,0.999989629,0.862773657,0.998102605,2.387857279,yes,1,no,no,no
5196,O=C1NC(=S)NC(=O)C1=Cc1cn(-c2ccc(Cl)cc2)nc1-c1ccccc1,1,"Non-corrosive, Non-irritant, Non-sensitizer",0,non-carcinogen,0,0.947499573,0.947047293,0.99320823,0.999999821,0.99661839,0.998917937,2.385560429,yes,1,yes,no,no
5896,CCOc1ccc(-c2nn(-c3ccc(Cl)cc3)cc2C=C2C(=O)NC(=S)NC2=O)cc1,1,"Non-corrosive, Non-irritant, Non-sensitizer",0,non-carcinogen,0,0.954123914,0.976163447,0.994127035,0.999999583,0.943239689,0.999103308,2.465756501,yes,1,yes,no,no
5907,CCCCOc1ccc(-c2nn(-c3ccccc3)cc2C=C2C(=O)NC(=S)NC2=O)cc1,1,"Non-corrosive, Non-irritant, Non-sensitizer",0,non-carcinogen,0,0.965889812,0.960493028,0.992177069,0.999981761,0.956208289,0.996157765,2.454260906,yes,1,yes,no,no
6071,CCCCOc1ccc(-c2nn(-c3ccc(Cl)cc3)cc2C=C2C(=O)NC(=S)NC2=O)cc1,1,"Non-corrosive, Non-irritant, Sensitizer",1,non-carcinogen,0,0.970914364,0.97882241,0.994714797,0.999998391,0.836941242,0.998289049,2.510661667,yes,1,no,no,no
916,COc1ccc2nc(NC(=O)CSC3=NCCS3)sc2c1,1,"Non-corrosive, Non-irritant, Non-sensitizer",0,carcinogen,1,0.423331916,0.465646833,0.537888885,0.008437166,0.222551376,0.967904747,2.471215121,no,0,no,no,no
11367,CCOc1ccc2nc(NC(=O)CSC3=NCCS3)sc2c1,0,"Non-corrosive, Non-irritant, Sensitizer",1,carcinogen,1,0.298179507,0.357506961,0.398803711,0.00012027,0.215752378,0.979597807,2.496029126,no,0,no,no,no
1177,Cn1c(=O)c2c(nc(SCC(=O)NC34CC5CC(CC(C5)C3)C4)n2C)n(C)c1=O,1,"Non-corrosive, Non-irritant, Non-sensitizer",0,non-carcinogen,0,0.176124871,0.15345107,0.673952579,5.60E-05,0.024594942,0.070726134,3.844454158,no,0,yes,no,no
3319,Cc1cccc(Nc2nc(N3CCOCC3)nc(N3CCOCC3)n2)c1,1,"Non-corrosive, Non-irritant, Sensitizer",1,non-carcinogen,0,0.51141274,0.354006588,0.489987135,0.031646367,0.280652791,0.002320465,2.2873192,no,0,no,no,no
9784,CCOc1ccc(N2C(=O)CC(Sc3nc(C)cc(C)c3C#N)C2=O)cc1,0,"Non-corrosive, Non-irritant, Non-sensitizer",0,non-carcinogen,0,0.212167561,0.358398885,0.121167831,0.964013517,0.61768651,0.226172015,2.898289956,no,0,yes,no,no
4629,CCOC(=O)C1CCN(S(=O)(=O)c2ccc3c(c2)CC(=O)N3C)CC1,1,"Non-corrosive, Non-irritant, Sensitizer",1,non-carcinogen,0,0.370698392,0.321267247,0.708448708,0.002272215,0.190470904,0.014301877,2.268144213,no,0,no,no,no
2165,Cc1nc2sc3c(NCc4ccco4)ncnc3c2c2c1COC(C)(C)C2,1,"Non-corrosive, Non-irritant, Non-sensitizer",0,carcinogen,1,0.459868282,0.746294081,0.90413636,0.161829278,0.433534145,0.045339976,2.948369157,no,0,no,no,no
2190,CC(C)c1nc2sc3c(NCc4ccco4)ncnc3c2c2c1COC(C)(C)C2,1,"Non-corrosive, Non-irritant, Sensitizer",1,carcinogen,1,0.527591527,0.746294081,0.944420159,0.999907315,0.433534145,0.022966277,3.01985899,no,0,no,no,no
4272,O=C(O)c1cccnc1SCC(=O)N1CCCc2ccccc21,1,"Non-corrosive, Non-irritant, Non-sensitizer",0,non-carcinogen,0,0.229675651,0.40024516,0.703887641,0.990139544,0.347691447,0.036946721,2.110904109,no,0,yes,no,no
10361,Cc1ccc2[nH]c(=O)c(C(c3nnnn3CC3CCCO3)N3CCOCC3)cc2c1,0,"Non-corrosive, Non-irritant, Non-sensitizer",0,carcinogen,1,0.04196801,0.017632408,0.002654034,2.23E-06,0.030401004,0.004156739,3.355947518,no,0,no,no,no
12331,Cc1cccc2cc(C(c3nnnn3CC3CCCO3)N3CCOCC3)c(=O)[nH]c12,0,"Non-corrosive, Non-irritant, Non-sensitizer",0,carcinogen,1,0.045724992,0.017632408,0.003018093,5.50E-07,0.030401004,0.004320748,3.386722169,no,0,no,no,no
9165,O=C(CSc1ccc(-c2ccc(F)cc2)nn1)N1CCCCC1,0,"Non-corrosive, Non-irritant, Sensitizer",1,non-carcinogen,0,0.109916255,0.229292944,0.023245487,3.96E-05,0.600723088,0.001892626,2.060862161,no,0,no,no,no
9671,CC1CCCCN1C(=O)CSc1ccc(-c2ccc(F)cc2)nn1,0,"Non-corrosive, Non-irritant, Sensitizer",1,non-carcinogen,0,0.177633137,0.301297367,0.051098607,5.02E-06,0.572489679,0.010229071,2.629049587,no,0,no,no,no
2796,CC(=O)c1c(C)oc2c1C(=O)c1ccccc1C2=O,1,"Non-corrosive, Non-irritant, Sensitizer",1,carcinogen,1,0.888115704,0.813156068,0.985748827,0.999998808,0.734392583,0.986762881,2.33760989,yes,1,no,no,no
2829,CCOC(=O)c1c(C)oc2c1C(=O)c1ccccc1C2=O,1,"Non-corrosive, Non-irritant, Non-sensitizer",0,non-carcinogen,0,0.856586337,0.278657287,0.96852833,0.999992609,0.101670533,0.998845816,2.27809004,no,0,yes,no,no
961,CCOC(=O)C1CCCN(C(=O)COC(=O)c2cc(=O)c3ccccc3o2)C1,1,"Non-corrosive, Non-irritant, Sensitizer",1,non-carcinogen,0,0.559000671,0.320885748,0.849126041,0.001751961,0.485669315,0.728042662,2.686916068,no,0,no,no,no
13749,CCN(CC(=O)NCc1cccs1)c1nnnn1-c1ccccc1,0,"Non-corrosive, Irritant, Sensitizer",1,carcinogen,1,0.053479191,0.030139912,0.021124564,1.08E-05,0.003423467,0.000158355,2.420790167,no,0,no,no,no
11871,COc1ccccc1NC1=NCC(=O)N1Cc1ccccc1,0,"Non-corrosive, Non-irritant, Non-sensitizer",0,non-carcinogen,0,0.25043121,0.136607096,0.089936994,1.28E-05,0.020279279,0.015211997,2.150701723,no,0,yes,no,no
12743,CC1CCN(C(=O)Cn2nc(C(F)(F)F)c3c2CCCC3)CC1,0,"Non-corrosive, Non-irritant, Sensitizer",1,non-carcinogen,0,0.189202562,0.266941279,0.062254623,1.73E-05,0.1445961,0.065980375,2.500780398,no,0,no,no,no
359,O=C(Cn1nnc2ccccc21)N/N=C\C=C\c1ccccc1,1,"Non-corrosive, Non-irritant, Sensitizer",1,non-carcinogen,0,0.482632369,0.869457543,0.814016521,0.000501433,0.866568923,0.017361179,2.251490452,no,0,no,no,no
8373,CCCCc1cc(=O)oc2cc(C)cc(OCC(=O)Nc3ccccn3)c12,0,"Non-corrosive, Non-irritant, Sensitizer",1,non-carcinogen,0,0.1933925,0.221330822,0.084571943,0.906339049,0.055068944,0.960776806,2.315134353,no,0,no,no,no
1220,Cc1ccccc1-n1ccnc1SCC(=O)O,1,"Non-corrosive, Non-irritant, Non-sensitizer",0,non-carcinogen,0,0.363361239,0.261110008,0.851318717,1.64E-06,0.035431739,0.247936323,2.019623313,no,0,yes,no,no
2983,CCOC(=O)C(=Cc1ccc(-n2ccnc2)cc1)C(=O)OCC,1,"Non-corrosive, Non-irritant, Sensitizer",1,non-carcinogen,0,0.898104429,0.828019619,0.958100557,0.999310255,0.448292017,0.999999523,2.373013382,no,0,no,no,no
3015,CN(C)c1nc(C=C(C#N)C#N)c(Cl)n1-c1ccc(F)cc1,1,"Non-corrosive, Non-irritant, Non-sensitizer",0,non-carcinogen,0,0.855965197,0.781983674,0.954923868,0.985282183,0.886969805,0.868235528,3.009198742,yes,1,yes,no,no
8446,Cc1ccnc(NC(=O)c2ccc(Cl)c(S(=O)(=O)N3CCCC3)c2)c1,0,"Non-corrosive, Non-irritant, Non-sensitizer",0,non-carcinogen,0,0.177232847,0.487416059,0.063295938,0.000208252,0.703023016,0.101647519,2.0494275,no,0,yes,no,no
7279,CC1(C)[C@@H](O)CC[C@]2(C)[C@H]3C(=O)C=C4[C@@H]5C[C@@](C)(C(=O)O)CC[C@]5(C)CC[C@@]4(C)[C@]3(C)CC[C@@H]12,1,"Non-corrosive, Non-irritant, Non-sensitizer",0,non-carcinogen,0,0.960216761,0.977554262,0.941904187,0.999839067,0.999931574,0.995535314,4.764078303,yes,1,yes,no,no
7287,CC1(C)[C@@H](O)CC[C@]2(C)C3C(=O)C=C4[C@@H]5C[C@@](C)(C(=O)O)CC[C@]5(C)CC[C@@]4(C)[C@]3(C)[C@@H](O)C[C@@H]12,1,"Non-corrosive, Non-irritant, Non-sensitizer",0,non-carcinogen,0,0.97553128,0.977554262,0.990916073,0.999999642,0.999931574,0.999987721,5.053883587,yes,1,yes,no,no
7288,CC1(C)[C@@H](O)CC[C@]2(C)C3C(=O)C=C4[C@@H]5C[C@@](C)(C(=O)O)CC[C@]5(C)C[C@H](O)[C@@]4(C)[C@]3(C)CC[C@@H]12,1,"Non-corrosive, Non-irritant, Non-sensitizer",0,non-carcinogen,0,0.977198124,0.977554262,0.99161458,0.999999642,0.999931574,0.999995232,5.059923786,yes,1,yes,no,no
7290,CC1(C)[C@@H](O)CC[C@]2(C)C3C(=O)C=C4[C@@H]5C[C@@](C)(C(=O)O)CC[C@]5(C)C[C@H](O)[C@@]4(C)[C@]3(C)[C@@H](O)C[C@@H]12,1,"Non-corrosive, Non-irritant, Non-sensitizer",0,non-carcinogen,0,0.982468843,0.977554262,0.996672392,0.999999642,0.999931574,0.999999523,5.242536972,yes,1,yes,no,no
7291,CC1(C)[C@@H](O)CC[C@]2(C)C3C(=O)C=C4[C@@H]5C[C@@](C)(C(=O)O)CC[C@]5(C)CC[C@@]4(C)[C@]3(C)[C@H](O)C[C@@H]12,1,"Non-corrosive, Non-irritant, Non-sensitizer",0,non-carcinogen,0,0.97553128,0.977554262,0.990916073,0.999999642,0.999931574,0.999987721,5.053883587,yes,1,yes,no,no
14672,C[C@H]1[C@H](C)CC[C@]2(C)CC[C@]3(C)C(=CC(=O)[C@@H]4[C@@]5(C)CC[C@@H](O)[C@](C)(C(=O)O)[C@@H]5CC[C@]43C)[C@H]12,0,"Non-corrosive, Non-irritant, Non-sensitizer",0,non-carcinogen,0,0.306701988,0.650118053,0.177574217,8.92E-06,0.744137287,0.867270827,4.938729935,no,0,yes,no,no
9592,CCC(=O)N(Cc1cc2cc(OC)ccc2[nH]c1=O)c1ccc(C)cc1C,0,"Non-corrosive, Non-irritant, Sensitizer",1,non-carcinogen,0,0.141556069,0.138589993,0.026764767,4.26E-05,0.020063166,0.053571362,2.296365346,no,0,no,no,no
10732,COc1ccc(N(Cc2cc3ccc(C)cc3[nH]c2=O)C(C)=O)cc1,0,"Non-corrosive, Non-irritant, Sensitizer",1,non-carcinogen,0,0.223916277,0.167141289,0.10696692,0.537456632,0.034596082,0.299959242,2.130708379,no,0,no,no,no
12340,CCC(=O)N(Cc1cc2cc(OC)ccc2[nH]c1=O)c1ccccc1C,0,"Non-corrosive, Non-irritant, Sensitizer",1,non-carcinogen,0,0.159849763,0.138589993,0.024295731,0.00010487,0.020063166,0.046409398,2.227667846,no,0,no,no,no
12770,CCOc1ccc(N(Cc2cc3cc(OC)ccc3[nH]c2=O)S(C)(=O)=O)cc1,0,"Non-corrosive, Non-irritant, Non-sensitizer",0,non-carcinogen,0,0.341859579,0.244536236,0.09296263,2.27E-06,0.072870888,0.100285441,2.211604586,no,0,yes,no,no
3147,COc1ccc2[nH]c3c(C)c4ccncc4c(C)c3c2c1,1,"Non-corrosive, Non-irritant, Non-sensitizer",0,carcinogen,1,0.840949953,0.82580173,0.948999405,0.999998987,0.98184818,0.999505877,2.362492851,yes,1,no,no,no
3716,Cc1c2ccncc2c(C)c2c1[nH]c1ccccc12,1,"Non-corrosive, Non-irritant, Sensitizer",1,carcinogen,1,0.782771349,0.819427967,0.943580389,0.999999702,0.939469635,0.996097624,2.294663769,yes,1,no,no,no
59,O=C(Nc1ccc(NC(=O)C2CC2)cn1)c1ccccc1Cl,1,"Non-corrosive, Non-irritant, Non-sensitizer",0,non-carcinogen,0,0.372931242,0.446710199,0.449042886,0.000169672,0.003202998,0.001649698,1.791500528,no,0,yes,yes,no
1914,COc1ccc(N2C(=O)C(Cl)=C(Oc3cccc(OC)c3)C2=O)cc1,1,"Non-corrosive, Non-irritant, Non-sensitizer",0,non-carcinogen,0,0.398376226,0.668176889,0.958303988,3.70E-05,0.965363145,0.718140423,2.162914533,no,0,yes,no,no
2254,c1ccc(N2CCN(c3ncnc4sc5c(c34)CCC5)CC2)cc1,1,"Non-corrosive, Non-irritant, Sensitizer",1,non-carcinogen,0,0.44017449,0.376825601,0.559482872,0.998275697,0.380327106,0.888809443,2.152375112,no,0,no,no,no
13645,Oc1ccc(N2CCN(c3ncnc4sc5c(c34)CCC5)CC2)cc1,0,"Non-corrosive, Non-irritant, Sensitizer",1,non-carcinogen,0,0.478097111,0.396279931,0.465116888,0.999990404,0.590981781,0.921727836,2.281847702,no,0,no,no,no
4003,CCCCC(=O)N/N=C/c1c(O)n(CC)c(=S)n(CC)c1=O,1,"Non-corrosive, Non-irritant, Sensitizer",1,carcinogen,1,0.870977223,0.786162615,0.967746437,0.97118324,0.426924855,0.999782205,2.794233918,no,0,no,no,no
3538,O=C(Nc1ccc2c(c1)OCO2)c1cc(-c2ccc(O)cc2)on1,1,"Non-corrosive, Non-irritant, Sensitizer",1,non-carcinogen,0,0.877227187,0.680958748,0.922370374,0.99399507,0.718557954,0.99222362,2.102805331,yes,1,no,no,no
5486,CNc1ncc2cc(-c3cc(Nc4nc5ccc(C(F)(F)F)cc5[nH]4)ccc3C)ccc2n1,1,"Non-corrosive, Non-irritant, Non-sensitizer",0,non-carcinogen,0,0.934844553,0.913844466,0.97058624,0.999988616,0.948552668,0.99845928,2.630749065,yes,1,yes,no,no
15335,Cc1ccc(NC(=O)CN2CCc3ccccc3C2)cc1,0,"Non-corrosive, Non-irritant, Sensitizer",1,non-carcinogen,0,0.105353847,0.112720579,0.078157403,0.000255415,0.059973076,0.001887033,1.671427227,no,0,no,yes,no
13755,Cc1cc2occ(CC(=O)NC3=NCCS3)c2cc1C(C)C,0,"Non-corrosive, Non-irritant, Non-sensitizer",0,non-carcinogen,0,0.220208049,0.183873847,0.051441122,1.26E-05,0.062723599,0.001825661,2.726263308,no,0,yes,no,no
14148,O=C(O)c1ccc(NC(=S)Nc2ccc3c(c2)CCN3Cc2ccc(F)cc2)cc1,0,"Non-corrosive, Non-irritant, Non-sensitizer",0,non-carcinogen,0,0.307240486,0.272084057,0.137400776,0.999914229,0.706279635,0.965691328,2.074431814,no,0,yes,no,no
14854,Fc1ccc(CN2CCc3cc(NC(=S)Nc4ccccc4)ccc32)cc1,0,"Non-corrosive, Non-irritant, Sensitizer",1,non-carcinogen,0,0.280932963,0.359388709,0.239441097,0.999941945,0.909588218,0.896827877,1.952639496,no,0,no,yes,no
9825,O=C(Cc1ccccc1)N1CCN(Cc2c[nH]c3ccccc23)CC1,0,"Non-corrosive, Non-irritant, Non-sensitizer",0,non-carcinogen,0,0.29527083,0.273132652,0.100589149,0.004391678,0.473942518,0.05347855,1.857345207,no,0,yes,yes,no
6529,Nc1ccc(-c2cc(Cl)c(Cl)c3[nH]c4c(c23)CN(C(=O)CO)CC4)cn1,1,"Non-corrosive, Non-irritant, Non-sensitizer",0,non-carcinogen,0,0.78043437,0.884685755,0.991477907,0.88397795,0.702946365,0.992878616,2.905689342,yes,1,yes,no,no
14968,Cc1ccc(C)n1CCN1CCN(C(=O)CSc2nc3ccccc3nc2N2CCOCC2)CC1,0,"Non-corrosive, Non-irritant, Non-sensitizer",0,non-carcinogen,0,0.273859501,0.190507203,0.034891669,0.459376067,0.121499024,0.007349029,2.670729447,no,0,yes,no,no
2407,CC(/C=C(\NC(=O)c1ccccc1)C(=O)N=Nc1c(O)[nH]c2ccc(C)cc12)=C\c1ccccc1,1,"Non-corrosive, Non-irritant, Non-sensitizer",0,non-carcinogen,0,0.96096921,0.941063166,0.952812612,0.999999523,0.994027317,0.989636898,3.004109294,yes,1,yes,no,no
9437,O=C(NCCN1CCOCC1)c1cn(CCc2ccccc2)nn1,0,"Non-corrosive, Non-irritant, Non-sensitizer",0,carcinogen,1,0.068778709,0.02278802,0.019634387,1.97E-07,0.03362941,0.000435028,2.121680258,no,0,no,no,no
9579,COc1ccc(S(=O)(=O)N2CCCC2C(=O)NCc2cccs2)cc1,0,"Non-corrosive, Non-irritant, Sensitizer",1,non-carcinogen,0,0.1661513,0.142541856,0.0480971,9.52E-05,0.196369752,0.602445781,2.475355607,no,0,no,no,no
12921,O=C(NCCCN1CCCC1=O)c1nnc(Cc2c(F)cccc2Cl)o1,0,"Non-corrosive, Non-irritant, Sensitizer",1,carcinogen,1,0.15371266,0.139153272,0.03887121,0.000836295,0.209345862,0.001647148,2.535641756,no,0,no,no,no
2291,C[C@]12CC[C@@H]3c4cc(O)c(O)cc4CC[C@H]3[C@@H]1CC[C@@H]2O,1,"Non-corrosive, Irritant, Non-sensitizer",1,carcinogen,1,0.945936322,0.750036955,0.510620236,0.999999762,1,0.999982417,3.735289811,yes,1,no,no,no
8464,CC12CCC3c4ccc(O)cc4CCC3C1CC(O)C2O,0,"Non-corrosive, Irritant, Non-sensitizer",1,carcinogen,1,0.858094811,0.750036955,0.286519825,0.999998391,1,0.999999702,3.87154208,no,0,no,no,no
8483,C[C@]12CC[C@@H]3c4ccc(O)cc4CC[C@H]3[C@@H]1CC[C@@H]2O,0,"Non-corrosive, Non-irritant, Non-sensitizer",0,non-carcinogen,0,0.88022846,0.469824255,0.294923961,0.999999166,0.999991298,0.999998093,3.585348701,no,0,yes,no,no
1712,Cc1ccc(N(CC(O)COCc2ccco2)S(=O)(=O)c2ccc(C)cc2)cc1,1,"Non-corrosive, Non-irritant, Sensitizer",1,non-carcinogen,0,0.463356912,0.351999581,0.712111533,1.60E-06,0.080427073,0.025804143,2.720085253,no,0,no,no,no
945,COC(=O)c1ccccc1N1C(=O)[C@@H]2C(c3ccc(F)cc3)=NO[C@@H]2C1=O,1,"Non-corrosive, Non-irritant, Non-sensitizer",0,non-carcinogen,0,0.713739753,0.515194416,0.83827436,0.673217654,0.123030789,0.081047535,3.114682112,no,0,yes,no,no
13289,COc1ccc(C2=NO[C@@H]3C(=O)N(c4c(C)cccc4C)C(=O)[C@H]23)cc1OC,0,"Non-corrosive, Non-irritant, Non-sensitizer",0,non-carcinogen,0,0.605877638,0.267534047,0.061209597,0.042911898,0.068056129,0.008303268,3.210239933,no,0,yes,no,no
4668,Cc1ccc(OCC(=O)NNC(=S)NC(=O)c2cccs2)c(C)c1,1,"Non-corrosive, Non-irritant, Non-sensitizer",0,non-carcinogen,0,0.867779374,0.926313281,0.949194849,0.999880373,0.953561902,0.995721281,2.158305824,yes,1,yes,no,no
8439,Cc1noc(C)c1CSCC(=O)Nc1cc(S(=O)(=O)N2CCOCC2)ccc1OCC(F)(F)F,0,"Non-corrosive, Non-irritant, Non-sensitizer",0,non-carcinogen,0,0.073283225,0.435600966,0.04276672,2.90E-05,0.84894675,0.007509149,2.639266035,no,0,yes,no,no
13415,O=C(COC(=O)c1ccc(S(=O)(=O)N2CCCC2)cc1)NCc1ccccc1,0,"Non-corrosive, Non-irritant, Non-sensitizer",0,non-carcinogen,0,0.149841174,0.103364997,0.047097892,0.059586819,0.246425584,0.011150005,1.813766199,no,0,yes,yes,no
13872,COc1ccccc1CNC(=O)COC(=O)c1ccc(S(=O)(=O)N2CCCC2)cc1,0,"Non-corrosive, Non-irritant, Non-sensitizer",0,non-carcinogen,0,0.215718478,0.245276809,0.279068202,0.999998927,0.296775281,0.866376936,1.942875662,no,0,yes,yes,no
10893,Cn1c(CSc2nc3ccccc3s2)nc2ccccc21,0,"Non-corrosive, Non-irritant, Sensitizer",1,carcinogen,1,0.237276286,0.172945485,0.032557108,0.836253583,0.060913846,0.034267291,2.079078608,no,0,no,no,no
2818,Cc1ccc(/C=[N+](\[O-])c2ccc(N(C)C)cc2)c2nsnc12,1,"Non-corrosive, Non-irritant, Non-sensitizer",0,non-carcinogen,0,0.829974532,0.884718478,0.959239185,0.999943972,0.69931531,0.123034969,2.917623853,no,0,yes,no,no
10390,N#Cc1c(N)c(C#N)c(-c2ccc(O)cc2)c2c1CCCC2,0,"Non-corrosive, Non-irritant, Sensitizer",1,non-carcinogen,0,0.704932988,0.662868977,0.12552847,0.999934733,0.611994982,0.999404073,2.54024693,no,0,no,no,no
14143,COc1ccc(/C=N/NC(=O)Cc2csc(Nc3cccc(C(F)(F)F)c3)n2)c(OC)c1,0,"Non-corrosive, Non-irritant, Non-sensitizer",0,non-carcinogen,0,0.216628641,0.592864811,0.15989159,0.083514012,0.316635758,0.908508182,2.425315589,no,0,yes,no,no
9722,CCOC(=O)c1cc2occc2n1CCCN1C(=O)c2ccccc2C1=O,0,"Non-corrosive, Non-irritant, Sensitizer",1,non-carcinogen,0,0.156366318,0.08184845,0.055904172,2.07E-05,0.062503405,0.248876259,2.381022266,no,0,no,no,no
8848,Cc1ccc(C(C(=O)NC2CCCC2)N(Cc2ccc(F)cc2)C(=O)c2csnn2)o1,0,"Non-corrosive, Non-irritant, Non-sensitizer",0,non-carcinogen,0,0.098689422,0.061040398,0.028949065,0.001205915,0.010472381,0.042305075,3.046920863,no,0,yes,no,no
10364,O=C(NC1CCCC1)C(c1ccco1)N(Cc1ccccc1)C(=O)c1csnn1,0,"Non-corrosive, Non-irritant, Non-sensitizer",0,non-carcinogen,0,0.058677819,0.052459065,0.017071238,0.00565656,0.031269979,0.02142865,2.932204735,no,0,yes,no,no
427,O=C(Nc1ccc(F)cc1)c1nn(-c2ccccc2)c(=O)cc1Cl,1,"Non-corrosive, Non-irritant, Non-sensitizer",0,non-carcinogen,0,0.748529553,0.707475245,0.889131486,0.051409464,0.873282373,0.22877191,1.956200451,no,0,yes,yes,no
12776,CC(=O)c1c(O)cc(C)n(Nc2nc(C)cc(C)n2)c1=O,0,"Non-corrosive, Non-irritant, Sensitizer",1,non-carcinogen,0,0.396202475,0.204747453,0.093875147,0.044837445,0.119078919,0.063838661,2.84235406,no,0,no,no,no
14180,CS(=O)(=O)Nc1cc2c(cc1OC1CCOCC1)C(=O)CC2,0,"Non-corrosive, Non-irritant, Sensitizer",1,non-carcinogen,0,0.711251736,0.458936989,0.435575664,0.999994695,0.742784798,0.97450006,2.58543899,no,0,no,no,no
12661,COCCN(C(=O)Cc1cccs1)c1nnc(-c2cccnc2)s1,0,"Non-corrosive, Non-irritant, Sensitizer",1,carcinogen,1,0.075504504,0.057052631,0.023285199,1.05E-07,0.042415846,0.015962966,2.533444452,no,0,no,no,no
12394,Cc1sc(NC(=O)CSc2nnc(COc3ccccc3)n2C)c(C#N)c1C,0,"Non-corrosive, Non-irritant, Non-sensitizer",0,carcinogen,1,0.077205524,0.046614662,0.03665841,9.20E-07,0.06873583,0.004701748,2.355239872,no,0,no,no,no
2591,Cc1ccc(-c2cc(C(=O)N/N=C/c3c(C)nn(-c4ccccc4)c3C)n[nH]2)s1,1,"Non-corrosive, Non-irritant, Non-sensitizer",0,non-carcinogen,0,0.837472796,0.834525585,0.960355163,0.999666691,0.980510354,0.996609688,2.619136284,yes,1,yes,no,no
14093,Cc1ccc2[nH]c(=O)c(CN(CC3CCCO3)C(=O)c3ccncc3)cc2c1,0,"Non-corrosive, Non-irritant, Non-sensitizer",0,carcinogen,1,0.09771809,0.102983281,0.024831871,2.51E-06,0.075606748,0.002077996,2.806326,no,0,no,no,no
6076,Cc1c(C2CCS(=O)(=O)CC2)c(=O)on1C(=O)N1CCCCC1,1,"Non-corrosive, Non-irritant, Sensitizer",1,non-carcinogen,0,0.858897686,0.986318827,0.996692896,0.999997258,0.978885949,0.999987841,3.034264052,yes,1,no,no,no
6934,COc1ccc([C@H](Cc2ccncc2)c2ccc(N3CCCS3(=O)=O)cc2)cc1OC1CCCC1,1,"Non-corrosive, Non-irritant, Non-sensitizer",0,non-carcinogen,0,0.882905304,0.750326753,0.978824615,0.999999642,0.238124594,0.997268319,3.072929803,no,0,yes,no,no
1286,CCC(CC)C(=O)c1c[nH]c(C(=O)NCCCN2CCOCC2)c1,1,"Non-corrosive, Non-irritant, Sensitizer",1,non-carcinogen,0,0.40250358,0.394438922,0.715349793,1.01E-06,0.100224733,0.000809478,2.504304523,no,0,no,no,no
3997,COc1ccc(C(=O)N/N=C/c2sc3ccccc3c2O)cc1,1,"Non-corrosive, Non-irritant, Non-sensitizer",0,non-carcinogen,0,0.936906993,0.976484001,0.965162754,0.999998033,0.993301988,0.999982059,2.1662132,yes,1,yes,no,no
696,O=C(C1CCCC1)N1C[C@@H]2N[C@H](C1)C2c1ccc(/C=C/c2ccccc2)cc1,1,"Non-corrosive, Non-irritant, Non-sensitizer",0,non-carcinogen,0,0.933347046,0.981036186,0.971596658,0.999999762,0.99891603,0.953086913,4.013216054,yes,1,yes,no,no
529,COc1ccc(OC)c2c(=S)c3ccccc3[nH]c12,1,"Non-corrosive, Non-irritant, Non-sensitizer",0,non-carcinogen,0,0.844295084,0.870984018,0.938756704,0.999981105,0.851097345,0.998918295,2.282400226,yes,1,yes,no,no
13636,COC(=O)c1c(NC(=O)CSc2nnnn2-c2ccccc2)sc2c1CCCC2,0,"Non-corrosive, Non-irritant, Non-sensitizer",0,carcinogen,1,0.058503713,0.102819771,0.037186399,0.000635329,0.083211176,0.014574453,2.305559427,no,0,no,no,no
14600,COc1ccc(C2=NC(=O)/C(=C/c3ccc4ccccc4c3)S2)cc1,0,"Non-corrosive, Non-irritant, Non-sensitizer",0,non-carcinogen,0,0.753657341,0.789834201,0.634853363,0.999999702,0.828469992,0.933642983,2.156216463,yes,1,yes,no,no
4951,CS(=O)(=O)Nc1cc2c(cc1Sc1ccncc1)C(=O)CC2,1,"Non-corrosive, Non-irritant, Sensitizer",1,non-carcinogen,0,0.730642378,0.881894588,0.840985656,0.979799032,0.84754771,0.789476693,2.65941095,yes,1,no,no,no
10441,Cc1cc(C)cc(-c2nnc(SCC(=O)NCc3cccs3)o2)c1,0,"Non-corrosive, Non-irritant, Sensitizer",1,carcinogen,1,0.099644899,0.073086075,0.036362752,3.60E-07,0.179993287,0.038776871,2.274436148,no,0,no,no,no
10600,Cc1ccc(S(=O)(=O)N2CCN(C(=O)CN3CCOCC3)C2c2ccccc2)cc1,0,"Non-corrosive, Non-irritant, Non-sensitizer",0,non-carcinogen,0,0.155385748,0.021446057,0.033893246,9.42E-06,0.098753959,0.002964973,2.72451968,no,0,yes,no,no
11339,O=C(O)CCN1/C(=C/C=Nc2ccccc2)Oc2ccccc21,0,"Non-corrosive, Non-irritant, Non-sensitizer",0,non-carcinogen,0,0.404997766,0.182712361,0.057319913,5.05E-07,0.038181767,0.998802423,2.566370772,no,0,yes,no,no
2825,CCN(CC)c1ccc(CNc2nc3ccccc3n2CCN2CCCCC2)cc1,1,"Non-corrosive, Non-irritant, Sensitizer",1,non-carcinogen,0,0.398065507,0.304039598,0.629122257,0.000117581,0.040926196,0.061583534,2.25973225,no,0,no,no,no
11794,Cc1csc(NC(=O)CSc2nc3ccccc3c(=O)[nH]2)n1,0,"Non-corrosive, Non-irritant, Sensitizer",1,carcinogen,1,0.319517255,0.435022056,0.10015329,0.325159788,0.567975104,0.545744777,2.258373907,no,0,no,no,no
14583,O=C(/C=C/c1ccc(S(=O)(=O)N2CCc3c([nH]c4ccccc34)C2)cc1)NO,0,"Non-corrosive, Non-irritant, Non-sensitizer",0,non-carcinogen,0,0.367857039,0.223197341,0.083834201,0.999988735,0.648504078,0.726829171,2.420643122,no,0,yes,no,no
11183,COc1ccc(Nc2nc(CC(C)=O)ns2)cc1OC,0,"Non-corrosive, Non-irritant, Sensitizer",1,non-carcinogen,0,0.393403977,0.290953189,0.081799157,0.895300269,0.184806675,0.009943143,2.324229257,no,0,no,no,no
11270,Cc1n[nH]c(=O)nc1NCc1ccco1,0,"Non-corrosive, Non-irritant, Sensitizer",1,carcinogen,1,0.15753673,0.164078787,0.056993861,0.000434512,0.046484578,0.000120111,2.527865498,no,0,no,no,no
2260,CCCCCOC(=O)c1[nH]c2c(c1C)C(=O)CC(c1ccco1)C2,1,"Non-corrosive, Non-irritant, Sensitizer",1,non-carcinogen,0,0.769000888,0.834924221,0.983232141,0.999746919,0.921339631,0.996394455,3.038111214,yes,1,no,no,no
2265,CCOC(=O)c1[nH]c2c(c1C)C(=O)CC(c1ccco1)C2,1,"Non-corrosive, Non-irritant, Sensitizer",1,non-carcinogen,0,0.655740976,0.643343151,0.982942462,0.998203635,0.833964944,0.99654758,3.025278895,yes,1,no,no,no
2632,Cc1ccc(N=C2NC(=O)/C(=C/c3cccs3)S2)cc1C,1,"Non-corrosive, Non-irritant, Non-sensitizer",0,carcinogen,1,0.800410151,0.944352746,0.957615435,0.996709645,0.999878407,0.999978483,2.945960544,yes,1,no,no,no
12113,O=C1CC(C(=O)N(CC2CCCO2)C(C(=O)NC2CCCCC2)c2ccncc2)CS1,0,"Non-corrosive, Non-irritant, Non-sensitizer",0,non-carcinogen,0,0.099038661,0.161061481,0.028839378,0.02268927,0.012322734,0.004803735,3.73008523,no,0,yes,no,no
13754,O=C(COC(=O)CN1C(=O)c2ccccc2C1=O)Nc1ncc(Cl)cc1Cl,0,"Non-corrosive, Non-irritant, Non-sensitizer",0,non-carcinogen,0,0.276572049,0.402536124,0.052326705,0.000542268,0.5159325,0.001255409,2.182271193,no,0,yes,no,no
759,CCOC(=O)c1c(Cc2c(Cl)cccc2Cl)[nH]c2c1cc(O)c1ccccc12,1,"Non-corrosive, Non-irritant, Non-sensitizer",0,non-carcinogen,0,0.944248378,0.544616997,0.91859895,0.999988854,0.520732939,0.676537216,2.549066746,yes,1,yes,no,no
883,CCOC(=O)c1c(Cc2ccc(Cl)cc2)[nH]c2c1cc(O)c1ccccc12,1,"Non-corrosive, Non-irritant, Non-sensitizer",0,non-carcinogen,0,0.875691772,0.544616997,0.937742889,0.999956906,0.520732939,0.831297338,2.392318569,yes,1,yes,no,no
5121,CCOC(=O)c1c(Cc2ccc(OC)cc2)[nH]c2c1cc(O)c1ccccc12,1,"Non-corrosive, Non-irritant, Non-sensitizer",0,non-carcinogen,0,0.837586582,0.761279404,0.919243872,0.999375165,0.771743298,0.40108496,2.376196968,no,0,yes,no,no
5168,CCOC(=O)c1c(Cc2ccc(Br)cc2)[nH]c2c1cc(O)c1ccccc12,1,"Non-corrosive, Non-irritant, Non-sensitizer",0,carcinogen,1,0.86470145,0.850055873,0.922949851,0.999960899,0.685795426,0.983829737,2.440551736,yes,1,no,no,no
5224,CCOC(=O)c1c(Cc2cccc(OC)c2)[nH]c2c1cc(O)c1ccccc12,1,"Non-corrosive, Non-irritant, Non-sensitizer",0,non-carcinogen,0,0.87935859,0.761279404,0.914832711,0.99999702,0.771743298,0.73958993,2.420779852,yes,1,yes,no,no
5253,CCOC(=O)c1c(Cc2ccc(F)cc2)[nH]c2c1cc(O)c1ccccc12,1,"Non-corrosive, Non-irritant, Non-sensitizer",0,non-carcinogen,0,0.891092539,0.67759794,0.929980874,0.999991059,0.598001897,0.736566365,2.396961526,yes,1,yes,no,no
5301,CCOC(=O)c1c(Cc2cccc(Br)c2)[nH]c2c1cc(O)c1ccccc12,1,"Non-corrosive, Non-irritant, Non-sensitizer",0,carcinogen,1,0.869090974,0.850055873,0.923423469,0.999991357,0.685795426,0.967937827,2.487526162,yes,1,no,no,no
5411,CCOC(=O)c1c(Cc2cccc(F)c2)[nH]c2c1cc(O)c1ccccc12,1,"Non-corrosive, Non-irritant, Non-sensitizer",0,non-carcinogen,0,0.841798186,0.67759794,0.950290442,0.999987662,0.598001897,0.7034536,2.44521807,yes,1,yes,no,no
5465,CCOC(=O)c1c(Cc2ccccc2Cl)[nH]c2c1cc(O)c1ccccc12,1,"Non-corrosive, Non-irritant, Non-sensitizer",0,non-carcinogen,0,0.847198665,0.544616997,0.905679286,0.999996543,0.520732939,0.852923751,2.447978309,yes,1,yes,no,no
5579,CCOC(=O)c1c(Cc2cccc(Cl)c2)[nH]c2c1cc(O)c1ccccc12,1,"Non-corrosive, Non-irritant, Non-sensitizer",0,non-carcinogen,0,0.642515123,0.544616997,0.706328094,0.999946237,0.520732939,0.264817923,2.440123764,no,0,yes,no,no
5790,CCOC(=O)c1c(Cc2c(C)cc(C)cc2C)[nH]c2c1cc(O)c1ccccc12,1,"Non-corrosive, Non-irritant, Non-sensitizer",0,non-carcinogen,0,0.919679046,0.757950544,0.957865119,0.999970078,0.854077041,0.453371853,2.602878597,no,0,yes,no,no
5897,CCOC(=O)c1c(Cc2c(F)cccc2F)[nH]c2c1cc(O)c1ccccc12,1,"Non-corrosive, Non-irritant, Non-sensitizer",0,non-carcinogen,0,0.894706666,0.67759794,0.95696348,0.999997258,0.598001897,0.593537748,2.573173075,yes,1,yes,no,no
6129,CCOC(=O)c1c(Cc2ccc(Cl)c(Cl)c2)[nH]c2c1cc(O)c1ccccc12,1,"Non-corrosive, Non-irritant, Non-sensitizer",0,non-carcinogen,0,0.829170763,0.544616997,0.788092077,0.999900937,0.520732939,0.484927744,2.496439093,no,0,yes,no,no
13977,CCOC(=O)c1c(Cc2cccc(Cl)c2)n(C)c2c1cc(OC)c1ccccc12,0,"Non-corrosive, Non-irritant, Non-sensitizer",0,non-carcinogen,0,0.229874149,0.531075478,0.080172457,0.998749971,0.678847373,0.223890647,2.352789687,no,0,yes,no,no
14330,CCOC(=O)c1c(Cc2cccc(Cl)c2)[nH]c2c1cc(O)c1cc(OC)c(OC)cc12,0,"Non-corrosive, Non-irritant, Non-sensitizer",0,non-carcinogen,0,0.393486261,0.586721957,0.326671004,0.994394481,0.326813012,0.064174682,2.593833677,no,0,yes,no,no
15105,CCOC(=O)c1c(Cc2ccc(C(F)(F)F)cc2)[nH]c2c1cc(O)c1ccccc12,0,"Non-corrosive, Non-irritant, Non-sensitizer",0,non-carcinogen,0,0.810761213,0.660430849,0.618058324,0.999965787,0.733412921,0.691999912,2.525432824,yes,1,yes,no,no
12987,Cc1cc(N2CCCCC2)n2ncc(-c3ccc(Cl)cc3)c2n1,0,"Non-corrosive, Non-irritant, Non-sensitizer",0,non-carcinogen,0,0.45798701,0.385624647,0.109346353,0.93943727,0.469063252,0.328249544,2.233531966,no,0,yes,no,no
207,COc1cc(NC(=O)Nc2cccc(C(C)=O)c2)cc(OC)c1OC,1,"Non-corrosive, Non-irritant, Non-sensitizer",0,non-carcinogen,0,0.670510232,0.771258175,0.804369926,0.970251024,0.350506276,0.088220105,1.856441872,no,0,yes,yes,no
1338,CC(=O)c1ccc(NC(=O)Nc2ccc([N+](=O)[O-])cc2C)cc1,1,"Non-corrosive, Non-irritant, Non-sensitizer",0,non-carcinogen,0,0.863212109,0.892811239,0.955383122,0.997705936,0.795771182,0.997401774,1.79293318,yes,1,yes,yes,yes
1647,O=C(Nc1ccccc1)Nc1cc(OCC(F)(F)F)cc(OCC(F)(F)F)c1,1,"Non-corrosive, Non-irritant, Sensitizer",1,non-carcinogen,0,0.633892238,0.913923264,0.900188684,0.999404192,0.755105257,0.989124715,2.238674877,yes,1,no,no,no
2369,O=C(Nc1ccc(OC(F)F)cc1)Nc1cccc(C(F)(F)F)c1,1,"Non-corrosive, Non-irritant, Non-sensitizer",0,non-carcinogen,0,0.749565244,0.900960684,0.933642209,0.999650598,0.743582904,0.928706527,1.900346091,yes,1,yes,yes,yes
2515,O=C(Nc1ccc([N+](=O)[O-])cc1)Nc1ccc(OC(F)F)c(Cl)c1,1,"Non-corrosive, Non-irritant, Non-sensitizer",0,non-carcinogen,0,0.935647845,0.955417335,0.989464521,0.999991834,0.577410221,0.999995351,1.961730706,yes,1,yes,yes,yes
2701,O=C(Nc1cccc(Cl)c1)Nc1ccc(Br)cc1F,1,"Non-corrosive, Non-irritant, Sensitizer",1,non-carcinogen,0,0.65432471,0.882756948,0.941093564,0.889144242,0.972533047,0.999996543,1.703878261,yes,1,no,yes,no
4884,COc1ccc(C)cc1NC(=O)Nc1ccccc1,1,"Non-corrosive, Non-irritant, Sensitizer",1,non-carcinogen,0,0.524014711,0.773948491,0.812613964,0.011662564,0.308692068,0.676828027,1.456695097,no,0,no,yes,no
3107,COc1ccc(-c2nc(N/N=C(\C)c3ccc(O)cc3)c3ccccc3n2)cc1,1,"Non-corrosive, Non-irritant, Non-sensitizer",0,non-carcinogen,0,0.913017631,0.954894602,0.988569021,0.999994516,0.999758303,0.999996305,2.150568218,yes,1,yes,no,no
15377,CCN1CCN(C(=S)c2ccc(OCC(=O)N3CCOCC3)cc2)CC1,0,"Non-corrosive, Non-irritant, Sensitizer",1,non-carcinogen,0,0.179985046,0.167690739,0.048316017,0.175255165,0.416365296,0.001158593,2.196679951,no,0,no,no,no
1201,CCCNC(=O)C1CCN(S(=O)(=O)c2c(C)noc2/C=C\c2ccc(OC)cc2)CC1,1,"Non-corrosive, Non-irritant, Sensitizer",1,non-carcinogen,0,0.772448182,0.824762583,0.975890458,0.999984503,0.536515415,0.987694442,2.439515905,yes,1,no,no,no
13941,CN1C/C(=C\c2ccc(N3CCCC3)cc2)C(=O)/C(=C/c2ccc(N3CCCC3)cc2)C1,0,"Non-corrosive, Non-irritant, Non-sensitizer",0,non-carcinogen,0,0.571793914,0.43822673,0.264959276,0.999884427,0.367711872,0.024222195,2.501344394,no,0,yes,no,no
8425,CC1C(=O)N2CCCc3cc(S(=O)(=O)Nc4ccccc4F)cc1c32,0,"Non-corrosive, Non-irritant, Sensitizer",1,non-carcinogen,0,0.30517143,0.303581476,0.046779446,0.988512397,0.780729949,0.071546338,2.859910131,no,0,no,no,no
8427,CC1C(=O)N2CCCc3cc(S(=O)(=O)Nc4ccccc4C(N)=O)cc1c32,0,"Non-corrosive, Non-irritant, Non-sensitizer",0,non-carcinogen,0,0.200362831,0.224746346,0.061310567,0.814107537,0.359210342,0.198673695,2.910710879,no,0,yes,no,no
8142,CC(C)=CCC1(CC=C(C)C)C(=O)C2=C(OC(C(C)(C)O)C2)C(C(=O)CC(C)C)=C1O,1,"Non-corrosive, Non-irritant, Sensitizer",1,carcinogen,1,0.93014276,0.998234034,0.990543306,0.99999994,1,0.999984622,4.245350364,yes,1,no,no,no
11255,Cc1nnc(N(Cc2ccccc2)C(=O)c2cnccn2)s1,0,"Non-corrosive, Non-irritant, Sensitizer",1,carcinogen,1,0.114191562,0.118947558,0.021414813,0.000969613,0.015077117,0.003991804,2.306053405,no,0,no,no,no
8737,O=C(CSc1nnc(-c2ccccc2F)o1)OCc1ccccc1,0,"Non-corrosive, Non-irritant, Non-sensitizer",0,carcinogen,1,0.094588354,0.142964274,0.051231343,0.003573803,0.214050621,0.016914494,2.007622914,no,0,no,no,no
2344,O=C(/C=C/c1ccccc1)CC(O)(c1ccccc1)C(F)(F)F,1,"Non-corrosive, Non-irritant, Sensitizer",1,non-carcinogen,0,0.90710032,0.927494824,0.94991219,0.999986708,0.688886881,0.99828732,2.719476498,yes,1,no,no,no
11856,c1cncc(-c2nnc(-c3ccco3)o2)c1,0,"Non-corrosive, Non-irritant, Sensitizer",1,carcinogen,1,0.172770336,0.210966662,0.07263393,0.708302915,0.022366919,0.000425423,2.155762898,no,0,no,no,no
8232,COC1=C2[C@@H]3Cc4ccc(OC)c(O)c4[C@]2(CCN3C=O)C[C@H](O)[C@@H]1O,1,"Non-corrosive, Non-irritant, Non-sensitizer",0,non-carcinogen,0,0.837408721,0.701122344,0.948783994,0.999998093,0.08713422,0.785724699,5.209648156,no,0,yes,no,no
10110,NS(=O)(=O)c1ccc(NC(=O)c2ccccc2C(=O)N2CCCCC2)cc1,0,"Non-corrosive, Non-irritant, Sensitizer",1,non-carcinogen,0,0.171532348,0.54717195,0.238564551,0.050928399,0.880674124,0.179116204,1.864867865,no,0,no,yes,no
9830,Cc1nc(SCC(=O)N2CCC(C(N)=O)CC2)n[nH]1,0,"Non-corrosive, Non-irritant, Non-sensitizer",0,non-carcinogen,0,0.163901404,0.052549016,0.018129155,0.025873723,0.08992289,0.000773694,2.355039364,no,0,yes,no,no
4479,CCOc1ccc(N(C)c2ccc(/C=C3/SC(=S)NC3=O)cc2)cc1,1,"Non-corrosive, Non-irritant, Non-sensitizer",0,non-carcinogen,0,0.916673958,0.907916486,0.969149351,0.99999851,0.967265904,0.999972403,2.362895006,yes,1,yes,no,no
4737,O=C(Nc1ccc(F)cc1)NC1(C(=O)NCc2ccco2)CCCCC1,1,"Non-corrosive, Non-irritant, Non-sensitizer",0,non-carcinogen,0,0.448608756,0.549491465,0.486777991,0.001064027,0.603255093,0.00616486,2.26946272,no,0,yes,no,no
11865,O=C(Nc1ccccc1)NC1(C(=O)NCc2ccco2)CCCCC1,0,"Non-corrosive, Non-irritant, Non-sensitizer",0,non-carcinogen,0,0.262524664,0.277282298,0.247940421,0.000321648,0.417827487,0.004527641,2.210906874,no,0,yes,no,no
4162,CCOC(=O)C1(CCOc2ccccc2)CCN(Cc2ccc(COC)o2)CC1,1,"Non-corrosive, Non-irritant, Sensitizer",1,non-carcinogen,0,0.514508486,0.545813501,0.759380102,7.24E-06,0.338596106,0.002416545,2.475730306,no,0,no,no,no
764,Cc1cccc(Nc2ncc(C(=O)NCCc3c(C)[nH]c4ccccc34)cn2)n1,1,"Non-corrosive, Non-irritant, Non-sensitizer",0,non-carcinogen,0,0.961335063,0.952322721,0.997952819,0.999998629,0.932025015,0.987525225,2.411629207,yes,1,yes,no,no
769,Cc1[nH]c2ccccc2c1CCNC(=O)c1cnc(Nc2ccccn2)nc1,1,"Non-corrosive, Non-irritant, Sensitizer",1,non-carcinogen,0,0.944483757,0.93301475,0.997508526,0.999974549,0.918510616,0.99462837,2.349827432,yes,1,no,no,no
775,Cc1[nH]c2ccccc2c1CCNC(=O)c1cnc(Nc2cccc(C#N)n2)nc1,1,"Non-corrosive, Non-irritant, Non-sensitizer",0,non-carcinogen,0,0.949210823,0.83581835,0.997271478,0.999999106,0.656189799,0.989490449,2.58577642,yes,1,yes,no,no
776,Cc1[nH]c2ccccc2c1CCNC(=O)c1cnc(Nc2cc(F)ccn2)nc1,1,"Non-corrosive, Non-irritant, Non-sensitizer",0,non-carcinogen,0,0.961282969,0.935234904,0.996512353,0.999992549,0.973346353,0.993027151,2.527948438,yes,1,yes,no,no
777,CC(=O)c1cccc(Nc2ncc(C(=O)NCCc3c(C)[nH]c4ccccc34)cn2)n1,1,"Non-corrosive, Non-irritant, Non-sensitizer",0,non-carcinogen,0,0.972215652,0.892333746,0.996673465,0.999997914,0.784866035,0.976542413,2.531805519,yes,1,yes,no,no
780,CC(=O)c1ccc(Nc2ncc(C(=O)NCCc3c(C)[nH]c4ccccc34)cn2)nc1,1,"Non-corrosive, Non-irritant, Non-sensitizer",0,carcinogen,1,0.945388079,0.928662658,0.995227695,0.999983072,0.869005859,0.986063302,2.479225916,yes,1,no,no,no
782,COc1ccc2[nH]c(C)c(CCNC(=O)c3cnc(Nc4cc(C)cc(C)n4)nc3)c2c1,1,"Non-corrosive, Non-irritant, Non-sensitizer",0,carcinogen,1,0.961863637,0.911941528,0.996847332,0.007700845,0.884137034,0.996777534,2.557083467,no,0,no,no,no
783,Cc1[nH]c2ccccc2c1CCNC(=O)c1cnc(Nc2cccc(F)n2)nc1,1,"Non-corrosive, Non-irritant, Non-sensitizer",0,non-carcinogen,0,0.950688601,0.935234904,0.997098804,0.999997616,0.973346353,0.992206454,2.509805031,yes,1,yes,no,no
785,CC(=O)c1ccnc(Nc2ncc(C(=O)NCCc3c(C)[nH]c4ccccc34)cn2)c1,1,"Non-corrosive, Non-irritant, Non-sensitizer",0,carcinogen,1,0.974805772,0.928662658,0.996891677,0.999998808,0.869005859,0.991232932,2.489038016,yes,1,no,no,no
786,Cc1[nH]c2ccccc2c1CCNC(=O)c1cnc(Nc2cc(C(C)(C)C)ccn2)nc1,1,"Non-corrosive, Non-irritant, Non-sensitizer",0,carcinogen,1,0.933865964,0.969232559,0.998113871,0.999995112,0.877371609,0.98779726,2.561605529,yes,1,no,no,no
787,Cc1cc(C)nc(Nc2ncc(C(=O)NCC(O)c3c(C)[nH]c4ccccc34)cn2)c1,1,"Non-corrosive, Non-irritant, Non-sensitizer",0,non-carcinogen,0,0.900861681,0.712076306,0.995141625,0.881750107,0.33324784,0.962202013,3.062710446,no,0,yes,no,no
788,Cc1cc(C)nc(Nc2ncc(C(=O)NCCc3c(C(F)(F)F)[nH]c4ccccc34)cn2)c1,1,"Non-corrosive, Non-irritant, Non-sensitizer",0,carcinogen,1,0.953745902,0.898068666,0.996219337,0.001474841,0.917290568,0.976259053,2.737104569,no,0,no,no,no
792,Cc1ccnc(Nc2ncc(C(=O)NCCc3c(C)[nH]c4ccccc34)cn2)c1,1,"Non-corrosive, Non-irritant, Non-sensitizer",0,carcinogen,1,0.955572188,0.952322721,0.997969925,0.999999642,0.932025015,0.98817575,2.421509427,yes,1,no,no,no
793,Cc1cc(C)nc(Nc2ncc(C(=O)NCCc3c(C)[nH]c4ccc(F)cc34)cn2)c1,1,"Non-corrosive, Non-irritant, Non-sensitizer",0,non-carcinogen,0,0.967158854,0.952986121,0.994324505,0.998497725,0.970805645,0.966452301,2.574211221,yes,1,yes,no,no
796,Cc1cc(C)nc(Nc2ncc(C(=O)NCCc3c(C)[nH]c4c(F)cc(F)cc34)cn2)c1,1,"Non-corrosive, Non-irritant, Non-sensitizer",0,non-carcinogen,0,0.969584763,0.952986121,0.993476808,0.867581487,0.970805645,0.988866985,2.743544819,yes,1,yes,no,no
797,Cc1cc(C)nc(Nc2ncc(C(=O)NCCc3c(C)[nH]c4ccccc34)cn2)c1,1,"Non-corrosive, Non-irritant, Non-sensitizer",0,carcinogen,1,0.983649373,0.953035057,0.99860841,0.999979734,0.925439417,0.983366072,2.480660258,yes,1,no,no,no
798,Cc1[nH]c2ccccc2c1CCNC(=O)c1cnc(Nc2cccc(C(C)(C)C)n2)nc1,1,"Non-corrosive, Non-irritant, Non-sensitizer",0,non-carcinogen,0,0.934407115,0.969232559,0.998378515,0.999971688,0.877371609,0.983527303,2.580360221,yes,1,yes,no,no
799,COc1cccc(Nc2ncc(C(=O)NCCc3c(C)[nH]c4ccccc34)cn2)n1,1,"Non-corrosive, Non-irritant, Non-sensitizer",0,non-carcinogen,0,0.952094555,0.909421742,0.995626211,0.999999285,0.868628502,0.994738936,2.481866606,yes,1,yes,no,no
800,Cc1cc(C)nc(Nc2ncc(C(=O)NCCc3c(C)[nH]c4c(Cl)cc(Cl)cc34)cn2)c1,1,"Non-corrosive, Non-irritant, Non-sensitizer",0,non-carcinogen,0,0.969767272,0.943081379,0.997266889,0.999990225,0.801755965,0.983582497,2.72199405,yes,1,yes,no,no
801,Cc1cc(C)nc(Nc2ncc(C(=O)NCCc3c(C)[nH]c4ccc(Cl)cc34)cn2)c1,1,"Non-corrosive, Non-irritant, Non-sensitizer",0,non-carcinogen,0,0.963245988,0.943081379,0.996149421,0.999966025,0.801755965,0.978835642,2.564990941,yes,1,yes,no,no
802,CCC(C)(O)c1cccc(Nc2ncc(C(=O)NCCc3c(C)[nH]c4ccccc34)cn2)n1,1,"Non-corrosive, Non-irritant, Non-sensitizer",0,non-carcinogen,0,0.958223999,0.870353758,0.994220257,0.99999851,0.699650228,0.929783285,3.204581105,yes,1,yes,no,no
7882,CC[C@H](C)CN1C(=O)c2cc3c(cc2[C@@]24C=C[C@@H](OC)C[C@@H]2N(C)C(=O)[C@@H]14)OCO3,1,"Non-corrosive, Non-irritant, Non-sensitizer",0,non-carcinogen,0,0.831111908,0.835944772,0.973725617,0.999999702,0.784840107,0.993134856,5.070577187,yes,1,yes,no,no
15553,CC1=C(C(=O)Nc2ccccc2C)C(c2ccc(C)o2)n2c(s/c(=C/c3ccccc3)c2=O)=N1,0,"Non-corrosive, Non-irritant, Non-sensitizer",0,non-carcinogen,0,0.411583483,0.455930859,0.196844816,0.999998212,0.872196972,0.991463423,2.953411364,no,0,yes,no,no
6009,COc1ccc(C(C)Cn2ccnc2NC#N)cc1OCCC1Cc2ccccc2C1,1,"Non-corrosive, Non-irritant, Sensitizer",1,non-carcinogen,0,0.750415683,0.913778663,0.97003907,0.999999583,0.824439406,0.999989629,3.321702159,yes,1,no,no,no
10940,COc1cccc(NC(=O)N2CCC(C(=O)Nc3ccc(C)cc3C)CC2)c1,0,"Non-corrosive, Non-irritant, Sensitizer",1,non-carcinogen,0,0.299785197,0.136540353,0.075327784,0.801211953,0.179852635,0.013959569,1.876900826,no,0,no,yes,no
9044,CCn1c(CNc2ccccc2Cl)nnc1SCCN1CCCCC1,0,"Non-corrosive, Non-irritant, Sensitizer",1,carcinogen,1,0.050860386,0.135877535,0.012597945,5.46E-05,0.086019762,0.000921427,2.236446389,no,0,no,no,no
9756,CCn1c(CNc2ccc(F)cc2)nnc1SCCN1CCCCC1,0,"Non-corrosive, Non-irritant, Sensitizer",1,non-carcinogen,0,0.049720161,0.100381002,0.020654982,6.46E-08,0.038017642,0.002439815,2.211779371,no,0,no,no,no
15317,CCOC(=O)C1=C(C)N=c2s/c(=C3/C(=O)Nc4ccccc43)c(=O)n2C1c1ccc(C)cc1,0,"Non-corrosive, Non-irritant, Sensitizer",1,non-carcinogen,0,0.271044552,0.386129588,0.201246932,0.998323798,0.38574937,0.995547831,3.031493,no,0,no,no,no
15775,Cc1cccc(OCCOCCSc2ncccn2)c1,0,"Non-corrosive, Non-irritant, Non-sensitizer",0,carcinogen,1,0.354023755,0.196721613,0.26503545,0.999710202,0.036686439,0.978140533,2.129530919,no,0,no,no,no
10164,CC(C)(C)NC(=O)CN(C(=O)c1ccc(CN2CCOCC2)o1)c1ccc2c(c1)OCCO2,0,"Non-corrosive, Non-irritant, Non-sensitizer",0,non-carcinogen,0,0.166925624,0.079026885,0.032461774,3.27E-07,0.011019701,0.012541283,2.653963468,no,0,yes,no,no
14217,O=C(NS(=O)(=O)c1ccccc1)c1cccnc1,0,"Non-corrosive, Non-irritant, Sensitizer",1,non-carcinogen,0,0.12204472,0.044446871,0.011162736,2.48E-05,0.037553776,1.93E-05,1.724473345,no,0,no,yes,no
14238,Cc1ccc(S(=O)(=O)NC(=O)c2cccnc2)cc1,0,"Non-corrosive, Non-irritant, Sensitizer",1,non-carcinogen,0,0.134902731,0.048556227,0.010773402,0.000115077,0.048975591,6.46E-05,1.770363312,no,0,no,yes,no
14247,O=C(NS(=O)(=O)c1ccc(F)cc1)c1cccnc1,0,"Non-corrosive, Non-irritant, Sensitizer",1,non-carcinogen,0,0.118739307,0.08114472,0.014103923,6.16E-07,0.170513123,4.43E-05,1.7955398,no,0,no,yes,no
14636,O=C(NS(=O)(=O)c1ccc(Cl)cc1)c1cccnc1,0,"Non-corrosive, Non-irritant, Sensitizer",1,non-carcinogen,0,0.155572206,0.117100634,0.027767906,0.080343232,0.267353594,0.000168786,1.788794372,no,0,no,yes,no
14706,O=C(NS(=O)(=O)c1ccc(Br)cc1)c1cccnc1,0,"Non-corrosive, Non-irritant, Sensitizer",1,non-carcinogen,0,0.160229012,0.108335681,0.01814751,0.016353087,0.256644487,3.40E-05,1.858868973,no,0,no,yes,no
15306,CC(=O)/C(=N\Nc1ccccc1)Oc1ccc([N+](=O)[O-])cc1,0,"Non-corrosive, Non-irritant, Non-sensitizer",0,non-carcinogen,0,0.659590423,0.647812963,0.185242906,0.999994278,0.981537223,0.983955145,2.347325342,no,0,yes,no,no
2299,COc1ccccc1/C=C/C1(C(=O)NC2CCCC2)CC(=O)N1c1ccc(F)cc1,1,"Non-corrosive, Non-irritant, Non-sensitizer",0,non-carcinogen,0,0.738802493,0.966300368,0.935056746,0.473835409,0.999000549,0.945874929,3.009415565,no,0,yes,no,no
5323,COc1ccc2cc(C(=O)NCc3nn[nH]n3)cnc2c1,1,"Non-corrosive, Non-irritant, Non-sensitizer",0,carcinogen,1,0.504912496,0.546265721,0.658874094,0.543389678,0.320702225,0.046797756,2.291791666,no,0,no,no,no
15764,O=C(NCc1cccs1)c1nn2cccnc2c1Cl,0,"Non-corrosive, Non-irritant, Sensitizer",1,non-carcinogen,0,0.266481549,0.420081645,0.029485459,0.001285061,0.461545318,0.007370402,2.429351601,no,0,no,no,no
642,CCCNC(=O)N1[C@H](CO)[C@H](c2ccc(-c3cccc(OC)c3)cc2)[C@@H]1C#N,1,"Non-corrosive, Non-irritant, Non-sensitizer",0,non-carcinogen,0,0.941351056,0.99521184,0.993764281,0.999996662,0.999999344,0.999993145,3.315282041,yes,1,yes,no,no
643,CCCNC(=O)N1[C@@H](C#N)[C@H](c2ccc(-c3cccc(OC)c3)cc2)[C@@H]1CO,1,"Non-corrosive, Non-irritant, Non-sensitizer",0,non-carcinogen,0,0.941351056,0.99521184,0.993764281,0.999996662,0.999999344,0.999993145,3.315282041,yes,1,yes,no,no
10953,COc1cccc(N2CC(O)=C(c3nc4ccccc4c(=O)[nH]3)C2=N)c1,0,"Non-corrosive, Non-irritant, Non-sensitizer",0,non-carcinogen,0,0.289628148,0.191677719,0.079018436,0.12965478,0.015013754,0.85893321,2.713720134,no,0,yes,no,no
9019,Cn1cnnc1Sc1nc2c(c(=O)n(C)c(=O)n2C)n1C,0,"Non-corrosive, Non-irritant, Non-sensitizer",0,non-carcinogen,0,0.179974869,0.281579673,0.042404052,3.39E-05,0.417691082,0.056564368,2.755083297,no,0,yes,no,no
3228,C[C@@]12CCC=C[C@H]1[C@H](c1ccc3ccccc3c1Br)N(Cc1ccccc1)C2=O,1,"Non-corrosive, Non-irritant, Non-sensitizer",0,non-carcinogen,0,0.878148913,0.892474234,0.957583666,0.999927998,0.821924746,0.998541236,3.643123261,yes,1,yes,no,no
3232,C[C@@H]1CC=C[C@H]2[C@H]1C(=O)N(Cc1ccccc1)[C@H]2c1ccc2ccccc2c1Br,1,"Non-corrosive, Non-irritant, Non-sensitizer",0,carcinogen,1,0.825454772,0.875569582,0.972422123,0.948737025,0.568740726,0.979634941,3.635839873,yes,1,no,no,no
15501,Cc1c(Cl)cccc1NC(=O)CCCCCN1C(=O)CCC1=O,0,"Non-corrosive, Non-irritant, Sensitizer",1,non-carcinogen,0,0.239036977,0.121102758,0.046636485,0.00043216,0.145061329,0.0057541,2.030640735,no,0,no,no,no
4764,CC(=O)c1c(C)[nH]c(C(=O)CSc2nnc(C3CCCCC3)n2N)c1C,1,"Non-corrosive, Non-irritant, Non-sensitizer",0,non-carcinogen,0,0.128418401,0.227209002,0.883308649,8.65E-08,0.003244491,0.51423198,2.622308336,no,0,yes,no,no
10721,CC(C)C(=O)Nc1nnc(SCC(=O)NC2CC2)s1,0,"Non-corrosive, Non-irritant, Sensitizer",1,non-carcinogen,0,0.109796651,0.103355832,0.036738437,3.46E-07,0.019819558,0.000837831,2.182176162,no,0,no,no,no
7647,O=c1ccc2c3c(cc[n+]2[O-])c2ccccc2n13,1,"Non-corrosive, Non-irritant, Non-sensitizer",0,non-carcinogen,0,0.624195397,0.92928654,0.988111377,0.003119225,0.745162904,0.999998093,2.814600041,no,0,yes,no,no
15192,Cc1ccc(S(=O)(=O)N2CCN(C(=O)CSc3nnnn3C)C2)cc1,0,"Non-corrosive, Non-irritant, Non-sensitizer",0,non-carcinogen,0,0.039874621,0.029178036,0.01651499,5.80E-07,0.007371319,0.000515063,2.387750357,no,0,yes,no,no
3478,O=C(Nc1ccc2nc3n(c(=O)c2c1)CCCCC3)c1cc([N+](=O)[O-])ccc1F,1,"Non-corrosive, Non-irritant, Sensitizer",1,non-carcinogen,0,0.784217238,0.866898537,0.956862986,0.999804497,0.77852428,0.250893205,2.298301695,no,0,no,no,no
4636,O=C(Nc1ccc2nc3n(c(=O)c2c1)CCCCC3)c1c(F)ccc([N+](=O)[O-])c1F,1,"Non-corrosive, Non-irritant, Sensitizer",1,non-carcinogen,0,0.876718402,0.866898537,0.940262914,0.999373257,0.77852428,0.565170169,2.551185022,yes,1,no,no,no
4031,COc1ccc(CC(=O)NC(=S)NNC(=O)COc2c(C)cccc2C)cc1,1,"Non-corrosive, Non-irritant, Sensitizer",1,non-carcinogen,0,0.769859612,0.910473347,0.877277017,0.999991357,0.9972139,0.629135132,2.129273225,yes,1,no,no,no
7209,C=C1C(=O)O[C@@H]2C[C@@]3(C)CCC[C@H](C)C3=C[C@H]12,1,"Non-corrosive, Non-irritant, Sensitizer",1,carcinogen,1,0.882370889,0.986634135,0.998741806,0.969730258,1,0.99999994,4.518825377,yes,1,no,no,no
1426,O=C(NN=C1CCN(Cc2ccccc2)CC1)c1ccccc1,1,"Non-corrosive, Non-irritant, Sensitizer",1,non-carcinogen,0,0.404472172,0.773394525,0.709826469,0.98523581,0.481814116,0.005866453,1.899883664,no,0,no,yes,no
8765,Fc1ccc(CSc2nnc(-c3cccs3)o2)cc1,0,"Non-corrosive, Non-irritant, Sensitizer",1,carcinogen,1,0.224240035,0.12370044,0.080421314,0.997401893,0.434954435,0.999705255,2.083039603,no,0,no,no,no
10022,c1ccc(CSc2nnc(-c3cccs3)o2)cc1,0,"Non-corrosive, Irritant, Sensitizer",1,carcinogen,1,0.145685971,0.051699698,0.074911945,0.001128815,0.085823551,0.99953866,1.999648759,no,0,no,yes,no
10668,Fc1ccccc1CSc1nnc(-c2cccs2)o1,0,"Non-corrosive, Irritant, Sensitizer",1,carcinogen,1,0.218964458,0.182997018,0.091957077,0.948557317,0.633273542,0.999888599,2.143851416,no,0,no,no,no
5385,Cc1c(CN2CCN(C(=O)C3CCCC3)CC2)cccc1Nc1nc2c(s1)CCCC2=O,1,"Non-corrosive, Non-irritant, Non-sensitizer",0,carcinogen,1,0.463211983,0.268813848,0.703714728,0.590643108,0.123948313,0.152153626,2.563119559,no,0,no,no,no
7164,O=C1CCC23Oc4ccc(O)c5c4[C@](Oc4cccc1c42)(O3)[C@H](O)CC5=O,1,"Non-corrosive, Non-irritant, Non-sensitizer",0,non-carcinogen,0,0.947574198,0.927284718,0.978284001,0.998425663,0.995741069,0.998462856,5.68571424,yes,1,yes,no,no
2754,CN1C/C(=C/c2cccnc2)C(=O)/C(=C/c2cccnc2)C1,1,"Non-corrosive, Non-irritant, Sensitizer",1,non-carcinogen,0,0.738229573,0.822691619,0.955248237,0.999622643,0.995622516,0.997986972,2.632032973,yes,1,no,no,no
9091,CCOC(=O)c1sc(NC(=O)CSc2nc(-c3ccco3)cc(C(F)(F)F)n2)c(C#N)c1C,0,"Non-corrosive, Non-irritant, Non-sensitizer",0,non-carcinogen,0,0.228195772,0.241834998,0.073321089,6.60E-06,0.019179979,0.018470611,2.785039862,no,0,yes,no,no
1429,O=C(CO/N=C/c1ccccc1OC(F)F)NCc1cccs1,1,"Non-corrosive, Irritant, Non-sensitizer",1,non-carcinogen,0,0.733898222,0.745746434,0.848360419,0.999770761,0.717885375,0.993577063,2.396348864,yes,1,no,no,no
11918,Cn1c(-c2ccccc2)cnc1SCc1nc2ccccc2c(=O)[nH]1,0,"Non-corrosive, Non-irritant, Non-sensitizer",0,non-carcinogen,0,0.173510894,0.199168757,0.042840052,1.90E-06,0.080227003,0.012308332,2.309292332,no,0,yes,no,no
66,C1=Nc2c(NCc3ccccc3)ncnc2Oc2ccccc21,1,"Non-corrosive, Non-irritant, Sensitizer",1,non-carcinogen,0,0.681814194,0.763025403,0.967325509,0.002498145,0.01697221,0.801214457,2.579381245,no,0,no,no,no
11171,Clc1ccc(OCc2nnc(SCc3nnc(-c4ccccc4)o3)o2)c(Cl)c1,0,"Non-corrosive, Non-irritant, Non-sensitizer",0,carcinogen,1,0.215200484,0.147672459,0.032867379,0.999943793,0.093494713,0.01867217,2.332271522,no,0,no,no,no
5560,O=C(O)c1noc(-c2ccc(OCc3nc4ccccc4s3)cc2)c1-c1ccc(Cl)cc1,1,"Non-corrosive, Irritant, Non-sensitizer",1,non-carcinogen,0,0.608748496,0.70206666,0.895315647,0.999855638,0.814997137,0.958832383,2.384593504,yes,1,no,no,no
2353,O=S(=O)(Nc1nc2ccccc2nc1N1CCN(c2ccccc2F)CC1)c1ccc(Cl)cc1,1,"Non-corrosive, Non-irritant, Non-sensitizer",0,non-carcinogen,0,0.76605016,0.739267588,0.943371892,0.999992967,0.834342062,0.129237473,2.255264452,no,0,yes,no,no
8024,C=C(CO)[C@@H]1C[C@H](O)C(=C)[C@@H]2C=C[C@](C)(OO)[C@H]2C1,1,"Non-corrosive, Non-irritant, Non-sensitizer",0,non-carcinogen,0,0.966564596,0.980316699,0.995273769,0.999997854,1,0.999999762,5.362336195,yes,1,yes,no,no
7954,CC1(C)C=Cc2c(ccc3c2OC(c2ccc4c(c2)OCO4)CC3=O)O1,1,"Non-corrosive, Non-irritant, Non-sensitizer",0,non-carcinogen,0,0.937539458,0.991420507,0.995999098,0.999986529,0.999995768,0.999936104,3.311222407,yes,1,yes,no,no
7956,COc1cc2c(c3c1C(=O)C[C@@H](c1ccc4c(c1)OCO4)O3)C=CC(C)(C)O2,1,"Non-corrosive, Non-irritant, Non-sensitizer",0,non-carcinogen,0,0.951509237,0.99419421,0.994093955,0.99999994,0.999969661,0.999922097,3.383014846,yes,1,yes,no,no
7962,CC(C)=CCc1cc2c(c3c1OC(C)(C)C=C3)O[C@H](c1ccc3c(c1)OCO3)CC2=O,1,"Non-corrosive, Non-irritant, Non-sensitizer",0,non-carcinogen,0,0.968441784,0.995004237,0.997562528,0.999999821,0.999999762,0.999979556,3.656490166,yes,1,yes,no,no
9313,COC(=O)c1ccc(NC(=O)Cn2nnc3ccccc32)cc1,0,"Non-corrosive, Non-irritant, Non-sensitizer",0,non-carcinogen,0,0.055796616,0.127353355,0.035592899,3.35E-06,0.096698776,0.00113056,1.79408313,no,0,yes,yes,no
9328,COCCNC(=O)CN(C(=O)Cn1nnc2ccccc21)c1ccccc1,0,"Non-corrosive, Non-irritant, Sensitizer",1,non-carcinogen,0,0.082448706,0.06413158,0.015409128,1.01E-07,0.038567722,0.009939134,2.197286317,no,0,no,no,no
9699,COC(=O)c1cccc(NC(=O)Cn2nnc3ccccc32)c1,0,"Non-corrosive, Non-irritant, Non-sensitizer",0,non-carcinogen,0,0.121706188,0.127353355,0.025537502,0.001716324,0.096698776,0.010704579,1.841348864,no,0,yes,yes,no
11634,COCCNC(=O)CN(C(=O)Cn1nnc2ccccc21)c1ccc(F)c(Cl)c1,0,"Non-corrosive, Non-irritant, Sensitizer",1,non-carcinogen,0,0.071835808,0.111984581,0.032658275,3.45E-08,0.071222618,0.013536413,2.389075053,no,0,no,no,no
13644,Cc1ccc(C2(C)NC(=O)N(CC(=O)NC(=O)NC3CCCC3)C2=O)cc1,0,"Non-corrosive, Non-irritant, Non-sensitizer",0,non-carcinogen,0,0.316960126,0.089388989,0.089997135,0.999872267,0.002910318,0.605448604,2.661703494,no,0,yes,no,no
9634,c1ccc2c(-n3cnnn3)cccc2c1,0,"Non-corrosive, Irritant, Sensitizer",1,non-carcinogen,0,0.180750713,0.258327186,0.11163085,8.29E-06,0.225520015,0.000167853,1.927394657,no,0,no,yes,no
4876,CCc1ccccc1NC(=O)C1NC(=O)CC1c1ccccc1,1,"Non-corrosive, Non-irritant, Non-sensitizer",0,non-carcinogen,0,0.301920831,0.529302418,0.789160669,1.56E-06,0.393530577,0.092375994,2.926104867,no,0,yes,no,no
4204,CCCN(CCC)CCCNC(=S)Nc1ccc2nc(N3CCN(C)CC3)cc(C)c2c1,1,"Non-corrosive, Non-irritant, Non-sensitizer",0,non-carcinogen,0,0.69363147,0.91906774,0.835398972,2.96E-05,0.971137404,0.913132668,2.522433086,no,0,yes,no,no
9100,Cc1cc(C)c2nc(N3CCN(C)CC3)c(C#N)cc2c1,0,"Non-corrosive, Non-irritant, Non-sensitizer",0,non-carcinogen,0,0.298720211,0.501946449,0.014802337,0.00042273,0.622917593,0.002361966,2.356733321,no,0,yes,no,no
11913,COc1ccccc1CNS(=O)(=O)c1cccc(S(=O)(=O)N2CCOCC2)c1,0,"Non-corrosive, Non-irritant, Non-sensitizer",0,non-carcinogen,0,0.214137301,0.135575309,0.025258888,6.98E-07,0.296840847,0.000927196,2.079909979,no,0,yes,no,no
8616,Cc1ccc(CNC(=O)COC(=O)c2ccc(S(=O)(=O)N3CCOCC3)cc2)cc1,0,"Non-corrosive, Non-irritant, Non-sensitizer",0,non-carcinogen,0,0.157927439,0.06241598,0.03037505,3.19E-05,0.296031326,0.005458456,1.96704453,no,0,yes,yes,no
2350,COc1ccc(-c2cc(C(F)(F)F)nc(S(C)(=O)=O)n2)cc1,1,"Non-corrosive, Non-irritant, Non-sensitizer",0,non-carcinogen,0,0.655792296,0.872779369,0.932005942,0.994832516,0.926224947,0.809376121,2.230733005,yes,1,yes,no,no
2930,Cc1ccc(-c2cc(C(F)F)nc(S(C)(=O)=O)n2)cc1,1,"Non-corrosive, Non-irritant, Sensitizer",1,non-carcinogen,0,0.558593631,0.811705232,0.960893393,0.996247709,0.984096587,0.901850343,2.384246565,yes,1,no,no,no
3650,COc1ccccc1-c1cc(C(F)(F)F)nc(S(=O)(=O)CCCC(=O)NC(C)C)n1,1,"Non-corrosive, Non-irritant, Non-sensitizer",0,non-carcinogen,0,0.716133893,0.90047276,0.960584402,0.101478368,0.912762821,0.999082327,2.54645352,no,0,yes,no,no
15909,CCOc1cc(-c2ccccc2)nc(N)n1,0,"Non-corrosive, Non-irritant, Sensitizer",1,carcinogen,1,0.445166349,0.262028933,0.097923264,0.308594108,0.051145852,0.012276067,1.889278241,no,0,no,yes,no
1348,O=C(/C=C/c1ccc2c(c1)OCO2)Nc1nc2ccccc2s1,1,"Non-corrosive, Non-irritant, Sensitizer",1,carcinogen,1,0.696448326,0.915005744,0.965849221,0.991203904,0.977368712,0.99995929,2.118659004,yes,1,no,no,no
1796,O=C(NCc1ccco1)c1cccn2c(=O)c3cc4ccccc4cc3nc12,1,"Non-corrosive, Non-irritant, Non-sensitizer",0,carcinogen,1,0.596896231,0.411613196,0.860517263,0.001701222,0.197280273,0.123756684,2.305198914,no,0,no,no,no
9788,Cc1cccc(N(C(=O)Cn2nnc3ccccc32)C(C(=O)NCc2ccco2)c2ccncc2)c1,0,"Non-corrosive, Non-irritant, Non-sensitizer",0,non-carcinogen,0,0.065014698,0.079585195,0.007892966,2.16E-06,0.020107016,0.012575063,2.995758202,no,0,yes,no,no
11059,Cc1ccc(C)c(N(C(=O)Cn2nnc3ccccc32)C(C(=O)NCc2ccco2)c2ccncc2)c1,0,"Non-corrosive, Non-irritant, Non-sensitizer",0,non-carcinogen,0,0.038502317,0.059749596,0.007993683,3.91E-08,0.030549021,0.015418738,3.061817341,no,0,yes,no,no
2678,O=C(Nc1cc(Cl)cc(Cl)c1)c1ccc(Cn2c(=O)[nH]c3ccsc3c2=O)cc1,1,"Non-corrosive, Non-irritant, Non-sensitizer",0,non-carcinogen,0,0.828987479,0.761361659,0.929770172,0.999982119,0.795866907,0.173192427,2.283219518,no,0,yes,no,no
8733,CC1=C(C(=O)OCCOC(C)C)C(c2cc3c(cc2Br)OCO3)C2=C(CCCC2=O)N1,0,"Non-corrosive, Non-irritant, Non-sensitizer",0,non-carcinogen,0,0.343742937,0.104700804,0.038608994,0.00491895,0.003954091,0.028951425,3.251930382,no,0,yes,no,no
8694,COCCCNC(=O)c1cn(Cc2c(F)cccc2Cl)nn1,0,"Non-corrosive, Non-irritant, Sensitizer",1,non-carcinogen,0,0.198565111,0.059755888,0.062358197,0.000139487,0.057831161,0.443120897,2.219552141,no,0,no,no,no
9542,O=C(Nc1nnc(CC(=O)N2CCOCC2)s1)C1COc2ccccc2O1,0,"Non-corrosive, Non-irritant, Sensitizer",1,carcinogen,1,0.09009514,0.212531105,0.098224498,1.20E-06,0.244383842,0.228637949,2.897018517,no,0,no,no,no
9072,CCN1C(=O)c2cccc3c(NS(=O)(=O)c4ccc(NC(C)=O)cc4)ccc1c23,0,"Non-corrosive, Non-irritant, Non-sensitizer",0,non-carcinogen,0,0.387607872,0.287643641,0.181950465,0.976453602,0.356411099,0.968470991,2.180370904,no,0,yes,no,no
2435,COc1ccc(/C=N/NC(=O)c2ccc3ccccc3c2)cc1OS(=O)(=O)c1ccc(NC(C)=O)cc1,1,"Non-corrosive, Non-irritant, Non-sensitizer",0,non-carcinogen,0,0.984552622,0.94639641,0.987397134,0.99999994,0.999995887,0.999748051,2.311636065,yes,1,yes,no,no
8592,C[C@@H]1COC(=O)[C@@H](Cc2ccc(F)cc2)C/C=C\C[C@@H](CC(=O)N[C@H](CO)Cc2ccccc2)C(=O)N1,0,"Non-corrosive, Non-irritant, Non-sensitizer",0,non-carcinogen,0,0.198318794,0.249629691,0.055483207,0.918366373,0.526545644,0.123132415,4.292250571,no,0,yes,no,no
10997,O=C(/C=N/O)CCCCCN1CCCCCC1,0,"Non-corrosive, Non-irritant, Sensitizer",1,non-carcinogen,0,0.278502107,0.160617828,0.137754455,0.000223981,0.026756899,0.00012986,2.3701052,no,0,no,no,no
172,CCOC(=O)COc1ccc(Cl)cc1C1NC(=O)NC(C)=C1C(C)=O,1,"Non-corrosive, Non-irritant, Sensitizer",1,non-carcinogen,0,0.495893627,0.543509841,0.866585672,1.55E-05,0.017924227,0.021651872,2.812698877,no,0,no,no,no
1602,COc1ccc(Br)cc1C1NC(=O)NC(C)=C1C(=O)N(C)C,1,"Non-corrosive, Non-irritant, Non-sensitizer",0,non-carcinogen,0,0.513190687,0.591442108,0.885726154,0.000242135,0.022367449,0.076053634,2.809762021,no,0,yes,no,no
9583,CC1=C(C(N)=O)C(c2ccc(Cl)cc2)NC(=O)N1,0,"Non-corrosive, Non-irritant, Sensitizer",1,non-carcinogen,0,0.344409585,0.149724022,0.085614994,0.000152777,0.02247758,0.724630833,2.61871002,no,0,no,no,no
10620,COC(=O)C1=C(C)C(c2ccc(OC)cc2OC)NC(=O)N1,0,"Non-corrosive, Non-irritant, Sensitizer",1,non-carcinogen,0,0.411180705,0.180928484,0.113000169,0.044213425,0.004470816,0.097115427,2.950486428,no,0,no,no,no
11762,CCOC(=O)C1=C(C)NC(=O)NC1c1ccc(NC(C)=O)cc1,0,"Non-corrosive, Non-irritant, Sensitizer",1,non-carcinogen,0,0.291392416,0.09298218,0.01526958,0.000560952,0.00371848,0.059650324,2.539899987,no,0,no,no,no
12628,CCOCCOC(=O)C1=C(C)N(C)C(=O)NC1c1ccccc1F,0,"Non-corrosive, Non-irritant, Sensitizer",1,non-carcinogen,0,0.2387207,0.197112426,0.032021858,1.06E-06,0.137719572,0.026438061,2.793739371,no,0,no,no,no
13804,Cc1ccc(C2(C)NC(=O)N(Cc3c(C)noc3C)C2=O)cc1,0,"Non-corrosive, Non-irritant, Sensitizer",1,non-carcinogen,0,0.195481271,0.27025646,0.065569833,8.06E-06,0.630087316,0.095322512,2.720192294,no,0,no,no,no
10395,CC1Oc2ccccc2N(CC(=O)Nc2ccc3c(c2)OCO3)C1=O,0,"Non-corrosive, Non-irritant, Non-sensitizer",0,non-carcinogen,0,0.08877746,0.121610381,0.021442072,0.00011741,0.084522545,0.008097344,2.568558153,no,0,yes,no,no
2158,CC(C)c1nc2n[nH]c(N)c2c2c1CCCC2,1,"Non-corrosive, Non-irritant, Sensitizer",1,carcinogen,1,0.524671733,0.759967625,0.917714119,0.996390164,0.745312572,0.40418148,2.852809851,no,0,no,no,no
12599,CC1CCCCC1NC(=O)c1ccc2c(c1)[nH]c(=O)n2C1CCCC1,0,"Non-corrosive, Non-irritant, Sensitizer",1,non-carcinogen,0,0.303396791,0.347882271,0.078668334,0.978515148,0.977374673,0.148475617,2.937836435,no,0,no,no,no
11301,O=C(Nc1ccc2nn(-c3ccccc3)nc2c1)c1cccnc1,0,"Non-corrosive, Non-irritant, Sensitizer",1,non-carcinogen,0,0.104328386,0.233795241,0.049378257,0.674815238,0.315518379,0.245549873,1.989697159,no,0,no,yes,no
11737,COc1ccc(-n2nc3cc(C)c(NC(=O)c4cccnc4)cc3n2)cc1,0,"Non-corrosive, Non-irritant, Non-sensitizer",0,non-carcinogen,0,0.321353644,0.330351889,0.126953676,0.999836564,0.345010936,0.868825853,2.150248447,no,0,yes,no,no
10051,O=C(NC1CCCCC1)C1CCCN1C(=O)NCc1ccccc1,0,"Non-corrosive, Non-irritant, Non-sensitizer",0,non-carcinogen,0,0.069709085,0.04435904,0.014067568,0.007577729,0.106037356,2.82E-05,2.356029721,no,0,yes,no,no
2423,FC(F)(F)c1nc2ccccc2n2c(-c3ccc(Cl)cc3)nnc12,1,"Non-corrosive, Non-irritant, Non-sensitizer",0,non-carcinogen,0,0.84020251,0.749021471,0.938777924,0.999954104,0.177818626,0.999469519,2.326723528,no,0,yes,no,no
7886,CO[C@@H]1C=C[C@@]2(CN(CCc3ccc(O)cc3)C(=O)c3cc4c(cc32)OCO4)[C@@H](N(C)C=O)C1,1,"Non-corrosive, Non-irritant, Non-sensitizer",0,non-carcinogen,0,0.924514174,0.852992296,0.977055073,0.99999398,0.219150856,0.998497367,4.691674921,no,0,yes,no,no
6418,O=C1CCCN1C1CCN(CCOc2ccc(Oc3nc4ccccc4s3)cc2)CC1,1,"Non-corrosive, Non-irritant, Sensitizer",1,non-carcinogen,0,0.950753868,0.820996583,0.987816513,0.999995887,0.967075229,0.999796808,2.373022433,yes,1,no,no,no
11354,CN(C)c1nc(OCCOC(=O)c2ccccc2)nc(N(C)C)n1,0,"Non-corrosive, Non-irritant, Non-sensitizer",0,carcinogen,1,0.193367779,0.044734593,0.063799798,6.01E-06,0.050220802,0.000720068,2.31507735,no,0,no,no,no
12241,COc1ccc(-c2nnn(CC(=O)N(CC(=O)NC3CCCC3)Cc3cccs3)n2)cc1OC,0,"Non-corrosive, Non-irritant, Non-sensitizer",0,non-carcinogen,0,0.020434357,0.015991332,0.01360856,9.14E-08,0.020246251,0.000861365,2.53819789,no,0,yes,no,no
12711,COc1ccc(-c2nnn(CC(=O)N(Cc3cccs3)C(C)C(=O)NC3CCCC3)n2)cc1OC,0,"Non-corrosive, Non-irritant, Non-sensitizer",0,non-carcinogen,0,0.053309314,0.025425183,0.016228598,4.37E-08,0.016668282,0.002432529,3.068341595,no,0,yes,no,no
4493,CN1CCN(c2ccc3c(c2)S(=O)(=O)c2ccccc2C3=O)CC1,1,"Non-corrosive, Non-irritant, Sensitizer",1,non-carcinogen,0,0.556467891,0.703456402,0.893877149,0.78743273,0.576514482,0.131759554,2.371450677,no,0,no,no,no
12351,CCCn1c(SCC(=O)c2ccc3c(c2)OCCO3)nnc1-c1ccco1,0,"Non-corrosive, Non-irritant, Sensitizer",1,non-carcinogen,0,0.031053212,0.062123936,0.010338788,1.55E-07,0.026899265,0.010792451,2.38489714,no,0,no,no,no
15029,CCCCn1c(SCC(=O)c2ccc3c(c2)OCCO3)nnc1-c1ccco1,0,"Non-corrosive, Non-irritant, Non-sensitizer",0,non-carcinogen,0,0.031424355,0.052348815,0.015232734,1.28E-07,0.02401264,0.018967958,2.39324019,no,0,yes,no,no
2044,C=C(C)C(=O)Nc1cccc(C2=NOC3(C2)C[C@@H](C(N)=O)N(C(=O)/C(C)=C/C)C3)c1,1,"Non-corrosive, Non-irritant, Non-sensitizer",0,non-carcinogen,0,0.903584242,0.933165669,0.978705823,0.999998927,0.010044134,0.863047302,4.238806158,no,0,yes,no,no
2045,C/C=C\C=C/C(=O)Nc1cccc(C2=NOC3(C2)C[C@@H](C(N)=O)N(C(=O)/C=C/C=C\C)C3)c1,1,"Non-corrosive, Non-irritant, Non-sensitizer",0,non-carcinogen,0,0.913039386,0.888075054,0.971946537,0.999891222,0.043817155,0.883156836,4.448371065,no,0,yes,no,no
2047,C=C(C)C(=O)Nc1cccc(C2=NOC3(C2)C[C@@H](C(N)=O)N(C(=O)/C=C/C=C/C)C3)c1,1,"Non-corrosive, Non-irritant, Non-sensitizer",0,non-carcinogen,0,0.862977505,0.924588978,0.975923061,0.999802291,0.036080476,0.812098205,4.31397878,no,0,yes,no,no
2071,C/C=C/C=C\C(=O)Nc1cccc(C2=NOC3(C2)C[C@H](C(N)=O)N(C(=O)/C=C/C)C3)c1,1,"Non-corrosive, Non-irritant, Sensitizer",1,non-carcinogen,0,0.91326344,0.888075054,0.976037741,0.999965608,0.043817155,0.899973571,4.323575727,no,0,no,no,no
2072,C=C(C)C(=O)Nc1cccc(C2=NOC3(C2)C[C@@H](C(N)=O)N(C(=O)CCCCC)C3)c1,1,"Non-corrosive, Non-irritant, Non-sensitizer",0,non-carcinogen,0,0.810238302,0.9613114,0.980426311,0.999997914,0.576127708,0.814085603,3.975615811,yes,1,yes,no,no
3216,CC(C)[C@H](CO)Nc1nc(NCc2ccc(S(N)(=O)=O)cc2)c2ncn(C(C)C)c2n1,1,"Non-corrosive, Non-irritant, Non-sensitizer",0,non-carcinogen,0,0.647031128,0.839519739,0.932083726,0.999715149,0.85787046,0.981810927,3.144512838,yes,1,yes,no,no
14563,Cc1oc(/C=N/NC(=O)CN(c2ccccc2Br)S(C)(=O)=O)cc1Br,0,"Non-corrosive, Non-irritant, Non-sensitizer",0,non-carcinogen,0,0.684912384,0.304647595,0.11356096,0.999999464,0.4519822,0.991328537,2.761019336,no,0,yes,no,no
13288,Cc1ccc(-c2nc3ccccc3c(=O)n2CCN2CCOCC2)cc1,0,"Non-corrosive, Non-irritant, Sensitizer",1,non-carcinogen,0,0.211815089,0.080857173,0.051286757,1.29E-05,0.146143764,0.052341178,2.005203579,no,0,no,no,no
12697,O=c1[nH]c2cc3c(cc2cc1C(c1nnnn1C1CCCCC1)N1CCSCC1)OCCO3,0,"Non-corrosive, Non-irritant, Non-sensitizer",0,non-carcinogen,0,0.048622787,0.071895607,0.011313531,3.68E-05,0.090815932,0.00497603,3.371663269,no,0,yes,no,no
8939,CCn1c(SCC(=O)c2cccs2)nnc1-c1ccco1,0,"Non-corrosive, Non-irritant, Non-sensitizer",0,carcinogen,1,0.076732889,0.029893627,0.008019426,0.003296844,0.007007467,0.011828338,2.322214617,no,0,no,no,no
1574,Cc1cccc(NC(=O)CN2CCN(CC(=O)Nc3cccc(C)c3)CC2)c1,1,"Non-corrosive, Non-irritant, Non-sensitizer",0,non-carcinogen,0,0.198479414,0.154947743,0.261604935,0.000659109,0.216720536,3.70E-05,1.805951775,no,0,yes,yes,no
15171,COc1ccc(NC(=O)CN2CCN(CC(=O)Nc3ccccc3F)CC2)cc1OC,0,"Non-corrosive, Non-irritant, Non-sensitizer",0,non-carcinogen,0,0.284474432,0.149897814,0.079004318,0.404031724,0.066548973,0.005483109,1.903070836,no,0,yes,yes,no
15177,CCOc1ccc(NC(=O)CN2CCN(CC(=O)Nc3ccc(F)c(F)c3)CC2)cc1,0,"Non-corrosive, Non-irritant, Non-sensitizer",0,non-carcinogen,0,0.199682757,0.207101092,0.120535605,0.000321579,0.349939674,0.024588866,1.935248983,no,0,yes,yes,no
1839,O=S(=O)(Nc1cc(Sc2cccc3cccnc23)c(O)c2ccccc12)c1ccccc1,1,"Non-corrosive, Non-irritant, Non-sensitizer",0,non-carcinogen,0,0.822330534,0.803637087,0.975246489,0.999996901,0.911466599,0.99759531,2.350939906,yes,1,yes,no,no
1734,O=c1oc2c(CN3CCCCCC3)c(O)ccc2cc1-c1nc2ccccc2[nH]1,1,"Non-corrosive, Non-irritant, Non-sensitizer",0,non-carcinogen,0,0.660385549,0.61911875,0.915592968,0.000107904,0.179505199,0.160566583,2.437642116,no,0,yes,no,no
104,O=C(NC1CC1)c1c[nH]c2ccc(S(=O)(=O)Nc3cccc(C(F)(F)F)c3)cc2c1=O,1,"Non-corrosive, Non-irritant, Sensitizer",1,non-carcinogen,0,0.626861215,0.901239872,0.859183788,0.909703791,0.972540379,0.813048601,2.326789133,yes,1,no,no,no
2476,COc1ccc([N+](=O)[O-])cc1COc1ccc2c(-c3ccccc3)cc(=O)oc2c1,1,"Non-corrosive, Non-irritant, Non-sensitizer",0,carcinogen,1,0.826484263,0.869446337,0.918821096,0.733231306,0.680262089,0.998185754,2.152466162,yes,1,no,no,no
3772,C=C1C[C@@]23CCC4[C@@](C)(CCC[C@@]4(C)C(=O)OC)C2CC[C@]1(OC(C)=O)C3,1,"Non-corrosive, Non-irritant, Non-sensitizer",0,non-carcinogen,0,0.803283751,0.984451652,0.986700833,0.999998987,0.999997854,0.999999404,5.676515832,yes,1,yes,no,no
7416,C=C1[C@H]2CC[C@@H]3C(CC[C@@H]4C(C)(C)[C@H](O)CC[C@]43C)(C2)[C@@H]1OC(=O)/C(C)=C\C,1,"Non-corrosive, Non-irritant, Non-sensitizer",0,non-carcinogen,0,0.967943847,0.986470163,0.990431249,0.999999881,0.999896586,0.999999106,5.771391566,yes,1,yes,no,no
15364,O=C(CCCSc1nc2ccccc2s1)NC1=NCCS1,0,"Non-corrosive, Non-irritant, Sensitizer",1,carcinogen,1,0.20905751,0.263117671,0.047482796,7.05E-06,0.179728478,0.001599358,2.520482826,no,0,no,no,no
2956,CC(C)(C)C(=O)Cn1ncc(Br)c(Br)c1=O,1,"Non-corrosive, Irritant, Sensitizer",1,carcinogen,1,0.42583704,0.827434242,0.935916483,0.000355076,0.644316316,0.009431723,2.707174367,no,0,no,no,no
2962,CC(=O)Cn1ncc(Br)c(Br)c1=O,1,"Non-corrosive, Irritant, Sensitizer",1,carcinogen,1,0.407164484,0.869431555,0.889046013,0.009558897,0.896121919,0.021215238,2.676011696,no,0,no,no,no
9188,COC(=O)C(C)Oc1ccc(=O)[nH]n1,0,"Non-corrosive, Non-irritant, Sensitizer",1,non-carcinogen,0,0.289788485,0.16973424,0.065696232,0.011449702,0.007514094,0.971013546,2.959984871,no,0,no,no,no
11449,Cn1nc(OCC(N)=O)ccc1=O,0,"Non-corrosive, Non-irritant, Sensitizer",1,non-carcinogen,0,0.220387608,0.309747905,0.057205107,0.014779269,0.03763191,0.003560908,2.341882827,no,0,no,no,no
2405,CCOC(=O)/C(N=Nc1ccc(F)cc1)=C(/O)c1ccc([N+](=O)[O-])cc1,1,"Non-corrosive, Non-irritant, Sensitizer",1,non-carcinogen,0,0.856154978,0.98654592,0.969204783,0.999998987,0.999574661,0.99999702,2.672544874,yes,1,no,no,no
3094,O=C(/C(N=Nc1cccc([N+](=O)[O-])c1)=C(/O)c1ccc(Br)cc1)C(F)(F)F,1,"Non-corrosive, Irritant, Non-sensitizer",1,non-carcinogen,0,0.896836042,0.992346168,0.977691889,0.998355687,0.999181151,0.999040782,2.948474329,yes,1,no,no,no
2840,O=C1N/C(=C/c2ccc(N3CCOCC3)o2)C(=O)N1c1cccc(Cl)c1,1,"Non-corrosive, Non-irritant, Sensitizer",1,non-carcinogen,0,0.805802345,0.819389164,0.95476228,0.997718394,0.972732842,0.289735615,2.563457182,no,0,no,no,no
4580,CC1(c2ccc(OC(F)F)cc2)NC(=O)N(CC(=O)Nc2ccccc2)C1=O,1,"Non-corrosive, Non-irritant, Sensitizer",1,non-carcinogen,0,0.595889509,0.652958512,0.9297629,0.999900401,0.492766172,0.562363029,2.542553219,no,0,no,no,no
8693,COc1ccc(C2(O)CCN(Cc3nnnn3Cc3ccc(C)cc3)CC2)cc1,0,"Non-corrosive, Non-irritant, Non-sensitizer",0,non-carcinogen,0,0.072315454,0.044613041,0.025530176,0.000198962,0.079315618,0.000699974,2.328560526,no,0,yes,no,no
1913,Oc1c(Br)cc(C=Nc2ccc3nc(-c4ccccc4)[nH]c3c2)c(O)c1Br,1,"Non-corrosive, Non-irritant, Non-sensitizer",0,non-carcinogen,0,0.94092828,0.948124766,0.972351789,0.999994993,0.951078773,0.999639809,2.676554933,yes,1,yes,no,no
14997,Cc1cc(NC(=O)CSc2nnc(C3COc4ccccc4O3)o2)no1,0,"Non-corrosive, Non-irritant, Non-sensitizer",0,carcinogen,1,0.054241102,0.177414492,0.037050758,2.83E-06,0.117383145,0.006804141,3.018413734,no,0,no,no,no
7240,COc1cc2c(cc1O)[C@@H]1Cc3ccc(OC)c(O)c3CN1CC2,1,"Non-corrosive, Non-irritant, Non-sensitizer",0,non-carcinogen,0,0.75361377,0.615674913,0.918241262,0.907661796,0.249658048,0.356757432,2.993734291,no,0,yes,no,no
4752,O=C(N1CCN(c2ccccn2)CC1)N1c2ccccc2Sc2ccccc21,1,"Non-corrosive, Non-irritant, Sensitizer",1,non-carcinogen,0,0.322989076,0.485035419,0.843329251,3.99E-05,0.464950264,0.016353745,2.298217369,no,0,no,no,no
13700,O=C(O)CSc1nnc(-c2ccco2)o1,0,"Non-corrosive, Non-irritant, Sensitizer",1,carcinogen,1,0.069347508,0.026183574,0.015317441,0.000286003,0.002754349,0.018317156,2.320717376,no,0,no,no,no
10204,CCc1c(C)nc(N)n2c(SCC(=O)N3CCCc4ccccc43)nnc12,0,"Non-corrosive, Non-irritant, Non-sensitizer",0,carcinogen,1,0.049933702,0.093836978,0.039211713,8.23E-06,0.107563198,0.690369129,2.652505782,no,0,no,no,no
9362,CC(=O)Nc1sc2c(c1C#N)CCCCC2,0,"Non-corrosive, Non-irritant, Sensitizer",1,non-carcinogen,0,0.258874625,0.106257342,0.023243017,0.000124687,0.202838585,0.019327881,2.209828475,no,0,no,no,no
10257,O=C(NCc1ccc2c(c1)OCO2)c1ccc(-n2cnnn2)cc1,0,"Non-corrosive, Non-irritant, Non-sensitizer",0,non-carcinogen,0,0.155796081,0.05178925,0.035154179,1.25E-05,0.005757617,0.004560623,2.092587734,no,0,yes,no,no
12072,O=C(NC1CCCCC1)N(CCN1CCCC1)Cc1cc2cc3c(cc2[nH]c1=O)OCCO3,0,"Non-corrosive, Non-irritant, Sensitizer",1,carcinogen,1,0.095404826,0.117744952,0.00726145,0.000370761,0.070656277,0.001238842,2.610548896,no,0,no,no,no
781,Cc1cc(C)nc(Nc2ncc(C(=O)NCCc3c(C)nn4ccccc34)cn2)c1,1,"Non-corrosive, Non-irritant, Non-sensitizer",0,carcinogen,1,0.879996479,0.805158734,0.941447377,3.21E-05,0.528808594,0.987222552,2.691181367,no,0,no,no,no
15916,CC(c1ccccc1)C1CC(=O)N(Cc2ccco2)C1=O,0,"Non-corrosive, Non-irritant, Non-sensitizer",0,non-carcinogen,0,0.167048126,0.117009632,0.032990716,3.95E-06,0.311942011,0.003980984,3.040981512,no,0,yes,no,no
1252,CCn1c2ccc(/C(C)=N\O)cc2c2cc(/C(C)=N\O)ccc21,1,"Non-corrosive, Non-irritant, Non-sensitizer",0,carcinogen,1,0.701794207,0.766590893,0.896190941,0.143508911,0.299063534,0.001785578,2.488866215,no,0,no,no,no
2839,CCn1c2ccccc2c2cc(/C=N/O)ccc21,1,"Non-corrosive, Non-irritant, Sensitizer",1,carcinogen,1,0.691556573,0.681949854,0.881156921,2.01E-05,0.446128815,0.002370357,2.12374087,no,0,no,no,no
6698,COc1ccc(C2=NN(CCOCCn3ccnc3)C(=O)[C@@H]3CC=CC[C@H]23)cc1OC,1,"Non-corrosive, Non-irritant, Non-sensitizer",0,non-carcinogen,0,0.870847762,0.928509414,0.9888708,0.999999762,0.96292758,0.99991256,3.564243902,yes,1,yes,no,no
14846,COc1ccc2cc(C(=O)NC(C)c3ccncn3)cnc2c1,0,"Non-corrosive, Non-irritant, Non-sensitizer",0,non-carcinogen,0,0.539153278,0.501816094,0.232504934,0.158376858,0.140571833,0.689443529,2.675260326,no,0,yes,no,no
11008,COc1ccccc1Nc1nc2c(s1)CCC2,0,"Non-corrosive, Non-irritant, Non-sensitizer",0,carcinogen,1,0.328954756,0.348447412,0.059941631,0.000127672,0.396817654,0.116704367,2.024367813,no,0,no,no,no
9613,COc1cc(S(=O)(=O)N2CCC(O)(c3cccc(C(F)(F)F)c3)CC2)ccc1-n1cnnn1,0,"Non-corrosive, Non-irritant, Non-sensitizer",0,non-carcinogen,0,0.09695816,0.107941777,0.03959053,4.40E-06,0.075374879,0.016028967,2.695101915,no,0,yes,no,no
15254,O=C(Nc1ccc(N2CCCCC2)c(Cl)c1)c1cccnc1,0,"Non-corrosive, Non-irritant, Sensitizer",1,non-carcinogen,0,0.163939282,0.571259201,0.103127502,0.964185476,0.799528837,0.013033032,1.833047155,no,0,no,yes,no
9133,CCOc1ccc(NC(=O)c2cc3n(n2)C(C(F)(F)F)CC(c2ccco2)N3)cc1,0,"Non-corrosive, Non-irritant, Non-sensitizer",0,non-carcinogen,0,0.242405638,0.166625351,0.019201014,2.33E-05,0.072070323,0.006668476,3.653278123,no,0,yes,no,no
2480,C=CCSc1nc2ccccc2n1C(=O)/C=C/c1ccc(OC)c(OC)c1,1,"Non-corrosive, Non-irritant, Sensitizer",1,carcinogen,1,0.835030019,0.887116313,0.932336986,0.99607271,0.927056551,0.15999499,2.434193295,no,0,no,no,no
2508,CCSc1nc2ccccc2n1C(=O)/C=C/c1ccc(OC)c(OC)c1,1,"Non-corrosive, Non-irritant, Non-sensitizer",0,carcinogen,1,0.855001628,0.823367655,0.933323801,0.999900043,0.942318022,0.273291826,2.288448616,no,0,no,no,no
2939,O=C(/C=C/c1cccc([N+](=O)[O-])c1)n1cnc2ccccc21,1,"Non-corrosive, Non-irritant, Sensitizer",1,carcinogen,1,0.903462648,0.936025083,0.942230463,0.991819859,0.908234239,0.733118892,2.30065083,yes,1,no,no,no
8750,CCn1c(SCC(=O)N2CCCC2)nc2ccccc2c1=O,0,"Non-corrosive, Non-irritant, Non-sensitizer",0,carcinogen,1,0.203504771,0.171230242,0.067798823,0.015553021,0.146557659,0.017177939,1.937336544,no,0,no,yes,no
9009,CCOC(=O)Nc1sc(=S)n(C)c1C,0,"Non-corrosive, Non-irritant, Non-sensitizer",0,carcinogen,1,0.340519905,0.216129765,0.087677591,0.769671619,0.599793911,0.980574012,2.721622374,no,0,no,no,no
1822,CCCCn1c(=O)[nH]c2nc3cc(N)ccc3nc2c1=O,1,"Non-corrosive, Non-irritant, Non-sensitizer",0,non-carcinogen,0,0.499681443,0.19583866,0.905743837,1.01E-05,0.149687752,0.44351691,2.465172173,no,0,yes,no,no
14063,COc1ccc(CCNC(=O)C(C)Sc2ccccc2)cc1OC,0,"Non-corrosive, Non-irritant, Non-sensitizer",0,non-carcinogen,0,0.268044353,0.396002114,0.163124487,0.008626567,0.586948991,0.84037286,2.243519133,no,0,yes,no,no
8550,COc1ccc(S(=O)(=O)N2CCOCC2)cc1NC(=O)c1ccc(OCC(C)C)c(OC)c1,0,"Non-corrosive, Non-irritant, Sensitizer",1,non-carcinogen,0,0.192055076,0.170193776,0.019413892,0.000737669,0.196527109,0.004078033,2.166258604,no,0,no,no,no
8551,COc1ccc(Br)c(C(=O)Nc2cccc(S(=O)(=O)N3CCOCC3)c2)c1,0,"Non-corrosive, Non-irritant, Non-sensitizer",0,non-carcinogen,0,0.232620299,0.289927721,0.059194513,0.001008655,0.697470009,0.030430172,2.023932844,no,0,yes,no,no
8619,COc1ccc(C(=O)Nc2ccc(Cl)c(S(=O)(=O)N3CCOCC3)c2)cc1,0,"Non-corrosive, Non-irritant, Non-sensitizer",0,non-carcinogen,0,0.370121688,0.241081104,0.10525018,0.995580375,0.28349486,0.092125006,1.904143573,no,0,yes,yes,no
8620,Cc1ccc(S(=O)(=O)N2CCOCC2)cc1NC(=O)c1ccc(F)cc1F,0,"Non-corrosive, Non-irritant, Non-sensitizer",0,non-carcinogen,0,0.179646462,0.209647268,0.123990662,4.20E-05,0.557964921,0.069923855,2.019848423,no,0,yes,no,no
5169,N#C/C(=C1/Nc2ccccc2S1)c1ccnc(NCCc2ccc([N+](=O)[O-])cc2)n1,1,"Non-corrosive, Non-irritant, Sensitizer",1,carcinogen,1,0.879697204,0.862040937,0.840604722,0.999994934,0.541282475,0.900653124,2.760779073,yes,1,no,no,no
5509,N#C/C(=C1/Nc2ccccc2S1)c1ccnc(NCCc2ccccc2F)n1,1,"Non-corrosive, Non-irritant, Sensitizer",1,non-carcinogen,0,0.849199533,0.665684342,0.713106215,0.999979556,0.94542104,0.90866673,2.725201729,yes,1,no,no,no
5946,N#C/C(=C1/Nc2ccccc2S1)c1ccnc(NCCc2ccc(N)cc2)n1,1,"Non-corrosive, Non-irritant, Non-sensitizer",0,carcinogen,1,0.747609615,0.687993944,0.668570697,0.999944925,0.786481678,0.899786353,2.744194599,yes,1,no,no,no
6148,N#C/C(=C1/Nc2ccccc2S1)c1ccnc(NCCc2ccc(S(N)(=O)=O)cc2)n1,1,"Non-corrosive, Non-irritant, Non-sensitizer",0,non-carcinogen,0,0.718866765,0.852045119,0.842012465,0.999997556,0.9811728,0.916962385,2.780101284,yes,1,yes,no,no
14463,N#C/C(=C1/Nc2ccccc2S1)c1ccnc(NCCc2cccc(Cl)c2)n1,0,"Non-corrosive, Non-irritant, Sensitizer",1,non-carcinogen,0,0.428070128,0.565687895,0.330468833,0.999611855,0.84008199,0.928406954,2.710416738,no,0,no,no,no
14607,N#C/C(=C1/Nc2ccccc2S1)c1ccnc(NCCc2ccc(O)cc2)n1,0,"Non-corrosive, Non-irritant, Non-sensitizer",0,non-carcinogen,0,0.678173125,0.432365656,0.317563653,0.999995232,0.855326891,0.935006976,2.725237188,no,0,yes,no,no
14655,COc1ccc(CCNc2nccc(/C(C#N)=C3\Nc4ccccc4S3)n2)cc1,0,"Non-corrosive, Non-irritant, Non-sensitizer",0,non-carcinogen,0,0.57710284,0.432459444,0.238997325,0.999997795,0.826858938,0.911489367,2.643347093,no,0,yes,no,no
14886,N#C/C(=C1/Nc2ccccc2S1)c1ccnc(NCCc2cccc(F)c2)n1,0,"Non-corrosive, Non-irritant, Sensitizer",1,non-carcinogen,0,0.566640794,0.605901062,0.456075877,0.999559581,0.965060294,0.902854919,2.715200415,no,0,no,no,no
6254,Cc1ccc(S(=O)(=O)N2CCC(C(=O)NC3CCC3)CC2)c(C)c1,1,"Non-corrosive, Non-irritant, Sensitizer",1,non-carcinogen,0,0.841642678,0.877418399,0.913766563,0.999977112,0.992653072,0.920582592,2.025041196,yes,1,no,no,no
9015,Cc1onc(-c2ccccc2)c1C(N)=O,0,"Non-corrosive, Non-irritant, Sensitizer",1,carcinogen,1,0.276515365,0.230780065,0.092890806,0.001392245,0.082481325,0.008107615,1.916358394,no,0,no,yes,no
9131,COCCCNC(=O)c1c(-c2ccccc2)noc1C,0,"Non-corrosive, Non-irritant, Sensitizer",1,non-carcinogen,0,0.182960391,0.197965384,0.022657603,0.00823299,0.348476917,0.008812054,1.927123083,no,0,no,yes,no
9701,CCCCOCCCNC(=O)c1c(-c2ccccc2)noc1C,0,"Non-corrosive, Non-irritant, Sensitizer",1,non-carcinogen,0,0.261797875,0.180398598,0.023119006,0.95356673,0.141878903,0.007382901,2.036174738,no,0,no,no,no
13579,O=C1NC(Cc2c[nH]c3ccccc23)C(=O)N1Cc1nnc(-c2ccccc2Br)o1,0,"Non-corrosive, Non-irritant, Non-sensitizer",0,non-carcinogen,0,0.263356596,0.224159047,0.082019195,0.094854452,0.219375789,0.390070379,2.989656149,no,0,yes,no,no
5554,COc1ccc2cc(C(=O)NC3CCN(C(C)=O)CC3)cnc2c1,1,"Non-corrosive, Non-irritant, Sensitizer",1,non-carcinogen,0,0.761247873,0.53583765,0.7682693,0.997301638,0.110838309,0.974489331,2.067372849,no,0,no,no,no
5846,COc1ccc2cc(C(=O)NC3CCN(S(C)(=O)=O)CC3)cnc2c1,1,"Non-corrosive, Non-irritant, Sensitizer",1,non-carcinogen,0,0.80094862,0.65235132,0.846131802,0.999941766,0.125174284,0.97384125,2.169691236,no,0,no,no,no
14804,COc1ccc2cc(C(=O)NC3CCNCC3)cnc2c1,0,"Non-corrosive, Non-irritant, Non-sensitizer",0,non-carcinogen,0,0.811161101,0.542569995,0.711209536,0.999817669,0.880946159,0.903272986,2.130229749,yes,1,yes,no,no
6282,CCCCCCCCc1ccc(OCC(=O)Cn2nnc3cc(C(=O)O)ccc32)cc1,1,"Non-corrosive, Non-irritant, Non-sensitizer",0,non-carcinogen,0,0.653424919,0.46972844,0.826245427,0.888776541,0.105928212,0.012218637,2.306371465,no,0,yes,no,no
6417,CCCCCCCCc1ccc(OCC(=O)Cn2nnc3ccc(C(=O)O)cc32)cc1,1,"Non-corrosive, Non-irritant, Non-sensitizer",0,non-carcinogen,0,0.553661227,0.46972844,0.86739713,0.146073073,0.105928212,0.006582418,2.333304568,no,0,yes,no,no
14802,CCCCCCCCc1ccc(OCC(=O)Cn2nnc3ccccc32)cc1,0,"Non-corrosive, Non-irritant, Sensitizer",1,non-carcinogen,0,0.325090557,0.158360392,0.165354043,0.017288078,0.173074797,0.004214739,2.14969141,no,0,no,no,no
6004,CC(=O)N1CCN(c2ccc(Nc3ncc(C)c(N4CCC5(CCNC5=O)CC4)n3)cc2)CC1,1,"Non-corrosive, Non-irritant, Sensitizer",1,non-carcinogen,0,0.939956725,0.945490777,0.987138689,0.999994636,0.941046476,0.999893963,3.210328904,yes,1,no,no,no
4253,O=C(Cc1ccc(Cl)cc1Cl)OCC(=O)N1CCN(C(=O)c2ccco2)CC1,1,"Non-corrosive, Non-irritant, Sensitizer",1,non-carcinogen,0,0.53644383,0.295530289,0.676772892,3.65E-06,0.123392738,0.090337694,2.181595081,no,0,no,no,no
4441,O=C1C(=O)N(Cc2cccs2)c2ccccc21,1,"Non-corrosive, Non-irritant, Sensitizer",1,non-carcinogen,0,0.410172284,0.283088654,0.911655962,0.987273991,0.03360635,0.675846159,1.958323411,no,0,no,yes,no
11290,c1ccc(Cn2nnnc2C(c2ccccn2)N2CCOCC2)cc1,0,"Non-corrosive, Non-irritant, Non-sensitizer",0,non-carcinogen,0,0.067137815,0.008901993,0.007946542,2.37E-06,0.00236045,0.003001355,2.709673692,no,0,yes,no,no
1649,C/C(=N\NC(=O)COc1ccc(C(C)(C)C)cc1)c1cc2ccccc2o1,1,"Non-corrosive, Non-irritant, Non-sensitizer",0,non-carcinogen,0,0.611302853,0.742737234,0.875409842,0.024641247,0.883411109,0.13908571,2.194413614,no,0,yes,no,no
12632,CCCC(=O)Nc1ccc(NC(=O)C2CC2)cn1,0,"Non-corrosive, Non-irritant, Sensitizer",1,non-carcinogen,0,0.144041136,0.024505638,0.021784363,0.000124183,0.000229017,5.47E-05,1.860217888,no,0,no,yes,no
2938,BrC(=C\c1ccccc1)/C=N/n1cnnc1,1,"Non-corrosive, Irritant, Sensitizer",1,non-carcinogen,0,0.867857993,0.888512194,0.792069733,0.999432206,0.999541581,0.998876095,2.869179899,yes,1,no,no,no
12218,Cc1nnc(C)n1/N=C/C=C/c1ccccc1,0,"Non-corrosive, Non-irritant, Sensitizer",1,carcinogen,1,0.458298266,0.437424928,0.231222197,0.99999702,0.739678562,0.999180853,2.517894525,no,0,no,no,no
11054,COCCNC(=O)CN(C(=O)CCC(=O)Nc1cc(C)on1)c1ccc(C)cc1C,0,"Non-corrosive, Non-irritant, Sensitizer",1,carcinogen,1,0.114791825,0.079646133,0.101169311,0.154133961,0.54185605,0.002225988,2.464999149,no,0,no,no,no
11517,COCCNC(=O)CN(C(=O)CCC(=O)Nc1cc(C)on1)c1cccc(C)c1C,0,"Non-corrosive, Non-irritant, Sensitizer",1,carcinogen,1,0.068592168,0.079646133,0.063103728,1.53E-05,0.54185605,0.002384989,2.492074218,no,0,no,no,no
2445,CN(C)/C=C(\C=N\OCc1ccc(Cl)cc1Cl)C(=O)Nc1ccc(Cl)c(Cl)c1,1,"Non-corrosive, Non-irritant, Non-sensitizer",0,non-carcinogen,0,0.817547679,0.907954693,0.924934387,0.999999702,0.93884176,0.933841765,2.77093182,yes,1,yes,no,no
10696,CC(C)CC(c1nnnn1Cc1ccco1)N1CCN(c2cccc(Cl)c2)CC1,0,"Non-corrosive, Non-irritant, Sensitizer",1,non-carcinogen,0,0.092146941,0.044254418,0.02897458,6.97E-06,0.016435707,0.002586,2.906776234,no,0,no,no,no
4574,Cc1sc2ncnc(N(C)C3CCCCC3)c2c1C,1,"Non-corrosive, Non-irritant, Sensitizer",1,non-carcinogen,0,0.650740564,0.549915969,0.971289754,0.999832988,0.48172754,0.972987413,2.437246379,no,0,no,no,no
8701,CC12COC3(C(=O)Nc4cccnc4)CC1CCC32C,0,"Non-corrosive, Non-irritant, Sensitizer",1,non-carcinogen,0,0.447069019,0.204157904,0.074888654,0.991595328,0.00563164,0.810394347,4.944306415,no,0,no,no,no
14703,CCOC(=O)c1c(Cc2cccc(Cl)c2)[nH]c2cc(-c3ccc(-c4ccccc4)cc3)c(O)cc12,0,"Non-corrosive, Non-irritant, Non-sensitizer",0,non-carcinogen,0,0.441993654,0.569311559,0.074070618,0.486197144,0.835148454,0.037352752,2.42716829,no,0,yes,no,no
124,COc1ccc(OC)c(C2C3=C(CCCC3=O)Nc3c2c(=O)n(C)c(=O)n3C)c1,1,"Non-corrosive, Non-irritant, Non-sensitizer",0,non-carcinogen,0,0.410837978,0.466062576,0.86139214,4.89E-07,0.072953582,0.179178655,3.090303377,no,0,yes,no,no
11594,CC(C)CC(NC(=O)OC(C)(C)C)C(=O)NC(C(=O)N1CCCC1C(N)=O)C(C)C,0,"Non-corrosive, Non-irritant, Non-sensitizer",0,non-carcinogen,0,0.137727812,0.101110078,0.040514559,4.54E-07,0.02142985,0.002111319,3.225618636,no,0,yes,no,no
11610,COC(=O)CNC(=O)C1CCCN1C(=O)OC(C)(C)C,0,"Non-corrosive, Non-irritant, Sensitizer",1,non-carcinogen,0,0.095089488,0.161857784,0.045363009,5.13E-07,0.127807125,0.001643406,2.48790653,no,0,no,no,no
13698,Cc1ccc(NC(=O)NC(=O)CN2C(=O)NC3(CCc4ccccc43)C2=O)c(C)c1,0,"Non-corrosive, Non-irritant, Non-sensitizer",0,non-carcinogen,0,0.344577402,0.130695,0.109542012,0.999590874,0.126429215,0.59433943,3.203787867,no,0,yes,no,no
7374,CC(C)=CCC[C@@]1(C)C=Cc2cc3c(cc2O1)O[C@H](c1ccc(O)cc1)CC3=O,1,"Non-corrosive, Non-irritant, Non-sensitizer",0,non-carcinogen,0,0.963025093,0.997760296,0.996821404,0.999999881,1,0.999986708,3.744279905,yes,1,yes,no,no
15467,CC(C)c1ccc(NS(=O)(=O)c2ccc3[nH]cc(C(=O)N4CCC(C(N)=O)CC4)c(=O)c3c2)cc1,0,"Non-corrosive, Non-irritant, Non-sensitizer",0,non-carcinogen,0,0.29758805,0.677093625,0.327622533,0.809647858,0.725560844,0.501150012,2.417973381,no,0,yes,no,no
15330,O=C(Nc1ccc(Nc2ccccc2)cc1)C1CC1,0,"Non-corrosive, Non-irritant, Sensitizer",1,non-carcinogen,0,0.223883122,0.265058279,0.136750981,0.898578525,0.118510969,0.000235493,1.461583489,no,0,no,yes,no
14095,CCOc1ccc(N(C(=O)c2snc(C(N)=O)c2N)C(CC)C(=O)NC2CCCC2)cc1,0,"Non-corrosive, Non-irritant, Non-sensitizer",0,non-carcinogen,0,0.118634962,0.281693399,0.054869287,0.000470822,0.762162387,0.036353532,3.084341045,no,0,yes,no,no
12145,COc1ccccc1N(CC(=O)NC1CCCC1)C(=O)c1csnn1,0,"Non-corrosive, Non-irritant, Sensitizer",1,non-carcinogen,0,0.0962127,0.06957075,0.023141745,0.000102838,0.022498239,0.044287264,2.455385852,no,0,no,no,no
15650,CCN(CC)CCNC(=O)C(C(=O)c1ccccc1)n1ccccc1=O,0,"Non-corrosive, Non-irritant, Sensitizer",1,non-carcinogen,0,0.170632765,0.237314925,0.035039414,3.37E-06,0.291060597,0.00321588,2.760232455,no,0,no,no,no
9070,N#CC1=C(N)Oc2n[nH]c(-c3ccccc3)c2C1c1ccncc1,0,"Non-corrosive, Non-irritant, Sensitizer",1,non-carcinogen,0,0.222686648,0.335833937,0.016998602,3.60E-06,0.735595763,0.073921055,2.974574996,no,0,no,no,no
9865,COc1ccc(-c2[nH]nc3c2C(c2ccncc2)C(C#N)=C(N)O3)cc1,0,"Non-corrosive, Non-irritant, Sensitizer",1,non-carcinogen,0,0.241229028,0.285905272,0.020659771,0.000610594,0.568132699,0.097628601,2.995952868,no,0,no,no,no
12782,N[C@@H](Cc1ccccc1)c1nnc2sc(SCc3ccccc3)nn12,0,"Non-corrosive, Non-irritant, Sensitizer",1,carcinogen,1,0.12057659,0.221669346,0.042008612,7.53E-07,0.271595567,0.004148908,2.768738715,no,0,no,no,no
12277,Cc1ccc2c(c1)N(CC(=O)c1cccc(Cl)c1)C(=O)C(C)O2,0,"Non-corrosive, Non-irritant, Sensitizer",1,non-carcinogen,0,0.271344364,0.173450485,0.069203481,0.020985968,0.113140553,0.049104586,2.546717604,no,0,no,no,no
13896,Cc1noc2c(Cc3ccc([N+](=O)[O-])cc3)nn(Cc3n[nH]c(=S)n3-c3ccccc3)c(=O)c12,0,"Non-corrosive, Non-irritant, Non-sensitizer",0,carcinogen,1,0.085745081,0.262870044,0.034450304,6.07E-05,0.646109104,0.49811396,2.841103218,no,0,no,no,no
13897,COc1ccc(Cc2nn(Cc3n[nH]c(=S)n3-c3ccccc3)c(=O)c3c(C)noc23)cc1,0,"Non-corrosive, Non-irritant, Non-sensitizer",0,non-carcinogen,0,0.094265379,0.063503623,0.018367179,1.62E-06,0.10641697,0.159598738,2.73096396,no,0,yes,no,no
13899,Cc1noc2c(Cc3ccccc3)nn(Cc3n[nH]c(=S)n3-c3ccccc3)c(=O)c12,0,"Non-corrosive, Non-irritant, Non-sensitizer",0,carcinogen,1,0.135482907,0.079987556,0.017862402,1.93E-05,0.128531337,0.10377834,2.690279088,no,0,no,no,no
8798,O=C(c1c(Cl)cccc1Cl)N1CCCCCC1,0,"Non-corrosive, Non-irritant, Non-sensitizer",0,non-carcinogen,0,0.324567586,0.091478147,0.240792513,0.762010574,0.027498769,0.07364358,1.754469466,no,0,yes,yes,no
2822,O=C1N(c2ccccc2)C[C@@H]2C[C@@H](c3cc4ccccc4o3)N3CCC[C@@]123,1,"Non-corrosive, Non-irritant, Sensitizer",1,non-carcinogen,0,0.683682323,0.373829931,0.882269442,0.999972999,0.202593699,0.140503868,4.012212098,no,0,no,no,no
11135,COc1ccc(CCNc2oc(COc3ccccc3F)nc2C#N)cc1OC,0,"Non-corrosive, Non-irritant, Non-sensitizer",0,non-carcinogen,0,0.319298416,0.073510922,0.045388527,0.993355095,0.004613254,0.007706572,2.398398564,no,0,yes,no,no
15659,CC(C)(C)OC(=O)NCCc1nnc(SCc2ccc(Cl)cc2Cl)o1,0,"Non-corrosive, Non-irritant, Sensitizer",1,carcinogen,1,0.262005508,0.091234691,0.058672868,0.001059399,0.089152135,0.108305499,2.366417791,no,0,no,no,no
5551,Cc1c(C(C)C)c(=O)on1C(=O)N1CCC(C(=O)c2ccccc2)CC1,1,"Non-corrosive, Non-irritant, Sensitizer",1,carcinogen,1,0.924770117,0.983056068,0.997501194,0.999998391,0.999781966,0.999994874,2.568975643,yes,1,no,no,no
741,N#C[C@H]1[C@H](c2ccccc2C2=CCCCC2)[C@@H](CO)N1S(=O)(=O)c1ccccc1,1,"Non-corrosive, Non-irritant, Non-sensitizer",0,non-carcinogen,0,0.830405533,0.971606195,0.967602313,0.999970973,0.999999762,0.999328673,3.591364483,yes,1,yes,no,no
1741,COc1ccc(Br)cc1/C=c1\sc2nc(-c3ccco3)nn2c1=O,1,"Non-corrosive, Non-irritant, Sensitizer",1,carcinogen,1,0.880833924,0.832423985,0.900099218,0.999858618,0.890597165,0.037236288,2.493558556,no,0,no,no,no
7172,CC(=O)OCC1=C2CC(=O)OC(C)(C)C2=CC(=O)[C@]2(C)[C@@H]3C(=O)[C@@H](C)O[C@@H]4OC(=O)[C@](C)(C[C@@H]12)[C@@H]43,1,"Non-corrosive, Non-irritant, Non-sensitizer",0,non-carcinogen,0,0.878069043,0.998851776,0.998214126,0.999907374,1,0.999998569,5.467789397,yes,1,yes,no,no
7173,CC(C)CC(=O)OCC1=C2CC(=O)OC(C)(C)C2=CC(=O)[C@]2(C)[C@@H]3C(=O)[C@@H](C)O[C@@H]4OC(=O)[C@](C)(C[C@@H]12)[C@@H]43,1,"Non-corrosive, Non-irritant, Non-sensitizer",0,non-carcinogen,0,0.945677459,0.998851776,0.998298824,0.999999702,1,0.999998569,5.451016673,yes,1,yes,no,no
7174,C[C@H]1O[C@@H]2OC(=O)[C@]3(C)C[C@H]4C(CO)=C5CC(=O)OC(C)(C)C5=CC(=O)[C@]4(C)[C@H](C1=O)[C@H]23,1,"Non-corrosive, Non-irritant, Non-sensitizer",0,non-carcinogen,0,0.944866955,0.999218106,0.998143554,0.99999994,1,0.999998689,5.537348594,yes,1,yes,no,no
4996,N#Cc1c(C2CCCNC2)cc(-c2c(O)cccc2OCC2CCCCC2)nc1N,1,"Non-corrosive, Non-irritant, Sensitizer",1,non-carcinogen,0,0.865496159,0.850902319,0.88025564,0.998776555,0.72468096,0.968708813,3.270613708,yes,1,no,no,no
9278,N#CC1=C(N)Oc2c(oc(CO)cc2=O)C1c1cccs1,0,"Non-corrosive, Non-irritant, Sensitizer",1,non-carcinogen,0,0.508677542,0.263624936,0.060340073,8.46E-06,0.17630896,0.341145158,3.474035088,no,0,no,no,no
2706,O=C(Oc1ccccc1C(=O)Nc1ccccc1)c1ccccc1Br,1,"Non-corrosive, Non-irritant, Non-sensitizer",0,non-carcinogen,0,0.678750336,0.881748796,0.890096843,0.56728375,0.888982892,0.875019848,1.699605082,yes,1,yes,yes,yes
13008,C=CCN1CC(c2nc3ccccc3n2CCOc2ccccc2)CC1=O,0,"Non-corrosive, Non-irritant, Sensitizer",1,non-carcinogen,0,0.132386193,0.27121827,0.042055298,2.93E-05,0.46583569,0.111144505,2.732587553,no,0,no,no,no
1082,O=C(CSc1ncn(-c2ccccc2)n1)Nc1ccc2c(c1)OCCO2,1,"Non-corrosive, Non-irritant, Sensitizer",1,carcinogen,1,0.400680929,0.255983114,0.732315242,0.000103998,0.050919339,0.007436988,2.227203515,no,0,no,no,no
14645,Cc1ccc(S(=O)(=O)c2c(COC(=O)c3ccccc3Cl)c(-c3ccccc3)nn2C)cc1,0,"Non-corrosive, Non-irritant, Non-sensitizer",0,non-carcinogen,0,0.486047328,0.53430438,0.074627101,0.998720527,0.973517597,0.161915526,2.371731368,no,0,yes,no,no
1601,O=C(CSc1nnc(-c2ccncc2)n1Cc1ccco1)Nc1nc(-c2ccccc2)cs1,1,"Non-corrosive, Non-irritant, Non-sensitizer",0,carcinogen,1,0.307079613,0.071094498,0.578831196,2.20E-07,0.016527416,0.272613198,2.382109177,no,0,no,no,no
12187,Nc1ccc(C(=O)OCc2nc3ccccc3[nH]2)cc1,0,"Non-corrosive, Non-irritant, Sensitizer",1,non-carcinogen,0,0.359601498,0.497999966,0.151997641,0.999603331,0.633841813,0.000476157,1.912223222,no,0,no,yes,no
1463,COc1ccc(-c2nc3cnccn3c2NC(C)(C)CC(C)(C)C)cc1O,1,"Non-corrosive, Non-irritant, Non-sensitizer",0,non-carcinogen,0,0.714057684,0.847897172,0.916707993,0.999993265,0.771253824,0.934769273,2.700794985,yes,1,yes,no,no
6450,CN1CCN(Cc2ccc(Nc3ncc4c(=O)c(C(N)=O)cn(-c5ccc6c(c5)CCC6)c4n3)cc2)CC1,1,"Non-corrosive, Non-irritant, Non-sensitizer",0,non-carcinogen,0,0.942165673,0.920860708,0.979584038,0.999999702,0.88350898,0.995067716,2.669534988,yes,1,yes,no,no
1927,NS(=O)(=O)c1ccc(N/N=C/c2ccc3c(c2)OCO3)c([N+](=O)[O-])c1,1,"Non-corrosive, Non-irritant, Non-sensitizer",0,non-carcinogen,0,0.939703822,0.898289263,0.952871084,0.999998391,0.911807656,0.999949336,2.370480247,yes,1,yes,no,no
43,O=C(Nc1c(-c2ccccc2)nc2ccccn12)c1ccco1,1,"Non-corrosive, Non-irritant, Non-sensitizer",0,non-carcinogen,0,0.541924834,0.383102238,0.861449122,0.642921567,0.211011857,0.069824129,2.083742262,no,0,yes,no,no
10270,Cc1cc(N2CCN(c3ccccc3)CC2)nc(-c2ccccc2)n1,0,"Non-corrosive, Non-irritant, Sensitizer",1,non-carcinogen,0,0.204526767,0.297276706,0.148849607,0.023159398,0.488249093,0.075583391,1.85653502,no,0,no,yes,no
10325,CS(=O)(=O)N(CC(=O)N1CCCCCC1)c1ccc(Br)cc1,0,"Non-corrosive, Non-irritant, Non-sensitizer",0,non-carcinogen,0,0.21923399,0.049858168,0.006725391,0.000125218,0.197661087,5.55E-05,2.047546812,no,0,yes,no,no
7742,COc1cc2c(cc1OC)[C@@H]1C(=O)c3ccc4c(c3O[C@@H]1CO2)C=CC(C)(C)O4,1,"Non-corrosive, Non-irritant, Non-sensitizer",0,non-carcinogen,0,0.956506371,0.991549611,0.99535358,0.999998391,0.999988258,0.999955118,3.698437315,yes,1,yes,no,no
7754,COc1cc2c(cc1OC)[C@]1(O)C(=O)c3ccc4c(c3O[C@@H]1CO2)C=CC(C)(C)O4,1,"Non-corrosive, Non-irritant, Non-sensitizer",0,non-carcinogen,0,0.939932048,0.992905736,0.988607466,0.99973464,0.999996245,0.999335468,3.853047968,yes,1,yes,no,no
15611,Cc1cc(C)nc(N(C#N)CC(=O)N2CCC(C(N)=O)CC2)n1,0,"Non-corrosive, Non-irritant, Sensitizer",1,non-carcinogen,0,0.189308584,0.053854868,0.008340691,3.80E-05,0.223930374,0.000120964,2.772489224,no,0,no,no,no
218,Cc1ccc(C(=O)N2CCN(c3ccc(Cl)cc3)CC2)cc1,1,"Non-corrosive, Non-irritant, Sensitizer",1,non-carcinogen,0,0.317235798,0.325699329,0.60648483,0.244008064,0.267375499,0.33248499,1.575224456,no,0,no,yes,no
1064,O=C(c1ccccc1)N1CCN(c2ccccc2F)CC1,1,"Non-corrosive, Non-irritant, Non-sensitizer",0,non-carcinogen,0,0.431714535,0.268230945,0.430274397,0.9350425,0.215418726,0.006293509,1.553764427,no,0,yes,yes,no
1066,O=C(c1ccccc1F)N1CCN(c2ccccc2F)CC1,1,"Non-corrosive, Non-irritant, Non-sensitizer",0,non-carcinogen,0,0.407505691,0.268230945,0.760620117,0.980837584,0.215418726,0.030647123,1.68769039,no,0,yes,yes,no
10496,COc1ccccc1C(=O)N1CCN(c2cccc(Cl)c2)CC1,0,"Non-corrosive, Non-irritant, Non-sensitizer",0,non-carcinogen,0,0.210275337,0.353966922,0.289807409,0.000235962,0.539695859,0.82285744,1.69752299,no,0,yes,yes,no
11533,Cc1ccc(C)c(N2CCN(C(=O)c3ccccc3Br)CC2)c1,0,"Non-corrosive, Non-irritant, Sensitizer",1,non-carcinogen,0,0.369515032,0.342503667,0.145668119,0.000440625,0.118562229,0.178797185,1.830533856,no,0,no,yes,no
13801,CC(C)N(C(=O)COC(=O)c1ccccc1C(=O)N1CCN(c2ccc(F)cc2)CC1)C(C)C,0,"Non-corrosive, Non-irritant, Non-sensitizer",0,non-carcinogen,0,0.389583975,0.194922253,0.061873727,0.999475121,0.04122578,0.173529044,2.272258997,no,0,yes,no,no
14967,COc1ccc(N2CCN(C(=O)c3ccc(C(C)(C)C)cc3)CC2)cc1,0,"Non-corrosive, Non-irritant, Non-sensitizer",0,non-carcinogen,0,0.361253619,0.143775091,0.177076414,0.993070185,0.199792221,0.009693168,1.767683441,no,0,yes,yes,no
15260,COc1cc(OC)cc(C(=O)N2CCN(c3ccccc3F)CC2)c1,0,"Non-corrosive, Non-irritant, Non-sensitizer",0,non-carcinogen,0,0.441875875,0.226994619,0.130409673,0.999885678,0.266636252,0.00187701,1.85126012,no,0,yes,yes,no
9485,O=S(=O)(NC1CCN(Cc2ccccc2)CC1)c1cccc(S(=O)(=O)N2CCOCC2)c1,0,"Non-corrosive, Non-irritant, Sensitizer",1,non-carcinogen,0,0.229338974,0.037407503,0.015270749,0.000211265,0.021051778,0.003888466,2.189910739,no,0,no,no,no
697,O=C(c1ccc(F)cc1)N1C[C@@H]2N[C@H](C1)C2c1ccc(/C=C/c2ccccc2)cc1,1,"Non-corrosive, Non-irritant, Non-sensitizer",0,non-carcinogen,0,0.958376348,0.983628154,0.967549443,0.99999994,0.999998689,0.991956115,3.908070443,yes,1,yes,no,no
8016,CC(C)[C@@H](C)/C=C/[C@@H](C)[C@H]1CC[C@@H]2[C@]1(C)CC[C@H]1[C@]23C=C[C@]2(C[C@@H](O)CC[C@]12C)OO3,1,"Non-corrosive, Non-irritant, Non-sensitizer",0,non-carcinogen,0,0.978772879,0.991866767,0.984580159,0.99999994,1,0.999996841,6.715090538,yes,1,yes,no,no
9406,COCCCNc1nc2c(c(=O)[nH]c(=O)n2C)n1CCCc1ccccc1,0,"Non-corrosive, Non-irritant, Sensitizer",1,non-carcinogen,0,0.033193577,0.107329085,0.008527217,7.29E-07,0.155078411,0.02730326,2.379720367,no,0,no,no,no
9505,COC(=O)C(C)Sc1nc2c(c(=O)[nH]c(=O)n2C)n1CCCc1ccccc1,0,"Non-corrosive, Non-irritant, Non-sensitizer",0,non-carcinogen,0,0.108084999,0.106412373,0.043095782,1.84E-05,0.112723537,0.014677648,2.830554994,no,0,yes,no,no
10352,CCOCCCNc1nc2c(c(=O)[nH]c(=O)n2C)n1CCCc1ccccc1,0,"Non-corrosive, Non-irritant, Non-sensitizer",0,non-carcinogen,0,0.048298974,0.081243396,0.008758241,2.19E-06,0.057492521,0.027966276,2.427131775,no,0,yes,no,no
11788,Cc1ccc(NCc2nnc(SCC(=O)NCc3ccco3)n2CC2CCCO2)cc1Cl,0,"Non-corrosive, Non-irritant, Sensitizer",1,carcinogen,1,0.052814584,0.029521868,0.012741205,2.92E-07,0.030983953,0.004073924,2.959804267,no,0,no,no,no
2436,COc1c(/C=N/Nc2ccc([N+](=O)[O-])cc2[N+](=O)[O-])c(C)nn1-c1ccccc1,1,"Non-corrosive, Non-irritant, Non-sensitizer",0,non-carcinogen,0,0.90949589,0.909055412,0.96169138,0.998966932,0.969645679,0.996184111,2.557029024,yes,1,yes,no,no
14925,C/C(=C\C(=O)c1ccc(F)cc1)NCc1ccc2c(c1)OCO2,0,"Non-corrosive, Non-irritant, Sensitizer",1,carcinogen,1,0.445871532,0.454862356,0.251008391,0.000830037,0.870674372,0.932628632,2.176581032,no,0,no,no,no
9661,O=S(=O)(NCCOc1ccc(F)cc1)c1ccc2c(c1)OCCO2,0,"Non-corrosive, Non-irritant, Sensitizer",1,non-carcinogen,0,0.326883465,0.192946792,0.077091806,0.523317397,0.573774815,0.093087547,1.990152536,no,0,no,yes,no
1261,Cn1c(O)c(C(=N)COc2cccc(Cl)c2)c(=O)n(C)c1=O,1,"Non-corrosive, Non-irritant, Non-sensitizer",0,non-carcinogen,0,0.504179537,0.728540599,0.887260854,3.75E-07,0.437669426,0.1672775,2.631773944,no,0,yes,no,no
11471,CCOC(=O)c1cnc(SCC(=O)Nc2nc(C)c(C)s2)nc1N,0,"Non-corrosive, Non-irritant, Sensitizer",1,carcinogen,1,0.303083301,0.429604381,0.037508871,0.999762237,0.138666436,0.020425005,2.428811825,no,0,no,no,no
4623,O=C(Nc1ccnn1C1CCN(Cc2cc3ccccc3[nH]2)CC1)C1CCOC1,1,"Non-corrosive, Non-irritant, Non-sensitizer",0,non-carcinogen,0,0.407163054,0.20876582,0.866959095,0.384605587,0.155100793,0.032542422,3.044763699,no,0,yes,no,no
591,CC(=NNc1nc2ccccc2s1)c1ccncn1,1,"Non-corrosive, Irritant, Sensitizer",1,non-carcinogen,0,0.813475668,0.892117143,0.945815623,0.999997318,0.95867455,0.999973118,2.415512955,yes,1,no,no,no
15078,Cc1cc(C)n(C(=O)CCC(=O)Nc2ccc(C)c(C)c2)n1,0,"Non-corrosive, Non-irritant, Non-sensitizer",0,carcinogen,1,0.211577594,0.178927094,0.046179719,3.08E-06,0.253199428,0.146947995,2.108624126,no,0,no,no,no
1754,O=C(Nc1ccc(-c2nc3ccccc3o2)cc1)c1ccc2c(c1)OCO2,1,"Non-corrosive, Non-irritant, Sensitizer",1,non-carcinogen,0,0.661723554,0.467193604,0.792912185,0.000335249,0.047370207,0.03674807,1.951129039,no,0,no,yes,no
7547,CC(C)[C@@H](C)/C=C/[C@@H](C)[C@H]1CCC2=C3[C@@H](O)[C@@H]4O[C@@]45C[C@@H](O)CC[C@]5(C)[C@H]3CC[C@@]21C,1,"Non-corrosive, Non-irritant, Non-sensitizer",0,carcinogen,1,0.970291197,0.999428093,0.999259651,0.999999464,1,1,5.739410402,yes,1,no,no,no
871,COc1ccc2c(c1)c(CC(=O)NCCOc1ccc(S(N)(=O)=O)cc1)c(C)n2C(=O)c1ccc(Cl)cc1,1,"Non-corrosive, Non-irritant, Non-sensitizer",0,non-carcinogen,0,0.96064204,0.945155203,0.992006242,0.99999994,0.994028628,0.992921412,2.423159044,yes,1,yes,no,no
11727,CC(C)(C)n1nnnc1C(c1cccc(C#N)c1)N1CCN2CCCC2C1,0,"Non-corrosive, Non-irritant, Sensitizer",1,non-carcinogen,0,0.092905968,0.023809137,0.007605193,4.25E-06,0.003381181,0.004401534,3.367694452,no,0,no,no,no
13578,O=C(Cc1ccccc1)Nc1nc2ccccc2[nH]1,0,"Non-corrosive, Non-irritant, Sensitizer",1,non-carcinogen,0,0.218681261,0.337975413,0.240217537,0.000350794,0.546830714,0.024041887,1.742087955,no,0,no,yes,no
1094,O=C(NCc1nc(-c2ccccc2)no1)c1ccc2c(c1)OCO2,1,"Non-corrosive, Non-irritant, Sensitizer",1,carcinogen,1,0.3877078,0.598035276,0.735526681,0.000121056,0.735535681,0.013156797,1.990553281,no,0,no,yes,no
2306,CC1(C)Cc2c(ccc3ccccc23)C(=O)N1,1,"Non-corrosive, Irritant, Sensitizer",1,non-carcinogen,0,0.63543427,0.36188823,0.846730053,0.999496639,0.011021296,0.067439519,2.220193505,no,0,no,no,no
2997,COc1ccc2cc3c(N)nn(C(=O)Cc4c[nH]c5ccccc45)c3nc2c1,1,"Non-corrosive, Non-irritant, Non-sensitizer",0,carcinogen,1,0.733132422,0.650180995,0.955907226,0.999918282,0.506473899,0.55612725,2.562453699,yes,1,no,no,no
11258,O=C(O)C1CCN1C1CCCCC1,0,"Non-corrosive, Irritant, Sensitizer",1,non-carcinogen,0,0.201063097,0.175225332,0.192562208,0.000205341,0.914336264,0.984063208,2.63769542,no,0,no,no,no
850,NS(=O)(=O)c1ccc(OCCCCNC(=O)Cc2ccccc2Nc2c(Cl)cccc2Cl)cc1,1,"Non-corrosive, Non-irritant, Non-sensitizer",0,non-carcinogen,0,0.873489261,0.947785854,0.965812624,0.999999225,0.998186529,0.998085558,2.248399362,yes,1,yes,no,no
3586,COc1ccc(S(=O)(=O)c2c(O)c3ccc(C(=O)Nc4ccccc4Cl)cc3[nH]c2=O)cc1,1,"Non-corrosive, Non-irritant, Non-sensitizer",0,non-carcinogen,0,0.92766434,0.853452384,0.978459716,0.501736581,0.92223084,0.999966621,2.298405092,yes,1,yes,no,no
14111,CCN(CC(=O)NCc1cccs1)C(=O)c1cccc(S(=O)(=O)Nc2ccccc2OC)c1,0,"Non-corrosive, Non-irritant, Non-sensitizer",0,non-carcinogen,0,0.132564291,0.151638746,0.136001647,0.939746618,0.053103339,0.133524045,2.239140301,no,0,yes,no,no
933,Oc1ccccc1C1=Nc2ncnn2C(c2ccccc2)C1,1,"Non-corrosive, Irritant, Sensitizer",1,non-carcinogen,0,0.496441901,0.513958693,0.927547634,0.000888395,0.301458687,0.011546802,2.854390215,no,0,no,no,no
5274,[O-][n+]1cc(Cl)c(C[C@H](O)c2ccc(OC(F)F)c(OCC3CC3)c2)c(Cl)c1,1,"Non-corrosive, Non-irritant, Non-sensitizer",0,non-carcinogen,0,0.96730864,0.972429633,0.986546516,0.999999762,0.999999762,0.999996781,3.341034022,yes,1,yes,no,no
13832,c1cc(-c2nnc3n2CCCCC3)ccn1,0,"Non-corrosive, Non-irritant, Sensitizer",1,non-carcinogen,0,0.188220069,0.120117687,0.135301352,1.82E-05,0.148987845,0.753507257,2.167696552,no,0,no,no,no
6152,CCOc1ccc(-c2nn(-c3ccc(Cl)cc3)cc2/C=C2/SC(=O)N(CC(=O)O)C2=O)cc1,1,"Non-corrosive, Non-irritant, Non-sensitizer",0,non-carcinogen,0,0.758263946,0.878160417,0.893006742,0.985531271,0.934958339,0.858933866,2.373258911,yes,1,yes,no,no
15706,CCOc1ccc(-c2nn(-c3ccc(Cl)cc3)cc2/C=C2/SC(=O)NC2=O)cc1,0,"Non-corrosive, Non-irritant, Non-sensitizer",0,non-carcinogen,0,0.567988157,0.800576031,0.219686374,0.483791351,0.729832649,0.954991162,2.346607276,no,0,yes,no,no
4894,COCCCn1[nH]c2c3c(ccc2c1=O)C(=O)c1ccccc1C3=O,1,"Non-corrosive, Non-irritant, Sensitizer",1,non-carcinogen,0,0.844962776,0.500698864,0.902344346,0.999999166,0.213887706,0.466194153,2.519399449,no,0,no,no,no
10913,O=C(CN1C(=O)CSC1=O)N1CCc2ccccc2C1,0,"Non-corrosive, Non-irritant, Sensitizer",1,non-carcinogen,0,0.165431991,0.101212442,0.02410857,6.99E-06,0.218604803,0.017271509,2.262863164,no,0,no,no,no
10343,CC1(C)CC(=O)C(C=NCCN2CCN(C(=O)Cc3ccc(Cl)cc3)CC2)=C(O)C1,0,"Non-corrosive, Irritant, Non-sensitizer",1,non-carcinogen,0,0.251481086,0.123779163,0.086856768,5.63E-05,0.840931296,0.005559642,2.742263593,no,0,no,no,no
985,COC(=O)c1c(-c2ccccc2)csc1NC(=O)c1ccco1,1,"Non-corrosive, Non-irritant, Sensitizer",1,non-carcinogen,0,0.463992,0.444874376,0.782565594,0.112828076,0.358819664,0.9607265,2.017048165,no,0,no,no,no
10831,O=C(Nc1scc(-c2ccccc2)c1C(=O)O)c1ccco1,0,"Non-corrosive, Non-irritant, Sensitizer",1,non-carcinogen,0,0.406648695,0.431480885,0.302846789,8.87E-06,0.369390011,0.95971173,2.032178302,no,0,no,no,no
11128,O=C(CN1CCOCC1)Nc1nc(-c2ccc3c(c2)CCN3S(=O)(=O)c2ccccc2)cs1,0,"Non-corrosive, Non-irritant, Non-sensitizer",0,non-carcinogen,0,0.202633843,0.190659553,0.113981627,1.83E-05,0.187698349,0.055035081,2.353188642,no,0,yes,no,no
11075,CCOC(=O)Cn1c(N2CCOCC2)nc2c1c(=O)[nH]c(=O)n2C,0,"Non-corrosive, Non-irritant, Sensitizer",1,non-carcinogen,0,0.047225665,0.08971855,0.011842592,2.48E-06,0.141804039,0.016658142,2.493537741,no,0,no,no,no
15519,CC(C)CCn1c(N2CCOCC2)nc2c1c(=O)n(CC(N)=O)c(=O)n2C,0,"Non-corrosive, Non-irritant, Sensitizer",1,non-carcinogen,0,0.105676912,0.202247843,0.014408992,3.83E-07,0.233944312,0.011004869,2.600952989,no,0,no,no,no
11816,O=C(NCc1cccc(F)c1)C1CCN(S(=O)(=O)Cc2ccccc2)CC1,0,"Non-corrosive, Non-irritant, Sensitizer",1,non-carcinogen,0,0.203740075,0.195709497,0.039606795,0.001458017,0.323134363,0.019909795,1.959662226,no,0,no,yes,no
2961,O=c1c(Br)c(Br)cnn1-c1ccccc1,1,"Non-corrosive, Irritant, Non-sensitizer",1,non-carcinogen,0,0.491109729,0.872224808,0.914320469,0.982947111,0.955969155,0.047685456,2.076304547,no,0,no,no,no
2967,COc1ccc(-n2ncc(Cl)c(Cl)c2=O)cc1,1,"Non-corrosive, Non-irritant, Sensitizer",1,non-carcinogen,0,0.612218142,0.854551733,0.972001255,0.989911437,0.899316967,0.996066213,1.906483603,yes,1,no,yes,no
2979,COc1cccc(-n2nc(C#N)c(Cl)cc2=O)c1,1,"Non-corrosive, Non-irritant, Non-sensitizer",0,non-carcinogen,0,0.574007511,0.747342885,0.958955169,0.98179996,0.886916101,0.828999341,2.365250811,yes,1,yes,no,no
2982,CC(C)(C)c1ccc(-n2nc(C#N)c(Cl)cc2=O)cc1,1,"Non-corrosive, Non-irritant, Sensitizer",1,non-carcinogen,0,0.672047436,0.797964931,0.938591182,0.994341552,0.95069021,0.995705903,2.425159385,yes,1,no,no,no
2984,COc1ccc(-n2nc(C#N)c(Cl)cc2=O)cc1,1,"Non-corrosive, Non-irritant, Non-sensitizer",0,non-carcinogen,0,0.664478719,0.843610823,0.958930075,0.999451399,0.878672659,0.981073499,2.283954503,yes,1,yes,no,no
3276,COc1nn(-c2ccccc2)c(=O)c(Cl)c1Cl,1,"Non-corrosive, Non-irritant, Non-sensitizer",0,non-carcinogen,0,0.337301046,0.850659251,0.961806595,0.010726572,0.939916074,0.947512925,2.217692114,no,0,yes,no,no
3280,Cc1cccc(-n2ncc(Cl)c(Cl)c2=O)c1,1,"Non-corrosive, Non-irritant, Sensitizer",1,non-carcinogen,0,0.571397841,0.801107109,0.965240598,0.977316856,0.831095099,0.826129615,2.009940084,yes,1,no,no,no
12095,CCOC(=O)c1nn(-c2ccccc2)c(=O)c(C#N)c1C,0,"Non-corrosive, Non-irritant, Sensitizer",1,non-carcinogen,0,0.253584504,0.350078642,0.082147531,0.006730686,0.497326344,0.067459814,2.159022666,no,0,no,no,no
13653,Cc1cccc(NC(=O)c2cc(-c3ccco3)nc3ccccc23)n1,0,"Non-corrosive, Non-irritant, Non-sensitizer",0,non-carcinogen,0,0.712992787,0.441164583,0.330727786,0.999999464,0.241354018,0.995328307,2.084286642,no,0,yes,no,no
9892,CCc1ccc2[nH]c(=O)c(CN(Cc3ccc4c(c3)OCO4)Cc3nnnn3C3CCCC3)cc2c1,0,"Non-corrosive, Non-irritant, Non-sensitizer",0,non-carcinogen,0,0.076038703,0.019027051,0.081613667,0.025829999,0.018337168,0.023649411,2.750407472,no,0,yes,no,no
12392,Cc1cc(C)c2[nH]c(=O)c(CN(Cc3ccc4c(c3)OCO4)Cc3nnnn3C3CCCC3)cc2c1,0,"Non-corrosive, Non-irritant, Non-sensitizer",0,non-carcinogen,0,0.061097566,0.020137805,0.045281418,2.89E-06,0.018158097,0.033057999,2.815960626,no,0,yes,no,no
12513,Cn1c(-c2ccco2)nc2cc3ccccc3cc21,0,"Non-corrosive, Non-irritant, Sensitizer",1,carcinogen,1,0.37664631,0.372385532,0.113716267,0.136157617,0.416342378,0.347187877,2.14513713,no,0,no,no,no
10388,COc1ccc2cc3c(N)c(C(=O)N4CCCC4)sc3nc2c1,0,"Non-corrosive, Non-irritant, Non-sensitizer",0,carcinogen,1,0.346836358,0.621689856,0.093848422,0.001934453,0.50959307,0.129868209,2.242434179,no,0,no,no,no
11832,O=C(O)CCC(=O)Nc1ccc(N2CCCCC2)c(C(=O)O)c1,0,"Non-corrosive, Non-irritant, Sensitizer",1,non-carcinogen,0,0.134122431,0.200409159,0.094752707,2.32E-05,0.058675114,0.001431555,1.903868379,no,0,no,yes,no
3105,CC(C)CC[n+]1ccn(C2=C([O-])c3ccccc3C(=O)/C2=N\S(=O)(=O)c2ccc(Br)cc2)c1,1,"Non-corrosive, Non-irritant, Non-sensitizer",0,non-carcinogen,0,0.908072829,0.959165812,0.969459474,1,0.98754698,0.992434621,3.392601915,yes,1,yes,no,no
8554,CCCCN(C(=O)c1cnc(C)cn1)c1c(N)n(CCC)c(=O)[nH]c1=O,0,"Non-corrosive, Non-irritant, Sensitizer",1,non-carcinogen,0,0.188322455,0.157596216,0.026483012,1.67E-05,0.116493933,0.025963876,2.597336965,no,0,no,no,no
1310,COc1ccc(-n2nc([N+](=O)[O-])c(=NCCc3ccc(Cl)cc3)n2O)cc1,1,"Non-corrosive, Non-irritant, Sensitizer",1,non-carcinogen,0,0.902135968,0.828701079,0.975777626,0.999999762,0.741340756,0.870077014,2.734690537,yes,1,no,no,no
8615,COC(=O)c1cc(NC(=O)COC(=O)CCc2nc3ccccc3c(=O)[nH]2)cc(C(=O)OC)c1,0,"Non-corrosive, Non-irritant, Non-sensitizer",0,non-carcinogen,0,0.216945291,0.268380523,0.07506118,0.999805927,0.235979468,0.031829257,2.38868425,no,0,yes,no,no
9387,CCCCN(C(=O)CNC(=O)c1ccco1)C(C(=O)NC1CCCCC1)c1ccc(OC)cc1OC,0,"Non-corrosive, Non-irritant, Non-sensitizer",0,non-carcinogen,0,0.049265131,0.187241152,0.018494161,4.44E-06,0.077076107,0.034815412,2.940727149,no,0,yes,no,no
9852,C=CCN(C(=O)CNC(=O)c1ccco1)C(C(=O)NC1CCCCC1)c1ccccc1F,0,"Non-corrosive, Non-irritant, Non-sensitizer",0,non-carcinogen,0,0.17427358,0.20105958,0.018171333,6.09E-05,0.21572265,0.008013457,2.943196851,no,0,yes,no,no
15554,C=CCN(C(=O)CNC(=O)c1ccco1)C(C(=O)NC1CCCCC1)c1ccc(OC)cc1OC,0,"Non-corrosive, Non-irritant, Non-sensitizer",0,non-carcinogen,0,0.09802863,0.172872916,0.037757665,7.47E-07,0.346275479,0.113113858,3.02376119,no,0,yes,no,no
4075,Cc1ccc(-c2[nH]c(-c3ccccc3)nc2SCC(=O)NCC2CCCO2)cc1,1,"Non-corrosive, Non-irritant, Sensitizer",1,carcinogen,1,0.439167082,0.365216613,0.882619858,0.002487501,0.031063836,0.073539332,2.745679124,no,0,no,no,no
14118,NCCNc1ccc(C(=O)N2c3ccccc3Sc3ccccc32)cc1[N+](=O)[O-],0,"Non-corrosive, Non-irritant, Non-sensitizer",0,non-carcinogen,0,0.520716965,0.376298338,0.150084332,0.999996662,0.627408683,0.994154811,2.410689945,no,0,yes,no,no
10446,CC1CCCN(CC(=O)Nc2ccc(S(=O)(=O)NC3CCCCC3)cc2)C1,0,"Non-corrosive, Non-irritant, Non-sensitizer",0,non-carcinogen,0,0.158127353,0.043414574,0.042781413,0.000363929,0.222438946,0.001066149,2.47562224,no,0,yes,no,no
5708,COc1ccc2cc(C(=O)NC3CCOCC3)cnc2c1,1,"Non-corrosive, Non-irritant, Non-sensitizer",0,non-carcinogen,0,0.781832516,0.492799699,0.900989413,0.999808073,0.114031494,0.898888409,2.072053204,no,0,yes,no,no
973,c1ccc(-n2c(Sc3cnccn3)nnc2-c2cccs2)cc1,1,"Non-corrosive, Non-irritant, Sensitizer",1,carcinogen,1,0.476231575,0.550750971,0.912590563,0.086332783,0.627300322,0.997896016,2.366371211,no,0,no,no,no
19,CCOC(=O)CN1C(=O)/C(=C/c2ccccc2Br)Oc2ccccc21,1,"Non-corrosive, Non-irritant, Sensitizer",1,non-carcinogen,0,0.868052959,0.837441683,0.926880538,0.999994755,0.92967391,0.039241701,2.311412666,no,0,no,no,no
12888,CC(=O)N(CCC1(C(C)C)CCOC(C)(C)C1)Cc1ccco1,0,"Non-corrosive, Non-irritant, Sensitizer",1,non-carcinogen,0,0.28108269,0.10779693,0.115448065,6.80E-07,0.014443276,0.000631309,3.421223064,no,0,no,no,no
11869,OCC1OC(n2nnc3ccccc32)C(O)C(O)C1O,0,"Non-corrosive, Non-irritant, Non-sensitizer",0,non-carcinogen,0,0.164872482,0.224975899,0.045973692,0.000563108,0.06365668,0.088537842,3.567101318,no,0,yes,no,no
14151,CC(C)(C)CNC(=S)Nc1ccc2c(c1)CCN2Cc1ccc2ccccc2c1,0,"Non-corrosive, Non-irritant, Non-sensitizer",0,non-carcinogen,0,0.29730162,0.150170818,0.10308259,0.001671404,0.033035465,0.178361863,2.311329611,no,0,yes,no,no
9322,CCc1cccc(NC(=O)c2snc3c(=O)[nH]cnc23)c1,0,"Non-corrosive, Non-irritant, Non-sensitizer",0,non-carcinogen,0,0.340840131,0.40768531,0.048662871,0.548438728,0.984064043,0.019613916,2.576651313,no,0,yes,no,no
11402,Cc1cccc(NC(=O)c2snc3c(=O)[nH]cnc23)c1,0,"Non-corrosive, Non-irritant, Sensitizer",1,non-carcinogen,0,0.434950203,0.525300562,0.052307922,0.998038113,0.992529273,0.031649105,2.557261544,no,0,no,no,no
8564,CN(Cc1ccccc1)S(=O)(=O)c1ccc(N2CCCC2=O)cc1,0,"Non-corrosive, Non-irritant, Sensitizer",1,non-carcinogen,0,0.209243104,0.1267827,0.081948429,0.951581657,0.101773277,0.007304043,1.904605202,no,0,no,yes,no
1120,CCn1cc(S(=O)(=O)CC(=O)Nc2cc(C)ccc2C)c2ccccc21,1,"Non-corrosive, Non-irritant, Non-sensitizer",0,non-carcinogen,0,0.538643062,0.635901392,0.949641526,0.002778567,0.497530878,0.922006309,2.17244872,no,0,yes,no,no
9904,CC1CCC(NC(=O)C2CCN(C(=O)NC3CCCCC3)CC2)CC1,0,"Non-corrosive, Non-irritant, Sensitizer",1,non-carcinogen,0,0.18083033,0.088379227,0.015921386,0.053067908,0.411684453,0.000175772,2.157687775,no,0,no,no,no
11428,CC1CCCCC1NC(=O)C1CCN(C(=O)NC2CCCCC2)CC1,0,"Non-corrosive, Non-irritant, Sensitizer",1,non-carcinogen,0,0.214273021,0.088338435,0.015850144,9.09E-06,0.298078448,6.88E-05,2.840447973,no,0,no,no,no
11268,O=C(CCCCCN1C(=O)c2ccccc2C1=O)NCc1ccco1,0,"Non-corrosive, Non-irritant, Sensitizer",1,non-carcinogen,0,0.132227242,0.086585633,0.078942835,0.000886681,0.1171657,0.073531464,2.012980082,no,0,no,no,no
612,COCCCNc1ccn2nc(-c3ccccc3)cc2n1,1,"Non-corrosive, Non-irritant, Non-sensitizer",0,carcinogen,1,0.35442993,0.548241436,0.788643479,2.16E-06,0.101107948,0.016180616,2.243870171,no,0,no,no,no
8903,Cc1cccc(-c2cc3nc(C)cc(NCCCN(C)C)n3n2)c1,0,"Non-corrosive, Non-irritant, Non-sensitizer",0,non-carcinogen,0,0.307265937,0.223186806,0.0425939,0.996673226,0.148011491,0.10526213,2.375612668,no,0,yes,no,no
3859,Cc1ccccc1C(=O)NNC(=S)NC(=O)c1ccc(Cl)cc1Cl,1,"Non-corrosive, Non-irritant, Non-sensitizer",0,non-carcinogen,0,0.943955183,0.93613404,0.981285334,0.999999702,0.909392238,0.999845862,1.972434203,yes,1,yes,yes,yes
3864,Cc1ccc(C(=O)NNC(=S)NC(=O)c2ccc(Cl)cc2Cl)cc1,1,"Non-corrosive, Non-irritant, Non-sensitizer",0,non-carcinogen,0,0.937681019,0.93613404,0.987079561,0.999991596,0.909392238,0.999864221,1.920937,yes,1,yes,yes,yes
3900,Cc1ccc(C(=O)NNC(=S)NC(=O)c2ccc(Cl)cc2)cc1,1,"Non-corrosive, Non-irritant, Non-sensitizer",0,non-carcinogen,0,0.961437225,0.926026046,0.988300562,0.999047339,0.627126217,0.994424164,1.768584965,yes,1,yes,yes,yes
4053,Cc1cccc(C(=O)NC(=S)NNC(=O)c2ccccc2Cl)c1,1,"Non-corrosive, Non-irritant, Non-sensitizer",0,non-carcinogen,0,0.904340088,0.93613404,0.978576839,0.999978662,0.909392238,0.998955548,1.866871023,yes,1,yes,yes,yes
4055,COc1cc(C(=O)NNC(=S)NC(=O)c2ccccc2C)cc(OC)c1OC,1,"Non-corrosive, Non-irritant, Non-sensitizer",0,non-carcinogen,0,0.912928641,0.981183648,0.972121119,0.999991417,0.999913394,0.999209344,2.079812739,yes,1,yes,no,no
4077,Cc1ccccc1C(=O)NNC(=S)NC(=O)c1ccccc1,1,"Non-corrosive, Non-irritant, Non-sensitizer",0,non-carcinogen,0,0.938262582,0.977796733,0.980929136,0.999999285,0.999190688,0.996972144,1.753553134,yes,1,yes,yes,yes
4120,O=C(NNC(=S)NC(=O)c1ccccc1[N+](=O)[O-])c1ccc(Cl)cc1Cl,1,"Non-corrosive, Non-irritant, Non-sensitizer",0,non-carcinogen,0,0.973536551,0.972732782,0.989310384,1,0.958712757,0.999541879,2.142071526,yes,1,yes,no,no
4143,COc1ccccc1C(=O)NNC(=S)NC(=O)c1cc(OC)c(OC)c(OC)c1,1,"Non-corrosive, Non-irritant, Non-sensitizer",0,non-carcinogen,0,0.949335098,0.981183648,0.941617012,0.999999762,0.999913394,0.998993456,2.089456652,yes,1,yes,no,no
4420,COc1ccc(C(=O)NC(=S)NNC(=O)c2ccccc2C)cc1,1,"Non-corrosive, Non-irritant, Non-sensitizer",0,non-carcinogen,0,0.968346238,0.97654891,0.981602848,0.999999523,0.996212125,0.998530626,1.815743711,yes,1,yes,yes,yes
4421,COc1ccc(C(=O)NC(=S)NNC(=O)c2ccc(C)cc2)cc1,1,"Non-corrosive, Non-irritant, Non-sensitizer",0,non-carcinogen,0,0.945500612,0.976471424,0.984240174,0.999995708,0.992309034,0.999921978,1.765015123,yes,1,yes,yes,yes
4422,Cc1cccc(C(=O)NNC(=S)NC(=O)c2ccccc2)c1,1,"Non-corrosive, Non-irritant, Non-sensitizer",0,non-carcinogen,0,0.92057997,0.976302743,0.985044539,0.99999553,0.992641807,0.997202098,1.756025342,yes,1,yes,yes,yes
4427,COc1ccc(C(=O)NNC(=S)NC(=O)c2ccc(Cl)cc2)cc1,1,"Non-corrosive, Non-irritant, Non-sensitizer",0,non-carcinogen,0,0.980974913,0.920447648,0.975049019,0.999871373,0.523825645,0.999084115,1.779594917,yes,1,yes,yes,yes
4428,Cc1ccc(C(=O)NNC(=S)NC(=O)c2ccccc2)cc1,1,"Non-corrosive, Non-irritant, Non-sensitizer",0,carcinogen,1,0.934852898,0.976302743,0.98973453,0.999558747,0.992641807,0.999324441,1.698733531,yes,1,no,yes,no
4438,COc1ccc(C(=O)NC(=S)NNC(=O)c2cccc(C)c2)cc1,1,"Non-corrosive, Non-irritant, Non-sensitizer",0,non-carcinogen,0,0.931149423,0.976471424,0.983290434,0.999999046,0.992309034,0.999965727,1.818031426,yes,1,yes,yes,yes
4454,Cc1ccc(C(=O)NC(=S)NNC(=O)c2ccccc2)cc1,1,"Non-corrosive, Non-irritant, Non-sensitizer",0,carcinogen,1,0.905402839,0.976302743,0.988843679,0.999959767,0.992641807,0.998481691,1.698733531,yes,1,no,yes,no
4456,COc1ccc(C(=O)NNC(=S)NC(=O)c2ccc(OC)cc2)cc1,1,"Non-corrosive, Non-irritant, Non-sensitizer",0,non-carcinogen,0,0.973447084,0.978653193,0.974256456,0.99999547,0.99969393,0.999899209,1.778491896,yes,1,yes,yes,yes
4467,COc1ccc(C(=O)NNC(=S)NC(=O)c2ccccc2)cc1,1,"Non-corrosive, Non-irritant, Non-sensitizer",0,non-carcinogen,0,0.964475513,0.980110705,0.976275682,0.999996603,0.995067716,0.99990052,1.710777406,yes,1,yes,yes,yes
4476,Cc1ccc(C(=O)NC(=S)NNC(=O)c2ccc([N+](=O)[O-])cc2)cc1,1,"Non-corrosive, Non-irritant, Non-sensitizer",0,carcinogen,1,0.976801932,0.984885633,0.989051163,0.999999702,0.999215961,0.999982536,1.924892039,yes,1,no,yes,no
4485,O=C(NNC(=S)NC(=O)c1ccccc1)c1ccc([N+](=O)[O-])cc1,1,"Non-corrosive, Non-irritant, Non-sensitizer",0,carcinogen,1,0.979810655,0.98541522,0.986007512,0.999999762,0.999323845,0.99999243,1.875007316,yes,1,no,yes,no
4501,CCCOc1ccc(C(=O)NNC(=S)NC(=O)c2ccccc2)cc1,1,"Non-corrosive, Non-irritant, Non-sensitizer",0,non-carcinogen,0,0.926569164,0.941647887,0.969608665,0.99998194,0.779886603,0.999860466,1.825042135,yes,1,yes,yes,yes
4519,O=C(NC(=S)NNC(=O)c1ccccc1O)c1ccccc1,1,"Non-corrosive, Non-irritant, Sensitizer",1,non-carcinogen,0,0.969179809,0.979866862,0.992076635,0.999997795,0.999890864,0.999928892,1.834173481,yes,1,no,yes,no
4520,O=C(NNC(=S)NC(=O)c1cccc([N+](=O)[O-])c1)c1ccc(Br)cc1,1,"Non-corrosive, Non-irritant, Non-sensitizer",0,non-carcinogen,0,0.975008547,0.956632495,0.959941387,0.997631907,0.9924196,0.999109089,2.030989698,yes,1,yes,no,no
4556,O=C(NNC(=S)NC(=O)c1ccccc1Cl)c1cccc([N+](=O)[O-])c1,1,"Non-corrosive, Non-irritant, Non-sensitizer",0,non-carcinogen,0,0.963898838,0.969863594,0.969812751,0.999998391,0.972448707,0.999451697,2.021223143,yes,1,yes,no,no
14022,COc1ccc(C(=O)NC(=S)NNC(=O)c2ccc(NC(C)=O)cc2)cc1Br,0,"Non-corrosive, Non-irritant, Non-sensitizer",0,non-carcinogen,0,0.680069804,0.685994565,0.408935785,0.999999642,0.993912578,0.999995828,2.04970185,no,0,yes,no,no
9170,CCOC(=O)C1=C(C)OC(N)=C(C#N)C1c1c(C)nn(-c2ccc(C)cc2)c1Cl,0,"Non-corrosive, Non-irritant, Non-sensitizer",0,non-carcinogen,0,0.1866346,0.058927417,0.036704224,0.855401814,0.182249859,0.086337447,3.110859132,no,0,yes,no,no
10853,C=CCOC(=O)C1=C(C)OC(N)=C(C#N)C1c1c(C)nn(-c2ccccc2)c1Cl,0,"Non-corrosive, Non-irritant, Non-sensitizer",0,non-carcinogen,0,0.374550015,0.094419792,0.016608872,0.989726722,0.519454002,0.031839143,3.235838569,no,0,yes,no,no
10212,COc1ccccc1-c1nc(NC(C)=O)n[nH]1,0,"Non-corrosive, Non-irritant, Sensitizer",1,non-carcinogen,0,0.317721337,0.284811884,0.09075211,0.000927442,0.29679355,0.665541112,2.070409851,no,0,no,no,no
12584,CCN(CC)S(=O)(=O)c1ccc(-c2nnc(SCC(=O)Nc3nc(C)cs3)o2)cc1,0,"Non-corrosive, Non-irritant, Non-sensitizer",0,non-carcinogen,0,0.09735693,0.107888967,0.025554247,0.02388964,0.041732799,0.013088691,2.421514143,no,0,yes,no,no
15493,Cc1csc(NC(=O)CSc2nnc(-c3ccccc3)o2)n1,0,"Non-corrosive, Non-irritant, Non-sensitizer",0,carcinogen,1,0.09642487,0.104541361,0.042182125,0.211448789,0.039525352,0.796124518,2.101117348,no,0,no,no,no
9027,COc1ccc(C(=O)N2CCC(n3c(C)nc4cc(F)ccc43)CC2)cc1OC,0,"Non-corrosive, Non-irritant, Non-sensitizer",0,non-carcinogen,0,0.167555049,0.165382981,0.033413332,0.002359475,0.059347268,0.067265674,2.167379556,no,0,yes,no,no
9373,COc1cc(OC)cc(C(=O)N2CCC(n3c(C)nc4cc(F)ccc43)CC2)c1,0,"Non-corrosive, Non-irritant, Non-sensitizer",0,non-carcinogen,0,0.20830144,0.194296107,0.053831778,0.99913615,0.088202715,0.093600638,2.263211826,no,0,yes,no,no
8832,O=C(CCN1C(=O)C2(OCCO2)c2ccccc21)c1ccccc1,0,"Non-corrosive, Non-irritant, Non-sensitizer",0,non-carcinogen,0,0.165967345,0.182676524,0.131599545,4.35E-06,0.132458866,0.078720219,2.72929038,no,0,yes,no,no
13571,CCn1c2ccccc2c2cc(C3C(C#N)=C(C)NC(C)=C3C#N)ccc21,0,"Non-corrosive, Non-irritant, Non-sensitizer",0,non-carcinogen,0,0.25060305,0.27433604,0.088845246,7.73E-05,0.419284552,0.033086449,2.590229606,no,0,yes,no,no
13468,CCOC(=O)c1sc(NC(=O)c2ccc(S(=O)(=O)N3CCOCC3)cc2)cc1C,0,"Non-corrosive, Non-irritant, Non-sensitizer",0,non-carcinogen,0,0.229193941,0.323937833,0.141296044,0.943373501,0.454938769,0.396701664,2.25806834,no,0,yes,no,no
8916,CCCn1c(SCC(=O)NC2CCCCC2)nnc1-c1ccncc1,0,"Non-corrosive, Non-irritant, Non-sensitizer",0,non-carcinogen,0,0.036190871,0.036845919,0.005689356,8.23E-07,0.022084283,0.003217879,2.205045967,no,0,yes,no,no
10249,CCn1c(N2CCN(C(=O)C34CC5CC(CC(C5)C3)C4)CC2)nc2ccccc21,0,"Non-corrosive, Non-irritant, Non-sensitizer",0,non-carcinogen,0,0.215876982,0.241890341,0.03333896,2.51E-05,0.168831781,0.00729946,3.576173072,no,0,yes,no,no
4936,O=c1cc(C(F)(F)F)nc(-n2[nH]c3c(c2=O)CCCC3)[nH]1,1,"Non-corrosive, Non-irritant, Non-sensitizer",0,non-carcinogen,0,0.422438592,0.717382729,0.87268275,0.003971379,0.939846873,0.010368201,3.160548395,no,0,yes,no,no
10784,COc1ccc(CN(C2CCCC2)S(=O)(=O)c2ccc(-n3cnnn3)cc2)cc1,0,"Non-corrosive, Non-irritant, Non-sensitizer",0,non-carcinogen,0,0.185226336,0.062243432,0.012765214,0.000670976,0.013427377,0.001317935,2.287420965,no,0,yes,no,no
11944,COc1ccc(CN(C2CCCC2)S(=O)(=O)c2ccc(-n3cnnn3)c(OC)c2)cc1OC,0,"Non-corrosive, Non-irritant, Non-sensitizer",0,non-carcinogen,0,0.120880336,0.087683201,0.015969858,0.037316583,0.018426711,0.027114492,2.507876234,no,0,yes,no,no
1954,Cc1ccc(/C=C2\SC(=S)N(/N=C/c3cc([N+](=O)[O-])ccc3O)C2=O)o1,1,"Non-corrosive, Non-irritant, Non-sensitizer",0,carcinogen,1,0.95413208,0.99033457,0.983260334,0.999999821,0.999996543,0.999997199,2.862377566,yes,1,no,no,no
2791,C=CCOc1c(OC)cc(/C=N/Nc2cccc(C(=O)O)c2)c(Br)c1Br,1,"Non-corrosive, Irritant, Non-sensitizer",1,non-carcinogen,0,0.916252017,0.970692039,0.957463622,0.999999404,0.999925792,0.999845564,2.619450643,yes,1,no,no,no
3404,C/C(=N/Nc1ccccc1[N+](=O)[O-])c1ccc([N+](=O)[O-])cc1,1,"Non-corrosive, Irritant, Non-sensitizer",1,carcinogen,1,0.893338382,0.851478517,0.955711842,0.999967217,0.931959987,0.999992371,2.07098086,yes,1,no,no,no
5837,Fc1cccc(Cl)c1-c1nc(-c2ccc(Br)cc2)n[nH]1,1,"Non-corrosive, Non-irritant, Sensitizer",1,non-carcinogen,0,0.70897603,0.699723423,0.80420357,0.580527484,0.80561775,0.724675655,2.197795957,yes,1,no,no,no
9023,Clc1ccccc1-c1nc(-c2ccccc2)n[nH]1,0,"Non-corrosive, Non-irritant, Sensitizer",1,non-carcinogen,0,0.511851788,0.688033044,0.295476019,0.924644887,0.883513868,0.830123663,1.841622973,no,0,no,yes,no
15800,Brc1cccc(-c2n[nH]c(-c3ccccc3)n2)c1,0,"Non-corrosive, Non-irritant, Sensitizer",1,non-carcinogen,0,0.397840708,0.491605163,0.109519109,0.000115853,0.565083504,0.99996084,1.915279287,no,0,no,yes,no
7832,CO[C@@H]1OC(=O)C(c2ccc(O)cc2)C1Cc1ccc2c(c1)CC(C(C)(C)O)O2,1,"Non-corrosive, Non-irritant, Non-sensitizer",0,non-carcinogen,0,0.917496383,0.993563414,0.964258492,0.999976575,0.999911368,0.999992847,4.059103731,yes,1,yes,no,no
11957,Cc1c(C(=O)Nc2ccncc2)oc2ccccc12,0,"Non-corrosive, Non-irritant, Sensitizer",1,non-carcinogen,0,0.374554902,0.24047856,0.072510988,0.071446158,0.051933747,0.01143281,1.895423769,no,0,no,yes,no
2303,O=S(=O)(CCSc1nc2ccccc2s1)c1nc2ccccc2s1,1,"Non-corrosive, Non-irritant, Sensitizer",1,carcinogen,1,0.628187656,0.635402024,0.926528156,0.999995232,0.680365086,0.996821225,2.398294123,yes,1,no,no,no
14070,Cc1cc(C(=O)Nc2nnc(-c3ccccc3)s2)no1,0,"Non-corrosive, Non-irritant, Non-sensitizer",0,carcinogen,1,0.367593884,0.232075751,0.027019942,0.14032422,0.517431855,0.00715477,2.071580517,no,0,no,no,no
290,O=S(=O)(c1ccc(Cl)cc1)N1c2ccccc2Oc2nc3ccccc3nc21,1,"Non-corrosive, Non-irritant, Non-sensitizer",0,non-carcinogen,0,0.600528002,0.615816653,0.976918399,0.999999762,0.856476426,0.9999488,2.455139169,yes,1,yes,no,no
8070,CC1(C)CC[C@]2(C(=O)O)CC=C3[C@]4(C)CC[C@H]5C(C)(C)[C@@H](O)CC[C@]5(C)[C@H]4CC[C@@]3(C)[C@@H]2C1,1,"Non-corrosive, Non-irritant, Non-sensitizer",0,carcinogen,1,0.957003891,0.921779692,0.945450068,0.999999702,0.988900781,0.98142314,4.840575099,yes,1,no,no,no
8071,CC(=O)O[C@H]1CC[C@]2(C)[C@H]3CC[C@]4(C)C(=CC[C@@]5(C(=O)O)CCC(C)(C)C[C@H]54)[C@]3(C)CC[C@H]2C1(C)C,1,"Non-corrosive, Non-irritant, Non-sensitizer",0,carcinogen,1,0.861347735,0.963929057,0.98554796,0.999999821,0.994047403,0.999971032,4.854581076,yes,1,no,no,no
6413,Fc1cccc(Cl)c1-c1nc(-c2ccc(C#Cc3ccccc3)nc2)n[nH]1,1,"Non-corrosive, Non-irritant, Non-sensitizer",0,non-carcinogen,0,0.850391269,0.889556229,0.937636197,0.408127785,0.988756061,0.315623611,2.558135309,no,0,yes,no,no
9867,CCc1nnc(NC(=O)CSc2nnc(COc3ccccc3)n2-c2ccc(C)cc2)s1,0,"Non-corrosive, Non-irritant, Non-sensitizer",0,carcinogen,1,0.140441358,0.081472717,0.035480555,2.37E-07,0.077572331,0.002054622,2.296606407,no,0,no,no,no
13416,COC(=O)c1ccc2c(=O)[nH]c(CN3c4ccccc4CC3C)nc2c1,0,"Non-corrosive, Non-irritant, Non-sensitizer",0,non-carcinogen,0,0.256850481,0.297540188,0.078962035,0.000144679,0.502858102,0.207445666,2.821731729,no,0,yes,no,no
15788,CC1Cc2ccccc2N1Cc1nc2cc(Cl)ccc2c(=O)[nH]1,0,"Non-corrosive, Non-irritant, Sensitizer",1,non-carcinogen,0,0.30964914,0.342384279,0.062997796,0.000461967,0.400194675,0.156769291,2.79330718,no,0,no,no,no
1979,COc1cc(Cl)c(C)cc1NC(=O)c1ccc2c(SCC(=O)O)c3c(nc2c1)CCCC3,1,"Non-corrosive, Non-irritant, Non-sensitizer",0,non-carcinogen,0,0.761208415,0.831183732,0.959274292,0.981177211,0.930621505,0.976448655,2.526315589,yes,1,yes,no,no
15227,CC(C)(C)C(=O)C(Cc1ccccc1Cl)n1cncn1,0,"Non-corrosive, Non-irritant, Sensitizer",1,non-carcinogen,0,0.420449317,0.309487224,0.055072919,0.001125573,0.784937143,0.97590667,2.936994251,no,0,no,no,no
13602,CCOC(=O)C1=C(C)NC(C)=C(C(=O)OCC)C1C(=O)OCC(=O)N1CCC(C)CC1,0,"Non-corrosive, Non-irritant, Non-sensitizer",0,non-carcinogen,0,0.374573708,0.150561035,0.035050474,0.022333354,0.388861716,0.002225198,2.555841616,no,0,yes,no,no
11525,O=C(O)C1C2C=CC(C2)C1C(=O)NC1CCS(=O)(=O)C1,0,"Non-corrosive, Non-irritant, Sensitizer",1,non-carcinogen,0,0.269132286,0.195501,0.109470218,0.993886888,0.344314992,0.794583499,4.544440523,no,0,no,no,no
15837,NC(=O)C1CCCN(C(=O)NC2CCCCC2)C1,0,"Non-corrosive, Non-irritant, Sensitizer",1,non-carcinogen,0,0.109233588,0.056577791,0.018291393,0.011448289,0.219156951,3.52E-05,2.459658768,no,0,no,no,no
13612,CCOc1ccc(S(=O)(=O)N2CCN(C(=O)c3cccn3C)CC2)cc1,0,"Non-corrosive, Non-irritant, Non-sensitizer",0,non-carcinogen,0,0.157360196,0.211880326,0.057137508,0.000519473,0.225729331,0.013250574,2.078283019,no,0,yes,no,no
8487,CC(=O)N=c1sc(S(N)(=O)=O)nn1C,0,"Non-corrosive, Non-irritant, Non-sensitizer",0,non-carcinogen,0,0.369945735,0.370391071,0.046043999,0.04491638,0.942694962,0.085617013,3.10294597,no,0,yes,no,no
10689,CCN=C1SC(C(=O)Nc2cccc(OCC)c2)CC(=O)N1CC,0,"Non-corrosive, Non-irritant, Sensitizer",1,non-carcinogen,0,0.167816937,0.09338107,0.024229916,0.000145413,0.022696245,0.003687507,2.923504417,no,0,no,no,no
12602,CCN=C1SC(C(=O)Nc2cccc(C(=O)O)c2)CC(=O)N1CC,0,"Non-corrosive, Non-irritant, Sensitizer",1,non-carcinogen,0,0.136616483,0.117397033,0.038111128,6.20E-05,0.057216156,0.000950324,2.934491819,no,0,no,no,no
1378,O=C(Nc1ccc(Cl)cc1)Nc1nnc(CSc2ccc(Cl)cc2)s1,1,"Non-corrosive, Non-irritant, Sensitizer",1,carcinogen,1,0.876121104,0.868252635,0.942405939,0.998773754,0.504630804,0.664921343,2.102589698,yes,1,no,no,no
2518,O=C(Nc1ccc(Cl)c(Cl)c1)Nc1nnc(CSc2ccccc2)s1,1,"Non-corrosive, Non-irritant, Non-sensitizer",0,carcinogen,1,0.891604304,0.901363015,0.927947879,0.999896526,0.817087114,0.64535749,2.142737775,yes,1,no,no,no
2978,O=C(/C(=C/O)N=Nc1ccccc1)c1ccc(Cl)cc1,1,"Non-corrosive, Non-irritant, Non-sensitizer",0,non-carcinogen,0,0.915481448,0.990433931,0.927470982,0.999996364,0.999969125,0.99989897,2.594653447,yes,1,yes,no,no
3881,COc1ccc(CN=Cc2[nH]c3ccc(Br)c(Cl)c3c2O)cc1,1,"Non-corrosive, Irritant, Non-sensitizer",1,non-carcinogen,0,0.936635196,0.957750916,0.977766037,0.999999285,0.882139146,0.99993372,2.800493146,yes,1,no,no,no
4097,Cc1cc(C)nc(/N=C(\N)Nc2ccc(OCc3ccccc3)cc2)n1,1,"Non-corrosive, Non-irritant, Non-sensitizer",0,non-carcinogen,0,0.766371131,0.900088429,0.969719589,0.999976933,0.9840433,0.999993384,2.140344566,yes,1,yes,no,no
861,CC1=C(CC(=O)NCCOc2ccc(S(N)(=O)=O)cc2)c2cc(F)ccc2/C1=C/c1ccc(S(C)=O)cc1,1,"Non-corrosive, Non-irritant, Non-sensitizer",0,non-carcinogen,0,0.984854996,0.97404319,0.992875338,0.99999994,0.999294817,0.999874532,3.233302463,yes,1,yes,no,no
13264,O=C(CCn1nnc2ccccc2c1=O)N[C@@H](Cc1ccccc1)C(=O)O,0,"Non-corrosive, Non-irritant, Sensitizer",1,non-carcinogen,0,0.111821413,0.061739922,0.028503899,3.93E-06,0.063587636,0.005151658,2.429840022,no,0,no,no,no
9625,COc1ccc(CN2CCC(CNC(=O)NC3CCCCC3)CC2)cc1,0,"Non-corrosive, Non-irritant, Sensitizer",1,non-carcinogen,0,0.163586721,0.352728158,0.102532297,0.152791142,0.846930206,0.001520092,1.970156413,no,0,no,yes,no
8522,Cc1cc(NC(=O)COC(=O)C2CC2)ccc1Br,0,"Non-corrosive, Non-irritant, Sensitizer",1,non-carcinogen,0,0.374977857,0.180164799,0.129615858,0.985631764,0.020706093,0.000586962,1.835292663,no,0,no,yes,no
13291,CCCCn1nnnc1NCc1cccc(OC)c1OC,0,"Non-corrosive, Non-irritant, Sensitizer",1,carcinogen,1,0.088918485,0.039152041,0.02389181,4.91E-06,0.001981078,0.001012641,2.25007362,no,0,no,no,no
11605,Cc1ccc(NC(=O)C2CC=CCC2C(=O)N2CCCCC2)cc1,0,"Non-corrosive, Non-irritant, Sensitizer",1,non-carcinogen,0,0.383191854,0.341754675,0.033844862,0.000284203,0.474609256,0.000965817,2.824179959,no,0,no,no,no
3745,O=C(Nc1nc(-c2cccs2)cs1)c1ccc([N+](=O)[O-])o1,1,"Non-corrosive, Non-irritant, Sensitizer",1,carcinogen,1,0.897887588,0.970803022,0.949474692,0.999992669,0.997399747,0.999967873,2.371227467,yes,1,no,no,no
13358,CCCn1c(N)c(C(=O)COC(=O)c2c(C)noc2C)c(=O)n(C)c1=O,0,"Non-corrosive, Non-irritant, Non-sensitizer",0,carcinogen,1,0.24119249,0.149161831,0.026177241,1.57E-05,0.4900572,0.067969747,2.533644205,no,0,no,no,no
13500,Cc1noc(C)c1C(=O)OCC(=O)c1c(N)n(CC(C)C)c(=O)n(C)c1=O,0,"Non-corrosive, Non-irritant, Non-sensitizer",0,carcinogen,1,0.253679484,0.229420096,0.028174119,0.000142892,0.875793934,0.139186054,2.572936796,no,0,no,no,no
12791,N#Cc1cc2c(nc1SCC(=O)Nc1ccc(Cl)cc1)C1CCN2CC1,0,"Non-corrosive, Non-irritant, Non-sensitizer",0,non-carcinogen,0,0.211959347,0.408942223,0.075757675,0.1244829,0.938372672,0.355452359,3.092273073,no,0,yes,no,no
965,CCCn1nnc(NC(=O)c2cccc(OCC(C)C)c2)n1,1,"Non-corrosive, Non-irritant, Non-sensitizer",0,carcinogen,1,0.20922257,0.142654642,0.342813909,0.00035121,0.013420083,0.001998422,2.275352141,no,0,no,no,no
9185,Cn1nnc(NC(=O)c2ccc(C(C)(C)C)cc2)n1,0,"Non-corrosive, Non-irritant, Non-sensitizer",0,carcinogen,1,0.142451912,0.066413432,0.094310254,1.25E-06,0.04133429,0.000115959,2.186646873,no,0,no,no,no
11225,Cn1nnc(NC(=O)c2cccc(F)c2)n1,0,"Non-corrosive, Non-irritant, Sensitizer",1,non-carcinogen,0,0.185565546,0.093145169,0.062326349,0.000122513,0.006912914,0.002097151,2.170573091,no,0,no,no,no
12080,COc1ccc(Cl)cc1C(=O)Nc1nnn(C)n1,0,"Non-corrosive, Non-irritant, Non-sensitizer",0,non-carcinogen,0,0.229485974,0.180866286,0.081889004,2.25E-05,0.154055133,0.022888301,2.207210811,no,0,yes,no,no
12358,CCCOc1cccc(C(=O)Nc2nnn(CCC)n2)c1,0,"Non-corrosive, Non-irritant, Non-sensitizer",0,carcinogen,1,0.133917972,0.066845335,0.284439415,6.76E-05,0.022566728,0.001615897,2.206040544,no,0,no,no,no
12676,CCCn1nnc(NC(=O)c2ccc(Cl)cc2Cl)n1,0,"Non-corrosive, Irritant, Non-sensitizer",1,carcinogen,1,0.232292086,0.065010004,0.075593375,3.96E-05,0.121206157,0.006664753,2.264553443,no,0,no,no,no
15340,CCCn1nnc(NC(=O)c2cc(Br)cc(Br)c2OC)n1,0,"Non-corrosive, Non-irritant, Non-sensitizer",0,carcinogen,1,0.153597608,0.150995746,0.062160168,0.000116267,0.070548028,0.012276739,2.563726644,no,0,no,no,no
15435,Cn1nnc(NC(=O)c2ccccc2)n1,0,"Non-corrosive, Non-irritant, Sensitizer",1,carcinogen,1,0.137853697,0.073520802,0.037342656,6.05E-05,0.020604338,6.38E-05,2.0132426,no,0,no,no,no
11218,Cc1onc(-c2ccccc2Cl)c1C(=O)Nc1ccc(CN2CCCC2)cc1,0,"Non-corrosive, Non-irritant, Sensitizer",1,carcinogen,1,0.256196082,0.323435962,0.069763884,0.968945861,0.57288754,0.009487443,2.031057117,no,0,no,no,no
14594,Fc1ccc(CCNCc2ccc(Oc3ccccc3)cc2)cc1,0,"Non-corrosive, Irritant, Sensitizer",1,non-carcinogen,0,0.670147121,0.412565112,0.363117725,0.999999285,0.778313339,0.907745957,1.619287192,no,0,no,yes,no
11222,COc1cccc(Nc2cc(C)nc3ccccc23)c1,0,"Non-corrosive, Non-irritant, Non-sensitizer",0,carcinogen,1,0.501046121,0.491257787,0.269251972,0.999414206,0.485494405,0.427016407,1.738179456,no,0,no,yes,no
15697,COc1cccc(OCCCN2CCN(S(=O)(=O)c3ccc(NC(C)=O)cc3)CC2)c1,0,"Non-corrosive, Non-irritant, Non-sensitizer",0,non-carcinogen,0,0.065412574,0.163684592,0.080754139,3.47E-05,0.183849797,0.20875521,2.008405452,no,0,yes,no,no
10281,O=C(CN1CCC(O)(c2ccc(F)cc2)CC1)NCc1ccc(F)cc1,0,"Non-corrosive, Non-irritant, Sensitizer",1,non-carcinogen,0,0.168806225,0.184985563,0.046823606,2.86E-05,0.086337999,0.000767303,2.054196018,no,0,no,no,no
13479,CCOC(=O)/C=C1\SCC(=O)N1CC(=O)c1ccc[nH]1,0,"Non-corrosive, Non-irritant, Sensitizer",1,non-carcinogen,0,0.333215564,0.107141733,0.067444034,0.000164379,0.031873934,0.976299047,2.843764147,no,0,no,no,no
13744,N#C/C(=C(/O)COC(=O)CCC1CCCCC1)c1nc2ccccc2[nH]1,0,"Non-corrosive, Non-irritant, Sensitizer",1,non-carcinogen,0,0.416241735,0.316582561,0.063388817,0.98409903,0.598030686,0.05573016,2.727513797,no,0,no,no,no
5400,COc1ccc2cc(C(=O)NC3C(=O)Nc4ccccc43)cnc2c1,1,"Non-corrosive, Non-irritant, Sensitizer",1,non-carcinogen,0,0.877282977,0.745253742,0.911180139,0.999994397,0.836941302,0.385451883,2.701988922,no,0,no,no,no
5944,N#Cc1c(C2CCCNC2)cc(-c2c(O)cccc2OCC2CCC2)nc1N,1,"Non-corrosive, Non-irritant, Sensitizer",1,non-carcinogen,0,0.862126768,0.914499998,0.924662113,0.998845577,0.930153668,0.977517962,3.284873308,yes,1,no,no,no
11431,CCC(c1nnnn1Cc1ccc2c(c1)OCO2)N1CCN(c2ccc(F)cc2)CC1,0,"Non-corrosive, Non-irritant, Sensitizer",1,non-carcinogen,0,0.03180242,0.015493994,0.015450325,8.12E-08,0.007365296,0.001689506,2.854621652,no,0,no,no,no
12591,CCC(c1nnnn1Cc1ccc2c(c1)OCO2)N1CCN(c2ccc(OC)cc2)CC1,0,"Non-corrosive, Non-irritant, Sensitizer",1,non-carcinogen,0,0.03493771,0.020733004,0.01712334,1.74E-06,0.015802119,0.001180653,2.845000329,no,0,no,no,no
13838,CCn1cnc2c1c(=O)n(CC(=O)N1CCc3ccccc31)c(=O)n2Cc1ccccc1,0,"Non-corrosive, Non-irritant, Non-sensitizer",0,non-carcinogen,0,0.163851976,0.052815132,0.060688689,0.000215337,0.122653246,0.149879038,2.412558398,no,0,yes,no,no
338,COc1ccc2[nH]c(=O)c(NC(N)=S)nc2c1,1,"Non-corrosive, Non-irritant, Sensitizer",1,non-carcinogen,0,0.720507383,0.793681383,0.910872161,0.99667716,0.827497959,0.080414839,2.412425011,no,0,no,no,no
1070,CCOC(=O)CCc1nc2ccccc2[nH]c1=O,1,"Non-corrosive, Non-irritant, Non-sensitizer",0,non-carcinogen,0,0.378833055,0.447241098,0.727067709,0.001703926,0.060172897,0.034639169,2.003752983,no,0,yes,no,no
12923,COc1cc(-c2c(C#N)c(=O)[nH]c3c2c(C)nn3-c2ccccc2)ccc1O,0,"Non-corrosive, Non-irritant, Non-sensitizer",0,non-carcinogen,0,0.428667158,0.490615249,0.052284397,0.998999119,0.23011905,0.01787781,2.589776191,no,0,yes,no,no
4828,C=CCNc1ncnc2c1cnn2-c1cccc(C)c1,1,"Non-corrosive, Non-irritant, Sensitizer",1,non-carcinogen,0,0.807683051,0.679497361,0.935105324,0.999971569,0.392183632,0.953218937,2.345135159,no,0,no,no,no
9341,CCOC(=O)CNC(=O)CSc1ncnc2c1cnn2-c1ccccc1,0,"Non-corrosive, Non-irritant, Sensitizer",1,non-carcinogen,0,0.115380384,0.122745842,0.005865174,0.000127774,0.193832621,0.002420913,2.252657182,no,0,no,no,no
9584,CCOC(=O)CSc1ncnc2c1cnn2-c1ccc(Cl)cc1,0,"Non-corrosive, Non-irritant, Sensitizer",1,non-carcinogen,0,0.29788512,0.347253263,0.016994771,0.014975131,0.334675878,0.003247558,2.230967046,no,0,no,no,no
9807,CC(C)OC(=O)CSc1ncnc2c1cnn2-c1ccccc1,0,"Non-corrosive, Non-irritant, Sensitizer",1,non-carcinogen,0,0.129131794,0.172191888,0.010072298,0.000204,0.103921168,0.002340026,2.268490123,no,0,no,no,no
12076,CCOC(=O)CC(=O)CSc1ncnc2c1cnn2-c1ccccc1,0,"Non-corrosive, Non-irritant, Sensitizer",1,non-carcinogen,0,0.218464717,0.229665741,0.023122888,4.05E-06,0.368284941,0.0068257,2.384478159,no,0,no,no,no
14301,CCOC(=O)CNC(=O)CSc1ncnc2c1cnn2-c1ccc(OC)cc1,0,"Non-corrosive, Non-irritant, Non-sensitizer",0,non-carcinogen,0,0.195281133,0.221299708,0.010735391,0.000194003,0.333643287,0.003921162,2.300449852,no,0,yes,no,no
8783,CNC(=O)c1cc2c(=O)n3cc(C)ccc3nc2n(C(C)C)c1=N,0,"Non-corrosive, Non-irritant, Sensitizer",1,non-carcinogen,0,0.429463267,0.390401512,0.032583576,0.041474596,0.187827721,0.035939481,2.741157301,no,0,no,no,no
12616,CCn1c(=N)c(C(N)=O)cc2c(=O)n3cccc(C)c3nc21,0,"Non-corrosive, Non-irritant, Sensitizer",1,non-carcinogen,0,0.558697581,0.262103587,0.057178896,0.964856982,0.067014627,0.036494363,2.617712588,no,0,no,no,no
15862,CC(Sc1nc2ccccc2[nH]1)C(=O)Nc1ccc2c(c1)OCCO2,0,"Non-corrosive, Non-irritant, Sensitizer",1,carcinogen,1,0.345813662,0.470974356,0.169073984,0.996744335,0.816344798,0.299421996,2.584919744,no,0,no,no,no
9978,CCC(=O)Nc1ccc(NC(=O)Cc2ccccc2)cn1,0,"Non-corrosive, Non-irritant, Sensitizer",1,non-carcinogen,0,0.271484941,0.127988458,0.035244815,0.971948743,0.264034331,0.002932342,1.745840544,no,0,no,yes,no
3573,O=C(CCCN1C(=O)/C(=C\c2cccs2)SC1=S)Nc1cc([N+](=O)[O-])ccc1O,1,"Non-corrosive, Non-irritant, Sensitizer",1,non-carcinogen,0,0.911104441,0.976255953,0.978166819,0.999984443,0.999558389,0.99985981,2.533287144,yes,1,no,no,no
9227,O=C(Nc1ccccc1N1CCN(c2ccccc2)CC1)c1cccc(F)c1,0,"Non-corrosive, Non-irritant, Non-sensitizer",0,non-carcinogen,0,0.299742669,0.276563913,0.062017735,0.002532375,0.403912276,0.003766784,1.769945443,no,0,yes,yes,no
10852,O=C(Nc1ccccc1N1CCN(c2ccc(F)cc2)CC1)c1ccccc1,0,"Non-corrosive, Non-irritant, Sensitizer",1,non-carcinogen,0,0.259039223,0.276563913,0.050029829,6.14E-05,0.403912276,0.002345276,1.729783154,no,0,no,yes,no
2257,O=C(CCC1COc2ccccc2O1)Nc1ccc(Cl)cn1,1,"Non-corrosive, Non-irritant, Non-sensitizer",0,non-carcinogen,0,0.423888654,0.519744873,0.640293419,8.26E-05,0.118656531,0.003903144,2.616995178,no,0,yes,no,no
12312,CCOC(=O)C1CCN(C(=O)c2c(-c3c(Cl)cccc3Cl)noc2C)CC1,0,"Non-corrosive, Non-irritant, Non-sensitizer",0,non-carcinogen,0,0.232024908,0.446723312,0.052412614,5.18E-05,0.36047098,0.596905112,2.296957962,no,0,yes,no,no
1699,C[C@@H]1NC(=O)N[C@@H]1CCCCCC(=O)O,1,"Non-corrosive, Non-irritant, Non-sensitizer",0,non-carcinogen,0,0.487916052,0.779438078,0.594831526,0.992019832,0.96214503,0.512394607,3.319851104,no,0,yes,no,no
15785,CCN1C(=O)N(C)C(N(O)C(=O)NC)C1(C)C,0,"Non-corrosive, Non-irritant, Non-sensitizer",0,non-carcinogen,0,0.274290264,0.087082706,0.02798135,3.18E-05,0.008407415,0.001410653,3.797954626,no,0,yes,no,no
14395,Cc1ccc(S(=O)(=O)NC(=O)c2ccccn2)cc1,0,"Non-corrosive, Non-irritant, Non-sensitizer",0,non-carcinogen,0,0.310972512,0.117770858,0.049588148,0.995639801,0.142032728,0.314079404,1.79482398,no,0,yes,yes,no
14508,O=C(NS(=O)(=O)c1ccccc1)c1ccccn1,0,"Non-corrosive, Non-irritant, Sensitizer",1,non-carcinogen,0,0.279968709,0.111329779,0.060878307,0.942647099,0.106246464,0.205146179,1.749893254,no,0,no,yes,no
14622,O=C(NS(=O)(=O)c1ccc(F)cc1)c1ccccn1,0,"Non-corrosive, Non-irritant, Sensitizer",1,non-carcinogen,0,0.294430733,0.175035521,0.066656202,0.12164899,0.607266724,0.51157856,1.820000467,no,0,no,yes,no
14705,O=C(NS(=O)(=O)c1ccc(Cl)cc1)c1ccccn1,0,"Non-corrosive, Non-irritant, Sensitizer",1,non-carcinogen,0,0.384987414,0.315202206,0.179173648,0.999358296,0.763546467,0.85586673,1.813255039,no,0,no,yes,no
14866,O=C(NS(=O)(=O)c1ccc(Br)cc1)c1ccccn1,0,"Non-corrosive, Non-irritant, Sensitizer",1,non-carcinogen,0,0.350519538,0.243045434,0.127086684,0.99953717,0.751734614,0.196450755,1.88332964,no,0,no,yes,no
4483,CCCCn1c(=O)c(C(=O)Nc2ncccc2C)c(O)c2ccccc21,1,"Non-corrosive, Non-irritant, Non-sensitizer",0,non-carcinogen,0,0.528535903,0.475141227,0.692541957,0.999037862,0.140062243,0.030533817,2.202156781,no,0,yes,no,no
15598,CCOC(=O)c1c(C)[nH]c(C(=O)OCC(=O)N2CC(C)OC(C)C2)c1C,0,"Non-corrosive, Non-irritant, Non-sensitizer",0,non-carcinogen,0,0.310032815,0.290415913,0.15744251,0.999993563,0.399056613,0.384220153,3.092534304,no,0,yes,no,no
11409,Cc1ccc(OCC(O)CN2CCN(CC(O)COc3ccc(C)cc3)CC2)cc1,0,"Non-corrosive, Non-irritant, Sensitizer",1,non-carcinogen,0,0.199022323,0.21761705,0.100000814,5.35E-08,0.037891444,0.002709551,2.767573945,no,0,no,no,no
10495,CCOC(=O)c1cc2sccc2n1CC(=O)OC(C)C,0,"Non-corrosive, Non-irritant, Sensitizer",1,non-carcinogen,0,0.196604639,0.233908236,0.009465382,9.87E-06,0.104580902,0.007314807,2.397332858,no,0,no,no,no
5178,COc1ccc2cc(C(=O)N[C@H]3CCOC3)cnc2c1,1,"Non-corrosive, Non-irritant, Sensitizer",1,carcinogen,1,0.739708602,0.574979424,0.935805976,0.983488083,0.33010155,0.964271486,2.56458571,no,0,no,no,no
3257,Nc1nc(F)nc2c1ncn2[C@@H]1O[C@H](CO)[C@@H](O)[C@H]1O,1,"Non-corrosive, Non-irritant, Sensitizer",1,non-carcinogen,0,0.736437976,0.851597011,0.887609005,0.989324689,0.239334196,0.730982125,3.742329368,no,0,no,no,no
7477,Nc1ncnc2c1ncn2[C@@H]1O[C@H](CO)[C@@H](O)[C@H]1O,1,"Non-corrosive, Non-irritant, Sensitizer",1,non-carcinogen,0,0.743857205,0.687235236,0.901597738,0.999995708,0.124281198,0.869894326,3.531309588,no,0,no,no,no
12360,C=CCNc1ncnc2c1ncn2C1OC(CO)C(O)C1O,0,"Non-corrosive, Non-irritant, Sensitizer",1,non-carcinogen,0,0.537962615,0.216075361,0.269425601,0.997258902,0.043796398,0.942185998,3.74292252,no,0,no,no,no
10686,CCn1c(COc2ccc(Cl)c(C)c2)nnc1SCC(=O)N1CCCC1,0,"Non-corrosive, Non-irritant, Sensitizer",1,non-carcinogen,0,0.073918447,0.05474411,0.032676343,1.28E-05,0.041594058,0.051041428,2.203835519,no,0,no,no,no
12415,CCn1c(COc2cccc(C)c2)nnc1SCC(=O)N1CCCC1,0,"Non-corrosive, Non-irritant, Non-sensitizer",0,non-carcinogen,0,0.069201365,0.032246899,0.032451846,5.26E-05,0.045040835,0.012119274,2.119828159,no,0,yes,no,no
8391,COc1ccc(S(=O)(=O)N2CCCCC2)cc1NC(=O)Cn1c(=O)cnc2ccccc21,0,"Non-corrosive, Non-irritant, Non-sensitizer",0,non-carcinogen,0,0.117041893,0.313360691,0.027986493,3.01E-06,0.177256003,0.03555353,2.213076535,no,0,yes,no,no
8558,Cc1ccc(NC(=O)Cn2c(=O)cnc3ccccc32)cc1S(=O)(=O)N1CCCCC1,0,"Non-corrosive, Non-irritant, Non-sensitizer",0,non-carcinogen,0,0.128592208,0.177378237,0.066251583,0.004616684,0.176763624,0.035419032,2.214159298,no,0,yes,no,no
15786,COc1ccc(C2=C(c3ccc(OC)cc3)N3CCS(=O)(=O)N=C3S2)cc1,0,"Non-corrosive, Non-irritant, Non-sensitizer",0,non-carcinogen,0,0.412032604,0.230336696,0.065892071,0.991493165,0.441314101,0.327964842,2.596678809,no,0,yes,no,no
8549,O=C(COC(=O)c1ccc(F)cc1Cl)NC1CCS(=O)(=O)C1,0,"Non-corrosive, Non-irritant, Sensitizer",1,non-carcinogen,0,0.291131943,0.17366533,0.039022267,4.48E-05,0.84040606,0.608332872,2.615010274,no,0,no,no,no
11374,c1ccc(N2CCN(c3c4c(nc5ncnn35)CCC4)CC2)cc1,0,"Non-corrosive, Non-irritant, Sensitizer",1,non-carcinogen,0,0.165273994,0.105326071,0.044871133,1.43E-06,0.243011013,0.028374109,2.390113573,no,0,no,no,no
13852,c1ccc(-c2cccc(-c3ccccn3)n2)nc1,0,"Non-corrosive, Irritant, Sensitizer",1,non-carcinogen,0,0.478438467,0.719368637,0.169887662,0.992337942,0.859848559,0.005919279,1.913851323,no,0,no,yes,no
2252,COc1cc(C(=O)Nc2nnc(-c3sccc3C)s2)cc(OC)c1OC,1,"Non-corrosive, Non-irritant, Sensitizer",1,non-carcinogen,0,0.485727668,0.495277792,0.885960221,0.001310351,0.507793248,0.083639018,2.356560364,no,0,no,no,no
4722,C[C@H]1CN=C(Nc2ccccc2)N1CCc1cccc(F)c1,1,"Non-corrosive, Non-irritant, Sensitizer",1,non-carcinogen,0,0.633501112,0.809408903,0.95356828,0.001991057,0.045700479,0.024304114,2.760002149,no,0,no,no,no
4723,Cc1cccc(CCN2CCN=C2Nc2ccccc2)c1,1,"Non-corrosive, Non-irritant, Non-sensitizer",0,non-carcinogen,0,0.58213377,0.438596636,0.868086338,0.999848306,0.079985768,0.000172804,2.173373149,no,0,yes,no,no
4724,Cc1cccc(CCN2C(Nc3ccccc3)=NC[C@@H]2CC(C)C)c1,1,"Non-corrosive, Non-irritant, Non-sensitizer",0,non-carcinogen,0,0.726790905,0.758402884,0.929785848,0.999995112,0.235296622,0.000808083,2.90528123,no,0,yes,no,no
4729,CC(C)C[C@H]1CN=C(Nc2ccccc2)N1CCc1ccc(F)cc1,1,"Non-corrosive, Non-irritant, Sensitizer",1,non-carcinogen,0,0.550066233,0.805925131,0.960582912,0.999114215,0.02768923,0.08224912,2.872848538,no,0,no,no,no
13374,CCN1C(c2ccc(F)cc2)=CS/C1=C(\C#N)c1nnc2n1-c1ccccc1SC2,0,"Non-corrosive, Non-irritant, Non-sensitizer",0,non-carcinogen,0,0.217507631,0.113597028,0.028091533,4.82E-06,0.081273958,0.046116941,3.198214086,no,0,yes,no,no
13470,CN1C(c2ccc(F)cc2)=CS/C1=C(\C#N)c1nnc2n1-c1ccccc1SC2,0,"Non-corrosive, Non-irritant, Non-sensitizer",0,non-carcinogen,0,0.164373413,0.140145823,0.041211203,6.61E-07,0.045351766,0.162492663,3.217440746,no,0,yes,no,no
7504,C=C(CC[C@@H](C(=O)O)[C@H]1[C@H](O)C[C@@]2(C)C3=CC[C@H]4C(C)(C)C(=O)CC[C@]4(C)C3=CC[C@]12C)C(C)C,1,"Non-corrosive, Non-irritant, Non-sensitizer",0,non-carcinogen,0,0.907510698,0.987862349,0.997195601,0.999997318,0.999968767,0.999999344,5.087068933,yes,1,yes,no,no
6544,COc1ccc([C@H](Cc2ccncc2)c2ccc(NC(=O)N3CCCC3)cc2)cc1OC1CCCC1,1,"Non-corrosive, Non-irritant, Non-sensitizer",0,non-carcinogen,0,0.915679812,0.843503356,0.98668009,0.999999821,0.979803622,0.998896778,2.843446828,yes,1,yes,no,no
6251,CN1CCN(Cc2ccc(-c3cn4c5nc(ncc35)NCCCCCC(O)CCCC4)cc2)CC1,1,"Non-corrosive, Non-irritant, Sensitizer",1,non-carcinogen,0,0.990587175,0.975003242,0.997613907,0.999999762,0.98942858,0.998584747,4.442748141,yes,1,no,no,no
6464,CN1CCN(Cc2ccc(-c3cn4c5nc(ncc35)NCCCCCCC(O)CCC4)cc2)CC1,1,"Non-corrosive, Non-irritant, Sensitizer",1,non-carcinogen,0,0.963880002,0.975003242,0.997187793,0.999991059,0.98942858,0.999321103,4.444240299,yes,1,no,no,no
895,COc1ccc(OCC2CNC(=O)O2)cc1,1,"Non-corrosive, Non-irritant, Sensitizer",1,non-carcinogen,0,0.496310025,0.437126011,0.522612512,0.774569273,0.030408282,5.82E-05,2.558688001,no,0,no,no,no
6589,COc1ccc2cc(C(=O)NC3CC4(C3)CC(C(C)(C)O)C4)cnc2c1,1,"Non-corrosive, Non-irritant, Non-sensitizer",0,non-carcinogen,0,0.897274077,0.937663972,0.9660514,0.999978483,0.996789217,0.999177337,3.124819451,yes,1,yes,no,no
941,COc1cc(C2C(C#N)=C(N)Oc3cc(C)n(CCc4ccccc4)c(=O)c32)cc2c1OCO2,1,"Non-corrosive, Non-irritant, Non-sensitizer",0,non-carcinogen,0,0.56886518,0.237632632,0.657319844,0.971035302,0.02256427,0.023447018,3.163476075,no,0,yes,no,no
9260,C=CCN1C(=O)/C(=C2/Sc3ccccc3N2C)SC1=Nc1c(C)n[nH]c1C,0,"Non-corrosive, Non-irritant, Non-sensitizer",0,carcinogen,1,0.309032142,0.214296192,0.095973887,0.628435254,0.11349076,0.973791182,3.131459363,no,0,no,no,no
12571,O=C(Nc1ccc2c(c1)OCCO2)C1CCN(S(=O)(=O)Cc2ccccc2)CC1,0,"Non-corrosive, Non-irritant, Sensitizer",1,non-carcinogen,0,0.164206743,0.315600127,0.038974401,0.040116765,0.599920213,0.055147074,2.124402284,no,0,no,no,no
7315,CC(=O)O[C@H]1C=C([C@H](C)[C@H]2CC(C)=C(C)C(=O)O2)[C@@]2(C)CC[C@H]3[C@@H](C[C@H]4O[C@]45[C@@H](O)C=CC(=O)[C@]35C)[C@]12O,1,"Non-corrosive, Non-irritant, Non-sensitizer",0,carcinogen,1,0.960332572,0.999118388,0.999017835,0.999999344,1,0.999999523,6.136243243,yes,1,no,no,no
7608,COC1=CC(=O)c2ccc3cc(OC)cc(O)c3c2C1=O,1,"Non-corrosive, Non-irritant, Sensitizer",1,non-carcinogen,0,0.975630343,0.970395029,0.961455166,0.999999762,0.989755869,0.99998641,2.52849057,yes,1,no,no,no
3505,C(=N/Nc1nncc2ccccc12)\c1ccccn1,1,"Non-corrosive, Non-irritant, Sensitizer",1,non-carcinogen,0,0.626900733,0.948970377,0.930791438,0.999934196,0.999171019,0.999994934,2.377399551,yes,1,no,no,no
9690,Cc1nnc(NC(=O)C2CCCN(S(=O)(=O)c3ccccc3C(F)(F)F)C2)s1,0,"Non-corrosive, Non-irritant, Non-sensitizer",0,non-carcinogen,0,0.173753843,0.431790322,0.023124859,0.169505969,0.840128839,0.019734479,2.805360366,no,0,yes,no,no
10788,CC(C(=O)NC1CCCC1)N(C(=O)c1snc(C(N)=O)c1N)c1ccc2c(c1)OCCO2,0,"Non-corrosive, Non-irritant, Non-sensitizer",0,non-carcinogen,0,0.160826415,0.177848548,0.035907723,0.000371932,0.359155208,0.074737906,3.22122789,no,0,yes,no,no
14302,CCC(C(=O)NC1CCCC1)N(C(=O)c1snc(C(N)=O)c1N)c1ccc2c(c1)OCCO2,0,"Non-corrosive, Non-irritant, Non-sensitizer",0,non-carcinogen,0,0.08476638,0.113118216,0.022984324,5.73E-06,0.096844018,0.072044417,3.259070171,no,0,yes,no,no
9761,CC(c1ccccc1)n1c(NCCCn2ccnc2)nc2c1c(=O)[nH]c(=O)n2C,0,"Non-corrosive, Non-irritant, Non-sensitizer",0,non-carcinogen,0,0.121947765,0.074641496,0.033100452,5.51E-06,0.114333592,0.163869128,3.126057149,no,0,yes,no,no
7695,COc1cc2c(c3oc(=O)ccc13)C=CC(C)(C)O2,1,"Non-corrosive, Non-irritant, Sensitizer",1,non-carcinogen,0,0.901603401,0.983530343,0.996453285,0.999999821,0.999054551,0.999983728,2.807320061,yes,1,no,no,no
11108,CCCCn1c(=O)c(C(=O)NCc2ccncc2)c(O)c2ccccc21,0,"Non-corrosive, Non-irritant, Sensitizer",1,non-carcinogen,0,0.264447778,0.364823163,0.133070499,0.786844909,0.209888518,0.165266961,2.144907036,no,0,no,no,no
11787,CCCn1c(=O)c(C(=O)NCc2ccncc2)c(O)c2ccccc21,0,"Non-corrosive, Non-irritant, Non-sensitizer",0,non-carcinogen,0,0.267402411,0.275488645,0.120914839,9.88E-05,0.21168983,0.216509402,2.131603782,no,0,yes,no,no
14126,CN1CCN(c2cc(-c3cc(O)c4ncccc4c3)ccn2)CC1,0,"Non-corrosive, Non-irritant, Non-sensitizer",0,non-carcinogen,0,0.491430134,0.612759948,0.159298703,0.772889078,0.988807201,0.09518455,2.306349727,no,0,yes,no,no
12427,COCCCN1CC23C=CC(O2)C(C(=O)OC)C3C1=O,0,"Non-corrosive, Non-irritant, Non-sensitizer",0,carcinogen,1,0.160032764,0.314796299,0.019950137,2.54E-07,0.09908665,0.006097343,4.925179566,no,0,no,no,no
5087,c1ccc2[nH]c(Oc3ccc(OCCCN4CCCCC4)cc3)nc2c1,1,"Non-corrosive, Non-irritant, Non-sensitizer",0,non-carcinogen,0,0.731252313,0.813396931,0.905173838,0.999573469,0.929412365,0.999902844,2.110218247,yes,1,yes,no,no
4790,CCc1nnc(NC(=O)OCc2ccccc2)s1,1,"Non-corrosive, Non-irritant, Non-sensitizer",0,carcinogen,1,0.332916766,0.4319911,0.728214562,0.034452714,0.392071664,0.60546869,1.926339982,no,0,no,yes,no
3359,O=C(NCCc1ccccc1)c1coc(=O)c(Br)c1,1,"Non-corrosive, Irritant, Sensitizer",1,non-carcinogen,0,0.625108063,0.759153545,0.957327902,0.999864995,0.907328963,0.983776808,2.063648944,yes,1,no,no,no
3362,O=C(NCCc1ccc(F)cc1)c1coc(=O)c(Br)c1,1,"Non-corrosive, Irritant, Non-sensitizer",1,non-carcinogen,0,0.728518844,0.776324451,0.954843104,0.999946296,0.733002126,0.978406012,2.146103433,yes,1,no,no,no
14263,Cc1cc(=O)oc(C)c1C(=O)NCCc1ccccc1,0,"Non-corrosive, Non-irritant, Sensitizer",1,non-carcinogen,0,0.189858466,0.226294383,0.07932996,0.000193879,0.330068499,0.006301262,1.903410026,no,0,no,yes,no
10804,Cc1ccc(OCc2nnc(SCC(=O)Nc3ccc4c(c3)OCCO4)n2Cc2ccco2)cc1,0,"Non-corrosive, Non-irritant, Non-sensitizer",0,non-carcinogen,0,0.020123282,0.048394646,0.010167935,2.79E-07,0.050014794,0.011506738,2.403905101,no,0,yes,no,no
3325,COc1cc(/C=C2\SC(N)=NC2=O)ccc1O,1,"Non-corrosive, Non-irritant, Sensitizer",1,non-carcinogen,0,0.935841203,0.918334663,0.991698265,0.999892652,0.933412075,0.999952197,2.33463614,yes,1,no,no,no
4489,CCN(CC)c1ccc(/C=C2\SC(N)=NC2=O)cc1,1,"Non-corrosive, Irritant, Sensitizer",1,carcinogen,1,0.747857571,0.802397072,0.976076543,0.999710441,0.99778372,0.998554587,2.379904967,yes,1,no,no,no
4490,COc1cc(/C=C2\SC(N)=NC2=O)cc(Cl)c1O,1,"Non-corrosive, Non-irritant, Non-sensitizer",0,non-carcinogen,0,0.886601329,0.911270738,0.990185976,0.999982297,0.82968092,0.999912798,2.488011658,yes,1,yes,no,no
11353,Cc1cc(NC(=O)CSc2nnc(CNc3ccc(F)cc3)n2C2CCCCC2)no1,0,"Non-corrosive, Non-irritant, Non-sensitizer",0,carcinogen,1,0.074225783,0.059130859,0.026531277,0.00027972,0.061753452,0.05952638,2.44837755,no,0,no,no,no
11207,Cc1cc(C)cc(NC(=O)C2CCN(c3nccs3)CC2)c1,0,"Non-corrosive, Non-irritant, Non-sensitizer",0,non-carcinogen,0,0.192067221,0.184256852,0.042113006,0.992539942,0.089589916,3.89E-05,2.11000028,no,0,yes,no,no
13863,O=C(NCc1ccco1)C1Cc2ccccc2CN1S(=O)(=O)c1ccccc1F,0,"Non-corrosive, Non-irritant, Sensitizer",1,non-carcinogen,0,0.113478914,0.379307866,0.052677076,5.35E-06,0.823221743,0.424533814,2.714609512,no,0,no,no,no
8981,O=C(NC1CCCC1)C(c1cccs1)N(C(=O)c1ccco1)c1ccc2c(c1)OCCO2,0,"Non-corrosive, Non-irritant, Non-sensitizer",0,non-carcinogen,0,0.092715636,0.218424305,0.289394915,0.999785066,0.629776299,0.007865204,3.00422226,no,0,yes,no,no
10749,CN(C(=O)c1cccc(C#N)c1)c1nnc(-c2ccncc2)s1,0,"Non-corrosive, Non-irritant, Sensitizer",1,non-carcinogen,0,0.286433339,0.121355549,0.026138807,1.30E-06,0.005853048,0.000954828,2.410048165,no,0,no,no,no
15564,COc1ccc(CCNC(=O)Cn2c(-c3nonc3N)nc3ccccc32)cc1OC,0,"Non-corrosive, Non-irritant, Non-sensitizer",0,carcinogen,1,0.107620776,0.241266713,0.052624077,3.78E-05,0.206543505,0.081545763,2.366633349,no,0,no,no,no
15268,O=C1OC(N2CCN(C(=O)c3ccco3)CC2)c2ccccc21,0,"Non-corrosive, Non-irritant, Sensitizer",1,non-carcinogen,0,0.223388851,0.293690234,0.027464749,0.010693334,0.348709106,0.001795906,2.771829296,no,0,no,no,no
14038,CCCCC#Cc1ccc(NCC2CCNCC2)c(C(N)=O)c1,0,"Non-corrosive, Non-irritant, Non-sensitizer",0,non-carcinogen,0,0.39587757,0.369910419,0.118199162,0.216709882,0.507868707,0.144071251,2.556305507,no,0,yes,no,no
14484,CCCCC#Cc1ccc(NCC2CCN(C(C)=O)CC2)c(C(N)=O)c1,0,"Non-corrosive, Non-irritant, Sensitizer",1,non-carcinogen,0,0.251759768,0.269851089,0.107278138,0.005482344,0.582538068,0.539391756,2.483214737,no,0,no,no,no
13097,Cn1c(=O)c2c(nc(CN3CCN(C(=O)c4ccco4)CC3)n2Cc2ccc(Cl)cc2)n(C)c1=O,0,"Non-corrosive, Non-irritant, Non-sensitizer",0,non-carcinogen,0,0.069032304,0.052324221,0.012289107,2.80E-06,0.030340429,0.036412764,2.498248329,no,0,yes,no,no
13347,Cc1ccc(Cn2c(CN3CCN(C(=O)c4ccco4)CC3)nc3c2c(=O)n(C)c(=O)n3C)cc1,0,"Non-corrosive, Non-irritant, Non-sensitizer",0,non-carcinogen,0,0.032534055,0.042919841,0.009163373,1.35E-07,0.038853232,0.028174093,2.488381196,no,0,yes,no,no
10741,O=C(CSc1nnnn1C1CCCCC1)NCc1ccc2c(c1)OCO2,0,"Non-corrosive, Non-irritant, Sensitizer",1,carcinogen,1,0.044688705,0.045107909,0.008103252,1.26E-06,0.013079534,0.000236828,2.321292626,no,0,no,no,no
12153,Cc1ccc(C2CC(C(F)(F)F)n3nc(C(=O)NCc4ccco4)cc3N2)cc1,0,"Non-corrosive, Non-irritant, Non-sensitizer",0,carcinogen,1,0.075914577,0.096731231,0.009141722,1.32E-06,0.057753418,0.008770241,3.655215364,no,0,no,no,no
12444,O=C(NCc1ccco1)c1cc2n(n1)C(C(F)(F)F)CC(c1ccc(Br)cc1)N2,0,"Non-corrosive, Non-irritant, Non-sensitizer",0,carcinogen,1,0.117033131,0.056237392,0.005008481,4.59E-06,0.063731536,0.006797654,3.712420242,no,0,no,no,no
3218,CCC(C)Oc1cc(-c2ccnc(Nc3cccc(Cl)c3)n2)ccn1,1,"Non-corrosive, Non-irritant, Non-sensitizer",0,non-carcinogen,0,0.736452103,0.851380527,0.958665848,0.999973774,0.805764079,0.999897957,2.758086999,yes,1,yes,no,no
8385,Cc1ccccc1NC(=O)Cc1nc(COC(=O)c2cccc([N+](=O)[O-])c2)cs1,0,"Non-corrosive, Non-irritant, Non-sensitizer",0,carcinogen,1,0.466450483,0.602080405,0.080948226,0.999991775,0.872950017,0.964464605,2.162258167,no,0,no,no,no
10118,Cc1sc(NC(=O)CSc2nc(N)n(CC(=O)c3ccccc3)n2)c(C#N)c1C,0,"Non-corrosive, Non-irritant, Sensitizer",1,carcinogen,1,0.192834049,0.10199739,0.095429786,0.483433902,0.095976472,0.060789078,2.675960648,no,0,no,no,no
9915,CCOc1ccccc1N(C(=O)Cn1nnnc1-c1ccc(C)o1)C(CC)C(=O)NC(C)(C)C,0,"Non-corrosive, Non-irritant, Non-sensitizer",0,non-carcinogen,0,0.05355452,0.024879038,0.042121634,5.35E-08,0.01385921,0.004779067,3.284690055,no,0,yes,no,no
4587,COc1cc(C#N)ccc1OCC(=O)N1CCc2ccccc2C1,1,"Non-corrosive, Non-irritant, Non-sensitizer",0,non-carcinogen,0,0.409528047,0.382956475,0.715189397,1.36E-05,0.165199712,0.004933232,2.019002704,no,0,yes,no,no
5004,CCCCCCCCc1ccc(OCC(=O)Cn2cc(C(=O)O)c3cc(C(=O)O)ccc32)cc1,1,"Non-corrosive, Non-irritant, Non-sensitizer",0,non-carcinogen,0,0.878870487,0.722119868,0.893521369,0.997057974,0.656280577,0.174948379,2.384101765,no,0,yes,no,no
5415,CCCCCCCCc1ccc(OCC(=O)Cn2cc(C(C)(C)C)c3cc(C(=O)O)ccc32)cc1,1,"Non-corrosive, Non-irritant, Sensitizer",1,non-carcinogen,0,0.795777321,0.776621282,0.957710266,0.994418025,0.962062538,0.534716845,2.500518772,yes,1,no,no,no
5819,CCCCCCCCc1ccc(OCC(=O)Cn2ccc3cc(C(N)=O)ccc32)cc1,1,"Non-corrosive, Non-irritant, Non-sensitizer",0,carcinogen,1,0.591236413,0.524275124,0.57144022,0.203797758,0.547613978,0.769451618,2.290628855,no,0,no,no,no
5840,CCCCCCCCc1ccc(OCC(=O)Cn2cc(Cl)c3cc(C(=O)O)ccc32)cc1,1,"Non-corrosive, Non-irritant, Non-sensitizer",0,non-carcinogen,0,0.849958122,0.795868516,0.902290165,0.996282995,0.646339118,0.584608674,2.365114912,yes,1,yes,no,no
6202,CCCCCCCCc1ccc(OCC(=O)Cn2ccc3cc(C(=O)O)ccc32)cc1,1,"Non-corrosive, Non-irritant, Non-sensitizer",0,non-carcinogen,0,0.689268112,0.63301146,0.505500734,0.968027413,0.209505841,0.017781364,2.261604827,no,0,yes,no,no
6416,CCCCCCCCc1ccc(OCC(=O)Cn2cc(C=O)c3cc(C(=O)O)ccc32)cc1,1,"Non-corrosive, Non-irritant, Non-sensitizer",0,non-carcinogen,0,0.908646107,0.63301146,0.923561931,0.989493608,0.209505841,0.08706449,2.43584972,no,0,yes,no,no
6433,CCCCCCCCc1ccc(OCC(=O)Cn2cc(C#N)c3cc(C(=O)O)ccc32)cc1,1,"Non-corrosive, Non-irritant, Non-sensitizer",0,non-carcinogen,0,0.867830634,0.653490484,0.902849853,0.997328877,0.08834786,0.015250748,2.451501766,no,0,yes,no,no
6489,CCCCCCCCc1ccc(OCC(=O)Cn2cc(C(C)=O)c3cc(C(=O)O)ccc32)cc1,1,"Non-corrosive, Non-irritant, Non-sensitizer",0,non-carcinogen,0,0.845297575,0.679277897,0.964728773,0.999002397,0.22180751,0.583931446,2.397262823,no,0,yes,no,no
6713,CCCCCCCCc1ccc(OCC(=O)Cn2cc(C(=O)OC)c3cc(C(=O)O)ccc32)cc1,1,"Non-corrosive, Non-irritant, Non-sensitizer",0,non-carcinogen,0,0.801995039,0.713058829,0.895869672,0.995708883,0.195401907,0.138829499,2.405701475,no,0,yes,no,no
14189,CCCCCCCCc1ccc(OCC(=O)Cn2cc(C(=O)O)c3ccccc32)cc1,0,"Non-corrosive, Non-irritant, Non-sensitizer",0,non-carcinogen,0,0.508435547,0.63301146,0.196653605,0.987547874,0.209505841,0.073809758,2.218613297,no,0,yes,no,no
14190,CCCCCCCCc1ccc(OCC(=O)Cn2ccc3c(C(=O)O)cccc32)cc1,0,"Non-corrosive, Non-irritant, Non-sensitizer",0,non-carcinogen,0,0.354114383,0.63301146,0.232416272,0.043972474,0.209505841,0.060900033,2.260307334,no,0,yes,no,no
14191,CCCCCCCCc1ccc(OCC(=O)Cn2ccc3cc(C#N)ccc32)cc1,0,"Non-corrosive, Non-irritant, Sensitizer",1,non-carcinogen,0,0.306894034,0.491340607,0.174065679,0.989013612,0.419160545,0.003378054,2.337401884,no,0,no,no,no
14192,CCCCCCCCc1ccc(OCC(=O)Cn2ccc3cc(C(=O)OC)ccc32)cc1,0,"Non-corrosive, Non-irritant, Sensitizer",1,non-carcinogen,0,0.40866977,0.655089617,0.34605068,0.182771012,0.571239352,0.009018213,2.281193013,no,0,no,no,no
14524,CCCCCCCCc1ccc(OCC(=O)Cn2ccc3cc(C=O)ccc32)cc1,0,"Non-corrosive, Non-irritant, Sensitizer",1,non-carcinogen,0,0.660367727,0.52170223,0.360203713,0.99894923,0.841436267,0.038160779,2.351601354,no,0,no,no,no
3352,Cn1c(N2CCN(C(c3ccccc3)c3ccccc3)CC2)nc2c1c(=O)[nH]c(=O)n2C,1,"Non-corrosive, Non-irritant, Sensitizer",1,non-carcinogen,0,0.29191792,0.217092142,0.737012565,1.36E-07,0.083036415,0.10088779,2.419433314,no,0,no,no,no
6656,N#CN1CC(OCc2ccc(-c3ccc4c(c3)OCCO4)cc2)(c2ccccc2)C1,1,"Non-corrosive, Non-irritant, Non-sensitizer",0,non-carcinogen,0,0.821830809,0.986078799,0.976885557,0.999989927,0.998431385,0.999888539,2.667534522,yes,1,yes,no,no
11516,O=C(Oc1cccc2cccnc12)c1ccc(Br)o1,0,"Non-corrosive, Non-irritant, Non-sensitizer",0,non-carcinogen,0,0.524609625,0.581840754,0.138569579,0.985200703,0.450573504,0.997579813,2.130166426,no,0,yes,no,no
8571,CCN(CC(=O)Nc1ccc(OC)cc1)C(=O)c1ccc2[nH]c3c(c2c1)CC(C)CC3,0,"Non-corrosive, Non-irritant, Non-sensitizer",0,non-carcinogen,0,0.208223239,0.281813383,0.110236801,0.999760807,0.257644206,0.041370988,2.743746984,no,0,yes,no,no
10777,O=C(NC1CCCCC1)C(c1ccncc1)N(C(=O)Cn1nnc(-c2cccs2)n1)C1CCCC1,0,"Non-corrosive, Non-irritant, Non-sensitizer",0,non-carcinogen,0,0.02913182,0.022685079,0.019415971,2.47E-07,0.018340079,0.008905208,3.194310636,no,0,yes,no,no
11180,CCCC1(C(=O)OC)NC(c2ccc(OC)c(OC)c2)C2C(=O)N(c3ccc4c(c3)OCO4)C(=O)C21,0,"Non-corrosive, Non-irritant, Non-sensitizer",0,non-carcinogen,0,0.323431015,0.11174272,0.013556722,0.999645352,0.076105982,0.020405484,3.758828905,no,0,yes,no,no
6594,CNc1ncc2cc(-c3cc(NC(=O)Nc4cccc(C(F)(F)F)c4)ccc3C)ccc2n1,1,"Non-corrosive, Non-irritant, Non-sensitizer",0,non-carcinogen,0,0.947251797,0.933576405,0.985076725,0.99999243,0.999053001,0.971425712,2.367497125,yes,1,yes,no,no
13137,Cc1ccc2cc(CN(CC(C)C)C(=O)C3CCCO3)c(=O)[nH]c2c1,0,"Non-corrosive, Non-irritant, Non-sensitizer",0,non-carcinogen,0,0.077804737,0.092895105,0.005764825,5.10E-05,0.031380069,0.001146293,2.870102879,no,0,yes,no,no
11363,COc1ccccc1N1CCN(C(=O)CSc2nnc(NC(=O)C3CC3)s2)CC1,0,"Non-corrosive, Non-irritant, Non-sensitizer",0,non-carcinogen,0,0.11023552,0.198972076,0.021589275,2.00E-06,0.093475349,0.017309014,2.204006905,no,0,yes,no,no
5655,CNC(=O)c1cc(C(=O)NC2CC2)cn(Cc2nccc3[nH]ccc23)c1=O,1,"Non-corrosive, Non-irritant, Non-sensitizer",0,non-carcinogen,0,0.908682406,0.8833673,0.936010003,0.999994218,0.956539631,0.998346925,2.70248912,yes,1,yes,no,no
14292,Cc1ccc(-n2c(=O)c3cc4c(=O)n(-c5ccc(C)c(C)c5)c(=O)c4c(C(=O)c4ccc(C(=O)O)cc4)c3c2=O)cc1C,0,"Non-corrosive, Non-irritant, Non-sensitizer",0,non-carcinogen,0,0.425413936,0.557270408,0.131344706,0.999994636,0.344845295,0.973136187,2.749481664,no,0,yes,no,no
10430,COc1ccc(N2C(=O)CC(Cc3ccccc3)C2=O)cc1,0,"Non-corrosive, Non-irritant, Non-sensitizer",0,non-carcinogen,0,0.296967745,0.309277952,0.042131785,0.01267617,0.307309538,0.00101883,2.306644011,no,0,yes,no,no
15313,Cn1nc(OCc2ccccc2)ccc1=O,0,"Non-corrosive, Non-irritant, Sensitizer",1,carcinogen,1,0.275141001,0.430391788,0.098315261,0.001093028,0.790417671,0.822936356,1.871482924,no,0,no,yes,no
853,COc1ccc2c(c1)c(CC(=O)Nc1ccc(S(N)(=O)=O)cc1)c(C)n2C(=O)c1ccc(Cl)cc1,1,"Non-corrosive, Non-irritant, Non-sensitizer",0,non-carcinogen,0,0.817165732,0.948264003,0.987926483,0.999995589,0.979660451,0.996208549,2.288269178,yes,1,yes,no,no
9125,O=C(NC1CCN(C(=O)N2CCOCC2)CC1)c1ccccc1,0,"Non-corrosive, Non-irritant, Sensitizer",1,non-carcinogen,0,0.281040579,0.077481486,0.019449385,0.012059992,0.043224007,0.000412019,1.938342299,no,0,no,yes,no
13741,O=C(COC(=O)c1cccnc1Nc1ccccc1F)NCc1ccc2c(c1)OCO2,0,"Non-corrosive, Non-irritant, Sensitizer",1,non-carcinogen,0,0.253727227,0.242781118,0.071077742,0.999999046,0.085255697,0.005184759,2.210574473,no,0,no,no,no
13124,CCCc1nc2oc(C(=O)OCC)c(N)c2c2c1COC(C)(C)C2,0,"Non-corrosive, Non-irritant, Non-sensitizer",0,non-carcinogen,0,0.245952204,0.333681464,0.103350744,0.995298743,0.059568468,0.916389406,3.058849587,no,0,yes,no,no
11930,O=C(Cn1c(-c2ccco2)nc2ccccc21)N1CCCCC1,0,"Non-corrosive, Non-irritant, Sensitizer",1,non-carcinogen,0,0.153559059,0.096049048,0.043467958,0.00020472,0.275736094,0.031948559,2.086028913,no,0,no,no,no
11492,c1ccc(-n2c(-c3ccncc3)nnc2-c2cccs2)cc1,0,"Non-corrosive, Non-irritant, Sensitizer",1,non-carcinogen,0,0.241763398,0.35078308,0.067027867,0.999272406,0.416676313,0.978130937,2.055012868,no,0,no,no,no
11477,Cc1ccc(NC(=O)N(Cc2ccc3c(c2)OCO3)Cc2cc3cc4c(cc3[nH]c2=O)OCCO4)cc1,0,"Non-corrosive, Non-irritant, Non-sensitizer",0,carcinogen,1,0.102634609,0.067141801,0.049420118,0.000306347,0.238973036,0.2837542,2.574812329,no,0,no,no,no
12980,Nc1nc(CN2CCN(c3ccc(F)cc3)CC2)nc(N2CCCc3ccccc32)n1,0,"Non-corrosive, Non-irritant, Non-sensitizer",0,non-carcinogen,0,0.125562191,0.228725091,0.043779776,4.15E-07,0.826023757,0.072017983,2.404420356,no,0,yes,no,no
13061,Nc1nc(CN2CCN(c3ccccc3)CC2)nc(N2CCCc3ccccc32)n1,0,"Non-corrosive, Non-irritant, Sensitizer",1,non-carcinogen,0,0.103251755,0.200649902,0.031838417,8.06E-07,0.479006469,0.036208481,2.34262494,no,0,no,no,no
4084,CCC1=NN2C(=N)/C(=C/c3c(C)nn(-c4ccccc4)c3Cl)C(=O)N=C2S1,1,"Non-corrosive, Non-irritant, Sensitizer",1,non-carcinogen,0,0.912346065,0.862182736,0.985901475,0.999927223,0.828018367,0.993821383,2.875682642,yes,1,no,no,no
10283,COc1ccc(S(=O)(=O)NCCSCc2ccco2)cc1,0,"Non-corrosive, Non-irritant, Sensitizer",1,non-carcinogen,0,0.311323673,0.093092479,0.096170396,0.000165968,0.074026845,0.003332067,2.082609005,no,0,no,no,no
8445,CC(=O)Nc1ccc(NC(=O)C(C)OC(=O)CNC(=O)c2ccc(-c3ccccc3)cc2)cc1,0,"Non-corrosive, Non-irritant, Non-sensitizer",0,non-carcinogen,0,0.418588132,0.409278184,0.242352098,0.999996245,0.513602793,0.979116082,2.382013009,no,0,yes,no,no
6206,Cc1c(S(=O)(=O)c2ccc(Cl)cc2)c(=O)on1C(=O)N1CCCCC1,1,"Non-corrosive, Non-irritant, Sensitizer",1,non-carcinogen,0,0.905104399,0.980691075,0.992132723,0.999974787,0.949744463,0.999992907,2.676314781,yes,1,no,no,no
11697,CCOC(=O)c1cc2sccc2n1CC(=O)N1CCc2ccccc21,0,"Non-corrosive, Non-irritant, Sensitizer",1,non-carcinogen,0,0.152750164,0.103565745,0.026317449,1.78E-05,0.04525638,0.026040016,2.364003159,no,0,no,no,no
5083,CC(C)(O)C#Cc1cccc(-c2c[nH]c3cnc(N)nc23)c1,1,"Non-corrosive, Non-irritant, Sensitizer",1,non-carcinogen,0,0.736808717,0.792251289,0.856087685,0.807340741,0.611123979,0.499559402,2.792054871,no,0,no,no,no
772,Cc1[nH]c2ccccc2c1CCNC(=O)c1ccc(N2CCOCC2)nc1,1,"Non-corrosive, Non-irritant, Sensitizer",1,non-carcinogen,0,0.713561356,0.826623857,0.935937345,0.999968469,0.779173732,0.746038437,2.207307072,yes,1,no,no,no
13768,COc1ccc(C)cc1-n1nnnc1SCC(=O)c1ccc2c(c1)OCCO2,0,"Non-corrosive, Non-irritant, Non-sensitizer",0,carcinogen,1,0.047896091,0.13051568,0.023729963,8.22E-07,0.137505472,0.035386268,2.320181904,no,0,no,no,no
12296,O=C(CCn1nnc(-c2cccs2)n1)NC1CCCCC1,0,"Non-corrosive, Non-irritant, Sensitizer",1,non-carcinogen,0,0.066985905,0.012449811,0.007267586,2.07E-06,0.004003036,8.61E-05,2.338233943,no,0,no,no,no
423,N/C(=N\OC(=O)c1ccc([N+](=O)[O-])cc1)c1ccccn1,1,"Non-corrosive, Non-irritant, Sensitizer",1,non-carcinogen,0,0.82505542,0.959614158,0.928054154,0.999999821,0.997158229,0.81873405,2.194991469,yes,1,no,no,no
4337,COc1ccc2c(c1)CCCN2C(N)=Nc1ccc(Cl)cc1,1,"Non-corrosive, Non-irritant, Non-sensitizer",0,non-carcinogen,0,0.540383577,0.632967412,0.853631854,0.998992682,0.089731254,0.036659848,2.260209071,no,0,yes,no,no
15577,N#Cc1ccsc1NC(=O)CN1CCCCCC1,0,"Non-corrosive, Non-irritant, Non-sensitizer",0,non-carcinogen,0,0.131981656,0.031867668,0.052228909,0.00432362,0.001764177,0.000149087,2.073601817,no,0,yes,no,no
1912,N/C(Cc1cccc2ccccc12)=N\OC(=O)c1ccc(Br)o1,1,"Non-corrosive, Non-irritant, Sensitizer",1,non-carcinogen,0,0.702518821,0.866221249,0.86013025,0.999967992,0.57900089,0.001367595,2.37925306,no,0,no,no,no
7005,CCn1nc(-c2cccc(-c3cc(C(=O)NCCO)cc(C(=O)NCCN4CCCCC4)c3)c2)cc(NC(=O)Nc2c(Cl)cncc2Cl)c1=O,1,"Non-corrosive, Non-irritant, Non-sensitizer",0,non-carcinogen,0,0.992866158,0.954466641,0.995525897,0.999999881,0.991253197,0.999781191,3.056784672,yes,1,yes,no,no
8706,O=C(CSc1nnnn1C1CCCCC1)NCCc1ccccc1,0,"Non-corrosive, Non-irritant, Non-sensitizer",0,non-carcinogen,0,0.044073053,0.04713418,0.008286271,1.47E-07,0.050467502,1.49E-05,2.079383183,no,0,yes,no,no
15183,COc1ccccc1C(O)Cc1nc2ccccc2n1C,0,"Non-corrosive, Non-irritant, Non-sensitizer",0,carcinogen,1,0.17665495,0.415312409,0.107196003,7.12E-05,0.442668885,0.503793359,2.438434384,no,0,no,no,no
11049,CCOC(=O)CC12CN3CN(C1)CC(CC(=O)OCC)(C3)C2=O,0,"Non-corrosive, Non-irritant, Sensitizer",1,non-carcinogen,0,0.2397594,0.08294528,0.036858231,3.31E-06,0.218643934,0.000431052,4.371323962,no,0,no,no,no
15014,CC(C)OC(=O)CC12CN3CN(C1)CC(CC(=O)OC(C)C)(C3)C2=O,0,"Non-corrosive, Non-irritant, Sensitizer",1,non-carcinogen,0,0.295378417,0.113775015,0.032819059,0.001957373,0.389525384,0.00035448,4.518669658,no,0,no,no,no
15912,CCOc1ncccc1C(=O)OCC(=O)c1ccc[nH]1,0,"Non-corrosive, Non-irritant, Non-sensitizer",0,non-carcinogen,0,0.300830811,0.132428199,0.102942877,0.999951243,0.029258233,0.450852245,2.303136038,no,0,yes,no,no
5651,COc1ccc2cc(C(=O)NC3CCCC3)cnc2c1,1,"Non-corrosive, Non-irritant, Non-sensitizer",0,non-carcinogen,0,0.721770048,0.786193907,0.893164933,0.999032795,0.883782029,0.755947769,1.893645504,yes,1,yes,yes,yes
271,Cc1ccc(NC(=O)c2cc(NC(=O)CCC(=O)O)ccc2N2CCCCC2)cc1,1,"Non-corrosive, Non-irritant, Non-sensitizer",0,non-carcinogen,0,0.515774012,0.325679928,0.680912137,0.000145551,0.162099719,0.02102231,1.954135028,no,0,yes,yes,no
10882,O=C(CN(C(=O)CSc1nnc(COc2ccccc2)o1)c1ccc(F)cc1)NC1CCCCC1,0,"Non-corrosive, Non-irritant, Sensitizer",1,non-carcinogen,0,0.061028853,0.111838348,0.026581785,6.45E-07,0.038070288,0.010052843,2.463414515,no,0,no,no,no
1459,O=C(Cn1cc(C(=O)C(F)(F)F)c2cc(Br)ccc21)N1CCOCC1,1,"Non-corrosive, Non-irritant, Sensitizer",1,non-carcinogen,0,0.588995993,0.67618376,0.894953072,0.968337536,0.841327131,0.169636697,2.473167624,no,0,no,no,no
13419,CCCNC(=O)Nc1cc(C)on1,0,"Non-corrosive, Non-irritant, Sensitizer",1,carcinogen,1,0.229218781,0.200812578,0.148823842,0.25552085,0.023293903,0.027688904,2.032962827,no,0,no,no,no
13677,Cc1ccc(-n2nnnc2SCC(=O)c2c(N)n(CC(C)C)c(=O)n(C)c2=O)cc1,0,"Non-corrosive, Non-irritant, Non-sensitizer",0,non-carcinogen,0,0.124873437,0.089978725,0.049445547,0.013494638,0.052823476,0.490322024,2.522396359,no,0,yes,no,no
10379,CN(C(=O)c1ccccn1)c1nnc(-c2ccncc2)s1,0,"Non-corrosive, Non-irritant, Sensitizer",1,non-carcinogen,0,0.248589829,0.135074809,0.021466784,0.000243279,0.022926936,0.011248883,2.396341477,no,0,no,no,no
2880,Cc1[nH]c2ccccc2c(=O)c1C(=O)/C=C/c1ccccc1,1,"Non-corrosive, Non-irritant, Sensitizer",1,non-carcinogen,0,0.938427269,0.881519258,0.928127527,0.999999583,0.993485272,0.998492718,2.052022258,yes,1,no,no,no
9020,CCN1CCCC1CN(Cc1cc2cc(OC)ccc2[nH]c1=O)C(=O)NCc1ccccc1,0,"Non-corrosive, Non-irritant, Non-sensitizer",0,non-carcinogen,0,0.120297261,0.257329345,0.007352575,2.47E-06,0.138217613,0.041038942,2.844131485,no,0,yes,no,no
1698,Clc1ccc(-c2cc(-c3ccccn3)on2)c(Cl)c1,1,"Non-corrosive, Non-irritant, Sensitizer",1,non-carcinogen,0,0.690556109,0.687510014,0.948143244,0.748172581,0.781206906,0.990958452,2.131883349,yes,1,no,no,no
5892,CC1(C)CC(=O)c2c(C(F)(F)F)nn(-c3ccc(C(N)=O)c(NC4CCC(O)CC4)c3)c2C1,1,"Non-corrosive, Non-irritant, Non-sensitizer",0,non-carcinogen,0,0.770264506,0.887636781,0.894767225,0.00523334,0.984475791,0.397089064,2.927633353,no,0,yes,no,no
10271,Cc1cc(S(=O)(=O)N2CCC(NC(=O)C34CC5CC(CC(C5)C3)C4)CC2)ccc1-n1cnnn1,0,"Non-corrosive, Non-irritant, Non-sensitizer",0,non-carcinogen,0,0.133945242,0.164662987,0.02975332,5.87E-06,0.12358553,0.000694368,3.834903767,no,0,yes,no,no
6141,Cc1ccc(S(=O)(=O)N2CCC(C(=O)Nc3ccc(N4CCCCC4)c(C(N)=O)c3)CC2)c(C)c1,1,"Non-corrosive, Non-irritant, Non-sensitizer",0,non-carcinogen,0,0.896682382,0.713524759,0.953493834,0.99999088,0.931557953,0.547513306,2.318429133,yes,1,yes,no,no
6349,Cc1ccc(S(=O)(=O)N2CCC(C(=O)Nc3ccc(N4CCCCC4)cc3)CC2)c(C)c1,1,"Non-corrosive, Non-irritant, Non-sensitizer",0,non-carcinogen,0,0.930066288,0.750701845,0.973520517,0.999994218,0.830101609,0.422972113,2.104466392,no,0,yes,no,no
14388,c1cncc(Oc2ccc(Nc3ncnc4[nH]ccc34)cc2)c1,0,"Non-corrosive, Non-irritant, Non-sensitizer",0,non-carcinogen,0,0.193788111,0.242571115,0.156590521,0.989841044,0.91363281,0.00554834,2.223440776,no,0,yes,no,no
3185,COC(=O)C1=C(C(=O)OC)[C@@H]2N(C)c3ccc(OC)cc3[C@@]23C[C@@H](C(=O)OC)N(C(=O)c2ccc(Br)cc2)C3=N1,1,"Non-corrosive, Non-irritant, Non-sensitizer",0,non-carcinogen,0,0.857673168,0.942857325,0.942276359,0.999999821,0.992059946,0.973166823,4.417029931,yes,1,yes,no,no
8509,Cc1ccc(NC(=O)CN(C)C(=O)Cc2coc3cc(C)c(C)cc23)cc1,0,"Non-corrosive, Non-irritant, Non-sensitizer",0,non-carcinogen,0,0.309623867,0.255909085,0.012958458,0.043559719,0.05815585,0.001003933,2.172673039,no,0,yes,no,no
5139,CC(=O)N1c2ccc(-c3ccc(CN4CCOCC4)cc3)cc2[C@H](Nc2ccccc2)C[C@@H]1C,1,"Non-corrosive, Non-irritant, Non-sensitizer",0,non-carcinogen,0,0.810766935,0.402223051,0.882842243,0.999876857,0.172550321,0.50271678,3.071336396,no,0,yes,no,no
15509,Cc1nnc(N2CCN(c3ccccc3)CC2)[nH]c1=O,0,"Non-corrosive, Non-irritant, Sensitizer",1,non-carcinogen,0,0.273285449,0.069784328,0.060839411,0.002970239,0.06474565,0.004048971,2.331453726,no,0,no,no,no
11019,Cc1nc(N)nc(C)c1Cc1ccccc1,0,"Non-corrosive, Irritant, Sensitizer",1,carcinogen,1,0.303584844,0.549948156,0.161066249,0.990915835,0.904969335,0.380425304,1.947902322,no,0,no,yes,no
7177,CC1=C2C=Cc3c(O)c(C(C)C)cc4c3[C@@]2(C)[C@@H](CC1=O)O4,1,"Non-corrosive, Non-irritant, Non-sensitizer",0,carcinogen,1,0.889139771,0.994905114,0.9738186,0.99999845,1,0.99740088,4.359535094,yes,1,no,no,no
4902,CCN(C(=O)CSc1nc(-c2ccccc2)c(-c2ccccc2)[nH]1)C1CCS(=O)(=O)C1,1,"Non-corrosive, Non-irritant, Sensitizer",1,non-carcinogen,0,0.284036964,0.5338431,0.831983268,2.77E-07,0.572854638,0.75191462,2.900428555,no,0,no,no,no
592,CCOC(=O)c1c(SCCN2CCCC2)n(-c2ccccc2)c(=S)n(-c2ccccc2)c1=O,1,"Non-corrosive, Non-irritant, Non-sensitizer",0,non-carcinogen,0,0.628205419,0.73971504,0.957652748,0.999999285,0.832895935,0.994455218,2.591152786,yes,1,yes,no,no
15910,CC(=O)c1c(C)oc(C)c1CSCc1ccc(C(=O)O)o1,0,"Non-corrosive, Non-irritant, Sensitizer",1,non-carcinogen,0,0.378995419,0.172094837,0.056157146,0.980273545,0.155409724,0.026167063,2.742442001,no,0,no,no,no
12261,OC(COc1ccc2ccccc2c1)CN1CCCC1,0,"Non-corrosive, Non-irritant, Sensitizer",1,non-carcinogen,0,0.308346659,0.231644109,0.120459639,3.46E-05,0.077154391,0.800811768,2.237286141,no,0,no,no,no
3801,COc1ccc(C2=Nn3c(nnc3-c3ccccc3OC)SC2)cc1OC1CCCC1,1,"Non-corrosive, Non-irritant, Sensitizer",1,carcinogen,1,0.885065556,0.677344918,0.949966073,0.999906778,0.544240415,0.999456406,2.618176062,yes,1,no,no,no
3802,COc1ccc(OC)c(-c2nnc3n2N=C(c2ccc(OC)c(OC4CCCC4)c2)CS3)c1,1,"Non-corrosive, Non-irritant, Non-sensitizer",0,carcinogen,1,0.93600148,0.791502059,0.968602836,0.999999881,0.86045599,0.995390415,2.69835018,yes,1,no,no,no
4885,N#Cc1c2c(c(-n3cnc4ccccc43)n3c1nc1ccccc13)CCC2,1,"Non-corrosive, Non-irritant, Sensitizer",1,non-carcinogen,0,0.474129915,0.553925753,0.955984354,4.26E-06,0.350067705,0.992197752,2.623830577,no,0,no,no,no
2860,COc1ccc(-c2nn(-c3ccccc3)cc2/C=C/C(=O)OCC(=O)Nc2ccccc2C#N)cc1,1,"Non-corrosive, Non-irritant, Non-sensitizer",0,non-carcinogen,0,0.868791461,0.863643229,0.948898256,0.999253035,0.974478602,0.926930189,2.333004891,yes,1,yes,no,no
15892,O=C(OCCN1C(=O)c2ccccc2C1=O)c1cnccn1,0,"Non-corrosive, Non-irritant, Sensitizer",1,non-carcinogen,0,0.267219454,0.231383398,0.028497646,0.279789001,0.574227333,0.003042475,2.099885995,no,0,no,no,no
15255,O=C(/C=C/c1cccc([N+](=O)[O-])c1)NCc1cccnc1,0,"Non-corrosive, Non-irritant, Sensitizer",1,non-carcinogen,0,0.640155435,0.474474251,0.354111254,0.998196602,0.308074087,0.91328764,2.024150544,no,0,no,no,no
13406,Cc1nnc(SCC(=O)c2cc(C)n(-c3ccc4c(c3)OCO4)c2C)s1,0,"Non-corrosive, Non-irritant, Non-sensitizer",0,carcinogen,1,0.205017373,0.067033395,0.050253309,0.959246218,0.043049011,0.058035392,2.458597265,no,0,no,no,no
4806,CC(=O)N1CCc2cc(S(=O)(=O)Nc3ccccc3N3CCN(C)CC3)ccc21,1,"Non-corrosive, Non-irritant, Non-sensitizer",0,non-carcinogen,0,0.791217268,0.852996051,0.827620447,0.999714971,0.965376496,0.005652059,2.230875991,no,0,yes,no,no
9474,CC(C)(C)n1nnnc1C(c1cccs1)N(Cc1cccnc1)CC1CCCO1,0,"Non-corrosive, Non-irritant, Sensitizer",1,non-carcinogen,0,0.035990857,0.01171627,0.018438566,3.96E-06,0.005648316,0.011412033,3.519372373,no,0,no,no,no
1081,Cc1nn(-c2ccccc2)c2sc(C(=O)O)cc12,1,"Non-corrosive, Irritant, Sensitizer",1,non-carcinogen,0,0.381396115,0.24087587,0.852277458,0.001765182,0.120847121,0.019519648,2.048277869,no,0,no,no,no
3252,CCOc1cc(N2CCOCC2)c(OCC)cc1NC(=O)c1cc(-c2ccco2)nc2ccccc12,1,"Non-corrosive, Non-irritant, Non-sensitizer",0,non-carcinogen,0,0.663600028,0.457445204,0.949659467,0.999999583,0.221143574,0.954867721,2.458464802,no,0,yes,no,no
15772,CS(=O)(=O)N1CCN(C(=O)CCC2CCCC2)CC1,0,"Non-corrosive, Non-irritant, Sensitizer",1,non-carcinogen,0,0.105533533,0.058225252,0.027630726,0.00429511,0.055083491,6.68E-05,2.046264909,no,0,no,no,no
15784,CC(C)CC(=O)N1CCN(C(=O)CCC2CCCC2)CC1,0,"Non-corrosive, Non-irritant, Sensitizer",1,non-carcinogen,0,0.235653877,0.119903252,0.078931689,0.974939585,0.101924352,0.002729999,2.030377128,no,0,no,no,no
3892,COc1ccc(C(=O)NNC(=S)NC(=O)c2ccco2)cc1,1,"Non-corrosive, Non-irritant, Non-sensitizer",0,non-carcinogen,0,0.9475106,0.983885527,0.98962152,0.999996126,0.999227762,0.999825478,1.973280429,yes,1,yes,yes,yes
3948,COc1ccccc1C(=O)NNC(=S)NC(=O)c1ccco1,1,"Non-corrosive, Non-irritant, Non-sensitizer",0,non-carcinogen,0,0.921534896,0.982981622,0.988414764,0.999903798,0.999787509,0.997960091,2.033551397,yes,1,yes,no,no
3962,O=C(NC(=S)NNC(=O)c1ccccc1O)c1ccco1,1,"Non-corrosive, Non-irritant, Sensitizer",1,non-carcinogen,0,0.960627794,0.983929396,0.995190501,0.999998748,0.999998033,0.999876976,2.119544012,yes,1,no,no,no
4126,COc1ccc(C(=O)NNC(=S)NC(=O)c2ccc(Br)o2)cc1OC,1,"Non-corrosive, Non-irritant, Non-sensitizer",0,non-carcinogen,0,0.906705022,0.941383898,0.981239796,0.99999994,0.99836427,0.999956906,2.188781671,yes,1,yes,no,no
4186,Cc1ccc(C(=O)NNC(=S)NC(=O)c2ccco2)cc1,1,"Non-corrosive, Non-irritant, Non-sensitizer",0,non-carcinogen,0,0.930204332,0.985144973,0.990841508,0.999986649,0.998834014,0.996435285,1.977217284,yes,1,yes,yes,yes
4307,CCCOc1ccc(C(=O)NNC(=S)NC(=O)c2ccco2)cc1,1,"Non-corrosive, Non-irritant, Non-sensitizer",0,non-carcinogen,0,0.893160582,0.930229127,0.986842811,0.999985993,0.804777384,0.999797821,2.063707691,yes,1,yes,no,no
4328,O=C(NNC(=S)NC(=O)c1ccco1)c1ccc(F)cc1,1,"Non-corrosive, Non-irritant, Non-sensitizer",0,non-carcinogen,0,0.919513226,0.961570263,0.988980412,0.999994993,0.997722805,0.999416351,1.999833451,yes,1,yes,yes,yes
5917,CC1CN(c2cncnc2)Cc2cc(C(=O)Nc3cc(CN4CCN(C)CC4)cc(C4CC4)c3)ccc21,1,"Non-corrosive, Non-irritant, Non-sensitizer",0,non-carcinogen,0,0.899167895,0.796566486,0.967379034,0.999971211,0.68711549,0.874167979,3.276107924,yes,1,yes,no,no
2331,Nc1c(C(=O)Nc2ccccc2)sc2nc3c(c(-c4ccco4)c12)CCCC3,1,"Non-corrosive, Non-irritant, Sensitizer",1,non-carcinogen,0,0.787191391,0.801484287,0.983247876,0.999994934,0.750228345,0.965916455,2.442139064,yes,1,no,no,no
9106,CC(=O)c1ccc(N2CCN(S(=O)(=O)c3cccc(S(=O)(=O)N4CCOCC4)c3)CC2)cc1,0,"Non-corrosive, Non-irritant, Non-sensitizer",0,non-carcinogen,0,0.112283096,0.090314053,0.027937159,1.31E-07,0.152295157,0.001936542,2.220470326,no,0,yes,no,no
15150,CC(C)CCN1CC(C(=O)N2CCN(c3ccc(F)cc3)CC2)CC1=O,0,"Non-corrosive, Non-irritant, Non-sensitizer",0,non-carcinogen,0,0.270323664,0.139853299,0.04780044,0.167477265,0.056179985,0.000130555,2.585374499,no,0,yes,no,no
5368,Nc1ncc2ccn(-c3ccnc(C#CC4(O)CCC4)c3)c2n1,1,"Non-corrosive, Non-irritant, Sensitizer",1,carcinogen,1,0.576905072,0.798805058,0.812168896,0.572949111,0.644757152,0.299734652,3.084609703,no,0,no,no,no
14012,O=C(C(Cc1ccccc1)N1C(=O)c2ccccc2C1=O)N1CCc2ccccc21,0,"Non-corrosive, Non-irritant, Non-sensitizer",0,non-carcinogen,0,0.210634321,0.109432228,0.049677204,8.05E-05,0.393266946,0.024862697,2.571148987,no,0,yes,no,no
7379,CC(C)=CCC[C@@]1(C)C=Cc2c(ccc(C(=O)/C=C/c3ccc(O)c(O)c3)c2O)O1,1,"Non-corrosive, Non-irritant, Non-sensitizer",0,non-carcinogen,0,0.992877066,0.999248922,0.998410106,0.999999821,1,0.999998689,3.462659402,yes,1,yes,no,no
7929,COc1ccc(/C=C/C(=O)c2ccc3c(c2O)C=CC(C)(C)O3)cc1OC,1,"Non-corrosive, Non-irritant, Non-sensitizer",0,non-carcinogen,0,0.989590585,0.994174421,0.996708512,0.999999881,0.999970794,0.999886572,2.579114885,yes,1,yes,no,no
7950,CC1(C)C=Cc2c(ccc(C(=O)/C=C/c3ccccc3)c2O)O1,1,"Non-corrosive, Non-irritant, Sensitizer",1,non-carcinogen,0,0.983525634,0.986781657,0.996633232,0.999999821,0.999990642,0.999977946,2.521531489,yes,1,no,no,no
8289,COc1cc2c(c(O)c1C(=O)/C=C/c1ccc(O)cc1)C=CC(C)(CC/C=C(\C)CCC=C(C)C)O2,1,"Non-corrosive, Non-irritant, Non-sensitizer",0,non-carcinogen,0,0.987721264,0.998985231,0.998533726,1,1,0.999998629,3.637797565,yes,1,yes,no,no
8290,COc1cc2c(c(O)c1C(=O)/C=C/c1ccccc1)C=CC(C)(CC/C=C(\C)CCC=C(C)C)O2,1,"Non-corrosive, Non-irritant, Non-sensitizer",0,non-carcinogen,0,0.9848876,0.997185528,0.998533726,0.99999994,0.999999702,0.999998629,3.550251357,yes,1,yes,no,no
4332,COc1cc(/C=C2\SC(=S)N(C(Cc3ccccc3)C(=O)O)C2=O)ccc1O,1,"Non-corrosive, Non-irritant, Non-sensitizer",0,non-carcinogen,0,0.945445716,0.896324992,0.975709617,0.999987662,0.968245268,0.964580655,2.734324225,yes,1,yes,no,no
8378,CSc1ccccc1OCc1cc(C(=O)NCCC2=CCCCC2)no1,0,"Non-corrosive, Non-irritant, Sensitizer",1,carcinogen,1,0.25543505,0.315640271,0.110311478,0.999404252,0.062459268,0.936820269,2.526944874,no,0,no,no,no
3093,Clc1cccc(Nc2nc(-c3ccncc3)nc3ccccc23)c1,1,"Non-corrosive, Non-irritant, Sensitizer",1,non-carcinogen,0,0.816988766,0.939787805,0.969814003,0.999995708,0.988570035,0.99990958,1.969485675,yes,1,no,yes,no
11922,Cc1nn(-c2cc(C)c3ccccc3n2)c2c1CCC2,0,"Non-corrosive, Non-irritant, Sensitizer",1,non-carcinogen,0,0.35547322,0.410146892,0.038330786,0.984819114,0.537005067,0.055452526,2.327228262,no,0,no,no,no
1771,Cc1cc(C)c2c(=O)n(CC(=O)N3CCC(Cc4ccccc4)CC3)sc2n1,1,"Non-corrosive, Non-irritant, Non-sensitizer",0,non-carcinogen,0,0.601827085,0.665241838,0.978333831,0.999947727,0.946042597,0.999648392,2.598040045,yes,1,yes,no,no
1775,COc1cc(C2CC(=O)N3CN(Cc4ccco4)CSC3=C2C#N)ccc1OCc1ccccc1,1,"Non-corrosive, Non-irritant, Non-sensitizer",0,non-carcinogen,0,0.588472903,0.765051663,0.937088251,0.003722448,0.277733475,0.919052124,3.154045188,no,0,yes,no,no
9843,COC(=O)c1c(NC(=O)Cc2cccs2)sc2c1CCCC2,0,"Non-corrosive, Non-irritant, Sensitizer",1,non-carcinogen,0,0.236683056,0.271774203,0.122947074,0.98415041,0.11328499,0.320739537,2.204811269,no,0,no,no,no
12055,O=C(Nc1ccncc1)C1(c2ccccc2)CCCC1,0,"Non-corrosive, Non-irritant, Sensitizer",1,non-carcinogen,0,0.299376875,0.293859065,0.109422907,0.980972767,0.333485633,0.031260904,2.021807842,no,0,no,no,no
9007,Cc1cccc(C(=O)NC2CCN(CC(=O)N3CCOCC3)CC2)c1,0,"Non-corrosive, Non-irritant, Sensitizer",1,non-carcinogen,0,0.139855102,0.068842702,0.030451197,0.000106295,0.065258659,0.000721842,1.979251236,no,0,no,yes,no
1619,CCOc1ccc(C(=O)Nc2cc(-c3nc4ccccc4[nH]3)ccc2Cl)cc1[N+](=O)[O-],1,"Non-corrosive, Non-irritant, Non-sensitizer",0,non-carcinogen,0,0.919980228,0.96216172,0.982116401,0.999970794,0.979277432,0.995593607,2.172800207,yes,1,yes,no,no
9582,CCS(=O)(=O)N1CCC(NC(=O)c2ccco2)CC1,0,"Non-corrosive, Non-irritant, Non-sensitizer",0,non-carcinogen,0,0.137361974,0.105011009,0.052211292,5.30E-05,0.41675812,0.003417297,2.175574923,no,0,yes,no,no
4736,COC(=O)C(Cc1cnc[nH]1)NC(=O)C1CCC(=O)N1,1,"Non-corrosive, Non-irritant, Sensitizer",1,non-carcinogen,0,0.450219721,0.542485595,0.892145813,0.000379261,0.11952921,0.011461993,3.18881006,no,0,no,no,no
13857,CCCc1cc(=O)[nH]c(SCC(=O)c2c(N)n(C)c(=O)n(C)c2=O)n1,0,"Non-corrosive, Non-irritant, Non-sensitizer",0,carcinogen,1,0.151739493,0.243096337,0.038251471,0.00041782,0.134070545,0.475919962,2.810425519,no,0,no,no,no
5067,N#C/C(=C1/Nc2ccccc2S1)c1ccnc(NCCN2CCOCC2)n1,1,"Non-corrosive, Non-irritant, Sensitizer",1,non-carcinogen,0,0.499325782,0.685413539,0.6509009,0.005350034,0.676281929,0.746495187,2.831329039,no,0,no,no,no
1887,O=C(/C(=N/N=C/c1ccc(O)c(O)c1O)c1ccccc1)c1ccccc1,1,"Non-corrosive, Irritant, Sensitizer",1,non-carcinogen,0,0.925964117,0.986455083,0.962861598,0.999999285,1,0.99966085,2.495763724,yes,1,no,no,no
561,Cc1ccc(S(=O)(=O)NC(C(=O)Oc2cc3oc(=O)cc(C)c3cc2Cl)C(C)C)cc1,1,"Non-corrosive, Non-irritant, Non-sensitizer",0,non-carcinogen,0,0.767681479,0.756651223,0.953012884,0.454312176,0.731806636,0.988727987,2.857167214,no,0,yes,no,no
11070,CN(C(=O)c1cc2sccc2n1C)C1CCCCC1,0,"Non-corrosive, Non-irritant, Sensitizer",1,non-carcinogen,0,0.149958044,0.348531187,0.047184363,0.549010277,0.891004264,0.041668192,2.43607202,no,0,no,no,no
15651,COc1ccc(CN(C(=O)c2ccccc2OC)C2CCS(=O)(=O)C2)cc1,0,"Non-corrosive, Non-irritant, Non-sensitizer",0,non-carcinogen,0,0.396095008,0.118581645,0.086090118,8.48E-06,0.164371744,0.050985783,2.507966685,no,0,yes,no,no
4446,O=C1C(=O)N(CCCc2ccccc2)c2ccccc21,1,"Non-corrosive, Non-irritant, Sensitizer",1,carcinogen,1,0.521304786,0.467130482,0.934209287,0.999955714,0.26151225,0.920579731,1.719776008,no,0,no,yes,no
14734,c1ccc(CCn2cc(COc3ccc(Nc4ncnc5[nH]ccc45)cc3)nn2)cc1,0,"Non-corrosive, Non-irritant, Non-sensitizer",0,carcinogen,1,0.13191621,0.09792795,0.051023494,3.53E-07,0.052331172,0.003962852,2.430736458,no,0,no,no,no
404,Oc1ccc2ccccc2c1CNc1cnc2ccccc2c1,1,"Non-corrosive, Non-irritant, Sensitizer",1,non-carcinogen,0,0.916920543,0.522198021,0.900233209,0.999984741,0.154107124,0.972804248,2.002286153,no,0,no,no,no
2232,CC(=O)c1cccc(NC(=O)Nc2cccnc2)c1,1,"Non-corrosive, Non-irritant, Sensitizer",1,non-carcinogen,0,0.428486109,0.701235354,0.87844491,0.719279885,0.601727307,0.999914289,1.716566892,no,0,no,yes,no
10921,COC(=O)c1ccccc1NC(=O)Nc1cccnc1,0,"Non-corrosive, Non-irritant, Sensitizer",1,non-carcinogen,0,0.426432759,0.375078976,0.162895754,0.99439621,0.34742716,0.999861002,1.731255876,no,0,no,yes,no
1499,COc1cc(/C=C2\SC(=S)N(CC(=O)Nc3ccc(O)cc3)C2=O)cc(OC)c1OC,1,"Non-corrosive, Non-irritant, Non-sensitizer",0,non-carcinogen,0,0.847469628,0.888612986,0.992311537,0.999999583,0.983666956,0.998417675,2.26475916,yes,1,yes,no,no
8827,CC(=O)N1CCN(c2ccc(NCc3ccc(C)cc3)cc2)CC1,0,"Non-corrosive, Non-irritant, Sensitizer",1,non-carcinogen,0,0.189443171,0.188701287,0.083468042,9.59E-05,0.483224869,0.000333498,1.766515078,no,0,no,yes,no
12407,CC(=O)N1CCN(c2ccc(NCc3ccccc3)cc2)CC1,0,"Non-corrosive, Non-irritant, Sensitizer",1,non-carcinogen,0,0.184973627,0.153916895,0.065684639,0.000829736,0.431382149,0.000161213,1.698528981,no,0,no,yes,no
8641,Cc1ccccc1NC(=O)c1cc(S(=O)(=O)N2CCCCC2)ccc1N1CCOCC1,0,"Non-corrosive, Non-irritant, Non-sensitizer",0,non-carcinogen,0,0.14608568,0.199309856,0.043827228,0.02623822,0.332729131,0.015385599,2.09568901,no,0,yes,no,no
8657,Cc1ccc(NC(=O)c2cc(S(=O)(=O)N3CCCCC3)ccc2N2CCOCC2)c(C)c1,0,"Non-corrosive, Non-irritant, Non-sensitizer",0,non-carcinogen,0,0.182100981,0.28331399,0.068770841,0.002955084,0.3519122,0.014391652,2.162468082,no,0,yes,no,no
1768,c1ccc2c(c1)CCN(CCCNc1nc3ccccc3n3cnnc13)C2,1,"Non-corrosive, Non-irritant, Non-sensitizer",0,non-carcinogen,0,0.383549988,0.222928703,0.905749321,9.22E-08,0.046489757,0.114694223,2.417637073,no,0,yes,no,no
14942,CC1=C(C(=O)OCc2ccccc2)C(c2ccc(N3CCOCC3)cc2)NC(=O)N1,0,"Non-corrosive, Non-irritant, Non-sensitizer",0,non-carcinogen,0,0.138353691,0.341855794,0.09797734,0.00030107,0.89520359,0.383665293,2.657345273,no,0,yes,no,no
10525,COc1ccc(CN(Cc2nc3ccccc3c(=O)[nH]2)C(=O)NC2CCCCC2)cc1,0,"Non-corrosive, Non-irritant, Non-sensitizer",0,non-carcinogen,0,0.159771904,0.1027335,0.024108071,0.985343397,0.041717418,0.00875215,2.295340627,no,0,yes,no,no
7280,CC1(C)[C@@H](O)CC[C@]2(C)C3C(=O)C=C4[C@@H]5C[C@@](C)(C(=O)O)CC[C@]5(C)CC[C@@]4(C)[C@]3(C)C(=O)C[C@@H]12,1,"Non-corrosive, Non-irritant, Sensitizer",1,non-carcinogen,0,0.950176895,0.977554262,0.975777864,0.996054411,0.999931574,0.999652922,5.032097189,yes,1,no,no,no
7281,CC1(C)[C@@H](O)CC[C@]2(C)C3C(=O)C=C4[C@@H]5C[C@@](C)(C(=O)O)CC[C@]5(C)C[C@H](O)[C@@]4(C)[C@]3(C)C(=O)C[C@@H]12,1,"Non-corrosive, Non-irritant, Non-sensitizer",0,non-carcinogen,0,0.962293983,0.977554262,0.995277286,0.999999285,0.999931574,0.999998629,5.230769006,yes,1,yes,no,no
14905,c1ccc(CNn2c(N3CCOCC3)nc3ccccc32)cc1,0,"Non-corrosive, Non-irritant, Non-sensitizer",0,non-carcinogen,0,0.177486956,0.135089785,0.073755339,9.93E-07,0.107153147,0.033724308,2.250812014,no,0,yes,no,no
11891,Cc1ccc(Cn2nnc3c(=O)[nH]c(C4CCCN(C(=O)Nc5ccc(F)cc5)C4)nc32)cc1,0,"Non-corrosive, Non-irritant, Non-sensitizer",0,non-carcinogen,0,0.078548305,0.076112874,0.004276482,1.48E-07,0.032529436,0.032830179,2.987037068,no,0,yes,no,no
12643,CC(=NCc1ccco1)C1=C(O)c2ccccc2C1=O,0,"Non-corrosive, Non-irritant, Sensitizer",1,non-carcinogen,0,0.627534509,0.710310161,0.104156338,0.999998868,0.999981225,0.968995273,2.61470365,no,0,no,no,no
11154,Cc1ccc(C(C(=O)NCc2ccc(F)cc2)N(C(=O)c2csnn2)C2CC2)o1,0,"Non-corrosive, Non-irritant, Non-sensitizer",0,non-carcinogen,0,0.260412306,0.154093161,0.130029544,0.001432569,0.067963347,0.007983771,3.085031032,no,0,yes,no,no
2026,O=C(N/N=C/c1sc(N2CCOCC2)nc1-c1ccccc1)c1cccc(S(=O)(=O)N2CCCC2)c1,1,"Non-corrosive, Non-irritant, Non-sensitizer",0,non-carcinogen,0,0.827115178,0.747258008,0.883589506,0.784983456,0.120307148,0.138657868,2.559780406,no,0,yes,no,no
8506,CCN(CC(=O)Nc1ccc(NC(C)=O)cc1)C(=O)CN1C(=O)C2CCCCC2C1=O,0,"Non-corrosive, Non-irritant, Sensitizer",1,non-carcinogen,0,0.12340416,0.20657371,0.01963139,6.53E-07,0.199543983,0.001126211,2.957085012,no,0,no,no,no
60,Cc1ccn(CCSCC(=O)O)n1,1,"Non-corrosive, Non-irritant, Non-sensitizer",0,carcinogen,1,0.250960916,0.267666698,0.607438028,2.06E-06,0.009785415,0.000303825,2.551874365,no,0,no,no,no
9181,COCCNC(=O)Cn1nc(C(F)(F)F)c(Cl)c1C,0,"Non-corrosive, Non-irritant, Sensitizer",1,carcinogen,1,0.248059779,0.188246459,0.051960737,0.08524999,0.810618222,0.060095388,2.348805251,no,0,no,no,no
10186,CCCn1ncc(C(=O)O)c1C,0,"Non-corrosive, Non-irritant, Non-sensitizer",0,non-carcinogen,0,0.299758494,0.249865934,0.067515045,0.002448097,0.009672843,0.055940732,2.121352138,no,0,yes,no,no
15573,CC(C)n1ncc(C(N)=O)c1N,0,"Non-corrosive, Non-irritant, Sensitizer",1,carcinogen,1,0.245462209,0.139450148,0.031679399,0.00021567,0.092537567,0.00031724,2.512949006,no,0,no,no,no
15594,CCCCNC(=S)NNC(=O)c1nn(C)cc1Cl,0,"Non-corrosive, Non-irritant, Sensitizer",1,carcinogen,1,0.505666614,0.156664819,0.129203841,0.995906651,0.404123515,0.934942424,2.453735363,no,0,no,no,no
13547,NC(=O)c1ccsc1NC(=O)COC(=O)c1ccccc1NCc1ccco1,0,"Non-corrosive, Non-irritant, Non-sensitizer",0,carcinogen,1,0.240373224,0.173493713,0.096934251,0.998997152,0.008159381,0.301964521,2.252130237,no,0,no,no,no
1138,COc1cc(-c2nnc(COc3ccc4ccccc4c3)o2)cc(OC)c1OC,1,"Non-corrosive, Non-irritant, Non-sensitizer",0,carcinogen,1,0.41623801,0.32228148,0.770525217,0.994800508,0.151734278,0.000897791,2.134533053,no,0,no,no,no
13200,COC(=O)C(C)Oc1cc(C)cc2oc(=O)c3c(c12)CCC3,0,"Non-corrosive, Non-irritant, Sensitizer",1,non-carcinogen,0,0.410362363,0.674037933,0.030672576,0.008039547,0.951889455,0.196607992,2.87697069,no,0,no,no,no
10101,COc1cc2cc(C(c3nnnn3C3CCCC3)N(C)C3CCCCC3)c(=O)[nH]c2cc1OC,0,"Non-corrosive, Non-irritant, Non-sensitizer",0,non-carcinogen,0,0.081212156,0.131146699,0.02097269,7.32E-06,0.054205846,0.009261728,3.232029218,no,0,yes,no,no
3125,CC(=O)[C@@]1(O)C(C)CC2C3C=C(C)C4=Cc5c(cnn5-c5ccccc5)C[C@]4(C)C3C(O)C[C@@]21C,1,"Non-corrosive, Non-irritant, Non-sensitizer",0,carcinogen,1,0.928037405,0.794772267,0.961073279,0.999328613,0.990011036,0.961207032,4.74839132,yes,1,no,no,no
13182,CC1=C(C(=O)NCc2ccccc2)C(c2ccc(C)o2)n2ncnc2N1,0,"Non-corrosive, Non-irritant, Sensitizer",1,carcinogen,1,0.18736133,0.149040461,0.021836581,0.031252418,0.516993046,0.027184822,3.17979656,no,0,no,no,no
8569,CCCN(CC(=O)Nc1ccccc1C)C(=O)CSc1ccccc1C,0,"Non-corrosive, Non-irritant, Sensitizer",1,non-carcinogen,0,0.19442302,0.166689008,0.086805806,0.472177923,0.057962805,0.1999152,1.999028014,no,0,no,yes,no
14016,O=C(CSc1cc(Cl)ccc1Cl)NCC(=O)Nc1ccc(F)c(F)c1F,0,"Non-corrosive, Non-irritant, Sensitizer",1,non-carcinogen,0,0.28385964,0.243652984,0.090398319,2.76E-06,0.157112628,0.056161016,2.203205221,no,0,no,no,no
9464,NC(=O)c1c(NC(=O)CSc2nnc(Cc3ccccc3)n2Cc2ccco2)sc2c1CCC2,0,"Non-corrosive, Non-irritant, Non-sensitizer",0,carcinogen,1,0.039211236,0.043193117,0.05216245,0.00025081,0.020853197,0.017108211,2.527656617,no,0,no,no,no
4933,COc1cccc(C(C(=O)NC2CCCCC2)N(C(=O)Cc2cccs2)c2ccc(-n3cnnn3)c(OC)c2)c1,1,"Non-corrosive, Non-irritant, Non-sensitizer",0,non-carcinogen,0,0.411212206,0.206660956,0.82634002,0.991386294,0.095304497,0.674860895,3.195132106,no,0,yes,no,no
4030,O=C1c2ccccc2S(=O)(=O)c2cc(C(=O)N(c3ccccn3)c3ccccn3)ccc21,1,"Non-corrosive, Non-irritant, Non-sensitizer",0,non-carcinogen,0,0.761657238,0.763520241,0.938246131,0.999998808,0.527185142,0.998979449,2.680178966,yes,1,yes,no,no
14377,CC(O)(C#Cc1cc(-n2ccc3cnc(N)nc32)ccn1)C(=O)N1CCCC1,0,"Non-corrosive, Non-irritant, Sensitizer",1,carcinogen,1,0.40592432,0.375740826,0.192389712,0.970770419,0.59242028,0.800167561,3.609385616,no,0,no,no,no
12011,COc1ccc(CN(Cc2ccccn2)S(=O)(=O)c2ccc(-n3cnnn3)cc2)cc1,0,"Non-corrosive, Non-irritant, Non-sensitizer",0,non-carcinogen,0,0.071099989,0.109923862,0.065355711,1.30E-06,0.011014823,0.024407575,2.295966781,no,0,yes,no,no
6089,Cc1c(C(C)C)c(=O)on1C(=O)N1CCOCC1,1,"Non-corrosive, Non-irritant, Sensitizer",1,carcinogen,1,0.858810782,0.98795253,0.998636901,0.999986589,0.999397814,0.999997079,2.809564563,yes,1,no,no,no
2859,O=C(COC(=O)c1ccc2[nH]c3c(c2c1)CCCC3)Nc1ccccc1Cl,1,"Non-corrosive, Non-irritant, Non-sensitizer",0,non-carcinogen,0,0.753098667,0.600034833,0.81083715,0.002101682,0.5520733,0.035240095,2.112515903,no,0,yes,no,no
9345,Cc1ccc2c(c1)nnn2C1CCN(CC(=O)NCCc2ccccc2)CC1,0,"Non-corrosive, Non-irritant, Sensitizer",1,non-carcinogen,0,0.050065968,0.0359907,0.00963641,4.44E-06,0.011020943,0.000709088,2.171830059,no,0,no,no,no
11259,c1ccc2oc(N3CCNCC3)nc2c1,0,"Non-corrosive, Non-irritant, Non-sensitizer",0,non-carcinogen,0,0.234602407,0.291835397,0.042030763,6.45E-05,0.398864478,0.001196148,2.203370042,no,0,yes,no,no
15017,CC#CCCC(=O)N1C=Cc2ccccc2C1C#N,0,"Non-corrosive, Non-irritant, Sensitizer",1,non-carcinogen,0,0.272901803,0.248741314,0.090514839,0.178063899,0.657019854,0.074533895,3.624641758,no,0,no,no,no
9043,O=C(CSc1nnc(CNc2ccccc2)o1)N1CCc2ccccc21,0,"Non-corrosive, Non-irritant, Sensitizer",1,carcinogen,1,0.06849426,0.076700285,0.041655567,0.001608793,0.091613963,0.006491301,2.227101018,no,0,no,no,no
7928,COC1=CC(=O)C(CC=C(C)C)(CC=C(C)C)C(=O)/C1=C(O)/C=C/c1ccccc1,1,"Non-corrosive, Non-irritant, Non-sensitizer",0,non-carcinogen,0,0.931755185,0.981699765,0.966628253,0.999999642,0.999506593,0.999862134,3.26898604,yes,1,yes,no,no
9920,CCCn1c(SCC(=O)NCc2ccco2)nnc1C(C)C,0,"Non-corrosive, Non-irritant, Sensitizer",1,carcinogen,1,0.037975974,0.043395739,0.008510164,6.69E-07,0.011707367,0.01617009,2.290716906,no,0,no,no,no
10274,CC(C)c1nnc(SCC(=O)NCc2ccco2)n1C,0,"Non-corrosive, Non-irritant, Non-sensitizer",0,carcinogen,1,0.046609174,0.050344072,0.019440489,0.000162761,0.012134634,0.006533431,2.250995466,no,0,no,no,no
12301,CCn1c(SCC(=O)NCc2ccco2)nnc1C(C)C,0,"Non-corrosive, Non-irritant, Sensitizer",1,carcinogen,1,0.043200724,0.038362332,0.016786151,1.66E-05,0.009166482,0.009357203,2.252530452,no,0,no,no,no
4718,O=C(NCCc1ccc(F)cc1)c1ccc2c(=O)n3c(nc2c1)CCC3,1,"Non-corrosive, Non-irritant, Sensitizer",1,non-carcinogen,0,0.761134088,0.39617148,0.877930939,0.99998337,0.28953442,0.073930211,2.083959336,no,0,no,no,no
13731,CCOC(=O)c1c(C)[nH]c(C(=O)COC(=O)c2ccc(N3CCCC3=O)cc2)c1C,0,"Non-corrosive, Non-irritant, Non-sensitizer",0,non-carcinogen,0,0.245164633,0.219945118,0.166014835,0.999955833,0.160290822,0.199156508,2.305149473,no,0,yes,no,no
4347,CCn1c(O)c(/C=N/NC(=O)c2ccccc2)c(=O)n(CC)c1=S,1,"Non-corrosive, Non-irritant, Non-sensitizer",0,non-carcinogen,0,0.866039217,0.881282389,0.974262416,0.988992274,0.853407621,0.999614239,2.547070566,yes,1,yes,no,no
4823,Cn1c(NC(=O)c2ccc(C(C)(C)C)cc2)cc(=O)n(C)c1=O,1,"Non-corrosive, Non-irritant, Sensitizer",1,non-carcinogen,0,0.440439731,0.410774291,0.936343968,0.001173657,0.075106353,0.563675523,2.141303707,no,0,no,no,no
79,O=C(Nc1ccc2nc(-c3ccc(Br)o3)[nH]c2c1)c1cccs1,1,"Non-corrosive, Non-irritant, Sensitizer",1,non-carcinogen,0,0.753807962,0.740426958,0.837853014,0.999986112,0.273372322,0.154134154,2.339901426,no,0,no,no,no
15858,C/C(CCc1ccco1)=N/NC(=O)CCC(=O)Nc1cccc(Cl)c1,0,"Non-corrosive, Non-irritant, Sensitizer",1,non-carcinogen,0,0.229606897,0.348179668,0.113733016,0.999787092,0.989932597,0.114789315,2.254910608,no,0,no,no,no
8901,O=C(O)CCCC(=O)N1CC(=O)Nc2ccccc21,0,"Non-corrosive, Non-irritant, Non-sensitizer",0,non-carcinogen,0,0.210958511,0.11669004,0.019742541,1.79E-06,0.07527151,0.000325006,2.119842848,no,0,yes,no,no
11915,C=CCN1C(=O)C(C)(C)Nc2ccccc21,0,"Non-corrosive, Non-irritant, Sensitizer",1,non-carcinogen,0,0.358441263,0.097644411,0.106544912,0.001908349,0.010329878,0.080793597,2.374930993,no,0,no,no,no
1938,Cc1cccc(NC(=S)NC2CCCC2)n1,1,"Non-corrosive, Non-irritant, Sensitizer",1,non-carcinogen,0,0.577454686,0.862172484,0.939070284,0.916852474,0.532103539,0.999817371,2.080448475,yes,1,no,no,no
9183,O=c1[nH]c(CSc2ncc(-c3ccc(F)cc3)n2Cc2ccco2)nc2ccccc12,0,"Non-corrosive, Non-irritant, Non-sensitizer",0,carcinogen,1,0.234160066,0.10474164,0.0354646,1.74E-06,0.021257533,0.009565949,2.521914862,no,0,no,no,no
4678,CCN(CC)c1ccc2cc(C(=O)NCc3ccc(F)cc3)c(=N)oc2c1,1,"Non-corrosive, Non-irritant, Sensitizer",1,non-carcinogen,0,0.629596114,0.70361656,0.865714371,0.999341309,0.089774981,0.947989047,2.329688715,no,0,no,no,no
13487,Cc1ccc2c(Cl)cc(Cl)c(OCC(=O)NC(=O)NCc3ccco3)c2n1,0,"Non-corrosive, Non-irritant, Sensitizer",1,non-carcinogen,0,0.446622193,0.348325014,0.217261389,0.999999642,0.188364193,0.964587033,2.41568244,no,0,no,no,no
10823,O=C(c1ccco1)N(CC1CCCO1)c1nc(-c2ccccc2)cs1,0,"Non-corrosive, Non-irritant, Non-sensitizer",0,carcinogen,1,0.111008741,0.089040063,0.016915532,2.21E-05,0.013112801,0.009604675,2.741972602,no,0,no,no,no
12143,COc1ccc(-c2csc(N(CC3CCCO3)C(=O)c3ccco3)n2)cc1,0,"Non-corrosive, Non-irritant, Non-sensitizer",0,carcinogen,1,0.095792249,0.088389322,0.02336452,3.10E-07,0.001666006,0.011234684,2.78238989,no,0,no,no,no
1272,O=c1ncn(-c2ccccc2F)c2ncccc12,1,"Non-corrosive, Non-irritant, Sensitizer",1,non-carcinogen,0,0.606101513,0.52387315,0.871091783,0.001677034,0.205579683,0.97620976,2.169353296,no,0,no,no,no
9918,COc1ccccc1NC(=O)N(Cc1ccc2c(c1)OCO2)Cc1nc2ccccc2c(=O)[nH]1,0,"Non-corrosive, Non-irritant, Non-sensitizer",0,non-carcinogen,0,0.18984051,0.063493162,0.018375382,0.005813532,0.12590006,0.01756819,2.402884589,no,0,yes,no,no
2082,O=C(Nc1nc2ccsc2c(=O)s1)c1ccco1,1,"Non-corrosive, Non-irritant, Sensitizer",1,carcinogen,1,0.599501431,0.321779668,0.863380253,0.99871093,0.00825836,0.008113158,2.505031994,no,0,no,no,no
9416,Cc1cc(NCCCn2ccnc2)n2c(nc3ccccc32)c1C#N,0,"Non-corrosive, Non-irritant, Sensitizer",1,non-carcinogen,0,0.28491044,0.242796689,0.125700966,0.002600865,0.178010166,0.161441371,2.638527316,no,0,no,no,no
11598,Cc1nn(-c2ccccc2)c(Cl)c1C1C(C#N)=C(N)OC2=C1C(=O)CC(C)(C)C2,0,"Non-corrosive, Non-irritant, Sensitizer",1,carcinogen,1,0.278835297,0.108370885,0.059523083,7.96E-06,0.254355133,0.04078595,3.266559723,no,0,no,no,no
12359,COc1ccc(Cn2nnnc2C(C(C)C)N(Cc2ccco2)Cc2cccs2)cc1,0,"Non-corrosive, Non-irritant, Sensitizer",1,carcinogen,1,0.073728941,0.017904051,0.020633603,1.60E-06,0.003241713,0.008284943,2.983369851,no,0,no,no,no
10090,Cc1ccc(C)c(N2CCN(C(=O)C3CCN(c4nc(C)cc(C)n4)CC3)CC2)c1,0,"Non-corrosive, Non-irritant, Sensitizer",1,non-carcinogen,0,0.250841498,0.159008369,0.018490018,8.91E-07,0.032071445,5.91E-05,2.256440549,no,0,no,no,no
2844,CN(C)c1ccc(/C=C/C=C2/C(=O)NC(=O)N(c3ccccc3)C2=O)cc1,1,"Non-corrosive, Non-irritant, Sensitizer",1,non-carcinogen,0,0.900853693,0.758088708,0.988675833,0.990351975,0.764331341,0.999607444,2.333110172,yes,1,no,no,no
7605,C=C(C)[C@@H](O)[C@H](O)c1c(OC)ccc(/C=C/C(=O)O[C@H](Cc2c(OC)ccc3ccc(=O)oc23)C(C)(C)O)c1O,1,"Non-corrosive, Non-irritant, Non-sensitizer",0,carcinogen,1,0.98637706,0.999130547,0.989834964,0.999999881,1,0.99996686,4.323769704,yes,1,no,no,no
2721,COc1ccc(S(=O)(=O)Nc2ccccc2OC)cc1NC(=O)c1cc2ccccc2oc1=O,1,"Non-corrosive, Non-irritant, Non-sensitizer",0,non-carcinogen,0,0.652313888,0.726699889,0.934289098,0.999880552,0.895726919,0.88659209,2.152862342,yes,1,yes,no,no
11968,CCC(OC(=O)CC1Sc2ccccc2NC1=O)C(=O)NCC1CCCO1,0,"Non-corrosive, Non-irritant, Sensitizer",1,non-carcinogen,0,0.283328265,0.164244086,0.070670374,0.000322562,0.1060552,0.113470413,3.497358877,no,0,no,no,no
2162,CCOC(=O)C(C(=O)OCC)c1cc(Br)c2noc3c2c1C(=O)c1ccccc1-3,1,"Non-corrosive, Non-irritant, Non-sensitizer",0,non-carcinogen,0,0.769563079,0.664839447,0.970881462,0.999994874,0.250010073,0.991145432,2.841979451,no,0,yes,no,no
6784,C[C@H](C#Cc1cccc(C(=O)NCCC(c2ccccc2)c2ccc(NS(C)(=O)=O)cc2)c1)N(O)C(N)=O,1,"Non-corrosive, Non-irritant, Sensitizer",1,non-carcinogen,0,0.950837731,0.915105641,0.964211345,0.999992728,0.668914437,0.409243345,3.435062784,no,0,no,no,no
6823,C[C@H](C#Cc1cccc(C(=O)NCCC(c2ccccc2)c2ccc(S(N)(=O)=O)cc2)c1)N(O)C(N)=O,1,"Non-corrosive, Non-irritant, Non-sensitizer",0,non-carcinogen,0,0.962417483,0.92023474,0.965045273,0.999995708,0.662359297,0.911954403,3.410166479,yes,1,yes,no,no
6837,CC(C#Cc1cccc(C(=O)NCCC(c2ccccc2)c2ccc(Cl)cc2)c1)N(O)C(N)=O,1,"Non-corrosive, Non-irritant, Non-sensitizer",0,non-carcinogen,0,0.961326957,0.951646626,0.979435802,0.999997497,0.361996531,0.550916255,3.278461484,no,0,yes,no,no
6838,CC(C#Cc1cccc(C(=O)NCCC(c2ccccc2)c2ccccc2)c1)N(O)C(N)=O,1,"Non-corrosive, Non-irritant, Non-sensitizer",0,non-carcinogen,0,0.916221976,0.887923181,0.976373792,0.9999578,0.360149324,0.576829374,2.975867684,no,0,yes,no,no
6839,CC(C#Cc1cccc(C(=O)NCCC(c2ccccc2)c2ccc(F)cc2)c1)N(O)C(N)=O,1,"Non-corrosive, Non-irritant, Non-sensitizer",0,non-carcinogen,0,0.951422989,0.902327657,0.981293738,0.99993819,0.338158458,0.177307382,3.282185522,no,0,yes,no,no
6894,C[C@H](C#Cc1cccc(C(=O)NCCC(c2ccc(F)cc2)c2ccc(F)cc2)c1)N(O)C(N)=O,1,"Non-corrosive, Non-irritant, Sensitizer",1,non-carcinogen,0,0.918679655,0.902327657,0.981293738,0.999375761,0.338158458,0.177307382,3.099811953,no,0,no,no,no
4908,OC(CNCc1ccco1)Cn1c2ccc(Br)cc2c2cc(Br)ccc21,1,"Non-corrosive, Non-irritant, Sensitizer",1,carcinogen,1,0.772509515,0.622041583,0.853572309,0.842506528,0.047675386,0.74946171,2.829662407,no,0,no,no,no
1808,O=C(Nc1ccc2oc(-c3cccc4ccccc34)nc2c1)c1ncn[nH]1,1,"Non-corrosive, Non-irritant, Non-sensitizer",0,non-carcinogen,0,0.638581574,0.504641533,0.813033164,1.30E-05,0.150994733,0.016522001,2.316624231,no,0,yes,no,no
8669,Cc1ccc2nc(N3CCN(Cc4nnnn4Cc4ccccc4)CC3)c(C#N)cc2c1,0,"Non-corrosive, Non-irritant, Non-sensitizer",0,non-carcinogen,0,0.058940731,0.032381356,0.008415034,7.63E-08,0.006809395,0.002468644,2.451072544,no,0,yes,no,no
1218,CC1Cc2cc(/C(O)=C3/C(=O)C(=O)N(CCCn4ccnc4)C3c3ccncc3)ccc2O1,1,"Non-corrosive, Non-irritant, Non-sensitizer",0,non-carcinogen,0,0.504317045,0.479466349,0.782638848,0.999967277,0.197177783,0.060022134,3.368461568,no,0,yes,no,no
15639,CCCn1c(SCc2nc3sc(C)c(C)c3c(=O)[nH]2)nc2ccccc2c1=O,0,"Non-corrosive, Non-irritant, Non-sensitizer",0,carcinogen,1,0.30034101,0.255011976,0.101182207,0.012505776,0.11004062,0.072305746,2.412182618,no,0,no,no,no
11284,Cc1cccc2cc(C#N)c(NCCNC(=O)NC3CCCCC3)nc12,0,"Non-corrosive, Non-irritant, Sensitizer",1,non-carcinogen,0,0.205279887,0.101320572,0.035425864,0.999912262,0.008019225,0.001262686,2.384749489,no,0,no,no,no
348,N#Cc1ccc(CNc2cnccn2)cc1,1,"Non-corrosive, Non-irritant, Sensitizer",1,non-carcinogen,0,0.367612273,0.688488424,0.654265702,1.24E-05,0.602132201,3.10E-05,2.049098721,no,0,no,no,no
10294,Cn1c(Cn2nnc3ccccc32)nnc1SCC(=O)Nc1ccc2c(c1)OCO2,0,"Non-corrosive, Non-irritant, Sensitizer",1,non-carcinogen,0,0.023254117,0.038125258,0.018009765,1.65E-07,0.081549197,0.021353561,2.40176704,no,0,no,no,no
2718,CCc1ccccc1NC(=O)CN(C)C(=O)Cn1ncc(Cl)c(Cl)c1=O,1,"Non-corrosive, Non-irritant, Sensitizer",1,non-carcinogen,0,0.826057732,0.788114846,0.956665754,0.999993503,0.873098373,0.992319703,2.285576185,yes,1,no,no,no
2740,Cc1ccc(NC(=O)CN(C)C(=O)Cn2ncc(Cl)c(Cl)c2=O)cc1,1,"Non-corrosive, Non-irritant, Non-sensitizer",0,non-carcinogen,0,0.83676511,0.807884634,0.983191669,0.999976337,0.86331141,0.999492168,2.185402141,yes,1,yes,no,no
4431,O=[N+]([O-])c1cncc([N+](=O)[O-])c1Nc1cccc(O)c1,1,"Non-corrosive, Irritant, Sensitizer",1,non-carcinogen,0,0.906584501,0.96818471,0.981052399,0.999906659,0.992629588,0.999950349,2.43162097,yes,1,no,no,no
4434,COc1cccc(Nc2c([N+](=O)[O-])cncc2[N+](=O)[O-])c1,1,"Non-corrosive, Non-irritant, Sensitizer",1,carcinogen,1,0.824626327,0.861499548,0.980964065,0.999823868,0.548678339,0.999828756,2.288262188,yes,1,no,no,no
4448,NS(=O)(=O)c1ccc(Nc2c([N+](=O)[O-])cncc2[N+](=O)[O-])cc1,1,"Non-corrosive, Non-irritant, Sensitizer",1,non-carcinogen,0,0.824759305,0.946189642,0.959339976,0.999998748,0.995005786,0.999357641,2.40307352,yes,1,no,no,no
3587,Cn1cc([N+](=O)[O-])c(C(=O)Nc2sc3c(c2C#N)CCC3)n1,1,"Non-corrosive, Non-irritant, Non-sensitizer",0,carcinogen,1,0.813777089,0.789969563,0.939741254,0.98122406,0.841073573,0.977324307,2.614356144,yes,1,no,no,no
8352,COC(=O)c1c(NC(=O)c2ccn(C)n2)sc2c1CCC2,0,"Non-corrosive, Non-irritant, Non-sensitizer",0,carcinogen,1,0.251777172,0.156846821,0.069795638,0.361437142,0.286917508,0.704020381,2.318391208,no,0,no,no,no
8381,CCn1ccc(C(=O)Nc2sc3c(c2C(=O)OC)CCC3)n1,0,"Non-corrosive, Non-irritant, Non-sensitizer",0,carcinogen,1,0.178782374,0.123164922,0.090359546,0.463326722,0.119622178,0.704711914,2.328329313,no,0,no,no,no
1510,C=CCNC(=O)/C=C/c1cccs1,1,"Non-corrosive, Non-irritant, Sensitizer",1,non-carcinogen,0,0.708034635,0.622979939,0.929500699,0.964539647,0.505589426,0.999998987,2.460954511,yes,1,no,no,no
10048,CCOC(=O)c1cc(CC)sc1NC(=O)CCC(=O)O,0,"Non-corrosive, Non-irritant, Sensitizer",1,non-carcinogen,0,0.308389664,0.220356271,0.112164609,0.996612608,0.837651789,0.990601718,2.123877334,no,0,no,no,no
11127,O=C(O)c1csc(Br)c1Br,0,"Non-corrosive, Irritant, Sensitizer",1,non-carcinogen,0,0.454972088,0.19636564,0.109982818,0.995779157,0.969173014,0.994494557,2.878024988,no,0,no,no,no
11606,CCOC(=O)c1c(NC(=O)CC)sc(C(C)=O)c1C,0,"Non-corrosive, Non-irritant, Sensitizer",1,non-carcinogen,0,0.274644464,0.156268165,0.043985382,0.90707624,0.322079688,0.600929797,2.123024328,no,0,no,no,no
13506,CC(=O)NC(C)C(=O)OCC(=O)c1ccc(Cl)s1,0,"Non-corrosive, Non-irritant, Sensitizer",1,non-carcinogen,0,0.469970673,0.232900128,0.097896874,0.998350263,0.681359291,0.964833081,2.66560792,no,0,no,no,no
13566,CCOC(=O)c1cc(CC)sc1N,0,"Non-corrosive, Non-irritant, Sensitizer",1,non-carcinogen,0,0.251489192,0.115024768,0.029532693,0.002284533,0.560771406,0.00743677,2.280995354,no,0,no,no,no
13815,COC(=O)c1cc(C(O)(C(=O)OC)C(F)(F)F)c(/N=C/N(C)C)s1,0,"Non-corrosive, Non-irritant, Non-sensitizer",0,non-carcinogen,0,0.641446352,0.159209877,0.065044478,1.63E-05,0.182348058,0.101859592,3.729758456,no,0,yes,no,no
13837,CCCNC(=O)Cc1ccsc1,0,"Non-corrosive, Non-irritant, Sensitizer",1,non-carcinogen,0,0.225945115,0.206566766,0.119434372,0.000185055,0.615103364,5.36E-05,1.950827082,no,0,no,yes,no
15256,CCOC(=O)/C(C#N)=C\c1ccc(CC)s1,0,"Non-corrosive, Non-irritant, Sensitizer",1,non-carcinogen,0,0.753003716,0.398468703,0.14620021,0.999995112,0.986278117,0.929101288,2.507309664,no,0,no,no,no
15644,O=C(O)CCCC(=O)OCCCCc1cccs1,0,"Non-corrosive, Non-irritant, Sensitizer",1,non-carcinogen,0,0.187651113,0.120721154,0.256871253,2.77E-06,0.541514456,0.999997318,2.028733073,no,0,no,no,no
15919,CCOC(=O)c1c(NC(=O)CC(C)C)sc(C(C)=O)c1C,0,"Non-corrosive, Non-irritant, Non-sensitizer",0,non-carcinogen,0,0.23288466,0.162654296,0.069226429,0.99875617,0.174198821,0.693303347,2.181830753,no,0,yes,no,no
9152,O=C(CCCc1c[nH]c2ccccc12)N1CCOCC1,0,"Non-corrosive, Non-irritant, Sensitizer",1,non-carcinogen,0,0.165156484,0.315080255,0.145071462,0.025840158,0.329163671,0.933950543,1.963299629,no,0,no,yes,no
10433,COc1cc(C(=O)Nc2ccc(NC(=O)c3ccco3)nc2)cc(OC)c1OC,0,"Non-corrosive, Non-irritant, Non-sensitizer",0,non-carcinogen,0,0.125741869,0.186205506,0.067118093,1.60E-06,0.028447378,0.055505741,2.123654415,no,0,yes,no,no
6607,Cc1c(C(C)C)c(=O)on1C(=O)N1CCSCC1,1,"Non-corrosive, Non-irritant, Sensitizer",1,non-carcinogen,0,0.889630497,0.989797235,0.997806966,0.999866605,0.999124885,0.999963582,3.068866289,yes,1,no,no,no
9224,CCOC(=O)C1C2C=CC3(CN(Cc4ccco4)C(=O)C13)O2,0,"Non-corrosive, Non-irritant, Sensitizer",1,non-carcinogen,0,0.122135073,0.202468678,0.014813544,3.86E-07,0.199642181,0.029334245,4.882383556,no,0,no,no,no
12904,O=c1[nH]c(N2CCc3ccccc3C2)nc2c1CCC2,0,"Non-corrosive, Non-irritant, Non-sensitizer",0,non-carcinogen,0,0.177374318,0.095407315,0.054671723,0.000694383,0.067100734,0.068816237,2.524059472,no,0,yes,no,no
3984,CC(C)/C=C1\CC/C(=C\c2ccc(N(C)C)cc2)C1=O,1,"Non-corrosive, Irritant, Sensitizer",1,non-carcinogen,0,0.853306592,0.773440778,0.950481653,0.999999166,0.995375633,0.99323988,2.627954397,yes,1,no,no,no
11322,O=S(=O)(c1ccc(S(=O)(=O)N(Cc2cccs2)CC2CCCO2)cc1)N1CCCCC1,0,"Non-corrosive, Non-irritant, Non-sensitizer",0,non-carcinogen,0,0.109070092,0.076373197,0.006818996,0.000140602,0.167569235,0.000517247,2.815728987,no,0,yes,no,no
332,Cc1noc2ncc(C(=O)c3cc(F)ccc3O)cc12,1,"Non-corrosive, Non-irritant, Non-sensitizer",0,non-carcinogen,0,0.657553911,0.642985761,0.837289691,0.343082219,0.735706985,0.9984622,2.41000618,no,0,yes,no,no
13682,COc1ccc(O)c(C(=O)c2cnc3onc(C)c3c2)c1,0,"Non-corrosive, Non-irritant, Non-sensitizer",0,non-carcinogen,0,0.699315727,0.540769517,0.24565284,0.998852074,0.844335914,0.881234765,2.365801378,no,0,yes,no,no
10424,CCC(c1nnnn1Cc1ccco1)N(Cc1cc2cc(OC)ccc2[nH]c1=O)C1CCCCC1,0,"Non-corrosive, Non-irritant, Non-sensitizer",0,non-carcinogen,0,0.031410504,0.021131765,0.00436038,3.88E-08,0.026010983,0.005902487,3.19945107,no,0,yes,no,no
1014,CN(Cc1ccccc1)C(=O)c1cc(-c2ccc(Br)cc2)on1,1,"Non-corrosive, Non-irritant, Non-sensitizer",0,carcinogen,1,0.798364401,0.873059928,0.954921722,0.045248542,0.841184258,0.990829945,1.954356556,no,0,no,yes,no
7592,CC(C)=CCC[C@H](C)[C@H]1CC(=O)C(C)=C[C@@H]1O,1,"Non-corrosive, Non-irritant, Sensitizer",1,non-carcinogen,0,0.867413998,0.986624956,0.948825061,0.004374114,0.999669313,0.999961197,4.056632724,no,0,no,no,no
9162,COc1ccc(-c2cc(C(F)(F)F)nc(SCCC(=O)N3CCOCC3)n2)cc1,0,"Non-corrosive, Non-irritant, Non-sensitizer",0,non-carcinogen,0,0.200144827,0.209734455,0.105545484,0.000437679,0.061667219,0.142206341,2.3799501,no,0,yes,no,no
12528,COc1cc(NC(=O)c2cc(OC)c(OC)c(OC)c2)c(OC)cc1NC(=O)CN1CCCCC1,0,"Non-corrosive, Non-irritant, Non-sensitizer",0,non-carcinogen,0,0.155006006,0.161391422,0.039625093,0.000123819,0.135442823,0.006000014,2.187948914,no,0,yes,no,no
7713,CC[C@H]1C(=O)C[C@H]2[C@@H]3CCC4=CC(=O)CC[C@]4(C)[C@H]3CC[C@]12C,1,"Non-corrosive, Non-irritant, Non-sensitizer",0,carcinogen,1,0.878168225,0.973890066,0.974550843,0.999999583,0.99999702,0.999956787,4.231940665,yes,1,no,no,no
7714,CC(=O)O[C@H](C)[C@H]1C(=O)C[C@H]2[C@@H]3CCC4=CC(=O)CC[C@]4(C)[C@H]3CC[C@]12C,1,"Non-corrosive, Non-irritant, Non-sensitizer",0,carcinogen,1,0.899415016,0.897462964,0.972636878,0.999999821,0.901287198,0.999992073,4.419928938,yes,1,no,no,no
15154,c1ccc(SCc2nc(-c3ccccn3)no2)cc1,0,"Non-corrosive, Non-irritant, Sensitizer",1,carcinogen,1,0.260321438,0.134755388,0.088212632,0.998327494,0.304749638,0.713772357,2.02748781,no,0,no,no,no
4697,COc1ccc(Cl)cc1NC(=O)CSc1nnc(Cc2ccc(C)cc2)c(=O)[nH]1,1,"Non-corrosive, Non-irritant, Non-sensitizer",0,non-carcinogen,0,0.313033819,0.636060655,0.813366234,1.90E-05,0.545820475,0.111511856,2.363444471,no,0,yes,no,no
8432,COc1ccc(NC(=O)CSc2nnc(Cc3ccc(C)cc3)c(=O)n2N)cc1,0,"Non-corrosive, Non-irritant, Non-sensitizer",0,carcinogen,1,0.112383835,0.093684256,0.070416927,1.33E-06,0.054438625,0.01327325,2.171901507,no,0,no,no,no
15517,Cc1noc(C)c1CN1C(=O)NC(Cc2ccccc2)(Cc2ccccc2)C1=O,0,"Non-corrosive, Non-irritant, Non-sensitizer",0,non-carcinogen,0,0.22845079,0.319353253,0.048955847,6.95E-06,0.627058387,0.108277254,2.396176506,no,0,yes,no,no
14104,C[C@]12CCC3C(CC[C@H]4C[C@@H](O)CC[C@]34C)C1CC[C@@H]2OC(=O)[C@H](N)CCCCN,0,"Non-corrosive, Non-irritant, Non-sensitizer",0,non-carcinogen,0,0.575693548,0.422383398,0.304353744,9.56E-07,0.989540696,0.998958588,4.342991066,no,0,yes,no,no
1285,Cc1ccc(NC2OC(C(O)CO)C(O)C2O)cc1[N+](=O)[O-],1,"Non-corrosive, Irritant, Non-sensitizer",1,non-carcinogen,0,0.84414643,0.898172259,0.922990441,0.999906659,0.989971161,0.995571613,3.863314789,yes,1,no,no,no
8539,O=C(COC(=O)c1cccc(Cl)c1)NC1CCCCCCC1,0,"Non-corrosive, Non-irritant, Sensitizer",1,non-carcinogen,0,0.172476649,0.132916361,0.211213589,0.267592818,0.039173715,0.003042347,1.786743137,no,0,no,yes,no
11889,O=C(c1ccc(C#Cc2ccccc2)o1)N1CCN(c2ccccn2)CC1,0,"Non-corrosive, Non-irritant, Sensitizer",1,non-carcinogen,0,0.364572823,0.100741476,0.064733006,0.999986351,0.474860221,0.030743038,2.354858654,no,0,no,no,no
8812,CCCn1c(O)c(CN2CCCCC2)c(C)c(C#N)c1=O,0,"Non-corrosive, Non-irritant, Non-sensitizer",0,non-carcinogen,0,0.215304986,0.156875998,0.036052469,7.88E-06,0.295854211,0.005225204,2.420652904,no,0,yes,no,no
8955,CCn1c(SCC(=O)Nc2cccc(C)n2)nnc1-c1ccco1,0,"Non-corrosive, Non-irritant, Sensitizer",1,carcinogen,1,0.063237332,0.048804149,0.005648477,4.17E-07,0.016957181,0.007784951,2.28181675,no,0,no,no,no
10314,CCCCn1c(SCC(=O)Nc2cccc(C)n2)nnc1-c1ccco1,0,"Non-corrosive, Non-irritant, Sensitizer",1,carcinogen,1,0.03630944,0.056259848,0.005323661,9.07E-08,0.033761408,0.012832385,2.320254105,no,0,no,no,no
10368,CCCn1c(SCC(=O)Nc2cccc(C)n2)nnc1-c1ccco1,0,"Non-corrosive, Non-irritant, Non-sensitizer",0,carcinogen,1,0.040640876,0.046382457,0.004629593,4.70E-07,0.022742009,0.010302742,2.314030082,no,0,no,no,no
11079,Cc1oc2ncnc(N)c2c1C,0,"Non-corrosive, Non-irritant, Sensitizer",1,carcinogen,1,0.391942054,0.173995927,0.059303217,0.161230847,0.04491473,0.073801525,2.6208031,no,0,no,no,no
13130,Cn1c2ccccc2c2nnc(SC3CCOC3=O)nc21,0,"Non-corrosive, Non-irritant, Sensitizer",1,carcinogen,1,0.219173044,0.106708437,0.034463003,0.583477974,0.121913783,0.011241799,3.110728785,no,0,no,no,no
9175,Cc1cccc(Nc2nc3c(c(=O)n(C)c(=O)n3C)n2Cc2ccccc2)c1,0,"Non-corrosive, Non-irritant, Non-sensitizer",0,non-carcinogen,0,0.144538984,0.090737417,0.06910523,2.77E-06,0.131839886,0.088996328,2.19524143,no,0,yes,no,no
5393,CCCCCCCNC(=O)Oc1ccc(Cn2cc(COc3ccc4ccc(=O)oc4c3)nn2)cc1,1,"Non-corrosive, Non-irritant, Non-sensitizer",0,carcinogen,1,0.767794847,0.937658787,0.959706366,0.99999851,0.963259637,0.97268784,2.541239747,yes,1,no,no,no
5851,CCCCCCCNC(=O)Oc1cccc(Cn2cc(COc3ccc4ccc(=O)oc4c3)nn2)c1,1,"Non-corrosive, Non-irritant, Non-sensitizer",0,non-carcinogen,0,0.891678691,0.937658787,0.957094431,0.999600589,0.963259637,0.815179586,2.576228318,yes,1,yes,no,no
3141,O=C(C=C=Nc1ccccc1)C(=O)N=C=Cc1ccccc1,1,"Non-corrosive, Non-irritant, Sensitizer",1,non-carcinogen,0,0.84054172,0.943054438,0.921005785,0.999880791,0.999962151,0.999801517,3.322369751,yes,1,no,no,no
4333,N#CC1(Nc2cccc(Br)c2)C(=O)Nc2ccccc21,1,"Non-corrosive, Non-irritant, Sensitizer",1,non-carcinogen,0,0.749848962,0.776485443,0.932937562,0.976565719,0.788562059,0.962094128,3.084348421,yes,1,no,no,no
13465,CCOc1ncccc1C(=O)Oc1ccc2c(c1)OCO2,0,"Non-corrosive, Non-irritant, Non-sensitizer",0,non-carcinogen,0,0.218054071,0.20927906,0.060985271,3.71E-05,0.045707088,0.435175419,2.10157956,no,0,yes,no,no
4005,Cc1onc(-c2ccccc2)c1C(=O)NNC(=S)NC(=O)c1ccc(Br)cc1,1,"Non-corrosive, Non-irritant, Sensitizer",1,non-carcinogen,0,0.964307368,0.943261027,0.977620184,0.999999821,0.882214546,0.999933004,2.207731011,yes,1,no,no,no
4006,COc1ccc(C(=O)NC(=S)NNC(=O)c2c(-c3ccccc3)noc2C)cc1,1,"Non-corrosive, Non-irritant, Non-sensitizer",0,non-carcinogen,0,0.961919427,0.970613062,0.991399527,0.999995887,0.993738592,0.999970138,2.155556291,yes,1,yes,no,no
4007,Cc1onc(-c2ccccc2)c1C(=O)NNC(=S)NC(=O)c1ccc(F)cc1,1,"Non-corrosive, Non-irritant, Sensitizer",1,non-carcinogen,0,0.966353536,0.938017428,0.990714431,0.999999583,0.856756091,0.999926269,2.165244351,yes,1,no,no,no
4008,Cc1onc(-c2ccccc2)c1C(=O)NNC(=S)NC(=O)c1ccc(Cl)cc1Cl,1,"Non-corrosive, Non-irritant, Non-sensitizer",0,non-carcinogen,0,0.889434695,0.931280851,0.990546823,0.99998945,0.638466179,0.999976277,2.285579451,yes,1,yes,no,no
4352,COc1ccc(C(=O)NC(=S)NNC(=O)c2c(-c3ccccc3)noc2C)cc1OC,1,"Non-corrosive, Non-irritant, Non-sensitizer",0,non-carcinogen,0,0.951971292,0.966781259,0.986012518,0.999988198,0.996120214,0.999894917,2.241457019,yes,1,yes,no,no
4358,CCCOc1ccc(C(=O)NC(=S)NNC(=O)c2c(-c3ccccc3)noc2C)cc1,1,"Non-corrosive, Non-irritant, Non-sensitizer",0,non-carcinogen,0,0.957854807,0.898454964,0.990840673,0.999998987,0.879880548,0.999965966,2.244040242,yes,1,yes,no,no
8844,Cc1cccc(-n2c(SCC(N)=O)nnc2-c2ccccn2)c1C,0,"Non-corrosive, Non-irritant, Non-sensitizer",0,carcinogen,1,0.058277424,0.065302975,0.006957602,7.49E-07,0.024909051,0.000860046,2.234257691,no,0,no,no,no
13240,COc1ccc(-n2c(SCC(=O)OC(C)C)nnc2-c2ccccn2)cc1,0,"Non-corrosive, Non-irritant, Sensitizer",1,non-carcinogen,0,0.067543611,0.10239815,0.006693386,2.63E-06,0.070151478,0.000629668,2.20239789,no,0,no,no,no
15582,Cc1nnc(NC2=NCCC2)o1,0,"Non-corrosive, Non-irritant, Sensitizer",1,carcinogen,1,0.18098481,0.135150388,0.060907163,0.000102776,0.006758843,3.58E-05,3.077691891,no,0,no,no,no
1818,CC(/C=C/c1ccco1)=N\NC(=O)c1cc(C)[nH]n1,1,"Non-corrosive, Non-irritant, Sensitizer",1,non-carcinogen,0,0.900346458,0.986006379,0.953025341,0.99999398,0.999999106,0.999834657,2.780854072,yes,1,no,no,no
13537,Cc1occc1-c1nnc(SCC(=O)NC(=O)NC(C)C)n1N,0,"Non-corrosive, Non-irritant, Sensitizer",1,carcinogen,1,0.075532481,0.198000133,0.02605149,9.74E-05,0.057791706,0.008401859,2.51748263,no,0,no,no,no
15041,CCCCn1c(SCC(=O)OCC)nnc1-c1ccoc1C,0,"Non-corrosive, Non-irritant, Non-sensitizer",0,non-carcinogen,0,0.088032179,0.023503669,0.029211877,4.43E-06,0.008280799,0.006145368,2.329959585,no,0,yes,no,no
3594,Cc1ccc(C(=O)COC(=O)c2cc(Cl)ccc2O)cc1[N+](=O)[O-],1,"Non-corrosive, Non-irritant, Non-sensitizer",0,non-carcinogen,0,0.849151909,0.938266397,0.943605781,0.999775529,0.863576651,0.890424252,2.031620733,yes,1,yes,no,no
6106,CC(=O)OCC(=O)NC1CCN(CCc2ccc(Oc3nc4ccccc4s3)cc2)CC1,1,"Non-corrosive, Non-irritant, Non-sensitizer",0,non-carcinogen,0,0.879255831,0.607815206,0.964906871,0.999996305,0.401178181,0.991489351,2.320252065,no,0,yes,no,no
6204,CC(=O)NC1CCN(CCc2ccc(Oc3nc4ccccc4s3)cc2)CC1,1,"Non-corrosive, Non-irritant, Non-sensitizer",0,non-carcinogen,0,0.838323295,0.744507194,0.991121292,0.999710977,0.862475395,0.999926209,2.198159702,yes,1,yes,no,no
6261,NC(=O)C1CCN(CCc2ccc(Oc3nc4ccccc4s3)cc2)CC1,1,"Non-corrosive, Non-irritant, Sensitizer",1,non-carcinogen,0,0.719439745,0.868683934,0.986775458,0.99999845,0.932678699,0.999870181,2.155336673,yes,1,no,no,no
6397,c1ccc2sc(Oc3ccc(CCN4CCCCC4)cc3)nc2c1,1,"Non-corrosive, Non-irritant, Sensitizer",1,non-carcinogen,0,0.795963764,0.839570642,0.990185499,0.999997139,0.970748782,0.999995291,2.002655881,yes,1,no,no,no
6597,OC1CCN(CCc2ccc(Oc3nc4ccccc4s3)cc2)CC1,1,"Non-corrosive, Non-irritant, Sensitizer",1,non-carcinogen,0,0.933311224,0.890798986,0.989107072,0.999994218,0.992112756,0.999996603,2.143751028,yes,1,no,no,no
8953,CC1(C)CC2(CCO1)NCCN1C(=O)CSC12,0,"Non-corrosive, Non-irritant, Sensitizer",1,non-carcinogen,0,0.273273975,0.216973528,0.040967729,9.71E-06,0.390358835,0.012740784,4.718794275,no,0,no,no,no
2207,Cc1ncc(CC(=O)n2cc(C(=O)c3cc(Cl)ccc3O)cn2)s1,1,"Non-corrosive, Non-irritant, Non-sensitizer",0,non-carcinogen,0,0.848025084,0.635801911,0.942450762,0.999979138,0.498734415,0.979533255,2.753698705,no,0,yes,no,no
15173,O=C(Nc1ccc(S(=O)(=O)NCc2ccco2)cc1)c1ccncc1,0,"Non-corrosive, Non-irritant, Non-sensitizer",0,non-carcinogen,0,0.181708306,0.149585083,0.098207138,0.996356428,0.067196928,0.013316475,1.969778159,no,0,yes,yes,no
2689,CN1CCN(S(=O)(=O)c2ccc(Sc3nnnn3-c3ccccc3)c([N+](=O)[O-])c2)CC1,1,"Non-corrosive, Non-irritant, Non-sensitizer",0,non-carcinogen,0,0.887479007,0.899140418,0.974533975,0.995372355,0.94758743,0.932382822,2.431506151,yes,1,yes,no,no
583,CC(=NNc1ccc2ccccc2n1)c1ccccc1O,1,"Non-corrosive, Non-irritant, Sensitizer",1,carcinogen,1,0.897825658,0.865715027,0.982695162,0.999943316,0.992737532,0.999954224,2.113099106,yes,1,no,no,no
3226,CC[C@@H]1CC=C[C@H]2[C@H]1C(=O)N(Cc1ccccc1)[C@H]2c1ccoc1,1,"Non-corrosive, Non-irritant, Non-sensitizer",0,carcinogen,1,0.616588354,0.624346197,0.945816815,6.89E-06,0.403201133,0.031283725,3.895702261,no,0,no,no,no
119,CC(C)CC(=O)CN1C(=O)C2(OCCO2)c2ccccc21,1,"Non-corrosive, Non-irritant, Sensitizer",1,non-carcinogen,0,0.219606176,0.175659731,0.801983893,1.19E-05,0.00850147,0.041692045,3.077772245,no,0,no,no,no
10914,O=C(CSc1nnc(-c2cccnc2)n1C1CCCCC1)NC1CCCCC1,0,"Non-corrosive, Non-irritant, Sensitizer",1,carcinogen,1,0.051069956,0.04396354,0.004069465,1.28E-06,0.018473361,0.001443107,2.302533031,no,0,no,no,no
11189,CCCNS(=O)(=O)c1ccc(OCC(=O)NCc2ccc3c(c2)OCO3)cc1,0,"Non-corrosive, Non-irritant, Non-sensitizer",0,non-carcinogen,0,0.197340712,0.159083664,0.087875918,4.04E-05,0.210064113,0.001069039,2.065361199,no,0,yes,no,no
7575,C/C(=C1\C[C@H](C2=CC(=O)O[C@@H]2O)OC1=O)[C@]1(C)O[C@@]2(O)CCC=C3C(=O)O[C@H]1[C@@]32C,1,"Non-corrosive, Non-irritant, Non-sensitizer",0,carcinogen,1,0.978874743,0.996359646,0.996571779,0.999999821,0.999999881,0.999996245,5.655246366,yes,1,no,no,no
10423,COCCn1nnnc1CN(CCc1ccc(OC)c(OC)c1)Cc1cc2ccc(C)cc2[nH]c1=O,0,"Non-corrosive, Non-irritant, Non-sensitizer",0,non-carcinogen,0,0.035792839,0.030260658,0.015086574,1.87E-06,0.021690385,0.003705089,2.634324847,no,0,yes,no,no
1669,CN(C)c1ccc(N=Nc2nc3ccccc3n2C)cc1,1,"Non-corrosive, Irritant, Sensitizer",1,carcinogen,1,0.68120271,0.661142766,0.947277546,0.991095722,0.355361551,0.999359488,2.395160544,no,0,no,no,no
3153,NC(=S)c1cn(C2OC(CO)C(O)C2O)c2ncnc(N)c12,1,"Non-corrosive, Non-irritant, Sensitizer",1,non-carcinogen,0,0.837841332,0.875563383,0.960068703,0.999835432,0.067169197,0.998232126,3.856534902,no,0,no,no,no
3258,Nc1ncnc2c1ccn2[C@@H]1O[C@H](CO)[C@@H](O)[C@H]1O,1,"Non-corrosive, Non-irritant, Sensitizer",1,non-carcinogen,0,0.69225508,0.738488019,0.939125299,0.999676049,0.120840445,0.898015797,3.649636729,no,0,no,no,no
3797,c1cncc(-c2ccc3ncnc(NCc4ccc5c(c4)OCO5)c3c2)c1,1,"Non-corrosive, Non-irritant, Sensitizer",1,carcinogen,1,0.809053123,0.711748183,0.995702565,0.999774933,0.4887546,0.999971628,2.228505449,no,0,no,no,no
2812,CCN1CCN(c2ccc(NC(=O)c3ccc([N+](=O)[O-])o3)cc2Cl)CC1,1,"Non-corrosive, Non-irritant, Sensitizer",1,carcinogen,1,0.948252738,0.974556804,0.997341573,0.999997497,0.850968182,0.998498976,2.228726223,yes,1,no,no,no
2821,CS(=O)(=O)N1CCN(c2ccc(NC(=O)c3ccc([N+](=O)[O-])o3)cc2)CC1,1,"Non-corrosive, Non-irritant, Non-sensitizer",0,non-carcinogen,0,0.931635678,0.947872818,0.988992631,0.999998987,0.669236958,0.996692657,2.230007193,yes,1,yes,no,no
2830,CC(C)C(=O)N1CCN(c2ccc(NC(=O)c3ccc([N+](=O)[O-])o3)cc2Cl)CC1,1,"Non-corrosive, Non-irritant, Non-sensitizer",0,non-carcinogen,0,0.963090181,0.9680112,0.992803991,0.999942541,0.951550007,0.972545445,2.332792422,yes,1,yes,no,no
2875,CCC(=O)N1CCN(c2ccc(NC(=O)c3ccc([N+](=O)[O-])o3)cc2)CC1,1,"Non-corrosive, Non-irritant, Non-sensitizer",0,carcinogen,1,0.951537251,0.978045225,0.992221892,0.999997795,0.962466359,0.973365128,2.179086286,yes,1,no,no,no
2906,CC(C)C(=O)N1CCN(c2ccc(NC(=O)c3ccc([N+](=O)[O-])o3)cc2)CC1,1,"Non-corrosive, Non-irritant, Non-sensitizer",0,carcinogen,1,0.92406249,0.975800216,0.990430534,0.999999404,0.989509404,0.956019759,2.21453713,yes,1,no,no,no
2922,CCCC(=O)N1CCN(c2ccc(NC(=O)c3ccc([N+](=O)[O-])o3)cc2Cl)CC1,1,"Non-corrosive, Non-irritant, Sensitizer",1,non-carcinogen,0,0.941044509,0.979863882,0.994177818,0.999982357,0.942588031,0.990198553,2.304627315,yes,1,no,no,no
2923,CCC(=O)N1CCN(c2ccc(NC(=O)c3ccc([N+](=O)[O-])o3)cc2Cl)CC1,1,"Non-corrosive, Non-irritant, Non-sensitizer",0,non-carcinogen,0,0.960838139,0.966415703,0.9942258,0.999877214,0.937230468,0.986516953,2.299476184,yes,1,yes,no,no
2925,CCCC(=O)N1CCN(c2ccc(NC(=O)c3ccc([N+](=O)[O-])o3)cc2)CC1,1,"Non-corrosive, Non-irritant, Non-sensitizer",0,carcinogen,1,0.944535732,0.984445632,0.992479444,0.999925613,0.96379298,0.971770346,2.186770738,yes,1,no,no,no
3515,CC(C)(C)C(=O)N1CCN(c2ccc(NC(=O)c3ccc([N+](=O)[O-])o3)cc2)CC1,1,"Non-corrosive, Non-irritant, Non-sensitizer",0,carcinogen,1,0.970902801,0.974423349,0.98754251,0.999999642,0.998058259,0.958491921,2.290340114,yes,1,no,no,no
3517,CC(=O)N1CCN(c2ccc(NC(=O)c3ccc([N+](=O)[O-])o3)cc2Cl)CC1,1,"Non-corrosive, Non-irritant, Non-sensitizer",0,carcinogen,1,0.963014364,0.975855052,0.994845986,0.999999821,0.956671655,0.99830097,2.255718577,yes,1,no,no,no
3528,CN1CCN(c2ccc(NC(=O)c3ccc([N+](=O)[O-])o3)cc2Cl)CC1,1,"Non-corrosive, Non-irritant, Non-sensitizer",0,carcinogen,1,0.963947356,0.987077117,0.997609854,0.999999702,0.933786213,0.996988118,2.220700467,yes,1,no,no,no
11709,COCCSc1nnc(NC(=O)C2CCCCC2)s1,0,"Non-corrosive, Non-irritant, Sensitizer",1,carcinogen,1,0.085467137,0.08425162,0.043730956,4.30E-05,0.1297649,0.025300561,2.1925723,no,0,no,no,no
15339,CCSc1nnc(NC(=O)C2CCCCC2C(=O)OCC(F)(F)C(F)F)s1,0,"Non-corrosive, Non-irritant, Sensitizer",1,carcinogen,1,0.247613683,0.141996354,0.032096412,0.000817783,0.052709091,0.002094416,3.531080963,no,0,no,no,no
832,COC/C=C/C1=CC2=CC(=O)C(C)(OC(=O)CCC(=O)OC)C(=O)C2=CO1,1,"Non-corrosive, Non-irritant, Non-sensitizer",0,carcinogen,1,0.853093624,0.986378312,0.982010067,0.999999046,0.999997318,0.999961436,4.005825291,yes,1,no,no,no
6486,CN1CCN(Cc2ccc(-c3cn4c5nc(ncc35)NCCCCCCNC(=O)[C@@H](N)CCCC4)cc2)CC1,1,"Non-corrosive, Non-irritant, Non-sensitizer",0,non-carcinogen,0,0.970902383,0.920357943,0.996960163,0.99999994,0.978501379,0.99644345,4.659403113,yes,1,yes,no,no
2614,N#C/C(=C/c1cn(-c2ccccc2)nc1-c1cccc(S(=O)(=O)N2CCOCC2)c1)C(=O)NCc1ccco1,1,"Non-corrosive, Non-irritant, Non-sensitizer",0,non-carcinogen,0,0.794066429,0.802858531,0.937260687,0.000797679,0.728007376,0.031758159,2.682207146,no,0,yes,no,no
8673,CCOc1ccc(-c2nnn(CC(=O)c3cc(OC)ccc3OC)n2)cc1,0,"Non-corrosive, Non-irritant, Non-sensitizer",0,non-carcinogen,0,0.090226591,0.049280837,0.023223324,1.50E-06,0.008645682,0.002260702,2.121646042,no,0,yes,no,no
15445,COc1ccc(-c2cc3ccccc3oc2=O)cc1NC(=O)c1ccc(Br)o1,0,"Non-corrosive, Non-irritant, Sensitizer",1,non-carcinogen,0,0.454109609,0.617987871,0.086624376,0.995813668,0.923822761,0.170185551,2.212040429,no,0,no,no,no
9233,COc1ccc(CN(CC(=O)NC2CCCC2)C(=O)c2onc(C(N)=O)c2N)cc1,0,"Non-corrosive, Non-irritant, Non-sensitizer",0,non-carcinogen,0,0.118020311,0.133286238,0.097415738,0.230622709,0.236900017,0.054587167,2.535731725,no,0,yes,no,no
9750,N#Cc1c(NC(=O)CSc2nnnn2C2CCCCC2)sc2c1CCCC2,0,"Non-corrosive, Non-irritant, Sensitizer",1,non-carcinogen,0,0.092516132,0.129857913,0.030068565,6.99E-07,0.032425281,0.001026652,2.56168974,no,0,no,no,no
251,N#C/C(=C(/O)CN1C(=O)c2ccccc2C1=O)c1nc2ccccc2[nH]1,1,"Non-corrosive, Non-irritant, Sensitizer",1,non-carcinogen,0,0.423706919,0.494967014,0.870340765,0.311099619,0.142490909,0.054128557,2.615983128,no,0,no,no,no
15245,O=C(Cc1cccs1)Nc1ccc(-c2nc3ccccc3[nH]2)cc1,0,"Non-corrosive, Non-irritant, Non-sensitizer",0,non-carcinogen,0,0.2749632,0.647416532,0.195569038,0.999855876,0.860063553,0.981543601,1.953123812,no,0,yes,yes,no
5996,O=C1CCCCN1C1CCN(CCOc2ccc(Oc3nc4ccccc4s3)cc2)CC1,1,"Non-corrosive, Non-irritant, Sensitizer",1,non-carcinogen,0,0.954955161,0.820996583,0.989223599,0.999998689,0.967075229,0.99991399,2.387309921,yes,1,no,no,no
3274,Cc1ccc(C(=O)COc2cc(O)c3c(=O)cc(-c4ccccc4)oc3c2)cc1,1,"Non-corrosive, Non-irritant, Non-sensitizer",0,non-carcinogen,0,0.928689718,0.874653339,0.990772605,0.999981761,0.479414433,0.999990463,2.172092354,no,0,yes,no,no
4650,O=S(=O)(c1ccccc1)c1nnn2c1nc(NC1CCN(Cc3ccccc3)CC1)c1ccccc12,1,"Non-corrosive, Non-irritant, Non-sensitizer",0,non-carcinogen,0,0.452320427,0.504347384,0.939680755,2.15E-05,0.022225438,0.953562498,2.490145498,no,0,yes,no,no
12422,Cc1nn(CC(=O)Nc2ccc3c(c2)oc2ccccc23)c(=O)c2ccccc12,0,"Non-corrosive, Non-irritant, Non-sensitizer",0,non-carcinogen,0,0.244561404,0.253986418,0.06745819,4.93E-05,0.120541774,0.027648918,2.109868768,no,0,yes,no,no
12446,O=C(Cc1cccs1)Nc1ccc(C(=O)O)cc1,0,"Non-corrosive, Non-irritant, Sensitizer",1,non-carcinogen,0,0.217934325,0.175965905,0.061856307,0.802502751,0.346612364,0.000205463,1.676495064,no,0,no,yes,no
12688,COc1cccc(NC(=O)Cc2cccs2)c1,0,"Non-corrosive, Non-irritant, Non-sensitizer",0,non-carcinogen,0,0.225370467,0.266859472,0.104488492,0.030268935,0.176913604,0.918110132,1.665971762,no,0,yes,yes,no
15843,O=C(Cc1cccs1)Nc1ccc(Cl)cc1,0,"Non-corrosive, Non-irritant, Sensitizer",1,non-carcinogen,0,0.288143933,0.334657878,0.112122789,0.008712669,0.723492265,0.00102996,1.617150148,no,0,no,yes,no
13330,COc1ccc(-c2cc(C(F)(F)F)n3nc(C(=O)O)nc3n2)cc1,0,"Non-corrosive, Non-irritant, Sensitizer",1,non-carcinogen,0,0.320777506,0.35943082,0.028139481,0.984060287,0.250373453,0.034707092,2.390416021,no,0,no,no,no
1873,Nc1c(C(=O)NC2CC2)sc2nc3c(c(-c4ccco4)c12)CC/C3=C/c1ccco1,1,"Non-corrosive, Non-irritant, Non-sensitizer",0,non-carcinogen,0,0.897818983,0.942498267,0.980121851,0.999999762,0.98002094,0.939912677,2.924558383,yes,1,yes,no,no
3021,Cc1ccc(Cn2ccsc2=NC(=O)CCl)cc1,1,"Non-corrosive, Non-irritant, Sensitizer",1,carcinogen,1,0.768502057,0.954834402,0.868685544,0.998301983,0.872781813,0.066262275,2.407542123,no,0,no,no,no
3077,O=C(CCl)N=c1sccn1Cc1ccccc1Cl,1,"Non-corrosive, Non-irritant, Sensitizer",1,non-carcinogen,0,0.691338599,0.637967765,0.854196429,0.997406006,0.72211051,0.021821495,2.497479679,no,0,no,no,no
5703,COC1=CC(=O)C=C(Br)C1OC(C)=O,1,"Non-corrosive, Non-irritant, Sensitizer",1,carcinogen,1,0.667599559,0.849097013,0.909234941,0.019248696,0.507411003,0.060537975,3.747102576,no,0,no,no,no
2916,O=S1(=O)CC=C(CSC(=S)NC2CCS(=O)(=O)C2)C1,1,"Non-corrosive, Non-irritant, Sensitizer",1,non-carcinogen,0,0.557976007,0.904144824,0.950277209,0.998794794,0.981039166,0.999588609,4.0092816,yes,1,no,no,no
1150,CN(c1ccc(C(=O)NCC2CCCO2)cc1)S(C)(=O)=O,1,"Non-corrosive, Non-irritant, Non-sensitizer",0,non-carcinogen,0,0.29183051,0.246621862,0.814341724,0.000970811,0.420090526,0.897910058,2.497762606,no,0,yes,no,no
9982,O=C(NCc1ccccc1)NC1CC2CCC(C1)N2Cc1ccco1,0,"Non-corrosive, Non-irritant, Sensitizer",1,non-carcinogen,0,0.149143949,0.218190625,0.039070163,4.71E-06,0.070236921,0.004494231,3.614213422,no,0,no,no,no
4225,COc1cccc2c1OCC(C(=O)OCc1cccnc1)=C2,1,"Non-corrosive, Non-irritant, Non-sensitizer",0,non-carcinogen,0,0.634681165,0.833085001,0.968935668,0.999976695,0.459816903,0.998464525,2.359283213,no,0,yes,no,no
11942,Cn1c(Cn2cnc3ccccc32)nnc1SCC(=O)CC(=O)Nc1ccccc1,0,"Non-corrosive, Non-irritant, Non-sensitizer",0,non-carcinogen,0,0.087520473,0.193052396,0.019993152,3.55E-07,0.336363703,0.011277876,2.39795573,no,0,yes,no,no
15429,Cc1nn(C)c(C)c1/C=C/C(=O)c1ccccc1,0,"Non-corrosive, Non-irritant, Sensitizer",1,carcinogen,1,0.585790157,0.676146924,0.234244257,0.014435257,0.669701874,0.999996603,2.008166811,no,0,no,no,no
3500,CCN(C(=O)c1cc(S(=O)(=O)N2CCCCC2)c[nH]1)c1ccc(OC)cc1,1,"Non-corrosive, Non-irritant, Sensitizer",1,non-carcinogen,0,0.595993638,0.230723187,0.877794504,0.996978462,0.101997457,0.077734023,2.316715233,no,0,no,no,no
3548,Cc1ccc(N(C)C(=O)c2cc(S(=O)(=O)N3CCCCC3)c[nH]2)cc1,1,"Non-corrosive, Non-irritant, Non-sensitizer",0,non-carcinogen,0,0.475331694,0.256382018,0.909353197,0.000177462,0.085511513,0.017339496,2.288194533,no,0,yes,no,no
2819,CC(c1cccs1)N(C)C(=O)CCc1nnc(CCC2CCCCC2)o1,1,"Non-corrosive, Non-irritant, Non-sensitizer",0,non-carcinogen,0,0.579573095,0.444336683,0.831915379,0.999994516,0.69805187,0.00197843,2.997014407,no,0,yes,no,no
1819,O=C1NC(=O)N(c2ccccc2)C(=O)/C1=C/c1ccc(Sc2ccccc2)o1,1,"Non-corrosive, Non-irritant, Non-sensitizer",0,non-carcinogen,0,0.903603256,0.935652256,0.99233079,0.999998152,0.999931455,0.999978065,2.375559681,yes,1,yes,no,no
14922,Cc1ccc(-n2nc(C(=O)c3ccccc3)n3c(=O)cc(-c4ccccc4)nc23)cc1,0,"Non-corrosive, Non-irritant, Non-sensitizer",0,non-carcinogen,0,0.392252713,0.20065549,0.053823229,0.999934971,0.383279681,0.130006656,2.410722165,no,0,yes,no,no
9355,O=C(Oc1ccc2ccccc2c1Cl)N1CCCC1,0,"Non-corrosive, Non-irritant, Sensitizer",1,carcinogen,1,0.295201212,0.306519866,0.131293342,0.000189664,0.122830525,0.989021897,1.944655657,no,0,no,yes,no
5750,Fc1cccc(Cl)c1-c1ncc(-c2ccc(CCc3ccccc3)cc2)[nH]1,1,"Non-corrosive, Non-irritant, Non-sensitizer",0,non-carcinogen,0,0.831351221,0.853420734,0.829779446,0.999931574,0.796843588,0.889606178,2.106037354,yes,1,yes,no,no
558,O=C1C=CC(=O)N1c1cccc2cccnc12,1,"Non-corrosive, Irritant, Sensitizer",1,non-carcinogen,0,0.354113638,0.696886837,0.941396296,0.122045703,0.29554376,0.996584356,2.322723097,no,0,no,no,no
191,Cc1nnc(SCc2ccccc2C#N)n1-c1ccccc1,1,"Non-corrosive, Non-irritant, Sensitizer",1,carcinogen,1,0.222347856,0.222741246,0.726631165,5.97E-05,0.061312191,0.007706002,2.044027924,no,0,no,no,no
7469,C=C(C)[C@@H]1CC=C2[C@@H](CC[C@]23C(=C)CC[C@@]3(C)[C@H](C)CC(=O)/C=C(\C)C(=O)O)[C@@]1(C)CCO[C]O,1,"Non-corrosive, Non-irritant, Sensitizer",1,carcinogen,1,0.975842893,0.973142624,0.996210456,0.999999702,0.999997318,0.999997854,6.10006041,yes,1,no,no,no
8159,C=C(CC(=O)C[C@@H](C)[C@]1(C)CCC(=C)[C@]12CC[C@@H]1C2=CC[C@@H](C(=C)C)[C@]1(C)CCO[C]O)C(=O)O,1,"Non-corrosive, Non-irritant, Non-sensitizer",0,carcinogen,1,0.926092684,0.973142624,0.992711306,0.999999702,0.999997318,0.999969542,6.139116875,yes,1,no,no,no
8357,O=C(COc1ccc2c(-c3ccccc3)cc(=O)oc2c1)N[C@@H](Cc1c[nH]c2ccc(O)cc12)C(=O)O,0,"Non-corrosive, Non-irritant, Non-sensitizer",0,non-carcinogen,0,0.631761611,0.478774488,0.146704495,0.999872267,0.184780613,0.89850527,2.908060393,no,0,yes,no,no
8582,COC(=O)c1c(-c2ccc(OC)cc2)sc2ccc(N3CCOCC3)cc12,0,"Non-corrosive, Non-irritant, Non-sensitizer",0,non-carcinogen,0,0.388737381,0.406700581,0.109568082,0.126622573,0.19658418,0.02166382,2.279351406,no,0,yes,no,no
80,COc1ccc2c(c1)C1(Nc3ccccc3-c3nc4ccccc4n31)C(=O)N2,1,"Non-corrosive, Non-irritant, Non-sensitizer",0,non-carcinogen,0,0.736622989,0.558662474,0.900924802,0.089387447,0.404072464,0.156725109,3.508068658,no,0,yes,no,no
12955,Nc1c(N2CCOCC2)cc(Cl)c2nonc12,0,"Non-corrosive, Non-irritant, Sensitizer",1,non-carcinogen,0,0.297504783,0.381431431,0.038732253,2.90E-06,0.61623615,0.000675906,2.715027021,no,0,no,no,no
13255,CC1CCN(Cc2nc3c(c(=O)n(C)c(=O)n3C)n2Cc2c(F)cccc2Cl)CC1,0,"Non-corrosive, Non-irritant, Sensitizer",1,non-carcinogen,0,0.126291275,0.052881625,0.0337818,0.034994211,0.010364273,0.276098847,2.504348917,no,0,no,no,no
12915,c1ccc(-n2cnc3cc(NCc4ccncc4)ccc32)cc1,0,"Non-corrosive, Non-irritant, Non-sensitizer",0,non-carcinogen,0,0.434389681,0.670853257,0.255164355,0.999974787,0.655225456,0.982343435,2.022737766,no,0,yes,no,no
2294,COc1ccc2[nH]c(=O)c(CN(Cc3cccs3)S(=O)(=O)c3c(C)ccc4nsnc34)cc2c1,1,"Non-corrosive, Non-irritant, Non-sensitizer",0,non-carcinogen,0,0.533547342,0.552558601,0.891992688,0.001409327,0.543479741,0.183105543,2.815041045,no,0,yes,no,no
3158,COc1ccc2[nH]c(=O)c(CN(Cc3cccs3)S(=O)(=O)c3cccc4nsnc34)cc2c1,1,"Non-corrosive, Non-irritant, Non-sensitizer",0,non-carcinogen,0,0.387789428,0.497044861,0.902263701,0.000361073,0.619474113,0.461282521,2.697555377,no,0,yes,no,no
14949,CCN(CC)C(=O)c1sc2nc(-c3ccncc3)[nH]c(=O)c2c1C,0,"Non-corrosive, Non-irritant, Sensitizer",1,non-carcinogen,0,0.270332396,0.251411349,0.066596188,0.000293742,0.160476983,0.874864697,2.458132919,no,0,no,no,no
11589,CC12CC(c3ccccc3O1)C(C(=O)OCc1ccccc1)C(=O)N2,0,"Non-corrosive, Non-irritant, Sensitizer",1,non-carcinogen,0,0.413229436,0.134027123,0.06299971,0.934118867,0.03954757,0.049399711,4.026929115,no,0,no,no,no
5985,O=C(NC1CCN(CC(F)(F)F)CC1)c1ccc(-c2cccc(=O)[nH]2)nc1,1,"Non-corrosive, Non-irritant, Non-sensitizer",0,non-carcinogen,0,0.806072354,0.692490458,0.928833961,0.999960959,0.833455503,0.9786551,2.536333452,yes,1,yes,no,no
10708,Cc1sc(NC(=O)COc2cccc(-n3cnnn3)c2)c(C#N)c1C,0,"Non-corrosive, Non-irritant, Non-sensitizer",0,non-carcinogen,0,0.150305435,0.05075429,0.089629784,0.002179938,0.032984551,0.007025906,2.443895006,no,0,yes,no,no
91,CCc1ccc(N2CC(C(=O)OCC(=O)NC3CCS(=O)(=O)C3)CC2=O)cc1,1,"Non-corrosive, Non-irritant, Non-sensitizer",0,non-carcinogen,0,0.406245053,0.368532389,0.728018463,6.70E-07,0.124571279,0.094947882,3.049881945,no,0,yes,no,no
15408,COc1ccc(CSc2nc(C)cc(=O)[nH]2)cc1Br,0,"Non-corrosive, Non-irritant, Non-sensitizer",0,non-carcinogen,0,0.516772389,0.569265366,0.201633766,0.999736726,0.814748943,0.999989271,2.370884067,no,0,yes,no,no
15578,N#Cc1ccccc1CSc1nc(O)cc(=O)[nH]1,0,"Non-corrosive, Non-irritant, Non-sensitizer",0,carcinogen,1,0.437578678,0.172413334,0.142732263,0.017192891,0.030694934,0.559916735,2.469228096,no,0,no,no,no
4390,O=C(O)c1ccccc1C(=O)c1ccc(Sc2ccc(Cl)cc2)c([N+](=O)[O-])c1,1,"Non-corrosive, Irritant, Non-sensitizer",1,non-carcinogen,0,0.79172498,0.889759958,0.978289247,0.999938369,0.766715288,0.999967515,2.126445414,yes,1,no,no,no
9253,CCn1c(SCC(=O)N2CCN(c3ccccc3)CC2)nnc1-c1ccoc1C,0,"Non-corrosive, Non-irritant, Non-sensitizer",0,carcinogen,1,0.06836573,0.071734697,0.040480819,0.006568075,0.162949428,0.014021155,2.282304482,no,0,no,no,no
10924,Cc1occc1-c1nnc(SCC(=O)N2CCN(c3ccccc3)CC2)n1C,0,"Non-corrosive, Non-irritant, Non-sensitizer",0,carcinogen,1,0.072101869,0.062494673,0.017241387,6.17E-05,0.105844602,0.009970688,2.261207545,no,0,no,no,no
15271,Cc1occc1-c1nnc(SCC(=O)N2CCN(c3ccc(F)cc3)CC2)n1C,0,"Non-corrosive, Non-irritant, Non-sensitizer",0,non-carcinogen,0,0.062296502,0.06412065,0.018722035,9.23E-06,0.087683544,0.014410501,2.325989852,no,0,yes,no,no
13363,O=C(Nc1nc(-c2cccs2)cs1)c1cccc(S(=O)(=O)N2CCCCC2)c1,0,"Non-corrosive, Non-irritant, Non-sensitizer",0,non-carcinogen,0,0.233661279,0.26555261,0.089892335,0.999848843,0.11674343,0.996681988,2.161224639,no,0,yes,no,no
9541,Cc1nonc1NC(=O)CSc1nnc(-c2ccoc2C)n1C,0,"Non-corrosive, Non-irritant, Non-sensitizer",0,carcinogen,1,0.045082662,0.060856048,0.00715577,5.96E-07,0.141883716,0.00623929,2.663522732,no,0,no,no,no
11169,CCn1c(SCC(=O)Nc2nonc2C)nnc1-c1ccoc1C,0,"Non-corrosive, Non-irritant, Non-sensitizer",0,carcinogen,1,0.051140469,0.04467912,0.012010264,5.18E-07,0.026372734,0.006398626,2.656775112,no,0,no,no,no
12214,Cc1nonc1NC(=O)CSc1nnc(-c2ccoc2C)n1CC(C)C,0,"Non-corrosive, Non-irritant, Non-sensitizer",0,carcinogen,1,0.048280258,0.06433294,0.017952619,5.58E-05,0.050573733,0.00774203,2.71843813,no,0,no,no,no
13020,Cc1ccc2c(c1)c1ncn(CCC3=CCCCC3)c(=O)c1n2C,0,"Non-corrosive, Non-irritant, Sensitizer",1,non-carcinogen,0,0.20734711,0.454540163,0.057750147,0.310884058,0.738468885,0.089820758,2.601773272,no,0,no,no,no
13069,Cn1c2ccccc2c2ncn(CCC3=CCCCC3)c(=O)c21,0,"Non-corrosive, Non-irritant, Sensitizer",1,non-carcinogen,0,0.18160145,0.429216444,0.061683219,0.000489165,0.667805135,0.133279786,2.519118189,no,0,no,no,no
3724,C[C@@H]1C[C@H]2[C@@H]3CCC4=CC(=O)C=C[C@]4(C)[C@@]3(Cl)[C@@H](O)C[C@]2(C)[C@@]1(OC(=O)c1ccco1)C(=O)CCl,1,"Non-corrosive, Non-irritant, Non-sensitizer",0,carcinogen,1,0.972771108,0.997561097,0.989836395,0.999999762,0.999968112,0.999993324,4.83398446,yes,1,no,no,no
1620,c1ccc(-c2ncc3c(ccc4ccccc43)n2)cc1,1,"Non-corrosive, Non-irritant, Sensitizer",1,non-carcinogen,0,0.714844584,0.808786154,0.843741,0.999969423,0.926840782,0.999886453,1.772931949,yes,1,no,yes,no
449,Clc1ccccc1/C=C/c1nc(-c2ccccn2)no1,1,"Non-corrosive, Non-irritant, Sensitizer",1,carcinogen,1,0.829933882,0.737654269,0.91936934,0.999994934,0.850920916,0.959957421,2.31668633,yes,1,no,no,no
1673,COCCn1c(SCC(=O)Nc2ccc(F)cc2)nc2c(oc3ccccc32)c1=O,1,"Non-corrosive, Non-irritant, Non-sensitizer",0,non-carcinogen,0,0.384675413,0.438597381,0.859895647,2.10E-05,0.353355229,0.743965447,2.26575668,no,0,yes,no,no
8540,COc1ccc(NC(=O)CN2C(=O)NC(C)(C3CC3)C2=O)cc1S(=O)(=O)N1CCCCC1,0,"Non-corrosive, Non-irritant, Sensitizer",1,non-carcinogen,0,0.16611068,0.117452487,0.075565167,0.10601493,0.062091343,0.116160959,2.837271457,no,0,no,no,no
9780,Cc1cc(C)c2cc(CN(Cc3nnnn3C3CCCCC3)CC3CCCO3)c(=O)[nH]c2c1,0,"Non-corrosive, Non-irritant, Non-sensitizer",0,non-carcinogen,0,0.071009941,0.038250655,0.00476065,3.70E-05,0.088847302,0.004407725,3.207833539,no,0,yes,no,no
11866,CCOc1ccccc1NC(=O)NC1(C(=O)N2CCOCC2)CCCCC1,0,"Non-corrosive, Non-irritant, Non-sensitizer",0,non-carcinogen,0,0.11476285,0.064065136,0.025969157,0.000233496,0.007340568,0.002888588,2.338492234,no,0,yes,no,no
13987,O=S(c1ccccc1)c1cnccc1NS(=O)(=O)C(F)(F)F,0,"Non-corrosive, Non-irritant, Sensitizer",1,non-carcinogen,0,0.446345657,0.430479169,0.098270021,0.973870456,0.866435289,0.011649244,3.216092582,no,0,no,no,no
8904,CCOC(=O)CSc1nnc(-c2ccoc2C)n1-c1ccc(OCC)cc1,0,"Non-corrosive, Non-irritant, Sensitizer",1,carcinogen,1,0.062413841,0.04356065,0.00793156,3.23E-06,0.043594845,0.000991343,2.273532955,no,0,no,no,no
9347,COC(=O)CSc1nnc(-c2ccoc2C)n1-c1ccc(C)cc1,0,"Non-corrosive, Non-irritant, Sensitizer",1,carcinogen,1,0.042339392,0.057281226,0.006077326,8.03E-07,0.038216464,0.000797227,2.238611085,no,0,no,no,no
10454,CCOc1ccccc1-n1c(SCC(=O)NC(C)CC)nnc1-c1ccoc1C,0,"Non-corrosive, Non-irritant, Non-sensitizer",0,non-carcinogen,0,0.095728107,0.038015891,0.005188689,0.001018536,0.029866723,0.002365925,2.811873433,no,0,yes,no,no
11654,COc1cccc(-n2c(SCC(=O)NC(C)(C)C)nnc2-c2ccoc2C)c1,0,"Non-corrosive, Non-irritant, Sensitizer",1,non-carcinogen,0,0.147989362,0.044774618,0.008830449,1.03E-05,0.032996926,0.001170698,2.38499216,no,0,no,no,no
12645,CCOc1ccccc1-n1c(SCC(=O)NC(C)(C)C)nnc1-c1ccoc1C,0,"Non-corrosive, Non-irritant, Non-sensitizer",0,non-carcinogen,0,0.101374589,0.032590277,0.00455774,5.35E-06,0.021958631,0.001847959,2.427832443,no,0,yes,no,no
12472,Cc1ccccc1OCc1nnc(SCC(=O)Nc2ccc3c(c2)OCO3)n1C,0,"Non-corrosive, Non-irritant, Non-sensitizer",0,non-carcinogen,0,0.042276211,0.06327033,0.033837691,4.36E-07,0.093088113,0.008034149,2.194392943,no,0,yes,no,no
9710,O=C(CCC(=O)N(CC(=O)NC1CCCCC1)Cc1ccco1)Nc1nccs1,0,"Non-corrosive, Non-irritant, Sensitizer",1,carcinogen,1,0.066382222,0.082180798,0.03341689,4.22E-05,0.016800243,0.010636427,2.442062724,no,0,no,no,no
7332,O=c1c(-c2ccc(O)cc2)coc2cc(O[C@@H]3O[C@H](CO)[C@@H](O)[C@H](O)[C@H]3O)cc(O)c12,1,"Non-corrosive, Non-irritant, Non-sensitizer",0,non-carcinogen,0,0.984792829,0.98442626,0.993873239,0.999999821,0.999990344,0.999999285,3.833068047,yes,1,yes,no,no
7795,O=c1c(-c2ccc(O)cc2)coc2cc(O[C@@H]3O[C@H](CO)[C@@H](O)[C@H](O)[C@H]3O)ccc12,1,"Non-corrosive, Non-irritant, Non-sensitizer",0,non-carcinogen,0,0.949171841,0.98442626,0.994785726,0.999998927,0.999990344,0.999997318,3.659609281,yes,1,yes,no,no
7799,COc1cc2c(=O)c(-c3ccc(O)cc3)coc2cc1O[C@@H]1O[C@H](CO)[C@@H](O)[C@H](O)[C@H]1O,1,"Non-corrosive, Non-irritant, Non-sensitizer",0,non-carcinogen,0,0.968098581,0.986439466,0.994146705,0.999999881,0.999875367,0.999996901,3.727132272,yes,1,yes,no,no
9145,O=C(Oc1ccccc1)c1ccc2nccnc2c1,0,"Non-corrosive, Non-irritant, Sensitizer",1,non-carcinogen,0,0.282908797,0.50719434,0.105439782,0.171924576,0.65466249,0.008380493,1.771105537,no,0,no,yes,no
15580,O=C(Oc1ccc(Cl)cc1)c1ccc2nccnc2c1,0,"Non-corrosive, Irritant, Sensitizer",1,non-carcinogen,0,0.380111307,0.57161063,0.104804367,0.07317555,0.516995549,0.010922105,1.834006777,no,0,no,yes,no
13304,CCCCCCn1c(-c2ccco2)nc2oc3cc(OC)ccc3c(=O)c2c1=O,0,"Non-corrosive, Non-irritant, Non-sensitizer",0,non-carcinogen,0,0.148272902,0.194563657,0.032455746,3.05E-05,0.209268689,0.104011938,2.539457507,no,0,yes,no,no
13134,Cc1cccn2c(=O)c3cc(C#N)c(=O)n(CCCN4CCOCC4)c3nc12,0,"Non-corrosive, Non-irritant, Non-sensitizer",0,non-carcinogen,0,0.304825246,0.070025839,0.05541176,9.99E-05,0.033270575,0.020215459,2.618406006,no,0,yes,no,no
4912,C/C(=N\NC(=O)c1ccccc1)c1ccc2c(c1)OCO2,1,"Non-corrosive, Non-irritant, Sensitizer",1,non-carcinogen,0,0.604831517,0.850244462,0.968013465,0.987875462,0.997135878,0.999882042,1.904004024,yes,1,no,yes,no
21,CC(=O)c1c(C)n(-c2ccc(Cl)cc2)c2ccc(O)cc12,1,"Non-corrosive, Non-irritant, Sensitizer",1,carcinogen,1,0.812201738,0.847029269,0.96182251,0.933270812,0.825832367,0.998557508,2.067552108,yes,1,no,no,no
2161,COc1ccc(-n2c(C)c(C(C)=O)c3cc(O)ccc32)cc1,1,"Non-corrosive, Non-irritant, Non-sensitizer",0,carcinogen,1,0.80176121,0.841706514,0.952629089,0.955508411,0.69447422,0.454545408,2.042628023,no,0,no,no,no
2235,COC(=O)c1c(C)n(-c2ccc(OC)cc2)c2ccc(O)cc12,1,"Non-corrosive, Non-irritant, Non-sensitizer",0,non-carcinogen,0,0.642047942,0.803500652,0.928748488,0.066568181,0.291520655,0.024475208,2.029578475,no,0,yes,no,no
2255,CC(=O)c1c(C)n(-c2ccccc2)c2ccc(O)cc12,1,"Non-corrosive, Non-irritant, Non-sensitizer",0,carcinogen,1,0.722957551,0.799682081,0.95954597,0.94524771,0.435663551,0.977560282,1.995336125,no,0,no,yes,no
2314,CCN(CC)Cc1c(O)ccc2c([N+](=O)[O-])c(C)n(-c3ccc(OC)cc3)c12,1,"Non-corrosive, Irritant, Non-sensitizer",1,non-carcinogen,0,0.952470958,0.92418313,0.979783237,0.999995947,0.809865773,0.903410673,2.609465886,yes,1,no,no,no
2354,Cc1ccc(-n2c(C)c([N+](=O)[O-])c3ccc(O)c(CN(C)C)c32)cc1,1,"Non-corrosive, Non-irritant, Non-sensitizer",0,carcinogen,1,0.944670618,0.967342436,0.99151504,0.999999881,0.887136996,0.943618774,2.587079064,yes,1,no,no,no
2382,COc1ccc(-n2c(C)c([N+](=O)[O-])c3ccc(O)c(CN(C)C)c32)cc1,1,"Non-corrosive, Non-irritant, Non-sensitizer",0,non-carcinogen,0,0.942738533,0.977032661,0.991815746,0.999999642,0.917803407,0.893115222,2.567567734,yes,1,yes,no,no
3157,CN(C)/C=C/c1c([N+](=O)[O-])c2ccc(O)cc2n1-c1ccccc1,1,"Non-corrosive, Non-irritant, Sensitizer",1,carcinogen,1,0.947214782,0.945479631,0.986813009,0.999999762,0.615069926,0.852863252,2.727054159,yes,1,no,no,no
3164,Cc1c([N+](=O)[O-])c2ccc(O)cc2n1-c1ccccc1,1,"Non-corrosive, Irritant, Sensitizer",1,carcinogen,1,0.87319082,0.942086339,0.989712954,0.999969959,0.744649589,0.875410855,2.222430356,yes,1,no,no,no
3278,COc1ccc(-n2c(C)cc3cc(OC(C)=O)ccc32)cc1,1,"Non-corrosive, Non-irritant, Sensitizer",1,carcinogen,1,0.682535887,0.736756921,0.920424402,0.930273056,0.379496455,0.54082936,2.017302265,no,0,no,no,no
3297,CCOc1ccc(-n2c(C)c(C(C)=O)c3cc(OC(C)=O)ccc32)cc1,1,"Non-corrosive, Non-irritant, Non-sensitizer",0,carcinogen,1,0.609355927,0.722644389,0.960789263,0.002072418,0.15561603,0.955476642,2.151304489,no,0,no,no,no
3315,COc1ccc(-n2c(C)c(C(C)=O)c3cc(OC(C)=O)ccc32)cc1,1,"Non-corrosive, Non-irritant, Sensitizer",1,carcinogen,1,0.69105953,0.807570457,0.960789263,0.252720952,0.366354972,0.955476642,2.109368962,no,0,no,no,no
3368,COc1ccc2c(c1)c(C(C)=O)c(C)n2-c1ccc(C(C)=O)cc1,1,"Non-corrosive, Non-irritant, Non-sensitizer",0,carcinogen,1,0.806294382,0.840842009,0.952956676,0.99327904,0.597018719,0.825332165,2.026031405,yes,1,no,no,no
3370,CC(=O)c1c(C)n(-c2ccc(C)cc2C)c2ccc(O)cc12,1,"Non-corrosive, Non-irritant, Non-sensitizer",0,carcinogen,1,0.730618,0.797766507,0.975527883,0.999961913,0.588561356,0.998758078,2.18592028,yes,1,no,no,no
3379,CC(=O)c1ccc(-n2c(C)c(C(C)=O)c3cc(O)ccc32)cc1,1,"Non-corrosive, Non-irritant, Sensitizer",1,carcinogen,1,0.834414542,0.808244824,0.977712929,0.994596183,0.458375156,0.984118044,2.121287026,no,0,no,no,no
3388,CCOc1ccc(-n2c(C)c(C(C)=O)c3cc(O)ccc32)cc1,1,"Non-corrosive, Non-irritant, Non-sensitizer",0,non-carcinogen,0,0.725887716,0.751979768,0.956594527,0.11973317,0.648070514,0.687449872,2.084257802,no,0,yes,no,no
986,CCN(C(=O)COC(=O)c1cc(C)n(-c2ccc(F)cc2)c1C)C1CCS(=O)(=O)C1,1,"Non-corrosive, Non-irritant, Sensitizer",1,non-carcinogen,0,0.563500702,0.720808387,0.767437696,2.00E-05,0.459858745,0.940929592,2.881857029,no,0,no,no,no
13880,Cc1cc(C(=O)OCC(=O)NC2CCS(=O)(=O)C2)c(C)n1-c1ccccc1,0,"Non-corrosive, Non-irritant, Non-sensitizer",0,non-carcinogen,0,0.229020327,0.421336263,0.254423976,3.77E-06,0.330195576,0.811224461,2.681250571,no,0,yes,no,no
9408,COc1ccc(NC(=O)N2CCCC(c3nc(-c4ccc(C(C)C)cc4)no3)C2)cc1,0,"Non-corrosive, Non-irritant, Non-sensitizer",0,non-carcinogen,0,0.127423882,0.080533147,0.008011646,0.1867982,0.038807679,0.000237072,2.615496489,no,0,yes,no,no
12230,Cc1ccccc1NC(=O)N1CCCC(c2nc(-c3ccc(F)cc3)no2)C1,0,"Non-corrosive, Non-irritant, Non-sensitizer",0,non-carcinogen,0,0.083029576,0.103005067,0.010468982,7.42E-06,0.185050681,0.000345064,2.545700359,no,0,yes,no,no
2565,CC1=CC(C)(C)Nc2ccc(OC(=O)CCN3C(=O)c4ccccc4C3=O)cc21,1,"Non-corrosive, Non-irritant, Non-sensitizer",0,non-carcinogen,0,0.602550924,0.734093845,0.929620922,0.002172355,0.290928185,0.1070401,2.511112785,no,0,yes,no,no
1228,CCCC(=O)C1=C(O)C(C(=O)OC)C(C)(C)CC1=Nc1ccc(N)cc1,1,"Non-corrosive, Non-irritant, Sensitizer",1,non-carcinogen,0,0.681458592,0.630096257,0.870611012,0.999931991,0.235630527,0.017641108,3.51923344,no,0,no,no,no
9826,CCC(C)(C)NC(=O)C(c1cccnc1)N(CCOC)C(=O)Cn1nnc2ccccc21,0,"Non-corrosive, Non-irritant, Non-sensitizer",0,non-carcinogen,0,0.042175401,0.124831282,0.01856094,1.98E-07,0.21799542,0.007222086,3.021474044,no,0,yes,no,no
14710,Cc1cc(Oc2cccc(-c3c(C)nnn3C3CCNCC3)n2)cc(-c2ccccc2)c1,0,"Non-corrosive, Non-irritant, Non-sensitizer",0,non-carcinogen,0,0.103916921,0.057518207,0.075921282,8.71E-05,0.042268287,0.452507734,2.709964688,no,0,yes,no,no
199,Cc1ccc(OCC(=O)N2CCCCCC2)c(C)c1,1,"Non-corrosive, Non-irritant, Non-sensitizer",0,non-carcinogen,0,0.388268948,0.405905306,0.648927629,0.010979386,0.1789262,0.000975337,1.697261764,no,0,yes,yes,no
15631,O=S(=O)(c1cc(Cl)cc(Cl)c1)N1CCCC1c1nc2ccccc2s1,0,"Non-corrosive, Non-irritant, Sensitizer",1,non-carcinogen,0,0.365844429,0.434754312,0.053279493,0.994398296,0.641315758,0.199127212,2.728985943,no,0,no,no,no
11566,Cc1cc(C)nc(SCc2nnc(SCC(=O)Nc3ncc(C)s3)n2Cc2ccco2)n1,0,"Non-corrosive, Non-irritant, Non-sensitizer",0,carcinogen,1,0.033584908,0.067191966,0.02348318,3.45E-07,0.012510477,0.036146417,2.741801876,no,0,no,no,no
10466,O=S(=O)(c1ccc2c(c1)OCCO2)N1CCC(O)(c2ccc(Cl)cc2)CC1,0,"Non-corrosive, Non-irritant, Sensitizer",1,non-carcinogen,0,0.185351178,0.076140195,0.064329498,0.999936044,0.190092936,0.006373488,2.320282605,no,0,no,no,no
2863,Cn1cnnc1Sc1ccc(/C=C/C(=O)c2ccc(O)cc2)cc1[N+](=O)[O-],1,"Non-corrosive, Non-irritant, Non-sensitizer",0,carcinogen,1,0.922143579,0.964612603,0.97362411,0.999998927,0.934921861,0.999994695,2.511568877,yes,1,no,no,no
2302,CC(C)(C)c1nn(-c2ccccc2)c2[nH]c(=O)c(CNc3ccc4c(c3)OCCO4)cc12,1,"Non-corrosive, Non-irritant, Non-sensitizer",0,carcinogen,1,0.465284348,0.559256792,0.808218539,0.959398568,0.283938766,0.970735848,2.711283147,no,0,no,no,no
10678,Cc1nn(-c2ccccc2)c2[nH]c(=O)c(CNc3ccc4c(c3)OCCO4)cc12,0,"Non-corrosive, Non-irritant, Non-sensitizer",0,carcinogen,1,0.209345534,0.343090266,0.390018493,8.71E-07,0.318014324,0.379130661,2.530385284,no,0,no,no,no
10535,CNC(=O)CSc1nnc(-c2ccc(S(=O)(=O)N3CCCC3)cc2)n1-c1cccc(C)c1C,0,"Non-corrosive, Non-irritant, Non-sensitizer",0,non-carcinogen,0,0.046293478,0.055358049,0.017827827,1.04E-07,0.033079028,0.010168338,2.338100102,no,0,yes,no,no
14669,c1ccc2[nH]c(Oc3ccc(OCCN4CCOCC4)cc3)nc2c1,0,"Non-corrosive, Non-irritant, Sensitizer",1,non-carcinogen,0,0.546572208,0.658284307,0.436666816,0.913061678,0.985236466,0.993192494,2.151554621,no,0,no,no,no
10245,Cc1ccc2nc(Nc3nc(C)cc(C(F)(F)F)n3)nc(C)c2c1,0,"Non-corrosive, Non-irritant, Non-sensitizer",0,non-carcinogen,0,0.398208052,0.730946898,0.123550959,0.967175543,0.995072663,0.471362352,2.456871266,no,0,yes,no,no
10962,CC(=O)c1cnc(Nc2nc(C)c3ccc(C)cc3n2)nc1C,0,"Non-corrosive, Non-irritant, Non-sensitizer",0,non-carcinogen,0,0.350086182,0.315503925,0.128595859,3.26E-05,0.944581687,0.268976808,2.385861648,no,0,yes,no,no
12691,CC(C)CCNC(=O)CN(Cc1ccc2c(c1)OCO2)C(=O)CCC(=O)Nc1ccccn1,0,"Non-corrosive, Non-irritant, Non-sensitizer",0,non-carcinogen,0,0.100815773,0.13032943,0.032042511,0.000151056,0.129651368,0.009989199,2.429144646,no,0,yes,no,no
16,COc1ccccc1Nc1ccc(N)cc1,1,"Non-corrosive, Non-irritant, Non-sensitizer",0,carcinogen,1,0.611115813,0.740359724,0.848861217,0.696607411,0.661362886,0.975196183,1.520994629,yes,1,no,yes,no
597,O=[N+]([O-])c1cc([N+](=O)[O-])c(Nc2ccc(Cl)cc2)c([N+](=O)[O-])c1,1,"Non-corrosive, Irritant, Sensitizer",1,non-carcinogen,0,0.950398982,0.902872443,0.983238935,0.999997497,0.684923828,0.999845862,2.223924388,yes,1,no,no,no
3034,CC(C)N(c1ccccc1)c1ccc(NC(=O)CCl)cc1,1,"Non-corrosive, Non-irritant, Sensitizer",1,non-carcinogen,0,0.863775432,0.965325177,0.830665529,0.999997377,0.961589515,0.999997973,2.031876736,yes,1,no,no,no
3318,N#CC(C#N)=C(C#N)c1ccc(Nc2ccccc2)cc1,1,"Non-corrosive, Non-irritant, Non-sensitizer",0,non-carcinogen,0,0.688963115,0.880442679,0.941440761,0.99999243,0.96738708,0.99996233,2.33740362,yes,1,yes,no,no
14017,O=C(O)Cc1ccccc1Nc1c(Cl)cccc1Cl,0,"Non-corrosive, Non-irritant, Sensitizer",1,non-carcinogen,0,0.376291096,0.360258251,0.226143584,0.882676661,0.413501412,0.989662886,1.86895054,no,0,no,yes,no
15127,Cc1cccc(Nc2ccccc2)c1,0,"Non-corrosive, Non-irritant, Sensitizer",1,carcinogen,1,0.644115925,0.489190549,0.576705098,0.905378461,0.325114787,0.00092498,1.306685464,no,0,no,yes,no
15242,CC(C)(C)CC(=O)Nc1ccc(Nc2ccccc2)cc1,0,"Non-corrosive, Non-irritant, Sensitizer",1,non-carcinogen,0,0.235391513,0.220416144,0.188189313,0.007690773,0.247079656,0.017789302,1.678982864,no,0,no,yes,no
9276,COc1ccccc1N1CCN(C(=O)CSc2nnc3n2C(C)(C)Cc2ccccc2-3)CC1,0,"Non-corrosive, Non-irritant, Non-sensitizer",0,non-carcinogen,0,0.08066792,0.131665111,0.074969746,3.12E-08,0.128969386,0.046427876,2.549567685,no,0,yes,no,no
11754,COc1ccc(N2CCN(C(=O)CSc3nnc4n3C(C)(C)Cc3ccccc3-4)CC2)cc1,0,"Non-corrosive, Non-irritant, Non-sensitizer",0,non-carcinogen,0,0.086600773,0.126901492,0.040333349,2.76E-06,0.194434315,0.03038753,2.525319426,no,0,yes,no,no
10855,c1ccc2c(-n3cccn3)cccc2c1,0,"Non-corrosive, Irritant, Sensitizer",1,non-carcinogen,0,0.355333537,0.476664245,0.116887473,0.95060122,0.396609932,0.03479572,1.781465426,no,0,no,yes,no
9099,O=C1c2ccccc2C(=O)N1CCCc1nc2ccccc2c(=O)n1CCCn1ccnc1,0,"Non-corrosive, Non-irritant, Non-sensitizer",0,non-carcinogen,0,0.195475966,0.086651407,0.068991639,0.96141237,0.228959009,0.049956363,2.410278065,no,0,yes,no,no
6290,COc1cc(NC(=O)c2ccc(C)c(C#Cc3cnc4cccnn34)c2)cc(OC)c1,1,"Non-corrosive, Non-irritant, Non-sensitizer",0,non-carcinogen,0,0.84464252,0.800580204,0.923389971,0.999989986,0.785464764,0.924704611,2.685911655,yes,1,yes,no,no
11894,COCCn1c(SCC(=O)Nc2nnc(C)s2)nnc1-c1ccncc1,0,"Non-corrosive, Non-irritant, Non-sensitizer",0,carcinogen,1,0.11192923,0.038379937,0.003393194,2.04E-07,0.05951497,0.004888944,2.400535951,no,0,no,no,no
9771,CCC(OC(=O)c1cccs1)C(=O)NC1CCCCC1,0,"Non-corrosive, Non-irritant, Sensitizer",1,non-carcinogen,0,0.206831917,0.162969053,0.034271941,0.000131038,0.488380373,0.001416327,2.613302267,no,0,no,no,no
2955,O=S(=O)(c1ccc(Br)cc1)c1cnc2ccccc2n1,1,"Non-corrosive, Non-irritant, Non-sensitizer",0,non-carcinogen,0,0.846805096,0.919128358,0.904399157,0.99999851,0.98840183,0.89836973,2.121868022,yes,1,yes,no,no
6914,CC1CCN(c2cc(N3CCN(C)CC3)ccc2NC(=O)c2ccc(C#N)o2)CC1,1,"Non-corrosive, Non-irritant, Non-sensitizer",0,non-carcinogen,0,0.778102636,0.702445686,0.93691963,0.99988842,0.67890805,0.92948997,2.567557754,yes,1,yes,no,no
6936,CN1CCN(c2ccc(NC(=O)c3ccc(C#N)o3)c(N3CCCCC3)c2)CC1,1,"Non-corrosive, Non-irritant, Non-sensitizer",0,non-carcinogen,0,0.550643504,0.689954162,0.929979622,0.998720348,0.481355995,0.875020087,2.489604482,no,0,yes,no,no
8751,CCc1ccccc1NC(=O)Cn1nnc(-c2cccnc2)n1,0,"Non-corrosive, Non-irritant, Non-sensitizer",0,non-carcinogen,0,0.030080486,0.042600587,0.012629254,2.42E-08,0.01187416,0.000368767,2.097622666,no,0,yes,no,no
10930,Cn1c(=O)[nH]c(=O)c2c1nc(Br)n2CCC(=O)c1ccccc1,0,"Non-corrosive, Non-irritant, Non-sensitizer",0,non-carcinogen,0,0.152696103,0.196683615,0.034867026,0.000180083,0.139046967,0.026796862,2.368869821,no,0,yes,no,no
9120,S=c1nc(C2CCCCC2)[nH][nH]1,0,"Non-corrosive, Irritant, Sensitizer",1,non-carcinogen,0,0.38392213,0.192347229,0.095744908,0.998045504,0.039645039,0.014499919,2.90246288,no,0,no,no,no
14077,COc1ccc(-c2c(C)noc2C)cc1S(=O)(=O)NC1CCCNC1,0,"Non-corrosive, Non-irritant, Non-sensitizer",0,non-carcinogen,0,0.13468796,0.259778917,0.165114075,0.044788849,0.785240412,0.976482153,2.91358178,no,0,yes,no,no
14259,Cc1ccc(-c2c(C)noc2C)cc1S(=O)(=O)NC1CCCNC1,0,"Non-corrosive, Non-irritant, Sensitizer",1,non-carcinogen,0,0.258647054,0.316120714,0.244052798,0.998193026,0.925490379,0.978186965,2.924959296,no,0,no,no,no
7955,COc1ccc([C@@H]2CC(=O)c3ccc4c(c3O2)C=CC(C)(C)O4)cc1OC,1,"Non-corrosive, Non-irritant, Non-sensitizer",0,non-carcinogen,0,0.940510929,0.995828688,0.997071981,0.999998808,0.999985933,0.999951243,3.157591786,yes,1,yes,no,no
7957,COc1cc2c(c3c1C(=O)C[C@@H](c1ccccc1)O3)C=CC(C)(C)O2,1,"Non-corrosive, Non-irritant, Non-sensitizer",0,non-carcinogen,0,0.91940701,0.994573772,0.994078159,0.999999881,0.999974132,0.99995476,3.179619746,yes,1,yes,no,no
7958,COc1cc2c(c3c1OC(C)(C)C=C3)O[C@H](c1ccccc1)CC2=O,1,"Non-corrosive, Non-irritant, Sensitizer",1,non-carcinogen,0,0.873024046,0.995559335,0.996090949,0.997963965,0.999978364,0.99985832,3.172281284,yes,1,no,no,no
7959,CC1(C)C=Cc2c(ccc3c2O[C@H](c2ccccc2)CC3=O)O1,1,"Non-corrosive, Non-irritant, Non-sensitizer",0,non-carcinogen,0,0.920088947,0.989027143,0.995317698,0.999994099,0.99998349,0.999916852,3.099286201,yes,1,yes,no,no
7960,CC(C)=CCc1cc2c(c3c1OC(C)(C)C=C3)O[C@H](c1ccccc1)CC2=O,1,"Non-corrosive, Non-irritant, Non-sensitizer",0,non-carcinogen,0,0.962374747,0.993237376,0.997743011,0.999999702,0.999999583,0.999981046,3.48300156,yes,1,yes,no,no
7961,COc1ccc([C@@H]2CC(=O)c3cc(CC=C(C)C)c4c(c3O2)C=CC(C)(C)O4)cc1OC,1,"Non-corrosive, Non-irritant, Non-sensitizer",0,non-carcinogen,0,0.965887785,0.997097969,0.99809438,0.999999881,0.999967813,0.999984503,3.528721685,yes,1,yes,no,no
15252,CC[n+]1c(S(=O)(=O)[O-])ccc2ccc(C)cc21,0,"Non-corrosive, Irritant, Non-sensitizer",1,non-carcinogen,0,0.428998977,0.524942994,0.121169582,0.988455713,0.999982059,0.970707893,3.129244174,no,0,no,no,no
14937,Cc1ccc(-n2ncc3c(=O)n(CC(=O)NC4CCCC4)cnc32)cc1C,0,"Non-corrosive, Non-irritant, Sensitizer",1,non-carcinogen,0,0.142326191,0.138766006,0.012402256,0.000366477,0.161387429,0.031813927,2.29059789,no,0,no,no,no
10503,CC(=O)c1cccc(NC(=O)N2C3CCC2CC(O)(c2cccnc2)C3)c1,0,"Non-corrosive, Non-irritant, Sensitizer",1,non-carcinogen,0,0.252894789,0.285754025,0.050098531,2.44E-05,0.018938752,0.06607499,3.924416589,no,0,no,no,no
13998,Cc1nnn(C2CCNCC2)c1-c1cccc(Oc2cc(C3CCCC3)cc(C3CCCC3)c2)n1,0,"Non-corrosive, Non-irritant, Non-sensitizer",0,non-carcinogen,0,0.106959529,0.059206765,0.029036919,6.93E-06,0.028598107,0.025452411,3.009029152,no,0,yes,no,no
15897,O=C(Nc1cc(Cl)cc(Cl)c1)c1cnn2cccnc12,0,"Non-corrosive, Non-irritant, Sensitizer",1,non-carcinogen,0,0.445794702,0.640188336,0.082921728,0.995249987,0.906498253,0.163017228,2.20404616,no,0,no,no,no
954,Cc1nc(=O)c(-c2ccccc2)c(C)n1-c1ccc(S(N)(=O)=O)cc1,1,"Non-corrosive, Non-irritant, Non-sensitizer",0,non-carcinogen,0,0.551267385,0.451788276,0.780026793,0.002363516,0.409236282,0.913297653,2.181449229,no,0,yes,no,no
15032,COc1ccc(-n2c(C)nc(=O)c(-c3ccccc3)c2C)cc1,0,"Non-corrosive, Non-irritant, Non-sensitizer",0,non-carcinogen,0,0.518657148,0.267781138,0.239331737,0.90023309,0.236149982,0.875437081,1.99906498,no,0,yes,yes,no
2517,Cc1ccc(-c2cc(C(=O)N(C)Cc3cnn(C)c3C)c3cc(Br)ccc3n2)cc1,1,"Non-corrosive, Non-irritant, Non-sensitizer",0,non-carcinogen,0,0.785229266,0.787706554,0.920956314,0.997749984,0.45034039,0.855264783,2.353043264,no,0,yes,no,no
10444,COCCn1nnnc1C(c1ccccn1)N(CCc1ccccc1)Cc1cccs1,0,"Non-corrosive, Non-irritant, Non-sensitizer",0,non-carcinogen,0,0.065343916,0.041955624,0.014579132,9.83E-09,0.059311852,0.005424257,3.059220654,no,0,yes,no,no
2465,O=C(Nc1ccc(F)cc1)Nc1nnc(-c2ccncc2)s1,1,"Non-corrosive, Non-irritant, Sensitizer",1,non-carcinogen,0,0.811509967,0.920104146,0.947281659,0.007718772,0.997740269,0.473467022,2.013735136,no,0,no,no,no
2540,O=C(Nc1ccc(Cl)cc1)Nc1nnc(-c2ccncc2)s1,1,"Non-corrosive, Non-irritant, Sensitizer",1,non-carcinogen,0,0.89289999,0.941767037,0.940299153,0.372130305,0.983470201,0.270058423,2.008149078,no,0,no,no,no
2806,Cc1ccc(NC(=O)Nc2nnc(-c3ccncc3)s2)cc1,1,"Non-corrosive, Non-irritant, Sensitizer",1,non-carcinogen,0,0.748562634,0.869226277,0.954642653,0.001564316,0.986519039,0.07116618,1.992885857,no,0,no,yes,no
2958,COc1ccc(NC(=O)Nc2nnc(-c3ccncc3)s2)cc1,1,"Non-corrosive, Non-irritant, Non-sensitizer",0,non-carcinogen,0,0.848475039,0.943269432,0.96304673,0.958109796,0.977294505,0.045855269,1.992257569,no,0,yes,yes,no
15290,Cc1cc(NC(=O)COC(=O)c2c(C)nn(Cc3ccccc3)c2Cl)no1,0,"Non-corrosive, Non-irritant, Non-sensitizer",0,carcinogen,1,0.219885796,0.133404836,0.037775587,0.001519739,0.217748165,0.017209752,2.21947333,no,0,no,no,no
928,CCn1nnnc1-c1ccc(OC)c(S(=O)(=O)NCc2ccccc2)c1,1,"Non-corrosive, Non-irritant, Non-sensitizer",0,non-carcinogen,0,0.192173019,0.350702763,0.844126821,3.38E-05,0.030134672,0.002357068,2.172741548,no,0,yes,no,no
11211,Cc1nnc(SCc2ccc(Cl)cc2)n1CC1CCCO1,0,"Non-corrosive, Non-irritant, Sensitizer",1,non-carcinogen,0,0.153646111,0.053302612,0.039439529,0.000261168,0.029537108,0.434710443,2.61776712,no,0,no,no,no
9333,Cc1cc2c(c(=O)o1)C(C(C)C)C(C#N)=C(N)O2,0,"Non-corrosive, Non-irritant, Sensitizer",1,non-carcinogen,0,0.512692451,0.147421464,0.130229831,0.999611914,0.044315316,0.021101223,3.441904074,no,0,no,no,no
13634,Cc1ccc(C)c(-c2nnc(OCC(=O)Nc3cc(C)on3)c3ccccc23)c1,0,"Non-corrosive, Non-irritant, Non-sensitizer",0,carcinogen,1,0.130895972,0.187062874,0.073086962,0.003001997,0.289955556,0.418307334,2.401046015,no,0,no,no,no
13759,Cc1cc(NC(=O)COc2nnc(-c3ccccc3)c3ccccc23)no1,0,"Non-corrosive, Non-irritant, Non-sensitizer",0,carcinogen,1,0.181227997,0.260489196,0.033433311,0.030543245,0.407123655,0.912045896,2.217944073,no,0,no,no,no
10811,Nc1nnc(CC(=O)N2CCCCC2)s1,0,"Non-corrosive, Non-irritant, Sensitizer",1,carcinogen,1,0.113752894,0.085631944,0.07000348,4.72E-05,0.016831929,0.003159991,2.284859058,no,0,no,no,no
7314,CC(=O)O[C@H]1C=C([C@H](C)[C@H]2CC(C)=C(C)C(=O)O2)[C@@]2(C)CC[C@H]3[C@@H](CC[C@H]4[C@@H](O)[C@@H](O)CC(=O)[C@@]43C)[C@]12O,1,"Non-corrosive, Non-irritant, Non-sensitizer",0,carcinogen,1,0.976548254,0.998218834,0.99970156,0.999999881,0.999999464,0.999999881,5.559679231,yes,1,no,no,no
7987,CC(=O)O[C@H]1C=C([C@H](C)[C@H]2CC(C)=C(C)C(=O)O2)[C@@]2(C)CC[C@H]3[C@@H](C[C@H](O)[C@@]4(O)[C@@H](O)[C@H](O)CC(=O)[C@]34C)[C@]12O,1,"Non-corrosive, Non-irritant, Non-sensitizer",0,carcinogen,1,0.957045674,0.997770429,0.999575675,0.999999583,0.999999881,0.999999821,5.811705204,yes,1,no,no,no
7574,C/C(=C1\C[C@H](C2=CC(O)OC2=O)OC1=O)[C@]1(C)O[C@@]2(O)CCC=C3C(=O)O[C@H]1[C@@]32C,1,"Non-corrosive, Non-irritant, Non-sensitizer",0,carcinogen,1,0.895590186,0.997269332,0.997008145,0.99999994,1,0.999996901,5.712410719,yes,1,no,no,no
12981,Cc1cc2oc(=O)cc(CN3CCN(C/C=C/c4ccccc4)CC3)c2cc1O,0,"Non-corrosive, Non-irritant, Non-sensitizer",0,non-carcinogen,0,0.259480238,0.193509892,0.075562574,0.829378664,0.366532564,0.356232613,2.389173713,no,0,yes,no,no
4826,O=C(Nc1nc(-c2nc3ccccc3s2)cs1)c1ccco1,1,"Non-corrosive, Non-irritant, Sensitizer",1,non-carcinogen,0,0.663380384,0.399636894,0.949977458,0.999999523,0.029372985,0.50164324,2.17355886,no,0,no,no,no
10287,CC1CCN(C(=O)CSc2nc(N)cc(N)n2)CC1,0,"Non-corrosive, Non-irritant, Sensitizer",1,carcinogen,1,0.158092827,0.122280836,0.025428129,0.000958502,0.261141181,0.00184575,2.37049742,no,0,no,no,no
4975,COc1ccc(Oc2ccc(Nc3ncnc4[nH]ccc34)cc2)cc1,1,"Non-corrosive, Non-irritant, Sensitizer",1,carcinogen,1,0.375840962,0.496093273,0.230500191,0.999970198,0.943600714,0.002381119,2.065681174,no,0,no,no,no
5020,c1ccc(Oc2ccc(Nc3ncnc4[nH]ccc34)cc2)cc1,1,"Non-corrosive, Non-irritant, Sensitizer",1,non-carcinogen,0,0.318880886,0.247180492,0.133974954,0.999950767,0.94397682,0.004557435,2.02334178,no,0,no,no,no
5263,Clc1ccccc1Oc1ccc(Nc2ncnc3[nH]ccc23)cc1,1,"Non-corrosive, Non-irritant, Sensitizer",1,non-carcinogen,0,0.44201842,0.439901203,0.735492408,0.999639511,0.950439453,0.614053309,2.122394017,no,0,no,no,no
14214,COc1ccccc1Oc1ccc(Nc2ncnc3[nH]ccc23)cc1,0,"Non-corrosive, Non-irritant, Sensitizer",1,carcinogen,1,0.251586169,0.496555269,0.129439905,0.269230455,0.89256227,0.016375283,2.099016725,no,0,no,no,no
14240,Cc1ccc(Oc2ccc(Nc3ncnc4[nH]ccc34)cc2)cc1,0,"Non-corrosive, Non-irritant, Sensitizer",1,carcinogen,1,0.160531834,0.264084011,0.105523631,0.004262212,0.918560028,0.026770983,2.063444505,no,0,no,no,no
14342,COc1cccc(Oc2ccc(Nc3ncnc4[nH]ccc34)cc2)c1,0,"Non-corrosive, Non-irritant, Non-sensitizer",0,non-carcinogen,0,0.08230529,0.537602007,0.121154755,0.060414739,0.906790674,0.002002427,2.122055602,no,0,yes,no,no
14361,Cc1cccc(Oc2ccc(Nc3ncnc4[nH]ccc34)cc2)c1,0,"Non-corrosive, Non-irritant, Sensitizer",1,non-carcinogen,0,0.166733935,0.264084011,0.132068783,0.999416173,0.918560028,0.014564644,2.120551114,no,0,no,no,no
14402,Clc1ccc(Oc2ccc(Nc3ncnc4[nH]ccc34)cc2)cc1Cl,0,"Non-corrosive, Non-irritant, Sensitizer",1,non-carcinogen,0,0.255352855,0.439901203,0.133607104,0.069526643,0.950439453,0.015274507,2.198449129,no,0,no,no,no
14476,Nc1ccc(Oc2ccc(Nc3ncnc4[nH]ccc34)cc2)cc1,0,"Non-corrosive, Non-irritant, Sensitizer",1,carcinogen,1,0.174311623,0.2778548,0.133974954,0.981929779,0.904771805,0.004557435,2.168605068,no,0,no,no,no
14512,Nc1nc(Nc2ccc(Oc3ccc(C(F)(F)F)cc3)cc2)c2cc[nH]c2n1,0,"Non-corrosive, Non-irritant, Non-sensitizer",0,carcinogen,1,0.374166161,0.193672389,0.071792193,0.99890095,0.722871959,0.069500215,2.346586968,no,0,no,no,no
14532,Clc1ccc(Oc2ccc(Nc3ncnc4[nH]ccc34)cc2)cc1,0,"Non-corrosive, Non-irritant, Sensitizer",1,non-carcinogen,0,0.16644302,0.306127399,0.167626292,0.976587653,0.948088288,0.007665765,2.077202901,no,0,no,no,no
14561,Nc1nc(Nc2ccc(Oc3cccc(C(F)(F)F)c3)cc2)c2cc[nH]c2n1,0,"Non-corrosive, Non-irritant, Non-sensitizer",0,non-carcinogen,0,0.302160442,0.193672389,0.069023892,0.999813259,0.722871959,0.025576137,2.385903122,no,0,yes,no,no
14657,Nc1nc(Nc2ccc(Oc3cccc(Cl)c3)cc2)c2cc[nH]c2n1,0,"Non-corrosive, Non-irritant, Non-sensitizer",0,non-carcinogen,0,0.39400813,0.255335331,0.067413688,0.999959648,0.654580832,0.032085676,2.263882638,no,0,yes,no,no
14661,Fc1ccc(Oc2ccc(Nc3ncnc4[nH]ccc34)cc2)cc1,0,"Non-corrosive, Non-irritant, Sensitizer",1,non-carcinogen,0,0.297818601,0.301866859,0.118756197,0.997680366,0.96266073,0.013967165,2.082238221,no,0,no,no,no
14723,Nc1nc(Nc2ccc(Oc3ccc(Cl)cc3)cc2)c2cc[nH]c2n1,0,"Non-corrosive, Non-irritant, Sensitizer",1,non-carcinogen,0,0.279289842,0.255335331,0.089184448,0.999992549,0.654580832,0.030700283,2.201434587,no,0,no,no,no
14817,N#Cc1ccc(Oc2ccc(Nc3ncnc4[nH]ccc34)cc2)cc1,0,"Non-corrosive, Non-irritant, Non-sensitizer",0,non-carcinogen,0,0.161378145,0.228427842,0.078197055,0.001865804,0.831418037,0.015775653,2.219605498,no,0,yes,no,no
2858,Cc1ccc(C2=NOC(=O)/C2=C\C=C\c2ccccc2)cc1,1,"Non-corrosive, Non-irritant, Sensitizer",1,non-carcinogen,0,0.885731936,0.897285104,0.955263257,0.999954581,0.999950647,0.999126792,2.429729848,yes,1,no,no,no
10106,COCCNC(=O)c1cnn2c(C(F)(F)F)cc(-c3ccc4c(c3)OCO4)nc12,0,"Non-corrosive, Non-irritant, Non-sensitizer",0,carcinogen,1,0.278247386,0.12509267,0.02189758,0.000509232,0.064801052,0.013518807,2.525756854,no,0,no,no,no
1478,Cc1cc(C)cc(NC(=S)NC2CC3CCCC(C2)N3C2CC2)c1,1,"Non-corrosive, Non-irritant, Sensitizer",1,non-carcinogen,0,0.664113343,0.693188012,0.823643506,0.995504379,0.241282389,0.775752068,3.879954333,no,0,no,no,no
5329,CN1CCC(O)(C#Cc2cccc(-c3c[nH]c4cnc(N)nc34)c2)C1=O,1,"Non-corrosive, Non-irritant, Non-sensitizer",0,non-carcinogen,0,0.805752635,0.854110599,0.948409379,0.998652041,0.758942068,0.766166091,3.662211978,yes,1,yes,no,no
6684,CN1CCC(O)(C#Cc2ccc(F)c(-c3c[nH]c4cnc(N)nc34)c2)C1=O,1,"Non-corrosive, Non-irritant, Non-sensitizer",0,non-carcinogen,0,0.82604748,0.9112553,0.963003635,0.856188595,0.708908856,0.614111125,3.750997859,yes,1,yes,no,no
8,Cc1cc(C)n(-c2nc(Nc3ccccc3C(F)(F)F)nc(-n3nc(C)cc3C)n2)n1,1,"Non-corrosive, Non-irritant, Non-sensitizer",0,non-carcinogen,0,0.499861866,0.668940246,0.842009306,0.000833475,0.900649786,0.998628676,2.650400305,no,0,yes,no,no
11596,Cc1cc(C)n(-c2nc(Nc3ccccc3)nc(-n3nc(C)cc3C)n2)n1,0,"Non-corrosive, Non-irritant, Non-sensitizer",0,carcinogen,1,0.378903568,0.449286968,0.40084359,0.000245422,0.398626387,0.999963045,2.411510777,no,0,no,no,no
14782,Cc1ccc(NS(=O)(=O)c2cc(C(=O)Nc3ccccc3C(=O)O)ccc2Br)cc1,0,"Non-corrosive, Non-irritant, Non-sensitizer",0,non-carcinogen,0,0.527228236,0.40340817,0.138839975,0.999999344,0.90172559,0.256155014,1.971363745,no,0,yes,yes,no
5886,COc1ccc2c(c1)C(=O)c1ccc(Oc3ccc(F)cc3F)cc1CC2,1,"Non-corrosive, Non-irritant, Sensitizer",1,non-carcinogen,0,0.842820048,0.93004185,0.974922121,0.987059653,0.84643513,0.999701262,2.147746941,yes,1,no,no,no
6172,O=C1c2ccc(Oc3ccc(F)cc3F)cc2CCc2ccc(OC[C@@H](O)CO)cc21,1,"Non-corrosive, Non-irritant, Non-sensitizer",0,non-carcinogen,0,0.961372435,0.974162519,0.986573696,0.999998391,0.999837756,0.999991894,2.834989991,yes,1,yes,no,no
13619,Cc1ccc(Nc2cc(C)nn2-c2nc(C)cc(C)n2)cc1,0,"Non-corrosive, Non-irritant, Sensitizer",1,carcinogen,1,0.30670321,0.350179642,0.074494474,0.993826687,0.317672133,0.022732351,2.192308717,no,0,no,no,no
12745,O=C1NC(c2ccncc2)Nc2ccccc21,0,"Non-corrosive, Non-irritant, Sensitizer",1,non-carcinogen,0,0.431432962,0.319710284,0.081485897,0.008018021,0.13827683,0.079174645,2.697972114,no,0,no,no,no
5949,O=C1c2ccc(Oc3ccc(F)cc3F)cc2CCc2ccc(OCCN3CCOCC3)cc21,1,"Non-corrosive, Non-irritant, Non-sensitizer",0,non-carcinogen,0,0.8090415,0.737861931,0.968684256,0.00076825,0.871711254,0.990399718,2.427379694,no,0,yes,no,no
5449,N#CN1CC[C@H](OCc2ccc(-c3ccccc3)cc2)C1,1,"Non-corrosive, Non-irritant, Sensitizer",1,non-carcinogen,0,0.758218229,0.729234636,0.954286337,0.999994934,0.47713697,0.999982893,2.663367535,no,0,no,no,no
6275,N#CN1CC[C@@H](OCc2ccc(-c3ccccc3)cc2)C1,1,"Non-corrosive, Non-irritant, Non-sensitizer",0,non-carcinogen,0,0.758218229,0.729234636,0.954286337,0.999994934,0.47713697,0.999982893,2.663367535,no,0,yes,no,no
12773,Cc1ccc(S(=O)(=O)NC2=NCN(CCc3ccccc3)CN2)cc1,0,"Non-corrosive, Non-irritant, Non-sensitizer",0,non-carcinogen,0,0.209571645,0.049525328,0.065122612,0.342911333,0.036049642,0.000551224,2.340976236,no,0,yes,no,no
13009,Cn1c(=O)c2c(nc(CN3CCN(C(=O)c4ccco4)CC3)n2CCc2ccccc2)n(C)c1=O,0,"Non-corrosive, Non-irritant, Non-sensitizer",0,non-carcinogen,0,0.024832057,0.042591691,0.020003613,8.61E-08,0.075336367,0.035375088,2.483894063,no,0,yes,no,no
7725,C=CCc1ccc(O)c(-c2cc(CC=C)ccc2O[C@]2(C)CCC[C@]3(C)CC[C@@H](C(C)(C)O)C[C@H]32)c1,1,"Non-corrosive, Non-irritant, Non-sensitizer",0,non-carcinogen,0,0.987146497,0.996432304,0.986374855,0.999999702,1,0.999999881,4.401898962,yes,1,yes,no,no
12957,OC(CN1CCOCC1)Cn1c(-c2cccc(Cl)c2)nc2ccccc21,0,"Non-corrosive, Non-irritant, Sensitizer",1,non-carcinogen,0,0.282265693,0.11719691,0.047469277,0.006027052,0.024111923,0.02222136,2.614668998,no,0,no,no,no
2695,O=[N+]([O-])c1cc(S(=O)(=O)NCCN2CCOCC2)ccc1Sc1nnnn1-c1ccccc1,1,"Non-corrosive, Non-irritant, Non-sensitizer",0,non-carcinogen,0,0.905581892,0.769132435,0.972667694,0.505794346,0.060539152,0.997230709,2.534858697,no,0,yes,no,no
15693,Clc1ccc(Cn2c(-c3cccnc3Cl)nc3ccccc32)cc1,0,"Non-corrosive, Non-irritant, Sensitizer",1,non-carcinogen,0,0.438485861,0.671284258,0.113431044,0.999938488,0.840912759,0.136001796,2.001611705,no,0,no,no,no
2315,NC(=O)c1sc2nc3c(c(-c4ccccc4)c2c1N)CCC3,1,"Non-corrosive, Non-irritant, Non-sensitizer",0,non-carcinogen,0,0.85266912,0.844947815,0.983112156,0.999998271,0.947888732,0.977823138,2.342204676,yes,1,yes,no,no
8109,CC(C)[C@@H]1C2=C(O[C@H]1O)C(C)(C)C(=O)C(C)(C)C2=O,1,"Non-corrosive, Non-irritant, Sensitizer",1,carcinogen,1,0.914531291,0.975041866,0.989355206,0.999658048,0.999982178,0.99998486,4.224141835,yes,1,no,no,no
1512,Fc1ccc(CNc2nc(-c3ccccc3)nc3ccccc23)cc1,1,"Non-corrosive, Non-irritant, Sensitizer",1,non-carcinogen,0,0.838474691,0.949560881,0.978578627,0.999999285,0.962824523,0.999641061,1.776839178,yes,1,no,yes,no
8951,CN(CC(=O)NCC1CCCO1)S(=O)(=O)c1cc(Cl)ccc1Cl,0,"Non-corrosive, Non-irritant, Non-sensitizer",0,non-carcinogen,0,0.227142781,0.220359251,0.066635914,0.000517085,0.120943524,0.893823385,2.643981305,no,0,yes,no,no
4619,O=C1Nc2cc(C(=O)N3CCC4(CC3)OCCO4)ccc2NC1CSCc1cccc(F)c1,1,"Non-corrosive, Non-irritant, Non-sensitizer",0,non-carcinogen,0,0.761405885,0.498217285,0.975056589,0.988446176,0.179266691,0.998375535,3.736131803,no,0,yes,no,no
175,CCOC(=O)C1CCN(C(=O)c2ccc(Cl)c(Cl)c2)CC1,1,"Non-corrosive, Non-irritant, Sensitizer",1,non-carcinogen,0,0.601779938,0.284447104,0.760321796,0.001652419,0.368955106,0.307103306,1.811940172,no,0,no,yes,no
272,O=C(O)CCC(=O)Nc1ccc(C(=O)N2CCCCC2)cc1,1,"Non-corrosive, Non-irritant, Sensitizer",1,non-carcinogen,0,0.435657322,0.107442848,0.546314776,0.158232212,0.046962399,0.003614963,1.680907724,no,0,no,yes,no
2246,C=CCc1cc(C(=O)N2CCCCC2)ccc1O,1,"Non-corrosive, Non-irritant, Sensitizer",1,non-carcinogen,0,0.595697284,0.560323715,0.749567986,0.476052076,0.136307105,0.069813147,2.016667915,no,0,no,no,no
8839,COC(=O)C1CCN(C(=O)c2cc(OC)c(OC)c(OC)c2)CC1,0,"Non-corrosive, Non-irritant, Sensitizer",1,non-carcinogen,0,0.246370181,0.172535136,0.109072655,0.644770145,0.410834372,0.044267178,1.941548888,no,0,no,yes,no
10083,CCCOC1CCCN(C(=O)c2cc(Cl)c(Cl)cc2C(=O)O)C1,0,"Non-corrosive, Non-irritant, Sensitizer",1,non-carcinogen,0,0.346493334,0.286162853,0.098471098,0.979204059,0.178669557,0.07418444,2.691860426,no,0,no,no,no
5006,CSc1nc(/C=C/c2ccccc2)nn1C(=O)N(C)C,1,"Non-corrosive, Non-irritant, Sensitizer",1,carcinogen,1,0.946600318,0.968315125,0.906114399,0.999989629,0.999841332,0.021839719,2.694507554,no,0,no,no,no
15863,O=S(=O)(NCc1ccc(Cl)cc1)c1cnc[nH]1,0,"Non-corrosive, Non-irritant, Sensitizer",1,non-carcinogen,0,0.532692611,0.201440468,0.109911613,0.468101084,0.098771863,0.003404136,2.150117543,no,0,no,no,no
2625,CCc1nc(Cl)c(C#N)c2c1CSC(C)(C)C2,1,"Non-corrosive, Non-irritant, Sensitizer",1,non-carcinogen,0,0.580671787,0.867018878,0.927831292,0.001826352,0.999773443,0.999235392,3.235769257,no,0,no,no,no
11946,COc1ccc(Cl)cc1NC(=O)C1CCCN(c2cc(C)nc3ncnn23)C1,0,"Non-corrosive, Non-irritant, Sensitizer",1,non-carcinogen,0,0.103432745,0.208217755,0.03210013,5.34E-05,0.090177126,0.009979249,2.862517154,no,0,no,no,no
5574,CCCCC#Cc1ccc(NC2CCOCC2)c(C(N)=O)c1,1,"Non-corrosive, Non-irritant, Non-sensitizer",0,non-carcinogen,0,0.626747429,0.857102334,0.818151236,0.597970545,0.691936016,0.181278914,2.499125555,no,0,yes,no,no
158,O=C(O)Cn1cc(C(=O)C2CC2)c2ccccc21,1,"Non-corrosive, Non-irritant, Non-sensitizer",0,non-carcinogen,0,0.305987209,0.554996371,0.757830262,0.008104329,0.353705645,0.196263179,2.043205888,no,0,yes,no,no
12124,COCCCNC(=O)Cn1cc(C(=O)C2CC2)c2ccccc21,0,"Non-corrosive, Non-irritant, Sensitizer",1,non-carcinogen,0,0.181947932,0.209432334,0.33891052,0.000137725,0.995652795,0.319441915,2.122457643,no,0,no,no,no
11136,CC1(C)CC(=O)CC(=Nc2ccc(C(=O)O)cc2)C1,0,"Non-corrosive, Non-irritant, Sensitizer",1,non-carcinogen,0,0.502389669,0.134811655,0.178026289,0.948174238,0.340370208,0.999362946,2.589418174,no,0,no,no,no
12500,O=C(O)CCCC(=O)Nc1ccc(N2CCCC2)cc1,0,"Non-corrosive, Non-irritant, Sensitizer",1,non-carcinogen,0,0.144934729,0.061264724,0.05972584,3.74E-05,0.007761917,9.27E-05,1.692010532,no,0,no,yes,no
12985,Cc1ccc(OCC(=O)Nc2ccc3c(c2)nc(CCN2CCOCC2)n3C)cc1,0,"Non-corrosive, Non-irritant, Non-sensitizer",0,non-carcinogen,0,0.077804327,0.066950567,0.022371303,9.07E-06,0.065716572,0.016342351,2.178739285,no,0,yes,no,no
13143,Cn1c(CCN2CCOCC2)nc2cc(NC(=O)COc3ccccc3)ccc21,0,"Non-corrosive, Non-irritant, Sensitizer",1,non-carcinogen,0,0.086861648,0.06232981,0.013280354,2.32E-06,0.060277976,0.011255035,2.137579673,no,0,no,no,no
13196,COc1ccc(OCC(=O)Nc2ccc3c(c2)nc(CCN2CCOCC2)n3C)cc1,0,"Non-corrosive, Non-irritant, Non-sensitizer",0,non-carcinogen,0,0.101743072,0.070936568,0.011663956,6.33E-06,0.043306895,0.008499609,2.189509857,no,0,yes,no,no
469,O=C(COc1ccc2c(c1)OCO2)Nc1nccs1,1,"Non-corrosive, Non-irritant, Sensitizer",1,carcinogen,1,0.255782723,0.392941296,0.76490736,6.78E-06,0.052950617,0.038801525,2.055325042,no,0,no,no,no
11970,Cc1ccc(-c2noc(C3CCN(S(C)(=O)=O)CC3)n2)o1,0,"Non-corrosive, Non-irritant, Sensitizer",1,non-carcinogen,0,0.121761538,0.066092506,0.015678117,1.29E-05,0.019197179,0.027001427,2.474927845,no,0,no,no,no
3408,COc1cc2c(cc1OC)C(c1cc(Br)ccc1F)N(C(=O)CCl)CC2,1,"Non-corrosive, Non-irritant, Non-sensitizer",0,non-carcinogen,0,0.819319129,0.813319325,0.898843884,0.996401608,0.771760285,0.781087518,2.811728714,yes,1,yes,no,no
899,COc1ccc(CCNC(=O)CSc2nc(-c3ccco3)cc(C(F)(F)F)n2)cc1OC,1,"Non-corrosive, Non-irritant, Non-sensitizer",0,carcinogen,1,0.427579105,0.405141145,0.6705423,5.88E-06,0.00245437,0.004522759,2.451101742,no,0,no,no,no
8835,O=C(CCC1CCCC1)N1CCN(C(=O)c2cccnc2)CC1,0,"Non-corrosive, Non-irritant, Sensitizer",1,non-carcinogen,0,0.087873153,0.184824377,0.058642797,0.008572135,0.38722536,0.113514394,1.998478005,no,0,no,yes,no
2484,CCn1c(O)c(C=Nc2ccc(N3CCOCC3)cc2)c(=O)n(CC)c1=S,1,"Non-corrosive, Non-irritant, Non-sensitizer",0,non-carcinogen,0,0.867829919,0.680659235,0.964106083,0.055960108,0.975088775,0.997758389,2.829181427,no,0,yes,no,no
13617,Cc1cccc(N2CCN(C(=O)n3ccnc3)CC2)c1C,0,"Non-corrosive, Non-irritant, Sensitizer",1,non-carcinogen,0,0.241451293,0.301262558,0.124487042,0.999948621,0.207101867,0.042140316,2.257968236,no,0,no,no,no
15718,Cc1ccc(N(C)C(=O)N2CCN(S(=O)(=O)c3ccc(C)c(C)c3)CC2)cc1,0,"Non-corrosive, Non-irritant, Non-sensitizer",0,non-carcinogen,0,0.203415662,0.229102641,0.110327505,5.40E-05,0.69107765,0.000144051,2.134165187,no,0,yes,no,no
9992,CCOC(=O)CSc1nnc(-c2ccccc2NC(=O)c2ccccc2)o1,0,"Non-corrosive, Non-irritant, Sensitizer",1,carcinogen,1,0.099972174,0.133324921,0.075730085,1.62E-06,0.02460416,0.644289494,2.032596968,no,0,no,no,no
4140,N#C/C(=C/c1ccc(-c2cc(C(=O)O)cc(C(=O)O)c2)o1)c1nc2ccccc2s1,1,"Non-corrosive, Non-irritant, Non-sensitizer",0,non-carcinogen,0,0.939409852,0.928955853,0.977733672,0.99999994,0.970214665,0.999574602,2.584889236,yes,1,yes,no,no
15402,COc1ccccc1OCCCc1c(C)n[nH]c1C,0,"Non-corrosive, Non-irritant, Non-sensitizer",0,carcinogen,1,0.265865594,0.191744909,0.089525469,0.851214767,0.057594042,0.000374083,2.002228431,no,0,no,no,no
12667,COc1cccc(-n2nnnc2SCC(=O)Nc2cccc(C)n2)c1,0,"Non-corrosive, Non-irritant, Sensitizer",1,carcinogen,1,0.09802001,0.118404359,0.027576944,1.55E-06,0.061045934,0.005421565,2.163016621,no,0,no,no,no
665,N#Cc1cccc(-c2ccc3c(c2)[C@@H]2[C@@H](CCN2C(=O)CN2CCOCC2)[C@@H](CO)N3)c1,1,"Non-corrosive, Non-irritant, Non-sensitizer",0,non-carcinogen,0,0.812576413,0.551497936,0.947586417,7.19E-06,0.114798643,0.757754207,3.631542078,no,0,yes,no,no
12285,O=C(CN1C(=O)CSC1=O)Nc1ccc(N2CCOCC2)cc1,0,"Non-corrosive, Non-irritant, Sensitizer",1,non-carcinogen,0,0.087002501,0.141747773,0.018875467,5.82E-06,0.037607159,0.00054951,2.156227186,no,0,no,no,no
7811,CC1=C([C@@H](C)[C@@H](C)OC=O)C(=O)C2=C(C1=O)[C@H]1O[C@@H](C)[C@H](C)c3c(C)c(O)cc(c31)O2,1,"Non-corrosive, Non-irritant, Non-sensitizer",0,non-carcinogen,0,0.832069695,0.963444471,0.95553726,0.999999881,0.99983263,0.9976933,5.059160022,yes,1,yes,no,no
9389,O=C(NCc1cccs1)C1CCCN(S(=O)(=O)c2ccc3c(c2)OCO3)C1,0,"Non-corrosive, Non-irritant, Sensitizer",1,non-carcinogen,0,0.095684238,0.188098669,0.037316248,0.000262065,0.342131615,0.00277753,2.68699708,no,0,no,no,no
10688,Cc1cccc(C(=O)NC2CC3CCCC(C2)N3C(=O)NC2CCCCC2)c1,0,"Non-corrosive, Non-irritant, Non-sensitizer",0,non-carcinogen,0,0.159191594,0.05551305,0.049181126,0.105822332,0.144981071,0.001201452,3.674666404,no,0,yes,no,no
11691,Cc1ccc(C(=O)NC2CC3CCCC(C2)N3C(=O)NC2CCCCC2)cc1,0,"Non-corrosive, Non-irritant, Sensitizer",1,non-carcinogen,0,0.117074199,0.05551305,0.032919019,2.42E-05,0.144981071,0.002115534,3.630813412,no,0,no,no,no
12680,CCN(C(=O)c1ccc(C(C)(C)C)cc1)c1nnc(Cn2nnc3ccccc32)s1,0,"Non-corrosive, Non-irritant, Non-sensitizer",0,carcinogen,1,0.142534792,0.107953459,0.065083213,0.075130083,0.017400391,0.008112855,2.544491046,no,0,no,no,no
9712,Cn1c(SCC(=O)NC2CCCC2)nc2cccnc21,0,"Non-corrosive, Non-irritant, Sensitizer",1,non-carcinogen,0,0.115255818,0.076343104,0.009184885,3.30E-07,0.017077928,0.005795046,2.178663806,no,0,no,no,no
4813,COc1ccc(-n2c(Cc3cc(=O)[nH]c(=O)[nH]3)nnc2SCc2ccccc2)cc1,1,"Non-corrosive, Non-irritant, Non-sensitizer",0,non-carcinogen,0,0.389317185,0.682397366,0.946940541,0.984591544,0.24135682,0.999167979,2.381637958,no,0,yes,no,no
13597,c1cc(C2OCCN2CC2COC3(CCCC3)O2)ccn1,0,"Non-corrosive, Non-irritant, Sensitizer",1,non-carcinogen,0,0.288885832,0.297368497,0.054438271,8.83E-05,0.326188922,0.89745605,4.127562934,no,0,no,no,no
14006,Cc1ccccc1CNC(=O)CCCC(=O)n1nc(C)c2ccccc21,0,"Non-corrosive, Non-irritant, Non-sensitizer",0,non-carcinogen,0,0.202173635,0.404600561,0.089386307,0.999925613,0.639298439,0.01553528,2.174143003,no,0,yes,no,no
11972,CCn1nnc(-c2ccccc2NS(=O)(=O)c2ccc(S(=O)(=O)N3CCCCCC3)cc2)n1,0,"Non-corrosive, Non-irritant, Non-sensitizer",0,non-carcinogen,0,0.069956049,0.078268684,0.007819824,1.99E-05,0.044707939,0.001059749,2.390665595,no,0,yes,no,no
3958,COc1ccc(-c2cc(C(F)(F)F)c3c(n2)sc2c(O)cc(=O)[nH]c23)c(OC)c1,1,"Non-corrosive, Non-irritant, Non-sensitizer",0,non-carcinogen,0,0.904197156,0.893944621,0.93453902,0.887716532,0.842853785,0.992870033,2.705162229,yes,1,yes,no,no
10951,c1cnc(NCCNc2ncccn2)nc1,0,"Non-corrosive, Non-irritant, Non-sensitizer",0,carcinogen,1,0.373479038,0.335174769,0.211311623,0.636874139,0.520770669,0.002167254,2.216481168,no,0,no,no,no
13052,CC(C)Cc1nc2oc3c(NCc4cccnc4)ncnc3c2c2c1CCC2,0,"Non-corrosive, Non-irritant, Sensitizer",1,carcinogen,1,0.210739896,0.153640151,0.035511222,0.99919343,0.108822256,0.013324264,2.84073944,no,0,no,no,no
976,Cc1cc(=O)oc2cc(OCC(=O)OCC(=O)NCc3ccc4c(c3)OCO4)ccc12,1,"Non-corrosive, Non-irritant, Non-sensitizer",0,non-carcinogen,0,0.527011335,0.202394143,0.723567605,3.73E-07,0.056079142,0.014594328,2.304168526,no,0,yes,no,no
4231,Cc1cc(N2CCOCC2)nc(N)n1,1,"Non-corrosive, Non-irritant, Sensitizer",1,carcinogen,1,0.25797984,0.469559222,0.899006963,0.998790145,0.400639355,0.971515179,2.166469816,no,0,no,no,no
6867,Cc1cnc(Nc2ccc(N3CCN(C)CC3)cc2)nc1-c1cc2c(o1)CCN(C(=O)CC#N)C2,1,"Non-corrosive, Non-irritant, Sensitizer",1,non-carcinogen,0,0.930525899,0.816396892,0.991875768,0.999998271,0.9265154,0.997561097,2.921052372,yes,1,no,no,no
12279,COc1ccc(-c2nc(NC(=O)c3cc(C(C)(C)C)nn3C)sc2C)cc1,0,"Non-corrosive, Non-irritant, Non-sensitizer",0,non-carcinogen,0,0.652648687,0.190130427,0.081826866,0.999914765,0.062168147,0.133753315,2.32125881,no,0,yes,no,no
8796,O=C(Nc1nccs1)c1cc2sccc2n1Cc1ccc(F)cc1,0,"Non-corrosive, Non-irritant, Sensitizer",1,non-carcinogen,0,0.354314476,0.29867965,0.07765612,0.995414019,0.181272268,0.117934495,2.288500057,no,0,no,no,no
13654,O=C(OCC(=O)N1CCN(C(=O)COC(=O)c2ccncc2)CC1)c1ccncc1,0,"Non-corrosive, Non-irritant, Non-sensitizer",0,non-carcinogen,0,0.240694344,0.184199691,0.131496996,0.043527864,0.315518856,0.223735183,2.19644863,no,0,yes,no,no
2079,N#Cc1nccnc1S(=O)(=O)c1cccs1,1,"Non-corrosive, Non-irritant, Non-sensitizer",0,non-carcinogen,0,0.425334245,0.691918612,0.913640022,0.996992469,0.204018965,0.12453793,2.847893091,no,0,yes,no,no
13346,Cc1nnc(SCCCn2c(N3CCCCC3)nc3c2c(=O)[nH]c(=O)n3C)s1,0,"Non-corrosive, Non-irritant, Non-sensitizer",0,carcinogen,1,0.040011499,0.106384151,0.025922699,0.035244435,0.141603142,0.079005338,2.729666775,no,0,no,no,no
8273,CC(C)=CCc1c2c(c(O)c3c(=O)c(-c4ccc(O)cc4)coc13)C=CC(C)(C)O2,1,"Non-corrosive, Non-irritant, Sensitizer",1,non-carcinogen,0,0.994309902,0.998278856,0.991548717,1,1,0.999686241,3.140806563,yes,1,no,no,no
13656,COc1cccc(C(=O)NCC(=O)N2CCC(C)CC2)c1,0,"Non-corrosive, Non-irritant, Non-sensitizer",0,non-carcinogen,0,0.264181525,0.171818659,0.075235352,0.008239782,0.40574798,0.041363735,1.790716632,no,0,yes,yes,no
15864,O=C(NCC(=O)N1CCCCC1)c1ccc(Cl)cc1Cl,0,"Non-corrosive, Non-irritant, Sensitizer",1,non-carcinogen,0,0.281057209,0.382278502,0.199876234,0.797398388,0.456180423,0.25160563,1.796918268,no,0,no,yes,no
8888,O=C(COC(=O)c1ccccn1)Nc1cccc(Cl)c1Cl,0,"Non-corrosive, Non-irritant, Sensitizer",1,non-carcinogen,0,0.340638876,0.498954803,0.162490502,0.517303526,0.456115127,0.829001904,1.878339318,no,0,no,yes,no
1884,CN1CCN(NS(=O)(=O)c2cccs2)CC1,1,"Non-corrosive, Non-irritant, Non-sensitizer",0,non-carcinogen,0,0.283720821,0.450882912,0.800521433,7.50E-07,0.00410422,0.005999343,2.570317706,no,0,yes,no,no
11411,O=C(c1cc2ccccc2oc1=O)N(Cc1ccco1)CC1CCCO1,0,"Non-corrosive, Non-irritant, Non-sensitizer",0,non-carcinogen,0,0.08241275,0.125930548,0.02185115,5.13E-06,0.161298484,0.003923081,2.762314544,no,0,yes,no,no
13126,N=c1c2c(-c3ccccc3)c(-c3ccccc3)n(Cc3ccco3)c2ncn1CCN1CCOCC1,0,"Non-corrosive, Non-irritant, Non-sensitizer",0,non-carcinogen,0,0.193467185,0.277343661,0.089435004,2.58E-06,0.10949491,0.079727829,2.694005564,no,0,yes,no,no
5661,NS(=O)(=O)c1cc(NC(=O)Cc2ccccc2Cl)ccc1Oc1cccnc1,1,"Non-corrosive, Non-irritant, Non-sensitizer",0,non-carcinogen,0,0.815538347,0.905362606,0.931881785,0.999928415,0.978829086,0.978788853,2.135441819,yes,1,yes,no,no
6271,NS(=O)(=O)c1cc(NC(=O)Cc2ccccc2Cl)ccc1Oc1cncc(Cl)c1,1,"Non-corrosive, Non-irritant, Non-sensitizer",0,non-carcinogen,0,0.856237471,0.905362606,0.931988418,0.999999225,0.978829086,0.953253388,2.284420477,yes,1,yes,no,no
13604,O=C(c1ccc(-n2cnnn2)cc1)N1CCN(C(c2ccccc2)c2ccccc2)CC1,0,"Non-corrosive, Non-irritant, Non-sensitizer",0,non-carcinogen,0,0.238766029,0.043329731,0.042731334,0.000453595,0.028484816,0.075965568,2.161240123,no,0,yes,no,no
3343,CC(=O)O[C@]1(C(C)=O)CCC2C3C=C(C)C4=CC(=O)CC[C@]4(C)C3CC[C@@]21C,1,"Non-corrosive, Non-irritant, Non-sensitizer",0,carcinogen,1,0.888723433,0.978381395,0.998548329,0.999990582,0.999970317,0.999999881,4.461614952,yes,1,no,no,no
1970,Cc1cccc(NC(=S)NCc2ccco2)n1,1,"Non-corrosive, Non-irritant, Non-sensitizer",0,carcinogen,1,0.548307776,0.851039767,0.942845762,0.0030092,0.065760456,0.999910951,2.151177728,no,0,no,no,no
9864,Cc1cnn(C2CCN(C)CC2)c1N,0,"Non-corrosive, Irritant, Sensitizer",1,carcinogen,1,0.173647851,0.110273264,0.044636741,2.19E-05,0.171824932,0.000317871,2.514887686,no,0,no,no,no
10537,Cc1cc(N)n(C2CCN(C)CC2)n1,0,"Non-corrosive, Irritant, Sensitizer",1,non-carcinogen,0,0.15122506,0.110273264,0.025552062,0.000171714,0.171824932,4.73E-05,2.475731473,no,0,no,no,no
10193,FC(F)(F)c1ccc(N2CCN(c3cc(-c4ccccc4)nc4ncnn34)CC2)nc1,0,"Non-corrosive, Non-irritant, Non-sensitizer",0,non-carcinogen,0,0.161338478,0.178959146,0.034771319,8.23E-06,0.215809748,0.095518649,2.506103704,no,0,yes,no,no
13666,Nn1c(SCC(=O)NC(=O)NCc2ccccc2)nnc1C1CC1,0,"Non-corrosive, Non-irritant, Sensitizer",1,carcinogen,1,0.102517799,0.115904786,0.054960616,2.56E-05,0.020993883,0.057809651,2.202352487,no,0,no,no,no
11194,N#CCSc1nnc(C2CCCCC2)n1-c1ccccc1,0,"Non-corrosive, Non-irritant, Sensitizer",1,non-carcinogen,0,0.097630657,0.153324947,0.025506396,2.30E-05,0.06868618,0.010167301,2.269005407,no,0,no,no,no
6327,COc1ccc(C(C)Cn2cc[nH]c2=O)cc1OC1CC2CCC1C2,1,"Non-corrosive, Non-irritant, Non-sensitizer",0,non-carcinogen,0,0.880251169,0.91243124,0.990476131,0.999993682,0.983747482,0.999963999,4.546485287,yes,1,yes,no,no
498,Cc1ccc(NC(=O)c2ccc3c(c2)OCCO3)nc1,1,"Non-corrosive, Non-irritant, Sensitizer",1,carcinogen,1,0.369765729,0.26435563,0.645890355,1.20E-05,0.042349178,0.101419583,1.933620305,no,0,no,yes,no
8119,CCOC(=O)[C@H]1C(C(=O)O)=Cc2cc(O)c(O)cc2[C@@H]1c1ccc(O)c(O)c1,1,"Non-corrosive, Non-irritant, Non-sensitizer",0,non-carcinogen,0,0.698866844,0.970491469,0.971652567,0.999020159,0.999914229,0.999385059,3.560222399,yes,1,yes,no,no
15262,Cn1c2ccccc2c2c(C(=O)N3CCN(c4ccccc4)CC3)cn(C3CCCC3)c(=O)c21,0,"Non-corrosive, Non-irritant, Non-sensitizer",0,non-carcinogen,0,0.210713729,0.480235636,0.100609474,2.71E-05,0.502387166,0.581510186,2.428385288,no,0,yes,no,no
475,Cc1nc(-c2ccc(F)cc2)c(CC(=O)N(C)CC(=O)Nc2ccccc2Cl)s1,1,"Non-corrosive, Non-irritant, Non-sensitizer",0,non-carcinogen,0,0.703636825,0.893134177,0.970297158,0.000912493,0.720725656,0.073763363,2.253825605,no,0,yes,no,no
487,Cc1nc(-c2ccc(F)cc2)c(CC(=O)N(C)CC(=O)Nc2ccc(Br)cc2C)s1,1,"Non-corrosive, Non-irritant, Non-sensitizer",0,non-carcinogen,0,0.654842198,0.791682661,0.969272792,0.193355143,0.037554789,0.944615185,2.35531926,no,0,yes,no,no
605,Cc1nc(-c2ccc(F)cc2)c(CC(=O)N(C)CC(=O)Nc2cccc(F)c2)s1,1,"Non-corrosive, Non-irritant, Non-sensitizer",0,non-carcinogen,0,0.627899587,0.718016982,0.965084612,0.872371674,0.05720751,0.121795878,2.274671759,no,0,yes,no,no
1245,CCOC(=O)c1cc(-c2ccccc2)sc1NC(=S)Nc1cccc(C)n1,1,"Non-corrosive, Non-irritant, Sensitizer",1,carcinogen,1,0.721812367,0.886070848,0.96369648,0.999867797,0.937777162,0.936140537,2.260145342,yes,1,no,no,no
11600,COc1ccc(CC(=O)NC2CCN(CC(=O)Nc3ccc4c(c3)OCCO4)CC2)cc1OC,0,"Non-corrosive, Non-irritant, Non-sensitizer",0,non-carcinogen,0,0.089109868,0.125326246,0.04620057,2.38E-06,0.075987898,0.003765052,2.218025362,no,0,yes,no,no
11868,CCCn1c(SCC(=O)N2CCc3ccccc3C2)nc2c1c(=O)n(C)c(=O)n2C,0,"Non-corrosive, Non-irritant, Sensitizer",1,non-carcinogen,0,0.080209471,0.042920455,0.024265077,1.71E-05,0.048605509,0.015771536,2.47628722,no,0,no,no,no
10221,CCOC(=O)c1cc2sc(C)cc2n1CC(=O)N1CCN(C(=O)c2ccco2)CC1,0,"Non-corrosive, Non-irritant, Non-sensitizer",0,non-carcinogen,0,0.124719582,0.147327721,0.014544598,3.12E-07,0.172598332,0.008300864,2.532283625,no,0,yes,no,no
10959,Cn1c(SCC(=O)Nc2nc3c(s2)CCCC3)nnc1-c1ccccc1,0,"Non-corrosive, Non-irritant, Sensitizer",1,carcinogen,1,0.096655883,0.081663489,0.010131009,8.71E-06,0.041182,0.01550559,2.254363295,no,0,no,no,no
12307,Cc1ccc(-c2nnc(SCC(=O)Nc3nc4c(s3)CCCC4)n2C)cc1,0,"Non-corrosive, Non-irritant, Sensitizer",1,carcinogen,1,0.094213396,0.101265572,0.017174874,0.000128676,0.060194582,0.024430983,2.302137204,no,0,no,no,no
118,COc1cccc(NS(=O)(=O)c2ccc3[nH]cc(C(=O)NCCC(C)C)c(=O)c3c2)c1,1,"Non-corrosive, Non-irritant, Non-sensitizer",0,non-carcinogen,0,0.612460971,0.740589857,0.80204922,0.999999881,0.698460937,0.479477495,2.256852362,no,0,yes,no,no
4222,Cc1ccc(N/C(N)=N/c2nc(C)cc(N3CCCCC3)n2)c(C)c1,1,"Non-corrosive, Non-irritant, Sensitizer",1,non-carcinogen,0,0.462641627,0.833506525,0.919479251,0.999926746,0.998373389,0.999405801,2.429508658,no,0,no,no,no
15675,CCOc1ccc2nc(NCCNS(=O)(=O)c3ccccc3)c(C#N)cc2c1,0,"Non-corrosive, Non-irritant, Non-sensitizer",0,non-carcinogen,0,0.326348096,0.234496668,0.017328726,2.58E-06,0.197137386,0.008596235,2.264681775,no,0,yes,no,no
126,CN(CCC#N)C(=O)c1ccc(CNS(=O)(=O)c2ccc(F)cc2)cc1,1,"Non-corrosive, Non-irritant, Non-sensitizer",0,non-carcinogen,0,0.601235926,0.653973699,0.660008311,0.00037906,0.194945008,0.003908588,2.05837372,no,0,yes,no,no
996,COc1ccc(C(=O)NCCNC(C)=O)cc1S(=O)(=O)NCc1ccc(Cl)cc1,1,"Non-corrosive, Non-irritant, Non-sensitizer",0,non-carcinogen,0,0.656670392,0.832809627,0.783197761,1.24E-05,0.929546356,0.008753515,2.038120306,no,0,yes,no,no
1445,COCCCNC(=O)COc1ccc(S(=O)(=O)NCc2ccccc2)cc1Cl,1,"Non-corrosive, Non-irritant, Sensitizer",1,non-carcinogen,0,0.534337938,0.774298608,0.828432977,7.35E-06,0.672545016,0.049401205,1.987337048,no,0,no,yes,no
4829,COc1ccc(S(=O)(=O)NCc2ccccc2Cl)cc1OC,1,"Non-corrosive, Non-irritant, Non-sensitizer",0,non-carcinogen,0,0.607851684,0.74465245,0.739636838,0.003129174,0.781994581,0.009240623,1.756666358,no,0,yes,yes,no
15826,CCOc1cc(S(=O)(=O)NCc2ccccc2)ccc1F,0,"Non-corrosive, Non-irritant, Non-sensitizer",0,non-carcinogen,0,0.370221794,0.438295364,0.122586183,5.17E-05,0.64640075,0.00725529,1.750081691,no,0,yes,yes,no
1020,CCOC(=O)C1=C(c2ccccc2)N(C)C(=O)NC1c1ccc(O)c(OC)c1,1,"Non-corrosive, Non-irritant, Sensitizer",1,non-carcinogen,0,0.688687086,0.573514521,0.728031695,0.001302817,0.023603065,0.557446957,2.797581621,no,0,no,no,no
11084,CCOC(=O)C1=C(c2ccccc2)NC(=O)NC1c1ccc(OCC#N)c(OC)c1,0,"Non-corrosive, Non-irritant, Sensitizer",1,non-carcinogen,0,0.356556565,0.230216756,0.235910729,4.95E-06,0.017075341,0.998544455,2.857571312,no,0,no,no,no
987,Cc1cc(C(=O)CN2C(=O)NC(c3ccccc3)(c3ccccc3)C2=O)c(C)n1Cc1ccco1,1,"Non-corrosive, Non-irritant, Non-sensitizer",0,non-carcinogen,0,0.658875525,0.529263437,0.908322871,0.999994278,0.321731895,0.154115662,2.560839909,no,0,yes,no,no
10328,Cc1cc(C)c2[nH]c(=O)c(C(c3nnnn3CC3CCCO3)N3CCCC(C)C3)cc2c1,0,"Non-corrosive, Non-irritant, Non-sensitizer",0,carcinogen,1,0.034271039,0.017993767,0.005743511,8.87E-07,0.02079357,0.007177972,3.688420058,no,0,no,no,no
672,Cc1cccc(-c2ccc([C@@H]3[C@@H](CO)N4CCCCN(S(=O)(=O)c5ccccc5F)C[C@H]34)cc2)c1,1,"Non-corrosive, Non-irritant, Non-sensitizer",0,non-carcinogen,0,0.932021916,0.976777852,0.981099069,0.999999762,0.999947131,0.999991059,3.335619435,yes,1,yes,no,no
5098,O=C(CCc1ccc(OC2CCCCC2)cc1)N1CCCC1,1,"Non-corrosive, Non-irritant, Sensitizer",1,non-carcinogen,0,0.523422241,0.255462706,0.562251329,0.001856267,0.322798014,0.438285798,1.878147973,no,0,no,yes,no
9432,COc1cccc(N(C(=O)CNC(=O)c2ccco2)C(C(=O)NC2CCCC2)c2ccncc2)c1,0,"Non-corrosive, Non-irritant, Non-sensitizer",0,non-carcinogen,0,0.044809587,0.102911465,0.013278491,2.67E-07,0.01658011,0.023119738,2.933773417,no,0,yes,no,no
12039,N#Cc1cc2ccccc2nc1SCC(=O)Nc1ccccc1N1CCOCC1,0,"Non-corrosive, Non-irritant, Non-sensitizer",0,non-carcinogen,0,0.101358846,0.225061655,0.039318506,4.18E-06,0.111381717,0.00301222,2.236410261,no,0,yes,no,no
10693,COc1cc(-c2nnc(SCc3cccnc3)n2C)cc(OC)c1O,0,"Non-corrosive, Non-irritant, Sensitizer",1,non-carcinogen,0,0.103949457,0.135398567,0.031890117,0.000264209,0.03156969,0.021175381,2.278179947,no,0,no,no,no
4637,CCCCCn1c(=N)c(S(=O)(=O)c2ccc(Cl)cc2)cc2c(=O)n3cccc(C)c3nc21,1,"Non-corrosive, Non-irritant, Non-sensitizer",0,non-carcinogen,0,0.532066822,0.854445815,0.850594759,0.538697302,0.670752823,0.058899608,2.64444921,no,0,yes,no,no
13508,Cc1ccc2nc(CSc3nnc(-c4ccco4)n3-c3ccccc3)cc(=O)n2c1,0,"Non-corrosive, Non-irritant, Non-sensitizer",0,carcinogen,1,0.069915034,0.10812296,0.020893363,2.86E-06,0.149734437,0.003305618,2.456185571,no,0,no,no,no
4896,Cc1cnc(NC(=O)C2CCCC2)s1,1,"Non-corrosive, Non-irritant, Sensitizer",1,carcinogen,1,0.374946058,0.294466496,0.800562918,0.893032074,0.038872868,0.996516168,2.029853278,no,0,no,no,no
9379,Cc1[nH]nc2c1C(c1ccoc1)C(C#N)=C(N)O2,0,"Non-corrosive, Non-irritant, Sensitizer",1,non-carcinogen,0,0.257396191,0.271379918,0.040300719,0.000379831,0.958065987,0.034584917,3.460371891,no,0,no,no,no
12226,O=C(Cn1c(-c2ccccc2)noc1=O)Nc1ccc(S(=O)(=O)N2CCOCC2)cc1,0,"Non-corrosive, Non-irritant, Sensitizer",1,non-carcinogen,0,0.094910316,0.077906564,0.025685403,3.82E-07,0.19684352,0.02543406,2.248090048,no,0,no,no,no
14552,COC(=O)c1c(NCc2ccccc2)[nH]c2ccccc12,0,"Non-corrosive, Non-irritant, Non-sensitizer",0,carcinogen,1,0.238857299,0.16774711,0.039137319,4.08E-05,0.065737419,0.108935259,2.013427227,no,0,no,no,no
9672,O=C(CN(Cc1ccc(F)cc1)C(=O)Cn1nnc2ccccc21)NCC1CCCO1,0,"Non-corrosive, Non-irritant, Sensitizer",1,non-carcinogen,0,0.0332212,0.058061838,0.01168538,5.82E-07,0.050980508,0.004885183,2.771789851,no,0,no,no,no
10143,CC(C)C(=O)Nc1ccc(C(=O)N2CCN(C(=O)c3ccco3)CC2)cc1,0,"Non-corrosive, Non-irritant, Sensitizer",1,non-carcinogen,0,0.163341954,0.074828468,0.148963869,8.07E-07,0.047282681,0.463828146,1.962603492,no,0,no,yes,no
3610,Cc1c(Cl)cccc1NC(=O)CSc1nc2ncc(Cl)cc2[nH]1,1,"Non-corrosive, Non-irritant, Sensitizer",1,non-carcinogen,0,0.61076045,0.544689119,0.854023397,0.999985456,0.435549825,0.052677866,2.302342613,no,0,no,no,no
9508,O=C(CN(Cc1ccco1)C(=O)CNS(=O)(=O)c1ccc(Cl)cc1)NC1CCCCC1,0,"Non-corrosive, Non-irritant, Sensitizer",1,non-carcinogen,0,0.089877263,0.100522093,0.036556989,7.87E-05,0.151450291,0.024541562,2.351445487,no,0,no,no,no
10317,Cc1ccc(S(=O)(=O)NCC(=O)N(CC(=O)NC2CCCCC2)Cc2ccco2)cc1,0,"Non-corrosive, Non-irritant, Non-sensitizer",0,non-carcinogen,0,0.053805109,0.043833826,0.042846192,3.11E-07,0.119236946,0.042133398,2.340344962,no,0,yes,no,no
10396,CCCC(C(=O)NC1CCCCC1)N(Cc1ccco1)C(=O)CNS(=O)(=O)c1ccccc1,0,"Non-corrosive, Non-irritant, Non-sensitizer",0,non-carcinogen,0,0.042787906,0.074107662,0.021385822,7.49E-08,0.334563524,0.007214984,2.912782251,no,0,yes,no,no
221,COc1ccc(OC(=O)CCCN2C(=O)c3ccccc3C2=O)cc1,1,"Non-corrosive, Non-irritant, Non-sensitizer",0,non-carcinogen,0,0.320768148,0.374892294,0.73016876,1.33E-06,0.315282196,0.003598903,1.85954051,no,0,yes,yes,no
5552,Cc1ccc(S(=O)(=O)N2CCC(C(=O)Nc3ccc(N4CCOCC4)cc3)CC2)c(C)c1,1,"Non-corrosive, Non-irritant, Non-sensitizer",0,non-carcinogen,0,0.939812124,0.529133677,0.970472693,0.999991715,0.510394812,0.280928284,2.153501556,no,0,yes,no,no
13011,Cc1ccc(-c2nn(CC(=O)Nc3ccc4c(c3)nc3n4CCOC3)c(=O)c3ccccc23)cc1,0,"Non-corrosive, Non-irritant, Non-sensitizer",0,non-carcinogen,0,0.190262318,0.108429722,0.099284314,0.999972582,0.209702849,0.136853546,2.521720398,no,0,yes,no,no
10135,CC(c1ccccc1)C1C(C#N)=C(N)SC(N)=C1C#N,0,"Non-corrosive, Non-irritant, Non-sensitizer",0,non-carcinogen,0,0.575911164,0.107368127,0.067431606,0.993625998,0.057293031,0.103469886,3.434141664,no,0,yes,no,no
201,COc1ccc(OCC(=O)c2c(O)c3ccccc3oc2=O)cc1,1,"Non-corrosive, Non-irritant, Non-sensitizer",0,non-carcinogen,0,0.610602975,0.685732722,0.944492698,0.994316459,0.533125937,0.950526118,2.028913121,yes,1,yes,no,no
9458,COc1ccc2cc(CN(CCc3ccccc3)Cc3nnnn3Cc3ccco3)c(=O)[nH]c2c1,0,"Non-corrosive, Non-irritant, Non-sensitizer",0,carcinogen,1,0.040490743,0.031855538,0.011106013,4.63E-07,0.041093081,0.003574821,2.584050284,no,0,no,no,no
3675,O=C(c1ccc(NS(=O)(=O)/C=C/c2ccccc2)cc1)N1CCCCC1,1,"Non-corrosive, Non-irritant, Non-sensitizer",0,non-carcinogen,0,0.780296385,0.683392525,0.833456397,0.999947131,0.788507998,0.82783258,2.016654105,yes,1,yes,no,no
4555,CN(C)c1ccc(C(C[N+](=O)[O-])c2c(N)n(C)c(=O)n(C)c2=O)c(F)c1C#N,1,"Non-corrosive, Non-irritant, Non-sensitizer",0,non-carcinogen,0,0.82402122,0.858599126,0.935606956,0.999999642,0.722376823,0.66583389,3.672236011,yes,1,yes,no,no
9017,O=C(Nc1ncc(Cc2ccccc2)s1)c1cccs1,0,"Non-corrosive, Non-irritant, Sensitizer",1,carcinogen,1,0.484161526,0.268018156,0.108345158,0.993982732,0.168681607,0.414366156,1.982876682,no,0,no,yes,no
11111,CCn1c(SCC(=O)NCc2ccccc2)nc2ccccc2c1=O,0,"Non-corrosive, Non-irritant, Non-sensitizer",0,carcinogen,1,0.145307884,0.184050635,0.073770657,0.000707603,0.152836442,0.406551808,1.821510852,no,0,no,yes,no
1059,CCOC(=O)C1CCCN(c2ncnc3c2cnn3-c2ccc(Cl)cc2)C1,1,"Non-corrosive, Non-irritant, Sensitizer",1,non-carcinogen,0,0.533388317,0.328306973,0.968046844,0.000142046,0.171268851,0.50821799,2.72821069,no,0,no,no,no
1571,CC1CCCN(c2ncnc3c2cnn3-c2ccccc2)C1,1,"Non-corrosive, Non-irritant, Sensitizer",1,non-carcinogen,0,0.589997768,0.446864396,0.971613765,3.65E-05,0.279729098,0.901669323,2.584878026,no,0,no,no,no
1572,CC1CCCN(c2ncnc3c2cnn3-c2ccc(Cl)cc2)C1,1,"Non-corrosive, Non-irritant, Sensitizer",1,non-carcinogen,0,0.767428458,0.685041368,0.976043284,0.027387803,0.954684019,0.964284003,2.648356736,no,0,no,no,no
1090,CN1CCN(S(=O)(=O)c2ccc(NC(=O)c3ccc(F)cc3)cc2)CC1,1,"Non-corrosive, Non-irritant, Sensitizer",1,non-carcinogen,0,0.259403586,0.290755391,0.548151195,0.577228248,0.05739294,0.016582305,1.7769395,no,0,no,yes,no
13982,CN(C)c1ccc(/C=C/C(=O)C2CCc3ccccc3C2=O)c([N+](=O)[O-])c1,0,"Non-corrosive, Non-irritant, Non-sensitizer",0,non-carcinogen,0,0.666203558,0.507946193,0.167082399,0.999945164,0.31735754,0.514318824,3.071677033,no,0,yes,no,no
12294,Cc1ccc(Cl)cc1N1CCN(Cc2nnnn2C2CCCCC2)CC1,0,"Non-corrosive, Non-irritant, Sensitizer",1,non-carcinogen,0,0.073988266,0.046199899,0.009233592,4.48E-06,0.017950006,8.45E-05,2.299864307,no,0,no,no,no
8882,Cn1c(SCC(=O)Nc2cccc(O)c2)nnc1-c1ccc(S(=O)(=O)N2CCOCC2)cc1,0,"Non-corrosive, Non-irritant, Sensitizer",1,non-carcinogen,0,0.054794874,0.067109168,0.03401668,7.59E-07,0.103241406,0.004566201,2.309487363,no,0,no,no,no
12193,Cc1cccc(NC(=O)CSc2nnc(-c3ccc(S(=O)(=O)N4CCOCC4)cc3)n2C)c1,0,"Non-corrosive, Non-irritant, Non-sensitizer",0,non-carcinogen,0,0.047097538,0.033892263,0.016815579,1.10E-06,0.030121705,0.003772496,2.23937427,no,0,yes,no,no
2601,CCC(=NCCc1c(C)[nH]c2ccc(C)cc12)C1=C(O)CC(c2ccccc2)CC1=O,1,"Non-corrosive, Non-irritant, Non-sensitizer",0,non-carcinogen,0,0.772234976,0.832114577,0.954354167,0.999999285,0.760760605,0.999874353,3.268459572,yes,1,yes,no,no
478,Cc1ccnc(NC(=O)c2cc3ccccc3o2)c1,1,"Non-corrosive, Non-irritant, Sensitizer",1,non-carcinogen,0,0.322975218,0.230023116,0.688433766,8.37E-05,0.035670388,0.018092638,1.941569223,no,0,no,yes,no
12244,Cc1cc(C)n(CC(=O)N(C2CCCCC2)C2CCCCC2)n1,0,"Non-corrosive, Non-irritant, Non-sensitizer",0,non-carcinogen,0,0.146878257,0.244881392,0.046543542,1.33E-05,0.575135112,0.008528193,2.329455158,no,0,yes,no,no
10816,Nc1nc2sc3c(c2c(=O)s1)CCCC3,0,"Non-corrosive, Non-irritant, Sensitizer",1,non-carcinogen,0,0.445096076,0.547561288,0.066916518,0.924311578,0.616048455,0.066443875,2.825354943,no,0,no,no,no
9866,O=C(Nc1ccccc1N1CCCCC1)c1ncoc1-c1ccc(F)cc1,0,"Non-corrosive, Non-irritant, Sensitizer",1,non-carcinogen,0,0.335411221,0.271207899,0.106773317,0.999598861,0.426602781,0.902670383,2.164599574,no,0,no,no,no
956,COc1ccc(-n2c(COc3ccccc3)nnc2SCC(N)=O)cc1,1,"Non-corrosive, Non-irritant, Sensitizer",1,carcinogen,1,0.241892233,0.122498855,0.285298109,1.48E-06,0.066744961,0.001589568,1.995888566,no,0,no,yes,no
8764,COc1cccc(-n2c(COc3ccc(C)cc3)nnc2SCC(N)=O)c1,0,"Non-corrosive, Non-irritant, Non-sensitizer",0,carcinogen,1,0.082102388,0.111090392,0.06343358,3.03E-05,0.092281699,0.001576463,2.091173714,no,0,no,no,no
9172,COc1cccc(-n2c(COc3ccc(C)cc3)nnc2SCC(=O)O)c1,0,"Non-corrosive, Non-irritant, Non-sensitizer",0,non-carcinogen,0,0.123787843,0.099780336,0.06060636,4.56E-06,0.050097678,0.00209386,2.064051436,no,0,yes,no,no
11220,CCOc1ccccc1-n1c(COc2ccc(C)cc2)nnc1SCC(N)=O,0,"Non-corrosive, Non-irritant, Non-sensitizer",0,carcinogen,1,0.05257728,0.098049358,0.078802258,2.00E-06,0.085830629,0.007188525,2.14503716,no,0,no,no,no
12700,COc1ccc(OCc2nnc(SCC(N)=O)n2-c2ccccc2OC)cc1,0,"Non-corrosive, Non-irritant, Non-sensitizer",0,carcinogen,1,0.080056645,0.11567682,0.061105721,2.65E-06,0.084962912,0.007073588,2.095708506,no,0,no,no,no
4399,O=S(=O)(c1ccc(-c2ccon2)s1)N1CCN(c2ccncc2)CC1,1,"Non-corrosive, Non-irritant, Sensitizer",1,non-carcinogen,0,0.364596009,0.255687654,0.900102198,0.000168674,0.159439757,0.507921994,2.548529213,no,0,no,no,no
13509,CCOc1ccc(C(=O)Cc2ccc3oc(C(=O)O)cc3c2)c(O)c1,0,"Non-corrosive, Non-irritant, Non-sensitizer",0,non-carcinogen,0,0.442060739,0.553211391,0.248079792,0.999634147,0.552635431,0.99857825,2.235551456,no,0,yes,no,no
9850,CS(=O)(=O)N1CCN(C(=O)c2ccncc2)CC1,0,"Non-corrosive, Non-irritant, Sensitizer",1,non-carcinogen,0,0.147879556,0.048084218,0.030678431,1.33E-06,0.033799939,3.12E-06,1.934136964,no,0,no,yes,no
6012,NS(=O)(=O)c1cc(NC(=O)Cc2ccccc2Cl)ccc1Oc1cccc(-n2cnnc2)c1,1,"Non-corrosive, Non-irritant, Non-sensitizer",0,non-carcinogen,0,0.851676226,0.758980036,0.895867646,0.999999344,0.729298055,0.866114855,2.472642191,yes,1,yes,no,no
9330,O=C(Nc1ccc(F)cc1)C1CCN(c2nnnn2-c2ccccc2)CC1,0,"Non-corrosive, Non-irritant, Sensitizer",1,non-carcinogen,0,0.048834715,0.037379723,0.01296471,1.13E-05,0.012841852,0.003196786,2.05759159,no,0,no,no,no
11758,O=C(Nc1cccc(F)c1)C1CCN(c2nnnn2-c2ccccc2)CC1,0,"Non-corrosive, Non-irritant, Sensitizer",1,non-carcinogen,0,0.054233927,0.037379723,0.013368154,1.58E-05,0.012841852,0.001698329,2.103976205,no,0,no,no,no
9543,COc1cc(C(=O)N(C)c2nnc(-c3cccnc3)s2)cc(OC)c1OC,0,"Non-corrosive, Non-irritant, Non-sensitizer",0,non-carcinogen,0,0.235693261,0.476248473,0.046411972,0.999452174,0.473267853,0.004746452,2.387398027,no,0,yes,no,no
13461,O=C(COC(=O)CN1C(=O)C2CC=CCC2C1=O)Nc1cc(C(F)(F)F)ccc1N1CCOCC1,0,"Non-corrosive, Non-irritant, Non-sensitizer",0,non-carcinogen,0,0.184848696,0.291991264,0.097378857,0.000253408,0.544225872,0.054635234,3.33714412,no,0,yes,no,no
9195,O=C(O)CCNS(=O)(=O)c1ccc2c(c1)Cc1ccccc1-2,0,"Non-corrosive, Non-irritant, Sensitizer",1,non-carcinogen,0,0.375872433,0.145083427,0.106039561,0.041321687,0.061269909,0.011633053,2.045061571,no,0,no,no,no
15544,C=CCN1C(=O)C2C(C(=O)NC)C3C=CC2(O3)C1C(=O)NCc1ccc(OC)cc1,0,"Non-corrosive, Non-irritant, Non-sensitizer",0,non-carcinogen,0,0.264670938,0.19238171,0.140751004,0.999340415,0.014694692,0.498246938,4.979311012,no,0,yes,no,no
9775,CCOc1ccc(S(=O)(=O)n2cnc3cc(C)c(C)cc32)cc1,0,"Non-corrosive, Non-irritant, Non-sensitizer",0,non-carcinogen,0,0.24387984,0.292299032,0.013575111,0.029093197,0.223591715,0.011970546,2.1587566,no,0,yes,no,no
14335,O=[N+]([O-])c1ccc(Cl)c(S(=O)(=O)n2cnc3ccccc32)c1,0,"Non-corrosive, Non-irritant, Sensitizer",1,non-carcinogen,0,0.549740493,0.593270898,0.090708621,0.999509335,0.943848789,0.259784073,2.253777329,no,0,no,no,no
14934,COc1ccc(OC)c(S(=O)(=O)n2cnc3cc(C)c(C)cc32)c1,0,"Non-corrosive, Non-irritant, Non-sensitizer",0,non-carcinogen,0,0.163039178,0.365735918,0.056152474,2.37E-06,0.265767694,0.03368488,2.276560776,no,0,yes,no,no
3418,CCCCn1c(=O)[nH]c(=O)c2c1nc(Cn1ncc(Cl)c(Cl)c1=O)n2CCC,1,"Non-corrosive, Non-irritant, Non-sensitizer",0,non-carcinogen,0,0.522521019,0.364786983,0.863139272,0.9935624,0.294996798,0.07576558,2.742099453,no,0,yes,no,no
1067,CCOc1ccccc1C(=O)Nc1ccc(-c2nnc(-c3ccc(C)cc3)o2)cc1,1,"Non-corrosive, Non-irritant, Non-sensitizer",0,non-carcinogen,0,0.512072146,0.267028004,0.870003462,0.75576365,0.143752813,0.981218934,1.923739285,no,0,yes,yes,no
1777,CCc1cc2c(=O)c(Oc3ccccc3F)c(C)oc2c(CN(C)C)c1O,1,"Non-corrosive, Non-irritant, Non-sensitizer",0,non-carcinogen,0,0.76137054,0.744277358,0.943426073,0.812385142,0.967811227,0.304419339,2.597446544,no,0,yes,no,no
15797,CCOc1ccccc1Oc1coc2cc(O)ccc2c1=O,0,"Non-corrosive, Non-irritant, Sensitizer",1,non-carcinogen,0,0.611060321,0.564070284,0.151411861,0.006541,0.248545751,0.997390449,2.101881599,no,0,no,no,no
4655,COc1ccc(-c2csc(NC(=O)CN3C(=O)C4CC=CCC4C3=O)n2)cc1OC,1,"Non-corrosive, Non-irritant, Non-sensitizer",0,non-carcinogen,0,0.788571417,0.807403684,0.962473035,0.999381721,0.810422957,0.893269837,3.10055758,yes,1,yes,no,no
8429,CN(C)S(=O)(=O)c1ccc(C(=O)NCc2nnc(SCC(=O)N3CCCCCC3)o2)cc1,0,"Non-corrosive, Non-irritant, Sensitizer",1,non-carcinogen,0,0.108093686,0.051975198,0.020858355,1.93E-06,0.100927897,0.005176716,2.370844819,no,0,no,no,no
14911,O=C1c2ccccc2C(=O)N1CCCCSc1nnc2ccccn12,0,"Non-corrosive, Non-irritant, Non-sensitizer",0,carcinogen,1,0.137154043,0.109117478,0.039721783,0.000728268,0.35462442,0.054624733,2.236435009,no,0,no,no,no
8562,CSCCC(NS(=O)(=O)c1ccc(Cl)cc1)C(=O)N1CCN(c2ccccc2)CC1,0,"Non-corrosive, Non-irritant, Non-sensitizer",0,non-carcinogen,0,0.184485123,0.317547411,0.147731125,0.721325934,0.216565952,0.01014166,2.554073393,no,0,yes,no,no
2521,COc1cc(OC)cc(C(=O)NC(=S)Nc2cc3oc4ccccc4c3cc2OC)c1,1,"Non-corrosive, Non-irritant, Sensitizer",1,non-carcinogen,0,0.795191348,0.760038912,0.95782268,0.993662357,0.868876517,0.965422809,2.261989892,yes,1,no,no,no
9418,COC(=O)c1ccccc1NC(=O)Cn1nc(C(F)(F)F)c2c1CCC2,0,"Non-corrosive, Non-irritant, Sensitizer",1,non-carcinogen,0,0.190809548,0.165803701,0.05359384,0.000708963,0.189527079,0.013136036,2.317800643,no,0,no,no,no
10203,Cc1ccc(-n2c(SCC(=O)Nc3ccc4c(c3)OCO4)nnc2-c2ccoc2C)cc1,0,"Non-corrosive, Non-irritant, Non-sensitizer",0,non-carcinogen,0,0.099534668,0.134729624,0.009888927,0.00855309,0.159044996,0.007347708,2.367506159,no,0,yes,no,no
12308,Cc1cccc(-n2c(SCC(=O)Nc3ccc4c(c3)OCO4)nnc2-c2ccoc2C)c1,0,"Non-corrosive, Non-irritant, Non-sensitizer",0,non-carcinogen,0,0.05342463,0.134729624,0.010773859,1.55E-05,0.159044996,0.004958228,2.405673901,no,0,yes,no,no
9114,O=C(NCc1ccccc1F)C1CCCN1C(=O)NCc1ccccc1,0,"Non-corrosive, Non-irritant, Sensitizer",1,non-carcinogen,0,0.156281278,0.149239346,0.016907137,0.00019805,0.083827592,0.000167703,2.324951637,no,0,no,no,no
11250,O=S(=O)(NCCc1ccccc1F)c1cccc(S(=O)(=O)N2CCOCC2)c1,0,"Non-corrosive, Non-irritant, Sensitizer",1,non-carcinogen,0,0.148216426,0.056045387,0.023185091,4.15E-05,0.138064921,0.00097817,2.132055646,no,0,no,no,no
11437,O=S(=O)(NCCc1ccccc1)c1cccc(S(=O)(=O)N2CCOCC2)c1,0,"Non-corrosive, Non-irritant, Sensitizer",1,non-carcinogen,0,0.130326927,0.031374734,0.016848555,3.68E-07,0.100372471,0.001579578,1.997674413,no,0,no,yes,no
15146,O=C(CSc1cccc[n+]1[O-])c1cc2ccccc2o1,0,"Non-corrosive, Non-irritant, Non-sensitizer",0,carcinogen,1,0.262619644,0.489254683,0.067945465,1.06E-05,0.961243212,0.00538718,2.506130119,no,0,no,no,no
14624,O=C(Cc1ccccc1)Nc1cc(Nc2ccc3c(c2)CCCCC3=O)ccc1F,0,"Non-corrosive, Non-irritant, Non-sensitizer",0,non-carcinogen,0,0.297022969,0.441937625,0.158817261,0.056229547,0.161570489,0.085068017,2.10245016,no,0,yes,no,no
8358,O=C(CCNC(=O)N1C[C@H]2C[C@@H](C1)c1cccc(=O)n1C2)Nc1ccc(F)cc1,0,"Non-corrosive, Non-irritant, Non-sensitizer",0,non-carcinogen,0,0.198451892,0.149025053,0.060666118,1.90E-07,0.037978683,0.097603038,3.747768452,no,0,yes,no,no
26,O=C(Nc1cccc(F)c1)Nc1ccc2c(c1)CCC2,1,"Non-corrosive, Non-irritant, Non-sensitizer",0,non-carcinogen,0,0.578328311,0.731815934,0.89828825,0.999801934,0.708522379,0.862653136,1.755926405,yes,1,yes,yes,yes
4511,COc1ccccc1/C=C(\C#N)C(=O)c1cccn1C,1,"Non-corrosive, Non-irritant, Non-sensitizer",0,non-carcinogen,0,0.924181819,0.895900846,0.977209985,0.999998152,0.993278682,0.999969482,2.335464422,yes,1,yes,no,no
4512,Cn1cccc1C(=O)/C(C#N)=C/c1ccc(F)cc1,1,"Non-corrosive, Non-irritant, Non-sensitizer",0,non-carcinogen,0,0.949125767,0.909503102,0.969628155,0.999909997,0.99994427,0.999473333,2.327890453,yes,1,yes,no,no
14671,NS(=O)(=O)c1ccc(CN2C(=O)c3cccc4cccc(c34)C2=O)cc1,0,"Non-corrosive, Non-irritant, Non-sensitizer",0,non-carcinogen,0,0.421414167,0.127389252,0.130505413,0.982591152,0.21363619,0.693562567,1.996662788,no,0,yes,yes,no
15813,O=C1c2cccc3c(O)ccc(c23)C(=O)N1Cc1ccccc1,0,"Non-corrosive, Non-irritant, Sensitizer",1,non-carcinogen,0,0.561608732,0.265223771,0.205735981,0.996726811,0.240300357,0.455671996,1.900920892,no,0,no,yes,no
4852,Cc1ccc2oc(-c3ccccc3)nc2c1,1,"Non-corrosive, Non-irritant, Sensitizer",1,carcinogen,1,0.463521391,0.490269303,0.659687638,0.004605507,0.450708628,0.0041141,1.640425071,no,0,no,yes,no
8775,CC(=O)Nc1ccc2oc(-c3ccccc3Br)nc2c1,0,"Non-corrosive, Non-irritant, Sensitizer",1,non-carcinogen,0,0.363851577,0.684586048,0.068282649,8.75E-06,0.58126992,0.326500952,1.967697172,no,0,no,yes,no
9270,CN(C(=O)C1CCOC1)c1nnc(-c2cccnc2)s1,0,"Non-corrosive, Non-irritant, Sensitizer",1,non-carcinogen,0,0.127001911,0.054147609,0.019210493,0.000314012,0.076002583,0.010724594,3.066396585,no,0,no,no,no
14509,CC(C)C1Oc2ccccc2N(CC(=O)NCCCN2C(C)CCCC2C)C1=O,0,"Non-corrosive, Non-irritant, Sensitizer",1,non-carcinogen,0,0.092391543,0.060167689,0.037443012,2.82E-07,0.025119478,0.00218809,3.466806106,no,0,no,no,no
9773,C1CNC2NCCNC2N1,0,"Non-corrosive, Non-irritant, Sensitizer",1,non-carcinogen,0,0.38042891,0.133273244,0.164416239,0.00206145,0.001691649,0.002095909,3.929361317,no,0,no,no,no
4508,CN1CCCC1CCNc1ccc2sc3ccccc3c(=O)c2c1,1,"Non-corrosive, Non-irritant, Sensitizer",1,non-carcinogen,0,0.794704795,0.685504436,0.891661525,0.999990046,0.835505724,0.996865153,2.762802029,yes,1,no,no,no
6139,O=C(Cn1cnnn1)Nc1cncc(-c2cccc3[nH]ccc23)c1,1,"Non-corrosive, Non-irritant, Sensitizer",1,non-carcinogen,0,0.555029392,0.19604224,0.949068189,0.517169774,0.056193516,0.010529424,2.47881937,no,0,no,no,no
10378,CC(C)C(C(=O)NCc1ccco1)N(C(=O)CNS(=O)(=O)c1ccc(Cl)cc1)C1CCCC1,0,"Non-corrosive, Non-irritant, Non-sensitizer",0,non-carcinogen,0,0.180881262,0.096024334,0.043815982,5.45E-06,0.178016573,0.062946349,3.00271017,no,0,yes,no,no
10565,CCCC(C(=O)NCc1ccco1)N(C(=O)CNS(=O)(=O)c1ccccc1)C1CCCC1,0,"Non-corrosive, Non-irritant, Non-sensitizer",0,non-carcinogen,0,0.126365975,0.070782609,0.029281849,3.18E-06,0.408062458,0.007581488,2.968498795,no,0,yes,no,no
10766,O=C(NCc1ccccc1)NC1(C(=O)N2CCCC2)CCCCC1,0,"Non-corrosive, Non-irritant, Sensitizer",1,non-carcinogen,0,0.177139759,0.041998733,0.024218876,2.86E-05,0.505019426,9.72E-05,2.159932584,no,0,no,no,no
349,CC(C)CC(=O)O/N=C1\C(=O)N(Cc2ccc(Cl)cc2)c2ccc([N+](=O)[O-])cc21,1,"Non-corrosive, Non-irritant, Non-sensitizer",0,non-carcinogen,0,0.854588389,0.812449992,0.937656522,0.999995708,0.374190241,0.972032487,2.514384729,no,0,yes,no,no
5494,Cc1cc(C(C)(O)C#Cc2cccc(-c3c[nH]c4cnc(N)nc34)c2)no1,1,"Non-corrosive, Non-irritant, Non-sensitizer",0,non-carcinogen,0,0.67753762,0.878228247,0.946149826,0.999725759,0.7336182,0.999749124,3.519388473,yes,1,yes,no,no
8927,O=C(Nc1ccc2c(c1)oc1ccccc12)c1cccnc1,0,"Non-corrosive, Non-irritant, Sensitizer",1,non-carcinogen,0,0.205352902,0.443989605,0.097459368,0.379075199,0.127838016,0.017481975,1.851077677,no,0,no,yes,no
13909,NS(=O)(=O)c1ccc(CN2C(=O)CCC2=O)cc1,0,"Non-corrosive, Non-irritant, Sensitizer",1,non-carcinogen,0,0.251063198,0.031384647,0.090326242,0.021103276,0.080510557,0.043634571,1.936943212,no,0,no,yes,no
1095,CCOc1ccc(N2CC(C(=O)NCCCN3CCOCC3)CC2=O)cc1,1,"Non-corrosive, Non-irritant, Non-sensitizer",0,non-carcinogen,0,0.212498546,0.178882018,0.368135393,3.10E-07,0.097975999,0.006123617,2.523582287,no,0,yes,no,no
3043,CCOc1ccccc1NC(=S)Nc1ccc2cn[nH]c2c1,1,"Non-corrosive, Non-irritant, Non-sensitizer",0,non-carcinogen,0,0.75552237,0.735100269,0.884710729,0.021786436,0.465974271,0.855718493,2.074392107,no,0,yes,no,no
6828,Cc1ccc(S(=O)(=O)N2CCC(C(=O)Nc3cnc4ccccc4c3)CC2)c(C)c1,1,"Non-corrosive, Non-irritant, Non-sensitizer",0,non-carcinogen,0,0.946945667,0.841010273,0.964137316,0.999992669,0.968312025,0.992405117,2.13684073,yes,1,yes,no,no
14540,O=C(O)c1noc(-c2ccc(OCc3ccccn3)cc2)c1-c1ccc(Cl)cc1,0,"Non-corrosive, Irritant, Non-sensitizer",1,non-carcinogen,0,0.397651076,0.420919329,0.158978119,0.999305427,0.646674991,0.446962357,2.261403383,no,0,no,no,no
5520,NC(=O)c1sc(-c2ccnc(NC(=O)C3CC3)c2)nc1OCCC1CCN(Cc2ccccc2F)CC1,1,"Non-corrosive, Non-irritant, Non-sensitizer",0,carcinogen,1,0.986992598,0.980084956,0.996440232,0.999999702,0.986073494,0.999210238,2.736505508,yes,1,no,no,no
6184,NC(=O)c1sc(-c2ccnc(NC(=O)C3CC3)c2)nc1OCCC1CCN(Cc2ccc(F)cc2)CC1,1,"Non-corrosive, Non-irritant, Non-sensitizer",0,carcinogen,1,0.954378724,0.980084956,0.997136116,0.999999821,0.986073494,0.999661565,2.700044405,yes,1,no,no,no
6266,NC(=O)c1sc(-c2ccnc(NC(=O)C3CC3)c2)nc1OCCC1CCN(Cc2ccccc2Cl)CC1,1,"Non-corrosive, Non-irritant, Non-sensitizer",0,carcinogen,1,0.986424506,0.98649317,0.995938182,0.999999583,0.982224822,0.999566317,2.729907685,yes,1,no,no,no
6279,NC(=O)c1sc(-c2ccnc(NC(=O)C3CC3)c2)nc1OCCC1CCN(Cc2cccc(F)c2)CC1,1,"Non-corrosive, Non-irritant, Non-sensitizer",0,carcinogen,1,0.949367344,0.980084956,0.99572891,0.999996841,0.986073494,0.999667168,2.733616103,yes,1,no,no,no
6376,NC(=O)c1sc(-c2ccnc(NC(=O)C3CC3)c2)nc1OCCC1CCN(Cc2ccccc2)CC1,1,"Non-corrosive, Non-irritant, Non-sensitizer",0,carcinogen,1,0.958134651,0.958335519,0.997240901,0.999999046,0.917258382,0.999438822,2.640199121,yes,1,no,no,no
6540,NC(=O)c1sc(-c2ccnc(NC(=O)C3CC3)c2)nc1OCCC1CCN(Cc2ccc(F)c(F)c2)CC1,1,"Non-corrosive, Non-irritant, Non-sensitizer",0,carcinogen,1,0.961170733,0.980084956,0.994928718,0.999998212,0.986073494,0.998994112,2.797480839,yes,1,no,no,no
6709,NC(=O)c1sc(-c2ccnc(NC(=O)C3CC3)c2)nc1OCCC1CCN(Cc2c(F)cccc2F)CC1,1,"Non-corrosive, Non-irritant, Non-sensitizer",0,carcinogen,1,0.954045713,0.980084956,0.996936917,0.999999285,0.986073494,0.997981548,2.840437249,yes,1,no,no,no
3792,c1csc(CNc2ncnc3ccc(-c4ccoc4)cc23)c1,1,"Non-corrosive, Non-irritant, Sensitizer",1,carcinogen,1,0.853839338,0.847815871,0.99162513,0.99999994,0.846430957,0.999945045,2.392183497,yes,1,no,no,no
3800,Cc1csc(CNc2ncnc3ccc(-c4ccoc4)cc23)c1,1,"Non-corrosive, Non-irritant, Sensitizer",1,carcinogen,1,0.873282731,0.832359433,0.98829484,0.999999881,0.804950356,0.999471545,2.576708099,yes,1,no,no,no
3313,COC(=O)C(Cc1ccc(N(CCCl)CCCl)cc1)N=Cc1ccccc1O,1,"Non-corrosive, Non-irritant, Sensitizer",1,non-carcinogen,0,0.975531399,0.875034928,0.89079541,0.999669194,0.345340252,0.998008132,3.161188902,no,0,no,no,no
8147,CC1(C)[C@H]2O[C@H]2[C@H]2[C@](C)(O)[C@@H]3CC[C@@H]4[C@@H](O)[C@@]3(C[C@@H](O)[C@@]21O)C[C@@]4(C)O,1,"Non-corrosive, Non-irritant, Non-sensitizer",0,non-carcinogen,0,0.964232504,0.99890089,0.980634451,0.999996603,1,0.999996424,6.520061107,yes,1,yes,no,no
8148,CC(=O)O[C@@H]1C[C@]23C[C@@](C)(O)[C@H](CC[C@H]2[C@@](C)(O)[C@@H]2[C@@H]4O[C@@H]4C(C)(C)[C@@]12O)[C@H]3O,1,"Non-corrosive, Non-irritant, Non-sensitizer",0,non-carcinogen,0,0.916454434,0.996128082,0.986624122,0.999727547,1,0.999996841,6.46367695,yes,1,yes,no,no
8149,CC(=O)OC1[C@@H]2CC[C@@H]3C1(C[C@@H](OC(C)=O)[C@@]1(O)[C@@H]([C@@H]4O[C@@H]4C1(C)C)[C@]3(C)O)C[C@@]2(C)O,1,"Non-corrosive, Non-irritant, Non-sensitizer",0,non-carcinogen,0,0.915618658,0.996023655,0.986214817,0.999999762,1,0.999998152,6.38923443,yes,1,yes,no,no
10694,O=C(Nc1cnc2ccccc2c1)N1CCOCC1,0,"Non-corrosive, Non-irritant, Sensitizer",1,non-carcinogen,0,0.250214249,0.356106162,0.219062641,3.66E-05,0.356953472,0.988145649,1.915629713,no,0,no,yes,no
9211,O=S(=O)(c1ccc(Cl)c(F)c1)N1CCC(c2nc(-c3ccncc3)no2)CC1,0,"Non-corrosive, Non-irritant, Sensitizer",1,non-carcinogen,0,0.196886063,0.055816546,0.022457849,0.008611713,0.121639743,0.009769219,2.368590237,no,0,no,no,no
10327,CC(=O)NC1(c2cccc(F)c2)CCN(C(=O)Nc2ccc(C#N)cc2)CC1,0,"Non-corrosive, Non-irritant, Sensitizer",1,non-carcinogen,0,0.311521769,0.18385914,0.053935952,0.000710766,0.014884365,0.022503257,2.405289336,no,0,no,no,no
15243,Cc1cc(Cl)ccc1NC(=S)NCCC(c1ccccc1)c1ccccc1,0,"Non-corrosive, Non-irritant, Non-sensitizer",0,non-carcinogen,0,0.688026071,0.610370457,0.184221208,0.999974787,0.992832899,0.631748855,1.959120045,no,0,yes,yes,no
205,O=C(CCCOc1ccc(Cl)cc1Cl)N1CCC2(CC1)OCCO2,1,"Non-corrosive, Non-irritant, Sensitizer",1,non-carcinogen,0,0.652438164,0.534739137,0.871315002,2.23E-05,0.409906954,0.998426616,2.763917146,no,0,no,no,no
2311,Cc1cc(C)c(C(N)=O)c(Nc2cccc3ccccc23)n1,1,"Non-corrosive, Non-irritant, Non-sensitizer",0,carcinogen,1,0.672411025,0.453688413,0.908951819,0.997984409,0.063181043,0.023831913,2.033888618,no,0,no,no,no
5131,COc1ccc2cc(C(=O)N[C@@H]3C(=O)NC[C@H]3O)cnc2c1,1,"Non-corrosive, Non-irritant, Sensitizer",1,non-carcinogen,0,0.87823689,0.781705856,0.905829906,0.999794781,0.165111184,0.967904568,3.221627725,no,0,no,no,no
5584,O=C(N[C@H]1CCNC1=O)c1cnc2cc(OC(F)(F)F)ccc2c1,1,"Non-corrosive, Non-irritant, Sensitizer",1,non-carcinogen,0,0.865944266,0.89063102,0.903424561,0.999693453,0.826135516,0.528836787,2.901598561,yes,1,no,no,no
5890,COc1ccc2cc(C(=O)N[C@H]3CCNC3=O)cnc2c1,1,"Non-corrosive, Non-irritant, Non-sensitizer",0,non-carcinogen,0,0.791714072,0.821976662,0.774631023,0.996276915,0.834957659,0.636054397,2.67748823,yes,1,yes,no,no
6092,O=C(N[C@H]1CCNC1=O)c1cnc2cc(OC(F)F)ccc2c1,1,"Non-corrosive, Non-irritant, Sensitizer",1,non-carcinogen,0,0.77793467,0.890378714,0.891706347,0.999712706,0.953097939,0.557457924,2.891252548,yes,1,no,no,no
14542,COc1ccc2cc(C(=O)NC3(C)CCNC3=O)cnc2c1,0,"Non-corrosive, Non-irritant, Non-sensitizer",0,non-carcinogen,0,0.501255751,0.783349097,0.361994773,0.035135325,0.735136032,0.797542751,3.087399133,no,0,yes,no,no
13599,OCCn1c(CSc2nnc(-c3ccco3)n2-c2ccccc2)nc2ccc(Cl)cc21,0,"Non-corrosive, Non-irritant, Non-sensitizer",0,carcinogen,1,0.115530469,0.136105493,0.015764661,0.000166533,0.057213452,0.00627892,2.464403112,no,0,no,no,no
10248,O=C(NCc1nc2ncc(Br)cc2[nH]1)c1ccccc1,0,"Non-corrosive, Non-irritant, Sensitizer",1,non-carcinogen,0,0.472913712,0.373132288,0.086749375,0.999763429,0.336233348,0.140587822,2.127941525,no,0,no,no,no
9356,O=C(CN1CCC(n2nnc3ccccc32)CC1)Nc1ccc2c(c1)CCC2,0,"Non-corrosive, Non-irritant, Sensitizer",1,non-carcinogen,0,0.062117871,0.032504261,0.028390646,1.17E-05,0.015673885,0.001779698,2.237382707,no,0,no,no,no
8519,CCN(Cc1nc2ccccc2c(=O)[nH]1)C(=O)c1cccc(OCc2c(C)noc2C)c1,0,"Non-corrosive, Non-irritant, Non-sensitizer",0,non-carcinogen,0,0.091865338,0.139872104,0.043029487,6.92E-08,0.153395787,0.011020652,2.460241032,no,0,yes,no,no
10316,FC(F)(F)c1ccc2c(c1)ncn2C1CCN(Cc2nnnn2C2CCCCC2)CC1,0,"Non-corrosive, Non-irritant, Sensitizer",1,non-carcinogen,0,0.076321065,0.078641981,0.02008285,1.22E-06,0.038900763,0.006826816,2.689262165,no,0,no,no,no
1833,O=c1cc(O)c2sc(Nc3cccc(C(F)(F)F)c3)nc2[nH]1,1,"Non-corrosive, Non-irritant, Sensitizer",1,non-carcinogen,0,0.801980615,0.757904112,0.95421499,0.93191874,0.725424409,0.989274323,2.599849461,yes,1,no,no,no
1842,O=c1cc(O)c2sc(Nc3ccc(F)cc3)nc2[nH]1,1,"Non-corrosive, Non-irritant, Non-sensitizer",0,non-carcinogen,0,0.831431627,0.771892548,0.956254423,0.998378336,0.836455226,0.999118149,2.462677149,yes,1,yes,no,no
2005,O=c1cc(O)c2sc(Nc3ccc(F)c(Cl)c3)nc2[nH]1,1,"Non-corrosive, Non-irritant, Non-sensitizer",0,non-carcinogen,0,0.857449949,0.828814566,0.976709127,0.977101803,0.773691416,0.997414112,2.595984751,yes,1,yes,no,no
1293,CC(C)OC(=O)C(=O)/C=C(\Nc1ccccc1O)c1ccccc1,1,"Non-corrosive, Non-irritant, Sensitizer",1,non-carcinogen,0,0.895928681,0.865878344,0.963664591,0.000606777,0.93332994,0.947559416,2.395304446,no,0,no,no,no
7930,COc1cc2c(c(O)c1C(=O)/C=C/c1ccc3c(c1)OCO3)C=CC(C)(C)O2,1,"Non-corrosive, Non-irritant, Non-sensitizer",0,non-carcinogen,0,0.984861255,0.991969764,0.996071696,0.999999344,0.999990761,0.999968231,2.843881157,yes,1,yes,no,no
7951,CC1(C)C=Cc2c(ccc(C(=O)/C=C/c3ccc4c(c3)OCO4)c2O)O1,1,"Non-corrosive, Non-irritant, Sensitizer",1,non-carcinogen,0,0.980339468,0.98988241,0.994742393,0.999996006,0.999999166,0.999298275,2.739793939,yes,1,no,no,no
430,N/C(=N\OC(=O)Cc1ccc([N+](=O)[O-])cc1)c1ccccn1,1,"Non-corrosive, Non-irritant, Non-sensitizer",0,non-carcinogen,0,0.751885295,0.962634504,0.910809755,0.99990803,0.991039336,0.88000977,2.293923853,yes,1,yes,no,no
3550,CN(C)c1ccc(C(C(=O)NC2CCCCC2)N(Cc2ccco2)C(=O)c2snc(C(N)=O)c2N)cc1,1,"Non-corrosive, Non-irritant, Non-sensitizer",0,non-carcinogen,0,0.333943009,0.486356616,0.865181088,0.999025822,0.51796335,0.869256616,3.193357856,no,0,yes,no,no
6024,Cc1c(C(C)C)c(=O)on1C(=O)N1CCN(Cc2ccccc2)CC1,1,"Non-corrosive, Non-irritant, Sensitizer",1,carcinogen,1,0.80637902,0.9615255,0.994140327,0.998663366,0.994368732,0.999985516,2.448728819,yes,1,no,no,no
1519,CCN(CC)S(=O)(=O)c1ccc2[nH]c(=O)cc(C(=O)Nc3cccc(C(C)=O)c3)c2c1,1,"Non-corrosive, Non-irritant, Non-sensitizer",0,non-carcinogen,0,0.394695103,0.758155823,0.942368925,0.022532161,0.497542143,0.557589352,2.279200717,no,0,yes,no,no
13091,CCOC(=O)Cc1cc(=O)c2c(=O)n(-c3ccccc3)[nH]c2[nH]1,0,"Non-corrosive, Non-irritant, Non-sensitizer",0,non-carcinogen,0,0.265613943,0.418702036,0.05372614,0.000144758,0.600227594,0.008524734,2.601315158,no,0,yes,no,no
9939,CC(C)OC(=O)CSc1nnc(-c2ccccc2)n1CC1CCCO1,0,"Non-corrosive, Non-irritant, Sensitizer",1,non-carcinogen,0,0.042291179,0.020663215,0.006713748,9.75E-08,0.014870571,0.001652136,2.66063123,no,0,no,no,no
11107,O=C(CSc1nnc(-c2cccnc2)n1Cc1ccco1)N1c2ccccc2Sc2ccccc21,0,"Non-corrosive, Non-irritant, Non-sensitizer",0,carcinogen,1,0.033863906,0.058387905,0.034825891,2.55E-08,0.083655529,0.020247685,2.59812856,no,0,no,no,no
7982,COc1cc(O)cc(CCc2ccc(OC)c(O)c2)c1,1,"Non-corrosive, Non-irritant, Sensitizer",1,non-carcinogen,0,0.948123395,0.974390507,0.980809331,0.999985993,0.984732807,0.999993682,1.991555631,yes,1,no,yes,no
8130,COc1cc([C@@H](O)[C@@H](CO)c2ccc(O)c(OC)c2)ccc1O,1,"Non-corrosive, Non-irritant, Non-sensitizer",0,non-carcinogen,0,0.866383314,0.981021941,0.962556958,0.999998808,0.999704123,0.999979973,3.022136236,yes,1,yes,no,no
8182,COc1cc(CCc2cccc(O)c2)cc(OC)c1,1,"Non-corrosive, Non-irritant, Sensitizer",1,non-carcinogen,0,0.885787547,0.917734802,0.977917433,0.999938905,0.645299077,0.999998331,1.810730995,yes,1,no,yes,no
8183,COc1cc(O)cc(CCc2cccc(O)c2)c1,1,"Non-corrosive, Non-irritant, Sensitizer",1,non-carcinogen,0,0.918544412,0.954936802,0.982682347,0.999496698,0.731971204,0.999998689,1.937747553,yes,1,no,yes,no
3582,O=[N+]([O-])c1cccc(NC(=S)Nc2nc(-c3ccccc3Cl)cs2)c1,1,"Non-corrosive, Non-irritant, Non-sensitizer",0,non-carcinogen,0,0.946143329,0.934952915,0.98258543,0.89843291,0.931862772,0.999721229,2.120887639,yes,1,yes,no,no
2493,CS(=O)(=O)c1ccc(Sc2nc3ccccc3s2)c([N+](=O)[O-])c1,1,"Non-corrosive, Non-irritant, Non-sensitizer",0,carcinogen,1,0.879446208,0.955334306,0.980075359,0.999997258,0.883691609,0.999997556,2.266116215,yes,1,no,no,no
3214,NS(=O)(=O)c1ccc(Sc2nc3ccccc3s2)c([N+](=O)[O-])c1,1,"Non-corrosive, Non-irritant, Non-sensitizer",0,non-carcinogen,0,0.876592159,0.933642089,0.987531602,0.999984801,0.985295475,0.999996603,2.291831119,yes,1,yes,no,no
13671,Cc1ccc(CN2CC(C(=O)Nc3ccc4c(C)cc(=O)oc4c3)CC2=O)cc1,0,"Non-corrosive, Non-irritant, Sensitizer",1,non-carcinogen,0,0.335006207,0.17924571,0.065935917,0.053043548,0.159598634,0.007679057,2.610072495,no,0,no,no,no
8648,CC(C)Oc1ccc(S(=O)(=O)N2CCOCC2)cc1NC(=O)c1ccc(Cl)c(S(=O)(=O)N2CCOCC2)c1,0,"Non-corrosive, Non-irritant, Non-sensitizer",0,non-carcinogen,0,0.232192859,0.243643656,0.041871294,0.162196994,0.342795879,0.036457106,2.489804762,no,0,yes,no,no
10077,COc1ccc(S(=O)(=O)N2CCCC(C(=O)Nc3cccnc3)C2)cc1Cl,0,"Non-corrosive, Non-irritant, Sensitizer",1,non-carcinogen,0,0.19423753,0.508608937,0.121333487,0.001912082,0.742343187,0.2666246,2.513527008,no,0,no,no,no
4578,COc1ccc(C(C[N+](=O)[O-])c2c(C)cc3ccccn23)c(OC)c1,1,"Non-corrosive, Irritant, Non-sensitizer",1,carcinogen,1,0.812029243,0.873793304,0.965235054,0.053421438,0.915643871,0.827517211,3.182812329,no,0,no,no,no
10586,CCN1CC=C2C(C#N)=C(N)C(C#N)(C#N)C(CCc3ccccc3)C2C1,0,"Non-corrosive, Non-irritant, Non-sensitizer",0,non-carcinogen,0,0.315994561,0.113071658,0.09405078,0.997115254,0.197043821,0.025195003,3.773740817,no,0,yes,no,no
2239,O=S(=O)(CCSc1nc2ccccc2o1)c1nc2ccccc2s1,1,"Non-corrosive, Non-irritant, Sensitizer",1,carcinogen,1,0.503532231,0.721316874,0.896974921,0.978811264,0.841942847,0.010774953,2.451738298,no,0,no,no,no
14137,O=C(Nc1ccc(C(=O)NCCCN2CCN(c3ccc(F)cc3)CC2)cc1)C1=CSCCO1,0,"Non-corrosive, Non-irritant, Sensitizer",1,non-carcinogen,0,0.217430189,0.44333005,0.126782179,0.926922202,0.932540298,0.069058374,2.46875312,no,0,no,no,no
3559,CCOC(=O)N1CCC(NC(=O)c2ccc3c(c2)N=C(C)c2c(C)ccc(C)c2S3)CC1,1,"Non-corrosive, Non-irritant, Non-sensitizer",0,non-carcinogen,0,0.615216136,0.720039725,0.973908484,0.001409054,0.186906561,0.999431014,2.782050973,no,0,yes,no,no
3571,CC(C)(C)c1ccc(OCC(=O)NNC(=S)NC(=O)c2ccco2)c(Br)c1,1,"Non-corrosive, Non-irritant, Sensitizer",1,carcinogen,1,0.923016787,0.946954191,0.97281307,0.999999106,0.995735168,0.999985337,2.383714319,yes,1,no,no,no
3899,Cc1ccccc1OCC(=O)NNC(=S)NC(=O)c1ccco1,1,"Non-corrosive, Non-irritant, Non-sensitizer",0,non-carcinogen,0,0.892540514,0.938095748,0.97264117,0.996317923,0.989606023,0.882492185,2.098569832,yes,1,yes,no,no
4079,CC(Oc1ccc(Cl)cc1)C(=O)NNC(=S)NC(=O)c1ccco1,1,"Non-corrosive, Non-irritant, Sensitizer",1,non-carcinogen,0,0.893485487,0.94022423,0.921762347,8.38E-07,0.610274076,0.590954125,2.591806369,no,0,no,no,no
10717,COCc1nnc(NS(=O)(=O)c2ccccc2)s1,0,"Non-corrosive, Non-irritant, Non-sensitizer",0,carcinogen,1,0.151483566,0.062103126,0.059877302,0.002991604,0.11927551,0.019909356,2.067103209,no,0,no,no,no
15087,O=c1c(C=Nc2ccc(Oc3ccccc3)cc2)c[nH]n1-c1cccc(Cl)n1,0,"Non-corrosive, Non-irritant, Non-sensitizer",0,non-carcinogen,0,0.669679224,0.771683931,0.126953945,0.190919235,0.984516799,0.978612721,2.700043942,no,0,yes,no,no
40,CCC(C)NS(=O)(=O)c1ccc(OCC(=O)NCc2cccnc2)cc1,1,"Non-corrosive, Non-irritant, Sensitizer",1,non-carcinogen,0,0.53910625,0.412136197,0.69546473,0.000241449,0.062615827,0.000835308,2.430288093,no,0,no,no,no
179,COc1ccc(OC(C)C(=O)NCc2cccnc2)cc1,1,"Non-corrosive, Non-irritant, Sensitizer",1,non-carcinogen,0,0.450822383,0.359343648,0.534360588,0.003243487,0.089547552,4.48E-06,2.156095153,no,0,no,no,no
13300,COc1ccccc1Nc1nc(N)nc(CN2CCN(Cc3ccccc3)CC2)n1,0,"Non-corrosive, Non-irritant, Sensitizer",1,carcinogen,1,0.109782152,0.078342348,0.023493409,0.000155755,0.068811774,0.006634799,2.134671585,no,0,no,no,no
1457,CCOC(=O)c1c(NC(=O)CSc2nnc(C)c(=O)[nH]2)sc(C)c1C,1,"Non-corrosive, Non-irritant, Non-sensitizer",0,carcinogen,1,0.19149588,0.296338379,0.733942628,1.76E-07,0.128513426,0.029065482,2.62078834,no,0,no,no,no
11456,Cc1sc(NC(=O)CSc2nnc(C)c(=O)[nH]2)c(C#N)c1C,0,"Non-corrosive, Non-irritant, Non-sensitizer",0,carcinogen,1,0.118594132,0.182193518,0.117333494,1.09E-06,0.076460294,0.002935143,2.782989511,no,0,no,no,no
12982,COc1cc2c(cc1OC)CN(S(=O)(=O)c1ccc3c(c1)OCCO3)CC2,0,"Non-corrosive, Non-irritant, Sensitizer",1,non-carcinogen,0,0.155222148,0.14360407,0.070294723,0.000597771,0.243730277,0.040210053,2.225269219,no,0,no,no,no
8724,CCOc1cc(C(=O)CSc2nnc(CNc3ccc(Cl)cc3)o2)ccc1NC(=O)CC,0,"Non-corrosive, Non-irritant, Non-sensitizer",0,carcinogen,1,0.111414663,0.11861556,0.012157972,0.419665426,0.150499925,0.007083253,2.38009919,no,0,no,no,no
10712,CCC(=O)Nc1ccc(C(=O)CSc2nnc(CNc3ccc(Cl)cc3)o2)cc1OC,0,"Non-corrosive, Non-irritant, Non-sensitizer",0,carcinogen,1,0.05417804,0.106009029,0.013712939,5.38E-05,0.090038516,0.006706871,2.327030627,no,0,no,no,no
12112,Cc1ccc(NCc2nnc(SCC(=O)c3ccccc3)o2)c(C)c1,0,"Non-corrosive, Non-irritant, Sensitizer",1,carcinogen,1,0.097630046,0.049125798,0.024082024,0.001554234,0.021082385,0.003099538,2.123218544,no,0,no,no,no
15900,Cc1ccc(C(=O)CSc2nnc(CNc3ccc(C)cc3C)o2)cc1,0,"Non-corrosive, Non-irritant, Sensitizer",1,carcinogen,1,0.065937266,0.049560748,0.036719609,0.000100175,0.019387824,0.00524451,2.166084167,no,0,no,no,no
15505,CCCN(CC1CC1)C(=O)Nc1ccccc1C,0,"Non-corrosive, Non-irritant, Sensitizer",1,non-carcinogen,0,0.378988862,0.085459724,0.130172506,0.026715921,0.755693376,0.000613446,1.878810503,no,0,no,yes,no
15551,COC(=O)CN1C(=O)C2(C(C#N)=C(N)Oc3cc(C)oc(=O)c32)c2ccccc21,0,"Non-corrosive, Non-irritant, Non-sensitizer",0,non-carcinogen,0,0.284862727,0.151229858,0.08610969,0.124714255,0.060102366,0.232500538,3.775641256,no,0,yes,no,no
8895,COc1cc(NC(=O)c2ccco2)c(OC)cc1NC(=O)CCC(=O)Nc1ccccc1C,0,"Non-corrosive, Non-irritant, Non-sensitizer",0,non-carcinogen,0,0.066134058,0.157956839,0.01062447,1.10E-07,0.148160443,0.001280405,2.122003328,no,0,yes,no,no
9422,COC(=O)c1cc(-c2ccc(OC)c(OC)c2)on1,0,"Non-corrosive, Non-irritant, Sensitizer",1,carcinogen,1,0.507835388,0.270275861,0.157917246,0.995127857,0.493009031,0.997728229,1.945370859,no,0,no,yes,no
15528,COCCOC(=O)c1cc(C(=O)c2cc(F)ccc2O)coc1=N,0,"Non-corrosive, Non-irritant, Sensitizer",1,non-carcinogen,0,0.421295971,0.47494179,0.079662509,0.001902049,0.970005631,0.025634486,2.624277559,no,0,no,no,no
13303,COc1cccc(CNn2cnnc2)c1OCc1ccccc1F,0,"Non-corrosive, Non-irritant, Sensitizer",1,carcinogen,1,0.32564491,0.147560745,0.024476079,0.974556744,0.086906113,0.004441926,2.427780496,no,0,no,no,no
3451,Nc1ncc([N+](=O)[O-])c(N2CCCCCC2)n1,1,"Non-corrosive, Non-irritant, Sensitizer",1,non-carcinogen,0,0.805367708,0.957446277,0.973061681,0.985567391,0.950408578,0.999988258,2.34049639,yes,1,no,no,no
9655,COc1cc(NC(=O)CSc2nnc(C)s2)cc(OC)c1,0,"Non-corrosive, Non-irritant, Non-sensitizer",0,non-carcinogen,0,0.125572935,0.141021937,0.095072277,0.000258617,0.150442809,0.000305347,2.077076215,no,0,yes,no,no
10532,CC1(C)CC(NCc2cccnc2)CC(C)(C)N1,0,"Corrosive, Irritant, Sensitizer",1,non-carcinogen,0,0.475406677,0.334600538,0.105011433,0.212767854,0.67775768,9.03E-05,2.452290503,no,0,no,no,no
7249,COC(=O)[C@@H]1c2ccoc2CC2C1[C@@H](O)C[C@@]1(O)C(C)(C)C[C@@H](OC(C)=O)C(=O)[C@]21C,1,"Non-corrosive, Non-irritant, Non-sensitizer",0,non-carcinogen,0,0.97542578,0.984779537,0.992775798,0.999996841,0.99992609,0.99990958,5.098648505,yes,1,yes,no,no
7250,COC(=O)[C@@H]1c2ccoc2CC2C1[C@@H](OC(C)=O)C[C@@]1(O)C(C)(C)C[C@@H](OC(C)=O)C(=O)[C@]21C,1,"Non-corrosive, Non-irritant, Non-sensitizer",0,non-carcinogen,0,0.916300297,0.967626989,0.995303869,0.999998689,0.999370873,0.999955952,5.087912283,yes,1,yes,no,no
4566,Fc1ccccc1CNc1nc(-c2cccnc2)nc2ccccc12,1,"Non-corrosive, Non-irritant, Sensitizer",1,non-carcinogen,0,0.859736383,0.937535465,0.98948437,0.999939501,0.98502022,0.999944031,2.000480758,yes,1,no,no,no
4573,Fc1ccc(CNc2nc(-c3cccnc3)nc3ccccc23)cc1,1,"Non-corrosive, Non-irritant, Sensitizer",1,non-carcinogen,0,0.854385316,0.949560881,0.987274051,0.99999547,0.962824523,0.999951422,1.948507161,yes,1,no,yes,no
5160,O=C(Cc1ccc(Oc2nc3ccccc3s2)cc1F)NCCc1ccccc1F,1,"Non-corrosive, Non-irritant, Sensitizer",1,non-carcinogen,0,0.770536363,0.727592587,0.927868426,0.999973238,0.914832056,0.999932349,2.259463953,yes,1,no,no,no
5335,O=C(Cc1ccc(Oc2nc3ccccc3s2)cc1F)NCCc1cccc(F)c1,1,"Non-corrosive, Non-irritant, Sensitizer",1,non-carcinogen,0,0.696469486,0.727592587,0.934893012,4.36E-06,0.914832056,0.999039948,2.250037428,no,0,no,no,no
5467,O=C(Cc1ccc(Oc2nc3ccccc3s2)cc1F)NCCc1ccc(F)cc1,1,"Non-corrosive, Non-irritant, Sensitizer",1,non-carcinogen,0,0.741913676,0.727592587,0.904937744,0.999655426,0.914832056,0.999855101,2.20688199,yes,1,no,no,no
5788,O=C(Cc1ccc(Oc2nc3ccccc3s2)cc1)NCCc1ccc(F)cc1,1,"Non-corrosive, Non-irritant, Sensitizer",1,non-carcinogen,0,0.851206422,0.781786263,0.954831362,0.999999821,0.832143307,0.999891639,2.044395057,yes,1,no,no,no
15100,O=C(Cc1ccc(Oc2nc3cc(C(F)(F)F)ccc3s2)cc1F)NCCc1ccc(F)cc1,0,"Non-corrosive, Non-irritant, Non-sensitizer",0,non-carcinogen,0,0.479856044,0.741675079,0.379612893,0.995999575,0.791538715,0.998829663,2.46112965,no,0,yes,no,no
10437,CN(Cc1ccccc1)c1nc2c(c(=O)[nH]c(=O)n2C)n1Cc1ccccc1,0,"Non-corrosive, Non-irritant, Non-sensitizer",0,non-carcinogen,0,0.087523557,0.056610644,0.054723818,0.000235248,0.085377611,0.034196556,2.292432929,no,0,yes,no,no
1556,CCOC(=O)N1CCN(C(=O)c2cc(-c3ccc(OCC)cc3)nc3ccccc23)CC1,1,"Non-corrosive, Non-irritant, Non-sensitizer",0,non-carcinogen,0,0.797964454,0.67298764,0.87111783,0.999893486,0.546658039,0.812378883,2.062422278,yes,1,yes,no,no
12561,O=S1(=O)CCC(S(=O)(=O)N2CCCCCC2)C1,0,"Non-corrosive, Non-irritant, Sensitizer",1,non-carcinogen,0,0.220998168,0.057831265,0.079067275,0.741059721,0.027531708,0.999238908,2.877738556,no,0,no,no,no
293,CC(Nc1ccccc1)c1cc(Cl)ccc1O,1,"Non-corrosive, Non-irritant, Non-sensitizer",0,non-carcinogen,0,0.835058451,0.843446195,0.757130146,0.992302358,0.916009784,0.651931345,2.184979268,yes,1,yes,no,no
2980,O=C(CCl)N(Cc1ccccc1)c1ccccc1,1,"Non-corrosive, Non-irritant, Sensitizer",1,carcinogen,1,0.845696509,0.952705383,0.91238451,0.999974549,0.989060879,0.958775759,1.703787024,yes,1,no,yes,no
4391,COC(=O)c1ccc(Cl)cc1N(Cc1c(F)cccc1Cl)S(C)(=O)=O,1,"Non-corrosive, Non-irritant, Non-sensitizer",0,non-carcinogen,0,0.489957541,0.745199263,0.906021357,0.000288698,0.749518454,0.342512161,2.283535966,no,0,yes,no,no
4928,Fc1ccc(NCc2ccccc2F)cc1Cl,1,"Non-corrosive, Non-irritant, Sensitizer",1,non-carcinogen,0,0.597609639,0.748422503,0.848887205,0.002311082,0.458679169,0.021507293,1.669500236,no,0,no,yes,no
13287,COc1ccc(CNc2ccc(S(N)(=O)=O)cc2)c(OC)c1OC,0,"Non-corrosive, Non-irritant, Sensitizer",1,non-carcinogen,0,0.374848813,0.38556549,0.110024527,0.996949255,0.904082298,0.300626367,1.992232105,no,0,no,yes,no
15481,C=CCOc1c(CNc2cccc(C(=O)O)c2)cccc1OC,0,"Non-corrosive, Non-irritant, Sensitizer",1,non-carcinogen,0,0.537832856,0.508732557,0.103557624,0.026349578,0.960524559,0.006614441,2.025257643,no,0,no,no,no
8479,Cn1c(N)c(C(=O)CSc2nc3ccccc3n2-c2ccccc2)c(=O)n(C)c1=O,0,"Non-corrosive, Non-irritant, Non-sensitizer",0,non-carcinogen,0,0.201902151,0.327794611,0.07315252,0.652118385,0.424911708,0.530537128,2.326735571,no,0,yes,no,no
927,NC(=O)c1ccc(-c2ccc(Br)cc2)o1,1,"Non-corrosive, Non-irritant, Non-sensitizer",0,carcinogen,1,0.568773091,0.634697914,0.955641866,0.089913853,0.267380118,0.999860704,1.923307844,no,0,no,yes,no
1235,O=C(O)c1ccc(-c2ccc(Cl)cc2Cl)o1,1,"Non-corrosive, Irritant, Sensitizer",1,non-carcinogen,0,0.500218749,0.302146465,0.572886586,0.998948932,0.35809204,0.943303764,1.909332042,no,0,no,yes,no
1932,COc1ccc(-c2ccc(C(=O)O)o2)c([N+](=O)[O-])c1,1,"Non-corrosive, Non-irritant, Sensitizer",1,non-carcinogen,0,0.868586898,0.919766903,0.957707524,0.998722017,0.82522881,0.9996894,2.068134446,yes,1,no,no,no
4392,CC(C)(C)NC(=S)N/N=C\c1ccc(-c2ccc([N+](=O)[O-])cc2)o1,1,"Non-corrosive, Non-irritant, Non-sensitizer",0,non-carcinogen,0,0.941516936,0.982323766,0.991461754,0.999996841,0.99999851,0.999998569,2.455799238,yes,1,yes,no,no
10455,CC(=O)Nc1ccccc1-c1ccc(C)o1,0,"Non-corrosive, Non-irritant, Sensitizer",1,non-carcinogen,0,0.433837891,0.447782844,0.142839,0.466759324,0.782019675,0.993126273,1.829194629,no,0,no,yes,no
11023,O=C(O)c1ccc(-c2ccccc2C(F)(F)F)o1,0,"Non-corrosive, Irritant, Non-sensitizer",1,non-carcinogen,0,0.376970828,0.17766425,0.109644219,0.002216734,0.545907736,0.975967467,2.02875169,no,0,no,no,no
13378,O=C(O)c1ccc(-c2ccccc2Cl)o1,0,"Non-corrosive, Irritant, Sensitizer",1,non-carcinogen,0,0.474961996,0.302146465,0.414400071,0.998806179,0.35809204,0.92339766,1.783662789,no,0,no,yes,no
15479,CC(=O)c1cc(OC(=O)c2ccncc2)ccc1OC(=O)c1ccncc1,0,"Non-corrosive, Non-irritant, Sensitizer",1,non-carcinogen,0,0.435008585,0.544436038,0.208455041,0.994097173,0.782562613,0.143820331,2.182261626,no,0,no,no,no
3971,O=C(/C=C/c1cccc([N+](=O)[O-])c1)c1cccs1,1,"Non-corrosive, Irritant, Sensitizer",1,non-carcinogen,0,0.920573294,0.964921653,0.974628627,0.98997581,0.977011144,0.999983966,2.106029906,yes,1,no,no,no
11569,OCC1(CO)COC(c2cccnc2)N1,0,"Non-corrosive, Non-irritant, Non-sensitizer",0,non-carcinogen,0,0.266398996,0.119711004,0.080135427,0.80580622,0.007799233,0.000171695,3.61322975,no,0,yes,no,no
2262,CC(C)n1c(SCc2ccccc2F)nc2c1c(=O)n(C)c(=O)n2C,1,"Non-corrosive, Non-irritant, Sensitizer",1,non-carcinogen,0,0.270800829,0.247162431,0.55065155,3.91E-06,0.003406609,0.012282117,2.420090376,no,0,no,no,no
9419,CC(C)n1c(SCc2ccc(Cl)cc2)nc2c1c(=O)[nH]c(=O)n2C,0,"Non-corrosive, Non-irritant, Non-sensitizer",0,non-carcinogen,0,0.239663392,0.310627967,0.087981142,0.00406372,0.00807886,0.043781962,2.403798538,no,0,yes,no,no
9935,C/C=C/Cn1c(SCc2ccccc2)nc2c1c(=O)[nH]c(=O)n2C,0,"Non-corrosive, Non-irritant, Sensitizer",1,non-carcinogen,0,0.101004355,0.066494085,0.01965709,0.00010307,0.087858707,0.01692808,2.496228958,no,0,no,no,no
10184,COCCn1c(SCc2ccccc2Cl)nc2c1c(=O)[nH]c(=O)n2C,0,"Non-corrosive, Non-irritant, Sensitizer",1,non-carcinogen,0,0.082641795,0.087141916,0.084060088,3.58E-05,0.1237159,0.059575077,2.383529258,no,0,no,no,no
10337,C/C=C/Cn1c(SCc2ccc(Cl)cc2)nc2c1c(=O)[nH]c(=O)n2C,0,"Non-corrosive, Non-irritant, Non-sensitizer",0,non-carcinogen,0,0.124908112,0.080334544,0.026158817,0.00015617,0.045963917,0.030316941,2.5559475,no,0,yes,no,no
11426,C/C(Cl)=C/Cn1c(SCc2ccc(Cl)cc2)nc2c1c(=O)[nH]c(=O)n2C,0,"Non-corrosive, Non-irritant, Non-sensitizer",0,non-carcinogen,0,0.123370826,0.083271131,0.026183069,0.000611032,0.035440948,0.022297056,2.635777566,no,0,yes,no,no
3435,Cc1ccc(C)c(NP(=O)(Oc2ccccc2)Oc2ccccc2)c1,1,"Non-corrosive, Irritant, Sensitizer",1,non-carcinogen,0,0.667038918,0.55719769,0.954472661,0.86147362,0.046714246,0.992616355,2.160110852,no,0,no,no,no
12892,Cn1c(=O)c2c(nc(CN3CCOCC3)n2CC(=O)c2ccccc2)n(C)c1=O,0,"Non-corrosive, Non-irritant, Sensitizer",1,non-carcinogen,0,0.061641004,0.045013823,0.03122423,3.83E-07,0.051741797,0.035166506,2.375809762,no,0,no,no,no
1107,COc1ccc2[nH]c(C)c(CCN3C(=O)C4C5C=CC(C5)C4C3=O)c2c1,1,"Non-corrosive, Non-irritant, Non-sensitizer",0,non-carcinogen,0,0.582918704,0.839909792,0.932696998,0.012449138,0.793956757,0.865533233,4.260727574,no,0,yes,no,no
6229,O=C(NC1CCN(CC(F)(F)F)CC1)c1ccc(Oc2ccccc2)nc1,1,"Non-corrosive, Non-irritant, Sensitizer",1,non-carcinogen,0,0.862821162,0.760893583,0.89030236,0.999993801,0.826150835,0.982074618,2.180752935,yes,1,no,no,no
10163,CCc1c(C)nc2ncnn2c1N1CCC(C(=O)NCc2cccc(OC)c2)CC1,0,"Non-corrosive, Non-irritant, Sensitizer",1,non-carcinogen,0,0.151307404,0.091112815,0.036183003,0.23714675,0.055561349,0.04478731,2.472866162,no,0,no,no,no
2842,O=C(Nc1cccnc1)c1sc2cccc(F)c2c1Cl,1,"Non-corrosive, Non-irritant, Sensitizer",1,non-carcinogen,0,0.630833507,0.907271326,0.963988543,0.982281566,0.995508194,0.999663353,2.155506889,yes,1,no,no,no
4503,CCCCC[C@H](O)/C=C/[C@H]1CCC(=O)[C@@H]1CCCCCCC(=O)N1CCCCC1CO,1,"Non-corrosive, Non-irritant, Sensitizer",1,non-carcinogen,0,0.816405475,0.783515334,0.88521874,0.999999881,0.965590358,0.99941957,3.818149059,yes,1,no,no,no
4432,CCOc1ccc(CN2CCCC(CO)(Cc3ccccc3F)C2)cc1,1,"Non-corrosive, Non-irritant, Non-sensitizer",0,non-carcinogen,0,0.694760859,0.674019396,0.864345968,0.009367977,0.964705288,0.023264837,2.603857483,no,0,yes,no,no
3662,COc1cccc(CN(C)C(=O)C(CCSC)NS(=O)(=O)c2ccc3c(c2)OCCO3)c1OC,1,"Non-corrosive, Non-irritant, Non-sensitizer",0,non-carcinogen,0,0.591049373,0.422340453,0.901747525,0.998842299,0.077229545,0.496061206,2.993014204,no,0,yes,no,no
9796,O=S(=O)(c1cccs1)n1cccn1,0,"Non-corrosive, Irritant, Sensitizer",1,non-carcinogen,0,0.288388997,0.076248348,0.031842638,1.23E-05,0.016423825,0.000528656,2.595685072,no,0,no,no,no
5684,OCCc1[nH]c(-c2c(F)cccc2Cl)nc1-c1ccc(C#Cc2ccccc2)nc1,1,"Non-corrosive, Non-irritant, Non-sensitizer",0,non-carcinogen,0,0.904571474,0.85480094,0.977359474,0.99994278,0.258633941,0.999399006,2.729596579,no,0,yes,no,no
6342,Cc1[nH]c(-c2c(F)cccc2Cl)nc1-c1ccc(C#Cc2ccccc2)nc1,1,"Non-corrosive, Non-irritant, Non-sensitizer",0,non-carcinogen,0,0.946238637,0.890666008,0.980264783,0.999997675,0.905755103,0.999797821,2.554576775,yes,1,yes,no,no
6708,Fc1cccc(Cl)c1-c1nc(-c2ccc(C#Cc3ccccc3)nc2)c(Cl)[nH]1,1,"Non-corrosive, Non-irritant, Non-sensitizer",0,non-carcinogen,0,0.926239371,0.906097412,0.96020937,0.999025822,0.973472416,0.999551892,2.633075921,yes,1,yes,no,no
6908,Fc1cccc(Cl)c1-c1nc(-c2ccc(C#Cc3ccccc3)nc2)c(Br)[nH]1,1,"Non-corrosive, Non-irritant, Non-sensitizer",0,non-carcinogen,0,0.924727678,0.877666354,0.978171408,0.999989033,0.956544816,0.999436975,2.723202416,yes,1,yes,no,no
11475,CC(Sc1nc(-c2ccccc2)cc(C(F)(F)F)n1)C(=O)NCCN1CCOCC1,0,"Non-corrosive, Non-irritant, Sensitizer",1,non-carcinogen,0,0.296610773,0.106138483,0.037998479,0.000208166,0.16092819,0.003935964,2.82418742,no,0,no,no,no
12273,CCCn1c(CCC(=O)O)ccc1-c1cccs1,0,"Non-corrosive, Non-irritant, Sensitizer",1,non-carcinogen,0,0.243334144,0.141772881,0.058634587,0.059101146,0.063485399,0.998182714,2.410262485,no,0,no,no,no
3849,Cc1[nH]n(-c2ccccc2)c(=O)c1N=Nc1nccs1,1,"Non-corrosive, Non-irritant, Non-sensitizer",0,carcinogen,1,0.5923841,0.604970992,0.924184382,0.995077908,0.198788062,0.319193721,2.870685026,no,0,no,no,no
12276,Cc1nn(CC(=O)Nc2nnc(CC(=O)N3CCCC3)s2)c(=O)c2ccccc12,0,"Non-corrosive, Non-irritant, Non-sensitizer",0,non-carcinogen,0,0.138926595,0.114752844,0.02392217,1.92E-05,0.055932343,0.211717531,2.357640825,no,0,yes,no,no
9623,CC(C(=O)N1c2ccc(F)cc2CCC1C)N1C(=O)c2ccccc2C1=O,0,"Non-corrosive, Non-irritant, Sensitizer",1,non-carcinogen,0,0.490404725,0.35603103,0.037574884,0.998730242,0.391248286,0.04580937,3.004885853,no,0,no,no,no
7224,C=C/C(C)=C\C[C@@H]1[C@@](C)(O)[C@H](O)[C@@H](O)[C@@H]2C(C)(C)CCC[C@]21C,1,"Non-corrosive, Irritant, Non-sensitizer",1,non-carcinogen,0,0.93138653,0.993189871,0.997957945,0.999414325,1,0.999999702,4.738309367,yes,1,no,no,no
7225,C=C/C(C)=C\CC1C(C)(O)C(O)C(OC(C)=O)C2C(C)(C)CCCC21C,1,"Non-corrosive, Non-irritant, Sensitizer",1,carcinogen,1,0.907276511,0.994932711,0.999202907,0.999580324,0.999603748,0.999999642,4.733593518,yes,1,no,no,no
7295,CC(C)(O)[C@@H]1CC[C@@]2(C)CCC[C@@](C)(O)[C@@H]2C1,1,"Non-corrosive, Non-irritant, Non-sensitizer",0,non-carcinogen,0,0.86938256,0.970106483,0.971651793,0.999882877,1,0.999899387,4.062788126,yes,1,yes,no,no
7381,C=C[C@](C)(O)CC[C@@H]1[C@@]2(C)CCCC(C)(C)[C@@H]2CC[C@@]1(C)O,1,"Non-corrosive, Non-irritant, Non-sensitizer",0,non-carcinogen,0,0.894491434,0.989135504,0.989637613,0.999929428,0.999999285,0.999986887,4.352373364,yes,1,yes,no,no
7440,C/C(=C\CO)[C@H](O)C[C@@H]1[C@@]2(C)CCCC(C)(C)[C@@H]2CC[C@@]1(C)O,1,"Non-corrosive, Non-irritant, Non-sensitizer",0,non-carcinogen,0,0.931909144,0.994571388,0.996291995,0.999210656,1,0.999998868,4.507135325,yes,1,yes,no,no
7704,C/C(=C\CC/C(C)=C/CC/C(C)=C/CC[C@@H]1[C@@]2(C)CC[C@H](O)C(C)(C)[C@H]2CC[C@@]1(C)O)CO,1,"Non-corrosive, Non-irritant, Non-sensitizer",0,non-carcinogen,0,0.950356185,0.994571388,0.997733712,0.999998808,1,0.999999285,4.522150555,yes,1,yes,no,no
7706,C/C(=C\CC/C(C)=C/CC[C@@H]1[C@@]2(C)CC[C@H](O)C(C)(C)[C@H]2CC[C@@]1(C)O)CC/C=C(\C)C(=O)O,1,"Non-corrosive, Non-irritant, Non-sensitizer",0,non-carcinogen,0,0.962604344,0.976371527,0.997396231,0.999998689,0.991070271,0.999999464,4.488099561,yes,1,yes,no,no
7710,CC(C)=CCC/C(C)=C/CC/C(C)=C/CC[C@@H]1[C@@]2(C)CC[C@H](O)C(C)(C)[C@H]2CC[C@@]1(C)O,1,"Non-corrosive, Non-irritant, Sensitizer",1,non-carcinogen,0,0.973631561,0.988115907,0.996954203,0.999999106,0.999992967,0.999989033,4.415230021,yes,1,no,no,no
7823,CC(C)(O)[C@@H]1CC[C@@]2(C)CCC[C@](C)(O)[C@@H]2C1,1,"Non-corrosive, Non-irritant, Sensitizer",1,non-carcinogen,0,0.86938256,0.970106483,0.971651793,0.999882877,1,0.999899387,4.062788126,yes,1,no,no,no
8157,C/C(=C/C[C@@H]1[C@@]2(C)CCCC(C)(C)[C@@H]2CC[C@@]1(C)O)[C@H](O)CO,1,"Non-corrosive, Non-irritant, Sensitizer",1,non-carcinogen,0,0.928557992,0.996500134,0.995094538,0.999997854,1,0.999999702,4.480237469,yes,1,no,no,no
8160,C/C(=C\CO)[C@@H](O)C[C@@H]1[C@@]2(C)CCCC(C)(C)[C@@H]2CC[C@@]1(C)O,1,"Non-corrosive, Non-irritant, Non-sensitizer",0,non-carcinogen,0,0.931909144,0.994571388,0.996291995,0.999210656,1,0.999998868,4.507135325,yes,1,yes,no,no
1181,Cc1ccccc1Cn1ccc(NC(=O)c2cnn3c2NC(c2ccccc2)CC3C(F)(F)F)n1,1,"Non-corrosive, Non-irritant, Non-sensitizer",0,carcinogen,1,0.492886096,0.571912289,0.828741372,2.63E-06,0.184058219,0.009349843,3.648799031,no,0,no,no,no
8567,Cc1ccc(S(=O)(=O)N2CCCCC2)cc1NC(=O)CCNC(=O)c1ccc([N+](=O)[O-])cc1,0,"Non-corrosive, Non-irritant, Non-sensitizer",0,non-carcinogen,0,0.427663028,0.233540878,0.145380765,0.999890924,0.950125933,0.300992757,2.118399072,no,0,yes,no,no
8609,COc1ccc(S(=O)(=O)N2CCCCC2)cc1NC(=O)CCNC(=O)c1ccc(Cl)cc1,0,"Non-corrosive, Non-irritant, Non-sensitizer",0,non-carcinogen,0,0.184393212,0.136224225,0.023655362,4.50E-05,0.395054549,0.007669281,2.009610973,no,0,yes,no,no
8661,COc1ccc(NC(=O)CCNC(=O)c2ccccc2Cl)cc1S(=O)(=O)N1CCCCC1,0,"Non-corrosive, Non-irritant, Non-sensitizer",0,non-carcinogen,0,0.19693917,0.169652775,0.067085899,0.104775451,0.421683222,0.123587921,2.054272512,no,0,yes,no,no
11452,COc1ccc2cc(C)c(SCC(=O)Nc3cc(C)on3)nc2c1,0,"Non-corrosive, Non-irritant, Non-sensitizer",0,carcinogen,1,0.195838198,0.239348292,0.065125264,6.29E-05,0.223344967,0.1324597,2.302533483,no,0,no,no,no
11815,CCc1cc2ccccc2nc1SCC(=O)Nc1cc(C)on1,0,"Non-corrosive, Non-irritant, Non-sensitizer",0,carcinogen,1,0.168608129,0.13066785,0.036913924,0.000237962,0.06870468,0.021881606,2.242927186,no,0,no,no,no
3583,O=C(Nc1ccc(Cl)c(Cl)c1)Nc1ccon1,1,"Non-corrosive, Non-irritant, Sensitizer",1,non-carcinogen,0,0.722742915,0.636966288,0.905242205,0.999963284,0.236458838,0.999092937,2.08549062,no,0,no,no,no
11645,O=C(Cn1c(C(=O)NCC2CCCO2)cc2sccc21)c1ccccc1,0,"Non-corrosive, Non-irritant, Non-sensitizer",0,non-carcinogen,0,0.152011991,0.144665658,0.019839292,1.34E-07,0.195535883,0.025447018,2.757752601,no,0,yes,no,no
1949,CC(=O)NS(=O)(=O)c1ccc(NC(=O)/C=C/c2ccc(C)o2)cc1,1,"Non-corrosive, Non-irritant, Non-sensitizer",0,non-carcinogen,0,0.81468904,0.883752584,0.971545458,0.999999762,0.971871555,0.984158576,2.208057979,yes,1,yes,no,no
15560,COc1cc2c(cc1OC)CN(C(=O)CSc1n[nH]c(N)n1)CC2,0,"Non-corrosive, Non-irritant, Non-sensitizer",0,non-carcinogen,0,0.083652914,0.220268115,0.05899708,3.00E-05,0.138206616,0.240084931,2.430781447,no,0,yes,no,no
13860,CCOc1ccccc1N1CCN(C(=O)c2cc3c(s2)CCC3)CC1,0,"Non-corrosive, Non-irritant, Sensitizer",1,non-carcinogen,0,0.265703052,0.407810658,0.040080287,1.08E-05,0.62456733,0.63508451,2.114721626,no,0,no,no,no
7427,O=C1CC[C@H]2c3cc(O)c(O)cc3CCN12,1,"Non-corrosive, Non-irritant, Sensitizer",1,non-carcinogen,0,0.599608183,0.798761666,0.9696064,0.9958148,0.224812865,0.064800709,2.913140777,no,0,no,no,no
7881,O=C1CCC2c3cc(O)c(O)cc3CCN12,1,"Non-corrosive, Non-irritant, Sensitizer",1,non-carcinogen,0,0.599608183,0.798761666,0.9696064,0.9958148,0.224812865,0.064800709,2.913140777,no,0,no,no,no
8470,CCOc1ccc(S(=O)(=O)N2CCN(C(=O)c3ccccc3Cc3ccccc3)CC2)cc1,0,"Non-corrosive, Non-irritant, Non-sensitizer",0,non-carcinogen,0,0.144869745,0.106287763,0.061482511,3.72E-05,0.311632067,0.00160899,2.003127037,no,0,yes,no,no
8168,COc1cc([C@@H]2Oc3cc4c(cc3[C@H]2CO)-c2c(cc(O)cc2OC)CC4)ccc1O,1,"Non-corrosive, Non-irritant, Non-sensitizer",0,carcinogen,1,0.973377347,0.955408096,0.994381964,0.999999821,0.993810356,0.999992847,3.544824567,yes,1,no,no,no
4849,CCn1nnnc1SCC(=O)Nc1sc(C)c(C)c1C#N,1,"Non-corrosive, Non-irritant, Non-sensitizer",0,carcinogen,1,0.08115457,0.112707354,0.554755867,7.54E-06,0.002213838,0.000178848,2.52357996,no,0,no,no,no
11404,CCOC(=O)c1c(NC(=O)CSc2nnnn2C)sc(C)c1C,0,"Non-corrosive, Non-irritant, Sensitizer",1,carcinogen,1,0.101497792,0.077958934,0.076978572,8.36E-07,0.055569731,0.018467961,2.334122191,no,0,no,no,no
11839,Cc1cc(=O)n2c3c(cccc13)CCC2,0,"Non-corrosive, Non-irritant, Sensitizer",1,non-carcinogen,0,0.250833929,0.255227357,0.034352489,0.000408112,0.404298902,0.009304179,2.195322743,no,0,no,no,no
15458,CCCCCCNC(=O)c1c(O)c2cccc3c2n(c1=O)CCC3,0,"Non-corrosive, Non-irritant, Sensitizer",1,non-carcinogen,0,0.100404732,0.209116057,0.011591957,2.85E-05,0.140791178,0.024907105,2.326092306,no,0,no,no,no
881,CC(C(=O)O)c1ccc(-c2cccc(OC(=O)NCc3ccccc3)c2)c(F)c1,1,"Non-corrosive, Non-irritant, Sensitizer",1,non-carcinogen,0,0.550393522,0.522521734,0.737452328,0.435134679,0.323785186,0.430587947,2.519425779,no,0,no,no,no
7208,C=C1C(=O)O[C@H]2C[C@H](C)[C@@H]3CC(=O)C(C)=C3C[C@H]12,1,"Non-corrosive, Non-irritant, Non-sensitizer",0,carcinogen,1,0.754926264,0.997754395,0.99836868,0.999999464,1,0.999999642,4.315150974,yes,1,no,no,no
2173,O=C(NCCN1CCN(c2ccccc2)CC1)c1cccc(Br)c1,1,"Non-corrosive, Non-irritant, Sensitizer",1,non-carcinogen,0,0.542010188,0.425741941,0.756910682,0.013800834,0.359658986,0.298401088,1.75350643,no,0,no,yes,no
441,Cc1cc(C(=O)COC(=O)C2CC2)c(C)n1-c1ccc(F)cc1,1,"Non-corrosive, Non-irritant, Non-sensitizer",0,non-carcinogen,0,0.62485534,0.709014773,0.9013322,0.188792884,0.793489993,0.353931189,2.025484828,no,0,yes,no,no
13329,COCCn1c(C)cc2c(c1=O)C(c1ccccc1F)C(C#N)=C(N)O2,0,"Non-corrosive, Non-irritant, Non-sensitizer",0,non-carcinogen,0,0.253679782,0.268537283,0.056858286,0.000226549,0.113804713,0.070933513,3.014055637,no,0,yes,no,no
15761,COC(=O)c1ccc(C2C(C#N)=C(N)Oc3cc(C)n(C)c(=O)c32)cc1,0,"Non-corrosive, Non-irritant, Non-sensitizer",0,non-carcinogen,0,0.291664422,0.130269468,0.04426495,0.0008685,0.031123448,0.014584038,2.931763113,no,0,yes,no,no
33,COCc1[nH]nc2c1C(c1ccccc1Cl)C(C#N)=C(N)O2,1,"Non-corrosive, Non-irritant, Non-sensitizer",0,non-carcinogen,0,0.488163143,0.702748299,0.872209549,2.88E-05,0.990384519,0.175402448,3.144606081,no,0,yes,no,no
9056,CCCc1[nH]nc2c1C(c1ccccc1OCC)C(C#N)=C(N)O2,0,"Non-corrosive, Non-irritant, Non-sensitizer",0,non-carcinogen,0,0.161634997,0.070184596,0.059477456,4.65E-06,0.031172475,0.421497852,3.072970943,no,0,yes,no,no
9619,CCCc1[nH]nc2c1C(c1ccccc1OC)C(C#N)=C(N)O2,0,"Non-corrosive, Non-irritant, Non-sensitizer",0,non-carcinogen,0,0.165996596,0.127769724,0.051171996,1.48E-05,0.04342737,0.362324268,3.048757873,no,0,yes,no,no
13560,C=CCn1c(SCC(=O)NCCOC)nc2scc(-c3ccco3)c2c1=O,0,"Non-corrosive, Non-irritant, Non-sensitizer",0,non-carcinogen,0,0.063832179,0.197688043,0.010305776,0.001102531,0.338637471,0.034947541,2.59513775,no,0,yes,no,no
13567,C=CCn1c(SCC(=O)NCCCC)nc2scc(-c3ccco3)c2c1=O,0,"Non-corrosive, Non-irritant, Non-sensitizer",0,non-carcinogen,0,0.075697377,0.162542254,0.014396423,0.071575105,0.251377106,0.039053079,2.554658429,no,0,yes,no,no
3286,O=C(/C=C/c1ccccc1[N+](=O)[O-])N1CCOCC1,1,"Non-corrosive, Non-irritant, Sensitizer",1,carcinogen,1,0.924472392,0.937863111,0.954651296,0.999891281,0.995002866,0.632358491,2.111561764,yes,1,no,no,no
1813,Cc1ccc(-n2nnnc2C(Cl)(Cl)c2nnnn2-c2ccc(C)cc2)cc1,1,"Non-corrosive, Non-irritant, Sensitizer",1,carcinogen,1,0.610937655,0.60205251,0.902978301,0.06330651,0.356849998,0.996234953,2.694932555,no,0,no,no,no
1848,ClC(Cl)(c1nnnn1-c1ccccc1)c1nnnn1-c1ccccc1,1,"Non-corrosive, Non-irritant, Sensitizer",1,non-carcinogen,0,0.344975561,0.588011682,0.90798682,0.000111174,0.746065378,0.756255805,2.619233744,no,0,no,no,no
13737,CCOC(=O)c1cc(=O)n2nc(-c3ccc(C)cc3)nc2s1,0,"Non-corrosive, Non-irritant, Sensitizer",1,non-carcinogen,0,0.427032948,0.263700336,0.09613581,0.998381197,0.289150089,0.600585759,2.233384896,no,0,no,no,no
12530,O=C(CSc1nnc(-c2ccc(S(=O)(=O)N3CCCC3)cc2)o1)NCc1ccco1,0,"Non-corrosive, Non-irritant, Non-sensitizer",0,non-carcinogen,0,0.031941835,0.039028071,0.008770208,8.80E-08,0.04354053,0.018078428,2.311897905,no,0,yes,no,no
9160,CC(=O)c1c(C)n(-c2ccccc2)c2ccc(OCC(O)CN3CCOCC3)cc12,0,"Non-corrosive, Non-irritant, Non-sensitizer",0,non-carcinogen,0,0.276326001,0.404856265,0.353524923,3.37E-05,0.399136454,0.393174857,2.755274241,no,0,yes,no,no
10487,CCOC(=O)c1cc2sccc2n1CCCN1C(=O)c2ccccc2C1=O,0,"Non-corrosive, Non-irritant, Sensitizer",1,non-carcinogen,0,0.148934841,0.134383053,0.024611052,0.000490313,0.11026179,0.025975307,2.335970118,no,0,no,no,no
5990,N#Cc1cc(Nc2ncc3c(n2)CCCCC3=O)cs1,1,"Non-corrosive, Non-irritant, Sensitizer",1,non-carcinogen,0,0.700929165,0.459468037,0.898659945,0.999971867,0.173821047,0.999429226,2.919256379,no,0,no,no,no
15079,COc1ccc(C(OC(=O)c2ccco2)C(=O)NCc2ccco2)cc1,0,"Non-corrosive, Non-irritant, Non-sensitizer",0,non-carcinogen,0,0.132723823,0.089878485,0.012454245,2.46E-06,0.002986855,0.000922063,2.621947945,no,0,yes,no,no
8900,CCc1c(C)nc(N)n2c(SCC(=O)Nc3ccccc3OC)nnc12,0,"Non-corrosive, Non-irritant, Sensitizer",1,carcinogen,1,0.062639534,0.137941763,0.049445122,3.38E-06,0.149168715,0.624550223,2.430275011,no,0,no,no,no
12079,CCOc1ccccc1NC(=O)CSc1nnc2c(CC)c(C)nc(N)n12,0,"Non-corrosive, Non-irritant, Non-sensitizer",0,carcinogen,1,0.061601236,0.08052028,0.057593618,1.21E-06,0.161748841,0.597064674,2.471540739,no,0,no,no,no
4240,O=c1c(/C=N/OCc2ccc(Cl)cc2Cl)c[nH]n1-c1cccc(Cl)n1,1,"Non-corrosive, Non-irritant, Non-sensitizer",0,non-carcinogen,0,0.733399451,0.805369437,0.884521782,1.87E-05,0.522971272,0.874534786,2.967006599,no,0,yes,no,no
3331,COC(=O)[C@@H]1Cc2c([nH]c3ccccc23)C(C)(C)N1C(=O)CCl,1,"Non-corrosive, Non-irritant, Non-sensitizer",0,non-carcinogen,0,0.691120684,0.974874258,0.969750464,0.94466722,0.998837233,0.273159653,3.290565921,no,0,yes,no,no
7612,COC(=O)C1Cc2c([nH]c3ccccc23)C(C)N1,1,"Non-corrosive, Non-irritant, Sensitizer",1,non-carcinogen,0,0.714643478,0.932991743,0.974031746,0.999612212,0.988313854,0.074156843,3.20388558,no,0,no,no,no
7637,O=C(O)C1Cc2c([nH]c3ccccc23)CN1,1,"Non-corrosive, Non-irritant, Sensitizer",1,non-carcinogen,0,0.44159019,0.731630862,0.9703601,0.995609462,0.91297847,0.434007287,2.878588336,no,0,no,no,no
7638,CC1NC(C(=O)O)Cc2c1[nH]c1ccccc21,1,"Non-corrosive, Non-irritant, Sensitizer",1,non-carcinogen,0,0.682008862,0.859347045,0.979260385,0.999683857,0.974796712,0.094165929,3.185204665,no,0,no,no,no
7654,CCC1NC(C(=O)O)Cc2c1[nH]c1ccccc21,1,"Non-corrosive, Non-irritant, Sensitizer",1,non-carcinogen,0,0.566235065,0.779723406,0.966569781,0.999993026,0.789879382,0.036087427,3.166805037,no,0,no,no,no
14477,CC(C)(C)CNC(=S)Nc1ccc2c(c1)CCN2CCc1ccc(F)cc1,0,"Non-corrosive, Non-irritant, Sensitizer",1,non-carcinogen,0,0.167623878,0.139382064,0.051857948,7.46E-05,0.136532545,0.055809684,2.30455248,no,0,no,no,no
1010,CCOC(=O)c1c(C)c(C(=O)Nc2ccc3c(c2)OCCO3)c(C)n1C,1,"Non-corrosive, Non-irritant, Non-sensitizer",0,non-carcinogen,0,0.362976372,0.366568327,0.911394,0.202996194,0.134939253,0.942692339,2.298771797,no,0,yes,no,no
9746,COc1cccc2c(=O)c(C(=O)NCc3cccs3)c[nH]c12,0,"Non-corrosive, Non-irritant, Non-sensitizer",0,non-carcinogen,0,0.261987597,0.46744588,0.103306964,0.999687433,0.250557721,0.248345867,2.18167061,no,0,yes,no,no
9979,CCOC(=O)Cc1csc(NC(=O)CSc2nnc(-n3nc(C)cc3C)c3ccccc23)n1,0,"Non-corrosive, Non-irritant, Non-sensitizer",0,carcinogen,1,0.117250703,0.209364131,0.089747727,0.000535317,0.498238802,0.151100904,2.660036626,no,0,no,no,no
2003,O=C(O)c1cc(C(=O)O)cc(-c2ccc(/C=c3/sc4nc5ccccc5n4c3=O)o2)c1,1,"Non-corrosive, Non-irritant, Non-sensitizer",0,non-carcinogen,0,0.940572441,0.92498374,0.964563727,0.999993384,0.845953643,0.989161432,2.557235522,yes,1,yes,no,no
4492,O=C(O)c1cc(-c2ccc(/C=c3\sc4nc5ccc(Br)cc5n4c3=O)o2)ccc1Cl,1,"Non-corrosive, Irritant, Non-sensitizer",1,non-carcinogen,0,0.95242238,0.973089099,0.963829577,0.999998152,0.841020167,0.931915522,2.605448331,yes,1,no,no,no
4597,O=C(O)c1ccc(-c2ccc(/C=c3/sc4nc5ccccc5n4c3=O)o2)cc1Cl,1,"Non-corrosive, Irritant, Non-sensitizer",1,non-carcinogen,0,0.946084082,0.946872354,0.962807953,0.999997318,0.835173965,0.983903706,2.464708295,yes,1,no,no,no
11473,COCCn1c(SCCN2CCCCC2)nc2ccccc2c1=O,0,"Non-corrosive, Non-irritant, Sensitizer",1,carcinogen,1,0.197325245,0.160501599,0.187599689,0.099456735,0.128033832,0.929688692,2.090687969,no,0,no,no,no
328,COc1ccc2c(c1)c1ncn(CCN3CCNCC3)c(=O)c1n2C,1,"Non-corrosive, Non-irritant, Non-sensitizer",0,non-carcinogen,0,0.462337404,0.39976415,0.57632798,0.466057301,0.357324898,0.101814777,2.49837239,no,0,yes,no,no
3413,C=CCOc1ccccc1CN(C(=O)CCl)c1ccc2c(c1)OCO2,1,"Non-corrosive, Non-irritant, Sensitizer",1,carcinogen,1,0.909493923,0.917284906,0.866962612,0.999631882,0.709256887,0.639771938,2.409910852,yes,1,no,no,no
9400,COC(=O)C1(C)NC(c2ccco2)C2C(=O)N(c3ccc(C)cc3)C(=O)C21,0,"Non-corrosive, Non-irritant, Non-sensitizer",0,non-carcinogen,0,0.303042948,0.09589909,0.009315992,0.987678945,0.059967864,0.019275153,3.605651199,no,0,yes,no,no
10411,CCCC1(C(=O)OC)NC(c2ccco2)C2C(=O)N(c3ccc(C)cc3)C(=O)C21,0,"Non-corrosive, Non-irritant, Non-sensitizer",0,non-carcinogen,0,0.202248737,0.077606224,0.009303141,0.000304339,0.0453576,0.017486727,3.687835355,no,0,yes,no,no
11542,CCC1(C(=O)OC)NC(c2ccco2)C2C(=O)N(c3ccc(C)cc3)C(=O)C21,0,"Non-corrosive, Non-irritant, Sensitizer",1,non-carcinogen,0,0.187230349,0.075986274,0.009693858,0.001986842,0.043612223,0.022417262,3.652372521,no,0,no,no,no
5912,FC(F)(F)c1cccc(Nc2nc(Nc3ccc(-c4ccsc4)nn3)ncc2Cl)c1,1,"Non-corrosive, Non-irritant, Non-sensitizer",0,non-carcinogen,0,0.771710992,0.713425517,0.916390061,0.997956216,0.606102526,0.009974036,2.624125732,no,0,yes,no,no
1553,CCOC(=O)c1cc2c(N)c(C(=O)c3cc(C#N)c(SC)nc3C)sc2nc1C,1,"Non-corrosive, Non-irritant, Non-sensitizer",0,non-carcinogen,0,0.610575736,0.732990801,0.949914038,0.999984086,0.683713317,0.827349782,2.862394814,yes,1,yes,no,no
13337,COc1ccc(C2=NOC(Cn3c(=O)cc(C)c4ccccc43)C2)c(OC)c1,0,"Non-corrosive, Non-irritant, Non-sensitizer",0,non-carcinogen,0,0.321136206,0.39149946,0.114851519,7.66E-06,0.093572274,0.018633591,2.862075808,no,0,yes,no,no
9768,COC(=O)CCCCC1SCC(NC(=O)OC)C1NC(=O)OC,0,"Non-corrosive, Non-irritant, Sensitizer",1,non-carcinogen,0,0.408605129,0.266406178,0.064299494,0.319519281,0.942564249,0.032775208,3.650631629,no,0,no,no,no
15757,CC(=O)NC1CSCC1OC(C)=O,0,"Non-corrosive, Non-irritant, Sensitizer",1,non-carcinogen,0,0.370643675,0.099166103,0.035543039,0.001030594,0.431610495,0.00103838,3.585154454,no,0,no,no,no
9332,Cc1cc(NC(=O)CCCC(=O)N(CC(=O)NC2CCCCC2)c2ccccc2)no1,0,"Non-corrosive, Non-irritant, Non-sensitizer",0,carcinogen,1,0.116230495,0.055569392,0.015537111,3.46E-07,0.091383524,0.001457053,2.363750549,no,0,no,no,no
15590,CC1CCCN(C(=O)c2ccc3nc[nH]c3c2)C1,0,"Non-corrosive, Non-irritant, Sensitizer",1,non-carcinogen,0,0.260536045,0.391538858,0.191481799,0.003437578,0.729128003,0.009641299,2.540477077,no,0,no,no,no
3718,C[C@]12CC[C@H](O)C[C@H]1CC[C@@H]1[C@@H]2CC[C@]2(C)[C@@H](C3=CC(=O)OC3)CC[C@]12O,1,"Non-corrosive, Non-irritant, Non-sensitizer",0,carcinogen,1,0.937734306,0.996291757,0.998368442,0.999999702,1,0.999998927,4.454671258,yes,1,no,no,no
3720,C[C@]12CC[C@H]3[C@@H](CC[C@]4(O)C[C@@H](O)CC[C@]34C=O)[C@@]1(O)CC[C@@H]2C1=CC(=O)OC1,1,"Non-corrosive, Non-irritant, Non-sensitizer",0,carcinogen,1,0.975189209,0.99193573,0.998078108,0.999999285,0.99999994,0.999998748,4.821257114,yes,1,no,no,no
10706,O=C(CC1Nc2ccccc2NC1=O)NC1CCCCC1,0,"Non-corrosive, Non-irritant, Non-sensitizer",0,non-carcinogen,0,0.204097196,0.111302175,0.09723033,0.000345941,0.015236834,0.005919932,2.658465733,no,0,yes,no,no
13964,Cc1cc(Cl)ccc1NC(=O)Cn1nnc2sc3c(c2c1=O)CCCC3,0,"Non-corrosive, Non-irritant, Non-sensitizer",0,non-carcinogen,0,0.126173437,0.298226297,0.092234977,2.29E-05,0.652289391,0.624785602,2.349693523,no,0,yes,no,no
11265,CC(OC(=O)c1nsc(Cl)c1Cl)C(=O)NCc1cccs1,0,"Non-corrosive, Non-irritant, Sensitizer",1,non-carcinogen,0,0.197412267,0.190571681,0.034299113,9.38E-05,0.69072938,0.000372607,3.013980644,no,0,no,no,no
8682,COc1cc(C2Nc3ccccc3C(=O)N2c2ccccc2OC)ccc1O,0,"Non-corrosive, Non-irritant, Non-sensitizer",0,non-carcinogen,0,0.492003918,0.405241519,0.04533124,0.999937952,0.166309759,0.069887348,2.641965231,no,0,yes,no,no
11759,CCOC(=O)c1ccccc1NC(=O)c1cc2sccc2n1C,0,"Non-corrosive, Non-irritant, Sensitizer",1,non-carcinogen,0,0.13438946,0.278601497,0.067214206,0.806387126,0.365415573,0.094901316,2.112695039,no,0,no,no,no
12414,COc1cc(NC(=O)c2cc3sccc3n2C)cc(OC)c1,0,"Non-corrosive, Non-irritant, Non-sensitizer",0,non-carcinogen,0,0.29243207,0.340496063,0.026279811,0.997488439,0.139267877,0.038368817,2.200292588,no,0,yes,no,no
12998,Cc1cc(N2CCc3ccccc32)n2ncnc2n1,0,"Non-corrosive, Non-irritant, Sensitizer",1,carcinogen,1,0.152998865,0.165486991,0.025293978,5.56E-06,0.234641522,0.003368941,2.505248394,no,0,no,no,no
15602,O=C(Nc1ccc2oc(=O)ccc2c1)c1ccco1,0,"Non-corrosive, Non-irritant, Sensitizer",1,non-carcinogen,0,0.249798343,0.221795842,0.079616286,0.031304173,0.173544213,0.001111171,1.962293139,no,0,no,yes,no
12624,CCOC(=O)c1ccc2c(c1)N(CC(=O)N1CCCC1)C(=O)C(C)(C)O2,0,"Non-corrosive, Non-irritant, Sensitizer",1,non-carcinogen,0,0.1826846,0.129763916,0.036123179,5.16E-06,0.011334302,0.000129375,2.302412182,no,0,no,no,no
11867,CCc1nnc(NC(=O)CSc2nnc3ncccn23)s1,0,"Non-corrosive, Non-irritant, Non-sensitizer",0,carcinogen,1,0.087106965,0.065211169,0.012561814,9.80E-08,0.044350453,0.004424955,2.565141981,no,0,no,no,no
14210,CCN1C(=O)c2cccc3c(NC(=O)c4ccc(S(=O)(=O)N5CCOCC5)cc4)ccc1c23,0,"Non-corrosive, Non-irritant, Non-sensitizer",0,non-carcinogen,0,0.238542438,0.170583591,0.122707777,0.999783635,0.251114309,0.622443557,2.283145792,no,0,yes,no,no
9802,CCc1nnc(SCc2ccc(OC(C)C)cc2)n1N,0,"Non-corrosive, Non-irritant, Sensitizer",1,carcinogen,1,0.09685047,0.031172542,0.074386582,0.90739435,0.015567254,0.045803275,2.175894916,no,0,no,no,no
10020,COc1ccc(CSc2nnc(C)n2N)cc1,0,"Non-corrosive, Non-irritant, Non-sensitizer",0,carcinogen,1,0.184252053,0.039963569,0.105055153,0.195818365,0.013556351,0.006098934,2.00164062,no,0,no,no,no
10218,Cn1cnnc1SCc1ccc(C(=O)O)cc1,0,"Non-corrosive, Non-irritant, Non-sensitizer",0,carcinogen,1,0.119911231,0.087962985,0.105909631,0.002883904,0.024250593,0.380308747,1.987736774,no,0,no,yes,no
13655,Cn1cnnc1SCc1ccc(C#N)cc1,0,"Non-corrosive, Non-irritant, Non-sensitizer",0,non-carcinogen,0,0.103136182,0.130646318,0.135501087,0.001579996,0.010961992,0.004022075,2.167014027,no,0,yes,no,no
8120,CCOC(=O)c1c(C(=O)O)cc2cc(O)c(O)cc2c1-c1ccc(O)c(O)c1,1,"Non-corrosive, Non-irritant, Non-sensitizer",0,non-carcinogen,0,0.794978738,0.93054074,0.973951161,0.999887526,0.995449424,0.169536978,2.502146411,no,0,yes,no,no
8121,CCOC(=O)c1cc2cc(O)c(O)cc2c(-c2ccc(O)c(O)c2)c1C(=O)O,1,"Non-corrosive, Non-irritant, Non-sensitizer",0,non-carcinogen,0,0.783444107,0.93054074,0.977564037,0.999895453,0.995449424,0.553683937,2.514380217,yes,1,yes,no,no
8122,CCOC(=O)c1cc(-c2ccc(O)c(O)c2)c2cc(O)c(O)cc2c1,1,"Non-corrosive, Non-irritant, Sensitizer",1,non-carcinogen,0,0.849218786,0.916765332,0.975579262,0.999956489,0.99152422,0.996532798,2.304989029,yes,1,no,no,no
8123,O=C(O)c1cc(-c2ccc(O)c(O)c2)c2cc(O)c(O)cc2c1,1,"Non-corrosive, Irritant, Sensitizer",1,carcinogen,1,0.873637617,0.955031157,0.975540459,0.999970734,0.9999668,0.996947587,2.3036123,yes,1,no,no,no
15492,Cc1cccc(C)c1NC(=O)CN1C(=O)S/C(=C\c2cccn2-c2cccc(C(=O)O)c2)C1=O,0,"Non-corrosive, Non-irritant, Non-sensitizer",0,non-carcinogen,0,0.36556837,0.577865243,0.122667931,0.99990207,0.889989316,0.344236553,2.493993724,no,0,yes,no,no
13862,COc1ccc(C/C(O)=C(\C#N)c2nc3ccccc3s2)cc1,0,"Non-corrosive, Non-irritant, Non-sensitizer",0,non-carcinogen,0,0.58752054,0.780968845,0.19286418,0.999926627,0.97172153,0.999533415,2.425109004,no,0,yes,no,no
8521,CCC(Oc1ccccc1)C(=O)N1CCN(S(=O)(=O)c2ccccc2)CC1,0,"Non-corrosive, Non-irritant, Sensitizer",1,non-carcinogen,0,0.173608378,0.069549352,0.024878176,0.041676145,0.373779237,0.048583355,2.390259802,no,0,no,no,no
8612,CCOc1ccc(S(=O)(=O)N2CCN(C(=O)COc3ccc(Br)cc3)CC2)cc1,0,"Non-corrosive, Non-irritant, Non-sensitizer",0,non-carcinogen,0,0.173908427,0.158846468,0.080526918,0.008922037,0.420265079,0.134912476,1.953441282,no,0,yes,yes,no
8651,O=C(COc1ccc(Cl)cc1)N1CCN(S(=O)(=O)c2cc(F)ccc2F)CC1,0,"Non-corrosive, Non-irritant, Sensitizer",1,non-carcinogen,0,0.165546998,0.262281209,0.038751319,0.000166578,0.234124735,0.002775515,2.024985059,no,0,no,no,no
8658,CCOc1ccc(OCC(=O)N2CCN(S(=O)(=O)c3ccccc3)CC2)cc1,0,"Non-corrosive, Non-irritant, Sensitizer",1,non-carcinogen,0,0.13621521,0.075214252,0.056905918,0.00036644,0.325327337,0.439147621,1.849861391,no,0,no,yes,no
4931,COc1ccc2c(c1)N(C)/C(=C1/SC(=NCc3ccccc3)N(c3ccccc3)C1=O)S2,1,"Non-corrosive, Non-irritant, Non-sensitizer",0,non-carcinogen,0,0.707534373,0.634198308,0.934562027,0.998360634,0.796167791,0.991092265,2.620925018,yes,1,yes,no,no
9776,O=C(CCN1CCN(c2ccccc2)CC1)Nc1nccs1,0,"Non-corrosive, Non-irritant, Sensitizer",1,non-carcinogen,0,0.115094662,0.157477319,0.093214415,1.52E-07,0.150907546,7.94E-05,1.917603121,no,0,no,yes,no
13454,Nn1cc(-c2ccccc2)nc1SCC(=O)N1CCN(S(=O)(=O)c2ccccc2)CC1,0,"Non-corrosive, Non-irritant, Non-sensitizer",0,non-carcinogen,0,0.169775382,0.083610065,0.084189005,2.23E-07,0.056304451,0.007268129,2.290543289,no,0,yes,no,no
15292,O=C1C2CCCN2C(c2ccc(Cl)c(Cl)c2)N1c1ccccn1,0,"Non-corrosive, Non-irritant, Sensitizer",1,non-carcinogen,0,0.415098816,0.398970544,0.106338307,0.995172381,0.499916106,0.57554847,3.164483189,no,0,no,no,no
7848,CCC/C=C1\OC(=O)c2ccccc21,1,"Non-corrosive, Non-irritant, Sensitizer",1,non-carcinogen,0,0.765157759,0.924116373,0.900981903,0.99969244,0.979329944,0.616125166,2.450146355,yes,1,no,no,no
905,O=C(Nc1ccc(F)cc1)N1CCOCC1,1,"Non-corrosive, Non-irritant, Sensitizer",1,non-carcinogen,0,0.270549506,0.43020913,0.709174871,0.000303621,0.104000472,0.962162614,1.643521051,no,0,no,yes,no
9336,COC(=O)c1ccc(NC(=O)N2CCOCC2)cc1,0,"Non-corrosive, Non-irritant, Non-sensitizer",0,non-carcinogen,0,0.141661674,0.174610838,0.216816723,0.000228605,0.178575739,0.006442386,1.704997661,no,0,yes,yes,no
8671,[O-][n+]1ccc(C2CC2)cc1,0,"Non-corrosive, Irritant, Sensitizer",1,non-carcinogen,0,0.57134068,0.280940503,0.230750352,0.989680171,0.99996388,0.0033072,2.730154532,no,0,no,no,no
3828,O=C(Nc1ccccc1)c1nc[nH]c1C(=O)NCCNC(=O)c1[nH]cnc1C(=O)Nc1ccccc1,1,"Non-corrosive, Non-irritant, Non-sensitizer",0,non-carcinogen,0,0.616779208,0.664693832,0.974687278,0.999999642,0.882009089,0.970973969,2.509389106,yes,1,yes,no,no
1630,CCOc1ccc(NC(=O)CSc2nc3ccccc3c(=O)n2Cc2cccs2)cc1,1,"Non-corrosive, Non-irritant, Non-sensitizer",0,non-carcinogen,0,0.542195737,0.457099706,0.923242986,0.995988071,0.525054097,0.035658587,2.098888319,no,0,yes,no,no
1632,Cc1ccc(NC(=O)CSc2nc3ccccc3c(=O)n2Cc2cccs2)cc1,1,"Non-corrosive, Non-irritant, Non-sensitizer",0,carcinogen,1,0.484172285,0.376595289,0.90429008,4.94E-05,0.384397745,0.111193791,2.037525911,no,0,no,no,no
4167,COc1cccc(CNC(=O)CCC2CCCN(c3cc(C)nc(N)n3)C2)c1,1,"Non-corrosive, Non-irritant, Non-sensitizer",0,non-carcinogen,0,0.62297678,0.755677879,0.813546956,0.999851882,0.893485188,0.867283285,2.710839462,yes,1,yes,no,no
4406,CN(c1ccccc1)c1ccc(/C=c2\s/c(=C(/C#N)C(=O)C(C)(C)C)n(Cc3ccco3)c2=O)cc1,1,"Non-corrosive, Non-irritant, Non-sensitizer",0,non-carcinogen,0,0.864792824,0.697443187,0.93741709,0.999995053,0.003183642,0.06365516,2.890930453,no,0,yes,no,no
8623,COCC(C)n1c(C)cc(C(=O)COC(=O)c2nn(C)c(=O)c3ccccc23)c1C,0,"Non-corrosive, Non-irritant, Non-sensitizer",0,non-carcinogen,0,0.330357939,0.444059104,0.118585512,0.999845862,0.415540069,0.969561636,2.905040894,no,0,yes,no,no
15852,CCOc1ccccc1NC(=O)COn1nnc2ccc(Cl)cc21,0,"Non-corrosive, Non-irritant, Non-sensitizer",0,non-carcinogen,0,0.181525394,0.143164843,0.059212297,0.000107044,0.220690712,0.007485631,2.214524443,no,0,yes,no,no
14230,O=C(c1cccc(C(=O)N2CCN(c3ccccc3F)CC2)c1)N1CCN(c2ccccc2F)CC1,0,"Non-corrosive, Non-irritant, Non-sensitizer",0,non-carcinogen,0,0.394178152,0.301813483,0.354742706,0.999411702,0.241937265,0.018581046,2.070645683,no,0,yes,no,no
3681,CC(=O)Nc1sc(C)c(C)c1C(=O)OCC(=O)N(CC(C)C)c1c(N)n(Cc2ccccc2)c(=O)[nH]c1=O,1,"Non-corrosive, Non-irritant, Non-sensitizer",0,non-carcinogen,0,0.533729553,0.731748044,0.901218474,0.99632448,0.639394283,0.163431585,2.693276669,no,0,yes,no,no
12608,CC(C)NC(=O)c1ccc2c(c1)nnn2C,0,"Non-corrosive, Non-irritant, Sensitizer",1,carcinogen,1,0.180591956,0.122490071,0.044252284,0.001593612,0.309443712,0.000270335,2.09335372,no,0,no,no,no
15284,Cn1nnc2cc(C(=O)NC(C)(C)C)ccc21,0,"Non-corrosive, Non-irritant, Sensitizer",1,carcinogen,1,0.130519733,0.094763078,0.041432351,2.57E-06,0.158650205,0.000373365,2.21896792,no,0,no,no,no
13382,Cc1cc(C)c2c(=O)[nH]c(=O)n(Cc3ccccc3)c2n1,0,"Non-corrosive, Non-irritant, Sensitizer",1,non-carcinogen,0,0.214764789,0.146786839,0.071296789,0.001475591,0.279099494,0.448372036,2.040977649,no,0,no,no,no
765,COc1ccccc1-c1ccc(C(=O)NCCc2c(C)[nH]c3ccccc23)cc1,1,"Non-corrosive, Non-irritant, Non-sensitizer",0,non-carcinogen,0,0.942653537,0.946923316,0.988062739,0.999999106,0.996056676,0.950225532,1.954481954,yes,1,yes,yes,yes
790,COc1ccccc1-c1ccc(C(=O)NCCc2c(C)[nH]c3ccccc23)cc1F,1,"Non-corrosive, Non-irritant, Non-sensitizer",0,non-carcinogen,0,0.858527601,0.945474923,0.976783395,0.999991655,0.991697133,0.613717496,2.104917503,yes,1,yes,no,no
13616,Cc1cccc2nc(CSCc3ccco3)cn12,0,"Non-corrosive, Non-irritant, Sensitizer",1,non-carcinogen,0,0.237627879,0.186075926,0.059803717,0.001485681,0.019201893,0.00887851,2.504746631,no,0,no,no,no
15009,CC(C)CNC(=O)[C@H](Cc1ccccc1)NC(=O)c1ccco1,0,"Non-corrosive, Non-irritant, Sensitizer",1,non-carcinogen,0,0.118298255,0.23347491,0.035879053,0.966516435,0.638437033,0.031991318,2.32644024,no,0,no,no,no
4761,c1ccc2[nH]c(NCCCN3CCOCC3)nc2c1,1,"Non-corrosive, Non-irritant, Non-sensitizer",0,carcinogen,1,0.221988991,0.449418187,0.421888411,4.86E-07,0.014242884,3.33E-05,2.102101575,no,0,no,no,no
350,COc1ccnc(Oc2ccccc2)c1C(=O)N/C=N/OCc1ccc(F)cc1Cl,1,"Non-corrosive, Non-irritant, Sensitizer",1,non-carcinogen,0,0.854836226,0.741880953,0.939725459,0.999821246,0.321646988,0.948496342,2.771427879,no,0,no,no,no
531,O=C1NC(=O)c2c1c1c3ccccc3[nH]c1c1[nH]c3ccccc3c21,1,"Non-corrosive, Non-irritant, Non-sensitizer",0,non-carcinogen,0,0.854249477,0.739257276,0.856210351,0.999999464,0.743311226,0.81239599,2.491998971,yes,1,yes,no,no
6153,O=C(N[C@H]1CNC1=O)OCc1ccc(C2CCCCC2)cc1,1,"Non-corrosive, Irritant, Sensitizer",1,non-carcinogen,0,0.574053407,0.615837336,0.8158409,0.999980569,0.524711013,0.999582171,2.657216092,yes,1,no,no,no
14513,CC(OC(=O)N[C@H]1CNC1=O)c1ccc(C2CCCCC2)cc1,0,"Non-corrosive, Irritant, Sensitizer",1,non-carcinogen,0,0.522991598,0.429128081,0.419856399,0.999994218,0.661000133,0.997446001,3.106264307,no,0,no,no,no
12582,Cc1nnc(SCC(=O)N(C(C)C)C(C)C)nc1C,0,"Non-corrosive, Irritant, Sensitizer",1,non-carcinogen,0,0.097201101,0.08190164,0.046042938,2.49E-05,0.028848896,0.000499004,2.559092328,no,0,no,no,no
15015,CCNC(=O)N(C)c1nncnc1C(=O)NC,0,"Non-corrosive, Non-irritant, Sensitizer",1,carcinogen,1,0.201731831,0.074864574,0.050507471,0.002288404,0.010471186,0.650196731,2.997425779,no,0,no,no,no
12106,Cc1cccc2cc(CN(Cc3cccs3)C(c3nnnn3C3CCCC3)C(C)C)c(=O)[nH]c12,0,"Non-corrosive, Non-irritant, Non-sensitizer",0,non-carcinogen,0,0.030968169,0.051808875,0.012528917,4.23E-07,0.140246451,0.051249363,3.265565168,no,0,yes,no,no
13569,O=C(Nc1ccccc1N1CCOCC1)c1ccc2c(c1)C(=O)N(Cc1ccncc1)C2=O,0,"Non-corrosive, Non-irritant, Non-sensitizer",0,non-carcinogen,0,0.121940881,0.278817147,0.058725875,0.794645369,0.395981282,0.00710676,2.226476142,no,0,yes,no,no
11229,CN(C)c1nc(SCCOC(=O)c2ccccc2)nc(N(C)C)n1,0,"Non-corrosive, Non-irritant, Non-sensitizer",0,carcinogen,1,0.150140718,0.057051428,0.087797202,1.06E-05,0.238348469,0.000227361,2.392655077,no,0,no,no,no
3536,COc1ccc(-n2nc(C(=O)NCC(=O)NCCCN3CCOCC3)c3ccccc3c2=O)cc1,1,"Non-corrosive, Non-irritant, Non-sensitizer",0,non-carcinogen,0,0.684340119,0.652037621,0.909102201,0.999984145,0.564667046,0.252851546,2.296364634,no,0,yes,no,no
13692,c1ccc2c(SCc3cn4cccnc4n3)ncnc2c1,0,"Non-corrosive, Irritant, Sensitizer",1,non-carcinogen,0,0.218202993,0.2716434,0.079320222,0.453698605,0.433102369,0.13074106,2.444100763,no,0,no,no,no
1248,O=[N+]([O-])c1cc2c(cc1/C=N/Nc1nc(Nc3ccccc3)nc(N3CCCCC3)n1)OCO2,1,"Non-corrosive, Irritant, Sensitizer",1,non-carcinogen,0,0.949354112,0.965445161,0.902799129,0.999998629,0.999067426,0.999911308,2.654638477,yes,1,no,no,no
9024,CC(C)CC(c1nnnn1CC1CCCO1)N1CCN(c2cccc(Cl)c2)CC1,0,"Non-corrosive, Non-irritant, Sensitizer",1,non-carcinogen,0,0.076200031,0.03445401,0.004815524,1.15E-06,0.017598841,0.001276182,3.205036659,no,0,no,no,no
4210,O=[N+]([O-])c1ccc(-c2ccc(/C=N/Nc3nc(N4CCCC4)nc(N4CCCC4)n3)o2)cc1,1,"Non-corrosive, Non-irritant, Non-sensitizer",0,carcinogen,1,0.90311712,0.964634776,0.987310529,0.999999881,0.99869585,0.999987066,2.623173163,yes,1,no,no,no
4068,COc1ccc(-n2c(O)c(/C=N/NS(=O)(=O)c3cc(C)ccc3C)c3ccccc3c2=O)cc1OC,1,"Non-corrosive, Non-irritant, Non-sensitizer",0,non-carcinogen,0,0.825276196,0.885564685,0.955044031,1.15E-05,0.945512474,0.093639046,2.597225879,no,0,yes,no,no
4071,COc1ccc(-n2c(O)c(/C=N/NS(=O)(=O)c3ccc(C)cc3)c3ccccc3c2=O)cc1OC,1,"Non-corrosive, Non-irritant, Non-sensitizer",0,non-carcinogen,0,0.892800033,0.885564685,0.96293664,0.998523653,0.945512474,0.81404072,2.49017513,yes,1,yes,no,no
9243,CC(=O)N1CSCC1C(=O)O,0,"Non-corrosive, Non-irritant, Non-sensitizer",0,non-carcinogen,0,0.296356827,0.084593318,0.103345968,0.000768475,0.003935545,0.001069851,2.995525688,no,0,yes,no,no
7906,COc1c(/C=C/C(=O)c2ccccc2)c(O)cc2occc12,1,"Non-corrosive, Non-irritant, Sensitizer",1,carcinogen,1,0.939391673,0.935926795,0.992055118,0.999997318,0.851612985,0.999986351,2.406107973,yes,1,no,no,no
9654,O=C(c1ccco1)N1CCN(c2ncnc3sc4c(c23)CCC4)CC1,0,"Non-corrosive, Non-irritant, Non-sensitizer",0,non-carcinogen,0,0.142983526,0.172134563,0.070678316,0.000357249,0.143402472,0.4923051,2.384775145,no,0,yes,no,no
12057,Cc1ccc2nc(C3CCN(CC(=O)N4CCCCCC4)CC3)[nH]c2c1,0,"Non-corrosive, Non-irritant, Sensitizer",1,non-carcinogen,0,0.138267025,0.05343993,0.025260635,0.001729083,0.060900033,0.001428112,2.203123417,no,0,no,no,no
13192,Cc1nc2[nH]c(=O)c3c(n2n1)NC1=C(C(=O)CC(C)(C)C1)C3c1ccccc1,0,"Non-corrosive, Non-irritant, Non-sensitizer",0,non-carcinogen,0,0.148838818,0.021922484,0.029234238,1.31E-05,0.017369699,0.011062647,3.501281989,no,0,yes,no,no
13260,COc1ccc(C2C3=C(CC(C)(C)CC3=O)Nc3c2c(=O)[nH]c2nc(C)nn32)cc1,0,"Non-corrosive, Non-irritant, Non-sensitizer",0,non-carcinogen,0,0.155095264,0.048054483,0.045508284,0.22590071,0.055528224,0.01281982,3.50302106,no,0,yes,no,no
13319,Cc1nc2[nH]c(=O)c3c(n2n1)NC1=C(C(=O)CC(C)(C)C1)C3c1ccc(F)cc1,0,"Non-corrosive, Non-irritant, Non-sensitizer",0,non-carcinogen,0,0.130012497,0.026734278,0.033368208,2.74E-05,0.018114576,0.01187881,3.544807309,no,0,yes,no,no
9081,O=C(Cn1nnc2c(cnn2-c2ccccc2)c1=O)NCc1cccs1,0,"Non-corrosive, Non-irritant, Sensitizer",1,carcinogen,1,0.087820441,0.079186745,0.036804229,4.33E-07,0.173495352,0.036933739,2.329741028,no,0,no,no,no
3317,COc1ccc(COC(=O)C2=C(C)NC(=O)NC2c2ccc(OC)cc2)cc1,1,"Non-corrosive, Non-irritant, Non-sensitizer",0,non-carcinogen,0,0.559748411,0.477036685,0.851708055,0.996089458,0.023447966,0.794717014,2.503512368,no,0,yes,no,no
3321,COc1ccc(COC(=O)C2=C(C)NC(=O)NC2c2ccc(F)cc2)cc1,1,"Non-corrosive, Non-irritant, Non-sensitizer",0,non-carcinogen,0,0.619751334,0.71792841,0.902853131,0.510981143,0.061440401,0.723276734,2.513519721,no,0,yes,no,no
10735,CCOc1cc(C2NC(=O)NC(C)=C2C(=O)OCc2ccccc2)ccc1O,0,"Non-corrosive, Non-irritant, Non-sensitizer",0,non-carcinogen,0,0.410267234,0.341812909,0.257887363,0.001315132,0.016928954,0.968837619,2.647295036,no,0,yes,no,no
411,CCOC(=O)c1sc2ccccc2c1OC(=O)c1ccccc1OC,1,"Non-corrosive, Non-irritant, Sensitizer",1,non-carcinogen,0,0.548305988,0.688642621,0.960276723,0.015961451,0.7976439,0.999980569,2.057370846,no,0,no,no,no
7539,CC(C)[C@@H](C)/C=C/[C@@H](C)[C@H]1CC[C@H]2C3=CC=C4[C@H](O)[C@@H](O)CC[C@]4(C)[C@H]3CC[C@]12C,1,"Non-corrosive, Non-irritant, Non-sensitizer",0,carcinogen,1,0.947388589,0.994399488,0.996977568,0.99999994,1,0.999999881,4.898104239,yes,1,no,no,no
6940,COc1ccc(C2=NN(Cc3ccc(Cn4ccnc4)cc3)C(=O)[C@@H]3CC=CC[C@H]23)cc1OC,1,"Non-corrosive, Non-irritant, Non-sensitizer",0,non-carcinogen,0,0.925278664,0.951159954,0.992068052,0.999999702,0.958814442,0.999980509,3.401000732,yes,1,yes,no,no
15878,Nc1nc(-c2ccc(Cl)cc2Cl)cn1N,0,"Non-corrosive, Irritant, Sensitizer",1,non-carcinogen,0,0.517051101,0.120987758,0.137454554,0.278668493,0.102810726,0.495855689,2.491024676,no,0,no,no,no
4486,COc1cc(/C=C2/C(=O)NN(c3ccc(Cl)cc3)C2=O)cc(Br)c1O,1,"Non-corrosive, Non-irritant, Sensitizer",1,non-carcinogen,0,0.966045618,0.96660912,0.995978951,0.999999702,0.997866988,0.999986529,2.370393042,yes,1,no,no,no
4487,CCOC(=O)COc1ccc(/C=C2/C(=O)NN(c3ccc(F)cc3)C2=O)cc1OC,1,"Non-corrosive, Non-irritant, Sensitizer",1,non-carcinogen,0,0.851890028,0.832340896,0.989568174,0.999995172,0.950950742,0.991470873,2.305837769,yes,1,no,no,no
4495,COc1cc(/C=C2/C(=O)NN(c3cccc(Cl)c3)C2=O)cc(OC)c1O,1,"Non-corrosive, Non-irritant, Non-sensitizer",0,non-carcinogen,0,0.946740985,0.895716667,0.996598303,0.999991298,0.985269308,0.999951482,2.347419874,yes,1,yes,no,no
4499,COc1cc(/C=C2/C(=O)NN(c3cccc(Cl)c3)C2=O)cc(Br)c1O,1,"Non-corrosive, Non-irritant, Non-sensitizer",0,non-carcinogen,0,0.97397387,0.96660912,0.996736348,0.999998271,0.997866988,0.999995649,2.42060642,yes,1,yes,no,no
4521,COc1cc(/C=C2/C(=O)NN(c3ccccc3)C2=O)cc(Br)c1O,1,"Non-corrosive, Non-irritant, Sensitizer",1,non-carcinogen,0,0.961074591,0.97053057,0.996433616,0.999999285,0.997539818,0.999991059,2.309749681,yes,1,no,no,no
4592,COc1cc(/C=C2/C(=O)NN(c3ccc(F)cc3)C2=O)cc(Cl)c1O,1,"Non-corrosive, Non-irritant, Sensitizer",1,non-carcinogen,0,0.961710989,0.918048024,0.993928552,0.999999642,0.983748496,0.998971581,2.348991704,yes,1,no,no,no
4596,COc1cc(/C=C2/C(=O)NN(c3ccc(Cl)cc3)C2=O)cc(OC)c1O,1,"Non-corrosive, Non-irritant, Sensitizer",1,non-carcinogen,0,0.948063195,0.895716667,0.99607265,0.999998987,0.985269308,0.999735415,2.29929872,yes,1,no,no,no
3212,COc1nc(N)c(C#N)c(-c2ccc(N(C)CCC#N)cc2)c1C#N,1,"Non-corrosive, Non-irritant, Sensitizer",1,non-carcinogen,0,0.817691088,0.506218791,0.925285697,0.999999106,0.183326349,0.998565555,2.713288025,no,0,no,no,no
10523,CCOc1cc(-c2c(C)c(C)nc(N)c2C#N)ccc1O,0,"Non-corrosive, Non-irritant, Non-sensitizer",0,carcinogen,1,0.46653536,0.391625464,0.099807814,0.012946899,0.534462929,0.971926689,2.346687345,no,0,no,no,no
11764,Cc1cc(-c2ccccc2)c(C#N)c(SCC(N)=O)n1,0,"Non-corrosive, Non-irritant, Sensitizer",1,non-carcinogen,0,0.403243244,0.252685606,0.170974061,0.999805272,0.063012205,0.065020062,2.15038585,no,0,no,no,no
10113,O=C(NCc1ccco1)C(c1cccs1)N(C(=O)C1COc2ccccc2O1)c1cccc(O)c1,0,"Non-corrosive, Non-irritant, Sensitizer",1,non-carcinogen,0,0.321430206,0.239025593,0.049054611,1.78E-06,0.265245646,0.004561545,3.387966569,no,0,no,no,no
444,O=C1CCCCc2sc(Br)c([N+](=O)[O-])c2N1,1,"Non-corrosive, Irritant, Sensitizer",1,carcinogen,1,0.819895804,0.868227124,0.944793403,0.998726368,0.847992957,0.135566771,3.098474349,no,0,no,no,no
14761,CCCCC#Cc1ccc(NCC2CCN(C(=O)C3CC3)CC2)c(C(N)=O)c1,0,"Non-corrosive, Non-irritant, Sensitizer",1,non-carcinogen,0,0.295615584,0.369552374,0.113279797,0.998301744,0.792207956,0.542082906,2.508974244,no,0,no,no,no
11739,Cc1cc(C)nc(N2CCC(C(=O)Nc3ccc4c(c3)CCC4)CC2)n1,0,"Non-corrosive, Non-irritant, Non-sensitizer",0,non-carcinogen,0,0.106334642,0.184729502,0.022108154,2.39E-05,0.20191294,0.000211547,2.166050413,no,0,yes,no,no
13746,Cn1nc(C(=O)OCCN2C(=O)c3ccccc3C2=O)c2ccccc2c1=O,0,"Non-corrosive, Non-irritant, Non-sensitizer",0,carcinogen,1,0.194253474,0.377545714,0.035237234,0.003245053,0.575955808,0.009760606,2.162566259,no,0,no,no,no
9509,CCS(=O)(=O)N1CCC(NC(=O)C2CCCCC2)CC1,0,"Non-corrosive, Non-irritant, Sensitizer",1,non-carcinogen,0,0.138678402,0.13658978,0.1750599,0.271717012,0.298382103,0.096655011,2.10492596,no,0,no,no,no
12231,OC1(c2cccc(C(F)(F)F)c2)CCN(c2ccc(-c3ccccc3)nn2)CC1,0,"Non-corrosive, Non-irritant, Sensitizer",1,non-carcinogen,0,0.22850202,0.263752371,0.064124145,0.365576148,0.088030837,0.020987919,2.35254444,no,0,no,no,no
10072,O=C(CN1CCCCC1)Nc1ccc(S(=O)(=O)N2CCCCCC2)cc1,0,"Non-corrosive, Non-irritant, Non-sensitizer",0,non-carcinogen,0,0.083563842,0.031680752,0.022849983,6.98E-05,0.200626954,0.000270807,1.850095951,no,0,yes,yes,no
3471,CCOC(=O)[C@@H]1[C@H]2COc3ccc(Br)cc3[C@H]2N2C(=O)N(c3ccc(C)cc3)C(=O)[C@]12C,1,"Non-corrosive, Non-irritant, Non-sensitizer",0,non-carcinogen,0,0.881660581,0.704689622,0.923890293,0.99996084,0.571399868,0.934681773,3.844758758,yes,1,yes,no,no
14537,NS(=O)(=O)c1ccc(N2N=C(c3ccco3)CC2c2ccco2)cc1,0,"Non-corrosive, Non-irritant, Sensitizer",1,non-carcinogen,0,0.149564162,0.080505572,0.040517986,2.57E-05,0.023512095,0.002956989,2.948129307,no,0,no,no,no
1180,CN(CC(=O)NCc1ccc(F)cc1)S(=O)(=O)c1cccc2cccnc12,1,"Non-corrosive, Non-irritant, Non-sensitizer",0,non-carcinogen,0,0.379812181,0.557415485,0.814579189,0.012998344,0.23270674,0.007135458,2.071379606,no,0,yes,no,no
5859,Cc1c(C(C)C)c(=O)on1C(=O)N1CCC(Cc2ccccc2)CC1,1,"Non-corrosive, Non-irritant, Sensitizer",1,carcinogen,1,0.913253009,0.98707968,0.999332845,0.999989808,0.999433875,0.999997318,2.564975192,yes,1,no,no,no
15537,Cn1c(=O)[nH]c(=O)c2c1nc(SCCN1CCOCC1)n2Cc1ccccc1,0,"Non-corrosive, Non-irritant, Non-sensitizer",0,non-carcinogen,0,0.081652343,0.0402532,0.006303657,4.61E-06,0.120115384,0.008620881,2.398462246,no,0,yes,no,no
9295,COC(=O)CSc1ncccc1-c1nc2ccccc2[nH]1,0,"Non-corrosive, Non-irritant, Sensitizer",1,non-carcinogen,0,0.287970781,0.419204831,0.035980005,0.119298957,0.847189605,0.043378964,2.210276407,no,0,no,no,no
11819,Cc1ccc2nc(-c3ccc(SCC(=O)O)nc3)[nH]c2c1,0,"Non-corrosive, Non-irritant, Sensitizer",1,non-carcinogen,0,0.462112337,0.338532954,0.159195229,0.003216267,0.689913571,0.235851198,2.264111313,no,0,no,no,no
12159,N#CCCCSc1ncccc1-c1nc2ccccc2[nH]1,0,"Non-corrosive, Non-irritant, Sensitizer",1,non-carcinogen,0,0.3764458,0.491323292,0.074711479,0.999990463,0.91579479,0.292486697,2.417094489,no,0,no,no,no
9343,O=C(NC1CC2CCCC(C1)N2Cc1cccs1)N1CCOCC1,0,"Non-corrosive, Non-irritant, Sensitizer",1,non-carcinogen,0,0.185105428,0.239354298,0.045929451,6.31E-07,0.084846102,0.016429702,3.864788521,no,0,no,no,no
8525,CN(C)S(=O)(=O)c1cc(C(=O)Nc2ccn(C)n2)c(Cl)cc1Cl,0,"Non-corrosive, Non-irritant, Sensitizer",1,non-carcinogen,0,0.456890821,0.241000429,0.069591127,0.052138489,0.319241256,0.781114638,2.343723127,no,0,no,no,no
11282,O=C(c1ccc(N2CCOCC2)nc1)N1CCOCC1,0,"Non-corrosive, Non-irritant, Sensitizer",1,non-carcinogen,0,0.261012644,0.220242754,0.079725139,0.990056694,0.270602465,0.002905505,2.019099629,no,0,no,no,no
7853,COc1c(C)c(O)c(Cc2c(O)cc(O)c3c2O[C@H](c2ccc(O)c(O)c2)[C@@H](O)C3)c(O)c1C(C)=O,1,"Non-corrosive, Non-irritant, Non-sensitizer",0,non-carcinogen,0,0.965575933,0.988922358,0.9955948,0.999999881,0.999790013,0.999960721,3.954692963,yes,1,yes,no,no
11306,Cc1ccc(NC(=O)c2ccco2)cc1NC(=O)CSc1nnc(-c2cccs2)n1C,0,"Non-corrosive, Non-irritant, Non-sensitizer",0,carcinogen,1,0.052204389,0.048799366,0.012652852,7.87E-07,0.038604818,0.005628511,2.313255648,no,0,no,no,no
12386,CCn1c(SCC(=O)Nc2cccc(NC(=O)c3ccco3)c2)nnc1-c1cccs1,0,"Non-corrosive, Non-irritant, Non-sensitizer",0,carcinogen,1,0.066564031,0.039102588,0.016327616,3.70E-08,0.02844568,0.007955219,2.285476011,no,0,no,no,no
15289,Cc1nnc(SCC(=O)N2CCN(S(=O)(=O)c3ccccc3)CC2)n1Cc1ccccc1,0,"Non-corrosive, Non-irritant, Non-sensitizer",0,non-carcinogen,0,0.048497789,0.018900646,0.019888431,2.27E-06,0.013094832,0.003744024,2.149996191,no,0,yes,no,no
3310,O=C1C=C(N2CCOCC2)c2ccccc2C1=O,1,"Non-corrosive, Non-irritant, Sensitizer",1,non-carcinogen,0,0.616756201,0.779342353,0.954188168,0.883669972,0.959123552,0.999018073,2.267629035,yes,1,no,no,no
8659,Cc1ccc(NS(=O)(=O)c2ccc(-c3coc(C)n3)cc2)c(Cl)c1,0,"Non-corrosive, Non-irritant, Non-sensitizer",0,non-carcinogen,0,0.372848153,0.359136999,0.10665001,0.000338147,0.547633111,0.002015054,2.170608235,no,0,yes,no,no
2582,O=C(NCCc1ccccc1)C(c1cccs1)N(C(=O)CCl)c1ccc(Cl)cc1,1,"Non-corrosive, Non-irritant, Sensitizer",1,non-carcinogen,0,0.907569945,0.440271199,0.866308331,0.35373646,0.424816579,0.020692864,2.666466602,no,0,no,no,no
2509,COc1ccc(-c2cc(=O)oc3c(C)c(OC(=O)c4cccs4)ccc23)cc1,1,"Non-corrosive, Non-irritant, Non-sensitizer",0,non-carcinogen,0,0.824885249,0.938268065,0.926846743,0.999999166,0.895179868,0.971974492,2.270723891,yes,1,yes,no,no
5172,O=C1NC(=O)C(=Cc2cn(-c3ccc(Cl)cc3)nc2-c2ccc(OCc3ccccc3)cc2)C(=O)N1,1,"Non-corrosive, Non-irritant, Non-sensitizer",0,non-carcinogen,0,0.97096628,0.987996757,0.993921876,0.999977767,0.996133506,0.998984337,2.407326784,yes,1,yes,no,no
9034,O=C(Nc1ccc2c(c1)OCCO2)C1CCN(c2nnnn2-c2ccccc2)CC1,0,"Non-corrosive, Non-irritant, Non-sensitizer",0,non-carcinogen,0,0.064835377,0.092000768,0.025198206,0.000153489,0.055194404,0.024633542,2.293433756,no,0,yes,no,no
2579,O=c1oc2ccc(Br)cc2cc1S(=O)(=O)c1ccc(F)cc1,1,"Non-corrosive, Non-irritant, Sensitizer",1,non-carcinogen,0,0.827450275,0.887009263,0.965344727,0.999999762,0.963917792,0.999998748,2.180270142,yes,1,no,no,no
2660,CCCCCCc1cc2cc(S(=O)(=O)c3ccc(F)c(Cl)c3)c(=O)oc2cc1O,1,"Non-corrosive, Non-irritant, Non-sensitizer",0,non-carcinogen,0,0.917402983,0.970945954,0.98972261,0.99999845,0.837161422,0.999997854,2.540707998,yes,1,yes,no,no
2664,CCCCCCc1cc2cc(S(=O)(=O)c3ccc(F)cc3)c(=O)oc2cc1O,1,"Non-corrosive, Non-irritant, Non-sensitizer",0,non-carcinogen,0,0.917224944,0.959064722,0.992824793,0.999999225,0.848258972,0.999998271,2.41379571,yes,1,yes,no,no
12727,Cc1cc(C)n(-c2nc3c(c(=O)[nH]c(=O)n3C)n2CCc2ccccc2)n1,0,"Non-corrosive, Non-irritant, Non-sensitizer",0,non-carcinogen,0,0.127331153,0.103369258,0.036118928,9.01E-05,0.089990892,0.147638321,2.425782844,no,0,yes,no,no
12174,Cc1cc(NC(=O)CSc2nc(C3CCCCC3)nc3ccccc23)no1,0,"Non-corrosive, Non-irritant, Non-sensitizer",0,carcinogen,1,0.206015974,0.250398248,0.080276683,6.79E-05,0.154690757,0.115438558,2.383899866,no,0,no,no,no
14355,COc1ccc(-c2c(C)noc2C)cc1S(=O)(=O)N1CCOCC1,0,"Non-corrosive, Non-irritant, Non-sensitizer",0,non-carcinogen,0,0.102177627,0.16844219,0.047669601,0.000282471,0.288216025,0.088477187,2.266735674,no,0,yes,no,no
14635,Cc1ccc(-c2c(C)noc2C)cc1S(=O)(=O)N1CCOCC1,0,"Non-corrosive, Non-irritant, Sensitizer",1,non-carcinogen,0,0.127853021,0.185544312,0.066171952,0.000292058,0.478984267,0.015304608,2.273192898,no,0,no,no,no
1577,COC(=O)C(C#N)C(=C1C(=O)CC(C)(C)CC1=O)c1ccc(O)cc1,1,"Non-corrosive, Non-irritant, Sensitizer",1,non-carcinogen,0,0.755737185,0.777916193,0.971118927,0.99990195,0.34262982,0.978597343,3.384807579,no,0,no,no,no
13665,COC(=O)CC1C(=O)NCCN1C(=O)CSc1nnc(Nc2ccc(OC)cc2)s1,0,"Non-corrosive, Non-irritant, Sensitizer",1,non-carcinogen,0,0.138908714,0.164863631,0.046457231,1.42E-06,0.19878982,0.008866627,2.942875022,no,0,no,no,no
946,c1nc(NCCN2CCOCC2)c2sc3nc(N4CCOCC4)c4c(c3c2n1)CCC4,1,"Non-corrosive, Non-irritant, Sensitizer",1,non-carcinogen,0,0.460201383,0.565291166,0.678749323,0.998914897,0.522460759,0.054265913,2.8105975,no,0,no,no,no
13219,Cc1nc2oc3c(NCc4ccccc4)ncnc3c2c2c1COC(C)(C)C2,0,"Non-corrosive, Non-irritant, Sensitizer",1,carcinogen,1,0.166124642,0.335894525,0.043005507,4.06E-08,0.065203935,0.039557464,2.835330622,no,0,no,no,no
5692,O=C(Nc1cccc(Nc2ccc3c(c2)OCc2ccccc2C3=O)c1)c1cccc(F)c1,1,"Non-corrosive, Non-irritant, Non-sensitizer",0,non-carcinogen,0,0.865086079,0.929376066,0.986563087,0.999979854,0.930152118,0.981956899,2.192180949,yes,1,yes,no,no
6079,O=C(Nc1cccc(Nc2ccc3c(c2)OCc2ccccc2C3=O)c1)c1ccccc1,1,"Non-corrosive, Non-irritant, Non-sensitizer",0,non-carcinogen,0,0.898340642,0.861716628,0.970182717,0.999997854,0.327298254,0.740475833,2.090698404,no,0,yes,no,no
6293,Cc1ccc(Nc2ccc3c(c2)OCc2ccccc2C3=O)cc1NC(=O)c1ccccc1,1,"Non-corrosive, Non-irritant, Non-sensitizer",0,non-carcinogen,0,0.903514802,0.852711499,0.971012354,0.999997914,0.20701088,0.724203944,2.142621815,no,0,yes,no,no
6302,O=C(Nc1ccc(F)c(Nc2ccc3c(c2)OCc2ccccc2C3=O)c1)c1ccccc1,1,"Non-corrosive, Non-irritant, Non-sensitizer",0,non-carcinogen,0,0.816146255,0.930897415,0.969805837,0.998336434,0.88389343,0.736513555,2.172582872,yes,1,yes,no,no
6353,O=C(Nc1cc(Nc2ccc3c(c2)OCc2ccccc2C3=O)ccc1F)c1ccccc1,1,"Non-corrosive, Non-irritant, Non-sensitizer",0,non-carcinogen,0,0.875216961,0.930897415,0.966239035,0.999991596,0.88389343,0.630899966,2.173767007,yes,1,yes,no,no
6403,Cc1ccc(NC(=O)c2ccccc2)cc1Nc1ccc2c(c1)OCc1ccccc1C2=O,1,"Non-corrosive, Non-irritant, Non-sensitizer",0,non-carcinogen,0,0.653820455,0.852711499,0.969465196,0.999991238,0.20701088,0.751612067,2.140367488,no,0,yes,no,no
6439,Cc1cccc(C(=O)Nc2cccc(Nc3ccc4c(c3)OCc3ccccc3C4=O)c2)c1,1,"Non-corrosive, Non-irritant, Non-sensitizer",0,non-carcinogen,0,0.822268486,0.849128008,0.976103604,0.999926686,0.275833726,0.639201403,2.17436268,no,0,yes,no,no
8060,O=c1ccc2cc3c(cc2o1)O[C@@H](CO)[C@H](c1ccc(O)c(O)c1)O3,1,"Non-corrosive, Non-irritant, Non-sensitizer",0,non-carcinogen,0,0.907910287,0.98745501,0.992749155,0.999999583,0.999999642,0.999992132,3.379805476,yes,1,yes,no,no
8213,O=c1ccc2cc3c(cc2o1)O[C@H](CO)[C@@H](c1ccc(O)c(O)c1)O3,1,"Non-corrosive, Non-irritant, Non-sensitizer",0,non-carcinogen,0,0.907910287,0.98745501,0.992749155,0.999999583,0.999999642,0.999992132,3.379805476,yes,1,yes,no,no
8214,COc1c2c(cc3ccc(=O)oc13)O[C@@H](c1ccc(O)c(O)c1)[C@H](CO)O2,1,"Non-corrosive, Non-irritant, Non-sensitizer",0,non-carcinogen,0,0.905599773,0.988576591,0.990506351,0.999998987,0.999915183,0.999997914,3.579694258,yes,1,yes,no,no
8215,COc1c2c(cc3ccc(=O)oc13)O[C@H](c1ccc(O)c(O)c1)[C@@H](CO)O2,1,"Non-corrosive, Non-irritant, Non-sensitizer",0,non-carcinogen,0,0.905599773,0.988576591,0.990506351,0.999998987,0.999915183,0.999997914,3.579694258,yes,1,yes,no,no
2481,CC(=O)Nc1cccc(NC(=O)c2cc(-c3cccnc3)nc3ccc(Br)cc23)c1,1,"Non-corrosive, Non-irritant, Sensitizer",1,non-carcinogen,0,0.836120605,0.821598351,0.954813957,0.000183081,0.818818092,0.998489976,2.107665804,no,0,no,no,no
7603,COc1cc(O)c(C(O)[C@@H]2C[C@](C)(/C=C/c3c(OC)ccc4ccc(=O)oc34)OC2=O)c(OC)c1,1,"Non-corrosive, Non-irritant, Non-sensitizer",0,non-carcinogen,0,0.97604388,0.992632449,0.990933061,1,0.999987066,0.999997973,4.267295938,yes,1,yes,no,no
8920,c1ccc(Cn2nnc3c(N4CCCC4)ncnc32)cc1,0,"Non-corrosive, Non-irritant, Sensitizer",1,non-carcinogen,0,0.12251237,0.069331013,0.006025415,2.89E-06,0.126700878,0.009774069,2.127634829,no,0,no,no,no
11451,Clc1ccccc1Cn1nnc2c(N3CCCC3)ncnc21,0,"Non-corrosive, Non-irritant, Sensitizer",1,non-carcinogen,0,0.096452855,0.091836452,0.01481605,3.61E-05,0.120834194,0.012926665,2.25407744,no,0,no,no,no
8998,CC(=O)c1cccc(-n2nnnc2SCC(=O)N2CCCC2)c1,0,"Non-corrosive, Non-irritant, Sensitizer",1,non-carcinogen,0,0.060314395,0.039382495,0.016006939,0.000622801,0.052222997,0.000893727,2.127349563,no,0,no,no,no
10080,COc1ccc(-n2nnnc2SCC(=O)N2CCCC2)cc1OC,0,"Non-corrosive, Non-irritant, Non-sensitizer",0,carcinogen,1,0.083168313,0.025184313,0.012850839,0.000211102,0.032230344,0.004741584,2.099966583,no,0,no,no,no
10280,O=C(CN(CCc1ccccc1)C(=O)CN1C(=O)COc2ccccc21)NCc1ccco1,0,"Non-corrosive, Non-irritant, Sensitizer",1,non-carcinogen,0,0.091962948,0.113934129,0.026618207,3.49E-07,0.07917244,0.008695246,2.35893768,no,0,no,no,no
1191,CC(C)CCNC(=O)c1nnc(Cc2ccc(Cl)cc2)o1,1,"Non-corrosive, Non-irritant, Sensitizer",1,carcinogen,1,0.616019428,0.619615912,0.833564997,0.000445314,0.214357615,0.001262397,2.187892382,no,0,no,no,no
15170,CCOc1ccc(NC(=O)CN2CCN(CC(=O)Nc3ccc4c(c3)OCO4)CC2)cc1,0,"Non-corrosive, Non-irritant, Non-sensitizer",0,non-carcinogen,0,0.171541199,0.148801595,0.044231437,0.000162635,0.112817578,0.187181965,2.036066457,no,0,yes,no,no
2910,O=C1C=CC(=O)N1c1ccc(N2CCCCC2)cc1,1,"Non-corrosive, Non-irritant, Sensitizer",1,non-carcinogen,0,0.341021478,0.442334294,0.91240859,0.083813958,0.319607824,0.99923718,2.106353559,no,0,no,no,no
9192,O=C(Nc1nc2c(s1)CCCC2)c1cccs1,0,"Non-corrosive, Non-irritant, Sensitizer",1,carcinogen,1,0.41316098,0.168815568,0.089877605,0.006262471,0.28421399,0.09607213,2.191853659,no,0,no,no,no
10649,CCOC(=O)CSc1nnc2n1C(C)(C)Cc1ccccc1-2,0,"Non-corrosive, Non-irritant, Sensitizer",1,carcinogen,1,0.072672561,0.041734006,0.030880958,4.54E-07,0.007742397,0.009673775,2.533618643,no,0,no,no,no
1623,N=C1/C(=C/c2cccn2Cc2ccc(Cl)cc2)C(=O)N=C2SC=CN12,1,"Non-corrosive, Non-irritant, Sensitizer",1,non-carcinogen,0,0.904241264,0.864245832,0.966871381,0.999999821,0.917602062,0.999821186,2.979468544,yes,1,no,no,no
3144,CCN(CC)CCNC(=O)c1ccc2c(c1NCCO)C(=O)c1ccccc1C2=O,1,"Non-corrosive, Non-irritant, Sensitizer",1,non-carcinogen,0,0.854943395,0.595306158,0.922542334,0.999997258,0.201647073,0.069231361,2.435830077,no,0,no,no,no
7235,Cc1cc(O)c2c(c1)C(=O)c1cc(O)cc(O)c1C2=O,1,"Non-corrosive, Non-irritant, Sensitizer",1,non-carcinogen,0,0.956880748,0.947410226,0.894067526,0.999999285,0.999796331,0.039294638,2.40893118,no,0,no,no,no
7236,COc1cc(O)c2c(c1)C(=O)c1cc(C)cc(O)c1C2=O,1,"Non-corrosive, Non-irritant, Non-sensitizer",0,non-carcinogen,0,0.89134413,0.933367014,0.918450415,0.99999243,0.974483788,0.028989064,2.30675941,no,0,yes,no,no
7237,O=C1c2cccc(O)c2C(=O)c2c(O)cc(CO)cc21,1,"Non-corrosive, Irritant, Sensitizer",1,non-carcinogen,0,0.877085149,0.939235389,0.900624573,0.999987841,0.991324842,0.953532994,2.31038153,yes,1,no,no,no
8553,COc1cccc(N2CCN(CC(=O)Nc3ccc(S(=O)(=O)N4CCCCCC4)cc3)CC2)c1,0,"Non-corrosive, Non-irritant, Non-sensitizer",0,non-carcinogen,0,0.08781305,0.046853807,0.036377769,0.999846399,0.13439028,0.016445175,2.075110449,no,0,yes,no,no
8568,COc1ccccc1N1CCN(CC(=O)Nc2ccc(S(=O)(=O)N3CCCCCC3)cc2)CC1,0,"Non-corrosive, Non-irritant, Non-sensitizer",0,non-carcinogen,0,0.053570647,0.097867675,0.042624477,8.84E-06,0.164283618,0.012216652,2.059807623,no,0,yes,no,no
6850,CN1CCN(c2ccc(NC(=O)c3cc(C#N)c[nH]3)c(N3CCCCC3)c2)CC1,1,"Non-corrosive, Non-irritant, Non-sensitizer",0,non-carcinogen,0,0.487478614,0.825973451,0.950147271,0.999539018,0.895511627,0.092492335,2.551622064,no,0,yes,no,no
6935,CC1CCN(c2cc(N3CCN(C)CC3)ccc2NC(=O)c2cc(C#N)c[nH]2)CC1,1,"Non-corrosive, Non-irritant, Non-sensitizer",0,non-carcinogen,0,0.619087577,0.867662668,0.949429572,0.999858141,0.952864766,0.100721404,2.628133067,no,0,yes,no,no
11740,CN(C(=O)c1ccno1)c1nnc(-c2cnccn2)s1,0,"Non-corrosive, Non-irritant, Sensitizer",1,carcinogen,1,0.250113308,0.082807571,0.029356914,1.51E-05,0.065755479,0.003613763,2.930531445,no,0,no,no,no
11748,CC(=O)NC1CC2CCCC(C1)N2CC(=O)NCc1ccc(F)cc1,0,"Non-corrosive, Non-irritant, Sensitizer",1,non-carcinogen,0,0.112001099,0.09626133,0.025222464,6.54E-05,0.058750354,0.00822131,3.615835773,no,0,no,no,no
12797,CCOC(=O)C1C(=O)Nc2nc3ccccc3n2C1C(C)C,0,"Non-corrosive, Non-irritant, Sensitizer",1,non-carcinogen,0,0.247245774,0.207528055,0.047133271,0.000136873,0.184995517,0.012032601,3.435882421,no,0,no,no,no
1389,O=c1c2ccccc2n2c(-c3cccc(F)c3)nnc2n1Cc1ccccc1,1,"Non-corrosive, Irritant, Non-sensitizer",1,non-carcinogen,0,0.693108797,0.263479501,0.875157177,0.116140246,0.110117778,0.928804576,2.125209046,no,0,no,no,no
13265,CCN1CCN(c2ncc3c(n2)CC(c2ccc(OC)c(OC)c2)CC3=O)CC1,0,"Non-corrosive, Non-irritant, Sensitizer",1,non-carcinogen,0,0.341020226,0.156811953,0.045792513,8.11E-06,0.093005069,0.031430472,2.834240282,no,0,no,no,no
3020,CC(CCc1ccccc1)NC(=O)COC(=O)c1ccc(S(C)(=O)=O)c([N+](=O)[O-])c1,1,"Non-corrosive, Non-irritant, Non-sensitizer",0,non-carcinogen,0,0.84096849,0.946398258,0.980656683,0.999999344,0.997843981,0.994191647,2.602178229,yes,1,yes,no,no
14089,CC(C)CC(C(=O)NC(C)(C)C)N(Cc1ccccc1Cl)C(=O)c1snc(C(N)=O)c1N,0,"Non-corrosive, Non-irritant, Sensitizer",1,non-carcinogen,0,0.458924323,0.449341744,0.100906245,0.990981281,0.976216853,0.76744467,3.201909881,no,0,no,no,no
9506,CCC(C)(C)n1nnnc1C(c1cc2cc(OC)c(OC)cc2[nH]c1=O)N1CCc2ccccc21,0,"Non-corrosive, Non-irritant, Sensitizer",1,non-carcinogen,0,0.059798811,0.089884609,0.035595141,3.18E-06,0.057287417,0.657863021,3.237261889,no,0,no,no,no
10667,COc1cc2cc(C(c3nnnn3C(C)(C)C)N3CCc4ccccc43)c(=O)[nH]c2cc1OC,0,"Non-corrosive, Non-irritant, Non-sensitizer",0,carcinogen,1,0.10185542,0.07748384,0.020181071,1.50E-05,0.05653961,0.127043277,3.166195702,no,0,no,no,no
10790,CCC(C)(C)n1nnnc1C(c1cc2ccc(OC)cc2[nH]c1=O)N1CCc2ccccc21,0,"Non-corrosive, Non-irritant, Non-sensitizer",0,non-carcinogen,0,0.084890597,0.093676545,0.068200208,1.41E-05,0.085045092,0.537685335,3.175814984,no,0,yes,no,no
12402,CCC(C)(C)n1nnnc1C(c1cc2cc(OC)ccc2[nH]c1=O)N1CCc2ccccc21,0,"Non-corrosive, Non-irritant, Non-sensitizer",0,non-carcinogen,0,0.064616889,0.093676545,0.050786424,3.21E-06,0.085045092,0.319216818,3.167996326,no,0,yes,no,no
9431,Cc1ccc(O)c(NC(=O)c2cccc(NC(=O)c3ccco3)c2)c1,0,"Non-corrosive, Non-irritant, Sensitizer",1,non-carcinogen,0,0.384479731,0.397686183,0.104514271,0.995676517,0.309010386,0.942651212,1.879465321,no,0,no,yes,no
4704,COc1ccc(-c2csc(NC(=O)CS(=O)(=O)c3ccc(F)cc3)n2)cc1OC,1,"Non-corrosive, Non-irritant, Non-sensitizer",0,non-carcinogen,0,0.833091497,0.924131334,0.965203404,0.9999367,0.95279485,0.995242476,2.132160648,yes,1,yes,no,no
4651,CC(Oc1ccccc1)C(=O)Nc1nnc(S(=O)(=O)N(C)c2ccccc2)s1,1,"Non-corrosive, Non-irritant, Non-sensitizer",0,non-carcinogen,0,0.607708335,0.422792047,0.92482239,0.015528464,0.072222807,0.222306311,2.688537295,no,0,yes,no,no
8982,Cc1cc(NS(=O)(=O)c2ccc(NC(=O)CCc3ccccc3)cc2)no1,0,"Non-corrosive, Non-irritant, Non-sensitizer",0,non-carcinogen,0,0.119821265,0.15320985,0.042275324,3.30E-06,0.16607815,0.011419184,1.95032776,no,0,yes,yes,no
11661,CCN1CCN(c2ncnc3c2nnn3Cc2ccccc2)CC1,0,"Non-corrosive, Non-irritant, Sensitizer",1,non-carcinogen,0,0.100745276,0.07364513,0.006824953,8.57E-06,0.010827029,0.015598365,2.204328145,no,0,no,no,no
8810,CC(C)(C)c1ccc(Cn2nnc3c(=O)[nH]c(C4CCCN(C(=O)Cc5cccs5)C4)nc32)cc1,0,"Non-corrosive, Non-irritant, Non-sensitizer",0,non-carcinogen,0,0.073135354,0.020957768,0.011836177,0.000151344,0.114364713,0.032288834,3.222428518,no,0,yes,no,no
11325,O=C(Cc1cccs1)N1CCCC(c2nc3c(nnn3Cc3ccccc3Cl)c(=O)[nH]2)C1,0,"Non-corrosive, Non-irritant, Non-sensitizer",0,non-carcinogen,0,0.086585552,0.097621813,0.007317016,3.40E-05,0.427018344,0.038002379,3.16312387,no,0,yes,no,no
2193,Clc1ccccc1C1=Nn2c(nnc2-c2ccncc2)SC1,1,"Non-corrosive, Irritant, Sensitizer",1,non-carcinogen,0,0.592695534,0.799844086,0.96895045,0.057888456,0.436079949,0.997297406,2.559178505,no,0,no,no,no
2381,COc1ccc(C2=Nn3c(nnc3-c3ccncc3)SC2)cc1,1,"Non-corrosive, Non-irritant, Non-sensitizer",0,non-carcinogen,0,0.738629639,0.813111722,0.925416887,0.999998391,0.90697366,0.975314498,2.459632759,yes,1,yes,no,no
6688,CCS(=O)(=O)N1CC(CC#N)(n2cc(-c3ncnc4[nH]ccc34)cn2)C1,1,"Non-corrosive, Non-irritant, Non-sensitizer",0,non-carcinogen,0,0.626613855,0.875506461,0.914909959,0.998840392,0.63906002,0.99978143,3.249730227,yes,1,yes,no,no
2258,COc1ccccc1-n1nnnc1S(=O)(=O)Cc1ccc(Cl)cc1,1,"Non-corrosive, Non-irritant, Sensitizer",1,non-carcinogen,0,0.359461516,0.818315983,0.887195826,0.000239346,0.945927322,0.371043205,2.234561085,no,0,no,no,no
3243,COc1ccccc1NC(=O)c1oc2ccccc2c1NC(=O)c1cc(OC)c(OC)c(OC)c1,1,"Non-corrosive, Non-irritant, Non-sensitizer",0,non-carcinogen,0,0.531219006,0.515207171,0.888736904,1.55E-05,0.243911669,0.170565903,2.20204693,no,0,yes,no,no
11896,CCOC(=O)c1cc2occc2n1CC(=O)NC1CCCCC1C,0,"Non-corrosive, Non-irritant, Sensitizer",1,non-carcinogen,0,0.126671001,0.225377247,0.104862064,0.001814107,0.283764839,0.123912662,3.145942324,no,0,no,no,no
12941,COC(=O)c1ccc(C2C(C(=O)Nc3ccccc3C)=C(C)Nc3ncnn32)cc1,0,"Non-corrosive, Non-irritant, Non-sensitizer",0,non-carcinogen,0,0.164061144,0.193877712,0.037283115,1.36E-05,0.155917332,0.011342625,2.964491312,no,0,yes,no,no
2495,COc1ccc2oc(-c3ccc(NC(=O)c4ccc(N5CCOCC5)c([N+](=O)[O-])c4)cc3)nc2c1,1,"Non-corrosive, Non-irritant, Non-sensitizer",0,carcinogen,1,0.890920877,0.983458638,0.959988058,0.999929547,0.980801105,0.979624927,2.300954428,yes,1,no,no,no
10160,O=C(c1cccs1)N1CCN(C/C=C/c2ccccc2)CC1,0,"Non-corrosive, Non-irritant, Sensitizer",1,non-carcinogen,0,0.313982695,0.513680637,0.334275842,0.037362825,0.507724047,0.99728632,2.02452099,no,0,no,no,no
123,CCC(Sc1ccc2nnc(-c3ccc(F)cc3)n2n1)C(=O)OC,1,"Non-corrosive, Non-irritant, Sensitizer",1,non-carcinogen,0,0.386141747,0.723017275,0.934960127,0.119389467,0.633482933,0.999750435,2.903526599,no,0,no,no,no
12439,COc1ccc(OC)c(-n2nnnc2SCC(=O)NCc2ccc3c(c2)OCO3)c1,0,"Non-corrosive, Non-irritant, Sensitizer",1,carcinogen,1,0.068944104,0.062313087,0.013730092,3.21E-06,0.041270517,0.002841777,2.306835306,no,0,no,no,no
7313,CO[C@H]1O[C@@](C)([C@H]2CC(C)=C(C)C(=O)O2)[C@H]2C[C@H](O)[C@H]3[C@@H]4C[C@@H](O)C5=CC=CC(=O)[C@]5(C)[C@H]4CC[C@@]132,1,"Non-corrosive, Non-irritant, Non-sensitizer",0,carcinogen,1,0.981932402,0.999079108,0.999318838,0.999999821,1,0.999998152,6.101323724,yes,1,no,no,no
505,Cc1ccc(CN2CC(C(=O)Nc3ncc(C)s3)CC2=O)cc1,1,"Non-corrosive, Non-irritant, Sensitizer",1,carcinogen,1,0.500178397,0.268303454,0.823194563,0.998981774,0.260086983,0.015157433,2.584494205,no,0,no,no,no
13442,CCOC(=O)c1c(C)[nH]c(C(=O)Nc2ccc3c(c2)OCO3)c1C,0,"Non-corrosive, Non-irritant, Sensitizer",1,non-carcinogen,0,0.245630682,0.101701476,0.10277544,0.348888963,0.016627295,0.307661384,2.147460359,no,0,no,no,no
3608,Cc1c(C)c2ccc(OCC(=O)N3CCN(c4cccc(Cl)c4)CC3)cc2oc1=O,1,"Non-corrosive, Non-irritant, Non-sensitizer",0,non-carcinogen,0,0.654318392,0.381270707,0.732952476,5.40E-06,0.427812189,0.025975166,2.232219553,no,0,yes,no,no
11805,CCC(c1nnnn1CCc1ccccc1)N(Cc1ccco1)Cc1cc2c(C)ccc(C)c2[nH]c1=O,0,"Non-corrosive, Non-irritant, Non-sensitizer",0,non-carcinogen,0,0.042090304,0.012075889,0.00635417,1.44E-06,0.022648206,0.006945156,3.183952064,no,0,yes,no,no
12426,Cc1cccc2cc(CN(Cc3ccco3)C(c3nnnn3CCc3ccccc3)C(C)C)c(=O)[nH]c12,0,"Non-corrosive, Non-irritant, Non-sensitizer",0,carcinogen,1,0.046254095,0.015201507,0.008920839,2.33E-07,0.022377029,0.006384681,3.179620936,no,0,no,no,no
12466,CCC(c1nnnn1CCc1ccccc1)N(Cc1ccco1)Cc1cc2cccc(C)c2[nH]c1=O,0,"Non-corrosive, Non-irritant, Non-sensitizer",0,non-carcinogen,0,0.02657553,0.015039994,0.008593696,6.01E-06,0.060397647,0.006292842,3.119355565,no,0,yes,no,no
15048,COc1ccc(C(=O)Nn2cnnc2)cc1,0,"Non-corrosive, Non-irritant, Non-sensitizer",0,non-carcinogen,0,0.358963549,0.179115534,0.054164641,0.997677863,0.088025212,0.00041522,2.179746469,no,0,yes,no,no
5384,COc1ccc(C(C)(C)Cn2cc[nH]c2=O)cc1OC1CCCC1,1,"Non-corrosive, Non-irritant, Non-sensitizer",0,non-carcinogen,0,0.653864801,0.947932482,0.989740729,0.995845854,0.985945404,0.999983609,2.713605428,yes,1,yes,no,no
5506,COc1ccc(C(C)C(C)n2cc[nH]c2=O)cc1OC1CCCC1,1,"Non-corrosive, Non-irritant, Non-sensitizer",0,non-carcinogen,0,0.900386095,0.879057169,0.982124805,0.480400741,0.937303543,0.998862207,3.490033501,no,0,yes,no,no
5849,COc1ccc(CCn2cc[nH]c2=O)cc1OC1CCCC1,1,"Non-corrosive, Non-irritant, Non-sensitizer",0,non-carcinogen,0,0.859678805,0.886960208,0.985065877,0.999826074,0.986710668,0.999958038,2.386432492,yes,1,yes,no,no
6297,COc1ccc(C(C)Cn2cc[nH]c2=O)cc1OC1CCCC1,1,"Non-corrosive, Non-irritant, Non-sensitizer",0,non-carcinogen,0,0.898823857,0.950321734,0.993769467,0.999993205,0.993894041,0.999984801,3.013521865,yes,1,yes,no,no
6534,CC(Cn1cc[nH]c1=O)c1ccc(OC(F)F)c(OC2CCCC2)c1,1,"Non-corrosive, Non-irritant, Non-sensitizer",0,non-carcinogen,0,0.84038347,0.957447052,0.992422283,0.967437565,0.988147497,0.999982953,3.195813895,yes,1,yes,no,no
8497,O=C(CC1(CC(=O)N2CCOCC2)CCCC1)Nc1ccccc1,0,"Non-corrosive, Non-irritant, Sensitizer",1,non-carcinogen,0,0.151328847,0.077360764,0.080524676,0.000141343,0.027220977,0.001282391,2.212140496,no,0,no,no,no
4098,O=c1oc2ccccc2cc1-c1cn2ccccc2n1,1,"Non-corrosive, Non-irritant, Non-sensitizer",0,carcinogen,1,0.492738456,0.644887447,0.901116908,0.999741793,0.370266616,0.985077262,2.199756734,no,0,no,no,no
12084,Nc1nc2ccc(C(=O)NC3CCCCC3)cc2s1,0,"Non-corrosive, Non-irritant, Sensitizer",1,carcinogen,1,0.400476485,0.398392171,0.091808259,0.999558628,0.562300026,0.013187808,2.017325307,no,0,no,no,no
15134,COC(=O)C(C)C1Sc2ccccc2NC1=O,0,"Non-corrosive, Non-irritant, Sensitizer",1,non-carcinogen,0,0.494068414,0.262915671,0.059420042,0.987875283,0.638325572,0.095675021,3.245660005,no,0,no,no,no
3711,CC(=O)OCC(=O)[C@@]12OC3(CCCC3)O[C@@H]1C[C@H]1[C@@H]3CCC4=CC(=O)C=C[C@]4(C)[C@@]3(F)[C@@H](O)C[C@@]12C,1,"Non-corrosive, Non-irritant, Non-sensitizer",0,carcinogen,1,0.983457148,0.996654987,0.999272645,0.999999642,0.999948502,0.999997497,5.344559655,yes,1,no,no,no
3768,CC(C)(C)OC(=O)NCCCCCNC(=O)c1nc[nH]c1C(=O)NCC(=O)OCc1ccccc1,1,"Non-corrosive, Non-irritant, Non-sensitizer",0,non-carcinogen,0,0.689402878,0.741034985,0.874516308,0.006684529,0.266511261,0.073668279,2.495346245,no,0,yes,no,no
841,CC(C)Cc1ccc(C(C)C(=O)NCCOc2ccc(S(N)(=O)=O)cc2)cc1,1,"Non-corrosive, Non-irritant, Non-sensitizer",0,non-carcinogen,0,0.893162787,0.935701847,0.942576468,0.999997079,0.999838829,0.941200316,2.518487838,yes,1,yes,no,no
1406,CN(C(=S)Nc1ccc(Oc2ccccc2)cc1)c1ccc(O)cc1,1,"Non-corrosive, Non-irritant, Sensitizer",1,non-carcinogen,0,0.84475553,0.842945635,0.943720281,0.999699295,0.613171816,0.999793887,1.969382005,yes,1,no,yes,no
1060,CCC(=O)N1CCc2cc(Br)cc(S(=O)(=O)NCc3ccco3)c21,1,"Non-corrosive, Non-irritant, Sensitizer",1,non-carcinogen,0,0.418035746,0.590557694,0.867159605,0.000536295,0.288258076,0.028623395,2.564731771,no,0,no,no,no
1307,COc1ccc(S(=O)(=O)Nc2ccc(C)cc2)cc1N(C)S(=O)(=O)c1ccc(Cl)cc1,1,"Non-corrosive, Non-irritant, Non-sensitizer",0,non-carcinogen,0,0.795434177,0.589879394,0.934964299,0.994008362,0.459232688,0.447520167,2.134897731,no,0,yes,no,no
351,CC(C)(C)C(=O)Nc1cccn2c(C(F)(F)F)nnc12,1,"Non-corrosive, Non-irritant, Non-sensitizer",0,carcinogen,1,0.362330079,0.482017815,0.876575947,1.49E-05,0.106298216,0.543297946,2.629153241,no,0,no,no,no
8079,CC(=O)OC/C1=C/[C@H]2[C@@H](OC(=O)[C@H](O)c3ccccc3)[C@@H](C)C[C@]2(OC(C)=O)C(=O)/C(C)=C/[C@@H]2[C@H](CC1)C2(C)C,1,"Non-corrosive, Non-irritant, Non-sensitizer",0,carcinogen,1,0.922406673,0.988461375,0.997338355,0.99999994,0.999999762,0.999997258,5.296698828,yes,1,no,no,no
8085,CC(=O)O[C@]12C[C@H](C)[C@H](OC(=O)Cc3ccccc3)[C@@H]1/C=C(/CO)CC[C@H]1[C@@H](/C=C(\C)C2=O)C1(C)C,1,"Non-corrosive, Non-irritant, Non-sensitizer",0,carcinogen,1,0.90711081,0.993036926,0.998191178,1,0.999999881,0.999999762,5.043787536,yes,1,no,no,no
10425,Cc1cc(N2CCN(C(=O)c3ccco3)CC2)n2ncnc2n1,0,"Non-corrosive, Non-irritant, Sensitizer",1,carcinogen,1,0.082950138,0.095157653,0.005300522,3.15E-08,0.048402939,0.003066735,2.460573757,no,0,no,no,no
9560,CCOC(=O)C1CCN(Cc2cn[nH]c2-c2ccc(C)cc2)CC1,0,"Non-corrosive, Non-irritant, Sensitizer",1,non-carcinogen,0,0.238868311,0.33696875,0.093316033,0.2912606,0.502518773,0.006626787,2.126818088,no,0,no,no,no
12881,Nc1nc(CN2CCN(c3ccccn3)CC2)nc(Nc2ccc(F)cc2)n1,0,"Non-corrosive, Non-irritant, Sensitizer",1,non-carcinogen,0,0.114053652,0.075098202,0.057686213,0.994821131,0.367275327,0.000668041,2.241866269,no,0,no,no,no
8613,NS(=O)(=O)c1ccc(CCNC(=O)C2CCN(C(=O)Nc3ccccc3)CC2)cc1,0,"Non-corrosive, Non-irritant, Sensitizer",1,non-carcinogen,0,0.149673373,0.100264579,0.098474659,1.13E-05,0.387986571,0.28602311,1.974516567,no,0,no,yes,no
120,Cc1ccc(CCNC(=O)Cn2cccc2)cc1,1,"Non-corrosive, Non-irritant, Sensitizer",1,non-carcinogen,0,0.304728359,0.204708204,0.819892526,0.000155505,0.541951656,0.73965764,1.923200633,no,0,no,yes,no
10440,Cc1cc(C)nc(N2CCC(C(=O)NCCc3ccc(F)cc3)CC2)n1,0,"Non-corrosive, Non-irritant, Non-sensitizer",0,non-carcinogen,0,0.078266621,0.081396773,0.016507363,0.000712497,0.023914088,4.09E-05,2.044099552,no,0,yes,no,no
10692,Cc1cc(C)nc(N2CCC(C(=O)NCCc3ccccc3)CC2)n1,0,"Non-corrosive, Non-irritant, Sensitizer",1,non-carcinogen,0,0.067490116,0.067730285,0.010596254,1.88E-05,0.167723224,1.83E-05,1.965778159,no,0,no,yes,no
12693,Cc1nn(-c2cccc(Cl)c2)c2c1C(c1cccnc1)C(C#N)=C(N)O2,0,"Non-corrosive, Non-irritant, Sensitizer",1,non-carcinogen,0,0.234674051,0.395771533,0.055913586,0.890768588,0.992861152,0.087938674,3.059399088,no,0,no,no,no
8040,CC(C)=CCc1c(-c2ccc(O)c3c2OC(C)(C)C=C3)oc2cc(O)cc(O)c2c1=O,1,"Non-corrosive, Non-irritant, Non-sensitizer",0,non-carcinogen,0,0.993916929,0.998238325,0.993336797,0.999999881,1,0.999997973,3.290108409,yes,1,yes,no,no
11474,COc1ccc(CN(C(=O)CN2C(=O)C(C)Oc3ccccc32)C2CCCC2)c(OC)c1,0,"Non-corrosive, Non-irritant, Non-sensitizer",0,non-carcinogen,0,0.143835843,0.111089095,0.015154216,2.11E-05,0.121297985,0.010714749,2.837707417,no,0,yes,no,no
11650,COc1ccc(CN(C(=O)CN2C(=O)COc3ccccc32)C2CCCC2)c(OC)c1,0,"Non-corrosive, Non-irritant, Non-sensitizer",0,non-carcinogen,0,0.218856663,0.138173863,0.032647468,5.36E-06,0.166584671,0.035311259,2.347723237,no,0,yes,no,no
10456,Cc1ccc(-c2ccc(CCC(=O)O)n2Cc2ccco2)cc1,0,"Non-corrosive, Non-irritant, Non-sensitizer",0,non-carcinogen,0,0.337641358,0.153208956,0.111827195,1.60E-05,0.110865273,0.999487102,2.251627186,no,0,yes,no,no
13991,CC(C)(C)n1ncc2c(=O)n(Cc3ccc(Cl)cc3Cl)cnc21,0,"Non-corrosive, Non-irritant, Sensitizer",1,non-carcinogen,0,0.370811135,0.3853257,0.109311894,0.233404517,0.238886535,0.85187,2.416188125,no,0,no,no,no
13402,C=CCn1c(SCC(=O)N2CC(=O)Nc3ccccc32)nc2scc(-c3cccs3)c2c1=O,0,"Non-corrosive, Non-irritant, Non-sensitizer",0,non-carcinogen,0,0.135291755,0.095698953,0.090733834,5.53E-05,0.116498336,0.501435399,2.777517645,no,0,yes,no,no
341,CN(N)c1nc(-c2ccccc2)nnc1C(F)(F)F,1,"Non-corrosive, Non-irritant, Sensitizer",1,non-carcinogen,0,0.474382162,0.8713516,0.907323122,0.987045348,0.993384957,0.997526586,2.614982967,no,0,no,no,no
431,S=C(N/N=C1\CCc2ccccc21)NC1CCCCC1,1,"Non-corrosive, Non-irritant, Sensitizer",1,non-carcinogen,0,0.792890906,0.847961366,0.945440173,0.836218715,0.524982393,0.999993503,2.332299629,yes,1,no,no,no
13148,CCc1cc(=O)oc2c(C)c(O)c(CN3CCCCC3)cc12,0,"Non-corrosive, Non-irritant, Sensitizer",1,non-carcinogen,0,0.172865838,0.080966815,0.035534225,2.78E-07,0.065228,0.006670378,2.378606484,no,0,no,no,no
12868,c1ccc2c(-c3nc4ncccc4o3)cccc2c1,0,"Non-corrosive, Non-irritant, Sensitizer",1,non-carcinogen,0,0.603761554,0.386658251,0.121392779,0.999980271,0.388553202,0.011311177,1.972474854,no,0,no,yes,no
3295,CN1C(=O)/C(=C/c2ccc(Cl)s2)C(=O)NC1=S,1,"Non-corrosive, Non-irritant, Sensitizer",1,non-carcinogen,0,0.91369009,0.969581723,0.982939363,0.999998927,0.997974455,0.999997079,2.712745846,yes,1,no,no,no
4537,CCN(CC)C(=O)Cn1cc(/C=C2\C(=O)NC(=O)N(c3ccccc3F)C2=O)c2ccccc21,1,"Non-corrosive, Non-irritant, Non-sensitizer",0,non-carcinogen,0,0.850495577,0.709806859,0.975404441,0.999999762,0.940095425,0.999268353,2.545279878,yes,1,yes,no,no
11506,O=C(CCC(=O)N(c1cccc(F)c1)C(C(=O)NC1CCCC1)c1ccncc1)Nc1cccnc1,0,"Non-corrosive, Non-irritant, Non-sensitizer",0,non-carcinogen,0,0.107389696,0.252929121,0.062231168,0.714524508,0.093433335,0.186012402,2.939240358,no,0,yes,no,no
13413,O=C(Cn1[nH]c(=O)c2ccccc2c1=O)OCC(=O)N1CCc2ccccc2C1,0,"Non-corrosive, Non-irritant, Non-sensitizer",0,non-carcinogen,0,0.174715355,0.279803991,0.039234228,0.000169329,0.179837257,0.007892455,2.341407461,no,0,yes,no,no
12609,CC(C)=CCC(C)(C)C1OCCN1C(=O)Nc1ccccc1,0,"Non-corrosive, Non-irritant, Non-sensitizer",0,non-carcinogen,0,0.51446116,0.230061367,0.107251719,0.997571051,0.735697269,0.736835897,3.126097046,no,0,yes,no,no
13437,CC(C)NC(=O)CSc1nnc2sc3ccccc3n12,0,"Non-corrosive, Non-irritant, Sensitizer",1,carcinogen,1,0.079617403,0.098363712,0.045580614,6.83E-06,0.263739377,0.005281421,2.281195957,no,0,no,no,no
1847,CC(/C=N/NC(=O)c1cc(-c2ccccc2)nc2ccccc12)=C\c1ccco1,1,"Non-corrosive, Non-irritant, Non-sensitizer",0,non-carcinogen,0,0.91250962,0.987599969,0.96731323,0.999997675,1,0.999911964,2.355451347,yes,1,yes,no,no
4305,O=C(Cc1ccc(Cl)cc1)NNC(=S)NC(=O)c1cccs1,1,"Non-corrosive, Non-irritant, Sensitizer",1,non-carcinogen,0,0.89512676,0.923226535,0.970855415,0.999923587,0.554501653,0.99999243,2.077664796,yes,1,no,no,no
4361,O=C(Cc1ccccc1)NNC(=S)NC(=O)c1cccs1,1,"Non-corrosive, Non-irritant, Sensitizer",1,non-carcinogen,0,0.870150268,0.959466755,0.973554134,0.997221291,0.89960742,0.999998212,2.00178439,yes,1,no,no,no
12601,Cn1nccc1C(=O)Nc1cccnc1,0,"Non-corrosive, Non-irritant, Sensitizer",1,non-carcinogen,0,0.176454574,0.213863686,0.060689799,0.036465649,0.062240731,0.003832558,2.056304138,no,0,no,no,no
9813,c1ccc(Cn2nnc3c(NCCN4CCOCC4)ncnc32)cc1,0,"Non-corrosive, Non-irritant, Sensitizer",1,carcinogen,1,0.063569307,0.021181602,0.008384714,2.80E-07,0.000663705,0.004924783,2.297962005,no,0,no,no,no
12204,Cc1nc(NCCN2CCOCC2)c2nnn(Cc3ccccc3Cl)c2n1,0,"Non-corrosive, Non-irritant, Sensitizer",1,carcinogen,1,0.090521097,0.017615171,0.006570848,4.05E-07,0.001210402,0.003292554,2.469951084,no,0,no,no,no
9433,COc1cc(C2C(C(=O)N3CCCCC3)=C(C)NC3=C2C(=O)CC(C)(C)C3)ccc1O,0,"Non-corrosive, Non-irritant, Non-sensitizer",0,non-carcinogen,0,0.292390674,0.095479682,0.037759829,1.18E-06,0.001927135,0.011233772,3.032209279,no,0,yes,no,no
13278,Cc1cccc(-c2noc(CCC(=O)NCc3ccccc3)n2)c1,0,"Non-corrosive, Non-irritant, Sensitizer",1,carcinogen,1,0.218341574,0.209392235,0.095303491,0.001219168,0.592619181,0.750860035,1.844202694,no,0,no,yes,no
538,Nc1ccc(-c2cccc3c(=O)cc(N4CCOCC4)oc23)cc1,1,"Non-corrosive, Non-irritant, Non-sensitizer",0,non-carcinogen,0,0.567536235,0.723393559,0.942196608,0.490739554,0.866741121,0.997107685,2.34423676,no,0,yes,no,no
849,NS(=O)(=O)c1ccc(OCCCNC(=O)Cc2ccccc2Nc2c(Cl)cccc2Cl)cc1,1,"Non-corrosive, Non-irritant, Non-sensitizer",0,non-carcinogen,0,0.892991424,0.957265556,0.959349096,0.99999994,0.991058171,0.997772336,2.218082236,yes,1,yes,no,no
1610,O=C(NC1CCCCC1)C(c1ccncc1)N(Cc1ccccc1)C(=O)c1ccc(-c2ccccc2)[nH]1,1,"Non-corrosive, Non-irritant, Non-sensitizer",0,non-carcinogen,0,0.488777339,0.444340259,0.892579615,0.001132683,0.641135335,0.69406271,2.914548851,no,0,yes,no,no
10836,Cc1ccc(-c2cnc(NC(=O)CCC(=O)N3CCCCC3)n2C)cc1,0,"Non-corrosive, Non-irritant, Sensitizer",1,non-carcinogen,0,0.224796042,0.181607038,0.059758287,0.017715469,0.106453374,0.000345857,2.229039261,no,0,no,no,no
13544,CCCCn1c(SCc2c(C)noc2C)nc2cc(S(N)(=O)=O)ccc21,0,"Non-corrosive, Non-irritant, Non-sensitizer",0,non-carcinogen,0,0.178148896,0.169113383,0.075246483,1.02E-05,0.069813162,0.023263391,2.435502566,no,0,yes,no,no
12546,CC(C)(C)NC(=O)C(c1ccccc1)N(C(=O)c1ccco1)C1CC1,0,"Non-corrosive, Non-irritant, Sensitizer",1,non-carcinogen,0,0.185158268,0.087996565,0.009291348,0.000285503,0.00069204,0.004416046,2.680036581,no,0,no,no,no
1299,COc1nc(N/N=C/c2cccc(Br)c2)nc(N2CCCCC2)n1,1,"Non-corrosive, Irritant, Sensitizer",1,non-carcinogen,0,0.774126291,0.840201437,0.853617013,0.999980688,0.149786443,0.990579247,2.428700277,no,0,no,no,no
13734,CC1(C)Cc2cccc(OCC(=O)Nc3nccs3)c2O1,0,"Non-corrosive, Non-irritant, Sensitizer",1,non-carcinogen,0,0.278071672,0.096086271,0.112575024,3.56E-05,0.005588515,0.449266106,2.353322082,no,0,no,no,no
7834,CON1C(=O)[C@@]2(C[C@@H]3N=C([C@@](C)(O)CC(C)[C@]45ON4[C@H]4C[C@@]6(C(=O)N(OC)c7ccccc76)[C@H]6C[C@@H]5[C@@H]4CO6)[C@@H]4C[C@H]2OC[C@H]34)c2ccccc21,1,"Non-corrosive, Non-irritant, Non-sensitizer",0,non-carcinogen,0,0.627036631,0.951526165,0.956372142,0.868501365,0.999997973,0.469724119,7.228610828,no,0,yes,no,no
15731,CCn1c(SCC(=O)NCC2CCCO2)nnc1-c1c[nH]c2ccccc12,0,"Non-corrosive, Non-irritant, Non-sensitizer",0,carcinogen,1,0.114434108,0.108203247,0.019346841,4.78E-07,0.102115817,0.009032586,2.840251039,no,0,no,no,no
1353,CCOc1ccc(NC(=O)/C=C/c2ccc(OC)cc2)c([N+](=O)[O-])c1,1,"Non-corrosive, Non-irritant, Non-sensitizer",0,non-carcinogen,0,0.945022583,0.964614034,0.993601143,0.999999523,0.983235598,0.999994516,1.977332555,yes,1,yes,yes,yes
1521,COc1ccc(/C=C/C(=O)Nc2ccccc2C(=O)O)cc1OC,1,"Non-corrosive, Non-irritant, Non-sensitizer",0,non-carcinogen,0,0.838660836,0.912530363,0.878771901,0.999993324,0.953382373,0.862605572,1.819254848,yes,1,yes,yes,yes
2731,CCc1cccc(CC)c1NC(=O)/C(C#N)=C/c1ccccc1C(F)(F)F,1,"Non-corrosive, Non-irritant, Sensitizer",1,non-carcinogen,0,0.807993054,0.903176725,0.958010018,0.999993145,0.979979753,0.937864184,2.381051741,yes,1,no,no,no
3921,CCOc1cc(/C=C(/C#N)C(=O)Nc2ccc(O)cc2)cc(Br)c1O,1,"Non-corrosive, Non-irritant, Non-sensitizer",0,non-carcinogen,0,0.95719564,0.973711669,0.997674048,0.999999702,0.974140227,0.99999249,2.307413109,yes,1,yes,no,no
2420,Cc1ccc(Cc2cnc(NC(=O)/C(C#N)=C/c3ccc(-c4ccccc4[N+](=O)[O-])o3)s2)cc1,1,"Non-corrosive, Non-irritant, Non-sensitizer",0,carcinogen,1,0.972232282,0.964876473,0.972483516,1,0.827636361,0.963392556,2.614921299,yes,1,no,no,no
1414,CN(C)c1ccc(NC(=O)COC(=O)Cn2nnc3ccccc32)cc1,1,"Non-corrosive, Non-irritant, Non-sensitizer",0,carcinogen,1,0.331427604,0.200669616,0.641976595,3.27E-05,0.065323792,0.002832219,2.045070654,no,0,no,no,no
2171,COc1ccc(Nc2nc(Nc3ccc(OC)cc3)nc(-n3[nH]c(=O)c(C)c3C)n2)cc1,1,"Non-corrosive, Non-irritant, Non-sensitizer",0,non-carcinogen,0,0.313724965,0.442298472,0.943447649,2.94E-06,0.42091319,0.99953717,2.549437651,no,0,yes,no,no
2446,COc1ccc(Cn2c(SCc3ccc(C)cc3)nc3cc(OC)c(OC)cc3c2=N)cc1Cl,1,"Non-corrosive, Non-irritant, Non-sensitizer",0,carcinogen,1,0.793628395,0.637750745,0.951044679,0.996660173,0.555658102,0.890863657,2.472366669,yes,1,no,no,no
13458,C=CCNC(=O)c1c(N)n(-c2cccc(S(N)(=O)=O)c2)c2nc3ccccc3nc12,0,"Non-corrosive, Non-irritant, Non-sensitizer",0,non-carcinogen,0,0.532245159,0.234732792,0.137238562,0.999024928,0.292098492,0.956130505,2.556067439,no,0,yes,no,no
8218,C/C=C(\C)C(=O)O[C@H]1C[C@@H](C)[C@@]2(O)CC[C@@](C)(/C=C3/OC(=O)C(COC(C)=O)=C31)O2,1,"Non-corrosive, Non-irritant, Non-sensitizer",0,carcinogen,1,0.950595319,0.989126503,0.988048732,0.99999994,0.999999881,0.999998033,5.989975257,yes,1,no,no,no
8219,C=C(C)C(=O)O[C@H]1C[C@@H](C)[C@@]2(O)CC[C@@](C)(/C=C3/OC(=O)C(COC(C)=O)=C31)O2,1,"Non-corrosive, Non-irritant, Non-sensitizer",0,carcinogen,1,0.924670994,0.989771903,0.988048732,0.999998569,1,0.999998033,5.949432221,yes,1,no,no,no
1672,CN(C)c1ccc(C(=O)N/N=C/C23CC[C@@H](O)CC2(O)CC[C@@H]2[C@@H]3CCC3(C)C(C4=CC(=O)OC4)CCC23O)cc1,1,"Non-corrosive, Non-irritant, Non-sensitizer",0,non-carcinogen,0,0.955606341,0.935676992,0.990068972,0.999999583,0.999996245,0.999997616,4.842540598,yes,1,yes,no,no
4239,CCOC(=O)c1ccccc1-c1cn2cc(Cl)ccc2n1,1,"Non-corrosive, Non-irritant, Sensitizer",1,non-carcinogen,0,0.799711585,0.716314495,0.951881289,0.999991298,0.860340655,0.989777446,2.137670544,yes,1,no,no,no
8833,CCOC(=O)CNc1c(-c2ccc(O)cc2)nc2ccccn12,0,"Non-corrosive, Non-irritant, Non-sensitizer",0,non-carcinogen,0,0.502142251,0.539283872,0.121406794,0.041556299,0.944409013,0.184133947,2.246703409,no,0,yes,no,no
5978,CC(C)c1ccc(-c2ccc(NC3CCOCC3)c(C(N)=O)c2)cc1,1,"Non-corrosive, Non-irritant, Sensitizer",1,non-carcinogen,0,0.77041626,0.863129795,0.896532953,0.640557528,0.696106136,0.488787442,2.148466837,no,0,no,no,no
5577,CCS(=O)(=O)c1ccccc1C(=O)N1CCN(c2nc3ccc(F)cc3s2)C[C@@H]1C,1,"Non-corrosive, Non-irritant, Non-sensitizer",0,non-carcinogen,0,0.67053479,0.763636827,0.923530877,0.999092817,0.426774025,0.809724271,2.88777051,no,0,yes,no,no
9587,CCc1nnc(NC(=O)C2CCCN2S(=O)(=O)c2ccc(F)cc2)s1,0,"Non-corrosive, Non-irritant, Sensitizer",1,non-carcinogen,0,0.069308884,0.082420431,0.018684603,2.36E-06,0.17190744,0.036460783,2.644135626,no,0,no,no,no
14170,O=C(CC1=CCCN(CCc2ccccc2)C1=O)NO,0,"Non-corrosive, Non-irritant, Sensitizer",1,non-carcinogen,0,0.252631187,0.047301151,0.030684542,1.39E-05,0.01033235,3.40E-05,2.492553852,no,0,no,no,no
14530,O=C(CCC1=CCCN(CCc2ccccc2)C1=O)NO,0,"Non-corrosive, Non-irritant, Sensitizer",1,non-carcinogen,0,0.135661542,0.026316226,0.022838658,1.93E-06,0.006405081,3.65E-05,2.439502851,no,0,no,no,no
6072,OC1CCCCCCCNc2ncc3c(-c4cccnc4)cn(c3n2)CCCC1,1,"Non-corrosive, Non-irritant, Sensitizer",1,non-carcinogen,0,0.980497956,0.922850311,0.994518578,0.999999881,0.984124839,0.999994397,4.464503355,yes,1,no,no,no
1129,COc1ccc(N(CC(=O)Nc2ccc3c(c2)OCO3)S(C)(=O)=O)c(OC)c1,1,"Non-corrosive, Non-irritant, Non-sensitizer",0,non-carcinogen,0,0.468786925,0.573784232,0.659853935,0.006355785,0.257943273,0.004049695,2.198259024,no,0,yes,no,no
14222,CC(=O)c1ccc(Nc2ncnc3[nH]ccc23)cc1,0,"Non-corrosive, Non-irritant, Non-sensitizer",0,non-carcinogen,0,0.191430926,0.311962306,0.043989293,0.000576275,0.858809412,0.145316109,2.115539853,no,0,yes,no,no
14239,FC(F)(F)Oc1ccc(Nc2ncnc3[nH]ccc23)cc1,0,"Non-corrosive, Non-irritant, Sensitizer",1,non-carcinogen,0,0.283206731,0.300574869,0.092453517,0.924055219,0.844733715,0.002910472,2.280872082,no,0,no,no,no
14260,CC(C)Oc1ccc(Nc2ncnc3[nH]ccc23)cc1,0,"Non-corrosive, Non-irritant, Non-sensitizer",0,carcinogen,1,0.150037155,0.234079853,0.050569832,0.000118595,0.942852736,0.001736782,2.172237281,no,0,no,no,no
14312,Oc1ccc(Nc2ncnc3[nH]ccc23)cc1,0,"Non-corrosive, Non-irritant, Sensitizer",1,non-carcinogen,0,0.31232959,0.258073121,0.052748173,0.810838699,0.938185215,0.001568349,2.174623505,no,0,no,no,no
14346,Oc1cccc(Nc2ncnc3[nH]ccc23)c1,0,"Non-corrosive, Non-irritant, Sensitizer",1,non-carcinogen,0,0.465231627,0.32546252,0.037636165,0.036583416,0.964974523,0.001266397,2.258093659,no,0,no,no,no
14534,COC(=O)c1cc(Nc2ncnc3[nH]ccc23)ccc1Br,0,"Non-corrosive, Non-irritant, Non-sensitizer",0,non-carcinogen,0,0.19871825,0.455868423,0.067735031,0.000309825,0.794024646,0.265040338,2.335151313,no,0,yes,no,no
15412,c1ccc(Nc2ncnc3[nH]ccc23)cc1,0,"Non-corrosive, Non-irritant, Sensitizer",1,non-carcinogen,0,0.199074849,0.324980944,0.030453963,0.000515255,0.685127139,0.001409001,2.015409052,no,0,no,no,no
10546,CCNCCNC(=O)c1c(O)c2c([nH]c1=O)CCCC2,0,"Non-corrosive, Non-irritant, Sensitizer",1,non-carcinogen,0,0.175569206,0.184046641,0.085309431,0.00010589,0.111184314,0.240664423,2.514218268,no,0,no,no,no
11163,CCN(CC)CCNC(=O)c1c(O)c2c([nH]c1=O)CCCC2,0,"Non-corrosive, Non-irritant, Sensitizer",1,non-carcinogen,0,0.191683099,0.101577766,0.055784713,0.000401036,0.098886952,0.233258262,2.505918061,no,0,no,no,no
13103,CC1CCc2nc(NC(=O)CN3CCN(c4ccccc4)CC3)sc2C1,0,"Non-corrosive, Non-irritant, Non-sensitizer",0,non-carcinogen,0,0.074621081,0.187427402,0.040802639,3.60E-07,0.199139252,0.030451175,2.580935394,no,0,yes,no,no
9965,O=C(NCCc1ccccc1)C1CCCN(C(=O)NC2CCCCC2)C1,0,"Non-corrosive, Non-irritant, Sensitizer",1,non-carcinogen,0,0.068972908,0.066489071,0.025745658,2.95E-06,0.431480348,1.78E-05,2.391521832,no,0,no,no,no
10058,COCCCn1c(SCc2cc(=O)[nH]c3ccccc23)nnc1-c1ccco1,0,"Non-corrosive, Non-irritant, Sensitizer",1,carcinogen,1,0.06416858,0.058537368,0.022848848,7.34E-05,0.032704301,0.003457446,2.439249946,no,0,no,no,no
1164,CC(C)n1c(SCC(=O)Nc2nc3c(s2)CCCC3)nc2c1c(=O)n(C)c(=O)n2C,1,"Non-corrosive, Non-irritant, Non-sensitizer",0,non-carcinogen,0,0.229698688,0.209114596,0.710991085,1.14E-07,0.052013189,0.06689918,2.736000075,no,0,yes,no,no
8736,Cc1cnc(C(=O)Nc2ccc(N3CCN(C(=O)OC(C)(C)C)CC3)cc2)cn1,0,"Non-corrosive, Non-irritant, Non-sensitizer",0,non-carcinogen,0,0.150440201,0.169917628,0.115445718,0.656852603,0.32832402,0.001571236,2.174557229,no,0,yes,no,no
2049,CCOc1ccc(NC(=O)c2ccc(NC(=O)c3ccc(CN4CCOCC4)cc3)cc2)cc1,1,"Non-corrosive, Non-irritant, Non-sensitizer",0,non-carcinogen,0,0.638807774,0.271724999,0.667209268,0.048354972,0.136486977,0.012260075,1.896974099,no,0,yes,yes,no
5742,Nc1nc2ccc(N(CCN3CCOCC3)C(=O)Nc3cccc4ccccc34)cc2s1,1,"Non-corrosive, Non-irritant, Non-sensitizer",0,carcinogen,1,0.729558647,0.862931848,0.991197228,0.999994516,0.961567342,0.994191885,2.46258842,yes,1,no,no,no
458,Cc1noc(/C=C/c2ccccn2)c1[N+](=O)[O-],1,"Non-corrosive, Non-irritant, Sensitizer",1,carcinogen,1,0.897939563,0.94715476,0.964473009,0.999999583,0.986442208,0.999966681,2.660129082,yes,1,no,no,no
10868,COc1ccc(CCCc2nnc(SCC(=O)Nc3nc(C)cs3)n2C)cc1C,0,"Non-corrosive, Non-irritant, Non-sensitizer",0,carcinogen,1,0.22960481,0.051694766,0.061583914,0.647773147,0.08885704,0.088087566,2.385009012,no,0,no,no,no
12796,COc1ccccc1CN1C(=O)[C@@H]2C(CCC(N)=O)NC3(C(=O)Nc4c3ccc(Cl)c4C)[C@@H]2C1=O,0,"Non-corrosive, Non-irritant, Non-sensitizer",0,non-carcinogen,0,0.317815036,0.159616664,0.034823418,0.001459219,0.147518069,0.075168215,4.289899154,no,0,yes,no,no
12863,COc1ccccc1CN1C(=O)[C@@H]2C(CC(N)=O)NC3(C(=O)Nc4c3ccc(Cl)c4C)[C@@H]2C1=O,0,"Non-corrosive, Non-irritant, Non-sensitizer",0,non-carcinogen,0,0.339585096,0.130685002,0.037238806,0.966831088,0.215934768,0.077343382,4.274810552,no,0,yes,no,no
9963,COCCn1nnnc1C(c1ccc(OC)c(OC)c1)N1CCN(c2nc3ccccc3s2)CC1,0,"Non-corrosive, Non-irritant, Non-sensitizer",0,non-carcinogen,0,0.118036576,0.072383843,0.066730388,8.14E-06,0.243289709,0.018865008,2.975494962,no,0,yes,no,no
10491,COc1cc(C(c2nnnn2C(C)(C)C)N2CCN(c3nc4ccccc4s3)CC2)ccc1O,0,"Non-corrosive, Non-irritant, Non-sensitizer",0,non-carcinogen,0,0.151291206,0.119076513,0.080979727,3.01E-05,0.706276536,0.079598889,3.066388842,no,0,yes,no,no
15748,CS(=O)(=O)N1CCN(c2ccccc2NC(=O)c2cccnc2)CC1,0,"Non-corrosive, Non-irritant, Sensitizer",1,non-carcinogen,0,0.079299629,0.236054152,0.044698123,0.000671538,0.174417242,0.000377692,1.979598365,no,0,no,yes,no
10076,COc1ccccc1NC(=O)CSc1nnc(C)o1,0,"Non-corrosive, Non-irritant, Non-sensitizer",0,carcinogen,1,0.054354489,0.049547475,0.007808271,0.002038973,0.033020794,0.000424046,1.949487405,no,0,no,yes,no
13762,Cc1cc(C(=O)Cn2nnc3ccccc3c2=O)c(C)n1-c1c(C)n(C)n(-c2ccccc2)c1=O,0,"Non-corrosive, Non-irritant, Non-sensitizer",0,non-carcinogen,0,0.107821085,0.11317008,0.076850057,1.38E-07,0.115031146,0.37847802,2.601282038,no,0,yes,no,no
7077,CC(=O)OC[C@@]12CC[C@H]3C(C)(C)CCC[C@]3(C)[C@H]1C[C@@H](C1=CC(=O)O[C@H]1O)O2,1,"Non-corrosive, Non-irritant, Non-sensitizer",0,carcinogen,1,0.964326084,0.996178985,0.997669041,0.999999642,0.999998152,0.999996006,4.721118517,yes,1,no,no,no
4374,NC1=NC[C@@H](Cc2ccc(O)cc2)N1CCc1cccc(F)c1,1,"Non-corrosive, Irritant, Sensitizer",1,non-carcinogen,0,0.549201369,0.610301554,0.915489078,0.988241553,0.229068771,0.072275624,2.855480606,no,0,no,no,no
14390,CS(=O)(=O)c1ccc(C(CCNC(=O)c2ccc(C#N)nc2)c2ccc(F)cc2)cc1,0,"Non-corrosive, Non-irritant, Non-sensitizer",0,non-carcinogen,0,0.376925975,0.423281401,0.107142739,0.999956965,0.328586966,0.983443797,2.764003061,no,0,yes,no,no
14468,O=C(NCCC(c1ccc(F)cc1)c1ccc(F)cc1)c1ccc(OCC(F)(F)F)nc1,0,"Non-corrosive, Non-irritant, Sensitizer",1,non-carcinogen,0,0.503677487,0.377306283,0.168481275,0.999990523,0.488896638,0.011307856,2.331546358,no,0,no,no,no
12566,O=C1C(C2=C(O)c3ccccc3C2=O)=Nc2ccccc21,0,"Non-corrosive, Non-irritant, Sensitizer",1,non-carcinogen,0,0.592628181,0.650992036,0.076059796,0.999998391,0.999440551,0.957893014,2.466311313,no,0,no,no,no
5981,Cc1c(C(C)C)c(=O)on1C(=O)N1CC=CC1,1,"Non-corrosive, Irritant, Sensitizer",1,carcinogen,1,0.850573719,0.973636985,0.999036074,0.999998987,0.999998927,0.999996722,3.324980629,yes,1,no,no,no
4086,Cc1cc(C(=O)N/N=C/c2cccs2)no1,1,"Non-corrosive, Non-irritant, Sensitizer",1,non-carcinogen,0,0.799781621,0.804874361,0.867907286,0.998815715,0.892255604,0.550454199,2.41024279,yes,1,no,no,no
102,Cc1ccc(CS(=O)(=O)CCC(=O)N2CCC3(CC2)OCCO3)cc1,1,"Non-corrosive, Non-irritant, Sensitizer",1,non-carcinogen,0,0.458579421,0.599054575,0.853500962,0.000563984,0.556272864,0.029533856,2.902538706,no,0,no,no,no
859,CC(C(=O)Nc1ccc(S(N)(=O)=O)cc1)c1cccc(C(=O)c2ccccc2)c1,1,"Non-corrosive, Non-irritant, Non-sensitizer",0,non-carcinogen,0,0.820820093,0.792999923,0.955194712,0.999999523,0.88558346,0.989313602,2.409562864,yes,1,yes,no,no
1744,COc1cc(N=c2ssnc2Cl)cc(OC)c1,1,"Non-corrosive, Irritant, Sensitizer",1,non-carcinogen,0,0.739737093,0.839569986,0.967335761,0.999831438,0.573849142,0.166186139,2.998099274,no,0,no,no,no
1793,Cc1cc(Cl)ccc1N=c1ssnc1Cl,1,"Non-corrosive, Irritant, Sensitizer",1,non-carcinogen,0,0.750436008,0.927240252,0.964626729,0.991204679,0.785785675,0.230583072,3.05991224,no,0,no,no,no
1800,Cc1ccc(N=c2ssnc2Cl)cc1,1,"Non-corrosive, Irritant, Sensitizer",1,non-carcinogen,0,0.788953125,0.927240252,0.97083199,0.999929368,0.785785675,0.000680812,2.91521097,no,0,no,no,no
1967,Clc1nssc1=Nc1ccccc1,1,"Non-corrosive, Irritant, Sensitizer",1,non-carcinogen,0,0.734781325,0.94724828,0.968944311,0.999905705,0.879177153,0.000197869,2.916634487,no,0,no,no,no
1968,Clc1nssc1=Nc1ccc(Br)cc1,1,"Non-corrosive, Irritant, Sensitizer",1,non-carcinogen,0,0.828661859,0.982521117,0.968570411,0.999998271,0.975765586,0.016552299,3.03248097,no,0,no,no,no
1988,N#Cc1cccc(N=c2ssnc2Cl)c1,1,"Non-corrosive, Irritant, Sensitizer",1,non-carcinogen,0,0.712784767,0.945407033,0.923030376,0.026094256,0.874391854,0.000302166,3.179539559,no,0,no,no,no
1995,CCOC(=O)c1ccc(N=c2ssnc2Cl)cc1,1,"Non-corrosive, Irritant, Sensitizer",1,non-carcinogen,0,0.648188889,0.802802265,0.938400626,0.99990952,0.623719335,0.001819934,2.729093254,no,0,no,no,no
4230,Fc1ccc(N=c2ssnc2Cl)c(F)c1,1,"Non-corrosive, Irritant, Sensitizer",1,non-carcinogen,0,0.747833192,0.948412597,0.95034802,0.998522341,0.967056394,4.36E-05,3.132644108,no,0,no,no,no
2891,CC1(C)COC(/C=C/c2cccc([N+](=O)[O-])c2)=N1,1,"Non-corrosive, Non-irritant, Sensitizer",1,carcinogen,1,0.887614191,0.953107536,0.916193008,0.999900699,0.999998748,0.899847269,2.746360657,yes,1,no,no,no
11755,O=C(Cn1nnc(-c2cc(Cl)ccc2-n2cnnn2)n1)N1CCCc2ccccc21,0,"Non-corrosive, Non-irritant, Non-sensitizer",0,non-carcinogen,0,0.07819467,0.076083273,0.046512011,2.27E-05,0.183198899,0.03626078,2.684612494,no,0,yes,no,no
3306,COc1ccc(-c2csc3ncnc(NCCO)c23)cc1,1,"Non-corrosive, Non-irritant, Sensitizer",1,non-carcinogen,0,0.75662756,0.944628358,0.981320262,0.999993086,0.994492412,0.827180326,2.166756357,yes,1,no,no,no
3397,OCCCNc1ncnc2scc(-c3ccc(Cl)cc3)c12,1,"Non-corrosive, Non-irritant, Sensitizer",1,non-carcinogen,0,0.891438484,0.925691307,0.973777831,0.999994993,0.896623015,0.809301496,2.21513618,yes,1,no,no,no
4473,COc1ccc(-c2csc3ncnc(NCCCO)c23)cc1,1,"Non-corrosive, Non-irritant, Non-sensitizer",0,carcinogen,1,0.864738524,0.950840235,0.987527311,0.999995828,0.97499311,0.543938339,2.185795232,yes,1,no,no,no
13664,C=CCn1c(SCc2c(C)noc2C)nnc1C1COc2ccccc2O1,0,"Non-corrosive, Non-irritant, Sensitizer",1,carcinogen,1,0.140843719,0.058286216,0.030762276,5.48E-07,0.074139558,0.312932312,3.119960985,no,0,no,no,no
1234,C=C(C)c1cccc(C(C)(C)NC(=O)N2CCCCC2CC)c1,1,"Non-corrosive, Non-irritant, Sensitizer",1,non-carcinogen,0,0.254139304,0.577001929,0.696693897,0.000221705,0.650924683,0.011275771,2.914543943,no,0,no,no,no
4958,O=C(O)C1CCN(C(=O)NCc2ccc(Cl)cc2Cl)CC1,1,"Non-corrosive, Non-irritant, Sensitizer",1,non-carcinogen,0,0.84494251,0.737885773,0.973974288,0.997406602,0.98289144,0.999643683,1.955651313,yes,1,no,yes,no
5583,CS(=O)(=O)CCNC(=O)C1CCN(C(=O)NCc2ccc(Cl)cc2Cl)CC1,1,"Non-corrosive, Non-irritant, Non-sensitizer",0,non-carcinogen,0,0.879188657,0.760111034,0.953658283,0.999995828,0.969554126,0.999748766,2.208345297,yes,1,yes,no,no
5597,NC(=O)C1CCN(C(=O)NCc2ccc(Cl)cc2Cl)CC1,1,"Non-corrosive, Non-irritant, Sensitizer",1,non-carcinogen,0,0.85119909,0.727979124,0.974160969,0.999994159,0.795504928,0.999858439,1.991011525,yes,1,no,yes,no
5621,COCCNC(=O)C1CCN(C(=O)NCc2ccc(Cl)cc2Cl)CC1,1,"Non-corrosive, Non-irritant, Non-sensitizer",0,non-carcinogen,0,0.745129645,0.568822324,0.950555325,0.999957979,0.814737916,0.997232497,2.0499675,yes,1,yes,no,no
5648,O=C(NCc1ccc(Cl)c(Cl)c1)N1CCCC(CO)C1,1,"Non-corrosive, Non-irritant, Sensitizer",1,non-carcinogen,0,0.515245199,0.811088026,0.817491114,0.995264232,0.967892766,0.999635637,2.444195789,yes,1,no,no,no
6154,O=C(NCc1ccc(Cl)cc1Cl)N1CCCC(CO)C1,1,"Non-corrosive, Non-irritant, Sensitizer",1,non-carcinogen,0,0.778932393,0.811088026,0.963731706,0.999988437,0.967892766,0.999991775,2.487729581,yes,1,no,no,no
14666,O=C(NCc1ccccc1)N1CCCC(CO)C1,0,"Non-corrosive, Non-irritant, Sensitizer",1,non-carcinogen,0,0.272969186,0.321351349,0.068212487,0.066453367,0.414029151,0.113537468,2.224859325,no,0,no,no,no
14667,Cc1cccc(CNC(=O)N2CCCC(CO)C2)c1,0,"Non-corrosive, Non-irritant, Non-sensitizer",0,non-carcinogen,0,0.369299084,0.222899765,0.087399974,0.999418259,0.466187119,0.058394931,2.351428938,no,0,yes,no,no
14668,CC(NC(=O)N1CCCC(CO)C1)c1ccccc1,0,"Non-corrosive, Non-irritant, Sensitizer",1,non-carcinogen,0,0.32518664,0.240185738,0.059261564,0.852397442,0.429467678,0.027731203,2.58538863,no,0,no,no,no
14692,Cc1ccc(CNC(=O)N2CCCC(CO)C2)cc1,0,"Non-corrosive, Non-irritant, Sensitizer",1,non-carcinogen,0,0.29974106,0.240185738,0.075448669,0.175019518,0.429467678,0.95157516,2.292710989,no,0,no,no,no
15727,Cc1ccccc1CNC(=O)N1CCCC(CO)C1,0,"Non-corrosive, Non-irritant, Sensitizer",1,non-carcinogen,0,0.333912879,0.421365678,0.069724329,0.998666286,0.742099285,0.049164884,2.37028022,no,0,no,no,no
518,CC(=O)NCCc1ccc(C(=O)COC(=O)C2CCCCC2)cc1,1,"Non-corrosive, Non-irritant, Sensitizer",1,non-carcinogen,0,0.517173648,0.404375106,0.764773428,0.804497361,0.566954851,0.052132666,1.933576243,no,0,no,yes,no
8851,CCCc1[nH]nc2c1C(Cc1ccccc1)C(C#N)=C(N)O2,0,"Non-corrosive, Non-irritant, Non-sensitizer",0,non-carcinogen,0,0.139633834,0.070670858,0.101866923,1.17E-06,0.016533276,0.036235686,3.182767087,no,0,yes,no,no
10394,O=C(c1ccc(F)cc1)C1CCN(C(=O)c2ccncc2)CC1,0,"Non-corrosive, Non-irritant, Sensitizer",1,non-carcinogen,0,0.267590106,0.259118825,0.059696361,0.001333195,0.078221984,2.31E-05,1.878888724,no,0,no,yes,no
6778,COc1cccc(-c2ccc(S(=O)(=O)NC3(C)CN(C#N)C3)cc2)c1,1,"Non-corrosive, Non-irritant, Sensitizer",1,non-carcinogen,0,0.942408502,0.978401244,0.915714145,0.999999225,0.999573588,0.996549189,2.545811771,yes,1,no,no,no
1262,COc1cc(CNCc2ccco2)ccc1OCc1ccccc1,1,"Non-corrosive, Non-irritant, Sensitizer",1,carcinogen,1,0.587510824,0.667284548,0.546075106,0.032389075,0.09313307,0.046327058,1.804927062,no,0,no,yes,no
9849,O=C(NC1CCCCC1)N1CCC(c2nc3ccccc3[nH]2)CC1,0,"Non-corrosive, Non-irritant, Sensitizer",1,non-carcinogen,0,0.058224089,0.169583708,0.021347011,1.95E-07,0.087319314,7.20E-05,2.167920561,no,0,no,no,no
9953,O=C(NC1CCCCC1)N1CCC(c2nc3ccc(Cl)cc3[nH]2)CC1,0,"Non-corrosive, Non-irritant, Sensitizer",1,non-carcinogen,0,0.092932358,0.235056818,0.026683901,3.17E-06,0.038791768,0.000613099,2.267016041,no,0,no,no,no
8426,CC1C(=O)N2CCCc3cc(S(=O)(=O)N4CCCCC4)cc1c32,0,"Non-corrosive, Non-irritant, Sensitizer",1,non-carcinogen,0,0.207417801,0.10601683,0.020391257,3.03E-06,0.282140076,0.069562957,2.906204264,no,0,no,no,no
4861,CO/N=C/C(=N\Nc1ccc(OC)cc1)C(=O)c1ccc(OC)cc1,1,"Non-corrosive, Non-irritant, Non-sensitizer",0,non-carcinogen,0,0.873269916,0.805377245,0.916800201,0.999671936,0.774916291,0.99831599,2.442475288,yes,1,yes,no,no
278,N#Cc1c(SCC(N)=O)nc2c(c1-c1ccc(OCc3ccccc3)cc1)CCCC2,1,"Non-corrosive, Non-irritant, Non-sensitizer",0,non-carcinogen,0,0.514608085,0.521527529,0.932983339,0.000158416,0.21269837,0.576910853,2.36619755,no,0,yes,no,no
10509,CC(C)(C)n1nnnc1C(c1cccs1)N1CCCC2(CCCCC2)C1,0,"Non-corrosive, Non-irritant, Sensitizer",1,non-carcinogen,0,0.120514728,0.037184838,0.124001794,0.000179793,0.064634912,0.779581487,3.731036862,no,0,no,no,no
9263,COc1ccc(S(=O)(=O)N2CCC(O)(c3ccc4c(c3)OCO4)CC2)cc1,0,"Non-corrosive, Non-irritant, Non-sensitizer",0,non-carcinogen,0,0.229902878,0.098074056,0.055234026,1.82E-06,0.16164954,0.013205772,2.268325362,no,0,yes,no,no
10939,CCn1c(SCC(=O)Nc2ccc3c(c2)OCO3)nc2c1c(=O)n(C)c(=O)n2C,0,"Non-corrosive, Non-irritant, Non-sensitizer",0,non-carcinogen,0,0.081962243,0.119757846,0.026324114,6.89E-06,0.198112518,0.010952364,2.423743554,no,0,yes,no,no
22,Cn1nc(C(=O)Nc2ccc3c(c2)OCO3)c2ccccc2c1=O,1,"Non-corrosive, Non-irritant, Sensitizer",1,non-carcinogen,0,0.394118756,0.318309575,0.897389829,0.000146473,0.119374596,0.647501469,2.03521073,no,0,no,no,no
607,CCCn1c(C)cc(C(=O)CN2C(=O)c3ccccc3S2(=O)=O)c1C,1,"Non-corrosive, Non-irritant, Non-sensitizer",0,non-carcinogen,0,0.751269758,0.506475806,0.879827976,0.99999851,0.284244835,0.397949964,2.449879969,no,0,yes,no,no
9424,O=C(NCc1ccco1)C(C(=O)c1ccc(F)cc1)n1ccccc1=O,0,"Non-corrosive, Non-irritant, Non-sensitizer",0,non-carcinogen,0,0.140883565,0.241877288,0.025872396,1.09E-05,0.52436924,0.03796177,2.758656885,no,0,yes,no,no
11768,Cc1ccc(=O)n(C(C(=O)NCc2ccco2)C(=O)c2ccc(F)cc2)c1,0,"Non-corrosive, Non-irritant, Non-sensitizer",0,non-carcinogen,0,0.228036672,0.242313519,0.050614849,0.999320984,0.515121639,0.101810455,2.809233486,no,0,yes,no,no
13795,Cc1cc(NC(=O)CN2CCN(c3ccccc3O)CC2)no1,0,"Non-corrosive, Non-irritant, Non-sensitizer",0,carcinogen,1,0.052091248,0.111059859,0.05663535,2.15E-05,0.056249231,0.002646314,2.063680332,no,0,no,no,no
9686,COc1ccccc1C(c1nnnn1C(C)(C)C)N1CCN(C(=O)c2ccco2)CC1,0,"Non-corrosive, Non-irritant, Non-sensitizer",0,non-carcinogen,0,0.060281601,0.015938774,0.008180985,4.39E-07,0.004784364,0.002326696,2.935121285,no,0,yes,no,no
12702,CN(C)c1ccc(C(c2nnnn2C(C)(C)C)N2CCN(C(=O)c3ccco3)CC2)cc1,0,"Non-corrosive, Non-irritant, Non-sensitizer",0,carcinogen,1,0.029172592,0.017786445,0.006585967,1.09E-07,0.011334018,0.003107893,3.016890967,no,0,no,no,no
13430,COc1ccccc1CNC(=O)COC(=O)c1cnccn1,0,"Non-corrosive, Non-irritant, Non-sensitizer",0,non-carcinogen,0,0.197529703,0.248449817,0.089429326,0.03571526,0.136649832,0.252114654,1.946859621,no,0,yes,yes,no
14340,CN1CCN(c2nccc(/C(C#N)=C3\Nc4ccccc4S3)n2)CC1,0,"Non-corrosive, Non-irritant, Sensitizer",1,non-carcinogen,0,0.22216408,0.197950006,0.125038758,4.15E-05,0.286932111,0.625035644,2.772747759,no,0,no,no,no
14352,N#C/C(=C1/Nc2ccccc2S1)c1ccnc(N2CCNCC2)n1,0,"Non-corrosive, Non-irritant, Sensitizer",1,non-carcinogen,0,0.082008034,0.195420831,0.132457107,5.77E-06,0.464907378,0.664914966,2.878795751,no,0,no,no,no
14333,Cc1cccc(-n2cnc(C(=O)NNC(=S)Nc3ccccc3)c2)n1,0,"Non-corrosive, Non-irritant, Non-sensitizer",0,non-carcinogen,0,0.621837854,0.508450568,0.113101602,0.999673486,0.973323882,0.998352766,2.368485852,no,0,yes,no,no
9312,CCOc1cc(NC(=O)c2ccco2)c(OCC)cc1NC(=O)COc1ccccc1,0,"Non-corrosive, Non-irritant, Non-sensitizer",0,non-carcinogen,0,0.115376614,0.163327962,0.004521457,1.63E-06,0.054305207,0.00070329,2.098000851,no,0,yes,no,no
11266,CCOc1cc(NC(=O)c2ccco2)c(OCC)cc1NC(=O)COc1ccccc1C,0,"Non-corrosive, Non-irritant, Non-sensitizer",0,non-carcinogen,0,0.155541345,0.152832061,0.015224281,8.01E-07,0.075519651,0.000807901,2.172594033,no,0,yes,no,no
4,COc1ccc(Cl)c(NC(=O)NCCN2CCN(c3ccccc3)CC2)c1,1,"Non-corrosive, Non-irritant, Non-sensitizer",0,non-carcinogen,0,0.35247454,0.771556973,0.73488909,0.005884473,0.694676757,0.001154555,1.885279216,no,0,yes,yes,no
7181,CC1=C(CO)CC[C@]2(C)c3ccc(C(C)C)c(O)c3CC[C@@H]12,1,"Non-corrosive, Non-irritant, Non-sensitizer",0,non-carcinogen,0,0.8869946,0.995530188,0.975375891,0.999995768,1,0.999983788,3.838705094,yes,1,yes,no,no
8003,C/C(=C\COc1ccc2ccc(=O)oc2c1)CC[C@@H]1C(C)(C)[C@H]2CC[C@]1(C)O2,1,"Non-corrosive, Non-irritant, Sensitizer",1,non-carcinogen,0,0.93745482,0.992894351,0.992245376,0.999997675,1,0.999997318,4.579817605,yes,1,no,no,no
13051,CC1(C)CC(=O)C2=C(C1)NC(Nc1nc3ccccc3o1)=NC21CCCCC1,0,"Non-corrosive, Non-irritant, Sensitizer",1,carcinogen,1,0.201885208,0.161441222,0.089681745,0.996869564,0.311320573,0.710686803,3.572392667,no,0,no,no,no
4276,O=C(CNCC1(N2CCOCC2)CCCCC1)Nc1ccc(Cl)cc1,1,"Non-corrosive, Non-irritant, Sensitizer",1,non-carcinogen,0,0.566588759,0.420345902,0.727156043,0.999755442,0.052758981,0.004082037,2.360927106,no,0,no,no,no
7879,C[C@@H]1CC[C@@]2(NC1)O[C@@H]1[C@@H](C[C@@]3(C)C[C@H]4[C@H](C[C@H]13)C(C=O)=C1C=CCC[C@@]14C)[C@@H]2C,1,"Non-corrosive, Non-irritant, Non-sensitizer",0,carcinogen,1,0.964333951,0.929320395,0.973364294,1,0.993655145,0.999999642,6.197721003,yes,1,no,no,no
12341,CN(c1ccccc1)C(c1ccc(F)cc1)c1nnnn1C1CCCC1,0,"Non-corrosive, Non-irritant, Non-sensitizer",0,non-carcinogen,0,0.0951318,0.083760493,0.016149661,1.18E-06,0.013598367,0.016698316,2.850459888,no,0,yes,no,no
12014,O=C(CCN1CCN(CCO)CC1)Nc1ccc(OCc2ccccc2)cc1,0,"Non-corrosive, Non-irritant, Non-sensitizer",0,non-carcinogen,0,0.116014838,0.197620869,0.074050412,8.04E-05,0.119973183,0.000122328,1.847227244,no,0,yes,yes,no
252,C1=Nc2c(ncnc2N2CCOCC2)Oc2ccccc21,1,"Non-corrosive, Non-irritant, Sensitizer",1,non-carcinogen,0,0.487592638,0.498465151,0.950516343,1.55E-05,0.052603137,0.458640397,2.855307357,no,0,no,no,no
1900,Cc1cc(C)c(NC(=O)CSc2nc3ccc(N4C(=O)c5ccccc5C4=O)cc3s2)c(C)c1,1,"Non-corrosive, Non-irritant, Non-sensitizer",0,non-carcinogen,0,0.666933477,0.62423259,0.873830795,0.015391038,0.655878425,0.109161638,2.386096477,no,0,yes,no,no
8417,CC1C(=O)N2CCCc3cc(S(=O)(=O)NCc4ccc(F)cc4)cc1c32,0,"Non-corrosive, Non-irritant, Non-sensitizer",0,non-carcinogen,0,0.201299787,0.259290814,0.034804743,0.00022838,0.830852747,0.100842878,2.858947945,no,0,yes,no,no
8543,CCN(CC(=O)Nc1ccc(Br)cc1)CC(=O)Nc1cc(C)on1,0,"Non-corrosive, Non-irritant, Sensitizer",1,carcinogen,1,0.21428822,0.162981868,0.131615847,6.12E-05,0.230829388,0.005504043,2.125002724,no,0,no,no,no
6765,Cc1c(CCOc2ccccc2)c(=O)on1C(=O)N1CCCCC1,1,"Non-corrosive, Non-irritant, Sensitizer",1,carcinogen,1,0.893627465,0.974279642,0.997722447,0.999962389,0.999608755,0.999998391,2.578012068,yes,1,no,no,no
2968,Cc1nc2ccccn2c1C(=O)/C=C/c1cccc([N+](=O)[O-])c1,1,"Non-corrosive, Non-irritant, Non-sensitizer",0,carcinogen,1,0.931257904,0.939468265,0.954921722,0.999999523,0.980601549,0.916125894,2.371383797,yes,1,no,no,no
10849,O=S(=O)(NC1CCCC1)c1ccc(S(=O)(=O)N2CCCN(Cc3ccccc3)C2)cc1,0,"Non-corrosive, Non-irritant, Non-sensitizer",0,non-carcinogen,0,0.126593009,0.051755201,0.053522643,2.91E-07,0.029784273,0.000940797,2.240385985,no,0,yes,no,no
1548,CCCOc1ccc(-c2nnc(-c3ccncc3)o2)cc1,1,"Non-corrosive, Non-irritant, Sensitizer",1,carcinogen,1,0.276106089,0.371428728,0.249824882,0.000859194,0.052148741,0.086361915,1.942872653,no,0,no,yes,no
10760,CCOc1ccc(-c2nnc(-c3ccncc3)o2)cc1,0,"Non-corrosive, Non-irritant, Non-sensitizer",0,carcinogen,1,0.194366708,0.286616355,0.293505728,0.00657474,0.105780534,0.058210436,1.89458281,no,0,no,yes,no
11375,CC(C)COc1ccc(-c2nnc(-c3ccncc3)o2)cc1,0,"Non-corrosive, Non-irritant, Sensitizer",1,non-carcinogen,0,0.263520628,0.306147307,0.252543122,0.254783809,0.375118375,0.334100515,2.019130809,no,0,no,no,no
7896,CC(C)[C@@H](CC(=O)c1ccoc1)n1cnc2c(N)ncnc21,1,"Non-corrosive, Non-irritant, Sensitizer",1,non-carcinogen,0,0.598637581,0.546311796,0.938010275,0.999996543,0.478590697,0.772640109,3.35963015,no,0,no,no,no
1008,O=C1NCCCc2c1oc1cc(Br)c(O)c(Br)c21,1,"Non-corrosive, Non-irritant, Sensitizer",1,non-carcinogen,0,0.904003859,0.753910244,0.925690651,0.999999821,0.720177889,0.049338542,3.107764657,no,0,no,no,no
2665,O=C(NCCc1c[nH]c2ccccc12)C(=O)NCC(c1ccco1)N1CCN(c2ccc(F)cc2)CC1,1,"Non-corrosive, Non-irritant, Sensitizer",1,non-carcinogen,0,0.690005183,0.649434984,0.846621692,3.29E-07,0.535000503,0.064094685,2.929505144,no,0,no,no,no
5762,CCNNC(=O)c1ccc(Cn2c(=O)n(CCc3ccccc3)c(=O)c3ccccc32)cc1,1,"Non-corrosive, Non-irritant, Non-sensitizer",0,non-carcinogen,0,0.820318103,0.821509063,0.857289553,0.999999225,0.819693863,0.051980909,2.229138535,no,0,yes,no,no
2942,O=C(c1ccc(S(=O)(=O)c2cccc(Cl)c2)c([N+](=O)[O-])c1)N1CCN(c2ccccn2)CC1,1,"Non-corrosive, Non-irritant, Non-sensitizer",0,non-carcinogen,0,0.849240541,0.959497333,0.948409259,0.994408488,0.984285891,0.956156671,2.325933353,yes,1,yes,no,no
534,O=C1c2ccccc2CCC1CNCCc1ccc(O)cc1,1,"Non-corrosive, Non-irritant, Non-sensitizer",0,non-carcinogen,0,0.860756278,0.693697393,0.777958333,0.999976397,0.723283827,0.003501947,2.569202149,no,0,yes,no,no
8423,CCOC(=O)N1CCC(NC(=O)c2cc3c(-c4cccc(OC)c4)nn(C)c3s2)CC1,0,"Non-corrosive, Non-irritant, Non-sensitizer",0,non-carcinogen,0,0.407860607,0.527788043,0.071389213,0.986747205,0.819354117,0.161667064,2.469734123,no,0,yes,no,no
7487,Oc1ccc(CC[C@H](O)CCCCc2ccc(O)c(O)c2)cc1,1,"Non-corrosive, Non-irritant, Sensitizer",1,non-carcinogen,0,0.926236093,0.974112213,0.984374702,0.99999994,0.999996126,0.999997497,2.54220166,yes,1,no,no,no
7493,Oc1ccc(CCCC[C@@H](O)CCc2ccc(O)cc2)cc1,1,"Non-corrosive, Non-irritant, Sensitizer",1,non-carcinogen,0,0.852810144,0.909429014,0.943015754,0.999999881,0.996587574,0.999996126,2.373281373,yes,1,no,no,no
8711,COCC(=O)N(CCc1ccc(OC)cc1)Cc1nc2ccccc2c(=O)[nH]1,0,"Non-corrosive, Non-irritant, Sensitizer",1,non-carcinogen,0,0.224318177,0.125578806,0.04144828,0.000217291,0.066749997,0.003760287,2.233932929,no,0,no,no,no
2383,Cc1oc2c(c1C(=O)c1ccccc1)C(=O)C(=O)c1ccccc1-2,1,"Non-corrosive, Non-irritant, Non-sensitizer",0,carcinogen,1,0.84896338,0.793825567,0.988861382,0.999955773,0.537234128,0.99676466,2.278811763,yes,1,no,no,no
2384,Cc1ccc(C(=O)c2c(C)oc3c2C(=O)C(=O)c2ccccc2-3)cc1,1,"Non-corrosive, Non-irritant, Sensitizer",1,carcinogen,1,0.864314079,0.813156068,0.985279441,0.999966025,0.734392583,0.990749955,2.316865961,yes,1,no,no,no
2385,Cc1oc2c(c1C(=O)c1ccc(Cl)cc1)C(=O)C(=O)c1ccccc1-2,1,"Non-corrosive, Non-irritant, Non-sensitizer",0,non-carcinogen,0,0.88925761,0.832045019,0.991415799,0.999993563,0.516907632,0.999056637,2.330820907,yes,1,yes,no,no
4028,CCC1(C)NC(=O)N(CC(=O)Nc2sc3c(c2C(=O)OC)CCCCC3)C1=O,1,"Non-corrosive, Non-irritant, Sensitizer",1,non-carcinogen,0,0.629905105,0.470577925,0.731905401,0.00014574,0.010644343,0.038593538,2.905611914,no,0,no,no,no
9599,O=C(Oc1ccc2[nH]cc(CCN3C(=O)c4ccccc4C3=O)c2c1)c1ccco1,0,"Non-corrosive, Non-irritant, Non-sensitizer",0,non-carcinogen,0,0.233755484,0.214136168,0.102480426,0.918704033,0.294657737,0.627162933,2.328190213,no,0,yes,no,no
3023,CCn1c(-c2ccccc2)c(C(=O)CCl)c2ccccc21,1,"Non-corrosive, Non-irritant, Non-sensitizer",0,non-carcinogen,0,0.783601582,0.959391654,0.91791153,0.978658378,0.886138082,0.997980773,2.065257467,yes,1,yes,no,no
14621,CCOC(=O)c1c(-c2cccc(Cl)c2)[nH]c2ccc(O)cc12,0,"Non-corrosive, Non-irritant, Sensitizer",1,non-carcinogen,0,0.361571848,0.643363118,0.25972116,0.999921501,0.869065166,0.999740601,2.164308221,no,0,no,no,no
14844,CCOC(=O)c1c(-c2ccc(Cl)cc2)[nH]c2ccc(O)cc12,0,"Non-corrosive, Non-irritant, Sensitizer",1,non-carcinogen,0,0.518851519,0.643363118,0.29534936,0.999815166,0.869065166,0.999726117,2.100234027,no,0,no,no,no
6205,CN1CCN(c2ccc(Nc3ncc4c(=O)c(C(N)=O)cn(C5CCCCC5)c4n3)cc2)CC1,1,"Non-corrosive, Non-irritant, Sensitizer",1,non-carcinogen,0,0.903384566,0.963959277,0.972987831,0.99999851,0.958593965,0.915902317,2.557339491,yes,1,no,no,no
10975,COCCn1c(SCC(=O)NCc2cccs2)nnc1-c1ccc(OC)cc1,0,"Non-corrosive, Non-irritant, Non-sensitizer",0,non-carcinogen,0,0.035903312,0.036692087,0.035436749,1.72E-08,0.091640614,0.040852331,2.194098143,no,0,yes,no,no
13400,Cc1ccsc1C(=O)OCc1csc(-c2ccccc2)n1,0,"Non-corrosive, Non-irritant, Non-sensitizer",0,non-carcinogen,0,0.259518117,0.146076277,0.097478434,0.996208429,0.197164372,0.999947011,2.079280443,no,0,yes,no,no
12486,CC(C)n1nnnc1SCC(=O)NCc1cccs1,0,"Non-corrosive, Non-irritant, Sensitizer",1,non-carcinogen,0,0.034472223,0.091718219,0.010916883,1.01E-06,0.024315173,2.51E-05,2.352784841,no,0,no,no,no
406,COc1ccc(/C=N/NC(=O)c2nonc2C)cc1,1,"Non-corrosive, Non-irritant, Non-sensitizer",0,non-carcinogen,0,0.826601565,0.741592467,0.890106261,0.999434888,0.848376811,0.970126033,2.229607918,yes,1,yes,no,no
5028,CSc1nc(-c2ccc(F)cc2)c(-c2ccnc(NC(C)=O)c2)n1CCCO,1,"Non-corrosive, Non-irritant, Non-sensitizer",0,carcinogen,1,0.527592778,0.379080564,0.633839846,1.77E-05,0.065604456,0.028812794,2.518438703,no,0,no,no,no
5113,C#CCOCCn1c(SC)nc(-c2ccc(F)cc2)c1-c1ccnc(NC(C)=O)c1,1,"Non-corrosive, Non-irritant, Sensitizer",1,non-carcinogen,0,0.441713601,0.421490341,0.60377574,1.45E-05,0.134467348,0.096111432,2.771159101,no,0,no,no,no
5311,CSCCn1c(SC)nc(-c2ccc(F)cc2)c1-c1ccnc(NC(C)=O)c1,1,"Non-corrosive, Non-irritant, Non-sensitizer",0,non-carcinogen,0,0.627996325,0.396917522,0.766671896,0.000159018,0.127473891,0.020437721,2.60621105,no,0,yes,no,no
5360,CSc1nc(-c2ccc(F)cc2)c(-c2ccnc(NC(C)=O)c2)n1CCO,1,"Non-corrosive, Non-irritant, Non-sensitizer",0,carcinogen,1,0.405774862,0.327244788,0.575018167,7.63E-05,0.030108532,0.119095176,2.513374342,no,0,no,no,no
5608,COCCn1c(SC)nc(-c2ccc(F)cc2)c1-c1ccnc(NC(C)=O)c1,1,"Non-corrosive, Non-irritant, Non-sensitizer",0,non-carcinogen,0,0.500805259,0.470478445,0.613852739,0.000413538,0.150357172,0.083384648,2.490451946,no,0,yes,no,no
5630,COCCCn1c(SC)nc(-c2ccc(F)cc2)c1-c1ccnc(NC(C)=O)c1,1,"Non-corrosive, Non-irritant, Non-sensitizer",0,non-carcinogen,0,0.402860105,0.518489778,0.650155187,5.79E-06,0.27180481,0.030582381,2.507326272,no,0,yes,no,no
14244,CSc1nc(-c2ccc(F)cc2)c(-c2ccnc(NC(C)=O)c2)n1CC(C)O,0,"Non-corrosive, Non-irritant, Non-sensitizer",0,non-carcinogen,0,0.270938754,0.277510196,0.254372507,5.81E-06,0.007611969,0.12686944,3.029582805,no,0,yes,no,no
14256,CSc1nc(-c2ccc(F)cc2)c(-c2ccnc(NC(C)=O)c2)n1CCOCCO,0,"Non-corrosive, Non-irritant, Non-sensitizer",0,carcinogen,1,0.334741086,0.130096152,0.495656163,0.000391424,0.052130673,0.113762751,2.615790594,no,0,no,no,no
14316,CSc1nc(-c2ccc(F)cc2)c(-c2ccnc(NC(C)=O)c2)n1CCNC(C)=O,0,"Non-corrosive, Non-irritant, Non-sensitizer",0,carcinogen,1,0.322326422,0.288427114,0.079191595,1.51E-05,0.047510386,0.013567349,2.559364143,no,0,no,no,no
14543,COC(Cn1c(SC)nc(-c2ccc(F)cc2)c1-c1ccnc(NC(C)=O)c1)OC,0,"Non-corrosive, Non-irritant, Non-sensitizer",0,non-carcinogen,0,0.325643718,0.230760381,0.345044285,4.06E-05,0.089576982,0.096947365,2.753307549,no,0,yes,no,no
14760,CSc1nc(-c2ccc(F)cc2)c(-c2ccnc(NC(C)=O)c2)n1CCN(C)C,0,"Non-corrosive, Non-irritant, Non-sensitizer",0,non-carcinogen,0,0.29052338,0.399488032,0.127356589,0.000109868,0.027281798,0.011642707,2.550758939,no,0,yes,no,no
14876,C=CCOCCn1c(SC)nc(-c2ccc(F)cc2)c1-c1ccnc(NC(C)=O)c1,0,"Non-corrosive, Non-irritant, Sensitizer",1,carcinogen,1,0.297941417,0.232720628,0.425627917,0.005315956,0.550850809,0.086445637,2.698031861,no,0,no,no,no
14411,N#Cc1cnc(C(=O)Nc2ccc(C3CCN(Cc4ccccn4)CC3)cc2C2=CCCCC2)[nH]1,0,"Non-corrosive, Non-irritant, Non-sensitizer",0,non-carcinogen,0,0.233074382,0.285232753,0.183985218,0.267606586,0.336213857,0.408195496,2.921995915,no,0,yes,no,no
7999,C=C1CC[C@@H]2C(C)(C)C(=O)CC[C@@]2(C)[C@H]1COc1ccc2ccc(=O)oc2c1,1,"Non-corrosive, Non-irritant, Non-sensitizer",0,non-carcinogen,0,0.980859399,0.994048953,0.995097816,0.999999762,0.999999881,0.999998748,3.78091842,yes,1,yes,no,no
15572,O=S(=O)(c1cnc[nH]1)N1CCc2ccccc21,0,"Non-corrosive, Non-irritant, Sensitizer",1,non-carcinogen,0,0.383980691,0.141104952,0.118837394,0.998195052,0.119921491,0.103862301,2.358367053,no,0,no,no,no
7728,C=CCc1ccc(O)c(-c2ccc(O[C@]3(C)CCC[C@]4(C)CC[C@@H](C(C)(C)O)C[C@H]43)c(CC=C)c2)c1,1,"Non-corrosive, Non-irritant, Non-sensitizer",0,non-carcinogen,0,0.970146894,0.996432304,0.996235549,0.999999881,1,0.99999994,4.389693577,yes,1,yes,no,no
7729,C=CCc1cc(-c2ccc(O[C@]3(C)CCC[C@]4(C)CC[C@@H](C(C)(C)O)C[C@H]43)c(CC=C)c2)ccc1O,1,"Non-corrosive, Non-irritant, Non-sensitizer",0,non-carcinogen,0,0.958117723,0.996432304,0.995222151,0.999999821,1,0.999999821,4.361433577,yes,1,yes,no,no
4840,O=C1CC(c2ccco2)CC(O)=C1C=NCC1CCNCC1,1,"Non-corrosive, Irritant, Sensitizer",1,non-carcinogen,0,0.731200874,0.754867911,0.928301752,0.000517057,0.410292298,0.999986589,3.621375707,no,0,no,no,no
1341,Cc1ccc(SCCC(=O)Nc2ccccc2C(=O)NC(C)C)cc1,1,"Non-corrosive, Non-irritant, Sensitizer",1,non-carcinogen,0,0.467670828,0.527139544,0.647534668,0.999694467,0.101217672,0.041696284,1.875165742,no,0,no,yes,no
7386,COc1ccc(CCc2cc(=O)c3c(o2)[C@H](O)[C@H]2Oc4c(OC)ccc(CCc5coc6ccc(OC)cc6c5=O)c4[C@@H]3[C@H]2O)cc1,1,"Non-corrosive, Non-irritant, Non-sensitizer",0,non-carcinogen,0,0.922259629,0.971860945,0.985611439,0.997624755,0.99926275,0.996600747,5.09795698,yes,1,yes,no,no
7394,COc1ccc2occ(CCc3ccc(OC)c4c3[C@H]3c5c(oc(CCc6ccccc6)cc5=O)[C@@H](O)[C@H](O4)[C@H]3O)c(=O)c2c1,1,"Non-corrosive, Non-irritant, Non-sensitizer",0,non-carcinogen,0,0.933201909,0.972361326,0.985611439,0.033001114,0.998746991,0.996600747,5.056368165,no,0,yes,no,no
7395,COc1ccc2occ(CCc3ccc(OC)c4c3[C@H]3c5c(oc(CCc6ccccc6)cc5=O)[C@H](O)[C@@H](O4)[C@@H]3O)c(=O)c2c1,1,"Non-corrosive, Non-irritant, Non-sensitizer",0,non-carcinogen,0,0.933201909,0.972361326,0.985611439,0.033001114,0.998746991,0.996600747,5.056368165,no,0,yes,no,no
3987,CCOC(=O)c1c(N2C(=O)Nc3ccccc3N2O)sc2c1CCCC2,1,"Non-corrosive, Non-irritant, Sensitizer",1,non-carcinogen,0,0.538264573,0.730802178,0.799910426,0.999779046,0.78065455,0.570305169,2.813550903,yes,1,no,no,no
15472,Cc1cc(C)cc(OCC(=O)OCCN2C(=O)c3ccccc3C2=O)c1,0,"Non-corrosive, Non-irritant, Non-sensitizer",0,non-carcinogen,0,0.288216561,0.246605068,0.039202262,0.024896413,0.210929006,0.000312495,2.060613051,no,0,yes,no,no
6156,Cc1ccc(S(=O)(=O)N2CCC(C(=O)NC3CCCc4ccccc43)CC2)c(C)c1,1,"Non-corrosive, Non-irritant, Non-sensitizer",0,non-carcinogen,0,0.744809449,0.796536684,0.86960876,0.999936998,0.952853799,0.466603816,2.634869773,no,0,yes,no,no
1579,Cc1occc(=O)c1O,1,"Non-corrosive, Non-irritant, Sensitizer",1,carcinogen,1,0.722546041,0.837720633,0.913382769,0.999522626,0.880761385,0.591258049,2.706395315,yes,1,no,no,no
2792,CCOC(=O)C(=Cc1cc(=O)c(OC)co1)C(=O)OCC,1,"Non-corrosive, Non-irritant, Sensitizer",1,non-carcinogen,0,0.82482475,0.859640718,0.985318184,0.999998808,0.740023673,0.999983609,2.719289774,yes,1,no,no,no
8769,Cc1nnc(NC(=O)CSc2nnc(CCc3nc4ccccc4[nH]3)n2C)s1,0,"Non-corrosive, Non-irritant, Non-sensitizer",0,carcinogen,1,0.110285453,0.101479158,0.019195218,7.25E-07,0.172877029,0.117746137,2.515132331,no,0,no,no,no
10414,CCc1nnc(NC(=O)CSc2nnc(CCc3nc4ccccc4[nH]3)n2C)s1,0,"Non-corrosive, Non-irritant, Non-sensitizer",0,carcinogen,1,0.1101643,0.108121119,0.016212109,1.01E-07,0.084061593,0.304550618,2.556975911,no,0,no,no,no
4078,CCC(CC)c1nc(C#N)c(NCc2ccccc2)o1,1,"Non-corrosive, Non-irritant, Non-sensitizer",0,non-carcinogen,0,0.468259662,0.34402889,0.842441499,0.000254332,0.003687576,0.002031912,2.488492314,no,0,yes,no,no
3575,O=C(N/N=C/c1sc(=O)n(Cc2ccc(Br)cc2)c1Cl)c1ccco1,1,"Non-corrosive, Irritant, Sensitizer",1,carcinogen,1,0.761606157,0.867334008,0.927479446,0.008933778,0.327171743,0.115003563,2.545765646,no,0,no,no,no
5785,CC1CN(c2cncnc2)Cc2cc(C(=O)Nc3cc(N4CCN(C)CC4)cc(C(F)(F)F)c3)ccc21,1,"Non-corrosive, Non-irritant, Non-sensitizer",0,non-carcinogen,0,0.891031861,0.925837517,0.963946223,0.999966919,0.98583591,0.978163898,3.275062653,yes,1,yes,no,no
1391,O=C(Nc1nnc(SCc2ccccc2)s1)c1cccc([N+](=O)[O-])c1,1,"Non-corrosive, Non-irritant, Sensitizer",1,carcinogen,1,0.76428628,0.735134006,0.901313841,0.964468598,0.521186888,0.089534782,1.991651236,no,0,no,yes,no
3679,O=C(COC(=O)C1CCN(c2ccc(C(F)(F)F)cn2)CC1)Nc1cccc(F)c1,1,"Non-corrosive, Non-irritant, Non-sensitizer",0,non-carcinogen,0,0.515000343,0.369252384,0.775697768,0.000322893,0.206152424,0.003479823,2.202205901,no,0,yes,no,no
10897,O=C(CN(Cc1cccs1)C(=O)CNC(=O)c1ccco1)NC1CCCCC1,0,"Non-corrosive, Non-irritant, Non-sensitizer",0,non-carcinogen,0,0.03515856,0.033382092,0.007995291,5.20E-08,0.004324707,0.000424647,2.369298143,no,0,yes,no,no
1123,COC(=O)CCC(=O)Nc1nc(-c2ccccc2)cs1,1,"Non-corrosive, Non-irritant, Non-sensitizer",0,non-carcinogen,0,0.580304682,0.587170899,0.633004725,0.001019773,0.605581999,0.006375005,1.799233204,no,0,yes,yes,no
2755,CCOC(=S)SCC(=O)Nc1nc(-c2ccc(Br)cc2)cs1,1,"Non-corrosive, Non-irritant, Non-sensitizer",0,carcinogen,1,0.779954493,0.796174407,0.906999111,0.00340708,0.884364128,0.815263987,2.362801769,no,0,no,no,no
4394,Cc1ccc(-c2csc(N=C(N)N)n2)c(C)c1,1,"Non-corrosive, Non-irritant, Sensitizer",1,non-carcinogen,0,0.606683135,0.900156975,0.912801564,0.608167708,0.919339001,0.020368021,2.357075747,no,0,no,no,no
9214,CCC(=O)N(CC)c1nc(-c2ccc(OC)cc2)cs1,0,"Non-corrosive, Non-irritant, Sensitizer",1,carcinogen,1,0.318736464,0.190198272,0.092761382,0.000166431,0.01749843,0.064121768,2.084124587,no,0,no,no,no
11115,O=C(O)CCCC(=O)Nc1nc(-c2ccccc2)cs1,0,"Non-corrosive, Non-irritant, Sensitizer",1,non-carcinogen,0,0.49940002,0.334550917,0.336619347,0.999833465,0.589585364,0.035718553,1.788139277,no,0,no,yes,no
5330,Cc1ccc(CN(C)C(=O)n2oc(=O)c(C(C)C)c2C)cc1,1,"Non-corrosive, Irritant, Non-sensitizer",1,carcinogen,1,0.896464825,0.988807321,0.99645555,0.999874532,0.998691976,0.999968469,2.589146564,yes,1,no,no,no
5831,Cc1c(C(C)C)c(=O)on1C(=O)N(C)Cc1ccc(F)cc1,1,"Non-corrosive, Irritant, Sensitizer",1,carcinogen,1,0.911206186,0.991545975,0.995730221,0.999766469,0.990563333,0.999993324,2.611762731,yes,1,no,no,no
6722,Cc1c(C(C)C)c(=O)on1C(=O)N(C)Cc1cccc(F)c1,1,"Non-corrosive, Irritant, Sensitizer",1,carcinogen,1,0.835482717,0.991545975,0.993471742,0.992166579,0.990563333,0.999991059,2.672131962,yes,1,no,no,no
6723,Cc1c(C(C)C)c(=O)on1C(=O)N(C)Cc1ccccc1,1,"Non-corrosive, Irritant, Sensitizer",1,carcinogen,1,0.890857697,0.988807321,0.996847928,0.999859512,0.998691976,0.999975741,2.545853337,yes,1,no,no,no
6764,Cc1c(C(C)C)c(=O)on1C(=O)N(C)Cc1ccccc1F,1,"Non-corrosive, Irritant, Sensitizer",1,non-carcinogen,0,0.788776219,0.991545975,0.988780618,0.999598086,0.990563333,0.99998945,2.678667816,yes,1,no,no,no
13660,CCC1=NP(N2CCOCC2)(N2CCOCC2)=NC(N2CCOCC2)=C1C,0,"Non-corrosive, Non-irritant, Non-sensitizer",0,non-carcinogen,0,0.245009392,0.075048208,0.106047027,0.00013772,0.000890083,0.089693405,3.609908435,no,0,yes,no,no
3523,O=C(Nc1ccc(-c2nc3ncccc3o2)cc1)c1ccc([N+](=O)[O-])o1,1,"Non-corrosive, Non-irritant, Non-sensitizer",0,carcinogen,1,0.947512031,0.978791118,0.976534128,0.999999881,0.997494578,0.996384323,2.336836259,yes,1,no,no,no
183,O=C(Nc1ccc2c(c1)OCO2)c1cccc(F)c1,1,"Non-corrosive, Non-irritant, Sensitizer",1,non-carcinogen,0,0.390486926,0.378273547,0.64466995,0.001061267,0.068326652,0.002726145,1.681417615,no,0,no,yes,no
12137,CC(C)C(=O)Nc1cccc(C(=O)Nc2ccc3c(c2)OCO3)c1,0,"Non-corrosive, Non-irritant, Non-sensitizer",0,non-carcinogen,0,0.366837442,0.161167473,0.085660137,0.000801033,0.026457801,0.001010646,1.836109501,no,0,yes,yes,no
14124,CCCc1cc2c(cc1NC(=O)c1ccccc1Cl)OCO2,0,"Non-corrosive, Non-irritant, Sensitizer",1,non-carcinogen,0,0.328138411,0.14739278,0.079929009,0.016259193,0.189531177,0.001687936,2.012475006,no,0,no,no,no
3403,COc1ccc(-c2oc3ccc(-c4ccc(OC)nc4)cc3c2C#CC2(O)CCCCC2)cc1,1,"Non-corrosive, Non-irritant, Non-sensitizer",0,non-carcinogen,0,0.829264045,0.88713038,0.967854738,0.999992907,0.998883307,0.993912518,2.791878995,yes,1,yes,no,no
12263,CN1CCN(S(=O)(=O)c2ccc(NC(=O)c3ccc(Br)o3)cc2)CC1,0,"Non-corrosive, Non-irritant, Sensitizer",1,non-carcinogen,0,0.305744797,0.274874896,0.053609379,0.998601019,0.176495954,0.001685788,2.065993434,no,0,no,no,no
12236,CCN1CCCC1CN(Cc1cc2c(C)cc(C)cc2[nH]c1=O)C(=O)NC1CCCCC1,0,"Non-corrosive, Non-irritant, Sensitizer",1,non-carcinogen,0,0.040951136,0.102244005,0.006176732,4.55E-08,0.039894555,0.003823744,3.049795498,no,0,no,no,no
2667,Cc1ccc(S(=O)(=O)c2c(C(=O)c3ccccc3)cnc3cc4c(cc23)OCCO4)cc1,1,"Non-corrosive, Non-irritant, Non-sensitizer",0,non-carcinogen,0,0.615500867,0.602185309,0.935619295,0.999998391,0.525595129,0.683161378,2.37267696,yes,1,yes,no,no
12831,COCCN(CCOC)Cc1cc(=O)oc2cc3c(cc12)CCC3,0,"Non-corrosive, Non-irritant, Sensitizer",1,non-carcinogen,0,0.314035803,0.217905521,0.007577023,1.05E-06,0.150727198,0.000531819,2.461979292,no,0,no,no,no
2417,C/C(=N/NC(=O)c1cccs1)c1ccc(NC(=O)COc2ccc(Cl)cc2)cc1,1,"Non-corrosive, Non-irritant, Non-sensitizer",0,non-carcinogen,0,0.706665218,0.76511848,0.942564666,0.999333501,0.959709406,0.957748294,2.046614504,yes,1,yes,no,no
14407,CCOC(=O)c1c(Cc2cccc(Cl)c2)[nH]c2cc(-c3ccccc3)c(O)cc12,0,"Non-corrosive, Non-irritant, Sensitizer",1,non-carcinogen,0,0.422469139,0.569311559,0.069602817,0.008416467,0.835148454,0.039649513,2.368934616,no,0,no,no,no
5273,CC(C)C[C@H](N)C(=O)N1CCC(Nc2ccc(-c3ccc(C(C)C)cc3)cc2C(N)=O)CC1,1,"Non-corrosive, Non-irritant, Non-sensitizer",0,non-carcinogen,0,0.883907378,0.811830819,0.9679088,0.997922897,0.211869925,0.075504214,2.824075815,no,0,yes,no,no
5283,CC(C)c1ccc(-c2ccc(NC3CCNCC3)c(C(N)=O)c2)cc1,1,"Non-corrosive, Non-irritant, Sensitizer",1,non-carcinogen,0,0.798924625,0.792735636,0.87664479,0.416142434,0.814921737,0.186440781,2.198449503,no,0,no,no,no
5284,CC[C@H](C)[C@H](N)C(=O)N1CCC(Nc2ccc(-c3ccc(C(C)C)cc3)cc2C(N)=O)CC1,1,"Non-corrosive, Non-irritant, Non-sensitizer",0,non-carcinogen,0,0.884100795,0.803071201,0.973267615,0.786513686,0.164335147,0.076284647,3.093261853,no,0,yes,no,no
5302,CC(C)c1ccc(-c2ccc(NC3CCN(C(=O)C(N)C(C)C)CC3)c(C(N)=O)c2)cc1,1,"Non-corrosive, Non-irritant, Non-sensitizer",0,non-carcinogen,0,0.86624378,0.781871438,0.977053821,0.943166792,0.297959507,0.052425131,2.796071282,no,0,yes,no,no
5382,CC(N)C(=O)N1CCC(Nc2ccc(-c3ccc(C(C)C)cc3)cc2C(N)=O)CC1,1,"Non-corrosive, Non-irritant, Non-sensitizer",0,non-carcinogen,0,0.918716788,0.792214096,0.961777508,0.869924545,0.463397652,0.051173162,2.728029189,no,0,yes,no,no
5599,CC(C)c1ccc(-c2ccc(NC3CCN(C(=O)CCN)CC3)c(C(N)=O)c2)cc1,1,"Non-corrosive, Non-irritant, Non-sensitizer",0,non-carcinogen,0,0.857339919,0.746388435,0.946928859,0.907210171,0.22010155,0.059975505,2.297627329,no,0,yes,no,no
5623,CC(C)c1ccc(-c2ccc(NC3CCN(C(=O)CN)CC3)c(C(N)=O)c2)cc1,1,"Non-corrosive, Non-irritant, Non-sensitizer",0,non-carcinogen,0,0.851514637,0.692346573,0.948709607,0.97615099,0.305884868,0.065011904,2.277088853,no,0,yes,no,no
5758,CC(C)c1ccc(-c2ccc(NC3CCN(C(=O)CCCCCN)CC3)c(C(N)=O)c2)cc1,1,"Non-corrosive, Non-irritant, Non-sensitizer",0,non-carcinogen,0,0.840311825,0.75943327,0.945087373,0.991456032,0.31906262,0.069281749,2.340934842,no,0,yes,no,no
6077,CC(=O)N1CCC(Nc2ccc(-c3ccc(C(C)C)cc3)cc2C(N)=O)CC1,1,"Non-corrosive, Non-irritant, Sensitizer",1,non-carcinogen,0,0.855818093,0.893944383,0.945820749,0.951792181,0.879429817,0.088979267,2.162436539,no,0,no,no,no
745,N#C[C@@H]1[C@@H](c2ccccc2-c2ccccc2)[C@@H](CO)N1C(=O)NC1CCCC1,1,"Non-corrosive, Non-irritant, Non-sensitizer",0,non-carcinogen,0,0.87556839,0.987679839,0.979070425,0.999979615,0.999997973,0.999981344,3.332015396,yes,1,yes,no,no
1540,N#C[C@H]1[C@@H](c2ccccc2-c2ccccc2)[C@@H](CO)N1C(=O)NC1CCCC1,1,"Non-corrosive, Non-irritant, Sensitizer",1,non-carcinogen,0,0.87556839,0.987679839,0.979070425,0.999979615,0.999997973,0.999981344,3.332015396,yes,1,no,no,no
6615,Cc1cc(-c2nc(C(=O)Nc3cc4cn(CCN(C)C)nc4cc3C(C)(C)O)co2)ccn1,1,"Non-corrosive, Non-irritant, Non-sensitizer",0,non-carcinogen,0,0.896133125,0.826109409,0.95277375,0.999987423,0.877056718,0.989694893,3.043346229,yes,1,yes,no,no
