y_true,y_prob
0,0.23293091020022216
1,0.5986938400136884
1,0.8897699969968464
1,0.9429889695599142
0,0.3536065290273148
0,0.15672805587707786
0,0.04294436392269474
0,0.07978280842863032
1,0.9671618667752541
0,0.061811026784925414
0,0.24793272151314724
1,0.584470516725957
1,0.9386610505246331
1,0.9577340401850585
1,0.9797645849598434
1,0.973558848221929
1,0.9707039226262918
1,0.8548784650320995
1,0.9421194740700656
1,0.9608528312200355
1,0.9422669180137563
1,0.9530864165258534
0,0.08901153375682386
1,0.9592383865926121
1,0.9318960189935099
1,0.5172830987421815
1,0.881568295897732
1,0.9406136448612407
0,0.3159782925870371
0,0.290998740951429
1,0.9150061157025529
1,0.7909614702426647
1,0.889396472363056
1,0.889396472363056
0,0.30944700937935865
0,0.14614246175466863
1,0.8521313246941445
0,0.07655984667434965
0,0.07718167618537769
0,0.16279889539456896
1,0.7786643685647112
0,0.16556490499086549
1,0.7482467805506315
0,0.06421488465050401
1,0.5109206629681087
0,0.15139199281005425
1,0.8009913311578917
0,0.17327627268727633
1,0.9868963565517199
1,0.3145586534478275
1,0.7823990800936698
1,0.8255327039315686
0,0.13988340939647376
1,0.9847717634956257
0,0.0390317098793922
1,0.9624888683050415
1,0.9765561015395097
0,0.013540328185982319
0,0.06032788589396361
1,0.9573838082034997
0,0.32922165212467375
0,0.20879491490192767
0,0.31596030112779205
1,0.9686280417508728
1,0.345727074174747
0,0.11884002021574352
0,0.04505295133880732
0,0.1430254999829774
0,0.058334167205785076
0,0.0546611097006166
0,0.26652667673068187
1,0.6933572948279012
0,0.0839097120683754
0,0.14878071338862128
0,0.21454793173803793
1,0.6462886627094798
0,0.07756456098724185
0,0.13826776191978687
0,0.05397403909468488
1,0.7265116554964821
1,0.4387563521818189
1,0.6974259629553674
1,0.5969772690529435
1,0.6733057534013694
1,0.24814123913625394
1,0.9763783802277729
0,0.20963176165591674
0,0.36138653056894987
1,0.6325794720420459
1,0.5613707009433385
1,0.7450791706763762
0,0.3934644154452251
1,0.6660956292858882
1,0.5914241119224571
1,0.6428836735862976
0,0.13700146156849838
0,0.3351195047754281
0,0.22712008978811438
0,0.3491281951823066
0,0.3253085956265748
1,0.8585129320071512
1,0.8335156459682976
0,0.37079944029236006
1,0.9535871012374745
1,0.8600400191148104
1,0.9637081838125274
1,0.712533436141498
0,0.23880389858776244
1,0.6718107153574887
0,0.34808637801453307
1,0.7299212151387636
0,0.11368265652640008
0,0.07235122663906425
1,0.926183908073193
0,0.20633401121975156
0,0.17315240191341935
1,0.9105111994123515
1,0.9539477956200226
1,0.9392386814681415
1,0.9975529855714352
1,0.9955917724917838
1,0.9958977213060853
1,0.9909025091753454
1,0.9378070163324222
1,0.9781025519824826
1,0.9495510147143907
1,0.9472213647298172
1,0.9135613490981219
1,0.932243466522352
0,0.16029359952568117
0,0.1328880056717343
1,0.9677807218816427
1,0.9397875435675731
1,0.9575597167999552
0,0.07222961550118766
0,0.17080369138528798
1,0.3429567839983609
1,0.5690437895893015
0,0.09650000054103844
0,0.20301315224067884
0,0.0891941682364862
1,0.9531197083271276
1,0.6358199127088482
1,0.7944891869238218
1,0.590339638359392
0,0.192057242609491
1,0.8349684136754107
1,0.5311207386269476
0,0.2791885130554663
0,0.028312740059006143
0,0.03599090614302048
0,0.30633758676904216
1,0.6155709540038293
1,0.7736237514398592
0,0.01742334585229144
0,0.017301629920944923
0,0.008071600766834993
1,0.6709043159267079
0,0.26164581723386054
1,0.9329520695845258
1,0.9895738003624825
1,0.9872702335625242
1,0.9856991017213472
1,0.87650434398698
1,0.9367727032985815
1,0.9824598333952936
1,0.9782557304080213
1,0.8690098388281888
1,0.8913709844978452
1,0.8327831799988917
0,0.21807033830666106
1,0.878599986372533
0,0.1726770857119362
1,0.9882586335639871
1,0.8095355588816847
0,0.151323447324117
1,0.6395362961729149
1,0.586218730536173
1,0.7818933164946766
0,0.3109740356417435
0,0.1436127169415241
0,0.22246353643130146
0,0.1439977409784178
0,0.06020935919075412
1,0.6501590692373364
0,0.07615654354494733
1,0.8545656978735119
0,0.20483191857662464
0,0.7077386406727275
1,0.4895666694509029
0,0.14370378834281697
0,0.03375971648577109
1,0.6879303815602051
0,0.038297643318723866
0,0.1453796003346507
0,0.03283252668591903
0,0.2352838472418428
0,0.08934696003452099
1,0.9004957776894356
1,0.7680397249588011
1,0.993761716410171
1,0.9954420448854789
1,0.9954420448854789
1,0.9939402127636192
1,0.9904993095463038
1,0.9954420448854789
1,0.9310173825814156
0,0.12356256475705626
0,0.1770973039869514
0,0.22889179245364297
1,0.878311828193801
0,0.08846957819708723
0,0.26735814087417836
0,0.05904666140744479
1,0.5801750785294796
1,0.7330464985152144
1,0.9870564555568281
1,0.9683013236496647
1,0.9646838956004603
1,0.9580520125840202
1,0.9522719426597407
1,0.9715933408717279
0,0.07026201944654359
1,0.8575168072889705
0,0.36758427142463984
1,0.9493545706523822
1,0.9655023019039399
1,0.9655023019039399
0,0.44687538633280555
0,0.1324800951844589
1,0.923890682130716
1,0.8718474216865783
1,0.8616449401169473
0,0.07153101284605706
1,0.1696515391364754
0,0.076919441315672
0,0.07193253116945826
0,0.05400880804784477
0,0.21722965685516507
1,0.883465575215022
0,0.1683857629082335
0,0.29671489024976555
0,0.34495125991800074
0,0.20243049145936873
0,0.40446493269785416
1,0.5379801519382986
0,0.09511305132752546
0,0.03986012594513646
0,0.08167420003113807
0,0.06238590708470201
0,0.042468714065704835
0,0.07982967462990084
1,0.7790072826868154
0,0.7497675380977377
1,0.440804089339554
0,0.050673404277869996
0,0.07160574893489485
0,0.03586038898833902
0,0.0318939079717864
1,0.80702450622481
0,0.5514070293898516
0,0.06639307026786322
1,0.943547879103176
1,0.9364558624905868
0,0.4361196657693953
1,0.7001220713473272
0,0.4076075863162939
1,0.8726847643579684
1,0.872287233427512
0,0.059836962224845594
1,0.9123751665925
0,0.23572728493181505
0,0.10602321790976975
0,0.34441471320873684
1,0.8350648021817867
1,0.44094332144448717
0,0.43426286972251005
0,0.11019922597297399
0,0.023716258749298502
0,0.035808877364466
0,0.1154867621439359
0,0.08629074837948345
1,0.986179052108563
0,0.049845262479131285
0,0.12179138513724629
0,0.031769092687509715
0,0.12376560777161662
0,0.048862575966508615
1,0.959678980740021
0,0.22665922241424152
0,0.06178770686892107
0,0.1345787136696567
0,0.13206336496006865
1,0.8610301983011188
1,0.9823868013350391
0,0.5840083296879427
1,0.9664265811291828
0,0.2923533743905296
1,0.7776219721830182
1,0.21404995273671593
0,0.0557965111008371
0,0.1470395515501349
1,0.5095157783778795
0,0.19514210504164406
0,0.3787044210643874
1,0.9860040040801498
0,0.05153361768032362
0,0.3490769593253555
0,0.054790218250283365
1,0.6808040205843464
0,0.10319662332746307
0,0.16446644676972194
0,0.27855743991752707
0,0.18421923206739127
0,0.06962601051349954
0,0.1908425582849778
1,0.8106382324598944
0,0.10638144049400991
0,0.1287262811752471
1,0.46802112027328796
0,0.29060125351278343
1,0.8644186467949169
1,0.9514543930538467
1,0.9212685378648923
1,0.964188412017451
1,0.9864464761384599
1,0.9870335789870147
1,0.9813977650081634
1,0.9530439645346847
0,0.0716444958970288
1,0.9628777045190572
0,0.12416036387421557
1,0.9816075999681136
1,0.9932247649341578
0,0.09016878488993331
1,0.42597589714695044
1,0.34088695777437333
1,0.31853786812253493
0,0.07761151814205892
0,0.34130291273903457
0,0.3999537143152127
0,0.35349183506715626
0,0.39453734519628764
1,0.3172253674651012
1,0.8226892643113014
1,0.9320883705348189
0,0.09468954479173501
0,0.06236305254675756
1,0.8907612405824024
1,0.8988744368667654
1,0.838572623466803
0,0.13491554811557696
0,0.19094993752741926
0,0.05780543564478231
1,0.5726422503289615
0,0.1984890918175067
1,0.4557395258584566
0,0.10826113593295195
0,0.12242351994512041
0,0.31444500118327484
1,0.7244270520420162
0,0.01887625357832347
0,0.23931395111460038
0,0.18148067227501707
0,0.05061208634279379
1,0.8878935218384879
0,0.25736892797448785
0,0.2235604074639476
1,0.9656029205793245
1,0.8888669416740449
1,0.9447008458810463
1,0.9133648256657347
0,0.10344173650449404
1,0.7748627005679627
0,0.13529336347195947
0,0.1535082607992252
0,0.2084138898338557
1,0.725483276198623
0,0.0981005223272077
0,0.08338985039849113
0,0.18515573698083995
1,0.7400132600189225
0,0.16465639714946953
0,0.23366863480835567
1,0.7608152128262722
1,0.8738005993831073
1,0.9660246247180913
1,0.8825709810004992
1,0.9010520832593922
1,0.9538276921161264
1,0.9802840120196326
1,0.9519045287886745
1,0.7026864643812966
1,0.4191532026594797
0,0.045406490725969854
0,0.04019343901302967
0,0.026726264461355016
0,0.017842998626748135
1,0.9297712683199155
1,0.965016231964625
1,0.973158536595585
1,0.9401835750865075
0,0.004137585573492738
0,0.012153503816583174
0,0.09775320000643258
1,0.864527486716031
0,0.20686825569082087
0,0.20509542458979266
0,0.23116158678971246
1,0.4980983850008829
0,0.3582425738557684
0,0.18108185784486822
0,0.21762227008927135
0,0.058111659516229416
0,0.5542293199380153
0,0.0608322618069924
1,0.9075813048754416
0,0.03775166829471036
0,0.10968265280194313
0,0.49060937446062614
1,0.7418958949177845
0,0.42451416685138543
1,0.9326001494525687
1,0.9642163532593538
1,0.9291890925700328
1,0.830956988935349
0,0.18894438689685955
0,0.5709427472133708
1,0.746340573342533
1,0.5901410837601493
1,0.7004159465879141
0,0.6760643371897026
0,0.13472250633099797
1,0.7126350412344777
1,0.7283374549806559
1,0.868476923890282
0,0.39170223287014433
0,0.047167465469886864
0,0.028900149568226494
0,0.10123307659246154
1,0.6753941321132654
0,0.6692425564074267
1,0.9289799536670135
0,0.2427768269054356
1,0.8651908378983274
1,0.7243018489501493
1,0.6982615112956316
0,0.10489197812784343
0,0.1379344773303134
1,0.9583401883562368
1,0.9881066039668839
1,0.5652404503803601
0,0.7379777942614272
0,0.245340877718558
0,0.20568575614708057
0,0.299587236597123
0,0.10756015505929514
0,0.27911770013390025
1,0.8772352924136634
1,0.9150949628174216
1,0.9496897139292109
1,0.4391904054251627
1,0.8378268526740471
1,0.7451753571255284
0,0.5189259680498876
1,0.9861759815983941
1,0.9801959081949152
1,0.9551541529404083
1,0.8757903691323046
0,0.3317459955228952
1,0.8014246826938067
1,0.797766081037927
0,0.3751631361146948
1,0.9144903931827356
1,0.9750992473689567
1,0.9433757942251597
1,0.9628555064387322
0,0.027214501934226365
0,0.07979860782814481
1,0.6990426768020348
0,0.049531593831426614
1,0.6452235320291767
1,0.8623161889864825
1,0.7284271131601453
1,0.5026856808063591
0,0.3431426985418199
1,0.6145132161447194
1,0.7185829894194884
0,0.09351578623875126
1,0.931601079906122
1,0.9139595149354194
0,0.22872269587908078
1,0.9808712516567788
1,0.9950765380392438
1,0.9956602676539182
1,0.9924134868582526
1,0.996161593495121
1,0.9950395108359694
1,0.9890136690837726
1,0.9960855920955113
1,0.993044642988601
1,0.9964662626523985
1,0.9964662626523985
1,0.9860862884763677
0,0.2985726290113554
0,0.3146197104056052
1,0.811972398930505
1,0.6569604190363791
1,0.7385796485156886
1,0.6694167199011114
0,0.48671285412017046
1,0.8056841060687034
1,0.4628625400259135
1,0.2698730704161622
1,0.9179390326660247
1,0.923626854137954
1,0.9544845629037283
1,0.8864735476691525
1,0.9627071721959534
0,0.3003669108387894
0,0.46234921741546
0,0.4667364944019917
0,0.3933969810320386
1,0.5825575277009182
1,0.9547649525186909
0,0.466352243318799
1,0.6095908150461731
1,0.20409009353741878
0,0.10173433844577079
0,0.11880047757628545
0,0.06092900897793577
1,0.984836751372606
1,0.9960855059624084
1,0.9868934965548822
1,0.9900238996650708
0,0.11246154463691924
0,0.16196217556475334
1,0.8249813165477674
0,0.09536665699985274
1,0.6720371204767043
0,0.05599763763781736
0,0.35773293939299444
0,0.28308155627083553
1,0.9134883585803809
1,0.8678346272278792
0,0.2645314604419344
0,0.16547940133266645
0,0.28598128314670584
0,0.08092355973690377
1,0.7403606015814128
0,0.10162309894563833
0,0.04720616095424086
1,0.7295713487397335
0,0.10221940657973237
0,0.3523039855632051
1,0.8099111464964264
1,0.9123880622139225
1,0.8412756131752643
0,0.12976511194012497
0,0.08219224912337421
0,0.16311448148404503
1,0.5355545668985873
1,0.8911160574795456
0,0.2859675374630633
1,0.4530436008907599
0,0.16264565746727164
1,0.5368729369529158
0,0.36395166326927897
1,0.5032031542256139
0,0.1527731437290902
0,0.06616300913263014
0,0.462581808574959
0,0.18849208424515015
0,0.1583642046971958
0,0.2876085243709936
0,0.04818678762741913
0,0.0795484713354624
0,0.0516842601120598
0,0.04052487306576333
1,0.8381742847690374
1,0.7405642959248396
1,0.8381742847690374
1,0.859978942391832
1,0.6737409665135822
0,0.2571140665129877
0,0.19466247688568772
0,0.4375676321270194
1,0.9677953155953244
0,0.11797305900552876
0,0.05463727737424203
1,0.9804864831166324
1,0.8639191273167652
0,0.17133929231407313
0,0.05850494158045559
0,0.060271957853783115
1,0.9696055534457205
0,0.07934281472542791
1,0.5882806426644648
0,0.0916897456039322
0,0.13051425676257114
1,0.9490446954122838
0,0.06256757861169182
1,0.5883094252907535
0,0.03316859439462496
0,0.04726919713713088
0,0.09617158701532899
1,0.7175642266423768
1,0.5904129208304227
1,0.727242035993892
0,0.23650921123971214
0,0.11586527890434195
0,0.21875510901006587
1,0.6063235637467114
0,0.24316831889916912
1,0.9537521393877681
1,0.963750549214063
1,0.9700886725233184
0,0.26355419115444434
0,0.14245865476804662
0,0.4042455056413128
1,0.510838948467495
1,0.9646911922723469
0,0.05881146346407303
1,0.8993523630723126
0,0.016049680002346564
0,0.022621278509439673
0,0.022997822559155723
0,0.15636762357330572
0,0.14029245546803176
0,0.13010919231460727
0,0.2400969314114054
1,0.9135064712492457
1,0.686574360489773
0,0.13800387377949602
0,0.2718642542374882
0,0.06214967349085545
0,0.3301638595307222
0,0.029917712498573643
0,0.19218965777348185
0,0.08636250419558948
1,0.6842761842594963
1,0.9693356901328333
1,0.9672359649904579
0,0.15322272731447614
1,0.2675806168421266
0,0.08580620054143563
1,0.8029665121167062
0,0.21279551902407187
0,0.08325820231550869
0,0.09120174727315956
1,0.9307908788611047
0,0.20752374635538187
0,0.3708064255906398
1,0.7889826940496818
1,0.8895526552303833
1,0.8329348971478906
1,0.8664976862024784
1,0.7054945674039736
1,0.8564819747325043
1,0.7484434479947885
1,0.7972984361188461
1,0.9334815866710213
1,0.8024062716918104
0,0.6161643242664872
0,0.503074512006924
1,0.9845145655239139
0,0.16782272602059792
0,0.31269371703532245
0,0.3061734929662289
1,0.9066407886964494
0,0.09920154084230906
1,0.8073959497052318
0,0.17009774405083164
1,0.42092201945030244
1,0.9328628739072813
1,0.8125206066138493
0,0.44966766775928757
1,0.7657401230861369
0,0.20429228267981026
1,0.6079817669948218
0,0.1561552159791733
0,0.31194172501511036
0,0.15946116880221944
0,0.5332999165773996
0,0.5300984339602866
0,0.11470765680545678
1,0.9117245302156142
1,0.8894494361954012
1,0.9563948205952627
0,0.11546756468606356
1,0.9899008980654476
1,0.7547063562002357
0,0.6008950401007432
1,0.9064943912381264
1,0.7469775346812709
1,0.864185370692702
1,0.8622562113493772
0,0.0467581188906401
1,0.6494881391827484
0,0.09413434259282749
0,0.12838087203762646
0,0.47282745815732
0,0.3953096651403919
1,0.7442910864866253
1,0.7091698231455943
1,0.9425878022783727
1,0.9573083105541416
1,0.9522398171993279
1,0.6779649411446794
1,0.9742810936501036
0,0.27198843798900785
0,0.05857858426415191
0,0.120415484218196
0,0.1058472457246164
0,0.25998324703747183
1,0.9699159536067503
0,0.1208212010253691
0,0.11852898202674939
1,0.2531970453953347
0,0.13411986174392967
0,0.25364123776932246
0,0.24751484152155984
0,0.10260384769528218
0,0.16648055018693544
0,0.2309706516757175
1,0.6476027595682586
0,0.23873345910391458
1,0.9040059617480353
1,0.2369651206179485
1,0.7493321579432234
0,0.22934493854744537
0,0.28484173799976903
0,0.28074375807769886
1,0.773082365212143
0,0.042530571354104416
0,0.014986916192835638
1,0.25944415536502907
0,0.04268376848082821
0,0.12295345487709193
1,0.7620581759772328
0,0.2010889979440117
1,0.5484393780470361
1,0.8035450983665033
1,0.7594521132348906
0,0.34879764190069185
0,0.13413906060689773
0,0.08057927661506482
0,0.1309860031108582
1,0.9508657694963235
1,0.9589669635317848
0,0.16882020412720117
1,0.9136096393603556
1,0.6492696145039192
0,0.0844417881230683
0,0.15092760921294596
0,0.28178573152126013
0,0.6404327515006916
0,0.05692112534241038
1,0.7449356197626786
1,0.9196832128651768
0,0.1329064140713761
0,0.10695157375114134
0,0.2490038506225403
1,0.7551645707288316
1,0.33645959443781404
0,0.12673407398554054
0,0.0632125677104236
0,0.08555549264448091
0,0.1220209483762727
0,0.27964153583751394
1,0.7362196607970812
0,0.17344158369932242
1,0.7853888730560289
0,0.17652390625761016
1,0.5909301156950749
1,0.5744312901113898
0,0.19817539326876812
0,0.09388874170408412
0,0.12945752833889881
1,0.9052113917996771
0,0.1073305349253737
0,0.14404023282036582
1,0.8806324644486596
0,0.0721308364281929
0,0.05382617308611308
0,0.22008214676204738
0,0.12238431884675424
1,0.2889805067025944
0,0.09621455481023504
1,0.6517901182106642
0,0.039835103590895336
0,0.3612762244919858
1,0.8699528069885301
1,0.6857134824011524
0,0.1671203840469418
1,0.845148475897199
1,0.9562589512682574
1,0.8219007372299653
0,0.1938659717960206
0,0.0837567828683851
0,0.054211955341393475
1,0.25564840860452265
1,0.21560499882103779
1,0.7051004160297414
0,0.3387002132548165
1,0.9027481949309758
0,0.31218701167595264
1,0.9826639036663692
1,0.985511196643547
1,0.707429042529041
0,0.025808669110477127
0,0.0825313496871992
1,0.7542467910720126
1,0.852487654484035
1,0.20163321181426225
1,0.8607087953042444
0,0.2582959254552428
0,0.08063866045563033
0,0.11146150828561158
0,0.18784146479878042
0,0.21218154444609177
0,0.20634443718623463
0,0.4653503378236081
0,0.1697328354375937
1,0.39167770384230954
1,0.9519722349612937
1,0.7095898942735179
1,0.7328366061873649
0,0.08981107583352596
1,0.9513106512571361
0,0.14509280364113328
1,0.7943686548182282
0,0.0841270396884356
0,0.3769144931151953
1,0.6998735970751472
0,0.02903255882431751
0,0.37372620840475645
0,0.1989400217958791
0,0.044777380199277274
0,0.014009876498513239
0,0.014176931384346668
0,0.10296681359241071
0,0.0758350494887211
0,0.20058491409007181
0,0.06328742933438913
0,0.13650023737320124
1,0.7911550379252953
1,0.8765370329079436
0,0.6579722274036939
0,0.2312401988667292
0,0.20462843087170735
0,0.08885963245691053
0,0.02266117895129127
1,0.9919940467489464
1,0.985900009083246
1,0.9909481386443515
1,0.9959187581312239
1,0.9933769306724085
0,0.5812909292708408
1,0.994915781993636
1,0.994915781993636
1,0.994915781993636
1,0.994915781993636
1,0.8828378457688326
0,0.103798535751911
0,0.07805513081191873
1,0.5930868581578612
1,0.7363406490202854
1,0.8145419555423716
0,0.23468240349505456
0,0.02416253879721121
1,0.9533276084429535
1,0.9837369698213616
1,0.9779219589110429
0,0.025244698394367163
1,0.7813493342241931
0,0.4506718547544095
1,0.8204942718315459
1,0.7366288435963633
0,0.1153436551268209
0,0.18073067155435735
1,0.941443314872992
1,0.9666370753946968
1,0.34123062882133043
0,0.554522916067953
1,0.9586432703809797
1,0.5550697932729898
1,0.8715407903196001
1,0.6180116729811366
0,0.06475037825657051
0,0.10632114061724027
0,0.12144039143507897
0,0.18938697046955202
1,0.7151015441721114
0,0.07411079472637891
0,0.20828136074793582
1,0.4417742413040689
1,0.650506459092304
1,0.9200925323749638
1,0.5774196307403098
1,0.7193774569151594
0,0.526065626911688
0,0.5979173449561347
0,0.2766230876742966
0,0.5637895004803838
0,0.5837731277312579
0,0.5071610092131198
1,0.7074941358306341
1,0.6370416998351194
1,0.6507953145585449
1,0.634945638665881
1,0.4961505335261038
1,0.6544616725090419
1,0.8212991259761677
1,0.7303198987677363
1,0.9082815845684663
1,0.9292238851991295
0,0.06483359882729389
0,0.21713981139855612
0,0.054872688151668625
1,0.8957045341614833
0,0.09590940189478753
1,0.7693854046842625
0,0.19828644048822897
0,0.4017290113768856
0,0.2705834709888376
0,0.1998494844359643
0,0.06134396197478885
0,0.01749742190935331
0,0.018315504768035513
0,0.2550185910046143
0,0.1332781489941183
1,0.805391496440978
1,0.9116483823387503
1,0.8532982140829063
1,0.8884759657102622
1,0.9502764150799814
1,0.9681301091282977
1,0.7954245850849739
1,0.9403157544047385
1,0.9683667764147458
1,0.8967410117830105
1,0.9571022825397206
1,0.8679030913315291
1,0.9165975668221746
1,0.9559170362322617
1,0.7547958384753461
1,0.8058344501350705
1,0.5143147812845521
1,0.7307806235286282
1,0.5812218863048724
0,0.6882510819022732
1,0.5943109240199453
0,0.13254977821869418
1,0.26435185319028315
1,0.8384115579085952
0,0.24351190247674973
1,0.8691970785457268
1,0.43791664073447506
0,0.10053301320073815
0,0.0985263559934002
1,0.7520749000553069
1,0.9420703582079105
0,0.15842256585256717
0,0.11922681909764185
0,0.040575164566059835
0,0.02655098156118732
0,0.025621671771791244
0,0.333410024560269
1,0.8148023457019066
0,0.5250312788315736
0,0.1859146383162942
0,0.26905182520283233
0,0.08205659727427901
0,0.2621566680758854
1,0.8676586914901838
1,0.914963522140736
0,0.49226966529332544
1,0.9554676555660783
1,0.9500720158831588
0,0.19303674954210695
1,0.6106384732939627
0,0.19835678326624137
0,0.16753583060665547
0,0.19229887449285096
1,0.9693272819577055
1,0.8389385603471686
1,0.45754053258180694
0,0.2254457397542094
1,0.9034592621663459
1,0.6441926915772794
0,0.2978705029783336
1,0.9103189540714701
1,0.9471095392913575
1,0.9760121652251831
1,0.9582257132517139
1,0.9404323877586218
1,0.9321945666039199
0,0.39095261272445364
0,0.33440874814382004
0,0.4119119249818132
1,0.9328752051895841
1,0.9628351572658514
0,0.4311563219719702
0,0.3897035068530951
0,0.028056650009740284
1,0.24135366982673645
1,0.6682671907427254
1,0.7516897349511693
0,0.12503978365156065
1,0.9493027908419817
0,0.2085131485828781
1,0.9628105342423601
1,0.8085300476837014
1,0.9124610347361066
1,0.8768014508640027
1,0.8617192462491718
0,0.36530517545250285
0,0.0809564021789183
1,0.901421674711009
0,0.20115287880293792
1,0.9560010701105824
1,0.6159303862908391
1,0.9639761296253003
0,0.19922621165998314
0,0.3316117431771342
0,0.04053070065553792
1,0.8740114372343989
0,0.04462395817440668
0,0.052269187107012005
1,0.3221709427044589
0,0.2134588247794495
1,0.9206230415096872
0,0.03350108373515853
0,0.060922573559723255
0,0.0375413612223097
1,0.9813565258326239
0,0.23609594536803408
0,0.2341555226336334
0,0.25545857361221597
0,0.29749002255937096
0,0.3422592189349415
0,0.36965887822134963
1,0.5888961601572259
0,0.31079914127468267
0,0.20875022980670616
1,0.9842692572937116
1,0.9842692572937116
1,0.9768322930229673
1,0.7486344033850558
0,0.20094585203732435
1,0.5176646070033434
1,0.8541741799946807
0,0.051967498885567696
0,0.07756807407177123
0,0.5628884787554985
1,0.694388274262308
1,0.544397589098669
1,0.9152930927054722
1,0.9609117859704852
0,0.33085956220431095
0,0.3289570837017071
0,0.36312464467863786
0,0.1973466963263978
0,0.17315730136788723
1,0.8433572729436616
1,0.9053536512754057
0,0.14910795970090115
0,0.021249351041057914
0,0.10394638057699612
1,0.4635248240127563
1,0.9891075842816899
1,0.9917994286963577
1,0.6318918399051835
0,0.1951265920389045
1,0.3168618272571494
0,0.05899289624361534
0,0.11492183475292359
0,0.2956203408602524
1,0.971912004738692
1,0.7093543517979418
0,0.11178001306725835
1,0.8325964773444287
1,0.7127810390735345
0,0.044651685290153495
1,0.9546868191366848
0,0.18852121704522737
0,0.030436719524490945
1,0.439069137876275
0,0.08206222220204698
1,0.8378418647908169
0,0.13867882377858065
0,0.10513894495102062
1,0.34221921938074734
0,0.10880405463775084
1,0.9102052038590466
0,0.03568702176458714
0,0.09458292406863644
0,0.036739921317665694
1,0.8617692759038418
1,0.7537368009080554
1,0.7504526307420037
1,0.9450021156951229
1,0.4435505569196743
0,0.09184170868573081
0,0.17586094555851609
0,0.11645013841850306
0,0.1525416910854149
0,0.09598015486929151
0,0.0852966881027801
0,0.4513441044180374
1,0.8762584121571811
0,0.23743496942573067
1,0.725369352225254
1,0.8977729302221921
1,0.9103272985050399
1,0.9363493093610129
1,0.9486283485779783
1,0.9421589751895333
1,0.9808409802123492
0,0.015509074297706376
1,0.699265414894773
0,0.25284052566005566
0,0.2752709913059336
1,0.8852265833177043
1,0.9759752045785215
1,0.9401018399502771
1,0.9338385531312066
1,0.9523282748896872
1,0.9540323581702301
1,0.9381031824611141
1,0.874583847709066
0,0.14906613164337185
0,0.22652636586769204
0,0.26893498109386405
1,0.30449188109409375
0,0.20960758354398212
0,0.10920028647213431
0,0.2492806708092031
1,0.9532922385447979
0,0.25770377698650493
0,0.015612183170485594
0,0.2627984308427972
0,0.07378757509065972
1,0.8104974135222154
0,0.055444751751256335
0,0.11985525582250905
0,0.2669789264834418
0,0.17053698100577172
0,0.1629823648382674
1,0.8739878359923373
1,0.9235013257518223
1,0.7977242581584701
1,0.8575099665290896
1,0.9491164579468739
1,0.9522256136283328
1,0.9739363961174108
1,0.9301751545289341
1,0.9269447733110008
1,0.8315763805186543
1,0.8503784566832412
1,0.8637147617435184
1,0.8941637155235914
1,0.8146696229591007
1,0.9067802487982364
1,0.857503209053914
0,0.16351537455246476
1,0.9328199776999812
0,0.12439487179907302
1,0.9725818420903953
1,0.8813213826826319
1,0.9222604927358002
0,0.059859595777751455
0,0.05731367317312404
0,0.12457292869472311
1,0.9511945651946041
1,0.9818008040365817
0,0.14870004492213104
0,0.3077579725841253
0,0.05212554576400865
0,0.03416804200210173
1,0.9450524929144613
1,0.9019482842572822
0,0.01817783023711397
0,0.018026563422332487
0,0.010978213696058893
0,0.011830509977919424
0,0.02097115345764514
0,0.017298177958163505
0,0.0471073006205689
0,0.03186212312250617
0,0.032521637919702626
0,0.028229902543474295
0,0.08128216876126179
0,0.09046290026325972
0,0.22538762559249137
1,0.6504002829786725
1,0.7493288586251741
1,0.9167129770072621
1,0.6190987355282878
1,0.8709380295853456
0,0.63364552224502
0,0.4057035510194135
0,0.2421581530479825
1,0.9216036169116999
1,0.9342655147634439
1,0.9798897167027876
1,0.9574293280309062
1,0.878735707318763
1,0.918676726591142
1,0.9784381275166063
1,0.9242163669362469
0,0.4078309714567268
1,0.7120747891137332
1,0.5174198991132697
1,0.9168481828111197
1,0.7152218536492809
0,0.2695411292677068
0,0.25052154777658414
0,0.17136752339409111
0,0.08711486565973546
1,0.5582473866826267
1,0.9825083951999264
1,0.6475605229273514
1,0.5802809915022127
0,0.3343164320171716
0,0.243800624157341
0,0.2775910323451992
1,0.5675869983775439
0,0.2677548029473797
0,0.2774209085380821
0,0.25414521694975273
0,0.1028703270954728
0,0.18890027934393633
0,0.29285365644534683
0,0.25280170533375573
0,0.3871980552929636
1,0.5931114136065819
0,0.18740508155554209
0,0.04163497431919468
1,0.9766798467111999
0,0.11339406545209146
1,0.9757187885243631
1,0.9835619820418376
1,0.9714264781083993
1,0.9662089573663715
1,0.9423494887688052
1,0.9713335365920397
1,0.9573366328543097
0,0.29958138914886595
1,0.7201180608672915
1,0.960201232686298
0,0.28123461014372897
0,0.3839044882326816
1,0.9368857404307521
1,0.9589434498060595
1,0.7351059838489945
0,0.07312496088555816
1,0.9917109731580438
0,0.09538263592825043
0,0.09692442162293541
0,0.31564453841146883
1,0.6966968978420417
0,0.25068906245854444
0,0.13798810852051555
0,0.057307672473065965
0,0.0654525957079049
1,0.6978937266690148
1,0.9170784480295295
1,0.8765541743831775
1,0.8335150970190879
1,0.8969612088727503
1,0.8504881069017213
1,0.8923208730504607
1,0.9456960421434614
0,0.13580372936938587
0,0.05022912980973613
0,0.06669496199984684
1,0.9595884737186682
1,0.9134454298534007
0,0.026494490955162976
0,0.05570099442887872
0,0.05410227429258251
0,0.07235913508045914
0,0.45035529296803306
0,0.13976381043624353
0,0.10815495616281313
1,0.9523274889320327
1,0.7682847112694169
0,0.20584116933135832
1,0.7511405253594765
0,0.20065964738566774
0,0.1006351056654287
0,0.12136237829442066
0,0.11310541192508834
1,0.96738663118739
1,0.585477315390869
0,0.4242125481638624
0,0.32596149663723983
1,0.5598317690323869
1,0.9340103941568749
1,0.9914390161045319
1,0.8069191577319417
1,0.8358977792149932
1,0.8039442702399849
1,0.9440842722179023
1,0.9837596204144758
0,0.15660231911129519
0,0.24304214620351747
0,0.06284235295783977
1,0.9509190544679633
1,0.6180296671636852
0,0.5006885537525579
0,0.06286169575068824
0,0.2381511110565623
0,0.20259224183220403
0,0.2570134520173063
0,0.11167604424152769
0,0.31332668388792934
0,0.1875592528037429
0,0.06135046229203872
0,0.1680729121953742
1,0.6115678996659204
0,0.12507726871688832
0,0.17789038191205106
0,0.5593888405843762
0,0.3551225536686348
0,0.5206783682897459
0,0.33863810897336566
0,0.49114457340939405
1,0.819691269207697
1,0.7156784377049579
1,0.7953422386170925
1,0.9503518499049248
1,0.889924154534567
1,0.9288931496247064
1,0.9404923035197512
1,0.8717178058456702
1,0.8591692162362536
1,0.7956984757630687
1,0.8577643163933751
1,0.8743358537543982
1,0.8675267779711399
1,0.9203541797991915
1,0.9484552738272961
1,0.958187576915013
1,0.874367951840547
1,0.9605217153185432
1,0.9182127801140421
1,0.6992309974367589
1,0.7736095670121668
0,0.02960022805890888
0,0.19510653896721464
0,0.17212290391885152
1,0.612520986740075
0,0.15762200339661178
0,0.2257229283524045
0,0.16298420660098253
1,0.519363129146616
1,0.9149751245351977
1,0.9511916041986798
1,0.9347890271785179
1,0.854516201745619
1,0.9510183591467734
1,0.9625475129222475
1,0.9461871419127282
1,0.9699874485755701
1,0.5785818918258501
1,0.5546288669950434
1,0.7806074455104457
0,0.10935563427648361
0,0.04399137683786147
1,0.6451664721528038
1,0.9593514145876081
0,0.211242649444182
0,0.23820813847352545
0,0.19155472337765114
1,0.9140459991691529
1,0.8799744138052396
1,0.5541554223694565
0,0.0713100765196744
0,0.09391989187810307
0,0.07123981921077288
0,0.4773505465585476
0,0.12132254227708043
0,0.06523417307057779
1,0.7742485648345696
1,0.8810616311235895
0,0.2253404066923249
0,0.09181246147123949
0,0.15082074449477972
1,0.7716078276138946
1,0.968609170421633
0,0.4072953208642352
0,0.1189193637604168
1,0.9974557089475431
0,0.06384711113539344
1,0.9626304890547538
0,0.03071950738761817
0,0.08291718831310814
1,0.5200134471603531
1,0.9612246714046714
1,0.890143046646637
1,0.841852296559505
1,0.8768791761485384
1,0.90848574903778
1,0.8880401915360063
1,0.8880401915360063
0,0.18949121286139842
0,0.20167405795370016
1,0.7971261193006359
1,0.67376291172731
1,0.7383097895531353
1,0.48941157041644884
0,0.21096727486360728
0,0.4062673094169914
0,0.09174400968027803
0,0.32248410444613274
0,0.44309977589788274
0,0.13464863624260281
0,0.45209357789765714
0,0.07780611622445856
0,0.05416112604220641
1,0.9039923051661414
1,0.3477378817116771
0,0.23230987288932417
0,0.20582964122551503
1,0.8806618156264491
1,0.582733840975684
1,0.6832739253584825
0,0.22462445103162204
0,0.09301718849135805
0,0.32200634807979195
1,0.7009901554896205
0,0.1528840837253814
0,0.16641589082617278
1,0.960663273777028
0,0.16143271245836413
0,0.2334541092277461
0,0.14120751133381923
0,0.09456450849239648
0,0.1546485045743004
1,0.9961343470150187
1,0.93370786797923
1,0.9482128681315546
1,0.9511110790047852
1,0.9162286969673576
1,0.9202727083954004
0,0.04494753135640369
1,0.9194249008870347
0,0.014688375563136628
1,0.8215242512620606
1,0.9198817011331635
1,0.6624413284421223
1,0.8151455014890668
1,0.6462320406313121
0,0.13422959804588372
1,0.9253700951285976
0,0.222306708413136
1,0.6435151892099561
1,0.4791882498468323
0,0.2784278743564176
1,0.8554683598712544
1,0.8735291843638637
0,0.14725772858553257
0,0.11224193362431442
1,0.9669189361815715
0,0.022202115382961417
0,0.15287680101168427
0,0.2914872544322228
0,0.06111942402273645
0,0.0652400032733966
1,0.8959710816652153
1,0.7005758306146188
1,0.5981033424110481
0,0.16225392356887258
0,0.20767623004955507
0,0.17261586917685914
0,0.11883014880973099
0,0.16712000243735192
0,0.15952272169776327
1,0.5990736728873998
0,0.10505128096785672
0,0.18298806963825456
0,0.1644273585748717
0,0.043495330141979274
0,0.12978362866916773
1,0.8004040643131444
0,0.2057701528780201
1,0.9370196400548649
1,0.9592547032859255
1,0.9369057626062626
1,0.8827779943561954
0,0.27924367836498454
1,0.6965296197191703
0,0.06959073186524692
0,0.21959446546460432
1,0.8843395071357004
0,0.1314290913499207
0,0.033664594936555665
0,0.3035404688275832
0,0.04964929848711951
0,0.15315020806174567
1,0.9714427430581593
0,0.23598282976716448
1,0.5313045378751066
0,0.015642901878376223
0,0.026003321182376377
0,0.5642609951261975
1,0.9540329762850165
1,0.8776807631588849
0,0.5521523208296532
1,0.40693041213216014
0,0.08211241094336162
1,0.8672170142430673
0,0.11101266941599577
1,0.9086963948513098
0,0.07556661831587061
0,0.05948081073446135
1,0.44946740951198555
1,0.9074521523461004
1,0.8516753475202461
0,0.048210082327047994
0,0.24972897663819518
0,0.16142112390382335
0,0.08156189186525303
0,0.2475441599329916
0,0.22481138552857555
0,0.23388401639642448
1,0.17432148139616577
0,0.10496493269764756
0,0.1852759318939935
1,0.3488502365803976
0,0.4340939679543432
1,0.9171431555855927
1,0.6977425969065202
1,0.31470876482890997
0,0.1951211723930989
1,0.9222221133362977
1,0.86845996005075
0,0.17535344384122636
0,0.07774466440765732
1,0.9275218355921555
0,0.10402479202416119
0,0.22300891362483058
0,0.170610991676786
0,0.061822851863417724
0,0.08087070194534358
0,0.1161955728402653
1,0.2060461409219726
0,0.030040213612309893
0,0.11237783604201934
0,0.23863660274610238
0,0.1223325458575286
0,0.15089430190714823
0,0.17845311822888785
1,0.7984797547867257
1,0.8878933785260267
1,0.8878933785260267
0,0.09189860546308888
0,0.292994693190112
0,0.047958046114691094
0,0.08233842255383028
0,0.10720750506446598
1,0.5191759254907744
0,0.2561088652223031
0,0.2613836283225181
0,0.40300206571341723
0,0.17217871964823564
0,0.2140437550327803
1,0.9724519621308154
1,0.9562311527938263
1,0.9757170941195247
1,0.9626986720516403
1,0.9353517777839429
1,0.9642381539405176
1,0.9551753822532284
1,0.7805207890430463
0,0.314447981409637
0,0.08308203562178104
0,0.3029103395527274
1,0.8794869530577722
1,0.8740727652774489
0,0.019493461048067172
0,0.15624561610261065
1,0.942799771430938
0,0.04091389032823167
0,0.06881711002610502
0,0.4341959817620612
0,0.12554445800725061
1,0.983348532692474
0,0.05438821371201923
0,0.16640539943926105
0,0.07319097120226664
0,0.12394871996300592
1,0.9421223661794166
1,0.8959952591104597
1,0.9188888751722307
0,0.19935174640205905
0,0.1946032980658359
1,0.9855931883648786
1,0.9855931883648786
0,0.37106147341446793
0,0.08987060890998622
0,0.19956009071432762
1,0.5546095084709719
1,0.3328459617603755
0,0.3679546672782092
0,0.09504953072261682
0,0.05068407558820528
1,0.7965770671938249
1,0.9484186134325163
0,0.13839638908311408
1,0.37013264427990894
1,0.45085237197847855
0,0.10120283904373095
1,0.9146175335868839
1,0.8540473982524894
0,0.0884012219193932
1,0.9682003096784356
0,0.28087990353687065
0,0.02489147609574768
1,0.8889598555885753
1,0.7999718183171953
0,0.16860934340807837
0,0.1469248379318455
0,0.13680250867098753
0,0.04358265713406362
0,0.13290163928750365
1,0.9491119376290795
1,0.9107842716499878
1,0.9583416147655011
1,0.9530669656175722
1,0.9379934757888868
1,0.32333010179558086
0,0.465252432072514
1,0.8244604559700732
1,0.7581198054846137
0,0.17819337257252935
1,0.8671499092369431
0,0.21945521305507867
0,0.040489205077774676
1,0.857439657682531
1,0.9342789977575753
1,0.9405125992726361
0,0.08784130351955827
0,0.08090272676459022
0,0.06309255426042935
0,0.1271210742326401
1,0.8574061457603582
0,0.022423484417915605
0,0.3102165512544264
1,0.9482617304193695
0,0.0962744766634603
0,0.1239248479251803
0,0.3554156626142252
0,0.12161309776883622
0,0.19978268279392955
0,0.14137198375825752
1,0.7286394382602904
0,0.04492235383247297
0,0.27679037698712183
1,0.7076736755735398
1,0.8724108816674224
1,0.7650189328752678
1,0.9088610234927459
1,0.9097386955195991
0,0.08748860889834
0,0.03650551804361099
1,0.777383065807274
1,0.729088881720584
1,0.4201619955225237
0,0.1535985865651373
1,0.989125174596971
1,0.6420634997113563
0,0.23413757275360333
0,0.03278616310080817
1,0.8629820512763293
1,0.9903929623808152
0,0.3027331227843166
1,0.9676389889647001
0,0.11801004059550038
1,0.8137362482662486
0,0.1697175185340517
0,0.2053404147565685
1,0.7548382016745905
0,0.05421870482716952
0,0.18007348715159469
1,0.6977525042603854
0,0.3111370958618103
0,0.19206804850008946
1,0.9314456968338904
1,0.9826946665861994
0,0.22578273279340727
1,0.8644669619578286
0,0.45091009348679495
0,0.1224900855638129
1,0.9359692235464016
1,0.9481347699140105
1,0.8831149617873147
1,0.9780896853096267
1,0.8425483635834603
1,0.7320924109542307
0,0.015178786097193484
0,0.09672880270508072
0,0.30561258641424977
0,0.09800880385235813
1,0.9622211598770521
0,0.0824465849184607
1,0.9140495056269285
0,0.1879499867922456
1,0.9347687463367631
1,0.4436723181904802
1,0.7810385736424436
0,0.18631228844902906
0,0.140426578857265
1,0.9895908608370478
0,0.09427024015325086
1,0.6969802596540764
1,0.7573106873940472
1,0.9228456590025325
0,0.24017799092924247
0,0.07288717289033579
0,0.12551372141462006
1,0.555350025071521
1,0.9130432732813517
0,0.3847530319094897
0,0.142103355556518
0,0.22690310910443126
0,0.37828919407038736
0,0.38630963121418094
1,0.940350402723167
1,0.8870105071577856
1,0.6843682364420627
1,0.9271093308315039
1,0.6930406555705971
1,0.9156720594239672
1,0.9526751873722316
1,0.9449286867140911
1,0.8962020878011778
1,0.6475653975710851
1,0.8988723611807086
1,0.7651875336448252
0,0.09713432651177385
0,0.2942850813310288
1,0.9613339257760158
0,0.1642438860508594
0,0.19066290090266685
0,0.17255312757401292
0,0.20202351967225285
0,0.15358402760115694
0,0.03414093720222218
1,0.4571772380541149
0,0.050830386116804654
0,0.14716205119858097
0,0.03611780409153555
0,0.04913563882273176
0,0.02966208455554222
0,0.04569566597764345
0,0.15437506989540067
1,0.7874285005420819
0,0.0448172214989957
0,0.03516756105067006
0,0.027106496231384992
0,0.049487324605898705
1,0.9740542984200642
0,0.16808790932580706
1,0.9266048434151689
0,0.03526896182219707
0,0.28333383568990506
0,0.07499028756901344
1,0.33485778136738736
0,0.05494298741323628
1,0.5643939949854707
1,0.7587357868212149
0,0.4251787584500276
0,0.3968879797692127
1,0.3428909457195718
1,0.6099828591550074
1,0.7776101774502973
0,0.12168877062587188
0,0.11568004951187372
0,0.06086235224292935
0,0.35135105875617906
0,0.06742022183673503
1,0.8732942320848363
1,0.9157238121988646
1,0.5850857922669653
1,0.41961126000693344
0,0.5374860226136422
1,0.6503559565562522
0,0.3286737542397117
1,0.7749947145603775
1,0.732751537469772
0,0.1976067490479369
0,0.2217723444327412
1,0.8531382981641042
1,0.8224236344174032
1,0.7301896594092914
1,0.3091577810193969
0,0.04527672607386895
1,0.9748708989958795
1,0.9739087985071744
1,0.717483274588425
0,0.062150033471467254
1,0.7450934155186085
1,0.9898868239096249
0,0.10042144813154323
0,0.23841784758270432
0,0.28817949200140697
0,0.5130825309745105
0,0.2760402175743978
1,0.819836046830785
0,0.10868469800824787
0,0.22786051513935987
0,0.22175751828508247
0,0.016953374519376355
1,0.9809626767884374
1,0.9786835122385883
1,0.9793860188949475
1,0.9139593855046274
1,0.8987329772451269
1,0.925861911975757
0,0.09246430706353574
1,0.9443093947473321
1,0.9748357561859875
1,0.42945841764887704
0,0.11387054492237973
0,0.20071313907410732
0,0.22895383751394452
1,0.9555458569442642
0,0.21103613084543746
0,0.0719738487061248
0,0.17458519351421675
0,0.10761033653343695
0,0.10796076692943675
1,0.931390701755023
1,0.9434931775740131
1,0.9566353817860722
1,0.9636047751255566
1,0.9347466745066693
1,0.9149840884812985
1,0.9199737611203763
1,0.3656854474356284
0,0.022505557898132182
0,0.33361344555183653
0,0.09955556664797317
0,0.31636067725630546
0,0.24254353975857096
0,0.09501064092390307
0,0.37440190645740967
0,0.08630847596396499
1,0.9561999758786022
1,0.697430333277895
1,0.908840541275191
0,0.2588410415091887
1,0.9355632129845763
0,0.2847019339724934
0,0.03914411041662722
1,0.8751053029865246
0,0.14339173872961578
0,0.26732855472602607
0,0.24973393773668132
0,0.16341969161166894
1,0.4652493709555605
1,0.6621469908714712
0,0.017439938815824636
0,0.11602359959814443
1,0.6426972074654203
1,0.8834894593473419
0,0.09835414803761588
0,0.11749295318464074
1,0.8501340455263497
1,0.9818720022967814
1,0.9215494026318694
1,0.5344349936344797
1,0.6530392817358229
0,0.07247957444893628
0,0.032063097920820946
0,0.24504770168005913
0,0.08762115833247348
0,0.12036142026457862
0,0.13025973436095473
0,0.10094901010350321
1,0.7806697616471597
0,0.15535876670714013
0,0.26707807127504823
1,0.7780144348674801
1,0.8812192969241457
1,0.8435416657281873
0,0.6524521275358276
1,0.5175278673915376
1,0.8132802585463235
0,0.1212563186274109
0,0.14923952206939411
1,0.4882431910916681
1,0.8984689250077073
0,0.0706891299389517
1,0.8594820350959479
0,0.18839207353101856
0,0.05810764847102154
0,0.20632276286806714
1,0.9154376514292819
0,0.07187994822106242
0,0.3688874714269926
0,0.06251769703289291
1,0.902409080691958
1,0.9139878355267254
0,0.08764758551621743
0,0.04387720472736609
0,0.09970912269323526
1,0.94890353451475
1,0.8639445676391652
0,0.11420197133553078
0,0.24738055383240104
0,0.12327826184765665
0,0.1381965605299334
1,0.9428000725137018
0,0.03282780227437597
0,0.04155069583155301
0,0.0773405853449194
1,0.45901431730618586
1,0.9131105979642916
1,0.8056596174894989
0,0.5175292432607616
0,0.32670251161000324
0,0.10811160063224043
0,0.3250887381999489
0,0.24388672132382427
1,0.7883656953118576
1,0.7281015293752705
0,0.14768674464248457
1,0.9306950559329435
1,0.946929700028901
1,0.8996782624413964
1,0.9492423626470701
1,0.960182414978354
1,0.937881969842748
1,0.9334234279546965
1,0.930314840389374
1,0.6923500560875048
1,0.7750839643620299
0,0.023967637603774388
1,0.8844535023246063
0,0.29735159589006704
0,0.2330347483438697
0,0.33916353083182665
1,0.7642436035720331
1,0.9478448266733701
0,0.06579648286187756
0,0.07996195685392644
0,0.042021253317302956
1,0.7202846794385234
1,0.498256131427695
1,0.7198414037673744
0,0.1570345178783375
1,0.9877038883062603
1,0.8100365512166077
1,0.9428251072912787
1,0.8454667590985474
1,0.8755334288066515
1,0.9538569619457912
1,0.8525030889535434
1,0.9563009215629398
1,0.8743618908611446
1,0.8055167631465003
1,0.9617360929888806
1,0.9372453064480482
0,0.02571672757874167
1,0.5341544107726588
1,0.4131869557412769
0,0.1404099845130863
1,0.9504311610044329
0,0.213540771905753
0,0.03486783907508103
1,0.6591290253825244
0,0.14112157288834737
1,0.6170390533648259
0,0.05791222872868429
0,0.4776550674359062
0,0.27207708558130966
0,0.09100761284952247
0,0.06977639667959357
1,0.4871684058993295
1,0.267067064468207
1,0.9484806706131391
1,0.9479696747426145
1,0.9735846192079265
0,0.04980370066359018
0,0.10281587436623695
0,0.1634047826294511
0,0.045841159130381004
1,0.7640874814699137
0,0.3212647585540784
0,0.04920606811808063
0,0.02820336293755623
0,0.05130906272189994
0,0.12541540323272954
0,0.3461015011560795
0,0.2762049379715381
1,0.9492386211899579
1,0.9593187682478658
1,0.846847042584354
0,0.08219305407369658
0,0.23080139660958052
1,0.8722283065551489
1,0.814482502522731
1,0.8908195074765247
0,0.4979694668883989
0,0.5147336726449498
1,0.9189759652565802
1,0.9750724159347031
0,0.03660423465055215
1,0.7992550860710077
1,0.7671265499293584
1,0.6315385616860208
1,0.9693621347704218
1,0.8899651422915488
0,0.1343361935932027
0,0.054457579289322
1,0.8976570487521267
1,0.4048094889124041
0,0.02753956909298544
0,0.11490402109847128
1,0.9803501752394363
1,0.9342972634154927
1,0.8244854608838449
1,0.7147699643854455
1,0.831305950993322
1,0.9533664881572941
0,0.1450458979645902
1,0.8665725612748253
1,0.5209599971564427
1,0.9155811384083088
1,0.5150546396472003
0,0.13612823180263597
0,0.04865691788894331
0,0.1504823165196164
0,0.23275885050724282
0,0.05834044531164022
0,0.07037617967861136
0,0.057601554452124136
0,0.08145353007861035
1,0.8132739808302554
0,0.2573482071741093
1,0.9780513655578376
1,0.9686492861874001
1,0.9203557288391659
1,0.9749301868791374
1,0.6786113866913913
1,0.6381836981865561
1,0.6061806409436884
0,0.2638150453249879
0,0.25417714762613175
0,0.21228207277773814
1,0.4079635383007829
0,0.11912316292163748
0,0.0934663266106453
0,0.13146340023150702
0,0.13139288269928812
0,0.06669772294453104
0,0.08022109854197838
1,0.8653668276643927
0,0.04980915974543589
0,0.14485051119455375
0,0.20321106791291443
0,0.21071641735942834
1,0.8912964520148412
0,0.6905566280967691
0,0.5673291757534532
0,0.41978285914843894
1,0.7877373819985586
1,0.8922032646851248
1,0.8860493447232313
1,0.8130472762025072
1,0.8984194262936939
1,0.9212889647742022
1,0.9223986165361956
1,0.8014186133599311
1,0.9391307500847145
1,0.8831248374096139
1,0.8449371570555704
1,0.8859607550574443
1,0.5282112184832076
1,0.9946773018139604
0,0.16772962308482237
1,0.8047790388560121
0,0.1325479442793753
0,0.06700970158961128
0,0.05745543614741976
1,0.7877453659691143
1,0.857676820220103
0,0.18051422975094183
0,0.19057497026512918
0,0.13448751242823853
0,0.01946502832622207
1,0.5536838382385407
1,0.6767590727506576
0,0.07047372827276457
0,0.04111289711411504
0,0.10524342910377142
1,0.9566254407421085
0,0.02981705916709722
0,0.09965778397989168
1,0.9821470744007875
1,0.9794970270269018
1,0.9700561565372633
1,0.971198276638011
1,0.9911806989059625
1,0.9719283313577988
1,0.9755145165154506
1,0.9234793496822201
1,0.6571382824086547
1,0.47398120621604123
0,0.34248467968731294
0,0.07249269991891012
0,0.1265325361680132
1,0.6894622862938499
0,0.1125926163236209
0,0.15371429037409465
1,0.6488273415473605
0,0.014465554968638671
0,0.09353586682850158
0,0.06729785111693821
0,0.11101226676455775
1,0.6454645613396336
1,0.8642389234589027
0,0.08809866156788321
0,0.5941088650226701
1,0.5788955603057073
0,0.056360195434335285
0,0.2550937154607553
0,0.1599849870914743
1,0.7290160815876485
0,0.2224648685271175
0,0.18728250007566932
1,0.8896970548323023
1,0.919497196391845
0,0.2707290377900614
1,0.9658981497377018
0,0.02779467989931145
1,0.7887013226942595
0,0.15959478827178905
0,0.10571598636545128
0,0.19659852208399792
1,0.8459646136738995
0,0.37236247093653113
0,0.021383756464360876
0,0.03891751173460864
0,0.10615895188060445
0,0.0930736347000759
0,0.1584872480384483
0,0.02125859369373088
1,0.9076576572849326
0,0.08325170747103876
1,0.9153475650486788
1,0.933913746193862
0,0.06867354469983016
1,0.7102483923700763
1,0.6672101866019444
1,0.5866060279412988
1,0.9167375734039758
0,0.4081879688317932
0,0.12551247909318972
0,0.2795940366936743
0,0.09278710539109707
0,0.022642985022256562
0,0.1391994386166992
0,0.1063003059542667
0,0.2977264361537114
1,0.8319947800239322
0,0.05017321013025511
1,0.8337298578697263
0,0.4242630416326893
0,0.11009994062155394
0,0.4916047385018789
1,0.7879579700349623
1,0.9859563936922321
1,0.9450673248386396
1,0.9219207893144631
1,0.8122217955701394
1,0.9774606890984884
0,0.4749465773341766
0,0.011915543989151428
1,0.6365184126799771
1,0.9295899409336928
1,0.9665183056461554
0,0.05023503054339577
0,0.04567390076153915
0,0.3014856199813371
0,0.21518985146720376
0,0.17010270163184713
1,0.7655248816417836
0,0.04434696074050592
0,0.1985051204569609
0,0.1000245926650677
1,0.9991435977530798
0,0.16744275901352607
0,0.16322158222352295
1,0.7079487519528381
1,0.9000942599419633
1,0.9161459894771465
0,0.2373918530840697
1,0.9447189284034057
1,0.919656192055594
0,0.04950549564014124
1,0.930239634200903
1,0.6707854636016003
0,0.0999810787560637
0,0.07647452024472079
0,0.03693438926686735
0,0.06923755414643037
0,0.14164115905132782
1,0.9431867702160991
1,0.9331894332298771
1,0.8791640428733359
1,0.7947048902277488
1,0.849682796053085
1,0.8243036187671435
1,0.5219014771975586
1,0.741802706583942
1,0.7266411621506275
0,0.06362354480035856
1,0.9680452085033856
0,0.02077392225485561
1,0.991439174359296
1,0.9958748018212775
1,0.9878688228530863
1,0.9877141333349867
1,0.9795758582272759
0,0.07909480929083558
0,0.08446789627337745
1,0.572155697249556
0,0.10645663337718413
0,0.11223864122503487
1,0.9320748312107298
0,0.3775818735452954
0,0.09670025111284596
0,0.12098366009914223
0,0.10683516475836154
0,0.20398341879915308
0,0.22105739985084852
0,0.5358566686382075
1,0.8980421839919305
1,0.7442203213825707
0,0.3955902882488373
0,0.044360023635827264
0,0.02572694049303306
1,0.454376787844502
0,0.12083244678074213
0,0.0874978287469727
1,0.7422356750115825
1,0.9597430869505317
0,0.15306957679174626
0,0.11665351662746506
0,0.11873081937293906
1,0.8853510273373045
1,0.8410585960672934
1,0.8856948420873807
1,0.8953725207562826
1,0.9653836244171198
1,0.9249864515776682
1,0.9666863715723855
1,0.9728362712726325
1,0.9327529617221738
0,0.059105823851121266
1,0.46956442191570014
1,0.8448618744925658
1,0.7625673428938052
1,0.7299377735458579
1,0.7269944758595973
0,0.3773818918019295
0,0.5393364091597981
0,0.10233990579879544
0,0.061127592780938766
0,0.2142379607234257
0,0.17371395946676962
0,0.3153150721799499
1,0.5598290335684388
1,0.8237665273445358
1,0.9562782510904508
1,0.8576350315717296
0,0.037634478035188865
1,0.7941793009008733
1,0.5261030040943755
0,0.18446890356669385
0,0.4868719833908402
1,0.4844304611027189
1,0.9910927795728801
1,0.9823131648089339
1,0.9850286467048521
1,0.9825112771002908
1,0.9875031339659108
1,0.9663238374025773
1,0.9823220629336705
1,0.8473111069167434
1,0.8041358001138023
1,0.9382785893053855
0,0.3732426175498436
1,0.9294004491596103
0,0.49451572427826324
1,0.8457105926553096
1,0.8137573721377025
0,0.12983773331188644
1,0.7482765353692171
1,0.4646264827334664
1,0.9214569469626721
1,0.7500823152935213
1,0.7627053951915495
0,0.05240412133704609
0,0.05551239428948942
0,0.12883395375169326
0,0.06779018767911078
1,0.5021693097778125
1,0.7994461382758955
0,0.0615249994264651
0,0.1290444090575845
1,0.7487068565817834
0,0.09006567361686732
1,0.8750403557922309
1,0.9531346479495593
1,0.9417584379245467
1,0.944538554084336
1,0.9417584379245467
1,0.9460285529884624
0,0.04249253006204771
1,0.9746723781185093
0,0.1455668227791559
0,0.048212536059579016
1,0.9136235848938217
1,0.850963513291494
1,0.9018842178106175
1,0.9261418120626043
1,0.9893235373956435
1,0.9438326278208381
1,0.33690934680062196
1,0.9338327423756879
0,0.5973285427121688
1,0.8344275914810835
0,0.10707628626679745
0,0.49012412915088555
1,0.9592458816299754
0,0.19535766637339572
1,0.8251931760611905
1,0.8400396312803358
1,0.9756679148271963
0,0.15876093539370578
1,0.7155328269801233
1,0.6785744868587269
1,0.8281800646641049
0,0.19093691054654466
0,0.08128772947078808
0,0.10426667313438268
0,0.03798406556189605
1,0.8292373032681614
0,0.07990928444179875
0,0.3045846472374354
0,0.031040898898620238
1,0.6272323654452244
1,0.6449229289938745
0,0.06673974857880852
0,0.6765637152061249
0,0.10295974568462396
0,0.22507354298809043
0,0.13120544986510363
1,0.36904621387938547
1,0.8557430760428838
1,0.8622038767219267
0,0.058970711444024396
1,0.9944643090057759
1,0.9944643090057759
0,0.3917779951797831
1,0.9411590163451339
1,0.9512164224376033
1,0.2979110076357746
1,0.9094252628481553
1,0.6026850640074441
0,0.11019627871644022
1,0.8491742619472777
1,0.5672502992645592
0,0.41011408366924934
0,0.09446551322898512
0,0.016840535411807165
0,0.018952773938162533
1,0.4228533787749495
1,0.8912326283051843
1,0.9552971253610443
1,0.9388538684552
1,0.9432872059729005
1,0.9788672117646163
1,0.8903308258552695
1,0.6133787703073803
0,0.10622554344598627
1,0.7017823045794969
0,0.3239493284740973
0,0.052788750200703054
0,0.1518928681217407
0,0.04265926410174205
0,0.08708169889606993
0,0.1257712362157306
1,0.8645508919536151
1,0.8645508919536151
1,0.9043876112882504
1,0.8871200940810323
0,0.22825681411969642
0,0.28751798796675115
0,0.07880529964671906
0,0.08548673900881044
0,0.05015558179789467
0,0.09778265915136908
1,0.5527561899919812
0,0.20306051359942248
0,0.22183118695123663
1,0.7799178675286054
1,0.8304918699426753
0,0.10312703545973907
0,0.11361828187719836
0,0.022607562687908034
0,0.14270165565929277
0,0.24096112313128135
0,0.10041534683146913
1,0.5531268116609994
0,0.035574544418417786
0,0.34455091019622
0,0.1476021317869296
1,0.6196933972745148
0,0.23416410835504242
1,0.863084384814561
1,0.8941499664194739
1,0.8459845109543994
1,0.301514432732842
0,0.017608707128139098
1,0.9942214863847475
1,0.9942214863847475
1,0.9194054014409389
1,0.8195553970546692
0,0.1428943009308123
1,0.8868108633716953
1,0.8386920686850737
0,0.16401084463933005
0,0.03023202985185475
1,0.9744760469094669
1,0.9858906119468601
1,0.9881834488653087
1,0.9900626827320654
1,0.980768137712093
1,0.9838855569886507
1,0.9840153956533558
1,0.8537550157264376
1,0.969767338016605
1,0.969767338016605
1,0.5413066510020621
1,0.9868709208335917
1,0.9220296519856453
0,0.049987814336538115
0,0.15893081673548476
0,0.21430382058171543
0,0.11428183051599551
0,0.042910407120406564
0,0.09476596807988795
0,0.319199711060665
0,0.1247210424524369
0,0.5888049163519696
1,0.7406086992084064
0,0.013667377462170487
0,0.07181663950155152
0,0.018243846660784886
0,0.4222825093882781
0,0.1312854443169429
0,0.130487409106627
1,0.9600182237749157
1,0.8764393744129348
0,0.1279521834569465
0,0.10374294180322122
0,0.13237469949290648
1,0.9614820300327076
1,0.9202296463699884
0,0.3346001958533322
1,0.898007161034322
1,0.6460747413048625
1,0.7646095305721337
0,0.046011264801121714
0,0.0874263384481184
1,0.7698938453919958
1,0.849128617603543
1,0.9682762394516943
0,0.4074500926641218
0,0.1270788990675808
0,0.2990213559276536
0,0.12539048453640933
1,0.6112714943568537
0,0.11125492188788555
1,0.5173770718956002
1,0.849032865956208
0,0.07815376816672072
0,0.026851677800403234
0,0.06578633687354858
0,0.29849558075895777
0,0.34918820135263207
0,0.41556565897546
0,0.1450869058594229
0,0.11751345598632479
0,0.13441945276209338
0,0.16060101646244226
0,0.11005582821676044
1,0.8041765717372391
0,0.17042177115191223
0,0.3079067939209314
0,0.06333797808868728
1,0.8584673509105372
1,0.9669632738405339
0,0.07183356041501653
1,0.9660116223737379
1,0.9677173348671965
1,0.9821590688346395
1,0.9708512899764684
1,0.9850420314862526
1,0.8565423229024037
0,0.23226269700725075
0,0.1205654665714039
1,0.9421265501898504
1,0.4383057507520164
0,0.07200206072033047
0,0.06616811612588362
0,0.3396504930271969
0,0.07031598271536478
1,0.7021015246491976
1,0.9031348243263283
0,0.04097593725315247
0,0.45923156054170666
0,0.12184430023486564
1,0.7135146186182688
1,0.8986686110340436
1,0.9266202492323903
1,0.9737909743904545
0,0.03782237151251101
1,0.885335792104217
1,0.7679069081340753
0,0.07940236322679417
0,0.037311391628481905
0,0.1199010305574207
0,0.059556526331438764
0,0.4574458719786407
0,0.08437906172006768
1,0.916860280889238
1,0.9250324839833473
0,0.051278718244637554
1,0.7471029158055797
0,0.09835518329973052
0,0.13008093877252205
1,0.9587054384564898
1,0.9900649308818277
1,0.9678772874240023
1,0.9256422382234932
1,0.7428268755521005
1,0.8896813752268323
1,0.6882139335861608
1,0.9375699833306959
0,0.11417603837195436
1,0.9624302312159967
1,0.7172919336184328
0,0.034175737259149803
0,0.029694255102932353
1,0.8793289310958824
0,0.1148010979977961
0,0.04362254214933226
1,0.6754289578388464
0,0.275670149857709
0,0.13308292683246678
1,0.8546071603244294
1,0.9564139473681377
1,0.9500311894382722
1,0.895050644328285
1,0.9285291612805842
1,0.8044031026043512
1,0.8836416770905655
1,0.8757042180138529
1,0.8643154374301729
1,0.9249467951595792
1,0.8536952280304455
1,0.8217013555202486
1,0.8713194166623314
1,0.8406834427778181
1,0.8753613605984122
1,0.8316048880689939
1,0.7100763309091629
1,0.48008451855786627
1,0.6311062745281429
1,0.6289670328369743
0,0.1407073457232826
0,0.03910836855821168
0,0.05777127761830926
1,0.9063815283887282
1,0.7926645008313499
1,0.8992449085952721
1,0.8606776360573375
1,0.9323831234413336
1,0.9063815283887282
1,0.9915059156910477
0,0.6793821412037078
1,0.933345579244884
0,0.12751852441624506
0,0.22044019064392079
1,0.5730441245350275
1,0.8475912505705563
1,0.8666386546215533
1,0.8458082975409288
1,0.8131024522127517
1,0.8582523820996403
1,0.9619404630678641
0,0.17759715386681096
0,0.16274626015330457
0,0.2184413042253196
1,0.9283217930664868
1,0.9461908189253653
0,0.2018078970525268
0,0.12554996353127157
0,0.3572839737159053
0,0.39329326665561903
0,0.6355114586659681
1,0.87876252765628
1,0.9468675616907181
1,0.7398743609971669
1,0.9433674956591598
1,0.9658160460215588
1,0.8757434147353598
1,0.8644084208342588
1,0.9296379586302113
1,0.8288079084674717
1,0.9056894358770347
1,0.9451140223169672
1,0.8292791515421798
1,0.8098727882070764
0,0.33534749470418473
1,0.6853555359680783
1,0.8361041608809348
1,0.46151752616093417
1,0.9879215726768059
0,0.07944308088202613
1,0.6576047777318937
1,0.6227857307704152
1,0.5914566059802784
1,0.792885920427364
1,0.9878211279682293
0,0.2113733021398327
0,0.1237161943816918
1,0.9009355321644352
0,0.15325523929210377
0,0.1491948160727065
1,0.9572472618701117
1,0.8720082238234798
1,0.5821913271761239
1,0.8590764410611111
1,0.8782140437646686
1,0.6638649077477965
0,0.0929662831929017
1,0.5668955503874549
1,0.4783104596771306
1,0.8138004880223448
0,0.13847800860747508
1,0.8500136118008125
1,0.8045933714732826
1,0.810644432258556
1,0.8828405548148341
1,0.8031327165584872
0,0.11681794762805509
1,0.8103927715157612
1,0.8838375500698759
1,0.9832408506582883
1,0.9789936754448647
1,0.977843446249466
1,0.9834395306295108
1,0.9675428708660985
1,0.978924790535822
1,0.9872504728211318
1,0.9361993847875719
1,0.9722607462971647
1,0.7295185970015665
1,0.9244786688639127
0,0.47337112920673197
1,0.573117502332543
0,0.07036079788948442
0,0.5695606123302525
0,0.19073590070771512
1,0.6218406413059518
0,0.09862446698729858
0,0.20427289049023012
0,0.1486149072838716
0,0.0859742078826744
1,0.9061356135935684
0,0.03429439659980179
1,0.8508829333017023
1,0.8075145755143174
1,0.962174117949321
1,0.6890053061860136
1,0.9016841022168298
1,0.966262644072311
1,0.9815774181590694
1,0.9584646142193395
1,0.9719994518813236
1,0.933252934950743
1,0.9628172257300743
1,0.9311802385216198
1,0.9708070539800178
1,0.9477897941582271
1,0.9246273822427198
1,0.9621299129230926
1,0.9248292128613772
1,0.9319182304163961
1,0.6772738964478118
0,0.1976742947339496
0,0.28678878997350343
0,0.6534760037462815
1,0.8957348420163067
0,0.4432064434641056
0,0.30860241604082866
0,0.12947271821938844
0,0.24501353573346213
0,0.09470444901369286
1,0.719168032717652
1,0.7433540258864267
1,0.9168627308132253
1,0.9005280035118497
1,0.7211723369387086
1,0.9335905229122865
1,0.973419639342352
0,0.22496049302102275
1,0.9659200069612373
1,0.9655483085212165
1,0.9150623631515679
1,0.9475538903976337
1,0.9485257465137612
1,0.9812385993631711
1,0.9466357884662513
1,0.9465524683727763
1,0.9182450280842942
1,0.9399578868330946
1,0.7027387629408853
1,0.8999799758782332
1,0.6266892933066243
0,0.15877295266942473
0,0.3404070036119288
0,0.12150887382213858
0,0.561274815178525
0,0.3198957713031625
0,0.0314566711555595
1,0.9629000661681024
0,0.560275345896264
1,0.9390947826193002
1,0.8248759469983273
0,0.1804995731145664
0,0.15920090369307102
1,0.4955958779828871
0,0.253764909407788
1,0.6468295110838508
1,0.911093206415812
1,0.600680249235055
0,0.2495251808087217
0,0.21957259176196278
1,0.9861170292723104
1,0.993100471933188
1,0.970289117977371
1,0.658826670528313
1,0.6516696341202399
1,0.7682609313599096
0,0.1148338262919669
1,0.9816752442149039
1,0.9949085320390073
1,0.9956366531251248
1,0.9810001656169001
0,0.12927304450936747
0,0.5808567071568302
0,0.030150275333303625
0,0.028451850565885017
0,0.011781555232578468
1,0.8253313975014638
1,0.8577724959116081
1,0.3121434996224781
1,0.8693782931737066
0,0.28544182281704117
0,0.3128729552977456
0,0.05120775484477105
0,0.3244215519591183
0,0.32742406256233475
0,0.29186956825789073
0,0.7445248704944198
0,0.17894821464619678
0,0.4013563645937016
0,0.39439587539324517
1,0.5572920744881238
1,0.9543026693120255
1,0.5397142188642734
1,0.7549068850585644
1,0.6009904122482775
1,0.6338510578926275
1,0.5155075830953343
0,0.260749027331435
0,0.25177458437212524
0,0.2226514033811486
0,0.23456068066877994
0,0.07169738223012084
0,0.22342409094775048
0,0.24395818642197287
0,0.033878312464686325
0,0.06835059544358361
0,0.07444705691771171
0,0.06674542061469707
0,0.07980673931130097
0,0.07834210328734549
0,0.26715078724460956
0,0.3059068048550836
1,0.9176227451821946
0,0.2870774098714369
0,0.02859208537245384
1,0.9820218819014488
1,0.974444726664253
0,0.025605340130453517
0,0.143426135969432
0,0.08541527041105805
1,0.7814236995428164
0,0.34703366310238243
0,0.39601301028213964
0,0.2804238202261168
1,0.4983543146310366
1,0.7611166754646609
1,0.6759746214131006
1,0.7867996063478648
1,0.5839020065673254
0,0.0694731404995182
1,0.9766185468401931
1,0.9834411416408346
1,0.9811421366743913
1,0.9870917958060258
1,0.8087502954615244
0,0.03588166012754636
0,0.05781681136931148
0,0.023694191021297824
0,0.18517211099306463
0,0.08859305988411977
0,0.22960069616939788
1,0.6313051452738114
0,0.029961838670180114
1,0.8677898563538717
0,0.2282762659184567
0,0.1123502472326172
1,0.9937978801909604
1,0.8154457078665136
1,0.6381260458676385
1,0.9908389005492642
1,0.5006398704434862
1,0.886286211843713
1,0.5126654418487196
0,0.06835329059538227
1,0.4434587837960808
0,0.05282701636459679
1,0.9179212946028618
1,0.9425614942406166
1,0.7696281043672606
1,0.9689338928990661
1,0.7127948720074352
0,0.3589839469415484
1,0.9452831696408656
0,0.36908078854401655
0,0.035079533122285664
0,0.08401415567513307
1,0.8946927198653662
1,0.9787191339319079
0,0.016462669949021434
0,0.0659614186561928
1,0.5766708363413309
0,0.12255811258898167
0,0.06048609164368989
0,0.15696973672557382
0,0.32450888514014126
1,0.8790954552016291
1,0.9491616334557664
1,0.9354285150181324
0,0.34336291093640675
1,0.8773509675385235
0,0.15617025875946172
0,0.14197982237969098
0,0.13952438584301613
1,0.6337014807201976
0,0.06349436761420557
0,0.12244773790645447
0,0.08346558883935386
0,0.37950761964506313
0,0.21541448164236535
0,0.15582238588201003
0,0.1584279869733286
0,0.10688455448578185
0,0.1154858472844952
0,0.06769934007263298
0,0.07637233154485311
1,0.9769504422579532
0,0.3562767900359611
1,0.8748993754437479
1,0.948140388777935
1,0.9705553580307191
0,0.15493893931450262
1,0.8866389947062697
1,0.8098045793569554
1,0.9416510741187286
1,0.9240579812782806
1,0.9229230860748158
1,0.961718488303729
1,0.9156360703363685
1,0.8866076792269357
1,0.7896196018924887
0,0.17252499047764502
1,0.7531555040253457
1,0.8993623183012216
0,0.09842202872105832
1,0.6920935548304247
0,0.33507698108641726
1,0.9367588154397656
0,0.1525498946126992
1,0.41072229920725595
0,0.3311306124337713
0,0.1372554529077763
0,0.07105615100046665
0,0.15295567034451618
1,0.9350427016892725
1,0.8637647158525417
1,0.8992727624375482
0,0.3005014284994949
1,0.8059316504032833
0,0.06528586714613416
0,0.03179539792785727
1,0.841637945469687
1,0.9400207045558401
1,0.47842377925500956
1,0.9219985970011578
0,0.2441801994228477
0,0.17598616143401008
0,0.47596480226584503
0,0.0982152728905698
1,0.6738169017009744
1,0.845292275726554
0,0.0625670501630153
0,0.11227014390545748
0,0.27334499878579765
0,0.038835441450245624
0,0.170623433591014
1,0.8695311354486881
0,0.11934864318531498
0,0.22055809677446794
1,0.8978772839354114
0,0.057866268246863244
0,0.04042446842982758
1,0.9914866323968929
0,0.217792226199169
1,0.9296116280414485
0,0.7716138869030216
1,0.4233713216933079
0,0.08940863509305727
0,0.16084436713732758
0,0.07217831021323982
1,0.7126299988079968
0,0.03723376631124976
1,0.5133839446171099
0,0.13838705717102948
0,0.29089579462420717
1,0.8993875538698713
0,0.12688386738959223
0,0.03433827305776967
0,0.3204393831654967
0,0.14206658137235043
0,0.204420497321678
0,0.16144558466402148
1,0.9275820295315854
0,0.0175167168912565
1,0.6454954578911953
0,0.3468094511820859
0,0.14808756987891505
0,0.21536027071086017
0,0.2749280090014356
0,0.17302611371913534
0,0.05182700776990375
0,0.055082398080092486
0,0.06762093608956965
0,0.05333596140552349
0,0.09268397492143529
0,0.053576785871211285
1,0.8831156003940404
1,0.8606613932174413
1,0.9927182783414756
0,0.0827132801913106
0,0.09531496920078321
1,0.9732193786769433
0,0.18616724640007698
1,0.8318714200328254
0,0.09548536845484308
0,0.08491944496298051
0,0.2508908144054376
0,0.27124298577742084
1,0.9419794711931265
1,0.898041980192523
0,0.18117528952225917
0,0.07466004228575424
0,0.23756234316060656
1,0.9809884028856265
0,0.06863775649296326
0,0.11631445459033168
1,0.982623619715108
1,0.9806668141062543
1,0.936721797004531
1,0.9328533835405373
1,0.9562657278818892
1,0.9688671842209308
0,0.046310495617683196
0,0.02701773140582588
0,0.3062023164220538
0,0.024901627143156815
0,0.07364206526452359
0,0.085554573919127
0,0.09258896553297291
0,0.07393512481801906
0,0.052526275299033885
1,0.8493319546419327
1,0.8227464634835598
1,0.841786749186854
1,0.611264741288914
1,0.6897734817388627
1,0.3900301731663359
0,0.23532945405220054
0,0.05343489726843135
0,0.030743227995689466
1,0.9598276256380267
1,0.9790049006346093
1,0.9863699355514667
0,0.029175464426964007
1,0.646857745757739
0,0.11362164306784052
1,0.6107598908066624
0,0.25165262263378274
1,0.9852525445968766
1,0.7694039919668368
0,0.27908120448058993
0,0.0990389952164537
1,0.8345760960846623
0,0.1322458853155705
0,0.04685849066821659
1,0.5370858215910433
0,0.16704978840017182
1,0.982382763950289
0,0.26748201566112073
1,0.9727063531897315
1,0.976323062937247
1,0.3000986717742712
1,0.7840809957574724
0,0.08378946972462563
0,0.06833461352384594
0,0.2155798208604018
0,0.13205199209594765
0,0.0986239579571445
0,0.2096710237370071
0,0.23645417307767588
0,0.10051707688795895
0,0.08429163733977496
1,0.9506574663997187
1,0.9543900948636058
1,0.9727823295474917
1,0.8369156513420698
0,0.025150801172499862
0,0.018548520653055036
0,0.11328831955496457
0,0.2347633868856245
1,0.7627308542791248
1,0.5031921490999055
0,0.07893975024513927
1,0.8796818247640732
0,0.1323123947138784
0,0.056035102896808194
1,0.9140461580015476
0,0.08295416786100443
1,0.47143893239189333
0,0.35992337494555626
1,0.8374498259454446
0,0.20926896195755545
0,0.1160576818497632
0,0.038264471139536384
1,0.7085794181276378
1,0.8402731000400457
0,0.1075098838807088
1,0.9277434261159606
1,0.7102104735467412
1,0.840089809943043
1,0.906433403948168
1,0.9064281483274654
0,0.4391696428201163
1,0.6574773052801117
0,0.0421880930973114
0,0.10947213161054631
0,0.06587509326410759
0,0.18362021074764134
1,0.6152002959283828
0,0.2110825169087477
0,0.2298999054224884
0,0.18773242369751447
0,0.2368562532077954
0,0.17421824507290812
1,0.7885503850251866
1,0.48709746212622024
1,0.7978472142310176
1,0.8393138991000135
1,0.567755124319182
1,0.6056227684350164
0,0.15004545988564275
0,0.21083654353540338
0,0.1827706375078891
0,0.18640372280185263
1,0.5118463583707551
0,0.22929225065306316
1,0.39817470248783354
0,0.1260948325568574
1,0.9416838035298208
0,0.07294709833833303
1,0.8859561217655036
0,0.03923437873072096
1,0.7885539305576157
0,0.12558327855596857
1,0.9414980848218751
1,0.9552170077022266
1,0.9553833602527076
1,0.9632186619909221
0,0.6426087224063491
1,0.230650922831229
0,0.01221581389335848
1,0.9727322699541541
0,0.06022880959594785
0,0.25249593705067325
1,0.7595621515583137
0,0.07087399505539796
1,0.9619270365140138
0,0.16764356871341737
0,0.2328761742942901
0,0.08898267427450744
1,0.9591951953230254
0,0.3163189585007692
1,0.9398493740940385
0,0.4128677636294405
0,0.2464142260999446
0,0.15107153700045398
0,0.042894091021228785
1,0.9030841050764471
1,0.7164747508559643
1,0.7973364314363328
1,0.7211119890427421
0,0.206133256970387
0,0.14647028178118707
1,0.6888819784074742
1,0.8974586110385928
1,0.7959376208683687
1,0.9499537689307104
1,0.9797483162360737
0,0.261182396031843
1,0.9012884730544308
1,0.9285042858127471
0,0.02958792559088156
0,0.030417807494701098
0,0.15573164029666434
0,0.15674599771892772
0,0.06833136600228794
1,0.8640834057703831
1,0.9459353335737452
1,0.9643001449612043
0,0.1964880720666841
0,0.3250860789238937
1,0.9874543109611529
1,0.4700209250557916
0,0.07531549719580838
0,0.08655814818469552
1,0.9978086369566701
0,0.09247574521816773
0,0.16009969267606988
1,0.9794356358431645
1,0.9629360025261203
1,0.9465674117295145
1,0.8234600668657063
0,0.16938924004726824
0,0.09135060015871134
0,0.08334999070008865
0,0.07711587830829181
0,0.16297489048431385
1,0.9013803582539106
1,0.9570049961859849
1,0.40945361919511886
1,0.8148793004017554
1,0.9178904861498398
0,0.14784227038388453
0,0.026847119176084438
0,0.23123146272563322
1,0.8492769608145914
1,0.5814867466643343
1,0.5151821899925404
1,0.8341462353170747
0,0.10722053058354178
0,0.3011580932913977
0,0.32301168668064884
0,0.21207644682315901
0,0.13285009879345672
1,0.7309073072414825
0,0.02866138924719977
1,0.9267711445307211
1,0.8171224533024235
0,0.12149714338828843
0,0.005776688338806585
0,0.049151692509906114
0,0.21497144463560672
0,0.08541266509653297
0,0.03483286241899908
1,0.6087663686869411
1,0.925467512441786
1,0.728654404700338
0,0.050296110756280474
0,0.07186737136933735
0,0.07318023969400252
0,0.04179943880837001
0,0.29402696403527656
0,0.20679525582156436
0,0.2789259904185184
1,0.9839889153436888
0,0.030839441973428104
0,0.04019316945603266
0,0.24976090911743232
0,0.37562208533692165
0,0.04560088128106618
0,0.08850714121765912
0,0.05810674952607049
0,0.07241830520015893
1,0.5320654135226996
1,0.5101289156384479
0,0.41840464361942176
0,0.05547010266317534
1,0.9430633580205827
0,0.22743462248116975
1,0.9244217569772093
1,0.81645942483307
1,0.9639257096459151
0,0.13513420603847592
0,0.07636785227796641
0,0.24601603696335653
0,0.11288135470430297
0,0.24216331376019637
0,0.16166892618787138
0,0.08025633121233951
1,0.9922222003440079
1,0.990071530860148
1,0.9793188682727813
1,0.9829442672462513
1,0.9519020661876482
1,0.9866217814556661
1,0.9492039888875502
1,0.9389399686396152
0,0.08260049439865051
1,0.9953357080297619
1,0.9958978819535586
0,0.19189299224537662
0,0.17503224478020674
0,0.09937777973115437
0,0.12676250232636382
1,0.6191603799188523
0,0.03818674353665613
1,0.9575275127263299
1,0.7294423201660151
0,0.04992718154690938
0,0.6369555160303829
1,0.7649884869259884
0,0.16449283383738783
0,0.2670460505188817
1,0.9595070167803902
1,0.9508277128265098
0,0.0406932171600782
0,0.01901875501007067
1,0.9920865064493835
0,0.08059763026566936
1,0.75063648161117
1,0.91284804507973
1,0.8716233316552847
0,0.4474239218731067
0,0.22745160164831246
0,0.326049314846641
1,0.9769282906734457
0,0.09855866381661331
0,0.17940386022292096
1,0.7664835015918137
0,0.18676922717726338
1,0.7629019967949698
0,0.15559332938107653
1,0.9566077441034854
1,0.6969342985403935
0,0.3130298095591006
1,0.7731425425937364
1,0.9430383775569998
0,0.04971242002974713
0,0.07833755948456568
0,0.12755052063249162
0,0.42298254669036556
1,0.9124460739738516
0,0.4900047669091033
1,0.9254598368276071
0,0.250966796313318
1,0.8539143060236605
0,0.16357964345818504
1,0.9371513528056316
1,0.9439104929537149
0,0.06333935091892991
1,0.5358878706708057
1,0.6761878345575562
0,0.04828852448314692
0,0.09392799751693766
0,0.039794358893278835
1,0.4892230078963228
0,0.19477344670624006
1,0.8221941468882586
1,0.9302893516360706
1,0.9458218515658817
1,0.8264290563853567
1,0.8994199351311206
1,0.8642737869159117
1,0.9080386641064041
0,0.16180177761761352
1,0.8381592301379284
0,0.0580540754127462
0,0.11707888021200782
0,0.3337761829794266
0,0.09961739234875938
0,0.11125940061579048
1,0.3431972599076911
0,0.12672077127237527
0,0.26538378990624406
1,0.2229091936608224
0,0.1456214358603729
1,0.7106736563674301
0,0.23611023569600947
1,0.962300312607995
1,0.9761857811817712
1,0.9424037435682401
0,0.07003776532229836
1,0.5468063904694643
1,0.29565845213651265
0,0.17596839635288478
0,0.1876467710985251
0,0.07701530741196205
0,0.040651125834535444
1,0.9760338979649166
0,0.05131220229653133
1,0.5222795728609626
0,0.05964668895149623
0,0.05415175918506581
0,0.06461269592338446
1,0.9831537239925823
1,0.9705177981172594
1,0.7992254948727823
1,0.6197673799869934
0,0.012528308809722971
0,0.055362270491079814
1,0.981360818961082
1,0.9379856775661909
1,0.8521557296765403
1,0.8458690899159335
1,0.9440090331787335
0,0.27683810671846754
1,0.9769335155204338
1,0.5642793394162132
1,0.7944877733387495
1,0.3266512534349876
0,0.027091615952924964
0,0.10591157935607448
1,0.7951945425112428
1,0.9885695827958539
0,0.14046640140232605
1,0.4838504963039423
0,0.1968726687810498
1,0.846979413349003
0,0.23595185806216265
0,0.13139161428097218
0,0.4885202608433896
0,0.1049627224207503
0,0.02921138885256697
0,0.14167025948228593
1,0.6996993221989729
0,0.044525320973566956
0,0.035098871160278454
0,0.13650615032774888
1,0.9542770743321366
1,0.6221807077670268
1,0.889884395568132
1,0.8983859922629897
0,0.04758844126744469
0,0.13553934413416377
0,0.12138410096407622
1,0.9798844790143878
1,0.32498732561404886
0,0.34788536633544603
1,0.8203145598719614
1,0.7950262264413802
1,0.48872134787442995
1,0.7326499432348272
1,0.9260004878976568
1,0.8279270766470149
0,0.059056731759268365
1,0.7367168664389563
0,0.5513719670240664
0,0.03441947113641699
0,0.03742350645319513
0,0.07004065884915991
0,0.04759362809993479
0,0.2886594315308605
1,0.8717915405701684
0,0.10256789524457699
0,0.06725665506940756
1,0.9647045464715212
0,0.1455589582431283
1,0.7908001207154941
0,0.06715943512283458
0,0.07849721274067871
1,0.9750636847298144
1,0.9787051547467945
1,0.9752331214499187
1,0.9407561068717545
1,0.9501208199521007
1,0.9132490333376405
1,0.9347640457608364
1,0.9467430834015556
1,0.9458130069862437
1,0.9647197509338022
1,0.9193339281268436
0,0.3329982932550042
0,0.0893632245591091
0,0.09578847057968497
0,0.7117581416734651
1,0.9609588815818126
1,0.9160756662788566
1,0.9282663515818593
1,0.9607870472565104
1,0.986160049565941
1,0.9427574198430566
1,0.9535721951347232
1,0.9649554102124079
1,0.9874369730268778
1,0.9179957190259477
1,0.9566466233121435
1,0.9903410814609864
1,0.9749247385793476
1,0.9797069753924728
1,0.9075773519675928
1,0.9681859652461757
1,0.9790900356050141
1,0.9892194689655073
1,0.9825166808938889
1,0.968811412101141
1,0.9739713053966684
1,0.8811395401882949
1,0.7601087272232424
1,0.9806797848663207
0,0.3403854549059138
0,0.046205783996882833
0,0.3495851052276545
0,0.018896051380770006
0,0.015699046072183215
0,0.015517225562133256
1,0.43206507132603156
1,0.46319496249119224
1,0.4771906471081284
0,0.22122466168223
0,0.10704094710928753
0,0.1200771554367181
1,0.8877030181396921
1,0.7299597269388569
1,0.9955935013849883
0,0.42331125652451246
0,0.18280858923032475
0,0.05821987192066866
0,0.07734674906197368
1,0.5336664080762439
1,0.8838350287986673
1,0.4480866224593737
1,0.4198816283992421
0,0.07528620729758571
0,0.04540196008450432
0,0.038627548048672716
0,0.033252705074898664
0,0.18122641984521837
0,0.08786044806263728
0,0.06924476105329719
0,0.007479895697503003
1,0.717000519510008
0,0.21953262407201993
0,0.21953262407201993
1,0.6885805708802659
0,0.14677909727311908
0,0.2762101205873153
1,0.8715533044600137
0,0.18163922945710387
0,0.27133679888697115
0,0.06973757303557696
0,0.0696854440216126
0,0.057432473866003995
0,0.5353491558550016
0,0.42352894133604485
1,0.6693078277284941
0,0.2082108764468834
1,0.8617173301288859
1,0.9621848660078496
1,0.52066276921485
1,0.8601197704571802
0,0.15254793627131136
1,0.5461591789251568
0,0.3371472243842026
1,0.8589422221776916
0,0.4413455731981812
1,0.7399829003109282
0,0.10695463232366736
1,0.6982893118082575
0,0.6280159594288631
0,0.33076637661834307
1,0.774275064194695
1,0.965807162746789
1,0.7162937238486332
0,0.1386722608321681
1,0.898955556237752
1,0.9045789552573142
1,0.9651282896616105
1,0.7774440343984658
1,0.8971781337670117
1,0.8006626348336041
0,0.1907020725089164
1,0.9250944023725949
0,0.504574078366056
0,0.14267985136123282
0,0.15453726087043915
0,0.29099232823433696
1,0.8318331547730982
0,0.19829551868751058
0,0.0664615432756137
1,0.8785855880095539
1,0.8059860455692641
1,0.7632348398637663
1,0.848983129490463
0,0.2577012078636809
1,0.45914290504161737
0,0.19460568786625956
0,0.09061577346257084
1,0.7162261279027966
0,0.05329277705698466
1,0.9462322285865424
0,0.169739240069615
1,0.407779628040296
1,0.5092271878829945
1,0.7316542685654178
0,0.07821074751212963
1,0.9037581346076546
1,0.9630777221381575
1,0.43544946507097154
1,0.9420984754491609
1,0.9630287878542612
0,0.17023774445196338
1,0.475436721776183
1,0.5060740881390361
0,0.3113637567311185
1,0.523280765632821
0,0.0630658926849967
0,0.3398046744577219
0,0.2165186120405875
0,0.128509636965396
0,0.3136188524542281
0,0.18712141064138965
1,0.8862504002576773
0,0.3314394596455215
0,0.05976390333280611
0,0.09529909897577936
1,0.7473185447299793
1,0.8973476930302331
0,0.22073458866456744
1,0.8961348477441461
0,0.2680349496114875
1,0.34496207624289843
1,0.6201895325383807
1,0.8857329838216876
1,0.9564077086451489
0,0.0403451014029353
1,0.8651163116347594
0,0.0877770271291779
1,0.8412118826316017
0,0.21447760137876287
1,0.9922911463948239
0,0.04056438116315096
0,0.015801257688876674
0,0.04736498369028294
0,0.051677764848664896
1,0.8272542596070038
0,0.010548009474375964
1,0.6949479805939346
1,0.9916242575791612
1,0.9905689664858705
1,0.9847188772779938
1,0.9847188772779938
1,0.9940735330549278
1,0.987869217721935
1,0.993723803438087
0,0.21805552387139843
0,0.32123954126595367
0,0.30832125650110104
1,0.8306277547121889
1,0.9968823492979698
1,0.9537093990043318
0,0.34484498124041546
1,0.7656273556440577
0,0.603259108876104
1,0.9632663008175731
1,0.8323717540301453
1,0.7203149381996398
1,0.8666049240249887
1,0.8904548669241164
1,0.9298087225287311
0,0.07091587833873074
1,0.4516499913318212
1,0.33134913795164234
1,0.5726801162339676
0,0.1591068039610255
0,0.06905395664210186
0,0.26887566214075376
0,0.44584013308996095
0,0.24263084028506873
1,0.9648552351866206
0,0.1583652673503619
1,0.9031143449642148
0,0.04914192299867957
1,0.35174535094976983
1,0.8815860337606045
1,0.9040565428299342
1,0.6295566849987773
1,0.6976818388241935
0,0.17176404663208608
0,0.05208267783789638
1,0.7071933876394578
0,0.3376030535289384
0,0.04756340810826419
0,0.02475175759901816
0,0.03425464581115467
0,0.018083963923355706
1,0.7817541619392743
1,0.9945534834112032
1,0.767937854762805
1,0.8773061479404214
0,0.28842524633563293
1,0.9546513503013775
1,0.9422861556026434
1,0.9338014325914555
0,0.744346144503955
1,0.8405417510476579
0,0.14322937036452624
0,0.17403417714827668
0,0.1178856166871155
1,0.7142354265059412
0,0.053070329594838504
0,0.051803909272165466
0,0.13479350201821877
0,0.04061977888650347
0,0.09347962113435777
0,0.05732380494296368
0,0.035681589875939085
1,0.46789176342870126
1,0.7200634903897485
0,0.06770365262272876
0,0.11606773081501578
1,0.9117756962250099
0,0.36552248836349754
0,0.17957597635349493
0,0.3226492229822513
0,0.2419943911278801
0,0.31206747435533827
0,0.0747973760119243
0,0.3577294796334767
0,0.2272398867896106
1,0.9220940126070237
1,0.8756966649340097
1,0.9474810837290886
1,0.9260323959426623
0,0.2430245527432804
1,0.9795769511139579
1,0.8239846263385978
1,0.9091236969161046
1,0.3265198529450097
1,0.9284020227945565
1,0.9416840037807809
0,0.1023089860523991
0,0.12272723040421453
0,0.11104469516784156
0,0.20604233108725592
1,0.5066199554094751
1,0.8800711211708202
0,0.41658402175113485
1,0.6829434032931402
1,0.3896488848321183
0,0.12156996480334295
0,0.07710454958711763
0,0.14876447543989169
0,0.18477644996586692
0,0.11292541197710318
0,0.44398457334583324
1,0.9691966815154782
1,0.5540476612976507
0,0.055514622333081264
0,0.14530735271205836
1,0.2667087518043772
1,0.9741533048599353
1,0.9741533048599353
1,0.9741533048599353
1,0.8056474984445399
1,0.9651607786843749
0,0.5494687537435448
1,0.5622688348603527
0,0.15920624117232107
1,0.7787892419608784
1,0.8684933581255856
1,0.8623965053976789
1,0.9314457939748145
0,0.4394191017323769
0,0.38841452414145344
0,0.26734202004539487
0,0.13242253807970242
1,0.4710440531412521
1,0.6994686842592787
0,0.17194375418605948
0,0.21861197155593434
0,0.05383406707156377
1,0.9144581827719127
1,0.5492182476564041
0,0.18650939236783073
0,0.10502765753897217
0,0.10490426242568701
0,0.10099553021907959
0,0.1294384562120259
1,0.9628284440201146
1,0.914064650695211
1,0.72476928910546
1,0.8559667211373821
1,0.763136692438985
0,0.07282931627772543
0,0.07215001775351086
0,0.11093539429399692
1,0.9855861804043725
0,0.3181981769742134
1,0.16082194878274217
1,0.6074099578225304
0,0.23141728732445216
0,0.10252525874758386
0,0.153916145108648
1,0.837211738937038
1,0.7538865024494963
1,0.8891718819586047
1,0.8581344390947953
0,0.22171867658182245
0,0.4251528455083551
1,0.8439986863021234
0,0.1721776104584734
0,0.23196464363321684
0,0.12004091987285301
0,0.1927844385472905
1,0.6562620360915962
0,0.06455862191358831
0,0.20175740229127945
0,0.28772035184545924
1,0.4589051486647145
1,0.9693985740956906
1,0.569533759500982
1,0.9895064492700858
1,0.9710588730112965
1,0.9883427721295831
1,0.9836744016267827
1,0.9863573733248512
1,0.9874078547522301
1,0.9803388709494684
1,0.5171521504515053
1,0.7762237763317236
0,0.07025197467625179
1,0.8783232587213151
0,0.029185554921348486
0,0.04169306901017122
0,0.2674481556815005
1,0.6690671688580896
1,0.7810957606824355
1,0.702602609619652
1,0.954426002502621
1,0.9543680592810528
1,0.9535871717883747
1,0.9613479505954121
1,0.9789526957732445
1,0.6437545055374141
0,0.05432187119293033
1,0.7868940423067144
1,0.9014517112507736
1,0.9882340102142471
1,0.9643654689865908
1,0.972283443706723
1,0.9745022952053743
1,0.9908455583901908
1,0.978707685188566
1,0.9884705259125266
1,0.9885393378161427
1,0.9110623416647575
1,0.9766427304819953
1,0.9869906190955549
1,0.9899609825992268
1,0.9879438083507813
1,0.9413064346791973
1,0.9752840969694537
1,0.955207736435807
1,0.9323909121616875
1,0.9923396545821374
1,0.9880310899938531
1,0.9884705259125266
1,0.8775247244731359
1,0.8930289673197603
0,0.23305516048084848
0,0.6625190560146813
0,0.5890809782002139
0,0.17206521442549308
1,0.47777435475173025
1,0.9442458140182335
1,0.9128924580616391
1,0.860867057942065
1,0.7696513455005025
1,0.268073911366838
0,0.21650196976141942
0,0.2322466743718756
0,0.2705304744574296
1,0.9207792105360936
0,0.178875452695466
0,0.19898246058398766
0,0.5105499221361253
0,0.03158946897205978
0,0.26595216697540974
0,0.34479017466625717
1,0.6299286040445692
1,0.8815509683709194
0,0.1573130022879423
0,0.13201959993233178
0,0.07068684702721918
0,0.19182834008259578
1,0.9109931635418386
1,0.920001656470953
1,0.8883201445505635
1,0.8211709654810183
0,0.11561189705870106
1,0.6130500138692545
0,0.3871521330483009
1,0.873206469317213
1,0.6093606976867374
0,0.3595897499373791
0,0.21550465371603636
0,0.08904481912280604
1,0.806604241515059
0,0.07502460985784785
0,0.05850392354869055
0,0.09223701351544714
0,0.30700527900900926
0,0.2352494540760049
0,0.11155528061676505
1,0.7151654763674553
1,0.8443730894961519
1,0.4149246797358175
0,0.19949668935644066
1,0.8124829228900156
0,0.18322847474288473
1,0.5308755189423845
1,0.7645738402445315
0,0.4660671325765291
0,0.24367651703697163
0,0.17485452845260738
0,0.0808569359590721
0,0.3309004204073287
0,0.21900143281894913
0,0.013678626740806932
1,0.7670920893205382
1,0.7521432206438788
0,0.38477761837233176
1,0.9790130627583593
0,0.06922993454892046
0,0.1755613779350062
0,0.3328419697523703
0,0.1266222500457537
0,0.04160084690776946
1,0.9116519487270929
0,0.054356791139443264
0,0.3988891828070667
0,0.042809125438177754
1,0.9283713316230756
1,0.6853640332658629
1,0.9596002273549132
1,0.8573653151928223
0,0.30244975849548933
1,0.5248090685237865
1,0.7692482508427763
0,0.44083015899658423
0,0.15837302440864057
1,0.7301225347795526
0,0.07491811450289262
0,0.13272871052667248
0,0.11050783195464182
1,0.566538630731827
0,0.11047754779343265
1,0.9007910551196744
0,0.051428469257995504
0,0.0659294948540866
1,0.8915948435567259
1,0.970410786125809
0,0.13025456535840377
0,0.10508183211677903
0,0.12956343600076856
0,0.010080199576914552
0,0.540624552564858
0,0.055626966062137635
0,0.17949458565721718
0,0.06944732322708734
1,0.637825655050631
1,0.6269679049800363
0,0.5386406428418659
0,0.2632794205909466
0,0.24350807600339605
0,0.28072111407490047
0,0.18082026496755216
0,0.09251745598888528
0,0.528721753143734
1,0.7993518732395131
1,0.8212230732221715
1,0.6841071632538603
1,0.674315558815248
1,0.8249907752721357
1,0.7377863868810677
1,0.7960388135134268
1,0.9752541132091945
0,0.2517220719548301
0,0.2973295595825733
1,0.5438830530351529
1,0.5461682573520948
1,0.9118625369050836
1,0.984662974318642
1,0.7857478646422976
1,0.7638026545153844
1,0.8728014198654174
1,0.7343832237672762
0,0.6729743632059333
0,0.33270686756482626
0,0.45698136159718056
1,0.9845008747568216
1,0.9163624174114747
1,0.9812915402268452
1,0.12519368672947037
0,0.1370424494306564
0,0.059278277811929424
0,0.07382767970554932
0,0.047916196778341885
1,0.8583549140211543
1,0.6574831817606092
0,0.14514063562565727
0,0.10219399427898125
0,0.10921404611230981
1,0.8531718446444577
0,0.2654179388305603
1,0.9604409106367955
1,0.9605646027667527
1,0.7514391269921493
0,0.7435321710726451
0,0.2375566972038535
0,0.0702219303609607
0,0.050803653871006986
1,0.9811705762675832
1,0.971264113972674
1,0.9785473471053983
1,0.9127281460890236
0,0.039461795906481655
1,0.7430089979818066
0,0.14899105339302116
0,0.4684336401425762
0,0.24967751127944277
0,0.18038594992354304
1,0.9560675227091785
0,0.14855948210225642
0,0.021192852019723315
1,0.9081009421162942
1,0.9705423622785994
1,0.9042518652021059
0,0.3607258937728605
1,0.7660243282370717
1,0.9532493496407332
1,0.756502252050931
0,0.07973295930921138
0,0.23981267117412045
0,0.15170568930405354
1,0.8270462960483688
0,0.10032246658585328
1,0.9712921175276918
0,0.09341293651379087
0,0.22704137466504987
0,0.12841265730470425
1,0.9338998486900437
0,0.05764322727109988
1,0.9848642625380382
1,0.9584142502801528
0,0.2631844120172017
0,0.27069637863952145
1,0.8437738463399276
1,0.9703842656494912
0,0.13990361358513226
1,0.5498996893586958
0,0.3424623254326381
0,0.09047745935937135
0,0.04286420930119635
0,0.07623650730332888
0,0.3454829795525212
0,0.09183181891779761
1,0.8226124013496426
1,0.6793709632402112
1,0.9329154475330236
1,0.8993500662719295
1,0.85535318545923
1,0.9112442575131148
1,0.9123729784980668
1,0.948845560939404
0,0.1942780328595841
0,0.46728442314843166
1,0.8105945229408785
0,0.16650281665057592
1,0.9640932961104784
1,0.8831978858602405
1,0.9835046522492799
1,0.9327483117113125
1,0.987336152091803
1,0.9644449701289673
1,0.9736017935679631
1,0.9114054257093605
1,0.9559015001922937
1,0.9422526412350308
1,0.9535831731659974
1,0.9604265482239257
1,0.412279518126478
1,0.9406529122181597
1,0.915725215888162
1,0.9392749673757043
1,0.9392749673757043
0,0.32589368306923
0,0.3564225171645469
0,0.324684164167238
0,0.09342749853113386
1,0.6649933346930332
1,0.721896348158352
1,0.7814305255900087
0,0.1185747785435225
1,0.9023348648642202
1,0.7374718601323466
0,0.20139199435658756
1,0.6430318763489239
1,0.784860552927846
1,0.7469036671294104
1,0.6764249068853294
1,0.9308447472787986
1,0.7416739852189633
0,0.07681583876262009
0,0.1131969294183194
0,0.02758251504535549
1,0.9821184762711587
0,0.05897665473850657
0,0.04088506479811206
0,0.10677497212791932
1,0.9634556800617915
1,0.9634556800617915
1,0.7789510468633228
1,0.9683311491964008
1,0.922119006693777
0,0.10823596365529942
0,0.35454378646314466
0,0.16565251826300412
0,0.1890212319895436
0,0.22923182548602838
0,0.405094399379207
0,0.4240638446989993
1,0.28344053006725906
1,0.21903324367413532
1,0.8119464769831217
0,0.07117895998124886
0,0.23484135883654175
1,0.9170702317352628
0,0.19213969309714263
1,0.41117257649792166
1,0.9620067762818452
1,0.46089441242680945
1,0.7914234635252562
1,0.6375172510696114
1,0.9515529045405686
1,0.7738483138459774
1,0.9882540617497684
1,0.9707858921098869
1,0.9193172349955273
0,0.6874608569611117
1,0.9172682491580082
1,0.5942701811572773
0,0.2335920836786044
0,0.02285023550853264
1,0.564824000110121
1,0.6812972098183426
1,0.9663733415261694
1,0.9008651933194524
0,0.2363251840443472
1,0.45593718338879397
0,0.1705733356317556
0,0.08495615655393352
0,0.10298248995511705
1,0.7286521308542832
0,0.16249104868640288
1,0.44061618436984823
0,0.1627502629546823
0,0.14843840720003632
1,0.895958476817796
1,0.6701137298290605
1,0.936857194761247
0,0.11619792155655129
1,0.39023983894845377
1,0.972012542241364
0,0.8450221121557863
1,0.962557074436899
1,0.9931340600730774
1,0.9754801871573916
0,0.5043927334885678
1,0.44960787466764024
1,0.983761146683806
1,0.983761146683806
0,0.225389485240412
0,0.11381579055885932
1,0.9508787837956159
1,0.9463580659595954
0,0.15941659922205462
1,0.9787925069722643
0,0.08328387672726305
1,0.931168842458759
1,0.9484852344011031
1,0.749714459886532
1,0.6859487080918953
1,0.9228079759123087
1,0.8198069556598332
1,0.670653322078336
1,0.6395947848058966
0,0.22760047400628527
1,0.7084065669880353
0,0.07627260527916188
0,0.05871724049574113
0,0.14052468816752037
0,0.12251317766550485
0,0.29934197063729434
0,0.04369190756599841
0,0.11467475702197232
0,0.3510663971597536
1,0.9768034952708912
1,0.9828915464189149
1,0.6426409531475199
0,0.21987825049319695
0,0.045848116055324725
0,0.01947447584170382
0,0.2392121554510716
0,0.09700177187764292
1,0.4098496162046665
1,0.4715343732215004
1,0.5915401104140703
0,0.3032982476850728
0,0.2943079314072944
0,0.10460540965562352
0,0.1569821975601167
0,0.11050413463474008
0,0.18750448655624147
0,0.358179295919211
0,0.18051418434234628
0,0.20687141472127474
0,0.04659987894794604
0,0.3028222026345955
0,0.16483593064827998
0,0.2699806159440039
0,0.25286655520376655
1,0.13431943532747423
0,0.39475440422573926
0,0.01855470902643867
1,0.5762289491678003
0,0.1898481721141285
1,0.9395633876671302
1,0.8940337291197842
1,0.8385413354593308
1,0.832384075708654
0,0.011710824328107907
1,0.40058316301117325
1,0.8704469942165352
1,0.8442979545846216
1,0.830846342160238
1,0.9224511967999489
1,0.9204861056896971
1,0.8951938937896976
1,0.8892069722669362
1,0.8456858894146333
1,0.8718697925358795
1,0.9395629753428736
1,0.5668809966060874
1,0.9390855556771485
1,0.706424107301163
1,0.9185766289291941
1,0.8251536558817613
0,0.04021398474063551
0,0.08781385341324711
0,0.0468218863660705
0,0.07108735034236117
0,0.024866901214319247
0,0.04660458435474601
1,0.9620057595045753
1,0.9778153283799587
1,0.8971499933672814
0,0.16587803825914754
0,0.030592837752681165
0,0.17336307439150797
1,0.9586291225734257
1,0.8501843876182174
1,0.8834507541063031
1,0.7045905177341957
1,0.8431269504130106
0,0.04879453901178149
1,0.7382930218965005
1,0.8512785770011659
1,0.8469684397196715
0,0.1516870213940813
1,0.9640415253393875
1,0.824138760322921
1,0.920037501916585
1,0.8768395914738277
1,0.8752402511849351
0,0.19534957760224214
1,0.7585456514883918
0,0.15987041801640695
0,0.41591208300580096
0,0.7782203474234336
0,0.04125405388502655
0,0.1015020842879289
1,0.9259601104760176
0,0.047146231087713535
1,0.9548122831579223
1,0.946526813874222
1,0.9702051666085794
1,0.7779014721611192
0,0.07478513906651271
1,0.9875785336790142
0,0.23594616837859933
0,0.20193863088287636
1,0.8441841449919212
1,0.7692025893064639
0,0.07772378034397735
0,0.10218204103837858
0,0.5143158377901974
0,0.02443165796493334
0,0.05371707663190328
0,0.09217385387619867
0,0.06402306614363716
0,0.07569957807854923
0,0.017809501489842314
1,0.9037852186499922
0,0.10612801537889884
0,0.13215863276119905
1,0.8625405700437225
1,0.6203493833783429
1,0.9177766558121813
0,0.12553359397845867
0,0.13913587385304382
0,0.6308437734578412
0,0.2563620278289964
1,0.5370582342608735
0,0.04570743676898283
1,0.9758453887149916
1,0.9617582119728956
0,0.1348741310918355
0,0.5019005004292456
1,0.9402161718148072
1,0.9476444784849748
1,0.8993225675662014
0,0.1343868889315886
0,0.21683983644033103
1,0.9329321380152034
1,0.8403528736455463
0,0.09111716984631
1,0.59627502433943
1,0.6288295961587468
0,0.16084357036896804
0,0.3242449760509835
0,0.09215919089123158
0,0.43652636084642815
0,0.20087583602625
0,0.13963434411254255
0,0.14171882823804982
0,0.31691212208173497
0,0.022734702362607287
1,0.9285157190336459
1,0.9285157190336459
1,0.9628492100777982
0,0.22423838814511507
1,0.8722139247653019
0,0.1411282460693848
0,0.09675729726245962
1,0.6740549241269838
1,0.9330623021804414
1,0.9984844386745512
1,0.9975249169012524
0,0.10426474689128054
1,0.8187958956464807
1,0.7592278560643724
0,0.04575510140057279
1,0.26647211067352355
0,0.15260095987281683
1,0.7184834225579668
1,0.9407395318348825
1,0.9684574826956467
1,0.9804200260142907
1,0.9787765179091938
1,0.9738197357470888
1,0.9276657777547788
0,0.042725434743917295
0,0.03980160531603769
0,0.20468046194706654
1,0.2687709914261474
1,0.9680960145434008
0,0.5471580014814037
0,0.09490147036475219
0,0.18918606746267852
1,0.8676881876913395
0,0.057105755287959394
1,0.8896264292239597
0,0.12806199282297176
0,0.08126607845590672
0,0.08498704981561087
1,0.9889183046492107
1,0.9662889971387205
1,0.9781668773283614
1,0.9888419690893822
1,0.98934817554522
1,0.9708698775248311
1,0.943142274125196
1,0.9707837895909656
1,0.9840900807471273
1,0.9702642986489723
1,0.9811672555805928
1,0.9778100715266472
1,0.9878416613256774
0,0.0747436690238609
1,0.9524685994739545
1,0.9091361836481319
1,0.7666359731151542
1,0.985736276023146
1,0.9462468955729856
0,0.0846115274318913
0,0.14273605570195202
1,0.9411223332612004
1,0.7812023439521832
1,0.8951404491026198
1,0.9334779648930255
1,0.8755968369167761
1,0.7611397702221167
1,0.95527020317947
1,0.919712929724508
1,0.955973250955256
0,0.13648499026122715
0,0.04382237326968477
1,0.90276503792993
0,0.4031689214643611
1,0.9209361509246113
1,0.7375087880088812
0,0.043244606534434564
0,0.31286565754636425
0,0.06243476590813041
0,0.11569678240134194
1,0.8971072967118638
1,0.9596807632343823
1,0.9596807632343823
1,0.9759965200483363
1,0.9689008517710903
0,0.030065702122970703
0,0.15784133160045694
0,0.08242007208396061
0,0.1373312449331802
0,0.05684782453391947
0,0.042047175820671814
0,0.22323237519740477
0,0.03253551815797748
0,0.12070824555536804
0,0.050351274111041434
0,0.17018559647608483
0,0.021662344420982558
0,0.29426198685794736
0,0.08499057941813955
0,0.11532173009253986
1,0.6805050627566998
0,0.2691063533354573
1,0.9340475804797375
1,0.9325313462066661
0,0.1001807999578538
1,0.43890534058940817
1,0.8173106524947856
1,0.847063424887021
0,0.14284249667662915
1,0.9270550242741135
0,0.056822226079460324
0,0.3455700081943606
1,0.8081297303354384
0,0.19168185292597822
1,0.9928953381060461
1,0.9413576378506235
1,0.9769860887990319
1,0.9814011526305874
1,0.9774168533312063
0,0.1698779867731953
0,0.10565312425892073
1,0.8962170330098567
1,0.33763319111454326
0,0.39370052947858664
1,0.8021453247935677
0,0.5756879742559424
0,0.03688122760822775
1,0.7488014136105481
0,0.16691003309474645
1,0.7949329994185501
0,0.21861895475645424
0,0.3413197653601058
1,0.6702158560188989
0,0.3361841387584065
0,0.0757419623468324
0,0.1267581837289034
0,0.1321220737402943
0,0.11052977374377088
0,0.17688269863811248
0,0.18295438507678397
0,0.14896922389454262
1,0.5215518919761443
1,0.5163131419972163
0,0.28682421279966935
1,0.6239982908871692
0,0.07037563004412993
1,0.964229061647402
0,0.05163499949740607
0,0.19776063496222812
1,0.9579215556988887
1,0.9827164436965168
1,0.6677612250361421
1,0.5696508707181548
1,0.8721497977490119
0,0.13926809391571435
0,0.2413189335332664
1,0.995310910874179
1,0.995310910874179
1,0.9125978874130882
1,0.4439425286765635
0,0.20929054919083043
0,0.08911799102964033
0,0.10673744732209108
0,0.23389531375175268
0,0.13061357842410923
1,0.8646249255228851
0,0.15323823210552767
0,0.03284134731008618
0,0.07120370708508308
0,0.058970964273074696
0,0.21258303590439287
0,0.14956230096208845
1,0.967750694894604
0,0.35031084763315035
1,0.7965155478116317
0,0.167783026411103
0,0.10689998266524056
0,0.26471384682658256
0,0.1451638202928499
1,0.5567326402307015
0,0.08985930812426962
0,0.10050192043560548
1,0.7544003569907323
1,0.891071164732877
1,0.834517492308673
0,0.32305427564895467
0,0.23566073697959833
1,0.766515406939758
1,0.8142360609479393
1,0.47175956742972214
1,0.9251606148691469
1,0.9902950956161702
1,0.9735996368219324
1,0.9836777640613945
1,0.9847149054648405
1,0.9533721094949164
1,0.961741901456461
1,0.9107888927741093
0,0.07851498619508206
1,0.9037776913358485
1,0.8203859045623697
1,0.9684926022344972
1,0.8131637385677791
0,0.3715378056384345
1,0.8366402716535148
1,0.7917434762138645
1,0.8117754886680192
1,0.7917434762138645
1,0.966732344361663
1,0.85791225799628
0,0.46139741104339976
1,0.9078348475798509
1,0.9364853861437458
1,0.9198902082238574
1,0.9033441672733076
0,0.1954135752048774
0,0.3065589649159821
0,0.3794191397301577
1,0.41166907980708944
0,0.27714603497116047
0,0.4120562031795151
1,0.6286550992445592
0,0.414825343163564
1,0.6396595326397507
1,0.953552655408173
1,0.9553928734284032
1,0.8619882777241866
1,0.9832047734533735
1,0.9903383696416758
0,0.17174593440981528
1,0.8231688028979124
1,0.8391637113664535
0,0.21858771313392428
0,0.2661345090747076
0,0.10118060550009185
1,0.35901487172837143
0,0.25450292180251805
0,0.16693802613864434
1,0.8270103363381263
1,0.9402441064247796
0,0.26003734034373466
0,0.042404510938793924
1,0.36045473618142204
1,0.8681240303862946
1,0.8632987161532758
0,0.05734436637106835
1,0.9528433644095983
1,0.4579354798133505
0,0.2435819107225218
0,0.06446607993428569
1,0.6939476509918892
0,0.27164113809298884
0,0.27241793583721075
0,0.05257017949727256
1,0.6311831321948776
1,0.8209110768405203
1,0.8905556232406978
0,0.027654741098272144
1,0.8119130673372842
1,0.8889312079078441
0,0.21009327469735062
0,0.15156198590889727
0,0.3780995574297684
0,0.21429688017378115
1,0.8120124357783333
0,0.1720129818359857
1,0.5069091285924818
0,0.19824781906082614
1,0.9488220305174894
1,0.969338144922843
1,0.9601331206939417
1,0.9344486779111649
1,0.9586541090980121
1,0.8910147438497696
1,0.9059164436571925
1,0.6751799406289213
1,0.7667152464378373
0,0.37555119058135594
1,0.8983962538056103
1,0.9492932968726213
1,0.8733679556973917
1,0.9722287189613892
1,0.8219792918767302
0,0.01523774810019663
0,0.04839825609258992
1,0.6147121048080184
0,0.14457269421933583
0,0.021718258268543348
0,0.03323336852929694
0,0.04774984326352085
0,0.16799264416276974
0,0.08831576831095032
1,0.9677305035046283
0,0.04139480548162351
1,0.8845496918037158
1,0.8601236638719371
1,0.7676963325748147
1,0.9403305738063833
1,0.2767195602468114
0,0.13697084075708377
1,0.9816267043552592
1,0.9917076666573651
1,0.9933355716039383
1,0.9866751772863931
1,0.957897521079878
1,0.970058058835612
1,0.969572058311315
1,0.9474870688327985
1,0.9503493904313353
1,0.9487686821049263
1,0.8867710160538322
1,0.5963142204231128
0,0.04215129732855691
0,0.05146247628235677
0,0.1019528492568676
0,0.1642672061119263
0,0.31511247322810676
1,0.7904769725461146
0,0.09079180233596242
1,0.8920193963845778
0,0.273372105559626
0,0.2325136149356992
0,0.06222508617281061
1,0.5838300950635726
0,0.07669238948741976
0,0.4166938354414534
1,0.7751648293095299
1,0.9184700431842134
0,0.0950100914924711
0,0.26744902180450897
0,0.03026977288526497
0,0.009606149205505652
1,0.9924915501172626
1,0.9933523779786889
1,0.9924915501172626
1,0.9864103324406212
1,0.9933523779786889
1,0.9938550037460251
1,0.9928345600197136
1,0.9942207514586845
1,0.9609680057349752
1,0.9809867535719811
1,0.9785493760188005
0,0.1657474149172312
0,0.026872542870208193
0,0.012246139326947193
0,0.08200573040887478
0,0.011358176006761327
0,0.1231719829476966
1,0.8710044542557849
1,0.4236968134092068
1,0.9344804760239498
1,0.7297708201920025
0,0.09658686923863148
0,0.11686458649108429
0,0.08564620155411025
1,0.30517169988859133
1,0.8470928859794875
0,0.18117873554302114
1,0.2850518872793345
0,0.11348626154290745
0,0.043810158899954404
0,0.07327265402163012
1,0.8388753831528751
0,0.16435534651258366
1,0.7473332012735001
1,0.911562621587642
1,0.8328002835973548
1,0.9717339292817612
1,0.9763107242728433
1,0.9809614240083808
1,0.9289146890620018
1,0.9691039525607819
1,0.9765743348699645
1,0.9701769484696966
1,0.9809789002505892
1,0.9414575031940484
1,0.9731249478191027
1,0.9489571823995545
1,0.9359791582148785
1,0.9406202170795113
1,0.9707569400069201
1,0.9697246528168384
1,0.9522185005131799
1,0.9014191010342837
1,0.859870939062089
1,0.9122908511331125
1,0.9789681928843436
1,0.9106828511703442
1,0.9759048505132781
1,0.9225254122609597
1,0.9578598229115154
1,0.9759747720234236
1,0.9563625893261433
1,0.9855680839221237
1,0.983332801231784
1,0.9315003772614577
1,0.9811249011155505
1,0.9815924141347586
1,0.9815735244918901
1,0.9796446808209934
1,0.972269211508796
0,0.43125312165030055
1,0.6498290611480498
0,0.14663622679812374
0,0.3349337347280215
0,0.32524710899893705
1,0.9350007922129945
1,0.8214901378234439
0,0.01622903794229406
0,0.05748302021772319
0,0.07394768061305497
0,0.05852517687637858
0,0.11280897061011069
0,0.025627678681402637
0,0.07530779319611335
0,0.2623244971713025
0,0.40627427856962595
0,0.1094126114309424
0,0.09722261906544984
0,0.11972427703968064
0,0.08482423216004605
1,0.9565016325607348
1,0.6673394258801276
1,0.6096408808628414
0,0.07717984092921278
1,0.39170398062191863
0,0.2570640181949092
0,0.12557937296215757
1,0.6331007603221238
1,0.8350957286731843
0,0.17598755546828393
0,0.04762329742961357
0,0.16465688554172317
0,0.13750401114260996
0,0.03119503646940586
1,0.9428684271973398
1,0.8916728320615513
0,0.17508843944010846
1,0.7807085006929884
0,0.3531177554204824
1,0.8680395336402678
0,0.07304997133369535
0,0.13977030981512742
0,0.2789966984894013
1,0.8070414804862646
0,0.42594845593803454
0,0.16487790508282918
0,0.09783942273149879
0,0.2525213912433536
1,0.25013566593341663
1,0.7493335426136327
0,0.07022045247727389
0,0.11470526894380455
0,0.07478920015547838
0,0.14602815505694156
1,0.878502219903176
0,0.06802852336940841
0,0.04061672266111451
1,0.9742805412802072
0,0.10186123877777026
0,0.07351782911372877
0,0.14356342763838156
0,0.08944782432494214
1,0.9228283292970021
0,0.20823489508281873
0,0.0735524436005302
1,0.8127017160476109
1,0.9213803908799284
0,0.17791540048140378
1,0.5228910752434792
1,0.8528933687112834
1,0.9854695161902274
1,0.9880244233046513
1,0.9768163621502601
1,0.9759705939394782
1,0.9535340809176864
1,0.9781964708836519
1,0.9659684588455781
1,0.994226592719836
1,0.9746530844666572
1,0.9909107739611053
1,0.9808841648447119
1,0.9884699996321903
1,0.9758585948689835
1,0.986387229301569
1,0.9584230643437488
0,0.6670728478113037
0,0.10077475268935598
1,0.8822574653180107
0,0.0735200332628677
0,0.5868142676939129
1,0.9652364831190099
0,0.2176477352019683
0,0.22577893907421287
0,0.12894834125250917
1,0.9684982682257329
0,0.06998933307618303
0,0.10486369564060856
0,0.16854773476992066
1,0.5048081085061622
0,0.2868183970806235
1,0.9307527074855666
1,0.9102544780937278
1,0.9343806564959918
0,0.14996296304972723
0,0.13845136154724833
1,0.9758812223183704
1,0.9752729029749083
1,0.9853675311547433
1,0.962381332429669
0,0.06856112272607692
0,0.1056016749915351
0,0.06410244852815504
0,0.12185066087180182
0,0.08110586732913098
1,0.8640789561048349
1,0.8274141961959406
0,0.38145349242681176
1,0.8824890847869266
1,0.8936395201992712
1,0.6658268610134634
1,0.7633149022124103
1,0.9102572280419258
1,0.8668112698081991
1,0.8905595225768951
1,0.8724136437263198
1,0.7132279240805803
1,0.6780737062548597
0,0.34534333618814683
0,0.09843051086553391
0,0.190355591455528
0,0.29576542275905493
0,0.6699554989496146
0,0.18808960153556525
0,0.45986099859172114
0,0.49176123542315586
0,0.6763270639143808
0,0.21136641276861728
1,0.8461736605376643
1,0.6324570497776444
1,0.892328196021143
1,0.9436314431598302
0,0.0695590332608242
0,0.08413750397755058
1,0.5180236205262749
0,0.32699026667470205
0,0.19119630096630244
0,0.255119528854389
1,0.8723262944755051
0,0.17628086446678393
0,0.20956194383430493
1,0.9880041702927794
0,0.09802877701119313
0,0.09920114194258202
1,0.880017908064477
1,0.9041858620017922
0,0.07664412881204559
0,0.047522948419409815
1,0.9356817983981942
0,0.3592966645799464
0,0.2544363178951233
0,0.027111450158823665
1,0.5855245806671999
1,0.7807799221355317
1,0.7173185296427028
0,0.15533583161493686
0,0.2329282866492487
0,0.08755337040747754
1,0.4102623389452833
0,0.4029736921798548
0,0.110591655998227
1,0.9078232161416878
0,0.09629074249003083
1,0.9788388390131507
1,0.9849961983129882
1,0.872272157426823
0,0.0756574936330004
1,0.9288509111147478
1,0.5773767965493877
0,0.1817432775637227
0,0.26128676033420584
0,0.4610570389407309
0,0.03704099074304183
0,0.19504995547052636
1,0.8335721980007189
1,0.9085603712866535
1,0.7208421329992939
1,0.9950856157399409
0,0.09978773597191284
1,0.7511646985865055
1,0.8972035627203502
1,0.7698696699264392
0,0.2152495068692099
0,0.7828100467731097
0,0.19235649816074624
0,0.3486319127292569
1,0.733356494534984
1,0.9628447791143507
1,0.9823379628873388
1,0.7589492480262197
1,0.38353936321681537
0,0.29145008927797245
0,0.11756367966029559
0,0.39776674361057773
0,0.45117022707364357
0,0.351327795622223
1,0.9760945259372227
1,0.9901127275830862
1,0.989975202815637
1,0.6249200376078865
1,0.8876263140351722
0,0.23790287294430315
1,0.8712432752614584
0,0.1365613040941918
1,0.9435237340398426
1,0.8702919507319796
1,0.5935261448462137
1,0.7163567715936064
1,0.9502197020761219
1,0.8735452437711544
1,0.8269990624437605
0,0.08747792010707693
0,0.0873965854442103
0,0.22437974732695726
1,0.916855399248439
1,0.8958261778845851
1,0.8958261778845851
1,0.8249434452901612
0,0.12444015932106524
0,0.010523625889449929
0,0.02640771131025695
0,0.20877174019170353
0,0.35760206052425497
0,0.2890900722356367
1,0.9927538674947346
0,0.15433126444654327
0,0.07605675721202908
0,0.49118473245699523
0,0.7975518833119093
1,0.85868025279363
1,0.8707411558252804
1,0.5758324084356955
0,0.14862681981581985
0,0.1666071661680526
0,0.21151291708331765
0,0.11942489569311361
0,0.17708253829839982
0,0.22615894532610636
0,0.021276376354563115
0,0.04601792704397553
0,0.05480570119834227
0,0.030029828754210106
0,0.04677472609124948
0,0.02097450719845966
0,0.017000660877657014
0,0.034902788217802704
0,0.10269585937717432
0,0.4196161872484472
0,0.3861270916425008
0,0.15909706449843244
1,0.4535452683864016
0,0.6064753166100493
0,0.13531899735470412
0,0.11626089035487461
1,0.8213729594521341
0,0.010973943012310933
0,0.3450221523008919
0,0.22381735745689552
0,0.14943981470033102
1,0.9267255038532235
0,0.16325822850389576
0,0.08981218609618488
0,0.13259326400270774
1,0.8028002005979475
1,0.9026934443187494
0,0.08645727988560808
0,0.11425246326012153
1,0.8994003477188359
1,0.6237714968410598
0,0.16747662104671845
0,0.2607332228226821
0,0.0424929318412569
0,0.19411857369060784
1,0.7848117785963656
0,0.5655405076198833
0,0.14055567069609742
0,0.08552205922400263
0,0.22767825037999764
0,0.13175615035859103
0,0.12245400700141795
0,0.15065087856968665
1,0.7144745780255465
1,0.9422046827170993
1,0.5890158061561849
0,0.2848985975497949
0,0.2709596609603551
0,0.16570513064215048
0,0.05813107980370315
1,0.7501031336886562
0,0.16235949764624255
0,0.13531064835674683
0,0.10963479020901105
0,0.1761617507911395
1,0.8849226130408935
1,0.8691508710935811
1,0.9398329239132899
1,0.9823098710937386
0,0.2338158701738523
0,0.027535815693441705
0,0.021287251262137707
1,0.46897937496159453
0,0.13762050738369533
0,0.4530289272079353
0,0.3790724939652169
1,0.943379281524829
1,0.9555637882121015
0,0.27465775994185954
0,0.05135657673351282
0,0.05274807997400006
0,0.4352228795143893
1,0.6735151190549843
1,0.9479119536961678
1,0.9049537583364814
1,0.7524666214852125
0,0.24577779258624188
0,0.11032616820273508
0,0.10215401983886051
1,0.6475835966972471
1,0.8964966940251426
1,0.8138962122025931
1,0.8779192000116898
0,0.04339754509618455
0,0.044380915860107666
0,0.5193377983000548
0,0.22855996191613268
1,0.8116481115205605
1,0.3352074008365521
0,0.03221901652977563
0,0.013623247225591136
0,0.015177062238563962
0,0.06582289901448214
0,0.18462281682460427
0,0.14904884952796815
0,0.05563760372340821
0,0.045965928051510625
0,0.020069589375342353
0,0.23885975773145285
0,0.23394887818654486
1,0.9116979898110428
0,0.017905954492884537
0,0.19288161656035532
1,0.899818795085742
1,0.9291159707888589
0,0.10846863709128438
0,0.13426149829780945
0,0.051663578445730864
0,0.0167673371252243
1,0.4704824646006046
1,0.9464745785907336
0,0.07169502014616992
1,0.7688612780162137
0,0.02466008721305738
1,0.6084681553016801
0,0.17555083507913874
0,0.22697365046547696
0,0.18876341464600283
0,0.14380243714202667
0,0.2282381581213659
0,0.338545534682019
0,0.34548359334294965
0,0.33114413305671814
0,0.2169531994486507
1,0.7359703974873271
1,0.4749977351978298
0,0.25652740804491425
1,0.4678452715120407
1,0.9200247551417392
1,0.7792788763276951
1,0.960116624186938
1,0.8037965293137702
0,0.03975967995228983
0,0.04158214426142893
0,0.1220077715631576
1,0.9310467555693281
1,0.9109859367412774
1,0.7760346471158177
1,0.4945842957422135
1,0.8844778367072179
0,0.21486238636245797
1,0.8833687638487168
1,0.977653833435168
1,0.9536385761241175
1,0.9426459342355945
1,0.6054698408712804
1,0.38839498308966075
1,0.9576641598913285
0,0.04292917764298562
0,0.1576690898653116
1,0.9390441671272858
0,0.16698201033554724
0,0.12427088207050252
0,0.1494080744179543
0,0.3616501354446771
0,0.13766473598479867
1,0.3735324477562726
0,0.032139811115723435
0,0.06237152963866185
0,0.22240278299541708
1,0.933295462771062
1,0.4896826412252808
0,0.09913506992621188
0,0.14112849947340197
0,0.1207773850067115
0,0.06349506342862245
0,0.06829007528778512
0,0.33215952770901136
1,0.8408995490525328
1,0.8656696074699791
0,0.23437908640944047
0,0.15219178676586667
1,0.6797396311736914
1,0.3167532924331165
0,0.23628566160215353
1,0.8972474313974719
1,0.9765469025238454
1,0.9773296789613131
1,0.9629892677785354
1,0.36118842371812493
1,0.978987889460238
0,0.14614798086246872
0,0.14015967988557268
0,0.16214660043120332
0,0.27667456555965875
0,0.17005365411566134
1,0.9504650923227058
1,0.7568746381460986
0,0.09989448622986576
0,0.12739179225364225
0,0.1244759560324043
0,0.05523790549916134
0,0.05796836612691313
0,0.03926210881670309
0,0.03486189871342863
0,0.11106504329439254
0,0.04627931651598737
0,0.04890501157488001
0,0.10077712976702521
0,0.09278984586696401
1,0.9972536458634258
1,0.9985612209979444
1,0.9977581105057044
1,0.9964409610088731
0,0.08023679751786938
1,0.8236858322682872
0,0.08962931108788345
1,0.7703648676927252
1,0.7735833140557682
1,0.9447402130578593
1,0.9508012424414477
1,0.9653003203663436
1,0.9788082994927414
0,0.3982741462322417
0,0.3134582199248227
0,0.10637006357053876
1,0.6570830506682761
0,0.08601100109279716
0,0.08442601120446598
1,0.8556038879707167
1,0.4855265700292714
0,0.141748329439767
1,0.7067667216429898
0,0.14872965908186445
0,0.15022487312300062
1,0.7453893039963966
0,0.3836310346525491
1,0.613866478006651
0,0.1647423147941932
0,0.28651096289736927
0,0.19933676351879548
0,0.21879953360070067
0,0.18223139475038672
1,0.6487456785830693
1,0.9350328659534205
0,0.0851006864968472
1,0.8956028597145486
1,0.9600529355418402
0,0.3642145505141125
1,0.9689932879826746
1,0.8177751953116587
1,0.816536305190893
1,0.9784346488764868
0,0.28135377023095254
0,0.40729546707877995
1,0.9075180129824776
0,0.10807564653933245
1,0.7963445245427512
1,0.24907016761479311
0,0.09226135451413316
0,0.04392285200671237
0,0.25666098817529603
0,0.2514950777022501
0,0.02616632805918836
0,0.29176287222995034
0,0.08212556843267296
0,0.11377046888441208
0,0.2534596461243942
1,0.9090472363734156
0,0.17286198413993
0,0.014297473747259436
0,0.03232606822324823
0,0.3349019869248066
1,0.8511468918895636
1,0.8793270660986149
1,0.9462237816431728
1,0.9610056379068784
1,0.9401443457958467
0,0.34186568571587606
1,0.6264061432721834
1,0.8137452995652438
0,0.53920256313645
1,0.7948002587882002
1,0.6407778772364608
0,0.13938787336647693
0,0.25033110432360267
1,0.9677084052274051
1,0.915322256617066
1,0.9049792930620274
1,0.9520903174044456
0,0.16192046239846508
0,0.09086208586728767
0,0.14263725762597826
0,0.3540354671950628
1,0.689352928971568
0,0.15348030829569798
0,0.1086320650786233
0,0.16151917801410395
0,0.18093020760143771
0,0.15450453807955136
0,0.3212040458747938
0,0.13008825747811234
0,0.11851230422660995
0,0.15077383881767115
1,0.9556956926243106
1,0.86440735266141
1,0.9386735779514419
0,0.2652118237001995
0,0.07844840358066542
0,0.1483770168029977
0,0.1651432151958183
0,0.36143045094280907
1,0.9735830054802298
1,0.4542846148013875
0,0.2310016441757613
0,0.4301165103300856
1,0.9465941933525704
1,0.9572331932447661
1,0.9481602658188851
0,0.3420174168978946
0,0.24765203283931111
1,0.7867169774455763
0,0.04612005785942345
1,0.9649215599195348
1,0.6914386552289002
0,0.05301287467018986
0,0.04733882007094937
1,0.9302353319690216
0,0.13006668675026567
1,0.9569542967154484
1,0.34503105949393803
0,0.10830582062871398
1,0.9804159100740467
0,0.08005839204062305
0,0.019627332962789432
0,0.03684000590170875
1,0.5857909139999992
0,0.14555895341924566
0,0.09015461761805214
0,0.13840503391998277
1,0.6383754119051214
1,0.9500628873761799
1,0.8557141557019707
1,0.4048685473337459
1,0.8150638240550704
1,0.8348439603871677
1,0.4383404791851873
1,0.9375514472596171
1,0.9539301887020382
1,0.7696782840043123
1,0.9753132958956465
0,0.0876677334587908
1,0.7971615441213559
0,0.2566293485057696
0,0.30627827511881517
0,0.07508423186731648
0,0.35085783948128263
1,0.9919143530618688
1,0.9553307886430883
0,0.041050190088503954
0,0.057012361141199994
1,0.9377228402334251
1,0.894045695100647
1,0.9624659020809152
0,0.057928176420242845
1,0.9478637843971632
0,0.12100472408615848
1,0.6577809397672136
0,0.07508633763404479
0,0.44623581916260113
0,0.07584120895116761
0,0.26952830901435704
0,0.07311095933356282
1,0.8546852999605666
0,0.35081620032471106
0,0.7237172909860561
0,0.5191027549763488
1,0.8547398844000197
1,0.8496584168190593
1,0.7768381231300173
1,0.8574328892379186
1,0.8657774251928638
1,0.8407155749514301
1,0.8048244277314938
1,0.8950569230134754
1,0.7980391129304493
1,0.8424356617555646
1,0.7723517528325595
1,0.9522819297228218
1,0.703898048769099
1,0.5289104501764283
1,0.7785528871668884
0,0.061643775539424045
1,0.5493757527740027
0,0.273167915596432
0,0.050952302482672754
0,0.14283968210319178
0,0.1150931876025419
0,0.2973292057539056
1,0.9654385066581463
1,0.8210253260304552
0,0.1315190326604197
1,0.8011522315062687
1,0.775569368053879
1,0.8789860522357897
0,0.5797114478501477
1,0.5822898961305355
1,0.5078216815516934
0,0.04014446396260992
1,0.8808154422046334
1,0.9433502968252769
0,0.17391425981887565
1,0.9691773444739573
0,0.21874699759393576
1,0.9706044006203497
1,0.7335133251478883
1,0.8955767175054867
0,0.0929316471899097
0,0.24903819006694738
1,0.5724680858836877
1,0.3828950820392379
0,0.033440560966459185
0,0.036705390792124516
0,0.04852460411239293
0,0.17613602117868837
0,0.2152311332048056
1,0.8968940070358854
1,0.6471278161164797
0,0.27014557542689827
0,0.08404524472117142
1,0.977040438545072
1,0.890643426306797
0,0.13391249448142184
1,0.7155537171556967
1,0.7617795054100588
1,0.8285600785364102
0,0.39583635363563224
0,0.3397743322025019
1,0.6467247244735539
1,0.8809859866498482
1,0.9916878511274901
1,0.8872424668328011
1,0.9650629992641578
1,0.9530996866002679
0,0.16523661159014494
1,0.8427032262783171
1,0.8253660961101346
1,0.7257474451696186
0,0.09514500295770861
1,0.6453112552211904
1,0.6379127954349274
0,0.16331470785771315
0,0.039490028434728035
1,0.5318139507751667
1,0.9853379934850036
1,0.937455495998344
1,0.937455495998344
0,0.008437379320367162
0,0.09110807796184943
0,0.04963966183285431
0,0.11417385319388912
1,0.9634553351336004
1,0.9589520165531996
1,0.9864908107181659
0,0.5678238678214177
0,0.349173373814296
0,0.5245407298605912
1,0.666738501982709
1,0.8548380389654261
0,0.5959642555776498
0,0.5098694070128263
1,0.9022886165627453
1,0.9105930749550384
1,0.6266378651106911
0,0.09775626100869554
0,0.2878064627074359
1,0.7669344766332333
0,0.14475840143954086
0,0.051317477833762316
0,0.27568084158509076
0,0.09515057935302608
0,0.09610572015888111
1,0.4773818094035654
1,0.7624523037103544
1,0.679227045486712
1,0.6933306947346718
0,0.28342458201491855
0,0.25700488507379676
0,0.22561992685493804
0,0.5651765006397582
0,0.19201723530090897
0,0.21932089155464396
0,0.3369246504538471
0,0.3022935288574917
1,0.9809550512502528
0,0.0428356871850704
0,0.1646132151010066
1,0.710696999343759
0,0.31194305825999574
0,0.2808718444613593
0,0.18781252920731412
1,0.5352003155088241
1,0.47067240599169574
0,0.315037598049714
0,0.21845372030473456
1,0.9558944123753342
1,0.6470701067155585
0,0.1367852931817867
0,0.21264872683421315
1,0.8567225685913687
0,0.05753465323751078
1,0.8115802378277643
0,0.035501378733338494
0,0.03826649494870853
0,0.012779053882496809
0,0.010220483906209178
1,0.9743643823712056
1,0.5632042643851242
1,0.3062378908682324
1,0.8609884606809408
0,0.28120552004172217
1,0.7062311211645327
1,0.828890099890855
0,0.2915632647606874
0,0.08712572560699663
1,0.7886411016713099
0,0.3068666602404898
1,0.8892741232741005
0,0.16046185071819777
0,0.23388645345171918
1,0.8661248687514421
0,0.11800569043126698
1,0.9904249325936479
1,0.9841293376490162
1,0.9768935150560984
1,0.9807327545547272
0,0.15247544158807236
1,0.9821358072386389
0,0.12413437572429578
0,0.21645367452531145
0,0.3721893242004346
1,0.6050935347049305
1,0.8175588051827544
0,0.18979379882971797
0,0.10559321319591462
1,0.9564974488436377
1,0.9725605383378172
1,0.9735015136817935
1,0.9201458144034822
1,0.9637856380219801
1,0.9784009378439491
1,0.5855050901925519
1,0.9390136871088032
0,0.5160011028063085
1,0.8550289016267091
0,0.06973597175591319
0,0.12542832608215046
1,0.793984162497662
1,0.8926976951631598
1,0.9889196440617741
0,0.1791821108884382
0,0.45185332907838577
1,0.7367406788315316
1,0.9695435247451422
1,0.9620595934836639
1,0.9381931626623788
1,0.9668763743142229
1,0.9451077280154485
1,0.9765873428913927
1,0.9628100344364146
1,0.8244618497052151
0,0.1439437388457428
0,0.16653300212614058
1,0.7435746188966154
1,0.6802041586372403
0,0.05125587891563281
0,0.17300638136361118
1,0.9836813501794528
1,0.8178620068375819
1,0.9290087102490953
1,0.9033249450307799
0,0.041944524423249606
1,0.8781147680177565
1,0.4279471148777422
0,0.05848682660066227
0,0.0930826343763451
0,0.06306942737762335
1,0.9732721971989068
1,0.9736734070616195
0,0.04641558110331685
0,0.16039479342267338
1,0.9345524925671376
1,0.8240522721484181
0,0.055767276494869046
1,0.8551966966857936
1,0.2664591745770382
0,0.06491486942547363
0,0.10916964658109968
1,0.5354697985402846
0,0.5311121973984103
1,0.6499319648273444
0,0.1541406417706987
0,0.12142478398470515
0,0.04056607680598956
0,0.23780739032999196
0,0.05094734885654847
1,0.3193316177961611
0,0.1875597555295494
0,0.06115433160779322
1,0.9091860892168332
0,0.03813817223421584
0,0.09773760822950155
1,0.7172639627183021
1,0.6801883896537635
1,0.5797769688271216
1,0.7218719988328265
1,0.8801174497734885
0,0.3117108694776655
1,0.901487846703015
1,0.9851737445573733
1,0.9811874544162562
1,0.9846518462881426
1,0.9822910218558338
0,0.3094632445257407
0,0.2682726171575789
0,0.2157788147719791
0,0.4213203490181746
1,0.6180314963655927
1,0.7846192060127521
0,0.5668885102648571
0,0.36147469415131955
0,0.234041447883274
1,0.950953609638217
1,0.9726786506350937
1,0.9740102909882065
0,0.0462974270762511
0,0.43717978149478304
0,0.1470642472782122
0,0.20892315461579136
0,0.09311839775788294
0,0.5235720479351916
1,0.9752457123150817
1,0.9753257248309848
1,0.9870268843298095
1,0.9672498289701078
1,0.9699840539232624
1,0.9747686749408517
1,0.98217095142895
1,0.9475350690375239
1,0.9313786447429225
1,0.7838975578474883
1,0.9312628190671853
1,0.9685794746328439
1,0.8577389285939677
0,0.1657866815465495
1,0.8199436980229863
0,0.07048898564267413
0,0.01147420466348984
0,0.11626602013529984
0,0.2180624963525154
0,0.03563264739049319
0,0.3084473491992132
0,0.3084473491992132
0,0.18808891240126482
1,0.48655352653176687
0,0.4531318003083424
0,0.12278386277367874
0,0.33773784663972656
0,0.21919974887040375
1,0.602521904071044
0,0.368252194237779
1,0.23820084376216738
1,0.777154251827569
1,0.4920610086235764
1,0.7378642797352554
1,0.35408640331529145
1,0.8986227500010926
1,0.7198401499855251
1,0.7545570802245204
1,0.6846108751461915
1,0.743448662984639
1,0.91609890179554
0,0.24416308561372171
0,0.2742418720751586
0,0.3870101282515427
0,0.1657021857514873
0,0.15345840987239362
0,0.14283412999706083
0,0.24994996574628564
0,0.3495133382063992
0,0.1301416057926205
0,0.15505202894852438
0,0.2582452015548933
0,0.27218726581490477
0,0.0993315500864194
0,0.5240103789133517
0,0.2872374120709877
0,0.42039222243093943
0,0.2705350523674532
0,0.3625731367715486
0,0.6120809725247086
0,0.4301991652215249
0,0.42039222243093943
0,0.5179490073684219
0,0.38851095802742747
1,0.5248430793754504
1,0.7676240366831604
1,0.9363313769396546
1,0.896648224136781
1,0.7167117089758631
0,0.38463978151160694
0,0.2045557441162555
0,0.032339629655882156
0,0.08689735198670381
1,0.8647934706577838
1,0.42347624229656716
1,0.3788972359265332
0,0.037432983437370844
0,0.05265452238020304
1,0.8100706186699342
1,0.7660312991514068
0,0.23554864345094872
0,0.049812401438409266
0,0.16449227338453287
0,0.05518697672739627
0,0.051813470469931525
0,0.051390968070383104
0,0.0651809720679651
0,0.07884925168935898
0,0.14607333295005018
0,0.060308872917184835
1,0.7659548327791759
0,0.05407345391919058
0,0.048063136334770155
0,0.1619788885330044
0,0.066857140891903
1,0.42564482405758014
0,0.24018864982841903
0,0.03271756332470441
0,0.1416055501131436
1,0.978722499903428
1,0.978722499903428
1,0.9820904449588498
1,0.9820904449588498
0,0.2217756163999798
1,0.5181076955504801
1,0.9503323270637521
0,0.3498630534137605
1,0.5566855235670405
1,0.7977056756052572
1,0.8840884499072461
1,0.7830065414144302
1,0.9117950674157129
1,0.7714760891925603
1,0.8367305650486067
1,0.8046658345777783
1,0.8726083607898393
1,0.9162313056704242
1,0.8525080533987843
1,0.8078665908078445
1,0.9143986149402359
1,0.904129757589793
0,0.6684298001068651
0,0.9175331202169223
0,0.5873923693443538
1,0.8712311522353516
1,0.45014190844853313
0,0.1788688983838401
0,0.09767087274085456
1,0.8657354369347892
1,0.2930214160105446
0,0.2747722877042527
0,0.08148636248839224
1,0.9388567508408332
0,0.11608254532502565
0,0.11916174129538148
1,0.9086166673517272
0,0.08525261477771674
0,0.05982376039977187
0,0.38569117367357275
1,0.9665160178095207
1,0.810893884775875
0,0.18007044757695223
0,0.059474227185407944
0,0.08669314410483991
1,0.9916804946796047
1,0.9935094573240472
1,0.9807597039824092
1,0.9929734310447268
1,0.9976747094593398
1,0.9921926226239549
1,0.9953755023914814
1,0.9952778970613874
1,0.9899107810456224
1,0.9975350193240708
1,0.9889760483288688
1,0.9929695316879652
1,0.9910078345358135
1,0.9932281278781313
1,0.9916463953504614
1,0.9868951725912856
1,0.9975228978894097
1,0.989985658714003
1,0.9920246985228564
1,0.992652904757536
1,0.9904788797529627
1,0.9875760462706675
1,0.9946946712247141
1,0.1644277530011945
0,0.06508122707041221
0,0.11615629220862987
0,0.05413062781292809
0,0.05084675409540504
0,0.07138339425860868
0,0.23180567265359217
0,0.12624348679486683
0,0.14778606171525197
0,0.16173602165061318
0,0.2139123545812787
0,0.1372890706895474
1,0.9351302783044031
1,0.8892362414093552
1,0.898440249388685
1,0.8372152764611714
0,0.42319451296486577
0,0.039328222447257234
0,0.011810130407288497
0,0.428090151058362
0,0.2170798596684914
0,0.29408607959842575
1,0.44278191681581286
0,0.3374699796829389
0,0.2632850856628003
1,0.9275956982601982
0,0.0955245571348732
1,0.7496730549619552
1,0.866561839230273
0,0.17851565269195646
0,0.02219165984048515
0,0.13341979244113122
0,0.14708068770155552
0,0.24733621965360636
0,0.09436364533274641
1,0.7656350585679137
0,0.05714297983692481
0,0.02374350149629958
0,0.03894601327961119
1,0.9954606298084924
1,0.9743834326784068
1,0.9728394640177099
1,0.9743834326784068
1,0.9819327467735774
1,0.9787300472326943
1,0.9630765285009361
1,0.9715134301889893
1,0.9851043267695937
1,0.9612789341418019
1,0.9626434992684373
1,0.9743834326784068
1,0.9299894948692632
0,0.10388704820064792
1,0.894938329104834
1,0.9695293606772125
1,0.9978906408632575
1,0.998816097210686
0,0.09645111385798857
1,0.49743982572191225
1,0.7315456936570648
0,0.16928180315208347
0,0.08571751956360026
0,0.09680109106825865
0,0.0765192677546857
0,0.11116031085621556
0,0.06128388899432446
0,0.08827433949747679
0,0.08295721564685551
0,0.16316231470499992
0,0.12748910180155054
1,0.4982227982764167
1,0.8582547503109105
1,0.7791055152837046
1,0.42737585524243915
1,0.49489339308714075
1,0.885194716694139
0,0.3437307579173932
1,0.7096355719022263
1,0.5918540002001438
0,0.2944952858833621
1,0.6616852297790499
0,0.21239412796100113
1,0.7184734255446794
0,0.20528907519502695
0,0.17660915477353611
0,0.045674793085557275
1,0.9377440752635346
1,0.9453663190005799
0,0.18440667992469859
1,0.9600763498619237
0,0.10743246140177268
0,0.03674793284459825
0,0.06450243913487218
0,0.12738483036620252
1,0.8523070540049608
1,0.986566192504154
0,0.2847046514268531
0,0.060386607603357574
0,0.15300210155637012
1,0.20752068387132017
0,0.03154488295818964
0,0.03765772261501612
0,0.09358806005729621
0,0.14596959885406666
0,0.08628963899840905
0,0.06626394129855159
0,0.2533688937213335
1,0.682655728215859
1,0.8310423148730675
1,0.6471556284082994
0,0.1492571667752262
0,0.6343202356370735
1,0.5867864566833252
1,0.9130200743548831
1,0.7750961923707512
1,0.6351300819202198
0,0.1563711415506823
0,0.1844199205657303
0,0.17683361021603652
1,0.9449640579750428
1,0.9639024703297676
1,0.8930254057287095
1,0.8504174930546313
1,0.978630200961151
1,0.931989161045034
1,0.9368982049774233
1,0.937770477942965
0,0.0812656063603943
1,0.9587188935488244
0,0.3148432279812783
1,0.9733602024461943
0,0.22628291683125207
0,0.09100810258550203
1,0.9269311500794758
0,0.04567728329428907
1,0.9518734044008194
0,0.12268818324967609
0,0.22943433315873418
0,0.2386469955124072
0,0.18072926286469587
1,0.8623809130081507
1,0.8556670708446609
0,0.19552095560886407
0,0.16396714141165342
0,0.02351155828211129
0,0.06528537068023398
0,0.4120433584186215
0,0.46918284032220187
0,0.3479922334910995
1,0.6243049590924366
0,0.1172039707071203
0,0.07800183512897974
1,0.8893202492689626
1,0.910753562346548
1,0.6392408384387982
1,0.6404304452228701
0,0.16946794439510388
0,0.09567420793219879
1,0.9143717322392608
0,0.22034549754785313
0,0.08171768620587644
0,0.11735399035385932
0,0.11412420362037361
1,0.4523886035028851
0,0.1789264362287575
0,0.4113828830225735
1,0.9799814285473023
1,0.4083589292175715
0,0.2235943589413917
0,0.06608103267247298
0,0.05283430389926564
1,0.528666199671852
1,0.9442290181949338
0,0.16435233190832627
0,0.19787518177548633
0,0.016698246739978113
0,0.028448098409829117
0,0.02238691654589436
0,0.2441610315959271
1,0.9254963958381486
0,0.6785387243234421
0,0.2297983871265275
1,0.6706375019661303
1,0.7731532046120593
1,0.8925824983545075
1,0.3595546305924101
1,0.9716134903772542
0,0.3918262340216889
1,0.5088041451249592
0,0.24500558505482983
0,0.034989981213437396
1,0.734936764437461
0,0.3514587955310314
0,0.11416136175960345
0,0.0676825943117345
1,0.9111955497384602
0,0.11829045371643847
1,0.867565302086482
0,0.07857687395027274
1,0.9475106593075182
1,0.9604031848546183
0,0.0718816188229904
0,0.04677559655631752
1,0.7064177985056519
1,0.9049915664761701
1,0.5843154697877871
1,0.6111447481358939
0,0.32408699960124016
0,0.16716673057540118
0,0.1456147923445112
0,0.2285652737851355
0,0.036020441199584176
0,0.16744580143775617
0,0.1421760690221686
1,0.7764609696269397
1,0.5487386327964938
1,0.8695216808390785
1,0.8867036850399078
1,0.9211172160312022
0,0.3719672317246212
1,0.40966154919919195
1,0.9564770109759285
0,0.1499993555637652
0,0.25520759522815645
0,0.4423435790567332
1,0.992677553885122
1,0.680749092106629
0,0.17302667887087447
0,0.14342726170735015
1,0.6674882624771528
0,0.1395820774296997
0,0.05502620165572692
0,0.21269892559123815
0,0.2427327239856644
1,0.7134482110716618
0,0.043686927633467085
1,0.889597355644485
1,0.9184171278246972
1,0.8833373609991668
1,0.5560226833842083
0,0.0789843749600232
1,0.7548026985050963
0,0.07641265347302587
0,0.20654966144095377
0,0.06864933008298486
0,0.2409271552960366
0,0.07966493504248243
0,0.15834073883509792
1,0.8858633443367855
0,0.0377634419928929
1,0.5620314448764935
0,0.12637799813847464
0,0.09145675724549444
0,0.07060911898783373
0,0.23857610990397035
1,0.31269686200166974
0,0.05157158133364246
0,0.030122200380811412
1,0.9172960580813924
1,0.6244297951900248
0,0.20819315026304233
1,0.8253100238271476
0,0.21609393904599988
0,0.04161970176328266
0,0.18409271681912415
1,0.9667137256284661
1,0.8261113488097086
0,0.0805063750593501
0,0.06356041712249746
1,0.9237120456560125
1,0.852617896592919
1,0.9258820432119511
0,0.2196056815257598
0,0.15863312289421916
1,0.8109885004128432
1,0.7470296859534357
0,0.02844382242173867
0,0.060090953939751626
0,0.034470795672463195
1,0.9991657249788993
0,0.019363761526553256
0,0.2465874112150189
0,0.3268913499562626
1,0.8227992918636465
0,0.17684330643918372
1,0.9020202969321461
0,0.07664579355028685
1,0.970691336221893
0,0.008906303680012875
1,0.5646970972555613
1,0.81471409060808
1,0.7473677425559896
1,0.8931048043807372
1,0.9189456472273259
1,0.7937314433270676
0,0.31658700376583643
1,0.6392425630472933
1,0.8539414746910932
0,0.5061625427744778
0,0.12318246541653073
0,0.034228706093938875
1,0.4456596262570588
1,0.7942971553524945
0,0.04168222879820833
0,0.048123842167464015
0,0.05530123773848294
0,0.30947563963485164
1,0.8825723230436832
1,0.8281663127272417
1,0.8635705743200485
1,0.9579838301648477
1,0.904941066472591
1,0.8139713770800314
0,0.10466480003774843
1,0.7915269109994574
0,0.05626344654229228
1,0.9610846142572478
0,0.10616664082708134
1,0.6742979642011254
1,0.9904410774774471
0,0.14562584737266532
1,0.8902711302440066
1,0.8437227043138219
1,0.8670036935105067
1,0.9209932803628478
0,0.055039285032820066
1,0.6724525735867739
1,0.916239017639051
0,0.48942655206663743
0,0.3097688901485005
0,0.2277842215669949
0,0.1262351313752912
1,0.418943694771011
0,0.3280770503450173
1,0.9765058965279744
1,0.9684439057135189
1,0.9798575178544837
0,0.2865839856893556
0,0.16292210400607574
0,0.07084982004534708
1,0.5256267122763162
0,0.29593095960652005
0,0.3195670880115065
0,0.19403131694935036
1,0.7486263893483994
1,0.9367636321258934
1,0.8978154898735038
1,0.9233685277749744
1,0.9040499115866557
1,0.9060451088902888
1,0.4293962829475391
1,0.9269786959024578
0,0.6297319075375291
1,0.6183972926771762
1,0.9302852061447974
1,0.9302852061447974
1,0.8409963106745528
1,0.9961631993695774
1,0.9972746726873417
0,0.13727163571987794
1,0.7347678621505667
1,0.7546696095047476
0,0.17593165409232825
1,0.6540276141992736
0,0.16983491802844092
0,0.10280492282062827
0,0.2581597994403505
1,0.958785467121026
1,0.9776422488816581
0,0.23696052179679503
0,0.16831131152120257
0,0.26544938435498266
0,0.03419675772862791
0,0.025789798692450374
0,0.04688828743338004
0,0.2351308235000665
1,0.91230397894861
0,0.07038868270829658
0,0.28663581125035176
1,0.759798350344912
1,0.8624204427579535
1,0.9110237119179757
1,0.6577483851666491
1,0.6878866070243845
0,0.35146110270622427
0,0.33563716306229235
0,0.013485319231258805
1,0.7193596890435013
1,0.7581711746836701
0,0.376112173966488
0,0.16110040931053524
1,0.9629280346456242
1,0.9151500119962733
0,0.28925118537798755
0,0.23932272218094702
1,0.5519612809535889
0,0.05555404360622683
0,0.29508565512913926
0,0.09968523239601607
0,0.11802794547002984
0,0.15449095450614442
1,0.7802979252178741
0,0.4830556416993257
0,0.543513137456341
0,0.4741891862300161
1,0.5694818052983597
0,0.2866286911764269
1,0.9464568890191727
1,0.932534720026899
0,0.33127035746270833
1,0.9376990133601377
1,0.735435276952329
0,0.144067618387013
0,0.14839898233496884
0,0.07701753984977774
0,0.26463152966719994
0,0.03596693907012458
0,0.1812712971102292
1,0.9706381579866284
1,0.9472546611351809
1,0.9497070288487593
1,0.9295204032598733
0,0.25160734169769344
1,0.6598820592585573
0,0.15151178667586312
1,0.7819770278694835
1,0.9025005536932538
1,0.9405701436039405
1,0.8466603209611636
1,0.7139460790304802
0,0.30471265193944863
1,0.673201158805405
0,0.19989632082125777
1,0.8125189325382886
1,0.6013289135642634
1,0.9650140625985102
1,0.8089483671863427
1,0.9334438655440292
1,0.9423137147287143
1,0.939390684505371
1,0.9409694947078019
1,0.9236296060793453
1,0.9001588129665092
1,0.925319106612434
1,0.7959668194581078
0,0.27880341593664665
1,0.4296176557211015
0,0.3031655050789976
0,0.17710654515677426
0,0.16660364608988387
1,0.5214877244271676
1,0.8623210469887015
1,0.9370348060703055
1,0.9290937986502211
1,0.7978882749248039
1,0.9855058056757967
1,0.9406336423867117
1,0.964149840393779
0,0.06455099107403078
0,0.05096612363925454
1,0.889440352373899
1,0.9181366081488529
1,0.8546639406599459
0,0.281018658931837
0,0.16535364422573218
1,0.8619819487748304
0,0.11014554916442547
1,0.9817523898044117
0,0.04864431556264094
0,0.08496992113641336
0,0.0877860321157281
1,0.9378418087652021
0,0.05470909567695803
1,0.8196287886707165
1,0.7352763950593525
0,0.4074298031111869
0,0.14265619974386012
1,0.8428812705673122
1,0.7607719181173691
1,0.7892092620408756
0,0.3811401642736149
0,0.11897808265542557
1,0.7801061548125046
1,0.6306502521684109
1,0.6665584464071693
1,0.8213135213346834
0,0.21115484716415828
0,0.46239095616366094
1,0.9018153331932154
0,0.24627052869975058
1,0.19370891650464706
0,0.03040036982406303
0,0.024987795038882227
0,0.01807924470608092
0,0.020469727442955526
0,0.012897997316933802
0,0.053950102138485515
0,0.01793910357066123
0,0.009913839851004578
0,0.026286137184660083
0,0.03489644701382302
0,0.009606614742878286
0,0.02603100292929138
0,0.006763330042217837
0,0.008615401431657376
0,0.08067306130217593
0,0.02374634630016587
0,0.012280385790316702
0,0.036363212234280955
0,0.006975573584447094
0,0.009815548169238759
0,0.017699550664260957
0,0.015576788142837491
0,0.013801302525475677
0,0.029750642771666728
0,0.024491270457892893
0,0.013635847819968898
0,0.007569847578150404
0,0.021452350687786014
0,0.006871935549220962
0,0.06205573997845705
0,0.0035697553912072155
0,0.01617187999204781
0,0.2661296224572915
0,0.021905734561219567
0,0.05633481329027126
0,0.23784731192356162
0,0.21119231487944318
1,0.8397262054354486
0,0.2770163957031005
1,0.9583409096023681
0,0.3246715391282986
1,0.827246206774284
1,0.715960608113357
1,0.6941358725186223
1,0.9136465906953739
1,0.8458290339081813
1,0.9507254704230708
1,0.8865218058783112
1,0.8306342504597164
1,0.8809533008309717
0,0.12463648910212363
1,0.6017858414953109
0,0.04393652482653734
0,0.091978964652446
1,0.6688521762168685
0,0.20322365285025346
0,0.17030289950284913
0,0.10793178718269501
0,0.07673482240844832
0,0.6003041500876254
0,0.14716960739356574
0,0.1298262267558429
1,0.6074091767242694
0,0.14411234053161534
0,0.3820747587197704
1,0.9877746964731966
0,0.07467766625505297
1,0.8815868275377599
1,0.9039011459755674
1,0.9191639774166772
1,0.8723798315368646
1,0.9133398187046907
1,0.8485620016819346
1,0.9726247263713758
1,0.9557574017135374
1,0.8517827107977695
1,0.9041395749549835
0,0.6263023363987329
0,0.26041337981399415
0,0.31720218896064745
0,0.2314153437414685
1,0.6999681922953896
0,0.13625482634617683
0,0.13858717744861293
1,0.8195624537551226
1,0.724882231198205
1,0.9773495246295963
0,0.04451653086515321
0,0.029910608929936168
1,0.8922243213424578
1,0.5941082390004953
0,0.1453103275140555
0,0.35378474202674726
1,0.9253240908502091
0,0.07017529220111415
1,0.7938071133353284
1,0.7623213247103477
1,0.9247772518897269
0,0.044507193779477185
1,0.9837559737927004
0,0.12473231191808848
1,0.7656719310895161
1,0.6849971116138431
1,0.7062291723438253
0,0.23694390905256998
1,0.5313192904659877
0,0.24093059133852252
0,0.11764171305555661
0,0.46959753386032377
1,0.5113842163157055
1,0.8468493014495218
1,0.9767632649982085
0,0.04238824952472458
0,0.036232223948262074
1,0.3575969420383347
1,0.3824057235628278
1,0.7786404364977318
1,0.4996542586831232
0,0.21141231664200616
1,0.8253560349369005
1,0.30784035845038066
1,0.5008392159882451
1,0.6799839695218348
0,0.048300933203544685
1,0.8304420337535076
1,0.7853163528782029
1,0.8474743819890477
1,0.7906039223414455
0,0.09791467543117315
0,0.10204016292534125
0,0.14087446613416446
0,0.1097834683768986
0,0.3561301686979751
1,0.920747955823683
0,0.16881806465204513
0,0.20567964110985312
0,0.09139056242089301
1,0.6348438210265684
0,0.06001841513981052
0,0.12497113089257103
1,0.9269651082168313
0,0.07851205850739124
0,0.07830197080523917
1,0.9497406348766394
1,0.967059999731582
1,0.933850040196639
1,0.8345203611363938
1,0.7724473702967395
1,0.7193233336205319
0,0.10847343235848046
0,0.20504026538775952
0,0.10162407279894078
0,0.13608904369497446
0,0.16525721635660223
0,0.19460709631990855
0,0.12117137171954274
0,0.10763576732748897
0,0.214693158964859
0,0.20010483189211528
0,0.1872666921324291
1,0.27259861275107533
0,0.022392339683948805
0,0.03290888098357392
0,0.0359410241568579
1,0.82420506075426
1,0.46163860493279246
1,0.8152909452261686
0,0.5601213431033061
0,0.09384592303045922
1,0.869200233681456
0,0.2777347217635625
0,0.13152714832063753
0,0.07522843655266012
0,0.09411806436635468
1,0.5291509624337576
0,0.09535556700514941
0,0.17062548912708236
0,0.05411225504533735
1,0.9188088634647494
0,0.08371535765072453
1,0.9289289509750336
1,0.7227195643673305
1,0.7195634405940844
1,0.6163229034766146
0,0.22398546543465989
0,0.19246159171526073
0,0.14452466296862723
0,0.0813769934908034
1,0.9701793108236747
1,0.9001938166746495
0,0.13717933167661964
0,0.3187610424996209
1,0.6916446132365661
0,0.18977568950410986
0,0.19700480759117095
1,0.5496653655503252
0,0.17366652973812727
0,0.08567404660303952
0,0.15055739652113562
0,0.14019330721927867
0,0.12749845225850498
1,0.9898098388682255
0,0.06419260131366053
0,0.06828542144582089
1,0.9013248858445704
0,0.26127194000733395
0,0.21386922390462654
1,0.1660441217855264
1,0.9811005105354712
1,0.9779265485520326
1,0.9885701179308337
0,0.4345504894643677
0,0.1531983658421473
0,0.019035079987915555
0,0.04225717667222398
0,0.11234426798288606
1,0.6072400257928218
0,0.19122855472281086
0,0.19736376620888268
0,0.19736376620888268
0,0.20291106831667952
1,0.7566059787597597
0,0.14407374514795313
1,0.9608658905687897
0,0.061310209062387426
1,0.9617036623877058
1,0.5679126065952248
1,0.4245968839955971
1,0.3777298983572279
1,0.7138685844251835
0,0.09630029668267688
0,0.0517176311394695
0,0.11091863021389983
0,0.10198035891388857
0,0.10265098685867464
0,0.08477755462437037
0,0.07500005820143338
0,0.06849765581284421
0,0.07272554077765865
0,0.10648409853792568
0,0.10113548566329392
0,0.057250816365222584
0,0.03977211265433452
1,0.34865438351218736
1,0.42681951049378536
1,0.3841468572410665
0,0.10177228339819701
1,0.975849466068793
0,0.18518096992006985
0,0.41158211358269675
0,0.2543625794973819
0,0.028649213516274877
0,0.2958800635518317
0,0.04838398284868164
1,0.7840108698113718
1,0.8787337409737376
0,0.20615634643305786
0,0.07594632226503716
0,0.07450486218938618
1,0.9144692290110467
1,0.6426378938887265
0,0.1338129861646075
1,0.5806051186591884
1,0.9565349151284392
0,0.5040352967253962
1,0.37007766021198274
0,0.13924558481877003
0,0.1241208760625951
1,0.7179014194942098
1,0.9082951453965559
1,0.9082951453965559
1,0.773784262914188
1,0.9773986493740001
1,0.9805833992252797
1,0.977571616149355
1,0.9870659959174142
1,0.9433185401350596
1,0.872733966642419
1,0.9512686238194629
0,0.01567009887150734
0,0.09151841728387612
0,0.032916746323869
0,0.22882344627901047
0,0.15312509722187692
0,0.09833648829906805
0,0.17729440073982602
0,0.17144670033527998
1,0.6867504917165511
0,0.18068947095634294
1,0.8703736685294704
0,0.04020891195417549
1,0.9758503569261907
1,0.9697149587174533
0,0.061223676880837956
0,0.4989124196254981
0,0.6194920459656785
0,0.5762020940375427
0,0.43593908485888083
0,0.4096625009972463
0,0.4278735162305046
1,0.8206126787636823
1,0.587784261829638
1,0.7476205474331555
1,0.7977419258288083
1,0.8396652787444947
1,0.6293765604417788
1,0.7629571781683908
1,0.8264531782755562
1,0.7250307340706066
1,0.8468737373969104
1,0.8391403423266045
1,0.8563960534804274
1,0.8907299499075212
1,0.9112026683386245
1,0.7806406959972407
0,0.15406656726029327
0,0.3219749823878305
0,0.2666927873254584
0,0.23451950473665653
0,0.03269671180444703
0,0.049765282025719886
1,0.9288017389906833
1,0.9552215599758243
0,0.25944035101783125
0,0.6512428543242846
1,0.39052930012851894
1,0.36054464170390443
1,0.7080006465034779
0,0.29877819313436155
0,0.2382566564534213
0,0.1953643289456849
1,0.9405069767842673
1,0.7657985923687954
0,0.08865379520735596
0,0.02736834487574729
0,0.09948014402036988
1,0.9714055803955083
0,0.29406124593501826
1,0.9729293165673891
0,0.35594548591933095
1,0.7145373528004305
1,0.9529503453713063
1,0.9273888562538799
1,0.9709726349022573
1,0.986347459214968
1,0.9890038240800997
1,0.9923462210940035
1,0.9926347558841907
1,0.9199481577602759
1,0.8507364639396983
1,0.8587427907906722
1,0.9048121285912213
1,0.9383127840879731
1,0.9091676342317713
0,0.3025382603121198
0,0.7438864591042817
1,0.6096883188194253
1,0.9697995643082604
1,0.43734521569298734
1,0.8810828440333409
0,0.07721446671491139
1,0.9795577555449997
0,0.054798094671654515
0,0.21127443303663518
1,0.9169396149846598
1,0.9025200011884488
1,0.9845197593940951
0,0.1686727910719291
0,0.08428723357772075
0,0.10016978178023
0,0.052668022608828025
1,0.9813771897328755
1,0.9828898345380976
1,0.9851148647416295
1,0.9872352166770796
0,0.08137928619839
0,0.06206762593810935
0,0.11940879590292743
0,0.010330375686338706
1,0.7483396102045531
1,0.8697816651451038
0,0.27962301181048665
1,0.9750307599602479
1,0.8343451846817106
1,0.974816444309251
0,0.18306772290589432
0,0.19228025512284616
1,0.6103061938631463
0,0.3425222602558808
1,0.678066401220734
0,0.050341427227299694
1,0.7182133551788423
0,0.3730194568465221
1,0.8719703082890236
1,0.7596760231624654
1,0.9078857711269015
0,0.031448976888232234
0,0.15323967134447172
1,0.863961888358166
0,0.2563571856578263
1,0.70867951497119
0,0.06176178543210726
0,0.13166934409825898
1,0.9777461096168243
1,0.9455027325804473
1,0.9296763322140886
0,0.1705764356008938
0,0.1682438343004908
1,0.8453650156187772
0,0.05092536215371408
0,0.20882747753988332
0,0.5899076264359828
0,0.0807186185962528
1,0.4332292551938391
0,0.14957035061923965
0,0.2564187715888243
0,0.09115397929505908
1,0.19973018839128348
0,0.10625943461907544
0,0.1405428201656555
0,0.13456267054577792
0,0.15790095569684873
0,0.11545284909521633
0,0.23833786092680903
0,0.09883393103224043
0,0.11715269111534453
1,0.46096412328571323
0,0.2496229216265554
1,0.7612065658562968
0,0.04058709258793123
0,0.1920576120179435
1,0.67671715585497
0,0.15663118531057937
1,0.677383754063283
1,0.5583948890071775
0,0.14340752818933916
0,0.21461383327277261
0,0.10593021918413012
0,0.24635986932729806
0,0.08767018527870074
1,0.8355148103956133
1,0.9953111114672684
0,0.029444235009566676
0,0.053937137375805064
1,0.6601999840196294
0,0.1892349716190981
1,0.9228491875346285
0,0.49287193633282256
0,0.5089152873107079
1,0.8180727476500798
1,0.7126351947476721
1,0.6318977536276632
0,0.03084490769043646
0,0.06649044255250477
0,0.027737918410160423
0,0.023934560057355923
0,0.03837608287593499
0,0.23719908608559903
0,0.07809489481392401
1,0.718867992962505
0,0.29162542815306597
0,0.27604882349381854
0,0.08097718983975453
1,0.7038693967998054
0,0.19006819711562456
0,0.10122387098422021
0,0.1419038722234134
0,0.15779375057263043
0,0.17830152591648699
1,0.8250315070450275
0,0.2865958881823887
0,0.30320009370170753
0,0.2578953812264508
1,0.797090745864887
0,0.07909450263081882
0,0.027665327209812483
1,0.9350596497824354
1,0.9650109239125335
0,0.08140874934837564
1,0.9438685836137892
1,0.5642806012057127
0,0.05304834052943543
0,0.021680194399459833
1,0.8239981291966668
1,0.9502016250023412
0,0.11620960784847477
1,0.5690369485033807
1,0.4412100466064563
0,0.08121812081027197
1,0.7862577403333149
0,0.21651612602797987
1,0.5379653871233425
1,0.5934127358481958
1,0.9221995237012146
1,0.93870936494455
1,0.992677553885122
1,0.992677553885122
1,0.992677553885122
1,0.992677553885122
1,0.992677553885122
1,0.992677553885122
1,0.36235800672445695
1,0.814257444025962
1,0.9921283779827643
0,0.3669818389335559
0,0.017942373497690067
0,0.024046885381192096
0,0.1227623496847391
0,0.28003392336043803
1,0.873502424882393
0,0.06322506479387843
0,0.3489183076539025
0,0.1944296268724948
1,0.8638227018708359
1,0.8431370489115607
1,0.8045740605540967
1,0.863858674906464
1,0.7612942841579742
1,0.74487790448366
1,0.9156684978043375
0,0.10493238526852167
1,0.9009906400276724
1,0.7138555449015038
1,0.43650911939178466
0,0.18067672911875604
1,0.9832258019987318
0,0.11625635727818523
1,0.8000399201569586
0,0.18323119868446924
1,0.7353849593624201
1,0.5950271112813815
0,0.19251769825658613
1,0.4900503730568916
1,0.6556640844696691
0,0.07517407309973742
1,0.6471466301707566
0,0.08981346283458667
0,0.042849591168328
1,0.7040068789908793
0,0.13080399258868103
1,0.9444771130492495
0,0.09823826545398309
0,0.4061658586532368
0,0.11605226948686088
1,0.4845366918820201
0,0.20320011198605173
0,0.1759598025779519
1,0.9052022818674593
1,0.8326446452828605
0,0.22246021921803497
1,0.9496763351376106
1,0.9936255887858924
0,0.13109707999227233
1,0.9445721195532865
0,0.2855556291027762
0,0.3396462953056653
0,0.46740303118949417
0,0.17177919519236318
1,0.686852753029889
1,0.9383171564855222
0,0.044299405544664265
0,0.07452330768258114
1,0.9736513876935141
0,0.15328028105972633
1,0.27143164226190214
1,0.6925257488922155
1,0.9178442055228775
1,0.721691332172414
0,0.6622218709350197
0,0.29471910476682095
0,0.13549410493990455
1,0.9124610347361066
1,0.8527146328765088
0,0.08012399456115374
0,0.12893785422488002
0,0.18671802680759564
0,0.09592547477521177
1,0.51535890828825
0,0.1619961802024866
0,0.10704439044346184
0,0.16324734363992432
1,0.9151670172386582
0,0.4916073165454363
1,0.9931733426003877
1,0.9982013046302941
1,0.9982013046302941
1,0.9982013046302941
1,0.9982013046302941
1,0.9982013046302941
0,0.3958613697655283
0,0.26924767315779863
0,0.5193801959204379
0,0.279978017752467
1,0.8346109781375983
1,0.9103195484634248
1,0.6336918783432274
1,0.5435759411834047
1,0.9308709560494606
1,0.9046838262402404
1,0.6885633664503915
0,0.6631558076083337
1,0.706368954709077
1,0.33469806714105677
0,0.15967404785253989
0,0.24833447649507193
1,0.47143866558709424
0,0.207146014398312
1,0.8359897872493817
0,0.2223028540599963
1,0.35577170897213556
0,0.21928482029914373
0,0.13487133834621817
0,0.31969655155559734
1,0.6086263784564141
1,0.8595658215066996
1,0.7726921392489697
1,0.9543001331138806
0,0.012901588913679303
1,0.9296835624030934
1,0.844539933745511
0,0.14365804410102131
0,0.05606452847030759
1,0.5999124789170536
1,0.9833573613312284
1,0.9918372002116872
1,0.9918372002116872
1,0.9918372002116872
0,0.1383463532502984
1,0.9648298115501026
1,0.9968198052449072
1,0.7691643038542169
1,0.7231403800004849
1,0.7953820590514573
0,0.18423671361667132
0,0.15142545786533232
0,0.25520935419207735
0,0.08791334700465847
0,0.5403883897846026
0,0.27492254932728805
0,0.23985742066803126
0,0.16208165041340183
0,0.050008213797283055
1,0.9407847738700973
0,0.05537487925003688
1,0.991049865159291
1,0.6586428513651633
1,0.6484102703192053
0,0.1645954614685263
1,0.79591009679479
1,0.6322242240995458
0,0.12722522888313698
1,0.8695573400763613
1,0.7147541914917633
0,0.18212911538078821
0,0.03892179226880885
0,0.28500706245294155
1,0.962241087284192
1,0.841818670506038
1,0.8090374016914074
1,0.7284680270804796
1,0.8082607873708282
1,0.973640679455303
1,0.9769322737071042
1,0.9153239680890373
1,0.9121832494757413
1,0.9259565888595525
1,0.8894218823494326
0,0.1355111982079527
0,0.2583263074449514
0,0.4219544971667273
0,0.2845180069095586
0,0.03945758467499733
0,0.04382536624653349
1,0.9393971165745193
1,0.8464643282942282
1,0.9222718235387977
1,0.9284781172821044
0,0.013706235250606469
0,0.008858837613512235
0,0.00866087607392769
1,0.8431871583504561
1,0.8289950544958284
0,0.34202448897908033
1,0.9783190057810386
0,0.16592991793140557
0,0.05406561821191873
0,0.2923557474856937
1,0.8894720165308759
1,0.8660798011067264
0,0.23094300483265437
0,0.1975800338960743
1,0.7319501716541834
1,0.8732923404800361
0,0.034096481422040845
1,0.35232845153499676
0,0.04589122946018289
0,0.2996614745939004
0,0.2585645149139755
1,0.5549157702900546
1,0.5744899730395403
1,0.9532683985954619
1,0.9827989006103988
1,0.9388301904072334
1,0.9713526584030386
1,0.9695296095218611
1,0.9291491106363017
1,0.9690599224712426
1,0.9590768342663109
1,0.9797910241350217
1,0.9627015029030316
1,0.971293427862587
1,0.9573326644160643
1,0.9581732969394401
0,0.18048378468404566
0,0.49994501129115704
1,0.7853088724590392
0,0.020066026241633134
0,0.01960402740428214
0,0.04158460640446885
0,0.038006548699612897
0,0.1351983549314318
0,0.32439728079859576
1,0.43384519443929753
0,0.2948456986181727
0,0.13878917378916258
0,0.04564785732177635
1,0.7344157736962558
1,0.8706879402122903
1,0.9368818496707085
1,0.8514579419752595
0,0.07608963419073451
0,0.49896723467541443
1,0.6364784136431201
1,0.8280176808407147
0,0.17821520347875228
1,0.2956072809348293
0,0.12221150010691983
0,0.13319805650781086
0,0.09795455573814146
0,0.18486199652210625
1,0.45826510593767006
0,0.17197944559484782
0,0.34735343481755326
0,0.2924623603096024
1,0.8492836575426351
0,0.22979103674895973
0,0.1397123693283034
1,0.8293303260045874
0,0.2533577273039795
0,0.3021211641249579
1,0.9965392907963021
1,0.8979929989622978
0,0.6954198112717398
1,0.3987483856984869
1,0.9746781624601445
0,0.032634691547929716
0,0.021274020173389203
0,0.24571648375022218
0,0.0065119336132277526
0,0.011958951255980637
0,0.022386553113231657
0,0.13223163334420374
0,0.11145596548865143
0,0.1539031129576517
0,0.07944764736811659
1,0.8496712247178805
0,0.33893627788993935
0,0.14610304533558452
0,0.10471297214728925
0,0.46071838106968865
1,0.3710022628688683
0,0.0693360918935907
0,0.32302002176222316
0,0.13440169624242565
1,0.3169451812728029
0,0.3614684974188224
0,0.323673624398905
1,0.8882050735365677
1,0.5376409312179031
0,0.17223979292131059
1,0.7681283393416795
1,0.7090176802762954
0,0.32076404079475757
0,0.07297135562898861
1,0.8974493670406156
1,0.7289744530530269
1,0.8338847602137456
0,0.12020659118359196
0,0.07116136168343404
0,0.11613221940866078
0,0.09457819836239674
1,0.7863610349396091
1,0.9142311138162282
0,0.03239189963754713
1,0.9648459269923017
1,0.961587693899818
0,0.1172576929160163
0,0.6601401750210079
1,0.7468548628196262
1,0.8642322269886465
1,0.8350366060407731
1,0.9576704211485964
1,0.5066507393090889
1,0.8042027013524433
0,0.08660576938412984
0,0.2830642797960189
0,0.10452585385214108
1,0.8753148460657809
1,0.6005526423520673
0,0.14929087759143544
1,0.8507018567481129
0,0.04710985053711314
0,0.13159668068728417
0,0.18004855328651545
0,0.11676648941427452
0,0.1855435278165281
0,0.03826714537165234
0,0.15805989053789482
1,0.8251359831428454
0,0.17280246029171756
0,0.32016087845196356
0,0.10516904945003075
1,0.937353294943168
1,0.9545318746075729
1,0.873267353313371
0,0.022388044351289976
0,0.020584978142087578
0,0.3492670302007124
0,0.030170348085833385
1,0.8655930003765925
0,0.18945151141222255
1,0.6574704722923546
1,0.6757223450003799
0,0.12148150500113435
0,0.030058820742089324
0,0.1296203231279539
1,0.9116670901384981
0,0.1414675111210331
1,0.7142489342604599
1,0.7207080835414794
1,0.8905177200646184
1,0.91228421851439
1,0.5019958942162439
0,0.02181717938320448
1,0.1650403233387392
0,0.08729774490832298
1,0.6953342825586459
1,0.948106694339422
1,0.950878878189703
1,0.6129889034214935
0,0.040509581811710285
1,0.5507104098414557
1,0.9456502213120881
1,0.9763946865131286
0,0.07822044875946382
1,0.9722592907239344
1,0.8388220982282025
1,0.9414143755798658
0,0.35619933903021456
0,0.027762173052578935
1,0.826049076428838
1,0.3858440799260134
1,0.8889908212322243
1,0.8349621653774408
0,0.061766209642930364
0,0.038216048333332454
0,0.20603581162406773
0,0.2536921727092585
0,0.10665674393736889
1,0.3741384561135515
0,0.10078282223563606
0,0.24815713420400243
0,0.33532014516630226
1,0.7957406765723113
0,0.10532685524736624
0,0.1260544517447595
0,0.07869292700983871
1,0.6500445859539262
0,0.030985387504857926
0,0.032893886606938566
0,0.03759137732320386
0,0.08251177765380721
1,0.9328632929971793
1,0.48757472755251485
1,0.8944944784877268
1,0.9958303106319961
1,0.9757290213932924
1,0.9824343179485231
1,0.9937923808805741
1,0.9757290213932924
1,0.9828473990439077
1,0.9828678237129672
1,0.9937923808805741
0,0.21131910888848285
0,0.08816233025145455
0,0.10818966168325442
1,0.5939092978939333
1,0.6295424846382988
1,0.8263791364615697
0,0.07446162744013425
1,0.6820365733956426
0,0.23123940897804096
1,0.8347347785258274
1,0.9189106061874965
1,0.46493748000978097
1,0.4955861351570176
1,0.8981524125901083
0,0.20639213605693385
1,0.8666114648419112
1,0.38822120273799593
1,0.8640247333297552
1,0.500795671746173
1,0.9821271440622275
0,0.10517542283820516
0,0.051255809144531095
1,0.9892373154238664
1,0.914873531677223
1,0.965407961676178
1,0.9736551974154187
1,0.7693640993384561
1,0.9526433085773245
1,0.9233091943194784
1,0.9191368224557928
1,0.9424785603547551
1,0.9118553276338087
1,0.9134308473636624
0,0.3771977575077806
0,0.07436674151114094
0,0.02717726147685756
0,0.0353166931554463
1,0.9918911530073612
1,0.9751203567038199
1,0.9864745393140621
0,0.1377141733164656
0,0.16689735066180553
1,0.3715795346677725
0,0.1549859031890255
0,0.14810589762874185
0,0.3207805982557903
0,0.17083307130032882
0,0.02629384082813399
0,0.20268657145936406
0,0.1462690048894115
0,0.47200273980683544
1,0.8970490324906196
1,0.9109291957929848
1,0.9957516753926651
0,0.2311695773295359
0,0.278253047614465
0,0.18029821033695803
0,0.41189896393308517
1,0.8980416046483392
1,0.6922876483758632
1,0.7284704960876208
1,0.8289442033128656
1,0.9748037990023277
1,0.9868568362442158
1,0.9868568362442158
0,0.17757912987978103
0,0.08612281423781774
1,0.8278747545046827
1,0.8956654060180694
1,0.46982041414623854
0,0.0795762504383701
1,0.17898990553732747
0,0.25478635412147754
0,0.13055115256924799
0,0.14120815592127123
0,0.4418372714856906
0,0.3278334199629814
1,0.9493803676272675
1,0.7420434775679828
0,0.27175055615335314
1,0.459705237665038
1,0.7460401309119278
0,0.16467653919706018
0,0.11541373854618531
0,0.17256486995329418
0,0.13974074928865457
0,0.0355224685678991
1,0.6686999007421989
1,0.4293063358881918
1,0.7712984163497177
0,0.02114900810711841
0,0.24761333034659277
1,0.7202715523366064
0,0.05265686544496414
1,0.9286342895341795
1,0.9286342895341795
0,0.4367359783802005
0,0.06228763659052488
1,0.9156782642005532
0,0.12706264677503168
1,0.8045799079040216
1,0.8045799079040216
1,0.7779203157076671
0,0.23617230711442475
0,0.5139270951579015
0,0.15083586263496773
0,0.2776330689954791
1,0.7953977712814982
1,0.744169256784795
0,0.26172894710907746
0,0.17944028227459935
0,0.164718372317254
0,0.06971914629860025
1,0.9568139491207461
0,0.12647306608797693
0,0.41771659881727546
0,0.09124799855488915
1,0.8258348941615762
1,0.5338248927833174
0,0.24253767924550682
0,0.049872886530875085
1,0.7834818426650899
1,0.8304180449683382
0,0.2804922356253784
1,0.984083757852111
0,0.28272136256241615
0,0.42063607870033287
0,0.10854061959148756
1,0.620399221880339
0,0.057126765195530636
0,0.0998694641128241
0,0.06593002124032783
0,0.11310953276177008
1,0.8968149413384906
1,0.8615589090635577
0,0.09312862259820287
1,0.8501613173301786
0,0.5711244550589988
1,0.829009723581434
1,0.5148348914903105
0,0.033880312482569196
0,0.015370211212351855
0,0.47895325333381966
1,0.9677375364438799
1,0.9930107298614239
1,0.9804945358151574
1,0.9881159136991865
1,0.9864249632626848
1,0.9947406441474428
1,0.9856519861054881
1,0.9855061880417556
1,0.99150454114489
1,0.9883920266743339
1,0.9884178641547906
1,0.9725524658385899
1,0.9867132057738504
1,0.9659140863198425
1,0.9849825189083973
1,0.9862483379660383
1,0.9705607733386862
1,0.9808866451377002
1,0.9912101012351668
0,0.01649042507759715
0,0.11477027169607543
1,0.33057621227675493
1,0.7681280884971187
0,0.11044324270800797
1,0.6852530533318056
0,0.18518654444298974
0,0.32931192365972173
0,0.2506864412328992
1,0.9396409767662025
1,0.9564609341271574
1,0.9662244730175974
1,0.9168932118128135
0,0.18972397520571438
1,0.8692925156019008
1,0.930727120597545
0,0.035715132475594255
1,0.97473102690214
1,0.786515838696902
1,0.8739434804607458
0,0.1918232151172001
0,0.1642494649387678
0,0.14143409339332577
1,0.7495124144507652
0,0.08693275977582056
0,0.015064036945159615
0,0.30054493186098835
1,0.9195634641108783
1,0.9434871803482592
1,0.9484919650235962
1,0.9282801330126301
0,0.4298097298691692
0,0.061816564173042314
1,0.6210781257407884
0,0.18964594486165134
0,0.021464046804215396
0,0.08515354047692697
1,0.909135027978288
1,0.6190126599384745
0,0.12263058375628384
0,0.24101555146386022
1,0.9732059444157932
1,0.6271835581514528
0,0.028036698931985696
0,0.015196832455791044
1,0.349543760707336
1,0.8329232894220417
0,0.057183994881588776
0,0.015220641042548565
0,0.04634096197867812
1,0.9082992956589149
0,0.2152898806882054
0,0.2327591624627371
0,0.09400555169869841
0,0.39769015078837633
1,0.8888914911460073
1,0.98329935158943
1,0.9470084670681379
1,0.9828751958805892
1,0.9851032750427425
0,0.17400784951914638
0,0.2544434016966011
0,0.2026321510913117
0,0.1582160617498865
1,0.7696571449566941
0,0.24235993460980654
1,0.5846124218993463
1,0.7085687801595543
1,0.658049317682451
1,0.9684398890187857
1,0.9793346002361257
1,0.9863585288621964
0,0.18107003569622973
0,0.20209574401361743
0,0.053555328630363636
0,0.11794273534864025
1,0.6806861164088691
0,0.1981484057595624
0,0.08669254787625133
1,0.9281440465032275
1,0.8984874694884559
1,0.7978771129764515
1,0.818694048888276
1,0.8800773661384749
1,0.9396576325661864
0,0.2377750540151233
1,0.7900651013686905
1,0.8996774176918106
1,0.867998626704851
1,0.303530727442389
0,0.20464714398229653
0,0.21638828840927363
0,0.24360909583354923
0,0.2729192404791341
0,0.06743609445574027
0,0.05326842596706667
0,0.5333536791087319
0,0.12985753725656993
0,0.2936277834359724
1,0.621438154829098
1,0.45262931391207173
0,0.20634605561287617
1,0.9497176917677422
1,0.851781417623858
1,0.22531502786105054
1,0.9361102246326974
1,0.8814556801019602
1,0.6233244439755291
1,0.8525710784418297
1,0.8154702071316798
0,0.3388847628106774
1,0.9551053977843046
0,0.15500694506742022
1,0.9060510518840811
1,0.5477246281996989
0,0.07411714745120267
0,0.13534015357137652
0,0.1446236930051591
0,0.14689655173766583
1,0.4822596687625221
0,0.10997115764099993
0,0.0921047513785955
1,0.9315709433933846
1,0.9407618008920892
1,0.9769775463868009
1,0.9418555794157036
1,0.4829908605233021
1,0.7748034464794127
1,0.5123128333028744
0,0.19327293139223384
0,0.23420328595678616
0,0.265940960337026
1,0.8258864162552635
1,0.8241832641850666
0,0.5216082764636061
0,0.1442457174071283
1,0.9054530743411665
1,0.9035420158749131
1,0.9020812981121624
1,0.9478581159128191
1,0.8313023087146597
0,0.07948327178535342
1,0.5329510629728078
0,0.4219324115356657
1,0.8666221363073368
1,0.7952887397225888
1,0.7631414855212825
1,0.9458972565138727
1,0.9261943975745781
1,0.8851605023785412
1,0.9030483075546839
1,0.7912909978689282
1,0.945032972903064
0,0.17647618748557564
0,0.07167150769225589
1,0.8614071798177363
1,0.968858622192289
0,0.4465426407887212
0,0.042160816743119216
0,0.03558455021535488
1,0.5951356701215398
1,0.8475687281873893
0,0.03582284897054115
0,0.06108421781445914
1,0.7622895972824825
1,0.6882901964501144
1,0.7838439214666875
1,0.3020150275468046
0,0.13174508970528845
1,0.6461524014806961
0,0.03873190896674498
1,0.9215991072389197
1,0.7764067191343667
0,0.028116308578079216
0,0.16861791886382455
0,0.03138756073915314
0,0.4560046140563008
0,0.12502048162659932
1,0.3727641824446874
1,0.4914192973572763
0,0.21476196737927336
0,0.340587780497815
0,0.1587198825691044
1,0.9673664832929915
0,0.23692408757886937
1,0.49891718527223905
1,0.6722510775174436
0,0.015989911931268596
0,0.022260764807495732
0,0.6902053508990774
0,0.22331680416420416
0,0.16273612424364686
0,0.12613503995789094
0,0.12154536200577717
0,0.1385224056925844
0,0.4815724026538336
0,0.11288492956034579
0,0.06528035184872352
0,0.1996202885788343
0,0.014048510419045118
1,0.5847250541304649
1,0.9236593283350104
1,0.8655256024997174
1,0.8624492538628927
0,0.38202967553765255
0,0.5558540083072062
0,0.12467732664198271
1,0.9710405469114908
1,0.5137560079747309
0,0.10517788090615
0,0.167588952626601
1,0.5702915459155196
0,0.19838281464578156
0,0.27126892197628577
0,0.1742119794591974
0,0.14439450284880595
0,0.3899860980547717
0,0.16702660224794957
0,0.029927987610184916
0,0.06164633526094749
0,0.0411526206300496
0,0.03895394110342002
0,0.059884929534853706
0,0.07342533150520222
1,0.8128763195559008
1,0.7225802436390707
1,0.7648661593197729
0,0.4042998801158476
1,0.9107570953289493
1,0.8677652282736577
0,0.8144871478343808
0,0.21289978636665757
0,0.12823108341833103
0,0.459357980608103
0,0.23726789025056333
0,0.4296339868744499
0,0.394818948724534
0,0.45531321707933786
1,0.9465230618520535
1,0.8891046600670713
1,0.9205354869438819
1,0.6801394970463421
1,0.9348200131377057
1,0.820728965948145
1,0.7079550156622596
1,0.912646670905096
1,0.875429979604352
1,0.8709048412875777
1,0.8205428835775285
1,0.8277360107193305
1,0.8736000290666949
1,0.8913586950640796
1,0.8392476220208791
1,0.6569847232041943
0,0.4744269195202762
0,0.2048515917465616
1,0.6242213412012618
0,0.04500762480115789
0,0.045533366239319535
1,0.7302028092561806
0,0.04737378012522362
0,0.09893324058962308
0,0.07930658780731437
0,0.13015172224786994
1,0.8568353985704257
0,0.11183796204157108
1,0.9866053029558076
1,0.9915538219370921
1,0.6052702769812808
1,0.9645278159588376
0,0.017681097830231945
1,0.9648016896823585
0,0.05270254229251698
1,0.8137230319004409
1,0.7558451452537581
0,0.059652952549166915
0,0.03993864790668426
0,0.03993864790668426
0,0.10018208053980873
1,0.9402966860417364
1,0.9402966860417364
0,0.10281517692253035
1,0.9794700320983929
0,0.1265481791117495
1,0.8638825879868011
0,0.1312299248342899
0,0.2151214718825665
0,0.16133473990685712
1,0.7932011817420445
0,0.13309012443966797
1,0.978031048205779
1,0.9184103074088386
0,0.18321479688860215
1,0.7258748945093659
1,0.8289166330957592
1,0.9188565398067837
1,0.904046233482656
0,0.0646945310723084
0,0.044223610010867685
0,0.04385227191654714
0,0.13698542545333553
1,0.9786045559725194
0,0.2880382207717821
1,0.799927094585576
1,0.7590359293355056
1,0.8908766741736517
1,0.9866744864458592
1,0.8854933594175229
1,0.9591058262130828
1,0.9455256641352363
1,0.9385921544495777
1,0.9332410657108202
1,0.9380596181036029
1,0.9504974430689235
1,0.8172845511526257
1,0.8789462669247285
1,0.9067888840803114
1,0.9014322817127853
1,0.9268946828144784
1,0.9373217486800847
1,0.9371370568013023
0,0.1427166227535288
0,0.0666344927231736
1,0.5163945987917304
0,0.20163543874251252
1,0.9180294617852706
0,0.10646139090878255
0,0.1087323180045689
0,0.147314876726599
1,0.9348501257978589
1,0.7896332576967255
1,0.91898475713202
1,0.8637253094188264
1,0.9614820678462022
1,0.9172136422684309
1,0.8633762006612118
1,0.9203407770617991
0,0.48713458052685493
0,0.23022203374081676
1,0.8830837561831999
0,0.14198771496209853
0,0.06353439091785201
0,0.04624471650171583
0,0.023924507169793826
0,0.05183253350133204
1,0.982821807415491
1,0.9576074779243446
1,0.9482838764061873
1,0.9583705391883329
1,0.9121665344497624
1,0.9164532082611176
1,0.8998645554306971
1,0.9408859369989149
1,0.9676014975255262
1,0.9821882840877851
1,0.9557298067375822
1,0.9561459752585427
0,0.5767297324131166
1,0.950365190657393
1,0.8641338718807529
0,0.18758018653666947
0,0.18307562151308157
0,0.19225433958011245
0,0.2319820133725939
0,0.6586275518713934
0,0.15688905796484934
0,0.21055596640615426
0,0.02449710671764074
0,0.15687630131302366
1,0.8899240452645089
0,0.07761682247874
0,0.33421786700030404
1,0.8708150369456161
0,0.25638259489046167
1,0.7997444344678348
1,0.6028549507390687
0,0.19697647427210768
1,0.5950834621573743
1,0.9439113446356389
0,0.10363892805014752
0,0.38270303849181125
0,0.8038867134460727
1,0.795964984073574
1,0.7094916590502909
1,0.8292305532631897
1,0.9290947967798936
1,0.6505549623576583
1,0.936210596676116
1,0.9247627510941288
0,0.12148648851867289
1,0.6902916812352337
0,0.15717981091002053
1,0.5657228946822089
0,0.42061623132629244
0,0.28575204727647735
0,0.27513892934385764
1,0.9134303283383532
0,0.07444065125592086
0,0.09017376780518797
0,0.0703299084719972
0,0.1448458763152513
0,0.02934856714353904
1,0.9926797409569954
1,0.9058557648565638
1,0.8746765674275528
0,0.18802325164792447
1,0.8651701701579061
0,0.16185745718165703
1,0.9438977964837095
1,0.8552492904937695
1,0.8852270004707786
1,0.9073902746618028
0,0.17207047253127639
0,0.4142763806110761
1,0.882652970564714
1,0.8235763140736416
0,0.05429706937987575
0,0.061309195174222765
1,0.6531878998066123
0,0.15108487844184953
0,0.23524974776944693
0,0.15117187339946989
1,0.8982678665069076
1,0.6894974249456688
0,0.28329965949101193
0,0.13273726452537093
0,0.028059587079212914
1,0.929629225570314
0,0.323743938553161
0,0.06036134641976394
0,0.027936269608007255
0,0.22448935067721
0,0.08271296460551715
1,0.800812693110577
0,0.177791751108188
1,0.9031220127788313
1,0.6155589993884877
1,0.7242473753219139
1,0.5571604680548178
1,0.9151162816228571
0,0.08923120393122982
0,0.25396856291794045
0,0.07055169425476088
0,0.2862527340267869
1,0.22527715284183697
0,0.32722378048788403
0,0.19097442438235385
0,0.12058925225678187
1,0.7883816803560695
0,0.0783686429612655
0,0.05214870251210364
0,0.04676602189415336
1,0.9358937129272402
1,0.8750208656037118
0,0.1621206710082387
0,0.054610412793387464
0,0.03589983857568555
0,0.06869492781218998
1,0.6209825169825826
1,0.6435144850662284
1,0.9780786995540772
1,0.9984808592122569
0,0.30952124665949166
0,0.2575401284258736
1,0.647334501077157
1,0.7476135146108618
1,0.820984421093258
0,0.028177903828080608
0,0.07138406929986306
1,0.9538975598850998
0,0.04196536517737763
0,0.7028926268058053
1,0.8159661282043739
1,0.6659464266000696
1,0.51568252282812
0,0.3154114432548091
0,0.032283679298078516
1,0.6876247756094903
1,0.4616512407324257
0,0.22547773915137523
0,0.18368593079246215
0,0.07967604189851929
1,0.7601535410523199
0,0.06439304472403709
0,0.07206340021999864
0,0.11484038872061363
0,0.3567786862479946
0,0.06627502437045726
0,0.1453142371764693
0,0.12763514147885938
0,0.14475014257253332
0,0.1525644769607641
0,0.04638271583630245
0,0.1881177260164584
0,0.06772250109716245
0,0.07389462578852966
1,0.9120903556721738
1,0.9768961687452221
1,0.8574221457113911
1,0.766961992643838
1,0.7448812705472941
0,0.3463194250571327
1,0.8786027389962171
0,0.15051221068418807
0,0.19617389828274415
1,0.3166422825273736
0,0.09014942055820716
0,0.26373909604072976
1,0.7611672953185985
0,0.1858706383105828
1,0.8917512766060692
1,0.54209461301381
1,0.7167147415140703
0,0.041907285334936185
1,0.973897994736784
1,0.9683800244264363
0,0.39151005925469307
0,0.29015249728231596
0,0.06100077841021138
1,0.9842277941861488
1,0.7210057314611893
1,0.6167270838269918
0,0.543566647915529
0,0.6716467289664885
0,0.36722878069320364
0,0.47868501315094236
0,0.46181990214331875
0,0.3433566604104184
1,0.8783159257560589
1,0.8913445599820989
1,0.9117631060854783
1,0.9203999005197284
1,0.9346461640665342
1,0.9203999005197284
1,0.9203999005197284
1,0.8926869347030695
1,0.835931739303778
1,0.8588539588903552
1,0.9402786159778893
1,0.9419726482582191
1,0.8829121549306534
1,0.9323729884715353
1,0.9284651500255205
1,0.954853581987022
1,0.9559487406521523
0,0.19431620217330534
0,0.4312080494403893
0,0.15023977292998483
1,0.48769997125603537
0,0.5967980228951418
1,0.9743294184470275
1,0.9743294184470275
1,0.9745785486365853
1,0.9745785486365853
1,0.9506231260371063
1,0.9506231260371063
0,0.024703178163857815
0,0.12046992230092143
0,0.6433210959031649
0,0.2506531600749253
0,0.2575286978823798
0,0.2461164310252903
0,0.2443209009347284
0,0.5355872605233835
0,0.3242981199929072
1,0.8010606369332038
1,0.404210046250843
1,0.6720646427273642
1,0.8339123849293365
1,0.6947169812577928
1,0.7226518165947774
1,0.7573383659336346
0,0.09905014515007857
0,0.1944143734814179
0,0.13188088610322762
1,0.9512693749464203
0,0.06559612027943146
0,0.025514491465518555
0,0.1073849085408061
0,0.031401054185418824
1,0.8754664177739352
1,0.8657327315647328
0,0.03349305415739552
1,0.8542220254925106
0,0.12037259059003098
0,0.17326896681976578
0,0.43146275885268204
0,0.25580722479786216
1,0.8613166708156469
0,0.035528778648234574
0,0.13451152188373233
1,0.9082546071324628
1,0.8694088699863973
1,0.6405599554566314
0,0.0831331234036092
0,0.028909366004468393
0,0.1379826060418578
1,0.9479488733418775
0,0.04198819708618256
0,0.2381848391479948
0,0.12411146044176287
0,0.038561012682153895
1,0.7969764651870624
1,0.7279897874794534
0,0.2361379132088429
0,0.22024691154603557
0,0.20319574676539076
0,0.08789493478326797
0,0.23468160245754074
0,0.34189884848352686
0,0.1784995946289794
1,0.6307686188863869
1,0.7503651942292869
0,0.19723116795833406
1,0.8102158199696575
1,0.8610754052689108
1,0.8126842448006195
1,0.8558593172074048
0,0.26299627718747165
0,0.3029578849419101
1,0.9751404180810082
0,0.11317979034126083
1,0.9137595989574522
0,0.07258462311585892
1,0.9190525091652457
0,0.05259700373585984
0,0.13388985287579203
0,0.33082922232319734
0,0.11880495415820651
0,0.03593542532749093
0,0.034361035463195466
1,0.6674996744687985
0,0.4740176147003582
1,0.5778932945484836
1,0.927974261191649
1,0.946701363645777
1,0.8305560738868936
1,0.9520989139229139
1,0.9694850001902133
1,0.9657548251706454
1,0.6488901423185395
1,0.9872221538161762
0,0.038833921489842424
1,0.9304715687762297
0,0.2538323954685571
0,0.08638060844460649
0,0.2885677306084096
0,0.13816514390219223
0,0.09262775298790053
1,0.9344612765441155
1,0.8856692905371184
1,0.8856692905371184
1,0.9561006053618589
0,0.10259697011912491
0,0.0547639808048239
0,0.036459914366715564
1,0.9756350894609647
1,0.9756350894609647
1,0.9756350894609647
1,0.90986423923379
0,0.23798986073507006
0,0.11533623323072456
0,0.11065905610382797
1,0.9581408201439588
0,0.1719337134340627
0,0.07686013982789783
0,0.28383128652425244
0,0.11778946343041731
0,0.22427391006663963
1,0.9464360123208028
1,0.9642221728154379
1,0.9478365421536724
1,0.8108994061989752
0,0.03587975309334523
1,0.731108724295874
0,0.18303851655048314
1,0.4628360609958299
0,0.0815496055277311
0,0.028499976073861406
0,0.04675473277215041
0,0.013746159625986212
0,0.636036409319211
0,0.038890476671315524
0,0.19367587063849456
0,0.11388726627271607
1,0.5640759874818033
0,0.1731226600047337
0,0.061599220116220876
0,0.037835384152554226
1,0.5155794233659085
1,0.2730185135972319
0,0.11087658631889023
0,0.0470251521332628
0,0.02322606243979221
1,0.9707117141519613
1,0.8559970807258078
0,0.11542947576427028
1,0.8244138448700098
1,0.8593505597012615
1,0.5088189801418004
1,0.9045477182266026
1,0.7905960114515798
1,0.9443565047143088
1,0.6517516617781188
1,0.7066568382977588
1,0.9701668561444099
1,0.9846677268378269
1,0.9752298406342484
1,0.9868776845717645
1,0.9771098327214442
1,0.9880075219648036
1,0.9866523739818466
1,0.9862467833332741
1,0.9899434905090098
1,0.8197017625744517
0,0.03827082597803128
0,0.06983586316251796
0,0.09021755708592114
0,0.07786858698479938
1,0.819958083354508
1,0.9013870495434206
1,0.8717073070603808
1,0.8971803571086981
0,0.21471677362029923
1,0.5265626966443537
0,0.16004537993829548
0,0.13881251922117172
0,0.2744357171297874
1,0.8796111549564989
0,0.04386964046717072
1,0.9594784797885225
0,0.07480367873410859
1,0.7856507729975348
0,0.2463409842729017
1,0.9587554449895713
1,0.912629448429652
0,0.6499928626973033
0,0.1750196997731556
0,0.11371669826983871
1,0.9166566311460778
0,0.32625007770033476
0,0.06632916534951985
0,0.06668899303367574
0,0.046881776515492045
1,0.796560219191514
1,0.7322563144817994
1,0.7570904183039268
1,0.9124238740232478
1,0.9040454956749578
1,0.8847215605241243
1,0.8989103545023203
1,0.923626854137954
0,0.15585300458127443
0,0.11815016451548713
0,0.1291098237685348
0,0.4581050351254411
0,0.38201310346553086
1,0.8513278051963462
0,0.17780012638246515
0,0.042634710232389315
1,0.49271132882245067
0,0.321769570069759
1,0.9594141887177918
1,0.9245111224524797
1,0.9517204894850967
1,0.9844647185071654
1,0.9145124957103541
1,0.969513964868527
1,0.9566626083445682
1,0.9467088584104951
1,0.9574728989948059
1,0.9769340202829314
1,0.9814180796320338
1,0.9793287835801734
1,0.7346029573533768
1,0.7150468428888841
1,0.5237430493315803
0,0.41881411125154056
0,0.2869326035413365
0,0.2682241849123778
0,0.30033795807835517
0,0.10680771399329646
0,0.10596110578267703
1,0.9338524726044931
1,0.8616975268077715
0,0.26690064682633846
1,0.9066156035832788
0,0.15560547012016587
0,0.03457155505592802
1,0.8203013006236256
0,0.22919304450708386
1,0.9475133519766551
1,0.9445509748403494
1,0.9573771142607227
1,0.8728799916608068
1,0.905212529944679
0,0.04257054769550628
0,0.08558298788212011
1,0.8294551237705472
1,0.36353071810821247
0,0.22019505219349944
1,0.9341111571218239
0,0.06265792325203474
0,0.14423923993994325
0,0.3435201903544523
0,0.2853165426715513
0,0.1853597039690727
0,0.24135567072897085
1,0.5137666718037227
0,0.053586920073476804
0,0.05248831639387038
1,0.7038525278389254
1,0.8471408860244639
0,0.12092749669522045
0,0.538601796799804
0,0.34202850262654544
1,0.7587764114621817
0,0.2746501717930844
1,0.6190948063038538
0,0.18759934008972493
0,0.3310299344715443
1,0.9126055780790221
1,0.8806389456361291
1,0.9364883683411129
0,0.13713231931991063
1,0.9528515970718358
1,0.9766242121895671
1,0.925950363045435
1,0.9810160730661429
1,0.985081546766442
1,0.9819732187565824
1,0.9966167896674243
1,0.9771675091058959
1,0.9915484759734051
1,0.9776762159089765
1,0.985081546766442
1,0.9738335340566657
1,0.9628217804882213
1,0.985081546766442
1,0.9797607233585053
1,0.9775347122929258
1,0.9663900600423452
1,0.9776098321447146
1,0.975732781314821
1,0.9736882179232639
1,0.9892366237292723
1,0.985672301370611
1,0.9921552263754987
1,0.9740528213793568
1,0.9774983821150216
1,0.9620864677113362
1,0.9575871377737017
1,0.857468644534762
0,0.01976165054027896
0,0.03825115556902799
1,0.9793633139391831
1,0.9582712394693785
1,0.7123544451567578
1,0.878399937105788
0,0.34102334916725585
1,0.8403278969095471
0,0.020210097745636733
0,0.019841765959714836
0,0.024867422263761225
1,0.5292286849140605
1,0.6231157607624497
1,0.8704220905965739
1,0.7722786163110041
1,0.9269838156139864
1,0.7607336219554864
1,0.5383463182080621
0,0.3111346109420109
1,0.7660352115500643
1,0.6195155623595757
1,0.669330539862556
1,0.6524951256787612
1,0.6268013514155711
1,0.6899923632786208
1,0.8428403926054296
1,0.823659417163173
1,0.32155719163826146
1,0.6840609450366065
0,0.17971555020626245
1,0.8401607935856636
0,0.062091148668838025
1,0.3545724525912796
0,0.17276512617616713
1,0.8941449389778171
1,0.5373870448348655
1,0.9652918609467976
1,0.8291595200780957
0,0.1850111157508881
0,0.2634464013509309
1,0.3677418673172002
0,0.18233725403541162
0,0.25450026403364906
1,0.9353691426918412
1,0.922893446424085
1,0.701666500912406
0,0.10274294763939229
1,0.9549723760404569
0,0.06754046743414036
1,0.6014857513578451
0,0.023298954159108237
0,0.04985742961418724
0,0.057855143521819016
1,0.355146695189059
1,0.5532850877446477
1,0.8556736099019618
0,0.414195807692109
0,0.5828077601132161
0,0.3989981622839608
0,0.29083161884109004
0,0.16122152559286143
0,0.010538492418045732
0,0.15001013795361798
1,0.3877759866911791
1,0.9271986892806788
1,0.5826160762079653
0,0.1064422254658614
0,0.12821039458291947
0,0.6161386975268756
1,0.8638556627695301
0,0.33594308981805276
1,0.9408008939430244
0,0.04847053409960821
0,0.24661104112676166
1,0.9399244715539051
0,0.011753447959875287
1,0.831997214224429
0,0.09285818721622827
0,0.03973571406164585
1,0.7836400017818649
1,0.8709652887939257
0,0.12492785887223537
0,0.07963058116804982
0,0.1553023592499691
1,0.8900427023954931
1,0.5192527136020869
1,0.6478298810900204
1,0.8644879929521807
0,0.25387298507016953
0,0.11967272201467195
1,0.6614295626132796
0,0.21582303101633493
0,0.0742533816077336
1,0.944416819284734
1,0.8687970051977125
1,0.8297747519074496
1,0.9337156234459562
1,0.9337156234459562
1,0.982912677552169
1,0.9127382311353952
1,0.9317144869086614
1,0.9784530462661177
0,0.18209400773550477
0,0.21000747719214752
1,0.9663235581350923
0,0.2512626184605707
0,0.10273620929043088
0,0.27622565749812794
0,0.1402588496472576
1,0.3561808169964203
0,0.28165959365585225
1,0.8071207392764135
1,0.710405747569581
1,0.5907823048959342
0,0.4625277000338034
0,0.041130913421382656
1,0.9122468259446564
1,0.9490863369917615
0,0.10572317317813167
0,0.34859912251880304
0,0.581509259165084
0,0.025159001600058302
0,0.12260032779018291
1,0.6744972061365603
1,0.8232385569757861
1,0.7505826373806147
1,0.9719422893277186
1,0.9776192251402358
1,0.9833088186941374
1,0.983021302392857
1,0.9771201008027185
0,0.030984160847776856
0,0.06817711426205963
0,0.23821952212466524
0,0.14700200422354748
1,0.9503292463745131
1,0.96673598307539
1,0.9816381853983732
1,0.9764319567500751
1,0.9259400753596843
0,0.13822290441478038
0,0.15619992381708198
1,0.931304442361543
1,0.8178717551902056
1,0.44345614273471684
1,0.7436300049363137
0,0.05111557836103733
1,0.8733896180944181
1,0.5694262700879305
1,0.6499661286710717
1,0.8751161535632566
1,0.567461250231293
0,0.07237538594465075
0,0.07426191352490909
0,0.27178221786746504
1,0.7724551781203837
1,0.9662710784364218
0,0.17243322385770968
1,0.6675823783969779
0,0.04808637094011203
1,0.9723904136604611
1,0.6392214325786707
1,0.3655463611108879
1,0.8762088117187314
1,0.9750426943605256
0,0.08560383831062802
0,0.16858398384678605
0,0.25105166432438036
0,0.3498143926946355
0,0.4995493359307724
1,0.6886993643809822
0,0.05257488702794812
0,0.09537865574551571
1,0.7264835599831589
0,0.1348900585353496
1,0.8719049793626842
1,0.9097583694322947
1,0.8651920012524683
1,0.9054891538352005
0,0.022142143953577453
0,0.020955766800745512
0,0.14485074010348262
1,0.37625107527866253
0,0.21252748649640862
0,0.04283670376943312
1,0.9762769354019626
1,0.9241066229109312
0,0.41575433751151253
1,0.8474207295564373
1,0.8298016725161084
1,0.6553834379517176
0,0.37776526022568035
0,0.31910149871156623
1,0.9761339216787851
1,0.9487506269716129
1,0.9635042044016829
1,0.9302153711419419
1,0.9421675131759006
1,0.9771321990979231
1,0.9892698215628327
1,0.9813766301528747
1,0.9841805527014897
1,0.9674531543599871
1,0.9698149778574816
1,0.9723253665822669
1,0.9645407095548243
1,0.9646438526563368
1,0.941002779868519
1,0.9812827032927033
1,0.9754066737731902
1,0.9555909820707111
1,0.9690549504201259
1,0.9700800936875145
1,0.9872216445303822
1,0.9180183890648209
1,0.9457813457515228
0,0.5925843192789514
1,0.7190947428433327
0,0.10271382841629326
1,0.9498810721811193
1,0.8762765528635457
1,0.4651751527641985
0,0.34180798313035116
1,0.901482355616328
1,0.7044083464928729
1,0.7124085879879827
0,0.09243798402422923
1,0.9087353117967287
1,0.9582385241025916
1,0.9735518341936638
1,0.981271183988149
0,0.18803279757795063
0,0.28926529524649375
0,0.15032801103387622
0,0.07849555520530568
0,0.3209465613883618
1,0.7501516682816387
1,0.2663982245511915
0,0.11907687990806824
0,0.045333137504011925
1,0.6509488131156427
1,0.7541614892457202
0,0.14663548254011766
0,0.38565738862708493
0,0.2700527896420139
0,0.30889662560437947
0,0.12538106908622387
1,0.9575956413300224
1,0.78669426873803
1,0.9785619123147897
1,0.9551768180759773
0,0.21320879265859835
0,0.11357889859437795
0,0.17398283452214955
0,0.10988187813903838
0,0.06452814624817074
1,0.9394138614456383
1,0.9983915281865493
0,0.06784452816740034
1,0.8456590732295387
0,0.3176410199853361
1,0.905569171579988
0,0.348810510373916
1,0.6276201197164922
0,0.04867151869071056
0,0.05985567130569074
0,0.2262164934407233
0,0.2590871542481866
1,0.8498900864263009
1,0.8487909791335644
1,0.8345032766411822
0,0.12981215855070524
1,0.71286151468949
1,0.6039520125084323
0,0.18458037824827878
0,0.2245720479989242
0,0.18017692759685253
0,0.07760718291265489
1,0.9788676731100345
0,0.26477587863003965
1,0.8254632060663859
1,0.7910406332822056
0,0.0954745974649649
0,0.16629954189902107
0,0.7667597342624416
1,0.4150471963139184
0,0.19479404073554307
0,0.327582955194688
0,0.27135462611556566
0,0.22701568096053792
0,0.33676875250311084
1,0.8440558032454959
1,0.9373144487327127
1,0.8869389815841585
1,0.8078657282062155
1,0.6710653049028419
1,0.8221405511144017
1,0.8209235211448647
0,0.12529896258970805
0,0.16533064317741505
1,0.6950072421170135
1,0.9795273692758819
1,0.9725477907116702
1,0.9863740293694123
1,0.9751922653466051
1,0.9852238158050522
1,0.9743191760645935
1,0.9703695068220245
1,0.9405081033011818
1,0.9779735622823414
1,0.98340848200775
0,0.29529507535571775
1,0.5667216952896981
1,0.42606914861371376
1,0.7995339908017813
1,0.5638861481874674
0,0.15530877097836082
0,0.11298318947332928
0,0.3742381101153008
1,0.6274919627561109
1,0.9224238494561467
1,0.5223713162764906
1,0.6536211080009308
0,0.23491421298902945
1,0.326979159165605
1,0.8470344706162954
0,0.45684191143207803
1,0.9457416569724558
1,0.721664532334493
1,0.5658891178433418
1,0.9529805221469756
0,0.21124005755240613
1,0.4092513574064726
0,0.14745166524560385
0,0.17900220327963262
0,0.26111419227342053
0,0.2867602538091449
0,0.17354702607673717
1,0.8751106044114608
1,0.8929570013650036
0,0.1420056305565566
0,0.21473896419788693
0,0.060555607757927225
1,0.5811235172012645
0,0.09714454654179551
0,0.3956038242632559
0,0.042761988445105654
0,0.20566959011898858
1,0.8749686343807616
1,0.5634036983755484
0,0.1032908018331938
1,0.5995774395418565
1,0.34114195049339
0,0.13358557572947855
1,0.8348217854040831
1,0.8968999880522963
1,0.26579334131367516
1,0.519169580417529
1,0.9070992658378073
1,0.9031719547967091
0,0.04284115207120586
1,0.8760782233629985
1,0.7935540830702811
1,0.9608378028934329
1,0.8905781473307749
1,0.9635953802326972
0,0.12037930104174457
0,0.18601981070262957
0,0.1528745719294589
0,0.01172138290297929
0,0.009765641828109019
0,0.28319319132712006
1,0.8347281802024511
1,0.48489611688035894
1,0.4958343996683715
1,0.46556457879763746
1,0.6604775328060755
0,0.10184586387474845
0,0.2752999645573714
0,0.16321620249813973
1,0.40011977122461234
1,0.7164489121171447
0,0.045939785548724285
0,0.41217084326983516
1,0.5761389532201177
0,0.4924756308254715
1,0.683788320386544
1,0.9876260062709387
0,0.22381519758099583
0,0.1495964738867603
0,0.03968060874814349
1,0.9497772687422648
0,0.07005918821953057
1,0.9872785196675682
1,0.6276830847868407
0,0.16325615286246134
0,0.14237930638934285
1,0.6779859019552039
0,0.5532857146600426
1,0.9105002141832269
0,0.1624179206093509
1,0.953013237131676
0,0.3180782168289443
1,0.7589546357256554
1,0.5950022384093547
0,0.43535341425437996
1,0.9604468388458642
1,0.8857075458998296
1,0.8651607220907187
1,0.9016413571354073
1,0.9121094530891238
0,0.13945459850958133
0,0.217540544581614
0,0.2631747236394597
1,0.8889800921376375
1,0.9892719927257164
1,0.9844049392983084
1,0.9892719927257164
1,0.7420872464626815
1,0.6714255875033526
1,0.15335334632472108
0,0.24718268545145922
1,0.9734583180563746
1,0.9439067587594465
0,0.08638304201826152
1,0.6889296428022629
1,0.8770985354451626
1,0.9224210303640149
1,0.8485447920465335
1,0.9795223791051826
1,0.8908663432489342
1,0.934121732573883
1,0.9714915790661661
0,0.04262588481983089
1,0.8858964937469849
1,0.37850534447729123
1,0.8314892367987036
0,0.1322661346298514
0,0.17408929293946931
0,0.03545874097193323
1,0.9735289262876209
0,0.1242270244383717
1,0.9004025079302167
1,0.9239856507014527
1,0.9120320987009561
1,0.8247272690983042
0,0.056380264419763106
0,0.07132705849762917
1,0.4587627425428833
0,0.06692286247979824
0,0.3833616352942123
1,0.9147472346610124
1,0.9147472346610124
1,0.9147472346610124
0,0.11536575199968828
1,0.9682310167544181
0,0.17809560748336298
1,0.8128304926342609
0,0.20913316750185884
0,0.2073966575767492
1,0.6414824747973334
0,0.14647526061709013
0,0.10482578923654311
1,0.8878141407336905
0,0.12563924967407059
0,0.025961998105683833
0,0.08128265152276795
1,0.92455768039747
0,0.17362427654056348
0,0.27406512290668333
1,0.7807954979725648
1,0.9540686754317278
1,0.9540686754317278
1,0.9142019388729548
1,0.9621623798518002
1,0.9528760733705003
1,0.9528760733705003
0,0.3842871078897452
1,0.8592374204980459
0,0.14526458163446163
1,0.8716171630344595
0,0.12366192126553288
0,0.13427874764485653
0,0.1537301284433884
0,0.13128178790315714
0,0.21111635521529812
0,0.18319133691684825
1,0.9429747606981527
1,0.980575833627063
1,0.9580105378814734
0,0.14623530174766092
0,0.6015395424968174
1,0.8739757081367182
0,0.37467602194625294
0,0.01960152458957628
1,0.6995916223701227
0,0.2914043193675539
1,0.6506245722570759
1,0.6638103105044662
1,0.7731669586235325
1,0.5805169460782951
1,0.6036281054403131
1,0.6206335301074278
1,0.7349156691487863
0,0.20220635664682765
0,0.3176477774021588
0,0.16803363483706152
1,0.7455172335281254
0,0.1415060921894942
0,0.1255155025273825
1,0.9449590636276486
1,0.9885010917894954
0,0.20852557591618198
0,0.06834757982572408
0,0.1489244217556675
0,0.22840068245396186
1,0.33983889524075306
1,0.9775230338086489
0,0.04002196297278903
0,0.038221771176642126
1,0.9085458907552836
0,0.12141185745777258
0,0.15988600004485848
1,0.8863353323928265
0,0.049407899306905916
1,0.9803334271534795
0,0.5359485831098134
1,0.9104911625436466
1,0.9701853309387247
1,0.907546755355807
1,0.8604103250439586
1,0.9507874086472361
1,0.8655709556676424
0,0.3499258996262469
0,0.01779193245259328
0,0.6619700982545866
1,0.8244460807799491
1,0.769463596598657
1,0.6467907706539587
0,0.1902769571378238
1,0.9030836694868408
1,0.9610872780470425
1,0.983627680926622
1,0.9637924753447477
1,0.9587117737244826
0,0.12479724704787817
0,0.023376173012552664
0,0.014616995171164706
1,0.5951897259836854
1,0.7312774584279869
1,0.8805828915669017
1,0.7901209922364987
1,0.6837008881826753
1,0.8964598871909057
1,0.7639234092869233
1,0.7348790009203783
1,0.9275978713274787
1,0.7088162613158973
1,0.21936892748332504
0,0.16142299535331164
0,0.2820301732377283
0,0.16766624501387895
0,0.4119826009401499
0,0.10886584892817638
0,0.21705802672739144
0,0.2417140131810395
0,0.17184661454407793
0,0.3014380101347283
0,0.07500085146628709
0,0.14356327210855319
0,0.2575498597696368
0,0.1473130149135369
0,0.3633214084561363
0,0.33160968849359335
0,0.42371583077618347
0,0.496676893763047
0,0.3849421466471157
0,0.17606776652111383
0,0.4796984428632639
0,0.4708763947560064
1,0.5968690684065812
1,0.7381608901723631
1,0.5827003094256016
0,0.13655184386905284
0,0.13090440621997876
1,0.6811929333114799
0,0.0802259880557041
0,0.16956452794930446
0,0.186338020430201
0,0.4373075661543516
1,0.8638513750649582
0,0.0632857011807801
0,0.08041620120106006
0,0.04317111854215682
0,0.07118531883842288
0,0.11585611307992567
0,0.06520416496288517
0,0.2704194698665849
1,0.5512578131589811
1,0.7145412562075375
1,0.6558593565948735
0,0.04079086959257555
0,0.042548008793217004
0,0.12709713412431894
0,0.08981831624894338
0,0.3259716037930925
0,0.2624222089908877
1,0.797046342921872
1,0.7494539064189425
0,0.41299856345141595
0,0.3144465399912526
1,0.6611160396296298
0,0.17684495183390617
0,0.44249494891950925
0,0.21328717613036668
1,0.4276527612885111
0,0.40233421664683033
1,0.8019887388130013
1,0.7079190265652355
1,0.8208939727568584
1,0.9135038995235915
1,0.5137109672159106
0,0.1598433438552495
0,0.19958277646127404
0,0.16232005955310697
0,0.09576721834848502
1,0.987221083512597
1,0.9540066243455201
0,0.46677226344609596
0,0.1408938175793525
0,0.22826889503723435
0,0.04332222817223998
1,0.5655865914747608
1,0.30423115283604124
0,0.04577226357277302
0,0.011119866584286344
0,0.019387896963357392
0,0.10467736387158467
0,0.09671802166984345
0,0.0475047521597812
0,0.05058567094543786
0,0.21119883628923355
0,0.03743961168459902
0,0.5111043961637407
0,0.12354170312425863
0,0.052157648230020295
0,0.08703234608996929
0,0.0880275686929964
0,0.031878936817944105
1,0.8717885801716785
1,0.9289376687435031
0,0.031370742968914504
0,0.049492849352240326
0,0.20003938514752193
1,0.968759633816502
0,0.14022215043080266
0,0.21599790211344008
1,0.7905681939636383
1,0.8086986554923096
0,0.05419954580752721
0,0.19147870070859904
0,0.42299652240258917
0,0.221619058438723
0,0.11710193635789642
0,0.03417692496010363
0,0.35800030315846076
0,0.2234901896190972
0,0.30961756051296363
1,0.9903683545386351
1,0.8731439595880326
1,0.773441061896766
0,0.6912579570414049
1,0.8004642189775727
1,0.7878978568554531
0,0.049249318283079484
1,0.7424761306341968
1,0.8732544568924628
1,0.9354954400606768
0,0.17104039557253048
1,0.9210583987004352
1,0.8740782914208413
0,0.15387678985223344
0,0.5606971163980589
1,0.8319947800239322
1,0.6982039534642104
1,0.9169343067543916
0,0.1496257662913083
0,0.10512601758759851
0,0.09281367481748833
1,0.7072370810679405
0,0.2594008465451593
0,0.04340499288381593
0,0.0898695756317447
0,0.03805786024471512
0,0.0672801418082303
0,0.32542376175529963
1,0.9831315087348027
1,0.6990833481811028
1,0.5280722489616334
1,0.5694336217664936
1,0.40110349572532183
0,0.19881356444859338
0,0.17642289727999014
0,0.020758232095608987
1,0.8781823903146684
1,0.9808389687709628
1,0.9783017704290349
1,0.9765995582312677
0,0.22216072051213764
0,0.18992701012976215
0,0.11638536608450549
0,0.08232746710201225
0,0.22770492815457893
0,0.36917528319547965
0,0.6384076403322504
0,0.09074747275562754
0,0.26721680379878404
0,0.11322542326284912
0,0.08007055009787836
0,0.0849505243854556
1,0.9907573618425566
1,0.9711831587010342
1,0.9922413608861936
1,0.9872680956796291
1,0.9661883618415856
1,0.9886276972324072
1,0.981019567373055
1,0.9911914426891851
1,0.9831117875329687
1,0.982580840438604
1,0.9920764561231304
1,0.9893574531555378
1,0.9791434551928327
1,0.9910707301077781
1,0.9907277113604875
1,0.9861419076317756
0,0.21582374918007463
0,0.09730702692037994
0,0.1926432754882277
0,0.23826249336446537
0,0.14922013944017154
0,0.338654335726324
0,0.1252169760012673
0,0.1239272485046467
0,0.16278651973031646
1,0.770465214132799
1,0.9514390227933892
0,0.06744684380114441
0,0.025749213916304182
1,0.9233916572519233
0,0.05710318339503877
1,0.9402027704265868
1,0.9684528574382153
1,0.9577262226986357
1,0.9542927522374396
1,0.9751084479441645
1,0.9761068331435415
1,0.9624333028549641
1,0.8865339073547137
1,0.9178326994470924
1,0.926893117711506
1,0.9449897783557876
1,0.9333311868969276
1,0.959693933889365
0,0.018026297170340863
0,0.045427951770602076
1,0.9604103727991042
1,0.6694905790154576
0,0.07994488364287464
0,0.04295142108813391
1,0.7561648151416019
0,0.18159120480066887
1,0.6747221930452607
0,0.112170724789435
1,0.6242351872062821
0,0.1972729376418575
1,0.9856160387677955
1,0.9325254271344248
1,0.9539248214183185
1,0.9707594158174301
0,0.10207197196077879
0,0.07912803022994279
0,0.011757112649279654
1,0.2948642173775503
0,0.395767889457281
0,0.3607984887730454
1,0.8437785255653468
0,0.17951026556619423
0,0.0904703081280793
0,0.028868239466177576
0,0.09296442414181393
0,0.14495931254559932
0,0.02079448647206141
0,0.024988344360021564
0,0.31713705440064166
1,0.6506773566772749
0,0.0454218934488627
0,0.025596428458076147
1,0.9548970381461185
0,0.051065255848291094
1,0.5415516837558207
0,0.17681848712430648
1,0.8713392594353656
0,0.13837395974249986
1,0.879150982855696
1,0.8981193376663068
0,0.1357534523044182
1,0.5242816687678105
1,0.9861109348532238
1,0.9861109348532238
1,0.44292395398717527
1,0.4199219450148029
0,0.2644360157608327
0,0.15523840258722366
0,0.2538362979628744
0,0.33729282564475777
0,0.22010892939154333
0,0.24793740154176744
0,0.05700797000566598
0,0.20624600584192765
0,0.18335711752753728
0,0.14839820837118517
1,0.8731225362557085
0,0.275128416007818
0,0.1891320155622816
1,0.941223308925795
1,0.941223308925795
0,0.054153545547281974
1,0.8772742927049381
1,0.9419048964833332
1,0.9451125282274909
1,0.9414537099100225
1,0.8568840164601157
1,0.9710702093372555
1,0.9415674340034799
1,0.9670623006309395
1,0.954615477637415
1,0.9523584330140054
1,0.9468020191096502
1,0.9575322461879344
1,0.9531590769099999
1,0.9668797334855554
1,0.9417772267356472
1,0.9805463594843805
1,0.9434629192412413
1,0.9186331595813565
1,0.9408024094220221
1,0.4427363319214834
0,0.1112645824389104
0,0.23898524425486867
0,0.19566422175676204
0,0.1377129040723654
1,0.24514473678808082
0,0.13402180506425782
0,0.1225592330254012
0,0.44305270261109464
1,0.5778269112616691
0,0.3188684295910517
0,0.35888730111580674
0,0.09797268573744525
0,0.3500104575008792
1,0.8140800528321372
1,0.8623024465473433
1,0.7569775412667175
0,0.08038381049042066
0,0.030875540689581947
0,0.18671883650268245
0,0.16492822814348712
0,0.10181052857876324
0,0.12630616791165608
0,0.45097944752011176
0,0.09239900881964776
0,0.0584655945557248
0,0.3361916639034216
0,0.260578946745448
0,0.15348504804260957
0,0.03352044422032334
1,0.9604663278445219
1,0.9521336938347982
0,0.1294827641140493
0,0.16583563882983182
1,0.8203880703226294
1,0.9171422450261282
1,0.6557785785168766
0,0.2734774438815402
0,0.20841338660518222
1,0.8100025988820271
1,0.8865876643810866
1,0.9231767528668833
1,0.9445241416749129
1,0.9452134073151588
0,0.2450449347585656
1,0.9783434875741784
1,0.8904209083399883
1,0.970948369988348
1,0.9346103577894518
1,0.9679947559518418
1,0.6712561884569166
1,0.9562172559963322
0,0.04723724277350016
0,0.058462672077690715
1,0.5342386355210493
1,0.658092528659838
1,0.8106651403377297
1,0.8511499929038543
1,0.8284538908795845
1,0.833950343966204
1,0.7907131656717863
1,0.8451979886894024
0,0.1165991945052448
1,0.9720189183659658
0,0.040590625156067914
1,0.6752823971397042
0,0.09863314088307722
1,0.6429432297097323
0,0.14527814652149207
1,0.8800474200351021
1,0.9116245528458002
0,0.3008208396426161
0,0.1118912257035004
0,0.36029970989521376
0,0.20907085563741767
0,0.2164055144748605
1,0.8821489505908825
0,0.11125389238409279
1,0.8549892900686608
1,0.6182215824758688
1,0.46389449059817217
1,0.928978732975663
1,0.9228874508950337
1,0.9406222061008719
1,0.9398506138435279
1,0.962808590890961
1,0.8664475294120805
1,0.9509793418805259
1,0.945836087070136
1,0.9575583268275277
1,0.928882246267452
1,0.9504439925040313
1,0.8773641036055528
1,0.9589786804547239
1,0.9633651886099829
1,0.9665402926173895
1,0.9702809129247432
1,0.9366222755897224
1,0.8428404175763753
1,0.884304983948174
1,0.7798460648290872
1,0.9576428317955376
1,0.942834662785828
1,0.9467342476621037
1,0.9430848679446363
1,0.8338038358158316
1,0.8535616323572438
1,0.8957558158917154
1,0.9245663155290144
1,0.939239597090657
1,0.9456810461890958
1,0.8871032638334438
1,0.9268431017432905
1,0.9373170232295356
1,0.8502029685697613
1,0.9106530677382678
1,0.9663829714941798
0,0.7666852284286781
0,0.3147290181552982
0,0.2252152323237614
1,0.9607019817666028
1,0.7219494714884519
0,0.16798369599318233
1,0.594354379512846
1,0.8100168531242633
0,0.12414283115547246
1,0.8968042612830626
0,0.03197582879106016
0,0.21264695615698387
1,0.8215058277142301
0,0.05200976809675833
1,0.825312795104018
0,0.08341799157490991
0,0.03642227699455316
0,0.05822453660769289
1,0.6366332583823301
0,0.08952103983353521
0,0.38607832126513153
0,0.046985359045302655
1,0.4393201384361445
1,0.603139709458489
0,0.058826908753505776
1,0.5227025218710913
1,0.9791641207436061
1,0.9791641207436061
1,0.9791641207436061
1,0.9812156676839385
0,0.1124744438899492
0,0.0860578325713861
0,0.05897476760731302
0,0.07983359342265567
0,0.12801546080831352
1,0.8941873601625386
0,0.17353220458285953
1,0.9446816737044539
1,0.9450660602861333
0,0.12737379915203226
1,0.8049780755151665
1,0.8497183760210947
0,0.09733838495851332
0,0.0891085574259073
0,0.039278793249133616
1,0.9661444841487802
1,0.49388890585849904
0,0.05604441763290806
0,0.13907062776056206
1,0.9735425364636227
1,0.9265927124896631
0,0.16063741905315887
0,0.203563680396737
0,0.3092387992022885
1,0.9228919736998172
1,0.907689281291725
1,0.3408382544471214
0,0.06870737177385229
0,0.0500484170986672
0,0.11073861757097538
0,0.17685544092926903
1,0.3571618545887604
0,0.6124901197768299
0,0.03189367951338566
0,0.03216581111139761
1,0.8107056213932566
1,0.95181687506583
1,0.9621668148146747
0,0.409266176416277
0,0.10854566243964338
0,0.14821519907848382
1,0.8197180755976511
0,0.13692484346133704
1,0.8840236282745472
0,0.19569113920568715
1,0.9754967292599724
1,0.962676580583795
1,0.9230235544216214
1,0.9909968642973295
1,0.5294698073496586
1,0.8317202349364758
0,0.28472110218199814
1,0.9521080837176242
1,0.8150853618016201
1,0.6100761388393946
1,0.7579025637060981
1,0.8508700354830641
0,0.22594899836620497
1,0.8482380858016234
1,0.9808392305976049
1,0.5196771462040108
1,0.9294475873513387
0,0.4390097927890185
0,0.09630221286702263
0,0.6186669868603094
1,0.8651155329630019
1,0.8823318281826518
1,0.8246658628758399
1,0.8724926971234964
1,0.7247513906591398
1,0.8510228151438209
1,0.91517385810542
1,0.8802884904394972
1,0.8533801200582183
1,0.845131940001826
1,0.7554878813799266
1,0.9011606116362482
1,0.9148182477829742
1,0.8191537791533317
0,0.05753245883206242
0,0.13382437684951012
0,0.15531712713976742
0,0.09441323295759538
1,0.984596318863105
1,0.9164460100584203
1,0.9512849459494324
1,0.8486191839641642
0,0.22989247806836413
0,0.44059649934581446
1,0.9758497049708492
1,0.9403627075699684
1,0.5433126571392194
0,0.11449025728462645
0,0.04133486387576306
0,0.144056563471456
0,0.04866124305477934
0,0.1722520752882334
0,0.33678487080782465
0,0.38078115565620885
0,0.6077259784864336
1,0.7842968579356888
1,0.922657918396428
1,0.8737826908543613
1,0.8972241018972491
1,0.8782818222584254
1,0.8987501102979174
1,0.9295220439520138
1,0.9622815733089148
0,0.25034930881937084
1,0.8582868390237482
1,0.9409503788238687
1,0.909427724693109
1,0.9258696680369893
1,0.9601026260031279
1,0.8462769657392164
1,0.843887046020229
1,0.8719285812814689
1,0.8224843752996154
1,0.7833227969806853
1,0.9367201630804368
0,0.35805733458250477
0,0.1092593953263032
0,0.07353634339301478
1,0.5751646257664953
1,0.7177165532546392
1,0.5485146410628869
0,0.11035059637865688
0,0.0484205902812293
1,0.7069375715896744
0,0.020333732607600803
1,0.8974089669096921
0,0.08661535709984453
1,0.9719120602264874
0,0.08177711099784425
0,0.08211328271475662
0,0.584946778399102
0,0.43187061096687096
0,0.4311783535257316
0,0.2159116541969833
0,0.21498200294847422
1,0.43751560499711845
1,0.3538168261878875
1,0.9848863257560347
1,0.8203279596318518
0,0.21361556586171423
0,0.2740818218133963
1,0.9600910627551453
1,0.9896745478119728
0,0.24148369793597935
0,0.1472442116203177
1,0.781234201983474
1,0.6434321229578027
1,0.6117060035203596
0,0.21633252691354948
0,0.18635962034440626
0,0.3377528211202854
1,0.6814025559574283
1,0.9506467153247098
0,0.2375289593629107
1,0.5435870375938737
1,0.4820365971533414
1,0.786985382519077
0,0.1297842980181703
1,0.9178004114798053
0,0.1673433871968941
1,0.837119429758793
0,0.18672410182944715
0,0.3542253274933889
0,0.24555772473717816
1,0.7255225535097527
0,0.19017468042832697
0,0.46924674533937955
0,0.13119394940123347
0,0.06993653853457237
1,0.7539665025169593
0,0.12444603762985508
1,0.777717160679365
1,0.626807676819688
1,0.586244511359734
0,0.11156676638862353
1,0.9493046431314364
1,0.9304618347691122
1,0.4431313386655695
1,0.973209818908822
1,0.9613930469896801
0,0.06341326226033009
0,0.04014366174380962
0,0.04624838630009345
0,0.07768551771502163
1,0.2831883091801148
1,0.4891817582179019
1,0.975972644360434
1,0.7986655400678766
1,0.636821647436387
1,0.8246287479581214
0,0.050168799546218834
0,0.12272396135702521
0,0.24859952392414442
1,0.8348193923381455
1,0.8927363871070885
1,0.8658457709516781
1,0.9168494554206178
1,0.9724767573706252
1,0.9608891140730829
1,0.9547335585777023
1,0.9290987298879396
1,0.953631660406369
1,0.9684355721515241
1,0.9255932401954268
1,0.9344481898240383
1,0.9613944673115038
1,0.9855220912814242
1,0.8893448502246285
1,0.9240315548522742
1,0.7924933512859221
1,0.6969236409563339
1,0.9215911675912843
1,0.8575582808641613
1,0.8607453489629265
1,0.950087438812402
1,0.9234546657292412
1,0.7317691742789454
0,0.5089679216471983
1,0.8527399630946197
0,0.17769136247778372
0,0.2582181054553501
0,0.09760216740216789
0,0.12710112982669966
0,0.21756666450099435
0,0.24681969058146402
0,0.17473486140717703
0,0.14913741130879324
0,0.17434193998766975
0,0.24092600018740926
0,0.2663621300275023
0,0.41158052185445126
0,0.09021447176719664
0,0.09641819697344176
1,0.3696893978901017
1,0.3955505234076977
1,0.5619785517743177
0,0.4239380985354543
1,0.7231862866440497
0,0.22073397372304077
0,0.10253689576725625
1,0.930234389446041
1,0.8713590903172221
1,0.84575390165985
1,0.8404503777231181
1,0.6534428444068948
1,0.898299575897821
1,0.29249118541691455
0,0.09274216378289205
1,0.7926899505420094
1,0.8363206215241057
0,0.33550825157077135
0,0.15750147176731477
0,0.26726953276843357
1,0.9033000404787856
1,0.3956561787084008
0,0.23195611269982536
1,0.4985909957234913
0,0.15877224336604018
0,0.12585432103917038
1,0.7845223759689088
0,0.2561333159080658
1,0.9277033609755522
1,0.9489692378752205
1,0.9364531754589925
1,0.9421734086589849
1,0.9089901329572874
1,0.8565963136202843
1,0.9605628499142921
1,0.8794296411450324
1,0.9425628363996422
1,0.8463718297310628
1,0.9673013701847593
1,0.9584620796652749
1,0.8913400801015514
0,0.13114795746063077
1,0.9329951117306025
0,0.24190872056683435
0,0.11740507883128491
1,0.71674277543155
0,0.8166880525607133
1,0.8871427899213282
1,0.8798447674839297
1,0.9469340302068684
0,0.053170594227885705
0,0.1293047137429811
0,0.1056245870169581
0,0.2592568663778842
1,0.9682633646951826
0,0.11511601769789302
1,0.9600690815948364
1,0.8997259148028701
0,0.18217999437813423
1,0.7726465655486499
1,0.5946784819802288
1,0.8707897188025085
0,0.2885936389343581
0,0.4596204830699245
1,0.7378972139856299
1,0.8471077855495308
1,0.9019261135980674
1,0.8490804818054948
1,0.7926269395013235
1,0.8366324228910843
1,0.7682117617184411
1,0.6536606693608729
0,0.011916150277761143
0,0.13607615628256908
0,0.2812930849172306
0,0.2266083042977788
0,0.08264573340611676
1,0.8174254345189088
1,0.9950030345736548
0,0.23155851319686446
0,0.0894322329804695
0,0.14243415791494765
0,0.12507166860338603
0,0.1545780198131648
1,0.7214456003717059
1,0.9159754245696736
1,0.6617178623111624
1,0.9962150243707916
1,0.9951903190365445
0,0.3416044432887515
0,0.24690638516464639
1,0.9640103323160105
1,0.9640103323160105
1,0.9640103323160105
1,0.7344216715477733
0,0.03448631496147354
1,0.9430636878659511
1,0.9914324885530587
1,0.9926566209264335
1,0.9938796463279341
1,0.9839003450342255
1,0.9918801451902817
1,0.9726411337200808
1,0.9948748446464218
1,0.9850389541258227
1,0.9946903727559896
1,0.9764114403005113
1,0.9900581254135875
0,0.1325130507585598
1,0.9308512459545231
0,0.11984540946565457
0,0.06904109192084718
1,0.9628487660697145
1,0.8995216532336374
0,0.29976151817717395
0,0.14078579040554032
1,0.9543164647418068
1,0.9400010161181396
0,0.06446482650424262
1,0.7889556446528363
0,0.1141658704577095
0,0.08554638243137717
1,0.9766642082779937
1,0.9052283715016802
1,0.9271440844182157
1,0.7807128078015464
0,0.07063194363744771
1,0.5906403323765835
1,0.3695012382724447
1,0.7576885059364843
1,0.950187114977174
0,0.09097459025675042
0,0.13286134675959274
1,0.665974418897711
0,0.5924480572616424
1,0.7109652657116
1,0.8476944337851857
0,0.2358472260614999
0,0.06088490953807748
0,0.28585666784405217
0,0.03538924544198075
1,0.5702795661525397
0,0.05656622957826133
0,0.06627656698396209
1,0.9956132461838693
0,0.2913844757819918
1,0.991875705032777
0,0.2078839008100158
1,0.6727372256173908
1,0.9398283136070543
1,0.8170591652638842
0,0.06658646125326677
0,0.20816810848752307
1,0.7441664233788141
0,0.5322980655222805
1,0.7631145881595598
1,0.853172779230792
1,0.6085634112280475
1,0.5510605411632181
0,0.062254350742364246
0,0.14012512767165727
1,0.41097744708773
0,0.1584914743010629
0,0.24352798117843494
0,0.2946960423756436
0,0.4852109650395534
0,0.07148874346540333
0,0.061168694143853126
0,0.38908727155258943
0,0.1280145297660565
0,0.22052345043576121
1,0.8285556496662464
1,0.880022001683678
0,0.11127580832558806
0,0.1443912045864755
0,0.120242629026426
1,0.7828067566888264
1,0.7130128051239111
0,0.1366369333716322
0,0.19286818869320616
1,0.24839293490431957
0,0.13485843957169852
1,0.8946148409956503
0,0.12895334058318852
0,0.15081084406962622
0,0.18620644853529159
0,0.05298345195799138
1,0.8678308064973291
1,0.9008737442613528
1,0.8522600229912017
0,0.15902133704887447
0,0.12990079167430582
1,0.8793919773345339
0,0.2580858794597234
0,0.1330983671092989
0,0.25197758413716903
1,0.9915157190126217
0,0.03579476812350664
0,0.037866721003502954
0,0.270990379841571
0,0.4747544513221071
0,0.13407462174992527
0,0.25588560409860617
0,0.049691596695069035
1,0.7044697514626873
1,0.9375836759871009
1,0.8051524153890666
1,0.8899299326179508
1,0.9466431018816686
1,0.9365195958001943
0,0.16612060083695815
1,0.6844699536857521
0,0.03000709404314504
1,0.3819041674462138
0,0.11920457382844596
1,0.43630702870244514
1,0.9051202281487699
0,0.37851439769659534
0,0.16013845386125622
0,0.21528980097737804
1,0.6329816360476781
0,0.2372114869185888
0,0.5135377591767423
0,0.12570487183420917
1,0.7145154646032963
0,0.06817443467437245
1,0.7671545683145813
0,0.06589896635665494
0,0.5105094963792591
0,0.0578159330932621
1,0.689325438281195
1,0.8384529271412859
1,0.6638445359750935
1,0.7342175736409131
1,0.7601854025023728
1,0.9934081866300866
0,0.08600806847685913
1,0.9627431555452711
0,0.13429494790366
1,0.9603346190300354
1,0.7594306201356876
0,0.20659845323747167
0,0.16297078605260973
1,0.38812197333913157
1,0.7795988236043327
1,0.4914296089802784
0,0.40155459451615677
0,0.42543092722425674
1,0.910798934885143
0,0.025162568414346446
1,0.6552840599366877
1,0.8415372248836751
0,0.23973977586428485
0,0.02506852512621797
0,0.2516545413776664
0,0.26306682507121176
1,0.522855529435975
1,0.5254471268637367
0,0.050106468010693954
0,0.09501717989481684
0,0.11696585106173416
0,0.3662200087080247
0,0.26653879690368737
0,0.04360636254910394
1,0.9647987972313865
1,0.6457493580747043
0,0.12354320811447723
0,0.1756604694666281
1,0.871143542402371
1,0.9240786804648677
1,0.9156597318622526
1,0.9294910956069772
1,0.9294910956069772
1,0.8401348671326799
1,0.889844647512416
1,0.8667305375927291
1,0.6101099751570029
1,0.9558831645505569
1,0.8238406069942694
1,0.8502889957068551
0,0.07915656211465796
0,0.3400698006207648
1,0.9656585003980109
0,0.25016994358850064
0,0.3435540038318172
0,0.5327542406020569
0,0.04013869032195382
1,0.9160741759502026
1,0.9267989435598197
1,0.8639571107408451
0,0.2266366934970987
0,0.09844886270636038
1,0.9055718617031744
1,0.9577074480132857
1,0.9387525882041686
1,0.9896152342206175
1,0.9857014475367499
1,0.6753236777088216
1,0.7423515678900575
0,0.31970240003417183
0,0.17185287057395313
1,0.8905821913180719
1,0.887309741089118
1,0.9710227177467186
1,0.8472662892960636
1,0.890996493373926
0,0.4223297960574872
1,0.7228434754623548
1,0.7172658778948308
1,0.8734732671403835
0,0.22675486101079195
0,0.1741462613934324
1,0.2237152141974434
1,0.7432290962690652
0,0.1333049615794252
0,0.37492597944236006
0,0.07545150858945078
0,0.13723548882807962
1,0.9815656119786524
1,0.9346925717903849
1,0.9815656119786524
1,0.9815656119786524
0,0.40798322212157867
0,0.4955297048521918
0,0.041707489744858925
0,0.2740515089239859
0,0.3509292492018585
1,0.7683552736269462
1,0.7613196860434487
1,0.6992412725534003
1,0.8415740726725361
0,0.22056041601202925
0,0.16842026403412602
0,0.15148516195992898
1,0.7688793890335974
0,0.18847793195203477
0,0.30132971696057814
0,0.2907647594074319
0,0.17459368245339346
0,0.2339669327590969
0,0.43486349905595945
1,0.9031438177539195
1,0.9739512212727068
1,0.8920251947909799
1,0.8798541006334047
1,0.9896455493128072
1,0.9065813579078222
1,0.822959046819498
1,0.8912215097221523
1,0.895758864270332
1,0.9683392835576423
1,0.8221758159350874
1,0.9495008611845641
1,0.986043544620081
1,0.9880091834172791
1,0.8979843309143115
1,0.9682343461437855
1,0.9902276319470189
1,0.9795025796682931
1,0.9847602761629735
1,0.9343821242737977
1,0.9887923324161864
1,0.9445419431002409
1,0.9899464639712123
1,0.813962353139128
1,0.9363986478581936
1,0.9755189094220706
1,0.9947709781847522
1,0.9834445196884227
1,0.9215430360593073
1,0.9952313580397163
1,0.9671983948784154
1,0.9794271388641793
0,0.012958538415789362
0,0.11001117581020767
0,0.1154569896495787
1,0.8441128857620885
0,0.26026763641358824
1,0.8550771534449259
1,0.9222928112085925
1,0.5875174310961173
1,0.44273181546689305
1,0.637308325086014
1,0.6592567051948214
1,0.7430811800777369
1,0.3017369347100171
1,0.6402133832256671
1,0.7226174742683846
1,0.5992471315462614
1,0.4468371254698621
1,0.5904702401683632
1,0.5194902827547704
1,0.152400938223943
1,0.8676046143388014
1,0.6585396485011347
1,0.8278708485792212
1,0.4115862287597166
1,0.6524484578797201
1,0.6555323497964797
1,0.9536595931983942
1,0.8339067724748951
1,0.965870085661333
1,0.8103094405150562
1,0.6208805615400378
1,0.6918801372391684
1,0.7213038830428615
1,0.8458846343010222
1,0.26291272044622915
1,0.4961313538036642
1,0.3816250354949584
1,0.5970763663002605
1,0.6711764427577417
1,0.622290942257631
1,0.6946965624083066
1,0.917162334087566
1,0.6785882919960554
1,0.8619542412622054
1,0.6178073569297307
1,0.48062945899988846
1,0.31352628354574363
1,0.8930319575188206
1,0.5707666814716007
1,0.9041673167346896
1,0.9004230740270208
1,0.9010491289277742
1,0.9624558511996916
1,0.9285589512750768
1,0.9201573984109798
1,0.8437068830805851
1,0.8034269878458592
1,0.904428469408315
1,0.8845282343008689
1,0.9529948749204901
1,0.9066242708813074
1,0.8773207137332979
1,0.9394064301857019
1,0.8483133525973372
1,0.9151339892140095
1,0.8043488915925427
1,0.8753845407100179
1,0.9335120656597549
1,0.796650849093437
1,0.9088687860653798
1,0.9493035779765072
1,0.8285831897570346
1,0.878613215106403
1,0.8804819328535284
1,0.7719983708213357
1,0.9095041625009254
1,0.931236410329113
1,0.9269799624281116
1,0.6239164904840393
1,0.8933840838695108
1,0.7893978426287066
1,0.9388399744510523
1,0.9173239092553807
1,0.9169046785348821
1,0.9471694778575135
1,0.943379663843178
1,0.9404379464053019
1,0.9467708865798505
1,0.9017720189932046
1,0.8421286845941038
1,0.8534357043571489
1,0.6634745336658612
1,0.9293493350233315
1,0.8705231928508951
1,0.939454361955827
1,0.9655138618327905
1,0.37657304832781885
1,0.8009161622574369
1,0.9379132505992791
1,0.8121553145769588
1,0.8545138114376013
1,0.8446562164958453
1,0.8341582234026761
1,0.8390870428679498
1,0.8991869933524893
1,0.8940398964761306
1,0.9344224831885842
1,0.9014075505865177
1,0.8978684277779249
1,0.8179431806195434
1,0.8074930418394323
1,0.908130427268956
1,0.5452625622665116
1,0.5583558289065761
1,0.7385441343485507
1,0.8028613499843673
1,0.7246606111078198
1,0.9102934966079654
1,0.947692950007411
1,0.6984903802318834
1,0.9329697018979224
1,0.858090826331579
1,0.9029201964397305
1,0.9067493356642826
1,0.8198250743283155
1,0.9503519816167023
1,0.942800116644835
1,0.807813717818849
1,0.9008046129992664
1,0.4741521446581587
1,0.7571915682262117
1,0.6871111952716416
1,0.7710604545400239
1,0.5891126278495455
1,0.924668431504104
1,0.4650668233813215
1,0.6943529109410109
1,0.8898226029605715
1,0.3516384080843697
1,0.8640552523737067
1,0.8755549096236652
1,0.9565528609167454
1,0.9444792411226767
1,0.8184548918406912
1,0.8503872542702529
1,0.8592288871277789
1,0.6401498900943458
1,0.7072831907571266
1,0.944036281551846
1,0.8423953264244348
1,0.415356692380458
1,0.7171016749377248
1,0.7109638433317931
1,0.7420544653373904
1,0.7911079630076865
1,0.9370155519447149
1,0.5123907940562081
1,0.7821252492428923
1,0.5286933170570511
1,0.765128940994687
1,0.8893681817519508
1,0.6001694772179494
0,0.1448353360944018
0,0.6291917368813192
0,0.3007362912967981
0,0.4359000283478349
0,0.2600855776958647
0,0.2000247519537136
0,0.4163204668425526
0,0.3066022815442093
0,0.19726290894427917
0,0.2019086957996795
0,0.22568192992629432
0,0.2436217621447931
0,0.4944470859384118
0,0.18175740271030122
0,0.09893365744202198
0,0.14008905565734417
0,0.26138907314064974
0,0.23415018044708585
0,0.11823759531947002
0,0.261097119533435
0,0.5280980075205575
0,0.3136007274503869
0,0.4828494425204176
0,0.19013164310038624
0,0.19029359999579423
0,0.1907628180549523
0,0.21345401637846864
0,0.09699981693417058
0,0.21842088996351106
0,0.1347576903842913
0,0.18209871621674598
0,0.13565796380209674
0,0.20664074993720166
0,0.4162627982650393
0,0.25578698052718957
0,0.43788395061550084
0,0.5607714552923843
0,0.4147207144381657
0,0.41384768248334314
0,0.15105043860937312
0,0.33281618417768555
0,0.28000278262762485
0,0.21008411406445143
0,0.3839822576175749
0,0.308622744882673
0,0.3866364869022114
0,0.17045960276398156
0,0.29200613021573013
0,0.15895593794370058
0,0.42302285736529294
0,0.2553157513081449
0,0.540518566501055
0,0.18762028265499384
0,0.639109160337784
0,0.6772665617628832
0,0.4377305390031598
0,0.1040776131823688
0,0.400889324729851
0,0.35963300874135956
0,0.5003393079246744
0,0.1086819319113035
0,0.17944611312559025
0,0.33447822609045796
0,0.40302808761608233
0,0.4325927528453572
0,0.10491888563621378
0,0.11928749276494192
0,0.12512470525854397
0,0.09834579668244564
0,0.2405463635420496
0,0.35834939829386064
0,0.4361360438044496
0,0.5053047250898268
0,0.3924792899635087
0,0.2641596900392601
0,0.1063928003592182
0,0.4892004282806869
0,0.43434980607189877
0,0.27926583469832394
0,0.209113237411571
0,0.2663180625988749
0,0.2478804810810598
0,0.38625282164195607
0,0.26801148202695885
0,0.2553978008025457
0,0.32520725721191585
0,0.5529691610460629
0,0.3763233008187157
0,0.5581414943939428
0,0.19152238519927833
0,0.475946695250917
0,0.20699511062999304
0,0.22042616861937164
0,0.3617519759975025
0,0.2720640348507885
0,0.22828990087807474
0,0.0788330867538875
0,0.4716524545537455
0,0.1722942809232109
0,0.24106612323363655
0,0.32100307312377174
0,0.26081962994641444
0,0.14178205198358187
0,0.26776057946048454
0,0.18941703138268184
1,0.8653729211812665
1,0.4006267621625658
1,0.9441398248582962
1,0.9201932351691012
1,0.9192928409339114
1,0.9274843197029888
1,0.798917088308678
1,0.9165760044513692
1,0.9256562879023029
1,0.9226920556136957
1,0.9395293504742014
1,0.7045584550182159
1,0.9356920443811855
1,0.8145516342905802
1,0.8822517715555205
1,0.9815204471043056
1,0.8680113773479499
1,0.9325054508538756
1,0.36643837505334603
1,0.887575712076974
1,0.9853044753879668
1,0.6848075704722695
1,0.8441744347340289
0,0.04369190756599841
0,0.17146550577752942
0,0.3185021722019165
1,0.7945898596917959
0,0.17791783507987743
0,0.0908763155666847
0,0.13086528104285416
0,0.012251003780321752
0,0.006279524207107301
0,0.020957357432444892
0,0.020434562237996706
0,0.36444744302833676
0,0.028037750109736664
1,0.8060794361605521
1,0.9665982653718028
1,0.7804357771214752
1,0.8897359547548146
0,0.06473287793093435
1,0.7196842466541916
0,0.0781629085114406
0,0.11727254137735056
0,0.048870326066051746
0,0.1363508331052629
0,0.05549744404027309
0,0.11038162127622195
0,0.40256510353689345
1,0.8157177865155774
1,0.9276880489733679
1,0.8135508780941777
0,0.5366740907126889
1,0.9535950762305058
0,0.09522594109498084
1,0.8734742606297738
1,0.34309641047889083
0,0.1257007429131147
0,0.0603845787559784
0,0.450227355151875
1,0.9235182709893047
0,0.039372636193377664
0,0.01804816801196152
0,0.010055741840758945
1,0.8302546688015713
1,0.8030795573013929
1,0.6860087161015245
0,0.2787294449480586
0,0.06216657886214022
1,0.9052994666129841
0,0.31589660462779917
0,0.16509939765596318
0,0.06273319322562806
0,0.045463349941680505
1,0.8588196162375801
1,0.5709217344501593
0,0.41281123011999327
1,0.4012716810247341
1,0.793243534173644
1,0.8515245787406092
1,0.5487933259980504
0,0.3694838868410236
0,0.7627155763309905
1,0.5212861820876173
1,0.4545565028015514
1,0.3508182796736431
0,0.17122958668050214
0,0.15544056185527963
0,0.11053659276760454
0,0.04248603885664528
0,0.0436189145915701
0,0.09088051811004372
1,0.7658776779502561
0,0.4244417706494487
1,0.6466628332556323
0,0.11377860671486395
0,0.023452523531337248
1,0.9414015020204881
1,0.20353283450707887
0,0.052361653037214906
0,0.030668711794138607
0,0.027347006368085087
0,0.1126500401363002
0,0.6348401878564548
0,0.28155377733845166
0,0.1519828412618195
0,0.11004844946860658
0,0.2958571963898246
0,0.24392338243452966
0,0.14889139793327563
0,0.10049189194830443
1,0.4001701498796441
0,0.20725245187683303
1,0.8929905389054821
1,0.9615517519978132
1,0.9519631521963979
1,0.9680976529892349
0,0.09337442865295723
1,0.7498444394469242
1,0.9455613801814011
0,0.2016080618686343
0,0.100725607331498
0,0.18753349616452927
0,0.5169814242591493
0,0.3350427579248626
0,0.4522919265025493
0,0.12137179763955695
1,0.3390306275446836
0,0.38633044341377604
0,0.14794137666629226
0,0.0738191818624288
0,0.05618529538208536
0,0.09765040391133979
1,0.6192355517904491
0,0.16050290142815907
0,0.23121834420779458
0,0.2819868391592107
0,0.23159095702048524
0,0.482143927390961
0,0.07516671638485088
0,0.16120354941558482
1,0.5053155764651328
0,0.2912986958800961
0,0.23404002471964494
1,0.7696019545189927
1,0.7995881810520821
1,0.917203220057489
1,0.3808266302171908
0,0.2573323880681704
0,0.14969979406725573
0,0.3836920167727689
1,0.4668587517166138
0,0.11845914489937719
0,0.1860407728864294
1,0.9551219509586145
1,0.9068894426314449
1,0.9814202486506144
1,0.5371893183213883
1,0.6194833014968677
1,0.6365038812013389
1,0.5582356418140044
0,0.10405414156632127
0,0.2220579908639384
0,0.2774710440302938
0,0.18754271105659495
0,0.28358282429305615
0,0.20188543943177892
0,0.3967400693572965
0,0.5869432941400482
0,0.31459864518822245
0,0.26895688731120704
0,0.3744502495769898
0,0.3900992395107561
0,0.4081083779315204
1,0.720934577045972
1,0.8636979290940275
1,0.6126933159648532
1,0.9656808615877328
1,0.8891180944490151
1,0.8859647473141411
1,0.876755949650083
1,0.8399597112727203
1,0.5479260945456915
0,0.28673355124296207
1,0.5967398643240507
0,0.03849577983637627
1,0.7771142099049515
1,0.7771142099049515
0,0.04423593962669444
1,0.5643974864898831
1,0.3581893579192755
0,0.23265967563172693
0,0.22080796297297264
0,0.06737623870396821
1,0.563696939174841
0,0.08455282569399444
0,0.08480308907031327
0,0.1956018810711728
0,0.23371128846866404
0,0.4968323167966167
0,0.06413943608450469
1,0.5908276739690285
0,0.09117217387751964
1,0.9077862207959925
1,0.9111961825245694
1,0.9259298311475425
1,0.7604253464470946
1,0.6373741084432394
0,0.04174720470890701
1,0.9668276265704917
0,0.1670497896593977
1,0.5784226369599818
1,0.42349556972027774
1,0.8979311408337393
1,0.34999934198578053
0,0.09065028904948598
0,0.09384883940655568
0,0.026970269947451463
1,0.6925126543826857
1,0.5027985196032725
0,0.048691952403769286
1,0.8899911546601426
1,0.9286729811593004
0,0.3783053275327437
1,0.9171365527137665
1,0.8057270417442386
0,0.28945245109049633
0,0.03599869723816508
0,0.15665375913072652
1,0.9531551963561863
1,0.7938636134574963
1,0.799768145123858
1,0.8137982378209747
1,0.9430687567479358
1,0.9430687567479358
1,0.7386931403316472
1,0.9533041667304263
1,0.6187603233080011
0,0.060086571441915974
0,0.03594585277029061
0,0.17474996835705242
1,0.8983767592133259
0,0.18886619639669502
1,0.7816162805563214
1,0.8588075040148476
0,0.05428731524269809
1,0.3799707560885271
0,0.09475267047606035
1,0.6987296852532221
0,0.06162207669758492
0,0.01620460130686002
0,0.2556886544954378
0,0.08614792256294139
0,0.09227796937990197
1,0.4166025719427875
1,0.8896079753598212
0,0.05703793342746729
0,0.5228343351117182
1,0.8800386036196903
0,0.35642482894700983
1,0.8214471021276224
0,0.1441375058101663
0,0.26174615475539925
1,0.9539703677767042
1,0.9437460670019039
1,0.977490101017301
0,0.21068169357142247
1,0.8364983959855163
0,0.5041184812013159
1,0.9771041435351966
1,0.4821204077833872
0,0.06874898467986885
0,0.3934589189474477
0,0.28529058973174237
0,0.19347870740633502
0,0.2698422562766511
0,0.14670901658319646
0,0.2831741846797397
1,0.7627011354062693
1,0.7116035661733365
0,0.11922529188613032
0,0.051852789755207566
0,0.058801897191190354
0,0.45867634874160434
0,0.197604558541681
0,0.38361962025858337
1,0.7952041360058162
0,0.020578268015586643
0,0.04069208552015105
1,0.9906162193413627
1,0.9857578999064011
0,0.07174322561501406
1,0.6387233293764736
0,0.13538915341056285
0,0.10395348909034716
0,0.0916535749786168
0,0.2709792092348341
0,0.19075195480277654
0,0.10262046215146009
0,0.025113572236504473
0,0.13417793050577975
0,0.31589973541583366
0,0.2703483086176748
0,0.5071470722717621
0,0.10903720266090541
0,0.041671054894784294
0,0.1353183315109137
1,0.842067446869432
0,0.06020137089901054
0,0.06579128634018794
0,0.22208865104704223
0,0.06394743590892016
1,0.865328395882245
0,0.3855888359558099
0,0.16024277825700647
0,0.03306917347940228
0,0.03549486633414254
0,0.23524733289915173
1,0.39042988865338907
0,0.09424111584171112
0,0.1268804092079921
0,0.08164734217641327
0,0.18857027907495383
0,0.19846294665857664
0,0.6779531082618806
0,0.7092253713909774
1,0.9870930380993711
1,0.97257187071698
1,0.9351357483828654
1,0.9618442978640711
1,0.9353305361315472
1,0.9280414160605502
1,0.9741153223620533
1,0.9361445350304097
1,0.9645555290620011
1,0.9779473750957741
1,0.971504458453047
1,0.9580888866902756
1,0.909081343094701
1,0.9111702087713198
1,0.9823247734979828
1,0.953860242249715
1,0.9622849249606142
1,0.9680784176751156
1,0.9649069759130168
0,0.15620478361563747
1,0.39836470059089246
0,0.07227259266795787
1,0.9505871757236687
0,0.055489877029945706
1,0.74314806993449
0,0.41075008059596985
0,0.3554520566921764
0,0.021532924028729146
0,0.25564124680476963
1,0.7501049178732413
1,0.7558829173086415
0,0.04462211735245159
1,0.8912758200106236
0,0.10157788911492692
0,0.1890853245834574
0,0.021865377811456286
1,0.7032231865218594
0,0.10237920162470061
0,0.18522288541092702
1,0.9308182481403678
1,0.9953729495318157
0,0.4102462222942276
1,0.8896572547271032
0,0.02565344038105343
0,0.39444090915571917
0,0.04994693409442049
0,0.33416320743829353
0,0.07691621208436393
0,0.3606009377854237
1,0.8553538066581996
0,0.12043446503819448
0,0.3363592137404879
0,0.233743472482028
0,0.07972163632704182
1,0.5823326751286738
1,0.4459696826152389
0,0.1411057867493586
0,0.11937981575254897
0,0.07484201189925789
0,0.1900888746896215
0,0.19179042945317953
0,0.09142421839004107
0,0.14706244847565286
1,0.9774941030549769
1,0.9707523150892018
1,0.610703864528534
0,0.21981256237759586
1,0.957567307686444
1,0.9497537781177042
1,0.9676337594277572
1,0.34256740709204603
0,0.06796427559568774
1,0.33388266981662
0,0.15885670553891812
0,0.2782095954997628
1,0.3164959671722457
0,0.20136634056172606
0,0.20566147448573832
0,0.18118967193548077
1,0.9672772261453471
0,0.18351950517796695
0,0.2280260937327301
1,0.9573441690428534
0,0.20369074666133438
0,0.1524931305982753
0,0.18187868897466775
1,0.9576459799543142
0,0.3266072953542987
0,0.21011870373300862
1,0.5916044815727667
1,0.9144859806245711
1,0.9697514526698611
1,0.9593813813782727
0,0.02223909106457407
0,0.008797486296139799
0,0.26779453303160017
1,0.551711093876783
0,0.143571764134848
1,0.8619581649382879
1,0.9460459074553752
1,0.8552537929181222
0,0.005577070562176048
0,0.011557806245598119
1,0.5308155448189184
1,0.40885906820538825
0,0.3123125564831574
1,0.969803971899441
0,0.27835329165635636
1,0.9634308842738629
0,0.13938823912884687
0,0.37158952249160965
0,0.1840716794288581
1,0.5118133325681713
0,0.013280423609844215
0,0.2153095735926454
0,0.09879984022070804
0,0.09399757721559246
1,0.8844089548350933
1,0.9724548248406024
0,0.3806178425736319
0,0.13493709200450368
1,0.7809493785671568
0,0.28556538272595194
0,0.07109430277379075
0,0.1263630346875113
1,0.9299987402824443
1,0.9742279368397948
1,0.7830930389736763
1,0.7448498018837489
0,0.05788327215849578
0,0.13446055115284744
1,0.7150494513532989
1,0.8802347405536826
1,0.8114482776904575
1,0.8488785056206134
0,0.6978072735551049
1,0.20482800554344785
0,0.18520287536465949
0,0.14614734137741756
1,0.9446996074747271
0,0.08189053512535947
0,0.13787134873148998
0,0.24430858056876092
0,0.18495530681602787
0,0.0487423527407357
1,0.8364952684132893
1,0.7124230245001337
0,0.24360765614723784
0,0.2814903559665789
1,0.5438992357898738
0,0.008812284303586208
1,0.8424186702263059
1,0.9184597544411509
0,0.04642887642457203
0,0.07582552480413664
0,0.09490033337380739
1,0.5573624412928976
0,0.12181181266241228
0,0.17325359491833736
0,0.33710480996322123
0,0.10801324201417632
0,0.10136541986980317
1,0.9202815919717914
1,0.978705439697276
1,0.8800918377597574
1,0.9820735882790739
1,0.9021209848739973
1,0.8994303523245866
0,0.0507603867490237
0,0.04940318406581979
0,0.14734015409047393
0,0.10650215741302894
0,0.04293519597652781
0,0.10474111690011302
0,0.06113244062806148
0,0.08382381944678849
0,0.3907772659315387
0,0.12773295174554192
0,0.15774568969154232
1,0.8396676438776766
1,0.9444540570792447
1,0.8921468858379188
1,0.9575616652635177
1,0.9087668324975079
1,0.9011509945149935
0,0.36256265648331676
0,0.45263433999428393
1,0.5097751154654532
1,0.8958168296223901
0,0.173769920877985
1,0.9117948268321824
1,0.9614971532156091
1,0.9893520791719785
0,0.03123994563911986
0,0.03466211763112187
0,0.03230547251296961
0,0.08027557077001156
0,0.1832767098878088
1,0.7424640404520858
1,0.6903127273756696
1,0.8922807526540965
1,0.9356227301217405
1,0.9515757984195161
0,0.19560263615902612
0,0.2791994920346959
1,0.9959677698989525
0,0.02270324145146529
0,0.04243797808748883
1,0.5821357958934376
1,0.9035954904049194
1,0.9009290284084654
0,0.03857325301669337
0,0.06592972281339307
0,0.15990422172497115
0,0.21890995551350703
1,0.8004734407267755
1,0.6967573597974498
1,0.7374961662923973
0,0.07062435725850913
1,0.6889659147819539
0,0.12197377621769206
1,0.8985122393555174
1,0.8681096349118034
1,0.7911475426623081
1,0.6878203006197082
0,0.6841093308206737
0,0.23711092717180673
0,0.23711092717180673
0,0.22602448118986093
0,0.10747036792960762
0,0.041942387757071424
0,0.05834830961939026
0,0.04108956015046309
0,0.052224943932698546
0,0.05419986750238621
1,0.9484479147174343
1,0.9316202493242896
1,0.8998457231917383
1,0.966224133746065
0,0.11397322131281783
0,0.2319255596698294
1,0.9384180482712345
1,0.747145072926091
0,0.4041755178230004
0,0.26200651539002945
0,0.08382224856100018
1,0.8763168564550387
1,0.8012872054422876
1,0.5722041299696287
0,0.38180257831083037
1,0.9336708523434972
1,0.8435175264677954
0,0.5408956760296183
1,0.5060996190883797
1,0.5650512271941036
1,0.8363882555119952
0,0.5157325547806482
1,0.9100395858909187
0,0.12946042935150467
0,0.08016756874326246
1,0.9452972643704339
1,0.9767704204429131
1,0.9605511379638562
1,0.9767704204429131
1,0.9914132642250617
1,0.9952434125955754
1,0.9952434125955754
0,0.20429142031942954
1,0.8008760671469874
0,0.05295466946544542
1,0.8296593085010069
0,0.1250199076804352
0,0.1123403536324238
0,0.01183575188006121
0,0.24361372821212834
0,0.11652040766969811
0,0.25230951640476385
1,0.9833312915751847
1,0.8677735981844085
1,0.8283142489187972
1,0.9293145615979532
1,0.7848797658289417
1,0.8646481446114261
1,0.8747464535232216
1,0.5464570844267304
1,0.8820261918143174
1,0.9075487512164103
1,0.6529233759806565
0,0.1451217874675872
0,0.3498515575607414
1,0.7778889368488923
1,0.9691531362865005
1,0.8564953498724863
1,0.9152507252235836
1,0.9841447512384497
1,0.8538103278453347
1,0.9517498685501903
1,0.9855861804043725
0,0.2711352888793852
1,0.4641044320209428
1,0.9026174305502612
1,0.7547594488934464
1,0.9240475882708403
0,0.19724119215012564
1,0.9158367427639621
0,0.2367914414045079
0,0.1665087325595525
0,0.18820906135611593
1,0.9658027536927629
1,0.8522589488288247
1,0.7607427314434863
0,0.14855804927699184
0,0.1429173278208367
1,0.44663437790648736
0,0.07628586406500298
1,0.9433973529747984
0,0.016829984423940098
0,0.01840045534215291
1,0.8328365892498415
1,0.9164491170989937
1,0.25632787071549673
0,0.02693150659664594
0,0.03959559021033259
0,0.057514055775634065
1,0.9273792008537575
1,0.8299835275205913
0,0.3173567869458303
1,0.9204052131154804
1,0.9548738220293947
1,0.8807881397215818
0,0.10604340214769739
1,0.9567257574718234
1,0.9726945666800862
1,0.9872473514046454
0,0.3715767537153333
0,0.16485044175549166
0,0.07696447139378787
1,0.9735241130432314
1,0.9325915286719334
0,0.13466633582170348
1,0.45043738559092933
0,0.08550441245085527
0,0.03187676829560288
0,0.32166939184217025
1,0.6089709340221097
0,0.3013241627418731
0,0.28016809509470536
1,0.885456561382974
1,0.733426158653403
0,0.05884385517913603
1,0.8752746148409266
1,0.4475883453852437
1,0.7881255141339573
1,0.6258604055445504
1,0.7600963233469614
0,0.12088440583422941
1,0.9938363561015021
1,0.9938363561015021
1,0.9828435214906971
1,0.9658127804336822
1,0.9629354764249359
1,0.9367657880041619
1,0.6415586903704861
0,0.15518941623451923
0,0.25851666524227274
0,0.18317200553441987
1,0.6160615917628811
0,0.23859658100909206
0,0.19328655921714288
0,0.2406516966092479
1,0.7508615454106105
1,0.752067666233535
1,0.6771878307578018
0,0.5104333337894426
0,0.12613232695703552
1,0.910461416099128
1,0.9173625102908503
0,0.13126118139237047
0,0.054840154065380314
0,0.057614098776041414
0,0.2964591275254359
0,0.09134178013998642
0,0.09252512657842359
1,0.9424949595193922
1,0.9424949595193922
1,0.9183487178842077
0,0.12213288105077452
1,0.9209993859324161
0,0.1223661605251679
0,0.10405983269061278
1,0.9660858708237413
1,0.7583883634531906
1,0.9809787788309218
1,0.9714966260931391
1,0.9180132401351327
1,0.8198661498443154
1,0.9292624777249257
1,0.9854274632960186
1,0.41673663112112824
0,0.300107036079319
1,0.933644606822221
0,0.08846957819708723
1,0.8445334100971534
0,0.21053653771321287
0,0.18835249685020294
0,0.033400127877576305
1,0.6960740609769037
0,0.08770678876415726
1,0.9142088752255778
1,0.9344716207775002
0,0.014397482191025757
1,0.7912096241741782
1,0.6182579195991521
0,0.47364576465034985
0,0.6313603096179052
1,0.9198771747267609
1,0.8326852859041626
1,0.9851893084976707
0,0.03905755492217857
1,0.7064546471699605
1,0.9712405615991165
1,0.9508743758446206
1,0.8285025842963128
1,0.7900996289158033
0,0.05417278089605258
0,0.12306779665024802
0,0.09322063004296768
0,0.31873055470239026
0,0.16515028836091794
0,0.1918093942899388
1,0.9638700904565543
1,0.9356419910633041
1,0.9035110821701607
1,0.9668260955837366
0,0.3645528335906418
0,0.08924901836439918
1,0.9730279136238983
1,0.7892788502074596
0,0.019888095491097525
0,0.24309285376987794
1,0.8348582796384071
0,0.022651717673221904
0,0.025405400761329147
1,0.5877827926710972
1,0.9079069045269472
1,0.9470268673991962
1,0.9447081466739469
0,0.13268963251115098
0,0.24901631273786431
0,0.018364049058997488
0,0.21350730312944508
0,0.18010812585684072
1,0.9682083385784275
1,0.971481718826512
1,0.971481718826512
1,0.9685467048982066
1,0.9874734698737909
1,0.9325040033255361
1,0.7147319305276433
1,0.6390041204112237
0,0.10181579075055089
1,0.8090488704311402
1,0.939765958264402
0,0.1930749755752298
0,0.40875250927594053
0,0.5176616801835777
1,0.9796998638826808
0,0.12103750606884268
0,0.16027006401996532
0,0.11424575062140967
1,0.5866449959743169
1,0.7543637333396169
1,0.8605680036920461
0,0.2921662964190797
0,0.1268822092515981
1,0.8393539987686102
1,0.763264843921154
1,0.6485546232944505
0,0.060905021760442477
0,0.11494751308433178
1,0.7121238711332989
1,0.6985720539795499
1,0.5833315584409645
0,0.16734172447902615
1,0.3823993477266793
0,0.28225959199992556
0,0.09437968944992937
0,0.12285169754838261
0,0.0815822226307322
0,0.043958564224090696
0,0.05858679869015368
0,0.11503942344906169
1,0.8177132058539311
1,0.7264350400474652
0,0.15328778002795876
0,0.157822197329415
0,0.14998077224942072
0,0.6350200909016044
0,0.2737267110385606
0,0.4131576759384795
1,0.5514077582569157
0,0.3080862704489771
1,0.9180130031682256
1,0.9233098824740502
0,0.14238021305889023
0,0.33262162926815736
0,0.28960101637700014
1,0.7925858744472603
0,0.14446839179961954
1,0.9441588771046067
1,0.9423162396885832
0,0.0877675309370137
0,0.09925190858759232
0,0.018394066768830094
0,0.02091349417036786
0,0.06415267487511032
1,0.9488552149494689
0,0.2729621144649473
0,0.10969920499181876
0,0.40574554160175114
0,0.037212643353625834
0,0.046491041297127944
0,0.0968101825596042
1,0.6931087970124267
1,0.5714244489273382
1,0.8509811909729741
0,0.11777816796886716
0,0.14584159277047426
1,0.8612292742657649
1,0.6184942009207672
1,0.6541328716448356
0,0.40890363043684186
0,0.3639446927254661
1,0.5357179243421767
0,0.16057921448244547
0,0.3739089197503713
1,0.8060528265872194
0,0.3217904083230391
1,0.48858199260453883
1,0.7967242844982384
1,0.7992657467688656
0,0.21691968464342096
0,0.3590217883127607
0,0.016908093744149765
0,0.12652242516596
0,0.14101245367855614
0,0.10218104813240256
0,0.15811227559809776
1,0.6671074337470498
1,0.4356439514633743
0,0.02450803485664684
1,0.9040935669360036
0,0.028895809142184915
0,0.059243088179522875
0,0.15578135860271802
1,0.8749393414956488
1,0.7834858459155936
1,0.9164841380725506
1,0.9516655880656956
0,0.44135265146210495
1,0.7333584447571833
0,0.13252367285028457
1,0.18669069831915727
1,0.6064593751441103
1,0.21620606460485906
1,0.27934601328894654
0,0.10943712781938805
0,0.1712495174778251
0,0.020941585473974702
0,0.08282420275063053
0,0.12042814200352354
0,0.17152908226832703
0,0.061522427088524526
0,0.024581622950130826
0,0.11596457425114617
0,0.07714958945094834
0,0.0346042782903364
0,0.09803451398714008
0,0.0538660463472442
0,0.18497375472976565
0,0.2633624939736965
1,0.9061980135944769
0,0.06961600558150441
0,0.07266558543825472
1,0.46893401122921907
0,0.06393925978359241
0,0.062137027446194114
1,0.9787348906770991
1,0.9787348906770991
1,0.8088588430384794
0,0.12214846690938565
1,0.9866096244679222
0,0.08589859289251536
0,0.12006979094582938
0,0.4231899072567827
0,0.0985928262176355
0,0.05356639081784926
0,0.04183403611233484
1,0.8983382738566188
0,0.05087387709998887
0,0.029849809322669917
0,0.04858413284585509
0,0.02393403316975518
0,0.13540574051786444
0,0.12341577379031927
1,0.681359614595502
1,0.6515107340700035
1,0.7885910078191138
1,0.6461503507970104
0,0.3375059500400853
1,0.5543178482184158
1,0.7670628673286903
1,0.8218333725655753
0,0.20531359805401084
1,0.6486305217414801
0,0.10898500427333957
0,0.08208522949161468
0,0.04627753818383672
0,0.05665895932092935
0,0.1289457737942749
1,0.9370528296766465
1,0.9193282526092268
1,0.9655101454521126
1,0.8500780466473349
1,0.872529101846103
1,0.9447940073647705
1,0.8674106617644386
1,0.9695255456128886
1,0.9742852367672172
1,0.9208714695113352
1,0.9843445771581046
1,0.9568937373354678
1,0.692990207808176
1,0.9537814554129952
1,0.9060029935871502
1,0.974604241173574
0,0.033803900120244576
0,0.04131993305290199
1,0.8343118654144025
0,0.16844942533840596
0,0.19549188265543588
0,0.1617317634488487
0,0.16459343723529127
0,0.2007982631435929
0,0.2681835098308393
1,0.5549152003053941
0,0.14620901768405503
1,0.9350189899251358
1,0.9500462667128436
1,0.5734225808249717
1,0.8279034921026424
0,0.2001266075457757
1,0.3965808558796529
0,0.25525406833060854
1,0.7789827263225657
1,0.8863264996622344
1,0.8283275841705025
0,0.032956691165838145
0,0.2155613137793027
1,0.6781417154465568
1,0.6485363949350949
1,0.8095388409916175
1,0.9466894427067337
0,0.17846540274160125
0,0.06269026882485211
0,0.11328605907585962
0,0.27319296781935654
0,0.2667964023409725
0,0.3765857443419512
1,0.47882622449353507
0,0.5369229400821892
0,0.2451877789893418
0,0.22051063469429233
0,0.06021740382689606
1,0.9459465327804423
1,0.9690006078590225
1,0.9277923896810231
0,0.3769797411494337
0,0.06796641397146762
0,0.024261003192173183
0,0.621635806105215
0,0.24446008891426743
0,0.5032368873525853
1,0.6244144741702229
0,0.05186855735742799
1,0.8688337873514796
1,0.8489825848232819
0,0.16590236154937693
1,0.8931188114306104
0,0.19278799191272664
1,0.8681814334046785
1,0.9257799699819217
0,0.04546851335738179
0,0.25818689563147357
0,0.14650162982293877
1,0.6155124555093157
0,0.17176372074050344
0,0.06988203554486301
1,0.9788846008083705
0,0.14106713635541063
1,0.7173386703742234
1,0.7842658159379109
1,0.578082823724066
0,0.18393907928011394
0,0.21255662789684432
0,0.4509840059141663
0,0.26186405682534386
0,0.5863556364721911
1,0.9701420941843528
1,0.9802233769888403
0,0.1029472253570387
0,0.22715030523540394
0,0.12239709084966591
0,0.27046454798191993
0,0.25778478972867275
0,0.2416621222149836
0,0.1873855432529695
0,0.08872342245492705
0,0.256357444493351
1,0.8729445777524112
0,0.407843589652863
0,0.44787675223448353
1,0.9780898486219677
1,0.9942982333642082
1,0.9942982333642082
0,0.23415117586167927
0,0.3459912862436317
1,0.6644120108720094
0,0.08192908661903336
0,0.055799335703210606
1,0.6530607467293708
1,0.8451885529127224
1,0.362905541561698
1,0.7447669532745209
0,0.17981617590154989
0,0.16260335362577225
1,0.23162351852975618
0,0.16394363031238388
0,0.334443552914253
0,0.0981873720426594
1,0.4708382921034786
0,0.24211515417265475
0,0.33383824748343627
0,0.05991161341546529
1,0.48986693449077756
1,0.717375882395296
1,0.998211942131472
0,0.02103603361057157
1,0.9644883780687523
0,0.3757519214830021
0,0.0974853842257878
0,0.07038488700741148
0,0.03215368459078023
0,0.14796235852206036
0,0.14787153021745128
0,0.1862377738480286
1,0.6535903400829545
1,0.8803188972436385
1,0.8613987484259583
0,0.4932579170253287
0,0.08559098813735999
0,0.045618627652188506
1,0.9821855133960062
1,0.9869680389405954
1,0.9876063266871181
1,0.9774838085300178
1,0.982346707935485
1,0.9890319170814272
1,0.9878174592307808
1,0.9873256582988127
1,0.9892394301284196
1,0.9873651129119818
1,0.9549401567396576
1,0.9706337496278014
1,0.9842793825768693
1,0.9745935530251093
1,0.9658307235280774
1,0.9448895197521299
1,0.9825949103194785
1,0.9860318205871013
1,0.9877032542095519
1,0.5310853655282967
0,0.10735375652371618
0,0.2809106706682586
0,0.22311882724745447
1,0.5109778571677304
0,0.20506701110644218
0,0.061045833101830774
0,0.333237693530544
0,0.3244822940752576
1,0.8288645263895152
1,0.8820144317997033
1,0.8425899876772899
0,0.1416652370742964
1,0.7249893638607154
1,0.6981945090268318
0,0.5291609224318914
1,0.5468275955636623
0,0.2132282841549776
0,0.2726897477509062
0,0.29769943918154923
0,0.15110486309172022
1,0.9504508969753671
1,0.3074683391374073
0,0.03673756682791528
0,0.08104058030695245
0,0.4789201713356878
1,0.4873067477511534
1,0.43429166558473015
1,0.6287384007890008
1,0.970735600119157
1,0.9763017844307182
1,0.969814129036559
1,0.9629643681424359
1,0.957156644916468
1,0.9773754527863995
0,0.09312448251549525
0,0.18838777606376292
1,0.8228107856501031
1,0.9254960160093992
1,0.9365002870085005
1,0.8366552892366715
1,0.794769372793986
1,0.8808174452117259
1,0.8970727953954775
1,0.8786269173098246
1,0.9172402659489506
1,0.9353838655952372
1,0.9120912368133347
1,0.8603978125953698
1,0.2253404066923249
0,0.044585210729069104
1,0.44904820347828883
0,0.14769731700728056
1,0.9433880352835414
0,0.23096072186898126
0,0.2282995918615715
0,0.034425189815598015
1,0.8596202581390456
0,0.021898675421228034
0,0.1448972467131102
0,0.047940035564218386
1,0.7742864600932448
1,0.7828678228422922
1,0.5186921564980727
0,0.033456869217217064
0,0.023333873458927127
0,0.03257393792370267
0,0.03938237908703188
0,0.033433904234992325
1,0.7632073818143492
1,0.7747677522024247
1,0.8460903913519935
1,0.6732125686905417
1,0.6974161307233747
0,0.35828619857740085
0,0.2913874772136151
0,0.4797761696990171
1,0.8278119544076502
0,0.08448477245026607
0,0.09296558214714178
1,0.8440162111825213
1,0.4574526158827111
0,0.06436780523317864
0,0.0474212214837142
0,0.09003901275637298
0,0.1122449886733608
0,0.08660962736914211
1,0.8995847720876469
0,0.11967755438060587
1,0.8707124304863129
1,0.9405077745316034
1,0.9944057531457043
1,0.7454501796048794
1,0.6737605618383172
0,0.2179875490781316
0,0.014987926891705833
0,0.03783439749476424
1,0.5269811586754519
0,0.07109670799893267
0,0.07956156815631221
0,0.0746904554784003
1,0.7698584147180891
0,0.08291547074253452
1,0.839579082071323
0,0.08848266327578397
0,0.1386527807324663
0,0.06981997655699623
0,0.4554890239736881
0,0.23217135280115372
1,0.550230711273761
0,0.07355895124833012
0,0.04385299413816837
0,0.6722968863553849
1,0.9835811118725356
1,0.9891867466459312
0,0.12040674155538311
1,0.8465134644040312
0,0.15410467417186932
0,0.11198603998726499
1,0.7492357088352779
1,0.6414005412713947
0,0.13798244656179873
1,0.978782316234595
1,0.793637577931849
0,0.2280282401501757
0,0.07960753020735653
1,0.7879365871832084
0,0.33858924948987024
1,0.5636215890213183
1,0.7375639720632817
1,0.8198288613112727
1,0.8960199113376371
0,0.5094731609485752
1,0.8904548669241164
0,0.03523599986700715
0,0.0906338945734639
1,0.8451568282884893
0,0.10159689266117261
0,0.07273547890523309
0,0.20733466025834316
1,0.673837448618159
0,0.29553955582410546
0,0.0732685609619466
0,0.3802622986628688
0,0.06486039788366033
0,0.04955138938815402
0,0.04486110757564572
0,0.03029512608419334
1,0.892715452710602
1,0.9625717552229308
1,0.9133169554169137
1,0.9068347210276624
1,0.82619566438758
0,0.17383581379224458
0,0.13633546990586176
0,0.16214048497441005
0,0.1564720499032167
0,0.12209887660657288
1,0.5153046834393223
0,0.0329522387922816
0,0.17332378655652078
0,0.22080921029944256
0,0.3824597409587852
0,0.14146207732822336
0,0.13493458665426467
0,0.303246030313221
0,0.14876615607179497
0,0.06556407222796345
1,0.7924806721605973
1,0.9889216066975444
1,0.7742285635083105
1,0.9800544890494167
1,0.9933229310369596
1,0.9717112168438206
1,0.9647805927528292
1,0.9617673038122421
1,0.9617673038122421
0,0.22224181008059005
0,0.133484254109816
0,0.16022363145623394
0,0.03669583613626886
1,0.9156280017898614
1,0.9289032774118876
0,0.0923176296768044
0,0.20981846792906783
0,0.1482066416255955
0,0.030106699428936522
0,0.19743451314703514
1,0.8171379820669669
1,0.9972806845306814
1,0.9954265760598502
1,0.9844712626166107
0,0.16559768007559264
1,0.8663088329147004
1,0.9527169452838722
1,0.9589057909775975
1,0.9466962665164556
0,0.17574699709792493
1,0.5723192923458038
0,0.2887661169425435
0,0.12038964364287967
1,0.5118088387064642
1,0.876828257738676
0,0.06047031111690475
0,0.035499110369748725
0,0.0811317040162056
0,0.29577790526007924
1,0.6156433633971317
0,0.057330419849477086
1,0.7237744138975233
0,0.08320344069999336
0,0.4485604899267055
0,0.03735105881616821
1,0.9201184085717515
1,0.9043283007589936
0,0.07649899154331387
0,0.06794215484967552
1,0.6994035218239337
0,0.09148818700278898
1,0.9329634754291046
0,0.17900840417203742
1,0.8724548524117594
1,0.8269077606459716
0,0.19342402450000923
0,0.3885353819714189
0,0.465267999721082
0,0.14654729545553455
0,0.17232239589666093
0,0.2012592449817388
0,0.198729417514531
0,0.210205204178115
0,0.4297574829212211
1,0.9501296699048793
1,0.5879386976201328
1,0.4210843074683025
1,0.9618240089011241
1,0.8670539667141713
0,0.24794880475452022
0,0.04225920987216879
1,0.7135231206282089
0,0.19323725431978653
0,0.1046267807827777
1,0.9643809983582041
1,0.974060913481669
0,0.1620895406349704
0,0.0546605390845736
0,0.13542291312261043
0,0.20217518051890862
1,0.9325091768247991
0,0.2668171456732479
1,0.3946378978777316
0,0.0455613715505138
1,0.4942610189285648
1,0.5776202665720963
0,0.07374481022823055
0,0.15753729824919427
0,0.21238268134332738
0,0.049757120539966004
1,0.7644417012777096
0,0.15265109942082458
1,0.5689642840386324
1,0.7535265404715296
0,0.2167676618102796
1,0.9560456658564783
1,0.9035229266741746
0,0.06225338662809322
1,0.9241968250598037
0,0.03777369278496572
0,0.026859443703212863
0,0.015165157993747815
0,0.17583188780387685
1,0.6638424153998147
0,0.355912635205902
0,0.07336661158303691
0,0.02960307772790609
0,0.20511672122185556
0,0.2399549626261613
0,0.21176717587695437
1,0.8031516323288255
1,0.8837011515060244
0,0.20993181802269192
1,0.6922681888930896
0,0.06340523914013692
1,0.6983415457520062
0,0.12228524092738415
0,0.04473377136836876
0,0.2609897128770832
1,0.8625237746439128
1,0.8452499641641538
1,0.925646167300376
1,0.92563199722036
1,0.9446958149761123
1,0.9057080670589611
1,0.8934397215456011
1,0.8358790648932131
1,0.8168395971558604
1,0.9627960525218597
0,0.12094892521026276
1,0.9631679199883952
1,0.991251799949571
1,0.9707010307850574
1,0.9869736597366261
1,0.9877059529844814
1,0.9915907353780278
1,0.9770564723016408
1,0.9794092850348689
1,0.9881362528078659
1,0.9934232600732888
1,0.9891164053073339
1,0.9709648320230574
1,0.977510680730404
1,0.9834925752463082
1,0.9815744841791632
1,0.9923729529743656
1,0.9918675488279557
1,0.9840992626074222
1,0.9810564818008146
1,0.9746744069574842
1,0.9813744307593282
1,0.9849760714356838
0,0.08768830107271111
1,0.8579704439486479
0,0.06189258747383207
0,0.08008357424757512
1,0.5012157737578758
0,0.10705976459831253
1,0.546161211660326
1,0.97155632593088
0,0.2687286183339757
0,0.19593685851891143
0,0.22160744758480028
0,0.1563752296208069
0,0.031654775923682786
0,0.010216683455323146
0,0.023208697178069768
1,0.909894312507271
1,0.9490328086562961
0,0.3331193401608518
1,0.981975998599785
0,0.039329390483255684
1,0.7791947865794759
1,0.8758468851297763
1,0.8880679318539804
1,0.7887521829479895
1,0.8854840872129648
1,0.7718195487821995
0,0.0697062129521435
1,0.5639369532554355
0,0.12109588356287525
1,0.9019982688614769
1,0.6823884396983603
0,0.0754222891958764
0,0.09044562686251595
0,0.03644709311422535
0,0.07586375903497419
0,0.030672265080481143
1,0.8754887373732899
1,0.8775604662907939
0,0.1050441882213642
0,0.10698317966473808
1,0.6870640654173717
0,0.05596937099752901
0,0.20946616576596278
0,0.40234325033190527
1,0.9466118740579449
1,0.9288837296269702
1,0.8802833340537582
0,0.15520301094320815
1,0.6501881534839048
1,0.7484623824620115
0,0.5656972311838141
0,0.2292495832214392
0,0.04375634705467578
1,0.6325866371014662
0,0.19929699035896872
1,0.9684263753086347
0,0.1610454161763597
0,0.22988317141634138
0,0.166858473760201
0,0.43113385928822945
0,0.2969559380996472
0,0.24463660786375493
0,0.07977227523660384
0,0.28452214865640857
0,0.17905938538503482
1,0.9594750835201094
0,0.1375320583867944
0,0.048805347715718386
1,0.2412461801610273
1,0.6669270264346417
1,0.5837023831174284
1,0.621666350346873
0,0.02578482942522927
1,0.9540338682403695
1,0.9304506546773005
1,0.9541439285474942
1,0.9505059346245291
0,0.34490674826439927
1,0.9817195987554492
1,0.9818824653696019
1,0.9192618967625249
0,0.38122761440564656
0,0.09693439213838384
0,0.026852305377373084
1,0.7070675457525891
1,0.9341982239560602
1,0.8889046003576486
1,0.7253248099750829
1,0.9221766629498198
0,0.16033417399449879
0,0.14072591599855175
1,0.6378709526940115
0,0.07267867313406243
0,0.1070581677082018
0,0.12683600572578646
1,0.9423990404203269
0,0.050796078365571075
0,0.13706401487788877
1,0.9354218715563004
1,0.14144929959445085
0,0.06637021832424564
0,0.3861892621593373
1,0.27676543462157804
0,0.15778075858293328
0,0.2812481567475967
0,0.20848117633443133
0,0.12175863313528902
0,0.03217844207258127
0,0.126967205259145
0,0.13031468821250727
0,0.12478273704447021
0,0.14889606242107808
0,0.11168136611551178
1,0.9551034507982619
0,0.47874113252651945
0,0.026789094248950377
0,0.12273126542531825
0,0.10828221409293351
1,0.9759266728959538
1,0.9843611311930648
1,0.9717399175065378
1,0.9575133210752642
1,0.8974658367741755
0,0.23631979048516444
1,0.737789998140138
0,0.06278498910531814
1,0.9542822434838396
1,0.9125737902046009
1,0.9728752394199013
1,0.8045474644571398
0,0.030523834824515008
0,0.3874699714647151
1,0.7755919281592839
0,0.20952405680617697
0,0.11714516468929802
0,0.16169634809507083
1,0.9554710698727804
0,0.07771419481314568
1,0.41132538486150894
0,0.19422938991948455
1,0.9450730003056574
0,0.06398984084608512
0,0.02374977118323372
0,0.026203119596316982
0,0.03259232676867122
1,0.39380325377008646
1,0.9667302989935128
1,0.8724695577405321
1,0.8446256153753268
1,0.979126321802923
1,0.3878537809705096
0,0.1608655214622428
0,0.3308106242351796
0,0.10253424538967562
0,0.06549138423530104
1,0.7619686863916255
0,0.3261132007593119
1,0.9874447170545028
1,0.7889825071685327
1,0.5069791754097929
0,0.15829087167136408
1,0.968761923864373
1,0.9892854158017633
1,0.99235090469034
1,0.989276774000052
1,0.9859847203281248
1,0.9859860436047755
1,0.9905705354471139
1,0.9851693201720547
1,0.9900805856590502
1,0.9883452626506076
1,0.9892854158017633
1,0.9892854158017633
1,0.9883452626506076
1,0.9947990211965908
1,0.9870930427221428
1,0.9938160726017524
1,0.9677711598224843
1,0.99235090469034
1,0.993748259546641
1,0.9953620318799196
1,0.950228227009534
1,0.9863041566744684
1,0.9917671922092812
1,0.9871653191908754
1,0.9950391493764645
1,0.9939381554041673
1,0.982659238923906
1,0.9869457367622034
1,0.9962312176809964
1,0.41595861103536935
0,0.1798028475530357
1,0.42514170370962373
0,0.3951821558759046
1,0.9292436548015042
0,0.03997989635896908
1,0.913442189858335
1,0.9746081406717396
1,0.9651712787694979
1,0.9648066595598914
1,0.8040551311392065
1,0.7696016948326505
0,0.22573262759303553
0,0.072074277642545
0,0.2091308886186662
0,0.09967892890523163
1,0.25435836159635294
1,0.9550115655541795
1,0.8653348489646142
0,0.04791895644986581
0,0.12391458271927201
0,0.2878922417362463
0,0.2374688787971633
1,0.42649428955876173
0,0.016808742050919177
0,0.14552936795399563
1,0.5268011696957114
0,0.29362631816987766
1,0.7807764821419843
0,0.14396318303993105
1,0.9490289921459722
0,0.03245185031836174
0,0.08974708303650072
1,0.942795263709394
0,0.049752426600981066
0,0.12757496009842195
0,0.3888392316342088
0,0.11776807302628696
0,0.10876440295639711
0,0.043548890744842784
0,0.25628649006297466
0,0.34133745990082653
0,0.16358781893993038
1,0.917670079793531
0,0.2394971833036832
0,0.16354541569696243
0,0.14315185418156262
0,0.08361354450682579
0,0.03883582031070084
0,0.05190966729794336
1,0.8284902001445837
0,0.10999918881757387
0,0.27232773700454327
0,0.04303185532619692
0,0.05819244106335521
1,0.5896859525896407
0,0.18309289871838522
1,0.684205524765226
1,0.43817323478598524
1,0.8844953284957648
1,0.7584599668556878
1,0.8815921855405402
0,0.12093866159659156
1,0.9198894001917439
1,0.9156072296018676
0,0.012235713008301398
1,0.9079495910452455
1,0.522337950219022
0,0.1410131588084452
0,0.09640497537289654
0,0.4685987990848075
1,0.9133186587303356
1,0.8188010533948559
1,0.6772608073060504
0,0.21094141525943658
1,0.9871175207964716
0,0.16041456353572178
0,0.03246224232970828
1,0.9766982028312987
1,0.90228203665241
0,0.07744905951858623
0,0.10030761880191569
1,0.8847929172989419
0,0.1830620499872151
1,0.8360706764744238
1,0.4927683578399972
0,0.0694377167750612
0,0.21232510776897123
0,0.07072223031751283
1,0.584969120641816
0,0.0816134762693176
0,0.1894656740089561
0,0.17108292126294836
0,0.15510592173358012
0,0.47136248325291713
1,0.24249991083251804
1,0.36963951593227196
0,0.2568409294690717
0,0.19067375595090122
0,0.09997820977206896
0,0.13823520152735677
0,0.3686743733822989
1,0.9565911443352467
1,0.7521537951431465
0,0.05372364792017667
0,0.07286889757758915
1,0.9170886887039784
1,0.9188966599850347
1,0.9793597587166915
0,0.06484170375825157
0,0.07177253677641098
0,0.03336122081261849
0,0.03379983155203704
0,0.055208845241263654
0,0.24590732751600738
1,0.7871911782502946
1,0.9142778940558439
1,0.5391715790801951
0,0.22979923590079587
1,0.9457303821287696
1,0.9837530503387374
1,0.9598199217657821
1,0.9511643336632375
1,0.8878306029230867
1,0.9728384713361415
0,0.04493706271751978
0,0.043658742342556074
1,0.7651235043569655
1,0.3561088284005528
0,0.15992786391146255
0,0.16209689577879016
0,0.11498124459026991
0,0.14801490628885758
0,0.17479622360572816
1,0.7262047135291789
1,0.7485849506910386
0,0.3336339154540225
1,0.9589359121470175
1,0.9455956288936707
1,0.8881890407838147
1,0.866325609961412
1,0.617490168109698
1,0.617490168109698
0,0.2576439333970297
1,0.9553344880911155
1,0.8632668541129461
0,0.049466292397644135
1,0.857627790404842
0,0.10043318739084901
0,0.07572543089657505
0,0.07039933307795991
1,0.9575802436059976
1,0.9122263832708837
0,0.5761450603743675
1,0.601650962034767
0,0.04359266346773555
1,0.8228405245643441
1,0.9513106512571361
1,0.9372831718406853
1,0.5869166969775397
0,0.13439513364594427
0,0.15622123940438867
1,0.5484050400327879
0,0.17289891136808955
1,0.8691641640717324
1,0.9348876289643783
0,0.12460679654807014
1,0.5907046841737355
0,0.14840856077519654
1,0.779732452045154
0,0.17767352405765688
1,0.9947341608124751
1,0.35133205503759624
0,0.28263347880748235
1,0.767591923380016
0,0.09363376136919727
0,0.06464588006774706
1,0.9041755162187113
1,0.8596639990601342
1,0.7748444435701594
1,0.848504163829781
0,0.400151870805855
0,0.19610692623213635
0,0.19546435115726915
0,0.14249655454275348
1,0.6306871464077652
0,0.2756722075546207
1,0.9687542436033669
1,0.9806347179063045
1,0.9806347179063045
1,0.989511229448755
1,0.9824501062640796
1,0.9824501062640796
1,0.7769474625137535
1,0.8682700706250762
0,0.07689924132021543
1,0.5961091805667621
0,0.46517188761414124
0,0.16677275972040084
0,0.31211220534920286
0,0.2744143029192424
0,0.057901258314867476
0,0.0443565640749677
1,0.9347087783944528
0,0.03282431732871655
0,0.060770404531301496
0,0.3547563957968414
1,0.771650133791728
0,0.2334363393293633
0,0.1780106629723797
1,0.6718173921341745
0,0.07123825512139013
0,0.1463720938065459
0,0.3725224414472007
0,0.009834900921126688
0,0.19664278519586745
0,0.2967287289691605
0,0.4291352106422079
0,0.5202041149958165
0,0.12034574648857999
0,0.09904416576763043
0,0.2097191500368419
0,0.06734731427722536
1,0.90200203333093
0,0.07568908532689526
0,0.08358578081870076
0,0.16318937927031194
1,0.16059675735259282
0,0.042222660376122184
1,0.8660708018828916
0,0.28461665569148165
1,0.9395681247170473
0,0.1593396478268928
0,0.5623563208426168
0,0.06586052474028943
1,0.9904686977972379
1,0.9904686977972379
1,0.9881980572813315
0,0.16690604634493406
0,0.07854016227166799
0,0.35798503609099475
0,0.5321249754655436
1,0.854792308516419
1,0.9438517335039655
1,0.9323577530013207
0,0.16416474129878902
1,0.8081769099435382
1,0.9319049359686744
1,0.8516708939681613
0,0.029813023019826284
0,0.04211031668642353
0,0.03937520936972736
0,0.057571383189531304
0,0.3240026741586369
0,0.06749160129961089
1,0.9583948474033459
0,0.08830162084802201
0,0.030306115678851615
1,0.5160742709207569
1,0.8901104635683303
1,0.9094707484912592
0,0.10407427082108231
0,0.2613916413199068
0,0.18216129541676063
1,0.9916728078939053
1,0.9641071386306733
1,0.9888994194406863
0,0.07651224420355865
0,0.05030181326517931
0,0.0649775036158775
0,0.05368607671706201
0,0.15816923334214988
1,0.8999331286866905
1,0.9689326153194644
0,0.19861512784558574
0,0.10867782477313649
1,0.9193702443668965
1,0.6808820360465885
0,0.05263674016008364
1,0.7277934156737617
0,0.12793382407523884
1,0.5311502413898848
0,0.02901551605377406
0,0.070784864788032
0,0.24250824361175174
1,0.8790385915430028
1,0.85265162285687
0,0.24165013004219843
0,0.07908861266515495
0,0.11773883333546065
0,0.23392510889824686
1,0.9961051194633279
0,0.0640886971693434
1,0.9871397267288216
1,0.903946754309361
1,0.8288967331426428
1,0.5585257335404034
1,0.9653195534107407
1,0.9864388352434059
1,0.9831473504560502
1,0.70575246908418
0,0.5019555115687703
1,0.8941617443079504
1,0.877288110830027
0,0.0992653204672588
0,0.21782816092521046
0,0.2891134206853564
0,0.24953032946286302
0,0.0856401150710444
0,0.09271423295061962
1,0.859749710413424
1,0.8256285662739192
1,0.4979140611548506
0,0.03215628467536294
1,0.23561755831679954
0,0.24202199503577831
1,0.9039977728340508
0,0.18961489791603336
0,0.6179946456334997
0,0.033661438277382855
0,0.22189914370016517
0,0.441455797912728
1,0.5187056965847423
0,0.4008468584225312
0,0.20632483549510688
0,0.6506268970509491
0,0.1836489314457932
0,0.09351212685418936
1,0.9187694043618106
1,0.8118403416374894
1,0.7279300886767028
1,0.36795190723837323
1,0.9935363962118803
1,0.9902718814589627
1,0.9872094446909836
1,0.9936845841434121
1,0.9922246128089104
1,0.9963417146855166
1,0.994159374300824
1,0.989850571376286
1,0.9899601136758378
1,0.9963528484514341
1,0.9884605383893391
1,0.9925840939132892
1,0.9931051806467397
1,0.9906849057126973
1,0.9924051580357817
1,0.9963836680909668
1,0.9937923566840773
1,0.9967772095887157
1,0.9935131710128581
1,0.9931316959441221
1,0.9954112183751291
0,0.09669814186739092
1,0.8981611501202631
1,0.8640288175341451
1,0.7109459679597041
0,0.09341699630481219
1,0.9806973320695834
0,0.112172248374791
1,0.764984870254724
0,0.23634285505650102
1,0.9548362973602741
0,0.12493780456875742
0,0.1740463772924441
0,0.370753103414805
1,0.7993541902302631
1,0.9203033596913258
1,0.8408295789473519
1,0.7363967350465994
0,0.3164045848671331
0,0.07675096443264155
1,0.6930467201143606
0,0.19229458222567936
0,0.09511051489432117
0,0.14443238146765308
1,0.7429754975217672
0,0.09922991549417703
0,0.0516688324537093
0,0.10362752210692078
0,0.357884021929978
0,0.08434591464491484
0,0.12463241541772017
0,0.13482647598539305
0,0.14545463828387947
0,0.3740787730560137
1,0.5828131065175708
0,0.4070498202629771
1,0.7712708672436618
0,0.10110274547278784
0,0.08465219123311475
1,0.5921078047361447
0,0.1357238283722218
0,0.46172495494371674
1,0.961166711381626
1,0.9534038249264606
1,0.9445015491568355
0,0.08433557266455574
0,0.03347277157368893
1,0.737284409036874
1,0.616148675855045
0,0.24078372229984069
1,0.7764952211753056
1,0.8064201108114514
0,0.33944278166574715
1,0.6648512986078291
0,0.4359529780031743
0,0.048224462271502976
1,0.7356302233191482
1,0.5601536348044139
1,0.8451656389984357
1,0.9612642481651724
0,0.21718636657819293
0,0.06355737423286822
0,0.08958844555123467
1,0.7993062299378715
0,0.07363665118372822
0,0.03871354577315787
0,0.20093780135343414
1,0.6788136755132953
0,0.01738694654699552
1,0.7716187328913516
1,0.7947044648112919
1,0.41075834384162085
1,0.9821972782981481
0,0.12586654571346076
0,0.108832366566289
0,0.11063982385014115
1,0.8790341955486068
0,0.3251913058617825
0,0.2636910578543475
0,0.44619304387680414
0,0.4983320920144152
1,0.8636615504356466
0,0.305813950906176
1,0.2794856742978503
0,0.0792185474988307
1,0.6143520205502784
1,0.9844984900865266
0,0.011378389410961925
1,0.8969029936601101
1,0.8572579789826226
1,0.8171336620915629
1,0.8939901545310749
0,0.16229556350692445
0,0.2128928402135164
1,0.6366986795336871
1,0.2503592214097074
0,0.14059329125454123
1,0.9568226758049017
1,0.9536812760574832
0,0.11973803914782499
1,0.35331933141583155
1,0.7495065121300707
1,0.8782991318237064
1,0.6083338657226977
1,0.7508977340054129
1,0.6457676672086449
1,0.7336980492016334
0,0.028977486781427277
0,0.21199471383830118
1,0.3666406250629977
0,0.043091528953748404
0,0.019390050002928184
0,0.17341087795625146
0,0.10596386982076747
0,0.3365470009424286
1,0.7518438413539977
1,0.7255799851712669
1,0.4894158677320572
1,0.9524120336926838
1,0.9524120336926838
1,0.9524120336926838
1,0.954770468986293
1,0.9524120336926838
1,0.8830548143602479
1,0.8784551363661071
1,0.38542591295164497
1,0.6687369536980964
1,0.4999714836840119
1,0.4648296843223186
1,0.43551446535942906
1,0.6672759524883038
0,0.1545374655705703
0,0.4191604811700166
0,0.15455743485405443
0,0.20225958800416718
0,0.14148149438896468
0,0.23867385441816347
0,0.10447820266089436
0,0.2904026920763497
0,0.22446265120261485
0,0.12458401107552138
0,0.039462500069607956
1,0.5975305281979225
0,0.48067502807501145
1,0.9618449883693451
1,0.41655125082830075
0,0.6054193168260045
1,0.8290922154708582
0,0.043311512574539524
0,0.22185496051964898
0,0.03997221288533383
0,0.08491832837081559
0,0.037257154762004384
1,0.43267887964503576
1,0.5343084481770046
1,0.9607566172850718
0,0.14538797686853022
0,0.31140606893013
0,0.3083714189659988
0,0.28113003194628183
0,0.29620029987596536
0,0.3763952707851744
1,0.6203556972061272
1,0.5045527289938941
1,0.5535545561148948
1,0.36562133471635994
1,0.6999094124523085
1,0.6278866699732248
0,0.23552039098613708
0,0.1829983923886155
0,0.12059935202560507
1,0.25096691757255674
0,0.1013123890551181
0,0.1184326966830293
0,0.1289893129061515
0,0.14168973237419233
0,0.1487932094597243
0,0.17945186194053547
0,0.08110220492661023
0,0.09759735603692357
0,0.0609396207909104
1,0.38947064347135296
1,0.6176763254381679
1,0.6073355069815843
0,0.5905319487710042
0,0.42100652289777546
0,0.2484651931723154
0,0.1296103072682674
1,0.5179706461198682
1,0.17048910767216344
0,0.16123670562168765
0,0.04766906541743377
0,0.16318827100688454
0,0.3721754374733327
0,0.10727906197138198
1,0.6611933729011273
1,0.9045101012214559
1,0.8953630874871723
0,0.1763897641522078
0,0.09976763280959201
0,0.20422362690121604
0,0.07895245260523598
0,0.33953737457514055
1,0.9464061285186222
