y_true,y_prob
0,0.1635440526262491
1,0.4089744083463696
1,0.6596248592852749
1,0.7765324630829005
0,0.20165717526950303
0,0.1680172173522052
0,0.18188518933920886
0,0.028189862126718746
1,0.8541512485452057
0,0.08990094669643593
0,0.41311595785378563
1,0.8030943989658154
1,0.8718588048169635
1,0.853422107927245
1,0.9164377900362894
1,0.9164377900362894
1,0.8857546997247723
1,0.8541576145276936
1,0.9262010690547805
1,0.8907765936059255
1,0.8541576145276936
1,0.9262010690547805
0,0.1799335842870608
1,0.9620249583925744
1,0.9884599909539863
1,0.4816829557526397
1,0.9369992505700376
1,0.9596750797162046
0,0.5550582581523315
0,0.21153218571632576
1,0.8910814459636799
1,0.6131361168691631
1,0.9738822135882896
1,0.9738822135882896
0,0.3911236450517752
0,0.08314840514017988
1,0.8744599225276951
0,0.09528634848075108
0,0.23389786415564656
0,0.23389786415564656
1,0.35143239678385496
0,0.1521546030625384
1,0.8226958170767013
0,0.09498242143531602
1,0.9429629960113697
0,0.16658291561864777
1,0.9513107286283541
0,0.2976490546286227
1,0.9249936890600907
1,0.3546064722997041
1,0.29967776670802226
1,0.8638290798798065
0,0.08776718614299539
1,0.8273105042185347
0,0.03804076549706716
1,0.9712976743107794
1,0.9577696217720262
0,0.035277001436905195
0,0.1052425343068977
1,0.9732948448916365
0,0.2654184090072772
0,0.11323567432042186
0,0.19136237719684807
1,0.9477721180788857
1,0.21465685679307372
0,0.12304874298668173
0,0.15035624551568308
0,0.25840522424068235
0,0.06764047637360014
0,0.11677806408687268
0,0.09871654086781032
1,0.6882772939488963
0,0.23555348811857355
0,0.31539564996392777
0,0.1454106626666906
1,0.6023036953595845
0,0.13129811346040335
0,0.06891103880698884
0,0.23359869440469166
1,0.6696996268376554
1,0.8723951938608304
1,0.8743256930142057
1,0.7381942498845235
1,0.7381942498845235
1,0.49579298342568034
1,0.9774411527739427
0,0.36730915711459955
0,0.42789591852061354
1,0.9507538487925669
1,0.836739158217892
1,0.9449031488638978
0,0.28920520168842156
1,0.3721540896088609
1,0.4772533156343088
1,0.8695232982437826
0,0.30739959910767106
0,0.2375626874174257
0,0.2375626874174257
0,0.45305208318999707
0,0.47366736749911065
1,0.8517944469094463
1,0.9198882888789309
0,0.41846202516378644
1,0.937104975384416
1,0.9202029871510046
1,0.9190547368323643
1,0.5347747694383523
0,0.3486146594866596
1,0.5325068959736842
0,0.08637921903567904
1,0.5550472299944715
0,0.14768648269144638
0,0.254748805035871
1,0.6489977433845346
0,0.2538410574933736
0,0.1486859500800716
1,0.9653818298248997
1,0.9889267320981494
1,0.9824620016008231
1,0.9914783318131435
1,0.9880366610617465
1,0.9909193171175331
1,0.9884697289111521
1,0.9876189137859618
1,0.9916846470188349
1,0.991330815025709
1,0.8802173510367025
1,0.9430810532628351
1,0.8917692577527238
0,0.23434951990212288
0,0.03682706825084742
1,0.9769929588856919
1,0.9430480554094193
1,0.9430480554094193
0,0.07387502627899073
0,0.28583896327915836
1,0.4197123252494833
1,0.23605279890779549
0,0.09381305144433262
0,0.13601808503583845
0,0.060357161035934366
1,0.9029866891801457
1,0.8305493108170254
1,0.7891232529518668
1,0.8163352903283703
0,0.22360130062521646
1,0.7540425306445692
1,0.5284249634202038
0,0.2871965769649058
0,0.05733589479062773
0,0.06547688389619943
0,0.23204062319110397
1,0.8337157333397022
1,0.221297211018051
0,0.03404674542032813
0,0.04362665811714941
0,0.04076896241842847
1,0.6823291494054079
0,0.45871416493753975
1,0.9932090360311068
1,0.9944018813389897
1,0.9929623488548116
1,0.9943401399349187
1,0.9910142834633389
1,0.9867339326203279
1,0.9943401399349187
1,0.990268888415201
1,0.9898356288410765
1,0.9917719160212453
1,0.5101018280465555
0,0.2433999213831682
1,0.5558225808909499
0,0.04836208099787506
1,0.992700502104021
1,0.8622630335904857
0,0.07593686741407475
1,0.637181624305659
1,0.43715657575996636
1,0.7237124277484295
0,0.4230311148033105
0,0.20540185451741674
0,0.22185846500344528
0,0.263381521318973
0,0.10674094844506253
1,0.894729643111904
0,0.152008114318833
1,0.7995089561561609
0,0.22757133882986594
0,0.2840226672305206
1,0.7746498474258162
0,0.11364228122979378
0,0.06381084173996421
1,0.2501137031080102
0,0.06653652793721006
0,0.22813483949242958
0,0.05313156679199399
0,0.12294018036383506
0,0.10052969742155302
1,0.9027375278376079
1,0.9213420995650605
1,0.9887828925313966
1,0.9856449619013409
1,0.9856449619013409
1,0.9893472465028137
1,0.9893472465028137
1,0.9856449619013409
1,0.7751343102855871
0,0.21071502327763328
0,0.22042118702940675
0,0.35462851149627034
1,0.9817199049453547
0,0.05357881748667649
0,0.30164197761999106
0,0.13753146739789926
1,0.4308841614947279
1,0.1649929060878843
1,0.9598421314895744
1,0.9299836777678641
1,0.7803006539920252
1,0.707065973879002
1,0.8831256788336865
1,0.6861937065767647
0,0.06297622078700676
1,0.9228728338921641
0,0.4429347211075796
1,0.7780242008729054
1,0.9993571059127456
1,0.9993571059127456
0,0.19451339260448564
0,0.0949129237327475
1,0.9349228027051403
1,0.3430553382929471
1,0.4825204538518713
0,0.19083636400438453
1,0.23461869811161304
0,0.08651293811111459
0,0.06624146584803318
0,0.060060102275744875
0,0.12022128614773517
1,0.6705381820269835
0,0.1778287442455233
0,0.4422125473060573
0,0.4422125473060573
0,0.47083911114687366
0,0.6465219513957031
1,0.5630013553815038
0,0.08875579691994231
0,0.18211027983536424
0,0.0613434656478366
0,0.09508973345916162
0,0.14257425765934506
0,0.2568288205228006
1,0.2524688384343553
0,0.27342993522112463
1,0.3125178433915715
0,0.021845673840491346
0,0.5508159358180987
0,0.07275324884878284
0,0.1269342619861199
1,0.7467276153215847
0,0.5455462454995958
0,0.05260552034751851
1,0.8315873519190575
1,0.8912646628241614
0,0.1443335696417462
1,0.6635540594193905
0,0.3945632838634784
1,0.6535981482843937
1,0.6315311103371051
0,0.0811101731541191
1,0.8624030560933592
0,0.408634798445978
0,0.3732211263988039
0,0.34119989638978726
1,0.828333202757149
1,0.5929888597630271
0,0.20596897208182122
0,0.05726169051322908
0,0.04769838625827782
0,0.04769838625827782
0,0.19306631923114506
0,0.18626683380377432
1,0.9305002599305352
0,0.07065489230255777
0,0.08138549354963512
0,0.07997481348493642
0,0.2972111901497198
0,0.25692125150397155
1,0.9821417862762322
0,0.2884974764203414
0,0.16276162451225992
0,0.21278702934214042
0,0.07640184610003146
1,0.8483976472502144
1,0.985465795097136
0,0.7856807406195025
1,0.8955035729019294
0,0.18660720120331062
1,0.751383522622551
1,0.12896677784337093
0,0.09754702656879384
0,0.12640772356111057
1,0.22325071500885843
0,0.03947187846847836
0,0.5948170029875977
1,0.9416982506497873
0,0.05116557687998762
0,0.6240840823371202
0,0.10004308014166456
1,0.5543966927534959
0,0.25005263365673197
0,0.2661010368020984
0,0.4174152969605877
0,0.125676507934442
0,0.20252029565681837
0,0.14238517319636787
1,0.5127249448923702
0,0.14494527031382856
0,0.37698862533169786
1,0.5981454329127114
0,0.32101280848283525
1,0.7062276839206392
1,0.7912228064250841
1,0.7062276839206392
1,0.708871105058468
1,0.7605117867479785
1,0.7605117867479785
1,0.7125948601913522
1,0.7029217612182337
0,0.034420427481825215
1,0.9460885761105842
0,0.24788494369402864
1,0.997964670900694
1,0.9976071785047744
0,0.14521395317956587
1,0.4927379040369212
1,0.34400900806047713
1,0.34400900806047713
0,0.41546115289310737
0,0.405526078729872
0,0.20238624915312906
0,0.18839796903772144
0,0.3080489091261296
1,0.1823491719043627
1,0.6698668128179506
1,0.7796420341655779
0,0.09726557263851661
0,0.07741390622451558
1,0.8553347439992721
1,0.8258318552712143
1,0.9283416134167115
0,0.1262372403063214
0,0.3923356806474587
0,0.18747882276366332
1,0.20842616710031361
0,0.2843171579153275
1,0.3542616741074615
0,0.1184709650732265
0,0.15977007517746844
0,0.06669208811757531
1,0.6056247868319969
0,0.05999340830476964
0,0.06847995671144914
0,0.20660468334882234
0,0.10217803066933057
1,0.8807596502568726
0,0.30212228856637563
0,0.26647726484578227
1,0.8943616312790891
1,0.5311469290594303
1,0.8208152404715553
1,0.9389635312370305
0,0.17789317758983292
1,0.7111940778087434
0,0.3919511914555551
0,0.08532461345218673
0,0.12368435400147197
1,0.9202041422543047
0,0.35784030614037055
0,0.3234210754198287
0,0.14844334193725486
1,0.6764678963492963
0,0.2726444848567169
0,0.5249657227524007
1,0.7669134652921805
1,0.9136698083406151
1,0.9403580156233854
1,0.9647478981511802
1,0.9749606268868171
1,0.9835376005274961
1,0.9803830945038847
1,0.9882943281782977
1,0.7518109436100002
1,0.4242178792471351
0,0.03864613651366666
0,0.1376457602984999
0,0.1286904084669796
0,0.12987250947803883
1,0.8708101671824118
1,0.9146347208252684
1,0.8650663080950357
1,0.8708101671824118
0,0.01569409931348363
0,0.013725889088269798
0,0.07524427867322876
1,0.9412731774941309
0,0.1101089248273214
0,0.13379358521142268
0,0.17345103853926724
1,0.6806984817784406
0,0.41306043986995294
0,0.26711247451252057
0,0.245271922321222
0,0.0845318384402484
0,0.5056052506433187
0,0.14554345211926473
1,0.8418876043395166
0,0.03442999876854816
0,0.2735341178825717
0,0.9063298681579197
1,0.6773105126654024
0,0.1817917627329459
1,0.857570667060317
1,0.9166377414945734
1,0.8684572625133761
1,0.8509152192986893
0,0.21563818833663997
0,0.7341200393400333
1,0.9845482353273457
1,0.8980716928992802
1,0.7076896772824404
0,0.3793971526971626
0,0.09991502610102358
1,0.7253342463255175
1,0.6413717206914867
1,0.6889382875267464
0,0.5309294145671212
0,0.08819582875317343
0,0.04813294072905911
0,0.06995373089276799
1,0.8537472256167293
0,0.46070909861003945
1,0.9948843409054526
0,0.17592639442056257
1,0.9522293766615282
1,0.8052860330891825
1,0.7611383591793314
0,0.1496021326736799
0,0.08488084315389738
1,0.8634578090961263
1,0.8757824529973857
1,0.6292182782598968
0,0.31576622398194565
0,0.19125240607922497
0,0.16665435943165016
0,0.21426054464238126
0,0.13933250803435568
0,0.3004549926424076
1,0.8623673613311275
1,0.7643618536885538
1,0.8942819023625442
1,0.22878490999871376
1,0.6008379812604003
1,0.7531610315891709
0,0.5802963130799591
1,0.9050825899938358
1,0.9508500740287392
1,0.9508500740287392
1,0.7974452970236566
0,0.3430547201836477
1,0.6344175779312253
1,0.7222487801081435
0,0.5722276563268235
1,0.9142357897056442
1,0.8725693909642175
1,0.9409503842406082
1,0.937552031679827
0,0.03820962950409656
0,0.05225491431598738
1,0.39288756053469104
0,0.04861362921060366
1,0.3974124789949707
1,0.9357384991765524
1,0.5933565717420048
1,0.2953605731478078
0,0.344853382079868
1,0.3605677166976234
1,0.305166591272922
0,0.19159894373614073
1,0.8040715412553114
1,0.712706972255666
0,0.18709862104183236
1,0.9908463597651017
1,0.9790168453848374
1,0.9759068711787513
1,0.9770931363236802
1,0.9709234410375166
1,0.9738503048037216
1,0.9869166518196866
1,0.9780398487465102
1,0.9759068711787513
1,0.980785117080152
1,0.980785117080152
1,0.9461509456096131
0,0.11850660617182568
0,0.13718883728080403
1,0.9114227286799071
1,0.31975335902915936
1,0.6576891362384502
1,0.5794312575463586
0,0.3453542921713804
1,0.9551790000497521
1,0.3807141269491657
1,0.25112848876281946
1,0.7927829293284451
1,0.7198728905773999
1,0.9858743914117136
1,0.9665819156591059
1,0.7875740216071448
0,0.4906231512965651
0,0.1521800808787405
0,0.20500082089148022
0,0.17991426224852655
1,0.8179718045080687
1,0.8431973931043527
0,0.3642968793309719
1,0.737703136028911
1,0.3966938307980504
0,0.10305337191368703
0,0.14745520123968445
0,0.10919852623842366
1,0.9495224345201692
1,0.9495224345201692
1,0.9744775759856263
1,0.9744775759856263
0,0.18786721532031841
0,0.3293493653619368
1,0.9067773934019826
0,0.056671683282105596
1,0.736209960737074
0,0.08656577707028446
0,0.4847622224000466
0,0.16069980500920059
1,0.7369651029863249
1,0.860698778040632
0,0.4466782970962
0,0.14722066740271134
0,0.15781747522152537
0,0.08350945008846959
1,0.7600443590128362
0,0.28869360650079323
0,0.0571814058281793
1,0.7979613161749398
0,0.03880896854241621
0,0.4293822507868813
1,0.6200351437664043
1,0.8878753836320478
1,0.8023010143525036
0,0.13078680841347423
0,0.2647827568159135
0,0.34835818084477044
1,0.570358946563261
1,0.9312274825996405
0,0.394625892514972
1,0.36678182513137975
0,0.17163254966947356
1,0.6172078529973545
0,0.17361510669175903
1,0.4491461974532899
0,0.27880984438704154
0,0.11797794244219895
0,0.5085936733016608
0,0.2101703810931654
0,0.09374585281699377
0,0.2643517355696291
0,0.046007725172489196
0,0.13095138266256795
0,0.04261483008684122
0,0.11378850017010163
1,0.9993178951223737
1,0.9995030292841316
1,0.9993178951223737
1,0.9991955274007525
1,0.46668487212258103
0,0.2856430409270399
0,0.2498486112730797
0,0.371864075941726
1,0.9854231549272859
0,0.11188531805421127
0,0.07991621030619546
1,0.9433240778829495
1,0.8221779663449433
0,0.16425988534104644
0,0.05162665636392237
0,0.09171845697824119
1,0.9546986823008032
0,0.22956545488236313
1,0.7509192495971533
0,0.24206084112734763
0,0.25904125365142344
1,0.4993362150877082
0,0.039322029579480264
1,0.8976298609022667
0,0.05999365542402409
0,0.056614363826590644
0,0.056614363826590644
1,0.799772879937325
1,0.6534689456450163
1,0.7977853629722702
0,0.17474708586190724
0,0.28865903454676867
0,0.2803743338528775
1,0.24449178800689303
0,0.538308966736503
1,0.9320868751771748
1,0.9493354375502296
1,0.8800904779689122
0,0.34118551591305696
0,0.04542082657017279
0,0.3386545832192411
1,0.7337432985529999
1,0.9751980811612936
0,0.22860705552771604
1,0.7502479162471967
0,0.04124674075602538
0,0.05117464727397193
0,0.10185900144519841
0,0.11439063928062645
0,0.5452136361325043
0,0.16793272570650902
0,0.3217225592959996
1,0.8585946944678852
1,0.4815837243473729
0,0.34939902637878195
0,0.10831761553810493
0,0.3771412209371548
0,0.10142718188884602
0,0.0745326949732939
0,0.27084458569536946
0,0.08557132732653368
1,0.450468333383698
1,0.8303711715559688
1,0.8563976147262857
0,0.2406620167175771
1,0.37924844436857985
0,0.1113504764391551
1,0.8171190630998918
0,0.26090127605246793
0,0.11066125617522443
0,0.12266873144993183
1,0.7445066328791773
0,0.2379109855423306
0,0.14077009250128075
1,0.7286563172744218
1,0.7723800492439519
1,0.8346999431875898
1,0.8695929852979659
1,0.8288443619630956
1,0.7813346973886302
1,0.8563468932934777
1,0.7723800492439519
1,0.776799285544984
1,0.8129428989501778
0,0.7463962329085023
0,0.5806883895439877
1,0.9604790289698768
0,0.1997877080309475
0,0.28553402195804695
0,0.1818542801310911
1,0.8844840623848415
0,0.15990161817819393
1,0.6704952107201296
0,0.683342864212187
1,0.6770363536935986
1,0.9623729333895527
1,0.7318563508476256
0,0.4764157086571264
1,0.8380278123322366
0,0.12405394959872794
1,0.5373798467120504
0,0.34392044403769145
0,0.09921257142591382
0,0.17925411447447068
0,0.5412365134151672
0,0.6146190564192632
0,0.3893356402382824
1,0.9249036960374705
1,0.6913818187728915
1,0.9858400885691626
0,0.12552975899183721
1,0.9749664806774877
1,0.6762095266711425
0,0.4242487808173435
1,0.9696817261869898
1,0.5479923335763892
1,0.8389263030829721
1,0.8658443611102205
0,0.3117545848165851
1,0.4748390370561503
0,0.12116687242900459
0,0.17910980022292472
0,0.8013861046862696
0,0.19874606413804946
1,0.4246644515792893
1,0.9262401133516256
1,0.861171778903213
1,0.9156058588474251
1,0.9188482742886472
1,0.45665254278538947
1,0.9824125150085522
0,0.16009711726536685
0,0.15302958982413473
0,0.298695027132909
0,0.12940164541590232
0,0.24816902136960992
1,0.9613148847052059
0,0.5997766131863685
0,0.41539447961963233
1,0.3493124446268337
0,0.08092687332769981
0,0.1655992395850887
0,0.4248631719312813
0,0.1394451808950033
0,0.11917069640736422
0,0.11923979341676905
1,0.7355658254937758
0,0.16879967899966972
1,0.924562956101437
1,0.3446415453153225
1,0.92023380243563
0,0.15453120117527025
0,0.23093449525195336
0,0.3760299481899188
1,0.8382160173955802
0,0.1607653531439758
0,0.17463225653861295
1,0.693523789138567
0,0.04374281023027451
0,0.06466615252205103
1,0.7468146131634963
0,0.1401169586909182
1,0.9263557068180088
1,0.8849965969700184
1,0.8523092969517683
0,0.3835184640024754
0,0.17278447100797448
0,0.05676098635545239
0,0.5053655879077925
1,0.7528290652075558
1,0.919979917447164
0,0.2392179922332964
1,0.7669435296491678
1,0.7178397225104906
0,0.08700685907447023
0,0.13648961143185454
0,0.6791663400056697
0,0.4118186166354523
0,0.15191774058695728
1,0.40110710119475995
1,0.810109224244107
0,0.18246533140965981
0,0.14447006339073432
0,0.1972229059072734
1,0.8510606293691936
1,0.5006046612545133
0,0.16229348454568754
0,0.19290272306736958
0,0.045063581140722925
0,0.10004400607968206
0,0.6200862295394107
1,0.7931832256424877
0,0.11000324316879614
1,0.560128079442749
0,0.4225591242363089
1,0.7540913413618214
1,0.8853127987305703
0,0.08687928803530316
0,0.15474374686910794
0,0.25963368334476533
1,0.8747408476642747
0,0.1159092116561272
0,0.0812524917514485
1,0.7745155416133022
0,0.09643979665409688
0,0.06548920408366503
0,0.27931643366367914
0,0.48980297395484224
1,0.3705899372317895
0,0.093942799619631
1,0.5394381847441354
0,0.17247602721622335
0,0.24534199701147788
1,0.7955863934646676
1,0.437707087735758
0,0.3425603892665112
1,0.844647626879596
1,0.9696132329364809
1,0.9285991428805722
0,0.08946945729741956
0,0.18810535980017118
0,0.10677467580772532
1,0.5768139473261797
1,0.5173012927383891
1,0.7590943250044938
0,0.25726015802828783
1,0.9778671869671642
0,0.22354499177008072
1,0.9778997657596913
1,0.9829747626548647
1,0.7812770670158079
0,0.07127849497555609
0,0.14931706485126842
1,0.8614314484882977
1,0.9888700784891032
1,0.11003789201597927
1,0.6542899153076442
0,0.45984133863556104
0,0.19458051310972968
0,0.0718765773444925
0,0.07000787808719626
0,0.07000787808719626
0,0.35442581273779816
0,0.08827795541438434
0,0.2183590429988291
1,0.9945348484346647
1,0.9446759324075926
1,0.4533735432125723
1,0.9759117600168631
0,0.08364734976975396
1,0.9838988794929335
0,0.268302922594943
1,0.7227901303088715
0,0.11014013864037714
0,0.49489022937005606
1,0.9044455412543471
0,0.07240392836580864
0,0.15213250670181244
0,0.2726444848567169
0,0.04210220982682866
0,0.02837194837568257
0,0.025331514066320192
0,0.08573260608644538
0,0.08573260608644538
0,0.2518184132997724
0,0.07546736236230754
0,0.39345914451403224
1,0.9083183125994002
1,0.8590939697113356
0,0.47573543872014196
0,0.25547485739599024
0,0.371396041570136
0,0.3170755916729269
0,0.029615568187372664
1,0.9900618657302657
1,0.8969029366931912
1,0.9146649156765809
1,0.8969029366931912
1,0.9146649156765809
0,0.5275214470716088
1,0.9881427457744824
1,0.9881427457744824
1,0.9881427457744824
1,0.9881427457744824
1,0.5462565698817751
0,0.40275942782813395
0,0.039049904671756355
1,0.6750676334906999
1,0.4315619385291016
1,0.8801400568282054
0,0.34600986491769525
0,0.059360656619907734
1,0.9693499232283481
1,0.9413597739364483
1,0.942097442926614
0,0.05987312046333864
1,0.8179155548081636
0,0.20000528131027764
1,0.6537091986740465
1,0.4064604367250449
0,0.1331414611442214
0,0.33547112756846165
1,0.7599501621236147
1,0.9597580060455461
1,0.29367675419373107
0,0.3943048513189054
1,0.9831855408468713
1,0.5445251174931446
1,0.9927601618568815
1,0.6306916156868828
0,0.086411984651443
0,0.15389053840279412
0,0.10713461687958628
0,0.1702012094011441
1,0.3894206050526038
0,0.2143226704763875
0,0.26342195361598725
1,0.43943504891917656
1,0.5986266754958739
1,0.913619980147872
1,0.6600651479191006
1,0.7693810695007979
0,0.6420848633640749
0,0.610645510998835
0,0.7059944679853708
0,0.4957412393332251
0,0.7287289905934015
0,0.4940841203360953
1,0.8851156142902746
1,0.7361135913309268
1,0.7570523814236589
1,0.7361135913309268
1,0.7221791061961274
1,0.7570523814236589
1,0.775438984608614
1,0.7570523814236589
1,0.7703205693923801
1,0.9595352808458298
0,0.06136424607089931
0,0.13989944744441804
0,0.09671377416381483
1,0.9143653384091891
0,0.1338763293897989
1,0.7888897388936786
0,0.44055673794770384
0,0.3388744144566574
0,0.27655770427765836
0,0.12718898483385682
0,0.05025495172142173
0,0.08797587467433822
0,0.25471684731349176
0,0.2015887424947301
0,0.2018128869046963
1,0.7990255572249656
1,0.9260518298072911
1,0.8785264443096743
1,0.8785264443096743
1,0.8785264443096743
1,0.8460960475111465
1,0.9092342122767803
1,0.9092342122767803
1,0.9092342122767803
1,0.9268493125090946
1,0.9212925148612351
1,0.9126874329305739
1,0.899118433095578
1,0.917223982073279
1,0.8588903946095015
1,0.8588903946095015
1,0.7781228795346311
1,0.7781228795346311
1,0.8011246675680086
0,0.6849914051307452
1,0.7332544934002332
0,0.36318559783852594
1,0.3713098552852486
1,0.7378432964832279
0,0.1416068278818805
1,0.6953038690457425
1,0.22514069884888951
0,0.09328564974521021
0,0.16453822696528977
1,0.9016674249129845
1,0.9040457057729744
0,0.07958942309405725
0,0.08302472420029565
0,0.06811628834879703
0,0.04750832813511999
0,0.040977918466582726
0,0.29215817646945985
1,0.855408923246619
0,0.5222903531863713
0,0.2412699318097823
0,0.17231048478598354
0,0.0852611541482181
0,0.1435155383556343
1,0.9387254092154766
1,0.8851266866749885
0,0.2935598178982441
1,0.9210088426461742
1,0.9193269803007388
0,0.6441496675751603
1,0.6106136727424536
0,0.16260145823038438
0,0.2621696941240189
0,0.10951908606545234
1,0.988626709271998
1,0.9518675452702032
1,0.685142860654515
0,0.12831766075969775
1,0.6241147158605928
1,0.9186953323912593
0,0.32233573715554603
1,0.46377588025334715
1,0.9314051391062346
1,0.9201906053728757
1,0.9549426178057302
1,0.9708474933820374
1,0.852536226891582
0,0.41319241223323894
0,0.5725787635024925
0,0.3961214004004071
1,0.8962694595269436
1,0.8986329958969873
0,0.3118748994851906
0,0.43625379586761104
0,0.055276816380508506
1,0.22585060989167682
1,0.5292953646086583
1,0.7526511564058506
0,0.13079999866785774
1,0.9641438849283169
0,0.12368004716790473
1,0.9884609078442104
1,0.2693499102243662
1,0.8840944134341109
1,0.8160262755428984
1,0.6412323972798786
0,0.2844564702825322
0,0.04167363470113481
1,0.40514754504317624
0,0.43772098753244226
1,0.9912011169322205
1,0.5735727148329113
1,0.9436114275805799
0,0.17022557790519585
0,0.3401366041788321
0,0.0922347551239213
1,0.8037701349377566
0,0.07091339740550158
0,0.06452737079537288
1,0.41303036210317623
0,0.19003038170879966
1,0.7481346215540087
0,0.16780950157091473
0,0.08247443053727076
0,0.07537263120587975
1,0.9945086627046347
0,0.24109362937529705
0,0.289370676868514
0,0.35752936945561203
0,0.3585299292466581
0,0.32666719341500056
0,0.4149942661135561
1,0.7682025412737801
0,0.4975912766205811
0,0.18453112133902042
1,0.9710673565997444
1,0.9710673565997444
1,0.932753287125678
1,0.5720446364195537
0,0.25545692112758156
1,0.34368339134716946
1,0.8668790003266461
0,0.07439588843457015
0,0.14434962824891207
0,0.6807467840818348
1,0.6814402749848251
1,0.3665712485858562
1,0.8812416965040817
1,0.9800595045607856
0,0.32360183340110754
0,0.24507405124523057
0,0.3665712485858562
0,0.2525796238399021
0,0.23647567798668276
1,0.8720904973316936
1,0.8713980872601594
0,0.3118772692882318
0,0.045765408953810316
0,0.30063940422850033
1,0.3639870333485165
1,0.8541532308232821
1,0.9913596355302813
1,0.9445422610122446
0,0.12331968707532796
1,0.19490264101989935
0,0.04077112123961595
0,0.07131114010354957
0,0.08035144670052326
1,0.9616797841880926
1,0.814986683030176
0,0.22651842908073005
1,0.6357306137675399
1,0.7150342416530528
0,0.123417706655183
1,0.7134956938997501
0,0.22320056159124674
0,0.040435026508041136
1,0.3816297368023324
0,0.1893609235745777
1,0.6448812413953301
0,0.252024658045937
0,0.32943748594830935
1,0.47607358258541427
0,0.07662913793590975
1,0.9929015306248294
0,0.058915173931345696
0,0.0829511505389011
0,0.058441378759866394
1,0.8042570710591168
1,0.8577732067454649
1,0.8546500973151815
1,0.8151122002274092
1,0.3438616700063807
0,0.13357399773923417
0,0.1103199887439166
0,0.11867035050746128
0,0.1577137167131833
0,0.18174109674888372
0,0.23050312400949477
0,0.6322548430867927
1,0.7841849353839908
0,0.3197416841305633
1,0.2989825278005565
1,0.7333243283333556
1,0.7887748715488756
1,0.8132059740476365
1,0.7136494219451847
1,0.7887800224774889
1,0.7971431798718901
0,0.05045164804590709
1,0.6897782248881945
0,0.45609200233272895
0,0.2885926108934268
1,0.869260493396025
1,0.8779212908912865
1,0.8959257932083776
1,0.7641355603071911
1,0.7024379046515394
1,0.7035346469587672
1,0.88745198617269
1,0.7972705478134957
0,0.03836114270099956
0,0.07227913303901068
0,0.2366376198253646
1,0.3587305722177514
0,0.14949004753683087
0,0.1423800138103958
0,0.14274277797483842
1,0.8529336773268504
0,0.1915093200551104
0,0.06533948855977015
0,0.3780168448094558
0,0.09529131809853678
1,0.6986841370701493
0,0.06001681940440078
0,0.16795826775178066
0,0.25254816656745366
0,0.179434283734957
0,0.13009448420623718
1,0.9133852447807896
1,0.8684222602561659
1,0.8722592128408801
1,0.8638417194002216
1,0.9105784261447941
1,0.9305951907798635
1,0.9552745796404273
1,0.8660222124553849
1,0.9025509590426374
1,0.8379335903048287
1,0.7829215444451341
1,0.8650693906911091
1,0.860778596162568
1,0.8598133857487057
1,0.8550026085069897
1,0.7654127965498554
0,0.30604030328128135
1,0.9264258816169789
0,0.1568583393266619
1,0.9994216205519727
1,0.8806504442670251
1,0.7916687734315305
0,0.054345846336090665
0,0.04312649568205834
0,0.3285439384217668
1,0.9693499232283481
1,0.9413597739364483
0,0.1188788225437374
0,0.11544193052604976
0,0.24048577078138697
0,0.08696114199148884
1,0.9592337197691532
1,0.825905165318523
0,0.05051441342876261
0,0.05051441342876261
0,0.017690063364099597
0,0.019629522935350655
0,0.03680431955141285
0,0.04699035041767724
0,0.014648808716472873
0,0.020394355478505436
0,0.015679289566358057
0,0.019669597278038874
0,0.007633946864037565
0,0.028692054465969015
0,0.31759393998963714
1,0.7025784012795616
1,0.6502734239152083
1,0.793921408721916
1,0.8366232083291547
1,0.5498792343958645
0,0.5498792343958645
0,0.1808597815677225
0,0.15170771370506864
1,0.8995461722171029
1,0.923361278328416
1,0.9236628165455271
1,0.7812758979852402
1,0.7058113382265278
1,0.6964432890399636
1,0.9280048859632759
1,0.8439245741025956
0,0.29971757553635353
1,0.8248871168854994
1,0.8251035120684616
1,0.5802600585139042
1,0.9113614345891421
0,0.0986957137214826
0,0.28633852945067045
0,0.25040490917080693
0,0.42505902906991244
1,0.5097889417129998
1,0.9638191329328808
1,0.6000395225996483
1,0.6000395225996483
0,0.558361100339384
0,0.558361100339384
0,0.558361100339384
1,0.6756647615584167
0,0.2237423240820407
0,0.1659581445011303
0,0.15346299327868426
0,0.1830979984361465
0,0.43252266922378685
0,0.34680195909651024
0,0.30810585206316066
0,0.2943102253145831
1,0.51669043169722
0,0.6995426367007075
0,0.07967049172538004
1,0.9255391887849336
0,0.0499615245807137
1,0.9382009944972406
1,0.9591494992573288
1,0.9208619514958323
1,0.9064970716984497
1,0.914857316045866
1,0.9548001804190267
1,0.9198939332900148
0,0.3054345514313928
1,0.6656544988668424
1,0.9771950283789966
0,0.11566997507443999
0,0.19078587141450112
1,0.8980590482185768
1,0.8951812048952591
1,0.8582563145556321
0,0.09272852078712489
1,0.9803063586409739
0,0.05781531490324102
0,0.06334365005273682
0,0.28526805066495314
1,0.9379098103887313
0,0.4434664663103608
0,0.03562855843246059
0,0.03339971749606525
0,0.026768984945340326
1,0.8229407866697489
1,0.9798572795923313
1,0.9674885107537194
1,0.9700732298372459
1,0.9657725363293284
1,0.9621280773943386
1,0.9729745937514342
1,0.9736686549576259
0,0.07345265077095695
0,0.17874186888305035
0,0.2519344693766042
1,0.9965401247763146
1,0.9948364709750437
0,0.19305490176105244
0,0.19068762071792325
0,0.21866784975395784
0,0.34701025839144617
0,0.23039450845544304
0,0.10301568153052597
0,0.10347135182159854
1,0.9249936890600907
1,0.7601516552762224
0,0.36193741176089034
1,0.7255891007969949
0,0.38230760615708925
0,0.2478374725200309
0,0.2257132780577415
0,0.11148955815915776
1,0.993123015564006
1,0.39894330901885405
0,0.19880942749009062
0,0.12251621223423548
1,0.5757041890836995
1,0.7773167987355631
1,0.9934735098547318
1,0.8526427953736733
1,0.8184987656937536
1,0.8605576346395836
1,0.9989009967772625
1,0.9992102378439383
0,0.07537491010694014
0,0.13322507878769455
0,0.19148524690484625
1,0.9280048859632759
1,0.684501589249152
0,0.7002607401485844
0,0.06993149352972111
0,0.26214160739037035
0,0.34311498170100135
0,0.18383936872459103
0,0.19890627954737078
0,0.42110354604637656
0,0.2199942971276188
0,0.14386380315867464
0,0.2570905759666596
1,0.8237234924692457
0,0.15032894826950244
0,0.21023438167216557
0,0.5817183838398053
0,0.173001278379069
0,0.7101763363693615
0,0.7338170901796782
0,0.6658766600683442
1,0.8684911245943382
1,0.8872939662743693
1,0.8350240501683115
1,0.9163758160743019
1,0.8599076893296357
1,0.9221588525638161
1,0.8803269548843277
1,0.9163758160743019
1,0.9208850846692882
1,0.8785167097851623
1,0.9010125361708218
1,0.8599076893296357
1,0.8467017640667365
1,0.9221588525638161
1,0.9221588525638161
1,0.88387080041541
1,0.9220850959071449
1,0.829765854301322
1,0.9221588525638161
1,0.23834201554624782
1,0.8493219631562292
0,0.04574789841245462
0,0.1101818721919158
0,0.1469906812097375
1,0.9761996432692137
0,0.1801840382641669
0,0.35046713160837634
0,0.2696075663380421
1,0.49088860519215743
1,0.972725494129915
1,0.9536519933942548
1,0.9583956262244082
1,0.9534992137724345
1,0.9748053841279717
1,0.9695119149220224
1,0.9712895457601193
1,0.9738299762413772
1,0.6191617319081144
1,0.24397704401658477
1,0.6617385626340775
0,0.1917873101685333
0,0.09095688511964467
1,0.5997471189888013
1,0.985869854275183
0,0.25095378804813545
0,0.36093879584613536
0,0.14860460183286234
1,0.8168374963297912
1,0.8921584445103755
1,0.39807073701751533
0,0.03703630287854251
0,0.03703630287854251
0,0.1514199788161484
0,0.35305122693017377
0,0.10165157651423988
0,0.06729250879685224
1,0.601856949362806
1,0.8541901343055774
0,0.28221607398905674
0,0.12823921464951116
0,0.05595361564721535
1,0.7033680250219339
1,0.8633349089627018
0,0.13264077083093373
0,0.05498155415053812
1,0.9567645626745768
0,0.05457102204935555
1,0.851453025806485
0,0.06064651715284751
0,0.24131057796119373
1,0.49325247695587454
1,0.9755077455719123
1,0.9755077455719123
1,0.9935234961677843
1,0.9927249578080187
1,0.9535665830291743
1,0.8716427117223734
1,0.8716427117223734
0,0.05508758887442274
0,0.14842922899035235
1,0.48462897843674446
1,0.47060529574608667
1,0.9311008728843855
1,0.4345304424788074
0,0.10554829567020546
0,0.4367910762459546
0,0.077960344888603
0,0.1416949641408731
0,0.16150254750326462
0,0.11746685230631773
0,0.43307129350355034
0,0.0839253918591623
0,0.10067921840658478
1,0.8964969578974761
1,0.42445677089208284
0,0.3651562317503944
0,0.37056944933031316
1,0.8957287372938582
1,0.566526458704629
1,0.4645514278384396
0,0.4918713638740918
0,0.1119343949568905
0,0.24160449738907416
1,0.9410841754345023
0,0.37203156825644795
0,0.40153189247134125
1,0.9453693508679011
0,0.33828111128728683
0,0.312394799452575
0,0.21340123295230437
0,0.27559442391868283
0,0.4477765447948766
1,0.7911449739735893
1,0.869260493396025
1,0.8779212908912865
1,0.8959257932083776
1,0.7641355603071911
1,0.7024379046515394
0,0.1351278620301125
1,0.9436718392573761
0,0.03369927284086866
1,0.8369108268230564
1,0.9159595359772981
1,0.5173961366567701
1,0.6014638061562957
1,0.42605604739515274
0,0.09616904150696706
1,0.8032613554397467
0,0.3064486785973383
1,0.7724649382681616
1,0.8736812605398744
0,0.19260743868306796
1,0.5409382901221222
1,0.995752424123825
0,0.10371840846290845
0,0.1986909868738904
1,0.9943860893293496
0,0.019926220546400555
0,0.15037852718044442
0,0.21364509687271926
0,0.12083382516980685
0,0.012689667207374099
1,0.9188291720225781
1,0.4652250711370596
1,0.44491532836521397
0,0.14118458901512984
0,0.3231663309783016
0,0.21576830534077093
0,0.2600873826083606
0,0.11494510051316509
0,0.3163665277922273
1,0.7032659293849214
0,0.2392920789951623
0,0.175258033515384
0,0.09807988686024993
0,0.044604049529984424
0,0.18956388813197916
1,0.8732164435549542
0,0.15426818976714426
1,0.9937386778513817
1,0.9842557936326244
1,0.9920509286440623
1,0.9903213016808642
0,0.29464141152955814
1,0.7284997485078448
0,0.09111378640226123
0,0.1870495628425835
1,0.9451615383426915
0,0.15920022443388435
0,0.06567744487008839
0,0.43784437209126076
0,0.05398226859978275
0,0.2877434230653385
1,0.9708949137855669
0,0.27956997234878667
1,0.5515318555073754
0,0.038946249364674515
0,0.05582149665169666
0,0.5334674671641623
1,0.9482021977958681
1,0.9399979255369783
0,0.7061298560324144
1,0.3566612704510571
0,0.102741007018141
1,0.807368061264914
0,0.08367017461876923
1,0.8979108620577916
0,0.14090158939882347
0,0.09628425253328902
1,0.31763231521848995
1,0.8896579270700787
1,0.933323898582739
0,0.06885385481969378
0,0.1667976055564425
0,0.30068768523617895
0,0.1505985552342539
0,0.2829516473798571
0,0.1839613240731044
0,0.10888680451825172
1,0.42014295354323944
0,0.07486736805255774
0,0.4349170488387269
1,0.16541250018378884
0,0.2560189014199763
1,0.8539330782348178
1,0.36123315041494203
1,0.515247567282113
0,0.06395184679307897
1,0.9536309897793352
1,0.9345789207435784
0,0.2546460519518806
0,0.13624412225925792
1,0.8195887424480024
0,0.07832443573483537
0,0.32188741642080765
0,0.22107226744205283
0,0.07731656605642213
0,0.09079882671614531
0,0.08122353094596878
1,0.10373855542414241
0,0.04224867679183951
0,0.1274461337790566
0,0.15756627505258472
0,0.2521121130533429
0,0.14223895976706222
0,0.3345497167505092
1,0.7309892345051672
1,0.9113873423103274
1,0.9113873423103274
0,0.15493371340027962
0,0.2840511096577183
0,0.10157160546700357
0,0.10064487742974558
0,0.11967181601116833
1,0.3988217418729522
0,0.3722953467070029
0,0.29223673565012687
0,0.31835293571211326
0,0.3561991264052891
0,0.23814253185380002
1,0.9694118597174324
1,0.9478354025064479
1,0.970714117721244
1,0.9621944976048213
1,0.9531667826948689
1,0.9202518502475884
1,0.930770685010161
1,0.7901114417630992
0,0.528306259043209
0,0.1169796562962575
0,0.39815407256919133
1,0.8626403441383107
1,0.8396701320018721
0,0.05466826124828497
0,0.27732788542963466
1,0.9531613151847165
0,0.20491722644810703
0,0.22761123740956027
0,0.2847067860293781
0,0.0683453673453559
1,0.9744775759856263
0,0.07370518154176349
0,0.14999051444828995
0,0.2423018960894893
0,0.08381798223050578
1,0.9928580566470123
1,0.9885913211500154
1,0.7573282582243639
0,0.1749935710893168
0,0.14878939100828525
1,0.9991982413726131
1,0.9991982413726131
0,0.24176889317140632
0,0.17069780019325825
0,0.21874386323464956
1,0.5567680807333683
1,0.6475364937548886
0,0.415749342592136
0,0.07511541333667562
0,0.10905696299381745
1,0.8615112495925318
1,0.9685492976695004
0,0.10495521933584175
1,0.25103942981502164
1,0.27630844455514425
0,0.3319759926659358
1,0.80198720091596
1,0.886151085428338
0,0.1026144088441392
1,0.9837439463694604
0,0.13083892104430023
0,0.1475587079715843
1,0.89147584011922
1,0.9210917087494431
0,0.273010904306084
0,0.18347102048564937
0,0.05607297017229291
0,0.09151524497854116
0,0.13674889358019257
1,0.9540660557051108
1,0.8695946178717175
1,0.9315983391296624
1,0.9507519056423208
1,0.7987303478925348
1,0.48173946328971967
0,0.10748004728072079
1,0.8140113258416612
1,0.9455081140845906
0,0.1719324610504713
1,0.6885294251166224
0,0.3016317451347554
0,0.05893271604044889
1,0.9462329515395251
1,0.8301406904310614
1,0.956938115018034
0,0.17558854571238378
0,0.20774320423411277
0,0.4652729191772858
0,0.23442939837689325
1,0.5336805413354725
0,0.035019551153562395
0,0.31944629233453803
1,0.8360440744001741
0,0.03958102636023718
0,0.19791300452666474
0,0.3163343920551051
0,0.34964275000213074
0,0.29761116546259503
0,0.14130408599651476
1,0.8314790881450371
0,0.07592106822074905
0,0.19140884830579785
1,0.7659288552174275
1,0.803703389595633
1,0.5624536437051004
1,0.8796386659230899
1,0.927509282899909
0,0.28825581883572426
0,0.09925119093698577
1,0.6806987518294874
1,0.4437326253931748
1,0.35451312875288044
0,0.0977451573770211
1,0.9869155300371011
1,0.6262714177696882
0,0.20133018395445051
0,0.3117691715961601
1,0.971105857384235
1,0.9142876323052094
0,0.17628492721610453
1,0.909062323038452
0,0.17435937098322585
1,0.6572171758648079
0,0.21564343079943588
0,0.20861267078900134
1,0.9010125361708218
0,0.18031121747025652
0,0.09903301238366033
1,0.6063829311702316
0,0.18616506049790896
0,0.3605993045085379
1,0.9924273723570309
1,0.9324590216994987
0,0.2287230507594791
1,0.882263713480906
0,0.3357840434478347
0,0.16967116032763416
1,0.8539477368340314
1,0.9021590746191618
1,0.8342268106467361
1,0.7765673933411901
1,0.7891566698505935
1,0.9508933605337669
0,0.03686079482318024
0,0.22248009472621078
0,0.338773020758729
0,0.06397496919735353
1,0.9214503254421852
0,0.07184914526141384
1,0.9477651910328185
0,0.2289772767035853
1,0.8243254781630435
1,0.6201405681442999
1,0.5090270894162063
0,0.0975116661110834
0,0.2671481925181727
1,0.9555466708090604
0,0.16205481729667798
1,0.6142595422695757
1,0.7204357726428046
1,0.8939870702071021
0,0.2802646208016076
0,0.05982561572313441
0,0.23912488483929759
1,0.19545888343585524
1,0.9619682613975601
0,0.6862876670168332
0,0.6862876670168332
0,0.5605028303398634
0,0.5510817390910908
0,0.5502834464605754
1,0.7936140537542128
1,0.778439638233308
1,0.552556970414473
1,0.8418340606079753
1,0.6862876670168332
1,0.6862876670168332
1,0.6860060221944745
1,0.6843838586453397
1,0.6858580856605623
1,0.432065060098231
1,0.5399620701443772
1,0.4385192938360631
0,0.13997400469424853
0,0.2673322926614747
1,0.9839924392098924
0,0.5737607788135282
0,0.17274495456779343
0,0.06784152243894997
0,0.06705958949491976
0,0.20521525880754687
0,0.0949214107641589
1,0.08097065622225662
0,0.05139014529801513
0,0.05831799379680563
0,0.07665231534358365
0,0.047734075392818015
0,0.07119145909534103
0,0.12921406090912782
0,0.09255081283018475
1,0.667977938672755
0,0.16574536025124975
0,0.15623691861566733
0,0.16558691350700713
0,0.1587896361391903
1,0.9035165498147509
0,0.11693729042354511
1,0.6803841289303968
0,0.03164421077603763
0,0.23809239276480335
0,0.1045432578032692
1,0.3411554869420287
0,0.09147842951171069
1,0.27178604191764366
1,0.9216649067940197
0,0.17827741707334901
0,0.10366929787927825
1,0.7060859715177229
1,0.4603847611242066
1,0.942629896467465
0,0.20097889734719795
0,0.17978669885225426
0,0.10068419812193785
0,0.3372744586675425
0,0.13417330954085027
1,0.4465833178602296
1,0.7145650567002185
1,0.6652766327709156
1,0.6652766327709156
0,0.6048209671050426
1,0.608675273842948
0,0.37862087189955684
1,0.5415879486457233
1,0.8933098672840624
0,0.26490694209393056
0,0.16168692127577164
1,0.8840504659331171
1,0.8717285870640458
1,0.9096331912001628
1,0.31131339272695757
0,0.035500825645965815
1,0.9362161021411921
1,0.9064763124300919
1,0.6890378688647326
0,0.1325430207714785
1,0.5081284298541786
1,0.8746166054327782
0,0.12723001075928422
0,0.4097046829843631
0,0.34579194295738747
0,0.7581356847209543
0,0.2836823692774236
1,0.8086709390703428
0,0.16899316086541047
0,0.45575716322209425
0,0.22907408993191167
0,0.1655407696460876
1,0.9843108453431042
1,0.9889372427881907
1,0.986687958200533
1,0.9095558161608023
1,0.7500200637514328
1,0.9774754029512637
0,0.12426103134727606
1,0.997395624955989
1,0.9967348131411066
1,0.5418339953625491
0,0.1049413842999097
0,0.048539764665626414
0,0.14411288248873486
1,0.978722502821826
0,0.3969853858468891
0,0.18149646702394165
0,0.1682296640032628
0,0.12846524415747135
0,0.13109575669779552
1,0.9826812445304597
1,0.9897994950810285
1,0.9921910787833073
1,0.9441072011563756
1,0.9868316089262085
1,0.969472867052969
1,0.9764951607964241
1,0.3435423003371641
0,0.06391999427502917
0,0.6043690518793396
0,0.1869799474331526
0,0.1271208435703458
0,0.2906115444775171
0,0.18979583169023745
0,0.21436815506395296
0,0.2613546351262971
1,0.944405116412068
1,0.8948390453429435
1,0.6495645795257194
0,0.36015924653331327
1,0.8225291558181838
0,0.25847737607537297
0,0.0852082508931887
1,0.5565556735117312
0,0.21230016683135583
0,0.3596744874671291
0,0.08046565316901245
0,0.2206969341066119
1,0.38956830833578676
1,0.5483875935609559
0,0.03746084000906192
0,0.08079722506808872
1,0.7083357217430385
1,0.9849335964096325
0,0.04703278506981067
0,0.17838256471766437
1,0.6461003225217161
1,0.9075566825494271
1,0.9617827857721202
1,0.33483563094633784
1,0.3527560481431372
0,0.06612957618986484
0,0.04753556691081597
0,0.30047708648389104
0,0.1531020708330854
0,0.12001657882222494
0,0.07346835559963288
0,0.041555523930284215
1,0.8752488437088705
0,0.11473280238373985
0,0.12992707021965855
1,0.6695983427053206
1,0.7081816430977338
1,0.756002117198003
0,0.7094566903156794
1,0.4139465180806232
1,0.7331293738154128
0,0.4175405597077235
0,0.42321568187384473
1,0.3260265385133569
1,0.8401825303374416
0,0.09353397814261198
1,0.8345397888487407
0,0.24227331612399428
0,0.17168496825876897
0,0.4641732345747269
1,0.9933998510523128
0,0.2967629757786939
0,0.18585336737672142
0,0.31148487433546757
1,0.9074594337054109
1,0.9206055080871031
0,0.0682732358910878
0,0.0682732358910878
0,0.21727023363890768
1,0.9513026708637808
1,0.7371039621202924
0,0.1329353145635337
0,0.37790516717703976
0,0.2971696057578097
0,0.21034108465526782
1,0.8474744675176215
0,0.06897204091835964
0,0.09280214746269347
0,0.20953916535237901
1,0.6762789290721539
1,0.7056308694230504
1,0.7272162086487389
0,0.2874414222236996
0,0.47697225427713524
0,0.03973421542439097
0,0.11027473096218769
0,0.2809232724165843
1,0.6030235527139255
1,0.5404111122705779
0,0.2731253698750682
1,0.8859015049042633
1,0.8146479006155346
1,0.8593079489989475
1,0.8570554600341076
1,0.8771739467627477
1,0.8840259550132261
1,0.8981294012394702
1,0.8981294012394702
1,0.7874742569583131
1,0.811114320730544
0,0.04547417467405185
1,0.9438593874823566
0,0.4055756487386157
0,0.23011872869343292
0,0.4725717703715814
1,0.8094976761715005
1,0.7451234108652741
0,0.0604280331990539
0,0.1378580718207967
0,0.3989947203382301
1,0.7522197428431835
1,0.7797859809409383
1,0.4175795935572118
0,0.3082943606973889
1,0.9292700979513768
1,0.958130352694744
1,0.8799812315485835
1,0.41469650180418294
1,0.9297878728259843
1,0.9257476481184147
1,0.9297878728259843
1,0.9533196964430272
1,0.6422737642839823
1,0.6251381595723027
1,0.7661244217472111
1,0.696001204078608
0,0.09650007669050356
1,0.7729706884915174
1,0.6022622482674364
0,0.2918255728151727
1,0.8689362034052411
0,0.1475091205982399
0,0.06187689455480954
1,0.6877298286301238
0,0.12052007596379606
1,0.360173420878926
0,0.1938780422406086
0,0.12672235919511732
0,0.37637506874752913
0,0.09465475779181765
0,0.2015311151745527
1,0.58451338383325
1,0.5726584426780051
1,0.8929921402698948
1,0.9181713771465292
1,0.9320929519962295
0,0.2398153646071946
0,0.15290444091914307
0,0.09643176001635782
0,0.043201367050651404
1,0.344782377615033
0,0.23504474400626635
0,0.16972133895504096
0,0.1098281925339885
0,0.17448776756134335
0,0.17112928332810887
0,0.2602004843627196
0,0.3159375358182302
1,0.9808486486193019
1,0.9778650450833116
1,0.8587832139011486
0,0.07432510435384715
0,0.2855490775525558
1,0.7028560030525454
1,0.7841222641089718
1,0.8245560496335695
0,0.41041220876745405
0,0.4326553876545522
1,0.9952898623451955
1,0.9952898623451955
0,0.1125219572637731
1,0.712917260711345
1,0.7007578146621227
1,0.776341889185195
1,0.9366109873323081
1,0.8381720579343085
0,0.1710338814271338
0,0.09630376931004439
1,0.9651550336664196
1,0.157740413436552
0,0.19102843811835254
0,0.23943832184585745
1,0.8389210251506456
1,0.9729142321396174
1,0.9729142321396174
1,0.811125601808546
1,0.8077380163450217
1,0.9723743796206885
0,0.49171439440566267
1,0.7909473201208611
1,0.7536901077599459
1,0.8062890117247633
1,0.4127432401679381
0,0.07610093546191476
0,0.09305667026487631
0,0.2244139246089276
0,0.1489977019275182
0,0.07479393945492463
0,0.028037165491332745
0,0.03979228295249103
0,0.18399777704007983
1,0.5958684794442181
0,0.11563226180122835
1,0.9938246870936365
1,0.9842899077467322
1,0.9373765577261339
1,0.993057296535009
1,0.4162691772475875
1,0.7751127320261438
1,0.4465085788167536
0,0.3394929756704723
0,0.4873939962181435
0,0.2787326925632005
1,0.3344681898985291
0,0.31011719762165596
0,0.10997179086110635
0,0.07905368836939378
0,0.051860351421716
0,0.12476349493765701
0,0.07467782168919472
1,0.8401234942231747
0,0.07873976279773799
0,0.06402475289245729
0,0.31979413579880195
0,0.3781337090058486
1,0.9988125188752365
0,0.7765233860560292
0,0.30707460076044363
0,0.381725451420975
1,0.8221608115144888
1,0.8826161301210408
1,0.8780020866784269
1,0.8837811101852451
1,0.8780020866784269
1,0.8230206527864177
1,0.8837811101852451
1,0.8917255626021957
1,0.8556966454721293
1,0.8917255626021957
1,0.8230206527864177
1,0.8917255626021957
1,0.4741483386169525
1,0.9949413661633713
0,0.3691022784898534
1,0.7490413967504232
0,0.28690463385879605
0,0.06449025524098337
0,0.07022544112007299
1,0.6544419857518282
1,0.35837591760120424
0,0.24416285617132527
0,0.10021704356785818
0,0.11319957917934195
0,0.07990244960575006
1,0.8381841924594647
1,0.8381841924594647
0,0.185804668675416
0,0.05397351411418746
0,0.045519028283433426
1,0.9941375866233843
0,0.11668303921915704
0,0.22678954446014568
1,0.9938930478460224
1,0.9938930478460224
1,0.9777488238771199
1,0.9798536375185533
1,0.997277874427782
1,0.9975829307190714
1,0.9976731801194091
1,0.9415005538371086
1,0.7306185177042757
1,0.7067702043357192
0,0.45935934632098696
0,0.18765905783951883
0,0.2302311198646301
1,0.3589032875035895
0,0.1771322343973645
0,0.25769333848595005
1,0.38814620825680246
0,0.12802844691025983
0,0.5117353185455195
0,0.12221804129806592
0,0.11314958070253009
1,0.23677900954255918
1,0.8625085524054151
0,0.2483688280891776
0,0.175796579682236
1,0.6001028257712219
0,0.12862303761841554
0,0.12424536267419652
0,0.11931669551867415
1,0.7175637722098626
0,0.160295176307799
0,0.36872036010003373
1,0.7168839430308321
1,0.8908359601629489
0,0.23385399119489558
1,0.9723416067364502
0,0.09285076424043744
1,0.9253461492193029
0,0.2904148866183174
0,0.4369865076736842
0,0.2097848192686601
1,0.8859732357221699
0,0.3885088183352637
0,0.0656657060513063
0,0.07772510549424518
0,0.47699000189512414
0,0.24928109597599477
0,0.33475507189059295
0,0.029157874974885596
1,0.7461004791720602
0,0.23199603116814263
1,0.6121003199795785
1,0.5361630972954158
0,0.14768103487835874
1,0.8750440004235291
1,0.5011655330954001
1,0.33801681516165927
1,0.9327982178964023
0,0.433871153602334
0,0.20502564185872993
0,0.4798823419766543
0,0.0510167198991136
0,0.0385333291515005
0,0.1841271698440613
0,0.2031717390133533
0,0.1999908549756995
1,0.6858386270463599
0,0.16209688391024296
1,0.608993925546373
0,0.33249017172906
0,0.2193350637078803
0,0.3590312134735235
1,0.7291717142890949
1,0.7461191139491878
1,0.4916142473192051
1,0.7955021673081537
1,0.9399080317494092
1,0.7255525020825754
0,0.39679654160935934
0,0.09733221434257039
1,0.4096932717960952
1,0.9539331878502239
1,0.9240033711296054
0,0.06585928803687562
0,0.06650067872154798
0,0.3577897863789571
0,0.6477245059353813
0,0.4559434106034219
1,0.7296584196505965
0,0.08818377984095081
0,0.12184319219714362
0,0.1477031592969987
1,0.9772630852835867
0,0.15278444621104792
0,0.130321145707756
1,0.5323219511944155
1,0.6627946238764272
1,0.8644880816535399
0,0.056983277478855156
1,0.926909357903794
1,0.7179981201496259
0,0.5128871286262657
1,0.7098913119621156
1,0.8598378661458014
0,0.016322134856419774
0,0.01545469183659421
0,0.04959890605062211
0,0.12290569949578825
0,0.1492236968546257
1,0.9870969448956357
1,0.562767246250813
1,0.7625243705272572
1,0.8931426306396019
1,0.741710855905888
1,0.7580759603057226
1,0.5624289828673353
1,0.7580759603057226
1,0.5061198881509519
0,0.14786870918865655
1,0.8752726773152791
0,0.061962998595693895
1,0.9665942927250795
1,0.9974031248399793
1,0.9955154911712227
1,0.9901634758638089
1,0.9771667081285023
0,0.18173827505385176
0,0.05023403598136332
1,0.6052844961867485
0,0.12890802582970587
0,0.15053510301467962
1,0.9068130561393665
0,0.5171055066612142
0,0.07217192134193826
0,0.2393752232060754
0,0.15557267394456842
0,0.2186167641398415
0,0.32752314855381837
0,0.4515571630779792
1,0.7737579849149927
1,0.8220366348645185
0,0.2666056301173485
0,0.06544312230954086
0,0.028898322272704054
1,0.158898862912817
0,0.14580511158906054
0,0.24151370323516172
1,0.8394637302936788
1,0.9550205417598157
0,0.271874938970392
0,0.3443496268164101
0,0.3443496268164101
1,0.697074636591114
1,0.9940328739476298
1,0.8732731859458214
1,0.9127524798519319
1,0.9358930296140792
1,0.936903520594231
1,0.9228563908068442
1,0.936903520594231
1,0.9087249912069053
0,0.09884028300659747
1,0.22765794657012384
1,0.9308769989841328
1,0.7822573954056611
1,0.8139609741331862
1,0.6641573780842237
0,0.32611938634800997
0,0.5085301092235921
0,0.17501156483559924
0,0.20063487278561862
0,0.15290566435983277
0,0.11156752204662955
0,0.2224079566904622
1,0.4397609590101325
1,0.5231452351152426
1,0.6546845237574456
1,0.8735866632274931
0,0.031008492717960086
1,0.4961837751035546
1,0.35333256540497615
0,0.3569941891544748
0,0.707451977492707
1,0.621883241390739
1,0.9742778628119615
1,0.9742778628119615
1,0.9806099310443489
1,0.9742778628119615
1,0.9439941665982979
1,0.9742778628119615
1,0.9742778628119615
1,0.7112988685411209
1,0.6605336052808343
1,0.9871315573042903
0,0.09217053672835443
1,0.8532367962606735
0,0.22039145204157215
1,0.991726135412019
1,0.8976894264442772
0,0.10357096310750454
1,0.5176589148983347
1,0.5767168303025455
1,0.8516690933390577
1,0.84783150076835
1,0.6222126170520834
0,0.11840657034654739
0,0.06109975925723639
0,0.11840657034654739
0,0.13405251564835888
1,0.4096932717960952
1,0.7223503711426467
0,0.06358199363832515
0,0.14843569434122958
1,0.7713570274385514
0,0.10765682146155928
1,0.9027029853533026
1,0.9194878701761097
1,0.9312147937919711
1,0.9233146468638881
1,0.9312147937919711
1,0.9312147937919711
0,0.3488182334499242
1,0.9087245350084212
0,0.36556525656542543
0,0.11601537051681256
1,0.8703435372705652
1,0.9201773466862093
1,0.8507173774802314
1,0.8758534945948304
1,0.9721136636808012
1,0.9926205822634663
1,0.4656597034079082
1,0.7597589744983959
0,0.6288618416323933
1,0.4194702634205201
0,0.1281789854659119
0,0.18400988708944296
1,0.8715237071905099
0,0.23140272235654746
1,0.567468366408286
1,0.4461105840855349
1,0.970881906937134
0,0.20143871966003762
1,0.5157692766813551
1,0.5883438848908881
1,0.6600484206826248
0,0.269988941074376
0,0.05418800766585049
0,0.02031640449856576
0,0.02269528809996947
1,0.7141577350552278
0,0.18805452224987623
0,0.15842563525570177
0,0.024041959474106325
1,0.557132475433079
1,0.3783012421198311
0,0.13140803170561358
0,0.6014630802496553
0,0.13429040059510977
0,0.15941947818953633
0,0.2561997561710517
1,0.4576001383017457
1,0.6645396696244897
1,0.829936716055744
0,0.14175826280242013
1,0.9743223714913277
1,0.9743223714913277
0,0.2622651527936311
1,0.8275940265444668
1,0.9104383621884161
1,0.5268725836808723
1,0.9227578558569378
1,0.5825864660391658
0,0.19486768689955136
1,0.8818424768874372
1,0.4134094161072059
0,0.24172967396873937
0,0.08837438469911431
0,0.03626517306721294
0,0.0374889450975144
1,0.2649762373140794
1,0.8958469560016045
1,0.8957874802019625
1,0.8957874802019625
1,0.8957874802019625
1,0.9892483277706844
1,0.5772800397067519
1,0.6586724019766348
0,0.11305777023676007
1,0.9440264863778324
0,0.2702546348897861
0,0.09359800368081024
0,0.12934494102512126
0,0.019012802638936954
0,0.17749073120669498
0,0.16287063258316306
1,0.4802153219488061
1,0.4802153219488061
1,0.8632340869566937
1,0.8700347924456244
0,0.4769249802135988
0,0.2356034140050104
0,0.13326086562464118
0,0.12991190695245494
0,0.11059805229355506
0,0.11059805229355506
1,0.6450936075302263
0,0.24628401609395925
0,0.24782476728305092
1,0.6927415935176584
1,0.5031739091141352
0,0.1272403653136556
0,0.11812092737277419
0,0.050700901485056814
0,0.10645371545653524
0,0.09952082420974392
0,0.14233951039447865
1,0.25510201151467743
0,0.08168907712717643
0,0.3871746672505391
0,0.20649694738017857
1,0.5911829386609666
0,0.12829711403041394
1,0.8623087065759152
1,0.7487511634049426
1,0.7413114959735293
1,0.6091987956878043
0,0.1288904836867004
1,0.9743223714913277
1,0.9743223714913277
1,0.9429316440634244
1,0.896810128328275
0,0.2109923824210284
1,0.8178547818339027
1,0.8779248875551381
0,0.4336906474898288
0,0.20276319350676267
1,0.9455197524823122
1,0.9706058970388773
1,0.9750329263912513
1,0.9750329263912513
1,0.9582983949384603
1,0.9682631851535763
1,0.9750329263912513
1,0.8839512345046526
1,0.9761673029438787
1,0.9761673029438787
1,0.5398605464414569
1,0.9743223714913277
1,0.9310634868443051
0,0.08531451896917688
0,0.38394820219809567
0,0.1891669678442494
0,0.3259253819356217
0,0.37158558929449
0,0.11106575530340833
0,0.35598104968236954
0,0.28144816821702556
0,0.3410099894881925
1,0.7004705548548013
0,0.08681964698823938
0,0.08681964698823938
0,0.1937580990491672
0,0.3431885523872095
0,0.20466131282070574
0,0.059926541203167365
1,0.991609675478673
1,0.7737387735684053
0,0.5506166166585614
0,0.0778911561370012
0,0.0929861141327817
1,0.9081078856349596
1,0.5932199876571669
0,0.43320682312858505
1,0.9346389055650954
1,0.5364667054985687
1,0.962733759600714
0,0.07013077955123605
0,0.1602811622892634
1,0.6947325508426027
1,0.7540159585794979
1,0.8951411414439806
0,0.49178552890254285
0,0.3643874627542126
0,0.10839545529564112
0,0.20482520425103112
1,0.7172729910009316
0,0.1631108507594929
1,0.8392040049878539
1,0.9149364794835833
0,0.2325980461782879
0,0.03608717351738401
0,0.03754715837679845
0,0.39412412160226945
0,0.3058453949827176
0,0.715535580577863
0,0.17256734419281075
0,0.26805372398032756
0,0.20984604283602876
0,0.10258492031255026
0,0.06464159858926748
1,0.8380169079783144
0,0.34511522259893707
0,0.34511522259893707
0,0.24329399856621062
1,0.4860356960674728
1,0.9595280397778936
0,0.17485959041821503
1,0.8849354162543327
1,0.9249533002847452
1,0.8826633320021776
1,0.8976410721184511
1,0.9102745723295217
1,0.952349256189245
0,0.14587942239168067
0,0.22138311309279465
1,0.8739979412137525
1,0.2017616767426444
0,0.1350912644784472
0,0.019311893120139572
0,0.2861248030693383
0,0.06848894371338687
1,0.6881776521331949
1,0.7479764447377049
0,0.08284105240475927
0,0.6615900540742943
0,0.2378537290233333
1,0.6838690658643075
1,0.8302179473112637
1,0.7767839052746389
1,0.9764238373883912
0,0.022571043512655157
1,0.8215509872831298
1,0.40763038369271953
0,0.18745335881527347
0,0.043345255084918925
0,0.06138176113006034
0,0.0811206132833842
0,0.34372188668548087
0,0.028028309458724032
1,0.7101590019549302
1,0.7907919945646221
0,0.11969351026787448
1,0.6603050662347589
0,0.11311630321926433
0,0.12833810369966822
1,0.9993521719173398
1,0.9989450332258117
1,0.9984139720871055
1,0.6517653126823284
1,0.6056363443109538
1,0.90671323422882
1,0.8461218261868283
1,0.9336366342477523
0,0.33339009219632104
1,0.9712438108131768
1,0.5939866298112082
0,0.0406523298195212
0,0.03703630287854251
1,0.908318044960906
0,0.2508355583799726
0,0.05915321880228886
1,0.7293227772657038
0,0.08789758057600007
0,0.08132719879739493
1,0.8772259384631429
1,0.9667304096554309
1,0.8556387614491199
1,0.8835190728574753
1,0.9474888888910538
1,0.9503279345608524
1,0.8679708264227091
1,0.9174314772556031
1,0.9370127818795854
1,0.8802970725974063
1,0.9120670858492096
1,0.8741910048912594
1,0.9072168246018854
1,0.9448354312689646
1,0.8347411120781117
1,0.9084083088991237
1,0.8785687110892917
1,0.3420116481893398
1,0.6874051232082019
1,0.6254425343981724
0,0.1562432664235492
0,0.07261700676020437
0,0.16558691350700713
1,0.9699872013916276
1,0.9561819654956638
1,0.9038404850844782
1,0.8888501759714061
1,0.9768408873365827
1,0.9699872013916276
1,0.9975053560651082
0,0.3719404661353129
1,0.9586918917791504
0,0.2260914872324408
0,0.31535958882211573
1,0.17940509275051894
1,0.7226977418182575
1,0.7364701708564984
1,0.8089216335746559
1,0.8458656055386504
1,0.8755737605282142
1,0.8728276694256996
0,0.11442592345751414
0,0.30217169274894673
0,0.15474469799272736
1,0.7697670058293323
1,0.8824840883003148
0,0.3403381469483834
0,0.09579998073836678
0,0.6210489279925501
0,0.7294636896571665
0,0.7294636896571665
1,0.779056554538366
1,0.8300602086227011
1,0.7882533296439331
1,0.8901391197399965
1,0.8019361514466743
1,0.8300602086227011
1,0.8019361514466743
1,0.6984403278554888
1,0.7882533296439331
1,0.9339102277042216
1,0.9241643936327049
1,0.8415844426325129
1,0.9640148568675398
0,0.22797164740430503
1,0.7664860840282165
1,0.7430334813345315
1,0.2783405614150132
1,0.9703113381829199
0,0.2509816448327218
1,0.907548499905154
1,0.9495057788557438
1,0.9495057788557438
1,0.7725798206518838
1,0.984589899809318
0,0.22671294690381955
0,0.028798557593720707
1,0.9436015343816357
0,0.053068044496679664
0,0.04942245501062293
1,0.9401614930568427
1,0.9299333008415092
1,0.9881349877267587
1,0.8196415463975508
1,0.8380238020942327
1,0.6521658435020987
0,0.08799342502085844
1,0.6413134390219454
1,0.36499687318042706
1,0.7589840620763164
0,0.09360816305816612
1,0.9883717053291659
1,0.9926731716975047
1,0.754954736002862
1,0.8971424128161901
1,0.6415028699174524
0,0.11872842645631813
1,0.7763011028273596
1,0.6225257609359967
1,0.9710726357075171
1,0.9747275715190157
1,0.9663153494949661
1,0.9710726357075171
1,0.9511877769029164
1,0.9710726357075171
1,0.9710726357075171
1,0.9458633199165447
1,0.9488802504518811
1,0.8151758395785385
1,0.8607582354823762
0,0.5237358059107581
1,0.2827820304159824
0,0.19679588419873062
0,0.4627040819426928
0,0.4979827874427805
1,0.9352011804255488
0,0.06810712225777885
0,0.11884157439499461
0,0.2671689674827456
0,0.08202299247181458
1,0.8959169457197984
0,0.16784018956499824
1,0.9687006304039305
1,0.772949426515505
1,0.9802878775465563
1,0.8111221745839736
1,0.8594208156450226
1,0.9952992021848305
1,0.9952870450691437
1,0.9965529728069817
1,0.9805404269071868
1,0.9950273485416017
1,0.9950273485416017
1,0.9805404269071868
1,0.9950885858839135
1,0.9849501679017764
1,0.9688917361966262
1,0.99075335450018
1,0.9876351385854016
1,0.9786296135490825
1,0.646616695296779
0,0.14691212744410093
0,0.594490896827567
0,0.6602314958080452
1,0.9503273160387848
0,0.44763159076711045
0,0.450144181931001
0,0.23603256751564244
0,0.10270972198076415
0,0.22905303929554002
1,0.7001040774257251
1,0.8422176115211927
1,0.8039779237470219
1,0.9482886715854953
1,0.8689927832346077
1,0.9460008943328698
1,0.9871198570652304
0,0.30321941675851943
1,0.9803167556755534
1,0.9954991834233929
1,0.9954991834233929
1,0.992780052492729
1,0.994249388840925
1,0.9891857693012489
1,0.9893078805666011
1,0.9819624455502779
1,0.8194377122009319
1,0.9263011683685145
1,0.3864854212380378
1,0.9346779237628069
1,0.9661925354505253
0,0.2389663496624249
0,0.312281646862936
0,0.30843306572261914
0,0.6450219977944613
0,0.5567878345267608
0,0.04828144464702814
1,0.9560711219867212
0,0.276418789316913
1,0.9257885261893554
1,0.8999891230434729
0,0.16131470628730657
0,0.18148874194609044
1,0.2988037457100486
0,0.2553290307595409
1,0.7904870192102165
1,0.9467372698078693
1,0.3235481977596916
0,0.4148110864451499
0,0.2786153997286736
1,0.9968320422934549
1,0.9960517902837556
1,0.9428970170231074
1,0.7704197285891243
1,0.7950890559099484
1,0.7381760778486006
0,0.08585658006556354
1,0.8979790200123309
1,0.9146649156765809
1,0.9146649156765809
1,0.8979790200123309
0,0.26037573989917234
0,0.3117344497696831
0,0.04510653768790531
0,0.04441451699157705
0,0.056268939672440677
1,0.7964144342056966
1,0.3693857521047146
1,0.4503156764072833
1,0.7726541847989653
0,0.6814391678172871
0,0.4286025829820244
0,0.1487727365592703
0,0.5157236693104125
0,0.6323611319378551
0,0.2635960167470675
0,0.44255180726596327
0,0.4145492970886586
0,0.4880551997856974
0,0.5897269513302884
1,0.5994840358275865
1,0.9877899587872402
1,0.9442510017794137
1,0.34891956253644935
1,0.9219196733900288
1,0.439518037493143
1,0.6417698370614866
0,0.14203978142908402
0,0.12495828025085413
0,0.07337502288283597
0,0.05211280364777691
0,0.2149267209847792
0,0.12411729901772042
0,0.3882715420465448
0,0.10751879571278358
0,0.10794867209155168
0,0.0571553824523866
0,0.1128643917953741
0,0.051920929293091826
0,0.114962033694598
0,0.4001106827622437
0,0.2138152812901531
1,0.9390801829931299
0,0.23480619408253176
0,0.035903289681280384
1,0.9924573295518034
1,0.9954126912327521
0,0.03580885451069458
0,0.21066642510207445
0,0.2997931483695515
1,0.6145127121746026
0,0.4300589689909932
0,0.7844040686794713
0,0.4934109335370591
1,0.7844040686794713
1,0.7250296526352018
1,0.7430662862949584
1,0.8217250061481245
1,0.4801420581412321
0,0.11451216457151576
1,0.9919881043258454
1,0.9879733001424299
1,0.9879733001424299
1,0.9917546809928929
1,0.7927779626234512
0,0.123266694555877
0,0.057753292511357544
0,0.18450850968691335
0,0.10009551805304283
0,0.12722821493483005
0,0.1415849368649972
1,0.4717902417496286
0,0.05361253683740598
1,0.7210456483076422
0,0.621033586670129
0,0.1429876330072309
1,0.8095836024683235
1,0.7251022955498153
1,0.5091676261644793
1,0.994238926628287
1,0.8110169935226651
1,0.8982831713493971
1,0.1823383729418231
0,0.058718700761825886
1,0.6669683443466279
0,0.053796604829375635
1,0.9797753987660225
1,0.9934244120929858
1,0.5591530145779909
1,0.7863041561758974
1,0.8902792958488944
0,0.640142019702945
1,0.9158147561162605
0,0.3803338661617246
0,0.009752033873731617
0,0.08383527883896937
1,0.8552371290448143
1,0.7748242560376832
0,0.05039999785504771
0,0.13524904885046582
1,0.4564690729143421
0,0.0743509434919725
0,0.09678098325045054
0,0.20869306234197968
0,0.3520302499141273
1,0.8514768197211624
1,0.9004493070980165
1,0.8527774552992425
0,0.49608156107331114
1,0.70115709584499
0,0.23046988158533147
0,0.3561351364392243
0,0.5134163925919123
1,0.5802223386159047
0,0.18267481361139437
0,0.2553690338675612
0,0.032240334402536486
0,0.37162874831913933
0,0.4080105314495076
0,0.08577078177630612
0,0.17705887435868142
0,0.05972114958098564
0,0.1182340707905997
0,0.13993618691222232
0,0.14829995574167704
1,0.9326035147021522
0,0.1937423844623647
1,0.9119854639662682
1,0.8954842047042814
1,0.6669162433042162
0,0.12473622722260336
1,0.9058597429422703
1,0.8439001982207522
1,0.9496280396618733
1,0.8570838394265211
1,0.8439001982207522
1,0.9358485269323255
1,0.8381793986943703
1,0.9686807602096066
1,0.8948709427289279
0,0.3353494631202802
1,0.7156313611235405
1,0.9664634203489788
0,0.04243014060386167
1,0.874004445800853
0,0.6293646525564522
1,0.9919781923552502
0,0.1611410076496925
1,0.5290237766556399
0,0.10678753997535506
0,0.17338235375067548
0,0.12838085645354555
0,0.1330255818504079
1,0.8558381260229816
1,0.7341200393400333
1,0.6181350651070207
0,0.30640316903348447
1,0.6233832844425463
0,0.1493018193898039
0,0.10294507702810222
1,0.9408100932861707
1,0.9395101010033087
1,0.3648848531334934
1,0.9226586689246752
0,0.4150712270927108
0,0.24771967988412186
0,0.7935171113522888
0,0.051253633445274886
1,0.7246737090135899
1,0.8252948175042988
0,0.09543559004499085
0,0.09543559004499085
0,0.3476098447069656
0,0.05521864633365587
0,0.08805217877171358
1,0.8450075599672954
0,0.38024191949042785
0,0.09502590014070167
1,0.8337568715915368
0,0.13630517272383666
0,0.20446548723034924
1,0.917396135566603
0,0.15412438631295253
1,0.3406952987401088
0,0.6088878884929753
1,0.2843267290490361
0,0.1858757157393439
0,0.3847862512240776
0,0.17487390699435876
1,0.399682212580855
0,0.1857633866418921
1,0.31150426840893836
0,0.15012857775975105
0,0.3711308561349959
1,0.9688216092258263
0,0.041114458867941434
0,0.03874906622291283
0,0.25355773170520246
0,0.09024604012557276
0,0.16207131297268923
0,0.25264545122385723
1,0.9077061058084919
0,0.20129694879925308
1,0.8394554306535996
0,0.21975301339285586
0,0.3340503858900883
0,0.3415046391300042
0,0.1701771502078339
0,0.11589127216993875
0,0.10004940175335095
0,0.10869484267025467
0,0.03245908535245304
0,0.04158630256600269
0,0.039315232130650565
0,0.09767990080012004
1,0.843432557124584
1,0.8045895222158632
1,0.9664199904329446
0,0.043871858785152484
0,0.03978505449331103
1,0.9729924558443371
0,0.26964626838888656
1,0.9081456614761577
0,0.0948102613682695
0,0.09316493268179447
0,0.16033538579280368
0,0.09807607422951213
1,0.9499798138236178
1,0.9853535607905812
0,0.4181667364317699
0,0.0871749190793974
0,0.1554616272869575
1,0.9403591221198517
0,0.07908085290007998
0,0.07359856715946915
1,0.9497524945388035
1,0.9499040264531847
1,0.9445503616351897
1,0.943640713824764
1,0.9111299952162577
1,0.9085260116912144
0,0.09566041596700892
0,0.08757562683743915
0,0.4427432640787328
0,0.18281618870446728
0,0.2514476611043441
0,0.23692466562528586
0,0.31754679801929486
0,0.26128453441629645
0,0.14869265174170693
1,0.9959791740521371
1,0.993901188651911
1,0.4833629353642749
1,0.1687654403320712
1,0.33020057014941595
1,0.6255563275138535
0,0.3377400568242399
0,0.06713319796528569
0,0.12651462967171062
1,0.8720977574582914
1,0.9143976706580901
1,0.9143976706580901
0,0.20834960027737653
1,0.896239913114215
0,0.09543724719433513
1,0.24231009751387814
0,0.5779657966960865
1,0.8064347777047846
1,0.4565713349310837
0,0.19371014881704152
0,0.2763213633239814
1,0.5782742997845347
0,0.18844802307970965
0,0.18844802307970965
1,0.6522733499185607
0,0.3241873571613194
1,0.974458403212807
0,0.4073746834487887
1,0.8979790200123309
1,0.8979790200123309
1,0.5388777402245325
1,0.7149050675363438
0,0.2710827729274683
0,0.08407753339113272
0,0.15296239069202583
0,0.12197483706571477
0,0.1302556068827737
0,0.20515145385296416
0,0.37475337579590245
0,0.11702387417049126
0,0.21050835293877906
1,0.9026282617897732
1,0.9845028092509509
1,0.9635359458329756
1,0.8842032476164727
0,0.05313268670087653
0,0.05776423617373195
0,0.16173921692556306
0,0.11596664207933961
1,0.8044937475637223
1,0.6572843083642536
0,0.12088376518100089
1,0.5232255313921247
0,0.08060263772694651
0,0.05588810026835703
1,0.9205247593370506
0,0.09503001264829505
1,0.4475652720427937
0,0.33535315409692806
1,0.7136237937434533
0,0.08292750080775849
0,0.05265277973008973
0,0.06992946565792316
1,0.327729576481084
1,0.5187646068369477
0,0.1824630310030738
1,0.7177796310730765
1,0.8852628418640498
1,0.8966074565865705
1,0.9699049797018422
1,0.8565652496107828
0,0.5595208208879422
1,0.496459776849198
0,0.06520897817390199
0,0.2048536798987017
0,0.020318695868523178
0,0.10742769381684879
1,0.45115704180255983
0,0.1347558846950396
0,0.2850247561891636
0,0.26328368233972466
0,0.17626281563387555
0,0.4738090363903702
1,0.8548324684111738
1,0.5920870389292284
1,0.40507111179316924
1,0.8255128722514972
1,0.5563597093595962
1,0.7997099383105811
0,0.2707563379087863
0,0.2551071691965626
0,0.24219275705308144
0,0.2707563379087863
1,0.6325311640139731
0,0.23791357777667238
1,0.22925479309891944
0,0.19585697467973964
1,0.9680452928459271
0,0.09671377416381483
1,0.9373238358556854
0,0.08107474505309079
1,0.6929126100252405
0,0.09489983597505665
1,0.8939574029300512
1,0.8492756276660199
1,0.8678636646028065
1,0.8962525508689538
0,0.864932262714731
1,0.16541250018378884
0,0.029492141437516967
1,0.9794737500624491
0,0.1605054647890164
0,0.17028602231326878
1,0.7757735319527913
0,0.048202869552933514
1,0.9966232565225038
0,0.33420420935469847
0,0.08379093226569437
0,0.09323248435640331
1,0.9849396410853526
0,0.23402845641608824
1,0.9113873423103274
0,0.41095011193107245
0,0.2541732615021616
0,0.21440994176131353
0,0.03284949396321165
1,0.9658382243416618
1,0.942931075594048
1,0.9098434352549056
1,0.8323830988575888
0,0.5301373716043033
0,0.2188166247661756
1,0.8491185897613286
1,0.8711567561643
1,0.9331213552228309
1,0.9864919508165174
1,0.876744460262042
0,0.1618391637967662
1,0.8135470817284498
1,0.8578938985354008
0,0.046585886733343226
0,0.04638293936773252
0,0.31337526731811327
0,0.16584113255769314
0,0.05758437562283878
1,0.7838265831983204
1,0.9689087854377685
1,0.9344612487274176
0,0.4293515460256318
0,0.31065828299355835
1,0.8239830964180848
1,0.620501249934885
0,0.10438376778622274
0,0.1149152473037791
1,0.9845011249736679
0,0.14836098387279045
0,0.14787893825878573
1,0.9954743014414248
1,0.9870054977247505
1,0.9861572894734965
1,0.8717467495830397
0,0.01156713310137153
0,0.16216821984826582
0,0.052433862159633846
0,0.1815475025121272
0,0.09942859746249608
1,0.8239729774706542
1,0.8239729774706542
1,0.39978638449000514
1,0.45982152861641373
1,0.9150929475542137
0,0.15749788409271834
0,0.02721858889348745
0,0.4063370217264231
1,0.6722135175823445
1,0.29209370427928955
1,0.2137502451054673
1,0.6988757379788938
0,0.16406461026158461
0,0.3146702163390096
0,0.5094652479383203
0,0.12646315192196708
0,0.32045652268707486
1,0.6503742967202065
0,0.11421292355401888
1,0.8688906240038549
1,0.8730450600687325
0,0.0787265088148201
0,0.016962347806213526
0,0.06988927802294387
0,0.12641171163535936
0,0.1473992289565343
0,0.06757661154198583
1,0.6382352685033513
1,0.9814420202892856
1,0.7305630124494188
0,0.1274524187384901
0,0.29420346232061423
0,0.21112508234801775
0,0.18640298965324884
0,0.20389778978012807
0,0.19220740361103827
0,0.11893126644679347
1,0.9915347837322207
0,0.04927977396998312
0,0.23234848627490592
0,0.23561267670797523
0,0.3011451151365756
0,0.05425230250369764
0,0.045816140218515704
0,0.05208985713226501
0,0.17201641321496924
1,0.3502779308230902
1,0.35651590155533863
0,0.3149485352497108
0,0.1916469846340981
1,0.7607066529107868
0,0.414690870560333
1,0.776760994340765
1,0.742442682008209
1,0.8938792705798991
0,0.1253686261886407
0,0.07760052818952802
0,0.28781140737362737
0,0.040444888259583
0,0.05960492409538134
0,0.09716775548581046
0,0.13803637812598218
1,0.9830864731776917
1,0.9836622733504199
1,0.9870719415264136
1,0.9890401303172726
1,0.9697512351894376
1,0.9836507133939827
1,0.8235265557223456
1,0.9545786348665034
0,0.2643226927855858
1,0.9268534764787212
1,0.8908411958332315
0,0.24690254228014816
0,0.2298456059151761
0,0.18872623789146822
0,0.11251599462936894
1,0.6535871759611738
0,0.04754068084971847
1,0.9470748952620573
1,0.9320621887909368
0,0.02344507164314155
0,0.46027622557922165
1,0.8591607819130581
0,0.053010760678512604
0,0.12321703865913367
1,0.972394289170608
1,0.9620464416100857
0,0.13220783314134632
0,0.04870765915084687
1,0.984589899809318
0,0.07769086315116644
1,0.7475135470773113
1,0.9675307527783182
1,0.9688410545232241
0,0.40469775961165005
0,0.27712165465724037
0,0.44518757679311555
1,0.9859572746091488
0,0.10375143125245163
0,0.1071593008694504
1,0.8127140328879292
0,0.24910162500552344
1,0.8202840260983747
0,0.07655002165762291
1,0.7490458458667778
1,0.9113602648570067
0,0.10850913549816783
1,0.5234243608945578
1,0.8825519136904759
0,0.047196126740710685
0,0.03808415736691753
0,0.18238580877761135
0,0.32910506175088233
1,0.8983517441547743
0,0.38000280022463073
1,0.9860180428983355
0,0.21757082464677874
1,0.9027363816799076
0,0.22069494822661806
1,0.9793788435455476
1,0.9626524354710752
0,0.08728432822917745
1,0.19574435330459458
1,0.39176936427463305
0,0.03681952974008792
0,0.03647712606400147
0,0.11819781785140478
1,0.5913922844933012
0,0.26782098610893285
1,0.6593254396494347
1,0.8590294786474861
1,0.860551137766451
1,0.8975531382966773
1,0.9304676094435782
1,0.9126733789178909
1,0.9190670361398645
0,0.34858838895210464
1,0.5740629199209083
0,0.13702830639447386
0,0.07426385732182476
0,0.21086804172494616
0,0.22215634931207137
0,0.2124549080673689
1,0.1416574802658823
0,0.2026379473286604
0,0.18900144108643785
1,0.23274698982869088
0,0.11836156756139846
1,0.6358561004041151
0,0.265226896395499
1,0.9891942674435734
1,0.9398868737417699
1,0.9474901727665435
0,0.21342949941639225
1,0.1768587197467602
1,0.5246033839508654
0,0.15704383915016962
0,0.19590563520121265
0,0.125573445740457
0,0.08807298607680934
1,0.9118774633121675
0,0.08453095437933814
1,0.40002129354534
0,0.047804622396408855
0,0.08434906497401332
0,0.0773281903817832
1,0.9869155300371011
1,0.9829358963218932
1,0.7332658840629337
1,0.8889690678534233
0,0.04207181878813398
0,0.08282075463275593
1,0.8745147121950806
1,0.9204500508284447
1,0.858206240796516
1,0.942155220028952
1,0.985615900650054
0,0.2852371636509315
1,0.9075566825494271
1,0.8341081293786426
1,0.9190872476494778
1,0.5457582792217326
0,0.04467706377529469
0,0.5182891051681436
1,0.7769257933210998
1,0.9635702753187241
0,0.20604285344180223
1,0.45022111336085263
0,0.14681363765020244
1,0.5870635044223397
0,0.07436973545438472
0,0.06834021463095545
0,0.13335863739816534
0,0.1698363008269032
0,0.038577029252253266
0,0.4096911308710768
1,0.6571944181581372
0,0.14618432938328726
0,0.05969033763905454
0,0.10023812870392644
1,0.9747373216612694
1,0.35150125901198265
1,0.9434456676402811
1,0.9377928869059314
0,0.3293692687402556
0,0.2790239065047049
0,0.2897526627494636
1,0.9775168528091298
1,0.39681447902686284
0,0.5589777669163165
1,0.7814474395395841
1,0.9212393488105916
1,0.6068992810067274
1,0.3469934680852124
1,0.6120244173401191
1,0.5952890712610764
0,0.05932694378695301
1,0.4176007808104193
0,0.6361325017584594
0,0.10328255526898782
0,0.14086649411420923
0,0.1061196870266707
0,0.1061196870266707
0,0.09432154534418076
1,0.8272266925257151
0,0.12491641747074392
0,0.10911287448780492
1,0.7654738754132027
0,0.0789450881168896
1,0.7642363767462917
0,0.13655149893557716
0,0.10382093217136691
1,0.9384343013860347
1,0.8865329756738528
1,0.9324035481130539
1,0.9408021106504332
1,0.9314051391062346
1,0.9408021106504332
1,0.9397725751233222
1,0.9414284574419759
1,0.9408021106504332
1,0.9201906053728757
1,0.9208784985001409
0,0.22169057653291527
0,0.18763744420923828
0,0.188854788068525
0,0.5832393959726969
1,0.9760747874870073
1,0.9735395148411733
1,0.9771036406093883
1,0.9760747874870073
1,0.9771036406093883
1,0.976524812711016
1,0.9760747874870073
1,0.9626348010759844
1,0.9742898078147909
1,0.9771036406093883
1,0.9594031935290289
1,0.9771036406093883
1,0.9760747874870073
1,0.9771036406093883
1,0.9771036406093883
1,0.9770888682018501
1,0.9742898078147909
1,0.9742898078147909
1,0.9771036406093883
1,0.976524812711016
1,0.9695908708921817
1,0.9594031935290289
1,0.6772162319810269
1,0.9568328988014085
0,0.12172336340136615
0,0.07732415146929857
0,0.23689510114940332
0,0.05946687221794323
0,0.06833805608917358
0,0.12065341391584837
1,0.533463809584969
1,0.5277066614025554
1,0.3554000422973395
0,0.14249998524921453
0,0.08343237732408025
0,0.14249998524921453
1,0.9371035704917786
1,0.6632377598587166
1,0.9930071056298139
0,0.2689640256504776
0,0.12763215285000237
0,0.14535809138321937
0,0.056791296850215285
1,0.3499032084764945
1,0.7754380716443886
1,0.32951151711068805
1,0.37286938100997896
0,0.09290869754483616
0,0.06253121465148072
0,0.08448617592552368
0,0.053292183880984056
0,0.07001542447638281
0,0.07019288392960485
0,0.07251031335625353
0,0.09522185609959934
1,0.6915776555248951
0,0.7245522730849667
0,0.7245522730849667
1,0.48167147936208854
0,0.07689392432358409
0,0.19057837418127319
1,0.4493624318221454
0,0.2965743571394718
0,0.2965743571394718
0,0.08339712373007081
0,0.21166364651974343
0,0.1647217551941277
0,0.5371483058457539
0,0.6369904043050846
1,0.9622983852398144
0,0.204908255601018
1,0.7994288049106913
1,0.9644004084182047
1,0.41268713669365487
1,0.9046842253318317
0,0.06225887085779055
1,0.30013385508416857
0,0.227018985380817
1,0.7484182341517579
0,0.46464444330022525
1,0.7123086410110805
0,0.14589697002829818
1,0.7375936992950566
0,0.5771814162844621
0,0.34910998257261827
1,0.756720759060913
1,0.5215307142604212
1,0.7010139910199881
0,0.5861070584697992
1,0.9883851453737725
1,0.9321631299422676
1,0.974495715195326
1,0.8779070190799493
1,0.9957299161042031
1,0.8535422593471114
0,0.053398036587671865
1,0.8550197475198213
0,0.5218128751303701
0,0.12165574051600278
0,0.23608597525572605
0,0.15657068853925526
1,0.8052742121604588
0,0.16136887001916528
0,0.13398399725560864
1,0.9347336189944148
1,0.3444980888714749
1,0.36353916010561893
1,0.7999658425008319
0,0.23081378137059988
1,0.20772123658439404
0,0.09819612667665235
0,0.13307124236848492
1,0.6279645514079015
0,0.07762778839159143
1,0.9610312183305982
0,0.11306465532137672
1,0.3268905276394851
1,0.18656198509231386
1,0.7173762101240879
0,0.10735440934863742
1,0.8877764945033675
1,0.9260517367449512
1,0.3603423055168486
1,0.9372447065130156
1,0.9820788329462067
0,0.08599053035546034
1,0.48194330489963955
1,0.45700405535392036
0,0.4520449523759625
1,0.6850091477763534
0,0.17075463720889597
0,0.2693185928745244
0,0.16100270794511343
0,0.36474574020305034
0,0.356033419939698
0,0.25906448296999673
1,0.8434574592481012
0,0.4001658618386752
0,0.10141671536547588
0,0.39464665277202304
1,0.8049424822892783
1,0.6173808197878061
0,0.4130282701811336
1,0.9895877064377369
0,0.1557437566642976
1,0.34476107668704975
1,0.5503980463966806
1,0.8431817220750294
1,0.993460957877062
0,0.23033856090951588
1,0.8154129387403474
0,0.04965412670369767
1,0.3283438698939701
0,0.34858838895210464
1,0.9915782318148236
0,0.04243645602909574
0,0.04243645602909574
0,0.04243645602909574
0,0.14292158757141055
1,0.6861088702335009
0,0.029270385647124794
1,0.5529941481835439
1,0.9601979484879345
1,0.9160711282201179
1,0.9443830414166419
1,0.9443830414166419
1,0.9448621397916486
1,0.9443830414166419
1,0.9448621397916486
0,0.5191581776241753
0,0.393265919477855
0,0.1743171827124879
1,0.8342644370867665
1,0.9411098787334616
1,0.9866521034823997
0,0.2081058942582095
1,0.9141863234538187
0,0.5814916671702363
1,0.8326572063264527
1,0.8463608654164573
1,0.8173308357503039
1,0.894455701054198
1,0.9709033112506111
1,0.7697044510067088
0,0.231820453927862
1,0.13062069396331122
1,0.25978379342331587
1,0.511186419084524
0,0.2821579789516597
0,0.34670477599232397
0,0.3909659313733021
0,0.20889346182587587
0,0.4934109335370591
1,0.9912583738429339
0,0.5521894649956566
1,0.9412342675410618
0,0.018317192082944835
1,0.219028295346676
1,0.9505711677105556
1,0.966267570061744
1,0.8973293091624632
1,0.6499338072924457
0,0.24274698563912508
0,0.0609363431665902
1,0.399700618344285
0,0.5120774700017222
0,0.14297658665918006
0,0.1321094499616424
0,0.1400496975493808
0,0.1321094499616424
1,0.7337009327247196
1,0.9835884936977878
1,0.6093479536932919
1,0.9595710199111576
0,0.30493517001765685
1,0.9091273183753423
1,0.9274260374570275
1,0.8117952038225427
0,0.4488458699773603
1,0.583062904570618
0,0.08216472308082295
0,0.12748386989168597
0,0.11787436092126666
1,0.6670712838844394
0,0.05319772706632362
0,0.5163912580397763
0,0.26520258831354115
0,0.13493605827377433
0,0.18572909517974756
0,0.0727613200290539
0,0.0647013139626868
1,0.5035805455694804
1,0.38290958690514354
0,0.141215279968187
0,0.08101330059829709
1,0.9762484343286878
0,0.5359587331517854
0,0.2746107976932015
0,0.36768908937968175
0,0.1250766127896658
0,0.5087425228923252
0,0.13931661785737695
0,0.44104831265013095
0,0.35043350047849653
1,0.875035849511063
1,0.875035849511063
1,0.899408240060755
1,0.899408240060755
0,0.6604444312232357
1,0.9429001507840021
1,0.8204188083898638
1,0.8624744130734494
1,0.670600007237353
1,0.836349290383858
1,0.7712375740190017
0,0.3650627699561063
0,0.09212060232206291
0,0.12670721273317664
0,0.25100424960215295
1,0.5653291805274865
1,0.9693798411106558
0,0.3081091939552048
1,0.613988836822132
1,0.4301687910863421
0,0.2844149464130113
0,0.17790730660453596
0,0.10015316281006081
0,0.13541734575713057
0,0.20468834483252096
0,0.37818551737691647
1,0.9082268468248053
1,0.6152186456694684
0,0.12526629780870024
0,0.10866597305159541
1,0.25326863427305424
1,0.9072487899163083
1,0.9072487899163083
1,0.9072487899163083
1,0.8354569428142603
1,0.8781745992761438
0,0.6646048629738749
1,0.6188864470412337
0,0.1020827655439171
1,0.6246162674589051
1,0.7049479602207906
1,0.6199169780147421
1,0.6377630767904343
0,0.3795262628099158
0,0.25852727474343756
0,0.3516571322603742
0,0.03521931647429613
1,0.39122235476268225
1,0.8508263504035743
0,0.07951142564871982
0,0.22657219200054085
0,0.1333240441168346
1,0.9891739234902368
1,0.7004499211592307
0,0.12179352172004353
0,0.0665882190104084
0,0.10200147767362736
0,0.08967244738746644
0,0.25685256360468467
1,0.9902736175015645
1,0.7916959123572184
1,0.8301744431059443
1,0.6704200794072023
1,0.747058482849113
0,0.14090994706397109
0,0.2385207204732566
0,0.2087174696680299
1,0.9532737905522256
0,0.21541529074001417
1,0.4636327214722586
1,0.5769678192983008
0,0.12596694283901977
0,0.11306233339442522
0,0.2346267528527613
1,0.8967161328685779
1,0.8498197070163516
1,0.5527866682016549
1,0.776536784826767
0,0.42992854589051693
0,0.23962452987483607
1,0.93768340797883
0,0.20938891157415876
0,0.2968175326063827
0,0.20243989273265342
0,0.2026475955328309
1,0.6413583532895222
0,0.11278085088675936
0,0.08640920261360088
0,0.4422746052077181
1,0.30114975982680453
1,0.9666952551321653
1,0.550522854840265
1,0.9623570659746938
1,0.8997961337646053
1,0.9623570659746938
1,0.9623570659746938
1,0.959555841659944
1,0.9185487261259041
1,0.9499489555035396
1,0.4326973984680522
1,0.6353351672936215
0,0.20047371365511565
1,0.9082027699676904
0,0.04519161517386302
0,0.055376492547197925
0,0.2798366710636441
1,0.46270679924505104
1,0.24411840886195724
1,0.9322569699348444
1,0.9824854434246485
1,0.9875109385609447
1,0.9487680575520224
1,0.9650896479951551
1,0.9380456395247643
1,0.8776133852475668
0,0.1645314458952488
1,0.6646151548126044
1,0.9083075409704185
1,0.9061569551964401
1,0.991519804600433
1,0.9919103412857584
1,0.9850256989533741
1,0.9955609308398976
1,0.9805980272593579
1,0.9925603432598974
1,0.9925603432598974
1,0.9925603432598974
1,0.9925603432598974
1,0.9631093351079445
1,0.9879661179717457
1,0.9925603432598974
1,0.9848701771305185
1,0.9892432811945664
1,0.9589364516245507
1,0.9832407877281703
1,0.9607079034544559
1,0.9750391215699301
1,0.9925603432598974
1,0.7879561033932598
1,0.9580147768199849
0,0.16112747041008696
0,0.6832754114224576
0,0.37355033686351014
0,0.35907060443676614
1,0.8414830941718662
1,0.9889866170789825
1,0.9896091372509124
1,0.9831693723658415
1,0.9643914614704985
1,0.31259947161257473
0,0.14878595092854846
0,0.11914898443251341
0,0.08306284971006385
1,0.9845034856870974
0,0.21416525266210806
0,0.28448655534365086
0,0.35356795782927997
0,0.029994219277854152
0,0.2162757748883107
0,0.0836289303461378
1,0.37754829756608865
1,0.7958415519125984
0,0.11132152094624341
0,0.08636782789389656
0,0.12524165793194456
0,0.0759200276397379
1,0.892013882782573
1,0.8936630892797883
1,0.7581178342650307
1,0.6855374874275426
0,0.1424468036987029
1,0.6804362159461143
0,0.5913926773374673
1,0.6585354329779031
1,0.4877409406336234
0,0.15868679028658184
0,0.30522110897236737
0,0.07553250185698884
1,0.6941737987687251
0,0.10848823151855135
0,0.13789273696493923
0,0.09528634848075108
0,0.3321884632929638
0,0.3662595370427721
0,0.07591784992942732
1,0.5636090374045005
1,0.6591865349067081
1,0.766703479181113
0,0.4492735014551376
1,0.6457228444544731
0,0.3775017966704927
1,0.565304039824914
1,0.7905653191920875
0,0.4840097155173742
0,0.15504925064978214
0,0.19552723656900703
0,0.08685209528025847
0,0.16869216486345567
0,0.21017658804158618
0,0.03356842049489908
1,0.8928516541562848
1,0.8054656374452617
0,0.35495353623678866
1,0.8384888000879095
0,0.09443211153589896
0,0.21492056349089306
0,0.278915344325299
0,0.12950488128001172
0,0.024685612097994553
1,0.8089097468634421
0,0.30521094237992025
0,0.5204302582678867
0,0.4147399255048567
1,0.777755730158488
1,0.8339744505691159
1,0.9906000694909134
1,0.9484364113667113
0,0.19343293426248967
1,0.5357865562169992
1,0.4901435474740013
0,0.4353413145548055
0,0.3125358541244718
1,0.7942461531281839
0,0.28595921803317664
0,0.09650916563009053
0,0.07699056309435848
1,0.41683667406021857
0,0.1522047461237517
1,0.815057706426651
0,0.0681003536150434
0,0.07627850991507554
1,0.8708829504996649
1,0.9416982506497873
0,0.09240441495386538
0,0.32650966847167306
0,0.23561238394569628
0,0.039431395428761166
0,0.7844040686794713
0,0.1653154462372413
0,0.16565228790139078
0,0.2740721128626784
1,0.7226391962249635
1,0.35713437600352016
0,0.331400218239773
0,0.25284120991029563
0,0.2662469327217816
0,0.33782109737489174
0,0.09002466099326467
0,0.09292806359534664
0,0.5767760544239482
1,0.8544887755958311
1,0.8493076213855746
1,0.7820657400719208
1,0.7751382878467601
1,0.8432305857341913
1,0.777966729066738
1,0.7857043297122771
1,0.7956319371981458
0,0.22380117984642264
0,0.2741102249834684
1,0.3152871805875037
1,0.6579239706631131
1,0.8625034176868006
1,0.88696361221937
1,0.5189841983839381
1,0.7917246758028241
1,0.9181528649371099
1,0.8737878430828153
0,0.6737832155285421
0,0.44365605770609695
0,0.48941307617410035
1,0.7570249563627288
1,0.9994498865101882
1,0.868483748441961
1,0.06889845283635238
0,0.06051777078193662
0,0.06733486693955415
0,0.1093679232046034
0,0.07712311147113518
1,0.8075890252557644
1,0.5643792380521137
0,0.05448205188075736
0,0.08993505854875725
0,0.2526650107650309
1,0.5692018447937673
0,0.29665467641324395
1,0.9936507232001607
1,0.9416982506497873
1,0.9153607136343563
0,0.7586139228899852
0,0.3887537832276804
0,0.2630660675570604
0,0.16215018232717698
1,0.9985131588939514
1,0.9986253703224425
1,0.9991982413726131
1,0.9911499757114111
0,0.12488704144534248
1,0.5458116380012764
0,0.2763148241183845
0,0.5160855141790802
0,0.18190904822786017
0,0.12391133413266621
1,0.9535267040973363
0,0.21475820200727933
0,0.07309694738596377
1,0.9774825283173109
1,0.976131773365905
1,0.9239794624098322
0,0.3138645007603162
1,0.8924953245168853
1,0.833894186043842
1,0.6605606552205052
0,0.0828195703266179
0,0.16399710463090109
0,0.22420691712882002
1,0.9538461955148936
0,0.39546611160301
1,0.9588867777623659
0,0.27611513834197216
0,0.2638552913818241
0,0.12872482849852462
1,0.9350389136915378
0,0.1179925721461397
1,0.9927728766938807
1,0.9918617995757665
0,0.18825010926837252
0,0.265798226583311
1,0.7195944961270377
1,0.9970056348632194
0,0.25276230234549873
1,0.7311901370194246
0,0.5475376498819835
0,0.05726169051322908
0,0.04769838625827782
0,0.04769838625827782
0,0.22843996256394467
0,0.11967166064747892
1,0.9254841704222982
1,0.5427846874438274
1,0.9598471613948506
1,0.9598471613948506
1,0.9322645234463467
1,0.8440892847163317
1,0.9458085038595261
1,0.9062423919843539
0,0.2116429704094898
0,0.6129873782121271
1,0.6441312032886135
0,0.16640039269964044
1,0.990670379920976
1,0.9925634788193222
1,0.9925985421091925
1,0.9957376332302154
1,0.9977420160605602
1,0.9924139244435708
1,0.9959283713653364
1,0.9929844837131896
1,0.9940457926479751
1,0.9927999861557394
1,0.9965584384288381
1,0.990670379920976
1,0.4338535735647332
1,0.8965945076497093
1,0.8771671759608671
1,0.9846451555267768
1,0.9846451555267768
0,0.2750253808668261
0,0.2884612373363341
0,0.24605236194164998
0,0.1519223349157475
1,0.5164552116131779
1,0.9100302840654573
1,0.5979059906201609
0,0.21442198130468992
1,0.43969351864361955
1,0.7592289471770797
0,0.24854645369257583
1,0.3812206553622788
1,0.6618229151553728
1,0.9912559368058242
1,0.6996280402618769
1,0.954439311133651
1,0.9335878943571035
0,0.2240993220495053
0,0.13300129221762488
0,0.08429455019431617
1,0.9829358963218932
0,0.12525107941326982
0,0.11554903351903009
0,0.20472566016847424
1,0.9280048859632759
1,0.9280048859632759
1,0.8163253102213975
1,0.8288147281527094
1,0.8314805158922514
0,0.10687043544038173
0,0.3293032066652822
0,0.11662370137774185
0,0.14186832662801693
0,0.22917492747110407
0,0.2291581393980643
0,0.5519214184847813
1,0.3068698374498064
1,0.44733561308311653
1,0.5644289997692795
0,0.26143972425678164
0,0.2489625870215794
1,0.8879198789686669
0,0.1585994041539923
1,0.18872223691517173
1,0.9466599061732617
1,0.4228110325406678
1,0.5270437205740247
1,0.7472892448064855
1,0.8529336773268504
1,0.8545994106378609
1,0.8305343905291345
1,0.7717752642515218
1,0.8617328730968021
0,0.27245185842470376
1,0.6424373954073128
1,0.3446395056826771
0,0.10600149977001544
0,0.0810834805860985
1,0.597007926299853
1,0.7807714110515638
1,0.9819784086818851
1,0.9213350059401146
0,0.19113438351397016
1,0.811745721983591
0,0.24550968301916534
0,0.23118711629538657
0,0.20083575409383417
1,0.9036927820712373
0,0.1494161969368239
1,0.44967363007052985
0,0.2769940197293017
0,0.1516426861230368
1,0.9358822012025646
1,0.4218544039138914
1,0.8532913332969398
0,0.23887428231000216
1,0.5750589569259026
1,0.9383207499294249
0,0.5983210787316572
1,0.9659713712609828
1,0.9937138271363688
1,0.9903759975876117
0,0.6501780119227171
1,0.36097307918461846
1,0.9543688698960959
1,0.9543688698960959
0,0.15940035358004195
0,0.0927957101264767
1,0.9558641932561469
1,0.9181585188220183
0,0.2842987758626085
1,0.9884659966062213
0,0.20109324056372332
1,0.8350623843117259
1,0.8416239772425087
1,0.604200685456869
1,0.6672227227937858
1,0.85077028790913
1,0.8651019768695374
1,0.7129520401758952
1,0.41869315773711097
0,0.23913261431890445
1,0.5259902052683204
0,0.1512192766397145
0,0.22670249047534755
0,0.17538117409717072
0,0.2646594467044925
0,0.25143969101831337
0,0.04221673544726273
0,0.15830530930572576
0,0.1906448210679921
1,0.9692822896110762
1,0.9580506970897557
1,0.6110452849760714
0,0.1466654545765801
0,0.08950133686968009
0,0.049963497806081496
0,0.120272308690611
0,0.1403709094537128
1,0.7452013446929382
1,0.4582835153328579
1,0.7369953545414992
0,0.3691900705848584
0,0.2830949520520989
0,0.13984766831319725
0,0.3894190668918935
0,0.24566113960824928
0,0.37921061695066793
0,0.5092641597485699
0,0.10319819510478408
0,0.18542740257500903
0,0.17162070722783723
0,0.3417837385487016
0,0.3240106894002973
0,0.26721204423574696
0,0.2692524839421133
1,0.14068523666057683
0,0.26519730484540843
0,0.04233912840559356
1,0.443283638030695
0,0.31944513421996196
1,0.9774919673988453
1,0.9365997972290528
1,0.7141123154414843
1,0.557663213606217
0,0.05024812371806791
1,0.44266330240026125
1,0.9403240431863716
1,0.9282161349962067
1,0.9141967682566112
1,0.9790170491733016
1,0.9867350641573658
1,0.9790170491733016
1,0.9080562365952025
1,0.9576545827466668
1,0.9080562365952025
1,0.9576545827466668
1,0.45743995372219554
1,0.9611683030445215
1,0.5606774128321214
1,0.9565727401251309
1,0.8618984345705994
0,0.04039352292186503
0,0.03968964847342756
0,0.04121394084274866
0,0.04878474478331519
0,0.04878474478331519
0,0.03509863501167766
1,0.8696842109386276
1,0.8484492812086797
1,0.8414294183487432
0,0.25445216726782666
0,0.07908207361221921
0,0.23011872869343292
1,0.942756631343519
1,0.9120785823176142
1,0.9269182704673729
1,0.7690752789272036
1,0.8683081295989343
0,0.07993773052005415
1,0.47472917161339095
1,0.6859823894604214
1,0.849876375617958
0,0.29885484224812486
1,0.9431568480066507
1,0.9150856453450351
1,0.9541018254094915
1,0.8913229356765301
1,0.9776229889878959
0,0.19488751955671454
1,0.6840243767664785
0,0.14419617959405173
0,0.39514494046306187
0,0.7211993068752788
0,0.029246325095987347
0,0.11746516225577007
1,0.7032215218976858
0,0.036555648371637606
1,0.9477447860539895
1,0.97130563489496
1,0.9625321915640466
1,0.4438598780967923
0,0.1310917287255539
1,0.9545971361829896
0,0.14372445157665711
0,0.30686478405693435
1,0.5639926205778061
1,0.5721292111869231
0,0.10250279684503018
0,0.30918340151489293
0,0.20482763646701488
0,0.15675045926633663
0,0.19017981762808983
0,0.09540801828270105
0,0.09273123180027364
0,0.09239765222146673
0,0.018801213623641927
1,0.8380263531977863
0,0.39429356088826517
0,0.11610059363269855
1,0.8905385666965691
1,0.9089573231300363
1,0.9122631421294213
0,0.18887561149691517
0,0.07894952556926921
0,0.23810080095288935
0,0.6105675081057718
1,0.8268390833035868
0,0.05545907287941196
1,0.9797779515395162
1,0.8486014090771714
0,0.20659871786927136
0,0.37735821269206804
1,0.8366836127117039
1,0.8304579207696995
1,0.711908818885759
0,0.1461112811035231
0,0.14740494525937992
1,0.9121648241525148
1,0.8468286978658068
0,0.05072298899754766
1,0.6640469246084385
1,0.6932896866265102
0,0.15904420682835
0,0.136751387738323
0,0.15628417788899143
0,0.4473002639895672
0,0.14638466265111005
0,0.34165919213312224
0,0.31393189288313617
0,0.18439643220057503
0,0.1457975376095371
1,0.888948801939352
1,0.888948801939352
1,0.9278420645713769
0,0.2164534073619222
1,0.8690016324850023
0,0.19898817822024953
0,0.13383308828406248
1,0.5771199694520599
1,0.9488283849668431
1,0.9694503243291452
1,0.9694503243291452
0,0.18922286837690766
1,0.9129837612661943
1,0.7890129686586113
0,0.05114568956612444
1,0.3556970149018845
0,0.11572579276906703
1,0.9329120372982577
1,0.9625422839837752
1,0.9646374334705495
1,0.9808449581986258
1,0.6619890901174056
1,0.9650476829833442
1,0.9342046984977787
0,0.15229745171828446
0,0.13173019503144523
0,0.40043110581815516
1,0.30037670746915196
1,0.8698187942874106
0,0.3278078688637284
0,0.06742989994026997
0,0.1268392685464657
1,0.8724177866387367
0,0.14204914109033334
1,0.6958217321128332
0,0.3437369528621961
0,0.09840739253451886
0,0.16094797308668526
1,0.9812533385870834
1,0.9950055202106542
1,0.9827974418589587
1,0.995037455885671
1,0.993588797829022
1,0.993118221370095
1,0.9828680900358622
1,0.995037455885671
1,0.9675834545787737
1,0.9938671360459956
1,0.9904212165563792
1,0.9756060229128066
1,0.9868910399977658
0,0.03650048629376412
1,0.494071347772321
1,0.8198977500018425
1,0.9644133936501922
1,0.8212910922317903
1,0.746049421133119
0,0.011956916274053802
0,0.3282381239361625
1,0.9450366211173487
1,0.9247057324169529
1,0.9329012260951811
1,0.9236499749128133
1,0.9450366211173487
1,0.9386504059052837
1,0.9556299334625669
1,0.9051109686103959
1,0.8647109050987843
0,0.21063710137585703
0,0.3209405618651582
1,0.9777312855850825
0,0.28511369749027216
1,0.9541406349618158
1,0.6945162193069948
0,0.07140963142902639
0,0.31336483857281067
0,0.0526514583595051
0,0.14607725418877318
1,0.8647571525880933
1,0.9393207936185141
1,0.9393207936185141
1,0.9903193726110426
1,0.8770551928055245
0,0.06095095382844681
0,0.1426384118958963
0,0.10728052634033203
0,0.11060403593544958
0,0.0649761312511793
0,0.08506102058641028
0,0.17726171302589616
0,0.035303203407333894
0,0.05154682353282516
0,0.10050304583536128
0,0.049392268285495984
0,0.04307467217882646
0,0.346246627497222
0,0.16530329409467864
0,0.17633295561839837
1,0.7148529031173566
0,0.26249284061535344
1,0.9114885341181783
1,0.7565506557461661
0,0.08081515897105436
1,0.4401862502447982
1,0.7540101375791026
1,0.4960464543464818
0,0.19129061780352521
1,0.744100588517574
0,0.04638293936773252
0,0.22808287438512487
1,0.583989539362989
0,0.056549894501014546
1,0.984589899809318
1,0.9545164749035195
1,0.9545164749035195
1,0.9853977045114275
1,0.9642079928276223
0,0.24671345076559967
0,0.07032204864646074
1,0.9263106048253918
1,0.3753047947500146
0,0.27556943846302745
1,0.803031042387268
0,0.33813146629808544
0,0.04344202072427255
1,0.8850709405651788
0,0.08225353396218726
1,0.4754505240071246
0,0.2629874944828232
0,0.24561727641196954
1,0.6546844232404178
0,0.21532243365374587
0,0.3178563847757866
0,0.22701306394704093
0,0.23513569696641884
0,0.254472763374135
0,0.21487827367020787
0,0.2591253875369417
0,0.254472763374135
1,0.46676706016414193
1,0.8414068341102866
0,0.5519530860627851
1,0.6245976326109219
0,0.2655877504348109
1,0.9418817908053958
0,0.08241291238432788
0,0.08733103521014966
1,0.9748501314295217
1,0.9820660583420396
1,0.7932527686012067
1,0.7026327752753492
1,0.35124119428691425
0,0.37302453658112356
0,0.3043771313668386
1,0.9854053574397441
1,0.9854053574397441
1,0.8215712657892711
1,0.6339036885199032
0,0.32774056057369116
0,0.07988315000674061
0,0.10858401164294285
0,0.19669103352998474
0,0.19513410529149253
1,0.9834320821442941
0,0.15471288788912063
0,0.08324616146120507
0,0.07442281886788946
0,0.07184915919088997
0,0.12342286849610164
0,0.14870254255527107
1,0.9053804648493493
0,0.27539560818450226
1,0.43747920449406213
0,0.23103475136850085
0,0.06339245832917978
0,0.4203150021433454
0,0.25482847947660725
1,0.6478307961298541
0,0.19048013500524633
0,0.1967354587703032
1,0.9769306291976072
1,0.9330464939750586
1,0.8371861911576204
0,0.4073263306891771
0,0.22375736467610685
1,0.6215199877247162
1,0.7823108216218717
1,0.46197151999676733
1,0.9496868048254063
1,0.9956983993325523
1,0.9956983993325523
1,0.9958853866447736
1,0.9958853866447736
1,0.800521344151459
1,0.6929316157629984
1,0.6660686392596
0,0.047188094889505025
1,0.5088987055302926
1,0.8331444134576982
1,0.9233291223087083
1,0.772378940710666
0,0.13426212988743738
1,0.9880301025025698
1,0.9914173781631926
1,0.9867619158098446
1,0.9914173781631926
1,0.9682346144722599
1,0.9072611471874223
0,0.6728131352777834
1,0.8372500180152309
1,0.8918861238592588
1,0.9615771404789166
1,0.9597285142598236
0,0.08147981821316676
0,0.0896396799042037
0,0.15611276280113823
1,0.5225293281463257
0,0.14876451218151834
0,0.4434521934801362
1,0.5487028257670794
0,0.08593059667112234
1,0.4394721833075598
1,0.875022882672507
1,0.9674413354090038
1,0.8136965410695779
1,0.9794869671478568
1,0.9950285785774502
0,0.21290711396817275
1,0.8836002662982836
1,0.8851968670230007
0,0.5206295742533563
0,0.3422297509515927
0,0.1646162014650612
1,0.2907591457042348
0,0.16346647889674779
0,0.2113555902575175
1,0.7752466757650541
1,0.9150908163827142
0,0.2916652376375873
0,0.12102486416658023
1,0.35974005554417393
1,0.8464718856638388
1,0.8409847810919541
0,0.045469730858662544
1,0.9309223580523329
1,0.2347096880781492
0,0.19925351337298447
0,0.14282549219000795
1,0.7907252929426458
0,0.16867843475448802
0,0.18783691995057064
0,0.1110780624792236
1,0.2100768676425439
1,0.7908679269179003
1,0.9323971470735793
0,0.12589501330194772
1,0.6703814266386782
1,0.7942615483317231
0,0.23486932486431625
0,0.39383517496751497
0,0.2583328965383104
0,0.263115522560112
1,0.6045112864724259
0,0.2604120816168099
1,0.49003927477136416
0,0.27799452093862004
1,0.8559537187745718
1,0.9909666075651812
1,0.9947435577229417
1,0.9947435577229417
1,0.9909666075651812
1,0.9947435577229417
1,0.8192436439867742
1,0.2845504826506328
1,0.8115432521545219
0,0.43515586171136117
1,0.8117952038225427
1,0.9521503169008563
1,0.9009297812654278
1,0.7866834490637696
1,0.7226586664794717
0,0.06910532921320954
0,0.10121538149846887
1,0.6052917995613245
0,0.3114146960003979
0,0.05387069790452896
0,0.09128192722302012
0,0.056867806614685
0,0.2587549305956392
0,0.1039462152378204
1,0.9425823854503371
0,0.060789971537799796
1,0.8539113895250705
1,0.6938982807924868
1,0.6518102895783222
1,0.7948822610578159
1,0.2592066471388856
0,0.1971105148010516
1,0.9933462893185979
1,0.9877350519363145
1,0.9900070853017943
1,0.9898472142163273
1,0.9929373742994064
1,0.9924311251946263
1,0.9932250310642323
1,0.9920308264425209
1,0.9929373742994064
1,0.9935696094311974
1,0.8578022153724643
1,0.654848332521554
0,0.26339608145861526
0,0.19348878441951736
0,0.15552666219445785
0,0.08712650850666638
0,0.26083672438397404
1,0.7207141425940333
0,0.09390852905234486
1,0.9073794997753577
0,0.48987603335756036
0,0.5368888527323462
0,0.16790543075242476
1,0.4507524153334318
0,0.12963810669967388
0,0.1394074481127466
1,0.5019884562044413
1,0.7723940860543614
0,0.0360225170577185
0,0.23229733231999072
0,0.035470063920914945
0,0.04653462511436617
1,0.9981122822503978
1,0.9985544816124159
1,0.9981122822503978
1,0.9988385723413503
1,0.9985544816124159
1,0.9988385723413503
1,0.9990243608622792
1,0.9992627278072992
1,0.9982600292200028
1,0.9992161777348909
1,0.9982600292200028
0,0.09653599551444106
0,0.02151648119946809
0,0.02151648119946809
0,0.02151648119946809
0,0.02151648119946809
0,0.25619963820556957
1,0.6148556521751922
1,0.2526317088352255
1,0.520381515669177
1,0.7801825554153146
0,0.14492558596761618
0,0.21074039741292894
0,0.06552889694292423
1,0.5826820071484612
1,0.8897809384511325
0,0.3023133916805194
1,0.07812698392475705
0,0.08945256204090692
0,0.17422708587462526
0,0.2877643055105114
1,0.7612061046683443
0,0.14594507005920748
1,0.4241095120120872
1,0.8234715814161959
1,0.9158297098988115
1,0.9857711914977237
1,0.9877040497151324
1,0.9835532846965159
1,0.9965129287298937
1,0.9950892021203579
1,0.9950892021203579
1,0.9771904819840836
1,0.9805404269071868
1,0.9805404269071868
1,0.9829893553901774
1,0.9705833075743133
1,0.9839467813027041
1,0.9769829311334215
1,0.9727659009962112
1,0.931729169318671
1,0.9181946595410806
1,0.9494472922654282
1,0.9494472922654282
1,0.9494472922654282
1,0.9805404269071868
1,0.9494472922654282
1,0.9805404269071868
1,0.9769829311334215
1,0.9875109385609447
1,0.9868930278930544
1,0.9876351385854016
1,0.99075335450018
1,0.9875109385609447
1,0.9875109385609447
1,0.9867875521859434
1,0.9757149497666745
1,0.99075335450018
1,0.9867875521859434
1,0.895141197886463
0,0.5141862640331167
1,0.30124095324197403
0,0.30124095324197403
0,0.3504348814408149
0,0.4840057985307062
1,0.7768007239234113
1,0.8792686005507868
0,0.033652236547668996
0,0.05727492576238368
0,0.14015276810223617
0,0.05563620561274306
0,0.05563620561274306
0,0.21034802463757005
0,0.12797636963093723
0,0.6476679695979574
0,0.30709535614609806
0,0.20305881736871356
0,0.10448072100367777
0,0.11044366134587481
0,0.14549554298099962
1,0.9961631473187297
1,0.6522750373026357
1,0.9256469718375743
0,0.1243695264297465
1,0.7364408283100781
0,0.142180298571965
0,0.14189523038094348
1,0.6816766272883212
1,0.7477395611044366
0,0.31447832403342596
0,0.021317902360955224
0,0.16841296041944553
0,0.23700767954681742
0,0.09534258963105037
1,0.9940492590264818
1,0.9491577669460933
0,0.3002215224362638
1,0.6628312353954766
0,0.11000324316879614
1,0.6764794549484179
0,0.13051719954224483
0,0.36777893901308023
0,0.16168245279581966
1,0.9186924341164763
0,0.44398594283387427
0,0.3109968953181898
0,0.12516789718879417
0,0.4116010832622196
1,0.3649164555059875
1,0.8444893594682819
0,0.19379735526312641
0,0.1622214235390612
0,0.06431718818019193
0,0.1911804780504392
1,0.8790849873523434
0,0.07500326540348747
0,0.07133587439212351
1,0.9795044425936922
0,0.09971980131065132
0,0.09971980131065132
0,0.18347212013730835
0,0.2867608142511435
1,0.8621103592945352
0,0.24871017401863588
0,0.23157864578705178
1,0.8441961118378472
1,0.8726118739135179
0,0.21236934993442272
1,0.789693437124673
1,0.4898840976316383
1,0.9470834860320335
1,0.9294333344935949
1,0.913701656517843
1,0.8766479233089708
1,0.9386915024624567
1,0.9393298587840498
1,0.943814071039623
1,0.9439781746985818
1,0.9632211726452147
1,0.9693679348809026
1,0.9697581395621745
1,0.9349780876426301
1,0.9624134509725546
1,0.9624134509725546
1,0.9036857509122622
0,0.8478263344737808
0,0.4682561704038287
1,0.6456835075177928
0,0.15998891556607503
0,0.2856727629079572
1,0.9934959048231465
0,0.06204821560507516
0,0.1778536821184379
0,0.3327641590585754
1,0.9923553238145939
0,0.12392809836060853
0,0.18027208844951093
0,0.11498277526674681
1,0.25262589785235906
0,0.2679936714124386
1,0.7899817890558228
1,0.3989013840153315
1,0.7625404549609651
0,0.10097242598339047
0,0.3308768666125536
1,0.9527109405219627
1,0.9580506970897557
1,0.9580506970897557
1,0.9580506970897557
0,0.03654457010524109
0,0.12027730027673389
0,0.22020177697262336
0,0.2053208507346253
0,0.20200005058827755
1,0.9894402313747181
1,0.9863767555443317
0,0.21253405363809516
1,0.9967638056811374
1,0.9047850998116074
1,0.5249415476086188
1,0.718739030762121
1,0.7824984732403051
1,0.7963328701772338
1,0.7166186172729236
1,0.9534105876452836
1,0.8098583242441051
1,0.4412819865841645
0,0.42222022690411004
0,0.2700053868687495
0,0.19399765649980227
0,0.6639820001814948
0,0.6844239737888972
0,0.3432966879935291
0,0.4727287637224529
0,0.5719361636889665
0,0.47600551246413525
0,0.45670683525320843
1,0.7908489354127511
1,0.7737296448206837
1,0.7009955867410633
1,0.9366059643463279
0,0.07349413015157204
0,0.1050264937025438
1,0.7777524143304717
0,0.31733038899523003
0,0.2946601864463937
0,0.17068160187337797
1,0.9112119290186171
0,0.16149178575246145
0,0.133934457605541
1,0.8556032610994417
0,0.12550094219337904
0,0.08562473266221331
1,0.9832463397599611
1,0.5466099997304346
0,0.06475077836602815
0,0.057850631478236464
1,0.9426692123548378
0,0.2890948403188655
0,0.16115702184437294
0,0.05967737578252184
1,0.5882960052197143
1,0.667643819484409
1,0.7484932074267592
0,0.3207937504515935
0,0.4081574576376536
0,0.18091545405667178
1,0.3169027615739176
0,0.6667452971743205
0,0.15024885706064656
1,0.8964243733248143
0,0.2873497428941329
1,0.985819560858274
1,0.9785234909755743
1,0.9939941150939213
0,0.21717796184541088
1,0.9873957831222413
1,0.34167864648792834
0,0.31869406140185674
0,0.2243524701911084
0,0.14977286603443343
0,0.028757709958869747
0,0.16234840837820333
1,0.7124969379128718
1,0.7154106827907554
1,0.500042508695501
1,0.980785117080152
0,0.7103057160547569
1,0.7466596682809465
1,0.9175351378394785
1,0.9202328337455545
0,0.37484695542464386
0,0.7341200393400333
0,0.1536000965623211
0,0.28152453960154994
1,0.7506070809481307
1,0.9421435228286643
1,0.9815178983616946
1,0.6306121981257464
1,0.36677310966658516
0,0.359117228696603
0,0.07040719132882572
0,0.06017012126930197
0,0.20428961533615236
0,0.31933551118575754
1,0.9981446575918866
1,0.9358009178488742
1,0.8309667136128224
1,0.7844470277894839
1,0.9957025582954834
0,0.13226656805981105
1,0.803490622875164
0,0.19214998382494636
1,0.9993107930774501
1,0.929720924083689
1,0.6407788966018214
1,0.5807015635860587
1,0.9807405290266806
1,0.979927404456193
1,0.7905515340501298
0,0.12557036302740585
0,0.12814741049618952
0,0.12367262617073783
1,0.8703444626292572
1,0.9755516488252525
1,0.9755516488252525
1,0.7323061149578767
0,0.07854086645190625
0,0.04708921819061441
0,0.04750535639856346
0,0.1053201812534224
0,0.3110140642022889
0,0.20063723696747499
1,0.986095442233567
0,0.17366124625091914
0,0.1859180483994249
0,0.4453339940759258
0,0.6242993297544435
1,0.6883251544792883
1,0.661171230793064
1,0.38401330618391605
0,0.1623709590727334
0,0.11131852399733537
0,0.1918788546131987
0,0.5006626508668612
0,0.664289718335658
0,0.562883565818143
0,0.05600729860641149
0,0.1860641749254445
0,0.07353653104945163
0,0.08869313479673457
0,0.1021983462104389
0,0.07850808609166923
0,0.044610293878888034
0,0.050667398320400285
0,0.2077277241505975
0,0.1731362170169798
0,0.6580536118354562
0,0.12448697601046402
1,0.09356543793464031
0,0.43640302904382444
0,0.11034236970343536
0,0.09646208366583939
1,0.656469881771331
0,0.05360884890505493
0,0.3751032733537052
0,0.31374415528127886
0,0.10298768809546538
1,0.9570933490950558
0,0.4173301400702825
0,0.4005082889529167
0,0.36967967262907675
1,0.9753426909241438
1,0.9970352989365747
0,0.4730016886423009
0,0.15245875713966348
1,0.9765084760343808
1,0.6023931757282379
0,0.22535925924122127
0,0.3624066630962645
0,0.10566877014440909
0,0.32817880889173734
1,0.46721797643620694
0,0.7714473957370427
0,0.2335923055037916
0,0.13662897230971557
0,0.16940353678843564
0,0.11951483650192593
0,0.11369345860195464
0,0.255108411979256
1,0.3974227905320501
1,0.9994157404579659
1,0.5539134400859743
0,0.3695157702235602
0,0.23793228033903213
0,0.23793228033903213
0,0.06480115760798576
1,0.7480792016168581
0,0.21487519204977393
0,0.14822074890616452
0,0.12441492391464151
0,0.3457389078867762
1,0.933624456890524
1,0.889184120068073
1,0.912264957769149
1,0.912264957769149
0,0.4142984361502878
0,0.03477232822567526
0,0.027467873609796814
1,0.25669136488078376
0,0.23232063374977957
0,0.14747945447848507
0,0.5800194623081131
1,0.5573768819063434
1,0.7824242916555322
0,0.38523131924512355
0,0.15285165390076094
0,0.1582459882189319
0,0.34459376611315334
1,0.3606039035386205
1,0.8062766344867935
1,0.8840341181183469
1,0.7161604067294925
0,0.3838325068581824
0,0.09644044696942403
0,0.09147495713029782
1,0.13535632198508404
1,0.8413242384337981
1,0.5580405820281771
1,0.7361472413778533
0,0.04473103434101406
0,0.1082328319425261
0,0.3228528276845093
0,0.22258956106531597
1,0.6403766275433159
1,0.1614746478329258
0,0.045582427925445375
0,0.04631709493157484
0,0.11815543306205345
0,0.05171809786575361
0,0.15271179291522063
0,0.12458719241248796
0,0.04633235399555444
0,0.16999629430136198
0,0.08514180490433974
0,0.13258444308075912
0,0.35012603449728735
1,0.8553029846243512
0,0.021775473677068884
0,0.15809502444695267
1,0.8569605896465539
1,0.9242036488418103
0,0.04401397089915499
0,0.04788636300780036
0,0.0643636081711795
0,0.028516776422690505
1,0.5611106431527905
1,0.8443451846396473
0,0.03896057498272089
1,0.7964265462767287
0,0.10456635636408333
1,0.4028283278752845
0,0.3369491022033371
0,0.277331150511047
0,0.4501463765509818
0,0.5114589368078366
0,0.4501463765509818
0,0.4501463765509818
0,0.5775253852597002
0,0.6257852524487252
0,0.5724316477497653
1,0.8700395982178935
1,0.5775253852597002
0,0.5165385665956148
1,0.746165934727391
1,0.8045895222158632
1,0.48154019043363355
1,0.8905878821764155
1,0.3998972454371758
0,0.1235739096465668
0,0.12659110610111793
0,0.205682526640807
1,0.9642962594257111
1,0.8530463535778225
1,0.5295160698137027
1,0.3356449023982688
1,0.9382716846036653
0,0.14711764356246876
1,0.9039280121734038
1,0.895141197886463
1,0.9473611746098082
1,0.750418005753046
1,0.5709085339363049
1,0.48268199817442176
1,0.9405260116864445
0,0.044459997075608985
0,0.0462159478036607
1,0.8263692779240601
0,0.06714670625985923
0,0.4556300778306173
0,0.19271411676215833
0,0.22963507654167817
0,0.19538397838593158
1,0.06514089167299335
0,0.06218862744487688
0,0.10014757661250888
0,0.086805820239283
1,0.8440860744348238
1,0.3827442310645219
0,0.10281707172493253
0,0.15427815493713687
0,0.15427815493713687
0,0.1298346204321233
0,0.03850455176044718
0,0.2428974451807934
1,0.8296081048390106
1,0.8185539735865296
0,0.3418810833113981
0,0.4315398520416895
1,0.5502618882347645
1,0.3838380124144905
0,0.11090280139859032
1,0.859543907484319
1,0.9559668203307705
1,0.9586690678695803
1,0.958165505458249
1,0.48808871114967883
1,0.9515483522829019
0,0.17109332111738065
0,0.10998526114971849
0,0.1639646120575658
0,0.31167646708409297
0,0.31167646708409297
1,0.924343056112839
1,0.7502133422334455
0,0.06065291087666525
0,0.1341634350633767
0,0.10971474733295543
0,0.1902269249582191
0,0.12410115023247233
0,0.10732641259305292
0,0.1157957450133371
0,0.10627968485876316
0,0.0950992450770034
0,0.0950992450770034
0,0.14437303664210968
0,0.12410115023247233
1,0.980785117080152
1,0.9496210166152323
1,0.9845011249736679
1,0.9834054917181337
0,0.11387530906341262
1,0.5792521666287348
0,0.054954816102628305
1,0.40942797457158525
1,0.38641115184590324
1,0.777456713285009
1,0.9440353103006219
1,0.8376349940094759
1,0.9194311367970095
0,0.09484056368971144
0,0.2668051209801351
0,0.3215322982953463
1,0.7698203484857282
0,0.18192817126825028
0,0.1820090368411029
1,0.9971000193059534
1,0.1525915132767743
0,0.1835066474270594
1,0.8630252221601006
0,0.1643764281050662
0,0.1888755586654003
1,0.9175416477024205
0,0.3230573866628741
1,0.5269202478092737
0,0.235934691160013
0,0.39706197871048543
0,0.21204842151408906
0,0.0818467835710552
0,0.061347869092122836
1,0.9557238842123773
1,0.7720345623490957
0,0.14723410976081652
1,0.5427224140346304
1,0.9402648811241988
0,0.2833797586934817
1,0.7867095212074411
1,0.7830147900278756
1,0.8424621394996611
1,0.8592967713294533
0,0.3698713282645843
0,0.550819908305374
1,0.8085410986323163
0,0.15647259708341318
1,0.7688725481993077
1,0.45416452082284875
0,0.05345013598538471
0,0.13167686325444977
0,0.32749400331322115
0,0.09716218176762947
0,0.024323890664677796
0,0.28557665713725855
0,0.1137778271611017
0,0.07677930545523674
0,0.5150023879498423
1,0.9507790677295537
0,0.0509648779998229
0,0.0373765871722704
0,0.10316978817351957
0,0.3163662875575669
1,0.882764511679103
1,0.8835292154681473
1,0.9145786884497645
1,0.9145786884497645
1,0.9431989334607187
0,0.4230899995807348
1,0.6376395990487825
1,0.5271396179260516
0,0.7222063656336747
1,0.671508468156445
1,0.4152802400059411
0,0.07070028281575205
0,0.26122421396689616
1,0.9692744567616268
1,0.9482886715854953
1,0.8803595117184793
1,0.8689927832346077
0,0.07908341844349373
0,0.12419901415299252
0,0.2880948850245748
0,0.5825692017101475
1,0.5834054106643962
0,0.04732721378914065
0,0.16119831147647695
0,0.5199514340049746
0,0.062087685109873086
0,0.12144154168656324
0,0.14489219234618475
0,0.1944097011621649
0,0.13670493005938986
0,0.2457910322588086
1,0.8904859671303698
1,0.6643621555365489
1,0.8408081763534077
0,0.3230364418491721
0,0.02786416488195569
0,0.07700476760189896
0,0.30252538542113777
0,0.2605703632577594
1,0.8662399393545246
1,0.5482452223486323
0,0.18729302816240728
0,0.6394002176669873
1,0.8227967537878899
1,0.8426854672643564
1,0.9150419932036505
0,0.3338845578076051
0,0.16038220512456053
1,0.6486473161182037
0,0.13501226858687476
1,0.9825306240831392
1,0.7582071176262549
0,0.05061442938031981
0,0.04743301263513916
1,0.9804264188528887
0,0.2109294706361012
1,0.9355083342857708
1,0.20604928800625918
0,0.0934727047402002
1,0.974337897040547
0,0.15982106114488442
0,0.06152665765965309
0,0.056758945332123494
1,0.4105106803978482
0,0.09393223641010075
0,0.15396163838807078
0,0.19564283385361939
1,0.601537012410172
1,0.8841274194450074
1,0.9988226892927734
1,0.7879540457570523
1,0.768714079729039
1,0.6368900281891187
1,0.7273461761859658
1,0.9897876366017998
1,0.868500243638685
1,0.806064756347073
1,0.9822998074517441
0,0.1542717253859152
1,0.9696591632184312
0,0.5156650991726692
0,0.15612449612238602
0,0.11151377453973023
0,0.5869773907755578
1,0.9580506970897557
1,0.9580506970897557
0,0.19930806896679967
0,0.25209041160863843
1,0.5034593198704506
1,0.3762746454401203
1,0.8825224213384073
0,0.03795910706356013
1,0.9924533558420039
0,0.18015317416553134
1,0.6508961414707625
0,0.07900448969453959
0,0.7797623845384362
0,0.10206509798099833
0,0.15069579494430638
0,0.12759423599551448
1,0.8138229924963793
0,0.6566119725202623
0,0.7217071465144357
0,0.6827663100157969
1,0.8804811528016304
1,0.8222853166078377
1,0.8450571694691779
1,0.836137504590789
1,0.8630120091267502
1,0.8369274129932922
1,0.8630120091267502
1,0.8506857214704773
1,0.9529562319892375
1,0.6288857531196728
1,0.9713052594609454
1,0.9273073120262378
1,0.7712044237257386
1,0.5761487511298674
1,0.4837177683444218
0,0.06962759592828606
1,0.4387146801302016
0,0.10466058341258
0,0.10247187036696553
0,0.16639155332002728
0,0.2895759530369962
0,0.12459435019303572
1,0.8207348591656677
1,0.7572603443544289
0,0.45695325187526964
1,0.681280825942486
1,0.6978667346667203
1,0.6978667346667203
0,0.7571170926778297
1,0.76696960998493
1,0.41169829448836304
0,0.11858673066418773
1,0.8303271103554215
1,0.882175168463911
0,0.0842994790568984
1,0.9894061616403833
0,0.17669757800064098
1,0.8859552752347217
1,0.8360125463451816
1,0.8288087737263092
0,0.10011051262745126
0,0.5103755504160719
1,0.6696804196865511
1,0.5656966317842554
0,0.06940595883094815
0,0.06653811541445827
0,0.07056977217657932
0,0.32984449293968576
0,0.38681968804388467
1,0.8373809255352767
1,0.5679799688400583
0,0.2580560868596302
0,0.1777498960954784
1,0.9303938112551745
1,0.9293230829202966
0,0.39469927887174594
1,0.549378166749923
1,0.4032287432139857
1,0.8828602850089468
0,0.111552104946248
0,0.6063387601091553
1,0.7900141626583819
1,0.857091403161339
1,0.9870817965556932
1,0.9848736587024632
1,0.9862463854698427
1,0.8256632437947796
0,0.12605027293676252
1,0.9237536731621953
1,0.7503771914339568
1,0.7713621068973827
0,0.0673730117135231
1,0.8083727067021395
1,0.6071342145658317
0,0.2670430928862238
0,0.08266490858913428
1,0.6730523237544683
1,0.9873967063970692
1,0.9914164637354247
1,0.9914164637354247
0,0.035656931918787334
0,0.4148790453232624
0,0.11135048056973983
0,0.0801102703271352
1,0.9965705194207432
1,0.9969990024092219
1,0.9956514879422638
0,0.5375509666556665
0,0.5245193767687172
0,0.1334687390695017
1,0.8717121174524803
1,0.9310789182167781
0,0.36304511378801496
0,0.2847511292592347
1,0.9097456814039669
1,0.9048581029409771
1,0.5272614137034346
0,0.32218925285190825
0,0.23770704010423888
1,0.6223205653686777
0,0.2041170310296699
0,0.1321990974277155
0,0.28944967048275394
0,0.08959877389431171
0,0.2761055002665664
1,0.3379563416518672
1,0.651145904884412
1,0.8095770634619396
1,0.7192522205605129
0,0.24634300632661868
0,0.4006332852568949
0,0.29026786137606353
0,0.33541398649181847
0,0.37810316545755096
0,0.37353651495581125
0,0.32602528853416923
0,0.2841055578940361
1,0.9730052177272206
0,0.086072055137349
0,0.35119694203301477
1,0.6016196551867662
0,0.17924499758495183
0,0.22002619317983407
0,0.27482438590436925
1,0.5081811437447621
1,0.6105410963509528
0,0.4755512148597227
0,0.25719814448120504
1,0.6726324620189329
1,0.49738101961327236
0,0.1205103705431116
0,0.15423656627810484
1,0.8631620890164564
0,0.05357881748667649
1,0.7671827927944006
0,0.0195303248818623
0,0.020694538746974904
0,0.020121881699459443
0,0.020121881699459443
1,0.9836282910317602
1,0.6872618050849537
1,0.2629855368064673
1,0.754266832549298
0,0.5966746903770611
1,0.8307170224916155
1,0.7777078587536279
0,0.1107025675114403
0,0.17202952580197214
1,0.5988135590873145
0,0.2809804635917928
1,0.6141644323295835
0,0.0749300478292902
0,0.13844690218844713
1,0.7772013019535349
0,0.1511147696445796
1,0.9905709703723931
1,0.9958191735971336
1,0.9887065855852013
1,0.9968960111752467
0,0.047158353874871786
1,0.7297199236889766
0,0.3112763589159817
0,0.45011886855581934
0,0.2299403626481902
1,0.651518494301043
1,0.4795850173567937
0,0.3342847707748624
0,0.34211299338786644
1,0.9051203309642952
1,0.9760344107479538
1,0.9424575730703546
1,0.9391980631529131
1,0.9775405535806623
1,0.9462053881135781
1,0.45940192234503746
1,0.8149264336166879
0,0.5674062935708122
1,0.8145115492887954
0,0.07535003216457897
0,0.09461856688325013
1,0.7868037962477515
1,0.8514242512118377
1,0.9557475725680573
0,0.12478061041894857
0,0.6123517306557316
1,0.40457923439369586
1,0.9641061353175497
1,0.966202857685812
1,0.9587883483641176
1,0.966202857685812
1,0.919436171754242
1,0.9827320026860865
1,0.9437987305775283
1,0.39473388594934616
0,0.22827700998129652
0,0.13563463700770104
1,0.5926757634004074
1,0.24228596981178152
0,0.20813663400167676
0,0.33413318431599076
1,0.9936734425849781
1,0.8755064049005302
1,0.9055313834927975
1,0.9002084888444712
0,0.045906873797477266
1,0.7126120422225518
1,0.6566594240055971
0,0.06591085557266789
0,0.06562342771471563
0,0.06409919540388394
1,0.9075566825494271
1,0.9006985354163204
0,0.04244716124850273
0,0.08205917183202417
1,0.8472522719990729
1,0.9081837465980689
0,0.12662277230642868
1,0.8573097838477992
1,0.08498088408220864
0,0.08641272756904554
0,0.12970890386815626
1,0.43009475919312706
0,0.3037746895035199
1,0.6646918034209515
0,0.077631531700723
0,0.2034702440888844
0,0.043540828351457034
0,0.22970761553407237
0,0.24788025517795037
1,0.15118056456428342
0,0.2525601373066687
0,0.2750537202988027
1,0.8953110111089124
0,0.04557997875940192
0,0.19882212331563986
1,0.5849119424137137
1,0.3533282162740557
1,0.3533245571805856
1,0.5688739997001069
1,0.8084221832547169
0,0.36594408567993103
1,0.9039197788126293
1,0.9742778628119615
1,0.9742778628119615
1,0.9439941665982979
1,0.9742778628119615
0,0.5120232830385791
0,0.15926918182492578
0,0.18685117220621225
0,0.16792420762468746
1,0.5120232830385791
1,0.8545539294251767
0,0.3182509394159889
0,0.23950316546557276
0,0.10182911247992361
1,0.9469891638419621
1,0.9577629280812258
1,0.9489092236906763
0,0.09992284903298111
0,0.5997776775958448
0,0.12708838296810895
0,0.11182523557988734
0,0.16790308997903444
0,0.12282426001165021
1,0.9962283050860535
1,0.9965731919862423
1,0.9972050871859593
1,0.9920297679795229
1,0.9961363328189791
1,0.9934086965310089
1,0.9965466971651739
1,0.9799381577558395
1,0.9799381577558395
1,0.8682578770017668
1,0.9108094162022794
1,0.6889605866313582
1,0.8174468421032055
0,0.6045054189050894
1,0.8354689510761345
0,0.06898613598469837
0,0.04396037604751123
0,0.21171820672702504
0,0.17360099366729756
0,0.09668225342577903
0,0.40569205765876126
0,0.40569205765876126
0,0.10618155126963252
1,0.5535590165093531
0,0.2668347165252887
0,0.31462473223375326
0,0.3758857413364941
0,0.12516052256593804
1,0.3728755766519741
0,0.4440213406807305
1,0.17596608248513687
1,0.7037678909016537
1,0.8288532511807095
1,0.7651189464479449
1,0.4252990731393119
1,0.7954690454841673
1,0.9057499662521606
1,0.9181830818754442
1,0.8182654206168916
1,0.7925743785599794
1,0.8684822541922127
0,0.22743610880744994
0,0.17982534892967383
0,0.39407685045187785
0,0.2169936155929358
0,0.1866498952540668
0,0.32862586760806056
0,0.3535714489348669
0,0.22288270323791448
0,0.33106449698147117
0,0.18611372187902434
0,0.43232412693794575
0,0.3194925283588944
0,0.27170464372928355
0,0.3749110387014889
0,0.4645865428150883
0,0.357828924352125
0,0.43343762212444514
0,0.4943417678719249
0,0.444972712592739
0,0.46954167033557725
0,0.357828924352125
0,0.366929526537298
0,0.26570885514354864
1,0.4812959425431666
1,0.7534745645220543
1,0.8442690436141655
1,0.9118687359600764
1,0.5336828359481414
0,0.3372220992067602
0,0.2598750255121006
0,0.04696195792567732
0,0.030895302923766233
1,0.7303973868148644
1,0.19550569590158293
1,0.20817844502362484
0,0.2743738985152185
0,0.08058699616352451
1,0.533941447328855
1,0.7398290926983799
0,0.25548856527273683
0,0.06755491706973929
0,0.2296527694377199
0,0.053871959051990596
0,0.06756366670747699
0,0.10663608966733122
0,0.1135929123590694
0,0.12619243019532886
0,0.16874661615924408
0,0.22259025718658856
1,0.5602394556888801
0,0.03972387606777483
0,0.07645199445602234
0,0.11539452539946204
0,0.3071425785161006
1,0.16255954677994777
0,0.16410343661564952
0,0.11423474007572268
0,0.4168284160137489
1,0.9869927830578937
1,0.9869927830578937
1,0.9705509730421364
1,0.9705509730421364
0,0.2766811341888362
1,0.6484402809432064
1,0.7176863314335764
0,0.4692782866524772
1,0.5146625655327575
1,0.6953853860238436
1,0.9188714771983504
1,0.9154494255117878
1,0.9037438910474986
1,0.8866244856740281
1,0.8228475497064354
1,0.6759298959698138
1,0.7925949083969918
1,0.9004308652062052
1,0.8890612242240398
1,0.9070458468096047
1,0.8899107254289342
1,0.8564965215803825
0,0.5338139578395514
0,0.7939308528730462
0,0.5863363774656482
1,0.856992012123257
1,0.4233973791862401
0,0.4213819490503839
0,0.23259117679959743
1,0.6463683179112195
1,0.43782786997971396
0,0.3588289892263186
0,0.05938956327182632
1,0.9650588698066158
0,0.20804121397705677
0,0.22439042612285653
1,0.848335717990119
0,0.0852391429027897
0,0.04431734313762267
0,0.47661506586006175
1,0.9843186648559376
1,0.6694211660324516
0,0.31398553130634665
0,0.28813641483513147
0,0.1619996241152882
1,0.9619423676837077
1,0.9777618785381793
1,0.9566055330385712
1,0.9662739758673228
1,0.9777618785381793
1,0.9632079336620119
1,0.9398569699110074
1,0.9769849742099864
1,0.9487059818393929
1,0.9483385517333469
1,0.9662739758673228
1,0.9632079336620119
1,0.9632079336620119
1,0.9769849742099864
1,0.9566055330385712
1,0.9632079336620119
1,0.9522794860328496
1,0.9619423676837077
1,0.9632079336620119
1,0.9398569699110074
1,0.9566055330385712
1,0.9619423676837077
1,0.9769849742099864
1,0.2029194572469945
0,0.06287101984419873
0,0.1024418603081634
0,0.20049827117566024
0,0.1462855322088054
0,0.10710322623682415
0,0.3895508972197175
0,0.08694719246730535
0,0.1310151953361843
0,0.14990628980479365
0,0.1634649217366235
0,0.10786996884438271
1,0.8680623206649952
1,0.8921701205353176
1,0.8921701205353176
1,0.7908694735447225
0,0.4933600297882509
0,0.015253063734162223
0,0.017387619360305938
0,0.4572419232933631
0,0.22636285908082696
0,0.2961912344961123
1,0.25451736819379983
0,0.1324407680885032
0,0.20931832146183793
1,0.9606652167028831
0,0.31680097859663825
1,0.4011362486658403
1,0.5032503209182451
0,0.11186547240836484
0,0.1774887420416221
0,0.04841714242780914
0,0.08252275017436997
0,0.08767005903000365
0,0.12908849075171455
1,0.8298989181576886
0,0.040122131919376205
0,0.03727649799363326
0,0.06312014630044843
1,0.9891363200716535
1,0.9378127726723845
1,0.7888420432811389
1,0.9378127726723845
1,0.9396807318148371
1,0.8719161569194996
1,0.9807914944948457
1,0.9705476528112431
1,0.9487216855466178
1,0.8660161340386402
1,0.9085579890495411
1,0.9378127726723845
1,0.9085579890495411
0,0.4751110739123963
1,0.8896055994012149
1,0.9315127254268486
1,0.9598116160171641
1,0.9411098787334616
0,0.3969431007777683
1,0.49392495241226386
1,0.7832168309729787
0,0.4034673410854141
0,0.127687190376322
0,0.11338639516505418
0,0.12834522123932463
0,0.12250352354980225
0,0.07976182810177353
0,0.09637243691012452
0,0.06044778631232472
0,0.3794400294115828
0,0.08529452821642963
1,0.17498782720440148
1,0.9168855672029694
1,0.4759175882662136
1,0.4751805922717745
1,0.20668545006287867
1,0.7995759322645094
0,0.2821278418673615
1,0.6033915113698886
1,0.6042888893282005
0,0.20989333377313854
1,0.7035202199194281
0,0.13899405473199883
1,0.716277540175008
0,0.0830425839505893
0,0.14379227944152598
0,0.29458043511092874
1,0.9304971502237195
1,0.767987495471171
0,0.1974156143237308
1,0.9647258407118263
0,0.07759397643941572
0,0.03234510615712676
0,0.03209726008757193
0,0.0926289956170211
1,0.573274286584288
1,0.9502927159156193
0,0.3991389357564121
0,0.13000844604346376
0,0.06592963970807081
1,0.20851548237874878
0,0.12611132433711467
0,0.1293689435812899
0,0.14549751031404712
0,0.395218575024673
0,0.4428299449158503
0,0.1738784371695669
0,0.3052350412959602
1,0.5236583871900559
1,0.7598746751763747
1,0.754359483172664
0,0.4962542356932773
0,0.5748214971301675
1,0.5231833659429009
1,0.9486265158210095
1,0.7031236504052378
1,0.6159820240453606
0,0.07019499032425049
0,0.2965495113629116
0,0.29699961361383964
1,0.9961679532612789
1,0.9945968777464361
1,0.8911959886323294
1,0.9618087032523311
1,0.9805609459898214
1,0.9614398934266433
1,0.9645138432743452
1,0.9645138432743452
0,0.24003332988756051
1,0.869454263649203
0,0.5018200163048935
1,0.9836836619053787
0,0.17454715792093328
0,0.17975119043796975
1,0.7892076762711635
0,0.04947050398186443
1,0.7926599652846437
0,0.1286682601899252
0,0.2875536005455347
0,0.40884939907104956
0,0.2758423432569581
1,0.6263159176193033
1,0.6263159176193033
0,0.14334518940246274
0,0.2393740459900722
0,0.04082251952588283
0,0.08067652843388866
0,0.31904136304918357
0,0.4070851720954752
0,0.28904108654137284
1,0.3470053252183712
0,0.20137808240139166
0,0.10542541923204364
1,0.9407326374651253
1,0.8480485964609262
1,0.6014693720122847
1,0.21898276335714953
0,0.23814125099461594
0,0.15153995974887643
1,0.7844040686794713
0,0.5203117655262749
0,0.19841283345729002
0,0.19841283345729002
0,0.27914275817072237
1,0.5560937125279068
0,0.43965311867767304
0,0.20314014278893594
1,0.8806510784700686
1,0.38575457837742816
0,0.2636455898347597
0,0.22323580217620798
0,0.34986215983786
1,0.6125085406061784
1,0.9318739685136445
0,0.19969063510492863
0,0.1712440813817339
0,0.035633845647342045
0,0.052196853131249624
0,0.03999371725974129
0,0.06720107916015262
1,0.9907275845142909
0,0.27598145135970875
0,0.29528330636857975
1,0.5430700581284056
1,0.7327385464248904
1,0.8174658145465925
1,0.5817722586557798
1,0.927888660115193
0,0.2229526348561415
1,0.688335416804686
0,0.09498383170236639
0,0.06309933330818854
1,0.4521057537198538
0,0.3584318296117891
0,0.13281704101056283
0,0.15417558503787854
1,0.8702068842823129
0,0.07164698005590849
1,0.6641233275506588
0,0.03445022178681773
1,0.9420468672282258
1,0.9241676810468804
0,0.16852846009438752
0,0.01566731639698555
1,0.7840117256225302
1,0.9777312855850825
1,0.8578653063109644
1,0.7345621859038378
0,0.32857632073774723
0,0.15742785437823323
0,0.19535030009240492
0,0.3469439495453962
0,0.03520768622223605
0,0.09494795049342744
0,0.15518108083311427
1,0.4492640576463939
1,0.6115890374583928
1,0.9686775753783837
1,0.9895305237271211
1,0.9944912804705751
0,0.5281214453104514
1,0.37237393032241284
1,0.793564298594892
0,0.09448152161466129
0,0.5802600585139042
0,0.5531823456285505
1,0.9979699621718104
1,0.2892677878485693
0,0.5029245761953666
0,0.1357829970365414
1,0.20135699392479928
0,0.1671146386966754
0,0.2659634435682683
0,0.36862316931507827
0,0.3508244169586415
1,0.5325828181179995
0,0.035344386653596974
1,0.885363471693068
1,0.9905682121769117
1,0.9864419046554234
1,0.35499158739254416
0,0.26205595423986233
1,0.7412706755655536
0,0.2778431957007976
0,0.11095245595690512
0,0.044375616348909436
0,0.23755522045744487
0,0.20229684530500477
0,0.2740546286850406
1,0.8775307739258293
0,0.21498196286049517
1,0.597774910076891
0,0.2987966554922985
0,0.25375616361278175
0,0.06644745909095347
0,0.21858820125041337
1,0.49784406735809805
0,0.19354370212142255
0,0.10157463473874434
1,0.9383665299427039
1,0.35292939893335973
0,0.10413907113935342
1,0.6326749124182898
0,0.2910670820644186
0,0.02531103390814282
0,0.20447153593995207
1,0.8915531832896313
1,0.5813002662193079
0,0.07786882292670987
0,0.16473995916238807
1,0.9828801446387667
1,0.9947333687171083
1,0.9859818297335554
0,0.2958848486938305
0,0.2755442511095372
1,0.9275132335252356
1,0.8758779462734815
0,0.15357980220823422
0,0.14170416440125722
0,0.09802274315787472
1,0.968761779040815
0,0.04677456876559551
0,0.5510701166009487
0,0.03817044741506676
1,0.8375460375959977
0,0.2096831287331052
1,0.9396809739100384
0,0.09154918369086233
1,0.9852109810710236
0,0.029188435886774697
1,0.23553137829087856
1,0.48570207334058113
1,0.7238290543606971
1,0.7920489591454051
1,0.8227563569753089
1,0.43924204826353946
0,0.20262249536152552
1,0.5528428070191066
1,0.843058771272739
0,0.2302811363431974
0,0.38834169101649063
0,0.02981235612903315
1,0.396874064658723
1,0.617653667101971
0,0.04551592076970679
0,0.08141675313935073
0,0.0560172089741245
0,0.10111521235227931
1,0.9395982978044385
1,0.8291639802139968
1,0.9311031976187556
1,0.9392982921542754
1,0.7511931164869413
1,0.763620233145117
0,0.47710967111633135
1,0.8390806048510917
0,0.16360446529992628
1,0.968450928522005
0,0.10276900935275446
1,0.2953211289839242
1,0.9075566825494271
0,0.05714780005778271
1,0.7429727852556735
1,0.8321589072072347
1,0.7108786373274341
1,0.34923207299244874
0,0.11405510077213354
1,0.7939699857905678
1,0.8779041745389009
0,0.5854894855969368
0,0.3665483967551829
0,0.2531720295343236
0,0.11056044178926056
1,0.47606136911301417
0,0.6263722184250465
1,0.6183761914439074
1,0.6835477252783748
1,0.7488891175533943
0,0.5230591766007435
0,0.10484793753957597
0,0.11190634662477188
1,0.3882148766875417
0,0.2504131943199152
0,0.5504797376785036
0,0.24924124808886983
1,0.7652685054276763
1,0.8999565847572251
1,0.8986768250173868
1,0.8880731316801032
1,0.8986768250173868
1,0.9081160313848848
1,0.33947823350784817
1,0.9211306651696829
0,0.44502779407535686
1,0.7553152542576528
1,0.5277138078305623
1,0.5277138078305623
1,0.8714835165835905
1,0.9661491648345311
1,0.9574030300312231
0,0.11600833275119897
1,0.46891075402598126
1,0.4658436859569255
0,0.40272177754877647
1,0.3913175875018539
0,0.13034099512781475
0,0.5103296819718196
0,0.3811470000209978
1,0.9810446243057325
1,0.9746142429421393
0,0.1924168323037238
0,0.084848118119758
0,0.22020183349114905
0,0.047147157829772246
0,0.015390791325195453
0,0.04140831599969146
0,0.17185751950919714
1,0.8535905292982771
0,0.3648745906721126
0,0.3274451796975721
1,0.5918505311417321
1,0.7742935510259653
1,0.9106355663907684
1,0.7608436843013975
1,0.7496349021164447
0,0.49791694491098054
0,0.35541236956128014
0,0.02090492031940636
1,0.8167608876741006
1,0.8325335150340202
0,0.12387114498632618
0,0.08689830242030153
1,0.9438560063661716
1,0.8869582069013314
0,0.24729940688701849
0,0.5535766365431912
1,0.7539887202445062
0,0.15340051277173122
0,0.2660988563651405
0,0.10993248010199247
0,0.27955815870271455
0,0.09511714615392966
1,0.9606158077624672
0,0.578727406995331
0,0.41890005823472015
0,0.37517236642086277
1,0.5098618961903117
0,0.10307449151411396
1,0.7908555941224178
1,0.9577745897539608
0,0.36186024195759026
1,0.8450597737367177
1,0.6842390059377319
0,0.2696638622489503
0,0.08820854762016121
0,0.14087561851092611
0,0.06989597637577238
0,0.2265450273879254
0,0.3958214834363294
1,0.9504867070957821
1,0.9758076382516038
1,0.9749324103340157
1,0.9620599664063512
0,0.4614343323871883
1,0.6334113103920435
0,0.09232810026678323
1,0.743297374423141
1,0.7469195346797863
1,0.8135358171308424
1,0.7383296030537788
1,0.8263982917768184
0,0.38997592323924163
1,0.8835092058840143
0,0.2480661361322431
1,0.9049200048088534
1,0.5769237301367524
1,0.7539407708161057
1,0.8924869897356694
1,0.7619682613513582
1,0.8130057769799809
1,0.8130057769799809
1,0.8319074855690471
1,0.7430960501943066
1,0.816789933195929
1,0.9139238594173297
1,0.44506910403718214
0,0.1985887091433969
1,0.23664354038227658
0,0.46494509168006004
0,0.13985751531681584
0,0.148040937510677
1,0.39207194998659217
1,0.8298079088359298
1,0.8298079088359298
1,0.8113643602272868
1,0.26041088873324986
1,0.9711409025532641
1,0.9711409025532641
1,0.8579643127726524
0,0.18980285440967937
0,0.057129485413998225
1,0.7765079595271543
1,0.7606511994968486
1,0.9316185535384618
0,0.45081789591076804
0,0.2673969292772461
1,0.7761784356192262
0,0.10581369140477018
1,0.926776772364771
0,0.06022631159563983
0,0.10341257440917404
0,0.13707905306521817
1,0.9510175863244243
0,0.1539099369850883
1,0.5831480569109657
1,0.6007656602506459
0,0.17984080141072473
0,0.15535109768722888
1,0.9630379448540237
1,0.6159067815258756
1,0.6428995706654109
0,0.19440120803788752
0,0.19399729848681146
1,0.4623883310268525
1,0.7298288826531941
1,0.6238858208037059
1,0.37664035540117
0,0.08649055881663197
0,0.09153903694294194
1,0.9342046984977787
0,0.3902173217590149
1,0.030626359469586212
0,0.020514964513289057
0,0.007633946864037565
0,0.01637034072752078
0,0.012410505837179026
0,0.012410505837179026
0,0.013223469468626107
0,0.011348665386266112
0,0.011348665386266112
0,0.023791182532152826
0,0.04737846695777319
0,0.015416713326539964
0,0.011092221979231286
0,0.03751627239135608
0,0.01643849812002189
0,0.0165100481494693
0,0.018903914346008688
0,0.023791182532152826
0,0.01974833128140678
0,0.03295952288882295
0,0.04477504053110767
0,0.031929152878206433
0,0.020394355478505436
0,0.03295952288882295
0,0.04784986474473481
0,0.04477504053110767
0,0.01209636158279212
0,0.019669597278038874
0,0.021190286065874222
0,0.05051441342876261
0,0.06916387567592658
0,0.04699035041767724
0,0.05051441342876261
0,0.3433094715549615
0,0.0698544191694569
0,0.12426060988125556
0,0.37107977096592126
0,0.4962570384753166
1,0.6912714329705532
0,0.639487356767372
1,0.9627068964863299
0,0.11439714894282389
1,0.9320621887909368
1,0.728048168440298
1,0.7680217623556512
1,0.8507794576731259
1,0.9193328309734096
1,0.9557251485992594
1,0.9722003083609226
1,0.9419819157940822
1,0.970213226686169
0,0.41539245593844093
1,0.6514501785264092
0,0.10251447922441308
0,0.11394520285427771
1,0.6837106997837891
0,0.16673804128053218
0,0.17357223943630315
0,0.12484863179434647
0,0.10554035706246138
0,0.26168998755900824
0,0.23862978772020288
0,0.1789937993328436
1,0.821044335266378
0,0.3421833970171812
0,0.21560361965435368
1,0.6168354234411797
0,0.12482374430236794
1,0.8284634422321809
1,0.9144090473836507
1,0.9187854538859129
1,0.9123404575639561
1,0.864909588645954
1,0.854034674682818
1,0.9222639523674953
1,0.8965047654083665
1,0.8987941888902897
1,0.9266608753212949
0,0.7723146528584005
0,0.43580796058913607
0,0.5097309539198608
0,0.20921267198838053
1,0.7729410311434364
0,0.16583693386304615
0,0.18229895057347084
1,0.6970248465954493
1,0.8592516337834903
1,0.9653558274315431
0,0.13260167855156044
0,0.19943465654292114
1,0.7974799436195448
1,0.46924511117450757
0,0.1962255659853842
0,0.13886278771414798
1,0.5274905249634904
0,0.18997419229885423
1,0.701988546091811
1,0.8023529197555404
1,0.913215467062376
0,0.1476567365672107
1,0.9925077294221308
0,0.26259698020325434
1,0.5388473310594581
1,0.6736494354764124
1,0.5528633001729086
0,0.3709512826027826
1,0.43159077220701103
0,0.5129030110963299
0,0.3031686422216597
0,0.1725892947734781
1,0.5689695321637478
1,0.7046002415079403
1,0.954811295025066
0,0.08932673969770369
0,0.13936266453262372
1,0.6436995462799023
1,0.23765645011075645
1,0.7755969998655319
1,0.32224552781946714
0,0.31427507752949313
1,0.7629453708011084
1,0.5922556855490543
1,0.5498862554009973
1,0.6020800276411297
0,0.0406140628548013
1,0.3754429093076843
1,0.7750476890977627
1,0.8244064452209767
1,0.84976765375447
0,0.18135204948865283
0,0.09784926130063855
0,0.16715889222810046
0,0.209947894220222
0,0.35085466422767514
1,0.993964070602236
0,0.2832131302810633
0,0.3485818755919141
0,0.36802329703135384
1,0.330637747380314
0,0.2879105204354646
0,0.06426562635672307
1,0.9538602312038694
0,0.05774738028155954
0,0.06433532204317038
1,0.8516611837407493
1,0.8946064079789795
1,0.9282699385976888
1,0.8377022439616011
1,0.5992248751005228
1,0.96245488685798
0,0.1324178561448935
0,0.14007091175505376
0,0.12202957861728164
0,0.15509155393956217
0,0.1324178561448935
0,0.22524929332980032
0,0.1324178561448935
0,0.13036342419661387
0,0.22524929332980032
0,0.14007091175505376
0,0.22524929332980032
1,0.26545948029086835
0,0.09354975947319868
0,0.08604083877789606
0,0.10077336935132901
1,0.8086402448553879
1,0.22125200150796162
1,0.7463019808263823
0,0.5246448154360659
0,0.2248909069608551
1,0.9552364329499476
0,0.21920180661389385
0,0.17976385183014157
0,0.08176970974247139
0,0.2229014876984926
1,0.06028830919987572
0,0.14687812848718448
0,0.2226651750539187
0,0.1545061424074632
1,0.9117519703929715
0,0.03096403487837505
1,0.9803041451734932
1,0.5387904013151877
1,0.7308575003480591
1,0.7414642578690837
0,0.2543078453573416
0,0.21431395353432142
0,0.2059791995943572
0,0.15169270916951708
1,0.9920073504812695
1,0.990361444682269
0,0.22939569134006377
0,0.520704488636472
1,0.2920118549554562
0,0.07176963134991216
0,0.23046697485493264
1,0.4465447170227783
0,0.24272575309879615
0,0.20139755103796056
0,0.12496679633743865
0,0.09301021157287884
0,0.02530562652534531
1,0.9975827650649365
0,0.13830709646597614
0,0.09020239191537542
1,0.8553709064884053
0,0.40278136023396394
0,0.2698763065804835
1,0.25319294834820244
1,0.9940245064291487
1,0.9940245064291487
1,0.9888753267341723
0,0.3136185982267858
0,0.15537239412044954
0,0.026982112945545922
0,0.04379843516815701
0,0.13404409669533712
1,0.8462236368634874
0,0.5513418284031265
0,0.24438124652174179
0,0.24438124652174179
0,0.2787532170806564
1,0.6868517317059166
0,0.1755112758219437
1,0.9273478770307765
0,0.03666596016622021
1,0.8300602086227011
1,0.6752361099160055
1,0.3720972231045407
1,0.29781084442120964
1,0.7663556930447755
0,0.14056694800543193
0,0.05357881748667649
0,0.3165431369900938
0,0.07061548511224389
0,0.06995373089276799
0,0.06995373089276799
0,0.08286167831171426
0,0.05357881748667649
0,0.04848295072958842
0,0.06151360435152517
0,0.1301869124888924
0,0.03793951887920616
0,0.043286186096006235
1,0.6301633681225141
1,0.6301633681225141
1,0.1136873053211036
0,0.07582524900757387
1,0.9970733916170398
0,0.4539870326303503
0,0.44884240294345285
0,0.10593723403463812
0,0.13360518370456892
0,0.29048501057257475
0,0.11181749743368068
1,0.9765292262929065
1,0.8099677361760981
0,0.3329336924197472
0,0.1880611026100057
0,0.15931104370075763
1,0.9391101436301108
1,0.698478353839134
0,0.03882325620040834
1,0.7894424076962808
1,0.9110435027916063
0,0.22364487682028703
1,0.39980575461418516
0,0.17147892594946013
0,0.19644160890331927
1,0.8681085043751248
1,0.9283487303046687
1,0.9283487303046687
1,0.8410034304189534
1,0.9806256296795777
1,0.9337885994181357
1,0.9672128142351839
1,0.9734843165587491
1,0.9475134453277927
1,0.8709496324318499
1,0.9753781781632062
0,0.02469161583543764
0,0.08502284370649314
0,0.03585110320936527
0,0.16417649231434375
0,0.1630566257967387
0,0.1281496060033283
0,0.24640160183248017
0,0.11610089973340057
1,0.5282972679693655
0,0.2133044345030752
1,0.9248692474222138
0,0.05248841345013047
1,0.9246946468488653
1,0.9246946468488653
0,0.17825588936325254
0,0.6792842050002051
0,0.5793435876337965
0,0.6701758416532826
0,0.6618729621061815
0,0.6701758416532826
0,0.6480363020359273
1,0.7288284984242098
1,0.7185265562027463
1,0.6701758416532826
1,0.6792842050002051
1,0.7819127245590146
1,0.7185265562027463
1,0.6263232228712087
1,0.6480363020359273
1,0.6701758416532826
1,0.6701758416532826
1,0.6701758416532826
1,0.6676375099587195
1,0.74553364918836
1,0.6618729621061815
1,0.5738258242969517
0,0.4536339954015554
0,0.19039131506233892
0,0.24913560434034537
0,0.18055742051843574
0,0.012689667207374099
0,0.053049389317757066
1,0.9003895637946876
1,0.8589125318813948
0,0.1822446143204201
0,0.2354004386530619
1,0.3557628799945836
1,0.19042829410035844
1,0.6306500275014281
0,0.11818075183265614
0,0.10874322775315064
0,0.13899443001972311
1,0.8675939397077297
1,0.6632043943447934
0,0.35040676563234835
0,0.03676864139651525
0,0.16590360836573484
1,0.9793606899353371
0,0.26339750931054207
1,0.9796236731383952
0,0.5011127244116501
1,0.5805527928272833
1,0.9952972133243944
1,0.9900265242021655
1,0.9899341250214315
1,0.9890657052312659
1,0.9817871150311458
1,0.9702165818317358
1,0.9913080007018125
1,0.9508462856412461
1,0.9392042539897105
1,0.9913906070722481
1,0.9908543699853909
1,0.9492926468869842
1,0.8558914683287903
0,0.756696790570196
0,0.8545801674501102
1,0.6677525353399545
1,0.9930103092489384
1,0.6700725933327416
1,0.8974312615234252
0,0.09342206661815976
1,0.8759586937175057
0,0.11296430103114427
0,0.291382405019059
1,0.9280022591412455
1,0.799777391424434
1,0.9869506093532744
0,0.23101811165714187
0,0.1743261483319591
0,0.11427680866285382
0,0.1851654153888051
1,0.9655414834848739
1,0.986095442233567
1,0.9655414834848739
1,0.9655414834848739
0,0.04599657093870067
0,0.12956692035952772
0,0.08993095540192736
0,0.018801213623641927
1,0.3857513268998378
1,0.907671119230646
0,0.17525978892135272
1,0.9756608808213229
1,0.6770324450922539
1,0.6725100868128815
0,0.06151922866438022
0,0.2910944745577167
1,0.9316253487638422
0,0.7599991266083991
1,0.7599991266083991
0,0.16706110342629935
1,0.9142214304819575
0,0.4342113529121071
1,0.9587242531617388
1,0.9289423130713663
1,0.947294719736937
0,0.03571307103964651
0,0.1547073947776932
1,0.8274296481949439
0,0.22807348111272713
1,0.714628334686543
0,0.16755974394308995
0,0.07836226886727148
1,0.9953415446140244
1,0.995073972659846
1,0.995073972659846
0,0.1838109017636061
0,0.183174470051712
1,0.7343360479713108
0,0.09002521138592057
0,0.326136731744615
0,0.6951733286390541
0,0.3798717353689614
1,0.6927871137657762
0,0.2895795624790261
0,0.10041030585606042
0,0.044608279091539756
1,0.7761293158965067
0,0.09383715090838525
0,0.16984156825599145
0,0.1214979796147649
0,0.2611003711223517
0,0.2521063091764819
0,0.3167944620794281
0,0.1638349996858625
0,0.16010436463633373
1,0.29173984210061965
0,0.1575807941827968
1,0.655927121949591
0,0.4028089578241085
0,0.25159032612234555
1,0.8820432161563878
0,0.30238882973455256
1,0.5975609905300776
1,0.09943112883443661
0,0.07696527415062956
0,0.2738071260773811
0,0.08808130590915608
0,0.1424981593374994
0,0.1867570367966949
1,0.49352193903399394
1,0.990148904166226
0,0.07192063366013686
0,0.07785979347481374
1,0.5404861258491036
0,0.09468929042425536
1,0.854174668253521
0,0.6208086931313576
0,0.5283101399739022
1,0.9534570790847012
1,0.7089846976169322
1,0.6787986773886453
0,0.028537229347522244
0,0.24716932947589218
0,0.1482647990724754
0,0.19481541636993283
0,0.36389137201366534
0,0.2768981414695112
0,0.0871886297968231
1,0.8955287642603131
0,0.19629567058093278
0,0.2542979323925136
0,0.1592507497009886
1,0.7914808299914304
0,0.15679327991136618
0,0.08982679647313604
0,0.08533054401784507
0,0.3289110495739608
0,0.1718890420189068
1,0.78981931617869
0,0.37029086028714425
0,0.3858383230108103
0,0.29320911885180834
1,0.6668125095948095
0,0.25338515678204626
0,0.060074195941257486
1,0.9762010637128599
1,0.3864330328703513
0,0.10974215572100234
1,0.9543439810033091
1,0.18373419656143064
0,0.05380736044450558
0,0.12908058417254925
1,0.847412253543446
1,0.8597527963726347
0,0.2884015814998737
1,0.6759696819718489
1,0.32631992706251167
0,0.015645767573600155
1,0.7837350399593861
0,0.21187978471464927
1,0.7162933395896992
1,0.7490704359932479
1,0.9671240878628892
1,0.9547967425896512
1,0.997800903854536
1,0.997800903854536
1,0.997800903854536
1,0.997800903854536
1,0.997800903854536
1,0.997800903854536
1,0.16486523118160543
1,0.6266431918066411
1,0.9510487807248704
0,0.49072637671324965
0,0.0979206648035107
0,0.10841169158656457
0,0.20842825173867338
0,0.13125771319661725
1,0.5749287616818592
0,0.059392525667066584
0,0.652579263238282
0,0.5994644490176425
1,0.7585908851636747
1,0.7408280202495403
1,0.6389054595407346
1,0.7902699942898164
1,0.7428706820294346
1,0.7070846253765374
1,0.7384649978416995
0,0.08156609376825537
1,0.9680390395537368
1,0.27755565944920585
1,0.31712667575031256
0,0.4647282791704294
1,0.996011112009191
0,0.23237934036993912
1,0.35623953293272137
0,0.08629026404025736
1,0.6365460645561806
1,0.44528779955686904
0,0.30304967425630297
1,0.3697369940198562
1,0.7280614080913625
0,0.08492160664140805
1,0.6870576705056275
0,0.06584912041379182
0,0.049650587373071674
1,0.9366413465395106
0,0.08508566401528488
1,0.8895087756098369
0,0.2549150462825051
0,0.1778181325844049
0,0.2938150649618095
1,0.4953540946604108
0,0.2394719766408466
0,0.19648860697289372
1,0.5505174144665737
1,0.7495392356384404
0,0.14533953151263457
1,0.935440561006364
1,0.9603707512850123
0,0.13162781096105064
1,0.9911368698430318
0,0.24502087300995543
0,0.38924906710334145
0,0.19307819561203535
0,0.14532470863855304
1,0.6352400936056272
1,0.9229807042048747
0,0.0678906334312491
0,0.12748084523474573
1,0.9769129217047995
0,0.3052851998277067
1,0.41423549917292063
1,0.7783373989001227
1,0.7856899569335555
1,0.5968605807321765
0,0.4186352379569572
0,0.09426410683931485
0,0.10245745354045127
1,0.8279625228606821
1,0.750779957745455
0,0.09631895952358117
0,0.3091627045712469
0,0.20624912449675756
0,0.12157003382849682
1,0.4986244330073437
0,0.22024337636771338
0,0.21046474180786223
0,0.18351875024255626
1,0.9721359952239025
0,0.4094347084831866
1,0.9816029131494978
1,0.9865732794640943
1,0.9865732794640943
1,0.9865732794640943
1,0.9865732794640943
1,0.9865732794640943
0,0.3444890158837912
0,0.40840553169789756
0,0.3687815779922175
0,0.7027323616277377
1,0.8539330782348178
1,0.7745145821146163
1,0.36123315041494203
1,0.7982083431600879
1,0.7027323616277377
1,0.8539330782348178
1,0.8539330782348178
0,0.859551158125641
1,0.37610471934393824
1,0.11654241188385184
0,0.09139220536337672
0,0.13145515281887438
1,0.6070364632026585
0,0.5672638968437155
1,0.6412832598722173
0,0.2490615563267344
1,0.33046675312136675
0,0.32919342017896785
0,0.145166405366212
0,0.33415184423121147
1,0.5884500684703053
1,0.6773986915143345
1,0.8589603134278837
1,0.8568654661065822
0,0.019471740716549904
1,0.8404285594271319
1,0.9852460104176517
0,0.11324055354171834
0,0.12020988887530382
1,0.19078587141450112
1,0.9917182517107316
1,0.9282122026965787
1,0.9282122026965787
1,0.9282122026965787
0,0.6855000529027442
1,0.8764537544864428
1,0.9650337222910943
1,0.5577226737890415
1,0.7328384774109324
1,0.4888069303853309
0,0.3209910213448136
0,0.1328236702998774
0,0.035927623378336666
0,0.13031476952161694
0,0.1562064261742011
0,0.29072775881838986
0,0.1870456521825586
0,0.1966043258827359
0,0.15571914376017315
1,0.8041689507861792
0,0.342931156625859
1,0.9586048889815069
1,0.7389419733624808
1,0.9147061822664615
0,0.13670228460631567
1,0.8490200854217939
1,0.4347078325829819
0,0.23523216826581075
1,0.9059011055010637
1,0.7571206774396512
0,0.40247334787627903
0,0.13821443592914864
0,0.14315013337240018
1,0.9604327390053886
1,0.6034444826405545
1,0.6469677540617025
1,0.8659660830541849
1,0.8973324446281534
1,0.9859971110865722
1,0.9730831997151091
1,0.9449196996996698
1,0.5310656670210304
1,0.5310656670210304
1,0.9483782967406482
0,0.623230781387983
0,0.21943006620287775
0,0.3256614173195051
0,0.0934731464249784
0,0.23993410360604858
0,0.08227115217706948
1,0.7156896933653023
1,0.7156896933653023
1,0.7037649617089825
1,0.7205895524500634
0,0.03490020751241721
0,0.029249381987546844
0,0.029249381987546844
1,0.8505687093396207
1,0.7265017151295592
0,0.449731595761985
1,0.9712473569192184
0,0.26190845877230134
0,0.18789616533883527
0,0.05636984738147335
1,0.9690909133555059
1,0.7045536606349029
0,0.2401097174776937
0,0.29810082311241604
1,0.7474641623834231
1,0.7367067056540664
0,0.24352425577940073
1,0.33533033534268714
0,0.04932543504278259
0,0.0994778480563207
0,0.14741116095416382
1,0.43142287896747306
1,0.5489239821462532
1,0.90671323422882
1,0.8521346528115963
1,0.90671323422882
1,0.8991805574263563
1,0.90671323422882
1,0.90671323422882
1,0.90671323422882
1,0.8991805574263563
1,0.8991805574263563
1,0.9615902985820396
1,0.9615902985820396
1,0.8086454620781539
1,0.8086454620781539
0,0.5364464098352816
0,0.747408423923161
1,0.8175517075427586
0,0.05350368696227729
0,0.0440183615835887
0,0.046360459856809255
0,0.040399941232289446
0,0.22872026842324922
0,0.27846959478950195
1,0.2676515543551636
0,0.12234790155541524
0,0.1599659938570794
0,0.0777470025861747
1,0.4019829686434903
1,0.9055938630234242
1,0.91827436173935
1,0.9709015557284697
0,0.479264808776187
0,0.37577127007230293
1,0.42935825131035443
1,0.7258700425835092
0,0.20107809805710278
1,0.19189714611162215
0,0.15200604741561888
0,0.1795205628168099
0,0.1590350912001623
0,0.1426383807308401
1,0.425294086602409
0,0.14514611014097087
0,0.27623337782681257
0,0.12905790397072797
1,0.949636233270503
0,0.28532128051184563
0,0.35393894155793215
1,0.7192938278320354
0,0.3582929524182258
0,0.2511227795377161
1,0.9655516828610673
1,0.9250823670981562
0,0.40526008684850984
1,0.18228949975843906
1,0.960353820649862
0,0.019436498370552144
0,0.020913122634725882
0,0.35136926355130527
0,0.05137085116633092
0,0.02124336790242401
0,0.0227229794304499
0,0.11796093734895341
0,0.10259695091554198
0,0.24002336788571277
0,0.20034360876985546
1,0.8879617636316489
0,0.3007903378486052
0,0.14853515823218047
0,0.1375531163515402
0,0.34584934957354907
1,0.20416204500219165
0,0.0706960677007734
0,0.2963683785489297
0,0.24337699371780358
1,0.37715293645510406
0,0.1569494991814193
0,0.24825587808775804
1,0.974710882815171
1,0.35060463363689465
0,0.1269107229570713
1,0.9244417234770718
1,0.7655315122566617
0,0.060013441447349075
0,0.14469413030783543
1,0.872923913213194
1,0.7984543496314046
1,0.7699398282148416
0,0.11305372404321523
0,0.12450258725175843
0,0.13201404431332386
0,0.12373929135672765
1,0.12641897655831758
1,0.9081456614761577
0,0.09237526584631764
1,0.7556079500314794
1,0.6670032636661025
0,0.1856695051018902
0,0.5177025513681125
1,0.5779414502110882
1,0.7530555135059167
1,0.7552494211252194
1,0.9884967885689281
1,0.49104173699039283
1,0.7144929109232754
0,0.346713285339743
0,0.18687923117871597
0,0.4773830342489637
1,0.8436256948408761
1,0.3581627934233123
0,0.35021195108536585
1,0.7012928328851455
0,0.07260508069794593
0,0.12373421338691337
0,0.22122002224073314
0,0.0821400197015323
0,0.524454895508297
0,0.20273477930730122
0,0.09337686762772211
1,0.6711431829936426
0,0.23338287690665596
0,0.23186357529634613
0,0.23208036594999126
1,0.995678984687804
1,0.958594077064218
1,0.8380147660430002
0,0.07111781188001504
0,0.06498136964540692
0,0.30440136328516504
0,0.15123753710672977
1,0.9346968605974362
0,0.2869210601609091
1,0.7666004984435978
1,0.6000565484468086
0,0.16746743710284523
0,0.01293135170183485
0,0.1371565031903223
1,0.8704116021040187
0,0.34289073424104505
1,0.6390441143994936
1,0.9420803759625849
1,0.9340962244573134
1,0.8780972227106664
1,0.16653575434913195
0,0.05144703708564383
1,0.15546123340152745
0,0.17647629986411487
1,0.1482424604118566
1,0.8946821358749119
1,0.8946821358749119
1,0.6129452806620084
0,0.15919961388498113
1,0.42031554781501307
1,0.9767099907546919
1,0.9767099907546919
0,0.08987010981966179
1,0.9970125912817087
1,0.9884423525724623
1,0.7856347137892318
0,0.662042753675362
0,0.09381910417536805
1,0.9336300873550731
1,0.20912049634488236
1,0.8281966296251027
1,0.8259159343706574
0,0.3081236838244248
0,0.11163507213441529
0,0.1416068243641488
0,0.2288547429153375
0,0.17015799620711175
1,0.35757918839579855
0,0.1695465811967399
0,0.17029109421391453
0,0.2763411035962276
1,0.8839958648179782
0,0.27133099369590163
0,0.21317417646564188
0,0.22463653006161316
1,0.610363445247867
0,0.039042609562669216
0,0.07111032658418373
0,0.07142783286448734
0,0.07111032658418373
1,0.9069771380083289
1,0.9500673974453776
1,0.9306140552036165
1,0.9967392095058965
1,0.9971849686496341
1,0.9969947771003654
1,0.9971849686496341
1,0.9971849686496341
1,0.9967381718181132
1,0.997964670900694
1,0.9971849686496341
0,0.27025588315930643
0,0.12518925853465585
0,0.1518718492608121
1,0.7321328790035683
1,0.674559835686095
1,0.9957957404776845
0,0.04590757072837076
1,0.48366561813921033
0,0.32849816475736904
1,0.7941454599449268
1,0.8901712833580188
1,0.7982590533320943
1,0.6039625323854089
1,0.9059643636570832
0,0.24055175507443832
1,0.7650946435779565
1,0.5136933014082916
1,0.7928856510268971
1,0.44699146166780457
1,0.9872713580298712
0,0.09464021653089778
0,0.0661592717459687
1,0.84528195419902
1,0.8080999681039657
1,0.7955110771995817
1,0.84528195419902
1,0.719432841356875
1,0.8763523625978793
1,0.8763523625978793
1,0.8802852719104052
1,0.9008044487854395
1,0.9164226554308962
1,0.9164226554308962
0,0.5753395408121935
0,0.061385224948524254
0,0.08583976419688615
0,0.03505564310384928
1,0.9950285785774502
1,0.9433148373144026
1,0.9389774790883818
0,0.23082353399277716
0,0.358462869929901
1,0.31817152711112245
0,0.3505383395085737
0,0.31136586499456176
0,0.44631201282092114
0,0.12284182979054455
0,0.07483063696719267
0,0.23973006635079316
0,0.13861574671187468
0,0.4293822507868813
1,0.924232815389091
1,0.9738274262923926
1,0.9587004340069702
0,0.1573994032608002
0,0.34090751373619355
0,0.3895697358994007
0,0.36581682910797897
1,0.9804770096025428
1,0.8551631608886425
1,0.8551961097495268
1,0.8781297709963076
1,0.9229101780912848
1,0.8955578910135766
1,0.8955578910135766
0,0.16749531537033074
0,0.05168261613897876
1,0.8243141943325349
1,0.7559266872448492
1,0.6400394824402483
0,0.0826384249600509
1,0.24383248938320687
0,0.2225076585885994
0,0.20051526345734583
0,0.15860685816078346
0,0.24387214683826938
0,0.39170572767473116
1,0.8864170807921746
1,0.38225914450727194
0,0.3273256103078538
1,0.5631111270614528
1,0.7272827961051405
0,0.1671374035227822
0,0.22408101949693282
0,0.16885344583163026
0,0.23806041831034186
0,0.06085809334329015
1,0.646475769696911
1,0.3962907609606112
1,0.918927466081902
0,0.018109222028064188
0,0.3104757421487244
1,0.7765865795064661
0,0.08606931913752851
1,0.901806195883036
1,0.901806195883036
0,0.5918097778596094
0,0.09411043825229358
1,0.7553942664224441
0,0.24916113589682148
1,0.8737950121502118
1,0.8737950121502118
1,0.7464800202705294
0,0.2889064611105301
0,0.2953546554682023
0,0.2888806972483976
0,0.330113426253864
1,0.7994739271297249
1,0.842478787647213
0,0.20923417395655375
0,0.22392244534480504
0,0.1963578650987719
0,0.23955272145996867
1,0.8401487620811677
0,0.15504498399332994
0,0.4826099768624903
0,0.06200494736039232
1,0.9226470225348723
1,0.39415970976212283
0,0.11351254796104905
0,0.07297444470813676
1,0.4247873268306466
1,0.9754509099924458
0,0.32046777775468877
1,0.9875120093996425
0,0.151239859989257
0,0.19627571020470522
0,0.16416269450175722
1,0.6779590039738442
0,0.06833924867863322
0,0.30759162842072596
0,0.08588685196422478
0,0.034132423951654105
1,0.8898620583289242
1,0.8665443568922766
0,0.17119871774962067
1,0.7544377494070348
0,0.5997176157767745
1,0.553411746093818
1,0.7744523619406781
0,0.05614189233675258
0,0.04098704138106467
0,0.5420035090711721
1,0.9585694310733573
1,0.9847268161060756
1,0.982060745304056
1,0.983751357662544
1,0.9816430051244068
1,0.983751357662544
1,0.9921115161159544
1,0.983751357662544
1,0.9878910969529094
1,0.9727087760591855
1,0.970988638963167
1,0.9727087760591855
1,0.9622395651578151
1,0.9727087760591855
1,0.9713030474691368
1,0.9847268161060756
1,0.9423301659275026
1,0.970988638963167
1,0.9561014929619238
0,0.01607817069800658
0,0.1383296814463727
1,0.5103565777111073
1,0.7648753016086419
0,0.08232906685686982
1,0.6960208264755782
0,0.1386894944348458
0,0.352924827741936
0,0.31027239719936783
1,0.694326381957922
1,0.8826746532030652
1,0.8588616532855372
1,0.9023047946649327
0,0.1854162721564368
1,0.8869214253992991
1,0.7932509683526309
0,0.04556376456540437
1,0.9049188700234141
1,0.960399940678901
1,0.9596219266197937
0,0.17674096328202024
0,0.17276666414655176
0,0.345874207967122
1,0.8161096826219947
0,0.1315830494339317
0,0.023709890678834698
0,0.1896535281869981
1,0.9359431357010694
1,0.9537227419442104
1,0.9485050158193375
1,0.9743975042843385
0,0.5657480640736156
0,0.19528025486273448
1,0.30119463427425086
0,0.1401730568836774
0,0.08099160385200511
0,0.10615953849632424
1,0.9263580752879703
1,0.32932905119150035
0,0.18538421111219264
0,0.12535250083100022
1,0.9923450088830905
1,0.15578614310399155
0,0.05555748558375093
0,0.047952655178364126
1,0.501883595952342
1,0.6799912273240801
0,0.04234085717447276
0,0.04363039589741822
0,0.036857263806286934
1,0.9807257426150806
0,0.23875196023977002
0,0.20685279444872157
0,0.1468196686905615
0,0.5242440250728151
1,0.7838501299994796
1,0.9846130121316194
1,0.9732905151566541
1,0.9786865513181765
1,0.8671893455873697
0,0.11100748228860288
0,0.1884707397186193
0,0.27178920034344944
0,0.2992667691406437
1,0.7490873250686286
0,0.13466759453273677
1,0.568361674223154
1,0.8622024716216752
1,0.5883651461708947
1,0.9932585391701688
1,0.9950523855973827
1,0.994682143922292
0,0.12764308901424873
0,0.06885117558113908
0,0.05634289330947039
0,0.060997209184834165
1,0.39880789522778975
0,0.18791311532571886
0,0.0819400992743439
1,0.822867895586005
1,0.8156383955017827
1,0.8119017222526117
1,0.812985919196993
1,0.7532332163868889
1,0.31306769528124556
0,0.06409310061437497
1,0.5988999520957173
1,0.8709213380449423
1,0.7686006389106392
1,0.582302122168586
0,0.22207500053980425
0,0.3048218616320575
0,0.20127972274872283
0,0.23980223070273737
0,0.11956491614270486
0,0.15656219639723115
0,0.16025371838004462
0,0.2016171711104841
0,0.20354628064887886
1,0.49883975254114704
1,0.44092554066706535
0,0.2597711104964517
1,0.7594315306064782
1,0.8416436115293103
1,0.5885397617504573
1,0.87507321248676
1,0.8403495210970339
1,0.5417169573653203
1,0.846632337564372
1,0.647169555106154
0,0.4321678452508565
1,0.9991260277231344
0,0.21502460261741202
1,0.910539158602913
1,0.8755499871946222
0,0.04834113172670953
0,0.24559539606871317
0,0.1671405879022153
0,0.24818424333893194
1,0.8773639687259451
0,0.16198325914903797
0,0.16323798009618434
1,0.864245293801954
1,0.806940714735829
1,0.8043456523228698
1,0.8843760291551266
1,0.08614165962527214
1,0.7127541428456898
1,0.718116860687653
0,0.09131753110204918
0,0.0914591378921456
0,0.2545973602448229
1,0.9398103377202811
1,0.9412731774941309
0,0.2871063597387087
0,0.021805187145969736
1,0.889647754902522
1,0.9090704721995327
1,0.8712488458177763
1,0.9473120944893251
1,0.523129587970602
0,0.07674458563604687
1,0.37026655719555657
0,0.18052350697777267
1,0.7572743180095812
1,0.7027171785163605
1,0.8011566772492793
1,0.8275224857232271
1,0.8633958036360473
1,0.855078908658685
1,0.8920591656260737
1,0.7720602244562836
1,0.9022160696336492
0,0.12205052043112746
0,0.20042571510892604
1,0.7988719860772963
1,0.9917221844769448
0,0.5770480439930776
0,0.05271854481114609
0,0.046333894907001766
1,0.4636537863488385
1,0.7774364972441434
0,0.03444858706590608
0,0.08774487216059139
1,0.5837420880471834
1,0.5175392887643767
1,0.5474653531822294
1,0.278276560721476
0,0.16799469990474772
1,0.8148542211801983
0,0.13847142378407346
1,0.9418191172218325
1,0.21099984224837068
0,0.09898017157831013
0,0.16711134499649763
0,0.08311281671189974
0,0.6568283694438568
0,0.17592032549663497
1,0.7933866454413276
1,0.32370829899694503
0,0.3075418682280474
0,0.20476240740468446
0,0.20488085664124533
1,0.8592538878440676
0,0.23124395722450705
1,0.787548570365676
1,0.7432145127443628
0,0.013915534448448468
0,0.011517941068457742
0,0.3481438461764623
0,0.17948483219879235
0,0.049639297932390136
0,0.05401242959900072
0,0.20188278626044354
0,0.1361053647329497
0,0.41952830224830706
0,0.19548555272169393
0,0.04810158175723954
0,0.15550315539003715
0,0.036559410023805514
1,0.7769451054313897
1,0.8741495128200993
1,0.9061677164032114
1,0.8931422226906826
0,0.27563762340216896
0,0.4886752784056641
0,0.1727745539330831
1,0.9439320283999987
1,0.8139102944196975
0,0.2472547965483356
0,0.5085889346302633
1,0.3968832189987224
0,0.09741371223033157
0,0.24638455639411228
0,0.20878214467554332
0,0.11673412226656925
0,0.17431967884633026
0,0.1823342372000654
0,0.06337079146190096
0,0.07935626087916865
0,0.05993293470615215
0,0.06067948842420507
0,0.06067948842420507
0,0.05028593809180454
1,0.6343587970095531
1,0.600006547404365
1,0.8186314840575153
0,0.38573849034701063
1,0.8728967330054996
1,0.9715183954165909
0,0.8962745113054682
0,0.1868106836540916
0,0.18566377939975812
0,0.2631162571529836
0,0.3477603301781414
0,0.4197600801211313
0,0.39758073178086534
0,0.693931867134399
1,0.9936216366224505
1,0.9169566287275921
1,0.9463225944584921
1,0.9240949031729137
1,0.9751094443788806
1,0.8602415348677984
1,0.8602415348677984
1,0.9632275016366131
1,0.9199486162969821
1,0.921061660809947
1,0.9663812980770308
1,0.8425284259386914
1,0.9552168847096288
1,0.6427496575765562
1,0.6920641711232556
1,0.9523979480994886
0,0.2338557455012003
0,0.3089160360278219
1,0.36477824007535314
0,0.1760117950490078
0,0.22510850912921082
1,0.47298130893799
0,0.0759750880761569
0,0.0727407574518535
0,0.27178664205153286
0,0.08875773682869101
1,0.7616872398371943
0,0.09562149619255467
1,0.9580506970897557
1,0.9580506970897557
1,0.5019075755412999
1,0.9947025633885941
0,0.06447066523248493
1,0.9383075122682214
0,0.08535803558442437
1,0.47392742484151335
1,0.47392742484151335
0,0.08283232763440065
0,0.09383927865985987
0,0.09383927865985987
0,0.09790173783923055
1,0.9278420645713769
1,0.9278420645713769
0,0.15579822258313875
1,0.9973220152101483
0,0.41326217449185115
1,0.9401696151429322
0,0.2489625870215794
0,0.3870224222536944
0,0.501356016100453
1,0.501356016100453
0,0.06329105543761927
1,0.882892819015406
1,0.614298791016115
0,0.16671134876631782
1,0.8256949567242966
1,0.8308274394788909
1,0.6650151490456214
1,0.8405968984606762
0,0.0539991915824566
0,0.05445423161241602
0,0.03563850996469418
0,0.32155437775578566
1,0.9759028992375334
0,0.21386157807696043
1,0.5000482213999519
1,0.8974970091839221
1,0.9062501656964032
1,0.9614403769468692
1,0.9443690781629394
1,0.9534537624773461
1,0.9205132851416166
1,0.9228523940279844
1,0.945384192530258
1,0.8199504314916345
1,0.7943829964010735
1,0.7497407540534681
1,0.7608361144901026
1,0.7312988371211291
1,0.8409281852702074
1,0.9245373640321145
1,0.8912864293481308
1,0.9245373640321145
0,0.18387562056895435
0,0.07098295340476918
1,0.17283462835027844
0,0.22587914659987415
1,0.8692064688493737
0,0.1066643424620349
0,0.17741741084665558
0,0.04185213675484473
1,0.9116353887197709
1,0.8464339110707569
1,0.9032000829537534
1,0.7112166569888768
1,0.9763293148915508
1,0.9735324209816102
1,0.8722931197201657
1,0.8044245825929164
0,0.5062743410661835
0,0.42209106209148933
1,0.8050191037583676
0,0.18955608526137493
0,0.09968572859578165
0,0.09968572859578165
0,0.259591097692407
0,0.24988287099623466
1,0.9196045806479023
1,0.9160792938660128
1,0.8989460445699932
1,0.9227491077803349
1,0.9071756696404801
1,0.8713960301435192
1,0.938077172909672
1,0.8713960301435192
1,0.9329492302366431
1,0.9730157049310914
1,0.9453303029547774
1,0.9285006492460586
0,0.3268281231204927
1,0.7261248725913529
1,0.49138301449813954
0,0.12085326626995475
0,0.29470953791225324
0,0.13573685711037023
0,0.14173057431200636
0,0.715265992715171
0,0.14981252364593878
0,0.14578160870051488
0,0.014925866189864502
0,0.13111131131041645
1,0.8959704432102888
0,0.12006629822757453
0,0.12694356615759222
1,0.9785910556980741
0,0.4324851892681279
1,0.9424603060927472
1,0.8764863455281114
0,0.15933350826039333
1,0.4294652981645512
1,0.9888750631773641
0,0.2698152586518276
0,0.30302173877375954
0,0.6769724824644257
1,0.9305818722413705
1,0.9234030946946272
1,0.8282661496187589
1,0.8267873171659996
1,0.9178218728104997
1,0.6972348386905406
1,0.7851696352514036
0,0.08717327243436167
1,0.5014119078215347
0,0.13143432990098927
1,0.5439122966467749
0,0.5439122966467749
0,0.45615071784457684
0,0.21428706375044743
1,0.956202939005753
0,0.16782809693789236
0,0.10004308014166456
0,0.17719690567651886
0,0.13577681449674167
0,0.050562834513734216
1,0.595402960810993
1,0.5694383465237605
1,0.8339720290239284
0,0.2585456531562837
1,0.8532281103958995
0,0.4416368367931521
1,0.8488854827431535
1,0.8915558085774279
1,0.8627463037779916
1,0.8662539972750025
0,0.3219361370680035
0,0.12815575722041594
1,0.5112096256513513
1,0.8423367682579598
0,0.19758386209994092
0,0.18988472801886258
1,0.5485920306840251
0,0.34584834802110875
0,0.16058744396520555
0,0.12658223391721482
1,0.8897809384511325
1,0.5743308228708647
0,0.5121728615190683
0,0.30363754601755283
0,0.04580576354986575
1,0.9068164908161594
0,0.3462636023928113
0,0.079655103716577
0,0.018886298862461893
0,0.022367908683557598
0,0.050938963890698484
1,0.7378284331771416
0,0.18220578650511485
1,0.8445467646324211
1,0.5818487783947964
1,0.3025108178541282
1,0.2892619063670861
1,0.9113350132993838
0,0.16064410888714642
0,0.4095790964816667
0,0.19458401538658043
0,0.12956128749635676
1,0.18089971685660908
0,0.3782015124668033
0,0.346463947088092
0,0.0677065463917458
1,0.8518225774420104
0,0.28320494354438086
0,0.11045619388251016
0,0.10426859531666002
1,0.9775345013315399
1,0.5979100272014338
0,0.2487115399863107
0,0.044085313800048244
0,0.032087628908673435
0,0.08844701640135953
1,0.7393637346745515
1,0.3948054912314599
1,0.8297001905934579
1,0.9928834241706912
0,0.0875135456518876
0,0.4299378936708966
1,0.7466210466487911
1,0.7278832137128753
1,0.97892360734988
0,0.19110908297926255
0,0.06064950237401554
1,0.9532737905522256
0,0.07210664246744627
0,0.40521312167022705
1,0.8889104504329449
1,0.6357757789555869
1,0.505616679223738
0,0.511329842137796
0,0.1758159752228425
1,0.5433570632602825
1,0.4936700947973512
0,0.29855384926254447
0,0.5010947124183347
0,0.23518623113638856
1,0.8047063984575882
0,0.06969491349299077
0,0.09868777269079942
0,0.17957858550324957
0,0.25736308077317155
0,0.0410501643362381
0,0.08683013361126858
0,0.1021079229979975
0,0.13331299433401844
0,0.17648819817847589
0,0.141821975728403
0,0.0882309676388726
0,0.1360774779691006
0,0.07728744561404212
1,0.8389148401463883
1,0.8885001568054783
1,0.7308588816777946
1,0.8096251129050844
1,0.8070648951983187
0,0.2817526420266208
1,0.9848494462534366
0,0.18371583568702018
0,0.3264096264368483
1,0.18598299874728985
0,0.10374256753076154
0,0.3203783759872079
1,0.6579164405730531
0,0.5645449964800631
1,0.8442396460283742
1,0.5383069132899986
1,0.4765920468219034
0,0.12847500216306135
1,0.9752802473328853
1,0.9797026960846715
0,0.24831817340669912
0,0.16394343251016846
0,0.04582602167903582
1,0.6734445596466946
1,0.7445295166211399
1,0.634707269223355
0,0.4156224882781963
0,0.508729832306519
0,0.6498575024285663
0,0.6970487415855283
0,0.8050317766509947
0,0.4019104216174665
1,0.8824155681491072
1,0.8723858347591835
1,0.9496954517176811
1,0.8050317766509947
1,0.8941856960597356
1,0.8050317766509947
1,0.8050317766509947
1,0.7959524401466611
1,0.8680943278952109
1,0.8178602948269322
1,0.89096334806212
1,0.9609436270060915
1,0.9459728091828731
1,0.7198098755638477
1,0.8055086797772055
1,0.9464746882861118
1,0.8838389168675659
0,0.14509111924520537
0,0.28773261958985474
0,0.24854363360154055
1,0.7942572866278915
0,0.5694064729130457
1,0.9979271377428307
1,0.9979271377428307
1,0.9980870859077436
1,0.9980870859077436
1,0.9979271377428307
1,0.9979271377428307
0,0.153536687033087
0,0.11388286573134507
0,0.6645480899388623
0,0.28414845703532216
0,0.31861691296173955
0,0.4493633352311058
0,0.47430841567475956
0,0.6645480899388623
0,0.5258560656029857
1,0.7088103204679824
1,0.540660061437187
1,0.6645480899388623
1,0.6645480899388623
1,0.8210707201180876
1,0.8678214555120977
1,0.8193151634407648
0,0.04395279391867822
0,0.07863397781900054
0,0.037863936237230764
1,0.9029595663984469
0,0.11698801963515829
0,0.06432345920932554
0,0.1023614765465113
0,0.054281891295659135
1,0.7210415978021978
1,0.9147681902968627
0,0.0760009402309689
1,0.7583145291485477
0,0.17032879702666617
0,0.2040098079824754
0,0.5110082994214777
0,0.6204276846986679
1,0.6268176773458433
0,0.04749785260379614
0,0.14125209525157784
1,0.957144277696895
1,0.9237240676715504
1,0.7913707439680336
0,0.13026121767726873
0,0.13026121767726873
0,0.06809862820069339
1,0.8391405700453544
0,0.1170419550853251
0,0.2110129794484029
0,0.0628745191019652
0,0.05483201391410293
1,0.5837354676664382
1,0.7046367318870445
0,0.18165441812695032
0,0.25534244254446886
0,0.1567413653759835
0,0.26418974613411733
0,0.39369013332622416
0,0.2974355985678215
0,0.263537119407779
1,0.5697214008265968
1,0.9153491099604374
0,0.12305693324988919
1,0.8989858229708814
1,0.8678848984673874
1,0.8678848984673874
1,0.7834886582936058
0,0.343565794320446
0,0.32026818849877814
1,0.9414987541209481
0,0.10232166947675414
1,0.9892539144075284
0,0.14627021054218348
1,0.8163947349974993
0,0.16316690331698394
0,0.22387561746731158
0,0.2565551622168402
0,0.15437353946409946
0,0.066605422344993
0,0.0815459873390656
1,0.676798282273157
0,0.2714739660293815
1,0.46241511933607743
1,0.9847999661615359
1,0.9837788332682273
1,0.9743951909422148
1,0.9863528910138382
1,0.9880830650143392
1,0.9743951909422148
1,0.7168590614968702
1,0.9971490742565489
0,0.04100189651562607
1,0.9689748681911781
0,0.09931034168723442
0,0.07647826970146251
0,0.1891795439389906
0,0.10437097100159362
0,0.15797849597068478
1,0.9820412687033799
1,0.9879676822889742
1,0.9879676822889742
1,0.9959433969590142
0,0.11256271251383763
0,0.1533105156789869
0,0.14441543818867028
1,0.8707042143862513
1,0.8707042143862513
1,0.8707042143862513
1,0.9744577655167326
0,0.17846702088263583
0,0.13474600023137318
0,0.04471146944021235
1,0.9614155975909601
0,0.2617544748287591
0,0.21863013651861873
0,0.5782827208890075
0,0.6743203683600782
0,0.6958710117258506
1,0.6743203683600782
1,0.7289272959236964
1,0.6779998341275708
1,0.6767051650879294
0,0.0582509605117632
1,0.505872387764023
0,0.11397508369898572
1,0.6111113138600517
0,0.07754211805943288
0,0.03694525441884199
0,0.0638901019685179
0,0.03548985750526024
0,0.5534690758908337
0,0.11792495065136958
0,0.11731490331357201
0,0.14565284019932323
1,0.7264216079927247
0,0.09138275499002915
0,0.17107625087342754
0,0.1621386178921618
1,0.5356763743678415
1,0.3879353126959899
0,0.11624762887711947
0,0.021278787200162283
0,0.020034856644145248
1,0.7722210843056024
1,0.5467865391363299
0,0.2397229508468963
1,0.8337959278545848
1,0.8542050132343262
1,0.38551595567048413
1,0.9010643150734575
1,0.9737407788433504
1,0.9755032080405008
1,0.595516589041776
1,0.5367784601381613
1,0.9459385534953935
1,0.9136131655788208
1,0.9670540652929821
1,0.9410533884746259
1,0.9410533884746259
1,0.9670540652929821
1,0.8561136855326407
1,0.9136131655788208
1,0.9090695563988924
1,0.7612894898821172
0,0.048466053774750516
0,0.08957460589407928
0,0.10426759428803051
0,0.08989980538852754
1,0.8765290089155366
1,0.925198862034801
1,0.6324850272112993
1,0.9106314078069189
0,0.1877075546932508
1,0.3218122561181984
0,0.16797578275165867
0,0.31877872650013883
0,0.24013442384263656
1,0.8394242853710436
0,0.15670463865531337
1,0.9932427516813274
0,0.12000195459714019
1,0.7436163115103568
0,0.14626318335584768
1,0.8383145377994637
1,0.6517777783540875
0,0.525892941431176
0,0.10055462577083538
0,0.2997577267304628
1,0.9823560912613261
0,0.7605555058951918
0,0.05718521828362323
0,0.13414069947949506
0,0.05715809923839453
1,0.7644790582708858
1,0.7945489258863079
1,0.576121118707756
1,0.9149694776116012
1,0.927509282899909
1,0.8758356057539884
1,0.9278593199835866
1,0.5383551705182222
0,0.13253186500761166
0,0.169324740718598
0,0.12721854415173794
0,0.7336132826845124
0,0.14209187628686432
1,0.7741610773365589
0,0.18743589340381453
0,0.13765185022719154
1,0.5550198941056357
0,0.41056603713045975
1,0.9769502120391657
1,0.9563627469746805
1,0.9358852295099637
1,0.9511843450437332
1,0.9478426732068599
1,0.941348372407374
1,0.9526475101669453
1,0.9554691636917109
1,0.9365231922736249
1,0.9430467351784065
1,0.9616247728748825
1,0.9652944788951207
1,0.6566903444544345
1,0.723057721100826
1,0.6498480553888097
0,0.4302051752899921
0,0.38987728946546657
0,0.3452268630088771
0,0.4737121799463691
0,0.3477817106552009
0,0.3450712713621384
1,0.9124991735903234
1,0.8621671991119977
0,0.33893903978564976
1,0.6776434711614656
0,0.152491502196517
0,0.030005453788751697
1,0.811925113871994
0,0.19107193279417473
1,0.9610541152033667
1,0.9314464602254727
1,0.9610541152033667
1,0.8610299782230566
1,0.9200083614462171
0,0.07587432284886281
0,0.035730729814602104
1,0.7361514947285207
1,0.8351733700391358
0,0.24981832330912962
1,0.9734206320811944
0,0.3382021952238805
0,0.11369819666662977
0,0.30956948068878226
0,0.2510654817100039
0,0.24753054905582825
0,0.2831661937608634
1,0.5776349154588278
0,0.21467687953949594
0,0.07159976530368631
1,0.2713936609096932
1,0.8682565472838283
0,0.1915276306695392
0,0.6329992471067527
0,0.6158925061635404
1,0.9021738001643601
0,0.13510991680967446
1,0.6874588054318339
0,0.09717239415978615
0,0.20345373394707378
1,0.8793764821536889
1,0.643429527826497
1,0.8163523452530949
0,0.15309503626646231
1,0.9432228727613852
1,0.9517309393891709
1,0.9183442857930622
1,0.9053833603385345
1,0.9594399188780889
1,0.8881706323783084
1,0.90763814428892
1,0.940429833315174
1,0.9449979222628921
1,0.9727461204794009
1,0.9594399188780889
1,0.9598656723090673
1,0.9598656723090673
1,0.9594399188780889
1,0.9596894159045362
1,0.8314140195157739
1,0.8897094964952167
1,0.9596894159045362
1,0.9596894159045362
1,0.9598656723090673
1,0.9069962884356635
1,0.8314140195157739
1,0.9424011599478568
1,0.7295489559647939
1,0.9058394111034599
1,0.9424011599478568
1,0.9570518487171829
1,0.8887964281243399
0,0.034197055650475684
0,0.08689593990781296
1,0.9682588146037038
1,0.9682588146037038
1,0.6174740804255748
1,0.8059810253289015
0,0.45245762535645717
1,0.5758546877501227
0,0.024471726356391405
0,0.027374504364779284
0,0.030126000949234368
1,0.6298624235763159
1,0.9042073162811622
1,0.9030115086596449
1,0.9186327075414279
1,0.8897476489753419
1,0.9694364488562447
1,0.2701354570483136
0,0.14619468282932763
1,0.5066638036244879
1,0.9261588877142284
1,0.9140727735951769
1,0.9477373679865676
1,0.9112124884159817
1,0.8080159169900991
1,0.8275935686838038
1,0.8737094244748796
1,0.9081398584240165
1,0.8862400246050491
0,0.27396234704045835
1,0.7245716472216991
0,0.1611141565005937
1,0.36555149407357945
0,0.13619213161844762
1,0.9390541172410896
1,0.31599328666251125
1,0.8334715917367698
1,0.9969421733937575
0,0.3202036611781969
0,0.25054546969543684
1,0.2907012509771886
0,0.1542679743846769
0,0.204123777780185
1,0.9806052114358026
1,0.9947374169523201
1,0.6674297364749813
0,0.14447014192189186
1,0.945238085678627
0,0.05049903595975285
1,0.39387548681531204
0,0.029720210380121275
0,0.10523154801826119
0,0.14356642760369304
1,0.43003390257290613
1,0.891936741852984
1,0.6942096188814064
0,0.6942096188814064
0,0.5842237676512012
0,0.3412710699119867
0,0.4508873837593044
0,0.11669845809784452
0,0.07618392677428551
0,0.12563284040723707
1,0.48677801511541513
1,0.8559939717108761
1,0.7223198735798854
0,0.10933340626356418
0,0.1209017083694785
0,0.5741090840353023
1,0.929808960031352
0,0.3091162079469057
1,0.9581253515667123
0,0.09528362685668534
0,0.2072452620471434
1,0.9071248326437861
0,0.07548451830483402
1,0.8214861334962209
0,0.20799281514528864
0,0.07607033744059309
1,0.8099440706630933
1,0.8874640147197821
0,0.08173760727626539
0,0.16036673135624605
0,0.40537953102850405
1,0.8749567914535958
1,0.37984886935091233
1,0.7964113583234457
1,0.9601048597640714
0,0.33702831827503743
0,0.142477054010809
1,0.5853677345966106
0,0.33548720833562434
0,0.07958867342297245
1,0.9910240469137238
1,0.9508183096996395
1,0.9042336924366104
1,0.8566068128660373
1,0.8566068128660373
1,0.9105813845035376
1,0.7791824964397726
1,0.7788216719090647
1,0.8460115303036082
0,0.1394317967766243
0,0.15495356127898147
1,0.9037896300388358
0,0.36148018992931424
0,0.07257095798495623
0,0.09463542679167566
0,0.3692613366434455
1,0.7248096136561569
0,0.18978285363541972
1,0.8636773047673607
1,0.9147352908836004
1,0.5416171868319356
0,0.3560321942561387
0,0.09304363750781568
1,0.7363279062337704
1,0.6716628094581567
0,0.15150965918572998
0,0.18546468850341102
0,0.3194178433565388
0,0.07423300389407951
0,0.6740712341264199
1,0.6061853669017536
1,0.7980249617935954
1,0.5372398177835636
1,0.9878525827592836
1,0.9926101636536464
1,0.9911645094067588
1,0.9824613847545737
1,0.9856761716917604
0,0.09355034496389213
0,0.08476189000534555
0,0.15272398714123228
0,0.15813318346193908
1,0.9747838659494958
1,0.9818694245343684
1,0.9429791530402606
1,0.9665415903336625
1,0.8726844807824089
0,0.1629042229868619
0,0.2937308363164361
1,0.9651670026617751
1,0.16044623456864857
1,0.7945604408648259
1,0.6975841821846351
0,0.07866606796471147
1,0.9319307719933441
1,0.2796182592240584
1,0.6869038696870938
1,0.9022645510821009
1,0.5844654014278984
0,0.3745116366667151
0,0.12460965752910841
0,0.16093975649058972
1,0.5009131774381224
1,0.9350834597235398
0,0.054716229664829474
1,0.5368289691271592
0,0.09732415172530666
1,0.9942384309536967
1,0.3850196117873418
1,0.26272016999828374
1,0.7348991677712473
1,0.8673744570467509
0,0.05032004406973119
0,0.08421628516621821
0,0.13136468511811078
0,0.18447148015672027
0,0.2692095562678812
1,0.7129108811949599
0,0.07934571189575594
0,0.30852827390968146
1,0.47114266619686085
0,0.05536519949504846
1,0.7105452672170951
1,0.7105452672170951
1,0.8610144857850561
1,0.8305048912471351
0,0.04230876724847129
0,0.04741442180906409
0,0.22200184987143293
1,0.3649450603321036
0,0.22392376142701848
0,0.13015457720010457
1,0.9164946459401334
1,0.6100792835746276
0,0.3221872937319842
1,0.5335646012357919
1,0.48053283989397755
1,0.2068306816822352
0,0.3922676265649355
0,0.20906068770855235
1,0.9392194760109628
1,0.9392194760109628
1,0.9226413422961868
1,0.9392194760109628
1,0.9789550105299051
1,0.9764274707979386
1,0.979347114175246
1,0.9789550105299051
1,0.9687644784432994
1,0.9623955233400553
1,0.9722003083609226
1,0.9239767810577485
1,0.9722003083609226
1,0.9623955233400553
1,0.9722003083609226
1,0.9597115893697739
1,0.9663264279983771
1,0.9804991006718922
1,0.9866189666648562
1,0.9412316288317293
1,0.9799355270376159
1,0.9643100496411744
1,0.9803262105487303
0,0.7115109443802237
1,0.8234318706637035
0,0.13493636322775288
1,0.5620359308075368
1,0.5620359308075368
1,0.8726131905363508
0,0.18690229451469598
1,0.9956197408819292
1,0.8304795769891954
1,0.6012066979486516
0,0.17582353033479725
1,0.94949981328674
1,0.9405304766065605
1,0.9887107488511793
1,0.9191377077850915
0,0.36305701672563323
0,0.22231289426618145
0,0.15611476705023572
0,0.12894734669792243
0,0.40644408065845816
1,0.28017660670614797
1,0.13869434251407145
0,0.2599075964964108
0,0.06332818442041886
1,0.6986910337745527
1,0.7691991180253878
0,0.12582115097671479
0,0.16277612722472096
0,0.09476633709955284
0,0.24875869538168072
0,0.27291964578578626
1,0.9421987452185767
1,0.7126853991598885
1,0.9115910254061169
1,0.9688630935482291
0,0.017305926331079215
0,0.05425462913989518
0,0.05425462913989518
0,0.06692665988936283
0,0.04770260617706419
1,0.9939350884530431
1,0.8941716196657203
0,0.13612958166321537
1,0.6150587663156714
0,0.05970009527686245
1,0.2910789279323765
0,0.3907454222445932
1,0.421125672781947
0,0.0669310015185646
0,0.04042609857690896
0,0.27319084777729735
0,0.2706192306719221
1,0.8770330446992198
1,0.8770330446992198
1,0.8027100728221261
0,0.10945491429613842
1,0.8596732647851615
1,0.569082686188897
0,0.09232798363907548
0,0.19250635759464876
0,0.3332287711776954
0,0.09577389374541166
1,0.9011878518127684
0,0.18888838551555007
1,0.7691390090504518
1,0.6332026719672355
0,0.3365061992988067
0,0.283694751062593
0,0.6038711678890142
1,0.5631859917688438
0,0.3009216435623721
0,0.2141922206759408
0,0.2263066271178495
0,0.2263066271178495
0,0.3552782563292018
1,0.78992665267181
1,0.6791473741852203
1,0.8072645530051601
1,0.5485932105655609
1,0.7547967709480365
1,0.7547967709480365
1,0.71692895313462
0,0.11464093184214788
0,0.24595667201700208
1,0.9097028569294144
1,0.7632698617705195
1,0.9100787527479696
1,0.9233042779874039
1,0.9233042779874039
1,0.9734978281366049
1,0.9734978281366049
1,0.9429631860903418
1,0.8308326853069382
1,0.8957099008354237
1,0.7774419339240407
0,0.21099003407752812
1,0.8031553863235581
1,0.6961174495970983
1,0.9424755451695358
1,0.5124717204810325
0,0.5772362743224276
0,0.09740666339692376
0,0.15119182910467951
1,0.697416756976427
1,0.9088859786280759
1,0.3927739310035376
1,0.7439047639616957
0,0.22539509101545063
1,0.5818568025461323
1,0.8705558051220286
0,0.5670774760609196
1,0.8908117533637921
1,0.6176068068623933
1,0.6656300693653497
1,0.9092409291206817
0,0.10017974587753314
1,0.3714093506261035
0,0.20701428546304798
0,0.197177949836933
0,0.1356856993286152
0,0.2659812817280465
0,0.16952191187931104
1,0.8019858202990706
1,0.9750367698143606
0,0.1269055869459072
0,0.19079041672061867
0,0.10182364352454437
1,0.6046930152162964
0,0.039989575394105775
0,0.16626479284509513
0,0.09383592505221544
0,0.24072736612750484
1,0.8344437960600496
1,0.44934128859736955
0,0.09947267205259512
1,0.3588835242819715
1,0.5865941219158075
0,0.12531089238135784
1,0.8392817398119935
1,0.9234557094068788
1,0.5725621655894938
1,0.4550673128463034
1,0.8034883207927332
1,0.8334916812083377
0,0.14776658639466014
1,0.6092374758270112
1,0.9934358208010304
1,0.9934358208010304
1,0.5879699987290341
1,0.8269418677917411
0,0.10330017327504727
0,0.1235742859989542
0,0.2858867998253073
0,0.020637936811390534
0,0.020637936811390534
0,0.24606230506947258
1,0.8971288413560242
1,0.53277328660115
1,0.3564323885307663
1,0.4489030848381392
1,0.7933317618099792
0,0.18489129075262165
0,0.3416381240063927
0,0.2643561143455482
1,0.42701326071238355
1,0.4861154891769295
0,0.21508727622170828
0,0.18551026213796507
1,0.6454364238423659
0,0.634484641832229
1,0.53255424736614
1,0.9739960605307539
0,0.17800998975676977
0,0.06054304174499265
0,0.07501258965310872
1,0.6718413450079479
0,0.06774750609057739
1,0.9049117756900964
1,0.3086434587377622
0,0.0929968241895995
0,0.0761374256026216
1,0.527702846357533
0,0.6784742662052519
1,0.8564863803916428
0,0.2830301392356924
1,0.7368210070456902
0,0.5347791287250081
1,0.7394326849400282
1,0.4393469837088103
0,0.714835962234646
1,0.7743672889992835
1,0.894730800063818
1,0.8215864116740589
1,0.9077258419533655
1,0.9612510550703713
0,0.17030250819223255
0,0.3195534308655449
0,0.22182268721605602
1,0.8619770207121109
1,0.937508591442431
1,0.9407545340772473
1,0.937508591442431
1,0.5109712999524225
1,0.7588397069478053
1,0.45393150418622524
0,0.20315405664448155
1,0.996619034874766
1,0.9941972174551643
0,0.06580342982082947
1,0.6832348849647795
1,0.7813825995247557
1,0.8233415528913759
1,0.64561150672621
1,0.951938912222817
1,0.9412598162119198
1,0.7898126805526814
1,0.9684806529378769
0,0.23099855395264826
1,0.860112737135478
1,0.26312513257065073
1,0.9491188540407222
0,0.11093066899302896
0,0.23116135595873316
0,0.05613275206709587
1,0.9993546872665615
0,0.23328485965228576
1,0.8255040641400351
1,0.8312313591149173
1,0.7492319589123333
1,0.8340781816043489
0,0.19709140387193688
0,0.20154226844101952
1,0.7378115177959741
0,0.023855299416469487
0,0.6324366687953904
1,0.8434574592481012
1,0.8434574592481012
1,0.8434574592481012
0,0.12297152742201148
1,0.696001204078608
0,0.23688398371030944
1,0.5172254666395182
0,0.32356784752153517
0,0.14050270163382572
1,0.5878898969652893
0,0.19425799858734805
0,0.1716964649329838
1,0.806093984438805
0,0.0550450806656128
0,0.0515129661106333
0,0.13998114604109316
1,0.8401487620811677
0,0.08627108081304992
0,0.08622376151239206
1,0.8761908179602202
1,0.9051338101498289
1,0.9051338101498289
1,0.7209173970306945
1,0.9643056538377675
1,0.9727254358975951
1,0.9727254358975951
0,0.38875026026656656
1,0.8880365475235081
0,0.2524069148597646
1,0.8117717112204365
0,0.17123880183793694
0,0.3397456726000691
0,0.30337303054666
0,0.16783549108770232
0,0.33515334090592236
0,0.33269957265767824
1,0.9338821114098893
1,0.9888024796905109
1,0.8325080972321846
0,0.06549542011939419
0,0.8042294583979777
1,0.7925400795704853
0,0.5303512305679431
0,0.0801483107949754
1,0.7214754105056568
0,0.2812295070004724
1,0.8969045221009081
1,0.8446995303050089
1,0.8315643354574509
1,0.34906008334557764
1,0.8974115359784454
1,0.27588695187337653
1,0.3195530974838575
0,0.27588695187337653
0,0.31703448349599345
0,0.254874342154988
1,0.9237270541215641
0,0.1879305162542412
0,0.1840622470645477
1,0.9770297371353548
1,0.9346004365175452
0,0.3240235270820494
0,0.14534985747072668
0,0.15834664030323928
0,0.218244599823824
1,0.45078798230999667
1,0.8896419329401577
0,0.037925247210513914
0,0.1535970729208348
1,0.8344964183066972
0,0.22491125719506944
0,0.19098250891597968
1,0.7461613388586205
0,0.09785536899843075
1,0.9981790181971786
0,0.4198498161488651
1,0.9773173331626038
1,0.9771354550730917
1,0.7979230374797815
1,0.8695168642593523
1,0.9627557601186542
1,0.937553962699943
0,0.5358409115850506
0,0.020145211957391405
0,0.4736882066913359
1,0.42642894319019226
1,0.5283256128835724
1,0.426039217282748
0,0.18936592164719052
1,0.7792009350881921
1,0.9665558943902741
1,0.986726988709767
1,0.9500504501084028
1,0.9757569199177725
0,0.2524809522320489
0,0.02548152627995961
0,0.022821552963745932
1,0.5130510425752088
1,0.7327459307324646
1,0.8673416109960282
1,0.8789813643305918
1,0.9254767154041267
1,0.9709181541224186
1,0.95129717397918
1,0.9493804655140805
1,0.927621852926602
1,0.5874897625165757
1,0.36502648404392385
0,0.26219891305337867
0,0.2827447903134675
0,0.35053246324966214
0,0.31461756961946963
0,0.27644760029569304
0,0.2144042385229457
0,0.3583241682686597
0,0.16005281047940265
0,0.4575876261250369
0,0.09679404383804681
0,0.10264893266156291
0,0.25315157563410584
0,0.2018127669052099
0,0.3866894322407564
0,0.13190542636459088
0,0.16230516768454412
0,0.4833863357884474
0,0.2631404487515081
0,0.23670427458318188
0,0.38081593910906997
0,0.43402013590987265
1,0.44426585422831666
1,0.37316309563740974
1,0.3760632642939673
0,0.2655454610885176
0,0.2043021198669809
1,0.6964368115704742
0,0.15800841483002348
0,0.3918592438515021
0,0.19504584570415712
0,0.40127379612856334
1,0.9880083736221673
0,0.038036617620135486
0,0.05213721401565571
0,0.08411007776904973
0,0.10367074188764552
0,0.06366519136021431
0,0.19584283301664587
0,0.38379260632615514
1,0.6938397534353269
1,0.6319641377140669
1,0.7503945449431578
0,0.14934849410779713
0,0.10999636891461977
0,0.13962127671532573
0,0.1161538467478442
0,0.10643208813052595
0,0.1636146090278631
1,0.9156785077816657
1,0.905088827936809
0,0.2188261918142561
0,0.15794923402240232
1,0.292250293423025
0,0.3558474917250186
0,0.3254493964758808
0,0.40979514752523966
1,0.5336670354229802
0,0.7301015897484571
1,0.7453568065783872
1,0.7453568065783872
1,0.7453568065783872
1,0.7721628833804783
1,0.38695246107163517
0,0.09575239137846141
0,0.29003523699847694
0,0.2359962607835657
0,0.5741835229416947
1,0.9810141441630397
1,0.9346323872504663
0,0.3070218960169296
0,0.10530763045180709
0,0.09503556680613223
0,0.03921464537055202
1,0.6053677922967942
1,0.1943539927141092
0,0.07090456716068357
0,0.041636437028335485
0,0.041636437028335485
0,0.07313381051300567
0,0.0663877604030839
0,0.07112570842843469
0,0.12654684343886657
0,0.13155745749043218
0,0.10043005100408613
0,0.2570089214153487
0,0.21649081897095665
0,0.10493401645384302
0,0.12295715555594679
0,0.024326928026527188
0,0.0857954367103663
1,0.9270954891630919
1,0.8555333821475164
0,0.060614551013390576
0,0.3680735240413273
0,0.17815248528295163
1,0.9575535042610301
0,0.1301371359460033
0,0.07583699013504742
1,0.7700714730530996
1,0.7666168165150655
0,0.08408403200243743
0,0.243481865945845
0,0.243481865945845
0,0.23241524602266325
0,0.24306029072483237
0,0.01838308748274968
0,0.1850585079013387
0,0.17365028084232972
0,0.3246929362398086
1,0.7322686755894608
1,0.9950790631613036
1,0.5571828668527675
0,0.7187989202274205
1,0.7947719355224179
1,0.7974452970236566
0,0.02900978116810534
1,0.6970702156750511
1,0.4808457214543822
1,0.88842410988665
0,0.12814221979507548
1,0.9233730170109052
1,0.9342691513231314
0,0.12167433018623099
0,0.5034801709003959
1,0.5621388724260844
1,0.24822549162463362
1,0.9547803824142365
0,0.24160791556303246
0,0.10379546314102736
0,0.14866588823386342
1,0.5727114531531301
0,0.15316687005158375
0,0.04513631804663218
0,0.4826211785707109
0,0.05305120582441047
0,0.07141408204523018
0,0.2082269206875291
1,0.9935723826766486
1,0.23824267181438927
1,0.5141450996007023
1,0.6586729914314673
1,0.7741686672106989
0,0.30132027028491887
0,0.3194316431338525
0,0.04086034520756034
1,0.6605831676829015
1,0.8949252046363216
1,0.9904982723585635
1,0.9343258756499236
0,0.06284860156424206
0,0.18663564340039107
0,0.25801476938643453
0,0.274085031277404
0,0.35730860307318624
0,0.3943445994477571
0,0.7501700158922335
0,0.3059337048337709
0,0.31736231946913435
0,0.12329688069736064
0,0.24938880925842813
0,0.3656300251330666
1,0.9502643235572164
1,0.9561008734562566
1,0.9555341534794097
1,0.9326602673649945
1,0.9424228571434524
1,0.9502643235572164
1,0.888610298400663
1,0.9517297828738629
1,0.9502643235572164
1,0.9590547244601209
1,0.9424228571434524
1,0.9590547244601209
1,0.9443167137215867
1,0.9224464010823932
1,0.9502643235572164
1,0.9502643235572164
0,0.16276040860759422
0,0.11352509406461567
0,0.3694815368389713
0,0.29276723097100626
0,0.13568318834439178
0,0.3683891319405646
0,0.12599731482564827
0,0.031623522180619104
0,0.12182068960299276
1,0.7580899595756092
1,0.9118846418586255
0,0.03340594632507516
0,0.058616862488377004
1,0.916423462482924
0,0.06320099644302236
1,0.9306954654472934
1,0.9306954654472934
1,0.9306954654472934
1,0.9721221214197083
1,0.9019997538917561
1,0.9721221214197083
1,0.9730669592320416
1,0.9010202153925213
1,0.9019997538917561
1,0.9730669592320416
1,0.929373558689304
1,0.8951622919487217
1,0.9306954654472934
0,0.042509193017060305
0,0.04846851329505225
1,0.9580082887537467
1,0.8508921161864721
0,0.3423519497096367
0,0.0674061104857904
1,0.5416685324533189
0,0.5301744285267759
1,0.8759758791280144
0,0.07936715613124407
1,0.7903446636105065
0,0.2758157911476609
1,0.8617782492124418
1,0.8423759245934265
1,0.8423759245934265
1,0.9223023732894479
0,0.31933857432929946
0,0.07417017958042552
0,0.06605222349959032
1,0.35620974802254085
0,0.3698511002618076
0,0.31040011648249344
1,0.770421501640453
0,0.3865254197573402
0,0.48657406496748357
0,0.051890134205576206
0,0.06986980384691203
0,0.2095367090722447
0,0.035489071519933246
0,0.03681875467633154
0,0.18262763756088451
1,0.5293108031150529
0,0.1448951340979419
0,0.1448951340979419
1,0.8346795249176162
0,0.21596795427326207
1,0.7604461580908493
0,0.15969980988229845
1,0.8028452596557927
0,0.25223683622184634
1,0.9568628213979835
1,0.8297001905934579
0,0.12675233232760444
1,0.16434488357485116
1,0.9839082971893175
1,0.9839082971893175
1,0.36863586674464405
1,0.29171729357575854
0,0.28118043393149544
0,0.027170704355328115
0,0.29738886715146134
0,0.13740505140747902
0,0.17416550719634738
0,0.12140487963220657
0,0.07569700355227402
0,0.13841890715409907
0,0.3727808274418908
0,0.3445827012615256
1,0.6731922680662128
0,0.21701030159783175
0,0.22365416935800145
1,0.9636539331699496
1,0.9636539331699496
0,0.18435876436377063
1,0.5613675219780963
1,0.8797783692122312
1,0.8250777601404435
1,0.8768905794993705
1,0.8769268471197377
1,0.8799683825739897
1,0.8153258349499023
1,0.8479443022436235
1,0.8770153002665654
1,0.8357582303810962
1,0.834524317150245
1,0.9369394505198794
1,0.7983512480371066
1,0.8593710575698804
1,0.8640063445431062
1,0.8466944536649313
1,0.8723570435476835
1,0.7546430016215336
1,0.8656552944807097
1,0.43707962414218365
0,0.20526096067617086
0,0.13697061698170965
0,0.2237576589365828
0,0.11310326460389035
1,0.3012131996335278
0,0.15835889741163336
0,0.13163604601979362
0,0.1900181658714089
1,0.8795208458031116
0,0.18429188004193997
0,0.2638463083819772
0,0.0713188007497772
0,0.13607576393550092
1,0.8587187237917158
1,0.9402517626151573
1,0.8192291466649433
0,0.12192227087140654
0,0.12192227087140654
0,0.2482241041344616
0,0.23293162870687514
0,0.21336199940439654
0,0.1583966155101374
0,0.6094591954024814
0,0.2400521027835585
0,0.11561883066965492
0,0.6834063444758246
0,0.1861007642939781
0,0.17146482759641837
0,0.03959134883826235
1,0.9360252315786817
1,0.9360252315786817
0,0.17852681250068897
0,0.21203726832783512
1,0.6021154215061816
1,0.5578145132472626
1,0.34342591598154465
0,0.21319235989673707
0,0.19426382409374965
1,0.5436276521697129
1,0.9263470711859252
1,0.9592838205498758
1,0.9254880972057908
1,0.9193553512322602
0,0.3462657415610066
1,0.9435018861881932
1,0.780094174377406
1,0.9693679348809026
1,0.9668393539837673
1,0.8580273586791823
1,0.2606488216532094
1,0.9584185224104321
0,0.17909333856366022
0,0.24333867157550937
1,0.7992820371078172
1,0.8870101720843342
1,0.8548386932852775
1,0.986391896755842
1,0.8931406607471645
1,0.8896845218534833
1,0.9208165112761411
1,0.7934962834085217
0,0.03558193961426835
1,0.9907590764170302
0,0.05534109624365791
1,0.6569208493876425
0,0.07212630656519066
1,0.5541381540341216
0,0.12485167799838183
1,0.9827283585113392
1,0.9486855004157156
0,0.2354732528415188
0,0.13389284088767248
0,0.32430865951739035
0,0.21680853600842695
0,0.17171245224673046
1,0.9609285323909126
0,0.13674889358019257
1,0.49440610999471307
1,0.5954187627553081
1,0.762432835604379
1,0.8566818478484046
1,0.8806685057281863
1,0.8893268888016058
1,0.9671404688504417
1,0.8742226986306003
1,0.9473335535816304
1,0.9565834403461339
1,0.9573249627842032
1,0.955875288085348
1,0.899326257818862
1,0.8888610815439829
1,0.9473335535816304
1,0.8879546196504785
1,0.9004613835286241
1,0.9526428535411063
1,0.963040774525546
1,0.899326257818862
1,0.8742226986306003
1,0.9526428535411063
1,0.9633912861020832
1,0.9349512276073317
1,0.921477998785101
1,0.9596957659114799
1,0.9060416138813707
1,0.8893268888016058
1,0.8528944713611587
1,0.8977035134883924
1,0.955875288085348
1,0.9654889050685881
1,0.8108425573029027
1,0.9503631259722967
1,0.8893268888016058
1,0.9573249627842032
1,0.8528944713611587
1,0.963040774525546
1,0.9633912861020832
0,0.9004613835286241
0,0.8528944713611587
0,0.25761730722599846
1,0.7457165887924273
1,0.3935431468036812
0,0.15375249759017334
1,0.9219883681065454
1,0.5735705849077803
0,0.12852503414769406
1,0.8793137526175728
0,0.10087535114569753
0,0.14874082058598992
1,0.4424346884186708
0,0.19402513732071874
1,0.6885224684776052
0,0.1824471021051803
0,0.048866855058420075
0,0.09904153619044083
1,0.6653319970298426
0,0.10048668164901797
0,0.14445783443643304
0,0.044845041091739896
1,0.43884444076807005
1,0.2730452370189284
0,0.17899934168241038
1,0.5212421366070737
1,0.998465254539946
1,0.998465254539946
1,0.998465254539946
1,0.9981850480496839
0,0.36792115097152933
0,0.5562650608013566
0,0.03308798695346489
0,0.03456873176495228
0,0.13609215593149845
1,0.7720427881157226
0,0.17910931380576134
1,0.8872867521975497
1,0.9301219738997416
0,0.15630978970398113
1,0.7586139228899852
1,0.9153607136343563
0,0.24598064849794538
0,0.08242090657464905
0,0.0801344563869381
1,0.7596105613924014
1,0.3028547827131197
0,0.05784641414733425
0,0.09481195709087642
1,0.9937201186538492
1,0.6347489947407334
0,0.16265034208785728
0,0.23157025053479938
0,0.47871393909816357
1,0.7766127881476359
1,0.9828680900358622
1,0.18758123945185337
0,0.15618753322915072
0,0.07769516201328741
0,0.14256729848801192
0,0.14256729848801192
1,0.4560387594241462
0,0.2586274513094699
0,0.07427173243200216
0,0.054844047566774995
1,0.9380769746202008
1,0.8325080972321846
1,0.9454072047508219
0,0.4005786784931749
0,0.07034103873876067
0,0.11397474109284687
1,0.7162134760179572
0,0.2377173658192203
1,0.6615085042929275
0,0.2876415490107778
1,0.9473581233042683
1,0.8152548336052783
1,0.9067803000032186
1,0.941111645271724
1,0.6655297282044944
1,0.9165839776180341
0,0.17490080768077326
1,0.915475262530222
1,0.34065481109112694
1,0.8100541471113345
1,0.6775057153418009
1,0.8158534203050114
0,0.17533145854147236
1,0.7366914586392715
1,0.8509213304390201
1,0.1768819070745361
1,0.8759311893901646
0,0.33155548585345285
0,0.19679282901332004
0,0.8530108549166131
1,0.8518557296548964
1,0.7690055938458371
1,0.9111777900274028
1,0.8366945762802095
1,0.7809307944593074
1,0.6228895793924482
1,0.8701146196665468
1,0.9193752336789319
1,0.8701146196665468
1,0.8781509765812893
1,0.8083139551419667
1,0.7845439276540035
1,0.8207907935411234
1,0.8634182014101434
0,0.0531147197285963
0,0.0694708824598282
0,0.1492492524076114
0,0.03709416002773354
1,0.9420347314236466
1,0.9129034418637032
1,0.9524375017731687
1,0.9015759216267443
0,0.33032965640211526
0,0.4607542478969699
1,0.8842816225134006
1,0.762305338369527
1,0.5221004799431636
0,0.2639137827166449
0,0.16120387324790972
0,0.23039116236189452
0,0.18620536542582952
0,0.16120387324790972
0,0.3295615145893854
0,0.1908326533517955
0,0.7285744103267802
1,0.8341450830381141
1,0.9065549369170512
1,0.8462768722950703
1,0.8662765740187516
1,0.8956197496907788
1,0.8738135877817349
1,0.9185397256296272
1,0.9276322390204341
0,0.3612294813683175
1,0.8801153624415061
1,0.9153241786775844
1,0.8803586893720461
1,0.8745165837177177
1,0.909750564308899
1,0.773440080145006
1,0.9204066758351598
1,0.8727930898043647
1,0.8314372836714516
1,0.9238525133198917
1,0.9482512385469869
0,0.5819716512194326
0,0.08490015238526782
0,0.07091361648590638
1,0.5375554985544716
1,0.8106293318768388
1,0.3590414735708322
0,0.1477243171247079
0,0.10346984172097927
1,0.36635458246002106
0,0.08210591253395538
1,0.9866837678897146
0,0.15988767008745453
1,0.8249061649942502
0,0.18308475642367544
0,0.14682108308176794
0,0.6747902570902715
0,0.2275233408708996
0,0.32440988207699123
0,0.22908414346768172
0,0.18283225813145898
1,0.45939720087319497
1,0.2147328722911567
1,0.9075566825494271
1,0.918284661734501
0,0.33855830898656625
0,0.2002019986788871
1,0.9266183079635902
1,0.9382187112992383
0,0.15775575527568925
0,0.18243894497057223
1,0.639968347391831
1,0.641586223599999
1,0.6977314628865852
0,0.051682595145843946
0,0.1950628635313299
0,0.37123829573251316
1,0.7967659665369989
1,0.7444163545988293
0,0.282295149836616
1,0.3632827852406163
1,0.48874899692179874
1,0.9065570356602104
0,0.25868332997554916
1,0.8792381637089822
0,0.11640093221360358
1,0.7232798896281049
0,0.19447426826162187
0,0.5866542756762371
0,0.05509990483713677
1,0.6198070047755018
0,0.26393522317225404
0,0.41762971832623774
0,0.38473584210209477
0,0.1725300139727927
1,0.4087467877616716
0,0.1813647284365952
1,0.6691083338723285
1,0.7187385804693017
1,0.6713127692725638
0,0.13621214596378955
1,0.9939292084730119
1,0.8952334313429733
1,0.6041419152247366
1,0.9991982413726131
1,0.9991444385321742
0,0.14406208491480457
0,0.1348238254078806
0,0.1348238254078806
0,0.13015061332216352
1,0.47364696715746407
1,0.5144382553382182
1,0.8994448414111644
1,0.5861932150485093
1,0.48428837602767877
1,0.522254254036015
0,0.161166118655679
0,0.3751288185871019
0,0.16142980226510087
1,0.6095872072130727
1,0.6148653324431568
1,0.8622937975002406
1,0.9777984672874804
1,0.9977013859001821
1,0.9875703097696912
1,0.9981576135246047
1,0.9954768479682048
1,0.9927412781746403
1,0.9966970596851645
1,0.9979700431525482
1,0.9876606425006573
1,0.986000432793764
1,0.9889330353582774
1,0.9792551397217265
1,0.9245515802637003
1,0.9494472922654282
1,0.9492686271412442
1,0.9910005515927428
1,0.9154565749138859
1,0.9815432927546086
1,0.9873429270585085
1,0.9760917873517031
1,0.5258442273429175
0,0.1433743930194608
1,0.8211716206302266
0,0.07932078887306188
0,0.5024876549970901
0,0.35954424730013407
0,0.49196336428959153
0,0.35954424730013407
0,0.43826227013870545
0,0.3518882270701682
0,0.14819790413648254
0,0.311510543589675
0,0.14819790413648254
0,0.20246626539402704
0,0.3502476417582237
0,0.20246626539402704
0,0.3145843681820318
1,0.4716799373956946
1,0.3446259128234257
1,0.43826227013870545
0,0.05602883442618459
1,0.8076075495634433
0,0.17474286282212179
0,0.15275361478546087
1,0.8439296603319248
1,0.8825389112234613
1,0.8459721636220018
1,0.8927096816219092
1,0.688780761260092
1,0.960951371004744
1,0.10334484366988188
0,0.07966418119672007
1,0.9425020216920662
1,0.9340498927285444
0,0.3499614692594759
0,0.22888379487551022
0,0.17328895002711153
1,0.9676833209810453
1,0.1834767594089003
0,0.2679911228695527
1,0.6237381715237288
0,0.3640940789466121
0,0.10883081144958458
1,0.684385385355911
0,0.8224079423207697
1,0.8265293011300121
1,0.8443449736732267
1,0.9083114014552461
1,0.9083114014552461
1,0.8471621463069845
1,0.8443449736732267
1,0.8374115857808389
1,0.9083114014552461
1,0.8414938173891428
1,0.8487288152851383
1,0.8525306635437078
1,0.6961917078101981
1,0.7951899582846444
0,0.34917507830247896
1,0.9670024860911574
0,0.06426939026070928
0,0.3810570065328008
1,0.3330480706394434
0,0.8681524970187287
1,0.9729924558443371
1,0.968078872870476
1,0.8725770450706963
0,0.10743497326278498
0,0.11969561192969541
0,0.11422145808191554
0,0.30198029447766184
1,0.859041403432623
0,0.1309987843276919
1,0.9866766453777606
1,0.782072909345522
0,0.1504974134635954
1,0.8835830809759269
1,0.4264965342600043
1,0.8918683269140213
0,0.39903367446041216
0,0.637393633299948
1,0.7980694897834146
1,0.8397478244795585
1,0.7970680004507666
1,0.8397478244795585
1,0.8187072044578465
1,0.8599576671768532
1,0.6744266572926821
1,0.5161326126562084
0,0.01993578078155476
0,0.27104771050400345
0,0.3054831190761261
0,0.21864020361231004
0,0.2631523550605178
1,0.32760133923659585
1,0.9255142362711465
0,0.1971848540058234
0,0.09786638465324092
0,0.1907750796205494
0,0.09245258783021812
0,0.09481692088788538
1,0.8658145001663664
1,0.9507226031804283
1,0.6768401060869854
1,0.9636133488183748
1,0.9822376707519345
0,0.1759011444671629
0,0.4714606914278248
1,0.8963863958467261
1,0.8963863958467261
1,0.8963863958467261
1,0.25332320940754965
0,0.21627596212943304
1,0.9405487623970591
1,0.9807192737502197
1,0.9923551548156284
1,0.976338167067818
1,0.9779492635961416
1,0.985815838771704
1,0.981548522027544
1,0.978103740608498
1,0.9814001177671084
1,0.9880923845991
1,0.9949413661633713
1,0.9812099623368953
0,0.4082511122242256
1,0.7741610773365589
0,0.16760067312411714
0,0.12671947158453442
1,0.8013060205081692
1,0.7190204865038471
0,0.2748484363091118
0,0.2232782930955407
1,0.6942533847979027
1,0.986817078780419
0,0.11304039455549213
1,0.4984766859737903
0,0.2021597020059351
0,0.14699893344773604
1,0.8506424232654115
1,0.876948508145168
1,0.8817774130106264
1,0.8922369294847592
0,0.26071174097018307
1,0.5327828885067268
1,0.28600031423876615
1,0.5929916963957114
1,0.8035676584679994
0,0.05257912062881066
0,0.1543506204420214
1,0.17242652424961072
0,0.7125462428078648
1,0.7125462428078648
1,0.8128846435519189
0,0.12681307268711028
0,0.19407449373958996
0,0.81491571257948
0,0.12697834669820998
1,0.9567663797875569
0,0.16282935021256686
0,0.04494366795920972
1,0.9793187789315962
0,0.531291020962834
1,0.9588313015456721
0,0.13851523861637466
1,0.6026761621367741
1,0.9271338858131565
1,0.9918076631147574
0,0.09432157426842926
0,0.34264725853010686
1,0.5811498065662924
0,0.3866085664363485
1,0.6852219195386968
1,0.7534947661837419
1,0.3249409007346501
1,0.7037782775104459
0,0.09157266263195649
0,0.20035660999250662
1,0.32226427141676584
0,0.09417636119161968
0,0.23692665378143649
0,0.17006506729523116
0,0.27793401095197134
0,0.32450556712569195
0,0.21919148483357725
0,0.5403401032002504
0,0.060642969467550656
0,0.09757972799466946
1,0.6807327577372292
1,0.9169745513466429
0,0.2217543474580831
0,0.19943072074116244
0,0.3763506165088577
1,0.8867275221662884
1,0.6387509323941506
0,0.18236020339116393
0,0.3449194632078193
1,0.4819132370703098
0,0.20264014230210609
1,0.8349908561049801
0,0.13220783314134632
0,0.25907115310885137
0,0.14412047157678
0,0.03870616516136783
1,0.9862496220821931
1,0.8499622800936815
1,0.9259493791042075
0,0.28617543029273174
0,0.14713722978276558
1,0.8024795910169272
0,0.4566149796476939
0,0.10595313199804439
0,0.19771192932794265
1,0.9284012975668684
0,0.05618835147445187
0,0.05618835147445187
0,0.19090435075632878
0,0.42976452828823564
0,0.19086840421822765
0,0.20568993336857355
0,0.17581919813656746
1,0.19917721926372933
1,0.9235368928199831
1,0.9327572298067237
1,0.9579775647247316
1,0.9194905117196547
1,0.889020813807835
0,0.25828159234437115
1,0.7670056324310313
0,0.03716696560459401
1,0.4622628040568196
0,0.20481896027268887
1,0.5101342494262444
1,0.9170726487684923
0,0.1926144875082024
0,0.5183863095554839
0,0.30768149398236627
1,0.5508410122655829
0,0.3060491683164529
0,0.8466944536649313
0,0.20601212363360943
1,0.6496899528575182
0,0.32496745017807027
1,0.6305566816348538
0,0.08654149350963672
0,0.5232769854390247
0,0.07524953057299331
1,0.8403671291524278
1,0.8071218374796628
1,0.836301312847309
1,0.8893980177317373
1,0.9051430356411171
1,0.9924036871852905
0,0.03003746161390758
1,0.8845960815351526
0,0.12576539411889928
1,0.9820883507182883
1,0.8138242439637499
0,0.20894621935121166
0,0.07166145380783945
1,0.42194257955692166
1,0.2264753788058932
1,0.5806734042461887
0,0.2327690578886003
0,0.7642420163108942
1,0.990697078562493
0,0.06222455849864329
1,0.5876897505051291
1,0.8623671969460257
0,0.3408302723818313
0,0.0895257899749085
0,0.18048145993977854
0,0.1681696853880937
1,0.4471727231668746
1,0.29922799691436447
0,0.31827335178382843
0,0.11290489343908099
0,0.05170464297539225
0,0.321696224599096
0,0.289902020455873
0,0.15200497672839466
1,0.8232336268178989
1,0.5057516336397674
0,0.14852530228941796
0,0.4209516958595243
1,0.8793169920366944
1,0.8446271538637501
1,0.8798562386918405
1,0.8930328635327232
1,0.8930328635327232
1,0.7426671654386274
1,0.7991600189717004
1,0.6759562941100147
1,0.679379220683274
1,0.9040568513499175
1,0.9078904468548491
1,0.6247708059339744
0,0.21076872212825612
0,0.2749958785566632
1,0.8971487174880884
0,0.14794164157698877
0,0.3029936538217393
0,0.6474317771217595
0,0.03047787407776983
1,0.9292586066948297
1,0.8413338268624838
1,0.9295849399054721
0,0.335121346018743
0,0.1160283134941778
1,0.9637761458186966
1,0.988112950476401
1,0.9783485642457246
1,0.9510918784086794
1,0.9991682690862017
1,0.15116641941077558
1,0.35197206018823163
0,0.40507111179316924
0,0.3271142111938211
1,0.9760090753462072
1,0.9701982668110534
1,0.9950955504626733
1,0.4973526267300855
1,0.8569339960197492
0,0.6910342189975173
1,0.8584655150209631
1,0.7535999732059887
1,0.8322976665142192
0,0.38609565060105494
0,0.1322957661524202
1,0.2739108616578563
1,0.5957105670600633
0,0.11670720203980663
0,0.17165313698843324
0,0.1356276167563008
0,0.16585029742552373
1,0.9991131808734816
1,0.9990656462087667
1,0.9991131808734816
1,0.9991131808734816
0,0.4084345340975572
0,0.4445492921284857
0,0.04559058059407391
0,0.2101812194168854
0,0.337525083783864
1,0.7748089136665888
1,0.7978184971243987
1,0.8720008438241008
1,0.8089691559262967
0,0.21836069181477846
0,0.2826171358206225
0,0.1973128455898095
1,0.8124146742233375
0,0.6327670274888446
0,0.6433598374562121
0,0.46183837270325057
0,0.8288512402427526
0,0.46183837270325057
0,0.8732657979288923
1,0.8156173722465334
1,0.9023135125575857
1,0.9071895240606642
1,0.8288512402427526
1,0.9071895240606642
1,0.9071895240606642
1,0.5674732785896893
1,0.8732657979288923
1,0.8156173722465334
1,0.8977557972847173
1,0.7635155224557475
1,0.8732657979288923
1,0.8732657979288923
1,0.840495829738083
1,0.8994738505758973
1,0.7638429875724461
1,0.9071895240606642
1,0.9392807550302656
1,0.9392807550302656
1,0.840495829738083
1,0.9023135125575857
1,0.8732657979288923
1,0.9400905563474066
1,0.8732657979288923
1,0.8732657979288923
1,0.8526490876641973
1,0.8977557972847173
1,0.8994738505758973
1,0.9280031132359251
1,0.9400905563474066
1,0.8616191683258927
1,0.8916493129567634
0,0.03038067001882856
0,0.027574983316249926
0,0.2468216371228881
1,0.8461844156660531
0,0.17060571298876087
1,0.7414274933869901
1,0.8672683102388815
1,0.5961511783639655
1,0.40301867053792745
1,0.30207365965926375
1,0.9243958782197867
1,0.3611969093913132
1,0.5213969833875239
1,0.8203378790507304
1,0.32869017948809914
1,0.7667108432024481
1,0.6497314109876305
1,0.3971936163951534
1,0.5330914810600695
1,0.34696094119338755
1,0.8480775277284873
1,0.8606111450946274
1,0.8725887035646733
1,0.3690551655491381
1,0.3885318958322352
1,0.45369853079614486
1,0.45851485234531725
1,0.9565180599234843
1,0.9215471070833599
1,0.920977013148124
1,0.920977013148124
1,0.9317434793265643
1,0.9408895965322462
1,0.8019019262030929
1,0.4584187253483235
1,0.46614709332672266
1,0.3429968225684154
1,0.8230658503777211
1,0.9155507490145637
1,0.40618661761099295
1,0.7000566938576143
1,0.6373037580933122
1,0.583139946802332
1,0.6985406892196436
1,0.7985508077566387
1,0.7559134352961469
1,0.6178545849106818
1,0.7001541590680279
1,0.9758618484770046
1,0.9919385955011502
1,0.9330561113823551
1,0.9901294618863722
1,0.9811273802186424
1,0.990499144523719
1,0.9879085660961846
1,0.9707840092924187
1,0.9808828167234273
1,0.9770837760585387
1,0.979109835918244
1,0.9919385955011502
1,0.9941120357275585
1,0.9647982357194124
1,0.9857604286834379
1,0.9938932183844366
1,0.9901294618863722
1,0.9266871323891823
1,0.9540098615683675
1,0.9874464483257089
1,0.9371593321326179
1,0.9828305998423473
1,0.986911357834014
1,0.9871505814194841
1,0.9839921739593462
1,0.9830230325741919
1,0.9686833170619763
1,0.9795984213918973
1,0.990499144523719
1,0.9888287433341773
1,0.9851144895729209
1,0.9881304464879712
1,0.97355858171631
1,0.9889164751302497
1,0.9899807346860572
1,0.9938932183844366
1,0.9941120357275585
1,0.990316265319281
1,0.982987412825275
1,0.9888287433341773
1,0.991921939475507
1,0.981431028942639
1,0.9695121877595462
1,0.9707840092924187
1,0.9744906157543107
1,0.9797632518927823
1,0.9403012354866943
1,0.8081262917655936
1,0.5907533152777156
1,0.959088490178275
1,0.960377030478475
1,0.9166812273912238
1,0.9002023955411045
1,0.8370603999953315
1,0.922115224851159
1,0.8601949808129568
1,0.9819645465035921
1,0.9636898279867965
1,0.9437771880481529
1,0.9271159035829446
1,0.9515326806317738
1,0.8982152188936579
1,0.8663906775788169
1,0.9703946253943299
1,0.9182927708314713
1,0.8401926338999844
1,0.671171659443909
1,0.8351573825388858
1,0.9119078362142652
1,0.9241141932117461
1,0.5677965106894578
1,0.8682945988522138
1,0.9453819319252169
1,0.8791536738344073
1,0.9497255823512742
1,0.8925870323719318
1,0.9505370079064931
1,0.9890934649295627
1,0.9511537884164862
1,0.8986857792151484
1,0.8404012376299042
1,0.8012024860138472
1,0.8496548209926803
1,0.8322703795752762
1,0.5808932084705095
1,0.6297600852913874
1,0.6941692184405167
1,0.7348320559361375
1,0.7092394192032209
1,0.792190812096849
1,0.5248817168415606
1,0.9650352777196807
1,0.8613336749736102
1,0.8339929834347758
1,0.9568105095500115
1,0.8874661824982806
1,0.8322703795752762
1,0.8767039198712421
1,0.8849460308223571
1,0.8849460308223571
1,0.8795399983325649
1,0.8676339799099471
1,0.7931722569066781
1,0.8691479242258273
1,0.73954555928513
1,0.8172086242747844
1,0.8210416520309998
1,0.9809552289122564
1,0.6404950941111403
1,0.5477782268253788
1,0.3312866872974968
1,0.5149280665347873
1,0.9698869138909155
1,0.562532272871511
0,0.2649053450174022
0,0.41704211573033695
0,0.41316708610399056
0,0.25904220889012886
0,0.19231532558541495
0,0.19754208537402987
0,0.49452621047739626
0,0.20154240827135037
0,0.08045659459698258
0,0.0909151406314513
0,0.2010270062999329
0,0.06867583056987024
0,0.22066775868670369
0,0.19794600284623692
0,0.2729699667938512
0,0.2860527851085351
0,0.20460440011743247
0,0.08905691823609319
0,0.14151053231660965
0,0.24706418060662635
0,0.24190026509627544
0,0.12428262020680184
0,0.2200869202026439
0,0.21000561188498926
0,0.3748316352544204
0,0.46400338308993533
0,0.11719455947906013
0,0.12666051576742068
0,0.1909155254186462
0,0.08560547553470055
0,0.100543602002805
0,0.21490559427697406
0,0.3149937936405023
0,0.3060921304440502
0,0.1728803856977621
0,0.30705669650818884
0,0.29207253278351153
0,0.1883636254290154
0,0.2767437649094029
0,0.17725765101395485
0,0.17234972436402338
0,0.3022912230112236
0,0.19459262304176328
0,0.19478762382340783
0,0.22081509108771077
0,0.09712784410406367
0,0.1624933638906117
0,0.2348249309615219
0,0.06539085847000303
0,0.3175056576369879
0,0.16137860689794514
0,0.24525713569391747
0,0.14146590702764705
0,0.34647950565632557
0,0.41786349976528403
0,0.4890630342726096
0,0.14366555076926188
0,0.39168381505267597
0,0.3458350183637716
0,0.31258631979680906
0,0.12058899501826137
0,0.17645229915992922
0,0.3946111779388992
0,0.24513660474262536
0,0.7494633157452566
0,0.18692402029606997
0,0.14070217925571532
0,0.1023231861057109
0,0.0765284843006427
0,0.10282977005951673
0,0.2141702951247399
0,0.421245749536527
0,0.332839293272469
0,0.32112508943699
0,0.16184465884659888
0,0.15554687711839266
0,0.45480058801789414
0,0.22750261217249876
0,0.21496393110636317
0,0.06198368988258464
0,0.6511415273332796
0,0.26207283520212055
0,0.41710490516696225
0,0.17335825343464598
0,0.1843696230494553
0,0.4575942134688002
0,0.2308664817938915
0,0.22757916337531883
0,0.5819533640456263
0,0.18027234025055847
0,0.20583356568604327
0,0.25252920865920625
0,0.08517182592236101
0,0.16472931046766764
0,0.08004556945082306
0,0.16543604308194212
0,0.3361238410092029
0,0.27543374717890245
0,0.2844362987051587
0,0.2799376907556466
0,0.08079150722922203
0,0.20779115867127565
0,0.1420225238138951
0,0.20384852637975
0,0.2234502235047318
1,0.8823012177825983
1,0.5164348015783395
1,0.9700959335702952
1,0.9099917198805462
1,0.9432759531292313
1,0.962193376449364
1,0.8892782551779629
1,0.9099917198805462
1,0.962193376449364
1,0.962193376449364
1,0.9255609671852633
1,0.9738570331943833
1,0.9672527666279738
1,0.9021550679626192
1,0.9021550679626192
1,0.9413689322115747
1,0.9614981403440566
1,0.9665948172238805
1,0.6416027533922892
1,0.7849931672616475
1,0.9647995942344323
1,0.8300072802270763
1,0.9584542786165491
0,0.046157581311642666
0,0.07468071330666452
0,0.345949168413975
1,0.8574222614342062
0,0.3921954372765679
0,0.09421990473753018
0,0.09421990473753018
0,0.05393040323099143
0,0.0558505037410889
0,0.053942965610087976
0,0.03192429562501503
0,0.20846644151512375
0,0.15665882583033852
1,0.8486205654910103
1,0.918455579952405
1,0.8770448209797767
1,0.8776817155452734
0,0.122455627594393
1,0.5667724554173762
0,0.060054968555850144
0,0.061901266806277805
0,0.0639243181575979
0,0.42585199929326517
0,0.09613663638596104
0,0.13165690186566856
0,0.183546481570146
1,0.6538839055400381
1,0.845711928247084
1,0.691817538354898
0,0.6629737118436915
1,0.8884789804674449
0,0.04106066888851806
1,0.7996311828617411
1,0.1289289458046627
0,0.1401625783706494
0,0.10083401503579743
0,0.21055065622564653
1,0.7100793696192158
0,0.04825136437705485
0,0.04182080835128612
0,0.03880311943286168
1,0.9777265226606487
1,0.8015224374179926
1,0.7146393031594307
0,0.19624006547180736
0,0.06515836287012518
1,0.8633793650971134
0,0.3432706528967909
0,0.28846722618125337
0,0.2604791995779852
0,0.3369856269243003
1,0.9539355617850663
1,0.7054630735696492
0,0.5613974670697601
1,0.6262471674450186
1,0.8601980683990721
1,0.8021282727300514
1,0.8789464620166962
0,0.621201047681957
0,0.7753634908569871
1,0.32602781026935196
1,0.34037507241537807
1,0.2296597711607452
0,0.07135690179793369
0,0.1142708204536373
0,0.14521099993500836
0,0.13853563780419603
0,0.06548576717125347
0,0.3918044909230058
1,0.7239457128853236
0,0.6690767836637428
1,0.9597898742465444
0,0.4181504235558012
0,0.031965928619742595
1,0.9409503842406082
1,0.37385251643961154
0,0.17066285026617983
0,0.09233064697537777
0,0.015218244981153985
0,0.2756911777058601
0,0.3699635787277825
0,0.24292718243057448
0,0.26026559216862366
0,0.14045751408933324
0,0.2001797950149455
0,0.18438479248095335
0,0.036835017244169974
0,0.05396295233667271
1,0.13620123485628005
0,0.09246340788144806
1,0.8815985355923233
1,0.9567278959793295
1,0.7459741868479001
1,0.8021431995025268
0,0.13564693052064344
1,0.7758298825987373
1,0.9076402520215888
0,0.13962185226311286
0,0.15702808607669833
0,0.15972828527177765
0,0.6704179793144255
0,0.6842475812115764
0,0.37974427082131096
0,0.3773411197968757
1,0.2158256839893188
0,0.1686423427164722
0,0.2786505381403586
0,0.23669134968876707
0,0.23669134968876707
0,0.28285675052298526
1,0.45285700224967335
0,0.18477910081992135
0,0.23252391543324108
0,0.1686584186020854
0,0.19086029629928666
0,0.4001428522409442
0,0.10905010339047935
0,0.43636479859309163
1,0.42850353653257445
0,0.5093199664865471
0,0.1703132989640158
1,0.9210478414232203
1,0.9210478414232203
1,0.9130439484297512
1,0.5677586212536425
0,0.7387914313155769
0,0.09073933776220634
0,0.19316092295206547
1,0.19871161853465313
0,0.09070536364833931
0,0.24686260564399037
1,0.9727522487317914
1,0.9804048335415623
1,0.9765354474049218
1,0.8184406344432303
1,0.8304305136931538
1,0.92808455635929
1,0.38950054198611334
0,0.25113814568669396
0,0.10659937864901321
0,0.10795839962338083
0,0.04739049574931889
0,0.08129681293013662
0,0.3847025290456976
0,0.22824129081687072
0,0.3037599771656977
0,0.25189561287810364
0,0.5568340066546626
0,0.12297652265877684
0,0.20130847474637809
0,0.4647336607892979
1,0.765842733184707
1,0.9015904189639771
1,0.8813328754816966
1,0.9130794350520853
1,0.7770992051272902
1,0.6947699109073938
1,0.9675026288016244
1,0.9749390799908537
1,0.5807692100009691
0,0.19579867799802234
1,0.7182707186451821
0,0.02861990893985084
1,0.9970742642708971
1,0.9970742642708971
0,0.0837018572995294
1,0.5283934447187479
1,0.2367224447586516
0,0.15694960461896926
0,0.1832007817296926
0,0.10126319734773173
1,0.24175382722257474
0,0.17614389278584947
0,0.13422082060954174
0,0.2371599190767474
0,0.17360058124741898
0,0.45617055142576285
0,0.1751180002100513
1,0.9046367649045132
0,0.10658551824735968
1,0.8423498201377109
1,0.8548308890263899
1,0.8647400924902503
1,0.8710214533658647
1,0.5914866516746289
0,0.0866314604859345
1,0.9076494382875113
0,0.09662777254916491
1,0.548788204951333
1,0.5353230109963849
1,0.7902089154614544
1,0.3381410239722757
0,0.08622962457527703
0,0.06436157780150138
0,0.06729655248236951
1,0.7031471259254348
1,0.4596949829927919
0,0.06294895125644623
1,0.944695875219844
1,0.9597338875072352
0,0.35667348790108055
1,0.6292957831576869
1,0.9606139392400412
0,0.5867492183100005
0,0.10358182312595696
0,0.11340542717105907
1,0.9145099683191527
1,0.9171087407446865
1,0.8925163041200148
1,0.6865697547619101
1,0.931539827380472
1,0.931539827380472
1,0.6867613743545097
1,0.9632149387668836
1,0.445348639064711
0,0.13365392214175148
0,0.1464681664629142
0,0.22079758445456088
1,0.7186449340110186
0,0.09898942217891188
1,0.5841596697508193
1,0.8341738708408394
0,0.2553350110973352
1,0.5171350157475751
0,0.25283166581821653
1,0.38975604685471094
0,0.07703689002001371
0,0.07703689002001371
0,0.2839693122491871
0,0.16282162683589618
0,0.2360599739967438
1,0.6912216203949649
1,0.9869727712910175
0,0.14284967419569836
0,0.40253154343833536
1,0.6985508729207841
0,0.7893374483847084
1,0.8787420430616748
0,0.06638468527966387
0,0.23871872876024475
1,0.923600688282864
1,0.9531667826948689
1,0.9644531184118573
0,0.18048760872909853
1,0.956903950460897
0,0.4685268916392359
1,0.9794609592394522
1,0.09606858635937435
0,0.11673181345503662
0,0.2832268118365889
0,0.26485363362309966
0,0.17561218314444907
0,0.149895151084097
0,0.5133034305433984
0,0.39021857610328575
1,0.6849506662695645
1,0.6849506662695645
0,0.116947546696409
0,0.24993443995351608
0,0.2041341010609957
0,0.6471256887678024
0,0.16462838722240922
0,0.519949648578264
1,0.7369557067157683
0,0.03505564310384928
0,0.05069704394026206
1,0.8756246323641804
1,0.9387694181767665
0,0.20192931874517117
1,0.9121854250978666
0,0.3545883665406845
0,0.2721732290142457
0,0.2758685868609851
0,0.2758685868609851
0,0.2039863730591919
0,0.0623094652635642
0,0.052584737135289585
0,0.12109478796718993
0,0.39572734467061726
0,0.3093673430712617
0,0.5304986997322806
0,0.18296194306269445
0,0.13183801471468673
0,0.24201178092055942
1,0.8886884498607077
0,0.056706105388974526
0,0.0672983559547601
0,0.25051393318646736
0,0.35658572749758055
1,0.8457607150763756
0,0.33250813514848926
0,0.12083467683796464
0,0.10144771420370663
0,0.09747326809516572
0,0.2557827499953116
1,0.30600432035561215
0,0.17590956260874446
0,0.1664738543970041
0,0.08064776369505007
0,0.12727970239041136
0,0.085670965329999
0,0.7890830474607765
0,0.48682609533012644
1,0.8504087924258181
1,0.8702286178950114
1,0.8880895175190892
1,0.8277116810580174
1,0.8830568612528853
1,0.8035078647741197
1,0.764228639586411
1,0.7679855720065957
1,0.8141748920503034
1,0.7509640264264721
1,0.9128935105168807
1,0.8308488590570838
1,0.8812251732595588
1,0.9244880927160233
1,0.8663093677018392
1,0.9045304655608714
1,0.9349460377294138
1,0.8621234282571009
1,0.9244880927160233
0,0.12837360380660343
1,0.6667881283872591
0,0.07877719401294211
1,0.7512586204656077
0,0.045944571266307695
1,0.9496125892572149
0,0.1627177297978454
0,0.10873476849045795
0,0.050622091128308205
0,0.1419571230954894
1,0.7865538376082838
1,0.6540804106878553
0,0.032127318406436726
1,0.8718132627996459
0,0.2410099896718537
0,0.1530329904463631
0,0.08170025891742094
1,0.5441192936958833
0,0.037005655578986094
0,0.15771286314954677
1,0.9450491211502277
1,0.979612061571977
0,0.3902197152885883
1,0.8981359290221093
0,0.038564049785314844
0,0.11867357995838022
0,0.09042437963351868
0,0.6311657968999372
0,0.44799886820730184
0,0.1049413347975907
1,0.7714473957370427
0,0.048205471419235243
0,0.6543221447536792
0,0.4214814104141546
0,0.2330605336417491
1,0.8554551090074254
1,0.30541543603888466
0,0.10027456078684263
0,0.09178432441788474
0,0.07709503987407794
0,0.0776512582417752
0,0.09391964101603147
0,0.0776512582417752
0,0.06893172732274198
1,0.8553256977028605
1,0.9285723180719065
1,0.37075667765946774
0,0.06470698487645468
1,0.7882533296439331
1,0.9042916558067696
1,0.9019629865722588
1,0.24072996805125652
0,0.0725194552809076
1,0.35042495721169264
0,0.28078996337503137
0,0.19962624977092477
1,0.7411527389992166
0,0.20810579331807383
0,0.11489142860831023
0,0.29869454650937327
1,0.8356849828447253
0,0.22652604894877043
0,0.1986406784841896
1,0.9787015736336628
0,0.45068757968714274
0,0.1490603424198045
0,0.04209539135697315
1,0.8287018451310255
0,0.3163957528852366
0,0.3243515476718626
1,0.6824744506773733
1,0.5838929302073048
1,0.7276375878488929
1,0.8464718856638388
0,0.030193354812770894
0,0.03072631457787537
0,0.1354229101626899
1,0.29999737754826644
0,0.1676955158169214
1,0.9289153240047797
1,0.9736952473636349
1,0.6489149301839183
0,0.019322163869964184
0,0.018697597698410087
1,0.5747519974238755
1,0.4276859393865847
0,0.3169606589614661
1,0.9270669364028838
0,0.29382314456053943
1,0.9191377077850915
0,0.12666069801199764
0,0.47209365112062257
0,0.0853024551840801
1,0.6899369262603482
0,0.019322163869964184
0,0.21447922373384984
0,0.10160326809792494
0,0.25312762367658853
1,0.9756516522648965
1,0.9639940566796094
0,0.4903068403465583
0,0.14576997584374782
1,0.3584710976023779
0,0.18052958198307215
0,0.0480787990113814
0,0.11269680872052619
1,0.9356605622064432
1,0.9661980276695928
1,0.8451993465210789
1,0.8213594985138349
0,0.127867038753256
0,0.2100513386911637
1,0.8485339551382453
1,0.9228568449008044
1,0.9156100808191396
1,0.6776556035683484
0,0.7552769907273312
1,0.5429461724793156
0,0.17833949710730773
0,0.3267216396921842
1,0.8913973929753845
0,0.16266059881785952
0,0.15081931028040477
0,0.33923598004868966
0,0.1524177707615671
0,0.018246770456332075
1,0.7290979861231602
1,0.6233745419320427
0,0.30739566645301636
0,0.30608663335710956
1,0.6420053161890442
0,0.04847143487019491
1,0.9543580000763263
1,0.8174089961148107
0,0.07613503786392306
0,0.05503232224525657
0,0.1421309895446143
1,0.6849262874359352
0,0.16683692076217144
0,0.09018270868546396
0,0.12824970818430115
0,0.10668057641833785
0,0.1292554181653274
1,0.8577641396083746
1,0.9799836483584453
1,0.9248241546006578
1,0.9764503135659044
1,0.847378660501563
1,0.9370411501921434
0,0.2369784242225972
0,0.1388496316666849
0,0.09498772469354405
0,0.296199917779361
0,0.06982491574410045
0,0.0541800678902381
0,0.10700069087622328
0,0.10843191639541584
0,0.19406634251078503
0,0.3236853251901298
0,0.1474031659170974
1,0.7185113263146066
1,0.8586501963568351
1,0.842658680060387
1,0.8663235180613761
1,0.7761942574414455
1,0.9640918430421593
0,0.7088674773570804
0,0.655016387519446
1,0.8076344353965804
1,0.3943676669540194
0,0.25446919837989823
1,0.4027748806969355
1,0.891688651044573
1,0.8726167696651853
0,0.07538496241629973
0,0.06872420633754596
0,0.057816290968384254
0,0.0660361468275707
0,0.2929033911808285
1,0.6537964526560393
1,0.8523125141115793
1,0.9908985653212349
1,0.9921530289614054
1,0.9433831957456948
0,0.21018869555802872
0,0.11626862214974132
1,0.9795523311546701
0,0.0557355387076903
0,0.27530915786513577
1,0.519127906749672
1,0.9897374012918644
1,0.8778209554774551
0,0.03270728878591835
0,0.07308707827390844
0,0.19526630549706875
0,0.297052251241868
1,0.8680816256060413
1,0.751847403318582
1,0.5545150828290164
0,0.15623691861566733
1,0.5642978991669373
0,0.11212477054327732
1,0.9495809722619091
1,0.952586766931466
1,0.8813226327251363
1,0.8813226327251363
0,0.3588584337503654
0,0.2376822094396258
0,0.2376822094396258
0,0.4188662500662256
0,0.07903074474515537
0,0.06368805436813782
0,0.05984865994440619
0,0.05984865994440619
0,0.04018290621405857
0,0.03578896960598815
1,0.8579584850582431
1,0.9831979965420887
1,0.9010112551493893
1,0.9545423358694709
0,0.15661720480719218
0,0.16185467503033443
1,0.9689064082330735
1,0.9232938348268747
0,0.23777408017781684
0,0.2007151505207555
0,0.12251571165626547
1,0.7092481944981699
1,0.9001029506660959
1,0.6127854469984186
0,0.11282187492150528
1,0.7253480299630547
1,0.14165402150658807
0,0.4812072378099378
1,0.3976962471336767
1,0.45276418630444343
1,0.8538006802903549
0,0.2602052890248577
1,0.9660526288511986
0,0.2959410272268501
0,0.1135971278264878
1,0.9949935480839239
1,0.9949935480839239
1,0.9949935480839239
1,0.9949935480839239
1,0.9957522225656569
1,0.9948316706071526
1,0.9948316706071526
0,0.2743604708639916
1,0.8073177455361972
0,0.1512189030967291
1,0.42875152349921275
0,0.08941650382145175
0,0.08370645555644868
0,0.21491898613936042
0,0.37067644956321855
0,0.22837603189003358
0,0.4230774791592396
1,0.980970532311942
1,0.7652955125261
1,0.8560205040148531
1,0.8126435389257213
1,0.7487304672060654
1,0.7720581355560817
1,0.8748079668418087
1,0.6059195363012204
1,0.9549107955363451
1,0.8491446789801083
1,0.4176921344144191
0,0.2758554452042517
0,0.16301882490347125
1,0.7046388236851715
1,0.8104281731969187
1,0.7420139536489365
1,0.7420139536489365
1,0.9182990925214229
1,0.628879912249996
1,0.9226998638445186
1,0.9489566529833562
0,0.29004573398622235
1,0.33238371965019103
1,0.8105790520040455
1,0.7150347474763538
1,0.9665449524251267
0,0.370904864377501
1,0.835896080618874
0,0.34434831015834627
0,0.22182763757158272
0,0.22178031920951166
1,0.9974591182675369
1,0.8342339863070328
1,0.6387341529784291
0,0.5120624454561968
0,0.2884298305788314
1,0.445499076264253
0,0.20671880005362592
1,0.8364620865555621
0,0.0208280898943839
0,0.021858417650573017
1,0.9865298956181345
1,0.9148642659193513
1,0.15744008675180218
0,0.056887584186449056
0,0.07583506379622014
0,0.02969567517846645
1,0.9887461555593616
1,0.6041781162939741
0,0.15817593603342647
1,0.9517970389820904
1,0.9448082341097401
1,0.9785231992238372
0,0.19266437878428727
1,0.9902571156051411
1,0.9841404453099927
1,0.9806273839873025
0,0.23935089660169054
0,0.3178172662845003
0,0.08175716724767107
1,0.597091554573981
1,0.8538296644124509
0,0.12448716795236676
1,0.5137327419719938
0,0.1835689102580198
0,0.07022544112007299
0,0.14151462858183828
1,0.7982858519157895
0,0.3323865270895965
0,0.5216815415880663
1,0.827064349216456
1,0.5170430567166626
0,0.12440907791954912
1,0.5591853361295309
1,0.43376730067589536
1,0.7325047538570739
1,0.4568941988895436
1,0.7322686755894608
0,0.17449468806361995
1,0.9641467890899856
1,0.9641467890899856
1,0.9041860732454257
1,0.9009300965488599
1,0.9023925925112314
1,0.8893749044164297
1,0.43096816131109406
0,0.21612548193596887
0,0.48872650197979434
0,0.22961559917942967
1,0.6831824940261106
0,0.4368234089318335
0,0.16180581366981908
0,0.19262033019175875
1,0.6570132773801811
1,0.7804822352748175
1,0.9001522396528838
0,0.37958022558622884
0,0.24249847830790439
1,0.9748779287130327
1,0.7796033534211678
0,0.09567154783333535
0,0.07950436764901173
0,0.09702469718104732
0,0.13731748639681346
0,0.10366897122373277
0,0.052087392062713345
1,0.9116678091388138
1,0.9116678091388138
1,0.9239012812262033
0,0.1518544356780374
1,0.86457253008817
0,0.12107584980000007
0,0.12107584980000007
1,0.8170014343345747
1,0.6782373074838047
1,0.8989206804191024
1,0.985407049955526
1,0.9685272470930804
1,0.8681179467132746
1,0.9963362204235109
1,0.9977750387155238
1,0.48544445350990917
0,0.4152796484085319
1,0.9017122979658053
0,0.05357881748667649
1,0.5927417845624487
0,0.09034028099152286
0,0.15778074003611944
0,0.046327594595565284
1,0.8033089718143402
0,0.16893542315055052
1,0.9159086687933203
1,0.7814152447705132
0,0.13156720651374873
1,0.776625002493892
1,0.7611928110149749
0,0.5621388724260844
0,0.6134496494658525
1,0.9352745906250587
1,0.7940695799141044
1,0.9656502338250803
0,0.10838265198661967
1,0.9543114591546399
1,0.9542492469325734
1,0.8097830835246451
1,0.6610535356648457
1,0.7172873037999155
0,0.26133389725845846
0,0.0855700066629686
0,0.184083605741574
0,0.24132042775586016
0,0.2888236960494839
0,0.2799806942290456
1,0.9202041422543047
1,0.8662571652354071
1,0.8711733056420233
1,0.8711733056420233
0,0.10350681555829502
0,0.16515947841812212
1,0.7868526587928175
1,0.6803622085121757
0,0.28346285181821823
0,0.11528248236139405
1,0.6656551340938838
0,0.0536539117682956
0,0.05088326740610994
1,0.547694770057432
1,0.9542841969688065
1,0.9232914956384175
1,0.949368700327525
0,0.054997920377254414
0,0.23051068070943787
0,0.03393471495153067
0,0.6713357234370914
0,0.6773781657377509
1,0.9542868432112569
1,0.9430480554094193
1,0.9430480554094193
1,0.9430480554094193
1,0.9430480554094193
1,0.9430480554094193
1,0.7632914493753032
1,0.602928635965201
0,0.16701398933624687
1,0.23875083371875017
1,0.8526432631170152
0,0.1491064785042698
0,0.20333810751238324
0,0.07748695919827644
1,0.9816138454826674
0,0.26442111324618206
0,0.23440184995394156
0,0.11767291965919272
1,0.6329956841862894
1,0.4861212085039034
1,0.8868227050840778
0,0.1448757533371528
0,0.1606744120693893
1,0.656003553654532
1,0.5090537358784565
1,0.37165136049471864
0,0.312389386688893
0,0.08163604575767426
1,0.6822277732393697
1,0.8992356113921186
1,0.8457434623384379
0,0.38848605003484726
1,0.5477002473549335
0,0.24829580316022856
0,0.30639887222301393
0,0.08140171747585448
0,0.06331300167387768
0,0.07896399190715808
0,0.07904572875273665
0,0.0888393004376734
1,0.2589246088655752
1,0.7540828693330606
0,0.39723771917877393
0,0.28508464028555003
0,0.21467102661413914
0,0.34111498480092833
0,0.37151238054435753
0,0.32997337343169797
1,0.5260413205097257
0,0.3696450721705356
1,0.9593377268650074
1,0.8248876135087743
0,0.047307248322817234
0,0.3911653087091389
0,0.5665553830660811
1,0.7944056170981405
0,0.07906096283047881
1,0.8212119409423726
1,0.7575001406984949
0,0.06592275304261996
0,0.12511670918952336
0,0.06848310231530924
0,0.0694733206259872
0,0.049712570804474256
1,0.5707974849357595
0,0.313610418861709
0,0.2560097335721021
0,0.639183814047956
0,0.0359003122207819
0,0.04835006775222968
0,0.09365139053272868
1,0.5878188947910288
1,0.6806366159705197
1,0.8446608113326781
0,0.20382769969756456
0,0.28919027902944233
1,0.8136843053050875
1,0.7054094654592991
1,0.6652358954889164
0,0.6704734892933488
0,0.737059834917473
1,0.34643508357929753
0,0.22608892301445607
0,0.29358799446865463
1,0.8767308497843044
0,0.11331531563079297
1,0.44590760878284286
1,0.878171003328468
1,0.8103515728149887
0,0.19626007521602726
0,0.4304580476736752
0,0.09175177481241263
0,0.09133908964720461
0,0.08461649516169563
0,0.06786628956511948
0,0.11463873032883881
1,0.8058139519158329
1,0.7973289704966344
0,0.06520836194015238
1,0.9600310340249171
0,0.08849187985315185
0,0.0373692877347238
0,0.13605226437826287
1,0.4477292194357337
1,0.8985765343058033
1,0.9841405707493164
1,0.983553329567522
0,0.5562735398337408
1,0.4538975382331086
0,0.14038593377343175
1,0.25283489568199163
1,0.6682095738940769
1,0.18496610348385506
1,0.11161935280619793
0,0.07538071786550768
0,0.08734761590748653
0,0.045159245741529894
0,0.05953254077746255
0,0.23125733962685205
0,0.07615249662447247
0,0.04382503314265159
0,0.04515128478726137
0,0.22138311309279465
0,0.06104952038241943
0,0.04983269910811634
0,0.09166363540187246
0,0.11050375622855302
0,0.11034182325663923
0,0.20703358034312688
1,0.7407171604234383
0,0.030403231090129098
0,0.1305262192394502
1,0.26623101417403267
0,0.08956142203676104
0,0.029465701317928396
1,0.975689875519318
1,0.975689875519318
1,0.6842313632375662
0,0.1624417205828876
1,0.9843706038105614
0,0.18553307720734138
0,0.3109042554991315
0,0.6506579863722791
0,0.16982063720042298
0,0.13149028566119653
0,0.0810834805860985
1,0.7844040686794713
0,0.04579378915247011
0,0.05404416806430341
0,0.07656320186432837
0,0.068685263084658
0,0.08240049095773867
0,0.16169970673094403
1,0.6556650118674144
1,0.8120189909295169
1,0.7269599497838232
1,0.7601142018634894
0,0.5879782013646404
1,0.6464018879661237
1,0.6047614942063172
1,0.42151881842612154
0,0.2662558217362672
1,0.8174391556447983
0,0.23216009838693005
0,0.08629226573950873
0,0.0466932985960752
0,0.11449904711698262
0,0.09325516118031342
1,0.7070695216202487
1,0.871326539857282
1,0.7844040686794713
1,0.7617248596065452
1,0.7671500042392952
1,0.8076906623589853
1,0.5862470471128414
1,0.7844040686794713
1,0.8076906623589853
1,0.8460189576789592
1,0.788310010744953
1,0.8670767977246193
1,0.7211508044979245
1,0.8670767977246193
1,0.7844040686794713
1,0.7671500042392952
0,0.06918185057701293
0,0.05110713815123408
1,0.47553704179499956
0,0.3774995698270505
0,0.09436132530232084
0,0.0827958505524336
0,0.1592833978568683
0,0.23470653837718777
0,0.1618100662072914
1,0.42682653471366044
0,0.3168851649006983
1,0.28561586037429
1,0.7076093528061032
1,0.30582912024837594
1,0.8118876408397788
0,0.1493347287852205
1,0.6671980722726548
0,0.05452464480288698
1,0.44881717784934577
1,0.9460913172309203
1,0.8482988024661643
0,0.0609363431665902
0,0.15534636417036146
1,0.7464184059873068
1,0.8251254563825954
1,0.8217035352316993
1,0.772378940710666
0,0.2471598738600448
0,0.029628240586793107
0,0.15554332717007235
0,0.19506608970454517
0,0.09743230318351805
0,0.33069030879778966
1,0.32626033337931265
0,0.09626697315848042
0,0.13301937670841216
0,0.2526014503619403
0,0.09203829218385914
1,0.782190214397046
1,0.9427136631965811
1,0.7351853404921603
0,0.127500195354414
0,0.05272097063261112
0,0.08424759593393255
0,0.3524668754574373
0,0.41445694657274557
0,0.527163896564443
1,0.876344212118908
0,0.07626011913392913
1,0.8254111013185954
1,0.9166144539695356
0,0.35839478660206503
1,0.9456570816723237
0,0.11753110884294424
1,0.6856697864259845
1,0.8960189745938882
0,0.03014118842539394
0,0.22264756467047636
0,0.22697393849235675
1,0.3914342585769001
0,0.16066853032682155
0,0.3694788447409782
1,0.9166794460893566
0,0.17904687470978814
1,0.6752780455963626
1,0.33576034993053855
1,0.6534487468856064
0,0.24339611648325052
0,0.230827937372444
0,0.26414002697043
0,0.14031606077048986
0,0.7385532359618696
1,0.9872626489576117
1,0.9713654707553042
0,0.1888673272581965
0,0.179738154731529
0,0.19298644464035822
0,0.3238692348452014
0,0.16875110775770433
0,0.25320575531216855
0,0.19978569333064936
0,0.14925778930265748
0,0.20296456189063436
1,0.738582902198295
0,0.5217748902621576
0,0.2129346225785772
1,0.9665942927250795
1,0.9727254358975951
1,0.9727254358975951
0,0.2818042981702696
0,0.39993124713792866
1,0.7834692608281406
0,0.14883352232317007
0,0.27712047154152547
1,0.5842974487932173
1,0.6311168791412055
1,0.2696947339609368
1,0.9639275607020699
0,0.17288921310582853
0,0.35668966180907297
1,0.11090351394753159
0,0.14674859031565193
0,0.12688470800603607
0,0.09721461945688059
1,0.20092394666440302
0,0.3902178172907972
0,0.0901674009373197
0,0.0835063104657898
1,0.2703722765298401
1,0.8509893368383533
1,0.8497699919507065
0,0.022253855279627883
1,0.970339268185743
0,0.47264890463464915
0,0.2981044696496961
0,0.04989463083350927
0,0.0343360806211797
0,0.43957032523603856
0,0.16640819544145646
0,0.3933775984701004
1,0.5670361107113047
1,0.8110708642022779
1,0.7180956411964154
0,0.3963817614927252
0,0.06619964477047649
0,0.0815459873390656
1,0.9749885106881868
1,0.9932775809856846
1,0.9857985433284653
1,0.9610352836064695
1,0.9867763871778873
1,0.9919026627339977
1,0.9865854333443378
1,0.9865854333443378
1,0.9697958828281955
1,0.9667720827737585
1,0.9867763871778873
1,0.978191702553
1,0.9760533597399836
1,0.9867763871778873
1,0.978191702553
1,0.978191702553
1,0.9692188458641912
1,0.9862821503388388
1,0.9749885106881868
1,0.5354003326922037
0,0.1424497214686775
0,0.2831510672114962
0,0.18661482571449686
1,0.6368761267439088
0,0.20170456769587397
0,0.0927647323288188
0,0.37664194877650803
0,0.1929173171378783
1,0.871313363223791
1,0.9618103867962388
1,0.8453587913095941
0,0.5062097956215672
1,0.849607305112942
1,0.5305156475971274
0,0.6169779668139665
1,0.4635817435100081
0,0.4918454911396695
0,0.2640948212897571
0,0.3403601945395554
0,0.16930954806897167
1,0.5967935924809777
1,0.543707160811482
0,0.05806906910415273
0,0.10365068643831249
0,0.7539204715926987
1,0.7901690168856841
1,0.6486199800440589
1,0.41309538549488756
1,0.9029866891801457
1,0.9029866891801457
1,0.8989298866320965
1,0.8877293811222753
1,0.8759756310809307
1,0.970990881457363
0,0.13088310893861288
0,0.36865155280962064
1,0.9593984805834761
1,0.921062193025301
1,0.9368320710172723
1,0.9593984805834761
1,0.9593984805834761
1,0.9495927693983887
1,0.9574473353987394
1,0.963888541381347
1,0.8999489759211157
1,0.7020177129134665
1,0.9279666897106196
1,0.9546833007321454
1,0.280373963081963
0,0.04391640485436785
1,0.41284471838195086
0,0.27853713627655785
1,0.9089541865103825
0,0.1835187794719646
0,0.12677187103194804
0,0.04241381167356742
1,0.6856286417781031
0,0.022721169254453142
0,0.05726169051322908
0,0.04769838625827782
1,0.774350993770038
1,0.7689402019060149
1,0.5263461629116848
0,0.054365790535899704
0,0.07615042668139446
0,0.04529528636651677
0,0.07925363913657628
0,0.05597408927430365
1,0.6446498952619182
1,0.9321104744775378
1,0.9124349203235355
1,0.9321104744775378
1,0.7547518643677331
0,0.421242066460021
0,0.17401334892604692
0,0.44808292079001544
1,0.6474842126858456
0,0.1088527509781294
0,0.14072286282169277
1,0.9717895586374101
1,0.35839055139122633
0,0.1422747927774757
0,0.15881421941808954
0,0.13594447739575763
0,0.09452089107121243
0,0.3721207745697983
1,0.7106170083391019
0,0.1762264866586228
1,0.8568129055697347
1,0.7953997863876601
1,0.9974053634889857
1,0.5454843406661496
1,0.5427477697525083
0,0.0892102314328481
0,0.026251750340374965
0,0.2598064156808175
1,0.5933354123202942
0,0.17740258642517617
0,0.2001459702874309
0,0.26407662890767525
1,0.8273798489029454
0,0.21350693447457375
1,0.5300836185786293
0,0.05015711934226267
0,0.1989723002757025
0,0.11983767810088004
0,0.4026147484914719
0,0.4952475432259217
1,0.7400315146258365
0,0.11920227085494281
0,0.04025979523911323
0,0.41196183951974513
1,0.9014725808762619
1,0.931816612989317
0,0.3644527412409431
1,0.8502858169593641
0,0.2275991936140471
0,0.3191411531979091
1,0.8659202691841357
1,0.3540513981885775
0,0.2004420606852645
1,0.9035165498147509
1,0.572394093679631
0,0.24925974934490513
0,0.5415725214805323
1,0.8099655762665586
0,0.26606566958010247
1,0.5954795539829518
1,0.6526941599766081
1,0.68927595303212
1,0.8125785744306495
0,0.2329390118582057
1,0.970645095031198
0,0.07816798491553707
0,0.08285476053474217
1,0.8565377576716734
0,0.0745077918240641
0,0.18505659542170827
0,0.3849180792657068
1,0.5478871064682048
0,0.2484299691875204
0,0.07512676686552996
0,0.28021419536483533
0,0.10116642620696092
0,0.055786109274337824
0,0.055786109274337824
0,0.055786109274337824
1,0.8885684382764498
1,0.9237657605149039
1,0.9237657605149039
1,0.9245388913148297
1,0.8560287551037141
0,0.18907572337342746
0,0.4232599819331478
0,0.3714192243473284
0,0.2098175737557699
0,0.17208175339559573
1,0.5397508243691773
0,0.07969187835502548
0,0.22170884235009383
0,0.4525839715949805
0,0.22055648178290796
0,0.34810143209017724
0,0.16447685405585696
0,0.5268767190763146
0,0.14257221786061514
0,0.13836903786383203
1,0.7960127241704342
1,0.9879650958201022
1,0.6745444494827261
1,0.9580506970897557
1,0.9580506970897557
1,0.9580506970897557
1,0.9643115963329074
1,0.9647525525757895
1,0.9647525525757895
0,0.2417340362531757
0,0.1859187057249195
0,0.2229014876984926
0,0.11783572454056697
1,0.8876058250552669
1,0.9873402745023879
0,0.18609814273629374
0,0.2778305491794066
0,0.23533733075122157
0,0.044285125709376774
0,0.4438522407432823
1,0.5890755812517201
1,0.9635397834511394
1,0.9603011537909911
1,0.9645372395844175
0,0.11859230075558186
1,0.6340681548800119
1,0.8876655695057486
1,0.8928574982057615
1,0.9375063121184339
0,0.16269867824718376
1,0.5444523099422075
0,0.3950901916545439
0,0.19358970318555246
1,0.7081218969702059
1,0.5107194353703134
0,0.1662524761984125
0,0.07720470151436577
0,0.09393086301008184
0,0.31030815025950464
1,0.32389963185005083
0,0.2081041832488558
1,0.8539758173544295
0,0.1407057153483889
0,0.35296266619306543
0,0.08980320043550787
1,0.9799132296339805
1,0.770784024000055
0,0.045264914818404445
0,0.03488220650296064
1,0.6583565342129586
0,0.2024474366903616
1,0.9112031949337185
0,0.19374436891810454
1,0.9080177766572559
1,0.7067579632968042
0,0.12167880922732754
0,0.31983325194931733
0,0.35705497734653224
0,0.14964857792807781
0,0.282453691783915
0,0.12127270050699034
0,0.3172031218538124
0,0.2954881479559352
0,0.35881646907466963
1,0.9016636619121592
1,0.6867918885364848
1,0.43868864537993457
1,0.9071872115523297
1,0.7635474829568083
0,0.13449844651989756
0,0.08350215322387318
1,0.27739712982796866
0,0.27610811032455873
0,0.36886242872795294
1,0.8486014090771714
1,0.9977900229868131
0,0.17037800626465074
0,0.16573896839060343
0,0.40698710145602474
0,0.21000326770902303
1,0.9713018484575985
0,0.16014716541507354
1,0.2453944432093283
0,0.08476189000534555
1,0.7643798462039119
1,0.7643798462039119
0,0.08120028266457689
0,0.17636020320699072
0,0.1897429968147841
0,0.09733483583370939
1,0.29752496549680413
0,0.4757408543124595
1,0.82569791412783
1,0.42978886005259354
0,0.19895734970387716
1,0.8572815101792389
1,0.4411295328015247
0,0.039710050717257424
1,0.976812369422843
0,0.10125529450956708
0,0.10125529450956708
0,0.10420789235228056
0,0.11374300561498919
1,0.6350599459848654
0,0.2176336492646376
0,0.11516974999083938
0,0.06084170156112092
0,0.18494599249498891
0,0.1991058746086748
0,0.20433743230778245
1,0.9175256351484292
1,0.7903048534595268
0,0.15609839046901006
1,0.47638508253607764
0,0.16016650174710284
1,0.36733445580810686
0,0.05298799862272259
0,0.05298799862272259
0,0.30277274877961247
1,0.8120808866353681
1,0.6534616329285972
1,0.9343250901889928
1,0.8666717509722998
1,0.8352308083935639
1,0.9392710125192675
1,0.9392710125192675
1,0.8352308083935639
1,0.8374980864644108
1,0.9887296404379232
0,0.23759292411640212
1,0.8372038660751951
1,0.9430007040491738
1,0.9364618599773893
1,0.8576903565154106
1,0.9507460329507192
1,0.9030304625139396
1,0.9304010978097322
1,0.9384438524792387
1,0.9507460329507192
1,0.9304010978097322
1,0.9535055074043262
1,0.7354064264759574
1,0.9398501952231534
1,0.9430007040491738
1,0.9565991622694654
1,0.9565991622694654
1,0.9430007040491738
1,0.9535055074043262
1,0.9332184993725099
1,0.9575970049100695
1,0.9575970049100695
1,0.8391948430891607
0,0.1378329712314678
1,0.8311102904325739
0,0.1693712608434545
0,0.2870600066251925
1,0.5687695036784388
0,0.16880672186210888
1,0.2688499182008544
1,0.9730047281219637
0,0.0732426338281202
0,0.12850810080770866
0,0.15048274002647982
0,0.1262917903247859
0,0.1004073648672227
0,0.06354151531144481
0,0.06202890278247186
1,0.8006859267483014
1,0.591801674833995
0,0.30255602779096064
1,0.8851564929589439
0,0.02142017350394321
1,0.9487673540621215
1,0.9166521066944614
1,0.9047467699912489
1,0.8783409769238741
1,0.7582188522204555
1,0.5645931760291988
0,0.07293797525066878
1,0.25345016507528045
0,0.228434290572222
1,0.6848778530744195
1,0.7195094245325141
0,0.08183419578521678
0,0.16915872011906777
0,0.027840522400511897
0,0.029025104960295086
0,0.027840522400511897
1,0.9162659887301187
1,0.889146621484247
0,0.12517052933963285
0,0.11209184113067876
1,0.8227823260200323
0,0.03503565670840733
0,0.14529809739616006
0,0.2253796884370654
1,0.8055610918898238
1,0.9964143264791913
1,0.9914544287335366
0,0.05617711867114928
1,0.7381589055512903
1,0.5308533925813176
0,0.2939500520900029
0,0.171839261379354
0,0.033580650940270705
1,0.40927978837307694
0,0.25557653896712135
1,0.9644161173356809
0,0.11436231318248463
0,0.26163602557183413
0,0.2992350696206982
0,0.4764634067988284
0,0.1812655151620636
0,0.23528837971257127
0,0.09692089065069084
0,0.14265153814349774
0,0.28200120966171177
1,0.6736989411055352
0,0.34729527278466515
0,0.09267478625832508
1,0.3783384358846924
1,0.6960524942495869
1,0.6722521567183474
1,0.4735948929991227
0,0.018736692336615242
1,0.8135582689371444
1,0.7883468666252786
1,0.8849663398709711
1,0.8849663398709711
0,0.3405728649805718
1,0.9183989069078838
1,0.9302781291103722
1,0.7178305802334793
0,0.31665759591393217
0,0.13713315983408483
0,0.044826629399188266
1,0.6758469324645285
1,0.942161962080547
1,0.9426781358809214
1,0.942161962080547
1,0.9492195477573395
0,0.19449519344178873
0,0.12475258411467376
1,0.5225966049447318
0,0.04985622032446711
0,0.2241587388365245
0,0.11251552717264492
1,0.8998574067625915
0,0.2896228844770529
0,0.24033550714797283
1,0.9542436041871377
1,0.1454009743506573
0,0.058407900983853143
0,0.49961257397851294
1,0.26624988309335545
0,0.18224387307275036
0,0.3022070525086639
0,0.15129197524083102
0,0.07554892273929302
0,0.2316688652719757
0,0.12580607812761738
0,0.10596794358603476
0,0.10867220902530841
0,0.11012288080749706
0,0.04689453446065387
1,0.7314344463666377
0,0.4091518192538599
0,0.06283854615155934
0,0.072300527473314
0,0.072300527473314
1,0.9955567429907781
1,0.9846232264052953
1,0.9860913672763052
1,0.9867116569544876
1,0.9739549887735213
0,0.3671450359271538
1,0.43408364714394077
0,0.1449351419942075
1,0.994657963768148
1,0.9284666850120116
1,0.8845712719111514
1,0.9390231981381769
0,0.10290539173264486
0,0.19117691300330408
1,0.935483400925288
0,0.20127064370283587
0,0.05934259017875791
0,0.10239759564419537
1,0.5593604095142299
0,0.05712209944670617
1,0.7708356444923143
0,0.11936671237373088
1,0.9038504175534555
0,0.1063384867110645
0,0.06126032777281988
0,0.028200908521129324
0,0.04039405580608565
1,0.19892584657385853
1,0.8772838222046444
1,0.6725175228721191
1,0.5420390240506722
1,0.9811115283122497
1,0.3237681163785438
0,0.10917644913978401
0,0.29379307437162555
0,0.0910893935440885
0,0.1154306933505264
1,0.7991859470398912
0,0.18487128930547692
1,0.9751546884146072
1,0.869211125502581
1,0.595284592157337
0,0.16625803349533433
1,0.9943845521858679
1,0.9970876255332614
1,0.993118221370095
1,0.9938671360459956
1,0.9362849664542698
1,0.9669274830111145
1,0.9546187571766002
1,0.9516295275520515
1,0.993118221370095
1,0.996843194633944
1,0.9970876255332614
1,0.9970876255332614
1,0.996843194633944
1,0.9934645149832029
1,0.9955052244312145
1,0.9923212381643857
1,0.9946215416669547
1,0.993118221370095
1,0.9952211239794598
1,0.9934266360285356
1,0.9971753597473044
1,0.9953623475518819
1,0.9955759649774796
1,0.9952211239794598
1,0.995300586583959
1,0.9536421380050202
1,0.979992971171416
1,0.994957923572038
1,0.9956433427905463
1,0.5223526477396215
0,0.34194220418353394
1,0.42857857753427064
0,0.12308880381966229
1,0.9195630630934769
0,0.3239221028458646
1,0.8190054772265694
1,0.8827159795286997
1,0.8523845319632974
1,0.8399620515929408
1,0.9273549007504336
1,0.7939217930235044
0,0.16665052576523987
0,0.1474012588834656
0,0.3577734909043408
0,0.20854287765730994
1,0.638843747342516
1,0.9075566825494271
1,0.7812895318124582
0,0.1243804645997487
0,0.0760942968234297
0,0.08596004039028668
0,0.1583644019441552
1,0.20413772655639126
0,0.020227974812565126
0,0.10873997289221345
1,0.3278360251366655
0,0.28979295658757553
1,0.640306014881459
0,0.12016071402459982
1,0.8558424404903952
0,0.05446024307087892
0,0.08869980063404324
1,0.9098368482139291
0,0.0821517483941313
0,0.3074956100481477
0,0.23963575034895204
0,0.22655014292464087
0,0.27884353935023304
0,0.08220239024816685
0,0.06909078353788425
0,0.40523242753675
0,0.2951651846177884
1,0.9424394319098144
0,0.4091075550575779
0,0.3231477632756223
0,0.16085048942308144
0,0.24457332485902716
0,0.034029038330053364
0,0.03444858706590608
1,0.8865333415412243
0,0.36687943751924534
0,0.14801300745729637
0,0.11473290145974825
0,0.03721257877180139
1,0.9126409248771223
0,0.2553379523416534
1,0.3758924102544282
1,0.14614042083612927
1,0.8411618099775865
1,0.7227106629651296
1,0.7637253505727765
0,0.18060603437903028
1,0.9133703420973727
1,0.7478708424188489
0,0.03329157477774468
1,0.9824866658090703
1,0.6956735105762725
0,0.08808130590915608
0,0.08355305540467638
0,0.41056603713045975
1,0.8092764674574355
1,0.8092764674574355
1,0.7074614610140807
0,0.33960505772021016
1,0.9636063655722715
0,0.24815872396401212
0,0.06042471007127469
1,0.9973754166405927
1,0.8250826187081246
0,0.14570230829513175
0,0.3421318316184853
1,0.3866204050992456
0,0.24713602385817462
1,0.8736850058034558
1,0.6082697206655291
0,0.2201314373049227
0,0.23953971964102588
0,0.1455253389718562
1,0.5320515510696858
0,0.12925019602838506
0,0.5470470279791538
0,0.4507539879230509
0,0.1426383807308401
0,0.5396635624701988
1,0.04432900198510064
1,0.25027128345731653
0,0.04432900198510064
0,0.054936698236529906
0,0.037657365258352886
0,0.11477099292374526
0,0.3835390162195088
1,0.7662556976807251
1,0.400981950521678
0,0.09123267064195281
0,0.062353030356408164
1,0.8836523440521451
1,0.9971079607787718
1,0.9971079607787718
0,0.21218263211041344
0,0.13576023679543273
0,0.14841647074977465
0,0.05809300794785465
0,0.15464541952758423
0,0.2166859122265603
1,0.9119081883011602
1,0.9322820210820506
1,0.3582827949182106
0,0.26128020883082864
1,0.9728965117607311
1,0.961773741243223
1,0.977713109820635
1,0.9724883496107399
1,0.9789024909481401
1,0.9750282818986323
0,0.07675524523662659
0,0.05589456319238067
1,0.7853483086269664
1,0.3856227614334555
0,0.35129666041673924
0,0.11220419212224235
0,0.07185311471617292
0,0.11741176993458426
0,0.13442073296955448
1,0.685597869242922
1,0.8467191017497685
0,0.21194253757506065
1,0.9458784337860964
1,0.9223680652793732
1,0.8886948559404436
1,0.903356229548623
1,0.8646870408857851
1,0.8646870408857851
0,0.5466576647703951
1,0.9619135050954635
1,0.8089097468634421
0,0.030377634885172266
1,0.8074652051143048
0,0.30836067859148575
0,0.016308305782634046
0,0.08008934023986577
1,0.8855852610434939
1,0.9036679902377696
0,0.40430363318525053
1,0.7140160813845163
0,0.05793697220847853
1,0.6352398872843853
1,0.9884030165148827
1,0.9843607741929158
1,0.6948325583189325
0,0.04426760600272351
0,0.22918863695648112
1,0.5275139239792809
0,0.2764325276393408
1,0.8339255173127794
1,0.8231307709760082
0,0.2305694966090927
1,0.46255459105807173
0,0.1511147696445796
1,0.7656038635169196
0,0.15869407537397737
1,0.9642582020893999
1,0.16818093891921054
0,0.12567971168195372
1,0.7920479047103945
0,0.1286925796861779
0,0.04708921819061441
1,0.8843427785940156
1,0.8346969687969709
1,0.6488488934746646
1,0.799717735901179
0,0.2200431968369943
0,0.33761561295458437
0,0.2494230586936648
0,0.2521105960555796
1,0.31853712749266405
0,0.3704954006881205
1,0.9981790181971786
1,0.9981790181971786
1,0.9981790181971786
1,0.9957598391871412
1,0.9983195632519438
1,0.9983195632519438
1,0.22269188295229414
1,0.70782793728188
0,0.12426065187561108
1,0.36317857157780725
0,0.1759457102055351
0,0.12732422027364737
0,0.12937934521553113
0,0.3325258535973429
0,0.2856725645312007
0,0.2107115149483601
1,0.9434085575134015
0,0.0480787990113814
0,0.12491544966803216
0,0.5005560724684229
1,0.7869275178429229
0,0.16425491629224617
0,0.22775274841173357
1,0.6664622555761296
0,0.19396836046948882
0,0.28072328092451265
0,0.2472729668482191
0,0.022690538592173487
0,0.4326526697251145
0,0.15571778661715674
0,0.22251571570968096
0,0.20070239380664576
0,0.3383964775078032
0,0.28827409183321695
0,0.355615844551106
0,0.2916256966827681
1,0.9111712384048853
0,0.259365428373787
0,0.21424843560234627
0,0.32895483181600055
1,0.11901551326823141
0,0.09358814981241007
1,0.8744020772085438
0,0.1940498224322793
1,0.8379062704403909
0,0.2977310331001053
0,0.7606096247604156
0,0.05584238062820672
1,0.9958861823140794
1,0.9958861823140794
1,0.9900108529292593
0,0.17052896453983848
0,0.11134645483771816
0,0.13780621600237516
0,0.13683721540179386
1,0.8546943368040979
1,0.8041928719254071
1,0.7853548277518867
0,0.16024068924377585
1,0.6775057153418009
1,0.8076728453800053
1,0.28064953569085
0,0.053180863780601134
0,0.08088423715818516
0,0.05951757057647442
0,0.04462941326205022
0,0.42014405615811556
0,0.11409883170607735
1,0.8210736994617777
0,0.08417998681860774
0,0.09928668704821796
1,0.7766526534980647
1,0.9412512058623816
1,0.9595000723948933
0,0.06163700064563267
0,0.5970800748968098
0,0.48985888182630094
1,0.9288315570112438
1,0.9614837417162329
1,0.9605063772270952
0,0.15049751661514346
0,0.19887672195435033
0,0.07180898006351713
0,0.070503609724236
0,0.18983315229137082
1,0.6942780627882943
1,0.9612455272795207
0,0.19084778933932492
0,0.09865891068436314
1,0.7864047340654245
1,0.8790968139864641
0,0.09273932961684193
1,0.5781993026118274
0,0.30740337703809223
1,0.08253150832628717
0,0.09388296564138583
0,0.084821796396874
0,0.4455441950750329
1,0.7879170174130966
1,0.6309216303967886
0,0.35151533899111337
0,0.09889159978019992
0,0.15996558876604985
0,0.12804932795633986
1,0.9308596795535587
0,0.09709125707343953
1,0.9771652796482285
1,0.9066239744860781
1,0.5268521494209815
1,0.29873814453128356
1,0.955667069305492
1,0.9903053774929004
1,0.9247261410163018
1,0.8020674555987779
0,0.639604056972347
1,0.9700182580347108
1,0.9674242069463709
0,0.12906125784974737
0,0.1621276398166256
0,0.26346812303482525
0,0.3072241485275163
0,0.19502261629042714
0,0.1733554598021629
1,0.8371762473097157
1,0.921217865081327
1,0.5180699790147751
0,0.21299715062531588
1,0.21021177025555632
0,0.2173559472803278
1,0.8450934964543123
0,0.31354306642191104
0,0.4672491030717099
0,0.10577238604178994
0,0.19360005873605585
0,0.3245080151537934
1,0.5961656455119803
0,0.11968147225915166
0,0.16607185766912294
0,0.7491464518728409
0,0.09676966886181378
0,0.133307570171026
1,0.9711639167700723
1,0.7032612574342219
1,0.40146770053888475
1,0.3982556254895443
1,0.9847385828323441
1,0.9770431182117831
1,0.9788272242013104
1,0.9816325325933831
1,0.9788272242013104
1,0.9828293680499982
1,0.9757966033693508
1,0.9922176948924459
1,0.9921456133355274
1,0.9775272310460287
1,0.9861585327029031
1,0.9774886072592256
1,0.979612061571977
1,0.9903358390574574
1,0.9922176948924459
1,0.9918268567771021
1,0.9895366278008993
1,0.9932465619354433
1,0.9903458459497726
1,0.977904675271283
1,0.9918268567771021
0,0.20047717966807757
1,0.9558117295028653
1,0.9525846441802696
1,0.9198160939758223
0,0.2121944619283101
1,0.9638191329328808
0,0.48665392621346976
1,0.7404055726451461
0,0.1560840139584484
1,0.9580510523386726
0,0.250997313240099
0,0.18541086985535385
0,0.42672698801989084
1,0.4117060218484047
1,0.7521236644133561
1,0.8724183318873134
1,0.4948849961762041
0,0.42217256939213016
0,0.11561138095766331
1,0.8204226553778752
0,0.1839134415319633
0,0.24236436912226822
0,0.10012853520428262
1,0.2865361766555409
0,0.12164295147693162
0,0.12473008621486903
0,0.1560316744975374
0,0.1484432237470187
0,0.194164438744403
0,0.11568446096948093
0,0.27912589392134407
0,0.2584069466623244
0,0.2843526058605167
1,0.2891666156860606
0,0.3709683541939919
1,0.3726313010148106
0,0.108345288215651
0,0.13062987028494213
1,0.9711178755033394
0,0.22684175708968018
0,0.0677546023472765
1,0.8655065758948126
1,0.7899304870774371
1,0.9316884114381894
0,0.05850641561834505
0,0.04998677761310198
1,0.5934106471395894
1,0.2674317506381486
0,0.38443012696366585
1,0.7839008809169452
1,0.7654910167680234
0,0.2794682243638751
1,0.7425149763796518
0,0.24420480701399483
0,0.06326463985099409
1,0.6398518173413948
1,0.5194300511282304
1,0.7389331364461879
1,0.9252533503316189
0,0.23597890248156808
0,0.14681346124678898
0,0.20512715050156602
1,0.9402292858915505
0,0.039569170577266465
0,0.09702961143578309
0,0.1896682732785038
1,0.6487750667167946
0,0.027514197742973662
1,0.7644781014186727
1,0.52473212890499
1,0.3741095218073605
1,0.897910175173611
0,0.21019406600683166
0,0.39541764099436166
0,0.18291620178256526
1,0.9146821051108475
0,0.24726545698498797
0,0.42626027323927085
0,0.24989260309270744
0,0.36123315041494203
1,0.9860690980775544
0,0.38587352930824914
1,0.17353441006476172
0,0.09838764894275438
1,0.3404093413672605
1,0.9507790677295537
0,0.0412779014424899
1,0.8208450964966358
1,0.775162829221186
1,0.7337950562523723
1,0.6732431868982512
0,0.3827473382116549
0,0.5401042625317762
1,0.7099604556271701
1,0.8302909114002446
0,0.2934532732873586
1,0.873317825084785
1,0.9855682028465997
0,0.08808130590915608
1,0.4013988099051418
1,0.9072456389328586
1,0.8099104813957383
1,0.710031609785306
1,0.6072352596185291
1,0.7388096220929944
1,0.7349733936320454
0,0.17684347667142533
0,0.17906113955748598
1,0.19370434575676798
0,0.055819030867596695
0,0.033410017607494125
0,0.2217851002778424
0,0.1085682128660331
0,0.2534545304910058
1,0.6800565303353989
1,0.8864864452823648
1,0.6675754813109179
1,0.9970680054419242
1,0.9970680054419242
1,0.9970680054419242
1,0.9971805304307856
1,0.9970680054419242
1,0.6995639333984134
1,0.7603830835384042
1,0.7157787008716089
1,0.8163595946411096
1,0.6912779802017712
1,0.7116655921816566
1,0.790270857859828
1,0.7006690745931929
0,0.14184040935250933
0,0.2443408501939338
0,0.20130220792323744
0,0.10955934801423918
0,0.21884617343987792
0,0.148786898573613
0,0.0694288044998428
0,0.08550851108912513
0,0.1006711380564901
0,0.11748104969786893
0,0.0580142326401889
1,0.5128935844968797
0,0.164015014262343
1,0.9724695663424772
1,0.20649364715114135
0,0.6089392893861632
1,0.8201180207692059
0,0.08142906319678331
0,0.24556408022835244
0,0.1529276666944085
0,0.06611532835473188
0,0.08906834029350415
1,0.7225680182869814
1,0.5005488823649726
1,0.8957997542449783
0,0.37537616937047824
0,0.14503311403347
0,0.24236973929649042
0,0.35314808419814603
0,0.3909137571296126
0,0.27663511058579493
1,0.5232881869864091
1,0.43365803284795884
1,0.3581167764595477
1,0.43608434277841257
1,0.4493072647016638
1,0.4975913107587922
0,0.1269647500568239
0,0.18693124574134554
0,0.1798905731857329
1,0.14391487767127842
0,0.05391177597874226
0,0.11316924640366495
0,0.25066250713924887
0,0.07639481127200293
0,0.0767270180652532
0,0.15869484298094838
0,0.06014525753303186
0,0.24794852913113496
0,0.22623017095265
1,0.8771161133932054
1,0.5561613595383261
1,0.8563087267256948
0,0.38122575276018245
0,0.5564097247508987
0,0.3236186956536062
0,0.24196919400441091
1,0.5264275516465964
1,0.5139613796287911
0,0.20194397391848756
0,0.12890948274328437
0,0.12369402387871593
0,0.18767638495294758
0,0.21326175184585588
1,0.8277361849122046
1,0.7494776537632531
1,0.5407851347835285
0,0.16990561230354292
0,0.04068962889349943
0,0.22154266431552672
0,0.1142655017873718
0,0.14807432656208908
1,0.9575135498632444
