scaffold,mean_shap,coverage,priority,diversity_flag
O=c1cc(-c2ccccc2)oc2ccccc12,0.002982527,45,0.011419026338346431,True
O=c1ccc2ccccc2o1,0.002850702,41,0.010654982256179633,True
O=c1c(-c2ccccc2)coc2ccccc12,0.00370979,14,0.010046297555546969,True
O=c1c2ccccc2oc2ccccc12,0.003977021,9,0.009157429269124271,True
O=c1cc(-c2ccccc2)oc2c1ccc1occc12,0.00308389,16,0.008737318299601525,True
